{"install-marketplace-title":"تحميل {{ title }}","history":"HISTORY","top-sites":"TOP SITES","suggestions":{"ariaLabel":"الاقتراحات"},"contacts":{"ariaLabel":"جهات الإتصال"},"places":{"ariaLabel":"أماكن"},"apps":{"ariaLabel":"التطبيقات"},"suggestions-notice":"يتم عرض اقتراحات البحث أثناء الكتابة. انتقل إلى قسم إعدادات الشاشة الرئيسية لتغيير تفضيلات البحث الخاصة بك.","ok":"موافق","add-to-home-screen":{"label":"Add to Home Screen"},"offline-webresults":"Connect to the internet to get apps for {{ searchQuery }}","gaia-grid-stop-download-title":"Stop {{name}}","gaia-grid-stop-download-body":"Do you want to stop the download in progress?","gaia-grid-stop-download-action":"Stop","gaia-grid-resume-download-title":"Restart Download","gaia-grid-resume-download-body":"Do you want to download {{name}}?","gaia-grid-resume-download-action":"Download","gaia-grid-unrecoverable-error-title":"Remove Application","gaia-grid-unrecoverable-error-body":"Cannot install application due to an unrecoverable error. Please try downloading again. The application will be removed.","gaia-grid-unrecoverable-error-action":"OK","gaia-grid-cancel":"Cancel"}