{"install-marketplace-title":"{{ title }} ইনস্টল করুন","history":"ইতিহাস","top-sites":"শীর্ষ সাইট","suggestions":{"ariaLabel":"প্রস্তাবনা"},"contacts":{"ariaLabel":"পরিচিতি"},"places":{"ariaLabel":"স্থান"},"apps":{"ariaLabel":"অ্যাপ"},"suggestions-notice":"আপনি টাইপ করলেই অনুসন্ধানের সাজেশন দেবে, আপনার অনুসন্ধান পদ্ধতি পরিবর্তন করতে সেটিং এর হোমস্ক্রিন সেকশনে যান।","ok":"ঠিক আছে","add-to-home-screen":{"label":"Add to Home Screen"},"offline-webresults":"{{ searchQuery }} এর জন্য অ্যাপ খুঁজতে ইন্টেরনেটে সংযুক্ত হোন","gaia-grid-stop-download-title":"{{name}} বন্ধ করুন","gaia-grid-stop-download-body":"আপনি কি আপনার ডাউনলোড থামাতে চান?","gaia-grid-stop-download-action":"থামুন","gaia-grid-resume-download-title":"নতুন করে ডাউনলোড করুন","gaia-grid-resume-download-body":"আপনি কি {{name}} ডাউনলোড করতে চান?","gaia-grid-resume-download-action":"ডাউনলোড","gaia-grid-unrecoverable-error-title":"অ্যাপ্লিকেশন অপসারণ","gaia-grid-unrecoverable-error-body":"পুনরুদ্ধার করা যাবে না এমন একটি ত্রুটির কারণে অ্যাপ্লিকেশন ইনস্টল করা যাবে না। পুনরায় ডাউনলোড করার চেষ্টা করুন। অ্যাপ্লিকেশনটি অপসারণ করা হবে।","gaia-grid-unrecoverable-error-action":"ঠিক আছে","gaia-grid-cancel":"বাতিল করুন"}