{"install-marketplace-title":"Instal·la: {{ title }}","history":"HISTORIAL","top-sites":"DESTACATS","suggestions":{"ariaLabel":"Suggeriments"},"contacts":{"ariaLabel":"Contactes"},"places":{"ariaLabel":"Llocs"},"apps":{"ariaLabel":"Aplicacions"},"suggestions-notice":"Es mostren els suggeriments de cerca mentre escriviu. Aneu a la secció «Pantalla d'inici» dels Paràmetres per canviar els paràmetres de cerca.","ok":"D'acord","add-to-home-screen":{"label":"Add to Home Screen"},"offline-webresults":"Connecteu-vos a Internet per obtenir aplicacions per a {{ searchQuery }}","gaia-grid-stop-download-title":"Stop {{name}}","gaia-grid-stop-download-body":"Do you want to stop the download in progress?","gaia-grid-stop-download-action":"Stop","gaia-grid-resume-download-title":"Restart Download","gaia-grid-resume-download-body":"Do you want to download {{name}}?","gaia-grid-resume-download-action":"Download","gaia-grid-unrecoverable-error-title":"Remove Application","gaia-grid-unrecoverable-error-body":"Cannot install application due to an unrecoverable error. Please try downloading again. The application will be removed.","gaia-grid-unrecoverable-error-action":"OK","gaia-grid-cancel":"Cancel"}