{"install-marketplace-title":"Nainstalovat {{ title }}","history":"HISTORIE","top-sites":"TOP STRÁNKY","suggestions":{"ariaLabel":"Návrhy"},"contacts":{"ariaLabel":"Kontakty"},"places":{"ariaLabel":"Místa"},"apps":{"ariaLabel":"Aplikace"},"suggestions-notice":"Našeptávání je zobrazeno na základě toho, jak píšete. Pro změnu svého nastavení vyhledávání přejděte do sekce Domovská obrazovka v Nastavení.","ok":"OK","add-to-home-screen":{"label":"Add to Home Screen"},"offline-webresults":"Pro získání aplikací pro {{ searchQuery }} se musíte připojit k Internetu","gaia-grid-stop-download-title":"Ukončení {{name}}","gaia-grid-stop-download-body":"Chcete ukončit probíhající stahování?","gaia-grid-stop-download-action":"Ukončit","gaia-grid-resume-download-title":"Obnovení stahování","gaia-grid-resume-download-body":"Chcete stáhnout aplikaci {{name}}?","gaia-grid-resume-download-action":"Stáhnout","gaia-grid-unrecoverable-error-title":"Odebrání aplikace","gaia-grid-unrecoverable-error-body":"Aplikace nemůže být nainstalována z důvodu neopravitelné chyby. Zkuste ji prosím znovu stáhnout. Aplikace bude odebrána.","gaia-grid-unrecoverable-error-action":"OK","gaia-grid-cancel":"Zrušit"}