{"install-marketplace-title":"Installer {{ title }}","history":"Historik","top-sites":"Topsider","suggestions":{"ariaLabel":"Forslag"},"contacts":{"ariaLabel":"Kontakter"},"places":{"ariaLabel":"Steder"},"apps":{"ariaLabel":"Apps"},"suggestions-notice":"Søgeforslag vises dynamisk, mens du indtaster. Du kan ændre dine søgeindstillinger i indstillingerne i afsnittet Startskærm.","ok":"OK","add-to-home-screen":{"label":"Add to Home Screen"},"offline-webresults":"Forbind til internettet for at finde apps med søgetermen {{ searchQuery }}","gaia-grid-stop-download-title":"Stop {{name}}","gaia-grid-stop-download-body":"Vil du stoppe den igangværende filhentning?","gaia-grid-stop-download-action":"Stop","gaia-grid-resume-download-title":"Genstart filhentning","gaia-grid-resume-download-body":"Vil du hente {{name}}?","gaia-grid-resume-download-action":"Hent","gaia-grid-unrecoverable-error-title":"Fjern app","gaia-grid-unrecoverable-error-body":"App'en kan ikke hentes og installeres på grund af en fejl. Prøv at hente den igen.","gaia-grid-unrecoverable-error-action":"OK","gaia-grid-cancel":"Annuller"}