{"install-marketplace-title":"{{ title }} installieren","history":"Chronik","top-sites":"Meistbesuchte Seiten","suggestions":{"ariaLabel":"Vorschläge"},"contacts":{"ariaLabel":"Kontakte"},"places":{"ariaLabel":"Orte"},"apps":{"ariaLabel":"Apps"},"suggestions-notice":"Während der Eingabe werden Suchvorschläge angezeigt. Gehen Sie in den Einstellungen in den Abschnitt \"Startbildschirm\", um Ihre Sucheinstellungen zu ändern.","ok":"OK","add-to-home-screen":{"label":"Add to Home Screen"},"offline-webresults":"Verbinden Sie mit dem Internet, um Apps für \"{{ searchQuery }}\" zu erhalten.","gaia-grid-stop-download-title":"{{name}} anhalten","gaia-grid-stop-download-body":"Soll der laufende Download angehalten werden?","gaia-grid-stop-download-action":"Anhalten","gaia-grid-resume-download-title":"Download neu starten","gaia-grid-resume-download-body":"Soll {{name}} heruntergeladen werden?","gaia-grid-resume-download-action":"Herunterladen","gaia-grid-unrecoverable-error-title":"App wird entfernt","gaia-grid-unrecoverable-error-body":"App kann auf Grund eines nicht behebbaren Fehlers nicht installiert werden. Bitte laden Sie die App erneut herunter. Die App wird jetzt entfernt.","gaia-grid-unrecoverable-error-action":"OK","gaia-grid-cancel":"Abbrechen"}