{"install-marketplace-title":"Εγκατάσταση: {{ title }}","history":"ΙΣΤΟΡΙΚΟ","top-sites":"ΚΟΡΥΦΑΙΕΣ ΙΣΤΟΣΕΛΙΔΕΣ","suggestions":{"ariaLabel":"Προτάσεις"},"contacts":{"ariaLabel":"Επαφές"},"places":{"ariaLabel":"Τοποθεσίες"},"apps":{"ariaLabel":"Εφαρμογές"},"suggestions-notice":"Καθώς πληκτρολογείτε εμφανίζονται προτάσεις αναζήτησης. Πηγαίνετε στις ρυθμίσεις αρχικής οθόνης για να αλλάξετε τις προτιμήσεις αναζήτηστης.","ok":"ΟΚ","add-to-home-screen":{"label":"Add to Home Screen"},"offline-webresults":"Συνδεθείτε στο διαδίκτυο και λάβετε εφαρμογές για {{ searchQuery }}","gaia-grid-stop-download-title":"Stop {{name}}","gaia-grid-stop-download-body":"Do you want to stop the download in progress?","gaia-grid-stop-download-action":"Stop","gaia-grid-resume-download-title":"Restart Download","gaia-grid-resume-download-body":"Do you want to download {{name}}?","gaia-grid-resume-download-action":"Download","gaia-grid-unrecoverable-error-title":"Remove Application","gaia-grid-unrecoverable-error-body":"Cannot install application due to an unrecoverable error. Please try downloading again. The application will be removed.","gaia-grid-unrecoverable-error-action":"OK","gaia-grid-cancel":"Cancel"}