{"install-marketplace-title":"Instalar {{ title }}","history":"HISTORIAL","top-sites":"SITIOS TOP","suggestions":{"ariaLabel":"Sugerencias"},"contacts":{"ariaLabel":"Contactos"},"places":{"ariaLabel":"Lugares"},"apps":{"ariaLabel":"Aplis"},"suggestions-notice":"Las sugerencias de búsqueda se muestran según escribes. Vaya a los ajustes de la pantalla de inicio para cambiar las prefencias de búsqueda.","ok":"Aceptar","add-to-home-screen":{"label":"Add to Home Screen"},"offline-webresults":"Connect to the internet to get apps for {{ searchQuery }}","gaia-grid-stop-download-title":"Stop {{name}}","gaia-grid-stop-download-body":"Do you want to stop the download in progress?","gaia-grid-stop-download-action":"Stop","gaia-grid-resume-download-title":"Restart Download","gaia-grid-resume-download-body":"Do you want to download {{name}}?","gaia-grid-resume-download-action":"Download","gaia-grid-unrecoverable-error-title":"Remove Application","gaia-grid-unrecoverable-error-body":"Cannot install application due to an unrecoverable error. Please try downloading again. The application will be removed.","gaia-grid-unrecoverable-error-action":"OK","gaia-grid-cancel":"Cancel"}