{"install-marketplace-title":"Instalatu {{ title }}","history":"HISTORIA","top-sites":"GUNE ERABILIENAK","suggestions":{"ariaLabel":"Gomendioak"},"contacts":{"ariaLabel":"Kontaktuak"},"places":{"ariaLabel":"Lekuak"},"apps":{"ariaLabel":"Aplikazioak"},"suggestions-notice":"Bilaketa-gomendioak idatzi ahala erakusten dira. Bilaketa-hobespenak aldatzeko, joan hasierako pantailaren atalera ezarpenetan.","ok":"Ados","add-to-home-screen":{"label":"Add to Home Screen"},"offline-webresults":"Konektatu Internetera {{ searchQuery }} bilaketarekin bat datozen aplikazioak eskuratzeko","gaia-grid-stop-download-title":"Gelditu {{name}}","gaia-grid-stop-download-body":"Uneko deskarga gelditu nahi duzu?","gaia-grid-stop-download-action":"Gelditu","gaia-grid-resume-download-title":"Berrabiarazi deskarga","gaia-grid-resume-download-body":"{{name}} deskargatu nahi duzu?","gaia-grid-resume-download-action":"Deskargatu","gaia-grid-unrecoverable-error-title":"Kendu aplikazioa","gaia-grid-unrecoverable-error-body":"Ezin izan da aplikazioa instalatu errore konponezin batengatik. Saiatu berriro deskargatzen. Aplikazioa kenduko da.","gaia-grid-unrecoverable-error-action":"Ados","gaia-grid-cancel":"Utzi"}