{"install-marketplace-title":"Installer {{ title }}","history":"HISTORIQUE","top-sites":"LES PLUS VISITÉS","suggestions":{"ariaLabel":"Suggestions"},"contacts":{"ariaLabel":"Contacts"},"places":{"ariaLabel":"Lieux"},"apps":{"ariaLabel":"Applications"},"suggestions-notice":"Les suggestions de recherche s’affichent au fur et à mesure de votre saisie. Rendez-vous dans la section Écran d’accueil de l’application Paramètres pour modifier vos préférences de recherche.","ok":"OK","add-to-home-screen":{"label":"Add to Home Screen"},"offline-webresults":"Veuillez vous connecter à Internet afin d’obtenir des applications pour {{ searchQuery }}","gaia-grid-stop-download-title":"Arrêter {{name}}","gaia-grid-stop-download-body":"Voulez-vous arrêter le téléchargement en cours ?","gaia-grid-stop-download-action":"Arrêter","gaia-grid-resume-download-title":"Redémarrer le téléchargement","gaia-grid-resume-download-body":"Voulez-vous télécharger {{name}} ?","gaia-grid-resume-download-action":"Télécharger","gaia-grid-unrecoverable-error-title":"Supprimer l’application","gaia-grid-unrecoverable-error-body":"Impossible d’installer l’application suite à un problème non résolu. Veuillez essayer de la télécharger à nouveau. L’application va être supprimée.","gaia-grid-unrecoverable-error-action":"OK","gaia-grid-cancel":"Annuler"}