{"install-marketplace-title":"Instalar {{ title }}","history":"HISTORIAL","top-sites":"SITIOS FAVORITOS","suggestions":{"ariaLabel":"Suxestións"},"contacts":{"ariaLabel":"Contactos"},"places":{"ariaLabel":"Lugares"},"apps":{"ariaLabel":"Aplicativos"},"suggestions-notice":"As suxestións de busca amósanse mentres vostede escribe. Pode cambiar as preferencias de busca na sección Pantalla inicial dos Axustes.","ok":"Aceptar","add-to-home-screen":{"label":"Add to Home Screen"},"offline-webresults":"Conéctese á Internet para obter aplicativos para {{ searchQuery }}","gaia-grid-stop-download-title":"Deter {{name}}","gaia-grid-stop-download-body":"Quere deter a descarga en progreso?","gaia-grid-stop-download-action":"Deter","gaia-grid-resume-download-title":"Reiniciar a descarga","gaia-grid-resume-download-body":"Quere descargar {{name}}?","gaia-grid-resume-download-action":"Descargar","gaia-grid-unrecoverable-error-title":"Retirar aplicativo","gaia-grid-unrecoverable-error-body":"Non é posíbel instalar o aplicativo debido a un erro irrecuperábel. Tente descargalo de novo. Retirarase o aplicativo.","gaia-grid-unrecoverable-error-action":"Aceptar","gaia-grid-cancel":"Cancelar"}