{"install-marketplace-title":"{{ title }} telepítése","history":"ELŐZMÉNYEK","top-sites":"KIEMELT OLDALAK","suggestions":{"ariaLabel":"Javaslatok"},"contacts":{"ariaLabel":"Névjegyek"},"places":{"ariaLabel":"Helyek"},"apps":{"ariaLabel":"Alkalmazások"},"suggestions-notice":"A keresési javaslatok gépelés közben jelennek meg. A beállítások módosításához válassza a Beállítások app Kezdőképernyő elemét.","ok":"OK","add-to-home-screen":{"label":"Add to Home Screen"},"offline-webresults":"Csatlakozzon az internetre további appok beszerzéséhez {{searchQuery}} témában","gaia-grid-stop-download-title":"Stop {{name}}","gaia-grid-stop-download-body":"Do you want to stop the download in progress?","gaia-grid-stop-download-action":"Stop","gaia-grid-resume-download-title":"Restart Download","gaia-grid-resume-download-body":"Do you want to download {{name}}?","gaia-grid-resume-download-action":"Download","gaia-grid-unrecoverable-error-title":"Remove Application","gaia-grid-unrecoverable-error-body":"Cannot install application due to an unrecoverable error. Please try downloading again. The application will be removed.","gaia-grid-unrecoverable-error-action":"OK","gaia-grid-cancel":"Cancel"}