{"install-marketplace-title":"Installa {{ title }}","history":"CRONOLOGIA","top-sites":"SITI PRINCIPALI","suggestions":{"ariaLabel":"Suggerimenti"},"contacts":{"ariaLabel":"Contatti"},"places":{"ariaLabel":"Luoghi"},"apps":{"ariaLabel":"App"},"suggestions-notice":"Durante la digitazione vengono visualizzati dei suggerimenti di ricerca. È possibile modificare le preferenze di ricerca nella sezione Schermata principale delle Impostazioni.","ok":"OK","add-to-home-screen":{"label":"Add to Home Screen"},"offline-webresults":"Connettersi a Internet per scoprire le app in {{ searchQuery }}","gaia-grid-stop-download-title":"Interrompi {{name}}","gaia-grid-stop-download-body":"Interrompere il download in corso?","gaia-grid-stop-download-action":"Interrompi","gaia-grid-resume-download-title":"Riavvio download","gaia-grid-resume-download-body":"Procedere con il download di {{name}}?","gaia-grid-resume-download-action":"Scarica","gaia-grid-unrecoverable-error-title":"Rimozione applicazione","gaia-grid-unrecoverable-error-body":"Impossibile eseguire l’installazione a causa di un errore irrecuperabile. L’applicazione verrà rimossa, riprovare il download.","gaia-grid-unrecoverable-error-action":"OK","gaia-grid-cancel":"Annulla"}