{"install-marketplace-title":"{{ title }} をインストールします","history":"履歴","top-sites":"トップサイト","suggestions":{"ariaLabel":"検索候補"},"contacts":{"ariaLabel":"連絡先"},"places":{"ariaLabel":"場所"},"apps":{"ariaLabel":"アプリ"},"suggestions-notice":"検索候補は入力に応じて表示されます。環境設定のホーム画面セクションで検索設定を変更できます。","ok":"OK","add-to-home-screen":{"label":"Add to Home Screen"},"offline-webresults":"{{ searchQuery }} のアプリを入手するためインターネットに接続してください。","gaia-grid-stop-download-title":"Stop {{name}}","gaia-grid-stop-download-body":"Do you want to stop the download in progress?","gaia-grid-stop-download-action":"Stop","gaia-grid-resume-download-title":"Restart Download","gaia-grid-resume-download-body":"Do you want to download {{name}}?","gaia-grid-resume-download-action":"Download","gaia-grid-unrecoverable-error-title":"Remove Application","gaia-grid-unrecoverable-error-body":"Cannot install application due to an unrecoverable error. Please try downloading again. The application will be removed.","gaia-grid-unrecoverable-error-action":"OK","gaia-grid-cancel":"Cancel"}