{"install-marketplace-title":"Install {{ title }}","history":"ប្រវត្តិ","top-sites":"តំបន់​បណ្ដាញ​កំពូល","suggestions":{"ariaLabel":"សំណើ"},"contacts":{"ariaLabel":"ទំនាក់ទំនង"},"places":{"ariaLabel":"ទីតាំង"},"apps":{"ariaLabel":"កម្មវិធី"},"suggestions-notice":"ស្វែងរក​ការ​ស្នើ​បាន​បង្ហាញ​ដូច​អ្នក​វាយ​បញ្ចូល។ ចូលទៅ​ផ្នែក​អេក្រង់​ដើម​នៃ​ការ​កំណត់​ ដើម្បី​ប្ដូរ​ចំណូល​ចិត្ត​ស្វែងរក។","ok":"យល់ព្រម","add-to-home-screen":{"label":"Add to Home Screen"},"offline-webresults":"តភ្ជាប់​អ៊ីនធឺណិត​ដើម្បី​ចាប់ផ្ដើម​កម្មវិធី​សម្រាប់ {{ searchQuery }}","gaia-grid-stop-download-title":"បញ្ឈប់ {{name}}","gaia-grid-stop-download-body":"តើ​អ្នក​ចង់​បញ្ឈប់​កា​រ​ទាញយក​​ដែល​កំពុង​ដំណើរការ?","gaia-grid-stop-download-action":"បញ្ឈប់","gaia-grid-resume-download-title":"ចាប់ផ្ដើម​ទាញ​យក​​ឡើងវិញ","gaia-grid-resume-download-body":"តើ​អ្នក​ចង់​ទាញយក {{name}}?","gaia-grid-resume-download-action":"ទាញយក","gaia-grid-unrecoverable-error-title":"លុប​កម្មវិធី","gaia-grid-unrecoverable-error-body":"មិន​អាច​ដំឡើង​កម្មវិធី​ដោយ​សារ​តែ​កំហុស​ដែល​អាច​ត្រឡប់​វិញ​បាន។ សូម​ព្យាយាម​ទាញយក​ម្ដ​ងទៀត។ កម្មវិធី​នឹង​ត្រូវ​បានលុប​ចេញ។","gaia-grid-unrecoverable-error-action":"យល់ព្រម","gaia-grid-cancel":"បោះបង់"}