{"install-marketplace-title":"{{ title }} 설치","history":"이전 기록","top-sites":"상위 사이트","suggestions":{"ariaLabel":"추천"},"contacts":{"ariaLabel":"연락처"},"places":{"ariaLabel":"장소"},"apps":{"ariaLabel":"앱"},"suggestions-notice":"입력을 하면 추천 검색어가 나타납니다. 초기화면 설정 부분으로 가서 검색 설정을 변경하세요.","ok":"OK","add-to-home-screen":{"label":"Add to Home Screen"},"offline-webresults":"Connect to the internet to get apps for {{ searchQuery }}","gaia-grid-stop-download-title":"Stop {{name}}","gaia-grid-stop-download-body":"Do you want to stop the download in progress?","gaia-grid-stop-download-action":"Stop","gaia-grid-resume-download-title":"Restart Download","gaia-grid-resume-download-body":"Do you want to download {{name}}?","gaia-grid-resume-download-action":"Download","gaia-grid-unrecoverable-error-title":"Remove Application","gaia-grid-unrecoverable-error-body":"Cannot install application due to an unrecoverable error. Please try downloading again. The application will be removed.","gaia-grid-unrecoverable-error-action":"OK","gaia-grid-cancel":"Cancel"}