{"install-marketplace-title":"Įdiegti „{{ title }}“","history":"ŽURNALAS","top-sites":"LANKOMIAUSIOS SVETAINĖS","suggestions":{"ariaLabel":"Paieškos siūlymai"},"contacts":{"ariaLabel":"Adresatai"},"places":{"ariaLabel":"Vietos"},"apps":{"ariaLabel":"Programos"},"suggestions-notice":"Renkant tekstą, rodomi paieškos siūlymai. Ieškos nuostatas galite keisti Nuostatų skyriuje „Pradžios ekranas“.","ok":"Gerai","add-to-home-screen":{"label":"Add to Home Screen"},"offline-webresults":"Gauti programoms, atitinkančioms paiešką „{{ searchQuery }}“, turite prisijungti prie interneto","gaia-grid-stop-download-title":"Stop {{name}}","gaia-grid-stop-download-body":"Do you want to stop the download in progress?","gaia-grid-stop-download-action":"Stop","gaia-grid-resume-download-title":"Restart Download","gaia-grid-resume-download-body":"Do you want to download {{name}}?","gaia-grid-resume-download-action":"Download","gaia-grid-unrecoverable-error-title":"Remove Application","gaia-grid-unrecoverable-error-body":"Cannot install application due to an unrecoverable error. Please try downloading again. The application will be removed.","gaia-grid-unrecoverable-error-action":"OK","gaia-grid-cancel":"Cancel"}