{"install-marketplace-title":"{{ title }} installeren","history":"GESCHIEDENIS","top-sites":"TOPWEBSITES","suggestions":{"ariaLabel":"Suggesties"},"contacts":{"ariaLabel":"Contacten"},"places":{"ariaLabel":"Plaatsen"},"apps":{"ariaLabel":"Apps"},"suggestions-notice":"Zoeksuggesties worden getoond terwijl u typt. Ga naar de sectie Startscherm van Instellingen om uw zoekvoorkeuren te wijzigen.","ok":"OK","add-to-home-screen":{"label":"Add to Home Screen"},"offline-webresults":"Maak verbinding met het internet om apps voor {{ searchQuery }} te verkrijgen","gaia-grid-stop-download-title":"{{name}} stoppen","gaia-grid-stop-download-body":"Wilt u de actieve download stoppen?","gaia-grid-stop-download-action":"Stoppen","gaia-grid-resume-download-title":"Download herstarten","gaia-grid-resume-download-body":"Wilt u {{name}} downloaden?","gaia-grid-resume-download-action":"Downloaden","gaia-grid-unrecoverable-error-title":"Applicatie verwijderen","gaia-grid-unrecoverable-error-body":"Kan applicatie vanwege een onherstelbare fout niet installeren. Probeer nogmaals te downloaden. De applicatie zal worden verwijderd.","gaia-grid-unrecoverable-error-action":"OK","gaia-grid-cancel":"Annuleren"}