{"install-marketplace-title":"{{ title }} ਇੰਸਟਾਲ ਕਰੋ","history":"ਅਤੀਤ","top-sites":"ਚੋਟੀ ਦੀਆਂ ਸਾਈਟਾਂ","suggestions":{"ariaLabel":"ਸੁਝਾਅ"},"contacts":{"ariaLabel":"ਸੰਪਰਕ"},"places":{"ariaLabel":"ਥਾਵਾਂ"},"apps":{"ariaLabel":"ਐਪਸ"},"suggestions-notice":"ਜਿਵੇਂ ਹੀ ਤੁਸੀਂ ਲਿਖਦੇ ਹੋ ਤੁਹਾਨੂੰ ਖੋਜ ਸੁਝਾਅ ਵੇਖਾਏ ਜਾਂਦੇ ਹਨ। ਆਪਣੀ ਖੋਜ ਪਸੰਦ ਵਿੱਚ ਤਬਦੀਲੀ ਕਰਨ ਲਈ ਸੈਟਿੰਗ ਦੇ ਮੁੱਖ-ਸਕਰੀਨ ਭਾਗ ਵਿੱਚ ਜਾਉ।","ok":"ਠੀਕ ਹੈ","add-to-home-screen":{"label":"Add to Home Screen"},"offline-webresults":"{{ searchQuery }} ਲਈ ਐਪਸ ਲੈਣ ਲਈ ਇੰਟਰਨੈੱਟ ਨਾਲ ਕੁਨੈਕਟ ਕਰੋ","gaia-grid-stop-download-title":"Stop {{name}}","gaia-grid-stop-download-body":"Do you want to stop the download in progress?","gaia-grid-stop-download-action":"Stop","gaia-grid-resume-download-title":"Restart Download","gaia-grid-resume-download-body":"Do you want to download {{name}}?","gaia-grid-resume-download-action":"Download","gaia-grid-unrecoverable-error-title":"Remove Application","gaia-grid-unrecoverable-error-body":"Cannot install application due to an unrecoverable error. Please try downloading again. The application will be removed.","gaia-grid-unrecoverable-error-action":"OK","gaia-grid-cancel":"Cancel"}