{"install-marketplace-title":"Zainstaluj „{{title}}”","history":"Historia","top-sites":"Popularne","suggestions":{"ariaLabel":"Podpowiedzi"},"contacts":{"ariaLabel":"Kontakty"},"places":{"ariaLabel":"Miejsca"},"apps":{"ariaLabel":"Aplikacje"},"suggestions-notice":"Podpowiedzi wyszukiwania są wyświetlane podczas pisania. Ustawienia wyszukiwania można zmienić w ustawieniach (w ekran główny).","ok":"OK","add-to-home-screen":{"label":"Add to Home Screen"},"offline-webresults":"Połącz się z Internetem, aby pobrać aplikacje dla „{{searchQuery}}”","gaia-grid-stop-download-title":"Zatrzymywanie pobierania „{{name}}”","gaia-grid-stop-download-body":"Zatrzymać aktywne pobieranie aplikacji?","gaia-grid-stop-download-action":"Zatrzymaj","gaia-grid-resume-download-title":"Wznawianie pobierania","gaia-grid-resume-download-body":"Pobrać aplikację „{{name}}”?","gaia-grid-resume-download-action":"Pobierz","gaia-grid-unrecoverable-error-title":"Usuwanie aplikacji","gaia-grid-unrecoverable-error-body":"Nie można zainstalować aplikacji z powodu nieodwracalnego błędu. Aplikacja zostanie teraz usunięta. Proszę spróbować pobrać ją ponownie.","gaia-grid-unrecoverable-error-action":"OK","gaia-grid-cancel":"Anuluj"}