{"install-marketplace-title":"Установить {{ title }}","history":"ИСТОРИЯ","top-sites":"ТОП САЙТОВ","suggestions":{"ariaLabel":"Предложения"},"contacts":{"ariaLabel":"Контакты"},"places":{"ariaLabel":"Места"},"apps":{"ariaLabel":"Приложения"},"suggestions-notice":"При наборе отображаются поисковые предложения. Перейдите в раздел Домашний экран в Параметрах, чтобы изменить настройки поиска.","ok":"OK","add-to-home-screen":{"label":"Add to Home Screen"},"offline-webresults":"Соединитесь с Интернетом, чтобы получить приложения для {{ searchQuery }}","gaia-grid-stop-download-title":"Stop {{name}}","gaia-grid-stop-download-body":"Do you want to stop the download in progress?","gaia-grid-stop-download-action":"Stop","gaia-grid-resume-download-title":"Restart Download","gaia-grid-resume-download-body":"Do you want to download {{name}}?","gaia-grid-resume-download-action":"Download","gaia-grid-unrecoverable-error-title":"Remove Application","gaia-grid-unrecoverable-error-body":"Cannot install application due to an unrecoverable error. Please try downloading again. The application will be removed.","gaia-grid-unrecoverable-error-action":"OK","gaia-grid-cancel":"Cancel"}