{"install-marketplace-title":"Nainštalovať {{ title }}","history":"HISTÓRIA","top-sites":"TOP STRÁNKY","suggestions":{"ariaLabel":"Návrhy"},"contacts":{"ariaLabel":"Kontakty"},"places":{"ariaLabel":"Miesta"},"apps":{"ariaLabel":"Aplikácie"},"suggestions-notice":"Návrhy vyhľadávania sa zobrazujú už počas písania. Nastavenia vyhľadávania zmeníte sekcii Úvodná obrazovka v okne nastavení.","ok":"OK","add-to-home-screen":{"label":"Add to Home Screen"},"offline-webresults":"Ak chcete získať aplikácie pre výraz {{ searchQuery }}, musíte sa pripojiť k sieti internet.","gaia-grid-stop-download-title":"Stop {{name}}","gaia-grid-stop-download-body":"Do you want to stop the download in progress?","gaia-grid-stop-download-action":"Stop","gaia-grid-resume-download-title":"Restart Download","gaia-grid-resume-download-body":"Do you want to download {{name}}?","gaia-grid-resume-download-action":"Download","gaia-grid-unrecoverable-error-title":"Remove Application","gaia-grid-unrecoverable-error-body":"Cannot install application due to an unrecoverable error. Please try downloading again. The application will be removed.","gaia-grid-unrecoverable-error-action":"OK","gaia-grid-cancel":"Cancel"}