{"install-marketplace-title":"Instaloni {{ title }}","history":"HISTORIK","top-sites":"SAJTE KRYESUES","suggestions":{"ariaLabel":"Sugjerime"},"contacts":{"ariaLabel":"Kontakte"},"places":{"ariaLabel":"Vende"},"apps":{"ariaLabel":"Zbatime"},"suggestions-notice":"Sugjerimet mbi kërkime shfaqen ndërkohë që shtypni. Shkoni te ndarja Kreu, te Rregullimet, që të ndryshoni parapëlqimet tuaja mbi kërkimet.","ok":"OK","add-to-home-screen":{"label":"Add to Home Screen"},"offline-webresults":"Lidhuni në internet që të merrni zbatime për {{ searchQuery }}","gaia-grid-stop-download-title":"Stop {{name}}","gaia-grid-stop-download-body":"Do you want to stop the download in progress?","gaia-grid-stop-download-action":"Stop","gaia-grid-resume-download-title":"Restart Download","gaia-grid-resume-download-body":"Do you want to download {{name}}?","gaia-grid-resume-download-action":"Download","gaia-grid-unrecoverable-error-title":"Remove Application","gaia-grid-unrecoverable-error-body":"Cannot install application due to an unrecoverable error. Please try downloading again. The application will be removed.","gaia-grid-unrecoverable-error-action":"OK","gaia-grid-cancel":"Cancel"}