{"install-marketplace-title":"Инсталирај {{ title }}","history":"ИСТОРИЈА","top-sites":"ПОПУЛАРНИ САЈТОВИ","suggestions":{"ariaLabel":"Предлози"},"contacts":{"ariaLabel":"Контакти"},"places":{"ariaLabel":"Места"},"apps":{"ariaLabel":"Апликације"},"suggestions-notice":"Предлози претраге се приказују док куцате. Идите до секције за почетни екран у поставкама да промените подешавања претраге.","ok":"У реду","add-to-home-screen":{"label":"Add to Home Screen"},"offline-webresults":"Повежите се на интернет да бисте набавили апликације за {{ searchQuery }}","gaia-grid-stop-download-title":"Заустави {{name}}","gaia-grid-stop-download-body":"Да ли желите да зауставите преузимање?","gaia-grid-stop-download-action":"Заустави","gaia-grid-resume-download-title":"Рестартуј преузимање","gaia-grid-resume-download-body":"Да ли желите да преузмете {{name}}?","gaia-grid-resume-download-action":"Преузми","gaia-grid-unrecoverable-error-title":"Уклони апликацију","gaia-grid-unrecoverable-error-body":"Не могу инсталирати апликацију због грешке. Молим покушајте поново. Апликација ће бити уклоњена.","gaia-grid-unrecoverable-error-action":"У реду","gaia-grid-cancel":"Откажи"}