{"install-marketplace-title":"Instaliraj {{ title }}","history":"ISTORIJA","top-sites":"POPULARNI SAJTOVI","suggestions":{"ariaLabel":"Predlozi"},"contacts":{"ariaLabel":"Kontakti"},"places":{"ariaLabel":"Mesta"},"apps":{"ariaLabel":"Aplikacije"},"suggestions-notice":"Predlozi pretrage se prikazuju dok kucate. Idite do sekcije za početni ekran u postavkama da promenite podešavanja pretrage.","ok":"U redu","add-to-home-screen":{"label":"Add to Home Screen"},"offline-webresults":"Povežite se na internet da biste nabavili aplikacije za {{ searchQuery }}","gaia-grid-stop-download-title":"Zaustavi {{name}}","gaia-grid-stop-download-body":"Da li želite da zaustavite preuzimanje?","gaia-grid-stop-download-action":"Zaustavi","gaia-grid-resume-download-title":"Restartuj preuzimanje","gaia-grid-resume-download-body":"Da li želite da preuzmete {{name}}?","gaia-grid-resume-download-action":"Preuzmi","gaia-grid-unrecoverable-error-title":"Ukloni aplikaciju","gaia-grid-unrecoverable-error-body":"Ne mogu instalirati aplikaciju zbog greške. Molim pokušajte ponovo. Aplikacija će biti uklonjena.","gaia-grid-unrecoverable-error-action":"U redu","gaia-grid-cancel":"Otkaži"}