{"install-marketplace-title":"Installera {{ title }}","history":"HISTORIK","top-sites":"POPULÄRA WEBBPLATSER","suggestions":{"ariaLabel":"Förslag"},"contacts":{"ariaLabel":"Kontakter"},"places":{"ariaLabel":"Platser"},"apps":{"ariaLabel":"Appar"},"suggestions-notice":"Sökförslag visas medan du skriver. Gå till avsnittet hemskärm i inställningar för att ändra sökinställningar.","ok":"OK","add-to-home-screen":{"label":"Add to Home Screen"},"offline-webresults":"Anslut till internet för att hämta appar till {{ searchQuery }}","gaia-grid-stop-download-title":"Avbryt {{name}}","gaia-grid-stop-download-body":"Vill du avbryta pågående nedladdning??","gaia-grid-stop-download-action":"Avbryt","gaia-grid-resume-download-title":"Återuppta nedladdning","gaia-grid-resume-download-body":"Vill du hämta {{name}}?","gaia-grid-resume-download-action":"Hämta","gaia-grid-unrecoverable-error-title":"Ta bort applikation","gaia-grid-unrecoverable-error-body":"Kan inte installera applikation på grund av ett allvarligt fel. Försök att hämta igen. Applikationen kommer att tas bort.","gaia-grid-unrecoverable-error-action":"OK","gaia-grid-cancel":"Avbryt"}