{"install-marketplace-title":"{{ title }} uygulamasını yükle","history":"GEÇMİŞ","top-sites":"EN İYİ SİTELER","suggestions":{"ariaLabel":"Öneriler"},"contacts":{"ariaLabel":"Kişiler"},"places":{"ariaLabel":"Yerler"},"apps":{"ariaLabel":"Uygulamalar"},"suggestions-notice":"Siz yazdıkça arama önerileri görünür. Arama tercihlerinizi değiştirmek için Ayarlar'daki Ana ekran bölümüne gidin.","ok":"Tamam","add-to-home-screen":{"label":"Add to Home Screen"},"offline-webresults":"{{ searchQuery }} uygulamaları edinmek için internete bağlanın","gaia-grid-stop-download-title":"{{name}} indirmesini durdur","gaia-grid-stop-download-body":"Devam eden indirmeyi durdurmak istiyor musunuz?","gaia-grid-stop-download-action":"Durdur","gaia-grid-resume-download-title":"İndirmeyi yeniden başlat","gaia-grid-resume-download-body":"{{name}} indirilsin mi?","gaia-grid-resume-download-action":"İndir","gaia-grid-unrecoverable-error-title":"Uygulamayı kaldır","gaia-grid-unrecoverable-error-body":"Çözülemeyen bir hata nedeniyle uygulama yüklenemedi. Lütfen yeniden indirmeyi deneyin. Bu uygulama silinecektir.","gaia-grid-unrecoverable-error-action":"Tamam","gaia-grid-cancel":"İptal"}