{"install-marketplace-title":"安装 {{ title }}","history":"历史","top-sites":"热门站点","suggestions":{"ariaLabel":"建议"},"contacts":{"ariaLabel":"联系人"},"places":{"ariaLabel":"足迹"},"apps":{"ariaLabel":"应用"},"suggestions-notice":"输入时会显示搜索建议。在“设置”的“主屏幕”中可以修改搜索首选项。","ok":"确定","add-to-home-screen":{"label":"Add to Home Screen"},"offline-webresults":"连接到互联网以获得有关 {{ searchQuery }} 的应用","gaia-grid-stop-download-title":"Stop {{name}}","gaia-grid-stop-download-body":"Do you want to stop the download in progress?","gaia-grid-stop-download-action":"Stop","gaia-grid-resume-download-title":"Restart Download","gaia-grid-resume-download-body":"Do you want to download {{name}}?","gaia-grid-resume-download-action":"Download","gaia-grid-unrecoverable-error-title":"Remove Application","gaia-grid-unrecoverable-error-body":"Cannot install application due to an unrecoverable error. Please try downloading again. The application will be removed.","gaia-grid-unrecoverable-error-action":"OK","gaia-grid-cancel":"Cancel"}