{"install-marketplace-title":"安裝 {{ title }}","history":"歷史","top-sites":"最常瀏覽的網站","suggestions":{"ariaLabel":"建議"},"contacts":{"ariaLabel":"聯絡人"},"places":{"ariaLabel":"位置"},"apps":{"ariaLabel":"應用程式"},"suggestions-notice":"搜尋建議會在您輸入時出現，前往「設定」當中的「主畫面」區塊調整您的搜尋偏好。","ok":"確定","add-to-home-screen":{"label":"Add to Home Screen"},"offline-webresults":"連線至網際網路以下載 {{ searchQuery  }} 的應用程式","gaia-grid-stop-download-title":"停止 {{name}}","gaia-grid-stop-download-body":"您想要停止正在進行中的下載嗎？","gaia-grid-stop-download-action":"停止","gaia-grid-resume-download-title":"重新開始下載","gaia-grid-resume-download-body":"想要下載 {{name}} 嗎？","gaia-grid-resume-download-action":"下載","gaia-grid-unrecoverable-error-title":"移除應用程式","gaia-grid-unrecoverable-error-body":"因為發生無法復原的錯誤，無法安裝應用程式。將移除此應用程式，請試著再次下載安裝。","gaia-grid-unrecoverable-error-action":"確定","gaia-grid-cancel":"取消"}