{"callAirplaneModeMessage":"لإجراء مكالمة، قم بإلغاء وضع الطيران من الاعدادات.","callAirplaneModeBtnOk":"موافق","callAirplaneModeTitle":"وضع الطيران مُفعّل","numberIsBusyTitle":"الرقم مشغول","numberIsBusyMessage":"الرقم مشغول حاليا. يرجى المحاولة مرة أخرى في وقت لاحق.","fdnIsActiveTitle":"FDN فعّال","fdnIsActiveMessage":"FDN (Fixed Dialing Numbers) مفعلة و الرقم المرفق ليس على قائمة FDN : {{ number }}","voiceMail":"بريد صوتي","emergencyNumber":"رقم الطوارئ","emergencyDialogBodyBadNumber":"للإتصال يجب أن يكون الجوال مُتصل بشبكة.","emergencyDialogBodyDeviceNotAccepted":"مكالمات الطوارئ غير مسموحة من الشبكة.","emergencyDialogBtnOk":"موافق","emergencyDialogTitle":"لا يوجد اتصال بالشبكة ","invalidNumberToDialTitle":"رقم الهاتف غير صحيح","invalidNumberToDialMessage":"رقم الهاتف الذي تحاول الاتصال به غير صحيح","unableToCallTitle":"إجراء مكالمة هاتفية الآن غير ممكن","unableToCallMessage":"لا يمكن إجراء المكالمة , إذا كنت تقوم باتصال آخر , رجاءً أغلق الاتصال القديم أولاً.","otherConnectionInUseTitle":"وسيلة اتصال اخرى قيد الاستخدام","otherConnectionInUseMessage":"لديك مكالمة نشطة على اتصال آخر. يمكنك فقط استخدام اتصال واحد في كل مرة.","addNewNumber":"إضافة رقم جديد","addToExistingContact":"إضافة إلى جهة اتصال موجوده","all":{"_":"الكل","ariaLabel":"الكل"},"callLog":"سجل المكالمات","callLogEdit":{"title":"تعديل سجل الإتصالات"},"callLogEditDialog":{"ariaLabel":"تحرير سجل المكالمات"},"connecting":"جارِ الاتصال","cf-async":"غير متزامن: {{ async }}\\n","cf-data":"معلومات: {{ data }}\\n","cf-error":"حدث خطأ عند محاولة الحصول على حالة تحويل المكالمات","cf-fax":"فاكس: {{ fax }}\\n","cf-inactive":"غير فعال","cf-packet":"حزمة: {{ packet }}\\n","cf-pad":"باد: {{ pad }}\\n","cf-sms":"رسالة قصيرة: {{ sms }}\\n","cf-status":"حالة تحويل المكالمات\\n","cf-sync":"متزامن: {{ sync }}\\n","cf-voice":"صوت: {{ voice }}\\n","close":"اغلق","confirm-deletion":"حذف المكالمات المختارة ؟","contacts":{"ariaLabel":"جهات الإتصال"},"createNewContact":"إنشاء جهة اتصال جديدة","delete":"احذف","deselectAll":"ألغ أختيار الكل","dialerAddContact":{"ariaLabel":"إضافة جهة إتصال"},"dialerAddContactDialog":{"ariaLabel":"أضِف جهة اتصال"},"edit-selected":{"_index":["plural","n"],"_":{"one":"{{ n }} مُختارة","two":"{{ n }} مُختارة","few":"{{ n }} مُختارة","many":"{{ n }} مُختارة","other":"{{ n }} مُختارة"}},"edit":"حرِّر","hideKeypad":{"ariaLabel":"إخفاء لوحة المفاتيح"},"ignore":"تجاهل الإتصال","incoming":"الواردة","keypad":{"ariaLabel":"لوحة المفاتيح"},"makeCall":{"ariaLabel":"إجراء مكالمة"},"merge":"ادمج","missed":{"_":"لم يرد عليه","ariaLabel":"الفائتة"},"missedCall":"مكالمة فائتة","missedCallMultiSims":"(SIM {{n}}) المكالمات الفائتة","mmi-error":"حدث خطأ عند محاولة ارسال الرسالة","mmi-session-expired":"انتهت الجلسة","mmi-successfully-sent":"تم ارسال الرسالة بنجاح","mmi-notification-title-with-sim":"{{sim}}) {{title}}","mute":{"ariaLabel":"صمت"},"newCall":{"ariaLabel":"مكالمة جديدة"},"no-logs-msg-1":"لم يتم تسجيل أي مكالمة","no-logs-msg-2":"بدء التواصل الآن","no-logs-msg-3":"لا يوجد أي مكالمات لم يرد عليها","recents":{"ariaLabel":"المكالمات الأخيرة"},"reply":"الرد","selectAll":"إختَر الكل","send":"إرسال","switch-calls":"تحويل المكالمات","today":"اليوم","withheld-number":"الأرقام المحجوبة","from-contact":"من {{ contact }}","from-number":"من {{ number }}","from-withheld-number":"من رقم محجوب","yesterday":"الأمس","sending":"جارِ الإرسال...","speakerOption":{"ariaLabel":"السماعة"},"ussd-services":"خدمات {{ operator }}","toggleKeypad":{"ariaLabel":"تبديل لوحة المفاتيح"},"type-your-response":{"placeholder":"أُكتب رّدك..."},"clear-all-text":"مسح الكل","hide":"أخفِ","call":"إتصال","hold":{"ariaLabel":"معلق"},"resume":{"_":"استأنف","ariaLabel":"استأنف"},"sendSms":"أرسل رسالة","callEnded":"إنتهت المكالمة","via-sim":"بواسطة n}}SIM}}","sim-number":"n }} SIM }}","hangup-a11y-button":{"ariaLabel":"إنهاء"},"pickup-a11y-button":{"ariaLabel":"رد"},"unlock-a11y-button":{"ariaLabel":"منزلق"},"roaming":"{{operator}} (Roaming)","settings":"إعدادات","delete-n-log?":{"_index":["plural","n"],"_":{"zero":"لا شيﺀ مختار","one":"حذف السجل المحدد؟","two":"حذف السجِّلين؟","few":"حذف {{ n }} السجلات؟","many":"حذف {{ n }} سجل؟","other":"حذف {{ n }} سجل؟"}},"callDurationMinutes":"{{ m }}:{{ s }}","callDurationHours":"{{ h }}:{{ m }}:{{ s}}","suggestionMatches":{"_index":["plural","n"],"_":{"one":"نتيجة واحدة مطابقة لـ \"{{ matchNumber }}\"","two":"تطابقان لـ \"{{ matchNumber }}\"","few":"{{ n }} تطابقات لـ \"{{ matchNumber }}\"","many":"{{ n }} من النتائج المطابقة لـ \"{{ matchNumber }}\"","other":"{{ n }} من النتائج المطابقة لـ \"{{ matchNumber }}\""}},"scCallBarring":"حظر المكالمات","scCallForwarding":"تحويل المكالمات","scClip":"المعرَف بجهة الاتصال","scClir":"معرف المتصل الصادر","scPwd":"تغيير كلمة السر","scCallWaiting":"إنتظار المكالمة","scPin":"تغيير رمز PIN","scPin2":"تغيير رمز PIN2","scPuk":"فك إقفال PIN","scPuk2":"فك أقفال PIN2","scImei":"IMEI","scUssd":"USSD","serviceClassVoice":"صوت","serviceClassData":"بيانات","serviceClassFax":"فاكس","serviceClassSms":"رسالة نصية","serviceClassDataSync":"مزامنة","serviceClassDataAsync":"متزامن","serviceClassPacket":"الحزمة","serviceClassPad":"PAD","smServiceEnabled":"تم تفعيل الخدمة","smServiceDisabled":"تم تعطيل الخدمة","smServiceRegistered":"تم التسجيل بنجاح","smServiceErased":"تم المحو بنجاح","smServiceInterrogated":"تم الطلب بنجاح","smServiceNotProvisioned":"الخدمة غير مُؤمّنة.","smClirPermanent":"لا يمكنك تغيير إعداد معرف المتصل","smClirDefaultOnNextCallOn":"الإعدادات الافتراضية لإظهار رقم المتصل هي مقيدة. المكالمة التالية: مقيدة","smClirDefaultOnNextCallOff":"الإعدادات الافتراضية لإظهار رقم المتصل هي مقيدة. المكالمة التالية: غير مقيدة","smClirDefaultOffNextCallOn":"الإعدادات الافتراضية لإظهار رقم المتصل هي غير مقيدة. المكالمة التالية: مقيدة","smClirDefaultOffNextCallOff":"الإعدادات الافتراضية لإظهار رقم المتصل هي غيرمقيدة. المكالمة التالية: غير مقيدة","smServiceEnabledFor":"تم تفعيل الخدمة ل:","smPinChanged":"تمَّ تغيير PIN بنجاح","smPinUnblocked":"رفع الحجب عن PIN بنجاح","smPin2Changed":"تمَّ تغيير PIN2 بنجاح","smPin2Unblocked":"ُُرُفع الحجب عن PIN2 بنجاح","ServiceIsEnabled":"Service is enabled","ServiceIsDisabled":"Service is disabled","ServiceIsEnabledFor":"Service is enabled for:","emMmiError":"مشكلة في الإتصال أو رمز MMI خاطئ","emMmiErrorPasswordIncorrect":"كلمة سر خاطئة","emMmiErrorNotSupported":"رمز MMI خاطئ أو غير مدعوم","emMmiErrorInvalidAction":"إجراء خاطئ","emMmiErrorInvalidScCode":"رمز خدمة خاطئ","emMmiErrorBadPuk":"رمز PUK الذي قمت بإدخاله غير صحيح","emMmiErrorBadPin":"PIN القديم الذي كتبته غير صحيح.","emMmiErrorNeedPuk2":"قم بإدخال رمز PUK2 لفتح الشريحة","emMmiErrorMismatchPin":"لا يوجد تطابق بين رموز PIN التي أدخلتها","emMmiErrorInvalidPin":"قم بإدخال رمز PIN مكون من 4 إلى 8 أرقام","emMmiErrorNeedsPuk":"شريحتك مغلقة برمز PUK","emMmiErrorEnablePin":"غير ناجح , قم بتفعيل قفل ال SIM/RUIM","emMmiErrorMmiFdn":"العملية تقتصرعلى أرقام اتصال ثابتة فقط","emMmiErrorStkCcUssdDial":"يتم تعديل طلب USSD لطلب DIAL","emMmiErrorStkCcUssdSs":"طلب USSD تعدل الى طلب SS","emMmiErrorStkCcUssdUssd":"يتم تعديل طلب USSD لطلب USSD جديد","emMmiErrorStkCcSsDial":"يتم تعديل الطلب SS لطلب DIAL","emMmiErrorStkCcSsUssd":"يتم تعديل الطلب SS لطلب USSD","emMmiErrorStkCcSsSs":"طلب SS تعدل الى طلب SS جديد","emMmiErrorPinPukAttempts":{"_index":["plural","n"],"_":{"one":"بقيت محاولة واحدة فقط","two":"تبقت محاولتين اثنتين","few":"تبقى {{ n }} المحاولات","many":"تبقى {{ n }} محاولة","other":"تبقى {{ n }} محاولة"}},"emMmiErrorSimBlocked":"لقد تجاوزت الحد الأقصى من المحولات . حُجِبت الـ SIM","RadioNotAvailable":"الراديو غير متوفر","GenericFailure":"فشل","PasswordIncorrect":"كلمة سر غير صحيحة","SimPin2":"SIM PIN2","SimPuk2":"SIM PUK2","RequestNotSupported":"الطلب غير مدعوم","OpNotAllowedDuringVoiceCall":"العملية غير مسموحة أثناء الإتصال الصوتي","SmsSendFailRetry":"فشل في إرسال SMS اعدالمحاولة","SimAbsent":"الشريحة غير موجودة","SubscriptionNotAvailable":"الإشتراك غير متاح","ModeNotSupported":"الوضع غير مدعوم","FdnCheckFailure":"فشل اختيار Fdn","IllegalSimOrMe":"SIM غير قانونية أو ME","DialModifiedToUssd":"طلب تعديل USSD","DialModifiedToSs":"طلب تعديل SS","DialModifiedToDial":"عدّل الإتصال الهاتفي للإتصال","UssdModifiedToDial":"تعديل USSD للإتصال","UssdModifiedToSs":"تعديل USSD إلى SS","UssdModifiedToUssd":"تعديل USSD إلى USSD","SsModifiedToDial":"تعديل SS للاتصال","SsModifiedToUssd":"تعديل SS إلىUSSD","SsModifiedToSs":"تعديل SS إلى SS ","SubscriptionNotSupported":"الإشتراك غير مدعوم","InvalidParameter":"معامل غير صالح","RejectedByRemote":"تم الرفض من طرف الخادم","conferenceCall":"Conference ({{n}})","caller-left-call":"{{ caller }} المتصل غادر المكالمة.","conferenceAddError":"غير قادر على دمج المكالمات","conferenceRemoveError":"غير قادر على إلغاء دمج المكالمات","longDateFormat":"%A, %B %e","select-audio-sources":"اختر مصادر الصوت","bluetooth-handsfree-device":"أجهزة البلوتوث اليدوية","receiver":"المُستقبل","speaker":"السماعة","weekday-0-long":"الأحد","weekday-1-long":"الإثنين","weekday-2-long":"الثلاثاء","weekday-3-long":"الأربعاء","weekday-4-long":"الخميس","weekday-5-long":"الجمعة","weekday-6-long":"السبت","weekday-0-short":"أحد","weekday-1-short":"إثنين","weekday-2-short":"ثلاثاء","weekday-3-short":"أربعاء","weekday-4-short":"خميس","weekday-5-short":"جمعة","weekday-6-short":"سبت","month-0-long":"يناير","month-1-long":"فبراير","month-2-long":"مارس","month-3-long":"أبريل","month-4-long":"مايو","month-5-long":"يونيو","month-6-long":"يوليو","month-7-long":"أغسطس","month-8-long":"سبتمبر","month-9-long":"أكتوبر","month-10-long":"نوفمبر","month-11-long":"ديسمبر","month-0-genitive":"يناير","month-1-genitive":"فبراير","month-2-genitive":"مارس","month-3-genitive":"أبريل","month-4-genitive":"مايو","month-5-genitive":"يونيو","month-6-genitive":"يوليو","month-7-genitive":"أغسطس","month-8-genitive":"سبتمبر","month-9-genitive":"أكتوبر","month-10-genitive":"نوفمبر","month-11-genitive":"ديسمبر","month-0-short":"يناير","month-1-short":"فبراير","month-2-short":"مارس","month-3-short":"ابريل","month-4-short":"مايو","month-5-short":"يونيو","month-6-short":"يوليو","month-7-short":"أغسطس","month-8-short":"سبتمبر","month-9-short":"أكتوبر","month-10-short":"نوفمبر","month-11-short":"ديسمبر","minutes-ago-long":{"_index":["plural","value"],"_":{"zero":"الآن","one":"منذ دقيقة","two":"منذ دقيقتين","few":"منذ {{value}} دقائق","many":"منذ {{value}} دقيقة","other":"منذ {{value}} دقيقة"}},"hours-ago-long":{"_index":["plural","value"],"_":{"zero":"الآن","one":"منذ ساعة","two":"منذ ساعتين","few":"قبل {{value}} ساعات","many":"قبل {{value}} ساعة","other":"قبل {{value}} ساعة"}},"days-ago-long":{"_index":["plural","value"],"_":{"zero":"اليوم","one":"الأمس","two":"منذ يومين","few":"منذ {{value}} أيام","many":"منذ {{value}} يوم","other":"منذ {{value}} يوم"}},"weeks-ago-long":{"_index":["plural","value"],"_":{"zero":"هذا الأسبوع","one":"الأسبوع الماضي","two":"منذ أسبوعين","few":"منذ {{value}} أسابيع","many":"منذ {{value}} أسبوع","other":"منذ {{value}} أسبوع"}},"months-ago-long":{"_index":["plural","value"],"_":{"zero":"هذا الشهر","one":"الشهر الماضي","two":"منذ شهرين","few":"منذ {{value}} أشهر","many":"منذ {{value}} شهر","other":"منذ {{value}} شهر"}},"years-ago-long":{"_index":["plural","value"],"_":{"zero":"هذه السنة","one":"السنة الماضية","two":"منذ سنتين","few":"منذ {{value}} سنوات","many":"منذ {{value}} سنة","other":"منذ {{value}} سنة"}},"minutes-until-long":{"_index":["plural","value"],"_":{"zero":"الآن","one":"خلال دقيقة","two":"خلال دقيقتين","few":"خلال {{value}} دقائق","many":"خلال {{value}} دقيقة","other":"خلال {{value}} دقيقة"}},"hours-until-long":{"_index":["plural","value"],"_":{"zero":"الآن","one":"خلال ساعة","two":"خلال ساعتين","few":"خلال {{value}} ساعات","many":"خلال {{value}} ساعة","other":"خلال {{value}} ساعة"}},"days-until-long":{"_index":["plural","value"],"_":{"zero":"اليوم","one":"غداً","two":"خلال يومين","few":"خلال {{value}} أيام","many":"خلال {{value}} يوم","other":"خلال {{value}} يوم"}},"weeks-until-long":{"_index":["plural","value"],"_":{"zero":"هذا الأسبوع","one":"الأسبوع القادم","two":"خلال أسبوعين","few":"خلال {{value}} أسابيع","many":"خلال {{value}} أسبوع","other":"خلال {{value}} أسبوع"}},"months-until-long":{"_index":["plural","value"],"_":{"zero":"هذا الشهر","one":"الشهر القادم","two":"خلال شهرين","few":"خلال {{value}} أشهر","many":"خلال {{value}} شهر","other":"خلال {{value}} شهر"}},"years-until-long":{"_index":["plural","value"],"_":{"zero":"هذه السنة","one":"السنة القادمة","two":"خلال سنتين","few":"خلال {{value}} سنوات","many":"خلال {{value}} سنة","other":"خلال {{value}} سنة"}},"minutes-ago-short":{"_index":["plural","value"],"_":{"zero":"الآن","other":"منذ {{value}} دقيقة"}},"hours-ago-short":{"_index":["plural","value"],"_":{"zero":"الآن","other":"منذ {{value}} س"}},"days-ago-short":{"_index":["plural","value"],"_":{"zero":"اليوم","other":"منذ {{value}} ي"}},"minutes-until-short":{"_index":["plural","value"],"_":{"zero":"الآن","other":"خلال {{value}} د"}},"hours-until-short":{"_index":["plural","value"],"_":{"zero":"الآن","other":"خلال {{value}} س"}},"days-until-short":{"_index":["plural","value"],"_":{"zero":"اليوم","other":"خلال {{value}} ي"}},"incorrectDate":"(تاريخ غير صحيح)","dateTimeFormat_%c":"%a %b %e %Y %I:%M:%S %p","dateTimeFormat_%x":"%m/%d/%Y","dateTimeFormat_%X":"%I:%M:%S %p","shortTimeFormat":"%I:%M %p","shortDateTimeFormat":"%x %I:%M %p","weekStartsOnMonday":"0","time_am":"ص","time_pm":"م","label":"Label","mobile":"Mobile","home":"Home","work":"Work","personal":"Personal","faxHome":"Fax home","faxOffice":"Fax office","faxOther":"Fax other","another":"Another","other":"Other","customTag":{"placeholder":"Custom tag"},"current":"Current","itemWithLabel":"{{label}}, {{item}}"}