{"callAirplaneModeMessage":"ফোন করতে সেটিং থেকে আপনাকে বিমান মুড বন্ধ করতে হবে।","callAirplaneModeBtnOk":"ঠিক আছে","callAirplaneModeTitle":"এরোপ্লেন মুড চালু করা হয়েছে","numberIsBusyTitle":"নম্বরটি ব্যস্ত আছে","numberIsBusyMessage":"এই নম্বরটি বর্তমানে ব্যস্ত আছে। অনুগ্রহ করে পরে আবার চেষ্টা করুন।","fdnIsActiveTitle":"FDN সক্রিয়","fdnIsActiveMessage":"FDN (ফিক্সড্‌ ডায়ালিং নাম্বার) সক্রিয় এবং নিচের এই নাম্বার আপনার FDN লিস্টে নাই: {{ number }}","voiceMail":"ভয়েসমেইল","emergencyNumber":"জরুরী নম্বর","emergencyDialogBodyBadNumber":"ফোন করার জন্য, আপনার ফোনকে অবশ্যই নেটওয়ার্কে সংযুক্ত হতে হবে।","emergencyDialogBodyDeviceNotAccepted":"নেটওয়ার্কে জরুরী কল অনুমোদিত নয়।","emergencyDialogBtnOk":"ঠিক আছে","emergencyDialogTitle":"নেটওয়ার্ক সংযোগ নেই","invalidNumberToDialTitle":"অকার্যকর ফোন নাম্বার","invalidNumberToDialMessage":"আপনি যে ফোন নাম্বারে কল করেছেন তা সঠিক নয়।","unableToCallTitle":"বর্তমানে ফোনকল করতে ব্যর্থ","unableToCallMessage":"কলটি করা যাচ্ছে না। যদি আপনি ইতোমধ্যে ডায়াল করে থাকেন তাহলে প্রথমে তা কেটে নিন।","otherConnectionInUseTitle":"অন্য সংযোগ ব্যবহৃত হচ্ছে","otherConnectionInUseMessage":"অন্য সংযোগে আপনার একটি সক্রিয় কল রয়েছে। আপনি একবারে শুধু একটি সংযোগ ব্যবহার করতে পারবেন।","addNewNumber":"নতুন নম্বর যোগ করুন","addToExistingContact":"পুরনো পরিচিতিতে যোগ করুন","all":{"_":"সকল","ariaLabel":"সকল"},"callLog":"কল তালিকা","callLogEdit":{"title":"কল লগ সম্পাদনা করুন"},"callLogEditDialog":{"ariaLabel":"কল লগ সংলাপ সম্পাদনা করুন"},"connecting":"সংযুক্ত করা হচ্ছে","cf-async":"এসিঙ্ক্রনাস: {{ async }}\\n","cf-data":"ডাটা: {{ data }}\\n","cf-error":"কল ফরওয়ার্ডিং স্টাটাস বের করতে ত্রুটি দেখা দিয়েছে","cf-fax":"ফ্যাক্স: {{ fax }}\\n","cf-inactive":"নিষ্ক্রিয়","cf-packet":"প্যাকেট: {{ packet }}\\n","cf-pad":"প্যাড: {{ pad }}\\n","cf-sms":"ক্ষুদে বার্তা: {{ sms }}\\n","cf-status":"কল ফরওয়ার্ডিং অবস্থা\\n","cf-sync":"সিঙ্ক: {{ sync }}\\n","cf-voice":"কন্ঠ: {{ voice }}\\n","close":"বন্ধ","confirm-deletion":"নির্বাচিত কল অপসারণ করবেন?","contacts":{"ariaLabel":"পরিচিতি"},"createNewContact":"নতুন পরিচিতি তৈরি করুন","delete":"অপসারণ","deselectAll":"কিছুই নির্বাচিত রেখো না","dialerAddContact":{"ariaLabel":"পরিচিত যোগ করুন"},"dialerAddContactDialog":{"ariaLabel":"পরিচিতি সংলাপ যোগ করুন"},"edit-selected":{"_index":["plural","n"],"_":{"one":"{{ n }} সংখ্যক নির্বাচিত","two":"{{ n }} সংখ্যক নির্বাচিত","few":"{{ n }} সংখ্যক নির্বাচিত","many":"{{ n }} সংখ্যক নির্বাচিত","other":"{{ n }} সংখ্যক নির্বাচিত"}},"edit":"সম্পাদনা করুন","hideKeypad":{"ariaLabel":"কীপ্যাড লুকান"},"ignore":"কল উপেক্ষা করুন","incoming":"আগত","keypad":{"ariaLabel":"কীপ্যাড"},"makeCall":{"ariaLabel":"কল করুন"},"merge":"মিলিত করুন","missed":{"_":"জবাববিহীন","ariaLabel":"জবাববিহীন"},"missedCall":"মিসড কল","missedCallMultiSims":"(SIM {{ n }}) জবাববিহীন কল","mmi-error":"বার্তা প্রেরণে ত্রুটি দেখা দিয়েছে","mmi-session-expired":"সেশন বাতিল হয়ে গিয়েছে","mmi-successfully-sent":"সফল ভাবে বার্তা প্রেরণ করা হয়েছে","mmi-notification-title-with-sim":"({{sim}}) {{title}}","mute":{"ariaLabel":"নিঃশব্দ করুন"},"newCall":{"ariaLabel":"নতুন কল"},"no-logs-msg-1":"কোন কল সংরক্ষণ করা হয় নাই","no-logs-msg-2":"এখনই যোগাযোগ শুরু করুন","no-logs-msg-3":"কোনো মিসড কল নেই","recents":{"ariaLabel":"সাম্প্রতিক কল"},"reply":"জবাব","selectAll":"সব নির্বাচন","send":"প্রেরণ","switch-calls":"কল পরিবর্তন","today":"আজ","withheld-number":"উপেক্ষিত নম্বর","from-contact":"{{ contact }} হতে","from-number":"{{ number }} হতে","from-withheld-number":"উপেক্ষিত নম্বর থেকে","yesterday":"গতকাল","sending":"প্রেরিত হচ্ছে…","speakerOption":{"ariaLabel":"স্পিকার"},"ussd-services":"{{ operator }} সেবা","toggleKeypad":{"ariaLabel":"টোগল কীপ্যাড"},"type-your-response":{"placeholder":"আপনার উত্তর লিখুন…"},"clear-all-text":"সব লেখা পরিষ্কার কর","hide":"গোপন","call":"ফোন করুন","hold":{"ariaLabel":"স্থগিত রাখুন"},"resume":{"_":"পুনরায় শুরু","ariaLabel":"পুনরায় শুরু"},"sendSms":"বার্তা প্রেরণ","callEnded":"কল সমাপ্ত","via-sim":"SIM{{ n }} দিয়ে","sim-number":"SIM{{ n }}","hangup-a11y-button":{"ariaLabel":"হ্যাং-আপ"},"pickup-a11y-button":{"ariaLabel":"ধরুন"},"unlock-a11y-button":{"ariaLabel":"স্লাইডার"},"roaming":"{{operator}} (রোমিং)","settings":"সেটিং","delete-n-log?":{"_index":["plural","n"],"_":{"zero":"কিছুই নির্বাচন করা হয়নি","one":"নির্বাচিত লগ অপসারণ করবেন?","two":"{{ n }} লগ অপসারণ করবেন?","few":"{{ n }} লগ অপসারণ করবেন?","many":"{{ n }} লগ অপসারণ করবেন?","other":"{{ n }} লগ অপসারণ করবেন?"}},"callDurationMinutes":"{{ m }}:{{ s }}","callDurationHours":"{{ h }}:{{ m }}:{{ s}}","suggestionMatches":{"_index":["plural","n"],"_":{"one":"\"{{ matchNumber }}\" জন্য {{ n }} টি মিলেছে","two":"\"{{ matchNumber }}\" জন্য {{ n }} টি মিলেছে","few":"\"{{ matchNumber }}\" জন্য {{ n }} টি মিলেছে","many":"\"{{ matchNumber }}\" জন্য {{ n }} টি মিলেছে","other":"\"{{ matchNumber }}\" জন্য {{ n }} টি মিলেছে"}},"scCallBarring":"কল বেয়ারিং","scCallForwarding":"কল ফরওয়ার্ডিং","scClip":"ইনকামিং কলার আইডি","scClir":"আউটগোয়িং কলার আইডি","scPwd":"পাসওয়ার্ড পরিবর্তন করুন","scCallWaiting":"কল ওয়েটিং","scPin":"পিন পরিবর্তন","scPin2":"পিন২ পরিবর্তন","scPuk":"পিন আনব্লক করুন","scPuk2":"পিন২ আনব্লক করুন","scImei":"IMEI","scUssd":"USSD","serviceClassVoice":"ভয়েস","serviceClassData":"ডাটা","serviceClassFax":"ফ্যাক্স","serviceClassSms":"ক্ষুদে বার্তা","serviceClassDataSync":"সিনক্রোনাইজ","serviceClassDataAsync":"অ্যাসিনক্রোনাইজ","serviceClassPacket":"প্যাকেট","serviceClassPad":"প্যাড","smServiceEnabled":"সার্ভিস সক্রিয় ছিল","smServiceDisabled":"সার্ভিস নিষ্ক্রিয় করা হয়েছে","smServiceRegistered":"রেজিস্ট্রেশন সফল হয়েছে","smServiceErased":"অপসারণ সফল হয়েছে","smServiceInterrogated":"অনুরোধ সফল হয়েছে","smServiceNotProvisioned":"সার্ভিস আরোপিত হয়নি","smClirPermanent":"আপনি কলার আইডি সেটিং পরিবর্তন করতে পারবেন না","smClirDefaultOnNextCallOn":"কলার আইডি পূর্বনির্ধারিতভাবে সংরক্ষিত করা আছে। পরবর্তী কল: সংরক্ষিত","smClirDefaultOnNextCallOff":"কলার আইডি পূর্বনির্ধারিতভাবে সংরক্ষিত। পরবর্তী কল: সংরক্ষিত নয়","smClirDefaultOffNextCallOn":"কলার আইডি পূর্বনির্ধারিতভাবে সংরক্ষিত করা নেই। পরবর্তী কল: সংরক্ষিত","smClirDefaultOffNextCallOff":"কলার আইডি পূর্বনির্ধারিতভাবে সংরক্ষিত নেই। পরবর্তী কল: সংরক্ষিত নয়","smServiceEnabledFor":"সার্ভিস সক্রিয় ছিল:","smPinChanged":"পিন সফলভাবে পরিবর্তিত","smPinUnblocked":"পিন সফলভাবে আনব্লক করা হয়েছে","smPin2Changed":"পিন২ সফলভাবে পরিবর্তিত হয়েছে","smPin2Unblocked":"পিন২ সফলভাবে আনব্লক করা হয়েছে","ServiceIsEnabled":"Service is enabled","ServiceIsDisabled":"Service is disabled","ServiceIsEnabledFor":"Service is enabled for:","emMmiError":"সংযোগে সমস্যা অথবা MMI কোড অকার্যকর","emMmiErrorPasswordIncorrect":"ভুল পাসওয়ার্ড","emMmiErrorNotSupported":"অকার্যকর বা অসমর্থিত MMI কোড","emMmiErrorInvalidAction":"অকার্যকর পদক্ষেপ","emMmiErrorInvalidScCode":"অকার্যকর সার্ভিস কোড","emMmiErrorBadPuk":"আপনি যে PUK টাইপ করেছেন তা সঠিক নয়","emMmiErrorBadPin":"আপনার টাইপ করা পুরনো পিন সঠিক নয়।","emMmiErrorNeedPuk2":"সিম কার্ড আনব্লক করতে PUK2 টাইপ করুন","emMmiErrorMismatchPin":"আপনার টাইপ করা পিন মিলছে না","emMmiErrorInvalidPin":"৪ থেকে ৮ সংখ্যাবিশিষ্ট একটি পিন টাইপ করুন","emMmiErrorNeedsPuk":"আপনার সিম কার্ড PUK দ্বারা লক রয়েছে","emMmiErrorEnablePin":"ব্যর্থ। সিম/রিম লক সক্রিয় করুন","emMmiErrorMmiFdn":"কার্যক্রম কেবলমাত্র নির্দিষ্ট নম্বরে ডায়ালের জন্য সংরক্ষিত","emMmiErrorStkCcUssdDial":"USSD অনুরোধ পরিবর্তিত হয়ে DIAL অনুরোধ হয়েছে","emMmiErrorStkCcUssdSs":"USSD অনুরোধ SS অনুরোধে পরিবর্তিত হয়েছে","emMmiErrorStkCcUssdUssd":"USSD অনুরোধ পরিবর্তিত হয়ে নতুন USSD অনুরোধ হয়েছে","emMmiErrorStkCcSsDial":"SS অনুরোধ পরিবর্তিত হয়ে DIAL অনুরোধ হয়েছে","emMmiErrorStkCcSsUssd":"SS অনুরোধ USSD অনুরোধে পরিবর্তিত","emMmiErrorStkCcSsSs":"SS অনুরোধ পরিবর্তিত হয়ে নতুন SS অনুরোধ হয়েছে","emMmiErrorPinPukAttempts":{"_index":["plural","n"],"_":{"one":"মাত্র {{ n }} টি পুনঃচেষ্টা বাকি আছে","two":"{{ n }} টি পুনঃচেষ্টা বাকি আছে","few":"{{ n }} টি পুনঃচেষ্টা বাকি আছে","many":"{{ n }} টি পুনঃচেষ্টা বাকি আছে","other":"{{ n }} টি পুনঃচেষ্টা বাকি আছে"}},"emMmiErrorSimBlocked":"সর্বোচ্চবার পুনঃচেষ্টা করা হয়েছে। সিম ব্লক হয়ে গেছে","RadioNotAvailable":"রেডিও বিদ্যমান নয়","GenericFailure":"সাধারণ বিফলতা","PasswordIncorrect":"পাসওয়ার্ড সঠিক নয়","SimPin2":"সিমের পিন২","SimPuk2":"সিম PUK2","RequestNotSupported":"অনুরোধ সমর্থিত নয়","OpNotAllowedDuringVoiceCall":"ভয়েস কলের সময় কাজটি অনুমোদিত নয়","SmsSendFailRetry":"এসএমএস পাঠাতে ব্যর্থ পুনরায় চেষ্টা করুন","SimAbsent":"সিম অনুপস্থিত","SubscriptionNotAvailable":"সাবস্ক্রিপশন বিদ্যমান নেই","ModeNotSupported":"মোড সমর্থিত নয়","FdnCheckFailure":"Fdn পরীক্ষা ব্যর্থ","IllegalSimOrMe":"অবৈধ SIM অথবা ME","DialModifiedToUssd":"ডায়াল USSD তে পরিবর্তন করা হয়েছে","DialModifiedToSs":"ডায়াল SS এ পরিবর্তিত হয়েছে","DialModifiedToDial":"ডায়াল ডায়ালে পরিবর্তিত হয়েছে","UssdModifiedToDial":"USSD ডায়ালে পরিবর্তিত","UssdModifiedToSs":"USSD SS-এ পরিবর্তিত হয়েছে","UssdModifiedToUssd":"USSD USSD-তে পরিবর্তিত হয়েছে","SsModifiedToDial":"SS ডায়ালে পরিবর্তিত হয়েছে","SsModifiedToUssd":"SS USSD-তে পরিবর্তিত হয়েছে","SsModifiedToSs":"SS SS-এ পরিবর্তিত হয়েছে","SubscriptionNotSupported":"সাবস্ক্রিপশন সমর্থিত নয়","InvalidParameter":"অকার্যকর প্যারামিটার","RejectedByRemote":"রিমোট কতৃক প্রত্যাখাত","conferenceCall":"কনফারেন্স ({{n}})","caller-left-call":"{{ caller }} কল ছেড়ে দিয়েছেন।","conferenceAddError":"কলগুলি একত্রিত করা যাচ্ছে না","conferenceRemoveError":"কলগুলি আলাদা করা যাচ্ছে না","longDateFormat":"%A, %B %e","select-audio-sources":"অডিও উৎস নির্বাচন করুন","bluetooth-handsfree-device":"ব্লুটুথ হ্যান্ডসফ্রি ডিভাইস","receiver":"গ্রাহক","speaker":"স্পিকার","weekday-0-long":"রবিবার","weekday-1-long":"সোমবার","weekday-2-long":"মঙ্গলবার","weekday-3-long":"বুধবার","weekday-4-long":"বৃহস্পতিবার","weekday-5-long":"শুক্রবার","weekday-6-long":"শনিবার","weekday-0-short":"রবি","weekday-1-short":"সোম","weekday-2-short":"মঙ্গল","weekday-3-short":"বুধ","weekday-4-short":"বৃহঃ","weekday-5-short":"শুক্র","weekday-6-short":"শনি","month-0-long":"জানুয়ারি","month-1-long":"ফেব্রুয়ারি","month-2-long":"মার্চ","month-3-long":"এপ্রিল","month-4-long":"মে","month-5-long":"জুন","month-6-long":"জুলাই","month-7-long":"আগস্ট","month-8-long":"সেপ্টেম্বর","month-9-long":"অক্টোবর","month-10-long":"নভেম্বর","month-11-long":"ডিসেম্বর","month-0-genitive":"জানুয়ারি","month-1-genitive":"ফেব্রুয়ারি","month-2-genitive":"মার্চ","month-3-genitive":"এপ্রিল","month-4-genitive":"মে","month-5-genitive":"জুন","month-6-genitive":"জুলাই","month-7-genitive":"আগস্ট","month-8-genitive":"সেপ্টেম্বর","month-9-genitive":"অক্টোবর","month-10-genitive":"নভেম্বর","month-11-genitive":"ডিসেম্বর","month-0-short":"জানু","month-1-short":"ফেব্রু","month-2-short":"মার্চ","month-3-short":"এপ্রিল","month-4-short":"মে","month-5-short":"জুন","month-6-short":"জুলাই","month-7-short":"আগস্ট","month-8-short":"সেপ্ট","month-9-short":"অক্টো","month-10-short":"নভে","month-11-short":"ডিসে","minutes-ago-long":{"_index":["plural","value"],"_":{"zero":"এইমাত্র","one":"১ মিনিট পূর্বে","two":"{{value}} মিনিট পূর্বে","few":"{{value}} মিনিট পূর্বে","many":"{{value}} মিনিট পূর্বে","other":"{{value}} মিনিট পূর্বে"}},"hours-ago-long":{"_index":["plural","value"],"_":{"zero":"এইমাত্র","one":"১ ঘন্টা পূর্বে","two":"{{value}} ঘন্টা পূর্বে","few":"{{value}} ঘন্টা পূর্বে","many":"{{value}} ঘন্টা পূর্বে","other":"{{value}} ঘন্টা পূর্বে"}},"days-ago-long":{"_index":["plural","value"],"_":{"zero":"আজ","one":"গতকাল","two":"{{value}} দিন পূর্বে","few":"{{value}} দিন পূর্বে","many":"{{value}} দিন পূর্বে","other":"{{value}} দিন পূর্বে"}},"weeks-ago-long":{"_index":["plural","value"],"_":{"zero":"এই সপ্তাহে","one":"গত সপ্তাহ","two":"{{value}} সপ্তাহ পূর্বে","few":"{{value}} সপ্তাহ পূর্বে","many":"{{value}} সপ্তাহ পূর্বে","other":"{{value}} সপ্তাহ পূর্বে"}},"months-ago-long":{"_index":["plural","value"],"_":{"zero":"চলতি মাস","one":"গত মাস","two":"{{value}} মাস পূর্বে","few":"{{value}} মাস পূর্বে","many":"{{value}} মাস পূর্বে","other":"{{value}} মাস পূর্বে"}},"years-ago-long":{"_index":["plural","value"],"_":{"zero":"এই বছর","one":"গত বছর","two":"{{value}} বছর আগে","few":"{{value}} বছর পূর্বে","many":"{{value}} বছর পূর্বে","other":"{{value}} বছর পূর্বে"}},"minutes-until-long":{"_index":["plural","value"],"_":{"zero":"এখন","one":"এক মিনিটের মধ্যে","two":"{{value}} মিনিটের মধ্যে","few":"{{value}} মিনিটের মধ্যে","many":"{{value}} মিনিটের মধ্যে","other":"{{value}} মিনিটের মধ্যে"}},"hours-until-long":{"_index":["plural","value"],"_":{"zero":"এখন","one":"এক ঘন্টার মধ্যে","two":"{{value}} ঘন্টার মধ্যে","few":"{{value}} ঘন্টার মধ্যে","many":"{{value}} ঘন্টার মধ্যে","other":"{{value}} ঘন্টার মধ্যে"}},"days-until-long":{"_index":["plural","value"],"_":{"zero":"আজ","one":"আগামীকাল","two":"{{value}} দিনের মধ্যে","few":"{{value}} দিনের মধ্যে","many":"{{value}} দিনের মধ্যে","other":"{{value}} দিনের মধ্যে"}},"weeks-until-long":{"_index":["plural","value"],"_":{"zero":"এই সপ্তাহ","one":"পরবর্তী সপ্তাহ","two":"{{value}} সপ্তাহের মধ্যে","few":"{{value}} সপ্তাহের মধ্যে","many":"{{value}} সপ্তাহের মধ্যে","other":"{{value}} সপ্তাহের মধ্যে"}},"months-until-long":{"_index":["plural","value"],"_":{"zero":"এই মাস","one":"পরবর্তী মাস","two":"{{value}} মাসের মধ্যে","few":"{{value}} মাসের মধ্যে","many":"{{value}} মাসের মধ্যে","other":"{{value}} মাসের মধ্যে"}},"years-until-long":{"_index":["plural","value"],"_":{"zero":"এই বছর","one":"আগামী বছর","two":"{{value}} বছরের মধ্যে","few":"{{value}} বছরের মধ্যে","many":"{{value}} বছরের মধ্যে","other":"{{value}} বছরের মধ্যে"}},"minutes-ago-short":{"_index":["plural","value"],"_":{"zero":"এইমাত্র","other":"{{value}}মি. পূর্বে"}},"hours-ago-short":{"_index":["plural","value"],"_":{"zero":"এইমাত্র","other":"{{value}}ঘন্টা পূর্বে"}},"days-ago-short":{"_index":["plural","value"],"_":{"zero":"আজ","other":"{{value}}দিন পূর্বে"}},"minutes-until-short":{"_index":["plural","value"],"_":{"zero":"এখন","other":"{{value}} মিনিটের মধ্যে"}},"hours-until-short":{"_index":["plural","value"],"_":{"zero":"এখন","other":"{{value}}ঘন্টার মধ্যে"}},"days-until-short":{"_index":["plural","value"],"_":{"zero":"আজ","other":"{{value}}দিনের মধ্যে"}},"incorrectDate":"(ভুল তারিখ)","dateTimeFormat_%c":"%a %b %e %Y %I:%M:%S %p","dateTimeFormat_%x":"%m/%d/%Y","dateTimeFormat_%X":"%I:%M:%S %p","shortTimeFormat":"%I:%M %p","shortDateTimeFormat":"%x %I:%M %p","weekStartsOnMonday":"0","time_am":"AM","time_pm":"PM","label":"লেবেল","mobile":"মোবাইল","home":"বাড়ি","work":"কর্মস্থল","personal":"ব্যক্তিগত","faxHome":"বাড়ির ফ্যাক্স","faxOffice":"অফিসের ফ্যাক্স","faxOther":"অন্যান্য ফ্যাক্স","another":"আরেকটা","other":"অন্যান্য","customTag":{"placeholder":"স্বনির্ধারিত ট্যাগ"},"current":"বর্তমান","itemWithLabel":"{{label}}, {{item}}"}