{"callAirplaneModeMessage":"Per fer una trucada cal que desactiveu el mode d'avió als paràmetres.","callAirplaneModeBtnOk":"D'acord","callAirplaneModeTitle":"Mode d'avió activat","numberIsBusyTitle":"Número ocupat","numberIsBusyMessage":"El número ara està ocupat. Proveu-ho més tard.","fdnIsActiveTitle":"Números prefixats activats","fdnIsActiveMessage":"El NAD (Nombres d'Accés Directe) està activat i el següent número no és a la vostra llista NAD: {{ number }}","voiceMail":"Bústia de veu","emergencyNumber":"Número d'emergència","emergencyDialogBodyBadNumber":"Per fer una trucada, cal que el telèfon estigui connectat a una xarxa.","emergencyDialogBodyDeviceNotAccepted":"La xarxa no permet fer trucades d'emergència.","emergencyDialogBtnOk":"D'acord","emergencyDialogTitle":"No hi ha connexió a la xarxa","invalidNumberToDialTitle":"Número de telèfon no vàlid","invalidNumberToDialMessage":"El número de telèfon al qual esteu trucant no és vàlid.","unableToCallTitle":"No es pot fer una trucada ara mateix","unableToCallMessage":"No es pot fer una trucada. Si ja esteu marcant, primer pengeu.","otherConnectionInUseTitle":"Connexió existent en ús","otherConnectionInUseMessage":"Teniu una trucada activa en una altra connexió. Podeu només utilitzar una connexió alhora.","addNewNumber":"Afegeix un número nou","addToExistingContact":"Afegeix a un contacte existent","all":{"_":"Totes","ariaLabel":"Totes"},"callLog":"Registre trucades","callLogEdit":{"title":"Edita el registre de trucades"},"callLogEditDialog":{"ariaLabel":"Diàleg d'edició del registre de trucades"},"connecting":"Connectant","cf-async":"Asíncron: {{ async }}\\n","cf-data":"Dades: {{ data }}\\n","cf-error":"S'ha produït un error en recuperar l'estat de la desviació de trucades","cf-fax":"Fax: {{ fax }}\\n","cf-inactive":"Inactiu","cf-packet":"Paquet: {{ packet }}\\n","cf-pad":"Coixinet: {{ pad }}\\n","cf-sms":"SMS: {{ sms }}\\n","cf-status":"Estat de la desviació de trucades\\n","cf-sync":"Síncron: {{ sync }}\\n","cf-voice":"Veu: {{ voice }}\\n","close":"Tanca","confirm-deletion":"Voleu esborrar les trucades seleccionades?","contacts":{"ariaLabel":"Contactes"},"createNewContact":"Crea un contacte nou","delete":"Elimina","deselectAll":"Desmarca-ho tot","dialerAddContact":{"ariaLabel":"Afegeix un contacte"},"dialerAddContactDialog":{"ariaLabel":"Diàleg d'addició de contactes"},"edit-selected":{"_index":["plural","n"],"_":{"one":"{{ n }} seleccionada","two":"{{ n }} seleccionades","few":"{{ n }} seleccionades","many":"{{ n }} seleccionades","other":"{{ n }} seleccionades"}},"edit":"Edita","hideKeypad":{"ariaLabel":"Amaga el teclat"},"ignore":"Ignora la trucada","incoming":"Trucada entrant","keypad":{"ariaLabel":"Teclat"},"makeCall":{"ariaLabel":"Fes una trucada"},"merge":"Combina","missed":{"_":"Perdudes","ariaLabel":"Perdudes"},"missedCall":"Trucada perduda","missedCallMultiSims":"(SIM {{ n }}) Trucada perduda","mmi-error":"S'ha produït un error en enviar el missatge","mmi-session-expired":"La sessió ha vençut","mmi-successfully-sent":"Missatge enviat correctament","mmi-notification-title-with-sim":"({{sim}}) {{title}}","mute":{"ariaLabel":"Silencia"},"newCall":{"ariaLabel":"Trucada nova"},"no-logs-msg-1":"Cap trucada enregistrada","no-logs-msg-2":"Inicieu una conversa ara","no-logs-msg-3":"Cap trucada perduda","recents":{"ariaLabel":"Trucades recents"},"reply":"Respon","selectAll":"Marca-ho tot","send":"Envia","switch-calls":"Commuta trucades","today":"Avui","withheld-number":"Número ocult","from-contact":"De {{ contact }}","from-number":"De {{ number }}","from-withheld-number":"D'un número ocult","yesterday":"Ahir","sending":"S'està enviant…","speakerOption":{"ariaLabel":"Altaveu"},"ussd-services":"Serveis de {{ operator }}","toggleKeypad":{"ariaLabel":"Commuta el teclat"},"type-your-response":{"placeholder":"Escriviu la vostra resposta…"},"clear-all-text":"Esborra tot el text","hide":"Amaga","call":"Truca","hold":{"ariaLabel":"En espera"},"resume":{"_":"Reprèn","ariaLabel":"Reprèn"},"sendSms":"Envia un missatge","callEnded":"Trucada finalitzada","via-sim":"amb la SIM{{ n }}","sim-number":"SIM{{ n }}","hangup-a11y-button":{"ariaLabel":"Penja"},"pickup-a11y-button":{"ariaLabel":"Despenja"},"unlock-a11y-button":{"ariaLabel":"Lliscador"},"roaming":"{{operator}} (Roaming)","settings":"Paràmetres","delete-n-log?":{"_index":["plural","n"],"_":{"zero":"No heu seleccionat res","one":"Voleu eliminar el registre seleccionat?","two":"Voleu eliminar {{ n }} registres?","few":"Voleu eliminar {{ n }} registres?","many":"Voleu eliminar {{ n }} registres?","other":"Voleu eliminar {{ n }} registres?"}},"callDurationMinutes":"{{ m }}:{{ s }}","callDurationHours":"{{ h }}:{{ m }}:{{ s}}","suggestionMatches":{"_index":["plural","n"],"_":{"one":"{{ n }} coincidència de «{{ matchNumber }}»","two":"{{ n }} coincidències de «{{ matchNumber }}»","few":"{{ n }} coincidències de «{{ matchNumber }}»","many":"{{ n }} coincidències de «{{ matchNumber }}»","other":"{{ n }} coincidències de «{{ matchNumber }}»"}},"scCallBarring":"Restricc. trucades","scCallForwarding":"Desviació trucad.","scClip":"ID trucada entr.","scClir":"ID trucada sort.","scPwd":"Canvi de contrasenya","scCallWaiting":"Trucada en espera","scPin":"Canvi de PIN","scPin2":"Canvi de PIN2","scPuk":"Desbloca el PIN","scPuk2":"Desbloca el PIN2","scImei":"IMEI","scUssd":"USSD","serviceClassVoice":"Veu","serviceClassData":"Dades","serviceClassFax":"FAX","serviceClassSms":"SMS","serviceClassDataSync":"Sínc.","serviceClassDataAsync":"Asínc.","serviceClassPacket":"Paquet","serviceClassPad":"PAD","smServiceEnabled":"S'ha activat el servei","smServiceDisabled":"S'ha desactivat el servei","smServiceRegistered":"El registre ha estat correcte","smServiceErased":"S'ha esborrat correctament","smServiceInterrogated":"La sol·licitud ha estat correcta","smServiceNotProvisioned":"Servei no proveït","smClirPermanent":"No podeu canviar el paràmetre d'identificació de trucada","smClirDefaultOnNextCallOn":"Per defecte, la identificació de trucada està restringida. Propera trucada: restringida","smClirDefaultOnNextCallOff":"Per defecte, la identificació de trucada està restringida. Propera trucada: no restringida","smClirDefaultOffNextCallOn":"Per defecte, la identificació de trucada no està restringida. Propera trucada: restringida","smClirDefaultOffNextCallOff":"Per defecte, la identificació de trucada no està restringida. Propera trucada: no restringida","smServiceEnabledFor":"S'ha activat el servei per a:","smPinChanged":"PIN canviat correctament","smPinUnblocked":"PIN desbloquejat correctament","smPin2Changed":"PIN2 canviat correctament","smPin2Unblocked":"PIN2 desbloquejat correctament","ServiceIsEnabled":"Service is enabled","ServiceIsDisabled":"Service is disabled","ServiceIsEnabledFor":"Service is enabled for:","emMmiError":"Problema de connexió o codi MMI no vàlid","emMmiErrorPasswordIncorrect":"Contrasenya incorrecta","emMmiErrorNotSupported":"Codi MMI no vàlid o no reconegut","emMmiErrorInvalidAction":"Acció no vàlida","emMmiErrorInvalidScCode":"Codi de servei no vàlid","emMmiErrorBadPuk":"El PUK que heu introduït no és correcte","emMmiErrorBadPin":"L'antic PIN que heu introduït no és correcte.","emMmiErrorNeedPuk2":"Introduïu el PUK2 per desbloquejar la targeta SIM","emMmiErrorMismatchPin":"Els PIN que heu introduït no coincideixen","emMmiErrorInvalidPin":"Introduïu un PIN de 4 a 8 dígits","emMmiErrorNeedsPuk":"La targeta SIM és bloquejada amb PUK","emMmiErrorEnablePin":"No és correcte. Activa el SIM/RUIM LOCK","emMmiErrorMmiFdn":"L'operació està restringida només a números prefixats","emMmiErrorStkCcUssdDial":"La sol·licitud USSD s'ha modificat a una sol·licitud DIAL","emMmiErrorStkCcUssdSs":"La sol·licitud USSD s'ha modificat a una sol·licitud SS","emMmiErrorStkCcUssdUssd":"La sol·licitud USSD s'ha modificat a una sol·licitud USSD nova","emMmiErrorStkCcSsDial":"La sol·licitud SS s'ha modificat a una sol·licitud DIAL","emMmiErrorStkCcSsUssd":"La sol·licitud SS s'ha modificat a una sol·licitud USSD","emMmiErrorStkCcSsSs":"La sol·licitud SS s'ha modificat a una sol·licitud SS nova","emMmiErrorPinPukAttempts":{"_index":["plural","n"],"_":{"one":"Només queda {{ n }} intent","two":"Queden {{ n }} intents","few":"Queden {{ n }} intents","many":"Queden {{ n }} intents","other":"Queden {{ n }} intents"}},"emMmiErrorSimBlocked":"S'ha excedit el màxim d'intents. La SIM s'ha bloquejat","RadioNotAvailable":"Ràdio no disponible","GenericFailure":"Error genèric","PasswordIncorrect":"Contrasenya incorrecta","SimPin2":"PIN2 de la SIM","SimPuk2":"PUK2 de la SIM","RequestNotSupported":"No es reconeix la sol·licitud","OpNotAllowedDuringVoiceCall":"No es permet l'operació durant una trucada","SmsSendFailRetry":"Reintent per error en enviar l'SMS","SimAbsent":"No hi ha cap SIM","SubscriptionNotAvailable":"Subscripció no disponible","ModeNotSupported":"Mode no implementat","FdnCheckFailure":"Error de comprovació de FDN","IllegalSimOrMe":"SIM o ME no vàlids","DialModifiedToUssd":"DIAL s'ha modificat a USSD","DialModifiedToSs":"DIAL s'ha modificat a SS","DialModifiedToDial":"DIAL s'ha modificat a DIAL","UssdModifiedToDial":"USSD s'ha modificat a DIAL","UssdModifiedToSs":"USSD s'ha modificat a SS","UssdModifiedToUssd":"USSD s'ha modificat a USSD","SsModifiedToDial":"SS s'ha modificat a DIAL","SsModifiedToUssd":"SS s'ha modificat a USSD","SsModifiedToSs":"SS s'ha modificat a SS","SubscriptionNotSupported":"No s'admet la subscripció","InvalidParameter":"Paràmetre no vàlid","RejectedByRemote":"Rebutjat pel remot","conferenceCall":"Conference ({{n}})","caller-left-call":"{{ caller }} ha penjat.","conferenceAddError":"No es poden combinar les trucades","conferenceRemoveError":"No es poden separar les trucades","longDateFormat":"%A %e %Eb","select-audio-sources":"Tria fonts d'àudio","bluetooth-handsfree-device":"Dispositiu Bluetooth mans lliures","receiver":"Receptor","speaker":"Altaveu","weekday-0-long":"diumenge","weekday-1-long":"dilluns","weekday-2-long":"dimarts","weekday-3-long":"dimecres","weekday-4-long":"dijous","weekday-5-long":"divendres","weekday-6-long":"dissabte","weekday-0-short":"dg","weekday-1-short":"dl","weekday-2-short":"dt","weekday-3-short":"dc","weekday-4-short":"dj","weekday-5-short":"dv","weekday-6-short":"ds","month-0-long":"gener","month-1-long":"febrer","month-2-long":"març","month-3-long":"abril","month-4-long":"maig","month-5-long":"juny","month-6-long":"juliol","month-7-long":"agost","month-8-long":"setembre","month-9-long":"octubre","month-10-long":"novembre","month-11-long":"desembre","month-0-genitive":"de gener","month-1-genitive":"de febrer","month-2-genitive":"de març","month-3-genitive":"d'abril","month-4-genitive":"de maig","month-5-genitive":"de juny","month-6-genitive":"de juliol","month-7-genitive":"d'agost","month-8-genitive":"de setembre","month-9-genitive":"d'octubre","month-10-genitive":"de novembre","month-11-genitive":"de desembre","month-0-short":"gen","month-1-short":"febr","month-2-short":"març","month-3-short":"abr","month-4-short":"maig","month-5-short":"juny","month-6-short":"jul","month-7-short":"ag","month-8-short":"set","month-9-short":"oct","month-10-short":"nov","month-11-short":"des","minutes-ago-long":{"_index":["plural","value"],"_":{"zero":"ara","one":"fa un minut","two":"fa {{value}} minuts","few":"fa {{value}} minuts","many":"fa {{value}} minuts","other":"fa {{value}} minuts"}},"hours-ago-long":{"_index":["plural","value"],"_":{"zero":"ara","one":"fa una hora","two":"fa {{value}} hores","few":"fa {{value}} hores","many":"fa {{value}} hores","other":"fa {{value}} hores"}},"days-ago-long":{"_index":["plural","value"],"_":{"zero":"avui","one":"ahir","two":"fa {{value}} dies","few":"fa {{value}} dies","many":"fa {{value}} dies","other":"fa {{value}} dies"}},"weeks-ago-long":{"_index":["plural","value"],"_":{"zero":"aquesta setmana","one":"la setmana passada","two":"fa {{value}} setmanes","few":"fa {{value}} setmanes","many":"fa {{value}} setmanes","other":"fa {{value}} setmanes"}},"months-ago-long":{"_index":["plural","value"],"_":{"zero":"aquest mes","one":"el mes passat","two":"fa {{value}} mesos","few":"fa {{value}} mesos","many":"fa {{value}} mesos","other":"fa {{value}} mesos"}},"years-ago-long":{"_index":["plural","value"],"_":{"zero":"enguany","one":"l'any passat","two":"fa {{value}} anys","few":"fa {{value}} anys","many":"fa {{value}} anys","other":"fa {{value}} anys"}},"minutes-until-long":{"_index":["plural","value"],"_":{"zero":"ara","one":"d'aquí un minut","two":"d'aquí {{value}} minuts","few":"d'aquí {{value}} minuts","many":"d'aquí {{value}} minuts","other":"d'aquí {{value}} minuts"}},"hours-until-long":{"_index":["plural","value"],"_":{"zero":"ara","one":"d'aquí una hora","two":"d'aquí {{value}} hores","few":"d'aquí {{value}} hores","many":"d'aquí {{value}} hores","other":"d'aquí {{value}} hores"}},"days-until-long":{"_index":["plural","value"],"_":{"zero":"avui","one":"demà","two":"d'aquí {{value}} dies","few":"d'aquí {{value}} dies","many":"d'aquí {{value}} dies","other":"d'aquí {{value}} dies"}},"weeks-until-long":{"_index":["plural","value"],"_":{"zero":"aquesta setmana","one":"la setmana que ve","two":"d'aquí {{value}} setmanes","few":"d'aquí {{value}} setmanes","many":"d'aquí {{value}} setmanes","other":"d'aquí {{value}} setmanes"}},"months-until-long":{"_index":["plural","value"],"_":{"zero":"aquest mes","one":"el mes que ve","two":"d'aquí {{value}} mesos","few":"d'aquí {{value}} mesos","many":"d'aquí {{value}} mesos","other":"d'aquí {{value}} mesos"}},"years-until-long":{"_index":["plural","value"],"_":{"zero":"enguany","one":"l'any que ve","two":"d'aquí {{value}} anys","few":"d'aquí {{value}} anys","many":"d'aquí {{value}} anys","other":"d'aquí {{value}} anys"}},"minutes-ago-short":{"_index":["plural","value"],"_":{"zero":"ara","other":"fa {{value}} m"}},"hours-ago-short":{"_index":["plural","value"],"_":{"zero":"ara","other":"fa {{value}} h"}},"days-ago-short":{"_index":["plural","value"],"_":{"zero":"avui","other":"fa {{value}} d"}},"minutes-until-short":{"_index":["plural","value"],"_":{"zero":"ara","other":"d'aquí {{value}} m"}},"hours-until-short":{"_index":["plural","value"],"_":{"zero":"ara","other":"d'aquí {{value}} h"}},"days-until-short":{"_index":["plural","value"],"_":{"zero":"avui","other":"d'aquí {{value}} d"}},"incorrectDate":"(data no vàlida)","dateTimeFormat_%c":"%a %e %Eb, %Y %H:%M:%S","dateTimeFormat_%x":"%d/%m/%Y","dateTimeFormat_%X":"%H:%M:%S","shortTimeFormat":"%H:%M","shortDateTimeFormat":"%x %H:%M","weekStartsOnMonday":"1","time_am":"am","time_pm":"pm","label":"Label","mobile":"Mobile","home":"Home","work":"Work","personal":"Personal","faxHome":"Fax home","faxOffice":"Fax office","faxOther":"Fax other","another":"Another","other":"Other","customTag":{"placeholder":"Custom tag"},"current":"Current","itemWithLabel":"{{label}}, {{item}}"}