{"callAirplaneModeMessage":"Chcete-li volat, musíte v nastavení zakázat režim V letadle.","callAirplaneModeBtnOk":"OK","callAirplaneModeTitle":"Režim V letadle je aktivován","numberIsBusyTitle":"Číslo je zaneprázdněno","numberIsBusyMessage":"Číslo je aktuálně zaneprázdněno. Zkuste to prosím znovu později.","fdnIsActiveTitle":"FDN aktivní","fdnIsActiveMessage":"FDN (Fixed Dialing Numbers) je aktivní a následující číslo není na vašem FDN seznamu: {{ number }}","voiceMail":"Hlasová schránka","emergencyNumber":"Tísňové volání","emergencyDialogBodyBadNumber":"Chcete-li volat, musí být telefon připojen k síti.","emergencyDialogBodyDeviceNotAccepted":"Tísňová volání nejsou sítí povolena.","emergencyDialogBtnOk":"OK","emergencyDialogTitle":"Žádné síťové připojení","invalidNumberToDialTitle":"Neplatné telefonní číslo","invalidNumberToDialMessage":"Telefonní číslo, které vytáčíte, je neplatné.","unableToCallTitle":"V současné době nelze uskutečnit telefonní hovor.","unableToCallMessage":"Nelze uskutečnit telefonní hovor. Pokud již vytáčíte, zavěste prosím.","otherConnectionInUseTitle":"Právě se používá jiné spojení","otherConnectionInUseMessage":"Právě probíhá hovor v dalším vašem spojení. Současně je možné využívat pouze jedno spojení.","addNewNumber":"Přidat nové číslo","addToExistingContact":"Přidat k existujícímu kontaktu","all":{"_":"Vše","ariaLabel":"Vše"},"callLog":"Historie volání","callLogEdit":{"title":"Úprava historie volání"},"callLogEditDialog":{"ariaLabel":"Dialog Úprava historie volání"},"connecting":"Připojování","cf-async":"Asynchronní: {{ async }}\\n","cf-data":"Data: {{ data }}\\n","cf-error":"Při získávání stavu přesměrování volání nastala chyba","cf-fax":"FAX: {{ fax }}\\n","cf-inactive":"Neaktivní","cf-packet":"Paket: {{ packet }}\\n","cf-pad":"PAD: {{ pad }}\\n","cf-sms":"SMS: {{ sms }}\\n","cf-status":"Stav přesměrování volání\\n","cf-sync":"Synchronní: {{ sync }}\\n","cf-voice":"Hlas: {{ voice }}\\n","close":"Zavřít","confirm-deletion":"Vymazat zvolená volání?","contacts":{"ariaLabel":"Kontakty"},"createNewContact":"Vytvořit nový kontakt","delete":"Smazat","deselectAll":"Zrušit výběr","dialerAddContact":{"ariaLabel":"Přidat kontakt"},"dialerAddContactDialog":{"ariaLabel":"Dialog Přidat kontakt"},"edit-selected":{"_index":["plural","n"],"_":{"one":"{{ n }} zvolený","two":"{{ n }} zvolené","few":"{{ n }} zvolené","many":"{{ n }} zvolených","other":"{{ n }} zvolených"}},"edit":"Upravit","hideKeypad":{"ariaLabel":"Skrýt klávesnici"},"ignore":"Ignorovat volání","incoming":"Příchozí","keypad":{"ariaLabel":"Klávesnice"},"makeCall":{"ariaLabel":"Zavolat"},"merge":"Sloučit","missed":{"_":"Zmeškané","ariaLabel":"Zmeškané"},"missedCall":"Zmeškané volání","missedCallMultiSims":"(SIM {{ n }}) Zmeškané volání","mmi-error":"Při posílání zprávy nastala chyba","mmi-session-expired":"Relace vypršela","mmi-successfully-sent":"Zpráva byla úspěšně odeslána","mmi-notification-title-with-sim":"({{sim}}) {{title}}","mute":{"ariaLabel":"Ztišit"},"newCall":{"ariaLabel":"Nové volání"},"no-logs-msg-1":"Není zaznamenáno žádné volání","no-logs-msg-2":"Zahájení komunikace","no-logs-msg-3":"Žádná zmeškaná volání","recents":{"ariaLabel":"Nedávná volání"},"reply":"Odpověď","selectAll":"Vybrat vše","send":"Odeslat","switch-calls":"Přepnout volání","today":"Dnes","withheld-number":"Utajené číslo","from-contact":"Od {{ contact }}","from-number":"Od {{ number }}","from-withheld-number":"Z utajeného čísla","yesterday":"Včera","sending":"Odesílání…","speakerOption":{"ariaLabel":"Reproduktor"},"ussd-services":"Služby {{ operator }}","toggleKeypad":{"ariaLabel":"Přepnout klávesnici"},"type-your-response":{"placeholder":"Napište svou odpověď…"},"clear-all-text":"Vymazat celý text","hide":"Skrýt","call":"Volat","hold":{"ariaLabel":"Přidržet"},"resume":{"_":"Pokračovat","ariaLabel":"Pokračovat"},"sendSms":"Odeslat zprávu","callEnded":"Hovor ukončen","via-sim":"skrze SIM{{ n }}","sim-number":"SIM{{ n }}","hangup-a11y-button":{"ariaLabel":"Zavěsit"},"pickup-a11y-button":{"ariaLabel":"Zvednout"},"unlock-a11y-button":{"ariaLabel":"Posuvník"},"roaming":"{{operator}} (Roaming)","settings":"Nastavení","delete-n-log?":{"_index":["plural","n"],"_":{"zero":"Nic nebylo zvoleno","one":"Smazat vybraný log?","two":"Smazat {{ n }} logy?","few":"Smazat {{ n }} logy?","many":"Smazat {{ n }} logů?","other":"Smazat {{ n }} logů?"}},"callDurationMinutes":"{{ m }}:{{ s }}","callDurationHours":"{{ h }}:{{ m }}:{{ s}}","suggestionMatches":{"_index":["plural","n"],"_":{"one":"{{ n }} odpovídá \"{{ matchNumber }}\"","two":"{{ n }} odpovídá \"{{ matchNumber }}\"","few":"{{ n }} odpovídá \"{{ matchNumber }}\"","many":"{{ n }} odpovídá \"{{ matchNumber }}\"","other":"{{ n }} odpovídá \"{{ matchNumber }}\""}},"scCallBarring":"Blokování hovoru","scCallForwarding":"Přesměrování hovoru","scClip":"ID příchozího hovoru","scClir":"ID odchozího hovoru","scPwd":"Změna hesla","scCallWaiting":"Čekající hovor","scPin":"Změna PIN","scPin2":"Změna PIN2","scPuk":"Odblokování PIN","scPuk2":"Odblokování PIN2","scImei":"IMEI","scUssd":"USSD","serviceClassVoice":"Hlas","serviceClassData":"Data","serviceClassFax":"FAX","serviceClassSms":"SMS","serviceClassDataSync":"Sync","serviceClassDataAsync":"Async","serviceClassPacket":"Paket","serviceClassPad":"PAD","smServiceEnabled":"Služba byla povolena","smServiceDisabled":"Služba byla zakázána","smServiceRegistered":"Registrace byla úspěšná","smServiceErased":"Vymazání bylo úspěšné","smServiceInterrogated":"Požadavek byl úspěšný","smServiceNotProvisioned":"Služba není dotována","smClirPermanent":"Nemůžete změnit nastavení identifikace volajícího","smClirDefaultOnNextCallOn":"Výchozí identifikace volajícího omezena. Příští hovor: omezeno","smClirDefaultOnNextCallOff":"Výchozí identifikace volajícího neomezena. Příští hovor: neomezeno","smClirDefaultOffNextCallOn":"Výchozí identifikace volajícího omezena. Příští hovor: omezeno","smClirDefaultOffNextCallOff":"Výchozí identifikace volajícího neomezena. Příští hovor: neomezeno","smServiceEnabledFor":"Služba byla povolena pro:","smPinChanged":"Kód PIN úspěšně změněn","smPinUnblocked":"Kód PIN úspěšně odblokován","smPin2Changed":"Kód PIN2 úspěšně změněn","smPin2Unblocked":"Kód PIN2 úspěšně odblokován","ServiceIsEnabled":"Service is enabled","ServiceIsDisabled":"Service is disabled","ServiceIsEnabledFor":"Service is enabled for:","emMmiError":"Problém s připojením či neplatný kód MMI","emMmiErrorPasswordIncorrect":"Neplatné heslo","emMmiErrorNotSupported":"Neplatný nebo nepodporovaný kód MMI","emMmiErrorInvalidAction":"Neplatná akce","emMmiErrorInvalidScCode":"Neplatný servisní kód","emMmiErrorBadPuk":"Kód PUK, který jste zadal(a), není platný","emMmiErrorBadPin":"Starý PIN, který jste zadal(a), není platný","emMmiErrorNeedPuk2":"Pro odblokování karty SIM zadejte kód PUK2","emMmiErrorMismatchPin":"Kódy PIN, které jste zadal(a), si neodpovídají","emMmiErrorInvalidPin":"Zadejte kód PIN, který je dlouhý 4 až 8 čísel","emMmiErrorNeedsPuk":"Vaše karta SIM je uzamčena kódem PUK","emMmiErrorEnablePin":"Neúspěch. Povolte SIM/RUIM LOCK","emMmiErrorMmiFdn":"Operace je omezena na konkrétní čísla volání","emMmiErrorStkCcUssdDial":"USSD požadavek je upraven na DIAL požadavek","emMmiErrorStkCcUssdSs":"USSD požadavek je upraven na SS požadavek","emMmiErrorStkCcUssdUssd":"USSD požadavek je upraven na nový USSD požadavek","emMmiErrorStkCcSsDial":"SS požadavek je upraven na DIAL požadavek","emMmiErrorStkCcSsUssd":"SS požadavek je upraven na USSD požadavek","emMmiErrorStkCcSsSs":"SS požadavek je upraven na nový SS požadavek","emMmiErrorPinPukAttempts":{"_index":["plural","n"],"_":{"one":"Zbývá pouze {{ n }} pokud","two":"Zbývají {{ n }} pokusy","few":"Zbývají {{ n }} pokusy","many":"Zbývá {{ n }} pokusů","other":"Zbývá {{ n }} pokusů"}},"emMmiErrorSimBlocked":"Bylo dosaženo maximálního počtu pokusů. Karta SIM je zablokována","RadioNotAvailable":"Rádio není dostupné","GenericFailure":"Obecné selhání","PasswordIncorrect":"Neplatné heslo","SimPin2":"SIM PIN2","SimPuk2":"SIM PUK2","RequestNotSupported":"Požadavek není podporován","OpNotAllowedDuringVoiceCall":"Operace není během hlasového hovoru povolena","SmsSendFailRetry":"Opakované selhání poslání SMS zprávy","SimAbsent":"Chybějící SIM","SubscriptionNotAvailable":"Odběr není dostupný","ModeNotSupported":"Mód není podporován","FdnCheckFailure":"Kontrola Fdn sehala","IllegalSimOrMe":"Neplatná SIM či ME","DialModifiedToUssd":"Dial upraven na USSD","DialModifiedToSs":"Dial upraven na SS","DialModifiedToDial":"Dial upraven na dial","UssdModifiedToDial":"USSD upraven na dial","UssdModifiedToSs":"USSD upraven na SS","UssdModifiedToUssd":"USSD upraven na USSD","SsModifiedToDial":"SS upraven na dial","SsModifiedToUssd":"SS upraven na USSD","SsModifiedToSs":"SS upraven na SS","SubscriptionNotSupported":"Odběr není podporován","InvalidParameter":"Neplatné parametry","RejectedByRemote":"Zamítnuto vzdálenou stranou","conferenceCall":"Konference ({{n}})","caller-left-call":"Volající {{ caller }} opustil hovor.","conferenceAddError":"Není možné spojit hovory","conferenceRemoveError":"Není možné rozdělit hovory","longDateFormat":"%A, %e. %Eb","select-audio-sources":"Zvolte zdroje zvuku","bluetooth-handsfree-device":"Bluetooth zařízení handsfree","receiver":"Přijímač","speaker":"Reproduktor","weekday-0-long":"Neděle","weekday-1-long":"Pondělí","weekday-2-long":"Úterý","weekday-3-long":"Středa","weekday-4-long":"Čtvrtek","weekday-5-long":"Pátek","weekday-6-long":"Sobota","weekday-0-short":"Ne","weekday-1-short":"Po","weekday-2-short":"Út","weekday-3-short":"St","weekday-4-short":"Čt","weekday-5-short":"Pá","weekday-6-short":"So","month-0-long":"Leden","month-1-long":"Únor","month-2-long":"Březen","month-3-long":"Duben","month-4-long":"Květen","month-5-long":"Červen","month-6-long":"Červenec","month-7-long":"Srpen","month-8-long":"Září","month-9-long":"Říjen","month-10-long":"Listopad","month-11-long":"Prosinec","month-0-genitive":"Leden","month-1-genitive":"Únor","month-2-genitive":"Březen","month-3-genitive":"Duben","month-4-genitive":"Květen","month-5-genitive":"Červen","month-6-genitive":"Červenec","month-7-genitive":"Srpen","month-8-genitive":"Září","month-9-genitive":"Říjen","month-10-genitive":"Listopad","month-11-genitive":"Prosinec","month-0-short":"leden","month-1-short":"únor","month-2-short":"březen","month-3-short":"duben","month-4-short":"květen","month-5-short":"červen","month-6-short":"červenec","month-7-short":"srpen","month-8-short":"září","month-9-short":"říjen","month-10-short":"listopad","month-11-short":"prosinec","minutes-ago-long":{"_index":["plural","value"],"_":{"zero":"právě teď","one":"před minutou","two":"před 2 minutami","few":"před {{value}} minutami","many":"před {{value}} minutami","other":"před {{value}} minutami"}},"hours-ago-long":{"_index":["plural","value"],"_":{"zero":"právě teď","one":"před hodinou","two":"před 2 hodinami","few":"před {{value}} hodinami","many":"před {{value}} hodinami","other":"před {{value}} hodinami"}},"days-ago-long":{"_index":["plural","value"],"_":{"zero":"dnes","one":"včera","two":"předevčírem","few":"před {{value}} dny","many":"před {{value}} dny","other":"před {{value}} dny"}},"weeks-ago-long":{"_index":["plural","value"],"_":{"zero":"tento týden","one":"minutý týden","two":"před {{value}} týdny","few":"před {{value}} týdny","many":"před {{value}} týdny","other":"před {{value}} týdny"}},"months-ago-long":{"_index":["plural","value"],"_":{"zero":"tento měsíc","one":"minulý měsíc","two":"před {{value}} měsíci","few":"před {{value}} měsíci","many":"před {{value}} měsíci","other":"před {{value}} měsíci"}},"years-ago-long":{"_index":["plural","value"],"_":{"zero":"tento rok","one":"minulý rok","two":"před {{value}} roky","few":"před {{value}} roky","many":"před {{value}} roky","other":"před {{value}} roky"}},"minutes-until-long":{"_index":["plural","value"],"_":{"zero":"nyní","one":"za minutu","two":"za 2 minuty","few":"za {{value}} minuty","many":"za {{value}} minut","other":"za {{value}} minut"}},"hours-until-long":{"_index":["plural","value"],"_":{"zero":"nyní","one":"za hodinu","two":"za 2 hodiny","few":"za {{value}} hodiny","many":"za {{value}} hodin","other":"za {{value}} hodin"}},"days-until-long":{"_index":["plural","value"],"_":{"zero":"dnes","one":"zítra","two":"pozítří","few":"za {{value}} dny","many":"za {{value}} dnů","other":"za {{value}} dnů"}},"weeks-until-long":{"_index":["plural","value"],"_":{"zero":"tento týden","one":"příští týden","two":"za {{value}} týdny","few":"za {{value}} týdny","many":"za {{value}} týdnů","other":"za {{value}} týdnů"}},"months-until-long":{"_index":["plural","value"],"_":{"zero":"tento měsíc","one":"příští měsíc","two":"za {{value}} měsíce","few":"za {{value}} měsíce","many":"za {{value}} měsíců","other":"za {{value}} měsíců"}},"years-until-long":{"_index":["plural","value"],"_":{"zero":"tento rok","one":"příští rok","two":"za {{value}} roky","few":"za {{value}} roky","many":"za {{value}} roků","other":"za {{value}} roků"}},"minutes-ago-short":{"_index":["plural","value"],"_":{"zero":"právě teď","other":"před {{value}} min"}},"hours-ago-short":{"_index":["plural","value"],"_":{"zero":"právě teď","other":"před {{value}} hod"}},"days-ago-short":{"_index":["plural","value"],"_":{"zero":"dnes","other":"před {{value}} dny"}},"minutes-until-short":{"_index":["plural","value"],"_":{"zero":"nyní","other":"za {{value}} min"}},"hours-until-short":{"_index":["plural","value"],"_":{"zero":"nyní","other":"za {{value}} hod"}},"days-until-short":{"_index":["plural","value"],"_":{"zero":"dnes","other":"za {{value}} dny"}},"incorrectDate":"(neplatné datum)","dateTimeFormat_%c":"%a %e. %b %Y %H:%M:%S","dateTimeFormat_%x":"%e. %m. %Y","dateTimeFormat_%X":"%H:%M:%S","shortTimeFormat":"%H:%M","shortDateTimeFormat":"%x %H:%M","weekStartsOnMonday":"1","time_am":"AM","time_pm":"PM","label":"Označení","mobile":"Mobil","home":"Domů","work":"Práce","personal":"Osobní","faxHome":"Fax domů","faxOffice":"Fax práce","faxOther":"Fax ostatní","another":"Další","other":"Ostatní","customTag":{"placeholder":"Vlastní značka"},"current":"Aktuální","itemWithLabel":"{{label}}, {{item}}"}