{"callAirplaneModeMessage":"Du skal slå flytilstand fra, før du kan ringe op.","callAirplaneModeBtnOk":"OK","callAirplaneModeTitle":"Flytilstand er aktiveret","numberIsBusyTitle":"Nummeret er optaget","numberIsBusyMessage":"Nummeret er optaget, prøv igen senere.","fdnIsActiveTitle":"FON er aktiveret","fdnIsActiveMessage":"FON (faste opkaldsnumre) er aktiveret og det følgende nummer er ikke med på din FON-liste: {{ number }}","voiceMail":"Telefonsvarer","emergencyNumber":"Nødopkald","emergencyDialogBodyBadNumber":"Du skal være tilkoblet et mobilnet for at kunne foretage opkald.","emergencyDialogBodyDeviceNotAccepted":"Det benyttede mobilnet tillader ikke nødopkald.","emergencyDialogBtnOk":"OK","emergencyDialogTitle":"Ingen forbindelse til mobilnettet","invalidNumberToDialTitle":"Ugyldigt telefonnummer","invalidNumberToDialMessage":"Det benyttede telefonnummer er ugyldigt.","unableToCallTitle":"Kan ikke ringe op i øjeblikket","unableToCallMessage":"Kan ikke ringe op. Hvis du allerede har et aktivt opkald, skal du afbryde det, før du kan ringe op.","otherConnectionInUseTitle":"En anden forbindelse er aktiv","otherConnectionInUseMessage":"Du har et igangværende opkald på en anden forbindelse. Du kan kun bruge én forbindelse ad gangen.","addNewNumber":"Tilføj nyt nummer","addToExistingContact":"Føj til en eksisterende kontakt","all":{"_":"Alle","ariaLabel":"Alle"},"callLog":"Opkaldslog","callLogEdit":{"title":"Rediger opkaldslog"},"callLogEditDialog":{"ariaLabel":"Rediger dialogboksen Opkaldslog"},"connecting":"Forbinder","cf-async":"Asynkron: {{ async }}\\n","cf-data":"Data: {{ data }}\\n","cf-error":"Der opstod en fejl ved indhentning af oplysning om viderestilling","cf-fax":"Fax: {{ fax }}\\n","cf-inactive":"Inaktiv","cf-packet":"Pakke: {{ packet }}\\n","cf-pad":"PAD: {{ pad }}\\n","cf-sms":"SMS: {{ sms }}\\n","cf-status":"Status for viderestilling\\n","cf-sync":"Synkron: {{ sync }}\\n","cf-voice":"Tale: {{ voice }}\\n","close":"Luk","confirm-deletion":"Ryd de markerede opkald?","contacts":{"ariaLabel":"Kontakter"},"createNewContact":"Opret ny kontakt","delete":"Slet","deselectAll":"Fjern markeringer","dialerAddContact":{"ariaLabel":"Tilføj kontakt"},"dialerAddContactDialog":{"ariaLabel":"Tilføj dialogboksen Kontakter"},"edit-selected":{"_index":["plural","n"],"_":{"one":"{{ n }} markeret","two":"{{ n }} markerede","few":"{{ n }} markerede","many":"{{ n }} markerede","other":"{{ n }} markerede"}},"edit":"Rediger","hideKeypad":{"ariaLabel":"Skjul tastatur"},"ignore":"Ignorer opkald","incoming":"Indgående","keypad":{"ariaLabel":"Tastatur"},"makeCall":{"ariaLabel":"Ring op"},"merge":"Flet","missed":{"_":"Ubesvarede","ariaLabel":"Ubesvarede"},"missedCall":"Ubesvaret opkald","missedCallMultiSims":"(Simkort {{ n }}) Ubesvaret opkald","mmi-error":"Der opstod en fejl ved afsendelse af beskeden","mmi-session-expired":"Session er udløbet","mmi-successfully-sent":"Beskeden er sendt","mmi-notification-title-with-sim":"({{sim}}) {{title}}","mute":{"ariaLabel":"Slå lyd fra"},"newCall":{"ariaLabel":"Nyt opkald"},"no-logs-msg-1":"Der er ikke noteret opkald","no-logs-msg-2":"Begynd at kommunikere nu","no-logs-msg-3":"Du er ikke gået glip af opkald","recents":{"ariaLabel":"Seneste opkald"},"reply":"Svar","selectAll":"Marker alt","send":"Send","switch-calls":"Skift samtale","today":"I dag","withheld-number":"Tilbageholdt nummer","from-contact":"Fra {{ contact }}","from-number":"Fra {{ number }}","from-withheld-number":"Fra tilbageholdt nummer","yesterday":"I går","sending":"Sender…","speakerOption":{"ariaLabel":"Højtaler"},"ussd-services":"{{ operator }}-tjenester","toggleKeypad":{"ariaLabel":"Slå tastatur til eller fra"},"type-your-response":{"placeholder":"Skriv dit svar…"},"clear-all-text":"Ryd al tekst","hide":"Skjul","call":"Ring op","hold":{"ariaLabel":"Hold"},"resume":{"_":"Fortsæt","ariaLabel":"Fortsæt"},"sendSms":"Send besked","callEnded":"Samtale afsluttet","via-sim":"via Simkort{{ n }}","sim-number":"Simkort{{ n }}","hangup-a11y-button":{"ariaLabel":"Afbryd"},"pickup-a11y-button":{"ariaLabel":"Svar"},"unlock-a11y-button":{"ariaLabel":"Forskyder"},"roaming":"{{operator}} (Roaming)","settings":"Indstillinger","delete-n-log?":{"_index":["plural","n"],"_":{"zero":"Intet markeret","one":"Slet markeret log?","two":"Slet {{ n }} logs?","few":"Slet {{ n }} logs?","many":"Slet {{ n }} logs?","other":"Slet {{ n }} logs?"}},"callDurationMinutes":"{{ m }}:{{ s }}","callDurationHours":"{{ h }}:{{ m }}:{{ s}}","suggestionMatches":{"_index":["plural","n"],"_":{"one":"{{ n }} match efter \"{{ matchNumber }}\"","two":"{{ n }} matches efter \"{{ matchNumber }}\"","few":"{{ n }} matches efter \"{{ matchNumber }}\"","many":"{{ n }} matches efter \"{{ matchNumber }}\"","other":"{{ n }} matches efter \"{{ matchNumber }}\""}},"scCallBarring":"Opkaldsspærring","scCallForwarding":"Viderestilling","scClip":"Indkommende ID","scClir":"Udgående ID","scPwd":"Skift adgangskode","scCallWaiting":"Ventende opkald","scPin":"Skift pinkode","scPin2":"Skift PIN2-kode","scPuk":"Lås pinkoden op","scPuk2":"Lås PIN2-koden op","scImei":"IMEI-nummer","scUssd":"USSD","serviceClassVoice":"Stemme","serviceClassData":"Data","serviceClassFax":"Fax","serviceClassSms":"SMS","serviceClassDataSync":"Synkron","serviceClassDataAsync":"Asynkron","serviceClassPacket":"Pakke","serviceClassPad":"PAD","smServiceEnabled":"Tjenesten er aktiveret","smServiceDisabled":"Tjenesten er deaktiveret","smServiceRegistered":"Registrering udført","smServiceErased":"Sletning udført","smServiceInterrogated":"Forespørgsel udført","smServiceNotProvisioned":"Tjenesten er ikke klargjort","smClirPermanent":"Du kan ikke ændre indstilling for nummervisning","smClirDefaultOnNextCallOn":"Nummervisning er som standard begrænset. Næste opkald: Begrænset","smClirDefaultOnNextCallOff":"Nummervisning er som standard begrænset. Næste opkald: Ubegrænset","smClirDefaultOffNextCallOn":"Nummervisning er som standard ubegrænset. Næste opkald: Begrænset","smClirDefaultOffNextCallOff":"Nummervisning er som standard ubegrænset. Næste opkald: Ubegrænset","smServiceEnabledFor":"Tjenesten blev aktiveret for:","smPinChanged":"Pinkode er ændret","smPinUnblocked":"Pinkode er låst op","smPin2Changed":"PIN2-kode er ændret","smPin2Unblocked":"PIN2-kode er låst op","ServiceIsEnabled":"Service is enabled","ServiceIsDisabled":"Service is disabled","ServiceIsEnabledFor":"Service is enabled for:","emMmiError":"Forbindelsesproblem eller ugyldig MMI-kode","emMmiErrorPasswordIncorrect":"Forkert adgangskode","emMmiErrorNotSupported":"Ugyldig eller ikke understøttet MMI-kode","emMmiErrorInvalidAction":"Ugyldig handling","emMmiErrorInvalidScCode":"Ugyldig tjenestekode","emMmiErrorBadPuk":"Den indtastede PUK-kode er forkert","emMmiErrorBadPin":"Den gamle pinkode er forkert.","emMmiErrorNeedPuk2":"Indtast PUK2-koden for at låse simkortet op","emMmiErrorMismatchPin":"De indtastede pinkoder er ikke ens","emMmiErrorInvalidPin":"Indtast en pinkode på mellem 4 og 8 cifre","emMmiErrorNeedsPuk":"Dit simkort er PUK-låst","emMmiErrorEnablePin":"Det mislykkedes. Aktiver sim-/RUIM-lås","emMmiErrorMmiFdn":"Operationen er begrænset til faste opkaldsnumre","emMmiErrorStkCcUssdDial":"USSD-forespørgsel er ændret til en DIAL-forespørgsel","emMmiErrorStkCcUssdSs":"USSD-forespørgsel er ændret til en SS-forespørgsel","emMmiErrorStkCcUssdUssd":"USSD-forespørgsel er ændret til en ny USSD-forespørgsel","emMmiErrorStkCcSsDial":"SS-forespørgsel er ændret til en DIAL-forespørgsel","emMmiErrorStkCcSsUssd":"SS-forespørgsel er ændret til en USSD-forespørgsel","emMmiErrorStkCcSsSs":"SS-forespørgsel er ændret til en ny SS-forespørgsel","emMmiErrorPinPukAttempts":{"_index":["plural","n"],"_":{"one":"Kun {{ n }} forsøg tilbage","two":"{{ n }} forsøg tilbage","few":"{{ n }} forsøg tilbage","many":"{{ n }} forsøg tilbage","other":"{{ n }} forsøg tilbage"}},"emMmiErrorSimBlocked":"Du har ikke flere forsøg tilbage. Simkortet er låst","RadioNotAvailable":"Radio er ikke tilgængelig","GenericFailure":"Generel fejl","PasswordIncorrect":"Forkert adgangskode","SimPin2":"Simkortets PIN2-kode","SimPuk2":"Simkortets PUK2-kode","RequestNotSupported":"Forespørgsel er ikke understøttet","OpNotAllowedDuringVoiceCall":"Operationen er ikke tilladt samtidig med et stemmeopkald","SmsSendFailRetry":"Afsendelse af SMS mislykkedes. Prøv igen","SimAbsent":"Intet simkort","SubscriptionNotAvailable":"Abonnement ikke tilgængeligt","ModeNotSupported":"Ikke understøttet tilstand","FdnCheckFailure":"FON-tjekfejl","IllegalSimOrMe":"Ugyldigt simkort eller ME","DialModifiedToUssd":"Opkald ændret til USSD","DialModifiedToSs":"Opkald ændret til SS","DialModifiedToDial":"Opkald ændret til opkald","UssdModifiedToDial":"USSD ændret til opkald","UssdModifiedToSs":"USSD ændret til SS","UssdModifiedToUssd":"USSD ændret til USSD","SsModifiedToDial":"SS ændret til opkald","SsModifiedToUssd":"SS ændret til USSD","SsModifiedToSs":"SS ændret til SS","SubscriptionNotSupported":"Abonnement ikke understøttet","InvalidParameter":"Ugyldig parameter","RejectedByRemote":"Afvist af modpart","conferenceCall":"Gruppesamtale ({{n}})","caller-left-call":"{{ caller }} har forladt samtalen.","conferenceAddError":"Kan ikke sammenflette opkald","conferenceRemoveError":"Kan ikke adskille opkald","longDateFormat":"%A d. %e. %B","select-audio-sources":"Vælg lydkilder","bluetooth-handsfree-device":"Håndfri Bluetooth-enhed","receiver":"Modtager","speaker":"Højtaler","weekday-0-long":"Søndag","weekday-1-long":"Mandag","weekday-2-long":"Tirsdag","weekday-3-long":"Onsdag","weekday-4-long":"Torsdag","weekday-5-long":"Fredag","weekday-6-long":"Lørdag","weekday-0-short":"Søn","weekday-1-short":"Man","weekday-2-short":"Tir","weekday-3-short":"Ons","weekday-4-short":"Tor","weekday-5-short":"Fre","weekday-6-short":"Lør","month-0-long":"Januar","month-1-long":"Februar","month-2-long":"Marts","month-3-long":"April","month-4-long":"Maj","month-5-long":"Juni","month-6-long":"Juli","month-7-long":"August","month-8-long":"September","month-9-long":"Oktober","month-10-long":"November","month-11-long":"December","month-0-genitive":"januar","month-1-genitive":"februar","month-2-genitive":"marts","month-3-genitive":"april","month-4-genitive":"maj","month-5-genitive":"juni","month-6-genitive":"juli","month-7-genitive":"august","month-8-genitive":"september","month-9-genitive":"oktober","month-10-genitive":"november","month-11-genitive":"december","month-0-short":"Jan","month-1-short":"Feb","month-2-short":"Mar","month-3-short":"Apr","month-4-short":"Maj","month-5-short":"Jun","month-6-short":"Jul","month-7-short":"Aug","month-8-short":"Sep","month-9-short":"Okt","month-10-short":"Nov","month-11-short":"Dec","minutes-ago-long":{"_index":["plural","value"],"_":{"zero":"nu","one":"for et minut siden","two":"for {{value}} minutter siden","few":"for {{value}} minutter siden","many":"for {{value}} minutter siden","other":"for {{value}} minutter siden"}},"hours-ago-long":{"_index":["plural","value"],"_":{"zero":"nu","one":"for en time siden","two":"for {{value}} timer siden","few":"for {{value}} timer siden","many":"for {{value}} timer siden","other":"for {{value}} timer siden"}},"days-ago-long":{"_index":["plural","value"],"_":{"zero":"i dag","one":"i går","two":"for {{value}} dage siden","few":"for {{value}} dage siden","many":"for {{value}} dage siden","other":"for {{value}} dage siden"}},"weeks-ago-long":{"_index":["plural","value"],"_":{"zero":"denne uge","one":"sidste uge","two":"for {{value}} uger siden","few":"for {{value}} uger siden","many":"for {{value}} uger siden","other":"for {{value}} uger siden"}},"months-ago-long":{"_index":["plural","value"],"_":{"zero":"denne måned","one":"sidste måned","two":"for {{value}} måneder siden","few":"for {{value}} måneder siden","many":"for {{value}} måneder siden","other":"for {{value}} måneder siden"}},"years-ago-long":{"_index":["plural","value"],"_":{"zero":"dette år","one":"sidste år","two":"for {{value}} år siden","few":"for {{value}} år siden","many":"for {{value}} år siden","other":"for {{value}} år siden"}},"minutes-until-long":{"_index":["plural","value"],"_":{"zero":"nu","one":"om et minut","two":"om {{value}} minutter","few":"om {{value}} minutter","many":"om {{value}} minutter","other":"om {{value}} minutter"}},"hours-until-long":{"_index":["plural","value"],"_":{"zero":"nu","one":"om en time","two":"om {{value}} timer","few":"om {{value}} timer","many":"om {{value}} timer","other":"om {{value}} timer"}},"days-until-long":{"_index":["plural","value"],"_":{"zero":"i dag","one":"i morgen","two":"om {{value}} dage","few":"om {{value}} dage","many":"om {{value}} dage","other":"om {{value}} dage"}},"weeks-until-long":{"_index":["plural","value"],"_":{"zero":"denne uge","one":"næste uge","two":"om {{value}} uger","few":"om {{value}} uger","many":"om {{value}} uger","other":"om {{value}} uger"}},"months-until-long":{"_index":["plural","value"],"_":{"zero":"denne måned","one":"næste måned","two":"om {{value}} måneder","few":"om {{value}} måneder","many":"om {{value}} måneder","other":"om {{value}} måneder"}},"years-until-long":{"_index":["plural","value"],"_":{"zero":"i år","one":"næste år","two":"om {{value}} år","few":"om {{value}} år","many":"om {{value}} år","other":"om {{value}} år"}},"minutes-ago-short":{"_index":["plural","value"],"_":{"zero":"nu","other":"{{value}}m siden"}},"hours-ago-short":{"_index":["plural","value"],"_":{"zero":"nu","other":"{{value}}t siden"}},"days-ago-short":{"_index":["plural","value"],"_":{"zero":"i dag","other":"{{value}}d siden"}},"minutes-until-short":{"_index":["plural","value"],"_":{"zero":"nu","other":"om {{value}}m"}},"hours-until-short":{"_index":["plural","value"],"_":{"zero":"nu","other":"om {{value}}t"}},"days-until-short":{"_index":["plural","value"],"_":{"zero":"i dag","other":"om {{value}}d"}},"incorrectDate":"(forkert dato)","dateTimeFormat_%c":"%a d. %e. %b %Y %H:%M:%S","dateTimeFormat_%x":"%d-%m-%Y","dateTimeFormat_%X":"%H:%M:%S","shortTimeFormat":"%H:%M","shortDateTimeFormat":"%x %H:%M","weekStartsOnMonday":"1","time_am":"AM","time_pm":"PM","label":"Etiket","mobile":"Mobil","home":"Hjem","work":"Arbejde","personal":"Personlig","faxHome":"Fax, hjem","faxOffice":"Fax, kontor","faxOther":"Fax, andet","another":"Anden","other":"Andet","customTag":{"placeholder":"Brugerdefineret etiket"},"current":"Nuværende","itemWithLabel":"{{label}}, {{item}}"}