{"callAirplaneModeMessage":"Um einen Anruf zu tätigen, müssen Sie den Flugmodus in den Einstellungen deaktivieren.","callAirplaneModeBtnOk":"OK","callAirplaneModeTitle":"Flugmodus aktiv","numberIsBusyTitle":"Nummer ist besetzt","numberIsBusyMessage":"Die Nummer ist derzeit besetzt. Bitte versuchen Sie es später erneut.","fdnIsActiveTitle":"FDN aktiv","fdnIsActiveMessage":"Die Einschränkung anrufbarer Nummern ist aktiv und die folgende Nummer befindet sich nicht in Ihrer Freigabe: {{ number }}","voiceMail":"Mailbox","emergencyNumber":"Notrufnummer","emergencyDialogBodyBadNumber":"Um einen Anruf tätigen zu können, müssen Sie zunächst eine Netzverbindung aufbauen.","emergencyDialogBodyDeviceNotAccepted":"Notrufe werden von diesem Netz nicht zugelassen.","emergencyDialogBtnOk":"OK","emergencyDialogTitle":"Keine Netzverbindung","invalidNumberToDialTitle":"Ungültige Telefonnummer","invalidNumberToDialMessage":"Die von Ihnen gewählte Nummer ist keine gültige Telefonnummer.","unableToCallTitle":"Kann derzeit keine Telefonanrufe tätigen.","unableToCallMessage":"Kann derzeit keine Telefonanrufe tätigen. Falls Sie bereits wählen, so legen Sie bitte vor dem erneuten Wählen erst noch einmal auf.","otherConnectionInUseTitle":"Andere Verbindung wird verwendet","otherConnectionInUseMessage":"Auf einer anderen Verbindung läuft derzeit ein Gespräch. Es kann maximal eine Verbindung verwendet werden.","addNewNumber":"Neue Nummer hinzufügen","addToExistingContact":"Zu bestehendem Kontakt hinzufügen","all":{"_":"Alle","ariaLabel":"Alle"},"callLog":"Anrufliste","callLogEdit":{"title":"Anrufliste bearbeiten"},"callLogEditDialog":{"ariaLabel":"Dialog Anrufliste bearbeiten"},"connecting":"Verbinden…","cf-async":"Asynchron: {{ async }}\\n","cf-data":"Daten: {{ data }}\\n","cf-error":"Beim Abrufen des Weiterleitungsstatus trat ein Fehler auf","cf-fax":"Fax: {{ fax }}\\n","cf-inactive":"Inaktiv","cf-packet":"Paket: {{ packet }}\\n","cf-pad":"Notizen: {{ pad }}\\n","cf-sms":"SMS: {{ sms }}\\n","cf-status":"Weiterleitungsstatus\\n","cf-sync":"Synchron: {{ sync }}\\n","cf-voice":"Telefon: {{ voice }}\\n","close":"Schließen","confirm-deletion":"Alle Anrufe löschen?\\nSollen wirklich alle Anrufe aus der Anrufliste gelöscht werden?","contacts":{"ariaLabel":"Kontakte"},"createNewContact":"Als neuen Kontakt speichern","delete":"Löschen","deselectAll":"Alle abwählen","dialerAddContact":{"ariaLabel":"Kontakt hinzufügen"},"dialerAddContactDialog":{"ariaLabel":"Dialog Kontakt hinzufügen"},"edit-selected":{"_index":["plural","n"],"_":{"one":"{{ n }} ausgewählt","two":"{{ n }} ausgewählt","few":"{{ n }} ausgewählt","many":"{{ n }} ausgewählt","other":"{{ n }} ausgewählt"}},"edit":"Bearbeiten","hideKeypad":{"ariaLabel":"Tastatur ausblenden"},"ignore":"Anruf ignorieren","incoming":"Eingehend","keypad":{"ariaLabel":"Tasten"},"makeCall":{"ariaLabel":"Anruf durchführen"},"merge":"Zusammenführen","missed":{"_":"Entgangen","ariaLabel":"Entgangen"},"missedCall":"Entgangener Anruf","missedCallMultiSims":"(SIM {{ n }}) Entgangener Anruf","mmi-error":"Beim Senden der Nachricht trat ein Fehler auf","mmi-session-expired":"Sitzung abgelaufen","mmi-successfully-sent":"Nachricht erfolgreich gesendet","mmi-notification-title-with-sim":"({{sim}}) {{title}}","mute":{"ariaLabel":"Stumm schalten"},"newCall":{"ariaLabel":"Neuer Anruf"},"no-logs-msg-1":"Keine Anrufe","no-logs-msg-2":"Rufen Sie doch jemanden an.","no-logs-msg-3":"Keine entgangenen Anrufe","recents":{"ariaLabel":"Letzte Anrufe"},"reply":"Antworten","selectAll":"Alle auswählen","send":"Senden","switch-calls":"Gespräche wechseln","today":"Heute","withheld-number":"Keine Nummer","from-contact":"Von {{ contact }}","from-number":"Von {{ number }}","from-withheld-number":"Von unterdrückter Nummer","yesterday":"Gestern","sending":"Wird gesendet…","speakerOption":{"ariaLabel":"Lautsprecher"},"ussd-services":"Dienste von {{ operator }}","toggleKeypad":{"ariaLabel":"Tastatur umschalten"},"type-your-response":{"placeholder":"Tippen Sie Ihre Antwort…"},"clear-all-text":"Gesamten Text löschen","hide":"Ausblenden","call":"Anrufen","hold":{"ariaLabel":"Gespräch halten"},"resume":{"_":"Fortsetzen","ariaLabel":"Fortsetzen"},"sendSms":"Nachricht senden","callEnded":"Gespräch beendet","via-sim":"über SIM{{ n }}","sim-number":"SIM{{ n }}","hangup-a11y-button":{"ariaLabel":"Auflegen"},"pickup-a11y-button":{"ariaLabel":"Annehmen"},"unlock-a11y-button":{"ariaLabel":"Schieber"},"roaming":"{{operator}} (Roaming)","settings":"Einstellungen","delete-n-log?":{"_index":["plural","n"],"_":{"zero":"Nichts ausgewählt","one":"Ausgewählten Anruf entfernen?","two":"{{ n }} Anrufe entfernen?","few":"{{ n }} Anrufe entfernen?","many":"{{ n }} Anrufe entfernen?","other":"{{ n }} Anrufe entfernen?"}},"callDurationMinutes":"{{ m }}:{{ s }}","callDurationHours":"{{ h }}:{{ m }}:{{ s}}","suggestionMatches":{"_index":["plural","n"],"_":{"one":"{{ n }} Vorschlag für \"{{ matchNumber }}\"","two":"{{ n }} Vorschläge für \"{{ matchNumber }}\"","few":"{{ n }} Vorschläge für \"{{ matchNumber }}\"","many":"{{ n }} Vorschläge für \"{{ matchNumber }}\"","other":"{{ n }} Vorschläge für \"{{ matchNumber }}\""}},"scCallBarring":"Anrufblockierung","scCallForwarding":"Anrufweiterleitung","scClip":"Anrufer-ID eingehend","scClir":"Anrufer-ID ausgehend","scPwd":"Passwort ändern","scCallWaiting":"Wartender Anruf","scPin":"PIN ändern","scPin2":"PIN2 ändern","scPuk":"PIN entsperren","scPuk2":"PIN2 entsperren","scImei":"IMEI","scUssd":"USSD","serviceClassVoice":"Sprache","serviceClassData":"Daten","serviceClassFax":"FAX","serviceClassSms":"SMS","serviceClassDataSync":"Synchron","serviceClassDataAsync":"Asynchron","serviceClassPacket":"Paket","serviceClassPad":"PAD","smServiceEnabled":"Dienst wurde aktiviert.","smServiceDisabled":"Dienst wurde deaktiviert.","smServiceRegistered":"Registrierung war erfolgreich.","smServiceErased":"Löschen war erfolgreich.","smServiceInterrogated":"Anfrage war erfolgreich.","smServiceNotProvisioned":"Dienst steht nicht zur Verfügung.","smClirPermanent":"Sie können die Anrufer-ID-Einstellung nicht ändern.","smClirDefaultOnNextCallOn":"Standard für Anrufer-ID ist \"unterdrückt\". Nächster Anruf: Unterdrückt","smClirDefaultOnNextCallOff":"Standard für Anrufer-ID ist \"unterdrückt\". Nächster Anruf: Nicht unterdrückt","smClirDefaultOffNextCallOn":"Standard für Anrufer-ID ist \"nicht unterdrückt\". Nächster Anruf: Unterdrückt","smClirDefaultOffNextCallOff":"Standard für Anrufer-ID ist \"nicht unterdrückt\". Nächster Anruf: Nicht unterdrückt","smServiceEnabledFor":"Dienst wurde aktiviert für:","smPinChanged":"PIN erfolgreich geändert","smPinUnblocked":"PIN erfolgreich entsperrt","smPin2Changed":"PIN2 erfolgreich geändert","smPin2Unblocked":"PIN2 erfolgreich entsperrt","ServiceIsEnabled":"Service is enabled","ServiceIsDisabled":"Service is disabled","ServiceIsEnabledFor":"Service is enabled for:","emMmiError":"Verbindungsproblem oder ungültiger MMI-Code","emMmiErrorPasswordIncorrect":"Falsches Passwort","emMmiErrorNotSupported":"Ungültiger oder nicht unterstützter MMI-Code","emMmiErrorInvalidAction":"Ungültige Aktion","emMmiErrorInvalidScCode":"Ungültiger Dienst-Code","emMmiErrorBadPuk":"Eingegebener PUK-Code ist falsch","emMmiErrorBadPin":"Die eingegebene alte PIN ist falsch.","emMmiErrorNeedPuk2":"PUK2 eingeben, um SIM-Karte zu entsperren","emMmiErrorMismatchPin":"Eingegebene PINs stimmen nicht überein","emMmiErrorInvalidPin":"Geben Sie eine PIN mit 4 bis 8 Zahlen ein.","emMmiErrorNeedsPuk":"Die SIM-Karte hat eine PUK-Sperre.","emMmiErrorEnablePin":"Fehlgeschlagen. SIM/RUIM LOCK aktivieren","emMmiErrorMmiFdn":"Vorgang ist nur für festgelegte Anrufnummern erlaubt.","emMmiErrorStkCcUssdDial":"USSD-Anfrage in DIAL-Anfrage umgewandelt","emMmiErrorStkCcUssdSs":"USSD-Anfrage in SS-Anfrage umgewandelt","emMmiErrorStkCcUssdUssd":"USSD-Anfrage in neue USSD-Anfrage umgewandelt","emMmiErrorStkCcSsDial":"SS-Anfrage in DIAL-Anfrage umgewandelt","emMmiErrorStkCcSsUssd":"SS-Anfrage in USSD-Anfrage umgewandelt","emMmiErrorStkCcSsSs":"SS-Anfrage in neue SS-Anfrage umgewandelt","emMmiErrorPinPukAttempts":{"_index":["plural","n"],"_":{"one":"Nur {{ n }} Versuch verbleibend","two":"{{ n }} Versuche verbleibend","few":"{{ n }} Versuche verbleibend","many":"{{ n }} Versuche verbleibend","other":"{{ n }} Versuche verbleibend"}},"emMmiErrorSimBlocked":"Maximale Anzahl an Versuchen überschritten. SIM-Karte gesperrt.","RadioNotAvailable":"Funk-Ebene nicht verfügbar","GenericFailure":"Allgemeiner Fehler","PasswordIncorrect":"Passwort falsch","SimPin2":"SIM-PIN2","SimPuk2":"SIM-PUK2","RequestNotSupported":"Anfrage wird nicht unterstützt","OpNotAllowedDuringVoiceCall":"Vorgang während Anruf nicht erlaubt","SmsSendFailRetry":"SMS-Sendevorgang schlug fehl. Erneuter Versuch…","SimAbsent":"Keine SIM","SubscriptionNotAvailable":"Abonnement nicht verfügbar","ModeNotSupported":"Modus nicht unterstützt","FdnCheckFailure":"Fehler bei Fdn-Überprüfung","IllegalSimOrMe":"Ungültige SIM oder ME","DialModifiedToUssd":"DIAL umgewandelt in USSD","DialModifiedToSs":"DIAL umgewandelt in SS","DialModifiedToDial":"DIAL umgewandelt in DIAL","UssdModifiedToDial":"USSD umgewandelt in DIAL","UssdModifiedToSs":"USSD umgewandelt in SS","UssdModifiedToUssd":"USSD umgewandelt in USSD","SsModifiedToDial":"SS umgewandelt in DIAL","SsModifiedToUssd":"SS umgewandelt in USSD","SsModifiedToSs":"SS umgewandelt in SS","SubscriptionNotSupported":"Abonnement nicht unterstützt","InvalidParameter":"Ungültiger Parameter","RejectedByRemote":"Von Gegenseite zurückgewiesen","conferenceCall":"Konferenz ({{n}})","caller-left-call":"{{ caller }} hat die Konferenz verlassen.","conferenceAddError":"Anrufe konnten nicht zusammengeführt werden.","conferenceRemoveError":"Telefonkonferenz konnte nicht aufgelöst werden.","longDateFormat":"%A, %e. %B","select-audio-sources":"Audioquellen auswählen","bluetooth-handsfree-device":"Bluetooth-Freisprechgerät","receiver":"Empfänger","speaker":"Lautsprecher","weekday-0-long":"Sonntag","weekday-1-long":"Montag","weekday-2-long":"Dienstag","weekday-3-long":"Mittwoch","weekday-4-long":"Donnerstag","weekday-5-long":"Freitag","weekday-6-long":"Samstag","weekday-0-short":"So","weekday-1-short":"Mo","weekday-2-short":"Di","weekday-3-short":"Mi","weekday-4-short":"Do","weekday-5-short":"Fr","weekday-6-short":"Sa","month-0-long":"Januar","month-1-long":"Februar","month-2-long":"März","month-3-long":"April","month-4-long":"Mai","month-5-long":"Juni","month-6-long":"Juli","month-7-long":"August","month-8-long":"September","month-9-long":"Oktober","month-10-long":"November","month-11-long":"Dezember","month-0-genitive":"Januar","month-1-genitive":"Februar","month-2-genitive":"März","month-3-genitive":"April","month-4-genitive":"Mai","month-5-genitive":"Juni","month-6-genitive":"Juli","month-7-genitive":"August","month-8-genitive":"September","month-9-genitive":"Oktober","month-10-genitive":"November","month-11-genitive":"Dezember","month-0-short":"Jan","month-1-short":"Feb","month-2-short":"Mär","month-3-short":"Apr","month-4-short":"Mai","month-5-short":"Jun","month-6-short":"Jul","month-7-short":"Aug","month-8-short":"Sep","month-9-short":"Okt","month-10-short":"Nov","month-11-short":"Dez","minutes-ago-long":{"_index":["plural","value"],"_":{"zero":"gerade eben","one":"vor 1 Minute","two":"vor {{value}} Minuten","few":"vor {{value}} Minuten","many":"vor {{value}} Minuten","other":"vor {{value}} Minuten"}},"hours-ago-long":{"_index":["plural","value"],"_":{"zero":"gerade eben","one":"vor 1 Stunde","two":"vor {{value}} Stunden","few":"vor {{value}} Stunden","many":"vor {{value}} Stunden","other":"vor {{value}} Stunden"}},"days-ago-long":{"_index":["plural","value"],"_":{"zero":"heute","one":"gestern","two":"vor {{value}} Tagen","few":"vor {{value}} Tagen","many":"vor {{value}} Tagen","other":"vor {{value}} Tagen"}},"weeks-ago-long":{"_index":["plural","value"],"_":{"zero":"diese Woche","one":"letzte Woche","two":"vor {{value}} Wochen","few":"vor {{value}} Wochen","many":"vor {{value}} Wochen","other":"vor {{value}} Wochen"}},"months-ago-long":{"_index":["plural","value"],"_":{"zero":"diesen Monat","one":"letzten Monat","two":"vor {{value}} Monaten","few":"vor {{value}} Monaten","many":"vor {{value}} Monaten","other":"vor {{value}} Monaten"}},"years-ago-long":{"_index":["plural","value"],"_":{"zero":"dieses Jahr","one":"letztes Jahr","two":"vor {{value}} Jahren","few":"vor {{value}} Jahren","many":"vor {{value}} Jahren","other":"vor {{value}} Jahren"}},"minutes-until-long":{"_index":["plural","value"],"_":{"zero":"jetzt","one":"in 1 Minute","two":"in {{value}} Minuten","few":"in {{value}} Minuten","many":"in {{value}} Minuten","other":"in {{value}} Minuten"}},"hours-until-long":{"_index":["plural","value"],"_":{"zero":"jetzt","one":"in einer Stunde","two":"in {{value}} Stunden","few":"in {{value}} Stunden","many":"in {{value}} Stunden","other":"in {{value}} Stunden"}},"days-until-long":{"_index":["plural","value"],"_":{"zero":"heute","one":"morgen","two":"in {{value}} Tagen","few":"in {{value}} Tagen","many":"in {{value}} Tagen","other":"in {{value}} Tagen"}},"weeks-until-long":{"_index":["plural","value"],"_":{"zero":"diese Woche","one":"nächste Woche","two":"in {{value}} Wochen","few":"in {{value}} Wochen","many":"in {{value}} Wochen","other":"in {{value}} Wochen"}},"months-until-long":{"_index":["plural","value"],"_":{"zero":"diesen Monat","one":"nächsten Monat","two":"in {{value}} Monaten","few":"in {{value}} Monaten","many":"in {{value}} Monaten","other":"in {{value}} Monaten"}},"years-until-long":{"_index":["plural","value"],"_":{"zero":"dieses Jahr","one":"nächstes Jahr","two":"in {{value}} Jahren","few":"in {{value}} Jahren","many":"in {{value}} Jahren","other":"in {{value}} Jahren"}},"minutes-ago-short":{"_index":["plural","value"],"_":{"zero":"jetzt","other":"vor {{value}} m"}},"hours-ago-short":{"_index":["plural","value"],"_":{"zero":"jetzt","other":"vor {{value}} h"}},"days-ago-short":{"_index":["plural","value"],"_":{"zero":"heute","other":"vor {{value}} d"}},"minutes-until-short":{"_index":["plural","value"],"_":{"zero":"jetzt","other":"in {{value}} m"}},"hours-until-short":{"_index":["plural","value"],"_":{"zero":"jetzt","other":"in {{value}} h"}},"days-until-short":{"_index":["plural","value"],"_":{"zero":"heute","other":"in {{value}} d"}},"incorrectDate":"(ungültiges Datum)","dateTimeFormat_%c":"%a, %e. %b %Y %H:%M:%S","dateTimeFormat_%x":"%d.%m.%Y","dateTimeFormat_%X":"%H:%M:%S","shortTimeFormat":"%H:%M","shortDateTimeFormat":"%x %H:%M","weekStartsOnMonday":"1","time_am":"AM","time_pm":"PM","label":"Kategorie","mobile":"Mobil","home":"Zuhause","work":"Dienstlich","personal":"Privat","faxHome":"Fax Zuhause","faxOffice":"Fax Dienstlich","faxOther":"Anderes Fax","another":"Weitere","other":"Sonstiges","customTag":{"placeholder":"Eigene Kategorie"},"current":"Aktuell","itemWithLabel":"{{label}}: {{item}}"}