{"callAirplaneModeMessage":"Para realizar una llamada, necesita desactivar el modo avión en Ajustes.","callAirplaneModeBtnOk":"Aceptar","callAirplaneModeTitle":"Modo avión activado","numberIsBusyTitle":"El número está ocupado","numberIsBusyMessage":"El número está ocupado en este momento. Inténtelo más tarde.","fdnIsActiveTitle":"FDN activo","fdnIsActiveMessage":"FDN (números de marcación fija) está activado pero el siguiente número no está en su lista de FDN: {{number}}","voiceMail":"Buzón de voz","emergencyNumber":"Núm. de emergencia","emergencyDialogBodyBadNumber":"Para realizar una llamada, el teléfono tiene que estar conectado a una red.","emergencyDialogBodyDeviceNotAccepted":"Las llamadas de emergencias no están permitidas por la red.","emergencyDialogBtnOk":"Aceptar","emergencyDialogTitle":"No hay conexión de red","invalidNumberToDialTitle":"Número de teléfono no válido","invalidNumberToDialMessage":"El número de teléfono al que está llamando no es válido.","unableToCallTitle":"No es posible hacer llamadas ahora","unableToCallMessage":"No se puede hacer ninguna llamada. Si está marcando un número, cuelgue primero.","otherConnectionInUseTitle":"Otra conexión en uso","otherConnectionInUseMessage":"Tiene una llamada activa en otra conexción. Sólo puede usar una conexión al mismo tiempo.","addNewNumber":"Añadir nuevo número","addToExistingContact":"Agregar a contacto existente","all":{"_":"Todas","ariaLabel":"Todos"},"callLog":"Reg. de llamadas","callLogEdit":{"title":"Editar registro de llamadas"},"callLogEditDialog":{"ariaLabel":"Diálogo de edición de registro de llamadas"},"connecting":"Conectando","cf-async":"Asíncrona: {{ async }}\\n\\n","cf-data":"Datos: {{ data }}\\n","cf-error":"Se produjo un error al recuperar el estado de desvío de llamadas","cf-fax":"FAX: {{ fax }}\\n","cf-inactive":"Inactivo","cf-packet":"Paquete: {{ packet }}\\n","cf-pad":"PAD: {{ pad }}\\n","cf-sms":"SMS: {{ sms }}\\n","cf-status":"Estado de desvío de llamadas\\n","cf-sync":"Síncrona: {{ sync }}\\n","cf-voice":"Voz: {{ voice }}\\n","close":"Cerrar","confirm-deletion":"¿Eliminar llamadas seleccionadas?","contacts":{"ariaLabel":"Contactos"},"createNewContact":"Crear nuevo contacto","delete":"Borrar","deselectAll":"Desmarcar todas","dialerAddContact":{"ariaLabel":"Añadir contacto"},"dialerAddContactDialog":{"ariaLabel":"Diálogo de adición de contacto"},"edit-selected":{"_index":["plural","n"],"_":{"one":"{{ n }} seleccionada","two":"{{ n }} seleccionadas","few":"{{ n }} seleccionadas","many":"{{ n }} seleccionadas","other":"{{ n }} seleccionadas"}},"edit":"Editar","hideKeypad":{"ariaLabel":"Ocultar teclado"},"ignore":"Ignorar llamada","incoming":"Entrante","keypad":{"ariaLabel":"Teclado"},"makeCall":{"ariaLabel":"Realizar llamada"},"merge":"Unir","missed":{"_":"Perdidas","ariaLabel":"Perdida"},"missedCall":"Llamada perdida","missedCallMultiSims":"(SIM {{ n }}) Llamada perdida","mmi-error":"Se produjo un error al enviar el mensaje","mmi-session-expired":"Sesión caducada","mmi-successfully-sent":"Mensaje enviado correctamente","mmi-notification-title-with-sim":"({{sim}}) {{title}}","mute":{"ariaLabel":"Silenciar"},"newCall":{"ariaLabel":"Nueva llamada"},"no-logs-msg-1":"No hay llamadas registradas","no-logs-msg-2":"Comience a comunicarse ahora","no-logs-msg-3":"No hay llamadas perdidas","recents":{"ariaLabel":"Llamadas recientes"},"reply":"Contestar","selectAll":"Seleccionar todas","send":"Enviar","switch-calls":"Intercambiar llamadas","today":"Hoy","withheld-number":"Número oculto","from-contact":"De {{ contact }}","from-number":"De {{ number }}","from-withheld-number":"De un número oculto","yesterday":"Ayer","sending":"Enviando…","speakerOption":{"ariaLabel":"Altavoz"},"ussd-services":"Servicios de {{ operator }}","toggleKeypad":{"ariaLabel":"Alternar teclado"},"type-your-response":{"placeholder":"Escriba su respuesta…"},"clear-all-text":"Borrar todo el texto","hide":"Ocultar","call":"Llamar","hold":{"ariaLabel":"En espera"},"resume":{"_":"Continuar","ariaLabel":"Continuar"},"sendSms":"Enviar mensaje","callEnded":"Fin llamada","via-sim":"vía SIM{{ n }}","sim-number":"SIM{{ n }}","hangup-a11y-button":{"ariaLabel":"Colgar"},"pickup-a11y-button":{"ariaLabel":"Descolgar"},"unlock-a11y-button":{"ariaLabel":"Barra"},"roaming":"{{operator}} (Roaming)","settings":"Ajustes","delete-n-log?":{"_index":["plural","n"],"_":{"zero":"Ninguno seleccionado","one":"¿Eliminar registro seleccionado?","two":"¿Eliminar {{ n }} registros?","few":"¿Eliminar {{ n }} registros?","many":"¿Eliminar {{ n }} registros?","other":"¿Eliminar {{ n }} registros?"}},"callDurationMinutes":"{{ m }}:{{ s }}","callDurationHours":"{{ h }}:{{ m }}:{{ s}}","suggestionMatches":{"_index":["plural","n"],"_":{"one":"{{ n }} coincidencia para \"{{ matchNumber }}\"","two":"{{ n }} coincidencias para \"{{ matchNumber }}\"","few":"{{ n }} coincidencias para \"{{ matchNumber }}\"","many":"{{ n }} coincidencias para \"{{ matchNumber }}\"","other":"{{ n }} coincidencias para \"{{ matchNumber }}\""}},"scCallBarring":"Bloqueo llamadas","scCallForwarding":"Desvío llamadas","scClip":"ID interlocutor","scClir":"ID interlocutor","scPwd":"Cambio de contraseña","scCallWaiting":"Llamada en espera","scPin":"Cambio de PIN","scPin2":"Cambio de PIN2","scPuk":"Desbloquear PIN","scPuk2":"Desbloquear PIN2","scImei":"IMEI","scUssd":"USSD","serviceClassVoice":"Voz","serviceClassData":"Datos","serviceClassFax":"FAX","serviceClassSms":"SMS","serviceClassDataSync":"Síncrono","serviceClassDataAsync":"Asíncrono","serviceClassPacket":"Paquete","serviceClassPad":"PAD","smServiceEnabled":"El servicio fue activado","smServiceDisabled":"El servicio está desactivado","smServiceRegistered":"El registro se realizó correctamente","smServiceErased":"El borrado se realizó correctamente","smServiceInterrogated":"La solicitud se realizó correctamente","smServiceNotProvisioned":"Servicio no aprovisionado","smClirPermanent":"No puede cambiar los ajustes de ID de llamadas","smClirDefaultOnNextCallOn":"El ID de llamada es, por defecto, restringido. Próxima llamada: restringido","smClirDefaultOnNextCallOff":"El ID de llamada es, por defecto, restringido. Próxima llamada: no restringido","smClirDefaultOffNextCallOn":"El ID de llamada es, por defecto, no restringido. Próxima llamada: restringido","smClirDefaultOffNextCallOff":"El ID de llamada es, por defecto, no restringido. Próxima llamada: no restringido","smServiceEnabledFor":"El servicio está activado para:","smPinChanged":"PIN cambiado correctamente","smPinUnblocked":"PIN desbloqueado correctamente","smPin2Changed":"PIN2 cambiado correctamente","smPin2Unblocked":"PIN2 desbloqueado correctamente","ServiceIsEnabled":"Service is enabled","ServiceIsDisabled":"Service is disabled","ServiceIsEnabledFor":"Service is enabled for:","emMmiError":"Problema de conexión o código MMI no válido","emMmiErrorPasswordIncorrect":"Contraseña incorrecta","emMmiErrorNotSupported":"Código MMI no admitido o no válido","emMmiErrorInvalidAction":"Acción no válida","emMmiErrorInvalidScCode":"Código de servicio no válido","emMmiErrorBadPuk":"El PUK que escribió no es correcto","emMmiErrorBadPin":"El PIN antiguo que escribió no es correcto.","emMmiErrorNeedPuk2":"Escriba PUK2 para desbloquear la SIM","emMmiErrorMismatchPin":"Los PIN que escribió no coinciden","emMmiErrorInvalidPin":"Escriba un PIN que tenga entre 4 y 8 números","emMmiErrorNeedsPuk":"Su tarjeta SIM está bloqueada mediante PUK","emMmiErrorEnablePin":"Sin éxito. Active el bloqueo SIM/RUIM","emMmiErrorMmiFdn":"La operativa está restringida a marcar únicamente números prefijados","emMmiErrorStkCcUssdDial":"La solicitud USSD se ha cambiado a solicitud DIAL","emMmiErrorStkCcUssdSs":"La solicitud USSD se ha cambiado a solicitud SS","emMmiErrorStkCcUssdUssd":"La solicitud USSD se ha cambiado a una nueva solicitud USSD","emMmiErrorStkCcSsDial":"La solicitud SS se ha cambiado a solicitud DIAL","emMmiErrorStkCcSsUssd":"La solicitud SS se ha cambiado a solicitud USSD","emMmiErrorStkCcSsSs":"La solicitud SS se ha cambiado a una nueva solicitud SS","emMmiErrorPinPukAttempts":{"_index":["plural","n"],"_":{"one":"Sólo quedan {{ n }} reintentos","two":"quedan {{ n }} reintentos","few":"quedan {{ n }} reintentos","many":"quedan {{ n }} reintentos","other":"quedan {{ n }} reintentos"}},"emMmiErrorSimBlocked":"Número máximo de reintentos superado. SIM bloqueada","RadioNotAvailable":"Radio no disponible","GenericFailure":"Fallo genérico","PasswordIncorrect":"Contraseña incorrecta","SimPin2":"PIN2 de la SIM","SimPuk2":"PUK2 de la SIM","RequestNotSupported":"Solicitud incompatible","OpNotAllowedDuringVoiceCall":"Operación no permitida durante una llamada de voz","SmsSendFailRetry":"Reintento de envío fallido de SMS","SimAbsent":"SIM ausente","SubscriptionNotAvailable":"Suscripción no disponible","ModeNotSupported":"Modo incompatible","FdnCheckFailure":"Fallo de comprobación de Fdn","IllegalSimOrMe":"SIM o ME ilegal","DialModifiedToUssd":"Llamada cambiada a USSD","DialModifiedToSs":"Llamada cambiada a SS","DialModifiedToDial":"Llamada cambiada a llamada","UssdModifiedToDial":"USSD cambiado a llamada","UssdModifiedToSs":"USSD cambiado a SS","UssdModifiedToUssd":"USSD cambiado a USSD","SsModifiedToDial":"SS cambiado a llamada","SsModifiedToUssd":"SS cambiado a USSD","SsModifiedToSs":"SS cambiado a SS","SubscriptionNotSupported":"Suscripción incompatible","InvalidParameter":"Parámetro no válido","RejectedByRemote":"Rechazado en el destino","conferenceCall":"Conference ({{n}})","caller-left-call":"{{ caller }} ha abandonado la llamada.","conferenceAddError":"No se pueden combinar las llamadas","conferenceRemoveError":"No se pueden separar las llamadas","longDateFormat":"%A, %e de %B","select-audio-sources":"Seleccionar fuentes de audio","bluetooth-handsfree-device":"Dispositivo Bluetooth de manos libres","receiver":"Receptor","speaker":"Altavoz","weekday-0-long":"domingo","weekday-1-long":"lunes","weekday-2-long":"martes","weekday-3-long":"miércoles","weekday-4-long":"jueves","weekday-5-long":"viernes","weekday-6-long":"sábado","weekday-0-short":"do.","weekday-1-short":"lu.","weekday-2-short":"ma.","weekday-3-short":"mi.","weekday-4-short":"ju.","weekday-5-short":"vi.","weekday-6-short":"sá.","month-0-long":"enero","month-1-long":"febrero","month-2-long":"marzo","month-3-long":"abril","month-4-long":"mayo","month-5-long":"junio","month-6-long":"julio","month-7-long":"agosto","month-8-long":"septiembre","month-9-long":"octubre","month-10-long":"noviembre","month-11-long":"diciembre","month-0-genitive":"enero","month-1-genitive":"febrero","month-2-genitive":"marzo","month-3-genitive":"abril","month-4-genitive":"mayo","month-5-genitive":"junio","month-6-genitive":"julio","month-7-genitive":"agosto","month-8-genitive":"septiembre","month-9-genitive":"octubre","month-10-genitive":"noviembre","month-11-genitive":"diciembre","month-0-short":"ene.","month-1-short":"feb.","month-2-short":"mar.","month-3-short":"abr.","month-4-short":"may.","month-5-short":"jun.","month-6-short":"jul.","month-7-short":"ago.","month-8-short":"sep.","month-9-short":"oct.","month-10-short":"nov.","month-11-short":"dic.","minutes-ago-long":{"_index":["plural","value"],"_":{"zero":"ahora","one":"hace un minuto","two":"hace {{value}} minutos","few":"hace {{value}} minutos","many":"hace {{value}} minutos","other":"hace {{value}} minutos"}},"hours-ago-long":{"_index":["plural","value"],"_":{"zero":"ahora","one":"hace una hora","two":"hace {{value}} horas","few":"hace {{value}} horas","many":"hace {{value}} horas","other":"hace {{value}} horas"}},"days-ago-long":{"_index":["plural","value"],"_":{"zero":"hoy","one":"ayer","two":"hace {{value}} días","few":"hace {{value}} días","many":"hace {{value}} días","other":"hace {{value}} días"}},"weeks-ago-long":{"_index":["plural","value"],"_":{"zero":"esta semana","one":"la semana pasada","two":"hace {{value}} semanas","few":"hace {{value}} semanas","many":"hace {{value}} semanas","other":"hace {{value}} semanas"}},"months-ago-long":{"_index":["plural","value"],"_":{"zero":"este mes","one":"el último mes","two":"hace {{value}} meses","few":"hace {{value}} meses","many":"hace {{value}} meses","other":"hace {{value}} meses"}},"years-ago-long":{"_index":["plural","value"],"_":{"zero":"este año","one":"último año","two":"hace {{value}} años","few":"hace {{value}} años","many":"hace {{value}} años","other":"hace {{value}} años"}},"minutes-until-long":{"_index":["plural","value"],"_":{"zero":"ahora","one":"en un minuto","two":"en {{value}} minutos","few":"en {{value}} minutos","many":"en {{value}} minutos","other":"en {{value}} minutos"}},"hours-until-long":{"_index":["plural","value"],"_":{"zero":"ahora","one":"en una hora","two":"en {{value}} horas","few":"en {{value}} horas","many":"en {{value}} horas","other":"en {{value}} horas"}},"days-until-long":{"_index":["plural","value"],"_":{"zero":"hoy","one":"mañana","two":"en {{value}} días","few":"en {{value}} días","many":"en {{value}} días","other":"en {{value}} días"}},"weeks-until-long":{"_index":["plural","value"],"_":{"zero":"esta semana","one":"la próxima semana","two":"en {{value}} semanas","few":"en {{value}} semanas","many":"en {{value}} semanas","other":"en {{value}} semanas"}},"months-until-long":{"_index":["plural","value"],"_":{"zero":"este mes","one":"próximo mes","two":"en {{value}} meses","few":"en {{value}} meses","many":"en {{value}} meses","other":"en {{value}} meses"}},"years-until-long":{"_index":["plural","value"],"_":{"zero":"este año","one":"próximo año","two":"en {{value}} años","few":"en {{value}} años","many":"en {{value}} años","other":"en {{value}} años"}},"minutes-ago-short":{"_index":["plural","value"],"_":{"zero":"ahora","other":"hace {{value}} m"}},"hours-ago-short":{"_index":["plural","value"],"_":{"zero":"ahora","other":"hace {{value}} h"}},"days-ago-short":{"_index":["plural","value"],"_":{"zero":"hoy","other":"hace {{value}} d"}},"minutes-until-short":{"_index":["plural","value"],"_":{"zero":"ahora","other":"en {{value}} m"}},"hours-until-short":{"_index":["plural","value"],"_":{"zero":"ahora","other":"en {{value}} h"}},"days-until-short":{"_index":["plural","value"],"_":{"zero":"hoy","other":"en {{value}} d"}},"incorrectDate":"(fecha incorrecta)","dateTimeFormat_%c":"%a, %e de %b, %Y %H:%M:%S","dateTimeFormat_%x":"%d/%m/%Y","dateTimeFormat_%X":"%H:%M:%S","shortTimeFormat":"%H:%M","shortDateTimeFormat":"%x %H:%M %p","weekStartsOnMonday":"1","time_am":"AM","time_pm":"PM","label":"Label","mobile":"Mobile","home":"Home","work":"Work","personal":"Personal","faxHome":"Fax home","faxOffice":"Fax office","faxOther":"Fax other","another":"Another","other":"Other","customTag":{"placeholder":"Custom tag"},"current":"Current","itemWithLabel":"{{label}}, {{item}}"}