{"callAirplaneModeMessage":"Deiak egiteko hegazkin modua desgaitu behar duzu ezarpenetan.","callAirplaneModeBtnOk":"Ados","callAirplaneModeTitle":"Hegazkin modua aktibatuta","numberIsBusyTitle":"Zenbakia lanpetuta dago","numberIsBusyMessage":"Zenbakia une honetan lanpetuta dago. Saiatu berriro geroago.","fdnIsActiveTitle":"FDN aktibatuta","fdnIsActiveMessage":"Finkatutako markatzea (FDN) aktibatuta dago eta ondorengo zenbakia ez dago zure FDN zerrendan: {{ number}}","voiceMail":"Ahots-posta","emergencyNumber":"Larrialdietako zenbakia","emergencyDialogBodyBadNumber":"Deiak egiteko telefonoak sarera konektatuta egon behar du.","emergencyDialogBodyDeviceNotAccepted":"Sareak ez du larrialdi-deirik onartzen.","emergencyDialogBtnOk":"Ados","emergencyDialogTitle":"Sareko konexiorik ez","invalidNumberToDialTitle":"Telefono-zenbaki baliogabea","invalidNumberToDialMessage":"Deitzen ari zaren telefono-zenbakia ez da baliozkoa.","unableToCallTitle":"Ezin da telefono-deia egin orain","unableToCallMessage":"Ezin da deia egin. Dagoeneko deitzen ari bazara, eskegi lehenik.","otherConnectionInUseTitle":"Beste konexio bat erabiltzen ari da","otherConnectionInUseMessage":"Dei aktibo bat daukazu beste konexio batean. Konexio bakarra erabil dezakezu aldi bakoitzean.","addNewNumber":"Gehitu zenbaki berria","addToExistingContact":"Gehitu badagoen kontaktuari","all":{"_":"Denak","ariaLabel":"Denak"},"callLog":"Deien erregistroa","callLogEdit":{"title":"Editatu deien erregistroa"},"callLogEditDialog":{"ariaLabel":"Deien erregistroa editatzeko koadroa"},"connecting":"Konektatzen","cf-async":"Asinkronoa: {{ async }}\\n","cf-data":"Datuak: {{ data }}\\n","cf-error":"Errorea gertatu da dei-birbidalketaren egoera eskuratzean","cf-fax":"FAXa: {{ fax }}\\n","cf-inactive":"Inaktibo","cf-packet":"Paketea: {{ packet }}\\n","cf-pad":"PADa: {{ pad }}\\n","cf-sms":"SMSa: {{ sms }}\\n","cf-status":"Dei-birbidalketaren egoera\\n","cf-sync":"Sinkronoa: {{ sync }}\\n","cf-voice":"Ahotsa: {{ voice }}\\n","close":"Itxi","confirm-deletion":"Garbitu hautatutako deiak?","contacts":{"ariaLabel":"Kontaktuak"},"createNewContact":"Sortu kontaktu berria","delete":"Ezabatu","deselectAll":"Desautatu denak","dialerAddContact":{"ariaLabel":"Gehitu kontaktua"},"dialerAddContactDialog":{"ariaLabel":"Kontaktua gehitzeko koadroa"},"edit-selected":{"_index":["plural","n"],"_":{"one":"Bat hautatuta","two":"{{ n }} hautatuta","few":"{{ n }} hautatuta","many":"{{ n }} hautatuta","other":"{{ n }} hautatuta"}},"edit":"Editatu","hideKeypad":{"ariaLabel":"Ezkutatu zenbakizko teklatua"},"ignore":"Ezikusi deia","incoming":"Sarrerakoak","keypad":{"ariaLabel":"Zenbakizko teklatua"},"makeCall":{"ariaLabel":"Deia egin"},"merge":"Batu","missed":{"_":"Galduak","ariaLabel":"Galduak"},"missedCall":"Dei galdua","missedCallMultiSims":"({{ n }}. SIMa) Dei galdua","mmi-error":"Errorea gertatu da mezua bidaltzean","mmi-session-expired":"Saioa iraungita","mmi-successfully-sent":"Mezua ondo bidali da","mmi-notification-title-with-sim":"({{sim}}) {{title}}","mute":{"ariaLabel":"Mututu"},"newCall":{"ariaLabel":"Dei berria"},"no-logs-msg-1":"Erregistratutako deirik ez","no-logs-msg-2":"Hasi komunikatzen orain","no-logs-msg-3":"Dei galdurik ez","recents":{"ariaLabel":"Azken deiak"},"reply":"Erantzun","selectAll":"Hautatu denak","send":"Bidali","switch-calls":"Aldatu deiak","today":"Gaur","withheld-number":"Zenbaki ezkutua","from-contact":"{{ contact }}","from-number":"{{ number }}","from-withheld-number":"Zenbaki ezkutua","yesterday":"Atzo","sending":"Bidaltzen…","speakerOption":{"ariaLabel":"Bozgorailua"},"ussd-services":"{{ operator }} zerbitzuak","toggleKeypad":{"ariaLabel":"Txandakatu zenbakizko teklatua"},"type-your-response":{"placeholder":"Idatzi erantzuna…"},"clear-all-text":"Garbitu testu guztia","hide":"Ezkutatu","call":"Deitu","hold":{"ariaLabel":"Mantendu"},"resume":{"_":"Berrekin","ariaLabel":"Berrekin"},"sendSms":"Bidali mezua","callEnded":"Deia amaituta","via-sim":"{{ n }}. SIMaren bidez","sim-number":"{{ n }}. SIMa","hangup-a11y-button":{"ariaLabel":"Eseki"},"pickup-a11y-button":{"ariaLabel":"Hartu"},"unlock-a11y-button":{"ariaLabel":"Graduatzailea"},"roaming":"{{operator}} (Roaming)","settings":"Ezarpenak","delete-n-log?":{"_index":["plural","n"],"_":{"zero":"Ez da ezer hautatu","one":"Ezabatu hautatutako loga?","two":"Ezabatu {{n}} log?","few":"Ezabatu {{n}} log?","many":"Ezabatu {{n}} log?","other":"Ezabatu {{n}} log?"}},"callDurationMinutes":"{{ m }}:{{ s }}","callDurationHours":"{{ h }}:{{ m }}:{{ s}}","suggestionMatches":{"_index":["plural","n"],"_":{"one":"Agerpen bat \"{{ matchNumber }}\" zenbakirako","two":"{{ n }} agerpen \"{{ matchNumber }}\" zenbakirako","few":"{{ n }} agerpen \"{{ matchNumber }}\" zenbakirako","many":"{{ n }} agerpen \"{{ matchNumber }}\" zenbakirako","other":"{{ n }} agerpen \"{{ matchNumber }}\" zenbakirako"}},"scCallBarring":"Deien blokeoa","scCallForwarding":"Dei-birbidalketa","scClip":"Sar. deitzaile-IDa","scClir":"Irt. deitzaile-IDa","scPwd":"Pasahitz-aldaketa","scCallWaiting":"Dei-itxarotea","scPin":"PIN aldaketa","scPin2":"PIN2 aldaketa","scPuk":"Desblokeatu PINa","scPuk2":"Desblokeatu PIN2a","scImei":"IMEI","scUssd":"USSD","serviceClassVoice":"Ahotsa","serviceClassData":"Datuak","serviceClassFax":"FAXa","serviceClassSms":"SMSa","serviceClassDataSync":"Sinkr.","serviceClassDataAsync":"Asinkr.","serviceClassPacket":"Paketea","serviceClassPad":"PAD","smServiceEnabled":"Zerbitzua gaitu egin da","smServiceDisabled":"Zerbitzua desgaitu egin da","smServiceRegistered":"Erregistroa ondo burutu da","smServiceErased":"Ezabatzea ondo burutu da","smServiceInterrogated":"Eskaera ondo burutu da","smServiceNotProvisioned":"Hornitu gabeko zerbitzua","smClirPermanent":"Ezin duzu deitzailearen IDaren ezarpena aldatu","smClirDefaultOnNextCallOn":"Deitzailearen IDa mugatuta dago lehenespenez. Hurrengo deia: mugatuta","smClirDefaultOnNextCallOff":"Deitzailearen IDa mugatuta dago lehenespenez. Hurrengo deia: mugatu gabe","smClirDefaultOffNextCallOn":"Deitzailearen IDa mugatu gabe dago lehenespenez. Hurrengo deia: mugatuta","smClirDefaultOffNextCallOff":"Deitzailearen IDa mugatu gabe dago lehenespenez. Hurrengo deia: mugatu gabe","smServiceEnabledFor":"Zerbitzua honentzat gaitu da:","smPinChanged":"PINa ondo aldatu da","smPinUnblocked":"PINa ondo desblokeatu da","smPin2Changed":"PIN2a ondo aldatu da","smPin2Unblocked":"PIN2a ondo desblokeatu da","ServiceIsEnabled":"Service is enabled","ServiceIsDisabled":"Service is disabled","ServiceIsEnabledFor":"Service is enabled for:","emMmiError":"Konexio-arazoa edo MMI kode baliogabea","emMmiErrorPasswordIncorrect":"Pasahitz okerra","emMmiErrorNotSupported":"MMI kode baliogabea edo onartzen ez dena","emMmiErrorInvalidAction":"Ekintza baliogabea","emMmiErrorInvalidScCode":"Zerbitzu-kode baliogabea","emMmiErrorBadPuk":"Idatzi duzun PUKa ez da zuzena","emMmiErrorBadPin":"Idatzi duzun PIN zaharra ez da zuzena.","emMmiErrorNeedPuk2":"Idatzi PUK2a SIM txartela desblokeatzeko","emMmiErrorMismatchPin":"Idatzi dituzun PINak ez datoz bat","emMmiErrorInvalidPin":"Idatzi 4 eta 8 zenbaki arteko PINa","emMmiErrorNeedsPuk":"Zure SIM txartela PUK bidez blokeatuta dago","emMmiErrorEnablePin":"Ez da ondo burutu. Gaitu SIM/RUIM LOCK","emMmiErrorMmiFdn":"Eragiketa zenbaki aurrefinkatuen markatzeari soilik dago mugatuta","emMmiErrorStkCcUssdDial":"USSD eskaera DIAL eskaerara aldatu da","emMmiErrorStkCcUssdSs":"USSD eskaera SS eskaerara aldatu da","emMmiErrorStkCcUssdUssd":"USSD eskaera USSD eskaera berrira aldatu da","emMmiErrorStkCcSsDial":"SS eskaera DIAL eskaerara aldatu da","emMmiErrorStkCcSsUssd":"SS eskaera USSD eskaerara aldatu da","emMmiErrorStkCcSsSs":"SS eskaera SS eskaera berrira aldatu da","emMmiErrorPinPukAttempts":{"_index":["plural","n"],"_":{"one":"Azken aukera falta da","two":"{{n}} aukera falta dira","few":"{{n}} aukera falta dira","many":"{{n}} aukera falta dira","other":"{{n}} aukera falta dira"}},"emMmiErrorSimBlocked":"Aukeren kopuru maximoa gaindituta. SIMa blokeatuta","RadioNotAvailable":"Irratia ez dago erabilgarri","GenericFailure":"Hutsegite generikoa","PasswordIncorrect":"Pasahitz okerra","SimPin2":"SIM PIN2a","SimPuk2":"SIM PUK2a","RequestNotSupported":"Eskaera ez da onartzen","OpNotAllowedDuringVoiceCall":"Eragiketa ez dago baimenduta ahots-deian zehar","SmsSendFailRetry":"SMSa bidaltzeko birsaiakeraren hutsegitea","SimAbsent":"Ez dago SIMa","SubscriptionNotAvailable":"Harpidetza ez dago erabilgarri","ModeNotSupported":"Modua ez da onartzen","FdnCheckFailure":"Fdn egiaztapenaren hutsegitea","IllegalSimOrMe":"SIM edo ME ilegala","DialModifiedToUssd":"Dial USSDra aldatu da","DialModifiedToSs":"Dial SSra aldatu da","DialModifiedToDial":"Dial dial-era aldatu da","UssdModifiedToDial":"USSD dial-era aldatu da","UssdModifiedToSs":"USSD SSra aldatu da","UssdModifiedToUssd":"USSD USSDra aldatu da","SsModifiedToDial":"SS dial-era aldatu da","SsModifiedToUssd":"SS USSDra aldatu da","SsModifiedToSs":"SS SSra aldatu da","SubscriptionNotSupported":"Harpidetza ez da onartzen","InvalidParameter":"Parametro baliogabea","RejectedByRemote":"Urrunekoak baztertua","conferenceCall":"Conference ({{n}})","caller-left-call":"{{ caller }}(e)k deia utzi du.","conferenceAddError":"Ezin dira deiak konbinatu","conferenceRemoveError":"Ezin dira deiak banandu","longDateFormat":"%A, %Bk %e","select-audio-sources":"Hautatu audio-iturriak","bluetooth-handsfree-device":"Esku libreko Bluetooth gailua","receiver":"Hargailua","speaker":"Bozgorailua","weekday-0-long":"igandea","weekday-1-long":"astelehena","weekday-2-long":"asteartea","weekday-3-long":"asteazkena","weekday-4-long":"osteguna","weekday-5-long":"ostirala","weekday-6-long":"larunbata","weekday-0-short":"ig.","weekday-1-short":"al.","weekday-2-short":"ar.","weekday-3-short":"az.","weekday-4-short":"og.","weekday-5-short":"or.","weekday-6-short":"lr.","month-0-long":"urtarrila","month-1-long":"otsaila","month-2-long":"martxoa","month-3-long":"apirila","month-4-long":"maiatza","month-5-long":"ekaina","month-6-long":"uztaila","month-7-long":"abuztua","month-8-long":"iraila","month-9-long":"urria","month-10-long":"azaroa","month-11-long":"abendua","month-0-genitive":"urtarrila","month-1-genitive":"otsaila","month-2-genitive":"martxoa","month-3-genitive":"apirila","month-4-genitive":"maiatza","month-5-genitive":"ekaina","month-6-genitive":"uztaila","month-7-genitive":"abuztua","month-8-genitive":"iraila","month-9-genitive":"urria","month-10-genitive":"azaroa","month-11-genitive":"abendua","month-0-short":"urt","month-1-short":"ots","month-2-short":"mar","month-3-short":"api","month-4-short":"mai","month-5-short":"eka","month-6-short":"uzt","month-7-short":"abu","month-8-short":"ira","month-9-short":"urr","month-10-short":"aza","month-11-short":"abe","minutes-ago-long":{"_index":["plural","value"],"_":{"zero":"orain","one":"duela minutu bat","two":"duela {{value}} minutu","few":"duela {{value}} minutu","many":"duela {{value}} minutu","other":"duela {{value}} minutu"}},"hours-ago-long":{"_index":["plural","value"],"_":{"zero":"orain","one":"duela ordubete","two":"duela {{value}} ordu","few":"duela {{value}} ordu","many":"duela {{value}} ordu","other":"duela {{value}} ordu"}},"days-ago-long":{"_index":["plural","value"],"_":{"zero":"gaur","one":"atzo","two":"herenegun","few":"duela {{value}} egun","many":"duela {{value}} egun","other":"duela {{value}} egun"}},"weeks-ago-long":{"_index":["plural","value"],"_":{"zero":"aste honetan","one":"azken astean","two":"duela {{value}} aste","few":"duela {{value}} aste","many":"duela {{value}} aste","other":"duela {{value}} aste"}},"months-ago-long":{"_index":["plural","value"],"_":{"zero":"hilabete honetan","one":"azken hilabetean","two":"duela {{value}} hilabete","few":"duela {{value}} hilabete","many":"duela {{value}} hilabete","other":"duela {{value}} hilabete"}},"years-ago-long":{"_index":["plural","value"],"_":{"zero":"aurten","one":"iaz","two":"duela {{value}} urte","few":"duela {{value}} urte","many":"duela {{value}} urte","other":"duela {{value}} urte"}},"minutes-until-long":{"_index":["plural","value"],"_":{"zero":"orain","one":"minutu barru","two":"{{value}} minutu barru","few":"{{value}} minutu barru","many":"{{value}} minutu barru","other":"{{value}} minutu barru"}},"hours-until-long":{"_index":["plural","value"],"_":{"zero":"orain","one":"ordubete barru","two":"{{value}} ordu barru","few":"{{value}} ordu barru","many":"{{value}} ordu barru","other":"{{value}} ordu barru"}},"days-until-long":{"_index":["plural","value"],"_":{"zero":"gaur","one":"bihar","two":"etzi","few":"{{value}} egun barru","many":"{{value}} egun barru","other":"{{value}} egun barru"}},"weeks-until-long":{"_index":["plural","value"],"_":{"zero":"aste honetan","one":"hurrengo astean","two":"{{value}} aste barru","few":"{{value}} aste barru","many":"{{value}} aste barru","other":"{{value}} aste barru"}},"months-until-long":{"_index":["plural","value"],"_":{"zero":"hil honetan","one":"hurrengo hilean","two":"{{value}} hilabete barru","few":"{{value}} hilabete barru","many":"{{value}} hilabete barru","other":"{{value}} hilabete barru"}},"years-until-long":{"_index":["plural","value"],"_":{"zero":"aurten","one":"hurrengo urtean","two":"{{value}} urte barru","few":"{{value}} urte barru","many":"{{value}} urte barru","other":"{{value}} urte barru"}},"minutes-ago-short":{"_index":["plural","value"],"_":{"zero":"orain","other":"duela {{value}}m"}},"hours-ago-short":{"_index":["plural","value"],"_":{"zero":"orain","other":"duela {{value}}h"}},"days-ago-short":{"_index":["plural","value"],"_":{"zero":"gaur","other":"duela {{value}}eg."}},"minutes-until-short":{"_index":["plural","value"],"_":{"zero":"orain","other":"{{value}}m barru"}},"hours-until-short":{"_index":["plural","value"],"_":{"zero":"orain","other":"{{value}}h barru"}},"days-until-short":{"_index":["plural","value"],"_":{"zero":"gaur","other":"{{value}}eg. barru"}},"incorrectDate":"(data okerra)","dateTimeFormat_%c":"%a, %Y.eko %Bren %ea %H:%M:%S","dateTimeFormat_%x":"%Y/%m/%d","dateTimeFormat_%X":"%H:%M:%S","shortTimeFormat":"%H:%M","shortDateTimeFormat":"%x %H:%M","weekStartsOnMonday":"1","time_am":"AM","time_pm":"PM","label":"Etiketa","mobile":"Mugikorra","home":"Home","work":"Work","personal":"Pertsonala","faxHome":"Fax home","faxOffice":"Fax office","faxOther":"Fax other","another":"Beste bat","other":"Other","customTag":{"placeholder":"Etiketa pertsonalizatua"},"current":"Unekoa","itemWithLabel":"{{label}}, {{item}}"}