{"callAirplaneModeMessage":"Para facer unha chamada ten que desactivar o modo avión nos axustes.","callAirplaneModeBtnOk":"Aceptar","callAirplaneModeTitle":"Activouse o modo avión","numberIsBusyTitle":"O número está ocupado","numberIsBusyMessage":"Neste momento o número está ocupado. Tente de novo máis tarde.","fdnIsActiveTitle":"FDN activo","fdnIsActiveMessage":"FDN (Numeración fixa) está activado e o seguinte número non está na súa lista FDN: {{ number }}","voiceMail":"Mensaxes de voz","emergencyNumber":"Número de emerxencia","emergencyDialogBodyBadNumber":"Para facer unha chamada, o teléfono ten que ter rede.","emergencyDialogBodyDeviceNotAccepted":"A rede non permite chamadas de emerxencia.","emergencyDialogBtnOk":"Aceptar","emergencyDialogTitle":"Sen conexión de rede","invalidNumberToDialTitle":"Número de teléfono incorrecto","invalidNumberToDialMessage":"O número de teléfono ao que está chamando é incorrecto.","unableToCallTitle":"Non é posíbel facer chamadas agora","unableToCallMessage":"Non é posíbel facer unha chamada. Se xa está marcando, primeiro colgue.","otherConnectionInUseTitle":"Outras conexións en uso","otherConnectionInUseMessage":"Ten unha chamada activa noutra conexión. Só pode usar unha conexión ao mesmo tempo.","addNewNumber":"Engadir novo número","addToExistingContact":"Engadir a un contacto existente","all":{"_":"Todas","ariaLabel":"Todas"},"callLog":"Rexistro chamadas","callLogEdit":{"title":"Editar rexistro chamadas"},"callLogEditDialog":{"ariaLabel":"Editar rexistro chamadas"},"connecting":"Conectando","cf-async":"Asíncrono: {{ async }}","cf-data":"Datos: {{ data }}","cf-error":"Produciuse un erro ao recuperar o estado do desvío de chamadas","cf-fax":"FAX: {{ fax }}","cf-inactive":"Inactivo","cf-packet":"Paquetes: {{ packet }}","cf-pad":"PAD: {{ pad }}","cf-sms":"SMS: {{ sms }}","cf-status":"Estado do desvío de chamadas","cf-sync":"Síncrono: {{ sync }}","cf-voice":"Voz: {{ voice }}","close":"Pechar","confirm-deletion":"Desexa limpar as chamadas seleccionadas?","contacts":{"ariaLabel":"Contactos"},"createNewContact":"Crear novo contacto","delete":"Eliminar","deselectAll":"Deseleccionar todo","dialerAddContact":{"ariaLabel":"Engadir conta"},"dialerAddContactDialog":{"ariaLabel":"Diálogo para engadir contactos"},"edit-selected":{"_index":["plural","n"],"_":{"one":"{{ n }} seleccionadas","two":"{{ n }} seleccionadas","few":"{{ n }} seleccionadas","many":"{{ n }} seleccionadas","other":"{{ n }} seleccionadas"}},"edit":"Editar","hideKeypad":{"ariaLabel":"Agochar teclado"},"ignore":"Ignorar chamada","incoming":"Entrante","keypad":{"ariaLabel":"Teclado numérico"},"makeCall":{"ariaLabel":"Facer chamada"},"merge":"Combinar","missed":{"_":"Perdidas","ariaLabel":"Perdidas"},"missedCall":"Chamada perdida","missedCallMultiSims":"(SIM {{ n }}) Chamada perdida","mmi-error":"Produciuse un erro ao enviar a mensaxe","mmi-session-expired":"Caducou a sesión","mmi-successfully-sent":"Enviouse a mensaxe correctamente","mmi-notification-title-with-sim":"({{sim}}) {{title}}","mute":{"ariaLabel":"Enmudecer"},"newCall":{"ariaLabel":"Nova chamada"},"no-logs-msg-1":"Ningunha chamada rexistrada","no-logs-msg-2":"Iniciar a comunicación agora","no-logs-msg-3":"Ningunha chamada perdida","recents":{"ariaLabel":"Chamadas recentes"},"reply":"Responder","selectAll":"Seleccionar todo","send":"Enviar","switch-calls":"Trocar chamadas","today":"Hoxe","withheld-number":"Número oculto","from-contact":"De {{ contact }}","from-number":"De {{ number }}","from-withheld-number":"Dun número oculto","yesterday":"Onte","sending":"Enviando…","speakerOption":{"ariaLabel":"Altofalante"},"ussd-services":"Servizos de {{ operator }}","toggleKeypad":{"ariaLabel":"Activa/desactiva teclado"},"type-your-response":{"placeholder":"Escriba a súa reposta…"},"clear-all-text":"Limpar todo o texto","hide":"Agochar","call":"Chamar","hold":{"ariaLabel":"En espera"},"resume":{"_":"Retomar","ariaLabel":"Retomar"},"sendSms":"Enviar a mensaxe","callEnded":"Chamada finalizada","via-sim":"coa SIM{{ n }}","sim-number":"SIM{{ n }}","hangup-a11y-button":{"ariaLabel":"Colgar"},"pickup-a11y-button":{"ariaLabel":"Responder"},"unlock-a11y-button":{"ariaLabel":"Control deslizante"},"roaming":"{{operator}} (Itinerancia)","settings":"Axustes","delete-n-log?":{"_index":["plural","n"],"_":{"zero":"Ningún elemento seleccionado","one":"Eliminar o rexistro seleccionado?","two":"Eliminar {{ n }} rexistros?","few":"Eliminar {{ n }} rexistros?","many":"Eliminar {{ n }} rexistros?","other":"Eliminar {{ n }} rexistros?"}},"callDurationMinutes":"{{ m }}:{{ s }}","callDurationHours":"{{ h }}:{{ m }}:{{ s}}","suggestionMatches":{"_index":["plural","n"],"_":{"one":"{{ n }} coincidencia para \"{{ matchNumber }}\"","two":"{{ n }} coincidencias para \"{{ matchNumber }}\"","few":"{{ n }} coincidencias para \"{{ matchNumber }}\"","many":"{{ n }} coincidencias para \"{{ matchNumber }}\"","other":"{{ n }} coincidencias para \"{{ matchNumber }}\""}},"scCallBarring":"Bloqueo chamadas","scCallForwarding":"Desvío chamadas","scClip":"ID interlocutor","scClir":"Presentación do número saínte","scPwd":"Cambio do contrasinal","scCallWaiting":"Chama en espera","scPin":"Cambio de PIN","scPin2":"Cambio de PIN2","scPuk":"Desbloquear PIN","scPuk2":"Desbloquear PIN2","scImei":"IMEI","scUssd":"USSD","serviceClassVoice":"Voz","serviceClassData":"Datos","serviceClassFax":"FAX","serviceClassSms":"SMS","serviceClassDataSync":"Síncrono","serviceClassDataAsync":"Asíncrono","serviceClassPacket":"Paquete","serviceClassPad":"PAD","smServiceEnabled":"Activouse o servizo para:","smServiceDisabled":"Desactivouse o servizo","smServiceRegistered":"O rexistro realizouse correctamente","smServiceErased":"O borrado realizouse correctamente","smServiceInterrogated":"A solicitude realizouse correctamente","smServiceNotProvisioned":"Servizo non provisto","smClirPermanent":"Non é posíbel cambiar a configuración da presentación do número","smClirDefaultOnNextCallOn":"Presentación do número desactivada de forma predeterminada. Próxima chamada: restrinxida","smClirDefaultOnNextCallOff":"Presentación do número desactivada de forma predeterminada. Próxima chamada: non restrinxida","smClirDefaultOffNextCallOn":"Presentación do número activada de forma predeterminada. Próxima chamada: restrinxida","smClirDefaultOffNextCallOff":"Presentación do número activada de forma predeterminada. Próxima chamada: non restrinxida","smServiceEnabledFor":"Activouse o servizo para:","smPinChanged":"PIN cambiado correctamente","smPinUnblocked":"PIN desbloqueado correctamente","smPin2Changed":"PIN2 cambiado correctamente","smPin2Unblocked":"PIN2 desbloqueado correctamente","ServiceIsEnabled":"Service is enabled","ServiceIsDisabled":"Service is disabled","ServiceIsEnabledFor":"Service is enabled for:","emMmiError":"Problema de conexión ou código MMI incorrecto","emMmiErrorPasswordIncorrect":"Contrasinal incorrecto","emMmiErrorNotSupported":"Código MMI non admitido ou incorrecto","emMmiErrorInvalidAction":"Acción incorrecta","emMmiErrorInvalidScCode":"Código de servizo incorrecto","emMmiErrorBadPuk":"O PUK que escribiu é incorrecto","emMmiErrorBadPin":"O antigo PIN que escribiu é incorrecto.","emMmiErrorNeedPuk2":"Escriba o PUK2 para desbloquear a tarxeta SIM","emMmiErrorMismatchPin":"Os PIN que escribiu non coinciden","emMmiErrorInvalidPin":"Escriba un PIN que teña entre 4 e 8 números","emMmiErrorNeedsPuk":"A tarxeta SIM está bloqueada por código PUK","emMmiErrorEnablePin":"Non é correcto. Active o SIM/RUIM LOCK","emMmiErrorMmiFdn":"A operación está restrinxida a unha lista de números autorizados (FDN)","emMmiErrorStkCcUssdDial":"Modificouse a solicitude USSD a DIAL","emMmiErrorStkCcUssdSs":"Modificouse a solicitude USSD a SS","emMmiErrorStkCcUssdUssd":"Modificouse a solicitude USSD a unha nova USSD","emMmiErrorStkCcSsDial":"Modificouse a solicitude SS a DIAL","emMmiErrorStkCcSsUssd":"Modificouse a solicitude SS a USSD","emMmiErrorStkCcSsSs":"Modificouse a solicitude SS a unha nova SS","emMmiErrorPinPukAttempts":{"_index":["plural","n"],"_":{"one":"Queda {{ n }} intento","two":"Quedan {{ n }} intentos","few":"Quedan {{ n }} intentos","many":"Quedan {{ n }} intentos","other":"Quedan {{ n }} intentos"}},"emMmiErrorSimBlocked":"Excedeuse o número máximo de intentos. Bloqueouse a SIM","RadioNotAvailable":"Radio non dispoñíbel","GenericFailure":"Fallo xenérico","PasswordIncorrect":"Contrasinal incorrecto","SimPin2":"PIN2 da SIM","SimPuk2":"PUK2 da SIM","RequestNotSupported":"Solicitude incompatíbel","OpNotAllowedDuringVoiceCall":"Non se permite a operación durante unha chamada","SmsSendFailRetry":"Fallou o envío do SMS, tente de novo","SimAbsent":"SIM ausente","SubscriptionNotAvailable":"Subscrición non dispoñíbel","ModeNotSupported":"Modo incompatíbel","FdnCheckFailure":"Fallo de comprobación de FDN","IllegalSimOrMe":"SIM ou ME inaceptábel","DialModifiedToUssd":"Modificouse a DIAL a USSD","DialModifiedToSs":"Modificouse a DIAL a SS","DialModifiedToDial":"Modificouse a DIAL a DIAL","UssdModifiedToDial":"Modificouse a USSD a DIAL","UssdModifiedToSs":"Modificouse a USSD a SS","UssdModifiedToUssd":"Modificouse a USSD a USSD","SsModifiedToDial":"Modificouse a SS a DIAL","SsModifiedToUssd":"Modificouse a SS a USSD","SsModifiedToSs":"Modificouse a SS a SS","SubscriptionNotSupported":"Subscrición non compatíbel","InvalidParameter":"Parámetro incorrecto","RejectedByRemote":"Rexeitada polo remoto","conferenceCall":"Conferencia ({{n}})","caller-left-call":"{{ caller }} abandonou a chamada.","conferenceAddError":"Imposíbel combinar as chamadas","conferenceRemoveError":"Imposíbel separar as chamadas","longDateFormat":"%A, %e de %B","select-audio-sources":"Seleccionar as fontes de son","bluetooth-handsfree-device":"Dispositivo Bluetooth mans libres","receiver":"Receptor","speaker":"Altofalante","weekday-0-long":"Domingo","weekday-1-long":"Luns","weekday-2-long":"Martes","weekday-3-long":"Mércores","weekday-4-long":"Xoves","weekday-5-long":"Venres","weekday-6-long":"Sábado","weekday-0-short":"Dom","weekday-1-short":"Lun","weekday-2-short":"Mar","weekday-3-short":"Mer","weekday-4-short":"Xov","weekday-5-short":"Ven","weekday-6-short":"Sab","month-0-long":"Xaneiro","month-1-long":"Febreiro","month-2-long":"Marzo","month-3-long":"Abril","month-4-long":"Maio","month-5-long":"Xuño","month-6-long":"Xullo","month-7-long":"Agosto","month-8-long":"Setembro","month-9-long":"Outubro","month-10-long":"Novembro","month-11-long":"Decembro","month-0-genitive":"Xaneiro","month-1-genitive":"Febreiro","month-2-genitive":"Marzo","month-3-genitive":"Abril","month-4-genitive":"Maio","month-5-genitive":"Xuño","month-6-genitive":"Xullo","month-7-genitive":"Agosto","month-8-genitive":"Setembro","month-9-genitive":"Outubro","month-10-genitive":"Novembro","month-11-genitive":"Decembro","month-0-short":"Xan","month-1-short":"Feb","month-2-short":"Mar","month-3-short":"Abr","month-4-short":"Maio","month-5-short":"Xun","month-6-short":"Xul","month-7-short":"Ago","month-8-short":"Set","month-9-short":"Out","month-10-short":"Nov","month-11-short":"Dec","minutes-ago-long":{"_index":["plural","value"],"_":{"zero":"xusto agora","one":"hai un minuto","two":"hai {{value}} minutos","few":"hai {{value}} minutos","many":"hai {{value}} minutos","other":"hai {{value}} minutos"}},"hours-ago-long":{"_index":["plural","value"],"_":{"zero":"xusto agora","one":"hai unha hora","two":"hai {{value}} horas","few":"hai {{value}} horas","many":"hai {{value}} horas","other":"hai {{value}} horas"}},"days-ago-long":{"_index":["plural","value"],"_":{"zero":"hoxe","one":"onte","two":"hai {{value}} días","few":"hai {{value}} días","many":"hai {{value}} días","other":"hai {{value}} días"}},"weeks-ago-long":{"_index":["plural","value"],"_":{"zero":"esta semana","one":"a semana pasada","two":"hai {{value}} semanas","few":"hai {{value}} semanas","many":"hai {{value}} semanas","other":"hai {{value}} semanas"}},"months-ago-long":{"_index":["plural","value"],"_":{"zero":"Este mes","one":"o mes pasado","two":"hai {{value}} meses","few":"hai {{value}} meses","many":"hai {{value}} meses","other":"hai {{value}} meses"}},"years-ago-long":{"_index":["plural","value"],"_":{"zero":"este ano","one":"o ano pasado","two":"hai {{value}} anos","few":"hai {{value}} anos","many":"hai {{value}} anos","other":"hai {{value}} anos"}},"minutes-until-long":{"_index":["plural","value"],"_":{"zero":"agora","one":"nun minuto","two":"en {{value}} minutos","few":"en {{value}} minutos","many":"en {{value}} minutos","other":"en {{value}} minutos"}},"hours-until-long":{"_index":["plural","value"],"_":{"zero":"agora","one":"nunha hora","two":"en {{value}} horas","few":"en {{value}} horas","many":"en {{value}} horas","other":"en {{value}} horas"}},"days-until-long":{"_index":["plural","value"],"_":{"zero":"hoxe","one":"mañá","two":"en {{value}} días","few":"en {{value}} días","many":"en {{value}} días","other":"en {{value}} días"}},"weeks-until-long":{"_index":["plural","value"],"_":{"zero":"esta semana","one":"a semana que ven","two":"en {{value}} semanas","few":"en {{value}} semanas","many":"en {{value}} semanas","other":"en {{value}} semanas"}},"months-until-long":{"_index":["plural","value"],"_":{"zero":"Este mes","one":"o mes que ven","two":"en {{value}} meses","few":"en {{value}} meses","many":"en {{value}} meses","other":"en {{value}} meses"}},"years-until-long":{"_index":["plural","value"],"_":{"zero":"este ano","one":"o ano que ven","two":"en {{value}} anos","few":"en {{value}} anos","many":"en {{value}} anos","other":"en {{value}} anos"}},"minutes-ago-short":{"_index":["plural","value"],"_":{"zero":"xusto agora","other":"hai {{value}}min"}},"hours-ago-short":{"_index":["plural","value"],"_":{"zero":"xusto agora","other":"hai {{value}}h"}},"days-ago-short":{"_index":["plural","value"],"_":{"zero":"hoxe","other":"hai {{value}}d"}},"minutes-until-short":{"_index":["plural","value"],"_":{"zero":"agora","other":"en {{value}}min"}},"hours-until-short":{"_index":["plural","value"],"_":{"zero":"agora","other":"en {{value}}h"}},"days-until-short":{"_index":["plural","value"],"_":{"zero":"hoxe","other":"en {{value}}d"}},"incorrectDate":"(data incorrecta)","dateTimeFormat_%c":"%a, %e de %b, %Y %H:%M:%S","dateTimeFormat_%x":"%d/%m/%Y","dateTimeFormat_%X":"%H:%M:%S","shortTimeFormat":"%H:%M","shortDateTimeFormat":"%x %H:%M %p","weekStartsOnMonday":"1","time_am":"AM","time_pm":"PM","label":"Etiqueta","mobile":"Móbil","home":"Casa","work":"Traballo","personal":"Persoal","faxHome":"Fax casa","faxOffice":"Fax oficina","faxOther":"Outro fax","another":"Outro","other":"Outros","customTag":{"placeholder":"Personalizar etiqueta"},"current":"Actual","itemWithLabel":"{{label}}, {{item}}"}