{"callAirplaneModeMessage":"Da biste uspostavili poziv, trebate isključiti zrakoplovni način rada.","callAirplaneModeBtnOk":"U redu","callAirplaneModeTitle":"Zrakoplovni način rada uključen","numberIsBusyTitle":"Broj je zauzet","numberIsBusyMessage":"Broj je trenutno zauzet. Molim pokušajte kasnije.","fdnIsActiveTitle":"FDN active","fdnIsActiveMessage":"FDN (Fixed Dialing Numbers) is activated and the following number is not in your FDN list: {{ number }}","voiceMail":"Glasovna pošta","emergencyNumber":"Broj za hitne slučajeve","emergencyDialogBodyBadNumber":"Da biste uspostavili poziv, uređaj mora biti spojen na mrežu.","emergencyDialogBodyDeviceNotAccepted":"Mreža ne dopušta hitne pozive.","emergencyDialogBtnOk":"U redu","emergencyDialogTitle":"Nema mrežne veze","invalidNumberToDialTitle":"Neispravan broj telefona","invalidNumberToDialMessage":"Broj telefona kojeg zovete nije ispravan.","unableToCallTitle":"Trenutno nije moguće uspostaviti poziv","unableToCallMessage":"Nije moguće uspostaviti poziv. Ako već birate broj, molim otkažite poziv.","otherConnectionInUseTitle":"Other connection in use","otherConnectionInUseMessage":"You have an active call on another connection. You can only use one connection at a time.","addNewNumber":"Add new number","addToExistingContact":"Dodaj postojećem kontaktu","all":"Svi","callLog":"Pozivi","callLogEdit":{"title":"Edit call log"},"callLogEditDialog":{"ariaLabel":"Edit call log dialog"},"connecting":"Povezivanje","cf-async":"Asinkrono: {{ async }}\\n","cf-data":"Podaci: {{ data }}\\n","cf-error":"Došlo je do greške prilikom preuzimanja statusa proslijeđivanja poziva","cf-fax":"FAKS: {{ fax }}\\n","cf-inactive":"Neaktivno","cf-packet":"Paket: {{ packet }}\\n","cf-pad":"PAD: {{ pad }}\\n","cf-sms":"SMS: {{ sms }}\\n","cf-status":"Status proslijeđivanja poziva\\n","cf-sync":"Sinkrono: {{ sync }}\\n","cf-voice":"Glas: {{ voice }}\\n","close":"Close","confirm-deletion":"Obrisati odabrane pozive?","contacts":{"ariaLabel":"Contacts"},"createNewContact":"Stvori novi kontakt","delete":"Obriši","deselectAll":"Poništi odabir","dialerAddContact":{"ariaLabel":"Add contact"},"dialerAddContactDialog":{"ariaLabel":"Add Contact Dialog"},"edit-selected":{"_index":["plural","n"],"_":{"one":"{{ n }} odabran","two":"{{ n }} odabrana","few":"{{ n }} odabrano","many":"{{ n }} odabrano","other":"{{ n }} odabrano"}},"edit":"Uredi","hideKeypad":{"ariaLabel":"Hide keypad"},"ignore":"Ignoriraj poziv","incoming":"Dolazni","keypad":{"ariaLabel":"Keypad"},"makeCall":{"ariaLabel":"Make call"},"merge":"Merge","missed":"Propušteni","missedCall":"Propušteni poziv","missedCallMultiSims":"(SIM {{ n }}) Missed call","mmi-error":"Došlo je do greške pri slanju poruke","mmi-session-expired":"Prijava istekla","mmi-successfully-sent":"Poruka uspješno poslana","mmi-notification-title-with-sim":"({{sim}}) {{title}}","mute":{"ariaLabel":"Mute"},"newCall":{"ariaLabel":"New call"},"no-logs-msg-1":"Nema zabilježenih poziva","no-logs-msg-2":"Započni komunicirati sada","no-logs-msg-3":"Nema propuštenih poziva","recents":{"ariaLabel":"Recent calls"},"reply":"Odgovori","selectAll":"Označi sve","send":"Pošalji","switch-calls":"Zamijeni pozive","today":"Danas","withheld-number":"Skriveni broj","from-contact":"Od {{ contact }}","from-number":"Od {{ number }}","from-withheld-number":"Sa skrivenog broja","yesterday":"Jučer","sending":"Slanje…","speakerOption":{"ariaLabel":"Speaker"},"ussd-services":"{{ operator }} usluge","toggleKeypad":{"ariaLabel":"Toggle keypad"},"type-your-response":{"placeholder":"Upišite svoj odgovor…"},"clear-all-text":"Obriši sav tekst","hide":"Sakrij","call":"Zovi","hold":"Na čekanje","resume":"Nastavi","sendSms":"Pošalji poruku","callEnded":"Poziv završen","via-sim":"via SIM{{ n }}","sim-number":"SIM{{ n }}","hangup-a11y-button":{"aria-label":"Prekid poziva"},"pickup-a11y-button":{"aria-label":"Privaćanje poziva"},"unlock-a11y-button":{"aria-label":"Klizač"},"roaming":"{{operator}} (Roaming)","settings":"Postavke","delete-n-log?":{"_index":["plural","n"],"_":{"zero":"Ništa nije odabrano","one":"Obrisati odabrani zapis?","two":"Obrisati {{ n }} zapisa?","few":"Obrisati {{ n }} zapisa?","many":"Obrisati {{ n }} zapisa?","other":"Obrisati {{ n }} zapisa?"}},"callDurationMinutes":"{{ m }}:{{ s }}","callDurationHours":"{{ h }}:{{ m }}:{{ s}}","suggestionMatches":{"_index":["plural","n"],"_":{"one":"{{ n }} podudaranje za \"{{ matchNumber }}\"","two":"{{ n }} podudaranja za \"{{ matchNumber }}\"","few":"{{ n }} podudaranja za \"{{ matchNumber }}\"","many":"{{ n }} podudaranja za \"{{ matchNumber }}\"","other":"{{ n }} podudaranja za \"{{ matchNumber }}\""}},"scCallBarring":"Zabrana poziva","scCallForwarding":"Preusmjeravanje","scClip":"ID dol. poziva","scClir":"ID odlaznog poziva","scPwd":"Promjena lozinke","scCallWaiting":"Poziv na čekanju","scPin":"Promijeni PIN","scPin2":"Promijeni PIN2","scPuk":"Odblokiraj PIN","scPuk2":"Odblokiraj PIN2","scImei":"IMEI","scUssd":"USSD","serviceClassVoice":"Glasovne usluge","serviceClassData":"Podatkovne usluge","serviceClassFax":"FAX usluge","serviceClassSms":"SMS usluge","serviceClassDataSync":"Usluge sinkronizacije","serviceClassDataAsync":"Usluge desinkronizacije","serviceClassPacket":"Paketne Usluge","serviceClassPad":"PAD Usluge","smServiceEnabled":"Usluga omogućena","smServiceDisabled":"Usluga onemogućena","smServiceRegistered":"Registracija uspješna","smServiceErased":"Brisanje uspješno","smServiceInterrogated":"Zahtjev uspješan","smServiceNotProvisioned":"Usluga nije podržana","smClirPermanent":"Ne možete izmjeniti ID pozivatelja","smClirDefaultOnNextCallOn":"ID pozivatelja postavljen na sakriven. Sljedeći poziv: Sakriven","smClirDefaultOnNextCallOff":"ID pozivatelja postavljen na sakriven. Sljedeći poziv: Vidljiv","smClirDefaultOffNextCallOn":"ID pozivatelja postavljen na vidljiv. Sljedeći poziv: Sakriven","smClirDefaultOffNextCallOff":"ID pozivatelja postavljen na vidljiv. Sljedeći poziv: Vidljiv","smServiceEnabledFor":"Usluga omogućena za:","smPinChanged":"PIN uspješno izmijenjen","smPinUnblocked":"PIN uspješno odblokiran","smPin2Changed":"PIN2 uspješno izmijenjen","smPin2Unblocked":"PIN2 uspješno odblokiran","ServiceIsEnabled":"Service is enabled","ServiceIsDisabled":"Service is disabled","ServiceIsEnabledFor":"Service is enabled for:","emMmiError":"Greška u vezi ili netočan MMI kôd","emMmiErrorPasswordIncorrect":"Netočna zaporka","emMmiErrorNotSupported":"Netočan ili nekorišten MMI kôd","emMmiErrorInvalidAction":"Nepodržana akcija","emMmiErrorInvalidScCode":"Netočan kôd usluge","emMmiErrorBadPuk":"PUK kôd koji ste unijeli je netočan.","emMmiErrorBadPin":"Stari PIN kôd koji ste unijeli je netočan.","emMmiErrorNeedPuk2":"Unesite PUK2 kôd da bi odblokirali SIM karticu","emMmiErrorMismatchPin":"PIN kôdovi koje ste unijeli nisu isti","emMmiErrorInvalidPin":"Unesite PIN kôd koji ima 4 do 8 znamenaka","emMmiErrorNeedsPuk":"Vaša SIM kartica je zaključana PUK kôdom","emMmiErrorEnablePin":"Neuspješno. Omogućite SIM/RUIM zaključavanje","emMmiErrorMmiFdn":"Operacija je ograničena na fiksno biranje brojeva","emMmiErrorStkCcUssdDial":"USSD zahtjev je prenamijenjen u DIAL zahtjev","emMmiErrorStkCcUssdSs":"USSD zahtjev je prenamijenjen u SS zahtjev","emMmiErrorStkCcUssdUssd":"USSD zahtjev je prenamijenjen u novi USSD zahtjev","emMmiErrorStkCcSsDial":"SS zahtjev je prenamijenjen u DIAL zahtjev","emMmiErrorStkCcSsUssd":"SS zahtjev je prenamijenjen u novi USSD zahtjev","emMmiErrorStkCcSsSs":"SS zahtjev je prenamijenjen u SS zahtjev","emMmiErrorPinPukAttempts":{"_index":["plural","n"],"_":{"one":"Preostao je samo {{ n }} pokušaj","two":"Preostala su {{ n }} pokušaja","few":"Preostalo je {{ n }} pokušaja","many":"Preostalo je {{ n }} pokušaja","other":"Preostalo je {{ n }} pokušaja"}},"emMmiErrorSimBlocked":"Maksimalan broj pokušaja prekoračen. SIM kartica blokirana.","RadioNotAvailable":"Radio nije dostupan","GenericFailure":"Generička greška","PasswordIncorrect":"Zaporka netočna","SimPin2":"SIM PIN2","SimPuk2":"SIM PUK2","RequestNotSupported":"Zahtjev nije podržan","OpNotAllowedDuringVoiceCall":"Operacija nije podržana tokom glasovnog poziva","SmsSendFailRetry":"Slanje SMS-a nije uspjelo.","SimAbsent":"SIM kartica nije detektirana","SubscriptionNotAvailable":"Pretplata nije dostupna","ModeNotSupported":"Način rada nije podržan","FdnCheckFailure":"Greška u FDN provjeri","IllegalSimOrMe":"Nedopušten SIM ili ME","DialModifiedToUssd":"Biranje izmijenjeno u USSD","DialModifiedToSs":"Biranje izmijenjeno u SS","DialModifiedToDial":"Biranje izmijenjeno u poziv","UssdModifiedToDial":"USSD izmijenjeno u poziv","UssdModifiedToSs":"USSD izmijenjeno u SS","UssdModifiedToUssd":"USSD izmijenjeno u USSD","SsModifiedToDial":"SS izmijenjeno u poziv","SsModifiedToUssd":"SS izmijenjeno u USSD","SsModifiedToSs":"SS izmijenjeno u SS","SubscriptionNotSupported":"Pretplata nije podržana","InvalidParameter":"Nepodržan parametar","RejectedByRemote":"Odbijeno od druge strane","conferenceCall":"Conference ({{n}})","caller-left-call":"{{ caller }} je napustio poziv.","conferenceAddError":"Neuspjelo spajanje poziva","conferenceRemoveError":"Neuspješno odspajanje poziva","longDateFormat":"%A, %e. %B","select-audio-sources":"Select audio sources","bluetooth-handsfree-device":"Bluetooth handsfree device","receiver":"Receiver","speaker":"Speaker","weekday-0-long":"Nedjelja","weekday-1-long":"Ponedjeljak","weekday-2-long":"Utorak","weekday-3-long":"Srijeda","weekday-4-long":"Četvrtak","weekday-5-long":"Petak","weekday-6-long":"Subota","weekday-0-short":"Ned","weekday-1-short":"Pon","weekday-2-short":"Uto","weekday-3-short":"Sri","weekday-4-short":"Čet","weekday-5-short":"Pet","weekday-6-short":"Sub","month-0-long":"Siječanj","month-1-long":"Veljača","month-2-long":"Ožujak","month-3-long":"Travanj","month-4-long":"Svibanj","month-5-long":"Lipanj","month-6-long":"Srpanj","month-7-long":"Kolovoz","month-8-long":"Rujan","month-9-long":"Listopad","month-10-long":"Studeni","month-11-long":"Prosinac","month-0-genitive":"Siječnja","month-1-genitive":"Veljače","month-2-genitive":"Ožujka","month-3-genitive":"Travnja","month-4-genitive":"Svibnja","month-5-genitive":"Lipnja","month-6-genitive":"Srpnja","month-7-genitive":"Kolovoza","month-8-genitive":"Rujna","month-9-genitive":"Listopada","month-10-genitive":"Studenoga","month-11-genitive":"Prosinca","month-0-short":"Sij","month-1-short":"Velj","month-2-short":"Ožu","month-3-short":"Tra","month-4-short":"Svi","month-5-short":"Lip","month-6-short":"Srp","month-7-short":"Kol","month-8-short":"Ruj","month-9-short":"Lis","month-10-short":"Stu","month-11-short":"Pro","minutes-ago-long":{"_index":["plural","value"],"_":{"zero":"upravo","one":"prije minutu","two":"prije {{value}} minute","few":"prije {{value}} minutes","many":"prije {{value}} minuta","other":"prije {{value}} minuta"}},"hours-ago-long":{"_index":["plural","value"],"_":{"zero":"upravo","one":"prije sat vremena","two":"prije {{value}} sata","few":"prije {{value}} sati","many":"prije {{value}} sati","other":"prije {{value}} sati"}},"days-ago-long":{"_index":["plural","value"],"_":{"zero":"danas","one":"jučer","two":"prije {{value}} dana","few":"prije {{value}} dana","many":"prije {{value}} dana","other":"prije {{value}} dana"}},"weeks-ago-long":{"_index":["plural","value"],"_":{"zero":"ovaj tjedan","one":"prošli tjedan","two":"prije {{value}} tjedna","few":"prije {{value}} tjedana","many":"prije {{value}} tjedana","other":"prije {{value}} tjedana"}},"months-ago-long":{"_index":["plural","value"],"_":{"zero":"ovaj mjesec","one":"prošli mjesec","two":"prije {{value}} mjeseca","few":"prije {{value}} mjeseci","many":"prije {{value}} mjeseci","other":"prije {{value}} mjeseci"}},"years-ago-long":{"_index":["plural","value"],"_":{"zero":"ove godine","one":"prošle godine","two":"prije {{value}} godine","few":"prije {{value}} godina","many":"prije {{value}} godina","other":"prije {{value}} godina"}},"minutes-until-long":{"_index":["plural","value"],"_":{"zero":"upravo","one":"za minutu","two":"za {{value}} minute","few":"za {{value}} minuta","many":"za {{value}} minuta","other":"za {{value}} minuta"}},"hours-until-long":{"_index":["plural","value"],"_":{"zero":"upravo","one":"za sat vremena","two":"za {{value}} sata","few":"za {{value}} sati","many":"za {{value}} sati","other":"za {{value}} sati"}},"days-until-long":{"_index":["plural","value"],"_":{"zero":"danas","one":"sutra","two":"za {{value}} dana","few":"za {{value}} dana","many":"za {{value}} dana","other":"za {{value}} dana"}},"weeks-until-long":{"_index":["plural","value"],"_":{"zero":"ovaj tjedan","one":"idući tjedan","two":"za {{value}} tjedna","few":"za {{value}} tjedana","many":"za {{value}} tjedana","other":"za {{value}} tjedana"}},"months-until-long":{"_index":["plural","value"],"_":{"zero":"ovaj mjesec","one":"idući mjesec","two":"za {{value}} mjeseca","few":"za {{value}} mjeseci","many":"za {{value}} mjeseci","other":"za {{value}} mjeseci"}},"years-until-long":{"_index":["plural","value"],"_":{"zero":"ove godine","one":"iduće godine","two":"za {{value}} godine","few":"za {{value}} godina","many":"za {{value}} godina","other":"za {{value}} godina"}},"minutes-ago-short":{"_index":["plural","value"],"_":{"zero":"upravo","other":"prije {{value}}m"}},"hours-ago-short":{"_index":["plural","value"],"_":{"zero":"upravo","other":"prije {{value}}s"}},"days-ago-short":{"_index":["plural","value"],"_":{"zero":"danas","other":"prije {{value}}d"}},"minutes-until-short":{"_index":["plural","value"],"_":{"zero":"sada","other":"za {{value}}m"}},"hours-until-short":{"_index":["plural","value"],"_":{"zero":"sada","other":"za {{value}}s"}},"days-until-short":{"_index":["plural","value"],"_":{"zero":"danas","other":"za {{value}}d"}},"incorrectDate":"(netočan datum)","dateTimeFormat_%c":"%a %e %b %Y %H:%M:%S","dateTimeFormat_%x":"%d.%m.%Y","dateTimeFormat_%X":"%H:%M:%S","shortTimeFormat":"%H:%M","shortDateTimeFormat":"%x %H:%M","weekStartsOnMonday":"1","time_am":"AM","time_pm":"PM","label":"Label","mobile":"Mobile","home":"Home","work":"Work","personal":"Personal","faxHome":"Fax home","faxOffice":"Fax office","faxOther":"Fax other","another":"Another","other":"Other","customTag":{"placeholder":"Custom tag"},"current":"Current","itemWithLabel":"{{label}}, {{item}}"}