{"callAirplaneModeMessage":"Híváshoz ki kell kapcsolni a repülő módot a beállításokban.","callAirplaneModeBtnOk":"OK","callAirplaneModeTitle":"A repülő mód be van kapcsolva","numberIsBusyTitle":"A szám foglalt","numberIsBusyMessage":"A szám jelenleg foglalt. Próbálja újra később.","fdnIsActiveTitle":"FDN aktív","fdnIsActiveMessage":"Az FDN engedélyezve van, de a szám nincs rajta az FDN listán: {{ number }}","voiceMail":"Hangposta","emergencyNumber":"Segélyhívó szám","emergencyDialogBodyBadNumber":"Hívás indításához a telefonnak csatlakoznia kell egy hálózathoz.","emergencyDialogBodyDeviceNotAccepted":"A hálózat nem engedélyezi a segélyhívásokat.","emergencyDialogBtnOk":"OK","emergencyDialogTitle":"Nincs hálózati kapcsolat","invalidNumberToDialTitle":"A szám érvénytelen","invalidNumberToDialMessage":"A hívott szám nem érvényes.","unableToCallTitle":"Nem indítható telefonhívás","unableToCallMessage":"Nem indítható hívás. Ha már tárcsázott, előbb tegye le.","otherConnectionInUseTitle":"Másik vonal használatban","otherConnectionInUseMessage":"A másik vonalon már van egy aktív hívása. Egyszerre csak egy vonal használható.","addNewNumber":"Telefonszám hozzáadása","addToExistingContact":"Hozzáadás meglévő névjegyhez","all":{"_":"Összes","ariaLabel":"Összes"},"callLog":"Hívásnapló","callLogEdit":{"title":"Hívásnapló szerkesztése"},"callLogEditDialog":{"ariaLabel":"Hívásnapló szerkesztése párbeszédablak"},"connecting":"Kapcsolódás","cf-async":"Aszinkron: {{ async }}\\n","cf-data":"Adat: {{ data }}\\n","cf-error":"Hiba lépett fel a hívásátirányítás állapotának lekérdezése közben","cf-fax":"FAX: {{ fax }}\\n","cf-inactive":"Inaktív","cf-packet":"Csomag: {{ packet }}\\n","cf-pad":"PAD: {{ pad }}\\n","cf-sms":"SMS: {{ sms }}\\n","cf-status":"Hívásátirányítás állapota\\n","cf-sync":"Szinkron: {{ sync }}\\n","cf-voice":"Hanghívás: {{ voice }}\\n","close":"Bezárás","confirm-deletion":"Törli a kijelölt hívásokat?","contacts":{"ariaLabel":"Névjegyek"},"createNewContact":"Új névjegy létrehozása","delete":"Törlés","deselectAll":"Kijelölés törlése","dialerAddContact":{"ariaLabel":"Névjegy felvétele"},"dialerAddContactDialog":{"ariaLabel":"Névjegy felvétele párbeszédablak"},"edit-selected":{"_index":["plural","n"],"_":{"one":"{{ n }} kijelölve","two":"{{ n }} kijelölve","few":"{{ n }} kijelölve","many":"{{ n }} kijelölve","other":"{{ n }} kijelölve"}},"edit":"Szerkesztés","hideKeypad":{"ariaLabel":"Tárcsázó elrejtése"},"ignore":"Hívás mellőzése","incoming":"Bejövő","keypad":{"ariaLabel":"Tárcsázó"},"makeCall":{"ariaLabel":"Hívás"},"merge":"Egyesítés","missed":{"_":"Nem fogadott","ariaLabel":"Nem fogadott"},"missedCall":"Nem fogadott hívás","missedCallMultiSims":"({{ n }}. SIM) Nem fogadott hívás","mmi-error":"Hiba lépett fel az üzenet elküldése közben","mmi-session-expired":"Munkamenet lejárt","mmi-successfully-sent":"Az üzenet elküldve","mmi-notification-title-with-sim":"({{sim}}) {{title}}","mute":{"ariaLabel":"Némítás"},"newCall":{"ariaLabel":"Új hívás"},"no-logs-msg-1":"Nincsenek feljegyzett hívások","no-logs-msg-2":"Kezdjen kommunikálni most","no-logs-msg-3":"Nincs nem fogadott hívás","recents":{"ariaLabel":"Legutóbbi hívások"},"reply":"Válasz","selectAll":"Minden kijelölése","send":"Küldés","switch-calls":"Hívásváltás","today":"Ma","withheld-number":"Visszatartott szám","from-contact":"Tőle: {{ contact }}","from-number":"Ettől: {{ number }}","from-withheld-number":"Visszatartott számtól","yesterday":"Tegnap","sending":"Küldés…","speakerOption":{"ariaLabel":"Hangszóró"},"ussd-services":"{{ operator }} szolgáltatások","toggleKeypad":{"ariaLabel":"Tárcsázó váltása"},"type-your-response":{"placeholder":"Írja be válaszát…"},"clear-all-text":"Minden szöveg törlése","hide":"Elrejtés","call":"Hívás","hold":{"ariaLabel":"Tartás"},"resume":{"_":"Folytatás","ariaLabel":"Folytatás"},"sendSms":"Üzenetküldés","callEnded":"Hívás befejezve","via-sim":"{{ n }}. SIM-en","sim-number":"{{ n }}. SIM","hangup-a11y-button":{"ariaLabel":"Lerakás"},"pickup-a11y-button":{"ariaLabel":"Felvétel"},"unlock-a11y-button":{"ariaLabel":"Csúszka"},"roaming":"{{operator}} (Roaming)","settings":"Beállítások","delete-n-log?":{"_index":["plural","n"],"_":{"zero":"Nincs kiválasztva","one":"Törli a naplót?","two":"Töröl {{ n }} naplót?","few":"Töröl {{ n }} naplót?","many":"Töröl {{ n }} naplót?","other":"Töröl {{ n }} naplót?"}},"callDurationMinutes":"{{ m }}:{{ s }}","callDurationHours":"{{ h }}:{{ m }}:{{ s}}","suggestionMatches":{"_index":["plural","n"],"_":{"one":"{{ n }} találat erre: „{{ matchNumber }}”","two":"{{ n }} találat erre: „{{ matchNumber }}”","few":"{{ n }} találat erre: „{{ matchNumber }}”","many":"{{ n }} találat erre: „{{ matchNumber }}”","other":"{{ n }} találat erre: „{{ matchNumber }}”"}},"scCallBarring":"Hívástiltás","scCallForwarding":"Hívástovábbítás","scClip":"Bejövő hívó","scClir":"Kimenő hívó","scPwd":"Jelszómódosítás","scCallWaiting":"Hívásvárakoztatás","scPin":"PIN-módosítás","scPin2":"PIN2-módosítás","scPuk":"PIN feloldása","scPuk2":"PIN2 feloldása","scImei":"IMEI","scUssd":"USSD","serviceClassVoice":"Hang","serviceClassData":"Adatok","serviceClassFax":"FAX","serviceClassSms":"SMS","serviceClassDataSync":"Szinkron","serviceClassDataAsync":"Aszinkron","serviceClassPacket":"Csomag","serviceClassPad":"PAD","smServiceEnabled":"Szolgáltatás bekapcsolva","smServiceDisabled":"Szolgáltatás kikapcsolva","smServiceRegistered":"Regisztráció sikeres","smServiceErased":"Törlés sikeres","smServiceInterrogated":"A kérés sikeres","smServiceNotProvisioned":"Szolgáltatás nem jött létre","smClirPermanent":"Nem módosíthatja a hívóazonosító beállítást","smClirDefaultOnNextCallOn":"A hívóazonosító alapbeállítása a korlátozott. Következő hívás: korlátozott","smClirDefaultOnNextCallOff":"A hívóazonosító alapbeállítása a korlátozott. Következő hívás: nem korlátozott","smClirDefaultOffNextCallOn":"A hívóazonosító alapbeállítása a nem korlátozott. Következő hívás: korlátozott","smClirDefaultOffNextCallOff":"A hívóazonosító alapbeállítása a nem korlátozott. Következő hívás: nem korlátozott","smServiceEnabledFor":"Szolgáltatás bekapcsolva ehhez:","smPinChanged":"A PIN módosítás sikeres","smPinUnblocked":"PIN blokkolás feloldva","smPin2Changed":"A PIN2 módosítás sikeres","smPin2Unblocked":"PIN2 blokkolás feloldva","ServiceIsEnabled":"Service is enabled","ServiceIsDisabled":"Service is disabled","ServiceIsEnabledFor":"Service is enabled for:","emMmiError":"Kapcsolatprobléma vagy érvénytelen MMI kód","emMmiErrorPasswordIncorrect":"Helytelen jelszó","emMmiErrorNotSupported":"Érvénytelen vagy nem támogatott MMI kód","emMmiErrorInvalidAction":"Érvénytelen művelet","emMmiErrorInvalidScCode":"Érvénytelen szolgáltatáskód","emMmiErrorBadPuk":"A beírt PUK helytelen","emMmiErrorBadPin":"A beírt régi PIN helytelen.","emMmiErrorNeedPuk2":"Írja be a PUK2-t a SIM blokkolás feloldásához","emMmiErrorMismatchPin":"A beírt PIN-ek nem egyeznek","emMmiErrorInvalidPin":"4-8 számjegyű PIN-t írjon be","emMmiErrorNeedsPuk":"A SIM kártya a PUK kóddal zárolva van","emMmiErrorEnablePin":"Sikertelen. Kapcsolja be a SIM/RUIM LOCK-ot","emMmiErrorMmiFdn":"A működés a rögzített számok hívására van korlátozva","emMmiErrorStkCcUssdDial":"Az USSD kérés módosítva DIAL kérésre","emMmiErrorStkCcUssdSs":"Az USSD kérés módosítva SS kérésre","emMmiErrorStkCcUssdUssd":"Az USSD kérés módosítva új USSD kérésre","emMmiErrorStkCcSsDial":"Az SS kérés módosítva DIAL kérésre","emMmiErrorStkCcSsUssd":"Az SS kérés módosítva USSD kérésre","emMmiErrorStkCcSsSs":"Az SS kérés módosítva új SS kérésre","emMmiErrorPinPukAttempts":{"_index":["plural","n"],"_":{"one":"Csak {{ n }} kísérlete van","two":"{{ n }} kísérlete van","few":"{{ n }} kísérlete van","many":"{{ n }} kísérlete van","other":"{{ n }} kísérlete van"}},"emMmiErrorSimBlocked":"A kísérletek maximális száma elérve. A SIM blokkolva","RadioNotAvailable":"Rádió nem érhető el","GenericFailure":"Általános hiba","PasswordIncorrect":"A jelszó helytelen","SimPin2":"SIM PIN2","SimPuk2":"SIM PUK2","RequestNotSupported":"A kérés nem támogatott","OpNotAllowedDuringVoiceCall":"A művelet nem engedélyezett hanghívás alatt","SmsSendFailRetry":"SMS küldési hiba, újra","SimAbsent":"Hiányzik a SIM","SubscriptionNotAvailable":"Az előfizetés nem érhető el","ModeNotSupported":"A mód nem támogatott","FdnCheckFailure":"Fdn ellenőrzési hiba","IllegalSimOrMe":"Illegális SIM vagy ME","DialModifiedToUssd":"Dial módosítva USSD-re","DialModifiedToSs":"Dial módosítva SS-re","DialModifiedToDial":"Dial módosítva dialra","UssdModifiedToDial":"USSD módosítva dialra","UssdModifiedToSs":"USSD módosítva SS-re","UssdModifiedToUssd":"USSD módosítva USSD-re","SsModifiedToDial":"SS módosítva dialra","SsModifiedToUssd":"SS módosítva USSD-re","SsModifiedToSs":"SS módosítva SS-re","SubscriptionNotSupported":"Az előfizetés nem támogatott","InvalidParameter":"Érvénytelen paraméter","RejectedByRemote":"A túloldal visszautasította","conferenceCall":"Conference ({{n}})","caller-left-call":"{{ caller }} befejezte a hívást.","conferenceAddError":"Nem egyesíthetők a hívások","conferenceRemoveError":"Nem választhatók szét a hívások","longDateFormat":"%B %d. %A","select-audio-sources":"Hangforrás kiválasztása","bluetooth-handsfree-device":"Bluetooth kéz nélküli eszköz","receiver":"Vevő","speaker":"Hangszóró","weekday-0-long":"Vasárnap","weekday-1-long":"Hétfő","weekday-2-long":"Kedd","weekday-3-long":"Szerda","weekday-4-long":"Csütörtök","weekday-5-long":"Péntek","weekday-6-long":"Szombat","weekday-0-short":"Va.","weekday-1-short":"Hé.","weekday-2-short":"Ke.","weekday-3-short":"Sze.","weekday-4-short":"Csü.","weekday-5-short":"Pé.","weekday-6-short":"Szo.","month-0-long":"Január","month-1-long":"Február","month-2-long":"Március","month-3-long":"Április","month-4-long":"Május","month-5-long":"Június","month-6-long":"Július","month-7-long":"Augusztus","month-8-long":"Szeptember","month-9-long":"Október","month-10-long":"November","month-11-long":"December","month-0-genitive":"Január","month-1-genitive":"Február","month-2-genitive":"Március","month-3-genitive":"Április","month-4-genitive":"Május","month-5-genitive":"Június","month-6-genitive":"Július","month-7-genitive":"Augusztus","month-8-genitive":"Szeptember","month-9-genitive":"Október","month-10-genitive":"November","month-11-genitive":"December","month-0-short":"Jan","month-1-short":"Feb","month-2-short":"Már","month-3-short":"Ápr","month-4-short":"Máj","month-5-short":"Jún","month-6-short":"Júl","month-7-short":"Aug","month-8-short":"Szep","month-9-short":"Okt","month-10-short":"Nov","month-11-short":"Dec","minutes-ago-long":{"_index":["plural","value"],"_":{"zero":"épp most","one":"egy perccel ezelőtt","two":"{{value}} perccel ezelőtt","few":"{{value}} perccel ezelőtt","many":"{{value}} perccel ezelőtt","other":"{{value}} perccel ezelőtt"}},"hours-ago-long":{"_index":["plural","value"],"_":{"zero":"épp most","one":"egy órája","two":"{{value}} órával ezelőtt","few":"{{value}} órával ezelőtt","many":"{{value}} órával ezelőtt","other":"{{value}} órával ezelőtt"}},"days-ago-long":{"_index":["plural","value"],"_":{"zero":"ma","one":"tegnap","two":"{{value}} nappal ezelőtt","few":"{{value}} nappal ezelőtt","many":"{{value}} nappal ezelőtt","other":"{{value}} nappal ezelőtt"}},"weeks-ago-long":{"_index":["plural","value"],"_":{"zero":"ez a hét","one":"múlt hét","two":"{{value}} héttel ezelőtt","few":"{{value}} héttel ezelőtt","many":"{{value}} héttel ezelőtt","other":"{{value}} héttel ezelőtt"}},"months-ago-long":{"_index":["plural","value"],"_":{"zero":"ez a hónap","one":"előző hónap","two":"{{value}} hónappal ezelőtt","few":"{{value}} hónappal ezelőtt","many":"{{value}} hónappal ezelőtt","other":"{{value}} hónappal ezelőtt"}},"years-ago-long":{"_index":["plural","value"],"_":{"zero":"ez az év","one":"tavaly","two":"{{value}} évvel ezelőtt","few":"{{value}} évvel ezelőtt","many":"{{value}} évvel ezelőtt","other":"{{value}} évvel ezelőtt"}},"minutes-until-long":{"_index":["plural","value"],"_":{"zero":"most","one":"egy percen belül","two":"{{value}} percen belül","few":"{{value}} percen belül","many":"{{value}} percen belül","other":"{{value}} percen belül"}},"hours-until-long":{"_index":["plural","value"],"_":{"zero":"most","one":"egy órán belül","two":"{{value}} órán belül","few":"{{value}} órán belül","many":"{{value}} órán belül","other":"{{value}} órán belül"}},"days-until-long":{"_index":["plural","value"],"_":{"zero":"ma","one":"holnap","two":"{{value}} napon belül","few":"{{value}} napon belül","many":"{{value}} napon belül","other":"{{value}} napon belül"}},"weeks-until-long":{"_index":["plural","value"],"_":{"zero":"ez a hét","one":"következő hét","two":"{{value}} héten belül","few":"{{value}} héten belül","many":"{{value}} héten belül","other":"{{value}} héten belül"}},"months-until-long":{"_index":["plural","value"],"_":{"zero":"ez a hónap","one":"következő hónap","two":"{{value}} héten belül","few":"{{value}} héten belül","many":"{{value}} héten belül","other":"{{value}} héten belül"}},"years-until-long":{"_index":["plural","value"],"_":{"zero":"ez az év","one":"következő év","two":"{{value}} éven belül","few":"{{value}} éven belül","many":"{{value}} éven belül","other":"{{value}} éven belül"}},"minutes-ago-short":{"_index":["plural","value"],"_":{"zero":"épp most","other":"{{value}}p ezelőtt"}},"hours-ago-short":{"_index":["plural","value"],"_":{"zero":"épp most","other":"{{value}}ó ezelőtt"}},"days-ago-short":{"_index":["plural","value"],"_":{"zero":"ma","other":"{{value}}n ezelőtt"}},"minutes-until-short":{"_index":["plural","value"],"_":{"zero":"most","other":"{{value}} percen belül"}},"hours-until-short":{"_index":["plural","value"],"_":{"zero":"most","other":"{{value}} órán belül"}},"days-until-short":{"_index":["plural","value"],"_":{"zero":"ma","other":"{{value}} napon belül"}},"incorrectDate":"(helytelen dátum)","dateTimeFormat_%c":"%Y. %b %d %a %H:%M:%S","dateTimeFormat_%x":"%Y. %m. %d.","dateTimeFormat_%X":"%H:%M:%S","shortTimeFormat":"%H:%M","shortDateTimeFormat":"%x %H:%M","weekStartsOnMonday":"0","time_am":"DE","time_pm":"DU","label":"Label","mobile":"Mobile","home":"Home","work":"Work","personal":"Personal","faxHome":"Fax home","faxOffice":"Fax office","faxOther":"Fax other","another":"Another","other":"Other","customTag":{"placeholder":"Custom tag"},"current":"Current","itemWithLabel":"{{label}}, {{item}}"}