{"callAirplaneModeMessage":"Per chiamare disattivare la modalità aereo nelle impostazioni.","callAirplaneModeBtnOk":"OK","callAirplaneModeTitle":"Modalità aereo attiva","numberIsBusyTitle":"Il numero è occupato","numberIsBusyMessage":"Il numero è occupato. Riprovare più tardi.","fdnIsActiveTitle":"FDN attivo","fdnIsActiveMessage":"FDN (Numeri selezione fissa) è attivo e il seguente numero non è incluso nell’elenco FDN: {{ number }}","voiceMail":"Segreteria","emergencyNumber":"Numero di emergenza","emergencyDialogBodyBadNumber":"Per chiamare è necessario essere collegati a una rete.","emergencyDialogBodyDeviceNotAccepted":"Le chiamate d’emergenza non sono consentite dalla rete.","emergencyDialogBtnOk":"OK","emergencyDialogTitle":"Nessuna connessione di rete","invalidNumberToDialTitle":"Numero di telefono non valido","invalidNumberToDialMessage":"Il numero che si sta cercando di chiamare non è valido.","unableToCallTitle":"Impossibile effettuare una chiamata in questo momento","unableToCallMessage":"Impossibile effettuare una chiamata. Se è già in corso una chiamata, interromperla e riprovare.","otherConnectionInUseTitle":"Connessione già in uso","otherConnectionInUseMessage":"È in corso una chiamata su un’altra connessione. Non è possibile utilizzare più connessioni contemporaneamente.","addNewNumber":"Aggiungi nuovo numero","addToExistingContact":"Aggiungi a contatto esistente","all":{"_":"Tutte","ariaLabel":"Tutte"},"callLog":"Registro chiamate","callLogEdit":{"title":"Modifica registro chiamate"},"callLogEditDialog":{"ariaLabel":"Modifica registro chiamate"},"connecting":"Connessione…","cf-async":"Asincrono: {{ async }}\n","cf-data":"Dati: {{ data }}\n","cf-error":"Si è verificato un errore durante il recupero dello stato di inoltro chiamata","cf-fax":"FAX: {{ fax }}\n","cf-inactive":"Disattivato","cf-packet":"Pacchetto: {{ packet }}\n","cf-pad":"PAD: {{ pad }}\n","cf-sms":"SMS: {{ sms }}\n","cf-status":"Stato inoltro chiamata\n","cf-sync":"Sincrono: {{ sync }}\n","cf-voice":"Voce: {{ voice }}\n","close":"Chiudi","confirm-deletion":"Eliminare le chiamate selezionate?","contacts":{"ariaLabel":"Contatti"},"createNewContact":"Crea nuovo contatto","delete":"Elimina","deselectAll":"Deseleziona tutto","dialerAddContact":{"ariaLabel":"Aggiungi contatto"},"dialerAddContactDialog":{"ariaLabel":"Finestra per aggiungere contatti"},"edit-selected":{"_index":["plural","n"],"_":{"one":"{{ n }} selezionata","two":"{{ n }} selezionate","few":"{{ n }} selezionate","many":"{{ n }} selezionate","other":"{{ n }} selezionate"}},"edit":"Modifica","hideKeypad":{"ariaLabel":"Nascondi tastiera"},"ignore":"Ignora chiamata","incoming":"In entrata","keypad":{"ariaLabel":"Tastiera"},"makeCall":{"ariaLabel":"Effettua chiamata"},"merge":"Unisci","missed":{"_":"Perse","ariaLabel":"Perse"},"missedCall":"Chiamata persa","missedCallMultiSims":"(SIM {{ n }}) Chiamata persa","mmi-error":"Si è verificato un errore durante l’invio del messaggio","mmi-session-expired":"Sessione scaduta","mmi-successfully-sent":"Messaggio inviato correttamente","mmi-notification-title-with-sim":"({{sim}}) {{title}}","mute":{"ariaLabel":"Muto"},"newCall":{"ariaLabel":"Nuova chiamata"},"no-logs-msg-1":"Nessuna chiamata registrata","no-logs-msg-2":"Inizia a comunicare","no-logs-msg-3":"Nessuna chiamata persa","recents":{"ariaLabel":"Chiamate recenti"},"reply":"Rispondi","selectAll":"Seleziona tutto","send":"Invia","switch-calls":"Trasferisci chiamate","today":"Oggi","withheld-number":"Numero nascosto","from-contact":"Da {{ contact }}","from-number":"Da {{ number }}","from-withheld-number":"Da numero nascosto","yesterday":"Ieri","sending":"Invio…","speakerOption":{"ariaLabel":"Vivavoce"},"ussd-services":"Servizi {{ operator }}","toggleKeypad":{"ariaLabel":"Attiva/disattiva tastiera"},"type-your-response":{"placeholder":"Rispondi…"},"clear-all-text":"Cancella tutto","hide":"Nascondi","call":"Chiama","hold":{"ariaLabel":"In attesa"},"resume":{"_":"Riprendi","ariaLabel":"Riprendi"},"sendSms":"Invia messaggio","callEnded":"Chiamata conclusa","via-sim":"con SIM {{ n }}","sim-number":"SIM {{ n }}","hangup-a11y-button":{"ariaLabel":"Interrompi"},"pickup-a11y-button":{"ariaLabel":"Rispondi"},"unlock-a11y-button":{"ariaLabel":"Indicatore scorrevole"},"roaming":"{{operator}} (roaming)","settings":"Impostazioni","delete-n-log?":{"_index":["plural","n"],"_":{"zero":"Nessun elemento selezionato","one":"Eliminare l’elemento selezionato?","two":"Eliminare {{ n }} elementi?","few":"Eliminare {{ n }} elementi?","many":"Eliminare {{ n }} elementi?","other":"Eliminare {{ n }} elementi?"}},"callDurationMinutes":"{{ m }}:{{ s }}","callDurationHours":"{{ h }}:{{ m }}:{{ s}}","suggestionMatches":{"_index":["plural","n"],"_":{"one":"{{ n }} corrispondenza per “{{ matchNumber }}”","two":"{{ n }} corrispondenze per “{{ matchNumber }}”","few":"{{ n }} corrispondenze per “{{ matchNumber }}”","many":"{{ n }} corrispondenze per “{{ matchNumber }}”","other":"{{ n }} corrispondenze per “{{ matchNumber }}”"}},"scCallBarring":"Blocco chiamate","scCallForwarding":"Inoltro chiamate","scClip":"ID chiam. ingresso","scClir":"ID chiam. uscita","scPwd":"Modifica password","scCallWaiting":"Chiamate in attesa","scPin":"Cambio PIN","scPin2":"Cambio PIN2","scPuk":"Sblocco PIN","scPuk2":"Sblocco PIN2","scImei":"IMEI","scUssd":"USSD","serviceClassVoice":"Voce","serviceClassData":"Dati","serviceClassFax":"FAX","serviceClassSms":"SMS","serviceClassDataSync":"Sync","serviceClassDataAsync":"Async","serviceClassPacket":"Pacchetto","serviceClassPad":"PAD","smServiceEnabled":"Il servizio è stato attivato","smServiceDisabled":"Il servizio è stato disattivato","smServiceRegistered":"Registrazione eseguita correttamente","smServiceErased":"Eliminazione eseguita correttamente","smServiceInterrogated":"Richiesta effettuata correttamente","smServiceNotProvisioned":"Servizio non predisposto","smClirPermanent":"Impossibile modificare le impostazioni ID chiamante","smClirDefaultOnNextCallOn":"ID chiamante impostato come riservato. Prossima chiamata: riservato","smClirDefaultOnNextCallOff":"ID chiamante impostato come riservato. Prossima chiamata: non riservato","smClirDefaultOffNextCallOn":"ID chiamante impostato come non riservato. Prossima chiamata: riservato","smClirDefaultOffNextCallOff":"ID chiamante impostato come non riservato. Prossima chiamata: non riservato","smServiceEnabledFor":"Servizio abilitato per:","smPinChanged":"PIN modificato correttamente","smPinUnblocked":"PIN sbloccato correttamente","smPin2Changed":"PIN2 modificato correttamente","smPin2Unblocked":"PIN2 sbloccato correttamente","ServiceIsEnabled":"Service is enabled","ServiceIsDisabled":"Service is disabled","ServiceIsEnabledFor":"Service is enabled for:","emMmiError":"Problema di connessione o codice MMI non valido","emMmiErrorPasswordIncorrect":"Password errata","emMmiErrorNotSupported":"Codice MMI non valido o non supportato","emMmiErrorInvalidAction":"Azione non consentita","emMmiErrorInvalidScCode":"Codice di servizio non valido","emMmiErrorBadPuk":"Il PUK inserito non è corretto","emMmiErrorBadPin":"Il vecchio PIN inserito non è corretto.","emMmiErrorNeedPuk2":"Inserire PUK2 per sbloccare la SIM","emMmiErrorMismatchPin":"I PIN inseriti non corrispondono","emMmiErrorInvalidPin":"Inserire un PIN da 4 a 8 cifre","emMmiErrorNeedsPuk":"La scheda SIM è bloccata da PUK","emMmiErrorEnablePin":"Non riuscito. Attiva SIM/RUIM LOCK","emMmiErrorMmiFdn":"È possibile comporre solo numeri prestabiliti","emMmiErrorStkCcUssdDial":"Richiesta USSD modificata in richiesta DIAL","emMmiErrorStkCcUssdSs":"Richiesta USSD modificata in richiesta SS","emMmiErrorStkCcUssdUssd":"Richiesta USSD modificata in richiesta USSD","emMmiErrorStkCcSsDial":"Richiesta SS modificata in richiesta DIAL","emMmiErrorStkCcSsUssd":"Richiesta SS modificata in richiesta USSD","emMmiErrorStkCcSsSs":"Richiesta SS modificata in richiesta SS","emMmiErrorPinPukAttempts":{"_index":["plural","n"],"_":{"one":"{{ n }} solo tentativo rimasto","two":"{{ n }} tentativi rimasti","few":"{{ n }} tentativi rimasti","many":"{{ n }} tentativi rimasti","other":"{{ n }} tentativi rimasti"}},"emMmiErrorSimBlocked":"Superato il numero massimo di tentativi. SIM bloccata","RadioNotAvailable":"Radio non disponibile","GenericFailure":"Errore generico","PasswordIncorrect":"Password errata","SimPin2":"PIN2 SIM","SimPuk2":"PUK2 SIM","RequestNotSupported":"Richiesta non supportata","OpNotAllowedDuringVoiceCall":"Operazione non consentita durante una chiamata","SmsSendFailRetry":"Invio SMS non riuscito, riprova","SimAbsent":"SIM assente","SubscriptionNotAvailable":"Iscrizione non disponibile","ModeNotSupported":"Modalità non supportata","FdnCheckFailure":"Controllo FDN non riuscito","IllegalSimOrMe":"SIM o ME illegali","DialModifiedToUssd":"Composizione modificata in USSD","DialModifiedToSs":"Composizione modificata in SS","DialModifiedToDial":"Composizione modificata in composizione","UssdModifiedToDial":"USSD modificato in composizione","UssdModifiedToSs":"USSD modificato in SS","UssdModifiedToUssd":"USSD modificato in USSD","SsModifiedToDial":"SS modificato in composizione","SsModifiedToUssd":"SS modificato in USSD","SsModifiedToSs":"SS modificato in SS","SubscriptionNotSupported":"Iscrizione non supportata","InvalidParameter":"Parametro non valido","RejectedByRemote":"Rifiutato da remoto","conferenceCall":"Conferenza ({{n}})","caller-left-call":"{{ caller }} ha lasciato la telefonata.","conferenceAddError":"Impossibile unire le chiamate","conferenceRemoveError":"Impossibile separare le chiamate","longDateFormat":"%A %e %B","select-audio-sources":"Seleziona sorgenti audio","bluetooth-handsfree-device":"Dispositivo vivavoce bluetooth","receiver":"Ricevitore","speaker":"Vivavoce","weekday-0-long":"domenica","weekday-1-long":"lunedì","weekday-2-long":"martedì","weekday-3-long":"mercoledì","weekday-4-long":"giovedì","weekday-5-long":"venerdì","weekday-6-long":"sabato","weekday-0-short":"dom","weekday-1-short":"lun","weekday-2-short":"mar","weekday-3-short":"mer","weekday-4-short":"gio","weekday-5-short":"ven","weekday-6-short":"sab","month-0-long":"gennaio","month-1-long":"febbraio","month-2-long":"marzo","month-3-long":"aprile","month-4-long":"maggio","month-5-long":"giugno","month-6-long":"luglio","month-7-long":"agosto","month-8-long":"settembre","month-9-long":"ottobre","month-10-long":"novembre","month-11-long":"dicembre","month-0-genitive":"gennaio","month-1-genitive":"febbraio","month-2-genitive":"marzo","month-3-genitive":"aprile","month-4-genitive":"maggio","month-5-genitive":"giugno","month-6-genitive":"luglio","month-7-genitive":"agosto","month-8-genitive":"settembre","month-9-genitive":"ottobre","month-10-genitive":"novembre","month-11-genitive":"dicembre","month-0-short":"gen","month-1-short":"feb","month-2-short":"mar","month-3-short":"apr","month-4-short":"mag","month-5-short":"giu","month-6-short":"lug","month-7-short":"ago","month-8-short":"set","month-9-short":"ott","month-10-short":"nov","month-11-short":"dic","minutes-ago-long":{"_index":["plural","value"],"_":{"zero":"adesso","one":"un minuto fa","two":"{{value}} minuti fa","few":"{{value}} minuti fa","many":"{{value}} minuti fa","other":"{{value}} minuti fa"}},"hours-ago-long":{"_index":["plural","value"],"_":{"zero":"adesso","one":"un’ora fa","two":"{{value}} ore fa","few":"{{value}} ore fa","many":"{{value}} ore fa","other":"{{value}} ore fa"}},"days-ago-long":{"_index":["plural","value"],"_":{"zero":"oggi","one":"ieri","two":"{{value}} giorni fa","few":"{{value}} giorni fa","many":"{{value}} giorni fa","other":"{{value}} giorni fa"}},"weeks-ago-long":{"_index":["plural","value"],"_":{"zero":"questa settimana","one":"settimana scorsa","two":"{{value}} settimane fa","few":"{{value}} settimane fa","many":"{{value}} settimane fa","other":"{{value}} settimane fa"}},"months-ago-long":{"_index":["plural","value"],"_":{"zero":"questo mese","one":"mese scorso","two":"{{value}} mesi fa","few":"{{value}} mesi fa","many":"{{value}} mesi fa","other":"{{value}} mesi fa"}},"years-ago-long":{"_index":["plural","value"],"_":{"zero":"quest’anno","one":"anno scorso","two":"{{value}} anni fa","few":"{{value}} anni fa","many":"{{value}} anni fa","other":"{{value}} anni fa"}},"minutes-until-long":{"_index":["plural","value"],"_":{"zero":"adesso","one":"tra un minuto","two":"tra {{value}} minuti","few":"tra {{value}} minuti","many":"tra {{value}} minuti","other":"tra {{value}} minuti"}},"hours-until-long":{"_index":["plural","value"],"_":{"zero":"adesso","one":"tra un’ora","two":"tra {{value}} ore","few":"tra {{value}} ore","many":"tra {{value}} ore","other":"tra {{value}} ore"}},"days-until-long":{"_index":["plural","value"],"_":{"zero":"oggi","one":"domani","two":"tra {{value}} giorni","few":"tra {{value}} giorni","many":"tra {{value}} giorni","other":"tra {{value}} giorni"}},"weeks-until-long":{"_index":["plural","value"],"_":{"zero":"questa settimana","one":"prossima settimana","two":"tra {{value}} settimane","few":"tra {{value}} settimane","many":"tra {{value}} settimane","other":"tra {{value}} settimane"}},"months-until-long":{"_index":["plural","value"],"_":{"zero":"questo mese","one":"prossimo mese","two":"in {{value}} mesi","few":"tra {{value}} mesi","many":"tra {{value}} mesi","other":"in {{value}} mesi"}},"years-until-long":{"_index":["plural","value"],"_":{"zero":"quest’anno","one":"prossimo anno","two":"tra {{value}} anni","few":"tra {{value}} anni","many":"tra {{value}} anni","other":"tra {{value}} anni"}},"minutes-ago-short":{"_index":["plural","value"],"_":{"zero":"adesso","other":"{{value}}m fa"}},"hours-ago-short":{"_index":["plural","value"],"_":{"zero":"adesso","other":"{{value}}h fa"}},"days-ago-short":{"_index":["plural","value"],"_":{"zero":"oggi","other":"{{value}}g fa"}},"minutes-until-short":{"_index":["plural","value"],"_":{"zero":"adesso","other":"tra {{value}}m"}},"hours-until-short":{"_index":["plural","value"],"_":{"zero":"adesso","other":"tra {{value}}h"}},"days-until-short":{"_index":["plural","value"],"_":{"zero":"oggi","other":"tra {{value}}d"}},"incorrectDate":"(data errata)","dateTimeFormat_%c":"%a %e %b %Y %H:%M:%S","dateTimeFormat_%x":"%d/%m/%Y","dateTimeFormat_%X":"%H:%M:%S","shortTimeFormat":"%H:%M","shortDateTimeFormat":"%x %H:%M","weekStartsOnMonday":"1","time_am":"AM","time_pm":"PM","label":"Etichetta","mobile":"Cellulare","home":"Casa","work":"Lavoro","personal":"Personale","faxHome":"Fax casa","faxOffice":"Fax ufficio","faxOther":"Altro fax","another":"Altro","other":"Altro","customTag":{"placeholder":"Personalizzato"},"current":"Corrente","itemWithLabel":"{{label}}: {{item}}"}