{"callAirplaneModeMessage":"発信するには機内モードを OFF にする必要があります。","callAirplaneModeBtnOk":"OK","callAirplaneModeTitle":"機内モードが ON です","numberIsBusyTitle":"相手が話し中です","numberIsBusyMessage":"電話番号の相手が現在話し中です。後でおかけ直しください。","fdnIsActiveTitle":"FDN モードが ON です","fdnIsActiveMessage":"FDN (固定ダイヤル番号) モードが ON です。次の番号は FDN リストにありません: {{ number }}","voiceMail":"ボイスメール","emergencyNumber":"緊急通報用電話番号","emergencyDialogBodyBadNumber":"発信するにはネットワーク設定を行う必要があります。","emergencyDialogBodyDeviceNotAccepted":"緊急通報はネットワークにより許可されていません。","emergencyDialogBtnOk":"OK","emergencyDialogTitle":"ネットワーク未接続","invalidNumberToDialTitle":"電話番号が正しくありません","invalidNumberToDialMessage":"おかけになった電話番号は正しくありません。","unableToCallTitle":"電話の発信ができません","unableToCallMessage":"発信できません。ダイヤル中の場合は先に発信ボタンを押してください。","otherConnectionInUseTitle":"他の回線が使用中です","otherConnectionInUseMessage":"別の回線で通話中です。同時に使用できる回線は 1 本までです。","addNewNumber":"新しい電話番号を追加","addToExistingContact":"既存の連絡先に追加","all":{"_":"すべて","ariaLabel":"すべて"},"callLog":"通話履歴","callLogEdit":{"title":"通話履歴の編集"},"callLogEditDialog":{"ariaLabel":"通話履歴の編集ダイアログ"},"connecting":"発信中","cf-async":"非同期: {{ async }}\\n","cf-data":"データ: {{ data }}\\n","cf-error":"転送状態の取得中にエラーが発生しました","cf-fax":"FAX: {{ fax }}\\n","cf-inactive":"停止中","cf-packet":"パケット: {{ packet }}\\n","cf-pad":"PAD: {{ pad }}\\n","cf-sms":"SMS: {{ sms }}\\n","cf-status":"転送状態\\n","cf-sync":"同期: {{ sync }}\\n","cf-voice":"音声: {{ voice }}\\n","close":"閉じる","confirm-deletion":"選択した履歴を削除しますか？","contacts":{"ariaLabel":"連絡先"},"createNewContact":"連絡先を新規登録","delete":"削除","deselectAll":"選択をすべて解除","dialerAddContact":{"ariaLabel":"連絡先追加"},"dialerAddContactDialog":{"ariaLabel":"連絡先追加ダイアログ"},"edit-selected":{"_index":["plural","n"],"_":{"one":"{{ n }} 件選択","two":"{{ n }} 件選択","few":"{{ n }} 件選択","many":"{{ n }} 件選択","other":"{{ n }} 件選択"}},"edit":"編集","hideKeypad":{"ariaLabel":"キーパッドを隠す"},"ignore":"着信拒否","incoming":"着信","keypad":{"ariaLabel":"キーパッド"},"makeCall":{"ariaLabel":"発信"},"merge":"併合","missed":{"_":"不在着信","ariaLabel":"不在着信"},"missedCall":"不在着信","missedCallMultiSims":"(SIM {{ n }}) 不在着信","mmi-error":"メッセージの送信中にエラーが発生しました","mmi-session-expired":"セッションの有効期限が切れました","mmi-successfully-sent":"メッセージが送信されました","mmi-notification-title-with-sim":"({{sim}}) {{title}}","mute":{"ariaLabel":"消音"},"newCall":{"ariaLabel":"新しい着信"},"no-logs-msg-1":"通話履歴はありません","no-logs-msg-2":"通話を開始してください","no-logs-msg-3":"不在着信はありません","recents":{"ariaLabel":"最近の通話"},"reply":"返信","selectAll":"すべて選択","send":"送信","switch-calls":"発信先の切り替え","today":"今日","withheld-number":"番号非通知","from-contact":"発信者 {{ contact }}","from-number":"着信番号 {{ number }}","from-withheld-number":"番号非通知の着信","yesterday":"昨日","sending":"送信中…","speakerOption":{"ariaLabel":"スピーカ"},"ussd-services":"{{ operator }} サービス","toggleKeypad":{"ariaLabel":"キーパッド切り替え"},"type-your-response":{"placeholder":"応答を入力してください…"},"clear-all-text":"すべてのテキストを消去","hide":"隠す","call":"発信する","hold":{"ariaLabel":"保留"},"resume":{"_":"再開","ariaLabel":"再開"},"sendSms":"メッセージ送信","callEnded":"通話終了","via-sim":"使用回線 SIM{{ n }}","sim-number":"SIM{{ n }}","hangup-a11y-button":{"ariaLabel":"応答"},"pickup-a11y-button":{"ariaLabel":"選択"},"unlock-a11y-button":{"ariaLabel":"スライダー"},"roaming":"{{operator}} (Roaming)","settings":"設定","delete-n-log?":{"_index":["plural","n"],"_":{"zero":"選択されていません","one":"選択した履歴を削除しますか？","two":"履歴を {{ n }} 件削除しますか？","few":"履歴を {{ n }} 件削除しますか？","many":"履歴を {{ n }} 件削除しますか？","other":"履歴を {{ n }} 件削除しますか？"}},"callDurationMinutes":"{{ m }}:{{ s }}","callDurationHours":"{{ h }}:{{ m }}:{{ s}}","suggestionMatches":{"_index":["plural","n"],"_":{"one":"\"{{ matchNumber }}\" と {{ n }} 件一致しました","two":"\"{{ matchNumber }}\" と {{ n }} 件一致しました","few":"\"{{ matchNumber }}\" と {{ n }} 件一致しました","many":"\"{{ matchNumber }}\" と {{ n }} 件一致しました","other":"\"{{ matchNumber }}\" と {{ n }} 件一致しました"}},"scCallBarring":"ダイヤル発信制限","scCallForwarding":"着信転送","scClip":"発信者番号の受信","scClir":"発信者番号の送信","scPwd":"パスワード変更","scCallWaiting":"割込通話","scPin":"PIN 変更","scPin2":"PIN2 変更","scPuk":"PIN ブロック解除","scPuk2":"PIN2 ブロック解除","scImei":"IMEI","scUssd":"USSD","serviceClassVoice":"音声","serviceClassData":"データ","serviceClassFax":"FAX","serviceClassSms":"SMS","serviceClassDataSync":"同期","serviceClassDataAsync":"非同期","serviceClassPacket":"パケット","serviceClassPad":"PAD","smServiceEnabled":"サービスを有効化しました","smServiceDisabled":"サービスは無効化されています","smServiceRegistered":"登録完了しました","smServiceErased":"抹消完了しました","smServiceInterrogated":"リクエストが完了しました","smServiceNotProvisioned":"サービスは用意されていません","smClirPermanent":"発信者番号を変更することはできません","smClirDefaultOnNextCallOn":"発信者番号の通知は制限されています。次回の発信: 制限あり","smClirDefaultOnNextCallOff":"発信者番号の通知は制限されています。次回の発信: 制限なし","smClirDefaultOffNextCallOn":"発信者番号の通知は制限されていません。次回の発信: 制限あり","smClirDefaultOffNextCallOff":"発信者番号の通知は制限されていません。次回の発信: 制限なし","smServiceEnabledFor":"サービスを有効化しました:","smPinChanged":"PIN コードが変更されました","smPinUnblocked":"PIN コードのブロックが解除されました","smPin2Changed":"PIN2 コードが変更されました","smPin2Unblocked":"PIN2 コードのブロックが解除されました","ServiceIsEnabled":"Service is enabled","ServiceIsDisabled":"Service is disabled","ServiceIsEnabledFor":"Service is enabled for:","emMmiError":"接続に問題があるか MMI コードが正しくありません","emMmiErrorPasswordIncorrect":"パスワードが正しくありません","emMmiErrorNotSupported":"MMI コードが正しくないかサポートされていません","emMmiErrorInvalidAction":"動作が正しくありません","emMmiErrorInvalidScCode":"サービスコードが正しくありません","emMmiErrorBadPuk":"入力された PUK コードが正しくありません","emMmiErrorBadPin":"入力された古い PIN コードが正しくありません","emMmiErrorNeedPuk2":"SIM カードのブロックを解除するには PUK2 コードを入力してください","emMmiErrorMismatchPin":"入力された PIN コードが一致しません","emMmiErrorInvalidPin":"PIN コードは 4 桁から 8 桁の数字を入力してください","emMmiErrorNeedsPuk":"SIM カードが PUK コードでロックされています","emMmiErrorEnablePin":"解除に失敗したため、SIM/RUIM をロックします","emMmiErrorMmiFdn":"固定ダイヤル番号への発信のみに制限されています","emMmiErrorStkCcUssdDial":"非構造付加サービスデータ (USSD) リクエストはダイヤル発信 (DIAL) リクエストに変更されています","emMmiErrorStkCcUssdSs":"非構造付加サービスデータ (USSD) リクエストは付加サービス (SS) リクエストに変更されています","emMmiErrorStkCcUssdUssd":"非構造付加サービスデータ (USSD) リクエストは新しい USSD リクエストに変更されています","emMmiErrorStkCcSsDial":"付加サービス (SS) リクエストはダイヤル発信 (DIAL) リクエストに変更されています","emMmiErrorStkCcSsUssd":"付加サービス (SS) リクエストは非構造付加サービスデータ (USSD) リクエストに変更されています","emMmiErrorStkCcSsSs":"付加サービス (SS) リクエストは新しい SS リクエストに変更されています","emMmiErrorPinPukAttempts":{"_index":["plural","n"],"_":{"one":"残り {{ n }} 回 (最後)","two":"残り {{ n }} 回","few":"残り {{ n }} 回","many":"残り {{ n }} 回","other":"残り {{ n }} 回"}},"emMmiErrorSimBlocked":"入力可能回数の上限を超えました。SIM カードをブロックします。","RadioNotAvailable":"ラジオは利用できません","GenericFailure":"一般エラー","PasswordIncorrect":"パスワードが正しくありません","SimPin2":"SIM PIN2 コード","SimPuk2":"SIM PUK2 コード","RequestNotSupported":"未サポートのリクエスト","OpNotAllowedDuringVoiceCall":"音声発信中の操作は許可されていません","SmsSendFailRetry":"SMS 送信失敗による再試行","SimAbsent":"SIM カード無し","SubscriptionNotAvailable":"サブスクリプションは利用できません","ModeNotSupported":"未サポートのモード","FdnCheckFailure":"固定電話番号の確認失敗","IllegalSimOrMe":"違法な SIM または ME","DialModifiedToUssd":"ダイヤル発信が USSD に変更されました","DialModifiedToSs":"ダイヤル発信が付加サービスに変更されました","DialModifiedToDial":"ダイヤル発信がダイヤル発信に変更されました","UssdModifiedToDial":"USSD がダイヤル発信に変更されました","UssdModifiedToSs":"USSD が付加サービスに変更されました","UssdModifiedToUssd":"USSD が USSD に変更されました","SsModifiedToDial":"付加サービスがダイヤル発信に変更されました","SsModifiedToUssd":"付加サービスが USSD に変更されました","SsModifiedToSs":"付加サービスが付加サービスに変更されました","SubscriptionNotSupported":"未サポートのサブスクリプション","InvalidParameter":"パラメータが正しくありません","RejectedByRemote":"リモートから拒否されました","conferenceCall":"Conference ({{n}})","caller-left-call":"{{ caller }} さんが通話を終了しました。","conferenceAddError":"グループ通話に合流できません","conferenceRemoveError":"グループ通話から離脱できません","longDateFormat":"%B%e日(%a)","select-audio-sources":"音声出力元を選択してください","bluetooth-handsfree-device":"Bluetooth ハンズフリー機器","receiver":"レシーバ","speaker":"スピーカ","weekday-0-long":"日曜日","weekday-1-long":"月曜日","weekday-2-long":"火曜日","weekday-3-long":"水曜日","weekday-4-long":"木曜日","weekday-5-long":"金曜日","weekday-6-long":"土曜日","weekday-0-short":"日","weekday-1-short":"月","weekday-2-short":"火","weekday-3-short":"水","weekday-4-short":"木","weekday-5-short":"金","weekday-6-short":"土","month-0-long":"1月","month-1-long":"2月","month-2-long":"3月","month-3-long":"4月","month-4-long":"5月","month-5-long":"6月","month-6-long":"7月","month-7-long":"8月","month-8-long":"9月","month-9-long":"10月","month-10-long":"11月","month-11-long":"12月","month-0-genitive":"1月","month-1-genitive":"2月","month-2-genitive":"3月","month-3-genitive":"4月","month-4-genitive":"5月","month-5-genitive":"6月","month-6-genitive":"7月","month-7-genitive":"8月","month-8-genitive":"9月","month-9-genitive":"10月","month-10-genitive":"11月","month-11-genitive":"12月","month-0-short":"1月","month-1-short":"2月","month-2-short":"3月","month-3-short":"4月","month-4-short":"5月","month-5-short":"6月","month-6-short":"7月","month-7-short":"8月","month-8-short":"9月","month-9-short":"10月","month-10-short":"11月","month-11-short":"12月","minutes-ago-long":{"_index":["plural","value"],"_":{"zero":"1分以内","one":"1分前","two":"{{value}}分前","few":"{{value}}分前","many":"{{value}}分前","other":"{{value}}分前"}},"hours-ago-long":{"_index":["plural","value"],"_":{"zero":"1時間以内","one":"1時間前","two":"{{value}}時間前","few":"{{value}}時間前","many":"{{value}}時間前","other":"{{value}}時間前"}},"days-ago-long":{"_index":["plural","value"],"_":{"zero":"今日","one":"昨日","two":"{{value}}日前","few":"{{value}}日前","many":"{{value}}日前","other":"{{value}}日前"}},"weeks-ago-long":{"_index":["plural","value"],"_":{"zero":"今週","one":"先週","two":"{{value}}週間前","few":"{{value}}週間前","many":"{{value}}週間前","other":"{{value}}週間前"}},"months-ago-long":{"_index":["plural","value"],"_":{"zero":"今月","one":"先月","two":"{{value}}か月前","few":"{{value}}か月前","many":"{{value}}か月前","other":"{{value}}か月前"}},"years-ago-long":{"_index":["plural","value"],"_":{"zero":"今年","one":"昨年","two":"{{value}}年前","few":"{{value}}年前","many":"{{value}}年前","other":"{{value}}年前"}},"minutes-until-long":{"_index":["plural","value"],"_":{"zero":"1分以内","one":"1分後","two":"{{value}}分後","few":"{{value}}分後","many":"{{value}}分後","other":"{{value}}分後"}},"hours-until-long":{"_index":["plural","value"],"_":{"zero":"1時間以内","one":"1時間後","two":"{{value}}時間後","few":"{{value}}時間後","many":"{{value}}時間後","other":"{{value}}時間後"}},"days-until-long":{"_index":["plural","value"],"_":{"zero":"今日","one":"明日","two":"{{value}}日後","few":"{{value}}日後","many":"{{value}}日後","other":"{{value}}日後"}},"weeks-until-long":{"_index":["plural","value"],"_":{"zero":"今週","one":"来週","two":"{{value}}週間後","few":"{{value}}週間後","many":"{{value}}週間後","other":"{{value}}週間後"}},"months-until-long":{"_index":["plural","value"],"_":{"zero":"今月","one":"来月","two":"{{value}}か月後","few":"{{value}}か月後","many":"{{value}}か月後","other":"{{value}}か月後"}},"years-until-long":{"_index":["plural","value"],"_":{"zero":"今年","one":"来年","two":"{{value}}年後","few":"{{value}}年後","many":"{{value}}年後","other":"{{value}}年後"}},"minutes-ago-short":{"_index":["plural","value"],"_":{"zero":"直前","other":"{{value}}分前"}},"hours-ago-short":{"_index":["plural","value"],"_":{"zero":"数分前","other":"{{value}}時間前"}},"days-ago-short":{"_index":["plural","value"],"_":{"zero":"今日","other":"{{value}}日前"}},"minutes-until-short":{"_index":["plural","value"],"_":{"zero":"直後","other":"{{value}}分後"}},"hours-until-short":{"_index":["plural","value"],"_":{"zero":"数分後","other":"{{value}}時間後"}},"days-until-short":{"_index":["plural","value"],"_":{"zero":"今日","other":"{{value}}日後"}},"incorrectDate":"(日付が不正です)","dateTimeFormat_%c":"%Y年%b%e日(%a) %p%I:%M:%S","dateTimeFormat_%x":"%Y/%m/%d","dateTimeFormat_%X":"%p%I:%M:%S","shortTimeFormat":"%p%I:%M","shortDateTimeFormat":"%x %p%I:%M","weekStartsOnMonday":"0","time_am":"午前","time_pm":"午後","label":"Label","mobile":"Mobile","home":"Home","work":"Work","personal":"Personal","faxHome":"Fax home","faxOffice":"Fax office","faxOther":"Fax other","another":"Another","other":"Other","customTag":{"placeholder":"Custom tag"},"current":"Current","itemWithLabel":"{{label}}, {{item}}"}