{"callAirplaneModeMessage":"ដើម្បី​ហៅ​ចេញ​អ្នក​ត្រូវ​បិទ​របៀប​លើ​យន្តហោះ​នៅ​ក្នុង​ការ​កំណត់។","callAirplaneModeBtnOk":"យល់​ព្រម","callAirplaneModeTitle":"ធ្វើ​ឲ្យ​សកម្ម​របៀប​លើ​យន្តហោះ","numberIsBusyTitle":"លេខ​ជាប់​រវល់","numberIsBusyMessage":"បច្ចុប្បន្ន​លេខ​កំពុង​ជាប់​រវល់។ សូម​ព្យាយាម​ម្ដង​ទៀត​ពេល​ក្រោយ។","fdnIsActiveTitle":"FDN សកម្ម","fdnIsActiveMessage":"FDN (Fixed Dialing Numbers) ត្រូវ​បាន​ធ្វើ​ឲ្យ​សកម្ម និង​លេខ​បន្ទាប់​មិន​មាន​នៅ​ក្នុង​បញ្ជី FDN របស់​អ្នក​ឡើយ៖ {{ number }}","voiceMail":"សារ​ជា​សំឡេង","emergencyNumber":"លេខ​ហៅ​បន្ទាន់","emergencyDialogBodyBadNumber":"ដើម្បី​​ធ្វើ​ការ​ហៅ ទូរស័ព្ទ​ត្រូវតែ​ភ្ជាប់​ទៅ​បណ្ដាញ។","emergencyDialogBodyDeviceNotAccepted":"មិន​អនុញ្ញាត​ការ​ហៅ​បន្ទាន់​តាម​បណ្ដាញ​នេះ​ទេ។","emergencyDialogBtnOk":"យល់​ព្រម","emergencyDialogTitle":"គ្មាន​ការ​តភ្ជាប់​បណ្ដាញ","invalidNumberToDialTitle":"លេខ​ទូរស័ព្ទ​មិន​ត្រឹមត្រូវ","invalidNumberToDialMessage":"លេខ​ទូរស័ព្ទ​ដែល​អ្នក​កំពុង​ហៅ​មិន​ត្រឹមត្រូវ​ទេ។","unableToCallTitle":"មិន​អាច​ធ្វើ​ការ​ហៅ​ទូរស័ព្ទ​ឥឡូវ​នេះ​បាន​ទេ","unableToCallMessage":"មិន​អាច​ធ្វើ​ការ​ហៅ។ បើ​អ្នក​​​បាន​ចុច​លេខ​រួច​ហើយ សូម​ដាក់​ទូរស័ព្ទ​​ចុះ​សិន។","otherConnectionInUseTitle":"ការ​តភ្ជាប់​ផ្សេង​ទៀត​កំពុង​ប្រើ","otherConnectionInUseMessage":"អ្នក​មាន​ការ​ហៅ​សកម្មភាព​នៅ​លើ​ការ​ហៅ​ផ្សេង​ទៀត។ អ្នក​អាច​ប្រើ​​តែ​ការ​តភ្ជាប់​មួយ​ប៉ុណ្ណោះ​នៅ​​ពេល​តភ្ជាប់​ពេល​តែមួយ។","addNewNumber":"បន្ថែម​លេខ​ថ្មី","addToExistingContact":"បន្ថែម​ទៅ​ទំនាក់ទំនង​ដែល​មាន","all":{"_":"ទាំងអស់","ariaLabel":"ទាំងអស់"},"callLog":"កំណត់​ត្រា​ការ​ហៅ","callLogEdit":{"title":"កែ​កំណត់​ហេតុ​ការ​ហៅ"},"callLogEditDialog":{"ariaLabel":"កែ​ប្រអប់​កំណត់​ហេតុ​ការ​ហៅ"},"connecting":"តភ្ជាប់","cf-async":"ដែល​មិន​ស៊ី​សង្វាក់៖ {{ async }}\\n","cf-data":"ទិន្នន័យ៖ {{ data }}\\n","cf-error":"មាន​កំហុស​​បាន​កើត​ឡើង​អំឡុង​ពេល​ទៅ​រក​ស្ថានភាព​ការ​ហៅ​បញ្ជូន​បន្ត","cf-fax":"FAX: {{ fax }}\\n","cf-inactive":"អសកម្ម","cf-packet":"កញ្ចប់ ៖ {{ packet }}\\n","cf-pad":"PAD: {{ pad }}\\n","cf-sms":"SMS: {{ sms }}\\n","cf-status":"ស្ថានភាព​ការ​ហៅ​បញ្ជូន​បន្ត\\n","cf-sync":"នៅ​ពេល​ជាមួយ​គ្នា៖ {{ sync }}\\n","cf-voice":"សំឡេង៖ {{ voice }}\\n","close":"បិទ","confirm-deletion":"សម្អាត​ការ​ហៅ​ដែល​បាន​ជ្រើស?","contacts":{"ariaLabel":"ទំនាក់ទំនង"},"createNewContact":"បង្កើត​ទំនាក់​ទំនង​ថ្មី","delete":"លុប","deselectAll":"ដោះ​ជ្រើស​ទាំងអស់","dialerAddContact":{"ariaLabel":"បន្ថែម​ទំនាក់ទំនង​"},"dialerAddContactDialog":{"ariaLabel":"បន្ថែម​ប្រអប់​ទំនាក់ទំនង"},"edit-selected":{"_index":["plural","n"],"_":{"one":"បាន​ជ្រើស {{ n }}","two":"បាន​ជ្រើស {{ n }}","few":"បាន​ជ្រើស {{ n }}","many":"បាន​ជ្រើស {{ n }}","other":"បាន​ជ្រើស {{ n }}"}},"edit":"កែសម្រួល","hideKeypad":{"ariaLabel":"លាក់​ក្ដារចុច"},"ignore":"មិន​អើ​ពើ​ការ​ហៅ","incoming":"ហៅ​ចូល","keypad":{"ariaLabel":"ក្ដារចុច"},"makeCall":{"ariaLabel":"ហៅ"},"merge":"បញ្ចូល​ចូលគ្នា","missed":{"_":"ខកខាន​ទទួល","ariaLabel":"ខកខាន​ទទួល"},"missedCall":"ខកខាន​ទទួល","missedCallMultiSims":"(SIM {{ n }}) ខកខាន​ការ​ទទួល","mmi-error":"កំហុស​បាន​កើតឡើង ខណៈ​ពេល​ផ្ញើ​សារ","mmi-session-expired":"សម័យ​បាន​ផុត​កំណត់","mmi-successfully-sent":"បាន​ផ្ញើ​សារ​ដោយ​ជោគជ័យ","mmi-notification-title-with-sim":"({{sim}}) {{title}}","mute":{"ariaLabel":"ស្ងាត់"},"newCall":{"ariaLabel":"ហៅ​ថ្មី"},"no-logs-msg-1":"មិន​បាន​កត់ត្រា​ការ​ហៅ","no-logs-msg-2":"ចាប់ផ្ដើម​​ទាក់ទង​ឥឡូវ","no-logs-msg-3":"គ្មាន​ការ​ហៅ​ដែល​ខកខាន","recents":{"ariaLabel":"ការ​ហៅ​ថ្មីៗ"},"reply":"ឆ្លើយតប","selectAll":"ជ្រើស​ទាំងអស់","send":"ផ្ញើ","switch-calls":"ប្ដូរ​ការហៅ","today":"ថ្ងៃ​នេះ","withheld-number":"លេខ​មិន​អនុញ្ញាត​ឲ្យ","from-contact":"ពី {{ contact }}","from-number":"ពី {{ number }}","from-withheld-number":"ពី​លេខ​មិន​អនុញ្ញាត​ឲ្យ","yesterday":"ម្សិលមិញ","sending":"កំពុង​ផ្ញើ…","speakerOption":{"ariaLabel":"អូប៉ាល័រ​"},"ussd-services":"សេវាកម្ម {{ operator }}","toggleKeypad":{"ariaLabel":"បិទ/បើក​ ក្ដារចុច​"},"type-your-response":{"placeholder":"បញ្ចូល​ការ​ឆ្លើយតប​របស់​អ្នក..."},"clear-all-text":"សម្អាត​អត្ថបទ​ទាំងអស់","hide":"លាក់","call":"ហៅ","hold":{"ariaLabel":"រង់ចាំ"},"resume":{"_":"បន្ត","ariaLabel":"បន្ត"},"sendSms":"ផ្ញើសារ","callEnded":"បញ្ចប់​ការ​ហៅ","via-sim":"តាម​រយៈ SIM{{ n }}","sim-number":"SIM{{ n }}","hangup-a11y-button":{"ariaLabel":"ដាក់​ទូរស័ព្ទ​ចុះ"},"pickup-a11y-button":{"ariaLabel":"លើក​ទូរស័ព្ទ"},"unlock-a11y-button":{"ariaLabel":"គ្រាប់​រំកិល"},"roaming":"{{operator}} (Roaming)","settings":"ការ​កំណត់","delete-n-log?":{"_index":["plural","n"],"_":{"zero":"គ្មានអ្វី​បាន​ជ្រើស","one":"លុប​កំណត់​ហេតុ​បាន​ជ្រើស?","two":"លុប​កំណត់​ហេតុ {{ n }} ?","few":"លុប​កំណត់​ហេតុ {{ n }} ?","many":"លុប​កំណត់ហេតុ {{ n }} ?","other":"លុប​កំណត់​ហេតុ {{ n }} ?"}},"callDurationMinutes":"{{ m }}:{{ s }}","callDurationHours":"{{ h }}:{{ m }}:{{ s}}","suggestionMatches":{"_index":["plural","n"],"_":{"one":"{{ n }} ត្រូវ​គ្នា​​នឹង \"{{ matchNumber }}\"","two":"{{ n }} ត្រូវ​គ្នា​នឹង \"{{ matchNumber }}\"","few":"{{ n }} ត្រូវ​គ្នា​នឹង \"{{ matchNumber }}\"","many":"{{ n }} ត្រូវ​គ្នា​នឹង \"{{ matchNumber }}\"","other":"{{ n }} ត្រូវ​គ្នា​នឹង \"{{ matchNumber }}\""}},"scCallBarring":"បង្ខាំងទុក​ការហៅ","scCallForwarding":"បញ្ជូន​ការហៅ","scClip":"លេខ​សម្គាល់​អ្នក​ហៅ​ចូល","scClir":"លេខ​សម្គាល់​អ្នក​ហៅ​ចេញ","scPwd":"ផ្លាស់ប្ដូរ​ពាក្យ​សម្ងាត់","scCallWaiting":"រង់ចាំ​ការ​ហៅ","scPin":"ផ្លាស់ប្ដូរ PIN","scPin2":"ផ្លាស់ប្ដូរ PIN2","scPuk":"បើក​លេខ​កូដ PIN","scPuk2":"ដោះលេខកូដ PIN2","scImei":"IMEI","scUssd":"USSD","serviceClassVoice":"សំឡេង","serviceClassData":"ទិន្នន័យ","serviceClassFax":"FAX","serviceClassSms":"សារ​ខ្លី SMS","serviceClassDataSync":"ធ្វើ​សមកាលកម្ម","serviceClassDataAsync":"មិន​សមកាល","serviceClassPacket":"ហោប៉ៅ","serviceClassPad":"PAD","smServiceEnabled":"បើក​ឲ្យ​ប្រើប្រាស់​សេវាកម្ម","smServiceDisabled":"បិទ​ការ​ប្រើប្រាស់​សេវាកម្ម","smServiceRegistered":"ការ​ចុះឈ្មោះ​​បាន​​ជោគជ័យ","smServiceErased":"ការ​លុប​​ជោគជ័យ","smServiceInterrogated":"សំណើរ​ដោយ​ជោគជ័យ","smServiceNotProvisioned":"សេវាកម្ម​ដែល​មិន​បាន​ផ្ដល់","smClirPermanent":"អ្នក​មិន​អាច​ផ្លាស់ប្ដូរ​ការ​កំណត់​លេខ​សម្គាល់​អ្នក​ហៅ​បាន​ទេ","smClirDefaultOnNextCallOn":"លេខ​សម្គាល់​​អ្នក​ហៅ​លំនាំដើម​ត្រូវ​បាន​ដាក់​កម្រិត។ ការ​ហៅ​បន្ទាប់៖ បាន​ដាក់​កម្រិត","smClirDefaultOnNextCallOff":"លេខ​សម្គាល់​​អ្នក​ហៅ​លំនាំដើម​ត្រូវ​បាន​ដាក់​កម្រិត។ ការ​ហៅ​បន្ទាប់៖ មិន​ត្រូវ​បាន​ដាក់​កម្រិត","smClirDefaultOffNextCallOn":"លេខ​សម្គាល់​អ្នក​ហៅ​លំនាំដើម​មិន​ត្រូវ​បាន​ដាក់​កម្រិត។ ការ​ហៅ​បន្ទាប់៖ បាន​ដាក់​កម្រិត","smClirDefaultOffNextCallOff":"លេខ​សម្គាល់​​អ្នក​ហៅ​លំនាំដើម​មិន​ត្រូវ​បាន​ដាក់​កម្រិត។ ការ​ហៅ​បន្ទាប់៖ មិន​ត្រូវ​បាន​ដាក់​កម្រិត","smServiceEnabledFor":"សេវាកម្ម​ត្រូវ​បាន​បើក​សម្រាប់៖","smPinChanged":"បាន​ប្ដូរ​កូដ PIN ដោយ​ជោគជ័យ","smPinUnblocked":"បាន​ដោះ​សោ​កូដ​ PIN ដោយ​ជោគជ័យ","smPin2Changed":"បាន​ប្ដូរ​កូដ PIN2 ដោយ​ជោគជ័យ","smPin2Unblocked":"បាន​ដោះ​សោ​កូដ PIN2 ដោយ​ជោគជ័យ","ServiceIsEnabled":"Service is enabled","ServiceIsDisabled":"Service is disabled","ServiceIsEnabledFor":"Service is enabled for:","emMmiError":"មាន​បញ្ហា​ការ​តភ្ជាប់ ឬ​កូដ MMI មិន​ត្រឹមត្រូវ","emMmiErrorPasswordIncorrect":"ពាក្យ​​សម្ងាត់​​មិន​​ត្រឹម​​ត្រូវ","emMmiErrorNotSupported":"កូដ MMI មិន​គាំទ្រ ឬ​មិន​ត្រឹមត្រូវ","emMmiErrorInvalidAction":"សកម្មភាព​មិន​ត្រឹមត្រូវ","emMmiErrorInvalidScCode":"កូដ​សេវាកម្ម​​មិន​ត្រឹមត្រូវ","emMmiErrorBadPuk":"PUK ដែល​អ្នក​បាន​​បញ្ចូល​មិន​ត្រឹមត្រូវ","emMmiErrorBadPin":"កូដ PIN ចាស់​ដែល​អ្នក​បាន​បញ្ចូល​មិន​ត្រឹមត្រូវ។","emMmiErrorNeedPuk2":"វាយ​កូដ PUK2 ដើម្បី​ដោះ​សោ​​ SIM ​កាត","emMmiErrorMismatchPin":"កូដ PINs ដែល​អ្នក​បាន​បញ្ចូល​មិន​ផ្គូផ្គង","emMmiErrorInvalidPin":"បញ្ចូល​កូដ PIN ដែល​មាន​លេខ 4 ដល់ 8","emMmiErrorNeedsPuk":"SIM កាត​របស់​​អ្នក​ គឺ​​បាន​បិទ PUK","emMmiErrorEnablePin":"បរាជ័យ។ បើក​ដំណើរការ SIM/RUIM LOCK","emMmiErrorMmiFdn":"ប្រតិបត្តិការ​ត្រូវ​បាន​ដាក់​កម្រិត​ចំពោះ​លេខ​ហៅ​ថេរ​ប៉ុណ្ណោះ","emMmiErrorStkCcUssdDial":"សំណើ USSD ត្រូវ​បាន​កែប្រែ​ទៅ​សំណើ DIAL","emMmiErrorStkCcUssdSs":"សំណើ USSD ត្រូវ​បាន​កែប្រែ​ទៅ​សំណើ SS","emMmiErrorStkCcUssdUssd":"សំណើ USSD ត្រូវ​បាន​កែប្រែ​ទៅ​សំណើ USSD ថ្មី","emMmiErrorStkCcSsDial":"សំណើ SS ត្រូវ​បាន​កែប្រែ​ទៅ​សំណើ DIAL","emMmiErrorStkCcSsUssd":"សំណើ SS ត្រូវ​បាន​កែប្រែ​ទៅ​សំណើ USSD","emMmiErrorStkCcSsSs":"សំណើ SS ត្រូវ​បាន​កែប្រែ​ទៅ​សំណើ SS ថ្មី","emMmiErrorPinPukAttempts":{"_index":["plural","n"],"_":{"one":"Only {{ n }} retry left","two":"{{ n }} retries left","few":"{{ n }} retries left","many":"{{ n }} retries left","other":"{{ n }} retries left"}},"emMmiErrorSimBlocked":"បាន​ហួស​កំណត់​ចំនួន​ការ​ព្យាយាម​អតិបរមា​។ បាន​បិទ SIM","RadioNotAvailable":"គ្មាន​វិទ្យុ","GenericFailure":"កំហុស​ទូទៅ","PasswordIncorrect":"ពាក្យសម្ងាត់​មិន​ត្រឹមត្រូវ","SimPin2":"SIM PIN2","SimPuk2":"SIM PUK2","RequestNotSupported":"សំណើ​មិន​ត្រូវ​បាន​គាំទ្រ","OpNotAllowedDuringVoiceCall":"ប្រតិបត្តិការ​មិន​ត្រូវ​បាន​អនុញ្ញាត​អំឡុង​ពេល​ហៅ​ជា​សំឡេង","SmsSendFailRetry":"បរាជ័យ​ក្នុង​ការ​ផ្ញើ​សារ SMS ព្យាយាម​ម្ដងទៀត","SimAbsent":"អវត្តមាន SIM","SubscriptionNotAvailable":"គ្មាន​ការ​ជាវ","ModeNotSupported":"មិន​គាំទ្រ​វិធី","FdnCheckFailure":"ភាព​បរាជ័យ​ការ​ពិនិត្យមើល Fdn","IllegalSimOrMe":"SIM ឬ ME មិន​ស្របច្បាប់","DialModifiedToUssd":"បាន​កែប្រែ​ចុច​ទៅ USSD","DialModifiedToSs":"បាន​កែប្រែ​ចុច​ទៅ SS","DialModifiedToDial":"បាន​កែប្រែ​ចុច​ទៅ​បន្ទះ​លេខ","UssdModifiedToDial":"បាន​កែប្រែ USSD ដើម្បី​ចុច","UssdModifiedToSs":"បាន​កែប្រែ USSD ទៅ","UssdModifiedToUssd":"USSD បាន​កែប្រែ​ទៅ USSD","SsModifiedToDial":"SS បាន​កែប្រែ​ទៅ​បន្ទះ​ចុច","SsModifiedToUssd":"SS បាន​កែប្រែ​ទៅ USSD","SsModifiedToSs":"SS បាន​កែប្រែ​ទៅ SS","SubscriptionNotSupported":"ការ​ជាវ​មិន​ត្រូវ​បាន​គាំទ្រ","InvalidParameter":"ប៉ារ៉ាម៉ែត្រ​មិន​ត្រឹមត្រូវ","RejectedByRemote":"បាន​បដិសេធ​ពី​ចម្ងាយ","conferenceCall":"សន្និសីទ ({{n}})","caller-left-call":"{{ caller }} បាន​ចេញ​ពី​ការហៅ។","conferenceAddError":"មិន​អាច​បញ្ចូល​ការ​ហៅ​ចូល​គ្នា","conferenceRemoveError":"មិន​អាច​មិន​បញ្ចូល​ការ​ហៅ​ចូល​គ្នា","longDateFormat":"%A, %B %e","select-audio-sources":"ជ្រើស​ប្រភព​អូឌីយ៉ូ","bluetooth-handsfree-device":"ឧបករណ៍​មិន​ប្រើ​ដៃ​សម្រាប់ប៊្លូធូស","receiver":"អ្នកទទួល","speaker":"អូប៉ាល័រ​","weekday-0-long":"អាទិត្យ","weekday-1-long":"ច័ន្ទ","weekday-2-long":"អង្គារ","weekday-3-long":"ពុធ","weekday-4-long":"ព្រហស្បតិ៍","weekday-5-long":"សុក្រ","weekday-6-long":"សៅរ៍","weekday-0-short":"អាទិត្យ","weekday-1-short":"ច័ន្ទ","weekday-2-short":"អង្គារ","weekday-3-short":"ពុធ","weekday-4-short":"ព្រហស្បតិ៍","weekday-5-short":"សុក្រ","weekday-6-short":"សៅរ៍","month-0-long":"មករា","month-1-long":"កុម្ភៈ","month-2-long":"មីនា","month-3-long":"មេសា","month-4-long":"ឧសភា","month-5-long":"មិថុនា","month-6-long":"កក្កដា","month-7-long":"សីហា","month-8-long":"កញ្ញា","month-9-long":"តុលា","month-10-long":"វិច្ឆិកា","month-11-long":"ធ្នូ","month-0-genitive":"មករា","month-1-genitive":"កុម្ភៈ","month-2-genitive":"មីនា","month-3-genitive":"មេសា","month-4-genitive":"ឧសភា","month-5-genitive":"មិថុនា","month-6-genitive":"កក្កដា","month-7-genitive":"សីហា","month-8-genitive":"កញ្ញា","month-9-genitive":"តុលា","month-10-genitive":"វិច្ឆិកា","month-11-genitive":"ធ្នូ","month-0-short":"មករា","month-1-short":"កុម្ភៈ","month-2-short":"មីនា","month-3-short":"មេសា","month-4-short":"ឧសភា","month-5-short":"មិថុនា","month-6-short":"កក្កដា","month-7-short":"សីហា","month-8-short":"កញ្ញា","month-9-short":"តុលា","month-10-short":"វិច្ឆិកា","month-11-short":"ធ្នូ","minutes-ago-long":{"_index":["plural","value"],"_":{"zero":"អម្បាញ់មិញនេះ","one":"មួយ​នាទី​មុន","two":"{{value}} នាទី​មុន","few":"{{value}} នាទី​មុន","many":"{{value}} នាទី​មុន","other":"{{value}} នាទី​មុន"}},"hours-ago-long":{"_index":["plural","value"],"_":{"zero":"អម្បាញ់មិញនេះ","one":"មួយ​ម៉ោង​មុន","two":"{{value}} ម៉ោង​មុន","few":"{{value}} ម៉ោង​មុន","many":"{{value}} ម៉ោង​មុន","other":"{{value}} ម៉ោង​មុន"}},"days-ago-long":{"_index":["plural","value"],"_":{"zero":"ថ្ងៃ​នេះ","one":"ម្សិលមិញ","two":"{{value}} ថ្ងៃ​មុន","few":"{{value}} ថ្ងៃ​មុន","many":"{{value}} ថ្ងៃ​មុន","other":"{{value}} ថ្ងៃ​មុន"}},"weeks-ago-long":{"_index":["plural","value"],"_":{"zero":"សប្ដាហ៍​នេះ","one":"សប្ដាហ៍​មុន","two":"{{value}} សប្ដាហ៍​មុន","few":"{{value}} សប្ដាហ៍​មុន","many":"{{value}} សប្ដាហ៍​មុន","other":"{{value}} សប្ដាហ៍​មុន"}},"months-ago-long":{"_index":["plural","value"],"_":{"zero":"ខែ​នេះ","one":"ខែ​មុន","two":"{{value}} ខែ​មុន","few":"{{value}} ខែ​មុន","many":"{{value}} ខែ​មុន","other":"{{value}} ខែ​មុន"}},"years-ago-long":{"_index":["plural","value"],"_":{"zero":"ឆ្នាំនេះ","one":"ឆ្នាំ​មុន","two":"{{value}} ឆ្នាំ​មុន","few":"{{value}} ឆ្នាំ​មុន","many":"{{value}} ឆ្នាំ​មុន","other":"{{value}} ឆ្នាំ​មុន"}},"minutes-until-long":{"_index":["plural","value"],"_":{"zero":"ឥឡូវ","one":"ក្នុង​ពេល​មួយ​នាទី","two":"ក្នុង​ពេល {{value}} នាទី","few":"ក្នុង​ពេល {{value}} នាទី","many":"ក្នុង​ពេល​ {{value}} នាទី​","other":"ក្នុង​ពេល {{value}} នាទី"}},"hours-until-long":{"_index":["plural","value"],"_":{"zero":"ឥឡូវ","one":"ក្នុង​រយៈពេល​១​ម៉ោង","two":"ក្នុង​ពេល​​ {{value}} ម៉ោង","few":"ក្នុង​ពេល​​ {{value}} ម៉ោង","many":"ក្នុង​ពេល​​ {{value}} ម៉ោង","other":"ក្នុង​ពេល​​ {{value}} ម៉ោង"}},"days-until-long":{"_index":["plural","value"],"_":{"zero":"ថ្ងៃ​នេះ","one":"ថ្ងៃស្អែក","two":"ក្នុង​ពេល​​ {{value}} ថ្ងៃ","few":"ក្នុង​ពេល​​ {{value}} ថ្ងៃ","many":"ក្នុង​ពេល​​ {{value}} ថ្ងៃ","other":"ក្នុង​ពេល​​ {{value}} ថ្ងៃ"}},"weeks-until-long":{"_index":["plural","value"],"_":{"zero":"សប្ដាហ៍​នេះ","one":"សប្ដាហ៍​ក្រោយ","two":"ក្នុង​ពេល {{value}} សប្ដាហ៍","few":"ក្នុង​ពេល {{value}} សប្ដាហ៍","many":"ក្នុង​ពេល {{value}} សប្ដាហ៍","other":"ក្នុង​ពេល {{value}} សប្ដាហ៍"}},"months-until-long":{"_index":["plural","value"],"_":{"zero":"ខែ​នេះ","one":"ខែ​ក្រោយ","two":"ក្នុង​ពេល {{value}} ខែ","few":"ក្នុង​ពេល {{value}} ខែ","many":"ក្នុង​ពេល {{value}} ខែ","other":"ក្នុង​ពេល {{value}} ខែ"}},"years-until-long":{"_index":["plural","value"],"_":{"zero":"ឆ្នាំនេះ","one":"ឆ្នាំ​ក្រោយ","two":"ក្នុង​ពេល {{value}} ឆ្នាំ","few":"ក្នុង​ពេល {{value}} ឆ្នាំ","many":"ក្នុង​ពេល {{value}} ឆ្នាំ","other":"ក្នុង​ពេល {{value}} ឆ្នាំ"}},"minutes-ago-short":{"_index":["plural","value"],"_":{"zero":"អម្បាញ់មិញនេះ","other":"{{value}}នាទី​មុន"}},"hours-ago-short":{"_index":["plural","value"],"_":{"zero":"អម្បាញ់មិញនេះ","other":"{{value}}ម៉ោង​មុន"}},"days-ago-short":{"_index":["plural","value"],"_":{"zero":"ថ្ងៃ​នេះ","other":"{{value}}ថ្ងៃ​មុន"}},"minutes-until-short":{"_index":["plural","value"],"_":{"zero":"ឥឡូវ","other":"ក្នុង​ពេល {{value}}នាទី"}},"hours-until-short":{"_index":["plural","value"],"_":{"zero":"ឥឡូវ","other":"ក្នុង​ពេល {{value}}ម៉ោង"}},"days-until-short":{"_index":["plural","value"],"_":{"zero":"ថ្ងៃ​នេះ","other":"ក្នុង​ពេល {{value}}ថ្ងៃ"}},"incorrectDate":"(កាលបរិច្ឆេទ​មិន​ត្រឹមត្រូវ)","dateTimeFormat_%c":"%a %b %e %Y %I:%M:%S %p","dateTimeFormat_%x":"%m/%d/%Y","dateTimeFormat_%X":"%I:%M:%S %p","shortTimeFormat":"%I:%M %p","shortDateTimeFormat":"%x %I:%M %p","weekStartsOnMonday":"0","time_am":"ព្រឹក","time_pm":"PM","label":"ស្លាក","mobile":"ចល័ត","home":"ផ្ទះ","work":"កន្លែង​ធ្វើការ","personal":"ផ្ទាល់​ខ្លួន","faxHome":"ទូរសារ​​នៅ​ផ្ទះ","faxOffice":"ទូរសារ​នៅ​ការិយាល័យ","faxOther":"ទូរសារ​ផ្សេង​ទៀត","another":"ផ្សេង","other":"ផ្សេង​ទៀត","customTag":{"placeholder":"ស្លាក​ផ្ទាល់ខ្លួន"},"current":"បច្ចុប្បន្ន","itemWithLabel":"{{label}}, {{item}}"}