{"callAirplaneModeMessage":"Jeigu norite skambinti, turite nuostatose išjungti skrydžio veikseną.","callAirplaneModeBtnOk":"Gerai","callAirplaneModeTitle":"Įgalinta skrydžio veiksena","numberIsBusyTitle":"Numeris užimtas","numberIsBusyMessage":"Numeris šiuo metu užimtas. Bandykite paskambinti vėliau.","fdnIsActiveTitle":"Ribojami numeriai","fdnIsActiveMessage":"Numeriu {{ number }} skambinti neleidžiama, nes jo nėra leistinų numerių sąraše.","voiceMail":"Balso paštas","emergencyNumber":"Pagalbos skambutis","emergencyDialogBodyBadNumber":"Kad galėtumėte atlikti skambutį, šis telefonas turi būti tinkle.","emergencyDialogBodyDeviceNotAccepted":"Pagalbos skambučiai šiame tinkle draudžiami.","emergencyDialogBtnOk":"Gerai","emergencyDialogTitle":"Nėra ryšio su tinklu","invalidNumberToDialTitle":"Negalimas telefono numeris","invalidNumberToDialMessage":"Telefono numeris, kuriuo bandote skambinti, yra blogas.","unableToCallTitle":"Šiuo metu skambinti negalima","unableToCallMessage":"Skambinti negalima. Jeigu šiuo metu skambutis jau vykdomas, pirmiau turite jį nutraukti.","otherConnectionInUseTitle":"Jau naudojamas kitas ryšys","otherConnectionInUseMessage":"Šiuo metu vykdomas skambutis, naudojant kitą ryšį. Vienu metu galima naudoti tik vieną ryšį.","addNewNumber":"Pridėti numerį","addToExistingContact":"Papildyti esamą adresatą","all":{"_":"Visi","ariaLabel":"Visi"},"callLog":"Skambučių žurnalas","callLogEdit":{"title":"Taisyti skambučių sąrašą"},"callLogEditDialog":{"ariaLabel":"Skambučių sąrašo taisa"},"connecting":"Jungiamasi","cf-async":"Asinchroniniai: {{ async }}\\n","cf-data":"Duomenys: {{ data }}\\n","cf-error":"Gaunant skambučių nukreipimo būseną, įvyko klaida","cf-fax":"Faksas: {{ fax }}\\n","cf-inactive":"nenukreipti","cf-packet":"Paketiniai duomenys: {{ packet }}\\n","cf-pad":"PAD: {{ pad }}\\n","cf-sms":"SMS: {{ sms }}\\n","cf-status":"Skambučių nukreipimo būsena\\n","cf-sync":"Sinchroniniai: {{ sync }}\\n","cf-voice":"Balso: {{ voice }}\\n","close":"Užverti","confirm-deletion":"Pašalinti pažymėtus skambučius?","contacts":{"ariaLabel":"Adresatai"},"createNewContact":"Kurti naują adresatą","delete":"Šalinti","deselectAll":"Nužymėti visus","dialerAddContact":{"ariaLabel":"Naujas adresatas"},"dialerAddContactDialog":{"ariaLabel":"Naujo adresato kūrimas"},"edit-selected":{"_index":["plural","n"],"_":{"one":"{{ n }} pažymėtas","two":"{{ n }} pažymėti","few":"{{ n }} pažymėti","many":"{{ n }} pažymėti","other":"{{ n }} pažymėti"}},"edit":"Tvarkymas","hideKeypad":{"ariaLabel":"Nerodyti klaviatūros"},"ignore":"Nepaisyti skambučio","incoming":"Įeinantys","keypad":{"ariaLabel":"Klaviatūra"},"makeCall":{"ariaLabel":"Skambinti"},"merge":"Sulieti","missed":{"_":"Praleisti","ariaLabel":"Praleisti"},"missedCall":"Praleistas skambutis","missedCallMultiSims":"(SIM {{ n }}) Praleistas skambutis","mmi-error":"Siunčiant pranešimą, įvyko klaida","mmi-session-expired":"Seansas nebegalioja","mmi-successfully-sent":"Pranešimas sėkmingai išsiųstas","mmi-notification-title-with-sim":"({{sim}}) {{title}}","mute":{"ariaLabel":"Nutildyti"},"newCall":{"ariaLabel":"Naujas skambutis"},"no-logs-msg-1":"Skambučių žurnalas tuščias","no-logs-msg-2":"Paskambinkite jūs","no-logs-msg-3":"Praleistų skambučių nėra","recents":{"ariaLabel":"Paskiausi skambučiai"},"reply":"Atsakyti","selectAll":"Pažymėti visus","send":"Siųsti","switch-calls":"Perjungti pokalbį","today":"Šiandien","withheld-number":"numeris nerodomas","from-contact":"Skambina {{ contact }}","from-number":"Skambina {{ number }}","from-withheld-number":"Skambinama iš nerodomo numerio","yesterday":"Vakar","sending":"Siunčiama…","speakerOption":{"ariaLabel":"Garsiakalbis"},"ussd-services":"„{{ operator }}“ paslaugos","toggleKeypad":{"ariaLabel":"Rodyti arba slėpti klaviatūrą"},"type-your-response":{"placeholder":"Įveskite savo atsakymą…"},"clear-all-text":"Išvalyti tekstą","hide":"Nerodyti","call":"Skambinti","hold":{"ariaLabel":"Sulaikyti"},"resume":{"_":"Tęsti","ariaLabel":"Tęsti"},"sendSms":"Siųsti žinutę","callEnded":"Skambutis baigtas","via-sim":"naudojant SIM{{ n }}","sim-number":"SIM{{ n }}","hangup-a11y-button":{"ariaLabel":"Neatsiliepti"},"pickup-a11y-button":{"ariaLabel":"Atsiliepti"},"unlock-a11y-button":{"ariaLabel":"Slankiklis"},"roaming":"{{operator}} (Roaming)","settings":"Nuostatos","delete-n-log?":{"_index":["plural","n"],"_":{"zero":"Niekas nepažymėta","one":"Šalinti {{ n }} pažymėtą įrašą?","two":"Šalinti {{ n }} pažymėtus įrašus?","few":"Šalinti {{ n }} pažymėtus įrašus?","many":"Šalinti {{ n }} pažymėtų įrašų?","other":"Šalinti {{ n }} pažymėtų įrašų?"}},"callDurationMinutes":"{{ m }}:{{ s }}","callDurationHours":"{{ h }}:{{ m }}:{{ s }}","suggestionMatches":{"_index":["plural","n"],"_":{"one":"{{ n }} numeris, atitinkantis „{{ matchNumber }}“","two":"{{ n }} numeriai, atitinkantys „{{ matchNumber }}“","few":"{{ n }} numeriai, atitinkantys „{{ matchNumber }}“","many":"{{ n }} numerių, atitinkančių „{{ matchNumber }}“","other":"{{ n }} numerių, atitinkančių „{{ matchNumber }}“"}},"scCallBarring":"Skamb. draudimas","scCallForwarding":"Sk. nukreipimas","scClip":"Įein. skamb. tel. nr.","scClir":"Išein. sk. tel. nr.","scPwd":"Slapt. keitimas","scCallWaiting":"Skamb. laukimas","scPin":"PIN keitimas","scPin2":"PIN2 keitimas","scPuk":"PIN atblokavimas","scPuk2":"PIN2 atblokavimas","scImei":"IMEI","scUssd":"USSD","serviceClassVoice":"Balsas","serviceClassData":"Duomenys","serviceClassFax":"Faksas","serviceClassSms":"SMS","serviceClassDataSync":"Sinchroninis","serviceClassDataAsync":"Nesinchroninis","serviceClassPacket":"Paketiniai duomenys","serviceClassPad":"PAD","smServiceEnabled":"Paslauga įjungta","smServiceDisabled":"Paslauga išjungta","smServiceRegistered":"Registracija sėkminga","smServiceErased":"Šalinimas sėkmingas","smServiceInterrogated":"Užklausa sėkminga","smServiceNotProvisioned":"Paslauga neteikiama","smClirPermanent":"Keisti numerio rodymo parinkties negalima","smClirDefaultOnNextCallOn":"Numeris numatytai nerodomas. Kito skambučio metu jis nebus rodomas","smClirDefaultOnNextCallOff":"Numeris numatytai nerodomas. Kito skambučio metu jis bus rodomas","smClirDefaultOffNextCallOn":"Numeris numatytai rodomas. Kito skambučio metu jis nebus rodomas","smClirDefaultOffNextCallOff":"Numeris numatytai rodomas. Kito skambučio metu jis bus rodomas","smServiceEnabledFor":"Paslauga įjungta:","smPinChanged":"PIN kodas pakeistas","smPinUnblocked":"PIN kodas atblokuotas","smPin2Changed":"PIN2 kodas pakeistas","smPin2Unblocked":"PIN2 kodas atblokuotas","ServiceIsEnabled":"Service is enabled","ServiceIsDisabled":"Service is disabled","ServiceIsEnabledFor":"Service is enabled for:","emMmiError":"Ryšio problema arba negalimas MMI kodas","emMmiErrorPasswordIncorrect":"Neteisingas slaptažodis","emMmiErrorNotSupported":"Negalimas arba nepalaikomas MMI kodas","emMmiErrorInvalidAction":"Negalimas veiksmas","emMmiErrorInvalidScCode":"Negalimas paslaugos kodas","emMmiErrorBadPuk":"Įvestas neteisingas PUK kodas","emMmiErrorBadPin":"Įvestas neteisingas senasis PIN kodas","emMmiErrorNeedPuk2":"Kortelei atblokuoti įveskite PIN2 kodą","emMmiErrorMismatchPin":"Įvesti PIN kodai nesutampa","emMmiErrorInvalidPin":"Pin kodą turi sudaryti 4–8 skaitmenys","emMmiErrorNeedsPuk":"Jūsų SIM kortelė užrakinta PUK kodu","emMmiErrorEnablePin":"Nesėkminga. Įjunkite SIM/RUIM LOCK","emMmiErrorMmiFdn":"Operacija galima tik su numeriais iš fiksuotojo (FDN) sąrašo","emMmiErrorStkCcUssdDial":"USSD užklausa pakeista DIAL užklausa","emMmiErrorStkCcUssdSs":"USSD užklausa pakeista SS užklausa","emMmiErrorStkCcUssdUssd":"USSD užklausa pakeista nauja USSD užklausa","emMmiErrorStkCcSsDial":"SS užklausa pakeista DIAL užklausa","emMmiErrorStkCcSsUssd":"SS užklausa pakeista USSD užklausa","emMmiErrorStkCcSsSs":"SS užklausa pakeista nauja SS užklausa","emMmiErrorPinPukAttempts":{"_index":["plural","n"],"_":{"one":"Liko {{ n }} bandymas","two":"Liko {{ n }} bandymai","few":"Liko {{ n }} bandymai","many":"Liko {{ n }} bandymų","other":"Liko {{ n }} bandymų"}},"emMmiErrorSimBlocked":"Viršytas leistinas bandymų skaičius. SIM kortelė užblokuota","RadioNotAvailable":"Nėra ryšio signalo","GenericFailure":"Nedetalizuota klaida","PasswordIncorrect":"Slaptažodis neteisingas","SimPin2":"SIM PIN2","SimPuk2":"SIM PUK2","RequestNotSupported":"Užklausa nepalaikoma","OpNotAllowedDuringVoiceCall":"Operacija negalima balso skambučio metu","SmsSendFailRetry":"SMS išsiųsti nepavyko, bandoma dar kartą","SimAbsent":"Nėra SIM kortelės","SubscriptionNotAvailable":"Paslauga negalima","ModeNotSupported":"Veiksena nepalaikoma","FdnCheckFailure":"FDN patikrinimo klaida","IllegalSimOrMe":"Neleistina SIM arba ME","DialModifiedToUssd":"DIAL užklausa pakeista į USSD","DialModifiedToSs":"DIAL užklausa pakeista į SS","DialModifiedToDial":"DIAL užklausa pakeista į DIAL","UssdModifiedToDial":"USSD užklausa pakeista į DIAL","UssdModifiedToSs":"USSD užklausa pakeista į SS","UssdModifiedToUssd":"USSD užklausa pakeista į USSD","SsModifiedToDial":"SS užklausa pakeista į DIAL","SsModifiedToUssd":"SS užklausa pakeista į USSD","SsModifiedToSs":"SS užklausa pakeista į SS","SubscriptionNotSupported":"Paslauga nepalaikoma","InvalidParameter":"Neleistinas parametras","RejectedByRemote":"Atmesta ryšio partnerio","conferenceCall":"Conference ({{n}})","caller-left-call":"{{ caller }} atsijungė nuo pokalbio.","conferenceAddError":"Nepavyko sujungti skambučių","conferenceRemoveError":"Nepavyko atjungti skambučio","longDateFormat":"%A, %Eb %e d.","select-audio-sources":"Pasirinkite garso šaltinį","bluetooth-handsfree-device":"„Bluetooth“ laisvų rankų įranga","receiver":"Mikrofonas","speaker":"Garsiakalbis","weekday-0-long":"Sekmadienis","weekday-1-long":"Pirmadienis","weekday-2-long":"Antradienis","weekday-3-long":"Trečiadienis","weekday-4-long":"Ketvirtadienis","weekday-5-long":"Penktadienis","weekday-6-long":"Šeštadienis","weekday-0-short":"Sk","weekday-1-short":"Pr","weekday-2-short":"An","weekday-3-short":"Tr","weekday-4-short":"Kt","weekday-5-short":"Pn","weekday-6-short":"Št","month-0-long":"sausis","month-1-long":"vasaris","month-2-long":"kovas","month-3-long":"balandis","month-4-long":"gegužė","month-5-long":"birželis","month-6-long":"liepa","month-7-long":"rugpjūtis","month-8-long":"rugsėjis","month-9-long":"spalis","month-10-long":"lapkritis","month-11-long":"gruodis","month-0-genitive":"sausio","month-1-genitive":"vasario","month-2-genitive":"kovo","month-3-genitive":"balandžio","month-4-genitive":"gegužės","month-5-genitive":"birželio","month-6-genitive":"liepos","month-7-genitive":"rugpjūčio","month-8-genitive":"rugsėjo","month-9-genitive":"spalio","month-10-genitive":"lapkričio","month-11-genitive":"gruodžio","month-0-short":"Sau","month-1-short":"Vas","month-2-short":"Kov","month-3-short":"Bal","month-4-short":"Geg","month-5-short":"Bir","month-6-short":"Lie","month-7-short":"Rgp","month-8-short":"Rgs","month-9-short":"Spa","month-10-short":"Lap","month-11-short":"Grd","minutes-ago-long":{"_index":["plural","value"],"_":{"zero":"ką tik","one":"prieš {{value}} minutę","two":"prieš {{value}} minutes","few":"prieš {{value}} minutes","many":"prieš {{value}} minučių","other":"prieš {{value}} minučių"}},"hours-ago-long":{"_index":["plural","value"],"_":{"zero":"ką tik","one":"prieš {{value}} valandą","two":"prieš {{value}} valandas","few":"prieš {{value}} valandas","many":"prieš {{value}} valandų","other":"prieš {{value}} valandų"}},"days-ago-long":{"_index":["plural","value"],"_":{"zero":"šiandien","one":"vakar","two":"prieš {{value}} dienas","few":"prieš {{value}} dienas","many":"prieš {{value}} dienų","other":"prieš {{value}} dienų"}},"weeks-ago-long":{"_index":["plural","value"],"_":{"zero":"šią savaitę","one":"praėjusią savaitę","two":"prieš {{value}} savaites","few":"prieš {{value}} savaites","many":"prieš {{value}} savaičių","other":"prieš {{value}} savaičių"}},"months-ago-long":{"_index":["plural","value"],"_":{"zero":"šį mėnesį","one":"praėjusį mėnesį","two":"prieš {{value}} mėnesius","few":"prieš {{value}} mėnesius","many":"prieš {{value}} mėnesių","other":"prieš {{value}} mėnesių"}},"years-ago-long":{"_index":["plural","value"],"_":{"zero":"šiemet","one":"prieš {{value}} metus","two":"prieš {{value}} metus","few":"prieš {{value}} metus","many":"prieš {{value}} metų","other":"prieš {{value}} metų"}},"minutes-until-long":{"_index":["plural","value"],"_":{"zero":"dabar","one":"už {{value}} minutės","two":"už {{value}} minučių","few":"už {{value}} minučių","many":"už {{value}} minučių","other":"už {{value}} minučių"}},"hours-until-long":{"_index":["plural","value"],"_":{"zero":"dabar","one":"už {{value}} valandos","two":"už {{value}} valandų","few":"už {{value}} valandų","many":"už {{value}} valandų","other":"už {{value}} valandų"}},"days-until-long":{"_index":["plural","value"],"_":{"zero":"šiandien","one":"rytoj","two":"už {{value}} dienų","few":"už {{value}} dienų","many":"už {{value}} dienų","other":"už {{value}} dienų"}},"weeks-until-long":{"_index":["plural","value"],"_":{"zero":"šią savaitę","one":"kitą savaitę","two":"už {{value}} savaičių","few":"už {{value}} savaičių","many":"už {{value}} savaičių","other":"už {{value}} savaičių"}},"months-until-long":{"_index":["plural","value"],"_":{"zero":"šį mėnesį","one":"kitą mėnesį","two":"už {{value}} mėnesių","few":"už {{value}} mėnesių","many":"už {{value}} mėnesių","other":"už {{value}} mėnesių"}},"years-until-long":{"_index":["plural","value"],"_":{"zero":"šiemet","one":"kitais metais","two":"už {{value}} metų","few":"už {{value}} metų","many":"už {{value}} metų","other":"už {{value}} metų"}},"minutes-ago-short":{"_index":["plural","value"],"_":{"zero":"ką tik","other":"prieš {{value}} min."}},"hours-ago-short":{"_index":["plural","value"],"_":{"zero":"ką tik","other":"prieš {{value}} val."}},"days-ago-short":{"_index":["plural","value"],"_":{"zero":"šiandien","other":"prieš {{value}} d."}},"minutes-until-short":{"_index":["plural","value"],"_":{"zero":"dabar","other":"už {{value}} min."}},"hours-until-short":{"_index":["plural","value"],"_":{"zero":"dabar","other":"už {{value}} val."}},"days-until-short":{"_index":["plural","value"],"_":{"zero":"šiandien","other":"už {{value}} d."}},"incorrectDate":"(negalima data)","dateTimeFormat_%c":"%Y m. %Eb %e d. %H:%M:%S","dateTimeFormat_%x":"%Y-%m-%d","dateTimeFormat_%X":"%H:%M:%S","shortTimeFormat":"%H:%M","shortDateTimeFormat":"%x %H:%M","weekStartsOnMonday":"1","time_am":"priešpiet","time_pm":"popiet","label":"Label","mobile":"Mobile","home":"Home","work":"Work","personal":"Personal","faxHome":"Fax home","faxOffice":"Fax office","faxOther":"Fax other","another":"Another","other":"Other","customTag":{"placeholder":"Custom tag"},"current":"Current","itemWithLabel":"{{label}}, {{item}}"}