{"callAirplaneModeMessage":"Да направите повик треба да го исклучите авионскиот режив во поставките.","callAirplaneModeBtnOk":"Во ред","callAirplaneModeTitle":"Активиран авионски режим","numberIsBusyTitle":"Бројот е зафатен","numberIsBusyMessage":"Бројот е моментално зафатен. Ве молам пробајте подоцна. ","fdnIsActiveTitle":"FDN active","fdnIsActiveMessage":"FDN (Fixed Dialing Numbers) is activated and the following number is not in your FDN list: {{ number }}","voiceMail":"Говорна пошта","emergencyNumber":"Итен број","emergencyDialogBodyBadNumber":"Да направите повик, телефонот мора да биде приклучен на мрежа.","emergencyDialogBodyDeviceNotAccepted":"Итните повици не се дозволени од мрежата.","emergencyDialogBtnOk":"Во ред","emergencyDialogTitle":"Нема мрежна конекција","invalidNumberToDialTitle":"Неправилен тел. број","invalidNumberToDialMessage":"Телефонскиот број кој го вртите е неправилен.","unableToCallTitle":"Сега не може да се направи повик","unableToCallMessage":"Не може да се направи повик. Ако веќе вртите, ве молам прво спуштите.","otherConnectionInUseTitle":"Се користи друга конекција","otherConnectionInUseMessage":"Имате активен повик на друга конекција. Може да користите само една конекција истовремено.","addNewNumber":"Add new number","addToExistingContact":"Додај во постоечкиот контакт","all":"Сите","callLog":"Запис на повици","callLogEdit":{"title":"Edit call log"},"callLogEditDialog":{"ariaLabel":"Edit call log dialog"},"connecting":"Се поврзува","cf-async":"Асинхроно: {{ async }}\\n","cf-data":"Податоци: {{ data }}\\n","cf-error":"Грешки при преземање на статусот за пренасочување повици","cf-fax":"Факс: {{ fax }}\\n","cf-inactive":"Неактивно","cf-packet":"Пакет: {{ packet }}\\n","cf-pad":"PAD: {{ pad }}\\n","cf-sms":"СМС: {{ sms }}\\n","cf-status":"Статус на пренасочување\\n","cf-sync":"Синхроно: {{ sync }}\\n","cf-voice":"Говор: {{ voice }}\\n","close":"Close","confirm-deletion":"Исчисти ги избраните повици?","contacts":{"ariaLabel":"Contacts"},"createNewContact":"Создади нов контакт","delete":"Избриши","deselectAll":"Поништи избор","dialerAddContact":{"ariaLabel":"Add contact"},"dialerAddContactDialog":{"ariaLabel":"Add Contact Dialog"},"edit-selected":{"_index":["plural","n"],"_":{"one":"{{ n }} избрано","two":"{{ n }} избрани","few":"{{ n }} избрани","many":"{{ n }} избрани","other":"{{ n }} избрано"}},"edit":"Уреди","hideKeypad":{"ariaLabel":"Hide keypad"},"ignore":"Игнорирај повик","incoming":"Дојдовен","keypad":{"ariaLabel":"Keypad"},"makeCall":{"ariaLabel":"Make call"},"merge":"Merge","missed":"Пропуштен","missedCall":"Пропуштен повик","missedCallMultiSims":"(SIM {{ n }}) пропуштен повик","mmi-error":"Грешка при праќање на пораката","mmi-session-expired":"Сесијата истече","mmi-successfully-sent":"Успешно пратена порака","mmi-notification-title-with-sim":"({{sim}}) {{title}}","mute":{"ariaLabel":"Mute"},"newCall":{"ariaLabel":"New call"},"no-logs-msg-1":"Нема запис на повици","no-logs-msg-2":"Започни со комуникација веднаш","no-logs-msg-3":"Нема пропуштени повици","recents":{"ariaLabel":"Recent calls"},"reply":"Одговори","selectAll":"Избери сѐ","send":"Прати","switch-calls":"Смени повици","today":"Денес","withheld-number":"Скриен број","from-contact":"Од {{ contact }}","from-number":"Од {{ number }}","from-withheld-number":"Од скриен број","yesterday":"Вчера","sending":"Праќање…","speakerOption":{"ariaLabel":"Speaker"},"ussd-services":"{{ operator }} сервиси","toggleKeypad":{"ariaLabel":"Toggle keypad"},"type-your-response":{"placeholder":"Пишете го вашиот одговор…"},"clear-all-text":"Исчисти го цел текст","hide":"Скриј","call":"Повикај","hold":"Држи","resume":"Продолжи","sendSms":"Прати порака","callEnded":"Повикот заврши","via-sim":"преку SIM{{ n }}","sim-number":"SIM{{ n }}","hangup-a11y-button":{"aria-label":"Спушти"},"pickup-a11y-button":{"aria-label":"Одговори"},"unlock-a11y-button":{"aria-label":"Лизгач"},"roaming":"{{operator}} (Roaming)","settings":"Поставки","delete-n-log?":{"_index":["plural","n"],"_":{"few":"Бришење {{ n }} записи?","many":"Бришење {{ n }} записи?","one":"Бришење на избраниот запис?","other":"Бришење {{ n }} записи?","two":"Бришење {{ n }} записи?","zero":"Нема избрано"}},"callDurationMinutes":"{{ m }}:{{ s }}","callDurationHours":"{{ h }}:{{ m }}:{{ s}}","suggestionMatches":{"_index":["plural","n"],"_":{"one":"{{ n }} најдено за \"{{ matchNumber }}\"","two":"{{ n }} најдени за \"{{ matchNumber }}\"","few":"{{ n }} најдени за \"{{ matchNumber }}\"","many":"{{ n }} најдени за \"{{ matchNumber }}\"","other":"{{ n }} најдени за \"{{ matchNumber }}\""}},"scCallBarring":"Забрана за повик","scCallForwarding":"Пренасочување на повик","scClip":"Дојдовна идентификација","scClir":"Појдовна идентификација","scPwd":"Промена на лозинка","scCallWaiting":"Повик на чекање","scPin":"PIN промена","scPin2":"PIN2 промена","scPuk":"Одблокирај PIN","scPuk2":"Одблокирај PIN2","scImei":"IMEI","scUssd":"USSD","serviceClassVoice":"Говор","serviceClassData":"Податоци","serviceClassFax":"Факс","serviceClassSms":"СМС","serviceClassDataSync":"Синхрино","serviceClassDataAsync":"Асинхроно","serviceClassPacket":"Пакет","serviceClassPad":"PAD","smServiceEnabled":"Сервисот беше овозможен","smServiceDisabled":"Сервисот беше оневозможен","smServiceRegistered":"Регистрацијата беше успешна","smServiceErased":"Бришењето беше успешно","smServiceInterrogated":"Барањето беше успешно","smServiceNotProvisioned":"Сервисот не е провизиониран","smClirPermanent":"Не можете да ја смените поставката за идентификација на повик","smClirDefaultOnNextCallOn":"Предефинирано за идентификација на повик е скриен. Следниот повик: скриен","smClirDefaultOnNextCallOff":"Предефинирано за идентификација на повик е скриен. Следниот повик: прикажан","smClirDefaultOffNextCallOn":"Предефинирано за идентификација на повик е прикажан. Следниот повик: скриен","smClirDefaultOffNextCallOff":"Предефинирано за идентификација на повик е прикажан. Следниот повик: прикажан","smServiceEnabledFor":"Сервисот беше овозможен за:","smPinChanged":"PIN успешно променет","smPinUnblocked":"PIN успешно одблокиран","smPin2Changed":"PIN2 успешно променет","smPin2Unblocked":"PIN2 успешно одблокиран","ServiceIsEnabled":"Service is enabled","ServiceIsDisabled":"Service is disabled","ServiceIsEnabledFor":"Service is enabled for:","emMmiError":"Проблем во комуникација или невалиден MMI код","emMmiErrorPasswordIncorrect":"Грешна лозинка","emMmiErrorNotSupported":"Неправилен или неподржан MMI код","emMmiErrorInvalidAction":"Неправилна акција","emMmiErrorInvalidScCode":"Неправилен сервисе код","emMmiErrorBadPuk":"PUK бројот што го внесовте не е точен.","emMmiErrorBadPin":"Стариот PUK број што го внесовте не е точен.","emMmiErrorNeedPuk2":"Внесете го PUK2 бројот за одблокирање на сим картичката.","emMmiErrorMismatchPin":"PIN броевите што ги внесовте не се исти","emMmiErrorInvalidPin":"Внесете PIN од 4 до 8 цифри","emMmiErrorNeedsPuk":"Вашата SIM картичка е PUK-заклучена","emMmiErrorEnablePin":"Неуспешно. Овозможи SIM/RUIM заклучувуање","emMmiErrorMmiFdn":"Операцијата е ограничена само на вртење предефинирани броеви","emMmiErrorStkCcUssdDial":"USSD е променето во ПОВИК барање","emMmiErrorStkCcUssdSs":"USSD е променето во барање за SS","emMmiErrorStkCcUssdUssd":"USSD е променето во ново USSD барање","emMmiErrorStkCcSsDial":"SS e променето во ПОВИК барање","emMmiErrorStkCcSsUssd":"SS е променето во USSD барање","emMmiErrorStkCcSsSs":"SS е променето во ново SS барање","emMmiErrorPinPukAttempts":{"_index":["plural","n"],"_":{"one":"Само {{ n }} обид преостанува","two":"{{ n }} преостанати обиди","few":"{{ n }} преостанати обиди","many":"{{ n }} преостанати обиди","other":"{{ n }} преостанати обиди"}},"emMmiErrorSimBlocked":"Надминат е максималниот број обиди. SIM блокирана","RadioNotAvailable":"Радиото не е достапно","GenericFailure":"Генерички неуспех","PasswordIncorrect":"Грешна лозинка","SimPin2":"SIM PIN2","SimPuk2":"SIM PUK2","RequestNotSupported":"Барањето не е поддржано","OpNotAllowedDuringVoiceCall":"Акцијата не е дозволена при говорен повик","SmsSendFailRetry":"SMS send fail retry","SimAbsent":"SIM не е присутна","SubscriptionNotAvailable":"Претплата не е достапна","ModeNotSupported":"Режим не е поддржан","FdnCheckFailure":"Неуспех на Fdn проверка","IllegalSimOrMe":"Нелегален SIM или ME","DialModifiedToUssd":"Повик променет во USSD","DialModifiedToSs":"Повик променет во SS","DialModifiedToDial":"Повик променет во повик","UssdModifiedToDial":"USSD променет во повик","UssdModifiedToSs":"USSD променет во SS","UssdModifiedToUssd":"USSD променет во USSD","SsModifiedToDial":"SS променет во повик","SsModifiedToUssd":"SS променет во USSD","SsModifiedToSs":"SS променет во SS","SubscriptionNotSupported":"Претплата не е поддржана","InvalidParameter":"Неправилен параметар","RejectedByRemote":"Одбиен од оддалеченo","conferenceCall":"Conference ({{n}})","caller-left-call":"{{ caller }} го напушти повикот.","conferenceAddError":"Не може да се спојат повиците","conferenceRemoveError":"Не може да се одвојат повиците","longDateFormat":"%A, %e %B","select-audio-sources":"Избери извори на аудио","bluetooth-handsfree-device":"Bluetooth-слушалка","receiver":"Примател","speaker":"Звучник","weekday-0-long":"Недела","weekday-1-long":"Понеделник","weekday-2-long":"Вторник","weekday-3-long":"Среда","weekday-4-long":"Четврток","weekday-5-long":"Петок","weekday-6-long":"Сабота","weekday-0-short":"Нед","weekday-1-short":"Пон","weekday-2-short":"Вто","weekday-3-short":"Сре","weekday-4-short":"Чет","weekday-5-short":"Пет","weekday-6-short":"Саб","month-0-long":"јануари","month-1-long":"февруари","month-2-long":"март","month-3-long":"април","month-4-long":"мај","month-5-long":"јуни","month-6-long":"јули","month-7-long":"август","month-8-long":"септември","month-9-long":"октомври","month-10-long":"ноември","month-11-long":"декември","month-0-genitive":"јануари","month-1-genitive":"февруари","month-2-genitive":"март","month-3-genitive":"април","month-4-genitive":"мај","month-5-genitive":"јуни","month-6-genitive":"јули","month-7-genitive":"август","month-8-genitive":"септември","month-9-genitive":"октомври","month-10-genitive":"ноември","month-11-genitive":"декември","month-0-short":"јан","month-1-short":"фев","month-2-short":"мар","month-3-short":"апр","month-4-short":"мај","month-5-short":"јун","month-6-short":"јул","month-7-short":"авг","month-8-short":"сеп","month-9-short":"окт","month-10-short":"ное","month-11-short":"дек","minutes-ago-long":{"_index":["plural","value"],"_":{"zero":"сега","one":"пред една минута","two":"пред {{value}} минути","few":"пред {{value}} минути","many":"пред {{value}} минути","other":"пред {{value}} минути"}},"hours-ago-long":{"_index":["plural","value"],"_":{"zero":"сега","one":"пред еден час","two":"пред {{value}} часа","few":"пред {{value}} часа","many":"пред {{value}} часови","other":"пред {{value}} часови"}},"days-ago-long":{"_index":["plural","value"],"_":{"zero":"денес","one":"вчера","two":"пред {{value}} дена","few":"пред {{value}} дена","many":"пред {{value}} денови","other":"пред {{value}} денови"}},"weeks-ago-long":{"_index":["plural","value"],"_":{"zero":"оваа недела","one":"минатата недела","two":"пред {{value}} недели","few":"пред {{value}} недели","many":"пред {{value}} недели","other":"пред {{value}} недели"}},"months-ago-long":{"_index":["plural","value"],"_":{"zero":"овој месец","one":"минатиот месец","two":"пред {{value}} месеци","few":"пред {{value}} месеци","many":"пред {{value}} месеци","other":"пред {{value}} месеци"}},"years-ago-long":{"_index":["plural","value"],"_":{"zero":"оваа година","one":"минатата година","two":"пред {{value}} години","few":"пред {{value}} години","many":"пред {{value}} години","other":"пред {{value}} години"}},"minutes-until-long":{"_index":["plural","value"],"_":{"zero":"сега","one":"за една минута","two":"за {{value}} минути","few":"за {{value}} минути","many":"за {{value}} минути","other":"за {{value}} минути"}},"hours-until-long":{"_index":["plural","value"],"_":{"zero":"сега","one":"за еден час","two":"за {{value}} часа","few":"за {{value}} часа","many":"за {{value}} часови","other":"за {{value}} часови"}},"days-until-long":{"_index":["plural","value"],"_":{"zero":"денес","one":"утре","two":"за {{value}} дена","few":"за {{value}} дена","many":"за {{value}} денови","other":"за {{value}} денови"}},"weeks-until-long":{"_index":["plural","value"],"_":{"zero":"оваа седмица","one":"следната седмица","two":"за {{value}} седмици","few":"за {{value}} седмици","many":"за {{value}} седмици","other":"за {{value}} седмици"}},"months-until-long":{"_index":["plural","value"],"_":{"zero":"овој месец","one":"следниот месец","two":"за {{value}} месеци","few":"за {{value}} месеци","many":"за {{value}} месеци","other":"за {{value}} месеци"}},"years-until-long":{"_index":["plural","value"],"_":{"zero":"оваа година","one":"следната година","two":"за {{value}} години","few":"за {{value}} години","many":"за {{value}} години","other":"за {{value}} години"}},"minutes-ago-short":{"_index":["plural","value"],"_":{"zero":"сега","other":"пред {{value}}m"}},"hours-ago-short":{"_index":["plural","value"],"_":{"zero":"сега","other":"пред {{value}}h"}},"days-ago-short":{"_index":["plural","value"],"_":{"zero":"денес","other":"пред {{value}}d"}},"minutes-until-short":{"_index":["plural","value"],"_":{"zero":"сега","other":"за {{value}}m"}},"hours-until-short":{"_index":["plural","value"],"_":{"zero":"сега","other":"за {{value}}h"}},"days-until-short":{"_index":["plural","value"],"_":{"zero":"денес","other":"за {{value}}d"}},"incorrectDate":"(неточен датум)","dateTimeFormat_%c":"%a %b %e %Y %H:%M:%S","dateTimeFormat_%x":"%d/%m/%Y","dateTimeFormat_%X":"%H:%M:%S","shortTimeFormat":"%H:%M","shortDateTimeFormat":"%x %H:%M","weekStartsOnMonday":"1","time_am":"AM","time_pm":"PM","label":"Label","mobile":"Mobile","home":"Home","work":"Work","personal":"Personal","faxHome":"Fax home","faxOffice":"Fax office","faxOther":"Fax other","another":"Another","other":"Other","customTag":{"placeholder":"Custom tag"},"current":"Current","itemWithLabel":"{{label}}, {{item}}"}