{"callAirplaneModeMessage":"Untuk membuat panggilan anda perlu matikan mod pesawat pada tetapan.","callAirplaneModeBtnOk":"OK","callAirplaneModeTitle":"Mod pesawat diaktifkan","numberIsBusyTitle":"Nombor sedang sibuk","numberIsBusyMessage":"Nombor sedang sibuk. Sila cuba lagi kemudian.","fdnIsActiveTitle":"FDN aktif","fdnIsActiveMessage":"FDN (Fixed Dialing Numbers) is activated and the following number is not in your FDN list: {{ number }}","voiceMail":"Mel suara","emergencyNumber":"Nombor kecemasan","emergencyDialogBodyBadNumber":"Untuk membuat panggilan, telefon mesti disambungkan ke rangkaian.","emergencyDialogBodyDeviceNotAccepted":"Panggilan kecemasan tidak dibenarkan oleh rangkaian.","emergencyDialogBtnOk":"OK","emergencyDialogTitle":"Tiada sambungan rangkaian","invalidNumberToDialTitle":"Nombor telefon tidak sah","invalidNumberToDialMessage":"Nombor telefon yang anda dail tidak sah.","unableToCallTitle":"Tidak dapat membuat panggilan telefon sekarang","unableToCallMessage":"Tidak dapat membuat panggilan. Jika anda sedang mendail, sila letakkan dahulu.","otherConnectionInUseTitle":"SIM{{ n }}","otherConnectionInUseMessage":"Anda mempunyai panggilan aktif pada sambungan yang lain. Anda hanya boleh menggunakan satu sambungan pada satu masa.","addNewNumber":"Tambah nombor baru","addToExistingContact":"Tambah kepada kenalan sedia ada","all":{"_":"Semua","ariaLabel":"Semua"},"callLog":"Log panggilan","callLogEdit":{"title":"Sunting log panggilan"},"callLogEditDialog":{"ariaLabel":"Sunting dialog log panggilan"},"connecting":"Menyambungkan","cf-async":"Asynchronous: {{ async }}\\n","cf-data":"Data: {{ data }}\\n","cf-error":"Ralat berlaku ketika menerima status panggilan teraju ","cf-fax":"FAX: {{ fax }}\\n","cf-inactive":"Tidak aktif","cf-packet":"Paket: {{ paket }}\\n","cf-pad":"PAD: {{ pad }}\\n","cf-sms":"SMS: {{ sms }}\\n","cf-status":"Status panggilan teraju\\n","cf-sync":"Synchronous: {{ sync }}\\n","cf-voice":"Suara: {{ voice }}\\n","close":"Tutup","confirm-deletion":"Lapangkan panggilan yang dipilih?","contacts":{"ariaLabel":"Kenalan"},"createNewContact":"Cipta kenalan baru","delete":"Delete","deselectAll":"Nyahpilih semua","dialerAddContact":{"ariaLabel":"Tambah kenalan"},"dialerAddContactDialog":{"ariaLabel":"Tambah Dialog Kenalan"},"edit-selected":{"_index":["plural","n"],"_":{"one":"{{ n }} dipilih","two":"{{ n }} dipilih","few":"{{ n }} dipilih","many":"{{ n }} dipilih","other":"{{ n }} dipilih"}},"edit":"Sunting","hideKeypad":{"ariaLabel":"Sorok papan kekunci"},"ignore":"Abaikan Panggilan","incoming":"Masuk","keypad":{"ariaLabel":"Papan kekunci"},"makeCall":{"ariaLabel":"Buat panggilan"},"merge":"Cantum","missed":{"_":"Missed","ariaLabel":"Missed"},"missedCall":"Terlepas panggilan","missedCallMultiSims":"(SIM {{ n }}) Panggilan terlepas","mmi-error":"Ralat berlaku semasa menghantar mesej","mmi-session-expired":"Sesi tamat","mmi-successfully-sent":"Mesej berjaya dihantar","mmi-notification-title-with-sim":"({{sim}}) {{title}}","mute":{"ariaLabel":"Senyap"},"newCall":{"ariaLabel":"Panggilan baru"},"no-logs-msg-1":"Tiada panggilan yang direkodkan","no-logs-msg-2":"Mula berkomunikasi sekarang","no-logs-msg-3":"Tiada panggilan tidak dijawab","recents":{"ariaLabel":"Panggilan terbaru"},"reply":"Balas","selectAll":"Pilih semua","send":"Hantar","switch-calls":"Tukar panggilan","today":"Hari ini","withheld-number":"Nombor rahsia","from-contact":"Dari {{ contact }}","from-number":"Dari {{ number }}","from-withheld-number":"Dari nombor rahsia","yesterday":"Semalam","sending":"Menghantar…","speakerOption":{"ariaLabel":"Pembesar suara"},"ussd-services":"{{ operator }} perkhidmatan","toggleKeypad":{"ariaLabel":"Togol pad kekunci"},"type-your-response":{"placeholder":"Taipkan respon anda..."},"clear-all-text":"Padam semua teks","hide":"Sorok","call":"Panggil","hold":{"ariaLabel":"Tunggu"},"resume":{"_":"Resume","ariaLabel":"Resume"},"sendSms":"Hantar Mesej","callEnded":"Panggilan Ditamatkan","via-sim":"via SIM{{ n }}","sim-number":"SIM{{ n }}","hangup-a11y-button":{"ariaLabel":"Letak Gagang"},"pickup-a11y-button":{"ariaLabel":"Angkat"},"unlock-a11y-button":{"ariaLabel":"Gelangsar"},"roaming":"{{operator}} (Roaming)","settings":"Tetapan","delete-n-log?":{"_index":["plural","n"],"_":{"zero":"Tiada yang dipilih","one":"Hapus log yang dipilih?","two":"Hapus {{ n }} log?","few":"Hapus {{ n }} log?","many":"Hapus {{ n }} log?","other":"Hapus {{ n }} log?"}},"callDurationMinutes":"{{ m }}:{{ s }}","callDurationHours":"{{ h }}:{{ m }}:{{ s}}","suggestionMatches":{"_index":["plural","n"],"_":{"one":"{{ n }} padanan untuk \"{{ matchNumber }}\"","two":"{{ n }} padanan untuk \"{{ matchNumber }}\"","few":"{{ n }} padanan untuk \"{{ matchNumber }}\"","many":"{{ n }} padanan untuk \"{{ matchNumber }}\"","other":"{{ n }} padanan untuk \"{{ matchNumber }}\""}},"scCallBarring":"Menyekat panggilan","scCallForwarding":"Mengajukan panggilan","scClip":"ID Pemanggil Masuk","scClir":"ID Pemanggil Keluar","scPwd":"Tukar kata laluan","scCallWaiting":"Panggilan menunggu","scPin":"Tukar PIN","scPin2":"Tukar PIN2","scPuk":"Nyahsekat PIN","scPuk2":"Nyahsekat PIN2","scImei":"IMEI","scUssd":"USSD","serviceClassVoice":"Suara","serviceClassData":"Data","serviceClassFax":"FAKS","serviceClassSms":"SMS","serviceClassDataSync":"Sync","serviceClassDataAsync":"Async","serviceClassPacket":"Paket","serviceClassPad":"PAD","smServiceEnabled":"Servis telah dibolehkan","smServiceDisabled":"Servis telah dilumpuhkan","smServiceRegistered":"Pendaftaran telah berjaya","smServiceErased":"Pemadaman telah berjaya","smServiceInterrogated":"Permintaan telah berjaya","smServiceNotProvisioned":"Servis tidak diperuntukkan","smClirPermanent":"Anda tidak boleh menukar tetapan ID pemanggil","smClirDefaultOnNextCallOn":"ID pemanggil secara lalainya dihadkan. Panggilan seterusnya: Terhad","smClirDefaultOnNextCallOff":"ID pemanggil secara lalainya dihadkan. Panggilan seterusnya: Tidak terhad","smClirDefaultOffNextCallOn":"ID pemanggil secara lalainya tidak terhad. Panggilan seterusnya: Terhad","smClirDefaultOffNextCallOff":"ID pemanggil secara lalainya tidak terhad. Panggilan seterusnya: Tidak terhad","smServiceEnabledFor":"Servis telah dihidupkan untuk:","smPinChanged":"PIN berjaya diubah","smPinUnblocked":"PIN berjaya dinyahsekat","smPin2Changed":"PIN2 berjaya diubah","smPin2Unblocked":"PIN2 berjaya dinyahsekat","ServiceIsEnabled":"Service is enabled","ServiceIsDisabled":"Service is disabled","ServiceIsEnabledFor":"Service is enabled for:","emMmiError":"Masalah sambungan atau kod MMI tidak sah","emMmiErrorPasswordIncorrect":"Katalaluan Salah","emMmiErrorNotSupported":"Kod MMI Tidak Sah atau Tidak Disokong","emMmiErrorInvalidAction":"Tindakan yang tidak sah","emMmiErrorInvalidScCode":"Kod servis tidak sah","emMmiErrorBadPuk":"PUK yang anda taip tidak betul","emMmiErrorBadPin":"PIN lama yang anda taip tidak betul.","emMmiErrorNeedPuk2":"Taip PUK2 untuk nyahsekat kad SIM","emMmiErrorMismatchPin":"PIN yang ada taip tidak sepadan","emMmiErrorInvalidPin":"Taip PIN yang terdiri dari 4 ke 8 angka","emMmiErrorNeedsPuk":"Kad SIM anda dikunci dengan PUK","emMmiErrorEnablePin":"Tidak berjaya. Hidupkan SIM/RUIM LOCK","emMmiErrorMmiFdn":"Operasi dihadkan kepada nombor dailan tetap sahaja","emMmiErrorStkCcUssdDial":"Permintaan USSD telah diubahsuai kepada permintaan DIAL","emMmiErrorStkCcUssdSs":"Permintaan USSD telah diubahsuai kepada permintaan SS","emMmiErrorStkCcUssdUssd":"Permintaan USSD telah diubahsuai kepada permintaan USSD baru","emMmiErrorStkCcSsDial":"Permintaan SS telah diubahsuai kepada permintaan DIAL","emMmiErrorStkCcSsUssd":"Permintaan SS telah diubahsuai kepada permintaan USSD","emMmiErrorStkCcSsSs":"Permintaan SS telah diubahsuai kepada permintaan SS baru","emMmiErrorPinPukAttempts":{"_index":["plural","n"],"_":{"one":"Hanya {{ n }} cubaan berbaki","two":"{{ n }} cubaan berbaki","few":"{{ n }} cubaan berbaki","many":"{{ n }} cubaan berbaki","other":"{{ n }} cubaan berbaki"}},"emMmiErrorSimBlocked":"Bilangan maksimum cubaan semula telah terlebih. SIM disekat","RadioNotAvailable":"Radio tidak tersedia","GenericFailure":"Kegagalan generik","PasswordIncorrect":"Katalaluan salah","SimPin2":"SIM PIN2","SimPuk2":"SIM PUK2","RequestNotSupported":"Permintaan tidak disokong","OpNotAllowedDuringVoiceCall":"Operasi tidak dibenarkan semasa panggilan suara","SmsSendFailRetry":"Cubaan semula menghantar SMS yang gagal","SimAbsent":"Tiada SIM","SubscriptionNotAvailable":"Langganan tidak tersedia","ModeNotSupported":"Mod tidak disokong","FdnCheckFailure":"Pemeriksaan Fdn gagal","IllegalSimOrMe":"SIM atau ME yang tidak sah","DialModifiedToUssd":"Dial diubahsuai kepada USSD","DialModifiedToSs":"Dial diubahsuai kepada SS","DialModifiedToDial":"Dial diubahsuai kepada dial","UssdModifiedToDial":"USSD diubahsuai kepada dial","UssdModifiedToSs":"USSD diubahsuai kepada SS","UssdModifiedToUssd":"USSD diubahsuai kepada USSD","SsModifiedToDial":"SS diubahsuai kepada dial","SsModifiedToUssd":"SS diubahsuai kepada USSD","SsModifiedToSs":"SS diubahsuai kepada SS","SubscriptionNotSupported":"Langganan tidak disokong","InvalidParameter":"Parameter tidak sah","RejectedByRemote":"Dihalang oleh jauh","conferenceCall":"Conference ({{n}})","caller-left-call":"{{ caller }} telah meninggalkan panggilan.","conferenceAddError":"Tidak dapat mencantumkan penggilan","conferenceRemoveError":"Unable to unmerge calls","longDateFormat":"%A, %B %e","select-audio-sources":"Pilih sumber audio","bluetooth-handsfree-device":"Peranti bebas tangan bluetooth","receiver":"Penerima","speaker":"Pembesar suara","weekday-0-long":"Ahad","weekday-1-long":"Isnin","weekday-2-long":"Selasa","weekday-3-long":"Rabu","weekday-4-long":"Khamis","weekday-5-long":"Jumaat","weekday-6-long":"Sabtu","weekday-0-short":"Ahad","weekday-1-short":"Isnin","weekday-2-short":"Selasa","weekday-3-short":"Rabu","weekday-4-short":"Khamis","weekday-5-short":"Jumaat","weekday-6-short":"Sabtu","month-0-long":"Januari","month-1-long":"Februari","month-2-long":"Mac","month-3-long":"April","month-4-long":"Mei","month-5-long":"Jun","month-6-long":"Julai","month-7-long":"Ogos","month-8-long":"September","month-9-long":"Oktober","month-10-long":"November","month-11-long":"Disember","month-0-genitive":"Januari","month-1-genitive":"Februari","month-2-genitive":"Mac","month-3-genitive":"April","month-4-genitive":"Mei","month-5-genitive":"Jun","month-6-genitive":"Julai","month-7-genitive":"Ogos","month-8-genitive":"September","month-9-genitive":"Oktober","month-10-genitive":"November","month-11-genitive":"Disember","month-0-short":"Jan","month-1-short":"Feb","month-2-short":"Mac","month-3-short":"Apr","month-4-short":"Mei","month-5-short":"Jun","month-6-short":"Jul","month-7-short":"Ogos","month-8-short":"Sep","month-9-short":"Okt","month-10-short":"Nov","month-11-short":"Dis","minutes-ago-long":{"_index":["plural","value"],"_":{"zero":"sebentar tadi","one":"satu minit lalu","two":"{{value}} minit lalu","few":"{{value}} minit lalu","many":"{{value}} minit lalu","other":"{{value}} minit lalu"}},"hours-ago-long":{"_index":["plural","value"],"_":{"zero":"sebentar tadi","one":"sejam yang lalu","two":"{{value}} jam lalu","few":"{{value}} jam lalu","many":"{{value}} jam lalu","other":"{{value}} jam lalu"}},"days-ago-long":{"_index":["plural","value"],"_":{"zero":"hari ini","one":"semalam","two":"{{value}} hari lalu","few":"{{value}} hari lalu","many":"{{value}} hari lalu","other":"{{value}} hari lalu"}},"weeks-ago-long":{"_index":["plural","value"],"_":{"zero":"minggu ini","one":"minggu lalu","two":"{{value}} minggu lalu","few":"{{value}} minggu lalu","many":"{{value}} minggu lalu","other":"{{value}} minggu lalu"}},"months-ago-long":{"_index":["plural","value"],"_":{"zero":"bulan ini","one":"bulan lalu","two":"{{value}} bulan lalu","few":"{{value}} bulan lalu","many":"{{value}} minit lalu","other":"{{value}} minit lalu"}},"years-ago-long":{"_index":["plural","value"],"_":{"zero":"tahun ini","one":"tahun lalu","two":"{{value}} tahun lalu","few":"{{value}} tahun lalu","many":"{{value}} tahun lalu","other":"{{value}} tahun lalu"}},"minutes-until-long":{"_index":["plural","value"],"_":{"zero":"sekarang","one":"dalam satu minit","two":"dalam {{value}} minit","few":"dalam {{value}} minit","many":"dalam {{value}} minit","other":"dalam {{value}} minit"}},"hours-until-long":{"_index":["plural","value"],"_":{"zero":"sekarang","one":"dalam satu jam","two":"dalam {{value}} jam","few":"dalam {{value}} jam","many":"dalam {{value}} jam","other":"dalam {{value}} jam"}},"days-until-long":{"_index":["plural","value"],"_":{"zero":"hari ini","one":"esok","two":"dalam {{value}} hari","few":"dalam {{value}} hari","many":"dalam {{value}} hari","other":"dalam {{value}} hari"}},"weeks-until-long":{"_index":["plural","value"],"_":{"zero":"minggu ini","one":"minggu depan","two":"dalam {{value}} minggu","few":"dalam {{value}} minggu","many":"dalam {{value}} minggu","other":"dalam {{value}} minggu"}},"months-until-long":{"_index":["plural","value"],"_":{"zero":"bulan ini","one":"bulan depan","two":"dalam {{value}} bulan","few":"dalam {{value}} bulan","many":"dalam {{value}} bulan","other":"dalam {{value}} bulan"}},"years-until-long":{"_index":["plural","value"],"_":{"zero":"tahun ini","one":"tahun depan","two":"dalam {{value}} tahun","few":"dalam {{value}} tahun","many":"dalam {{value}} tahun","other":"dalam {{value}} tahun"}},"minutes-ago-short":{"_index":["plural","value"],"_":{"zero":"sebentar tadi","other":"{{value}} minit lalu"}},"hours-ago-short":{"_index":["plural","value"],"_":{"zero":"sebentar tadi","other":"{{value}} jam lalu"}},"days-ago-short":{"_index":["plural","value"],"_":{"zero":"hari ini","other":"{{value}} hari lalu"}},"minutes-until-short":{"_index":["plural","value"],"_":{"zero":"sekarang","other":"dalam {{value}} minit"}},"hours-until-short":{"_index":["plural","value"],"_":{"zero":"sekarang","other":"dalam {{value}} jam"}},"days-until-short":{"_index":["plural","value"],"_":{"zero":"hari ini","other":"dalam {{value}} hari"}},"incorrectDate":"(tarikh tidak betul)","dateTimeFormat_%c":"%a %b %e %Y %I:%M:%S %p","dateTimeFormat_%x":"%m/%d/%Y","dateTimeFormat_%X":"%I:%M:%S %p","shortTimeFormat":"%I:%M %p","shortDateTimeFormat":"%x %I:%M %p","weekStartsOnMonday":"0","time_am":"PG","time_pm":"PTG","label":"Label","mobile":"Mobile","home":"Home","work":"Work","personal":"Personal","faxHome":"Fax home","faxOffice":"Fax office","faxOther":"Fax other","another":"Another","other":"Other","customTag":{"placeholder":"Custom tag"},"current":"Current","itemWithLabel":"{{label}}, {{item}}"}