{"callAirplaneModeMessage":"कल गर्नको लागि तपाईले सेटिङमा गएर उडान शैली अक्षम पार्नुपर्नेछ।","callAirplaneModeBtnOk":"ठीक छ","callAirplaneModeTitle":"उडान शैली सक्रिय भयो","numberIsBusyTitle":"नम्बर व्यस्त छ","numberIsBusyMessage":"नम्बर अहिले व्यस्त छ । पछि पुन: प्रयास गर्नु होला ।","fdnIsActiveTitle":"FDN सक्रिय छ","fdnIsActiveMessage":"FDN (Fixed Dialing Numbers) is activated and the following number is not in your FDN list: {{ number }}","voiceMail":"वाच्य इमेल","emergencyNumber":"आपत्कालिन नम्बर","emergencyDialogBodyBadNumber":"कल गर्नको लागि, फोन कुनै सञ्जालसङ्ग जडान हुनुपर्छ।","emergencyDialogBodyDeviceNotAccepted":"आपातकालीन कलहरु गर्न सञ्जालले अनुमति दिएकोछैन।","emergencyDialogBtnOk":"ठीक छ","emergencyDialogTitle":"सञ्जाल जडान छैन","invalidNumberToDialTitle":"अमान्य फोन नम्बर","invalidNumberToDialMessage":"तपाईले कल गरिराख्नु भएको फोन नम्बर मान्य छैन।","unableToCallTitle":"अहिले फोन कल गर्न असक्षम","unableToCallMessage":"फोन कल गर्न मिलेन। यदि तपाईले पाहिला देखि नै डायल गारिराख्नुभाएको छ भने, कृपया पहिला ह्याङ्ग अप गर्नुहोस्।","otherConnectionInUseTitle":"प्रयोगमा भएको अन्य जडान","otherConnectionInUseMessage":"तपाईंको अर्को जडानमा एउटा सक्रिय कल छ । तपाईं एक समयमा मात्र एउटा जडान प्रयोग गर्न सक्नुहुन्छ।","addNewNumber":"नयाँ नम्बर थप्नुहोस्","addToExistingContact":"अवस्थित सम्पर्कमा थप्नुहोस्","all":{"_":"All","ariaLabel":"All"},"callLog":"कल लग","callLogEdit":{"title":"Edit call log"},"callLogEditDialog":{"ariaLabel":"Edit call log dialog"},"connecting":"जडान हुँदैछ","cf-async":"Asynchronous: {{ async }}\\n","cf-data":"डाटा: {{ data }}\\n","cf-error":"कल फरवार्डको स्थिति पाउन खोज्दा त्रुटि भयो","cf-fax":"FAX: {{ fax }}\\n","cf-inactive":"निस्क्रिय","cf-packet":"Packet: {{ packet }}\\n","cf-pad":"PAD: {{ pad }}\\n","cf-sms":"SMS: {{ sms }}\\n","cf-status":"कल फर्वार्डको स्थिति\\n","cf-sync":"Synchronous: {{ sync }}\\n","cf-voice":"Voice: {{ voice }}\\n","close":"Close","confirm-deletion":"चयन गरिएको कल हटाउनुहुन्छ?","contacts":{"ariaLabel":"Contacts"},"createNewContact":"एउटा नयाँ सम्पर्क सिर्जना गर्नुहोस्","delete":"Delete","deselectAll":"सबै चयन गारिएको हटाउनुहोस्","dialerAddContact":{"ariaLabel":"Add contact"},"dialerAddContactDialog":{"ariaLabel":"Add Contact Dialog"},"edit-selected":{"_index":["plural","n"],"_":{"one":"{{ n }}वटा चयन गरिएको","two":"{{ n }}वटा चयन गरिएको","few":"{{ n }} वटा चयन गरिएको","many":"{{ n }} वटा चयन गरिएको","other":"{{ n }} वटा चयन गरिएको"}},"edit":"सम्पादन गर्नुहोस्","hideKeypad":{"ariaLabel":"Hide keypad"},"ignore":"कल वेवास्ता गर्नुहोस्","incoming":"आगमन","keypad":{"ariaLabel":"Keypad"},"makeCall":{"ariaLabel":"Make call"},"merge":"Merge","missed":{"_":"Missed","ariaLabel":"Missed"},"missedCall":"छुटेको कल","missedCallMultiSims":"(SIM {{ n }}) छुटेका कल","mmi-error":"सन्देश पठाउँदै गर्दा त्रुटि भयो","mmi-session-expired":"सत्र समाप्त","mmi-successfully-sent":"सन्देश सफलतापूर्व पठाइयो","mmi-notification-title-with-sim":"({{sim}}) {{title}}","mute":{"ariaLabel":"Mute"},"newCall":{"ariaLabel":"New call"},"no-logs-msg-1":"कुनै कल रेकर्ड गरिएको छैन","no-logs-msg-2":"संचार अहिले सुरु गर्दै","no-logs-msg-3":"छुट कलहरु छैन","recents":{"ariaLabel":"Recent calls"},"reply":"जवाफ पठाउनुहोस्","selectAll":"सबै चयन गर्नुहोस्","send":"पठाउनुहोस्","switch-calls":"बोलावटहरू स्विच गर्नुहोस्","today":"आज","withheld-number":"रोक लगाईएको नम्बर","from-contact":"{{ contact }}बाट","from-number":"{{ number }}बाट","from-withheld-number":"रोक लगाईएको नम्बरबाट","yesterday":"हिजो","sending":"पठाउँदै...","speakerOption":{"ariaLabel":"Speaker"},"ussd-services":"{{ operator }} सुबिधाहरु","toggleKeypad":{"ariaLabel":"Toggle keypad"},"type-your-response":{"placeholder":"तपाईँको प्रतिक्रिया लेख्नुहोस्..."},"clear-all-text":"सबै पाठ मेटाउनुहोस्","hide":"लुकाउनुहोस्","call":"कल गर्नुहोस्","hold":{"ariaLabel":"समाउनुहोस्"},"resume":{"_":"Resume","ariaLabel":"Resume"},"sendSms":"सन्देश पठाउनुहोस्","callEnded":"कल समाप्त भयो","via-sim":"SIM मार्फत{{ n }}","sim-number":"SIM{{ n }}","hangup-a11y-button":{"ariaLabel":"ह्याङ अप"},"pickup-a11y-button":{"ariaLabel":"उठानोउस"},"unlock-a11y-button":{"ariaLabel":"स्लाइडर"},"roaming":"{{operator}} (Roaming)","settings":"सेटिङहरू","delete-n-log?":{"_index":["plural","n"],"_":{"zero":"केहि चयन गरिएको छैन","one":"चयन गरिएको नोडहरू मेटाउने हो?","two":"{{ n }} लगहरु मेटाउनु हुन्छ ?","few":"{{ n }} लगहरु मेटाउनुहुन्छ?","many":"{{ n }} लगहरु मेटाउनुहुन्छ?","other":"{{ n }} लगहरु मेटाउनुहुन्छ?"}},"callDurationMinutes":"{{ m }}:{{ s }}","callDurationHours":"{{ h }}:{{ m }}:{{ s}}","suggestionMatches":{"_index":["plural","n"],"_":{"one":"\"{{ matchNumber }}\"का लागि {{ n }} वटा जोडा","two":"\"{{ matchNumber }}\"का लागि {{ n }} वटा जोडाहरु","few":"\"{{ matchNumber }}\"का लागि {{ n }} वटा जोडाहरु","many":"\"{{ matchNumber }}\"का लागि {{ n }} वटा जोडाहरु","other":"\"{{ matchNumber }}\"का लागि {{ n }} वटा जोडाहरु"}},"scCallBarring":"अपवाद कल","scCallForwarding":"कल पठाउँदै","scClip":"आगमन कलर आईडी","scClir":"बाह्यगमन कलर आईडी","scPwd":" पासवर्ड परिवर्तन","scCallWaiting":"कल प्रतिक्षा","scPin":"PIN परिवर्तन","scPin2":"PIN2 परिवर्तन","scPuk":"PIN बाधा हटाउनु","scPuk2":"PIN2 बाधा हटाउनुहोस्","scImei":"IMEI","scUssd":"USSD","serviceClassVoice":"स्वर","serviceClassData":"डाटा","serviceClassFax":"फ्याक्स","serviceClassSms":"एसएमएस","serviceClassDataSync":"सिन्क्रोनाइज","serviceClassDataAsync":"असक्रमित","serviceClassPacket":"प्याकेट","serviceClassPad":"PAD","smServiceEnabled":"सेवा सक्षम पारियो","smServiceDisabled":" सेवा अक्षम भएको छ।","smServiceRegistered":"दर्ता सफल भएको छ।","smServiceErased":"मेट्ने काम सफल भयो।","smServiceInterrogated":"तपाईको अनुरोध सफल भयो।","smServiceNotProvisioned":"सेवा लिइएको छैन","smClirPermanent":"तपाईले कलर आइडि सेटिङ्ग परिर्वतन गर्न मिल्दैन","smClirDefaultOnNextCallOn":"पूर्वनिर्धारित कलर आइडि निशेधित। पछिल्लो कल: निशेधित","smClirDefaultOnNextCallOff":"पूर्वनिर्धारित कलर आइडि निशेधित। पछिल्लो कल: निशेधित नगरिएको","smClirDefaultOffNextCallOn":"पूर्वनिर्धारित कलर आइडि निशेधित नगरिएको। पछिल्लो कल: निशेधित","smClirDefaultOffNextCallOff":"पूर्वनिर्धारित कलर आइडि निशेधित नगरिएको। पछिल्लो कल: निशेधित नगरिएको","smServiceEnabledFor":"सेवा यसका लागि सक्षम पारियो:","smPinChanged":"PIN सफलतापूर्वक परिवर्तन भयो","smPinUnblocked":"PIN सफलतापूर्वक अनब्लक भयो","smPin2Changed":"PIN२ सफलतापूर्वक परिवर्तन भयो","smPin2Unblocked":"PIN२ सफलतापूर्वक अनब्लक भयो","ServiceIsEnabled":"Service is enabled","ServiceIsDisabled":"Service is disabled","ServiceIsEnabledFor":"Service is enabled for:","emMmiError":"जडानमा समस्या वा अवैध MMI कोड","emMmiErrorPasswordIncorrect":"गलत पासवर्ड","emMmiErrorNotSupported":"अवैध वा असमर्थित MMI कोड","emMmiErrorInvalidAction":"रद्ध रोजाइ","emMmiErrorInvalidScCode":"रद्ध सेवा कोड","emMmiErrorBadPuk":"ेतपाईले लेख्नु भएको PUK गलत भयो।","emMmiErrorBadPin":"तपाईले लेख्नु भएको पुरानो PIN सहि छैन।","emMmiErrorNeedPuk2":"PUK2 लेखि सिम कार्डको रोक हटाउनु होस्।","emMmiErrorMismatchPin":"तपाईले लेख्नु भएको PIN हरु मेल खाएन।","emMmiErrorInvalidPin":"४ देखि ८ अङ्कको PIN लेख्नु होस्।","emMmiErrorNeedsPuk":"तपाईँको सिम कार्ड PUK-ताल्चा लागेको छ","emMmiErrorEnablePin":"असफल। SIM/RUIM LOCK सक्षम पार्नुहोस्","emMmiErrorMmiFdn":"सञ्चालन स्थिर डायल सङ्ख्याहरुका लागि मात्र रोक लगाईएकोछ","emMmiErrorStkCcUssdDial":"USSD अनुरोध DIAL अनुरोधमा परिमाजन गरियो","emMmiErrorStkCcUssdSs":"USSD अनुरोध SS अनुरोधमा परिमाजन गरियो","emMmiErrorStkCcUssdUssd":"USSD अनुरोध नयाँ USSD अनुरोधमा परिमाजन गरियो","emMmiErrorStkCcSsDial":"SS अनुरोध DIAL अनुरोधमा परिमाजन गरियो","emMmiErrorStkCcSsUssd":"SS अनुरोध USSD अनुरोधमा परिमाजन गरियो","emMmiErrorStkCcSsSs":"SS अनुरोध नयाँ SS अनुरोधमा परिमाजन गरियो","emMmiErrorPinPukAttempts":{"_index":["plural","n"],"_":{"one":"{{ n }} कोसिस मात्र बाँकी","two":"{{ n }} कोसिसहरु बाँकी","few":"{{ n }} कोसिसहरु बाँकी","many":"{{ n }} कोसिसहरु बाँकी","other":"{{ n }} कोसिसहरु बाँकी"}},"emMmiErrorSimBlocked":"अधिकतम पुन: प्रयास सङ्ख्याले सीमा नाघ्यो।SIM रोकियो","RadioNotAvailable":"रेडियो उपलब्ध छैन","GenericFailure":"साधारण विफल","PasswordIncorrect":"गलत पासवर्ड","SimPin2":"SIM PIN२","SimPuk2":"SIM PUK२","RequestNotSupported":"अनुरोध असमर्थित","OpNotAllowedDuringVoiceCall":"वाच्य कलका बेला सञ्चालन अनुमति नदिईएको","SmsSendFailRetry":"SMS पठाउन असफल पुन: प्रयास गर्नुहोस्","SimAbsent":"SIM अनुपस्थित","SubscriptionNotAvailable":"सदस्यता उपलब्ध छैन","ModeNotSupported":"शैली समर्थित छैन","FdnCheckFailure":"Fdn जाँच विफल","IllegalSimOrMe":"अवैध SIM वा ME","DialModifiedToUssd":"डायल USSDमा परिमार्जित गरियो","DialModifiedToSs":"डायल SSमा परिमार्जित गरियो","DialModifiedToDial":"डायल डायलमा परिमार्जित गरियो","UssdModifiedToDial":"USSD डायलमा परिमार्जित गरियो","UssdModifiedToSs":"USSD SSमा परिमार्जित गरियो","UssdModifiedToUssd":"USSD USSDमा परिमार्जित गरियो","SsModifiedToDial":"डायल SSमा परिमार्जित गरियो","SsModifiedToUssd":"USSD SSमा परिमार्जित गरियो","SsModifiedToSs":"SS SSमा परिमार्जित गरियो","SubscriptionNotSupported":"सदस्यता समर्थित छैन","InvalidParameter":"अवैध परामिति","RejectedByRemote":"प्रतिकरणद्वारा अस्वीकार","conferenceCall":"Conference ({{n}})","caller-left-call":"{{ caller }} ले कल छोडेको छ।","conferenceAddError":"कलहरु मिलाउन असमर्थ","conferenceRemoveError":"कलहरु नमिलाउन असमर्थ","longDateFormat":"%A, %B %e","select-audio-sources":"श्रवनस्रोत चयन गर्नुहोस्","bluetooth-handsfree-device":"ब्लुटुथ स्वतन्त्र यन्त्र हो","receiver":"प्रप्तिकर्ता","speaker":"Speaker","weekday-0-long":"आइतबार","weekday-1-long":"सोमबार","weekday-2-long":"मंगलबार","weekday-3-long":"बुधबार","weekday-4-long":"बिहिबार","weekday-5-long":"शुक्रबार","weekday-6-long":"शनिबार","weekday-0-short":"आइत","weekday-1-short":"सोम","weekday-2-short":"मङ्गल","weekday-3-short":"बुध","weekday-4-short":"बिहि","weekday-5-short":"शुक्र","weekday-6-short":"शनि","month-0-long":"जनवरी","month-1-long":"फेब्रुअरी","month-2-long":"ंमार्च","month-3-long":"अप्रिल","month-4-long":"मे","month-5-long":"जुन","month-6-long":"जुलाई","month-7-long":"अगस्ट","month-8-long":"सेप्टेम्बर","month-9-long":"अक्टोबर","month-10-long":"नोभेम्बर","month-11-long":"डिसेम्बर","month-0-genitive":"जनवरी","month-1-genitive":"फेब्रुअरी","month-2-genitive":"ंमार्च","month-3-genitive":"अप्रिल","month-4-genitive":"मे","month-5-genitive":"जुन","month-6-genitive":"जुलाई","month-7-genitive":"अगस्ट","month-8-genitive":"सेप्टेम्बर","month-9-genitive":"अक्टोबर","month-10-genitive":"नोभेम्बर","month-11-genitive":"डिसेम्बर","month-0-short":"जन","month-1-short":"फेब","month-2-short":"मार्च","month-3-short":"अप्रिल","month-4-short":"मे","month-5-short":"जुन","month-6-short":"जुलाई","month-7-short":"अगस्ट","month-8-short":"सेप्टेम्वर","month-9-short":"अक्टुवर","month-10-short":"नोभेम्वर","month-11-short":"डिसेम्वर","minutes-ago-long":{"_index":["plural","value"],"_":{"zero":"भर्खरै","one":"एक मिनेट अगाडि","two":"{{value}} मिनेट अगाडि","few":"{{value}} मिनेट अगाडि","many":"{{value}} मिनेट अगाडि","other":"{{value}} मिनेट अगाडि"}},"hours-ago-long":{"_index":["plural","value"],"_":{"zero":"भर्खरै","one":"एक घन्टा अगाडि","two":"{{value}} घण्टा अगाडि","few":"{{value}} घण्टा अगाडि","many":"{{value}} घण्टा अगाडि","other":"{{value}} घण्टा अगाडि"}},"days-ago-long":{"_index":["plural","value"],"_":{"zero":"आज","one":"हिजो","two":"{{value}} दिन अगाडि","few":"{{value}} दिन अगाडि","many":"{{value}} दिन अगाडि","other":"{{value}} दिन अगाडि"}},"weeks-ago-long":{"_index":["plural","value"],"_":{"zero":"यो हप्ता","one":"गएको हप्ता","two":"{{value}} हप्ता अगाडि","few":"{{value}} हप्ता अगाडि","many":"{{value}} हप्ता अगाडि","other":"{{value}} हप्ता अगाडि"}},"months-ago-long":{"_index":["plural","value"],"_":{"zero":"यो महिना","one":"गएको महिना","two":"{{value}} महिना अगाडि","few":"{{value}} महिना अगाडि","many":"{{value}} महिना अगाडि","other":"{{value}} महिना अगाडि"}},"years-ago-long":{"_index":["plural","value"],"_":{"zero":"यो वर्ष","one":"अघिल्लो वर्ष","two":"{{value}} वर्ष अगाडि","few":"{{value}} वर्ष अगाडि","many":"{{value}} वर्ष अगाडि","other":"{{value}} वर्ष अगाडि"}},"minutes-until-long":{"_index":["plural","value"],"_":{"zero":"अहिले","one":"एक मिनेटमा","two":"{{value}} मिनेटमा","few":"{{value}} मिनेटमा","many":"{{value}} मिनेटमा","other":"{{value}} मिनेटमा"}},"hours-until-long":{"_index":["plural","value"],"_":{"zero":"अहिले","one":"एक घण्टामा","two":"{{value}} घण्टामा","few":"{{value}} घण्टामा","many":"{{value}} घण्टामा","other":"{{value}} घण्टामा"}},"days-until-long":{"_index":["plural","value"],"_":{"zero":"आज","one":"भोलि","two":"{{value}} दिनमा","few":"{{value}} दिनमा","many":"{{value}} दिनमा","other":"{{value}} दिनमा"}},"weeks-until-long":{"_index":["plural","value"],"_":{"zero":"यो हप्ता","one":"पछिल्लो हप्ता","two":"{{value}} हप्तामा","few":"{{value}} हप्तामा","many":"{{value}} हप्तामा","other":"{{value}} हप्तामा"}},"months-until-long":{"_index":["plural","value"],"_":{"zero":"यस महिना","one":"पछिल्लो महिना","two":"{{value}} महिनामा","few":"{{value}} महिनामा","many":"{{value}} महिनामा","other":"{{value}} महिनामा"}},"years-until-long":{"_index":["plural","value"],"_":{"zero":"यस बर्ष","one":"आर्को बर्ष","two":"{{value}} बर्षमा","few":"{{value}} बर्षमा","many":"{{value}} वर्षमा","other":"{{value}} वर्षमा"}},"minutes-ago-short":{"_index":["plural","value"],"_":{"zero":"भर्खरै","other":"{{value}}मिनेट अघि"}},"hours-ago-short":{"_index":["plural","value"],"_":{"zero":"भर्खरै","other":"{{value}}घण्टा अघि"}},"days-ago-short":{"_index":["plural","value"],"_":{"zero":"आज","other":"{{value}}दिन अघि"}},"minutes-until-short":{"_index":["plural","value"],"_":{"zero":"अहिले","other":"{{value}}मिनेटमा"}},"hours-until-short":{"_index":["plural","value"],"_":{"zero":"अहिले","other":"{{value}}घण्टामा"}},"days-until-short":{"_index":["plural","value"],"_":{"zero":"आज","other":"{{value}}दिनमा"}},"incorrectDate":"(गलत मिति)","dateTimeFormat_%c":"%a %b %e %Y %I:%M:%S %p","dateTimeFormat_%x":"%m/%d/%Y","dateTimeFormat_%X":"%I:%M:%S %p","shortTimeFormat":"%I:%M %p","shortDateTimeFormat":"%x %I:%M %p","weekStartsOnMonday":"0","time_am":"ए एम","time_pm":"पी एम","label":"Label","mobile":"Mobile","home":"Home","work":"Work","personal":"Personal","faxHome":"Fax home","faxOffice":"Fax office","faxOther":"Fax other","another":"Another","other":"Other","customTag":{"placeholder":"Custom tag"},"current":"Current","itemWithLabel":"{{label}}, {{item}}"}