{"callAirplaneModeMessage":"Om te kunnen bellen dient u de vliegtuigmodus uit te schakelen onder Instellingen.","callAirplaneModeBtnOk":"OK","callAirplaneModeTitle":"Vliegtuigmodus geactiveerd","numberIsBusyTitle":"Nummer is in gesprek","numberIsBusyMessage":"Het nummer is momenteel in gesprek. Probeer het later nog eens.","fdnIsActiveTitle":"FDN actief","fdnIsActiveMessage":"FDN (Fixed Dialing Numbers) is geactiveerd en het volgende nummer staat niet in uw FDN-lijst: {{ number }}","voiceMail":"Voicemail","emergencyNumber":"Alarmnummer","emergencyDialogBodyBadNumber":"Om te kunnen bellen moet de telefoon verbinding hebben met een netwerk.","emergencyDialogBodyDeviceNotAccepted":"Noodoproepen zijn niet toegestaan door het netwerk.","emergencyDialogBtnOk":"OK","emergencyDialogTitle":"Geen netwerkverbinding","invalidNumberToDialTitle":"Ongeldig telefoonnummer","invalidNumberToDialMessage":"Het telefoonnummer dat u belt is niet geldig.","unableToCallTitle":"Kan nu geen telefoongesprek voeren","unableToCallMessage":"Kan nu niet bellen. Als u al een nummer draait, hang dan eerst op.","otherConnectionInUseTitle":"Andere verbinding in gebruik","otherConnectionInUseMessage":"U hebt een actief gesprek op een andere verbinding. U kunt slechts één verbinding tegelijk gebruiken.","addNewNumber":"Nieuw nummer toevoegen","addToExistingContact":"Toevoegen aan bestaand contact","all":{"_":"Alle","ariaLabel":"Alle"},"callLog":"Oproeplogboek","callLogEdit":{"title":"Oproeplogboek bewerken"},"callLogEditDialog":{"ariaLabel":"Dialoogvenster Oproeplogboek bewerken"},"connecting":"Verbinden","cf-async":"Asynchroon: {{ async }}\\n","cf-data":"Gegevens: {{ data }}\\n","cf-error":"Er is een fout opgetreden tijdens het ophalen van de doorschakelstatus","cf-fax":"FAX: {{ fax }}\\n","cf-inactive":"Inactief","cf-packet":"Pakket: {{ packet }}\\n","cf-pad":"PAD: {{ pad }}\\n","cf-sms":"SMS: {{ sms }}\\n","cf-status":"Doorschakelstatus\\n","cf-sync":"Synchroon: {{ sync }}\\n","cf-voice":"Spraak: {{ voice }}\\n","close":"Sluiten","confirm-deletion":"Geselecteerde oproepen wissen?","contacts":{"ariaLabel":"Contacten"},"createNewContact":"Nieuw contact aanmaken","delete":"Verwijderen","deselectAll":"Alles deselecteren","dialerAddContact":{"ariaLabel":"Contact toevoegen"},"dialerAddContactDialog":{"ariaLabel":"Dialoogvenster Contact toevoegen"},"edit-selected":{"_index":["plural","n"],"_":{"one":"{{ n }} geselecteerd","two":"{{ n }} geselecteerd","few":"{{ n }} geselecteerd","many":"{{ n }} geselecteerd","other":"{{ n }} geselecteerd"}},"edit":"Bewerken","hideKeypad":{"ariaLabel":"Toetsenblok verbergen"},"ignore":"Oproep negeren","incoming":"Inkomend","keypad":{"ariaLabel":"Toetsenblok"},"makeCall":{"ariaLabel":"Oproep maken"},"merge":"Samenvoegen","missed":{"_":"Gemist","ariaLabel":"Gemist"},"missedCall":"Gemiste oproep","missedCallMultiSims":"(Simkaart {{ n }}) Gemiste oproep","mmi-error":"Er is een fout opgetreden tijdens het verzenden van het bericht","mmi-session-expired":"Sessie verlopen","mmi-successfully-sent":"Bericht met succes verzonden","mmi-notification-title-with-sim":"({{sim}}) {{title}}","mute":{"ariaLabel":"Dempen"},"newCall":{"ariaLabel":"Nieuwe oproep"},"no-logs-msg-1":"Geen oproepen vermeld","no-logs-msg-2":"Communicatie nu starten","no-logs-msg-3":"Geen gemiste oproepen","recents":{"ariaLabel":"Recente oproepen"},"reply":"Antwoorden","selectAll":"Alles selecteren","send":"Verzenden","switch-calls":"Gesprekken wisselen","today":"Vandaag","withheld-number":"Onderdrukt nummer","from-contact":"Van {{ contact }}","from-number":"Van {{ number }}","from-withheld-number":"Van onderdrukt nummer","yesterday":"Gisteren","sending":"Verzenden…","speakerOption":{"ariaLabel":"Luidspreker"},"ussd-services":"{{ operator }}-services","toggleKeypad":{"ariaLabel":"Toetsenblok in-/uitschakelen"},"type-your-response":{"placeholder":"Typ uw antwoord…"},"clear-all-text":"Alle tekst wissen","hide":"Verbergen","call":"Bellen","hold":{"ariaLabel":"Wachtstand"},"resume":{"_":"Hervatten","ariaLabel":"Hervatten"},"sendSms":"Bericht verzenden","callEnded":"Gesprek beëindigd","via-sim":"via simkaart{{ n }}","sim-number":"Simkaart{{ n }}","hangup-a11y-button":{"ariaLabel":"Ophangen"},"pickup-a11y-button":{"ariaLabel":"Opnemen"},"unlock-a11y-button":{"ariaLabel":"Schuifregelaar"},"roaming":"{{operator}} (Roaming)","settings":"Instellingen","delete-n-log?":{"_index":["plural","n"],"_":{"zero":"Niets geselecteerd","one":"Geselecteerde logboekvermelding verwijderen?","two":"{{ n }} logboekvermeldingen verwijderen?","few":"{{ n }} logboekvermeldingen verwijderen?","many":"{{ n }} logboekvermeldingen verwijderen?","other":"{{ n }} logboekvermeldingen verwijderen?"}},"callDurationMinutes":"{{ m }}:{{ s }}","callDurationHours":"{{ h }}:{{ m }}:{{ s}}","suggestionMatches":{"_index":["plural","n"],"_":{"one":"{{ n }} overeenkomst voor “{{ matchNumber }}”","two":"{{ n }} overeenkomsten voor “{{ matchNumber }}”","few":"{{ n }} overeenkomsten voor “{{ matchNumber }}”","many":"{{ n }} overeenkomsten voor “{{ matchNumber }}”","other":"{{ n }} overeenkomsten voor “{{ matchNumber }}”"}},"scCallBarring":"Oproep blokkeren","scCallForwarding":"Doorschakelen","scClip":"Nummerweergave inkomend","scClir":"Nummerweergave uitgaand","scPwd":"Wachtwoordwijziging","scCallWaiting":"Wisselgesprek","scPin":"Pinwijziging","scPin2":"Pin2-wijziging","scPuk":"Pin deblokkeren","scPuk2":"Pin2 deblokkeren","scImei":"IMEI","scUssd":"USSD","serviceClassVoice":"Spraak","serviceClassData":"Gegevens","serviceClassFax":"FAX","serviceClassSms":"SMS","serviceClassDataSync":"Sync","serviceClassDataAsync":"Async","serviceClassPacket":"Pakket","serviceClassPad":"PAD","smServiceEnabled":"Service is ingeschakeld","smServiceDisabled":"Service is uitgeschakeld","smServiceRegistered":"Registratie is gelukt","smServiceErased":"Verwijdering is gelukt","smServiceInterrogated":"Aanvraag is gelukt","smServiceNotProvisioned":"Service niet ingericht","smClirPermanent":"U kunt de nummerweergave-instelling niet wijzigen","smClirDefaultOnNextCallOn":"Nummerweergave is standaard beperkt. Volgende oproep: beperkt","smClirDefaultOnNextCallOff":"Nummerweergave is standaard beperkt. Volgende oproep: niet beperkt","smClirDefaultOffNextCallOn":"Nummerweergave is standaard niet beperkt. Volgende oproep: beperkt","smClirDefaultOffNextCallOff":"Nummerweergave is standaard niet beperkt. Volgende oproep: niet beperkt","smServiceEnabledFor":"Service is ingeschakeld voor:","smPinChanged":"Pincode met succes gewijzigd","smPinUnblocked":"Pincode met succes gedeblokkeerd","smPin2Changed":"Pincode2 met succes gewijzigd","smPin2Unblocked":"Pincode2 met succes gedeblokkeerd","ServiceIsEnabled":"Service is enabled","ServiceIsDisabled":"Service is disabled","ServiceIsEnabledFor":"Service is enabled for:","emMmiError":"Verbindingsprobleem of ongeldige MMI-code","emMmiErrorPasswordIncorrect":"Onjuist wachtwoord","emMmiErrorNotSupported":"Ongeldige of niet-ondersteunde MMI-code","emMmiErrorInvalidAction":"Ongeldige actie","emMmiErrorInvalidScCode":"Ongeldige servicecode","emMmiErrorBadPuk":"De ingevoerde pukcode is onjuist","emMmiErrorBadPin":"De oude ingevoerde pincode is onjuist.","emMmiErrorNeedPuk2":"Typ pukcode2 om simkaart te deblokkeren","emMmiErrorMismatchPin":"De ingevoerde pincodes komen niet overeen","emMmiErrorInvalidPin":"Typ een pincode van 4 tot 8 cijfers in","emMmiErrorNeedsPuk":"Uw simkaart is puk-vergrendeld","emMmiErrorEnablePin":"Niet gelukt. Schakel SIM/RUIM LOCK in","emMmiErrorMmiFdn":"Bewerking is beperkt tot vaste telefoonnummers","emMmiErrorStkCcUssdDial":"USSD-aanvraag is aangepast naar DIAL-aanvraag","emMmiErrorStkCcUssdSs":"USSD-aanvraag is aangepast naar SS-aanvraag","emMmiErrorStkCcUssdUssd":"USSD-aanvraag is aangepast naar nieuwe USSD-aanvraag","emMmiErrorStkCcSsDial":"SS-aanvraag is aangepast naar DIAL-aanvraag","emMmiErrorStkCcSsUssd":"SS-aanvraag is aangepast naar USSD-aanvraag","emMmiErrorStkCcSsSs":"SS-aanvraag is aangepast naar nieuwe SS-aanvraag","emMmiErrorPinPukAttempts":{"_index":["plural","n"],"_":{"one":"Nog {{ n }} nieuwe poging resterend","two":"{{ n }} nieuwe pogingen resterend","few":"{{ n }} nieuwe pogingen resterend","many":"{{ n }} nieuwe pogingen resterend","other":"{{ n }} nieuwe pogingen resterend"}},"emMmiErrorSimBlocked":"Maximumaantal nieuwe pogingen bereikt. Simkaart geblokkeerd","RadioNotAvailable":"Radio niet beschikbaar","GenericFailure":"Algemene fout","PasswordIncorrect":"Wachtwoord onjuist","SimPin2":"Simpincode2","SimPuk2":"Simpukcode2","RequestNotSupported":"Aanvraag niet ondersteund","OpNotAllowedDuringVoiceCall":"Bewerking niet toegestaan tijdens spraakoproep","SmsSendFailRetry":"Sms-verzendfout-herhaling","SimAbsent":"Simkaart ontbreekt","SubscriptionNotAvailable":"Abonnement niet beschikbaar","ModeNotSupported":"Modus niet ondersteund","FdnCheckFailure":"Fdn-controle mislukt","IllegalSimOrMe":"Ongeldig(e) simkaart of ME","DialModifiedToUssd":"Dial aangepast naar USSD","DialModifiedToSs":"Dial aangepast naar SS","DialModifiedToDial":"Dial aangepast naar dial","UssdModifiedToDial":"USSD aangepast naar dial","UssdModifiedToSs":"USSD aangepast naar SS","UssdModifiedToUssd":"USSD aangepast naar USSD","SsModifiedToDial":"SS aangepast naar dial","SsModifiedToUssd":"SS aangepast naar USSD","SsModifiedToSs":"SS aangepast naar SS","SubscriptionNotSupported":"Abonnement niet ondersteund","InvalidParameter":"Ongeldige parameter","RejectedByRemote":"Geweigerd door externe partij","conferenceCall":"Vergadering ({{n}})","caller-left-call":"{{ caller }} heeft het gesprek verlaten.","conferenceAddError":"Kan gesprekken niet samenvoegen","conferenceRemoveError":"Kan gesprekken niet splitsen","longDateFormat":"%A %e %B","select-audio-sources":"Audiobronnen selecteren","bluetooth-handsfree-device":"Bluetooth-handsfree-apparaat","receiver":"Ontvanger","speaker":"Luidspreker","weekday-0-long":"zondag","weekday-1-long":"maandag","weekday-2-long":"dinsdag","weekday-3-long":"woensdag","weekday-4-long":"donderdag","weekday-5-long":"vrijdag","weekday-6-long":"zaterdag","weekday-0-short":"zon","weekday-1-short":"maa","weekday-2-short":"din","weekday-3-short":"woe","weekday-4-short":"don","weekday-5-short":"vrij","weekday-6-short":"zat","month-0-long":"januari","month-1-long":"februari","month-2-long":"maart","month-3-long":"april","month-4-long":"mei","month-5-long":"juni","month-6-long":"juli","month-7-long":"augustus","month-8-long":"september","month-9-long":"oktober","month-10-long":"november","month-11-long":"december","month-0-genitive":"januari","month-1-genitive":"februari","month-2-genitive":"maart","month-3-genitive":"april","month-4-genitive":"mei","month-5-genitive":"juni","month-6-genitive":"juli","month-7-genitive":"augustus","month-8-genitive":"september","month-9-genitive":"oktober","month-10-genitive":"november","month-11-genitive":"december","month-0-short":"jan","month-1-short":"feb","month-2-short":"mrt","month-3-short":"apr","month-4-short":"mei","month-5-short":"jun","month-6-short":"jul","month-7-short":"aug","month-8-short":"sep","month-9-short":"okt","month-10-short":"nov","month-11-short":"dec","minutes-ago-long":{"_index":["plural","value"],"_":{"zero":"zojuist","one":"een minuut geleden","two":"{{value}} minuten geleden","few":"{{value}} minuten geleden","many":"{{value}} minuten geleden","other":"{{value}} minuten geleden"}},"hours-ago-long":{"_index":["plural","value"],"_":{"zero":"zojuist","one":"een uur geleden","two":"{{value}} uur geleden","few":"{{value}} uur geleden","many":"{{value}} uur geleden","other":"{{value}} uur geleden"}},"days-ago-long":{"_index":["plural","value"],"_":{"zero":"vandaag","one":"gisteren","two":"{{value}} dagen geleden","few":"{{value}} dagen geleden","many":"{{value}} dagen geleden","other":"{{value}} dagen geleden"}},"weeks-ago-long":{"_index":["plural","value"],"_":{"zero":"deze week","one":"vorige week","two":"{{value}} weken geleden","few":"{{value}} weken geleden","many":"{{value}} weken geleden","other":"{{value}} weken geleden"}},"months-ago-long":{"_index":["plural","value"],"_":{"zero":"deze maand","one":"vorige maand","two":"{{value}} maanden geleden","few":"{{value}} maanden geleden","many":"{{value}} maanden geleden","other":"{{value}} maanden geleden"}},"years-ago-long":{"_index":["plural","value"],"_":{"zero":"dit jaar","one":"vorig jaar","two":"{{value}} jaar geleden","few":"{{value}} jaar geleden","many":"{{value}} jaar geleden","other":"{{value}} jaar geleden"}},"minutes-until-long":{"_index":["plural","value"],"_":{"zero":"nu","one":"zo meteen","two":"over {{value}} minuten","few":"over {{value}} minuten","many":"over {{value}} minuten","other":"over {{value}} minuten"}},"hours-until-long":{"_index":["plural","value"],"_":{"zero":"nu","one":"over een uur","two":"over {{value}} uur","few":"over {{value}} uur","many":"over {{value}} uur","other":"over {{value}} uur"}},"days-until-long":{"_index":["plural","value"],"_":{"zero":"vandaag","one":"morgen","two":"over {{value}} dagen","few":"over {{value}} dagen","many":"over {{value}} dagen","other":"over {{value}} dagen"}},"weeks-until-long":{"_index":["plural","value"],"_":{"zero":"deze week","one":"volgende week","two":"over {{value}} weken","few":"over {{value}} weken","many":"over {{value}} weken","other":"over {{value}} weken"}},"months-until-long":{"_index":["plural","value"],"_":{"zero":"deze maand","one":"volgende maand","two":"over {{value}} maanden","few":"over {{value}} maanden","many":"over {{value}} maanden","other":"over {{value}} maanden"}},"years-until-long":{"_index":["plural","value"],"_":{"zero":"dit jaar","one":"volgend jaar","two":"over {{value}} jaar","few":"over {{value}} jaar","many":"over {{value}} jaar","other":"over {{value}} jaar"}},"minutes-ago-short":{"_index":["plural","value"],"_":{"zero":"zojuist","other":"{{value}}m geleden"}},"hours-ago-short":{"_index":["plural","value"],"_":{"zero":"zojuist","other":"{{value}}h geleden"}},"days-ago-short":{"_index":["plural","value"],"_":{"zero":"vandaag","other":"{{value}}d geleden"}},"minutes-until-short":{"_index":["plural","value"],"_":{"zero":"nu","other":"over {{value}}m"}},"hours-until-short":{"_index":["plural","value"],"_":{"zero":"nu","other":"over {{value}}h"}},"days-until-short":{"_index":["plural","value"],"_":{"zero":"vandaag","other":"over {{value}}d"}},"incorrectDate":"(onjuiste datum)","dateTimeFormat_%c":"%a %e %b %Y %H:%M:%S","dateTimeFormat_%x":"%d-%m-%Y","dateTimeFormat_%X":"%H:%M:%S","shortTimeFormat":"%H:%M","shortDateTimeFormat":"%x %H:%M","weekStartsOnMonday":"1","time_am":"AM","time_pm":"PM","label":"Label","mobile":"Mobiel","home":"Thuis","work":"Werk","personal":"Privé","faxHome":"Fax thuis","faxOffice":"Fax kantoor","faxOther":"Fax overig","another":"Anders","other":"Anders","customTag":{"placeholder":"Aangepast label"},"current":"Huidig","itemWithLabel":"{{label}}, {{item}}"}