{"callAirplaneModeMessage":"ਕਾਲ ਕਰਨ ਲਈ ਤੁਹਾਨੂੰ ਏਅਰਪਲੇਨ ਮੋਡ ਸੈਟਿੰਗ ਵਿੱਚੋਂ ਬੰਦ ਕਰਨਾ ਹੋਵੇਗਾ।","callAirplaneModeBtnOk":"ਠੀਕ ਹੈ","callAirplaneModeTitle":"ਏਅਰਪਲੇਨ ਮੋਡ ਚਾਲੂ ਹੈ","numberIsBusyTitle":"ਨੰਬਰ ਰੁੱਝਿਆ ਹੈ","numberIsBusyMessage":"ਨੰਬਰ ਇਸ ਸਮੇਂ ਰੁਝਿਆ ਹੋਇਆ ਹੈ। ਕਿਰਪਾ ਕਰਕੇ ਬਾਅਦ ਵਿੱਚ ਕੋਸ਼ਿਸ਼ ਕਰੋ।","fdnIsActiveTitle":"FDN ਸਰਗਰਮ","fdnIsActiveMessage":"FDN (ਸਥਿਰ ਡਾਇਲ ਨੰਬਰ) ਸਰਗਰਮ ਹੈ ਅਤੇ ਹੇਠ ਦਿੱਤਾ ਨੰਬਰ ਤੁਹਾਡੀ ਐਫਡੀਐਨ ਸੂਚੀ ਵਿੱਚ ਨਹੀਂ: {{ number }}","voiceMail":"ਵਾਇਸਮੇਲ","emergencyNumber":"ਐਮਰਜੈਂਸੀ ਨੰਬਰ","emergencyDialogBodyBadNumber":"ਕਾਲ ਕਰਨ ਲਈ ਫੋਨ ਨੈੱਟਵਰਕ ਨਾਲ ਕੁਨੈਕਟ ਹੋਣਾ ਚਾਹੀਦਾ ਹੈ।","emergencyDialogBodyDeviceNotAccepted":"ਨੈੱਟਵਰਕ ਉੱਤੇ ਐਮਰਜੈਂਸੀ ਨੰਬਰਾਂ ਦੀ ਇਜ਼ਾਜ਼ਤ ਨਹੀਂ ਹੈ।","emergencyDialogBtnOk":"ਠੀਕ ਹੈ","emergencyDialogTitle":"ਕੋਈ ਨੈੱਟਵਰਕ ਕੁਨੈਕਸ਼ਨ ਨਹੀਂ ਹੈ","invalidNumberToDialTitle":"ਗਲਤ ਫੋਨ ਨੰਬਰ","invalidNumberToDialMessage":"ਫੋਨ ਨੰਬਰ, ਜਿਸ ਉੱਤੇ ਤੁਸੀਂ ਕਾਲ ਕਰ ਰਹੇ ਹੋ, ਠੀਕ ਨਹੀਂ ਹੈ।","unableToCallTitle":"ਹੁਣ ਫੋਨ ਕਾਲ ਕਰਨ ਲਈ ਅਸਮਰੱਥ","unableToCallMessage":"ਕਾਲ ਨਹੀਂ ਕੀਤੀ ਜਾ ਸਕਦੀ। ਜੇ ਤੁਸੀਂ ਪਹਿਲਾਂ ਹੀ ਡਾਇਲ ਕਰ ਰਹੇ ਹੋ ਤਾਂ ਪਹਿਲਾਂ ਰੋਕ ਦਿਉ।","otherConnectionInUseTitle":"ਹੋਰ ਕੁਨੈਕਸ਼ਨ ਵਰਤੋਂ ਵਿੱਚ ਹੈ।","otherConnectionInUseMessage":"ਤੁਹਾਡੇ ਕੋਲ ਹੋਰ ਕੁਨੈਕਸ਼ਨ ਉੱਤੇ ਸਰਗਰਮ ਕਾਲ ਹੈ। ਤੁਸੀਂ ਇੱਕ ਸਮੇਂ ਕੇਵਲ ਇੱਕ ਹੀ ਕੁਨੈਕਸ਼ਨ ਵਰਤ ਸਕਦੇ ਹੋ।","addNewNumber":"ਨਵਾਂ ਨੰਬਰ ਜੋੜੋ","addToExistingContact":"ਮੌਜੂਦਾ ਸੰਪਰਕ ਵਿੱਚ ਜੋੜੋ","all":{"_":"ਸਭ","ariaLabel":"ਸਭ"},"callLog":"ਕਾਲ ਲਾਗ","callLogEdit":{"title":"ਕਾਲ ਲਾਗ ਸੋਧ"},"callLogEditDialog":{"ariaLabel":"ਕਾਲ ਲਾਗ ਸੋਧ ਡਾਈਲਾਗ"},"connecting":"ਕੁਨੈਕਟ ਕੀਤਾ ਜਾ ਰਿਹਾ ਹੈ","cf-async":"ਅਸਮਕਾਲੀ: {{ async }}\\n","cf-data":"ਡਾਟਾ: {{ data }}\\n","cf-error":"ਕਾਲ ਅੱਗੇ ਭੇਜਣ ਸਥਿਤੀ ਪਤਾ ਕਰਨ ਦੌਰਾਨ ਗਲਤੀ ਆਈ","cf-fax":"ਫੈਕਸ: {{ fax }}\\n","cf-inactive":"ਨਾ-ਸਰਗਰਮ","cf-packet":"ਪੈਕਟ: {{ packet }}\\n","cf-pad":"PAD: {{ pad }}\\n","cf-sms":"SMS: {{ sms }}\\n","cf-status":"ਕਾਲ ਅੱਗੇ ਭੇਜਣ ਸਥਿਤੀ\\n","cf-sync":"ਸਮਕਾਲੀ: {{ sync }}\\n","cf-voice":"ਵਾਇਸ: {{ voice }}\\n","close":"ਬੰਦ ਕਰੋ","confirm-deletion":"ਚੁਣੀਆਂ ਕਾਲਾਂ ਹਟਾਉਣੀਆਂ ਹਨ?","contacts":{"ariaLabel":"ਸੰਪਰਕ"},"createNewContact":"ਨਵਾਂ ਸੰਪਰਕ ਬਣਾਓ","delete":"ਹਟਾਓ","deselectAll":"ਸਭ ਅਣ-ਚੁਣੇ","dialerAddContact":{"ariaLabel":"ਸੰਪਰਕ ਜੋੜੋ"},"dialerAddContactDialog":{"ariaLabel":"ਸੰਪਰਕ ਜੋੜੋ ਡਾਈਲਾਗ"},"edit-selected":{"_index":["plural","n"],"_":{"one":"{{ n }} ਚੁਣਿਆ","two":"{{ n }} ਚੁਣੇ","few":"{{ n }} ਚੁਣੇ","many":"{{ n }} ਚੁਣੇ","other":"{{ n }} ਚੁਣੇ"}},"edit":"ਸੋਧ","hideKeypad":{"ariaLabel":"ਕੀਪੈਡ ਓਹਲੇ"},"ignore":"ਕਾਲ ਅਣਡਿੱਠੀ","incoming":"ਆਉਣ","keypad":{"ariaLabel":"ਕੀਪੈਡ"},"makeCall":{"ariaLabel":"ਕਾਲ ਕਰੋ"},"merge":"ਮਿਲਾਓ","missed":{"_":"ਛੱਡੀਆਂ","ariaLabel":"ਛੱਡੀ"},"missedCall":"ਛੱਡੀ ਕਾਲ","missedCallMultiSims":"(ਸਿਮ {{ n }}) ਛੱਡੀ ਕਾਲ","mmi-error":"ਸੁਨੇਹਾ ਭੇਜੇਣ ਦੌਰਾਨ ਗਲਤੀ ਆਈ ਹੈ","mmi-session-expired":"ਸ਼ੈਸ਼ਨ ਦੀ ਮਿਆਦ ਪੁੱਗੀ","mmi-successfully-sent":"ਸੁਨੇਹਾ ਠੀਕ ਤਰ੍ਹਾਂ ਭੇਜਿਆ ਗਿਆ","mmi-notification-title-with-sim":"({{sim}}) {{title}}","mute":{"ariaLabel":"ਮੌਨ"},"newCall":{"ariaLabel":"ਨਵੀਂ ਕਾਲ"},"no-logs-msg-1":"ਕੋਈ ਕਾਲ ਰਿਕਾਰਡ ਨਹੀਂ ਹੈ","no-logs-msg-2":"ਹੁਣ ਸੰਚਾਰ ਸ਼ੁਰੂ ਕਰੋ","no-logs-msg-3":"ਕੋਈ ਖੁੰਝੀ ਕਾਲ ਨਹੀਂ ਹੈ","recents":{"ariaLabel":"ਤਾਜ਼ਾ ਕਾਲਾਂ"},"reply":"ਜਵਾਬ","selectAll":"ਸਭ ਚੁਣੋ","send":"ਭੇਜੋ","switch-calls":"ਕਾਲਾਂ ਬਦਲੋ","today":"ਅੱਜ","withheld-number":"ਰੋਕਿਆ ਨੰਬਰ","from-contact":"{{ contact }} ਵਲੋਂ","from-number":"{{ number }} ਤੋਂ","from-withheld-number":"ਰੋਕੇ ਨੰਬਰ ਤੋਂ","yesterday":"ਕੱਲ੍ਹ","sending":"…ਭੇਜਿਆ ਜਾ ਰਿਹਾ ਹੈ","speakerOption":{"ariaLabel":"ਸਪੀਕਰ"},"ussd-services":"{{ operator }} ਸੇਵਾਵਾਂ","toggleKeypad":{"ariaLabel":"ਕੀਪੈਡ ਬਦਲੋ"},"type-your-response":{"placeholder":"…ਆਪਣਾ ਜਵਾਬ ਲਿਖੋ"},"clear-all-text":"ਸਾਰਾ ਟੈਕਸਟ ਸਾਫ਼ ਕਰੋ","hide":"ਓਹਲੇ","call":"ਕਾਲ","hold":{"ariaLabel":"ਰੋਕੋ"},"resume":{"_":"ਮੁੜ ਲਵੋ","ariaLabel":"ਮੁੜ-ਲਵੋ"},"sendSms":"ਸੁਨੇਹਾ ਭੇਜੋ","callEnded":"ਕਾਲ ਬੰਦ ਕੀਤੀ","via-sim":"ਸਿਮ{{ n }} ਰਾਹੀਂ","sim-number":"ਸਿਮ{{ n }}","hangup-a11y-button":{"ariaLabel":"ਬੰਦ ਕੀਤੀ"},"pickup-a11y-button":{"ariaLabel":"ਲਈ ਗਈ"},"unlock-a11y-button":{"ariaLabel":"ਸਲਾਈਡਰ"},"roaming":"{{operator}} (Roaming)","settings":"ਸੈਟਿੰਗ","delete-n-log?":{"_index":["plural","n"],"_":{"zero":"ਕੁਝ ਨਹੀਂ ਚੁਣਿਆ","one":"ਚੁਣਿਆ ਲਾਗ ਹਟਾਉਣਾ ਹੈ?","two":"{{ n }} ਲਾਗ ਹਟਾਉਣਾ ਹੈ?","few":"{{ n }} ਲਾਗ ਹਟਾਉਣਾ ਹੈ?","many":"{{ n }} ਲਾਗ ਹਟਾਉਣਾ ਹੈ?","other":"{{ n }} ਲਾਗ ਹਟਾਉਣਾ ਹੈ?"}},"callDurationMinutes":"{{ m }}:{{ s }}","callDurationHours":"{{ h }}:{{ m }}:{{ s}}","suggestionMatches":{"_index":["plural","n"],"_":{"one":"\"{{ matchNumber }}\" ਲਈ {{ n }} ਮਿਲਦੇ","two":"\"{{ matchNumber }}\" ਲਈ {{ n }} ਮਿਲਦੇ","few":"\"{{ matchNumber }}\" ਲਈ {{ n }} ਮਿਲਦੇ","many":"\"{{ matchNumber }}\" ਲਈ {{ n }} ਮਿਲਦੇ","other":"\"{{ matchNumber }}\" ਲਈ {{ n }} ਮਿਲਦੇ"}},"scCallBarring":"ਕਾਲ ਰੁਕਾਵਟ","scCallForwarding":"ਕਾਲ ਅੱਗੇ ਭੇਜਣੀ","scClip":"ਆਉਣ ਕਾਲਰ ID","scClir":"ਬਾਹਰ ਕਾਲਰ ID","scPwd":"ਪਾਸਵਰਡ ਬਦਲਿਆ","scCallWaiting":"ਕਾਲ ਉਡੀਕ","scPin":"ਪਿੰਨ ਬਦਲੋ","scPin2":"PIN2 ਬਦਲੋ","scPuk":"ਪਿੰਨ ਅਣ-ਬਲਾਕ","scPuk2":"PIN2 ਅਣ-ਬਲਾਕ","scImei":"IMEI","scUssd":"USSD","serviceClassVoice":"ਵਾਇਸ","serviceClassData":"ਡਾਟਾ","serviceClassFax":"ਫੈਕਸ","serviceClassSms":"SMS","serviceClassDataSync":"ਸਿੰਕ","serviceClassDataAsync":"ਅ-ਸਿੰਕ","serviceClassPacket":"ਪੈਕੇਟ","serviceClassPad":"PAD","smServiceEnabled":"ਸੇਵਾ ਚਾਲੂ ਕੀਤੀ ਗਈ","smServiceDisabled":"ਸੇਵਾ ਬੰਦ ਕੀਤੀ ਗਈ","smServiceRegistered":"ਰਜਿਸਟਰੇਸ਼ਨ ਸਫ਼ਲ ਰਹੀ","smServiceErased":"ਮਿਟਾਉਣਾ ਸਫ਼ਲ ਰਿਹਾ","smServiceInterrogated":"ਬੇਨਤੀ ਸਫ਼ਲ ਰਹੀ","smServiceNotProvisioned":"ਸੇਵਾ ਪ੍ਰਬੰਧੀ ਅਧੀਨ ਨਹੀਂ","smClirPermanent":"ਤੁਸੀਂ ਕਾਲਰ ਆਈਡੀ ਸੈਟਿੰਗ ਨਹੀਂ ਬਦਲ ਸਕਦੇ ਹੋ।","smClirDefaultOnNextCallOn":"ਕਾਲਰ ID ਮੂਲ ਤੌਰ ਉੱਤੇ ਸੀਮਤ ਹੈ। ਅਗਲੀ ਕਾਲ: ਸੀਮਤ","smClirDefaultOnNextCallOff":"ਕਾਲਰ ID ਮੂਲ ਤੌਰ ਉੱਤੇ ਸੀਮਤ ਹੈ। ਅਗਲੀ ਕਾਲ: ਸੀਮਤ ਨਹੀਂ","smClirDefaultOffNextCallOn":"ਕਾਲਰ ID ਮੂਲ ਤੌਰ ਉੱਤੇ ਸੀਮਤ ਨਹੀਂ ਹੈ। ਅਗਲੀ ਕਾਲ: ਸੀਮਤ","smClirDefaultOffNextCallOff":"ਕਾਲਰ ID ਮੂਲ ਤੌਰ ਉੱਤੇ ਸੀਮਤ ਨਹੀਂ ਹੈ। ਅਗਲੀ ਕਾਲ: ਸੀਮਤ ਨਹੀਂ","smServiceEnabledFor":"ਸੇਵਾ ਚਾਲੂ ਹੈ:","smPinChanged":"PIN ਠੀਕ ਤਰ੍ਹਾਂ ਬਦਲਿਆ ਗਿਆ","smPinUnblocked":"PIN ਠੀਕ ਤਰ੍ਹਾਂ ਅਣ-ਬਲਾਕ ਕੀਤਾ","smPin2Changed":"PIN2 ਠੀਕ ਤਰ੍ਹਾਂ ਬਦਲਿਆ ਗਿਆ","smPin2Unblocked":"PIN2 ਠੀਕ ਤਰ੍ਹਾਂ ਅਣ-ਬਲਾਕ ਕੀਤਾ","ServiceIsEnabled":"Service is enabled","ServiceIsDisabled":"Service is disabled","ServiceIsEnabledFor":"Service is enabled for:","emMmiError":"ਕੁਨੈਕਸ਼ਨ ਨਾਲ ਸਮੱਸਿਆ ਜਾਂ ਗਲਤ MMI ਕੋਡ","emMmiErrorPasswordIncorrect":"ਗਲਤ ਪਾਸਵਰਡ","emMmiErrorNotSupported":"ਗਲਤ ਜਾਂ ਗ਼ੈਰ-ਸਹਾਇਕ MMI ਕੋਡ","emMmiErrorInvalidAction":"ਗਲਤ ਕਾਰਵਾਈ","emMmiErrorInvalidScCode":"ਗਲਤ ਸੇਵਾ ਕੋਡ","emMmiErrorBadPuk":"ਤੁਹਾਡੇ ਵਲੋਂ ਦਿੱਤਾ PUK  ਠੀਕ ਨਹੀਂ ਹੈ।","emMmiErrorBadPin":"ਤੁਹਾਡੇ ਵਲੋਂ ਦਿੱਤਾ ਪੁਰਾਣਾ ਪਿੰਨ  ਠੀਕ ਨਹੀਂ ਹੈ।","emMmiErrorNeedPuk2":"ਸਿਮ ਕਾਰਡ ਅਣ-ਬਲਾਕ ਕਰਨ ਲਈ  PUK2 ਦਿਉ।","emMmiErrorMismatchPin":"ਤੁਹਾਡੇ ਵਲੋਂ ਦਿੱਤੇ ਪਿੰਨ ਮਿਲਦੇ ਨਹੀਂ ਹਨ।","emMmiErrorInvalidPin":"4 ਤੋਂ 8 ਅੰਕਾਂ ਦਾ ਪਿੰਨ ਦਿਉ","emMmiErrorNeedsPuk":"ਤੁਹਾਡਾ ਸਿਮ ਕਾਰਡ PUK-ਲਾਕ ਹੈ।","emMmiErrorEnablePin":"ਅਸਫ਼ਲ ਹੈ।  SIM/RUIM ਲਾਕ ਚਾਲੂ ਕਰੋ।","emMmiErrorMmiFdn":"ਕਾਰਵਾਈ ਕੇਵਲ ਸਥਿਰ ਡਾਇਲ ਨੰਬਰਾਂ ਉੱਤੇ ਕਾਲ ਕਰਨ ਲਈ ਹੀ ਸੀਮਿਤ ਹੈ","emMmiErrorStkCcUssdDial":"USSD ਬੇਨਤੀ DIAL ਬੇਨਤੀ ਲਈ ਸੋਧੀ ਗਈ","emMmiErrorStkCcUssdSs":"USSD ਬੇਨਤੀ SS ਬੇਨਤੀ ਲਈ ਸੋਧੀ ਗਈ","emMmiErrorStkCcUssdUssd":"USSD ਬੇਨਤੀ ਨਵੀਂ USSD  ਬੇਨਤੀ ਲਈ ਸੋਧੀ ਗਈ","emMmiErrorStkCcSsDial":"SS ਬੇਨਤੀ DIAL  ਬੇਨਤੀ ਲਈ ਸੋਧੀ ਗਈ","emMmiErrorStkCcSsUssd":"SS ਬੇਨਤੀ USSD  ਬੇਨਤੀ ਲਈ ਸੋਧੀ ਗਈ","emMmiErrorStkCcSsSs":"SS ਬੇਨਤੀ ਨਵੀਂ SS  ਬੇਨਤੀ ਲਈ ਸੋਧੀ ਗਈ","emMmiErrorPinPukAttempts":{"_index":["plural","n"],"_":{"one":"ਕੇਵਲ {{ n }} ਮੁੜ-ਕੋਸ਼ਿਸ਼ ਬਾਕੀ","two":"{{ n }} ਮੁੜ-ਕੋਸ਼ਿਸ਼ਾਂ ਬਾਕੀ","few":"{{ n }} ਮੁੜ-ਕੋਸ਼ਿਸ਼ਾਂ ਬਾਕੀ","many":"{{ n }} ਮੁੜ-ਕੋਸ਼ਿਸ਼ਾਂ ਬਾਕੀ","other":"{{ n }} ਮੁੜ-ਕੋਸ਼ਿਸ਼ਾਂ ਬਾਕੀ"}},"emMmiErrorSimBlocked":"ਮੁੜ-ਕੋਸ਼ਿਸ ਕਰਨ ਦੀ ਵੱਧ ਤੋਂ ਵੱਧ ਹੱਟ ਟੱਪੀ। ਸਿਮ ਬਲਾਕ ਹੈ","RadioNotAvailable":"ਰੇਡੀਓ ਉਪਲੱਬਧ ਨਹੀਂ","GenericFailure":"ਸਧਾਰਨ ਗਲਤੀ","PasswordIncorrect":"ਪਾਸਵਰਡ ਫੇਲ੍ਹ ਹੈ","SimPin2":"ਸਿਮ PIN2","SimPuk2":"ਸਿਮ PUK2","RequestNotSupported":"ਬੇਨਤੀ ਸਹਾਇਕ ਨਹੀਂ","OpNotAllowedDuringVoiceCall":"ਵਾਇਸ ਕਾਲ ਦੇ ਦੌਰਾਨ ਕਾਰਵਾਈ ਸਹਾਇਕ ਨਹੀਂ","SmsSendFailRetry":"SMS ਭੇਜਣਾ ਫੇਲ੍ਹ ਮੁੜ-ਕੋਸ਼ਿਸ਼","SimAbsent":"ਸਿਮ ਗੈਰਹਾਜ਼ਰ","SubscriptionNotAvailable":"ਮੈਂਬਰੀ ਉਪਲੱਬਧ ਨਹੀਂ","ModeNotSupported":"ਮੋਡ ਸਹਾਇਕ ਨਹੀਂ","FdnCheckFailure":"Fdn ਜਾਂਚ ਫੇਲ੍ਹ ਹੈ","IllegalSimOrMe":"ਗਲਤ ਸਿਮ ਜਾਂ ME","DialModifiedToUssd":"USSD ਲਈ ਸੋਧਿਆ ਡਾਇਲ","DialModifiedToSs":"SS ਲਈ ਸੋਧਿਆ ਡਾਇਲ","DialModifiedToDial":"ਡਾਇਲ ਲਈ ਸੋਧਿਆ ਡਾਇਲ","UssdModifiedToDial":"ਡਾਇਲ ਲਈ ਸੋਧਿਆ USSD ","UssdModifiedToSs":"SS ਲਈ ਸੋਧਿਆ USSD ","UssdModifiedToUssd":"USSD ਲਈ ਸੋਧਿਆ USSD ","SsModifiedToDial":"ਡਾਇਲ ਲਈ ਸੋਧਿਆ SS","SsModifiedToUssd":"USSD  ਲਈ ਸੋਧਿਆ SS","SsModifiedToSs":"SS ਲਈ ਸੋਧਿਆ SS","SubscriptionNotSupported":"ਮੈਂਬਰੀ ਸਹਾਇਕ ਨਹੀਂ","InvalidParameter":"ਗਲਤ ਮਾਪਢੰਡ","RejectedByRemote":"ਰਿਮੋਟ ਵਲੋਂ ਰੱਦ ਕੀਤਾ","conferenceCall":"Conference ({{n}})","caller-left-call":"{{ caller }} ਨੇ ਕਾਲ ਛੱਡੀ","conferenceAddError":"ਕਾਲਾਂ ਮਿਲਾਉਣ ਲਈ ਅਸਮਰੱਥ","conferenceRemoveError":"ਕਾਲਾਂ ਵੱਖ-ਵੱਖ ਕਰਨ ਲਈ ਅਸਮਰੱਥ","longDateFormat":"%A, %e %B","select-audio-sources":"ਆਡੀਓ ਸਰੋਤ ਚੁਣੋ","bluetooth-handsfree-device":"ਬਲਿਊਟੁੱਥ ਹੈਡ-ਫਰੀ ਯੰਤਰ","receiver":"ਰਸੀਵਰ","speaker":"ਸਪੀਕਰ","weekday-0-long":"ਐਤਵਾਰ","weekday-1-long":"ਸੋਮਵਾਰ","weekday-2-long":"ਮੰਗਲਵਾਰ","weekday-3-long":"ਬੁੱਧਵਾਰ","weekday-4-long":"ਵੀਰਵਾਰ","weekday-5-long":"ਸ਼ੁੱਕਰਵਾਰ","weekday-6-long":"ਸ਼ਨਿੱਚਰਵਾਰ","weekday-0-short":"ਐਤ","weekday-1-short":"ਸੋਮ","weekday-2-short":"ਮੰਗਲ","weekday-3-short":"ਬੁੱਧ","weekday-4-short":"ਵੀਰ","weekday-5-short":"ਸ਼ੁੱਕਰ","weekday-6-short":"ਸ਼ਨਿੱ","month-0-long":"ਜਨਵਰੀ","month-1-long":"ਫਰਵਰੀ","month-2-long":"ਮਾਰਚ","month-3-long":"ਅਪਰੈਲ","month-4-long":"ਮਈ","month-5-long":"ਜੂਨ","month-6-long":"ਜੁਲਾਈ","month-7-long":"ਅਗਸਤ","month-8-long":"ਸਤੰਬਰ","month-9-long":"ਅਕਤੂਬਰ","month-10-long":"ਨਵੰਬਰ","month-11-long":"ਦਸੰਬਰ","month-0-genitive":"ਜਨਵਰੀ","month-1-genitive":"ਫਰਵਰੀ","month-2-genitive":"ਮਾਰਚ","month-3-genitive":"ਅਪਰੈਲ","month-4-genitive":"ਮਈ","month-5-genitive":"ਜੂਨ","month-6-genitive":"ਜੁਲਾਈ","month-7-genitive":"ਅਗਸਤ","month-8-genitive":"ਸਤੰਬਰ","month-9-genitive":"ਅਕਤੂਬਰ","month-10-genitive":"ਨਵੰਬਰ","month-11-genitive":"ਦਸੰਬਰ","month-0-short":"ਜਨ","month-1-short":"ਫਰ","month-2-short":"ਮਾਰ","month-3-short":"ਅਪ","month-4-short":"ਮਈ","month-5-short":"ਜੂਨ","month-6-short":"ਜੁਲਾ","month-7-short":"ਅਗ","month-8-short":"ਸਤੰ","month-9-short":"ਅਕਤੂ","month-10-short":"ਨਵੰ","month-11-short":"ਦਸੰ","minutes-ago-long":{"_index":["plural","value"],"_":{"zero":"ਹੁਣੇ ਹੀਂ","one":"ਮਿੰਟ ਕੁ ਪਹਿਲਾਂ","two":"{{value}} ਮਿੰਟ ਪਹਿਲਾਂ","few":"{{value}} ਮਿੰਟ ਪਹਿਲਾਂ","many":"{{value}} ਮਿੰਟ ਪਹਿਲਾਂ","other":"{{value}}  ਮਿੰਟ ਪਹਿਲਾਂ"}},"hours-ago-long":{"_index":["plural","value"],"_":{"zero":"ਹੁਣੇ ਹੀ","one":"ਘੰਟਾ ਪਹਿਲਾਂ","two":"{{value}} ਘੰਟੇ ਪਹਿਲਾਂ","few":"{{value}} ਘੰਟੇ ਪਹਿਲਾਂ","many":"{{value}} ਘੰਟੇ ਪਹਿਲਾਂ","other":"{{value}} ਘੰਟੇ ਪਹਿਲਾਂ"}},"days-ago-long":{"_index":["plural","value"],"_":{"zero":"ਅੱਜ","one":"ਕੱਲ੍ਹ","two":"{{value}} ਦਿਨ ਪਹਿਲਾਂ","few":"{{value}} ਦਿਨ ਪਹਿਲਾਂ","many":"{{value}} ਦਿਨ ਪਹਿਲਾਂ","other":"{{value}} ਦਿਨ ਪਹਿਲਾਂ"}},"weeks-ago-long":{"_index":["plural","value"],"_":{"zero":"ਇਹ ਹਫ਼ਤੇ","one":"ਪਿਛਲੇ ਹਫ਼ਤੇ","two":"{{value}} ਹਫ਼ਤੇ ਪਹਿਲਾਂ","few":"{{value}} ਹਫ਼ਤੇ ਪਹਿਲਾਂ","many":"{{value}} ਹਫ਼ਤੇ ਪਹਿਲਾਂ","other":"{{value}} ਹਫ਼ਤੇ ਪਹਿਲਾਂ"}},"months-ago-long":{"_index":["plural","value"],"_":{"zero":"ਇਹ ਮਹੀਨੇ","one":"ਪਿਛਲੇ ਮਹੀਨੇ","two":"{{value}} ਮਹੀਨੇ ਪਹਿਲਾਂ","few":"{{value}} ਮਹੀਨੇ ਪਹਿਲਾਂ","many":"{{value}} ਮਹੀਨੇ ਪਹਿਲਾਂ","other":"{{value}} ਮਹੀਨੇ ਪਹਿਲਾਂ"}},"years-ago-long":{"_index":["plural","value"],"_":{"zero":"ਇਹ ਸਾਲ","one":"ਪਿਛਲੇ ਸਾਲ","two":"{{value}} ਸਾਲ ਪਹਿਲਾਂ","few":"{{value}} ਸਾਲ ਪਹਿਲਾਂ","many":"{{value}} ਸਾਲ ਪਹਿਲਾਂ","other":"{{value}} ਸਾਲ ਪਹਿਲਾਂ"}},"minutes-until-long":{"_index":["plural","value"],"_":{"zero":"ਹੁਣ","one":"ਮਿੰਟ ਵਿੱਚ","two":"{{value}} ਮਿੰਟਾਂ ਵਿੱਚ","few":"{{value}} ਮਿੰਟਾਂ ਵਿੱਚ","many":"{{value}} ਮਿੰਟਾਂ ਵਿੱਚ","other":"{{value}} ਮਿੰਟਾਂ ਵਿੱਚ"}},"hours-until-long":{"_index":["plural","value"],"_":{"zero":"ਹੁਣ","one":"ਇੱਕ ਘੰਟੇ ਵਿੱਚ","two":"{{value}} ਘੰਟਿਆਂ ਵਿੱਚ","few":"{{value}} ਘੰਟਿਆਂ ਵਿੱਚ","many":"{{value}} ਘੰਟਿਆਂ ਵਿੱਚ","other":"{{value}} ਘੰਟਿਆਂ ਵਿੱਚ"}},"days-until-long":{"_index":["plural","value"],"_":{"zero":"ਅੱਜ","one":"ਭਲਕੇ","two":"{{value}} ਦਿਨਾਂ ਵਿੱਚ","few":"{{value}} ਦਿਨਾਂ ਵਿੱਚ","many":"{{value}} ਦਿਨਾਂ ਵਿੱਚ","other":"{{value}} ਦਿਨਾਂ ਵਿੱਚ"}},"weeks-until-long":{"_index":["plural","value"],"_":{"zero":"ਇਸ ਹਫ਼ਤੇ","one":"ਅਗਲੇ ਹਫ਼ਤੇ","two":"{{value}} ਹਫ਼ਤਿਆਂ ਵਿੱਚ","few":"{{value}} ਹਫ਼ਤਿਆਂ ਵਿੱਚ","many":"{{value}} ਹਫ਼ਤਿਆਂ ਵਿੱਚ","other":"{{value}} ਹਫ਼ਤਿਆਂ ਵਿੱਚ"}},"months-until-long":{"_index":["plural","value"],"_":{"zero":"ਇਸ ਮਹੀਨੇ","one":"ਅਗਲੇ ਮਹੀਨੇ","two":"{{value}} ਮਹੀਨਿਆਂ ਵਿੱਚ","few":"{{value}} ਮਹੀਨਿਆਂ ਵਿੱਚ","many":"{{value}} ਮਹੀਨਿਆਂ ਵਿੱਚ","other":"{{value}} ਮਹੀਨਿਆਂ ਵਿੱਚ"}},"years-until-long":{"_index":["plural","value"],"_":{"zero":"ਇਸ ਸਾਲ","one":"ਅਗਲੇ ਸਾਲ","two":"{{value}} ਸਾਲਾਂ ਵਿੱਚ","few":"{{value}} ਸਾਲਾਂ ਵਿੱਚ","many":"{{value}} ਸਾਲਾਂ ਵਿੱਚ","other":"{{value}} ਸਾਲਾਂ ਵਿੱਚ"}},"minutes-ago-short":{"_index":["plural","value"],"_":{"zero":"ਹੁਣੇ ਹੀ","other":"{{value}}ਮਿੰ ਪਹਿਲਾਂ"}},"hours-ago-short":{"_index":["plural","value"],"_":{"zero":"ਹੁਣੇ ਹੀਂ","other":"{{value}}ਘੰ ਪਹਿਲਾਂ"}},"days-ago-short":{"_index":["plural","value"],"_":{"zero":"ਅੱਜ","other":"{{value}}ਦਿ ਪਹਿਲਾਂ"}},"minutes-until-short":{"_index":["plural","value"],"_":{"zero":"ਹੁਣ","other":"{{value}}ਮਿੰ ਵਿੱਚ"}},"hours-until-short":{"_index":["plural","value"],"_":{"zero":"ਹੁਣ","other":"{{value}}ਘੰ ਵਿੱਚ"}},"days-until-short":{"_index":["plural","value"],"_":{"zero":"ਅੱਜ","other":"{{value}}ਦਿ ਵਿੱਚ"}},"incorrectDate":"(ਗਲਤ ਮਿਤੀ)","dateTimeFormat_%c":"%a %e %b  %Y %I:%M:%S %p","dateTimeFormat_%x":"%d/%m/%Y","dateTimeFormat_%X":"%I:%M:%S %p","shortTimeFormat":"%I:%M %p","shortDateTimeFormat":"%x %I:%M %p","weekStartsOnMonday":"1","time_am":"ਸਵੇਰੇ","time_pm":"ਸ਼ਾਮ","label":"Label","mobile":"Mobile","home":"Home","work":"Work","personal":"Personal","faxHome":"Fax home","faxOffice":"Fax office","faxOther":"Fax other","another":"Another","other":"Other","customTag":{"placeholder":"Custom tag"},"current":"Current","itemWithLabel":"{{label}}, {{item}}"}