{"callAirplaneModeMessage":"Aby wykonać połączenie, należy wyłączyć tryb lotu w ustawieniach.","callAirplaneModeBtnOk":"OK","callAirplaneModeTitle":"Aktywny tryb lotu","numberIsBusyTitle":"Numer zajęty","numberIsBusyMessage":"Numer jest aktualnie zajęty. Proszę spróbować później.","fdnIsActiveTitle":"Wybieranie ustalone aktywne","fdnIsActiveMessage":"Wybieranie ustalone jest włączone, a następujący numer {{number}} nie znajduje się na liście dozwolonych","voiceMail":"Poczta głosowa","emergencyNumber":"Numer alarmowy","emergencyDialogBodyBadNumber":"Aby wykonać połączenie, telefon musi być połączony z siecią.","emergencyDialogBodyDeviceNotAccepted":"Sieć nie umożliwia wykonywania połączeń alarmowych.","emergencyDialogBtnOk":"OK","emergencyDialogTitle":"Brak połączenia z siecią","invalidNumberToDialTitle":"Nieprawidłowy numer","invalidNumberToDialMessage":"Wybrany numer telefonu jest nieprawidłowy.","unableToCallTitle":"Nie można wykonać połączenia","unableToCallMessage":"Wykonanie połączenia jest niemożliwe. Jeśli już dzwonisz, zakończ najpierw istniejące połączenie.","otherConnectionInUseTitle":"Aktywne inne połączenie","otherConnectionInUseMessage":"Inne połączenie jest aktywne. Można używać tylko jednego połączenia na raz.","addNewNumber":"Dodaj nowy numer","addToExistingContact":"Dodaj do istniejącego kontaktu","all":{"_":"Wszystkie","ariaLabel":"Wszystkie"},"callLog":"Połączenia","callLogEdit":{"title":"Edycja listy połączeń"},"callLogEditDialog":{"ariaLabel":"Okno edycji listy połączeń"},"connecting":"Łączenie…","cf-async":"Asynchroniczne: {{async}}\\n","cf-data":"Dane: {{data}}\\n","cf-error":"Wystąpił błąd podczas odbierania statusu przekazywania połączenia","cf-fax":"Faks: {{fax}}\\n","cf-inactive":"Nieaktywne","cf-packet":"Pakiet: {{packet}}\\n","cf-pad":"Pad: {{pad}}\\n","cf-sms":"Sms: {{sms}}\\n","cf-status":"Status przekazywania połączenia\\n","cf-sync":"Synchroniczne: {{sync}}\\n","cf-voice":"Głosowe: {{voice}}\\n","close":"Zamknij","confirm-deletion":"Wyczyścić wybrane połączenia?","contacts":{"ariaLabel":"Kontakty"},"createNewContact":"Utwórz nowy kontakt","delete":"Usuń","deselectAll":"Odznacz wszystkie","dialerAddContact":{"ariaLabel":"Dodaj kontakt"},"dialerAddContactDialog":{"ariaLabel":"Okno dodawania kontaktu"},"edit-selected":{"_index":["plural","n"],"_":{"one":"{{n}} znaznaczone","two":"{{n}} zaznaczone","few":"{{n}} zaznaczone","many":"{{n}} zaznaczonych"}},"edit":"Edytuj","hideKeypad":{"ariaLabel":"Ukryj klawiaturę"},"ignore":"Zignoruj połączenie","incoming":"Przychodzące","keypad":{"ariaLabel":"Klawiatura"},"makeCall":{"ariaLabel":"Wykonaj połączenie"},"merge":"Połącz","missed":{"_":"Nieodebrane","ariaLabel":"Nieodebrane"},"missedCall":"Nieodebrane połączenie","missedCallMultiSims":"Nieodebrane połączenie (SIM {{n}})","mmi-error":"Wystąpił błąd podczas wysyłania wiadomości","mmi-session-expired":"Ważność sesji wygasła","mmi-successfully-sent":"Wiadomość wysłana prawidłowo","mmi-notification-title-with-sim":"{{title}} ({{sim}})","mute":{"ariaLabel":"Wycisz"},"newCall":{"ariaLabel":"Nowe połączenie"},"no-logs-msg-1":"Brak połączeń","no-logs-msg-2":"Rozpocznij komunikację","no-logs-msg-3":"Brak nieodebranych połączeń","recents":{"ariaLabel":"Ostatnie połączenia"},"reply":"Odpowiedz","selectAll":"Zaznacz wszystkie","send":"Wyślij","switch-calls":"Przełącz rozmowy","today":"Dzisiaj","withheld-number":"Zastrzeżony numer","from-contact":"Od {{contact}}","from-number":"Z {{number}}","from-withheld-number":"Z zastrzeżonego numeru","yesterday":"Wczoraj","sending":"Wysyłanie…","speakerOption":{"ariaLabel":"Głośnik"},"ussd-services":"{{operator}} - usługi","toggleKeypad":{"ariaLabel":"Przełącz klawiaturę"},"type-your-response":{"placeholder":"Twoja odpowiedź…"},"clear-all-text":"Wyczyść cały tekst","hide":"Ukryj","call":"Zadzwoń","hold":{"ariaLabel":"Wstrzymaj"},"resume":{"_":"Wznów","ariaLabel":"Wznów"},"sendSms":"Wyślij wiadomość","callEnded":"Rozmowa zakończona","via-sim":"poprzez SIM {{n}}","sim-number":"SIM {{n}}","hangup-a11y-button":{"ariaLabel":"Rozłącz"},"pickup-a11y-button":{"ariaLabel":"Odbierz"},"unlock-a11y-button":{"ariaLabel":"Odblokuj"},"roaming":"{{operator}} (roaming)","settings":"Ustawienia","delete-n-log?":{"_index":["plural","n"],"_":{"zero":"Nie wybrano żadnych połączeń","one":"Usunąć wybrane połączenie?","two":"Usunąć {{n}} wybrane połączenia?","few":"Usunąć {{n}} wybrane połączenia?","many":"Usunąć {{n}} wybranych połączeń?"}},"callDurationMinutes":"{{m}}:{{s}}","callDurationHours":"{{h}}:{{m}}:{{s}}","suggestionMatches":{"_index":["plural","n"],"_":{"one":"{{n}} pasujący do „{{matchNumber}}”","two":"{{n}} pasujące do „{{matchNumber}}”","few":"{{n}} pasujące do „{{matchNumber}}”","many":"{{n}} pasujących do „{{matchNumber}}”"}},"scCallBarring":"Blokowanie połączeń","scCallForwarding":"Przekazywanie połączeń","scClip":"Prezentacja numeru","scClir":"Ukrywanie numeru","scPwd":"Zmiana hasła","scCallWaiting":"Połączenia oczekujące","scPin":"Zmiana kodu PIN","scPin2":"Zmiana kodu PIN2","scPuk":"Odblokuj PIN","scPuk2":"Odblokuj PIN2","scImei":"IMEI","scUssd":"USSD","serviceClassVoice":"Rozmowy","serviceClassData":"Dane","serviceClassFax":"Faks","serviceClassSms":"Sms","serviceClassDataSync":"Synchronicznie","serviceClassDataAsync":"Asynchronicznie","serviceClassPacket":"Pakiet","serviceClassPad":"PAD","smServiceEnabled":"Usługa została włączona","smServiceDisabled":"Usługa została wyłączona","smServiceRegistered":"Zarejestrowano","smServiceErased":"Wymazano","smServiceInterrogated":"Wysłano żądanie","smServiceNotProvisioned":"Usługa niedostępna","smClirPermanent":"Nie można zmienić ustawień identyfikatora abonenta","smClirDefaultOnNextCallOn":"Identyfikator abonenta domyślnie zastrzeżony. Następne połączenie: zastrzeżony","smClirDefaultOnNextCallOff":"Identyfikator abonenta domyślnie zastrzeżony. Następne połączenie: bez zastrzegania","smClirDefaultOffNextCallOn":"Identyfikator abonenta domyślnie bez zastrzegania. Następne połączenie: zastrzeżony","smClirDefaultOffNextCallOff":"Identyfikator abonenta domyślnie bez zastrzegania. Następne połączenie: bez zastrzegania","smServiceEnabledFor":"Usługa została włączona dla:","smPinChanged":"Kod PIN zmieniony","smPinUnblocked":"Kod PIN odblokowany","smPin2Changed":"Kod PIN2 zmieniony","smPin2Unblocked":"Kod PIN2 odblokowany","ServiceIsEnabled":"Service is enabled","ServiceIsDisabled":"Service is disabled","ServiceIsEnabledFor":"Service is enabled for:","emMmiError":"Błąd połączenia lub nieprawidłowy kod MMI","emMmiErrorPasswordIncorrect":"Nieprawidłowe hasło","emMmiErrorNotSupported":"Nieprawidłowy lub nieobsługiwany kod MMI","emMmiErrorInvalidAction":"Nieprawidłowa akcja","emMmiErrorInvalidScCode":"Nieprawidłowy kod usługi","emMmiErrorBadPuk":"Wprowadzono nieprawidłowy kod PUK","emMmiErrorBadPin":"Podano nieprawidłowy stary kod PIN.","emMmiErrorNeedPuk2":"Wprowadź kod PUK2, aby odblokować kartę SIM","emMmiErrorMismatchPin":"Wprowadzone kody PIN nie zgadzają się","emMmiErrorInvalidPin":"Wprowadź PIN składający się z 4 do 8 cyfr","emMmiErrorNeedsPuk":"Karta SIM zablokowana kodem PUK","emMmiErrorEnablePin":"Operacja nieudana. Włącz blokadę SIM/RUIM","emMmiErrorMmiFdn":"Operacja jest ograniczona do konkretnych numerów","emMmiErrorStkCcUssdDial":"Operacja USSD zmieniona na numer","emMmiErrorStkCcUssdSs":"Operacja USSD zmieniona na operację SS","emMmiErrorStkCcUssdUssd":"Operacja USSD zmieniona na nową","emMmiErrorStkCcSsDial":"Operacja SS zmieniona na numer","emMmiErrorStkCcSsUssd":"Operacja SS zmieniona na operację USSD","emMmiErrorStkCcSsSs":"Operacja SS zmieniona na nową","emMmiErrorPinPukAttempts":{"_index":["plural","n"],"_":{"one":"Pozostała tylko jedna próba","two":"Pozostały {{n}} próby","few":"Pozostały {{n}} próby","many":"Pozostało {{n}} prób"}},"emMmiErrorSimBlocked":"Wyczerpano dozwoloną liczbę prób. Karta SIM zablokowana","RadioNotAvailable":"Radio niedostępne","GenericFailure":"Wystąpił błąd","PasswordIncorrect":"Nieprawidłowe hasło","SimPin2":"SIM PIN2","SimPuk2":"SIM PUK2","RequestNotSupported":"Nieobsługiwane żądanie","OpNotAllowedDuringVoiceCall":"Operacja niedozwolona w trakcie rozmowy","SmsSendFailRetry":"Ponowne wysyłanie wiadomości SMS nieudane","SimAbsent":"Brak karty SIM","SubscriptionNotAvailable":"Subskrypcja niedostępna","ModeNotSupported":"Nieobsługiwany tryb","FdnCheckFailure":"Sprawdzanie statusu wybierania ustalonego nie powiodło się","IllegalSimOrMe":"SIM lub ME niedozwolone","DialModifiedToUssd":"Numer zmieniony na operację USSD","DialModifiedToSs":"Numer zmieniony na operację SS","DialModifiedToDial":"Numer zmieniony na numer","UssdModifiedToDial":"Operacja USSD zmieniona na numer","UssdModifiedToSs":"Operacja USSD zmieniona na operację SS","UssdModifiedToUssd":"Operacja USSD zmieniona na operację USSD","SsModifiedToDial":"Operacja SS zmieniona na numer","SsModifiedToUssd":"Operacja SS zmieniona na operację USSD","SsModifiedToSs":"Operacja SS zmieniona na operację SS","SubscriptionNotSupported":"Nieobsługiwana subskrypcja","InvalidParameter":"Nieprawidłowy parametr","RejectedByRemote":"Odrzucono przez zdalny","conferenceCall":"Połączenie konferencyjne ({{n}})","caller-left-call":"Zakończono rozmowę z „{{caller}}”","conferenceAddError":"Nie można połączyć rozmów","conferenceRemoveError":"Nie można rozłączyć rozmów","longDateFormat":"%A, %e %Eb","select-audio-sources":"Wybierz źródła audio","bluetooth-handsfree-device":"Urządzenie Bluetooth","receiver":"Odbiornik","speaker":"Głośnik","weekday-0-long":"Niedziela","weekday-1-long":"Poniedziałek","weekday-2-long":"Wtorek","weekday-3-long":"Środa","weekday-4-long":"Czwartek","weekday-5-long":"Piątek","weekday-6-long":"Sobota","weekday-0-short":"Nd","weekday-1-short":"Pn","weekday-2-short":"Wt","weekday-3-short":"Śr","weekday-4-short":"Cz","weekday-5-short":"Pt","weekday-6-short":"Sb","month-0-long":"Styczeń","month-1-long":"Luty","month-2-long":"Marzec","month-3-long":"Kwiecień","month-4-long":"Maj","month-5-long":"Czerwiec","month-6-long":"Lipiec","month-7-long":"Sierpień","month-8-long":"Wrzesień","month-9-long":"Październik","month-10-long":"Listopad","month-11-long":"Grudzień","month-0-genitive":"stycznia","month-1-genitive":"lutego","month-2-genitive":"marca","month-3-genitive":"kwietnia","month-4-genitive":"maja","month-5-genitive":"czerwca","month-6-genitive":"lipca","month-7-genitive":"sierpnia","month-8-genitive":"września","month-9-genitive":"października","month-10-genitive":"listopada","month-11-genitive":"grudnia","month-0-short":"sty","month-1-short":"lut","month-2-short":"mar","month-3-short":"kwi","month-4-short":"maj","month-5-short":"cze","month-6-short":"lip","month-7-short":"sie","month-8-short":"wrz","month-9-short":"paź","month-10-short":"lis","month-11-short":"gru","minutes-ago-long":{"_index":["plural","value"],"_":{"zero":"w tym momencie","one":"przed minutą","two":"dwie minuty temu","few":"{{value}} minuty temu","many":"{{value}} minut temu"}},"hours-ago-long":{"_index":["plural","value"],"_":{"zero":"w tej godzinie","one":"godzinę temu","two":"dwie godziny temu","few":"{{value}} godziny temu","many":"{{value}} godzin temu"}},"days-ago-long":{"_index":["plural","value"],"_":{"zero":"dzisiaj","one":"wczoraj","two":"przedwczoraj","few":"{{value}} dni temu","many":"{{value}} dni temu"}},"weeks-ago-long":{"_index":["plural","value"],"_":{"zero":"w tym tygodniu","one":"w zeszłym tygodniu","two":"dwa tygodnie temu","few":"{{value}} tygodnie temu","many":"{{value}} tygodni temu"}},"months-ago-long":{"_index":["plural","value"],"_":{"zero":"w tym miesiącu","one":"w zeszłym miesiącu","two":"dwa miesiące temu","few":"{{value}} miesiące temu","many":"{{value}} miesięcy temu"}},"years-ago-long":{"_index":["plural","value"],"_":{"zero":"w tym roku","one":"w zeszłym roku","two":"dwa lata temu","few":"{{value}} lata temu","many":"{{value}} lat temu"}},"minutes-until-long":{"_index":["plural","value"],"_":{"zero":"teraz","one":"za minutę","two":"za dwie minuty","few":"za {{value}} minuty","many":"za {{value}} minut"}},"hours-until-long":{"_index":["plural","value"],"_":{"zero":"teraz","one":"za godzinę","two":"za dwie godziny","few":"za {{value}} godziny","many":"za {{value}} godzin"}},"days-until-long":{"_index":["plural","value"],"_":{"zero":"dzisiaj","one":"jutro","two":"za dwa dni","few":"za {{value}} dni","many":"za {{value}} dni"}},"weeks-until-long":{"_index":["plural","value"],"_":{"zero":"w tym tygodniu","one":"w przyszłym tygodniu","two":"za dwa tygodnie","few":"za {{value}} tygodnie","many":"za {{value}} tygodni"}},"months-until-long":{"_index":["plural","value"],"_":{"zero":"w tym miesiącu","one":"w przyszłym miesiącu","two":"za dwa miesiące","few":"za {{value}} miesiące","many":"za {{value}} miesięcy"}},"years-until-long":{"_index":["plural","value"],"_":{"zero":"w tym roku","one":"w przyszłym roku","two":"za dwa lata","few":"za {{value}} lata","many":"za {{value}} lat"}},"minutes-ago-short":{"_index":["plural","value"],"_":{"zero":"teraz","other":"{{value}} min temu"}},"hours-ago-short":{"_index":["plural","value"],"_":{"zero":"teraz","other":"{{value}} godz. temu"}},"days-ago-short":{"_index":["plural","value"],"_":{"zero":"dzisiaj","other":"{{value}} dni temu"}},"minutes-until-short":{"_index":["plural","value"],"_":{"zero":"teraz","other":"za {{value}} min"}},"hours-until-short":{"_index":["plural","value"],"_":{"zero":"teraz","other":"za {{value}} godz."}},"days-until-short":{"_index":["plural","value"],"_":{"zero":"dzisiaj","other":"za {{value}} dni"}},"incorrectDate":"(nieprawidłowa data)","dateTimeFormat_%c":"%a, %e %b %Y, %H:%M:%S","dateTimeFormat_%x":"%e.%m.%Y","dateTimeFormat_%X":"%H:%M:%S","shortTimeFormat":"%H:%M","shortDateTimeFormat":"%x %H:%M","weekStartsOnMonday":"1","time_am":"AM","time_pm":"PM","label":"Etykieta","mobile":"Komórka","home":"Dom","work":"Praca","personal":"Prywatny","faxHome":"Domowy faks","faxOffice":"Służbowy faks","faxOther":"Inny faks","another":"Inna etykieta","other":"Inny","customTag":{"placeholder":"Własna etykieta"},"current":"Obecny","itemWithLabel":"{{item}} ({{label}})"}