{"callAirplaneModeMessage":"Para fazer uma chamada, desative o modo avião nas configurações.","callAirplaneModeBtnOk":"OK","callAirplaneModeTitle":"Modo avião ativado","numberIsBusyTitle":"Número está ocupado","numberIsBusyMessage":"O número está ocupado. Tente novamente mais tarde.","fdnIsActiveTitle":"FDN ativo","fdnIsActiveMessage":"Esse número está bloqueado pois ele não está na sua lista de números autorizados.","voiceMail":"Mensagens de voz","emergencyNumber":"Número de emergência","emergencyDialogBodyBadNumber":"Para fazer uma chamada, o telefone precisa estar conectado a uma rede.","emergencyDialogBodyDeviceNotAccepted":"Chamadas de emergência não permitidas pela rede.","emergencyDialogBtnOk":"OK","emergencyDialogTitle":"Sem conexão com a rede","invalidNumberToDialTitle":"Número inválido","invalidNumberToDialMessage":"O número de telefone chamado é inválido.","unableToCallTitle":"Impossível fazer uma chamada agora","unableToCallMessage":"Impossível fazer uma chamada. Se você já estiver digitando um número, por favor, desligue primeiro.","otherConnectionInUseTitle":"Outra conexão em uso","otherConnectionInUseMessage":"Você tem uma chamada ativa em outra conexão. Só é possível usar uma conexão por vez.","addNewNumber":"Adicionar novo número","addToExistingContact":"Adicionar a um contato","all":{"_":"Todas","ariaLabel":"Todas"},"callLog":"Chamadas","callLogEdit":{"title":"Editar log de chamadas"},"callLogEditDialog":{"ariaLabel":"Diálogo de edição do log de chamadas"},"connecting":"Conectando","cf-async":"Assíncrono: {{ async }}\\n","cf-data":"Dados: {{ data }}\\n","cf-error":"Ocorreu um erro ao recuperar status de desvio de chamadas","cf-fax":"FAX: {{ fax }}\\n","cf-inactive":"Inativo","cf-packet":"Pacote: {{ packet }}\\n","cf-pad":"PAD: {{ pad }}\\n","cf-sms":"SMS: {{ sms }}\\n","cf-status":"Status de desvio de chamadas\\n","cf-sync":"Síncrono: {{ sync }}\\n","cf-voice":"Voz: {{ voice }}\\n","close":"Fechar","confirm-deletion":"Apagar as chamadas selecionadas?","contacts":{"ariaLabel":"Contatos"},"createNewContact":"Criar novo contato","delete":"Apagar","deselectAll":"Des. todas","dialerAddContact":{"ariaLabel":"Adicionar contato"},"dialerAddContactDialog":{"ariaLabel":"Diálogo de adicionar contato"},"edit-selected":{"_index":["plural","n"],"_":{"one":"{{ n }} selecionada","two":"{{ n }} selecionadas","few":"{{ n }} selecionadas","many":"{{ n }} selecionadas","other":"{{ n }} selecionadas"}},"edit":"Editar","hideKeypad":{"ariaLabel":"Esconder teclado"},"ignore":"Ignorar chamada","incoming":"Recebidas","keypad":{"ariaLabel":"Teclado"},"makeCall":{"ariaLabel":"Fazer chamada"},"merge":"Combinar","missed":{"_":"Não atendidas","ariaLabel":"Não atendidas"},"missedCall":"Chamada não atendida","missedCallMultiSims":"(SIM {{ n }}) Chamada não atendida","mmi-error":"Ocorreu um erro ao enviar a mensagem","mmi-session-expired":"Sessão expirada","mmi-successfully-sent":"Mensagem enviada com sucesso","mmi-notification-title-with-sim":"({{sim}}) {{title}}","mute":{"ariaLabel":"Emudecer"},"newCall":{"ariaLabel":"Nova chamada"},"no-logs-msg-1":"Nenhuma chamada registrada","no-logs-msg-2":"Comece a se comunicar agora","no-logs-msg-3":"Nenhuma chamada não atendida","recents":{"ariaLabel":"Chamas recentes"},"reply":"Responder","selectAll":"Sel. todas","send":"Enviar","switch-calls":"Alternar chamada","today":"Hoje","withheld-number":"Número confidencial","from-contact":"De {{ contact }}","from-number":"De {{ number }}","from-withheld-number":"De número confidencial","yesterday":"Ontem","sending":"Enviando…","speakerOption":{"ariaLabel":"Alto-falante"},"ussd-services":"Serviços da {{ operator }}","toggleKeypad":{"ariaLabel":"Exibir/esconder teclado"},"type-your-response":{"placeholder":"Digite sua resposta…"},"clear-all-text":"Limpar tudo","hide":"Esconder","call":"Chamar","hold":{"ariaLabel":"Espera"},"resume":{"_":"Continuar","ariaLabel":"Continuar"},"sendSms":"Enviar mensagem","callEnded":"Chamada encerrada","via-sim":"via SIM{{ n }}","sim-number":"SIM{{ n }}","hangup-a11y-button":{"aria-label":"Desligar"},"pickup-a11y-button":{"aria-label":"Atender"},"unlock-a11y-button":{"aria-label":"Controle deslizante"},"roaming":"{{operator}} (Roaming)","settings":"Configurações","delete-n-log?":{"_index":["plural","n"],"_":{"zero":"Nada selecionado","one":"Apagar a entrada selecionada?","two":"Apagar {{ n }} entradas?","few":"Apagar {{ n }} entradas?","many":"Apagar {{ n }} entradas?","other":"Apagar {{ n }} entradas?"}},"callDurationMinutes":"{{ m }}min {{ s }}s","callDurationHours":"{{ h }}h {{ m }}min {{ s}}s","suggestionMatches":{"_index":["plural","n"],"_":{"one":"{{ n }} resultado para \"{{ matchNumber }}\"","two":"{{ n }} resultados para \"{{ matchNumber }}\"","few":"{{ n }} resultados para \"{{ matchNumber }}\"","many":"{{ n }} resultados para \"{{ matchNumber }}\"","other":"{{ n }} resultados para \"{{ matchNumber }}\""}},"scCallBarring":"Restrição de chamadas","scCallForwarding":"Desvio de chamadas","scClip":"Identificação da chamada de entrada","scClir":"Identificação do seu aparelho","scPwd":"Troca de senha","scCallWaiting":"Chamada em espera","scPin":"Troca de PIN","scPin2":"Troca de PIN2","scPuk":"Desbloqueio de PIN","scPuk2":"Desbloqueio de PIN2","scImei":"IMEI","scUssd":"USSD","serviceClassVoice":"Voz","serviceClassData":"Dados","serviceClassFax":"FAX","serviceClassSms":"SMS","serviceClassDataSync":"Síncrono","serviceClassDataAsync":"Assíncrono","serviceClassPacket":"Pacote","serviceClassPad":"PAD","smServiceEnabled":"O serviço foi ativado","smServiceDisabled":"O serviço foi desativado","smServiceRegistered":"Registro com sucesso","smServiceErased":"Excluído com sucesso","smServiceInterrogated":"Solicitação com sucesso","smServiceNotProvisioned":"Serviço não oferecido","smClirPermanent":"Você não pode alterar as configurações de identificação","smClirDefaultOnNextCallOn":"A configuração padrão de identificação é restrita. Próxima chamada: restrita","smClirDefaultOnNextCallOff":"A configuração padrão de identificação é restrita. Próxima chamada: irrestrita","smClirDefaultOffNextCallOn":"A configuração padrão de identificação é irrestrita. Próxima chamada: restrita","smClirDefaultOffNextCallOff":"A configuração padrão de identificação é irrestrita. Próxima chamada: irrestrita","smServiceEnabledFor":"O serviço foi ativado para:","smPinChanged":"PIN alterado com sucesso","smPinUnblocked":"PIN desbloqueado com sucesso","smPin2Changed":"PIN2 alterado com sucesso","smPin2Unblocked":"PIN2 desbloqueado com sucesso","ServiceIsEnabled":"Service is enabled","ServiceIsDisabled":"Service is disabled","ServiceIsEnabledFor":"Service is enabled for:","emMmiError":"Erro de conexão ou código MMI inválido","emMmiErrorPasswordIncorrect":"Senha incorreta","emMmiErrorNotSupported":"Código MMI inválido ou não suportado","emMmiErrorInvalidAction":"Ação inválida","emMmiErrorInvalidScCode":"Código de serviço inválido","emMmiErrorBadPuk":"O PUK que você digitou está incorreto","emMmiErrorBadPin":"O PIN atual que você digitou esá incorreto","emMmiErrorNeedPuk2":"Digite o PIN2 para desbloquear o chip SIM","emMmiErrorMismatchPin":"Os PINs que você digitou não correspondem","emMmiErrorInvalidPin":"Digite um PIN de 4 a 8 dígitos","emMmiErrorNeedsPuk":"Seu chip SIM está bloqueado","emMmiErrorEnablePin":"Sem sucesso. Ative o bloqueio SIM/RUIM","emMmiErrorMmiFdn":"A operação está restrita a apenas números determinados","emMmiErrorStkCcUssdDial":"A soliticação USSD está modificada para soliticação DIAL","emMmiErrorStkCcUssdSs":"A soliticação USSD está modificada para soliticação SS","emMmiErrorStkCcUssdUssd":"A soliticação USSD está modificada para soliticação USSD","emMmiErrorStkCcSsDial":"A soliticação SS está modificada para soliticação DIAL","emMmiErrorStkCcSsUssd":"A soliticação SS está modificada para soliticação USSD","emMmiErrorStkCcSsSs":"A soliticação SS está modificada para soliticação SS","emMmiErrorPinPukAttempts":{"_index":["plural","n"],"_":{"one":"Apenas {{ n }} tentativa restante","two":"{{ n }} tentativas restantes","few":"{{ n }} tentativas restantes","many":"{{ n }} tentativas restantes","other":"{{ n }} tentativas restantes"}},"emMmiErrorSimBlocked":"Número máximo de tentativas excedido. Chip bloqueado","RadioNotAvailable":"Rádio indisponível","GenericFailure":"Falha genérica","PasswordIncorrect":"Senha incorreta","SimPin2":"PIN2 do SIM","SimPuk2":"PUK2 do SIM","RequestNotSupported":"Solicitação não suportada","OpNotAllowedDuringVoiceCall":"Operação não permitida durante uma chamada de voz","SmsSendFailRetry":"Tentativa de reenvio de SMS","SimAbsent":"SIM ausente","SubscriptionNotAvailable":"Inscrição indisponível","ModeNotSupported":"Modo não suportado","FdnCheckFailure":"Falha de verificação Fdn","IllegalSimOrMe":"Chip SIM ou ME ilegal","DialModifiedToUssd":"Dial modificado para USSD","DialModifiedToSs":"Dial modificado para ss","DialModifiedToDial":"Dial modificado para dial","UssdModifiedToDial":"USSD modificado para dial","UssdModifiedToSs":"USSD modificado para SS","UssdModifiedToUssd":"USSD modificado para USSD","SsModifiedToDial":"SS modificado para dial","SsModifiedToUssd":"SS modificado para USSD","SsModifiedToSs":"SS modificado para SS","SubscriptionNotSupported":"Inscrição não suportada","InvalidParameter":"Parâmetro inválido","RejectedByRemote":"Rejeitado remotamente","conferenceCall":"Conference ({{n}})","caller-left-call":"{{ caller }} saiu da chamada.","conferenceAddError":"Não foi possível unir as chamadas","conferenceRemoveError":"Não foi possível separar as chamadas","longDateFormat":"%a, %e de %B","select-audio-sources":"Selecionar fontes de áudio","bluetooth-handsfree-device":"Dispositivo handsfree Bluetooth","receiver":"Recebedor","speaker":"Alto-falante","weekday-0-long":"Domingo","weekday-1-long":"Segunda-feira","weekday-2-long":"Terça-feira","weekday-3-long":"Quarta-feira","weekday-4-long":"Quinta-feira","weekday-5-long":"Sexta-feira","weekday-6-long":"Sábado","weekday-0-short":"Dom","weekday-1-short":"Seg","weekday-2-short":"Ter","weekday-3-short":"Qua","weekday-4-short":"Qui","weekday-5-short":"Sex","weekday-6-short":"Sáb","month-0-long":"Janeiro","month-1-long":"Fevereiro","month-2-long":"Março","month-3-long":"Abril","month-4-long":"Maio","month-5-long":"Junho","month-6-long":"Julho","month-7-long":"Agosto","month-8-long":"Setembro","month-9-long":"Outubro","month-10-long":"Novembro","month-11-long":"Dezembro","month-0-genitive":"Janeiro","month-1-genitive":"Fevereiro","month-2-genitive":"Março","month-3-genitive":"Abril","month-4-genitive":"Maio","month-5-genitive":"Junho","month-6-genitive":"Julho","month-7-genitive":"Agosto","month-8-genitive":"Setembro","month-9-genitive":"Outubro","month-10-genitive":"Novembro","month-11-genitive":"Dezembro","month-0-short":"Jan","month-1-short":"Fev","month-2-short":"Mar","month-3-short":"Abr","month-4-short":"Mai","month-5-short":"Jun","month-6-short":"Jul","month-7-short":"Ago","month-8-short":"Set","month-9-short":"Out","month-10-short":"Nov","month-11-short":"Dez","minutes-ago-long":{"_index":["plural","value"],"_":{"zero":"há pouco","one":"um minuto atrás","two":"{{value}} minutos atrás","few":"{{value}} minutos atrás","many":"{{value}} minutos atrás","other":"{{value}} minutos atrás"}},"hours-ago-long":{"_index":["plural","value"],"_":{"zero":"há pouco","one":"uma hora atrás","two":"{{value}} horas atrás","few":"{{value}} horas atrás","many":"{{value}} horas atrás","other":"{{value}} horas atrás"}},"days-ago-long":{"_index":["plural","value"],"_":{"zero":"hoje","one":"ontem","two":"{{value}} dias atrás","few":"{{value}} dias atrás","many":"{{value}} dias atrás","other":"{{value}} dias atrás"}},"weeks-ago-long":{"_index":["plural","value"],"_":{"zero":"esta semana","one":"semana passada","two":"{{value}} semanas atrás","few":"{{value}} semanas atrás","many":"{{value}} semanas atrás","other":"{{value}} semanas atrás"}},"months-ago-long":{"_index":["plural","value"],"_":{"zero":"este mês","one":"mês passado","two":"{{value}} meses atrás","few":"{{value}} meses atrás","many":"{{value}} meses atrás","other":"{{value}} meses atrás"}},"years-ago-long":{"_index":["plural","value"],"_":{"zero":"este ano","one":"ano passado","two":"{{value}} anos atrás","few":"{{value}} anos atrás","many":"{{value}} anos atrás","other":"{{value}} anos atrás"}},"minutes-until-long":{"_index":["plural","value"],"_":{"zero":"agora","one":"em um minuto","two":"em {{value}} minutos","few":"em {{value}} minutos","many":"em {{value}} minutos","other":"em {{value}} minutos"}},"hours-until-long":{"_index":["plural","value"],"_":{"zero":"agora","one":"em uma hora","two":"em {{value}} horas","few":"em {{value}} horas","many":"em {{value}} horas","other":"em {{value}} horas"}},"days-until-long":{"_index":["plural","value"],"_":{"zero":"hoje","one":"amanhã","two":"em {{value}} dias","few":"em {{value}} dias","many":"em {{value}} dias","other":"em {{value}} dias"}},"weeks-until-long":{"_index":["plural","value"],"_":{"zero":"esta semana","one":"semana que vem","two":"em {{value}} semanas","few":"em {{value}} semanas","many":"em {{value}} semanas","other":"em {{value}} semanas"}},"months-until-long":{"_index":["plural","value"],"_":{"zero":"este mês","one":"mês que vem","two":"em {{value}} meses","few":"em {{value}} meses","many":"em {{value}} meses","other":"em {{value}} meses"}},"years-until-long":{"_index":["plural","value"],"_":{"zero":"este ano","one":"ano que vem","two":"em {{value}} anos","few":"em {{value}} anos","many":"em {{value}} anos","other":"em {{value}} anos"}},"minutes-ago-short":{"_index":["plural","value"],"_":{"zero":"há pouco","other":"{{value}}min atrás"}},"hours-ago-short":{"_index":["plural","value"],"_":{"zero":"há pouco","other":"{{value}}h atrás"}},"days-ago-short":{"_index":["plural","value"],"_":{"zero":"hoje","other":"{{value}}d atrás"}},"minutes-until-short":{"_index":["plural","value"],"_":{"zero":"agora","other":"em {{value}}min"}},"hours-until-short":{"_index":["plural","value"],"_":{"zero":"agora","other":"em {{value}}h"}},"days-until-short":{"_index":["plural","value"],"_":{"zero":"hoje","other":"em {{value}}d"}},"incorrectDate":"(data incorreta)","dateTimeFormat_%c":"%A, %e de %B de %Y %Hh %Mmin %Ss","dateTimeFormat_%x":"%d/%m/%Y","dateTimeFormat_%X":"%Hh %Mmin %Ss","shortTimeFormat":"%Hh%M","shortDateTimeFormat":"%x %Hh%M","weekStartsOnMonday":"0","time_am":"AM","time_pm":"PM","label":"Label","mobile":"Mobile","home":"Home","work":"Work","personal":"Personal","faxHome":"Fax home","faxOffice":"Fax office","faxOther":"Fax other","another":"Another","other":"Other","customTag":{"placeholder":"Custom tag"},"current":"Current","itemWithLabel":"{{label}}, {{item}}"}