{"callAirplaneModeMessage":"Чтобы сделать звонок, вам нужно через настройки отключить Режим Полёта.","callAirplaneModeBtnOk":"OK","callAirplaneModeTitle":"Включён Режим Полёта","numberIsBusyTitle":"Номер занят","numberIsBusyMessage":"Этот номер сейчас занят. Пожалуйста, попробуйте позже.","fdnIsActiveTitle":"FDN активирован","fdnIsActiveMessage":"FDN (Список номеров) активирован и следующего номера нет в вашем FDN-списке: {{ number }}","voiceMail":"Голосовая почта","emergencyNumber":"Экстренный номер","emergencyDialogBodyBadNumber":"Чтобы сделать звонок, телефон должен быть подключён к сети.","emergencyDialogBodyDeviceNotAccepted":"В этой сети запрещены экстренные вызовы.","emergencyDialogBtnOk":"OK","emergencyDialogTitle":"Нет подключения к сети","invalidNumberToDialTitle":"Некорректный номер телефона","invalidNumberToDialMessage":"Вызываемый вами номер телефона является некорректным.","unableToCallTitle":"Не могу сейчас сделать телефонный звонок","unableToCallMessage":"Не могу произвести вызов. Если вы уже набираете, сначала повесьте трубку.","otherConnectionInUseTitle":"Используется другое соединение","otherConnectionInUseMessage":"У вас есть активный вызов на другом соединении. Вы можете использовать одновременно только одно соединение.","addNewNumber":"Добавить новый номер","addToExistingContact":"Добавить в имеющийся контакт","all":{"_":"Все","ariaLabel":"Все"},"callLog":"Журнал звонков","callLogEdit":{"title":"Изменить журнал звонков"},"callLogEditDialog":{"ariaLabel":"Диалог изменения журнала звонков"},"connecting":"Соединяюсь","cf-async":"Асинхронный: {{ async }}\\n","cf-data":"Данные: {{ data }}\\n","cf-error":"При получении статуса переадресации произошла ошибка","cf-fax":"FAX: {{ fax }}\\n","cf-inactive":"Неактивен","cf-packet":"Пакет: {{ packet }}\\n","cf-pad":"PAD: {{ pad }}\\n","cf-sms":"SMS: {{ sms }}\\n","cf-status":"Статус переадресации\\n","cf-sync":"Синхронный: {{ sync }}\\n","cf-voice":"Голос: {{ voice }}\\n","close":"Закрыть","confirm-deletion":"Удалить выделенные звонки?","contacts":{"ariaLabel":"Контакты"},"createNewContact":"Создать новый контакт","delete":"Удалить","deselectAll":"Снять со всех","dialerAddContact":{"ariaLabel":"Добавить контакт"},"dialerAddContactDialog":{"ariaLabel":"Диалог добавления контакта"},"edit-selected":{"_index":["plural","n"],"_":{"one":"{{ n }} выбран","two":"{{ n }} выбрано","few":"{{ n }} выбрано","many":"{{ n }} выбрано","other":"{{ n }} выбрано"}},"edit":"Правка","hideKeypad":{"ariaLabel":"Скрыть панель кнопок"},"ignore":"Игнорировать звонок","incoming":"Входящие","keypad":{"ariaLabel":"Панель кнопок"},"makeCall":{"ariaLabel":"Сделать вызов"},"merge":"Слить","missed":{"_":"Пропущенные","ariaLabel":"Пропущенные"},"missedCall":"Пропущенные звонки","missedCallMultiSims":"(SIM {{ n }}) Пропущенный звонок","mmi-error":"При отправке сообщения произошла ошибка","mmi-session-expired":"Сессия истекла","mmi-successfully-sent":"Сообщение успешно отправлено","mmi-notification-title-with-sim":"({{sim}}) {{title}}","mute":{"ariaLabel":"Убрать звук"},"newCall":{"ariaLabel":"Новый вызов"},"no-logs-msg-1":"Звонков не было","no-logs-msg-2":"Начните общаться прямо сейчас","no-logs-msg-3":"Нет пропущенных звонков","recents":{"ariaLabel":"Последние звонки"},"reply":"Перезвонить","selectAll":"Выделить всё","send":"Послать","switch-calls":"Переключить звонки","today":"Сегодня","withheld-number":"Подавленный номер","from-contact":"От {{ contact }}","from-number":"С {{ number }}","from-withheld-number":"С подавленного номера","yesterday":"Вчера","sending":"Отправка...","speakerOption":{"ariaLabel":"Спикер"},"ussd-services":"службы {{ operator }}","toggleKeypad":{"ariaLabel":"Переключить панель кнопок"},"type-your-response":{"placeholder":"Наберите ваш ответ..."},"clear-all-text":"Очистить весь текст","hide":"Скрыть","call":"Позвонить","hold":{"ariaLabel":"Удерживать"},"resume":{"_":"Возобновить","ariaLabel":"Возобновить"},"sendSms":"Послать сообщение","callEnded":"Звонок завершён","via-sim":"через SIM{{ n }}","sim-number":"SIM{{ n }}","hangup-a11y-button":{"ariaLabel":"Повесить трубку"},"pickup-a11y-button":{"ariaLabel":"Снять трубку"},"unlock-a11y-button":{"ariaLabel":"Слайдер"},"roaming":"{{operator}} (Roaming)","settings":"Настройки","delete-n-log?":{"_index":["plural","n"],"_":{"zero":"Ничего не выбрано","one":"Удалить выбранный лог?","two":"Удалить {{ n }} лога?","few":"Удалить {{ n }} лога?","many":"Удалить {{ n }} логов?","other":"Удалить {{ n }} логов?"}},"callDurationMinutes":"{{ m }}:{{ s }}","callDurationHours":"{{ h }}:{{ m }}:{{ s}}","suggestionMatches":{"_index":["plural","n"],"_":{"one":"{{ n }} подходящий под \"{{ matchNumber }}\"","two":"{{ n }} подходящих под \"{{ matchNumber }}\"","few":"{{ n }} подходящих под \"{{ matchNumber }}\"","many":"{{ n }} подходящих под \"{{ matchNumber }}\"","other":"{{ n }} подходящих под \"{{ matchNumber }}\""}},"scCallBarring":"Запрет вызова","scCallForwarding":"Переадресация","scClip":"АОН (вход.)","scClir":"АОН (исх.)","scPwd":"Смена пароля","scCallWaiting":"Ожидание вызова","scPin":"Смена PIN","scPin2":"Смена PIN2","scPuk":"Разбл. PIN","scPuk2":"Разбл. PIN2","scImei":"IMEI","scUssd":"USSD","serviceClassVoice":"Голос","serviceClassData":"Данные","serviceClassFax":"ФАКС","serviceClassSms":"SMS","serviceClassDataSync":"Синхронные","serviceClassDataAsync":"Асинхронные","serviceClassPacket":"Пакет","serviceClassPad":"PAD","smServiceEnabled":"Сервис был включён","smServiceDisabled":"Сервис был отключён","smServiceRegistered":"Регистрация прошла успешно","smServiceErased":"Стирание прошло успешно","smServiceInterrogated":"Запрос был успешен","smServiceNotProvisioned":"Сервис не предоставляется","smClirPermanent":"Вы не можете изменить параметр определения вашего номера","smClirDefaultOnNextCallOn":"Определение вашего номера по умолчанию заблокировано. Следующий вызов: Заблокировано","smClirDefaultOnNextCallOff":"Определение вашего номера по умолчанию заблокировано. Следующий вызов: Не заблокировано","smClirDefaultOffNextCallOn":"Определение вашего номера по умолчанию не заблокировано. Следующий вызов: Заблокировано","smClirDefaultOffNextCallOff":"Определение вашего номера по умолчанию не заблокировано. Следующий вызов: Не заблокировано","smServiceEnabledFor":"Сервис был включён для:","smPinChanged":"PIN успешно изменён","smPinUnblocked":"PIN успешно разблокирован","smPin2Changed":"PIN2 успешно изменён","smPin2Unblocked":"PIN2 успешно разблокирован","ServiceIsEnabled":"Service is enabled","ServiceIsDisabled":"Service is disabled","ServiceIsEnabledFor":"Service is enabled for:","emMmiError":"Проблема с соединением или некорректный код MMI","emMmiErrorPasswordIncorrect":"Неверный пароль","emMmiErrorNotSupported":"Некорректный или неподдерживаемый код MMI","emMmiErrorInvalidAction":"Некорректное действие","emMmiErrorInvalidScCode":"Некорректный код сервиса","emMmiErrorBadPuk":"Вы набрали неправильный PUK","emMmiErrorBadPin":"Вы набрали неправильный старый PIN.","emMmiErrorNeedPuk2":"Для разблокировки SIM-карты наберите PUK2","emMmiErrorMismatchPin":"Набранные вами PINы не совпадают","emMmiErrorInvalidPin":"Наберите PIN длиной от 4 до 8 цифр","emMmiErrorNeedsPuk":"Ваша SIM-карта заблокирована через PUK","emMmiErrorEnablePin":"Неудачно. Включите SIM/RUIM LOCK","emMmiErrorMmiFdn":"Разрешено только производить набор номеров из заданного списка","emMmiErrorStkCcUssdDial":"Запрос USSD преобразован в запрос DIAL","emMmiErrorStkCcUssdSs":"Запрос USSD преобразован в запрос SS","emMmiErrorStkCcUssdUssd":"Запрос USSD преобразован в новый запрос USSD","emMmiErrorStkCcSsDial":"Запрос SS преобразован в запрос DIAL","emMmiErrorStkCcSsUssd":"Запрос SS преобразован в запрос USSD","emMmiErrorStkCcSsSs":"Запрос SS преобразован в новый запрос SS","emMmiErrorPinPukAttempts":{"_index":["plural","n"],"_":{"one":"осталась {{ n }} попытка","two":"осталось {{ n }} попытки","few":"осталось {{ n }} попытки","many":"осталось {{ n }} попыток","other":"осталось {{ n }} попыток"}},"emMmiErrorSimBlocked":"Превышено максимальное число попыток. SIM заблокирована","RadioNotAvailable":"Радио не доступно","GenericFailure":"Общая ошибка","PasswordIncorrect":"Неверный пароль","SimPin2":"SIM PIN2","SimPuk2":"SIM PUK2","RequestNotSupported":"Запрос не поддерживается","OpNotAllowedDuringVoiceCall":"Во время голосового вызова операция не разрешена","SmsSendFailRetry":"Повтор отправки SMS после ошибки","SimAbsent":"Отсутствует SIM","SubscriptionNotAvailable":"Подписка недоступна","ModeNotSupported":"Режим не поддерживается","FdnCheckFailure":"Ошибка проверки Fdn","IllegalSimOrMe":"Нелегальный SIM или ME","DialModifiedToUssd":"Набор преобразован в USSD","DialModifiedToSs":"Набор преобразован в SS","DialModifiedToDial":"Набор преобразован в набор","UssdModifiedToDial":"USSD преобразован в набор","UssdModifiedToSs":"USSD преобразован в SS","UssdModifiedToUssd":"USSD преобразован в USSD","SsModifiedToDial":"SS преобразован в набор","SsModifiedToUssd":"SS преобразован в USSD","SsModifiedToSs":"SS преобразован в SS","SubscriptionNotSupported":"Подписка не поддерживается","InvalidParameter":"Некорректный параметр","RejectedByRemote":"Отклонено удалённо","conferenceCall":"Conference ({{n}})","caller-left-call":"{{ caller }} покинул конференцию.","conferenceAddError":"Не удалось свести вызовы","conferenceRemoveError":"Не удалось развести вызовы","longDateFormat":"%A, %e %Eb","select-audio-sources":"Выберите источники аудио","bluetooth-handsfree-device":"Устройство громкой связи Bluetooth","receiver":"Телефон","speaker":"Спикер","weekday-0-long":"Воскресенье","weekday-1-long":"Понедельник","weekday-2-long":"Вторник","weekday-3-long":"Среда","weekday-4-long":"Четверг","weekday-5-long":"Пятница","weekday-6-long":"Суббота","weekday-0-short":"Вс","weekday-1-short":"Пн","weekday-2-short":"Вт","weekday-3-short":"Ср","weekday-4-short":"Чт","weekday-5-short":"Пт","weekday-6-short":"Сб","month-0-long":"Январь","month-1-long":"Февраль","month-2-long":"Март","month-3-long":"Апрель","month-4-long":"Май","month-5-long":"Июнь","month-6-long":"Июль","month-7-long":"Август","month-8-long":"Сентябрь","month-9-long":"Октябрь","month-10-long":"Ноябрь","month-11-long":"Декабрь","month-0-genitive":"января","month-1-genitive":"февраля","month-2-genitive":"марта","month-3-genitive":"апреля","month-4-genitive":"мая","month-5-genitive":"июня","month-6-genitive":"июля","month-7-genitive":"августа","month-8-genitive":"сентября","month-9-genitive":"октября","month-10-genitive":"ноября","month-11-genitive":"декабря","month-0-short":"Январь","month-1-short":"Февраль","month-2-short":"Март","month-3-short":"Апрель","month-4-short":"Май","month-5-short":"Июнь","month-6-short":"Июль","month-7-short":"Август","month-8-short":"Сентябрь","month-9-short":"Октябрь","month-10-short":"Ноябрь","month-11-short":"Декабрь","minutes-ago-long":{"_index":["plural","value"],"_":{"zero":"прямо сейчас","one":"{{value}} минуту назад","two":"{{value}} минуты назад","few":"{{value}} минуты назад","many":"{{value}} минут назад","other":"{{value}} минут назад"}},"hours-ago-long":{"_index":["plural","value"],"_":{"zero":"прямо сейчас","one":"{{value}} час назад","two":"{{value}} часа назад","few":"{{value}} часа назад","many":"{{value}} часов назад","other":"{{value}} часов назад"}},"days-ago-long":{"_index":["plural","value"],"_":{"zero":"сегодня","one":"{{value}} день назад","two":"{{value}} дня назад","few":"{{value}} дня назад","many":"{{value}} дней назад","other":"{{value}} дней назад"}},"weeks-ago-long":{"_index":["plural","value"],"_":{"zero":"эта неделя","one":"{{value}} неделя назад","two":"{{value}} недели назад","few":"{{value}} недели назад","many":"{{value}} недель назад","other":"{{value}} недель назад"}},"months-ago-long":{"_index":["plural","value"],"_":{"zero":"этот месяц","one":"{{value}} месяц назад","two":"{{value}} месяца назад","few":"{{value}} месяца назад","many":"{{value}} месяцев назад","other":"{{value}} месяцев назад"}},"years-ago-long":{"_index":["plural","value"],"_":{"zero":"этот год","one":"{{value}} год назад","two":"{{value}} года назад","few":"{{value}} года назад","many":"{{value}} лет назад","other":"{{value}} лет назад"}},"minutes-until-long":{"_index":["plural","value"],"_":{"zero":"сейчас","one":"через {{value}} минуту","two":"через {{value}} минуты","few":"через {{value}} минуты","many":"через {{value}} минут","other":"через {{value}} минут"}},"hours-until-long":{"_index":["plural","value"],"_":{"zero":"сейчас","one":"через {{value}} час","two":"через {{value}} часа","few":"через {{value}} часа","many":"через {{value}} часов","other":"через {{value}} часов"}},"days-until-long":{"_index":["plural","value"],"_":{"zero":"сегодня","one":"через {{value}} день","two":"через {{value}} дня","few":"через {{value}} дня","many":"через {{value}} дней","other":"через {{value}} дней"}},"weeks-until-long":{"_index":["plural","value"],"_":{"zero":"эта неделя","one":"через {{value}} неделю","two":"через {{value}} недели","few":"через {{value}} недели","many":"через {{value}} недель","other":"через {{value}} недель"}},"months-until-long":{"_index":["plural","value"],"_":{"zero":"этот месяц","one":"через {{value}} месяц","two":"через {{value}} месяца","few":"через {{value}} месяца","many":"через {{value}} месяцев","other":"через {{value}} месяцев"}},"years-until-long":{"_index":["plural","value"],"_":{"zero":"этот год","one":"через {{value}} год","two":"через {{value}} года","few":"через {{value}} года","many":"через {{value}} лет","other":"через {{value}} лет"}},"minutes-ago-short":{"_index":["plural","value"],"_":{"zero":"сейчас","other":"{{value}}м назад"}},"hours-ago-short":{"_index":["plural","value"],"_":{"zero":"сейчас","other":"{{value}}ч назад"}},"days-ago-short":{"_index":["plural","value"],"_":{"zero":"сегодня","other":"{{value}}д назад"}},"minutes-until-short":{"_index":["plural","value"],"_":{"zero":"сейчас","other":"через {{value}}м"}},"hours-until-short":{"_index":["plural","value"],"_":{"zero":"сейчас","other":"через {{value}}ч"}},"days-until-short":{"_index":["plural","value"],"_":{"zero":"сегодня","other":"через {{value}}д"}},"incorrectDate":"(некорректная дата)","dateTimeFormat_%c":"%a, %e %Eb %Y, %H:%M:%S","dateTimeFormat_%x":"%d.%m.%Y","dateTimeFormat_%X":"%H:%M:%S","shortTimeFormat":"%H:%M","shortDateTimeFormat":"%x %H:%M","weekStartsOnMonday":"1","time_am":"AM","time_pm":"PM","label":"Label","mobile":"Mobile","home":"Home","work":"Work","personal":"Personal","faxHome":"Fax home","faxOffice":"Fax office","faxOther":"Fax other","another":"Another","other":"Other","customTag":{"placeholder":"Custom tag"},"current":"Current","itemWithLabel":"{{label}}, {{item}}"}