{"callAirplaneModeMessage":"Ak chcete uskutočniť hovor, musíte vypnúť režim V lietadle.","callAirplaneModeBtnOk":"OK","callAirplaneModeTitle":"Aktivovaný režim V lietadle","numberIsBusyTitle":"Číslo je zaneprázdnené","numberIsBusyMessage":"Číslo je momentálne zaneprázdnené. Skúste to neskôr.","fdnIsActiveTitle":"FDN je aktívne","fdnIsActiveMessage":"Pevný zoznam príjemcov (FDN) je aktivovaný a nasledovné číslo sa nenachádza vo vašom zozname povolených čísiel: {{ number }}","voiceMail":"Hlasová správa","emergencyNumber":"Tiesňové číslo","emergencyDialogBodyBadNumber":"Ak chcete uskutočniť hovor, telefón musí byť pripojený do siete.","emergencyDialogBodyDeviceNotAccepted":"Tiesňové volania nie sú v tejto sieti podporované.","emergencyDialogBtnOk":"OK","emergencyDialogTitle":"Bez pripojenia k sieti","invalidNumberToDialTitle":"Neplatné telefónne číslo","invalidNumberToDialMessage":"Volané číslo nie je platné.","unableToCallTitle":"Teraz nie je možné uskutočniť hovor","unableToCallMessage":"Nie je možné uskutočniť hovor. Ak už vytáčate číslo, prosím, najskôr zaveste.","otherConnectionInUseTitle":"Práve sa používa iné spojenie","otherConnectionInUseMessage":"Práve prebieha hovor v ďalšom vašom spojení. Naraz je možné využívať len jedno spojenie.","addNewNumber":"Pridať nové číslo","addToExistingContact":"Pridať k existujúcemu kontaktu","all":{"_":"Všetky","ariaLabel":"Všetky"},"callLog":"Denník volaní","callLogEdit":{"title":"Úprava denníka volaní"},"callLogEditDialog":{"ariaLabel":"Dialógové okno Úprava denníka volaní"},"connecting":"Pripája sa","cf-async":"Asynchrónne: {{ async }}\\n","cf-data":"Dáta: {{ data }}\\n","cf-error":"Počas zisťovania stavu presmerovania hovorov sa vyskytla chyba","cf-fax":"Fax: {{ fax }}\\n","cf-inactive":"Neaktívne","cf-packet":"Paket: {{ packet }}\\n","cf-pad":"PAD: {{ pad }}\\n","cf-sms":"SMS: {{ sms }}\\n","cf-status":"Stav presmerovania hovorov\\n","cf-sync":"Synchrónny: {{ sync }}\\n","cf-voice":"Hlas: {{ voice }}\\n","close":"Zavrieť","confirm-deletion":"Vymazať zvolené volania?","contacts":{"ariaLabel":"Kontakty"},"createNewContact":"Vytvoriť nový kontakt","delete":"Odstrániť","deselectAll":"Zrušiť označenie všetkých","dialerAddContact":{"ariaLabel":"Pridať kontakt"},"dialerAddContactDialog":{"ariaLabel":"Dialógové okno Pridať kontakt"},"edit-selected":{"_index":["plural","n"],"_":{"one":"{{ n }} zvolený","two":"{{ n }} zvolené","few":"{{ n }} zvolené","many":"{{ n }} zvolených","other":"{{ n }} zvolených"}},"edit":"Upraviť","hideKeypad":{"ariaLabel":"Skryť klávesnicu"},"ignore":"Ignorovať hovor","incoming":"Prichádzajúci","keypad":{"ariaLabel":"Klávesnica"},"makeCall":{"ariaLabel":"Zavolať"},"merge":"Spojiť","missed":{"_":"Zmeškané","ariaLabel":"Zmeškané"},"missedCall":"Zmeškaný hovor","missedCallMultiSims":"Zmeškaný hovor na karte SIM{{ n }}","mmi-error":"Počas odosielania správy sa vyskytla chyba","mmi-session-expired":"Relácia vypršala","mmi-successfully-sent":"Správa bola úspešne odoslaná","mmi-notification-title-with-sim":"({{sim}}) {{title}}","mute":{"ariaLabel":"Stlmiť"},"newCall":{"ariaLabel":"Nový hovor"},"no-logs-msg-1":"Nie sú zaznamenané žiadne hovory","no-logs-msg-2":"Začnite komunikovať","no-logs-msg-3":"Žiadne zmeškané hovory","recents":{"ariaLabel":"Posledné hovory"},"reply":"Odpovedať","selectAll":"Vybrať všetko","send":"Odoslať","switch-calls":"Prepnúť hovory","today":"Dnes","withheld-number":"Utajené číslo","from-contact":"Od: {{ contact }}","from-number":"Od: {{ number }}","from-withheld-number":"Z utajeného čísla","yesterday":"Včera","sending":"Odosiela sa…","speakerOption":{"ariaLabel":"Reproduktor"},"ussd-services":"Služby {{ operator }}","toggleKeypad":{"ariaLabel":"Prepnúť klávesnicu"},"type-your-response":{"placeholder":"Zadajte svoju odpoveď…"},"clear-all-text":"Vymazať text","hide":"Skryť","call":"Volať","hold":{"ariaLabel":"Podržať"},"resume":{"_":"Obnoviť","ariaLabel":"Obnoviť"},"sendSms":"Odoslať správu","callEnded":"Hovor ukončený","via-sim":"cez SIM{{ n }}","sim-number":"SIM{{ n }}","hangup-a11y-button":{"ariaLabel":"Položiť"},"pickup-a11y-button":{"ariaLabel":"Zdvihnúť"},"unlock-a11y-button":{"ariaLabel":"Vysúvač"},"roaming":"{{operator}} (Roaming)","settings":"Nastavenia","delete-n-log?":{"_index":["plural","n"],"_":{"zero":"Nie je zvolený záznam","one":"Odstrániť zvolený záznam?","two":"Odstrániť {{ n }} záznamy?","few":"Odstrániť {{ n }} záznamy?","many":"Odstrániť {{ n }} záznamov?","other":"Odstrániť {{ n }} záznamov?"}},"callDurationMinutes":"{{ m }}:{{ s }}","callDurationHours":"{{ h }}:{{ m }}:{{ s}}","suggestionMatches":{"_index":["plural","n"],"_":{"one":"{{ n }} zhoda pre \"{{ matchNumber }}\"","two":"{{ n }} zhody pre \"{{ matchNumber }}\"","few":"{{ n }} zhody pre \"{{ matchNumber }}\"","many":"{{ n }} zhôd pre \"{{ matchNumber }}\"","other":"{{ n }} zhôd pre \"{{ matchNumber }}\""}},"scCallBarring":"Blok. hovorov","scCallForwarding":"Presmer. hovoru","scClip":"ID prich. hovoru","scClir":"ID odch. hovoru","scPwd":"Zmena hesla","scCallWaiting":"Čakajúci hovor","scPin":"Zmena PIN","scPin2":"Zmena PIN2","scPuk":"Odblokovanie PIN","scPuk2":"Odblokovať PIN2","scImei":"IMEI","scUssd":"USSD","serviceClassVoice":"Hlas","serviceClassData":"Dáta","serviceClassFax":"FAX","serviceClassSms":"SMS","serviceClassDataSync":"Sync","serviceClassDataAsync":"Async","serviceClassPacket":"Packet","serviceClassPad":"PAD","smServiceEnabled":"Služba bola povolená","smServiceDisabled":"Služba bolo zakázaná","smServiceRegistered":"Registrácia bola úspešná","smServiceErased":"Vymazanie bolo úspešné","smServiceInterrogated":"Požiadavka bola úspešná","smServiceNotProvisioned":"Služba nie je povolená","smClirPermanent":"Nemôžete zmeniť nastavenie identifikátora volajúceho","smClirDefaultOnNextCallOn":"Identifikátor volajúceho je predvolene utajený. Ďalší hovor: utajený","smClirDefaultOnNextCallOff":"Identifikátor volajúceho je predvolene utajený. Ďalší hovor: neutajený","smClirDefaultOffNextCallOn":"Identifikátor volajúceho je predvolene neutajený. Ďalší hovor: utajený","smClirDefaultOffNextCallOff":"Identifikátor volajúceho je predvolene neutajený. Ďalší hovor: neutajený","smServiceEnabledFor":"Služba bola povolená pre:","smPinChanged":"Kód PIN bol úspešne zmenený","smPinUnblocked":"Kód PIN bol úspešne odblokovaný","smPin2Changed":"Kód PIN2 bol úspešne zmenený","smPin2Unblocked":"Kód PIN2 bol úspešne odblokovaný","ServiceIsEnabled":"Service is enabled","ServiceIsDisabled":"Service is disabled","ServiceIsEnabledFor":"Service is enabled for:","emMmiError":"Problém s pripojením alebo neplatný kód MMI","emMmiErrorPasswordIncorrect":"Nesprávne heslo","emMmiErrorNotSupported":"Neplatný alebo nepodporovaný kód MMI","emMmiErrorInvalidAction":"Neplatná akcia","emMmiErrorInvalidScCode":"Neplatný kód služby","emMmiErrorBadPuk":"Zadaný kód PUK nie je správny.","emMmiErrorBadPin":"Starý kód PIN nie je správny.","emMmiErrorNeedPuk2":"Na odblokovanie karty SIM zadajte kód PUK2","emMmiErrorMismatchPin":"Zadané kódy PIN sa nezhodujú","emMmiErrorInvalidPin":"Zadajte kód PIN, ktorý má 4 až 8 číslic","emMmiErrorNeedsPuk":"Vaša karta SIM je uzamknutá kódom PUK","emMmiErrorEnablePin":"Neúspešné. Povoľte SIM/RUIM LOCK","emMmiErrorMmiFdn":"Operácia je obmedzená len na pevný zoznam povolených čísiel","emMmiErrorStkCcUssdDial":"Požiadavka USSD je zmenená na požiadavku DIAL","emMmiErrorStkCcUssdSs":"Požiadavka USSD je zmenená na požiadavku SS","emMmiErrorStkCcUssdUssd":"Požiadavka USSD je zmenená na novú požiadavku USSD","emMmiErrorStkCcSsDial":"Požiadavka SS je zmenená na požiadavku DIAL","emMmiErrorStkCcSsUssd":"Požiadavka SS je zmenená na požiadavku USSD","emMmiErrorStkCcSsSs":"Požiadavka SS je zmenená na novú požiadavku SS","emMmiErrorPinPukAttempts":{"_index":["plural","n"],"_":{"one":"Zostáva už len {{ n }} pokus","two":"Zostávajú {{ n }} pokusy","few":"Zostávajú {{ n }} pokusy","many":"Zostáva {{ n }} pokusov","other":"Zostáva {{ n }} pokusov"}},"emMmiErrorSimBlocked":"Dosiahli ste maximálny povolený počet pokusov. Karta SIM je zablokovaná.","RadioNotAvailable":"Sieť nie je dostupná","GenericFailure":"Všeobecné zlyhanie","PasswordIncorrect":"Neplatné heslo","SimPin2":"SIM PIN2","SimPuk2":"SIM PUK2","RequestNotSupported":"Požiadavka nie je podporovaná","OpNotAllowedDuringVoiceCall":"Operácia nie je povolená počas hlasového hovoru","SmsSendFailRetry":"Opakované zlyhanie odoslania správy SMS","SimAbsent":"Chýbajúca karta SIM","SubscriptionNotAvailable":"Odber nie je dostupný","ModeNotSupported":"Režim nie je podporovaný","FdnCheckFailure":"Kontrola Fdn zlyhala","IllegalSimOrMe":"Neplatná SIM alebo ME","DialModifiedToUssd":"Dial upravené na USSD","DialModifiedToSs":"Dial upravené na SS","DialModifiedToDial":"Dial upravené na dial","UssdModifiedToDial":"USSD upravené na dial","UssdModifiedToSs":"USSD upravené na SS","UssdModifiedToUssd":"USSD upravené na USSD","SsModifiedToDial":"SS upravené na dial","SsModifiedToUssd":"SS upravené na USSD","SsModifiedToSs":"SS upravené na SS","SubscriptionNotSupported":"Odber nie je podporovaný","InvalidParameter":"Neplatný parameter","RejectedByRemote":"Zamietnuté vzdialenou stranou","conferenceCall":"Conference ({{n}})","caller-left-call":"{{ caller }} opustil hovor.","conferenceAddError":"Nie je možné spojiť hovory","conferenceRemoveError":"Nie je možné rozdeliť hovory","longDateFormat":"%A, %e. %Eb","select-audio-sources":"Zvoľte zdroje zvuku","bluetooth-handsfree-device":"Bluetooth zariadenie handsfree","receiver":"Prijímač","speaker":"Reproduktor","weekday-0-long":"Nedeľa","weekday-1-long":"Pondelok","weekday-2-long":"Utorok","weekday-3-long":"Streda","weekday-4-long":"Štvrtok","weekday-5-long":"Piatok","weekday-6-long":"Sobota","weekday-0-short":"Ne","weekday-1-short":"Po","weekday-2-short":"Ut","weekday-3-short":"St","weekday-4-short":"Št","weekday-5-short":"Pi","weekday-6-short":"So","month-0-long":"Január","month-1-long":"Február","month-2-long":"Marec","month-3-long":"Apríl","month-4-long":"Máj","month-5-long":"Jún","month-6-long":"Júl","month-7-long":"August","month-8-long":"September","month-9-long":"Október","month-10-long":"November","month-11-long":"December","month-0-genitive":"januára","month-1-genitive":"februára","month-2-genitive":"marca","month-3-genitive":"apríla","month-4-genitive":"mája","month-5-genitive":"júna","month-6-genitive":"júla","month-7-genitive":"augusta","month-8-genitive":"septembra","month-9-genitive":"októbra","month-10-genitive":"novembra","month-11-genitive":"decembra","month-0-short":"jan","month-1-short":"feb","month-2-short":"mar","month-3-short":"apr","month-4-short":"máj","month-5-short":"jún","month-6-short":"júl","month-7-short":"aug","month-8-short":"sep","month-9-short":"okt","month-10-short":"nov","month-11-short":"dec","minutes-ago-long":{"_index":["plural","value"],"_":{"zero":"teraz","one":"pred minútou","two":"pred {{value}} minútami","few":"pred {{value}} minútami","many":"pred {{value}} minútami","other":"pred {{value}} minútami"}},"hours-ago-long":{"_index":["plural","value"],"_":{"zero":"teraz","one":"pred hodinou","two":"pred {{value}} hodinami","few":"pred {{value}} hodinami","many":"pred {{value}} hodinami","other":"pred {{value}} hodinami"}},"days-ago-long":{"_index":["plural","value"],"_":{"zero":"dnes","one":"včera","two":"pred {{value}} dňami","few":"pred {{value}} dňami","many":"pred {{value}} dňami","other":"pred {{value}} dňami"}},"weeks-ago-long":{"_index":["plural","value"],"_":{"zero":"tento týždeň","one":"minulý týždeň","two":"pred {{value}} týždňami","few":"pred {{value}} týždňami","many":"pred {{value}} týždňami","other":"pred {{value}} týždňami"}},"months-ago-long":{"_index":["plural","value"],"_":{"zero":"tento mesiac","one":"minulý mesiac","two":"pred {{value}} mesiacmi","few":"pred {{value}} mesiacmi","many":"pred {{value}} mesiacmi","other":"pred {{value}} mesiacmi"}},"years-ago-long":{"_index":["plural","value"],"_":{"zero":"tento rok","one":"minulý rok","two":"pred {{value}} rokmi","few":"pred {{value}} rokmi","many":"pred {{value}} rokmi","other":"pred {{value}} rokmi"}},"minutes-until-long":{"_index":["plural","value"],"_":{"zero":"teraz","one":"o minútu","two":"o {{value}} minúty","few":"o {{value}} minúty","many":"o {{value}} minút","other":"o {{value}} minút"}},"hours-until-long":{"_index":["plural","value"],"_":{"zero":"teraz","one":"o hodinu","two":"o {{value}} hodiny","few":"o {{value}} hodiny","many":"o {{value}} hodín","other":"o {{value}} hodín"}},"days-until-long":{"_index":["plural","value"],"_":{"zero":"dnes","one":"zajtra","two":"o {{value}} dni","few":"o {{value}} dni","many":"o {{value}} dní","other":"o {{value}} dní"}},"weeks-until-long":{"_index":["plural","value"],"_":{"zero":"tento týždeň","one":"budúci týždeň","two":"o {{value}} týždne","few":"o {{value}} týždne","many":"o {{value}} týždňov","other":"o {{value}} týždňov"}},"months-until-long":{"_index":["plural","value"],"_":{"zero":"tento mesiac","one":"budúci mesiac","two":"o {{value}} mesiace","few":"o {{value}} mesiace","many":"o {{value}} mesiacov","other":"o {{value}} mesiacov"}},"years-until-long":{"_index":["plural","value"],"_":{"zero":"tento rok","one":"budúci rok","two":"o {{value}} roky","few":"o {{value}} roky","many":"o {{value}} rokov","other":"o {{value}} rokov"}},"minutes-ago-short":{"_index":["plural","value"],"_":{"zero":"teraz","other":"pred {{value}}m"}},"hours-ago-short":{"_index":["plural","value"],"_":{"zero":"teraz","other":"pred {{value}}h"}},"days-ago-short":{"_index":["plural","value"],"_":{"zero":"dnes","other":"pred {{value}}d"}},"minutes-until-short":{"_index":["plural","value"],"_":{"zero":"teraz","other":"o {{value}}m"}},"hours-until-short":{"_index":["plural","value"],"_":{"zero":"teraz","other":"o {{value}}h"}},"days-until-short":{"_index":["plural","value"],"_":{"zero":"dnes","other":"o {{value}}d"}},"incorrectDate":"(neplatný dátum)","dateTimeFormat_%c":"%a, %e. %b %Y %H:%M:%S","dateTimeFormat_%x":"%d.%m.%Y","dateTimeFormat_%X":"%H:%M:%S","shortTimeFormat":"%H:%M","shortDateTimeFormat":"%x %H:%M","weekStartsOnMonday":"1","time_am":"AM","time_pm":"PM","label":"Label","mobile":"Mobile","home":"Home","work":"Work","personal":"Personal","faxHome":"Fax home","faxOffice":"Fax office","faxOther":"Fax other","another":"Another","other":"Other","customTag":{"placeholder":"Custom tag"},"current":"Current","itemWithLabel":"{{label}}, {{item}}"}