{"callAirplaneModeMessage":"Që të bëni një thirrje, lypset të çaktivizoni mënyrën aeroplan te rregullimet.","callAirplaneModeBtnOk":"OK","callAirplaneModeTitle":"Mënyra aeroplan aktive","numberIsBusyTitle":"Numri është i zënë","numberIsBusyMessage":"Numri është hëpërhë i zënë. Ju lutemi, riprovoni më vonë.","fdnIsActiveTitle":"Me NFTh aktive","fdnIsActiveMessage":"NFTh-ja (Numra Fiks Thirrjesh) është e aktivizuar dhe numri vijues nuk gjendet te lista juaj NFTh: {{ number }}","voiceMail":"Mesazhe zanorë","emergencyNumber":"Numër urgjence","emergencyDialogBodyBadNumber":"Që të bëni një thirrje, telefoni duhet të jetë i lidhur me një rrjet.","emergencyDialogBodyDeviceNotAccepted":"Rrjeti nuk i lejon thirrjet e urgjencës.","emergencyDialogBtnOk":"OK","emergencyDialogTitle":"Pa lidhje në rrjet","invalidNumberToDialTitle":"Numër i pavlefshëm telefoni","invalidNumberToDialMessage":"Numri i telefonit që po thërrisni nuk është i vlefshëm.","unableToCallTitle":"Nuk bëhet dot thirrje telefonike tani","unableToCallMessage":"Nuk bëhet dot thirrja. Nëse po formonit numrin, ju lutemi, së pari ndërpritni thirrjen.","otherConnectionInUseTitle":"Tjetër lidhje në përdorim","otherConnectionInUseMessage":"Keni një thirrje aktive në një tjetër lidhje. Mund të përdorni vetëm një lidhje në herë.","addNewNumber":"Shtoni numër të ri","addToExistingContact":"Shtojeni te kontakt ekzistues","all":{"_":"Krejt","ariaLabel":"Krejt"},"callLog":"Regjistër thirrjesh","callLogEdit":{"title":"Përpunoni regjistër thirrjesh"},"callLogEditDialog":{"ariaLabel":"Dialog përpunimi regjistri thirrjesh"},"connecting":"Po lidhet","cf-async":"Asinkrone: {{ async }}\\n","cf-data":"Të dhëna: {{ data }}\\n","cf-error":"Pati një gabim ndërsa merrej gjendja e përcjelljes së thirrjes","cf-fax":"FAKS: {{ fax }}\\n","cf-inactive":"Joaktive","cf-packet":"Paket: {{ packet }}\\n","cf-pad":"PAD: {{ pad }}\\n","cf-sms":"SMS: {{ sms }}\\n","cf-status":"Gjendje përcjelljeje thirrjeje\\n","cf-sync":"Sinkrone: {{ sync }}\\n","cf-voice":"Zë: {{ voice }}\\n","close":"Mbylle","confirm-deletion":"Të hiqen thirrjet e përzgjedhura?","contacts":{"ariaLabel":"Kontakte"},"createNewContact":"Krijoni kontakt të ri","delete":"Fshije","deselectAll":"Shpërzgjidhe krejt","dialerAddContact":{"ariaLabel":"Shtoni kontakt"},"dialerAddContactDialog":{"ariaLabel":"Dialog Shtimi Kontaktesh"},"edit-selected":{"_index":["plural","n"],"_":{"one":"{{ n }} e përzgjedhur","two":"{{ n }} të përzgjedhura","few":"{{ n }} të përzgjedhura","many":"{{ n }} të përzgjedhura","other":"{{ n }} të përzgjedhura"}},"edit":"Përpunoni","hideKeypad":{"ariaLabel":"Fshihe tastierën numerike"},"ignore":"Shpërfille Thirrjen","incoming":"Të marra","keypad":{"ariaLabel":"Tastierë numerike"},"makeCall":{"ariaLabel":"Bëjini thirrje"},"merge":"Përzieji","missed":{"_":"Të humbura","ariaLabel":"Të humbura"},"missedCall":"Thirrje e humbur","missedCallMultiSims":"(SIM {{ n }}) Thirrje të humbura","mmi-error":"Ndodhi një gabim, teksa dërgohej mesazhi","mmi-session-expired":"Sesionit i mbaroi koha","mmi-successfully-sent":"Mesazhi u dërgua me sukses","mmi-notification-title-with-sim":"({{sim}}) {{title}}","mute":{"ariaLabel":"Heshturazi"},"newCall":{"ariaLabel":"Thirrje e re"},"no-logs-msg-1":"Nuk ka thirrje të regjistruara","no-logs-msg-2":"Filloni të komunikoni tani","no-logs-msg-3":"Pa thirrje të humbura","recents":{"ariaLabel":"Thirrje së fundi"},"reply":"Përgjigjjuni","selectAll":"Përzgjidhi krejt","send":"Dërgoje","switch-calls":"Transferoni thirrjen","today":"Sot","withheld-number":"Numër i patreguar","from-contact":"Nga {{ contact }}","from-number":"Nga {{ number }}","from-withheld-number":"Nga numër i patreguar","yesterday":"Dje","sending":"Po dërgohet…","speakerOption":{"ariaLabel":"Altoparlant"},"ussd-services":"Shërbime {{ operator }}","toggleKeypad":{"ariaLabel":"Shfaqni/fshihni tastierën numerike"},"type-your-response":{"placeholder":"Shtypni përgjigjen tuaj…"},"clear-all-text":"Pastroje krejt tekstin","hide":"Fshihe","call":"Bëjini thirrje","hold":{"ariaLabel":"Në pritje"},"resume":{"_":"Rimerre","ariaLabel":"Rimerre"},"sendSms":"Dërgojini Mesazh","callEnded":"Thirrja Përfundoi","via-sim":"përmes SIM{{ n }}","sim-number":"SIM{{ n }}","hangup-a11y-button":{"ariaLabel":"Mbylleni"},"pickup-a11y-button":{"ariaLabel":"Përgjigjuni"},"unlock-a11y-button":{"ariaLabel":"Rrëshqitës"},"roaming":"{{operator}} (Roaming)","settings":"Rregullime","delete-n-log?":{"_index":["plural","n"],"_":{"zero":"Nuk u përzgjodh gjë","one":"Të fshihet regjistrimi i përzgjedhur?","two":"Të fshihen {{ n }} regjistrimet?","few":"Të fshihen {{ n }} regjistrimet?","many":"Të fshihen {{ n }} regjistrimet?","other":"Të fshihen {{ n }} regjistrimet?"}},"callDurationMinutes":"{{ m }}:{{ s }}","callDurationHours":"{{ h }}:{{ m }}:{{ s}}","suggestionMatches":{"_index":["plural","n"],"_":{"one":"{{ n }} përputhje për \"{{ matchNumber }}\"","two":"{{ n }} përputhje për \"{{ matchNumber }}\"","few":"{{ n }} përputhje për \"{{ matchNumber }}\"","many":"{{ n }} përputhje për \"{{ matchNumber }}\"","other":"{{ n }} përputhje për \"{{ matchNumber }}\""}},"scCallBarring":"Ndalim thirrjesh","scCallForwarding":"Përcjellje thirrjesh","scClip":"ID Thirrësi Ardhëse","scClir":"ID Thirrësi Ikëse","scPwd":"Ndryshim fjalëkalimi","scCallWaiting":"Thirrje në pritje","scPin":"Ndryshim PIN-i","scPin2":"Ndryshim PIN2-shi","scPuk":"Zhbllokim PIN-i","scPuk2":"Zhbllokim PIN2-shi","scImei":"IMEI","scUssd":"USSD","serviceClassVoice":"Zë","serviceClassData":"Të dhëna","serviceClassFax":"FAKS","serviceClassSms":"SMS","serviceClassDataSync":"Sinkrone","serviceClassDataAsync":"Asinkrone","serviceClassPacket":"Paket","serviceClassPad":"PAD","smServiceEnabled":"Shërbimi u aktivizua","smServiceDisabled":"Shërbimi u çaktivizua","smServiceRegistered":"Regjistrimi qe i suksesshëm","smServiceErased":"Fshirja qe e suksesshme","smServiceInterrogated":"Kërkesa qe e suksesshme","smServiceNotProvisioned":"Shërbimi nuk është bërë gati","smClirPermanent":"Nuk mund të ndryshoni rregullime ID-je thirrësi","smClirDefaultOnNextCallOn":"ID thirrësi e caktuar si e rezervuar. Thirrja pasuese: E maskuar","smClirDefaultOnNextCallOff":"ID thirrësi e caktuar si e rezervuar. Thirrja pasuese: Jo e maskuar","smClirDefaultOffNextCallOn":"ID thirrësi e caktuar si jo e rezervuar. Thirrja pasuese: E maskuar","smClirDefaultOffNextCallOff":"ID thirrësi e caktuar si jo e rezervuar. Thirrja pasuese: Jo e maskuar","smServiceEnabledFor":"Shërbimi qe aktivizuar për:","smPinChanged":"PIN-i u ndryshua me sukses","smPinUnblocked":"PIN-i u zhbllokua me sukses","smPin2Changed":"PIN2-shi u ndryshua me sukses","smPin2Unblocked":"PIN2-shi u zhbllokua me sukses","ServiceIsEnabled":"Service is enabled","ServiceIsDisabled":"Service is disabled","ServiceIsEnabledFor":"Service is enabled for:","emMmiError":"Problem ndërlidhjeje ose kod MMI i pavlefshëm","emMmiErrorPasswordIncorrect":"Fjalëkalim i Pasaktë","emMmiErrorNotSupported":"Kod MMI i Pavlefshëm ose i Pambuluar","emMmiErrorInvalidAction":"Veprim i pavlefshëm","emMmiErrorInvalidScCode":"Kod shërbimi i pavlefshëm","emMmiErrorBadPuk":"PUK-u që shtypët është i pasaktë","emMmiErrorBadPin":"PIN-i i vjetër që shtypët është i pasaktë.","emMmiErrorNeedPuk2":"Shtypni PUK2-shin që të zhbllokohet karta SIM","emMmiErrorMismatchPin":"PIN-et që shtypët nuk përputhen","emMmiErrorInvalidPin":"Shtypni një PIN që është nga 4 deri në 8 shifra","emMmiErrorNeedsPuk":"Karta juaj SIM është bllokuar përmes PUK-ut","emMmiErrorEnablePin":"Pa sukses. Aktivizoni SIM/RUIM LOCK","emMmiErrorMmiFdn":"Veprimi kufizohet vetëm mbi numra fiks thirrjesh ","emMmiErrorStkCcUssdDial":"Kërkesa USSD është modifikuar në kërkesë DIAL","emMmiErrorStkCcUssdSs":"Kërkesa USSD është modifikuar në kërkesë SS","emMmiErrorStkCcUssdUssd":"Kërkesa USSD është modifikuar në kërkesë USSD të re","emMmiErrorStkCcSsDial":"Kërkesa SS është modifikuar në kërkesë DIAL","emMmiErrorStkCcSsUssd":"Kërkesa SS është modifikuar në kërkesë USSD","emMmiErrorStkCcSsSs":"Kërkesa USSD është modifikuar në kërkesë SS të re","emMmiErrorPinPukAttempts":{"_index":["plural","n"],"_":{"one":"Edhe vetëm {{ n }} provë","two":"Edhe {{ n }} prova","few":"Edhe {{ n }} prova","many":"Edhe {{ n }} prova","other":"Edhe {{ n }} prova"}},"emMmiErrorSimBlocked":"U tejkalua numri maksimum i prova. SIM-i u bllokua","RadioNotAvailable":"Nuk kapet radio","GenericFailure":"Gabim i papërcaktuar","PasswordIncorrect":"Fjalëkalim i pasaktë","SimPin2":"SIM PIN2","SimPuk2":"SIM PUK2","RequestNotSupported":"Kërkesë e pambuluar","OpNotAllowedDuringVoiceCall":"Veprim i palejuar gjatë thirrjesh me zë","SmsSendFailRetry":"Dështim dërgimi SMS-je, riprovoni","SimAbsent":"Mungon SIM-i","SubscriptionNotAvailable":"Pajtim jo gati","ModeNotSupported":"Mënyrë e pambuluar","FdnCheckFailure":"Dështim kontrolli Nfth","IllegalSimOrMe":"SIM ose ME e paligjshme","DialModifiedToUssd":"Formim numri i modifikuar në USSD","DialModifiedToSs":"Formim numri i modifikuar në SS","DialModifiedToDial":"Formim numri i modifikuar në formim numri","UssdModifiedToDial":"USSD i modifikuar në formim numri","UssdModifiedToSs":"USSD i modifikuar në SS","UssdModifiedToUssd":"USSD i modifikuar në USSD","SsModifiedToDial":"SS i modifikuar në formim numri","SsModifiedToUssd":"SS i modifikuar në USSD","SsModifiedToSs":"SS i modifikuar në SS","SubscriptionNotSupported":"Pajtim i pambuluar","InvalidParameter":"Parametër i pavlefshëm","RejectedByRemote":"Hedhur tej nga pala e largët","conferenceCall":"Conference ({{n}})","caller-left-call":"{{ caller }} e braktisi thirrjen.","conferenceAddError":"Nuk përziehen dot thirrjet","conferenceRemoveError":"Nuk çpërziehen dot thirrjet","longDateFormat":"%A, %e %B","select-audio-sources":"Përzgjidhni burime audio","bluetooth-handsfree-device":"Pajisje Bluetooth handsfree","receiver":"Marrës","speaker":"Altoparlant","weekday-0-long":"E diel","weekday-1-long":"E hënë","weekday-2-long":"E martë","weekday-3-long":"E mërkurë","weekday-4-long":"E enjte","weekday-5-long":"E premte","weekday-6-long":"E shtunë","weekday-0-short":"Die","weekday-1-short":"Hën","weekday-2-short":"Mar","weekday-3-short":"Mër","weekday-4-short":"Enj","weekday-5-short":"Pre","weekday-6-short":"Sht","month-0-long":"Janar","month-1-long":"Shkurt","month-2-long":"Mars","month-3-long":"Prill","month-4-long":"Maj","month-5-long":"Qershor","month-6-long":"Korrik","month-7-long":"Gusht","month-8-long":"Shtator","month-9-long":"Tetor","month-10-long":"Nëntor","month-11-long":"Dhjetor","month-0-genitive":"të Janarit","month-1-genitive":"të Shkurtit","month-2-genitive":"të Marsit","month-3-genitive":"të Prillit","month-4-genitive":"të Majit","month-5-genitive":"të Qershorit","month-6-genitive":"të Korrikut","month-7-genitive":"të Gushtit","month-8-genitive":"të Shtatorit","month-9-genitive":"të Tetorit","month-10-genitive":"të Nëntorit","month-11-genitive":"të Dhjetorit","month-0-short":"Jan","month-1-short":"Shk","month-2-short":"Mar","month-3-short":"Pri","month-4-short":"Maj","month-5-short":"Qer","month-6-short":"Kor","month-7-short":"Gus","month-8-short":"Sht","month-9-short":"Tet","month-10-short":"Nën","month-11-short":"Dhj","minutes-ago-long":{"_index":["plural","value"],"_":{"zero":"mu tani","one":"një minutë më parë","two":"{{value}} minuta më parë","few":"{{value}} minuta më parë","many":"{{value}} minuta më parë","other":"{{value}} minuta më parë"}},"hours-ago-long":{"_index":["plural","value"],"_":{"zero":"mu tani","one":"një orë më parë","two":"{{value}} orë më parë","few":"{{value}} orë më parë","many":"{{value}} orë më parë","other":"{{value}} orë më parë"}},"days-ago-long":{"_index":["plural","value"],"_":{"zero":"sot","one":"dje","two":"{{value}} ditë më parë","few":"{{value}} ditë më parë","many":"{{value}} ditë më parë","other":"{{value}} ditë më parë"}},"weeks-ago-long":{"_index":["plural","value"],"_":{"zero":"këtë javë","one":"javën e kaluar","two":"{{value}} javë më parë","few":"{{value}} javë më parë","many":"{{value}} javë më parë","other":"{{value}} javë më parë"}},"months-ago-long":{"_index":["plural","value"],"_":{"zero":"këtë muaj","one":"muajin e kaluar","two":"{{value}} muaj më parë","few":"{{value}} muaj më parë","many":"{{value}} muaj më parë","other":"{{value}} muaj më parë"}},"years-ago-long":{"_index":["plural","value"],"_":{"zero":"këtë vit","one":"vitin e kaluar","two":"{{value}} vite më parë","few":"{{value}} vite më parë","many":"{{value}} vite më parë","other":"{{value}} vite më parë"}},"minutes-until-long":{"_index":["plural","value"],"_":{"zero":"tani","one":"për një minutë","two":"për {{value}} minuta","few":"për {{value}} minuta","many":"për {{value}} minuta","other":"për {{value}} minuta"}},"hours-until-long":{"_index":["plural","value"],"_":{"zero":"tani","one":"për një orë","two":"për {{value}} orë","few":"për {{value}} orë","many":"për {{value}} orë","other":"për {{value}} orë"}},"days-until-long":{"_index":["plural","value"],"_":{"zero":"sot","one":"nesër","two":"për {{value}} ditë","few":"për {{value}} ditë","many":"për {{value}} ditë","other":"për {{value}} ditë"}},"weeks-until-long":{"_index":["plural","value"],"_":{"zero":"këtë javë","one":"javën pasuese","two":"për {{value}} javë","few":"për {{value}} javë","many":"për {{value}} javë","other":"për {{value}} javë"}},"months-until-long":{"_index":["plural","value"],"_":{"zero":"këtë muaj","one":"muajin pasues","two":"për {{value}} muaj","few":"për {{value}} muaj","many":"për {{value}} muaj","other":"për {{value}} muaj"}},"years-until-long":{"_index":["plural","value"],"_":{"zero":"këtë vit","one":"vitin pasues","two":"për {{value}} vjet","few":"për {{value}} vjet","many":"për {{value}} vjet","other":"për {{value}} vjet"}},"minutes-ago-short":{"_index":["plural","value"],"_":{"zero":"mu tani","other":"{{value}}m më parë"}},"hours-ago-short":{"_index":["plural","value"],"_":{"zero":"mu tani","other":"{{value}}h më parë"}},"days-ago-short":{"_index":["plural","value"],"_":{"zero":"sot","other":"{{value}}d më parë"}},"minutes-until-short":{"_index":["plural","value"],"_":{"zero":"tani","other":"për {{value}}m"}},"hours-until-short":{"_index":["plural","value"],"_":{"zero":"tani","other":"për {{value}}h"}},"days-until-short":{"_index":["plural","value"],"_":{"zero":"sot","other":"për {{value}}d"}},"incorrectDate":"(datë e pasaktë)","dateTimeFormat_%c":"%a %e %b %Y %I:%M:%S %p","dateTimeFormat_%x":"%m/%d/%Y","dateTimeFormat_%X":"%I:%M:%S %p","shortTimeFormat":"%I:%M %p","shortDateTimeFormat":"%x %I:%M %p","weekStartsOnMonday":"0","time_am":"AM","time_pm":"PM","label":"Label","mobile":"Mobile","home":"Home","work":"Work","personal":"Personal","faxHome":"Fax home","faxOffice":"Fax office","faxOther":"Fax other","another":"Another","other":"Other","customTag":{"placeholder":"Custom tag"},"current":"Current","itemWithLabel":"{{label}}, {{item}}"}