{"callAirplaneModeMessage":"Да бисте обавили позив морате искључити режим рада у авиону.","callAirplaneModeBtnOk":"У реду","callAirplaneModeTitle":"Режим рада у авиону је укључен","numberIsBusyTitle":"Број је заузет","numberIsBusyMessage":"Број је тренутно заузет. Молим Вас, покушајте касније.","fdnIsActiveTitle":"FDN активан","fdnIsActiveMessage":"FDN је активан а следећи број није у Вашој FDN листи: {{ number }}","voiceMail":"Говорна пошта","emergencyNumber":"Хитне службе","emergencyDialogBodyBadNumber":"Да бисте обавили позив, телефон мора бити спојен на мрежу.","emergencyDialogBodyDeviceNotAccepted":"Мрежа не допушта хитне позиве.","emergencyDialogBtnOk":"У реду","emergencyDialogTitle":"Нема мрежне везе","invalidNumberToDialTitle":"Неисправан број телефона","invalidNumberToDialMessage":"Број телефона који зовете није исправан.","unableToCallTitle":"Тренутно није могуће обавити позив","unableToCallMessage":"Није могуће остварити позив. Уколико већ зовете, молимо Вас прекинете везу.","otherConnectionInUseTitle":"Друга веза је у употреби","otherConnectionInUseMessage":"Имате активан позив на другој вези. Можете само да користите једну везу у исто време.","addNewNumber":"Додај нови број","addToExistingContact":"Додај постојећем контакт","all":{"_":"Сви","ariaLabel":"Сви"},"callLog":"Дневник позива","callLogEdit":{"title":"Уреди дневник поз."},"callLogEditDialog":{"ariaLabel":"Уреди дијалог дневника позива"},"connecting":"Повезивање","cf-async":"Асинхроно: {{ async }}\\n","cf-data":"Подаци: {{ data }}\\n","cf-error":"Дошло је до грешке при добављању статуса преусмеравања позива","cf-fax":"Факс: {{ fax }}\\n","cf-inactive":"Неактивно","cf-packet":"Пакет: {{ packet }}\\n","cf-pad":"PAD: {{ pad }}\\n","cf-sms":"SMS: {{ sms }}\\n","cf-status":"Статус преусмеравања позива\\n","cf-sync":"Синхроно: {{ sync }}\\n","cf-voice":"Глас: {{ voice }}\\n","close":"Затвори","confirm-deletion":"Обриши одабране позиве?","contacts":{"ariaLabel":"Контакти"},"createNewContact":"Додај нови контакт","delete":"Избриши","deselectAll":"Поништи одабир","dialerAddContact":{"ariaLabel":"Додај контакт"},"dialerAddContactDialog":{"ariaLabel":"Додај дијалог контакта"},"edit-selected":{"_index":["plural","n"],"_":{"one":"{{ n }} одабран","two":"{{ n }} одабрана","few":"{{ n }} одабрано","many":"{{ n }} одабрано","other":"{{ n }} одабрано"}},"edit":"Измени","hideKeypad":{"ariaLabel":"Сакриј тастатуру"},"ignore":"Занемари позив","incoming":"Долазни","keypad":{"ariaLabel":"Тастатура"},"makeCall":{"ariaLabel":"Позови"},"merge":"Споји","missed":{"_":"Пропуштени","ariaLabel":"Пропуштени"},"missedCall":"Пропуштен позив","missedCallMultiSims":"(SIM {{ n }}) пропуштен позив","mmi-error":"Дошло је до грешке при слању поруке","mmi-session-expired":"Сесија је истекла","mmi-successfully-sent":"Порука је успешно послата","mmi-notification-title-with-sim":"({{sim}}) {{title}}","mute":{"ariaLabel":"Пригушити тон"},"newCall":{"ariaLabel":"Нови позив"},"no-logs-msg-1":"Нема запамћених позива","no-logs-msg-2":"Започните комуницирати","no-logs-msg-3":"Нема пропуштених позива","recents":{"ariaLabel":"Недавни позиви"},"reply":"Одговори","selectAll":"Означи све","send":"Пошаљи","switch-calls":"Замени позиве","today":"Данас","withheld-number":"Сакривен број","from-contact":"Од {{ contact }}","from-number":"Од {{ number }}","from-withheld-number":"Са сакривеног броја","yesterday":"Јуче","sending":"Слање…","speakerOption":{"ariaLabel":"Звучник"},"ussd-services":"{{ operator }} сервиси","toggleKeypad":{"ariaLabel":"Промени стање тастатуре"},"type-your-response":{"placeholder":"Упишите свој одговор…"},"clear-all-text":"Обриши сав текст","hide":"Сакри","call":"Позив","hold":{"ariaLabel":"Стави на чекање"},"resume":{"_":"Настави","ariaLabel":"Настави"},"sendSms":"Пошаљи поруку","callEnded":"Позив је завршен","via-sim":"via SIM{{ n }}","sim-number":"SIM{{ n }}","hangup-a11y-button":{"ariaLabel":"Спусти"},"pickup-a11y-button":{"ariaLabel":"Јави се"},"unlock-a11y-button":{"ariaLabel":"Клизач"},"roaming":"{{operator}} (Роминг)","settings":"Поставке","delete-n-log?":{"_index":["plural","n"],"_":{"zero":"Ништа није одабрано","one":"Избрисати одабрану ставку?","two":"Избрисати {{ n }} ставке?","few":"Избрисати {{ n }} ставки?","many":"Избрисати {{ n }} ставки?","other":"Избрисати {{ n }} ставки?"}},"callDurationMinutes":"{{ m }}:{{ s }}","callDurationHours":"{{ h }}:{{ m }}:{{ s}}","suggestionMatches":{"_index":["plural","n"],"_":{"one":"{{ n }} поклапање са \"{{ matchNumber }}\"","two":"{{ n }} поклапања са \"{{ matchNumber }}\"","few":"{{ n }} поклапања са \"{{ matchNumber }}\"","many":"{{ n }} поклапања са \"{{ matchNumber }}\"","other":"{{ n }} поклапања са \"{{ matchNumber }}\""}},"scCallBarring":"Забрана поз.","scCallForwarding":"Преусмер.","scClip":"ID позива","scClir":"ID позива","scPwd":"Промена лозинке","scCallWaiting":"Позив на чекању","scPin":"Промени PIN","scPin2":"Промени PIN2","scPuk":"Деблокирање","scPuk2":"Деблокирање","scImei":"IMEI","scUssd":"USSD","serviceClassVoice":"Глас","serviceClassData":"Подаци","serviceClassFax":"Факс","serviceClassSms":"SMS","serviceClassDataSync":"Синхронизација","serviceClassDataAsync":"Асинхронизација","serviceClassPacket":"Пакет","serviceClassPad":"PAD","smServiceEnabled":"Услуга је омогућена","smServiceDisabled":"Услуга је онемогућена","smServiceRegistered":"Регистрација успешна","smServiceErased":"Брисање успешно","smServiceInterrogated":"Захтев успешан","smServiceNotProvisioned":"Услуга није доступна","smClirPermanent":"Не можете да промените ID позиваоца","smClirDefaultOnNextCallOn":"ID позиваоца по подразумеваном је сакривен. Следећи позив: сакривен","smClirDefaultOnNextCallOff":"ID позиваоца по подразумеваном је сакривен. Следећи позив: видљив","smClirDefaultOffNextCallOn":"ID позиваоца по подразумеваном није сакривен. Следећи позив: сакривен","smClirDefaultOffNextCallOff":"ID позиваоца по подразумеваном није сакривен. Следећи позив: видљив","smServiceEnabledFor":"Услуга омогућена за:","smPinChanged":"PIN је успешно промењен","smPinUnblocked":"PIN је успешно одблокиран","smPin2Changed":"PIN2 је успешно промењен","smPin2Unblocked":"PIN2 је успешно одблокиран","ServiceIsEnabled":"Service is enabled","ServiceIsDisabled":"Service is disabled","ServiceIsEnabledFor":"Service is enabled for:","emMmiError":"Проблем у вези или је MMI код неисправан","emMmiErrorPasswordIncorrect":"Погрешна лозинка","emMmiErrorNotSupported":"Неисправан или неподржан MMI код","emMmiErrorInvalidAction":"Неисправна акција","emMmiErrorInvalidScCode":"Неважећи сервисни код","emMmiErrorBadPuk":"PUK који сте унели није тачан","emMmiErrorBadPin":"Стари PIN који сте унели није тачан.","emMmiErrorNeedPuk2":"Унесите PUK2 да бисте скинули блокаду са картице","emMmiErrorMismatchPin":"PIN-ови се не поклапају","emMmiErrorInvalidPin":"Унесите PIN који садржи 4 до 8 карактера","emMmiErrorNeedsPuk":"Ваша SIM картица је закључана PUK кодом","emMmiErrorEnablePin":"Неуспешно. Омогућите SIM/RUIM LOCK","emMmiErrorMmiFdn":"Операција је ограничена само на фиксно бирање бројева","emMmiErrorStkCcUssdDial":"USSD захтев је промењен у DIAL захтев","emMmiErrorStkCcUssdSs":"USSD захтев је промењен у SS захтев","emMmiErrorStkCcUssdUssd":"USSD захтев је промењен у нови USSD захтев","emMmiErrorStkCcSsDial":"SS захтев је промењен у DIAL захтев","emMmiErrorStkCcSsUssd":"SS захтев је промењен у USSD захтев","emMmiErrorStkCcSsSs":"SS захтев је промењен у нови SS захтев","emMmiErrorPinPukAttempts":{"_index":["plural","n"],"_":{"one":"Преостао је само {{ n }} покушај","two":"Преостала су {{ n }} покушаја","few":"Преостало је {{ n }} покушаја","many":"Преостало је {{ n }} покушаја","other":"Преостало је {{ n }} покушаја"}},"emMmiErrorSimBlocked":"Максималан број покушаја прекорачен. SIM картица је блокирана","RadioNotAvailable":"Радио није доступан","GenericFailure":"Генеричка грешка","PasswordIncorrect":"Погрешна лозинка","SimPin2":"SIM PIN2","SimPuk2":"SIM PUK2","RequestNotSupported":"Захтев није подржан","OpNotAllowedDuringVoiceCall":"Операција није дозвољена током разговора","SmsSendFailRetry":"Неуспешно слање SMS-a","SimAbsent":"SIM картица није пронађена","SubscriptionNotAvailable":"Претплата није доступна","ModeNotSupported":"Режим није подржан","FdnCheckFailure":"Fdn грешка при провери","IllegalSimOrMe":"Недопуштен SIM или ME","DialModifiedToUssd":"Бирање измењено у USSD","DialModifiedToSs":"Бирање измењено у SS","DialModifiedToDial":"Бирање измењено у позив","UssdModifiedToDial":"USSD измењен у позив","UssdModifiedToSs":"USSD измењен у SS","UssdModifiedToUssd":"USSD измењен у USSD","SsModifiedToDial":"SS измењен у позив","SsModifiedToUssd":"SS измењен у USSD","SsModifiedToSs":"SS измењен у SS","SubscriptionNotSupported":"Претплата није подржана","InvalidParameter":"Неисправан параметар","RejectedByRemote":"Одбијен од удаљеног уређаја","conferenceCall":"Конференција ({{n}})","caller-left-call":"{{ caller }} је напустио позив.","conferenceAddError":"Није могуће спојити позиве","conferenceRemoveError":"Није могуће одвојити позиве","longDateFormat":"%A, %e %B","select-audio-sources":"Одаберите звучне изворе","bluetooth-handsfree-device":"Bluetooth handsfree уређај","receiver":"Слушалица","speaker":"Звучник","weekday-0-long":"Недеља","weekday-1-long":"Понедељак","weekday-2-long":"Уторак","weekday-3-long":"Среда","weekday-4-long":"Четвртак","weekday-5-long":"Петак","weekday-6-long":"Субота","weekday-0-short":"Нед","weekday-1-short":"Пон","weekday-2-short":"Уто","weekday-3-short":"Сре","weekday-4-short":"Чет","weekday-5-short":"Пет","weekday-6-short":"Суб","month-0-long":"јануар","month-1-long":"фебруар","month-2-long":"март","month-3-long":"април","month-4-long":"мај","month-5-long":"јун","month-6-long":"јул","month-7-long":"август","month-8-long":"септембар","month-9-long":"октобар","month-10-long":"новембар","month-11-long":"децембар","month-0-genitive":"јануара","month-1-genitive":"фебруара","month-2-genitive":"марта","month-3-genitive":"априла","month-4-genitive":"маја","month-5-genitive":"јуна","month-6-genitive":"јула","month-7-genitive":"августа","month-8-genitive":"септембра","month-9-genitive":"октобра","month-10-genitive":"новембра","month-11-genitive":"децембра","month-0-short":"јан","month-1-short":"феб","month-2-short":"мар","month-3-short":"апр","month-4-short":"мај","month-5-short":"јун","month-6-short":"јул","month-7-short":"авг","month-8-short":"сеп","month-9-short":"окт","month-10-short":"нов","month-11-short":"дец","minutes-ago-long":{"_index":["plural","value"],"_":{"zero":"управо","one":"пре минут","two":"пре {{value}} минута","few":"пре {{value}} минута","many":"пре {{value}} минута","other":"пре {{value}} минута"}},"hours-ago-long":{"_index":["plural","value"],"_":{"zero":"управо","one":"пре сат времена","two":"пре {{value}} сата","few":"пре {{value}} сати","many":"пре {{value}} сати","other":"пре {{value}} сати"}},"days-ago-long":{"_index":["plural","value"],"_":{"zero":"данас","one":"јуче","two":"пре {{value}} дана","few":"пре {{value}} дана","many":"пре {{value}} дана","other":"пре {{value}} дана"}},"weeks-ago-long":{"_index":["plural","value"],"_":{"zero":"ове недеље","one":"прошле недеље","two":"пре {{value}} недеље","few":"пре {{value}} недеља","many":"пре {{value}} недеља","other":"пре {{value}} недеља"}},"months-ago-long":{"_index":["plural","value"],"_":{"zero":"овог месеца","one":"прошлог месеца","two":"пре {{value}} месеца","few":"пре {{value}} месеци","many":"пре {{value}} месеци","other":"пре {{value}} месеци"}},"years-ago-long":{"_index":["plural","value"],"_":{"zero":"ове године","one":"прошле године","two":"пре {{value}} године","few":"пре {{value}} година","many":"пре {{value}} година","other":"пре {{value}} година"}},"minutes-until-long":{"_index":["plural","value"],"_":{"zero":"управо","one":"за један минут","two":"за {{value}} минута","few":"за {{value}} минута","many":"за {{value}} минута","other":"за {{value}} минута"}},"hours-until-long":{"_index":["plural","value"],"_":{"zero":"управо","one":"за сат времена","two":"за {{value}} сата","few":"за {{value}} сати","many":"за {{value}} сати","other":"за {{value}} сати"}},"days-until-long":{"_index":["plural","value"],"_":{"zero":"данас","one":"сутра","two":"за {{value}} дана","few":"за {{value}} дана","many":"за {{value}} дана","other":"за {{value}} дана"}},"weeks-until-long":{"_index":["plural","value"],"_":{"zero":"ове недеље","one":"следеће недеље","two":"за {{value}} недеље","few":"за {{value}} недеља","many":"за {{value}} недеља","other":"за {{value}} недеља"}},"months-until-long":{"_index":["plural","value"],"_":{"zero":"овог месеца","one":"следећег месеца","two":"за {{value}} месеца","few":"за {{value}} месеци","many":"за {{value}} месеци","other":"за {{value}} месеци"}},"years-until-long":{"_index":["plural","value"],"_":{"zero":"ове године","one":"следеће године","two":"за {{value}} године","few":"за {{value}} година","many":"за {{value}} година","other":"за {{value}} година"}},"minutes-ago-short":{"_index":["plural","value"],"_":{"zero":"управо","other":"пре {{value}}м"}},"hours-ago-short":{"_index":["plural","value"],"_":{"zero":"управо","other":"пре {{value}}с"}},"days-ago-short":{"_index":["plural","value"],"_":{"zero":"данас","other":"пре {{value}}д"}},"minutes-until-short":{"_index":["plural","value"],"_":{"zero":"управо","other":"за {{value}}м"}},"hours-until-short":{"_index":["plural","value"],"_":{"zero":"управо","other":"за {{value}}с"}},"days-until-short":{"_index":["plural","value"],"_":{"zero":"данас","other":"за {{value}}д"}},"incorrectDate":"(нетачан датум)","dateTimeFormat_%c":"%a %e %b %Y %H:%M:%S","dateTimeFormat_%x":"%d.%m.%Y","dateTimeFormat_%X":"%H:%M:%S","shortTimeFormat":"%H:%M","shortDateTimeFormat":"%x %H:%M","weekStartsOnMonday":"1","time_am":"AM","time_pm":"PM","label":"Наслов","mobile":"Мобилни","home":"Кућни","work":"Пословни","personal":"Лични","faxHome":"Кућни факс","faxOffice":"Факс у канцеларији","faxOther":"Други факсови","another":"Друго","other":"Остало","customTag":{"placeholder":"Посебна ознака"},"current":"Тренутна адреса","itemWithLabel":"{{label}}, {{item}}"}