{"callAirplaneModeMessage":"Da biste obavili poziv morate isključiti režim rada u avionu.","callAirplaneModeBtnOk":"U redu","callAirplaneModeTitle":"Režim rada u avionu je uključen","numberIsBusyTitle":"Broj je zauzet","numberIsBusyMessage":"Broj je trenutno zauzet. Molim Vas, pokušajte kasnije.","fdnIsActiveTitle":"FDN aktivan","fdnIsActiveMessage":"FDN je aktivan a sledeći broj nije u Vašoj FDN listi: {{ number }}","voiceMail":"Govorna pošta","emergencyNumber":"Hitne službe","emergencyDialogBodyBadNumber":"Da biste obavili poziv, telefon mora biti spojen na mrežu.","emergencyDialogBodyDeviceNotAccepted":"Mreža ne dopušta hitne pozive.","emergencyDialogBtnOk":"U redu","emergencyDialogTitle":"Nema mrežne veze","invalidNumberToDialTitle":"Neispravan broj telefona","invalidNumberToDialMessage":"Broj telefona koji zovete nije ispravan.","unableToCallTitle":"Trenutno nije moguće obaviti poziv","unableToCallMessage":"Nije moguće ostvariti poziv. Ukoliko već zovete, molimo Vas prekinete vezu.","otherConnectionInUseTitle":"Druga veza je u upotrebi","otherConnectionInUseMessage":"Imate aktivan poziv na drugoj vezi. Možete samo da koristite jednu vezu u isto vreme.","addNewNumber":"Dodaj novi broj","addToExistingContact":"Dodaj postojećem kontakt","all":{"_":"Svi","ariaLabel":"Svi"},"callLog":"Dnevnik poziva","callLogEdit":{"title":"Uredi dnevnik poz."},"callLogEditDialog":{"ariaLabel":"Uredi dijalog dnevnika poziva"},"connecting":"Povezivanje","cf-async":"Asinhrono: {{ async }}\\n","cf-data":"Podaci: {{ data }}\\n","cf-error":"Došlo je do greške pri dobavljanju statusa preusmeravanja poziva","cf-fax":"Faks: {{ fax }}\\n","cf-inactive":"Neaktivno","cf-packet":"Paket: {{ packet }}\\n","cf-pad":"PAD: {{ pad }}\\n","cf-sms":"SMS: {{ sms }}\\n","cf-status":"Status preusmeravanja poziva\\n","cf-sync":"Sinhrono: {{ sync }}\\n","cf-voice":"Glas: {{ voice }}\\n","close":"Zatvori","confirm-deletion":"Obriši odabrane pozive?","contacts":{"ariaLabel":"Kontakti"},"createNewContact":"Dodaj novi kontakt","delete":"Izbriši","deselectAll":"Poništi odabir","dialerAddContact":{"ariaLabel":"Dodaj kontakt"},"dialerAddContactDialog":{"ariaLabel":"Dodaj dijalog kontakta"},"edit-selected":{"_index":["plural","n"],"_":{"one":"{{ n }} odabran","two":"{{ n }} odabrana","few":"{{ n }} odabrano","many":"{{ n }} odabrano","other":"{{ n }} odabrano"}},"edit":"Izmeni","hideKeypad":{"ariaLabel":"Sakrij tastaturu"},"ignore":"Zanemari poziv","incoming":"Dolazni","keypad":{"ariaLabel":"Tastatura"},"makeCall":{"ariaLabel":"Pozovi"},"merge":"Spoji","missed":{"_":"Propušteni","ariaLabel":"Propušteni"},"missedCall":"Propušten poziv","missedCallMultiSims":"(SIM {{ n }}) propušten poziv","mmi-error":"Došlo je do greške pri slanju poruke","mmi-session-expired":"Sesija je istekla","mmi-successfully-sent":"Poruka je uspešno poslata","mmi-notification-title-with-sim":"({{sim}}) {{title}}","mute":{"ariaLabel":"Prigušiti ton"},"newCall":{"ariaLabel":"Novi poziv"},"no-logs-msg-1":"Nema zapamćenih poziva","no-logs-msg-2":"Započnite komunicirati","no-logs-msg-3":"Nema propuštenih poziva","recents":{"ariaLabel":"Nedavni pozivi"},"reply":"Odgovori","selectAll":"Označi sve","send":"Pošalji","switch-calls":"Zameni pozive","today":"Danas","withheld-number":"Sakriven broj","from-contact":"Od {{ contact }}","from-number":"Od {{ number }}","from-withheld-number":"Sa sakrivenog broja","yesterday":"Juče","sending":"Slanje…","speakerOption":{"ariaLabel":"Zvučnik"},"ussd-services":"{{ operator }} servisi","toggleKeypad":{"ariaLabel":"Promeni stanje tastature"},"type-your-response":{"placeholder":"Upišite svoj odgovor…"},"clear-all-text":"Obriši sav tekst","hide":"Sakri","call":"Poziv","hold":{"ariaLabel":"Stavi na čekanje"},"resume":{"_":"Nastavi","ariaLabel":"Nastavi"},"sendSms":"Pošalji poruku","callEnded":"Poziv je završen","via-sim":"via SIM{{ n }}","sim-number":"SIM{{ n }}","hangup-a11y-button":{"ariaLabel":"Spusti"},"pickup-a11y-button":{"ariaLabel":"Javi se"},"unlock-a11y-button":{"ariaLabel":"Klizač"},"roaming":"{{operator}} (Roming)","settings":"Postavke","delete-n-log?":{"_index":["plural","n"],"_":{"zero":"Ništa nije odabrano","one":"Izbrisati odabranu stavku?","two":"Izbrisati {{ n }} stavke?","few":"Izbrisati {{ n }} stavki?","many":"Izbrisati {{ n }} stavki?","other":"Izbrisati {{ n }} stavki?"}},"callDurationMinutes":"{{ m }}:{{ s }}","callDurationHours":"{{ h }}:{{ m }}:{{ s}}","suggestionMatches":{"_index":["plural","n"],"_":{"one":"{{ n }} poklapanje sa \"{{ matchNumber }}\"","two":"{{ n }} poklapanja sa \"{{ matchNumber }}\"","few":"{{ n }} poklapanja sa \"{{ matchNumber }}\"","many":"{{ n }} poklapanja sa \"{{ matchNumber }}\"","other":"{{ n }} poklapanja sa \"{{ matchNumber }}\""}},"scCallBarring":"Zabrana poz.","scCallForwarding":"Preusmer.","scClip":"ID poziva","scClir":"ID poziva","scPwd":"Promena lozinke","scCallWaiting":"Poziv na čekanju","scPin":"Promeni PIN","scPin2":"Promeni PIN2","scPuk":"Deblokiranje","scPuk2":"Deblokiranje","scImei":"IMEI","scUssd":"USSD","serviceClassVoice":"Glas","serviceClassData":"Podaci","serviceClassFax":"Faks","serviceClassSms":"SMS","serviceClassDataSync":"Sinhronizacija","serviceClassDataAsync":"Asinhronizacija","serviceClassPacket":"Paket","serviceClassPad":"PAD","smServiceEnabled":"Usluga je omogućena","smServiceDisabled":"Usluga je onemogućena","smServiceRegistered":"Registracija uspešna","smServiceErased":"Brisanje uspešno","smServiceInterrogated":"Zahtev uspešan","smServiceNotProvisioned":"Usluga nije dostupna","smClirPermanent":"Ne možete da promenite ID pozivaoca","smClirDefaultOnNextCallOn":"ID pozivaoca po podrazumevanom je sakriven. Sledeći poziv: sakriven","smClirDefaultOnNextCallOff":"ID pozivaoca po podrazumevanom je sakriven. Sledeći poziv: vidljiv","smClirDefaultOffNextCallOn":"ID pozivaoca po podrazumevanom nije sakriven. Sledeći poziv: sakriven","smClirDefaultOffNextCallOff":"ID pozivaoca po podrazumevanom nije sakriven. Sledeći poziv: vidljiv","smServiceEnabledFor":"Usluga omogućena za:","smPinChanged":"PIN je uspešno promenjen","smPinUnblocked":"PIN je uspešno odblokiran","smPin2Changed":"PIN2 je uspešno promenjen","smPin2Unblocked":"PIN2 je uspešno odblokiran","ServiceIsEnabled":"Service is enabled","ServiceIsDisabled":"Service is disabled","ServiceIsEnabledFor":"Service is enabled for:","emMmiError":"Problem u vezi ili je MMI kod neispravan","emMmiErrorPasswordIncorrect":"Pogrešna lozinka","emMmiErrorNotSupported":"Neispravan ili nepodržan MMI kod","emMmiErrorInvalidAction":"Neispravna akcija","emMmiErrorInvalidScCode":"Nevažeći servisni kod","emMmiErrorBadPuk":"PUK koji ste uneli nije tačan","emMmiErrorBadPin":"Stari PIN koji ste uneli nije tačan.","emMmiErrorNeedPuk2":"Unesite PUK2 da biste skinuli blokadu sa kartice","emMmiErrorMismatchPin":"PIN-ovi se ne poklapaju","emMmiErrorInvalidPin":"Unesite PIN koji sadrži 4 do 8 karaktera","emMmiErrorNeedsPuk":"Vaša SIM kartica je zaključana PUK kodom","emMmiErrorEnablePin":"Neuspešno. Omogućite SIM/RUIM LOCK","emMmiErrorMmiFdn":"Operacija je ograničena samo na fiksno biranje brojeva","emMmiErrorStkCcUssdDial":"USSD zahtev je promenjen u DIAL zahtev","emMmiErrorStkCcUssdSs":"USSD zahtev je promenjen u SS zahtev","emMmiErrorStkCcUssdUssd":"USSD zahtev je promenjen u novi USSD zahtev","emMmiErrorStkCcSsDial":"SS zahtev je promenjen u DIAL zahtev","emMmiErrorStkCcSsUssd":"SS zahtev je promenjen u USSD zahtev","emMmiErrorStkCcSsSs":"SS zahtev je promenjen u novi SS zahtev","emMmiErrorPinPukAttempts":{"_index":["plural","n"],"_":{"one":"Preostao je samo {{ n }} pokušaj","two":"Preostala su {{ n }} pokušaja","few":"Preostalo je {{ n }} pokušaja","many":"Preostalo je {{ n }} pokušaja","other":"Preostalo je {{ n }} pokušaja"}},"emMmiErrorSimBlocked":"Maksimalan broj pokušaja prekoračen. SIM kartica je blokirana","RadioNotAvailable":"Radio nije dostupan","GenericFailure":"Generička greška","PasswordIncorrect":"Pogrešna lozinka","SimPin2":"SIM PIN2","SimPuk2":"SIM PUK2","RequestNotSupported":"Zahtev nije podržan","OpNotAllowedDuringVoiceCall":"Operacija nije dozvoljena tokom razgovora","SmsSendFailRetry":"Neuspešno slanje SMS-a","SimAbsent":"SIM kartica nije pronađena","SubscriptionNotAvailable":"Pretplata nije dostupna","ModeNotSupported":"Režim nije podržan","FdnCheckFailure":"Fdn greška pri proveri","IllegalSimOrMe":"Nedopušten SIM ili ME","DialModifiedToUssd":"Biranje izmenjeno u USSD","DialModifiedToSs":"Biranje izmenjeno u SS","DialModifiedToDial":"Biranje izmenjeno u poziv","UssdModifiedToDial":"USSD izmenjen u poziv","UssdModifiedToSs":"USSD izmenjen u SS","UssdModifiedToUssd":"USSD izmenjen u USSD","SsModifiedToDial":"SS izmenjen u poziv","SsModifiedToUssd":"SS izmenjen u USSD","SsModifiedToSs":"SS izmenjen u SS","SubscriptionNotSupported":"Pretplata nije podržana","InvalidParameter":"Neispravan parametar","RejectedByRemote":"Odbijen od udaljenog uređaja","conferenceCall":"Konferencija ({{n}})","caller-left-call":"{{ caller }} je napustio poziv.","conferenceAddError":"Nije moguće spojiti pozive","conferenceRemoveError":"Nije moguće odvojiti pozive","longDateFormat":"%A, %e %B","select-audio-sources":"Odaberite zvučne izvore","bluetooth-handsfree-device":"Bluetooth handsfree uređaj","receiver":"Slušalica","speaker":"Zvučnik","weekday-0-long":"Nedelja","weekday-1-long":"Ponedeljak","weekday-2-long":"Utorak","weekday-3-long":"Sreda","weekday-4-long":"Četvrtak","weekday-5-long":"Petak","weekday-6-long":"Subota","weekday-0-short":"Ned","weekday-1-short":"Pon","weekday-2-short":"Uto","weekday-3-short":"Sre","weekday-4-short":"Čet","weekday-5-short":"Pet","weekday-6-short":"Sub","month-0-long":"januar","month-1-long":"februar","month-2-long":"mart","month-3-long":"april","month-4-long":"maj","month-5-long":"jun","month-6-long":"jul","month-7-long":"avgust","month-8-long":"septembar","month-9-long":"oktobar","month-10-long":"novembar","month-11-long":"decembar","month-0-genitive":"januara","month-1-genitive":"februara","month-2-genitive":"marta","month-3-genitive":"aprila","month-4-genitive":"maja","month-5-genitive":"juna","month-6-genitive":"jula","month-7-genitive":"avgusta","month-8-genitive":"septembra","month-9-genitive":"oktobra","month-10-genitive":"novembra","month-11-genitive":"decembra","month-0-short":"jan","month-1-short":"feb","month-2-short":"mar","month-3-short":"apr","month-4-short":"maj","month-5-short":"jun","month-6-short":"jul","month-7-short":"avg","month-8-short":"sep","month-9-short":"okt","month-10-short":"nov","month-11-short":"dec","minutes-ago-long":{"_index":["plural","value"],"_":{"zero":"upravo","one":"pre minut","two":"pre {{value}} minuta","few":"pre {{value}} minuta","many":"pre {{value}} minuta","other":"pre {{value}} minuta"}},"hours-ago-long":{"_index":["plural","value"],"_":{"zero":"upravo","one":"pre sat vremena","two":"pre {{value}} sata","few":"pre {{value}} sati","many":"pre {{value}} sati","other":"pre {{value}} sati"}},"days-ago-long":{"_index":["plural","value"],"_":{"zero":"danas","one":"juče","two":"pre {{value}} dana","few":"pre {{value}} dana","many":"pre {{value}} dana","other":"pre {{value}} dana"}},"weeks-ago-long":{"_index":["plural","value"],"_":{"zero":"ove nedelje","one":"prošle nedelje","two":"pre {{value}} nedelje","few":"pre {{value}} nedelja","many":"pre {{value}} nedelja","other":"pre {{value}} nedelja"}},"months-ago-long":{"_index":["plural","value"],"_":{"zero":"ovog meseca","one":"prošlog meseca","two":"pre {{value}} meseca","few":"pre {{value}} meseci","many":"pre {{value}} meseci","other":"pre {{value}} meseci"}},"years-ago-long":{"_index":["plural","value"],"_":{"zero":"ove godine","one":"prošle godine","two":"pre {{value}} godine","few":"pre {{value}} godina","many":"pre {{value}} godina","other":"pre {{value}} godina"}},"minutes-until-long":{"_index":["plural","value"],"_":{"zero":"upravo","one":"za jedan minut","two":"za {{value}} minuta","few":"za {{value}} minuta","many":"za {{value}} minuta","other":"za {{value}} minuta"}},"hours-until-long":{"_index":["plural","value"],"_":{"zero":"upravo","one":"za sat vremena","two":"za {{value}} sata","few":"za {{value}} sati","many":"za {{value}} sati","other":"za {{value}} sati"}},"days-until-long":{"_index":["plural","value"],"_":{"zero":"danas","one":"sutra","two":"za {{value}} dana","few":"za {{value}} dana","many":"za {{value}} dana","other":"za {{value}} dana"}},"weeks-until-long":{"_index":["plural","value"],"_":{"zero":"ove nedelje","one":"sledeće nedelje","two":"za {{value}} nedelje","few":"za {{value}} nedelja","many":"za {{value}} nedelja","other":"za {{value}} nedelja"}},"months-until-long":{"_index":["plural","value"],"_":{"zero":"ovog meseca","one":"sledećeg meseca","two":"za {{value}} meseca","few":"za {{value}} meseci","many":"za {{value}} meseci","other":"za {{value}} meseci"}},"years-until-long":{"_index":["plural","value"],"_":{"zero":"ove godine","one":"sledeće godine","two":"za {{value}} godine","few":"za {{value}} godina","many":"za {{value}} godina","other":"za {{value}} godina"}},"minutes-ago-short":{"_index":["plural","value"],"_":{"zero":"upravo","other":"pre {{value}}m"}},"hours-ago-short":{"_index":["plural","value"],"_":{"zero":"upravo","other":"pre {{value}}s"}},"days-ago-short":{"_index":["plural","value"],"_":{"zero":"danas","other":"pre {{value}}d"}},"minutes-until-short":{"_index":["plural","value"],"_":{"zero":"upravo","other":"za {{value}}m"}},"hours-until-short":{"_index":["plural","value"],"_":{"zero":"upravo","other":"za {{value}}s"}},"days-until-short":{"_index":["plural","value"],"_":{"zero":"danas","other":"za {{value}}d"}},"incorrectDate":"(netačan datum)","dateTimeFormat_%c":"%a %e %b %Y %H:%M:%S","dateTimeFormat_%x":"%d.%m.%Y","dateTimeFormat_%X":"%H:%M:%S","shortTimeFormat":"%H:%M","shortDateTimeFormat":"%x %H:%M","weekStartsOnMonday":"1","time_am":"AM","time_pm":"PM","label":"Naslov","mobile":"Mobilni","home":"Kućni","work":"Poslovni","personal":"Lični","faxHome":"Kućni faks","faxOffice":"Faks u kancelariji","faxOther":"Drugi faksovi","another":"Drugo","other":"Ostalo","customTag":{"placeholder":"Posebna oznaka"},"current":"Trenutna adresa","itemWithLabel":"{{label}}, {{item}}"}