{"callAirplaneModeMessage":"För att ringa ett samtal måste du inaktivera flygplansläge i inställningar.","callAirplaneModeBtnOk":"OK","callAirplaneModeTitle":"Flygplansläge aktiverat","numberIsBusyTitle":"Numret är upptaget","numberIsBusyMessage":"Numret är upptaget. Försök igen senare.","fdnIsActiveTitle":"FDN aktiv","fdnIsActiveMessage":"FDN (Fasta nummer) är aktiverad och följande nummer finns inte i din FDN lista: {{ number }}","voiceMail":"Röstbrevlåda","emergencyNumber":"Nödnummer","emergencyDialogBodyBadNumber":"För att ringa ett samtal, måste telefonen vara ansluten till ett mobilnät.","emergencyDialogBodyDeviceNotAccepted":"Nödsamtal är inte tillåtna i nätet.","emergencyDialogBtnOk":"OK","emergencyDialogTitle":"Ingen nätverksanslutning","invalidNumberToDialTitle":"Ogiltigt telefonnummer","invalidNumberToDialMessage":"Telefonnumret du ringer är inte giltigt.","unableToCallTitle":"Kan inte ringa ett samtal nu","unableToCallMessage":"Det går inte att ringa. Om du redan ringer, vänligen lägg på först.","otherConnectionInUseTitle":"Annan anslutning används","otherConnectionInUseMessage":"Du har ett pågående samtal på en annan anslutning. Du kan bara använda en anslutning i taget.","addNewNumber":"Lägg till nytt nummer","addToExistingContact":"Lägg till en befintlig kontakt","all":{"_":"Alla","ariaLabel":"Alla"},"callLog":"Samtalslista","callLogEdit":{"title":"Redigera samtalslista"},"callLogEditDialog":{"ariaLabel":"Redigera samtalslista"},"connecting":"Ansluter","cf-async":"Asynkron: {{ async }}\\n","cf-data":"Data: {{ data }}\\n","cf-error":"Ett fel uppstod vid hämtning av status för vidarekoppling","cf-fax":"FAX: {{ fax }}\\n","cf-inactive":"Inaktiv","cf-packet":"Paket: {{ packet }}\\n","cf-pad":"PAD: {{ pad }}\\n","cf-sms":"SMS: {{ sms }}\\n","cf-status":"Status vidarekoppling\\n","cf-sync":"Synkron: {{ sync }}\\n","cf-voice":"Röst: {{ voice }}\\n","close":"Stäng","confirm-deletion":"Rensa markerade samtal?","contacts":{"ariaLabel":"Kontakter"},"createNewContact":"Skapa ny kontakt","delete":"Ta bort","deselectAll":"Avmarkera alla","dialerAddContact":{"ariaLabel":"Lägg till kontakt"},"dialerAddContactDialog":{"ariaLabel":"Lägg till kontakt"},"edit-selected":{"_index":["plural","n"],"_":{"one":"{{ n }} markerad","two":"{{ n }} markerade","few":"{{ n }} markerade","many":"{{ n }} markerade","other":"{{ n }} markerade"}},"edit":"Redigera","hideKeypad":{"ariaLabel":"Dölj knappsats"},"ignore":"Ignorera samtal","incoming":"Inkommande","keypad":{"ariaLabel":"Knappsats"},"makeCall":{"ariaLabel":"Ring samtal"},"merge":"Sammanfoga","missed":{"_":"Missat","ariaLabel":"Missat"},"missedCall":"Missat samtal","missedCallMultiSims":"(SIM {{ n }}) Missat samtal","mmi-error":"Ett fel uppstod när du skickade meddelandet","mmi-session-expired":"Session upphörd","mmi-successfully-sent":"Meddelandet skickat","mmi-notification-title-with-sim":"({{sim}}) {{title}}","mute":{"ariaLabel":"Tyst"},"newCall":{"ariaLabel":"Nytt samtal"},"no-logs-msg-1":"Inga samtal registrerade","no-logs-msg-2":"Börja kommunicera nu","no-logs-msg-3":"Inga missade samtal","recents":{"ariaLabel":"Senaste samtal"},"reply":"Svara","selectAll":"Markera alla","send":"Skicka","switch-calls":"Växla samtal","today":"Idag","withheld-number":"Dolt nummer","from-contact":"Från {{ contact }}","from-number":"Från {{ number }}","from-withheld-number":"Från dolt nummer","yesterday":"Igår","sending":"Skickar…","speakerOption":{"ariaLabel":"Högtalare"},"ussd-services":"{{ operator }} tjänster","toggleKeypad":{"ariaLabel":"Växla knappsats"},"type-your-response":{"placeholder":"Skriv ditt svar…"},"clear-all-text":"Rensa all text","hide":"Dölj","call":"Ringa","hold":{"ariaLabel":"Parkera"},"resume":{"_":"Återuppta","ariaLabel":"Återuppta"},"sendSms":"Skicka meddelande","callEnded":"Samtal avslutat","via-sim":"via SIM{{ n }}","sim-number":"SIM{{ n }}","hangup-a11y-button":{"ariaLabel":"Lägg på"},"pickup-a11y-button":{"ariaLabel":"Svara"},"unlock-a11y-button":{"ariaLabel":"Reglage"},"roaming":"{{operator}} (roaming)","settings":"Inställningar","delete-n-log?":{"_index":["plural","n"],"_":{"zero":"Inget markerat","one":"Ta bort vald logg?","two":"Ta bort {{ n }} loggar?","few":"Ta bort {{ n }} loggar?","many":"Ta bort {{ n }} loggar?","other":"Ta bort {{ n }} loggar?"}},"callDurationMinutes":"{{ m }}:{{ s }}","callDurationHours":"{{ h }}:{{ m }}:{{ s}}","suggestionMatches":{"_index":["plural","n"],"_":{"one":"{{ n }} matchning för \"{{ matchNumber }}\"","two":"{{ n }} matchningar för \"{{ matchNumber }}\"","few":"{{ n }} matchningar för \"{{ matchNumber }}\"","many":"{{ n }} matchningar för \"{{ matchNumber }}\"","other":"{{ n }} matchningar för \"{{ matchNumber }}\""}},"scCallBarring":"Samtalsspärr","scCallForwarding":"Vidarebefordra samtal","scClip":"Inkommande nummerpresentation","scClir":"Utgående nummerpresentation","scPwd":"Lösenord ändrat","scCallWaiting":"Samtal väntar","scPin":"PIN-kod ändrad","scPin2":"PIN2-kod ändrad","scPuk":"Avblockera PIN-kod","scPuk2":"Avblockera PIN2-kod","scImei":"IMEI","scUssd":"USSD","serviceClassVoice":"Röst","serviceClassData":"Data","serviceClassFax":"FAX","serviceClassSms":"SMS","serviceClassDataSync":"Synkron","serviceClassDataAsync":"Asynkron","serviceClassPacket":"Paket","serviceClassPad":"PAD","smServiceEnabled":"Tjänsten har aktiverats","smServiceDisabled":"Tjänsten har inaktiverats","smServiceRegistered":"Registrering lyckades","smServiceErased":"Radering lyckades","smServiceInterrogated":"Begäran lyckades","smServiceNotProvisioned":"Tjänsten tillhandahålls inte","smClirPermanent":"Du kan inte ändra inställningar för nummerpresentation","smClirDefaultOnNextCallOn":"Nummerpresentation är begränsad. Nästa samtal: Begränsad","smClirDefaultOnNextCallOff":"Nummerpresentation är begränsad. Nästa samtal: Inte begränsad","smClirDefaultOffNextCallOn":"Nummerpresentation är inte begränsad. Nästa samtal: Begränsad","smClirDefaultOffNextCallOff":"Nummerpresentation är inte begränsad. Nästa samtal: Inte begränsad","smServiceEnabledFor":"Tjänsten har aktiverats för:","smPinChanged":"PIN har ändrats","smPinUnblocked":"PIN blockering hävd","smPin2Changed":"PIN2 har ändrats","smPin2Unblocked":"PIN2 blockering hävd","ServiceIsEnabled":"Service is enabled","ServiceIsDisabled":"Service is disabled","ServiceIsEnabledFor":"Service is enabled for:","emMmiError":"Anslutningsproblem eller ogiltig MMI-kod","emMmiErrorPasswordIncorrect":"Felaktigt lösenord","emMmiErrorNotSupported":"Ogiltig eller ej fungerade MMI-kod","emMmiErrorInvalidAction":"Ogiltig åtgärd","emMmiErrorInvalidScCode":"Ogiltig servicekod","emMmiErrorBadPuk":"PUK-koden du angav är inte korrekt","emMmiErrorBadPin":"Den gamla PIN-koden du angav är inte korrekt","emMmiErrorNeedPuk2":"Ange PUK2-koden för att låsa upp SIM-kortet","emMmiErrorMismatchPin":"PIN-koderna du angav matchar inte ","emMmiErrorInvalidPin":"Ange en PIN-kod som är 4 till 8 siffror","emMmiErrorNeedsPuk":"Ditt SIM-kort är PUK-låst","emMmiErrorEnablePin":"Misslyckades. Aktivera SIM/RUIM lås","emMmiErrorMmiFdn":"Funktionen är begränsad till fasta nummer endast","emMmiErrorStkCcUssdDial":"USSD begäran ändras till DIAL begäran","emMmiErrorStkCcUssdSs":"USSD begäran ändras till SS begäran","emMmiErrorStkCcUssdUssd":"USSD begäran ändras till ny USSD begäran","emMmiErrorStkCcSsDial":"SS begäran ändras till DIAL begäran","emMmiErrorStkCcSsUssd":"SS begäran ändras till USSD begäran","emMmiErrorStkCcSsSs":"SS begäran ändras till ny SS begäran","emMmiErrorPinPukAttempts":{"_index":["plural","n"],"_":{"one":"Endast {{ n }} försök kvar","two":"{{ n }} försök kvar","few":"{{ n }} försök kvar","many":"{{ n }} försök kvar","other":"{{ n }} försök kvar"}},"emMmiErrorSimBlocked":"Maximalt antal försök har överskridits. SIM blockerad.","RadioNotAvailable":"Radio inte tillgänglig","GenericFailure":"Allmänt fel","PasswordIncorrect":"Felaktigt lösenord","SimPin2":"SIM PIN2","SimPuk2":"SIM PUK2","RequestNotSupported":"Begäran stöds inte","OpNotAllowedDuringVoiceCall":"Funktionen ej tillåten under röstsamtal","SmsSendFailRetry":"SMS skicka igen misslyckades","SimAbsent":"SIM saknas","SubscriptionNotAvailable":"Prenumeration inte tillgänglig","ModeNotSupported":"Läget stöds inte","FdnCheckFailure":"Fdn-kontroll misslyckades","IllegalSimOrMe":"Olaglig SIM eller ME","DialModifiedToUssd":"Dial ändrad till USSD","DialModifiedToSs":"Dial ändrad till ss","DialModifiedToDial":"Dial ändrad till dial","UssdModifiedToDial":"USSD ändrad till dial","UssdModifiedToSs":"USSD ändrad till SS","UssdModifiedToUssd":"USSD ändrad till USSD","SsModifiedToDial":"SS ändrad till dial","SsModifiedToUssd":"SS ändrad till USSD","SsModifiedToSs":"SS ändrad till SS","SubscriptionNotSupported":"Prenumeration stöds inte","InvalidParameter":"Ogiltig parameter","RejectedByRemote":"Avvisad från fjärr","conferenceCall":"Konferens ({{n}})","caller-left-call":"{{ caller }} har lämnat samtalet.","conferenceAddError":"Kan inte koppla ihop samtal","conferenceRemoveError":"Kan inte koppla från samtal","longDateFormat":"%A, %e %B","select-audio-sources":"Välj ljudkälla","bluetooth-handsfree-device":"Bluetooth handsfree-enhet","receiver":"Mottagare","speaker":"Högtalare","weekday-0-long":"Söndag","weekday-1-long":"Måndag","weekday-2-long":"Tisdag","weekday-3-long":"Onsdag","weekday-4-long":"Torsdag","weekday-5-long":"Fredag","weekday-6-long":"Lördag","weekday-0-short":"Sön","weekday-1-short":"Mån","weekday-2-short":"Tis","weekday-3-short":"Ons","weekday-4-short":"Tor","weekday-5-short":"Fre","weekday-6-short":"Lör","month-0-long":"Januari","month-1-long":"Februari","month-2-long":"Mars","month-3-long":"April","month-4-long":"Maj","month-5-long":"Juni","month-6-long":"Juli","month-7-long":"Augusti","month-8-long":"September","month-9-long":"Oktober","month-10-long":"November","month-11-long":"December","month-0-genitive":"Januari","month-1-genitive":"Februari","month-2-genitive":"Mars","month-3-genitive":"April","month-4-genitive":"Maj","month-5-genitive":"Juni","month-6-genitive":"Juli","month-7-genitive":"Augusti","month-8-genitive":"September","month-9-genitive":"Oktober","month-10-genitive":"November","month-11-genitive":"December","month-0-short":"Jan","month-1-short":"Feb","month-2-short":"Mar","month-3-short":"Apr","month-4-short":"Maj","month-5-short":"Jun","month-6-short":"Jul","month-7-short":"Aug","month-8-short":"Sep","month-9-short":"Okt","month-10-short":"Nov","month-11-short":"Dec","minutes-ago-long":{"_index":["plural","value"],"_":{"zero":"nyss","one":"en minut sen","two":"{{value}} minuter sen","few":"{{value}} minuter sen","many":"{{value}} minuter sen","other":"{{value}} minuter sen"}},"hours-ago-long":{"_index":["plural","value"],"_":{"zero":"nyss","one":"en timme sen","two":"{{value}} timmar sen","few":"{{value}} timmar sen","many":"{{value}} timmar sen","other":"{{value}} timmar sen"}},"days-ago-long":{"_index":["plural","value"],"_":{"zero":"idag","one":"igår","two":"{{value}} dagar sen","few":"{{value}} dagar sen","many":"{{value}} dagar sen","other":"{{value}} dagar sen"}},"weeks-ago-long":{"_index":["plural","value"],"_":{"zero":"denna vecka","one":"förra veckan","two":"{{value}} veckor sen","few":"{{value}} veckor sen","many":"{{value}} veckor sen","other":"{{value}} veckor sen"}},"months-ago-long":{"_index":["plural","value"],"_":{"zero":"denna månad","one":"förra månaden","two":"{{value}} månader sen","few":"{{value}} månader sen","many":"{{value}} månader sen","other":"{{value}} månader sen"}},"years-ago-long":{"_index":["plural","value"],"_":{"zero":"detta år","one":"förra året","two":"{{value}} år sen","few":"{{value}} år sen","many":"{{value}} år sen","other":"{{value}} år sen"}},"minutes-until-long":{"_index":["plural","value"],"_":{"zero":"nu","one":"om en minut","two":"om {{value}} minuter","few":"om {{value}} minuter","many":"om {{value}} minuter","other":"om {{value}} minuter"}},"hours-until-long":{"_index":["plural","value"],"_":{"zero":"nu","one":"om en timme","two":"om {{value}} timmar","few":"om {{value}} timmar","many":"om {{value}} timmar","other":"om {{value}} timmar"}},"days-until-long":{"_index":["plural","value"],"_":{"zero":"idag","one":"imorgon","two":"om {{value}} dagar","few":"om {{value}} dagar","many":"om {{value}} dagar","other":"om {{value}} dagar"}},"weeks-until-long":{"_index":["plural","value"],"_":{"zero":"denna vecka","one":"nästa vecka","two":"om {{value}} veckor","few":"om {{value}} veckor","many":"om {{value}} veckor","other":"om {{value}} veckor"}},"months-until-long":{"_index":["plural","value"],"_":{"zero":"denna månad","one":"nästa månad","two":"om {{value}} månader","few":"om {{value}} månader","many":"om {{value}} månader","other":"om {{value}} månader"}},"years-until-long":{"_index":["plural","value"],"_":{"zero":"detta år","one":"nästa år","two":"om {{value}} år","few":"om {{value}} år","many":"om {{value}} år","other":"om {{value}} år"}},"minutes-ago-short":{"_index":["plural","value"],"_":{"zero":"nyss","other":"{{value}} min sen"}},"hours-ago-short":{"_index":["plural","value"],"_":{"zero":"nyss","other":"{{value}} tim. sen"}},"days-ago-short":{"_index":["plural","value"],"_":{"zero":"idag","other":"{{value}} dygn sen"}},"minutes-until-short":{"_index":["plural","value"],"_":{"zero":"nu","other":"om {{value}} min"}},"hours-until-short":{"_index":["plural","value"],"_":{"zero":"nu","other":"om {{value}} tim."}},"days-until-short":{"_index":["plural","value"],"_":{"zero":"idag","other":"om {{value}} dygn"}},"incorrectDate":"(felaktigt datum)","dateTimeFormat_%c":"%a %e %b %Y %H:%M:%S","dateTimeFormat_%x":"%d/%m/%Y","dateTimeFormat_%X":"%H:%M:%S","shortTimeFormat":"%H:%M","shortDateTimeFormat":"%x %H:%M","weekStartsOnMonday":"1","time_am":"AM","time_pm":"PM","label":"Namn","mobile":"Mobil","home":"Hem","work":"Arbete","personal":"Privat","faxHome":"Fax hem","faxOffice":"Fax kontor","faxOther":"Fax övrig","another":"Ytterligare","other":"Övrigt","customTag":{"placeholder":"Anpassad"},"current":"Aktuell","itemWithLabel":"{{label}}, {{item}}"}