{"callAirplaneModeMessage":"Arama yapmak için ayarlardan uçak modunu devre dışı bırakmalısınız.","callAirplaneModeBtnOk":"Tamam","callAirplaneModeTitle":"Uçak modu etkinleştirildi","numberIsBusyTitle":"Numara meşgul","numberIsBusyMessage":"Numara şu anda meşgul. Lütfen daha sonra tekrar deneyin.","fdnIsActiveTitle":"FDN etkin","fdnIsActiveMessage":"FDN (Sabit Arama Numaraları) etkin ve bu numara FDN listenizde değil: {{ number }}","voiceMail":"Telesekreter","emergencyNumber":"Acil durum numarası","emergencyDialogBodyBadNumber":"Arama yapmak için telefon bir şebekeye bağlı olmalıdır.","emergencyDialogBodyDeviceNotAccepted":"Acil aramalara şebeke tarafından izin verilmiyor.","emergencyDialogBtnOk":"Tamam","emergencyDialogTitle":"Şebeke bağlantısı yok","invalidNumberToDialTitle":"Geçersiz telefon numarası","invalidNumberToDialMessage":"Aradığınız telefon numarası geçerli değil.","unableToCallTitle":"Şu an arama yapılamıyor","unableToCallMessage":"Arama yapılamıyor. Numarayı çeviriyorsanız önce hattı kapatın.","otherConnectionInUseTitle":"Diğer bağlantı kullanımda","otherConnectionInUseMessage":"Başka bir bağlantıda aktif bir aramanız var. Tek seferde sadece bir bağlantıyı kullanabilirsiniz.","addNewNumber":"Yeni numara ekle","addToExistingContact":"Mevcut bir kişiye ekle","all":{"_":"Tümü","ariaLabel":"Tümü"},"callLog":"Arama kaydı","callLogEdit":{"title":"Arama günlüğünü düzenle"},"callLogEditDialog":{"ariaLabel":"Arama günlüğü diyaloğunu düzenle"},"connecting":"Bağlanıyor","cf-async":"Asenkron: {{ async }}\\n","cf-data":"Veri: {{ data }}\\n","cf-error":"Çağrı yönlendirme durumu alınırken bir hata oluştu","cf-fax":"FAKS: {{ fax }}\\n","cf-inactive":"Etkin değil","cf-packet":"Paket: {{ packet }}\\n","cf-pad":"TUŞ TAKIMI: {{ pad }}\\n","cf-sms":"SMS: {{ sms }}\\n","cf-status":"Çağrı yönlendirme durumu\\n","cf-sync":"Senkron: {{ sync }}\\n","cf-voice":"Ses: {{ voice }}\\n","close":"Kapat","confirm-deletion":"Seçili çağrılar silinsin mi?","contacts":{"ariaLabel":"Kişiler"},"createNewContact":"Yeni kişi oluştur","delete":"Sil","deselectAll":"Tüm seçimi kaldır","dialerAddContact":{"ariaLabel":"Kişi ekle"},"dialerAddContactDialog":{"ariaLabel":"Kişi kutusu ekle"},"edit-selected":{"_index":["plural","n"],"_":{"one":"{{ n }} seçildi","two":"{{ n }} seçili","few":"{{ n }} seçili","many":"{{ n }} seçili","other":"{{ n }} seçili"}},"edit":"Düzenle","hideKeypad":{"ariaLabel":"Klavyeyi gizle"},"ignore":"Çağrıyı yok say","incoming":"Gelen","keypad":{"ariaLabel":"Klavye"},"makeCall":{"ariaLabel":"Arama yap"},"merge":"Birleştir","missed":{"_":"Cevapsız","ariaLabel":"Cevapsız"},"missedCall":"Cevapsız çağrı","missedCallMultiSims":"(SIM {{ n }}) Cevapsız çağrı","mmi-error":"Mesaj gönderilirken bir hata oluştu","mmi-session-expired":"Oturum zaman aşımına uğradı","mmi-successfully-sent":"Mesaj başarıyla gönderildi","mmi-notification-title-with-sim":"({{sim}}) {{title}}","mute":{"ariaLabel":"Sesi kapat"},"newCall":{"ariaLabel":"Yeni arama"},"no-logs-msg-1":"Kaydedilmiş çağrı yok.","no-logs-msg-2":"Haydi, konuşmaya başlayın.","no-logs-msg-3":"Cevapsız çağrı yok","recents":{"ariaLabel":"Son aramalar"},"reply":"Yanıtla","selectAll":"Tümünü seç","send":"Gönder","switch-calls":"Arama değiştir","today":"Bugün","withheld-number":"Gizli numara","from-contact":"{{ contact }} adlı kişiden","from-number":"{{ number }} numarasından","from-withheld-number":"Gizli numaradan","yesterday":"Dün","sending":"Gönderiliyor…","speakerOption":{"ariaLabel":"Hoparlör"},"ussd-services":"{{ operator }} hizmetleri","toggleKeypad":{"ariaLabel":"Klavyeyi aç/kapat"},"type-your-response":{"placeholder":"Yanıtınızı yazın…"},"clear-all-text":"Tüm metni temizle","hide":"Gizle","call":"Ara","hold":{"ariaLabel":"Beklet"},"resume":{"_":"Sürdür","ariaLabel":"Sürdür"},"sendSms":"Mesaj gönder","callEnded":"Çağrı sonlandı","via-sim":"SIM{{ n }} ile","sim-number":"SIM{{ n }}","hangup-a11y-button":{"ariaLabel":"Kapat"},"pickup-a11y-button":{"ariaLabel":"Yanıtla"},"unlock-a11y-button":{"ariaLabel":"Sürgü"},"roaming":"{{operator}} (Dolaşımda)","settings":"Ayarlar","delete-n-log?":{"_index":["plural","n"],"_":{"zero":"Hiçbir şey seçilmedi","one":"Seçilen kayıt silinsin mi?","two":"{{ n }} kayıt silinsin mi?","few":"{{ n }} kayıt silinsin mi?","many":"{{ n }} kayıt silinsin mi?","other":"{{ n }} kayıt silinsin mi?"}},"callDurationMinutes":"{{ m }}:{{ s }}","callDurationHours":"{{ h }}:{{ m }}:{{ s}}","suggestionMatches":{"_index":["plural","n"],"_":{"one":"\"{{ matchNumber }}\" {{ n }} kez eşleşti","two":"\"{{ matchNumber }}\" {{ n }} kez eşleşti","few":"\"{{ matchNumber }}\" {{ n }} kez eşleşti","many":"\"{{ matchNumber }}\" {{ n }} kez eşleşti","other":"\"{{ matchNumber }}\" {{ n }} kez eşleşti"}},"scCallBarring":"Arama engelleme","scCallForwarding":"Yönlendirme","scClip":"Arayanın numarası","scClir":"Numaramı göster","scPwd":"Parola değiştir","scCallWaiting":"Arama bekletme","scPin":"PIN değiştir","scPin2":"PIN2 değiştir","scPuk":"PIN kilidini aç","scPuk2":"PIN2 kilidini aç","scImei":"IMEI","scUssd":"USSD","serviceClassVoice":"Ses","serviceClassData":"Veri","serviceClassFax":"Faks","serviceClassSms":"SMS","serviceClassDataSync":"Senkron","serviceClassDataAsync":"Asenkron","serviceClassPacket":"Paket","serviceClassPad":"PAD","smServiceEnabled":"Servis etkinleştirildi","smServiceDisabled":"Servis devre dışı bırakıldı","smServiceRegistered":"Kayıt başarılı","smServiceErased":"Silme başarılı","smServiceInterrogated":"İstek başarılı","smServiceNotProvisioned":"Servis izni yok","smClirPermanent":"Arama kimliği ayarını değiştiremezsiniz","smClirDefaultOnNextCallOn":"Arama kimliği varsayılan olarak kısıtlı. Sonraki arama: Kısıtlı","smClirDefaultOnNextCallOff":"Arama kimliği varsayılan olarak kısıtlı. Sonraki arama: Kısıtsız","smClirDefaultOffNextCallOn":"Arama kimliği varsayılan olarak kısıtsız. Sonraki arama: Kısıtlı","smClirDefaultOffNextCallOff":"Arama kimliği varsayılan olarak kısıtsız. Sonraki arama: Kısıtsız","smServiceEnabledFor":"Servis etkinleştirildi:","smPinChanged":"PIN başarıyla değiştirildi","smPinUnblocked":"PIN başarıyla açıldı","smPin2Changed":"PIN2 başarıyla değiştirildi","smPin2Unblocked":"PIN2 başarıyla değiştirildi","ServiceIsEnabled":"Service is enabled","ServiceIsDisabled":"Service is disabled","ServiceIsEnabledFor":"Service is enabled for:","emMmiError":"Bağlantı sorunu veya geçersiz MMI kodu","emMmiErrorPasswordIncorrect":"Yanlış parola","emMmiErrorNotSupported":"Geçersiz ve desteklenmeyen MMI kodu","emMmiErrorInvalidAction":"Geçersiz eylem","emMmiErrorInvalidScCode":"Geçersiz servis kodu","emMmiErrorBadPuk":"Yazdığınız PUK yanlış","emMmiErrorBadPin":"Yazdığınız eski PIN yanlış.","emMmiErrorNeedPuk2":"SIM kartı açmak için PUK2'yi yazın","emMmiErrorMismatchPin":"Yazdığınız PIN'ler eşleşmiyor","emMmiErrorInvalidPin":"4 ila 8 basamaklı bir PIN yazın","emMmiErrorNeedsPuk":"SIM kartınız PUK kilitli","emMmiErrorEnablePin":"Başarısız. SIM/RUIM kilidini etkinleştir","emMmiErrorMmiFdn":"İşlem sadece sabit arama numaralarıyla kısıtlıdır","emMmiErrorStkCcUssdDial":"USSD isteği DIAL isteğiyle değiştirildi","emMmiErrorStkCcUssdSs":"USSD isteği SS isteğiyle değiştirildi","emMmiErrorStkCcUssdUssd":"USSD isteği yeni USSD isteğiyle değiştirildi","emMmiErrorStkCcSsDial":"SS isteği DIAL isteğiyle değiştirildi","emMmiErrorStkCcSsUssd":"SS isteği USSD isteğiyle değiştirildi","emMmiErrorStkCcSsSs":"SS isteği yeni SS isteğiyle değiştirildi","emMmiErrorPinPukAttempts":{"_index":["plural","n"],"_":{"one":"Sadece {{ n }} hakkınız kaldı","two":"{{ n }} hakkınız kaldı","few":"{{ n }} hakkınız kaldı","many":"{{ n }} hakkınız kaldı","other":"{{ n }} hakkınız kaldı"}},"emMmiErrorSimBlocked":"Maksimum deneme sayısını aştınız. SIM kilitlendi","RadioNotAvailable":"Radyo kullanılamıyor","GenericFailure":"Genel hata","PasswordIncorrect":"Parola yanlış","SimPin2":"SIM PIN2","SimPuk2":"SIM PUK2","RequestNotSupported":"İstek desteklenmiyor","OpNotAllowedDuringVoiceCall":"Sesli arama sırasında bu işleme izin verilmiyor","SmsSendFailRetry":"SMS gönderimi başarısız, tekrar dene","SimAbsent":"SIM yok","SubscriptionNotAvailable":"Abonelik kullanılabilir değil","ModeNotSupported":"Mod desteklenmiyor","FdnCheckFailure":"Fdn kontrol hatası","IllegalSimOrMe":"Geçersiz SIM veya ME","DialModifiedToUssd":"Arama USSD olarak değiştirildi","DialModifiedToSs":"Arama SS olarak değiştirildi","DialModifiedToDial":"Arama arama olarak değiştirildi","UssdModifiedToDial":"USSD arama olarak değiştirildi","UssdModifiedToSs":"USSD SS olarak değiştirildi","UssdModifiedToUssd":"USSD, USSD olarak değiştirildi","SsModifiedToDial":"SS, arama olarak değiştirildi","SsModifiedToUssd":"SS, USSD olarak değiştirildi","SsModifiedToSs":"SS, SS olarak değiştirildi","SubscriptionNotSupported":"Abonelik desteklenmiyor","InvalidParameter":"Geçersiz parametre","RejectedByRemote":"Karşı taraf reddetti","conferenceCall":"Konferans ({{n}})","caller-left-call":"{{ caller }} aramadan ayrıldı.","conferenceAddError":"Çağrılar birleştirilemedi","conferenceRemoveError":"Çağrılar ayrılamadı","longDateFormat":"%e %B %A","select-audio-sources":"Ses kaynaklarını seçin","bluetooth-handsfree-device":"Bluetooth eller serbest cihazı","receiver":"Alıcı","speaker":"Hoparlör","weekday-0-long":"Pazar","weekday-1-long":"Pazartesi","weekday-2-long":"Salı","weekday-3-long":"Çarşamba","weekday-4-long":"Perşembe","weekday-5-long":"Cuma","weekday-6-long":"Cumartesi","weekday-0-short":"Pzr","weekday-1-short":"Pzt","weekday-2-short":"Sal","weekday-3-short":"Çar","weekday-4-short":"Per","weekday-5-short":"Cum","weekday-6-short":"Cmt","month-0-long":"Ocak","month-1-long":"Şubat","month-2-long":"Mart","month-3-long":"Nisan","month-4-long":"Mayıs","month-5-long":"Haziran","month-6-long":"Temmuz","month-7-long":"Ağustos","month-8-long":"Eylül","month-9-long":"Ekim","month-10-long":"Kasım","month-11-long":"Aralık","month-0-genitive":"Ocak","month-1-genitive":"Şubat","month-2-genitive":"Mart","month-3-genitive":"Nisan","month-4-genitive":"Mayıs","month-5-genitive":"Haziran","month-6-genitive":"Temmuz","month-7-genitive":"Ağustos","month-8-genitive":"Eylül","month-9-genitive":"Ekim","month-10-genitive":"Kasım","month-11-genitive":"Aralık","month-0-short":"Oca","month-1-short":"Şub","month-2-short":"Mar","month-3-short":"Nis","month-4-short":"May","month-5-short":"Haz","month-6-short":"Tem","month-7-short":"Ağu","month-8-short":"Eyl","month-9-short":"Eki","month-10-short":"Kas","month-11-short":"Ara","minutes-ago-long":{"_index":["plural","value"],"_":{"zero":"biraz önce","one":"bir dakika önce","two":"{{value}} dakika önce","few":"{{value}} dakika önce","many":"{{value}} dakika önce","other":"{{value}} dakika önce"}},"hours-ago-long":{"_index":["plural","value"],"_":{"zero":"biraz önce","one":"bir saat önce","two":"{{value}} saat önce","few":"{{value}} saat önce","many":"{{value}} saat önce","other":"{{value}} saat önce"}},"days-ago-long":{"_index":["plural","value"],"_":{"zero":"bugün","one":"dün","two":"{{value}} gün önce","few":"{{value}} gün önce","many":"{{value}} gün önce","other":"{{value}} gün önce"}},"weeks-ago-long":{"_index":["plural","value"],"_":{"zero":"bu hafta","one":"geçen hafta","two":"{{value}} hafta önce","few":"{{value}} hafta önce","many":"{{value}} hafta önce","other":"{{value}} hafta önce"}},"months-ago-long":{"_index":["plural","value"],"_":{"zero":"bu ay","one":"geçen ay","two":"{{value}} ay önce","few":"{{value}} ay önce","many":"{{value}} ay önce","other":"{{value}} ay önce"}},"years-ago-long":{"_index":["plural","value"],"_":{"zero":"bu yıl","one":"geçen yıl","two":"{{value}} yıl önce","few":"{{value}} yıl önce","many":"{{value}} yıl önce","other":"{{value}} yıl önce"}},"minutes-until-long":{"_index":["plural","value"],"_":{"zero":"şimdi","one":"bir dakika önce","two":"{{value}} dakika içinde","few":"{{value}} dakika içinde","many":"{{value}} dakika içinde","other":"{{value}} dakika içinde"}},"hours-until-long":{"_index":["plural","value"],"_":{"zero":"şimdi","one":"bir saat içinde","two":"{{value}} saat içinde","few":"{{value}} saat içinde","many":"{{value}} saat içinde","other":"{{value}} saat içinde"}},"days-until-long":{"_index":["plural","value"],"_":{"zero":"bugün","one":"dün","two":"{{value}} gün içinde","few":"{{value}} gün içinde","many":"{{value}} gün içinde","other":"{{value}} gün içinde"}},"weeks-until-long":{"_index":["plural","value"],"_":{"zero":"bu hafta","one":"gelecek hafta","two":"{{value}} hafta içinde","few":"{{value}} hafta içinde","many":"{{value}} hafta içinde","other":"{{value}} hafta içinde"}},"months-until-long":{"_index":["plural","value"],"_":{"zero":"bu ay","one":"gelecek ay","two":"{{value}} ay içinde","few":"{{value}} ay içinde","many":"{{value}} ay içinde","other":"{{value}} ay içinde"}},"years-until-long":{"_index":["plural","value"],"_":{"zero":"bu yıl","one":"gelecek yıl","two":"{{value}} yıl içinde","few":"{{value}} yıl içinde","many":"{{value}} yıl içinde","other":"{{value}} yıl içinde"}},"minutes-ago-short":{"_index":["plural","value"],"_":{"zero":"biraz önce","other":"{{value}} dk önce"}},"hours-ago-short":{"_index":["plural","value"],"_":{"zero":"biraz önce","other":"{{value}} saat önce"}},"days-ago-short":{"_index":["plural","value"],"_":{"zero":"bugün","other":"{{value}} gün önce"}},"minutes-until-short":{"_index":["plural","value"],"_":{"zero":"şimdi","other":"{{value}} dk içinde"}},"hours-until-short":{"_index":["plural","value"],"_":{"zero":"şimdi","other":"{{value}} saat içinde"}},"days-until-short":{"_index":["plural","value"],"_":{"zero":"bugün","other":"{{value}} gün içinde"}},"incorrectDate":"(geçersiz tarih)","dateTimeFormat_%c":"%e %b %Y %a %H:%M:%S","dateTimeFormat_%x":"%d/%m/%Y","dateTimeFormat_%X":"%H:%M:%S","shortTimeFormat":"%H:%M","shortDateTimeFormat":"%x %H:%M","weekStartsOnMonday":"1","time_am":"ÖÖ","time_pm":"ÖS","label":"Etiket","mobile":"Cep","home":"Ev","work":"İş","personal":"Kişisel","faxHome":"Faks ev","faxOffice":"Faks iş","faxOther":"Faks diğer","another":"Diğer","other":"Diğer","customTag":{"placeholder":"Özel etiket"},"current":"Adres","itemWithLabel":"{{label}}, {{item}}"}