{"callAirplaneModeMessage":"在设置里关闭飞行模式后才能打电话。","callAirplaneModeBtnOk":"确定","callAirplaneModeTitle":"飞行模式已开启","numberIsBusyTitle":"号码正忙","numberIsBusyMessage":"您拨打的电话正忙。请稍后再拨。","fdnIsActiveTitle":"固定拨号已启用","fdnIsActiveMessage":"FDN（固定拨号）已激活，下面的号码不在您的 FDN 列表中：{{ number }}","voiceMail":"语音信箱","emergencyNumber":"紧急电话号码","emergencyDialogBodyBadNumber":"打电话前手机必须先连接到网络。","emergencyDialogBodyDeviceNotAccepted":"当前网络不允许紧急呼叫。","emergencyDialogBtnOk":"确定","emergencyDialogTitle":"无网络连接","invalidNumberToDialTitle":"无效的电话号码","invalidNumberToDialMessage":"您所呼叫的电话号码无效。","unableToCallTitle":"现在无法拨叫电话","unableToCallMessage":"无法拨叫电话。如果您已经在拨号，请先挂断。","otherConnectionInUseTitle":"其他正在使用的连接","otherConnectionInUseMessage":"您正在通过另一个连接进行通话，同一时间只能使用一个连接。","addNewNumber":"添加新号码","addToExistingContact":"添加到现有联系人","all":{"_":"全部","ariaLabel":"全部"},"callLog":"通话记录","callLogEdit":{"title":"编辑通话记录"},"callLogEditDialog":{"ariaLabel":"编辑通话记录对话框"},"connecting":"正在连接","cf-async":"异步：{{ async }}\\n","cf-data":"数据：{{ data }}\\n","cf-error":"获取呼叫转移状态时发生错误","cf-fax":"传真：{{ fax }}\\n","cf-inactive":"未使用","cf-packet":"数据包：{{ packet }}\\n","cf-pad":"PAD: {{ pad }}\\n","cf-sms":"短信息：{{ sms }}\\n","cf-status":"呼叫转移状态\\n","cf-sync":"同步：{{ sync }}\\n","cf-voice":"语音：{{ voice }}\\n","close":"关闭","confirm-deletion":"要删除所选的通话记录吗？","contacts":{"ariaLabel":"联系人"},"createNewContact":"新建联系人","delete":"删除","deselectAll":"全部不选","dialerAddContact":{"ariaLabel":"添加联系人"},"dialerAddContactDialog":{"ariaLabel":"添加联系人对话框"},"edit-selected":{"_index":["plural","n"],"_":{"one":"已选择 {{ n }} 条","two":"已选择 {{ n }} 条","few":"已选择 {{ n }} 条","many":"已选择 {{ n }} 条","other":"已选择 {{ n }} 条"}},"edit":"编辑","hideKeypad":{"ariaLabel":"隐藏键盘"},"ignore":"忽略来电","incoming":"呼入","keypad":{"ariaLabel":"键盘"},"makeCall":{"ariaLabel":"拨打电话"},"merge":"合并","missed":{"_":"未接","ariaLabel":"错过的"},"missedCall":"未接电话","missedCallMultiSims":"(SIM {{ n }}) 未接来电","mmi-error":"发送短信息时发生错误","mmi-session-expired":"会话过期","mmi-successfully-sent":"信息发送成功","mmi-notification-title-with-sim":"({{sim}}) {{title}}","mute":{"ariaLabel":"静音"},"newCall":{"ariaLabel":"新来电"},"no-logs-msg-1":"无通话记录","no-logs-msg-2":"立刻开始通讯","no-logs-msg-3":"没有未接电话","recents":{"ariaLabel":"最近来电"},"reply":"回复","selectAll":"选择全部","send":"发送","switch-calls":"切换通话","today":"今天","withheld-number":"隐藏号码","from-contact":"来自 {{ contact }}","from-number":"来自 {{ number }}","from-withheld-number":"来自隐藏号码","yesterday":"昨天","sending":"正在发送…","speakerOption":{"ariaLabel":"扬声器"},"ussd-services":"{{ operator }} 服务","toggleKeypad":{"ariaLabel":"切换键盘"},"type-your-response":{"placeholder":"输入回复内容…"},"clear-all-text":"清除所有文字","hide":"隐藏","call":"拨打","hold":{"ariaLabel":"保留"},"resume":{"_":"继续","ariaLabel":"继续"},"sendSms":"发送消息","callEnded":"通话结束","via-sim":"通过 SIM{{ n }}","sim-number":"SIM{{ n }}","hangup-a11y-button":{"ariaLabel":"挂断"},"pickup-a11y-button":{"ariaLabel":"接听"},"unlock-a11y-button":{"ariaLabel":"滑动条"},"roaming":"{{operator}} (Roaming)","settings":"设置","delete-n-log?":{"_index":["plural","n"],"_":{"zero":"未选择","one":"是否删除选中的日志？","two":"确定删除 {{ n }} 条记录？","few":"确定删除 {{ n }} 条记录？","many":"确定删除 {{ n }} 条记录？","other":"确定删除 {{ n }} 条记录？"}},"callDurationMinutes":"{{ m }}:{{ s }}","callDurationHours":"{{ h }}:{{ m }}:{{ s}}","suggestionMatches":{"_index":["plural","n"],"_":{"one":"{{ n }}个符合“{{ matchNumber }}”的条目","two":"{{ n }}个符合“{{ matchNumber }}”的条目","few":"{{ n }}个符合“{{ matchNumber }}”的条目","many":"{{ n }}个符合“{{ matchNumber }}”的条目","other":"{{ n }}个符合“{{ matchNumber }}”的条目"}},"scCallBarring":"呼叫限制","scCallForwarding":"呼叫转移","scClip":"来电呼叫者 ID","scClir":"拨出呼叫者 ID","scPwd":"密码更改","scCallWaiting":"呼叫等待","scPin":"PIN 更改","scPin2":"PIN2 更改","scPuk":"解锁 PIN","scPuk2":"解锁 PIN2","scImei":"IMEI","scUssd":"USSD","serviceClassVoice":"语音","serviceClassData":"数据","serviceClassFax":"传真","serviceClassSms":"短信","serviceClassDataSync":"同步","serviceClassDataAsync":"异步","serviceClassPacket":"数据包","serviceClassPad":"PAD","smServiceEnabled":"服务已启用","smServiceDisabled":"服务已禁用","smServiceRegistered":"注册成功","smServiceErased":"擦除成功","smServiceInterrogated":"请求成功","smServiceNotProvisioned":"未提供这项服务","smClirPermanent":"您不能更改来电者ID设置","smClirDefaultOnNextCallOn":"呼叫者 ID 默认已限制。下一个电话：已限制","smClirDefaultOnNextCallOff":"呼叫者 ID 默认已限制。下一个电话：不限制","smClirDefaultOffNextCallOn":"呼叫者 ID 默认不限制。下一个电话：已限制","smClirDefaultOffNextCallOff":"呼叫者 ID 默认不限制。下一个电话：不限制","smServiceEnabledFor":"已对下列项启用服务：","smPinChanged":"更改 PIN 成功","smPinUnblocked":"PIN 解锁成功","smPin2Changed":"更改 PIN2 成功","smPin2Unblocked":"解锁 PIN2 成功","ServiceIsEnabled":"Service is enabled","ServiceIsDisabled":"Service is disabled","ServiceIsEnabledFor":"Service is enabled for:","emMmiError":"连接故障或者无效的 MMI 码","emMmiErrorPasswordIncorrect":"密码错误","emMmiErrorNotSupported":"无效或不支持的 MMI 码","emMmiErrorInvalidAction":"无效操作","emMmiErrorInvalidScCode":"无效服务码","emMmiErrorBadPuk":"输入的 PUK 不正确","emMmiErrorBadPin":"输入的旧 PIN 码不正确","emMmiErrorNeedPuk2":"输入 PUK2 码解锁 SIM 卡","emMmiErrorMismatchPin":"输入的 PIN 不匹配","emMmiErrorInvalidPin":"输入一个4到8位数字的 PIN","emMmiErrorNeedsPuk":"你的 SIM 卡已经被锁定 PUK","emMmiErrorEnablePin":"不成功。启用 SIM/RUIM 锁定","emMmiErrorMmiFdn":"操作仅限于限制呼叫的号码","emMmiErrorStkCcUssdDial":"USSD 请求已经改为 DIAL 请求","emMmiErrorStkCcUssdSs":"USSD 请求已经改为 SS 请求","emMmiErrorStkCcUssdUssd":"USSD 请求已经改为新的 USSD 请求","emMmiErrorStkCcSsDial":"SS 请求已经改为 DIAL 请求","emMmiErrorStkCcSsUssd":"SS 请求已经改为 USSD 请求","emMmiErrorStkCcSsSs":"SS 请求已经改为新的 SS 请求","emMmiErrorPinPukAttempts":{"_index":["plural","n"],"_":{"one":"还能再试 {{ n }} 次","two":"还能再试 {{ n }} 次","few":"还能再试 {{ n }} 次","many":"还能再试 {{ n }} 次","other":"还能再试 {{ n }} 次"}},"emMmiErrorSimBlocked":"超过最大重试次数，SIM 卡已锁定","RadioNotAvailable":"收音机不可用","GenericFailure":"一般故障","PasswordIncorrect":"密码错误","SimPin2":"SIM PIN2","SimPuk2":"SIM PUK2","RequestNotSupported":"请求不支持","OpNotAllowedDuringVoiceCall":"语音通话期间不允许此操作","SmsSendFailRetry":"短信发送失败重试","SimAbsent":"无 SIM 卡","SubscriptionNotAvailable":"订阅不可用","ModeNotSupported":"不支持该模式","FdnCheckFailure":"固定拨号（FDN）检查失败","IllegalSimOrMe":"非法的 SIM 或 ME","DialModifiedToUssd":"拨号改为 USSD","DialModifiedToSs":"拨号改为 SS","DialModifiedToDial":"拨号改为拨号","UssdModifiedToDial":"USSD 改为拨号","UssdModifiedToSs":"USSD 改为 SS","UssdModifiedToUssd":"USSD 改为 USSD","SsModifiedToDial":"SS 改为拨号","SsModifiedToUssd":"SS 改为 USSD","SsModifiedToSs":"SS 改为 SS","SubscriptionNotSupported":"不支持订阅","InvalidParameter":"无效参数","RejectedByRemote":"被远端拒绝","conferenceCall":"Conference ({{n}})","caller-left-call":"{{ caller }} 已离开此通话。","conferenceAddError":"无法合并呼叫","conferenceRemoveError":"无法解除呼叫合并","longDateFormat":"%m月%e日%A","select-audio-sources":"选择声音来源","bluetooth-handsfree-device":"蓝牙免提设备","receiver":"听筒","speaker":"扬声器","weekday-0-long":"星期日","weekday-1-long":"星期一","weekday-2-long":"星期二","weekday-3-long":"星期三","weekday-4-long":"星期四","weekday-5-long":"星期五","weekday-6-long":"星期六","weekday-0-short":"周日","weekday-1-short":"周一","weekday-2-short":"周二","weekday-3-short":"周三","weekday-4-short":"周四","weekday-5-short":"周五","weekday-6-short":"周六","month-0-long":"1 月","month-1-long":"2 月","month-2-long":"3 月","month-3-long":"4 月","month-4-long":"5 月","month-5-long":"6 月","month-6-long":"7 月","month-7-long":"8 月","month-8-long":"9 月","month-9-long":"10 月","month-10-long":"11 月","month-11-long":"12 月","month-0-genitive":"一月","month-1-genitive":"二月","month-2-genitive":"三月","month-3-genitive":"四月","month-4-genitive":"五月","month-5-genitive":"六月","month-6-genitive":"七月","month-7-genitive":"八月","month-8-genitive":"九月","month-9-genitive":"十月","month-10-genitive":"十一月","month-11-genitive":"十二月","month-0-short":"1 月","month-1-short":"2 月","month-2-short":"3 月","month-3-short":"4 月","month-4-short":"5 月","month-5-short":"6 月","month-6-short":"7 月","month-7-short":"8 月","month-8-short":"9 月","month-9-short":"10 月","month-10-short":"11 月","month-11-short":"12 月","minutes-ago-long":{"_index":["plural","value"],"_":{"zero":"刚才","one":"1 分钟前","two":"{{ value }} 分钟前","few":"{{ value }} 分钟前","many":"{{ value }} 分钟前","other":"{{ value }} 分钟前"}},"hours-ago-long":{"_index":["plural","value"],"_":{"zero":"刚才","one":"1 小时前","two":"{{ value }} 小时前","few":"{{ value }} 小时前","many":"{{ value }} 小时前","other":"{{ value }} 小时前"}},"days-ago-long":{"_index":["plural","value"],"_":{"zero":"今天","one":"昨天","two":"{{value}} 天前","few":"{{value}} 天前","many":"{{value}} 天前","other":"{{value}} 天前"}},"weeks-ago-long":{"_index":["plural","value"],"_":{"zero":"本周","one":"上周","two":"{{value}} 周前","few":"{{value}} 周前","many":"{{value}} 周前","other":"{{value}} 周前"}},"months-ago-long":{"_index":["plural","value"],"_":{"zero":"本月","one":"上月","two":"{{value}} 个月前","few":"{{value}} 个月前","many":"{{value}} 个月前","other":"{{value}} 个月前"}},"years-ago-long":{"_index":["plural","value"],"_":{"zero":"今年","one":"去年","two":"{{value}} 年前","few":"{{value}} 年前","many":"{{value}} 年前","other":"{{value}} 年前"}},"minutes-until-long":{"_index":["plural","value"],"_":{"zero":"现在","one":"1 分钟内","two":"剩{{value}}分钟","few":"剩{{value}}分钟","many":"剩{{value}}分钟","other":"剩{{value}}分钟"}},"hours-until-long":{"_index":["plural","value"],"_":{"zero":"现在","one":"1 小时内","two":"剩{{value}}小时","few":"剩{{value}}小时","many":"剩{{value}}小时","other":"剩{{value}}小时"}},"days-until-long":{"_index":["plural","value"],"_":{"zero":"今天","one":"明天","two":"剩{{value}}天","few":"剩{{value}}天","many":"剩{{value}}天","other":"剩{{value}}天"}},"weeks-until-long":{"_index":["plural","value"],"_":{"zero":"本周","one":"下周","two":"剩{{value}}周","few":"剩{{value}}周","many":"剩{{value}}周","other":"剩{{value}}周"}},"months-until-long":{"_index":["plural","value"],"_":{"zero":"本月","one":"下月","two":"剩{{value}}个月","few":"剩{{value}}个月","many":"剩{{value}}个月","other":"剩{{value}}个月"}},"years-until-long":{"_index":["plural","value"],"_":{"zero":"今年","one":"明年","two":"剩{{value}}年","few":"剩{{value}}年","many":"剩{{value}}年","other":"剩{{value}}年"}},"minutes-ago-short":{"_index":["plural","value"],"_":{"zero":"刚才","other":"{{value}} 分钟前"}},"hours-ago-short":{"_index":["plural","value"],"_":{"zero":"刚才","other":"{{value}}小时前"}},"days-ago-short":{"_index":["plural","value"],"_":{"zero":"今天","other":"{{value}} 天前"}},"minutes-until-short":{"_index":["plural","value"],"_":{"zero":"现在","other":"剩{{value}}分钟"}},"hours-until-short":{"_index":["plural","value"],"_":{"zero":"现在","other":"剩{{value}}小时"}},"days-until-short":{"_index":["plural","value"],"_":{"zero":"今天","other":"剩{{value}}天"}},"incorrectDate":"（日期不正确）","dateTimeFormat_%c":"%Y 年 %b %e 日 %a %H:%M:%S","dateTimeFormat_%x":"%Y/%m/%d","dateTimeFormat_%X":"%H:%M:%S","shortTimeFormat":"%H:%M","shortDateTimeFormat":"%x %H:%M","weekStartsOnMonday":"0","time_am":"上午","time_pm":"下午","label":"Label","mobile":"Mobile","home":"Home","work":"Work","personal":"Personal","faxHome":"Fax home","faxOffice":"Fax office","faxOther":"Fax other","another":"Another","other":"Other","customTag":{"placeholder":"Custom tag"},"current":"Current","itemWithLabel":"{{label}}, {{item}}"}