{"brandShortName":"B2G OS","browserBrandShortName":"متصفح","browserBrandFullName":"مُتصفح موزيلا","back":"للخلف","noSimMsg":"لإدخال جهات الإتصال أدخل او إفتح بطاقة SIM","noMemoryCardMsg":"لإدخال جهات الإتصال أدخل بطاقة الذاكرة","importMemoryCard":"بطاقة الذاكرة","noConnection11":"لإدخال أصدقاء الفيسبوك او جهات الإتصال إتصل بالشبكة عن طريق WIFI أو حزم بيانات الشبكة","simContacts-import":"استيراد جهات الاتصال من ال SIM","simContacts-importing":"جارِ استيراد جهات الاتصال من ال SIM ...","simContacts-reading":"جارِ القراءة من ال SIM ...","simContacts-error":"لا يمكن استيراد جهات الاتصال من ال SIM .. ","simContacts-imported3":{"_index":["plural","n"],"_":{"zero":"لم يتم العثور على جهات اتصال عل ال SIM ليتم استيرادها .. ","one":"تم استيراد جهة اتصال واحدة ","two":"تم استيراد جهتان اتصال","few":"تم استيراد {{n}} جهات اتصال ","many":"تم استيراد {{n}} جهة اتصال ","other":"تم استيراد {{n}} جهة اتصال "}},"memoryCardContacts-import":"استورد جهات الاتصال من بطاقة الذاكرة","memoryCardContacts-importing":"جارِ استيراد جهات الاتصال من بطاقة الذاكرة...","memoryCardContacts-reading":"يتم القراءة من بطاقة الذاكرة...","memoryCardContacts-error":"لم يتم استيراد أي جهة اتصال من بطاقة الذاكرة","memoryCardContacts-imported3":{"_index":["plural","n"],"_":{"zero":"لم يتم العثور على أي جهة اتصال على بطاقة الذاكرة للاستيراد","one":"تم استيراد جهة اتصال واحدة","two":"تم استيراد جهتان اتصال","few":"تم استيراد {{n}} جهات اتصال ","many":"تم إستيراد {{n}} جهات إتصال","other":"تم إستيراد {{n}} جهة إتصال"}},"genericProgress":"{{current}}/{{total}}","facebook":"الفيسبوك","facebook-import-msg":{"_index":["plural","imported"],"_":{"zero":"لم يتم استيراد أي صديق من {{total}}","one":"تم استيراد صديق واحد من {{total}}","two":"تم إستيراد جهتا إتصال","few":"تم إستيراد {{imported}}/{{total}} جهات إتصال","many":"تم إستيراد {{imported}}/{{total}} جهة إتصال","other":"{{imported}}/{{total}} عدد الاصدقاء الذين تم استرادهم "}},"contactsMerged":{"_index":["plural","numDups"],"_":{"zero":"لم يتم دمج أي جهة إتصال مكررة","one":"تم دمج جهة إتصال مكررة واحدة","two":"تم دمج جهتا إتصال","few":"تم دمج {{numDups}} جهات إتصال","many":"تم دمج {{numDups}} جهة إتصال","other":"تم دمج {{numDups}} جهة إتصال"}},"pincode2":"أدخل كود PIN","type_pin":"ادخل كود PIN","pincodeLabel":"SIM {{n}} PIN","pinValidation":"رقم الكود PIN يجب أن يحتوي بين 4 و8  أحرف.","pinError":"كود PIN خاطئ.","pinAttemptMsg2":{"_index":["plural","n"],"_":{"one":"لديك محاوله واحدة متبقية لادخال الكود الصحيح قبل اغلاق بطاقة SIM.","two":"لديك {{n}} محاولات متبقية لادخال الكود الصحيح قبل اغلاق بطاقة SIM.","few":"لديك {{n}} محاولات متبقية لادخال الكود الصحيح قبل اغلاق بطاقة SIM.","many":"لديك {{n}} محاولات متبقية لادخال الكود الصحيح قبل اغلاق بطاقة SIM.","other":"لديك {{n}} محاولات متبقية لادخال الكود الصحيح قبل اغلاق بطاقة SIM."}},"pinLastChanceMsg":"هذه آخر فرصة لك لإدخال رقم الكود PIN الصحيح.  خلاف ذلك، يجب عليك إدخال مفتاح إلغاء التأمين الشخصي PUK لاستخدام هذه الشريحة.","pukcode":"أدخل كود PUK ","pukcodeTitle":"أدخل SIM {{n}} PUK","pukcodeLabel":"SIM {{n}} PUK","type_puk":"كود PUK ","pukValidation":"رقم الكود يجب أن يكوت 8 احرف بالضبط.","pukInfo":"يجب عليك إدخال مفتاح إلغاء التأمين الشخصي (PUK) للشريحة. ارجع إلى وثائق الشريحة أو اتصل بالناقل الخاص بك للحصول على مزيد من المعلومات.","pukError":"كود PUK غير صحيح.","pukAttemptMsg2":{"_index":["plural","n"],"_":{"one":"لديك محاولة واحدة متبقية لإدخال الرمز الصحيح قبل أن تصبح هذه الشريحة غير صالحة للإستعمال بشكل دائم. ارجع إلى وثائق الشريحة أو اتصل بالمزود الخاص بك للحصول على مزيد من المعلومات.","two":"لديك {{n}} محاولة لإدخال الرمز الصحيح قبل أن تصبح هذه الشريحة غير صالحة للإستعمال بشكل دائم. ارجع إلى وثائق الشريحة أو اتصل بالناقل الخاص بك للحصول على مزيد من المعلومات.","few":"لديك {{n}} محاولة لإدخال الرمز الصحيح قبل أن تصبح هذه الشريحة غير صالحة للإستعمال بشكل دائم. ارجع إلى وثائق الشريحة أو اتصل بالناقل الخاص بك للحصول على مزيد من المعلومات.","many":"لديك {{n}} محاولة لإدخال الرمز الصحيح قبل أن تصبح هذه الشريحة غير صالحة للإستعمال بشكل دائم. ارجع إلى وثائق الشريحة أو اتصل بالناقل الخاص بك للحصول على مزيد من المعلومات.","other":"لديك {{n}} محاولة لإدخال الرمز الصحيح قبل أن تصبح هذه الشريحة غير صالحة للإستعمال بشكل دائم. ارجع إلى وثائق الشريحة أو اتصل بالناقل الخاص بك للحصول على مزيد من المعلومات."}},"pukLastChanceMsg":"آخر فرصة لإدخال مفتاح إلغاء التأمين الشخصي PUK الصحيح. شريحتك ستصبح غير صالحة للإستعمال بشكل دائم إذا أدخلت مفتاح إلغاء تأمين شخصي  PUK  خاطىء.","create_newpin":"أنشىء رقم PIN جديد (يجب أن يحتوي من 4 إلى 8 أرقام)","confirm_newpin":"أكِّد كود PIN","newpinConfirmation":"كودين PIN غير متطابقين","nckcode":"ادخل كود NCK","cckcode":"ادخل كود CCK","spckcode":"ادخل كود SPCK","nck1code":"ادخل رمز NCK1","nck2code":"ادخل رمز NCK2","hnckcode":"ادخل رمز HNCK","rcckcode":"ادخل رمز RCCk","rspckcode":"أدخل كود RSPCK","nckcodeTitle":"أدخل SIM {{n}} NCK","cckcodeTitle":"أدخل SIM {{n}} CCK","spckcodeTitle":"أدخل SIM {{n}} SPCK","nck1codeTitle":"أدخل SIM {{n}} NCK1","nck2codeTitle":"أدخل SIM {{n}} NCK2","hnckcodeTitle":"أدخل SIM {{n}} HNCK","rcckcodeTitle":"أدخل SIM {{n}} RCCK","rspckcodeTitle":"أدخل SIM {{n}} RSPCK","nckcodeLabel":"SIM {{n}} NCK","cckcodeLabel":"SIM {{n}} CCK","spckcodeLabel":"SIM {{n}} SPCK","nck1codeLabel":"SIM {{n}} SPCK","nck2codeLabel":"SIM {{n}} NCK2","hnckcodeLabel":"SIM {{n}} HNCK","rcckcodeLabel":"SIM {{n}} RCCK","rspckcodeLabel":"SIM {{n}} RSPCK","type_nck":"أدخل رمز NCK","type_cck":"ادخل كود CCK","type_spck":"ادخل رمز SPCK الخاص بك","type_nck1":"أدخل رمز NCK1 الخاص بك","type_nck2":"أدخل رمز NCK2","type_hnck":"أدخل رمز HNCK","type_rcck":"ادخل كود RCCK","type_rspck":"أدخل كود RSPCK الخاص بك","nckValidation":"رمز NCK يجب أن يحتوي 8 إلى 16 حرف","cckValidation":"رمز CCK يجب أن يحتوي من 8 إلى 16 حرف","spckValidation":"رمز SPCK يجب أن يحتوي من 8 إلى 16 حرف.","nck1Validation":"يجب أن يحتوي رمز NCK1 8 إلى 16 حرف","nck2Validation":"رمز NCK2 يجب أن يحتوي من 8 إلى 16 خانة","hnckValidation":"رمز HNCK يجب أن يحتوي 8 إلى 16 حرف","rcckValidation":"رمز RCCK يجب أن يحتوي من 8 إلى 16 حرف","rspckValidation":"رمز RSPCK يجب أن يحتوي من 8 إلى 16 حرف.","nckErrorMsg":"كود NCK غير صحيح.","nckAttemptMsg2":{"_index":["plural","n"],"_":{"one":"فشل طلب عدم تخصيص الشبكة. لديك محاوله واحدة متبقية لادخال الكود الصحيح. راجع وثائق جهازك أو اتصل مع مزود الخدمة لمعلومات اضافية.","two":"فشل طلب عدم تخصيص الشبكة. لديك {{n}} محاولات متبقية لإدخال الكود الصحيح. راجع وثائق جهازك أو اتصل بمزود الخدمة للحصول على معلومات إضافية.","few":"فشل طلب عدم تخصيص الشبكة. لديك {{n}} محاولات متبقية لادخال الكود الصحيح. راجع وثائق جهازك أو اتصل مع مزود الخدمة لمعلومات اضافية.","many":"فشل طلب عدم تخصيص الشبكة. لديك {{n}} محاولات متبقية لادخال الكود الصحيح. راجع وثائق جهازك أو اتصل مع مزود الخدمة لمعلومات اضافية.","other":"فشل طلب عدم تخصيص الشبكة. لديك {{n}} محاولات متبقية لادخال الكود الصحيح. راجع وثائق جهازك أو اتصل مع مزود الخدمة لمعلومات اضافية."}},"nckLastChanceMsg":"فشل طلب عدم تخصيص الشبكة. لديك محاولة اخيرة لادخال كود NCL. راجع وثائق جهازك أو اتصل مع مزود الخدمة لمعلومات اضافية.","skip":"تخطي","send":"أرسِّل","ok":"موافق","simLocked":"بطاقة SIM مقفلة.","inputCodeRetriesLeft":{"_index":["plural","n"],"_":{"one":"اخِر محاولة","two":"{{n}} محاولة متبقية .","few":"{{n}} محاولة متبقية .","many":"{{n}} محاولة متبقية .","other":"{{n}} محاولة متبقية ."}},"simManager":"مدير SIM","simDetail":"SIM {{n}}","simDefault":"(إفتراضي)","simDefaultMessage":"يتم تعيين المكالمات الصادرة، والرسائل الصادرة واتصال البيانات إلى SIM 1 بشكل افتراضي","simSettingsMessage":"يمكنك تغيير الإعدادات الافتراضية من إعدادات> مدير SIM","simPinLocked":"SIM PIN مقفل","noOperator":"لايوجد مشغل","language":"اللغة","3g":"بيانات الجوّال","dataConnection":"فعِّل البيانات","dataConnectionInfo":"تفعيل اتصال البيانات يسمح لك الآن باعداد جوّالك دون اتصال واي فاي.يمكنك فعل ذلك لاحق من الإعدادات. تأكد من مزودك بوجود اشتراك للبيانات لتجنب دفع مبالغ كبيرة محتملة.","caution":"تحذير","geolocation":"تحديد الموقع الجغرافي","geolocationCheckbox":"تشغيل خدمة تحديد الموقع الجغرافي","geolocationInfo2":"{{brandShortName}} تستخدم البيانات مثل ال GPS ، الواي-فاي،  وشبكات الهاتف القريبة منك لتساعدك على تحديد موقعك.","geolocationInfoMore":"يتم إرسال البيانات لموزيلا وبعض مقدمي الخدمات الآخرين، وسوف تستخدم في مجموعها لتحسين قواعد بيانات الأمكنة. قد يتم تخزين البيانات على الجهاز الخاص بك ويمكن أن يقوم الهاتف بجمع البيانات حتى عندما يتم لا تشغيل أي تطبيقات.","notice":"ملاحظة","aboutYourPrivacy":"مزيد من المعلومات حول خصوصيتك","scanningNetworks":"البحث عن شبكات","selectNetwork":"اختر شبكة","shortStatus-connecting":"جارِ الاتصال ...","shortStatus-associated":"جارِ الحصول علي عنوان IP ...","shortStatus-connected":"مُتصِّل .","shortStatus-connectingfailed":"فشل الاتصال .","shortStatus-disconnected":"غير مُتصِّل","securedBy":"الشبكة مشفرة ب {{capabilities}}","security":"الأمان","securityNone":"لا يوجد","securityWEP":"WEP","securityWPA-PSK":"WPA-PSK","securityWPA-EAP":"WPA-EAP","securityOpen":"إفتح","identity":"مستخدم","identityInput":{"placeholder":"مستخدم"},"password":"كلمة المرور","passwordInput":{"placeholder":"كلمة السِّر"},"showPassword":"أظهِر كلمة السِّر","refresh":"حدِّث","noWifiFound3":"لم يتم العثور على شبكات لاسلكية","join-hidden-button":"الإنضمام إلى شبكة مخفية","authentication":"المصادقة","ssid-name":"إسم شبكة SSID","wifiLevel":"{{level}} لـ أربع خانات","networksList":"عُثِر على شبكات اتصال","dateAndTime":"التاريخ والوقت","timezoneTitle":"UTC{{utcOffset}} {{region}}/{{city}}","timeZone":"المنطقة الزمنية","change":"غيّر","region":{"ariaLabel":"المنطقة"},"city":{"ariaLabel":"المدينة"},"date":{"ariaLabel":"تاريخ"},"time":{"ariaLabel":"الوقت"},"importContacts3":"استورد جهات الاتصال","importSim2":"بطاقة SIM","importFb2":"الفيسبوك","importOutlook":"Outlook","importGmail":"Gmail","fb-checking":"... جارِ التحقق","notImportedYet":"لم يتم الاستيراد بعد","otherAccount":"حسابات أخرى","afterFbImport":"يمكنك استيراد وتحرير اصدقائك من الفيسبوك في أي وقت من اعدادات جهات الاتصال","firefox-accounts":"حساب فيرفكس","fxa-overview":{"innerHTML":"حساب فيرفكس يتيح لك استخدام ميزات عديدة مثل البحث عن جهازي و تطبيقات مثل سوق فيرفكس."},"fxa-create-account-or-sign-in":"إنشاء حساب او تسجيل الدخول.","fxa-email-sent":"رابط التفعيل أُرسل الى  {{email}}","fxa-signed-in":"وقِّع كـ {{email}}","about-your-rights-0":"{{brandShortName}} هو برنامج حر ومفتوح المصدر، تم إنشاؤه بواسط مجتمع يحوي آلاف المساهمين من كل أنحاء العالم. هناك بعض الأمور ينبغي عليك أن تعرفها: ","about-your-rights-1":"تم اتاحة {{brandShortName}} لك بموجب شروط تراخيص عدة مفتوحة المصدر بما في ذلك الرخصة العمومية لموزيلا. ويمكن لجوّال يعمل ب {{brandShortName}} ان بحتوي على برمجيات مملوكة من أطراف ثالثة. أي رمز منصوص عليه في التراخيص المفتوحة تعطيك الحق في تعديل المصدر وتوزيع الإصدارات الخاصة بك ما دمت ممتثلا لأحكامها.","about-your-rights-2":"لا تمنح لك أية حقوق في العلامة التجارية أو رخص من العلامات التجارية لمؤسسة موزيلا أو أي طرف، بما في ذلك على سبيل المثال لا الحصر قيد النص المؤقت لإسم أو شعار {{brandShortName}}.","about-your-rights-3":"بعض الميزات في {{brandShortName}}، مثل مراسل اﻷعطال، تعطيك الخيار في توفير تقرير حال لموزيلا. عن طريق اختيار إرسال تقرير الحال، أنت تعطي الإذن لموزيلا في استخدام تقرير الحال لتحسين منتجاتها، في نشر تقرير الحال على مواقع الويب الخاصة بها، وفي توزيع تقرير الحال.","about-other":"أخرى","SIM_mandatory":"تحذير بطاقة SIM","SIM_mandatory_warm":"من فضلك، أدخل بطاقة SIM وأعد تشغيل هاتفك.","telemetry-sends2":"Telemetry sends Mozilla data about performance, hardware, configurations, customizations and app usage in your {{brandShortName}} device. We use this to make our products better, faster and more responsive.","learn-more-telemetry":{"innerHTML":"إعرف المزبد في {{link}}"},"learn-more-information":{"innerHTML":"تعلم كيف تقوم موزيلا بمعالجة المعلومات الخاصة بك على {{link}}"},"welcomeBrowser":"{{brandShortName}} هو نظام تشغيل موزيلا المجاني والمفتوح المصدر. مهمتنا هي تشجيع وتعزيز الانفتاح والابتكار وتوليد الفرص عن طريق تسليمك طاقات الوب.","learn-more-privacy":{"innerHTML":"تعلم كيف تقوم موزيلا بمعالجة المعلومات الخاصة بك من خلال موقعنا {{link}}."},"learn-more-privacy-link":"سياسة الخصوصية","aboutBrowser":"حول {{brandShortName}}","aboutYourPrivacy2":"خصوصيتك","mozillaCommunity2":"عند استخدام {{brandShortName}}، فإنك تصبح جزءا من مجتمع عالمي يساعد على بناء مستقبل أكثر إشراقا للوب. إذا كنت ترغب في معرفة المزيد عن مجتمع موزيلا، ومنتجاتنا الأخرى والأحداث القريبة منك، ادخل عنوان بريدك الالكتروني أدناه.","sharePerformanceAndUsageData":"I want to help improve {{brandShortName}} by sharing data about my phone and the way I use it.","learnMore":"تعلم أكثر.","emailAddress":{"placeholder":"البريد الإلكتروني"},"email-successfully-added":"تم اضافة البريد الالكتروني بنجاح!","email-loading":"جارِ حفظ البريد الالكتروني...","privacy-b2g":{"_":"{{brandShortName}}","title":"{{brandShortName}}"},"privacy-marketplace":{"_":"السوق","title":"{{privacy-marketplace}}"},"privacy-eme":"EverythingMe","privacy-e-me":{"_":"everything.me","title":"{{privacy-e-me}}"},"navbar-back":"رجوع","navbar-next":"التالي","navbar-join":"انضم","done":"مُنجَز","thatsIt":"هذا كل شيء!","startYourPhone":"ابدأ جولة جوالك","startYourTablet":"ابدأ جولة جهازك اللوحي!","joinTutorial":"انضم لنا في جولة سريعة عن جوّالك الجديد.","enjoyYourPhone":"استمتع بجوّالك الجديد.","optionsAvailable":"يمكنك تغير اللغة والتاريخ واليوم ووصلة الواي فاي من خلال الإعدادات","letsGo":"هيا بنا","startTour":"ابدء الجولة","whatsNew":"What’s new","updatedSuccessfully":"Your phone has updated successfully! Start the tour to find out more about the new features.","thatsIt1Tablet-2":"يمكنك دائما السحب بإصبعك من الحافة السفلى لدخول الشاشة الرئيسية.","thatsIt2Tablet-2":"لنقم بذلك!","tutorial":"دروس تعليمية","tutorial-step1-tiny":"مرر سريعا من اليمين الى اليسار لتصفح تطبيقاتك.","tutorial-step2-tiny":"اضغط على الايقونة لحذفها أو تحريكها.","tutorial-step3-tiny":"أدخل أي كلمة أو موضوع وهاتفك سوف يتكيف على الفور.","tutorial-step4-tiny":"مرر سريعا للاسفل للوصل لاخر التنبيهات، ومعلومات الرصيد والاعدادات.","tutorial-step5-tiny":"اضغط لفترة طويلة على زر الرئيسي لتصفح أو اغلاق اخر التطبيقات.","tutorial-step6-tiny":"اسحب بإصبعك من جانب الشاشة للإنتقال ذهابا وإيابا بين التطبيقات الأخيرة.","tutorial-step1-large-2":"مرر سريعا للاسفل للوصل لاخر التنبيهات، ومعلومات الرصيد والاعدادات.","tutorial-step2-large-2":"اسحب بإصبعك من اليمين أو اليسار لإكتشاف تطبيقات جديدة على الشاشة الرئيسية.","tutorial-step3-large-2":"اضغط على الايقونة لفتره لحذفها أو تحريكها.","tutorial-step4-large-2":"مررإصبعين للأعلى من الحافة السفلية لتحريك عرض البطاقة.","tutorial-vertical-scroll-tiny":"مرر بإصبعك للأعلى والأسفل لتصفح التطبيقات الخاصة بك. اضغط مع الاستمرار على رمز التطبيق لنقله أو حذفه.","tutorial-notifications-tiny":"مرر سريعا للاسفل للوصل لاخر التنبيهات، ومعلومات الرصيد والاعدادات.","tutorial-sheets-tiny":"مرر من الحافة اليسرى من الشاشة للعودة إلى تطبيقات المستخدمة مؤخرا.","offline-dialog-title":"يجب ان تكون متصل بالانترنت لمشاهدة هذه الصفحة","offline-dialog-text":"الرجاء الرجوع والاتصال بالانترنت. يمكنك دائما مشاهدة هذه الصفحة من الاعدادات أو ادخال   {{url}} من أي متصفح.","OK":"موافق","offline-newsletter-dialog-title":"يجب ان تكون متصل بالانترنت للاشتراك في النشرة الاخبارية.","offline-newsletter-dialog-text":"يرجى العودة والاتصال بالإنترنت.","invalid-email-dialog-title":"بريدك الالكتروني غير صحيح","invalid-email-dialog-text":"يرجى العودة وتصحيح الإدخال.","retry":"أعد المحاولة","cancel":"ألغِ","progressbar":{"_":"الخطوة {{step}} من {{total}}","ariaLabel":"تجربة لأول مرة"},"weekday-0-long":"الأحد","weekday-1-long":"الإثنين","weekday-2-long":"الثلاثاء","weekday-3-long":"الأربعاء","weekday-4-long":"الخميس","weekday-5-long":"الجمعة","weekday-6-long":"السبت","weekday-0-short":"أحد","weekday-1-short":"إثنين","weekday-2-short":"ثلاثاء","weekday-3-short":"أربعاء","weekday-4-short":"خميس","weekday-5-short":"جمعة","weekday-6-short":"سبت","month-0-long":"يناير","month-1-long":"فبراير","month-2-long":"مارس","month-3-long":"أبريل","month-4-long":"مايو","month-5-long":"يونيو","month-6-long":"يوليو","month-7-long":"أغسطس","month-8-long":"سبتمبر","month-9-long":"أكتوبر","month-10-long":"نوفمبر","month-11-long":"ديسمبر","month-0-genitive":"يناير","month-1-genitive":"فبراير","month-2-genitive":"مارس","month-3-genitive":"أبريل","month-4-genitive":"مايو","month-5-genitive":"يونيو","month-6-genitive":"يوليو","month-7-genitive":"أغسطس","month-8-genitive":"سبتمبر","month-9-genitive":"أكتوبر","month-10-genitive":"نوفمبر","month-11-genitive":"ديسمبر","month-0-short":"يناير","month-1-short":"فبراير","month-2-short":"مارس","month-3-short":"ابريل","month-4-short":"مايو","month-5-short":"يونيو","month-6-short":"يوليو","month-7-short":"أغسطس","month-8-short":"سبتمبر","month-9-short":"أكتوبر","month-10-short":"نوفمبر","month-11-short":"ديسمبر","minutes-ago-long":{"_index":["plural","value"],"_":{"zero":"الآن","one":"منذ دقيقة","two":"منذ دقيقتين","few":"منذ {{value}} دقائق","many":"منذ {{value}} دقيقة","other":"منذ {{value}} دقيقة"}},"hours-ago-long":{"_index":["plural","value"],"_":{"zero":"الآن","one":"منذ ساعة","two":"منذ ساعتين","few":"قبل {{value}} ساعات","many":"قبل {{value}} ساعة","other":"قبل {{value}} ساعة"}},"days-ago-long":{"_index":["plural","value"],"_":{"zero":"اليوم","one":"الأمس","two":"منذ يومين","few":"منذ {{value}} أيام","many":"منذ {{value}} يوم","other":"منذ {{value}} يوم"}},"weeks-ago-long":{"_index":["plural","value"],"_":{"zero":"هذا الأسبوع","one":"الأسبوع الماضي","two":"منذ أسبوعين","few":"منذ {{value}} أسابيع","many":"منذ {{value}} أسبوع","other":"منذ {{value}} أسبوع"}},"months-ago-long":{"_index":["plural","value"],"_":{"zero":"هذا الشهر","one":"الشهر الماضي","two":"منذ شهرين","few":"منذ {{value}} أشهر","many":"منذ {{value}} شهر","other":"منذ {{value}} شهر"}},"years-ago-long":{"_index":["plural","value"],"_":{"zero":"هذه السنة","one":"السنة الماضية","two":"منذ سنتين","few":"منذ {{value}} سنوات","many":"منذ {{value}} سنة","other":"منذ {{value}} سنة"}},"minutes-until-long":{"_index":["plural","value"],"_":{"zero":"الآن","one":"خلال دقيقة","two":"خلال دقيقتين","few":"خلال {{value}} دقائق","many":"خلال {{value}} دقيقة","other":"خلال {{value}} دقيقة"}},"hours-until-long":{"_index":["plural","value"],"_":{"zero":"الآن","one":"خلال ساعة","two":"خلال ساعتين","few":"خلال {{value}} ساعات","many":"خلال {{value}} ساعة","other":"خلال {{value}} ساعة"}},"days-until-long":{"_index":["plural","value"],"_":{"zero":"اليوم","one":"غداً","two":"خلال يومين","few":"خلال {{value}} أيام","many":"خلال {{value}} يوم","other":"خلال {{value}} يوم"}},"weeks-until-long":{"_index":["plural","value"],"_":{"zero":"هذا الأسبوع","one":"الأسبوع القادم","two":"خلال أسبوعين","few":"خلال {{value}} أسابيع","many":"خلال {{value}} أسبوع","other":"خلال {{value}} أسبوع"}},"months-until-long":{"_index":["plural","value"],"_":{"zero":"هذا الشهر","one":"الشهر القادم","two":"خلال شهرين","few":"خلال {{value}} أشهر","many":"خلال {{value}} شهر","other":"خلال {{value}} شهر"}},"years-until-long":{"_index":["plural","value"],"_":{"zero":"هذه السنة","one":"السنة القادمة","two":"خلال سنتين","few":"خلال {{value}} سنوات","many":"خلال {{value}} سنة","other":"خلال {{value}} سنة"}},"minutes-ago-short":{"_index":["plural","value"],"_":{"zero":"الآن","other":"منذ {{value}} دقيقة"}},"hours-ago-short":{"_index":["plural","value"],"_":{"zero":"الآن","other":"منذ {{value}} س"}},"days-ago-short":{"_index":["plural","value"],"_":{"zero":"اليوم","other":"منذ {{value}} ي"}},"minutes-until-short":{"_index":["plural","value"],"_":{"zero":"الآن","other":"خلال {{value}} د"}},"hours-until-short":{"_index":["plural","value"],"_":{"zero":"الآن","other":"خلال {{value}} س"}},"days-until-short":{"_index":["plural","value"],"_":{"zero":"اليوم","other":"خلال {{value}} ي"}},"incorrectDate":"(تاريخ غير صحيح)","dateTimeFormat_%c":"%a %b %e %Y %I:%M:%S %p","dateTimeFormat_%x":"%m/%d/%Y","dateTimeFormat_%X":"%I:%M:%S %p","shortTimeFormat":"%I:%M %p","shortDateTimeFormat":"%x %I:%M %p","weekStartsOnMonday":"0","time_am":"ص","time_pm":"م","tz-region":"المنطقة","tz-city":"المدينة","tzRegion-Africa":"أفريقيا","tzRegion-America":"أمريكا","tzRegion-Antarctica":"أنتاركتيكا","tzRegion-Asia":"أسيا","tzRegion-Atlantic":"المحيط الاطلسي","tzRegion-Australia":"استراليا","tzRegion-Europe":"أوروبا","tzRegion-Indian":"المحيط الهندي","tzRegion-Pacific":"المحيط الهادي","close":"إغلاق","import":"استيراد","update":"تحديث","fbFriends":"اصدقاء الفيسبوك","live-serviceName":"Outlook","gmail-serviceName":"Gmail","facebook-serviceName":"اصدقاء الفيسبوك","selectAll":"اختر الكل","deselectAll":"إلغاء اختيار الكل","viewAll":"عرض جميع اصدقاء الفيسبوك","viewRecommend":"عرض الموصى به فقط","linkProposal":{"_index":["plural","numFriends"],"_":{"zero":"لا يوجد نتائج. إظهار الكل.","one":"إختيار المُوصى به","two":"إختيار أحد المُوصى به","few":"إختيار أحد المُوصى به","many":"اختر احد المُوصى به","other":"اختر احد المُوصى به"}},"fbFriendsFound":{"_index":["plural","numFriends"],"_":{"zero":"تم استيراد جميع اصدقائك","one":"تم إيجاد صديق واحد للاستيراد","two":"تم العثور على {{numFriends}} اصدقاء للاستيراد","few":"تم العثور على {{numFriends}} اصدقاء للاستيراد","many":"تم العثور على {{numFriends}} اصدقاء للاستيراد","other":"تم العثور على {{numFriends}} اصدقاء للاستيراد"}},"fbNoFriends":"No contacts available to import","search-contact":{"placeholder":"بحث"},"noResults":"لم يتم العثور على جهة اتصال","done-search":"تم","progressFB3ImportTitle":"استيراد الاصدقاء إلى الاسماء","progressFB":"{{current}}/{{total}}","progressFB3UpdateTitle":"جارِ تحديث الاصدقاء في الاسماء","message2":"ربما يتطلب عدة دقائق","messageLinking":"الرجاء الانتظار. جارِ ربط اصدقائك وجهات اتصالك","messageCanceling":"الرجاء الإنتظار. نحن نقوم بإلغاء العملية الجارية.","error1":"خطأ {{from}}","error2":"هل تريد المحاولة مرة أخرى؟","errorProposal":"جارِ حساب المقترحات","errorFriends":"استرجاع الأصدقاء","errorLinking":"جارِ ربط جهة الاتصال ","timeout1":"{{from}} تجاوز المهلة","timeout2":"هل تريد المحاولة مرة أخرى؟","timeoutProposal":"جارِ حساب المقترحات","timeoutFriends":"استرجاع الأصدقاء","timeoutLinking":"جارِ ربط جهات الاتصال","wait1":"الرجاء الانتظار","wait2":"ربما يتطلب عدة دقائق","waitProposal":"الرجاء الانتظار. نقوم بحساب المقترح.","waitFriends":"انتظر، نقوم حاليا بالاتصال لجلب قائمة اصدقائك","curtainCancel":"إلغاء","curtainRetry":"محاولة مرة أخرى","curtainOK":"موافق","connectionLost":"لا يوجد اتصال بالانترنت","connectionLostMsg":"صور الأصدقاء لن تضاف إلى جهات الاتصال , المواصلة على أي حال ؟","yesOption":"موافق","noOption":"إلغاء","friendsUpdated":{"_index":["plural","numFriends"],"_":{"zero":"لم يتم تحديث أي صديق","one":"تم تحديث صديق واحد","two":"تم تحديث {{numFriends}} أصدقاء","few":"تم تحديث {{numFriends}} أصدقاء","many":"تم تحديث {{numFriends}} أصدقاء","other":"تم تحديث {{numFriends}} أصدقاء"}},"friendsMerged":{"_index":["plural","numDups"],"_":{"zero":"لا يتم إستيراد أي جهات إتصال مكررة","one":"تم إستيراد جهة إتصال مكررة واحدة","two":"تم إستيراد جهتا إتصال","few":"تم دمج {{numDups}} جهات إتصال","many":"تم دمج {{numDups}} جهة إتصال","other":"تم دمج {{numDups}} جهة إتصال"}},"notificationLogin":"جلسة الفيسبوك انتهت. الرجاء تسجيل الدخول.","syncError":"حدث خطأ في تزامن بيانات اصدقائك"}