{"brandShortName":"B2G OS","browserBrandShortName":"Navegador web","browserBrandFullName":"Navegador web de Mozilla","back":"Enrere","noSimMsg":"Per importar contactes, inseriu o desbloquegeu la targeta SIM","noMemoryCardMsg":"Per importar contactes, inseriu una targeta de memòria","importMemoryCard":"Targeta de memòria","noConnection11":"Cal una connexió Wi-Fi o de dades per importar els contactes o amistats del Facebook","simContacts-import":"Importa els contactes de la SIM","simContacts-importing":"S'estan important els contactes de la SIM…","simContacts-reading":"S'està llegint la targeta SIM…","simContacts-error":"No s'han pogut importar els contactes de la SIM","simContacts-imported3":{"_index":["plural","n"],"_":{"zero":"No s'han detectat contactes en la SIM per importar","one":"S'ha importat un contacte","two":"S'han importat {{n}} contactes","few":"S'han importat {{n}} contactes","many":"S'han importat {{n}} contactes","other":"S'han importat {{n}} contactes"}},"memoryCardContacts-import":"Importa contactes de la targeta de memòria","memoryCardContacts-importing":"S'estan important contactes de la targeta de memòria…","memoryCardContacts-reading":"S'està llegint la targeta de memòria…","memoryCardContacts-error":"No s'han pogut importar els contactes de la targeta de memòria","memoryCardContacts-imported3":{"_index":["plural","n"],"_":{"zero":"No s'han detectat contactes en la targeta de memòria per importar","one":"S'ha importat un contacte","two":"S'han importat {{n}} contactes","few":"S'han importat {{n}} contactes","many":"S'han importat {{n}} contactes","other":"S'han importat {{n}} contactes"}},"genericProgress":"{{current}}/{{total}}","facebook":"Facebook","facebook-import-msg":{"_index":["plural","imported"],"_":{"zero":"No s'ha importat cap amistat (de {{total}})","one":"S'ha importat una amistat (de {{total}})","two":"{{imported}}/{{total}} amistats importades","few":"{{imported}}/{{total}} amistats importades","many":"{{imported}}/{{total}} amistats importades","other":"{{imported}}/{{total}} amistats importades"}},"contactsMerged":{"_index":["plural","numDups"],"_":{"zero":"No s'ha combinat cap contacte duplicat","one":"S'ha combinat un contacte duplicat","two":"S'han combinat {{numDups}} contactes","few":"S'han combinat {{numDups}} contactes","many":"S'han combinat {{numDups}} contactes","other":"S'han combinat {{numDups}} contactes"}},"pincode2":"Introduïu el PIN","type_pin":"Introduïu el codi PIN","pincodeLabel":"PIN de la SIM {{n}}","pinValidation":"El PIN ha de tenir entre 4 i 8 caràcters.","pinError":"El PIN és incorrecte.","pinAttemptMsg2":{"_index":["plural","n"],"_":{"one":"Us queda un intent per introduir el codi correcte abans que es bloquegi la targeta SIM.","two":"Us queden {{n}} intents per introduir el codi correcte abans que es bloquegi la targeta SIM.","few":"Us queden {{n}} intents per introduir el codi correcte abans que es bloquegi la targeta SIM.","many":"Us queden {{n}} intents per introduir el codi correcte abans que es bloquegi la targeta SIM.","other":"Us queden {{n}} intents per introduir el codi correcte abans que es bloquegi la targeta SIM."}},"pinLastChanceMsg":"Aquesta és l'última oportunitat d'introduir el PIN correcte. Si torneu a fallar, haureu d'introduir el codi PUK per utilitzar aquesta targeta SIM.","pukcode":"Introduïu el PUK","pukcodeTitle":"PUK de la SIM {{n}}","pukcodeLabel":"PUK de la SIM {{n}}","type_puk":"Codi PUK","pukValidation":"El codi PUK ha de tenir exactament 8 caràcters.","pukInfo":"Heu d'introduir el número personal de desbloqueig (PUK) de la targeta SIM. Consulteu la documentació de la targeta SIM o contacteu amb el vostre operador per a més informació.","pukError":"El codi PUK és incorrecte.","pukAttemptMsg2":{"_index":["plural","n"],"_":{"one":"Us queda un intent per introduir el codi correcte abans que la targeta SIM quedi inservible permanentment. Consulteu la documentació de la targeta SIM o contacteu amb el vostre operador per a més informació.","two":"Us queden {{n}} intents per introduir el codi correcte abans que la targeta SIM quedi inservible permanentment. Consulteu la documentació de la targeta SIM o contacteu amb el vostre operador per a més informació.","few":"Us queden {{n}} intents per introduir el codi correcte abans que la targeta SIM quedi inservible permanentment. Consulteu la documentació de la targeta SIM o contacteu amb el vostre operador per a més informació.","many":"Us queden {{n}} intents per introduir el codi correcte abans que la targeta SIM quedi inservible permanentment. Consulteu la documentació de la targeta SIM o contacteu amb el vostre operador per a més informació.","other":"Us queden {{n}} intents per introduir el codi correcte abans que la targeta SIM quedi inservible permanentment. Consulteu la documentació de la targeta SIM o contacteu amb el vostre operador per a més informació."}},"pukLastChanceMsg":"Aquesta és l'última oportunitat d'introduir el codi PUK correcte. La targeta SIM quedarà inservible permanentment si introduïu un codi PUK incorrecte.","create_newpin":"Crea un PIN nou (de 4 a 8 dígits)","confirm_newpin":"Confirmeu el PIN nou","newpinConfirmation":"Els PIN no coincideixen","nckcode":"Introduïu el NCK","cckcode":"Introduïu el CCK","spckcode":"Introduïu el SPCK","nck1code":"Introduïu el NCK1","nck2code":"Introduïu el NCK2","hnckcode":"Introduïu el HNCK","rcckcode":"Introduïu el RCCK","rspckcode":"Introduïu el RSPCK","nckcodeTitle":"NCK de la SIM {{n}}","cckcodeTitle":"CCK de la SIM {{n}}","spckcodeTitle":"SPCK de la SIM {{n}}","nck1codeTitle":"NCK1 de la SIM {{n}}","nck2codeTitle":"NCK2 de la SIM {{n}}","hnckcodeTitle":"HNCK de la SIM {{n}}","rcckcodeTitle":"RCCK de la SIM {{n}}","rspckcodeTitle":"RSPCK de la SIM {{n}}","nckcodeLabel":"NCK de la SIM {{n}}","cckcodeLabel":"CCK de la SIM {{n}}","spckcodeLabel":"SPCK de la SIM {{n}}","nck1codeLabel":"NCK1 de la SIM {{n}}","nck2codeLabel":"NCK2 de la SIM {{n}}","hnckcodeLabel":"HNCK de la SIM {{n}}","rcckcodeLabel":"RCCK de la SIM {{n}}","rspckcodeLabel":"RSPCK de la SIM {{n}}","type_nck":"Introduïu el codi NCK","type_cck":"Introduïu el codi CCK","type_spck":"Introduïu el codi SPCK","type_nck1":"Introduïu el codi NCK1","type_nck2":"Introduïu el codi NCK2","type_hnck":"Introduïu el codi HNCK","type_rcck":"Introduïu el codi RCCK","type_rspck":"Introduïu el codi RSPCK","nckValidation":"El codi NCK ha de tenir entre 8 i 16 caràcters.","cckValidation":"El codi CCK ha de tenir entre 8 i 16 caràcters.","spckValidation":"El codi SPCK ha de tenir entre 8 i 16 caràcters.","nck1Validation":"El codi NCK1 ha de tenir entre 8 i 16 caràcters.","nck2Validation":"El codi NCK2 ha de tenir entre 8 i 16 caràcters.","hnckValidation":"El codi HNCK ha de tenir entre 8 i 16 caràcters.","rcckValidation":"El codi RCCK ha de tenir entre 8 i 16 caràcters.","rspckValidation":"El codi RSPCK ha de tenir entre 8 i 16 caràcters.","nckErrorMsg":"El codi NCK és incorrecte.","nckAttemptMsg2":{"_index":["plural","n"],"_":{"one":"Ha fallat la sol·licitud de despersonalització de la xarxa. Us queda un intent per introduir el codi correcte. Consulteu la documentació del dispositiu o contacteu amb el vostre operador per a més informació.","two":"Ha fallat la sol·licitud de despersonalització de la xarxa. Us queden {{n}} intents per introduir el codi correcte. Consulteu la documentació del dispositiu o contacteu amb el vostre operador per a més informació.","few":"Ha fallat la sol·licitud de despersonalització de la xarxa. Us queden {{n}} intents per introduir el codi correcte. Consulteu la documentació del dispositiu o contacteu amb el vostre operador per a més informació.","many":"Ha fallat la sol·licitud de despersonalització de la xarxa. Us queden {{n}} intents per introduir el codi correcte. Consulteu la documentació del dispositiu o contacteu amb el vostre operador per a més informació.","other":"Ha fallat la sol·licitud de despersonalització de la xarxa. Us queden {{n}} intents per introduir el codi correcte. Consulteu la documentació del dispositiu o contacteu amb el vostre operador per a més informació."}},"nckLastChanceMsg":"Ha fallat la sol·licitud de despersonalització de la xarxa. Aquesta és l'última oportunitat d'introduir el codi NCK correcte. Consulteu la documentació del dispositiu o contacteu amb el vostre operador per a més informació.","skip":"Omet","send":"Envia","ok":"D'acord","simLocked":"La targeta SIM està bloquejada","inputCodeRetriesLeft":{"_index":["plural","n"],"_":{"one":"Darrer intent.","two":"Queden {{n}} intents.","few":"Queden {{n}} intents.","many":"Queden {{n}} intents.","other":"Queden {{n}} intents."}},"simManager":"Gestor de targetes SIM","simDetail":"SIM {{n}}","simDefault":"(per defecte)","simDefaultMessage":"Per defecte, s'utilitza la SIM 1 per a les trucades de sortida, els missatges de sortida i la connexió de dades","simSettingsMessage":"Podeu canviar els paràmetres per defecte a Paràmetres > Gestor de targetes SIM","simPinLocked":"PIN de la SIM bloquejat","noOperator":"Cap operador","language":"Llengua","3g":"Dades del mòbil","dataConnection":"Activa les dades","dataConnectionInfo":"Activar la connexió de dades us permetrà configurar el vostre telèfon sense una connexió Wi-Fi. Podeu activar-la més endavant des dels Paràmetres. En tot cas, assegureu-vos que teniu un pla de dades amb el vostre operador per evitar cap despesa addicional.","caution":"Avís","geolocation":"Geolocalització","geolocationCheckbox":"Activa geolocalització","geolocationInfo2":"El {{brandShortName}} utilitza dades del GPS i de les xarxes Wi-Fi i mòbils properes per ajudar a determinar la vostra ubicació aproximada.","geolocationInfoMore":"Les dades s'envien a Mozilla i a altres proveïdors de serveis i s'utilitzen a l'engròs per millorar la precisió de les bases de dades d'ubicacions. Les dades s'emmagatzemen en el vostre dispositiu i poden recollir-se fins i tot quan no s'executi cap aplicació.","notice":"Avís","aboutYourPrivacy":"Més informació sobre la privadesa","scanningNetworks":"S'estan cercant xarxes","selectNetwork":"Trieu una xarxa","shortStatus-connecting":"S'està connectant…","shortStatus-associated":"S'està obtenint una adreça IP…","shortStatus-connected":"Connectada","shortStatus-connectingfailed":"Ha fallat la connexió","shortStatus-disconnected":"Sense connexió","securedBy":"protegida per {{capabilities}}","security":"Seguretat","securityNone":"Cap","securityWEP":"WEP","securityWPA-PSK":"WPA-PSK","securityWPA-EAP":"WPA-EAP","securityOpen":"Oberta","identity":"Usuari","identityInput":{"placeholder":"Usuari"},"password":"Contrasenya","passwordInput":{"placeholder":"Contrasenya"},"showPassword":"Mostra la contrasenya","refresh":"Refresca","noWifiFound3":"No s'han trobat xarxes sense fil","join-hidden-button":"Connecta a xarxa oculta","authentication":"Autenticació","ssid-name":"Nom de xarxa SSID","wifiLevel":"{{level}} de 4 barres","networksList":"Xarxes trobades","dateAndTime":"Data i hora","timezoneTitle":"UTC{{utcOffset}} {{region}}/{{city}}","timeZone":"Fus horari","change":"Canvia","region":{"ariaLabel":"Regió"},"city":{"ariaLabel":"Població"},"date":{"ariaLabel":"Data"},"time":{"ariaLabel":"Hora"},"importContacts3":"Importa els contactes","importSim2":"Targeta SIM","importFb2":"Facebook","importOutlook":"Outlook","importGmail":"Gmail","fb-checking":"… s'està comprovant","notImportedYet":"No s'ha importat encara","otherAccount":"Altres comptes","afterFbImport":"Podeu importar i editar les amistats del Facebook en qualsevol moment als paràmetres dels Contactes","firefox-accounts":"Comptes del Firefox","fxa-overview":{"innerHTML":"Un compte del Firefox permet utilitzar funcions com «Troba el meu aparell» i aplicacions com el Firefox Marketplace."},"fxa-create-account-or-sign-in":"Crea un compte o inicia la sessió","fxa-email-sent":"S'ha enviat un enllaç de verificació a {{email}}","fxa-signed-in":"Sessió iniciada com a {{email}}","about-your-rights-0":"El {{brandShortName}} està construït amb programari lliure i de codi obert per una comunitat de milers de persones de tot el món. Hi ha algunes coses que hauríeu de saber:","about-your-rights-1":"El {{brandShortName}} és a la vostra disposició sota els termes de diverses llicències lliures, inclosa la llicència pública de Mozilla. Un dispositiu amb el {{brandShortName}} també pot contenir programari privatiu de tercers. Tot el codi proporcionat sota llicències obertes us dóna el dret de modificar-lo i de distribuir-ne versions modificades sempre que compliu els termes respectius.","about-your-rights-2":"No se us atorga cap dret de marca o llicències per a les marques registrades de la Fundació Mozilla ni de tercers, inclosos, sense limitació, el nom o el logotip del {{brandShortName}}.","about-your-rights-3":"Algunes funcions del {{brandShortName}}, com ara el Generador d'informes de fallada, us donen l'opció d'enviar comentaris a Mozilla. Si opteu per enviar els vostres comentaris, autoritzeu Mozilla a utilitzar la informació per millorar els seus productes, a publicar-la en els seus llocs web i a distribuir-la.","about-other":"Altres","SIM_mandatory":"Avís de targeta SIM","SIM_mandatory_warm":"Inseriu una targeta SIM i reinicieu el telèfon.","telemetry-sends2":"Telemetry sends Mozilla data about performance, hardware, configurations, customizations and app usage in your {{brandShortName}} device. We use this to make our products better, faster and more responsive.","learn-more-telemetry":{"innerHTML":"Més informació a {{link}}"},"learn-more-information":{"innerHTML":"Vegeu com Mozilla gestiona la vostra informació a la {{link}}"},"welcomeBrowser":"Us donem la benvinguda al {{brandShortName}}, el sistema operatiu lliure i de codi obert de Mozilla. La nostra missió es promoure els estàndards oberts, la innovació i l'oportunitat bo i mantenint el potencial de la web a les vostres mans.","learn-more-privacy":{"innerHTML":"Vegeu com Mozilla gestiona la vostra informació a la {{link}}."},"learn-more-privacy-link":"política de privadesa","aboutBrowser":"Quant al {{brandShortName}}","aboutYourPrivacy2":"La vostra privadesa","mozillaCommunity2":"Quan utilitzeu el {{brandShortName}}, us convertiu en part d'una comunitat global que ajuda a construir un futur més brillant per a la web. Si voleu saber més sobre la comunitat Mozilla, els nostres productes i esdeveniments a prop vostre, introduïu la vostra adreça electrònica més avall.","sharePerformanceAndUsageData":"I want to help improve {{brandShortName}} by sharing data about my phone and the way I use it.","learnMore":"Més informació.","emailAddress":{"placeholder":"Adreça electrònica"},"email-successfully-added":"S'ha afegit el correu correctament","email-loading":"S'està desant el vostre correu…","privacy-b2g":{"_":"{{brandShortName}}","title":"{{brandShortName}}"},"privacy-marketplace":{"_":"Marketplace","title":"{{privacy-marketplace}}"},"privacy-eme":"EverythingMe","privacy-e-me":{"_":"everything.me","title":"{{privacy-e-me}}"},"navbar-back":"Enrere","navbar-next":"Següent","navbar-join":"Connecta","done":"Fet","thatsIt":"Això és tot!","startYourPhone":"Conegueu el vostre telèfon","startYourTablet":"Conegueu la vostra tauleta","joinTutorial":"Feu una breu visita guiada pel vostre telèfon nou.","enjoyYourPhone":"Ja ho teniu tot llest per gaudir del vostre telèfon.","optionsAvailable":"Podeu canviar la llengua, la data/hora i la connexió Wi-Fi des dels Paràmetres.","letsGo":"Som-hi","startTour":"Comença","whatsNew":"What’s new","updatedSuccessfully":"Your phone has updated successfully! Start the tour to find out more about the new features.","thatsIt1Tablet-2":"Sempre podeu fer lliscar el dit des de la vora inferior per anar a la pàgina d'inici.","thatsIt2Tablet-2":"Proveu-ho!","tutorial":"Visita guiada","tutorial-step1-tiny":"Feu lliscar el dit de dreta a esquerra per explorar les aplicacions.","tutorial-step2-tiny":"Premeu durant uns segons una icona per eliminar-la o moure-la.","tutorial-step3-tiny":"Escriviu qualsevol paraula clau o tema i el telèfon s'adaptarà instantàniament.","tutorial-step4-tiny":"Feu lliscar el dit cap avall per accedir a les notificacions recents, a la informació de consum i als paràmetres.","tutorial-step5-tiny":"Premeu durant uns segons el botó d'inici per veure les aplicacions recents i tancar-les.","tutorial-step6-tiny":"Feu lliscar el dit des del lateral de la pantalla per desplaçar-vos endavant i endarrere per les aplicacions recents.","tutorial-step1-large-2":"Feu lliscar el dit des de dalt cap avall per accedir a les notificacions recents, a la informació de consum i als paràmetres.","tutorial-step2-large-2":"Feu lliscar el dit cap a l'esquerra o dreta per descobrir aplicacions noves a la pantalla d'inici.","tutorial-step3-large-2":"Premeu durant uns segons una icona per eliminar-la o moure-la.","tutorial-step4-large-2":"Feu lliscar dos dits cap amunt des de la vora inferior per activar la visualització de targetes.","tutorial-vertical-scroll-tiny":"Feu lliscar el dit cap amunt i avall per explorar les aplicacions. Premeu durant uns segons una icona per moure-la o eliminar-la.","tutorial-notifications-tiny":"Feu lliscar el dit cap avall per accedir a les notificacions recents, a la informació de consum i als paràmetres.","tutorial-sheets-tiny":"Arrossegueu el dit des de la vora esquerra de la pantalla per tornar a aplicacions que heu utilitzat recentment.","offline-dialog-title":"Heu d'estar connectat a Internet per veure la pàgina.","offline-dialog-text":"Torneu enrere i connecteu-vos a Internet. També podeu veure la pàgina més tard des dels Paràmetres, o introduint {{url}} en qualsevol navegador.","OK":"D'acord","offline-newsletter-dialog-title":"Heu d'estar connectat a Internet per subscriure's al butlletí d'informació.","offline-newsletter-dialog-text":"Torneu enrere i connecteu-vos a Internet.","invalid-email-dialog-title":"L'adreça electrònica no és vàlida","invalid-email-dialog-text":"Torneu enrere i corregiu les dades.","retry":"Reintenta","cancel":"Cancel·la","progressbar":{"_":"Pas {{step}} de {{total}}","ariaLabel":"Visita guiada d'introducció"},"weekday-0-long":"diumenge","weekday-1-long":"dilluns","weekday-2-long":"dimarts","weekday-3-long":"dimecres","weekday-4-long":"dijous","weekday-5-long":"divendres","weekday-6-long":"dissabte","weekday-0-short":"dg","weekday-1-short":"dl","weekday-2-short":"dt","weekday-3-short":"dc","weekday-4-short":"dj","weekday-5-short":"dv","weekday-6-short":"ds","month-0-long":"gener","month-1-long":"febrer","month-2-long":"març","month-3-long":"abril","month-4-long":"maig","month-5-long":"juny","month-6-long":"juliol","month-7-long":"agost","month-8-long":"setembre","month-9-long":"octubre","month-10-long":"novembre","month-11-long":"desembre","month-0-genitive":"de gener","month-1-genitive":"de febrer","month-2-genitive":"de març","month-3-genitive":"d'abril","month-4-genitive":"de maig","month-5-genitive":"de juny","month-6-genitive":"de juliol","month-7-genitive":"d'agost","month-8-genitive":"de setembre","month-9-genitive":"d'octubre","month-10-genitive":"de novembre","month-11-genitive":"de desembre","month-0-short":"gen","month-1-short":"febr","month-2-short":"març","month-3-short":"abr","month-4-short":"maig","month-5-short":"juny","month-6-short":"jul","month-7-short":"ag","month-8-short":"set","month-9-short":"oct","month-10-short":"nov","month-11-short":"des","minutes-ago-long":{"_index":["plural","value"],"_":{"zero":"ara","one":"fa un minut","two":"fa {{value}} minuts","few":"fa {{value}} minuts","many":"fa {{value}} minuts","other":"fa {{value}} minuts"}},"hours-ago-long":{"_index":["plural","value"],"_":{"zero":"ara","one":"fa una hora","two":"fa {{value}} hores","few":"fa {{value}} hores","many":"fa {{value}} hores","other":"fa {{value}} hores"}},"days-ago-long":{"_index":["plural","value"],"_":{"zero":"avui","one":"ahir","two":"fa {{value}} dies","few":"fa {{value}} dies","many":"fa {{value}} dies","other":"fa {{value}} dies"}},"weeks-ago-long":{"_index":["plural","value"],"_":{"zero":"aquesta setmana","one":"la setmana passada","two":"fa {{value}} setmanes","few":"fa {{value}} setmanes","many":"fa {{value}} setmanes","other":"fa {{value}} setmanes"}},"months-ago-long":{"_index":["plural","value"],"_":{"zero":"aquest mes","one":"el mes passat","two":"fa {{value}} mesos","few":"fa {{value}} mesos","many":"fa {{value}} mesos","other":"fa {{value}} mesos"}},"years-ago-long":{"_index":["plural","value"],"_":{"zero":"enguany","one":"l'any passat","two":"fa {{value}} anys","few":"fa {{value}} anys","many":"fa {{value}} anys","other":"fa {{value}} anys"}},"minutes-until-long":{"_index":["plural","value"],"_":{"zero":"ara","one":"d'aquí un minut","two":"d'aquí {{value}} minuts","few":"d'aquí {{value}} minuts","many":"d'aquí {{value}} minuts","other":"d'aquí {{value}} minuts"}},"hours-until-long":{"_index":["plural","value"],"_":{"zero":"ara","one":"d'aquí una hora","two":"d'aquí {{value}} hores","few":"d'aquí {{value}} hores","many":"d'aquí {{value}} hores","other":"d'aquí {{value}} hores"}},"days-until-long":{"_index":["plural","value"],"_":{"zero":"avui","one":"demà","two":"d'aquí {{value}} dies","few":"d'aquí {{value}} dies","many":"d'aquí {{value}} dies","other":"d'aquí {{value}} dies"}},"weeks-until-long":{"_index":["plural","value"],"_":{"zero":"aquesta setmana","one":"la setmana que ve","two":"d'aquí {{value}} setmanes","few":"d'aquí {{value}} setmanes","many":"d'aquí {{value}} setmanes","other":"d'aquí {{value}} setmanes"}},"months-until-long":{"_index":["plural","value"],"_":{"zero":"aquest mes","one":"el mes que ve","two":"d'aquí {{value}} mesos","few":"d'aquí {{value}} mesos","many":"d'aquí {{value}} mesos","other":"d'aquí {{value}} mesos"}},"years-until-long":{"_index":["plural","value"],"_":{"zero":"enguany","one":"l'any que ve","two":"d'aquí {{value}} anys","few":"d'aquí {{value}} anys","many":"d'aquí {{value}} anys","other":"d'aquí {{value}} anys"}},"minutes-ago-short":{"_index":["plural","value"],"_":{"zero":"ara","other":"fa {{value}} m"}},"hours-ago-short":{"_index":["plural","value"],"_":{"zero":"ara","other":"fa {{value}} h"}},"days-ago-short":{"_index":["plural","value"],"_":{"zero":"avui","other":"fa {{value}} d"}},"minutes-until-short":{"_index":["plural","value"],"_":{"zero":"ara","other":"d'aquí {{value}} m"}},"hours-until-short":{"_index":["plural","value"],"_":{"zero":"ara","other":"d'aquí {{value}} h"}},"days-until-short":{"_index":["plural","value"],"_":{"zero":"avui","other":"d'aquí {{value}} d"}},"incorrectDate":"(data no vàlida)","dateTimeFormat_%c":"%a %e %Eb, %Y %H:%M:%S","dateTimeFormat_%x":"%d/%m/%Y","dateTimeFormat_%X":"%H:%M:%S","shortTimeFormat":"%H:%M","shortDateTimeFormat":"%x %H:%M","weekStartsOnMonday":"1","time_am":"am","time_pm":"pm","tz-region":"Regió","tz-city":"Ciutat","tzRegion-Africa":"Àfrica","tzRegion-America":"Amèrica","tzRegion-Antarctica":"Antàrtida","tzRegion-Asia":"Àsia","tzRegion-Atlantic":"Oceà Atlàntic","tzRegion-Australia":"Austràlia","tzRegion-Europe":"Europa","tzRegion-Indian":"Oceà Índic","tzRegion-Pacific":"Oceà Pacífic","close":"Tanca","import":"Importa","update":"Actualitza","fbFriends":"Amistats del Facebook","live-serviceName":"Outlook","gmail-serviceName":"Gmail","facebook-serviceName":"Amistats del Facebook","selectAll":"Marca-ho tot","deselectAll":"Desmarca-ho tot","viewAll":"Mostra totes les amistats del Facebook","viewRecommend":"Mostra només les recomanades","linkProposal":{"_index":["plural","numFriends"],"_":{"zero":"No hi ha amistats coincidents. Es mostren totes","one":"Tria la recomanada","two":"Tria'n una de les recomanades","few":"Tria'n una de les recomanades","many":"Tria'n una de les recomanades","other":"Tria'n una de les recomanades"}},"fbFriendsFound":{"_index":["plural","numFriends"],"_":{"zero":"S'han importat totes les vostres amistats","one":"S'ha trobat una amistat per importar","two":"S'han trobat {{numFriends}} amistats per importar","few":"S'han trobat {{numFriends}} amistats per importar","many":"S'han trobat {{numFriends}} amistats per importar","other":"S'han trobat {{numFriends}} amistats per importar"}},"fbNoFriends":"No contacts available to import","search-contact":{"placeholder":"Cerca"},"noResults":"No s'ha trobat cap contacte","done-search":"Fet","progressFB3ImportTitle":"S'estan important les amistats als contactes","progressFB":"{{current}}/{{total}}","progressFB3UpdateTitle":"S'estan actualitzant les amistats als contactes","message2":"Això pot trigar uns minuts","messageLinking":"Espereu. Estem enllaçant l'amistat amb el contacte.","messageCanceling":"Espereu, s'està cancel·lant l'operació en curs.","error1":"Error en {{from}}","error2":"Voleu tornar-ho a provar?","errorProposal":"calcular les propostes","errorFriends":"recuperar les amistats","errorLinking":"enllaçar el contacte","timeout1":"S'ha excedit el temps d'espera per {{from}}","timeout2":"Voleu tornar-ho a provar?","timeoutProposal":"calcular les propostes","timeoutFriends":"recuperar les amistats","timeoutLinking":"enllaçar els contactes","wait1":"Espereu","wait2":"Això pot trigar uns minuts","waitProposal":"Espereu. Estem calculant una proposta.","waitFriends":"Espereu. S'està obtenint la llista d'amistats.","curtainCancel":"Cancel·la","curtainRetry":"Reintenta","curtainOK":"D'acord","connectionLost":"No hi ha connexió a Internet","connectionLostMsg":"Les fotos de les amistats no s'afegiran als contactes. Voleu continuar igualment?","yesOption":"D'acord","noOption":"Cancel·la","friendsUpdated":{"_index":["plural","numFriends"],"_":{"zero":"No s'ha actualitzat cap amistat","one":"S'ha actualitzat una amistat","two":"S'han actualitzat {{numFriends}} amistats","few":"S'han actualitzat {{numFriends}} amistats","many":"S'han actualitzat {{numFriends}} amistats","other":"S'han actualitzat {{numFriends}} amistats"}},"friendsMerged":{"_index":["plural","numDups"],"_":{"zero":"No s'ha combinat cap amistat duplicada","one":"S'ha combinat una amistat duplicada","two":"S'han combinat {{numDups}} amistats","few":"S'han combinat {{numDups}} amistats","many":"S'han combinat {{numDups}} amistats","other":"S'han combinat {{numDups}} amistats"}},"notificationLogin":"La sessió del Facebook no és vàlida. Inicieu una sessió vàlida.","syncError":"S'ha produït un error en sincronitzar les dades de les vostres amistats"}