{"brandShortName":"B2G OS","browserBrandShortName":"Webový prohlížeč","browserBrandFullName":"Webový prohlížeč Mozilla","back":"Zpět","noSimMsg":"Pro import kontaktů vložte nebo odemkněte vaši kartu SIM","noMemoryCardMsg":"Pro import kontaktů vložte paměťovou kartu","importMemoryCard":"Paměťová karta","noConnection11":"Pro import přátel nebo kontaktů z Facebooku se připojte k Wi-Fi nebo datovému připojení","simContacts-import":"Import kontaktů ze SIM","simContacts-importing":"Probíhá import kontaktů ze SIM…","simContacts-reading":"Probíhá čtení z karty SIM…","simContacts-error":"Kontakty se ze SIM nepodařilo naimportovat","simContacts-imported3":{"_index":["plural","n"],"_":{"zero":"Na SIM nebyly nalezeny žádné kontakty pro import","one":"Naimportován jeden kontakt","two":"Naimportovány {{n}} kontakty","few":"Naimportovány {{n}} kontakty","many":"Naimportováno {{n}} kontaktů","other":"Naimportováno {{n}} kontaktů"}},"memoryCardContacts-import":"Import kontaktů z paměťové karty","memoryCardContacts-importing":"Probíhá import kontaktů z paměťové karty...","memoryCardContacts-reading":"Probíhá čtení z paměťové karty...","memoryCardContacts-error":"Kontakty se z paměťové karty nepodařilo naimportovat","memoryCardContacts-imported3":{"_index":["plural","n"],"_":{"zero":"Na paměťové kartě nebyly nalezeny žádné kontakty","one":"Naimportován jeden kontakt","two":"Naimportovány {{n}} kontakty","few":"Naimportovány {{n}} kontakty","many":"Naimportováno {{n}} kontaktů","other":"Naimportováno {{n}} kontaktů"}},"genericProgress":"{{current}}/{{total}}","facebook":"Facebook","facebook-import-msg":{"_index":["plural","imported"],"_":{"zero":"Přátelé nenaimportováni (z {{total}})","one":"Byl naimportován jeden přítel (z {{total}})","two":"Naimportováno {{imported}}/{{total}} přátel","few":"Naimportováno {{imported}}/{{total}} přátel","many":"Naimportováno {{imported}}/{{total}} přátel","other":"Naimportováno {{imported}}/{{total}} přátel"}},"contactsMerged":{"_index":["plural","numDups"],"_":{"zero":"Nebyly sloučeny žádné duplicitní kontakty","one":"Jeden duplicitní kontakt byl sloučen","two":"{{numDups}} kontakty sloučeny","few":"{{numDups}} kontakty sloučeny","many":"{{numDups}} kontaktů sloučeno","other":"{{numDups}} kontaktů sloučeno"}},"pincode2":"Vložte PIN kód","type_pin":"Zadejte svůj kód PIN","pincodeLabel":"PIN karty SIM {{n}}","pinValidation":"PIN musí být mezi 4 až 8 znaky.","pinError":"PIN je neplatný.","pinAttemptMsg2":{"_index":["plural","n"],"_":{"one":"Poslední pokus.","two":"Zbývají {{n}} pokusy.","few":"Zbývají {{n}} pokusy.","many":"Zbývá {{n}} pokusů.","other":"Zbývá {{n}} pokusů."}},"pinLastChanceMsg":"Poslední pokus pro vložení platného PIN kódu. Jinak budete muset pro odblokování SIM karty vložit PUK kód.","pukcode":"Vložte PUK kód","pukcodeTitle":"Vložení PUK SIM {{n}}","pukcodeLabel":"PUK karty SIM {{n}}","type_puk":"PUK kód","pukValidation":"PUK kód musí mít přesně 8 znaků.","pukInfo":"Musíte vložit Personal Unlocking Key (PUK) pro kartu SIM. Pro více informací se podívejte do dokumentace ke své kartě SIM či kontaktujte svého operátora.","pukError":"Neplatný PUK","pukAttemptMsg2":{"_index":["plural","n"],"_":{"one":"Máte jeden pokus pro vložení správného kódu dříve, než bude vaše SIM karta trvale nepoužitelná. Nahlédněte do dokumentace ke své SIM kartě nebo pro více informací kontaktujte operátora.","two":"Máte {{n}} pokusy pro vložení správného kódu dříve, než bude vaše SIM karta trvale nepoužitelná. Nahlédněte do dokumentace ke své SIM kartě nebo pro více informací kontaktujte operátora.","few":"Máte {{n}} pokusy pro vložení správného kódu dříve, než bude vaše SIM karta trvale nepoužitelná. Nahlédněte do dokumentace ke své SIM kartě nebo pro více informací kontaktujte operátora.","many":"Máte {{n}} pokusů pro vložení správného kódu dříve, než bude vaše SIM karta trvale nepoužitelná. Nahlédněte do dokumentace ke své SIM kartě nebo pro více informací kontaktujte operátora.","other":"Máte {{n}} pokusů pro vložení správného kódu dříve, než bude vaše SIM karta trvale nepoužitelná. Nahlédněte do dokumentace ke své SIM kartě nebo pro více informací kontaktujte operátora."}},"pukLastChanceMsg":"Toto je vaše poslední šance pro vložení správného PUK kódu. Pokud vložíte špatný kód PUK, bude vaše SIM karta trvale nepoužitelná.","create_newpin":"Vytvořit nový PIN (4 až 8 číslic)","confirm_newpin":"Potvrďte nový PIN","newpinConfirmation":"PINy neodpovídají","nckcode":"Vložte NCK kód","cckcode":"Vložte CCK kód","spckcode":"Vložte SPCK kód","nck1code":"Vložte NCK1 kód","nck2code":"Vložte NCK2 kód","hnckcode":"Vložte HNCK kód","rcckcode":"Vložte RCCK kód","rspckcode":"Vložte RSPCK kód","nckcodeTitle":"Vložte SIM {{n}} NCK","cckcodeTitle":"Vložte SIM {{n}} CCK","spckcodeTitle":"Vložte SIM {{n}} SPCK","nck1codeTitle":"Vložte SIM {{n}} NCK1","nck2codeTitle":"Vložte SIM {{n}} NCK2","hnckcodeTitle":"Vložte SIM {{n}} HNCK","rcckcodeTitle":"Vložte SIM {{n}} RCCK","rspckcodeTitle":"Vložte SIM {{n}} RSPCK","nckcodeLabel":"SIM {{n}} NCK","cckcodeLabel":"SIM {{n}} CCK","spckcodeLabel":"SIM {{n}} SPCK","nck1codeLabel":"SIM {{n}} NCK1","nck2codeLabel":"SIM {{n}} NCK2","hnckcodeLabel":"SIM {{n}} HNCK","rcckcodeLabel":"SIM {{n}} RCCK","rspckcodeLabel":"SIM {{n}} RSPCK","type_nck":"Zadejte svůj NCK kód","type_cck":"Zadejte svůj CCK kód","type_spck":"Zadejte svůj SPCK kód","type_nck1":"Zadejte svůj NCK1 kód","type_nck2":"Zadejte svůj NCK2 kód","type_hnck":"Zadejte svůj HNCK kód","type_rcck":"Zadejte svůj RCCK kód","type_rspck":"Zadejte svůj RSPCK kód","nckValidation":"NCK musí mít mezi 8 až 16 znaky.","cckValidation":"CCK musí mít mezi 8 až 16 znaky.","spckValidation":"SPCK musí mít mezi 8 až 16 znaky.","nck1Validation":"NCK1 musí mít mezi 8 až 16 znaky.","nck2Validation":"NCK2 musí mít mezi 8 až 16 znaky.","hnckValidation":"HNCK musí mít mezi 8 až 16 znaky.","rcckValidation":"RCCK musí mít mezi 8 až 16 znaky.","rspckValidation":"RSPCK musí mít mezi 8 až 16 znaky.","nckErrorMsg":"NCK kód je neplatný","nckAttemptMsg2":{"_index":["plural","n"],"_":{"one":"Požadavek na změnu sítě selhal. Máte ještě jeden pokus o vložení správného kódu. Nahlédněte do dokumentace ke své SIM kartě nebo pro více informací kontaktujte operátora.","two":"Požadavek na změnu sítě selhal. Máte ještě {{n}} pokusy o vložení správného kódu. Nahlédněte do dokumentace ke své SIM kartě nebo pro více informací kontaktujte operátora.","few":"Požadavek na změnu sítě selhal. Máte ještě {{n}} pokusy o vložení správného kódu. Nahlédněte do dokumentace ke své SIM kartě nebo pro více informací kontaktujte operátora.","many":"Požadavek na změnu sítě selhal. Máte ještě {{n}} pokusů o vložení správného kódu. Nahlédněte do dokumentace ke své SIM kartě nebo pro více informací kontaktujte operátora.","other":"Požadavek na změnu sítě selhal. Máte ještě {{n}} pokusů o vložení správného kódu. Nahlédněte do dokumentace ke své SIM kartě nebo pro více informací kontaktujte operátora."}},"nckLastChanceMsg":"Požadavek na změnu sítě selhal. Poslední změna pro vložení správného NCK kódu. Nahlédněte do dokumentace ke své SIM kartě nebo pro více informací kontaktujte operátora.  ","skip":"Přeskočit","send":"Odeslat","ok":"OK","simLocked":"SIM karta je zablokována","inputCodeRetriesLeft":{"_index":["plural","n"],"_":{"one":"poslední pokus.","two":"Zbývají {{n}} pokusy.","few":"Zbývají {{n}} pokusy.","many":"Zbývá {{n}} pokusů.","other":"Zbývá {{n}} pokusů."}},"simManager":"Správce SIM","simDetail":"SIM {{n}}","simDefault":"(předvolená)","simDefaultMessage":"Odchozí volání, odchozí zprávy a datové připojení je ve výchozím nastavení přiřazeno k SIM 1","simSettingsMessage":"Výchozí nastavení můžete změnit v Nastavení > Správce SIM","simPinLocked":"SIM je zamčená pomocí kódu PIN","noOperator":"Žádný operátor","language":"Jazyk","3g":"Mobilní data","dataConnection":"Povolení dat","dataConnectionInfo":"Povolení datových přenosů vám umožní nastavit telefon bez Wi-Fi připojení. Můžete je také zapnout později v Nastavení. Ujistěte se u svého operátora, že máte tarif vhodný k přenosu dat a vyhněte se tak případným vysokým poplatkům.","caution":"Upozornění","geolocation":"Geolokace","geolocationCheckbox":"Povolení geolokace","geolocationInfo2":"{{brandShortName}} používá data z GPS, Wi-Fi a mobilních sítí okolo vás pro určení vaší přibližné polohy.","geolocationInfoMore":"Data jsou posílána Mozille a dalším poskytovatelům služby a budou použita pro vylepšení databáze umístění. Data mohou být uložena na vašem zařízení a sběr dat může probíhat i tehdy, když nejsou spuštěny žádné aplikace. ","notice":"Omezení","aboutYourPrivacy":"Více o vašem soukromí","scanningNetworks":"Hledání sítí","selectNetwork":"Volba sítě","shortStatus-connecting":"Připojování…","shortStatus-associated":"Získávání IP adresy…","shortStatus-connected":"Připojeno","shortStatus-connectingfailed":"Připojení se nezdařilo","shortStatus-disconnected":"Offline","securedBy":"zabezpečeno pomocí {{capabilities}}","security":"Zabezpečení","securityNone":"Žádné","securityWEP":"WEP","securityWPA-PSK":"WPA-PSK","securityWPA-EAP":"WPA-EAP","securityOpen":"Nezabezpečená","identity":"Uživatel","identityInput":{"placeholder":"Uživatel"},"password":"Heslo","passwordInput":{"placeholder":"Heslo"},"showPassword":"Zobrazit heslo","refresh":"Obnovit","noWifiFound3":"Nepodařilo se nalézt žádnou bezdrátovou síť","join-hidden-button":"Připojit ke skryté síti","authentication":"Autentizace","ssid-name":"Název sítě SSID","wifiLevel":"Síla {{level}} z 4","networksList":"Nalezeny sítě","dateAndTime":"Datum a čas","timezoneTitle":"UTC{{utcOffset}} {{region}}/{{city}}","timeZone":"Časová zóna","change":"Upravit","region":{"ariaLabel":"Region"},"city":{"ariaLabel":"Město"},"date":{"ariaLabel":"Datum"},"time":{"ariaLabel":"Čas"},"importContacts3":"Import kontaktů","importSim2":"SIM karta","importFb2":"Facebook","importOutlook":"Outlook","importGmail":"Gmail","fb-checking":"… probíhá ověřování","notImportedYet":"Nebylo nic vloženo","otherAccount":"Ostatní účty","afterFbImport":"Vaše přátele z Facebooku můžete kdykoliv převést a upravit v nastavení kontaktů.","firefox-accounts":"Účet Firefox","fxa-overview":{"innerHTML":"Účet Firefox vám umožní používat služby jako je Nalézt mé zařízení a aplikace jako Firefox Marketplace."},"fxa-create-account-or-sign-in":"Vytvořit účet nebo se přihlásit","fxa-email-sent":"Odkaz pro ověření byl odeslán na {{email}}","fxa-signed-in":"Přihlášený jako {{email}}","about-your-rights-0":"{{brandShortName}} je svobodný software s otevřeným zdrojovým kódem, který je vytvářen tisíci dobrovolníky z celého světa. Je zde ale několik věcí, které byste měli vědět:","about-your-rights-1":"{{brandShortName}} je dostupná za podmínek stanovených v Mozilla Public License a dalších svobodných licencích. Zařízení používající {{brandShortName}} může také obsahovat chráněný software třetích stran. Svobodné licence vám umožňuje software pozměňovat a šířit vámi pozměněné verze za podmínek stanovených v konkrétním licenčním ujednání.","about-your-rights-2":"Nejsou vám však podstoupena žádná práva ani licence k ochranným známkám Mozilla Foundation, či třetích stran, a to zejména k logu a jménu {{brandShortName}}.","about-your-rights-3":"Některé funkce {{brandShortName}}, jako např. Hlášení pádů, vám umožní odeslat zpětnou vazbu organizaci Mozilla. Odesláním zpětné vazby, poskytujete organizaci Mozilla povolení k užití zpětné vazbu pro vylepšení svých produktů, publikaci zpětně vazby na svých stránkách a distribuci zpětné vazby.","about-other":"Další","SIM_mandatory":"Upozornění karty SIM","SIM_mandatory_warm":"Vložte prosím kartu SIM a restartujte svůj telefon.","telemetry-sends2":"Telemetry sends Mozilla data about performance, hardware, configurations, customizations and app usage in your {{brandShortName}} device. We use this to make our products better, faster and more responsive.","learn-more-telemetry":{"innerHTML":"Zjistit více na {{link}}"},"learn-more-information":{"innerHTML":"Zjistěte, jak v Mozille zacházíme s vašimi informacemi na {{link}}"},"welcomeBrowser":"Vítejte ve {{brandShortName}}, svobodném operačním systému s otevřeným zdrojovým kódem od společnosti Mozilla. Přinášíme vám otevřenost, inovace a příležitosti webových technologií až do vašich rukou.","learn-more-privacy":{"innerHTML":"Přečtěte si, jak Mozilla zpracovává vaše informace v našich {{link}}."},"learn-more-privacy-link":"zásadách ochrany soukromí","aboutBrowser":"O {{brandShortName}}","aboutYourPrivacy2":"Vaše soukromí","mozillaCommunity2":"Používáním {{brandShortName}} se stáváte členem světové komunity uživatelů usilujících o lepší budoucnost webu. Pokud se chcete dozvědět více o nás, našich dalších produktech a akcích ve vašem okolí, zadejte vaši e-mailovou adresu.","sharePerformanceAndUsageData":"I want to help improve {{brandShortName}} by sharing data about my phone and the way I use it.","learnMore":"Dozvědět se více.","emailAddress":{"placeholder":"E-mailová adresa"},"email-successfully-added":"E-mail úspěšně přidán","email-loading":"Probíhá ukládání vašeho e-mailu…","privacy-b2g":{"_":"{{brandShortName}}","title":"{{brandShortName}}"},"privacy-marketplace":{"_":"Tržiště","title":"{{privacy-marketplace}}"},"privacy-eme":"EverythingMe","privacy-e-me":{"_":"everything.me","title":"{{privacy-e-me}}"},"navbar-back":"Zpět","navbar-next":"Další","navbar-join":"Spojit","done":"Hotovo","thatsIt":"Hotovo!","startYourPhone":"Průvodce vaším telefonem!","startYourTablet":"Průvodce vaším tabletem!","joinTutorial":"Krátké seznámení s vašim novým telefonem.","enjoyYourPhone":"Jste připraven(a) užít si svůj nový telefon.","optionsAvailable":"Jazyk, datum/čas a Wi-Fi připojení lze změnit v nastavení.","letsGo":"Začít","startTour":"Spustit prohlídku","whatsNew":"What’s new","updatedSuccessfully":"Your phone has updated successfully! Start the tour to find out more about the new features.","thatsIt1Tablet-2":"Na domovskou stránku se vždy dostanete přejetím prstem směrem od spodního okraje obrazovky. ","thatsIt2Tablet-2":"Pojďme na to!","tutorial":"Prohlídka","tutorial-step1-tiny":"Pro prohlídku svých aplikací přejíždějte prstem zprava doleva.","tutorial-step2-tiny":"Přidržte ikonku prstem, pokud ji chcete smazat nebo přesunout.","tutorial-step3-tiny":"Vložte libovolné klíčové slovo nebo téma a váš telefon se vám přizpůsobí. ","tutorial-step4-tiny":"Přejeďte dolů a získejte přístup k posledním upozorněním, informaci o kreditu a nastavení.","tutorial-step5-tiny":"Přidržte tlačítko Domů k prohlížení a uzavření běžících aplikací.","tutorial-step6-tiny":"Přejížděním prstem od kraje obrazovky se přesouváte mezi naposledy použitými aplikacemi. ","tutorial-step1-large-2":"Přejetím prstem seshora dolů přistupujte k nejnovějším upozorněním, informacím o kreditu a nastavením.","tutorial-step2-large-2":"Přejetím prstem zleva nebo doprava objevujte nové aplikace na domovské obrazovce. ","tutorial-step3-large-2":"Pro smazání aplikace či její přesunutí na ni klepněte prstem a přidržte.","tutorial-step4-large-2":"Přejetím dvěma prsty směrem od dolního okraje obrazovky vyvoláte seznam panelů.","tutorial-vertical-scroll-tiny":"Pro procházení v seznamu aplikací přejíždějte nahoru a dolu. Pro přesunutí či smazání aplikací podržte prst nad ikonou. ","tutorial-notifications-tiny":"Pro získání upozornění, informace o kreditu a nastavení přejeďte prstem dolů. ","tutorial-sheets-tiny":"Táhněte od levé strany vaší obrazovky a získejte naposledy použité aplikace. ","offline-dialog-title":"K prohlížení této stránky musíte být připojeni k internetu.","offline-dialog-text":"Běžte prosím zpět a připojte se k internetu. Tuto stránku si také můžete prohlédnout z nastavení nebo pokud zadáte {{url}} do prohlížeče.","OK":"OK","offline-newsletter-dialog-title":"K přihlášení se k odběru novinek musíte být připojeni k internetu.","offline-newsletter-dialog-text":"Běžte prosím zpět a připojte se k internetu.","invalid-email-dialog-title":"Váš e-mail není platný","invalid-email-dialog-text":"Běžte prosím zpět a opravte jej.","retry":"Opakovat","cancel":"Zrušit","progressbar":{"_":"Krok {{step}} z {{total}}","ariaLabel":"Zážitek z prvního spuštění"},"weekday-0-long":"Neděle","weekday-1-long":"Pondělí","weekday-2-long":"Úterý","weekday-3-long":"Středa","weekday-4-long":"Čtvrtek","weekday-5-long":"Pátek","weekday-6-long":"Sobota","weekday-0-short":"Ne","weekday-1-short":"Po","weekday-2-short":"Út","weekday-3-short":"St","weekday-4-short":"Čt","weekday-5-short":"Pá","weekday-6-short":"So","month-0-long":"Leden","month-1-long":"Únor","month-2-long":"Březen","month-3-long":"Duben","month-4-long":"Květen","month-5-long":"Červen","month-6-long":"Červenec","month-7-long":"Srpen","month-8-long":"Září","month-9-long":"Říjen","month-10-long":"Listopad","month-11-long":"Prosinec","month-0-genitive":"Leden","month-1-genitive":"Únor","month-2-genitive":"Březen","month-3-genitive":"Duben","month-4-genitive":"Květen","month-5-genitive":"Červen","month-6-genitive":"Červenec","month-7-genitive":"Srpen","month-8-genitive":"Září","month-9-genitive":"Říjen","month-10-genitive":"Listopad","month-11-genitive":"Prosinec","month-0-short":"leden","month-1-short":"únor","month-2-short":"březen","month-3-short":"duben","month-4-short":"květen","month-5-short":"červen","month-6-short":"červenec","month-7-short":"srpen","month-8-short":"září","month-9-short":"říjen","month-10-short":"listopad","month-11-short":"prosinec","minutes-ago-long":{"_index":["plural","value"],"_":{"zero":"právě teď","one":"před minutou","two":"před 2 minutami","few":"před {{value}} minutami","many":"před {{value}} minutami","other":"před {{value}} minutami"}},"hours-ago-long":{"_index":["plural","value"],"_":{"zero":"právě teď","one":"před hodinou","two":"před 2 hodinami","few":"před {{value}} hodinami","many":"před {{value}} hodinami","other":"před {{value}} hodinami"}},"days-ago-long":{"_index":["plural","value"],"_":{"zero":"dnes","one":"včera","two":"předevčírem","few":"před {{value}} dny","many":"před {{value}} dny","other":"před {{value}} dny"}},"weeks-ago-long":{"_index":["plural","value"],"_":{"zero":"tento týden","one":"minutý týden","two":"před {{value}} týdny","few":"před {{value}} týdny","many":"před {{value}} týdny","other":"před {{value}} týdny"}},"months-ago-long":{"_index":["plural","value"],"_":{"zero":"tento měsíc","one":"minulý měsíc","two":"před {{value}} měsíci","few":"před {{value}} měsíci","many":"před {{value}} měsíci","other":"před {{value}} měsíci"}},"years-ago-long":{"_index":["plural","value"],"_":{"zero":"tento rok","one":"minulý rok","two":"před {{value}} roky","few":"před {{value}} roky","many":"před {{value}} roky","other":"před {{value}} roky"}},"minutes-until-long":{"_index":["plural","value"],"_":{"zero":"nyní","one":"za minutu","two":"za 2 minuty","few":"za {{value}} minuty","many":"za {{value}} minut","other":"za {{value}} minut"}},"hours-until-long":{"_index":["plural","value"],"_":{"zero":"nyní","one":"za hodinu","two":"za 2 hodiny","few":"za {{value}} hodiny","many":"za {{value}} hodin","other":"za {{value}} hodin"}},"days-until-long":{"_index":["plural","value"],"_":{"zero":"dnes","one":"zítra","two":"pozítří","few":"za {{value}} dny","many":"za {{value}} dnů","other":"za {{value}} dnů"}},"weeks-until-long":{"_index":["plural","value"],"_":{"zero":"tento týden","one":"příští týden","two":"za {{value}} týdny","few":"za {{value}} týdny","many":"za {{value}} týdnů","other":"za {{value}} týdnů"}},"months-until-long":{"_index":["plural","value"],"_":{"zero":"tento měsíc","one":"příští měsíc","two":"za {{value}} měsíce","few":"za {{value}} měsíce","many":"za {{value}} měsíců","other":"za {{value}} měsíců"}},"years-until-long":{"_index":["plural","value"],"_":{"zero":"tento rok","one":"příští rok","two":"za {{value}} roky","few":"za {{value}} roky","many":"za {{value}} roků","other":"za {{value}} roků"}},"minutes-ago-short":{"_index":["plural","value"],"_":{"zero":"právě teď","other":"před {{value}} min"}},"hours-ago-short":{"_index":["plural","value"],"_":{"zero":"právě teď","other":"před {{value}} hod"}},"days-ago-short":{"_index":["plural","value"],"_":{"zero":"dnes","other":"před {{value}} dny"}},"minutes-until-short":{"_index":["plural","value"],"_":{"zero":"nyní","other":"za {{value}} min"}},"hours-until-short":{"_index":["plural","value"],"_":{"zero":"nyní","other":"za {{value}} hod"}},"days-until-short":{"_index":["plural","value"],"_":{"zero":"dnes","other":"za {{value}} dny"}},"incorrectDate":"(neplatné datum)","dateTimeFormat_%c":"%a %e. %b %Y %H:%M:%S","dateTimeFormat_%x":"%e. %m. %Y","dateTimeFormat_%X":"%H:%M:%S","shortTimeFormat":"%H:%M","shortDateTimeFormat":"%x %H:%M","weekStartsOnMonday":"1","time_am":"AM","time_pm":"PM","tz-region":"Oblast","tz-city":"Město","tzRegion-Africa":"Afrika","tzRegion-America":"Amerika","tzRegion-Antarctica":"Antarktida","tzRegion-Asia":"Asie","tzRegion-Atlantic":"Atlantský oceán","tzRegion-Australia":"Austrálie","tzRegion-Europe":"Evropa","tzRegion-Indian":"Indický oceán","tzRegion-Pacific":"Tichý oceán","close":"Zavřít","import":"Importovat","update":"Aktualizovat","fbFriends":"Přátelé z Facebooku","live-serviceName":"Outlook","gmail-serviceName":"Gmail","facebook-serviceName":"Přátelé z Facebooku","selectAll":"Vybrat vše","deselectAll":"Zrušit výběr","viewAll":"Zobrazit všechny přátele na Facebooku","viewRecommend":"Zobrazit pouze doporučené","linkProposal":{"_index":["plural","numFriends"],"_":{"zero":"Žádní odpovídající přátelé. Zobrazeno vše","one":"Vybrat doporučeného","two":"Vybrat doporučené","few":"Vybrat doporučené","many":"Vybrat doporučené","other":"Vybrat doporučené"}},"fbFriendsFound":{"_index":["plural","numFriends"],"_":{"zero":"Všichni přátelé jsou již naimportováni","one":"Nalezen jeden přítel pro import","two":"Nalezeni {{numFriends}} přátelé pro import","few":"Nalezeno {{numFriends}} přátel pro import","many":"Nalezeno {{numFriends}} přátel pro import","other":"Nalezeno {{numFriends}} přátel pro import"}},"fbNoFriends":"Žádný kontakt není k dispozici pro přidání","search-contact":{"placeholder":"Hledat"},"noResults":"Nenalezeny žádné kontakty","done-search":"Hotovo","progressFB3ImportTitle":"Importování přátel z Facebooku","progressFB":"{{current}}/{{total}}","progressFB3UpdateTitle":"Aktualizace přátel v kontaktech","message2":"Toto může trvat několik minut","messageLinking":"Mějte chvíli strpení. Probíhá propojení vašich přátel a kontaktů.","messageCanceling":"Mějte chvíli strpení. Probíhá rušení probíhající operace.","error1":"Chyba {{from}}","error2":"Zkusit znovu?","errorProposal":"při výpočtu návrhů","errorFriends":"při získávání přátel","errorLinking":"při propojování kontaktu","timeout1":"Vypršel časový limit {{from}}","timeout2":"Zkusit znovu?","timeoutProposal":"pro výpočet návrhů","timeoutFriends":"pro získání přátel","timeoutLinking":"pro propojení kontaktů","wait1":"Mějte chvíli strpení","wait2":"Toto může trvat několik minut","waitProposal":"Mějte chvíli strpení. Probíhá výpočet návrhů.","waitFriends":"Mějte chvíli strpení. Probíhá připojování pro získání vašeho seznamu přátel.","curtainCancel":"Zrušit","curtainRetry":"Opakovat","curtainOK":"OK","connectionLost":"Žádné připojení k internetu","connectionLostMsg":"Fotografie přátel nebudou připojeny k vašim kontaktům. Pokračovat?","yesOption":"OK","noOption":"Zrušit","friendsUpdated":{"_index":["plural","numFriends"],"_":{"zero":"Všichni přátelé jsou již aktuální","one":"Aktualizován jeden přítel","two":"Aktualizováni {{numFriends}} přátelé","few":"Aktualizováno {{numFriends}} přátel","many":"Aktualizováno {{numFriends}} přátel","other":"Aktualizováno {{numFriends}} přátel"}},"friendsMerged":{"_index":["plural","numDups"],"_":{"zero":"Nedošlo k žádnému sloučení přátel","one":"Jeden přátel byl sloučen","two":"{{numDups}} přátelé sloučeni","few":"{{numDups}} přátelé sloučeni","many":"{{numDups}} přátelů sloučeno","other":"{{numDups}} přátelů sloučeno"}},"notificationLogin":"Vaše relace již není platná. Přihlaste se prosím.","syncError":"Při synchronizaci dat vašich přátel nastala chyba"}