{"brandShortName":"B2G OS","browserBrandShortName":"Internet-Browser","browserBrandFullName":"Mozilla-Internet-Browser","back":"Zurück","noSimMsg":"Legen Sie eine SIM-Karte ein und/oder entsperren Sie diese, um Kontakte zu importieren.","noMemoryCardMsg":"Legen Sie zum Importieren von Kontakten eine Speicherkarte ein.","importMemoryCard":"Speicherkarte","noConnection11":"Verbinden Sie zum Importieren Ihrer Facebook-Freunde oder von Kontakten mit einem WLAN-Netzwerk oder einem Datenübertragungen unterstützenden Mobilfunknetz.","simContacts-import":"SIM-Kontakte importieren","simContacts-importing":"SIM-Kontakte werden importiert…","simContacts-reading":"SIM-Karte wird gelesen…","simContacts-error":"Konnte Kontakte nicht von SIM-Karte importieren","simContacts-imported3":{"_index":["plural","n"],"_":{"zero":"Keine Kontakte zum Importieren auf SIM gefunden","one":"Ein Kontakt importiert","two":"{{n}} Kontakte importiert","few":"{{n}} Kontakte importiert","many":"{{n}} Kontakte importiert","other":"{{n}} Kontakte importiert"}},"memoryCardContacts-import":"Kontakte von der Speicherkarte importieren","memoryCardContacts-importing":"Kontakte werden von der Speicherkarte importiert…","memoryCardContacts-reading":"Von der Speicherkarte wird gelesen…","memoryCardContacts-error":"Kontakte konnten nicht von der Speicherkarte importiert werden","memoryCardContacts-imported3":{"_index":["plural","n"],"_":{"zero":"Keine Kontakte für Import auf der Speicherkarte gefunden","one":"Ein Kontakt importiert","two":"{{n}} Kontakte importiert","few":"{{n}} Kontakte importiert","many":"{{n}} Kontakte importiert","other":"{{n}} Kontakte importiert"}},"genericProgress":"{{current}}/{{total}}","facebook":"Facebook","facebook-import-msg":{"_index":["plural","imported"],"_":{"zero":"Keine Freunde importiert (von {{total}})","one":"Ein Freund importiert (von {{total}})","two":"{{imported}} von {{total}} Freunden importiert","few":"{{imported}} von {{total}} Freunden importiert","many":"{{imported}} von {{total}} Freunden importiert","other":"{{imported}} von {{total}} Freunden importiert"}},"contactsMerged":{"_index":["plural","numDups"],"_":{"zero":"Keine doppelten Kontakte zusammengeführt","one":"Ein doppelter Kontakt zusammengeführt","two":"{{numDups}} Kontakte zusammengeführt","few":"{{numDups}} Kontakte zusammengeführt","many":"{{numDups}} Kontakte zusammengeführt","other":"{{numDups}} Kontakte zusammengeführt"}},"pincode2":"PIN-Code eingeben","type_pin":"PIN für SIM eingeben","pincodeLabel":"PIN für SIM {{n}}","pinValidation":"Die PIN muss aus 4 bis 8 Zeichen bestehen.","pinError":"Die PIN war falsch.","pinAttemptMsg2":{"_index":["plural","n"],"_":{"one":"Letzter Versuch.","two":"Es bleiben {{n}} Versuche.","few":"Es bleiben {{n}} Versuche.","many":"Es bleiben {{n}} Versuche.","other":"Es bleiben {{n}} Versuche."}},"pinLastChanceMsg":"Dies ist Ihr letzter Versuch, um die richtige PIN einzugeben. Danach müssen Sie den PUK-Code eingeben, um die SIM-Karte zu entsperren.","pukcode":"PUK-Code eingeben","pukcodeTitle":"PUK für SIM {{n}} eingeben","pukcodeLabel":"PUK für SIM {{n}}","type_puk":"PUK-Code","pukValidation":"Der PUK-Code muss aus genau 8 Zeichen bestehen.","pukInfo":"Sie müssen den persönlichen Entsperrschlüssel (PUK-Code) für die SIM-Karte eingeben. Sehen Sie in der Dokumentation Ihrer SIM-Karte nach oder wenden Sie sich an Ihren Mobilfunkbetreiber, um weitere Informationen zu erhalten.","pukError":"Der PUK-Code war falsch.","pukAttemptMsg2":{"_index":["plural","n"],"_":{"one":"Sie haben noch einen Versuch, um den richtigen Code einzugeben, bevor diese SIM-Karte dauerhaft unbenutzbar wird. Sehen Sie in Ihrer SIM-Karten-Dokumentation nach oder wenden Sie sich an Ihren Mobilfunkbetreiber, um weitere Informationen zu erhalten.","two":"Sie haben noch {{n}} Versuche, um den richtigen Code einzugeben, bevor diese SIM-Karte dauerhaft unbenutzbar wird. Sehen Sie in Ihrer SIM-Karten-Dokumentation nach oder wenden Sie sich an Ihren Mobilfunkbetreiber, um weitere Informationen zu erhalten.","few":"Sie haben noch {{n}} Versuche, um den richtigen Code einzugeben, bevor diese SIM-Karte dauerhaft unbenutzbar wird. Sehen Sie in Ihrer SIM-Karten-Dokumentation nach oder wenden Sie sich an Ihren Mobilfunkbetreiber, um weitere Informationen zu erhalten.","many":"Sie haben noch {{n}} Versuche, um den richtigen Code einzugeben, bevor diese SIM-Karte dauerhaft unbenutzbar wird. Sehen Sie in Ihrer SIM-Karten-Dokumentation nach oder wenden Sie sich an Ihren Mobilfunkbetreiber, um weitere Informationen zu erhalten.","other":"Sie haben noch {{n}} Versuche, um den richtigen Code einzugeben, bevor diese SIM-Karte dauerhaft unbenutzbar wird. Sehen Sie in Ihrer SIM-Karten-Dokumentation nach oder wenden Sie sich an Ihren Mobilfunkbetreiber, um weitere Informationen zu erhalten."}},"pukLastChanceMsg":"Dies ist Ihre letzte Chance, um den korrekten PUK-Code einzugeben. Ihre SIM-Karte wird dauerhaft unbenutzbar, wenn Sie einen falschen PUK-Code eingeben.","create_newpin":"Neue PIN erstellen (4 bis 8 Zeichen)","confirm_newpin":"Neue PIN bestätigen","newpinConfirmation":"PINs stimmen nicht überein","nckcode":"NCK-Code eingeben","cckcode":"CCK-Code eingeben","spckcode":"SPCK-Code eingeben","nck1code":"NCK1-Code eingeben","nck2code":"NCK2-Code eingeben","hnckcode":"HNCK-Code eingeben","rcckcode":"RCCK-Code eingeben","rspckcode":"RSPCK-Code eingeben","nckcodeTitle":"NCK für SIM {{n}} eingeben","cckcodeTitle":"CCK für SIM {{n}} eingeben","spckcodeTitle":"SPCK für  SIM {{n}} eingeben","nck1codeTitle":"NCK1 für SIM {{n}} eingeben","nck2codeTitle":"NCK2 für SIM {{n}} eingeben","hnckcodeTitle":"HNCK für SIM {{n}} eingeben","rcckcodeTitle":"RCCK für SIM {{n}} eingeben","rspckcodeTitle":"RSPCK für SIM {{n}} eingeben","nckcodeLabel":"NCK für SIM {{n}}","cckcodeLabel":"CCK für SIM {{n}}","spckcodeLabel":"SPCK für SIM {{n}}","nck1codeLabel":"SIM {{n}} NCK1","nck2codeLabel":"SIM {{n}} NCK2","hnckcodeLabel":"SIM {{n}} HNCK","rcckcodeLabel":"SIM {{n}} RCCK","rspckcodeLabel":"SIM {{n}} RSPCK","type_nck":"Geben Sie Ihren NCK-Code ein:","type_cck":"Geben Sie Ihren CCK-Code ein:","type_spck":"Geben Sie Ihren SPCK-Code ein:","type_nck1":"Geben Sie Ihren NCK1-Code ein:","type_nck2":"Geben Sie Ihren NCK2-Code ein:","type_hnck":"Geben Sie Ihren HNCK-Code ein:","type_rcck":"Geben Sie Ihren RCCK-Code ein:","type_rspck":"Geben Sie Ihren RSPCK-Code ein:","nckValidation":"Der NCK-Code muss aus 8 bis 16 Zeichen bestehen.","cckValidation":"Der CCK-Code muss aus 8 bis 16 Zeichen bestehen.","spckValidation":"Der SPCK-Code muss aus 8 bis 16 Zeichen bestehen.","nck1Validation":"Der NCK1-Code muss aus 8 bis 16 Zeichen bestehen.","nck2Validation":"Der NCK2-Code muss aus 8 bis 16 Zeichen bestehen.","hnckValidation":"Der HNCK-Code muss aus 8 bis 16 Zeichen bestehen.","rcckValidation":"Der RCCK-Code muss aus 8 bis 16 Zeichen bestehen.","rspckValidation":"Der RSPCK-Code muss aus 8 bis 16 Zeichen bestehen.","nckErrorMsg":"Der NCK-Code ist falsch.","nckAttemptMsg2":{"_index":["plural","n"],"_":{"one":"Netzwerkdepersonalisierungsanfrage schlug fehl. Sie haben einen Versuch, um den richtigen Code einzugeben. Sehen Sie in der Dokumentation Ihre Gerätes nach oder wenden Sie sich an Ihren Mobilfunkbetreiber.","two":"Netzwerkdepersonalisierungsanfrage schlug fehl. Sie haben {{n}} Versuche, um den richtigen Code einzugeben. Sehen Sie in der Dokumentation Ihre Gerätes nach oder wenden Sie sich an Ihren Mobilfunkbetreiber.","few":"Netzwerkdepersonalisierungsanfrage schlug fehl. Sie haben {{n}} Versuche, um den richtigen Code einzugeben. Sehen Sie in der Dokumentation Ihre Gerätes nach oder wenden Sie sich an Ihren Mobilfunkbetreiber.","many":"Netzwerkdepersonalisierungsanfrage schlug fehl. Sie haben {{n}} Versuche, um den richtigen Code einzugeben. Sehen Sie in der Dokumentation Ihre Gerätes nach oder wenden Sie sich an Ihren Mobilfunkbetreiber.","other":"Netzwerkdepersonalisierungsanfrage schlug fehl. Sie haben {{n}} Versuche, um den richtigen Code einzugeben. Sehen Sie in der Dokumentation Ihre Gerätes nach oder wenden Sie sich an Ihren Mobilfunkbetreiber."}},"nckLastChanceMsg":"Aufheben der Mobilfunknetzvorgabe war nicht erfolgreich. Dies ist der letzte Versuch, um den richtigen Code einzugeben. Sehen Sie in der Dokumentation Ihre Gerätes nach oder wenden Sie sich an Ihren Mobilfunkbetreiber.","skip":"Überspringen","send":"Senden","ok":"OK","simLocked":"Die SIM-Karte ist gesperrt.","inputCodeRetriesLeft":{"_index":["plural","n"],"_":{"one":"Letzter Versuch","two":"{{n}} Versuche verbleibend","few":"{{n}} Versuche verbleibend","many":"{{n}} Versuche verbleibend","other":"{{n}} Versuche verbleibend"}},"simManager":"SIM-Verwaltung","simDetail":"SIM {{n}}","simDefault":"(Standard)","simDefaultMessage":"Als Standard für ausgehende Anrufe, Nachrichten und Datenverbindungen wurde SIM 1 festgelegt.","simSettingsMessage":"Die Standardeinstellungen können in Einstellungen > SIM-Verwaltung geändert werden.","simPinLocked":"SIM-PIN gesperrt","noOperator":"Kein Mobilfunknetzbetreiber","language":"Sprache","3g":"Mobile Daten","dataConnection":"Datenverbindung","dataConnectionInfo":"Das Aktivieren der Datenverbindung ermöglicht das Einrichten des Telefons ohne WLAN-Verbindung. Sie können sie auch später in den Einstellungen aktivieren. Stellen Sie sicher, dass Sie einen Datentarif bei Ihrem Mobilfunkanbieter haben, um hohe Rechnungen zu vermeiden.","caution":"Warnung","geolocation":"Standortzugriff","geolocationCheckbox":"Standortzugriff","geolocationInfo2":"{{brandShortName}} verwendet Daten wie GPS sowie WLAN-Netzwerke und Mobilfunknetze in Ihrer Nähe für eine ungefähre Standortbestimmung.","geolocationInfoMore":"Es werden Daten an Mozilla und andere Diensteanbieter gesendet, um mit allen zur Verfügung stehenden Daten diese Datenbanken zu verbessern. Dabei können Daten auf Ihrem Gerät gespeichert werden und die Datenerfassung kann auch stattfinden, während keine Apps laufen.","notice":"Hinweis","aboutYourPrivacy":"Weitere Informationen zu Ihrer Privatsphäre","scanningNetworks":"Es wird nach Netzwerken gesucht…","selectNetwork":"Netzwerke","shortStatus-connecting":"Verbindung wird hergestellt…","shortStatus-associated":"IP-Adresse wird angefordert…","shortStatus-connected":"Verbunden","shortStatus-connectingfailed":"Verbindung fehlgeschlagen","shortStatus-disconnected":"Offline","securedBy":"gesichert durch {{capabilities}}","security":"Sicherheit","securityNone":"Keine","securityWEP":"WEP","securityWPA-PSK":"WPA-PSK","securityWPA-EAP":"WPA-EAP","securityOpen":"Offen","identity":"Benutzer","identityInput":{"placeholder":"WLAN-Benutzername eingeben"},"password":"Passwort","passwordInput":{"placeholder":"WLAN-Passwort eingeben"},"showPassword":"Passwort anzeigen","refresh":"Aktualisieren","noWifiFound3":"Keine Drahtlosnetzwerke gefunden","join-hidden-button":"Mit verstecktem Netzwerk verbinden","authentication":"Authentifizierung","ssid-name":"SSID-Netzwerkname","wifiLevel":"{{level}} von 4 Balken","networksList":"Netzwerke gefunden","dateAndTime":"Datum & Uhrzeit","timezoneTitle":"UTC{{utcOffset}} {{region}}/{{city}}","timeZone":"Zeitzone","change":"Ändern","region":{"ariaLabel":"Region"},"city":{"ariaLabel":"Stadt"},"date":{"ariaLabel":"Datum"},"time":{"ariaLabel":"Zeit"},"importContacts3":"Kontakte importieren","importSim2":"SIM-Karte","importFb2":"Facebook","importOutlook":"Outlook","importGmail":"Gmail","fb-checking":"… wird überprüft","notImportedYet":"Noch nicht importiert","otherAccount":"Weitere Konten","afterFbImport":"Sie können jederzeit in den Einstellungen der Kontaktverwaltung Facebook-Freunde importieren und bearbeiten","firefox-accounts":"Firefox-Konten","fxa-overview":{"innerHTML":"Ein Firefox-Konto ermöglicht Ihnen die Nutzung von Funktionen wie \"Mein Gerät finden\" und von Apps wie dem Firefox Marketplace."},"fxa-create-account-or-sign-in":"Konto erstellen oder anmelden","fxa-email-sent":"Eine Verifizierungs-E-Mail wurde an {{email}} gesendet.","fxa-signed-in":"Angemeldet als {{email}}","about-your-rights-0":"{{brandShortName}} basiert auf freier und quelloffener Software, entwickelt von einer Gemeinschaft tausender Gleichgesinnter, verteilt über die gesamte Welt. Es gibt da einige Dinge, die Sie wissen sollten:","about-your-rights-1":"{{brandShortName}} wird Ihnen unter den Bedingungen verschiedener Lizenzen für quelloffene Software einschließlich der Mozilla Public License zur Verfügung gestellt. Ein Gerät, auf dem {{brandShortName}} läuft, kann auch durch Urheberrechte geschützte Software dritter Parteien enthalten. Das bedeutet, Sie dürfen jeden Code, der unter einer Lizenz für quelloffene Software veröffentlicht wurde, verändern und die modifizierten Versionen verteilen, so lang Sie sich an die Bedingungen halten.","about-your-rights-2":"Mozilla gibt Ihnen keine Markenrechte oder Lizenzen an den Handelsmarken der Mozilla Foundation oder irgendeiner Partei, einschließlich ohne Einschränkungen am Namen {{brandShortName}} oder dem Logo von {{brandShortName}}.","about-your-rights-3":"Einige Funktionen in {{brandShortName}} wie der Absturzmelder geben Ihnen die Möglichkeit, Feedback an Mozilla zu senden. Mit dem Absenden des Feedbacks erklären Sie sich damit einverstanden, dass Mozilla die Erlaubnis hat, das Feedback zur Verbesserung seiner Produkte einzusetzen, es auf seiner Website zu veröffentlichen sowie es weiterzugeben.","about-other":"Weitere","SIM_mandatory":"SIM-Karten-Warnung","SIM_mandatory_warm":"Bitte legen Sie eine SIM-Karte ein und starten Sie das Telefon neu.","telemetry-sends2":"Telemetrie sendet Mozilla Informationen über Performanz, Hardware, Einstellungen, Anpassungen und App-Nutzung auf Ihrem {{brandShortName}}-Gerät. Wir verwenden diese Informationen, um unsere Produkte besser, schneller und reaktionsfähiger zu machen.","learn-more-telemetry":{"innerHTML":"Erfahren Sie mehr unter {{link}}."},"learn-more-information":{"innerHTML":"Erfahren Sie mehr über den Umgang Mozillas mit Ihren Informationen unter {{link}}."},"welcomeBrowser":"Willkommen bei {{brandShortName}}, dem freien und quelloffenen Betriebssystem von Mozilla. Unsere Mission ist das Werben für Offenheit, Innovationen und Möglichkeiten, wozu die Macht des Internets in Ihren Händen verbleiben soll.","learn-more-privacy":{"innerHTML":"Erfahren Sie mehr über den Umgang Mozillas mit Ihren Informationen in unserer {{link}}."},"learn-more-privacy-link":"Datenschutzerklärung","aboutBrowser":"Über {{brandShortName}}","aboutYourPrivacy2":"Ihre Privatsphäre","mozillaCommunity2":"Wenn Sie {{brandShortName}} benutzen, werden Sie Teil einer globalen Gemeinschaft, welche dabei hilft, eine leuchtendere Zukunft für das Internet zu erschaffen. Falls Sie mehr über die Mozilla-Gemeinschaft, unsere Produkte oder Veranstaltungen in Ihrer Nähe erfahren möchten, so geben Sie bitte unten Ihre E-Mail-Adresse ein.","sharePerformanceAndUsageData":"Ich will dabei helfen, {{brandShortName}} zu verbessern, indem ich Informationen über mein Telefon und wie ich es nutze mitteile.","learnMore":"Weitere Informationen","emailAddress":{"placeholder":"E-Mail-Adresse"},"email-successfully-added":"E-Mail-Adresse erfolgreich hinzugefügt","email-loading":"Ihre E-Mail-Adresse wird gespeichert…","privacy-b2g":{"_":"{{brandShortName}}","title":"{{brandShortName}}"},"privacy-marketplace":{"_":"Marketplace","title":"{{privacy-marketplace}}"},"privacy-eme":"EverythingMe","privacy-e-me":{"_":"everything.me","title":"{{privacy-e-me}}"},"navbar-back":"Zurück","navbar-next":"Weiter","navbar-join":"Verbinden","done":"Fertig","thatsIt":"Geschafft!","startYourPhone":"Erste Schritte","startYourTablet":"Erste Schritte","joinTutorial":"Erhalten Sie eine kleine Einführung zu Ihrem neuen Telefon.","enjoyYourPhone":"Viel Spaß mit Ihrem neuen Telefon!","optionsAvailable":"Sie können Sprache, Datum und Uhrzeit sowie WLAN-Verbindungen in den Einstellungen ändern.","letsGo":"Los geht's!","startTour":"Einführung","whatsNew":"Was ist neu?","updatedSuccessfully":"Ihr Telefon wurde erfolgreich aktualisiert! Starten Sie die Einführung, um mehr über die neuen Funktionen zu erfahren.","thatsIt1Tablet-2":"Sie können den Startbildschirm durch Wischen vom unteren Rand nach oben öffnen.","thatsIt2Tablet-2":"Legen Sie los!","tutorial":"Einführung","tutorial-step1-tiny":"Wischen Sie von rechts nach links, um zu Ihren Apps zu gelangen.","tutorial-step2-tiny":"Berühren Sie ein Symbol und halten Sie es gedrückt, um es zu löschen oder zu verschieben.","tutorial-step3-tiny":"Geben Sie ein Schlüsselwort oder Thema in das Suchfeld ein und Ihr Telefon wird sich sofort anpassen.","tutorial-step4-tiny":"Wischen Sie nach unten, um auf neue Benachrichtigungen, Guthabeninformationen und Einstellungen zuzugreifen.","tutorial-step5-tiny":"Drücken Sie lange auf die Start-Taste, um zwischen den Apps zu wechseln oder die zuletzt verwendeten Apps zu schließen.","tutorial-step6-tiny":"Wischen Sie von der Bildschirmseite, um zwischen den kürzlich verwendeten Apps zu wechseln.","tutorial-step1-large-2":"Wischen Sie von oben nach unten, um auf neue Benachrichtigungen, Guthabeninformationen und Einstellungen zuzugreifen.","tutorial-step2-large-2":"Wischen Sie nach links oder rechts, um neue Apps auf dem Startbildschirm zu entdecken.","tutorial-step3-large-2":"Tippen Sie ein Symbol an und halten Sie es gedrückt, um es zu löschen oder zu verschieben.","tutorial-step4-large-2":"Wischen Sie mit zwei Fingern von unten nach oben, um zur Kartendarstellung zu wechseln.","tutorial-vertical-scroll-tiny":"Wischen Sie nach oben und unten, um sich alle Ihre Apps anzeigen zu lassen. Berühren Sie ein Symbol und halten Sie es gedrückt, um es zu löschen oder zu verschieben.","tutorial-notifications-tiny":"Wischen Sie nach unten, um auf neue Benachrichtigungen, Guthabeninformationen und Einstellungen zuzugreifen.","tutorial-sheets-tiny":"Wischen Sie vom linken Bildschirmrand aus, um zu den kürzlich verwendeten Apps zurückzukehren.","offline-dialog-title":"Sie müssen zum Aufrufen der Seite mit dem Internet verbunden sein.","offline-dialog-text":"Bitte gehen Sie zurück und stellen Sie eine Internetverbindung her. Sie können die Seite auch später in den Einstellungen oder durch Eingabe von {{url}} in jedem Browser aufrufen.","OK":"OK","offline-newsletter-dialog-title":"Sie müssen mit dem Internet verbunden sein, um den Newsletter zu abonnieren.","offline-newsletter-dialog-text":"Bitte gehen Sie zurück und stellen Sie eine Internetverbindung her.","invalid-email-dialog-title":"Ihre E-Mail-Adresse ist ungültig.","invalid-email-dialog-text":"Bitte gehen Sie zurück und korrigieren Sie Ihre Eingabe.","retry":"Erneut versuchen","cancel":"Abbrechen","progressbar":{"_":"Schritt {{step}} von {{total}}","ariaLabel":"Erstbenutzung"},"weekday-0-long":"Sonntag","weekday-1-long":"Montag","weekday-2-long":"Dienstag","weekday-3-long":"Mittwoch","weekday-4-long":"Donnerstag","weekday-5-long":"Freitag","weekday-6-long":"Samstag","weekday-0-short":"So","weekday-1-short":"Mo","weekday-2-short":"Di","weekday-3-short":"Mi","weekday-4-short":"Do","weekday-5-short":"Fr","weekday-6-short":"Sa","month-0-long":"Januar","month-1-long":"Februar","month-2-long":"März","month-3-long":"April","month-4-long":"Mai","month-5-long":"Juni","month-6-long":"Juli","month-7-long":"August","month-8-long":"September","month-9-long":"Oktober","month-10-long":"November","month-11-long":"Dezember","month-0-genitive":"Januar","month-1-genitive":"Februar","month-2-genitive":"März","month-3-genitive":"April","month-4-genitive":"Mai","month-5-genitive":"Juni","month-6-genitive":"Juli","month-7-genitive":"August","month-8-genitive":"September","month-9-genitive":"Oktober","month-10-genitive":"November","month-11-genitive":"Dezember","month-0-short":"Jan","month-1-short":"Feb","month-2-short":"Mär","month-3-short":"Apr","month-4-short":"Mai","month-5-short":"Jun","month-6-short":"Jul","month-7-short":"Aug","month-8-short":"Sep","month-9-short":"Okt","month-10-short":"Nov","month-11-short":"Dez","minutes-ago-long":{"_index":["plural","value"],"_":{"zero":"gerade eben","one":"vor 1 Minute","two":"vor {{value}} Minuten","few":"vor {{value}} Minuten","many":"vor {{value}} Minuten","other":"vor {{value}} Minuten"}},"hours-ago-long":{"_index":["plural","value"],"_":{"zero":"gerade eben","one":"vor 1 Stunde","two":"vor {{value}} Stunden","few":"vor {{value}} Stunden","many":"vor {{value}} Stunden","other":"vor {{value}} Stunden"}},"days-ago-long":{"_index":["plural","value"],"_":{"zero":"heute","one":"gestern","two":"vor {{value}} Tagen","few":"vor {{value}} Tagen","many":"vor {{value}} Tagen","other":"vor {{value}} Tagen"}},"weeks-ago-long":{"_index":["plural","value"],"_":{"zero":"diese Woche","one":"letzte Woche","two":"vor {{value}} Wochen","few":"vor {{value}} Wochen","many":"vor {{value}} Wochen","other":"vor {{value}} Wochen"}},"months-ago-long":{"_index":["plural","value"],"_":{"zero":"diesen Monat","one":"letzten Monat","two":"vor {{value}} Monaten","few":"vor {{value}} Monaten","many":"vor {{value}} Monaten","other":"vor {{value}} Monaten"}},"years-ago-long":{"_index":["plural","value"],"_":{"zero":"dieses Jahr","one":"letztes Jahr","two":"vor {{value}} Jahren","few":"vor {{value}} Jahren","many":"vor {{value}} Jahren","other":"vor {{value}} Jahren"}},"minutes-until-long":{"_index":["plural","value"],"_":{"zero":"jetzt","one":"in 1 Minute","two":"in {{value}} Minuten","few":"in {{value}} Minuten","many":"in {{value}} Minuten","other":"in {{value}} Minuten"}},"hours-until-long":{"_index":["plural","value"],"_":{"zero":"jetzt","one":"in einer Stunde","two":"in {{value}} Stunden","few":"in {{value}} Stunden","many":"in {{value}} Stunden","other":"in {{value}} Stunden"}},"days-until-long":{"_index":["plural","value"],"_":{"zero":"heute","one":"morgen","two":"in {{value}} Tagen","few":"in {{value}} Tagen","many":"in {{value}} Tagen","other":"in {{value}} Tagen"}},"weeks-until-long":{"_index":["plural","value"],"_":{"zero":"diese Woche","one":"nächste Woche","two":"in {{value}} Wochen","few":"in {{value}} Wochen","many":"in {{value}} Wochen","other":"in {{value}} Wochen"}},"months-until-long":{"_index":["plural","value"],"_":{"zero":"diesen Monat","one":"nächsten Monat","two":"in {{value}} Monaten","few":"in {{value}} Monaten","many":"in {{value}} Monaten","other":"in {{value}} Monaten"}},"years-until-long":{"_index":["plural","value"],"_":{"zero":"dieses Jahr","one":"nächstes Jahr","two":"in {{value}} Jahren","few":"in {{value}} Jahren","many":"in {{value}} Jahren","other":"in {{value}} Jahren"}},"minutes-ago-short":{"_index":["plural","value"],"_":{"zero":"jetzt","other":"vor {{value}} m"}},"hours-ago-short":{"_index":["plural","value"],"_":{"zero":"jetzt","other":"vor {{value}} h"}},"days-ago-short":{"_index":["plural","value"],"_":{"zero":"heute","other":"vor {{value}} d"}},"minutes-until-short":{"_index":["plural","value"],"_":{"zero":"jetzt","other":"in {{value}} m"}},"hours-until-short":{"_index":["plural","value"],"_":{"zero":"jetzt","other":"in {{value}} h"}},"days-until-short":{"_index":["plural","value"],"_":{"zero":"heute","other":"in {{value}} d"}},"incorrectDate":"(ungültiges Datum)","dateTimeFormat_%c":"%a, %e. %b %Y %H:%M:%S","dateTimeFormat_%x":"%d.%m.%Y","dateTimeFormat_%X":"%H:%M:%S","shortTimeFormat":"%H:%M","shortDateTimeFormat":"%x %H:%M","weekStartsOnMonday":"1","time_am":"AM","time_pm":"PM","tz-region":"Region","tz-city":"Stadt","tzRegion-Africa":"Afrika","tzRegion-America":"Amerika","tzRegion-Antarctica":"Antarktis","tzRegion-Asia":"Asien","tzRegion-Atlantic":"Atlantik","tzRegion-Australia":"Australien","tzRegion-Europe":"Europa","tzRegion-Indian":"Indischer Ozean","tzRegion-Pacific":"Pazifik","close":"Schließen","import":"Importieren","update":"Aktualisieren","fbFriends":"Facebook","live-serviceName":"Windows Live","gmail-serviceName":"Gmail","facebook-serviceName":"Facebook-Freunde","selectAll":"Alle auswählen","deselectAll":"Alle abwählen","viewAll":"Alle Facebook-Freunde anzeigen","viewRecommend":"Nur Empfohlene anzeigen","linkProposal":{"_index":["plural","numFriends"],"_":{"zero":"Keine übereinstimmenden Freunde. Zeige alle an.","one":"Den Vorschlag auswählen","two":"Einen Vorschlag auswählen","few":"Einen Vorschlag auswählen","many":"Einen Vorschlag auswählen","other":"Einen Vorschlag auswählen"}},"fbFriendsFound":{"_index":["plural","numFriends"],"_":{"zero":"Alle Ihre Freunde wurden importiert.","one":"Einen Freund für den Import gefunden","two":"{{numFriends}} Freunde für den Import gefunden","few":"{{numFriends}} Freunde für den Import gefunden","many":"{{numFriends}} Freunde für den Import gefunden","other":"{{numFriends}} Freunde für den Import gefunden"}},"fbNoFriends":"Keine Kontakte zum Importieren verfügbar.","search-contact":{"placeholder":"Suchen"},"noResults":"Keine Kontakte gefunden","done-search":"Fertig","progressFB3ImportTitle":"Freunde werden in Kontakte importiert","progressFB":"{{current}}/{{total}}","progressFB3UpdateTitle":"Freunde in Kontakten werden aktualisiert","message2":"Dies kann einige Minuten in Anspruch nehmen","messageLinking":"Bitte warten Sie. Ihre Freunde werden mit Ihren Kontakten verknüpft.","messageCanceling":"Bitte warten Sie. Der laufende Vorgang wird abgebrochen.","error1":"Fehler {{from}}","error2":"Erneut versuchen?","errorProposal":"beim Erstellen der Vorschläge","errorFriends":"beim Abrufen der Freunde","errorLinking":"beim Verknüpfen der Kontakte","timeout1":"Verbindungs-Zeitlimit überschritten {{from}}","timeout2":"Erneut versuchen?","timeoutProposal":"beim Erstellen der Vorschläge","timeoutFriends":"beim Abrufen der Freunde","timeoutLinking":"beim Verknüpfen der Kontakte","wait1":"Bitte warten Sie","wait2":"Dies kann einige Minuten in Anspruch nehmen","waitProposal":"Bitte warten Sie. Vorschlag wird erstellt…","waitFriends":"Bitte warten Sie. Ihre Freundesliste wird abgerufen…","curtainCancel":"Abbrechen","curtainRetry":"Erneut versuchen","curtainOK":"OK","connectionLost":"Keine Internetverbindung","connectionLostMsg":"Die Fotos Ihrer Freunde werden nicht zu Ihren Kontakten hinzugefügt. Wollen Sie trotzdem fortfahren?","yesOption":"OK","noOption":"Abbrechen","friendsUpdated":{"_index":["plural","numFriends"],"_":{"zero":"Keine Freunde aktualisiert","one":"Ein Freund aktualisiert","two":"{{numFriends}} Freunde aktualisiert","few":"{{numFriends}} Freunde aktualisiert","many":"{{numFriends}} Freunde aktualisiert","other":"{{numFriends}} Freunde aktualisiert"}},"friendsMerged":{"_index":["plural","numDups"],"_":{"zero":"Keine duplizierten Freunde zusammengeführt","one":"Einen duplizierten Freund zusammengeführt","two":"{{numDups}} Freunde zusammengeführt","few":"{{numDups}} Freunde zusammengeführt","many":"{{numDups}} Freunde zusammengeführt","other":"{{numDups}} Freunde zusammengeführt"}},"notificationLogin":"Ihre Facebook-Sitzung ist ungültig. Bitte melden Sie sich an.","syncError":"Fehler beim Abgleichen der Daten Ihrer Freunde"}