{"brandShortName":"B2G OS","browserBrandShortName":"Περιηγητής","browserBrandFullName":"Περιηγητής Mozilla","back":"Πίσω","noSimMsg":"Για εισαγωγή επαφών, εισάγετε ή ξεκλειδώστε τη κάρτα SIM σας","noMemoryCardMsg":"Για εισαγωγή επαφών, εισάγετε μία κάρτα μνήμης","importMemoryCard":"Κάρτα μνήμης","noConnection11":"Για εισαγωγή επαφών ή φίλων από το Facebook συνδεθείτε με το Wi-Fi ή με το δίκτυο δεδομένων","simContacts-import":"Εισαγωγή επαφών απο κάρτα SIM","simContacts-importing":"Εισαγωγή επαφών απο κάρτα SIM…","simContacts-reading":"Ανάγνωση από κάρτα SIM…","simContacts-error":"Δεν ήταν δυνατή η εισαγωγή επαφών απο κάρτα SIM","simContacts-imported3":{"_index":["plural","n"],"_":{"zero":"Δεν εντοπίστηκαν επαφές στην κάρτα SIM για να εισαχθούν","one":"Εισήχθη μία επαφή","two":"Εισήχθησαν {{n}} επαφές","few":"Εισήχθησαν {{n}} επαφές","many":"Εισήχθησαν {{n}} επαφές","other":"Εισήχθησαν {{n}} επαφές"}},"memoryCardContacts-import":"Εισαγωγή επαφών από την κάρτα μνήμης","memoryCardContacts-importing":"Εισάγονται επαφές από την κάρτα μνήμης…","memoryCardContacts-reading":"Ανάγνωση απο κάρτα μνήμης…","memoryCardContacts-error":"Δεν ήταν δυνατή η εισαγωγή επαφών από την κάρτα μνήμης","memoryCardContacts-imported3":{"_index":["plural","n"],"_":{"zero":"Δεν εντοπίστηκαν επαφές στην κάρτα μνήμης για εισαγωγή","one":"Εισήχθη μία επαφή","two":"Εισήχθησαν {{n}} επαφές","few":"Εισήχθησαν {{n}} επαφές","many":"Εισήχθησαν {{n}} επαφές","other":"Εισήχθησαν {{n}} επαφές"}},"genericProgress":"{{current}}/{{total}}","facebook":"Facebook","facebook-import-msg":{"_index":["plural","imported"],"_":{"zero":"Δεν εισήχθησαν φίλοι (από τους {{total}})","one":"Εισήχθη ένας φίλος (από τους {{total}})","two":"{{imported}}/{{total}} φίλοι εισήχθησαν","few":"{{imported}}/{{total}} φίλοι εισήχθησαν","many":"{{imported}}/{{total}} φίλοι εισήχθησαν","other":"{{imported}}/{{total}} φίλοι εισήχθησαν"}},"contactsMerged":{"_index":["plural","numDups"],"_":{"zero":"Δε συγχωνεύτηκαν διπλές επαφές","one":"Μια διπλή επαφή συγχωνεύτηκε","two":"{{numDups}} επαφές συγχωνεύτηκαν","few":"{{numDups}} επαφές συγχωνεύτηκαν","many":"{{numDups}} επαφές συγχωνεύτηκαν","other":"{{numDups}} επαφές συγχωνεύτηκαν"}},"pincode2":"Εισαγωγή κωδικού PIN","type_pin":"Πληκτρολογήστε τον κωδικό PIN","pincodeLabel":"SIM {{n}} PIN","pinValidation":"Ο κωδικός PIN πρέπει να περιέχει 4 έως 8 ψηφία.","pinError":"Ο κωδικός PIN ήταν λανθασμένος.","pinAttemptMsg2":{"_index":["plural","n"],"_":{"one":"Απομένει μία προσπάθεια για να εισάγετε τον σωστό κωδικό πριν κλειδώσει η κάρτα SIM.","two":"Απομένουν {{n}} προσπάθειες για να εισάγετε τον σωστό κωδικό πριν κλειδώσει η κάρτα SIM.","few":"Απομένουν {{n}} προσπάθειες για να εισάγετε τον σωστό κωδικό πριν κλειδώσει η κάρτα SIM.","many":"Απομένουν {{n}} προσπάθειες για να εισάγετε τον σωστό κωδικό πριν κλειδώσει η κάρτα SIM.","other":"Απομένουν {{n}} προσπάθειες για να εισάγετε τον σωστό κωδικό πριν κλειδώσει η κάρτα SIM."}},"pinLastChanceMsg":"Είναι η τελευταία σας ευκαιρία να εισάγετε το σωστό PIN. Αλλιώς, θα πρέπει να εισάγετε τον κωδικό PUK για να χρησιμοποιήσετε την κάρτα SIM.","pukcode":"Εισαγωγή κωδικού PUK","pukcodeTitle":"Εισάγετε τον κωδικό PUK της SIM {{n}}","pukcodeLabel":"SIM {{n}} PUK","type_puk":"Κωδικός PUK","pukValidation":"Ο κωδικός PUK πρέπει να έχει ακριβώς 8 χαρακτήρες.","pukInfo":"Πρέπει να εισάγετε τον κωδικό PUK για την κάρτα SIM. Ανατρέξτε στην τεκμηρίωση της κάρτας SIM σας ή επικοινωνήστε με τον πάροχο σας για περισσότερες πληροφορίες.","pukError":"Ο κωδικός PUK ήταν λανθασμένος.","pukAttemptMsg2":{"_index":["plural","n"],"_":{"one":"Απομένει μία προσπάθεια να εισάγετε τον σωστό κωδικό προτού η συγκεκριμένη κάρτα SIM δε θα μπορεί να χρησιμοποιηθεί. Συμβουλευτείτε την τεκμηρίωση της κάρτας SIM σας ή επικοινωνήστε με τον πάροχο σας για περισσότερες πληροφορίες.","two":"Απομένουν {{n}} προσπάθειες να εισάγετε τον σωστό κωδικό προτού η συγκεκριμένη κάρτα SIM δε θα μπορεί να χρησιμοποιηθεί. Συμβουλευτείτε την τεκμηρίωση της κάρτας SIM σας ή επικοινωνήστε με τον πάροχο σας για περισσότερες πληροφορίες.","few":"Απομένουν {{n}} προσπάθειες να εισάγετε τον σωστό κωδικό προτού η συγκεκριμένη κάρτα SIM δε θα μπορεί να χρησιμοποιηθεί. Συμβουλευτείτε την τεκμηρίωση της κάρτας SIM σας ή επικοινωνήστε με τον πάροχο σας για περισσότερες πληροφορίες.","many":"Απομένουν {{n}} προσπάθειες να εισάγετε τον σωστό κωδικό προτού η συγκεκριμένη κάρτα SIM δε θα μπορεί να χρησιμοποιηθεί. Συμβουλευτείτε την τεκμηρίωση της κάρτας SIM σας ή επικοινωνήστε με τον πάροχο σας για περισσότερες πληροφορίες.","other":"Απομένουν {{n}} προσπάθειες να εισάγετε τον σωστό κωδικό προτού η συγκεκριμένη κάρτα SIM δε θα μπορεί να χρησιμοποιηθεί. Συμβουλευτείτε την τεκμηρίωση της κάρτας SIM σας ή επικοινωνήστε με τον πάροχο σας για περισσότερες πληροφορίες."}},"pukLastChanceMsg":"Αυτή είναι η τελευταία σας ευκαιρία να εισάγετε τον σωστό κωδικό PUK. Η κάρτα SIM σας δε θα μπορεί να χρησιμοποιηθεί πλέον εάν εισάγετε λάθος κωδικό PUK.","create_newpin":"Δημιουργία νέου κωδικού PIN (πρέπει να περιέχει 4 έως 8 ψηφία)","confirm_newpin":"Επιβεβαίωση νέου κωδικού PIN","newpinConfirmation":"Οι κωδικοί PIN δεν ταιριάζουν","nckcode":"Εισάγετε τον κωδικό NCK","cckcode":"Εισάγετε τον κωδικό CCK","spckcode":"Εισάγετε τον κωδικό SPCK","nck1code":"Εισάγετε τον κωδικό NCK1","nck2code":"Εισάγετε τον κωδικό NCK2","hnckcode":"Εισάγετε τον κωδικό HNCK","rcckcode":"Εισάγετε τον κωδικό RCCK","rspckcode":"Εισάγετε τον κωδικό RSPCK","nckcodeTitle":"Εισάγετε το SIM {{n}} NCK","cckcodeTitle":"Εισάγετε το SIM {{n}} CCK","spckcodeTitle":"Εισάγετε το SIM {{n}} SPCK","nck1codeTitle":"Εισάγετε το SIM {{n}} NCK1","nck2codeTitle":"Εισάγετε το SIM {{n}} NCK2","hnckcodeTitle":"Εισάγετε το SIM {{n}} HNCK","rcckcodeTitle":"Εισάγετε το SIM {{n}} RCCK","rspckcodeTitle":"Εισάγετε το SIM {{n}} RSPCK","nckcodeLabel":"SIM {{n}} NCK","cckcodeLabel":"SIM {{n}} CCK","spckcodeLabel":"SIM {{n}} SPCK","nck1codeLabel":"SIM {{n}} NCK1","nck2codeLabel":"SIM {{n}} NCK2","hnckcodeLabel":"SIM {{n}} HNCK","rcckcodeLabel":"SIM {{n}} RCCK","rspckcodeLabel":"SIM {{n}} RSPCK","type_nck":"Πληκτρολογήστε τον κωδικό NCK","type_cck":"Πληκτρολογήστε τον κωδικό CCK","type_spck":"Πληκτρολογήστε τον κωδικό SPCK","type_nck1":"Πληκτρολογήστε τον κωδικό NCK1","type_nck2":"Πληκτρολογήστε τον κωδικό NCK2","type_hnck":"Πληκτρολογήστε τον κωδικό HNCK","type_rcck":"Πληκτρολογήστε τον κωδικό RCCK","type_rspck":"Πληκτρολογήστε τον κωδικό RSPCK","nckValidation":"Ο κωδικός NCK πρέπει να έχει από 8 έως 16 χαρακτήρες.","cckValidation":"Ο κωδικός CCK πρέπει να έχει από 8 έως 16 χαρακτήρες.","spckValidation":"Ο κωδικός SPCK πρέπει να έχει από 8 έως 16 χαρακτήρες.","nck1Validation":"Ο κωδικός NCK1 πρέπει να έχει απο 8 εώς 16 χαρακτήρες.","nck2Validation":"Ο κωδικός NCK2 πρέπει να έχει απο 8 εώς 16 χαρακτήρες.","hnckValidation":"Ο κωδικός HNCK πρέπει να έχει απο 8 εώς 16 χαρακτήρες.","rcckValidation":"Ο κωδικός RCCK πρέπει να έχει απο 8 εώς 16 χαρακτήρες.","rspckValidation":"Ο κωδικός RSPCK πρέπει να έχει απο 8 εώς 16 χαρακτήρες.","nckErrorMsg":"Ο κωδικός NCK είναι λανθασμένος.","nckAttemptMsg2":{"_index":["plural","n"],"_":{"one":"Αποτυχία της αίτησης αποπροσωπικοποίησης. Σας απομένει μία προσπάθεια να εισάγετε τον σωστό κωδικό. Ανατρέξτε στην τεκμηρίωση της συσκευής ή επικοινωνήστε με τον πάροχο σας για περισσότερες πληροφορίες.","two":"Αποτυχία της αίτησης αποπροσωπικοποίησης. Σας απομένουν {{n}} προσπάθειες να εισάγετε τον σωστό κωδικό. Ανατρέξτε στην τεκμηρίωση της συσκευής ή επικοινωνήστε με τον πάροχο σας για περισσότερες πληροφορίες.","few":"Αποτυχία της αίτησης αποπροσωπικοποίησης. Σας απομένουν {{n}} προσπάθειες να εισάγετε τον σωστό κωδικό. Ανατρέξτε στην τεκμηρίωση της συσκευής ή επικοινωνήστε με τον πάροχο σας για περισσότερες πληροφορίες.","many":"Αποτυχία της αίτησης αποπροσωπικοποίησης. Σας απομένουν {{n}} προσπάθειες να εισάγετε τον σωστό κωδικό. Ανατρέξτε στην τεκμηρίωση της συσκευής ή επικοινωνήστε με τον πάροχο σας για περισσότερες πληροφορίες.","other":"Αποτυχία της αίτησης αποπροσωπικοποίησης. Σας απομένουν {{n}} προσπάθειες να εισάγετε τον σωστό κωδικό. Ανατρέξτε στην τεκμηρίωση της συσκευής ή επικοινωνήστε με τον πάροχο σας για περισσότερες πληροφορίες."}},"nckLastChanceMsg":"Αποτυχία της αίτησης εξατομίκευσης δικτύου. Τελευταία ευκαιρία για να εισάγετε τον σωστό NCK κωδικό. Ανατρέξτε στην τεκμηρίωση της συσκευής σας ή επικοινωνήστε με τον πάροχο σας για περισσότερες πληροφορίες.","skip":"Παράβλεψη","send":"Αποστολή","ok":"ΟΚ","simLocked":"Η κάρτα SIM είναι κλειδωμένη","inputCodeRetriesLeft":{"_index":["plural","n"],"_":{"one":"τελευταία προσπάθεια.","two":"Απομένουν {{n}} προσπάθειες.","few":"Απομένουν {{n}} προσπάθειες.","many":"Απομένουν {{n}} προσπάθειες.","other":"Απομένουν {{n}} προσπάθειες."}},"simManager":"Διαχείριση SIM","simDetail":"SIM {{n}}","simDefault":"(default)","simDefaultMessage":"Εξερχόμενες κλήσεις, εξερχόμενα μηνύματα και σύνδεση δεδομένων έχουν οριστεί ως προεπιλογές στη SIM 1","simSettingsMessage":"Μπορείτε να αλλάξετε προκαθορισμένες ρυθμίσεις στις Ρυθμίσεις > Διαχείρηση κάρτας SIM","simPinLocked":"Το PIN της κάρτας SIM κλειδώθηκε","noOperator":"Χωρίς πάροχο","language":"Γλώσσα","3g":"Δεδομένα δικτύου","dataConnection":"Ενεργοποίηση","dataConnectionInfo":"Η ενεργοποίηση της σύνδεσης δεδομένων τώρα, θα σας επιτρέψει να ρυθμίσετε το τηλέφωνο σας χωρίς σύνδεση Wi-Fi. Αν θέλετε, μπορείτε να την ενεργοποιήσετε αργότερα μέσω των ρυθμίσεων. Βεβαιωθείτε πως διαθέτετε πρόγραμμα δεδομένων από τον πάροχο σας, ώστε να αποφύγετε τυχόν υπέρογκες χρεώσεις.","caution":"Προειδοποίηση","geolocation":"Γεωεντοπισμός","geolocationCheckbox":"Ενεργοποίηση","geolocationInfo2":"Το {{brandShortName}} χρησιμοποιεί δεδομένα όπως GPS, WiFi, και δίκτυα κινητής τηλεφωνίας κοντά σας για να καθορίσει την τοποθεσία σας.","geolocationInfoMore":"Τα δεδομένα αποστέλλονται στο Mozilla και άλλους παρόχους υπηρεσιών και θα χρησιμοποιηθούν στο σύνολο τους για τη βελτίωση των βάσεων δεδομένων για τη συγκεκριμένη τοποθεσία. Τα δεδομένα μπορεί να αποθηκεύονται στη συσκευή σας και η συλλογή δεδομένων μπορεί να λάβει χώρα ακόμη και όταν καμία εφαρμογή δεν είναι ενεργή.","notice":"Σημείωση","aboutYourPrivacy":"Περισσότερα για την ιδιωτικότητα σας","scanningNetworks":"Σάρωση για δίκτυα","selectNetwork":"Επιλογή Wi-Fi","shortStatus-connecting":"Σύνδεση…","shortStatus-associated":"Λήψη διεύθυνσης IP…","shortStatus-connected":"Συνδεδεμένο","shortStatus-connectingfailed":"Η σύνδεση απέτυχε","shortStatus-disconnected":"Εκτός σύνδεσης","securedBy":"ασφαλισμένο με {{capabilities}}","security":"Ασφάλεια","securityNone":"Καμία","securityWEP":"WEP","securityWPA-PSK":"WPA-PSK","securityWPA-EAP":"WPA-EAP","securityOpen":"Ανοιχτό","identity":"Χρήστης","identityInput":{"placeholder":"Χρήστης"},"password":"Κωδικός πρόσβασης","passwordInput":{"placeholder":"Κωδικός πρόσβασης"},"showPassword":"Εμφάνιση κωδικού πρόσβασης","refresh":"Ανανέωση","noWifiFound3":"Δεν βρέθηκαν ασύρματα δίκτυα","join-hidden-button":"Σύνδεση σε κρυφό δίκτυο","authentication":"Πιστοποίηση","ssid-name":"SSID όνομα δικτύου","wifiLevel":"{{level}} από τις 4 μπάρες","networksList":"Βρέθηκαν δίκτυα","dateAndTime":"Ημερομηνία & Ώρα","timezoneTitle":"UTC{{utcOffset}} {{region}}/{{city}}","timeZone":"Ζώνη ώρας","change":"Αλλαγή","region":{"ariaLabel":"Περιοχή"},"city":{"ariaLabel":"Πόλη"},"date":{"ariaLabel":"Ημερομηνία"},"time":{"ariaLabel":"Ώρα"},"importContacts3":"Εισαγωγή επαφών","importSim2":"Κάρτα SIM","importFb2":"Facebook","importOutlook":"Outlook","importGmail":"Gmail","fb-checking":"… γίνεται έλεγχος","notImportedYet":"Δεν έχει εισαχθεί ακόμα","otherAccount":"Άλλοι λογαριασμοί","afterFbImport":"Μπορείτε να εισάγετε και να επεξεργαστείτε φίλους από το Facebook οποιαδήποτε στιγμή στις ρυθμίσεις επαφών","firefox-accounts":"Λογαριασμοί Firefox","fxa-overview":{"innerHTML":"Ένας λογαριασμός Firefox σας επιτρέπει να χρησιμοποιείτε λειτουργίες όπως η Εύρεση Συσκευής και εφαρμογές όπως το Firefox Marketplace."},"fxa-create-account-or-sign-in":"Δημιουργία Λογαριασμού ή Είσοδος","fxa-email-sent":"Ένας σύνδεσμος επιβεβαίωσης έχει σταλεί στην διεύθυνση email {{email}}","fxa-signed-in":"Συνδεδεμένος ως {{email}}","about-your-rights-0":"Το {{brandShortName}} δημιουργήθηκε ως ελεύθερο και ανοιχτό λογισμικό από μία κοινότητα χιλιάδων ανθρώπων από όλα τα μήκη και πλάτη του κόσμου. Υπάρχουν μερικά πράγματα που πρέπει να γνωρίζετε:","about-your-rights-1":"Το {{brandShortName}} είναι διαθέσιμο σε εσάς υπό τους όρους διάφορων αδειών ανοικτού κώδικα συμπεριλαμβανομένης και της άδειας Mozilla Public License. Μία συσκευή που τρέχει {{brandShortName}} μπορεί ακόμη να περιέχει ιδιόκτητο λογισμικό από τρίτους. Κάθε κώδικας που παρέχεται υπό άδειες ανοικτού λογισμικού σας δίνει το δικαίωμα να τον τροποποιήσετε και να τον διανέμετε εφόσον τηρείτε τους όρους της εκάστοτε ισχύουσας άδειας.","about-your-rights-2":"Δε σας παραχωρείται κανένα δικαίωμα ή άδεια στα λογότυπα του Mozilla Foundation ή άλλου εταίρου, συμπεριλαμβανομένου του ονόματος και του λογότυπου του {{brandShortName}}.","about-your-rights-3":"Στο {{brandShortName}}, μέσω λειτουργιών όπως η αναφορά σφαλμάτων, σας δίνεται η δυνατότητα να στείλετε χρήσιμα δεδομένα στο Mozilla. Επιλέγοντας την αποστολή αυτών, δίνετε στο Mozilla την άδεια να τα χρησιμοποιήσει για να βελτιώσει τα προϊόντα του, να τα δημοσιεύσει σε ιστοσελίδες του και να τα διανείμει.","about-other":"Άλλοι","SIM_mandatory":"Προειδοποίηση κάρτας SIM","SIM_mandatory_warm":"Παρακαλούμε, εισάγετε κάρτα SIM και επανεκκινήστε το τηλέφωνό σας.","telemetry-sends2":"Telemetry sends Mozilla data about performance, hardware, configurations, customizations and app usage in your {{brandShortName}} device. We use this to make our products better, faster and more responsive.","learn-more-telemetry":{"innerHTML":"Μάθετε περισσότερα στο {{link}}"},"learn-more-information":{"innerHTML":"Μάθετε πως ο οργανισμός Mozilla χειρίζεται τις πληροφορίες σας στο {{link}}"},"welcomeBrowser":"Καλώς ορίσατε στο {{brandShortName}}, το ελεύθερο και ανοιχτού κώδικα λειτουργικό σύστημα από το Mozilla. Αποστολή μας είναι η προώθηση του ανοικτού πνεύματος, της καινοτομίας και των ίσων ευκαιριών διατηρώντας τη δύναμη του διαδικτύου στα χέρια σας.","learn-more-privacy":{"innerHTML":"Μάθετε πως ο οργανισμός Mozilla χειρίζεται τις πληροφορίες σας διαβάζοντας τη {{link}}."},"learn-more-privacy-link":"πολιτική απορρήτου","aboutBrowser":"Περί {{brandShortName}}","aboutYourPrivacy2":"Ιδιωτικότητα","mozillaCommunity2":"Όταν χρησιμοποιείτε το {{brandShortName}}, γίνεστε κομμάτι μιας παγκόσμιας κοινότητας που βοηθά να χτιστεί ένα λαμπρότερο μέλλον για το Διαδίκτυο. Εάν θα θέλατε να μάθετε περισσότερα σχετικά με την κοινότητα του Mozilla, τα υπόλοιπα προϊόντα μας και τυχόν εκδηλώσεις κοντά σας, παρακαλούμε εισάγετε τη διεύθυνση email σας παρακάτω.","sharePerformanceAndUsageData":"I want to help improve {{brandShortName}} by sharing data about my phone and the way I use it.","learnMore":"Μάθετε περισσότερα.","emailAddress":{"placeholder":"Διεύθυνση email"},"email-successfully-added":"Το email προστέθηκε επιτυχώς","email-loading":"Αποθήκευση του email…","privacy-b2g":{"_":"{{brandShortName}}","title":"{{brandShortName}}"},"privacy-marketplace":{"_":"Marketplace","title":"{{privacy-marketplace}}"},"privacy-eme":"EverythingMe","privacy-e-me":{"_":"everything.me","title":"{{privacy-e-me}}"},"navbar-back":"Πίσω","navbar-next":"Επόμενο","navbar-join":"Σύνδεση","done":"ΟΚ","thatsIt":"Αυτό ήταν!","startYourPhone":"Μάθετε το τηλέφωνο σας!","startYourTablet":"Μάθετε την ταμπλέτα σας!","joinTutorial":"Ελάτε να ρίξουμε μια γρήγορη ματιά στο νέο σας τηλέφωνο.","enjoyYourPhone":"Είστε έτοιμοι να απολαύσετε το νέο σας τηλέφωνο.","optionsAvailable":"Μπορείτε να αλλάξετε τη γλώσσα, την ημερομηνία/ώρα και τη σύνδεση Wi-Fi στις ρυθμίσεις.","letsGo":"Ας ξεκινήσουμε","startTour":"Έναρξη","whatsNew":"What’s new","updatedSuccessfully":"Your phone has updated successfully! Start the tour to find out more about the new features.","thatsIt1Tablet-2":"Μπορείτε πάντα να σύρετε από την κάτω πλευρά προς τα πάνω για να εισέλθετε στην αρχική οθόνη. ","thatsIt2Tablet-2":"Ας το δοκιμάσουμε!","tutorial":"Οδηγός χρήσης","tutorial-step1-tiny":"Σύρετε από τα δεξιά προς τα αριστερά για να περιηγηθείτε στις εφαρμογές σας.","tutorial-step2-tiny":"Πιέστε παρατεταμένα σε ένα εικονίδιο για να το διαγράψετε ή να το μετακινήσετε.","tutorial-step3-tiny":"Εισάγετε μία λέξη κλειδί ή ένα θέμα και το τηλέφωνό σας θα προσαρμοστεί αμέσως.","tutorial-step4-tiny":"Σύρετε προς τα κάτω για να δείτε τις πρόσφατες ειδοποιήσεις, τις πληροφορίες χρέωσης και τις ρυθμίσεις.","tutorial-step5-tiny":"Πιέστε παρατεταμένα το κουμπί αρχικής οθόνης για να δείτε και να κλείσετε εφαρμογές που ήδη τρέχουν.","tutorial-step6-tiny":"Σύρετε από τις πλευρές της οθόνης για κινηθείτε μπρος και πίσω στις ανοιχτές εφαρμογές.","tutorial-step1-large-2":"Σύρετε από πάνω προς τα κάτω για να δείτε τις πρόσφατες ειδοποιήσεις, τις πληροφορίες χρέωσης και τις ρυθμίσεις.","tutorial-step2-large-2":"Σύρετε αριστερά ή δεξιά για να ανακαλύψετε τις νέες εφαρμογές στην αρχική οθόνη.","tutorial-step3-large-2":"Πιέστε παρατεταμένα σε ένα εικονίδιο για να το διαγράψετε ή να το μετακινήσετε.","tutorial-step4-large-2":"Σύρετε με δύο δάχτυλα από κάτω προς τα πάνω για να δείτε τις ανοιχτές εφαρμογές.","tutorial-vertical-scroll-tiny":"Σύρετε προς τα πάνω και προς τα κάτω για να περιηγηθείτε στις εφαρμογές σας. Πιέστε παρατεταμένα σε ένα εικονίδιο για να το διαγράψετε ή να το μετακινήσετε.","tutorial-notifications-tiny":"Σύρετε προς τα κάτω για να δείτε τις πρόσφατες ειδοποιήσεις, τις πληροφορίες χρέωσης και τις ρυθμίσεις.","tutorial-sheets-tiny":"Σύρετε το δάχτυλό σας από την αριστερή άκρη της οθόνης για να επιστρέψετε σε πρόσφατα χρησιμοποιημένες εφαρμογές.","offline-dialog-title":"Πρέπει να είστε συνδεδεμένος στο διαδίκτυο για να δείτε τη σελίδα.","offline-dialog-text":"Παρακαλούμε πηγαίνετε πίσω και συνδεθείτε στο διαδίκτυο. Μπορείτε να δείτε τη σελίδα αργότερα από τις ρυθμίσεις ή εισάγοντας τη διεύθυνση {{url}} σε κάποιον περιηγητή.","OK":"ΟΚ","offline-newsletter-dialog-title":"Πρέπει να είστε συνδεδεμένος στο διαδίκτυο για να εγγραφείτε στο ενημερωτικό δελτίο.","offline-newsletter-dialog-text":"Παρακαλούμε επιστρέψτε και συνδεθείτε στο διαδίκτυο.","invalid-email-dialog-title":"Το email σας δεν είναι έγκυρο","invalid-email-dialog-text":"Παρακαλούμε επιστρέψτε και διορθώστε την καταχώρηση σας.","retry":"Δοκιμάστε ξανά","cancel":"Ακύρωση","progressbar":{"_":"Βήμα {{step}} από {{total}}","ariaLabel":"Πρώτη Χρήση"},"weekday-0-long":"Κυριακή","weekday-1-long":"Δευτέρα","weekday-2-long":"Τρίτη","weekday-3-long":"Τετάρτη","weekday-4-long":"Πέμπτη","weekday-5-long":"Παρασκευή","weekday-6-long":"Σάββατο","weekday-0-short":"Κυρ","weekday-1-short":"Δευ","weekday-2-short":"Τρι","weekday-3-short":"Τετ","weekday-4-short":"Πεμ","weekday-5-short":"Παρ","weekday-6-short":"Σαβ","month-0-long":"Ιανουάριος","month-1-long":"Φεβρουάριος","month-2-long":"Μάρτιος","month-3-long":"Απρίλιος","month-4-long":"Μάιος","month-5-long":"Ιούνιος","month-6-long":"Ιούλιος","month-7-long":"Αύγουστος","month-8-long":"Σεπτέμβριος","month-9-long":"Οκτώβριος","month-10-long":"Νοέμβριος","month-11-long":"Δεκέμβριος","month-0-genitive":"Ιανουαρίου","month-1-genitive":"Φεβρουαρίου","month-2-genitive":"Μαρτίου","month-3-genitive":"Απριλίου","month-4-genitive":"Μαΐου","month-5-genitive":"Ιουνίου","month-6-genitive":"Ιουλίου","month-7-genitive":"Αυγούστου","month-8-genitive":"Σεπτεμβρίου","month-9-genitive":"Οκτωβρίου","month-10-genitive":"Νοεμβρίου","month-11-genitive":"Δεκεμβρίου","month-0-short":"Ιαν","month-1-short":"Φεβ","month-2-short":"Μαρ","month-3-short":"Απρ","month-4-short":"Μάι","month-5-short":"Ιουν","month-6-short":"Ιουλ","month-7-short":"Αυγ","month-8-short":"Σεπ","month-9-short":"Οκτ","month-10-short":"Νοε","month-11-short":"Δεκ","minutes-ago-long":{"_index":["plural","value"],"_":{"zero":"μόλις τώρα","one":"πριν από ένα λεπτό","two":"πριν από {{value}} λεπτά","few":"πριν από {{value}} λεπτά","many":"πριν από {{value}} λεπτά","other":"πριν από {{value}} λεπτά"}},"hours-ago-long":{"_index":["plural","value"],"_":{"zero":"μόλις τώρα","one":"πριν από μία ώρα","two":"πριν από {{value}} ώρες","few":"πριν από {{value}} ώρες","many":"πριν από {{value}} ώρες","other":"πριν από {{value}} ώρες"}},"days-ago-long":{"_index":["plural","value"],"_":{"zero":"σήμερα","one":"χθες","two":"πριν από {{value}} ημέρες","few":"πριν από {{value}} ημέρες","many":"πριν από {{value}} ημέρες","other":"πριν από {{value}} ημέρες"}},"weeks-ago-long":{"_index":["plural","value"],"_":{"zero":"αυτή την εβδομάδα","one":"την τελευταία εβδομάδα","two":"πριν από {{value}} εβδομάδες","few":"πριν από {{value}} εβδομάδες","many":"πριν από {{value}} εβδομάδες","other":"πριν από {{value}} εβδομάδες"}},"months-ago-long":{"_index":["plural","value"],"_":{"zero":"αυτό τον μήνα","one":"τον τελευταίο μήνα","two":"πριν από {{value}} μήνες","few":"πριν από {{value}} μήνες","many":"πριν από {{value}} μήνες","other":"πριν από {{value}} μήνες"}},"years-ago-long":{"_index":["plural","value"],"_":{"zero":"αυτό το έτος","one":"το περασμένο έτος","two":"πριν από {{value}} χρόνια","few":"πριν από {{value}} χρόνια","many":"πριν από {{value}} χρόνια","other":"πριν από {{value}} χρόνια"}},"minutes-until-long":{"_index":["plural","value"],"_":{"zero":"τώρα","one":"σε ένα λεπτό","two":"σε {{value}} λεπτά","few":"σε {{value}} λεπτά","many":"σε {{value}} λεπτά","other":"σε {{value}} λεπτά"}},"hours-until-long":{"_index":["plural","value"],"_":{"zero":"τώρα","one":"σε μία ώρα","two":"σε {{value}} ώρες","few":"σε {{value}} ώρες","many":"σε {{value}} ώρες","other":"σε {{value}} ώρες"}},"days-until-long":{"_index":["plural","value"],"_":{"zero":"σήμερα","one":"αύριο","two":"σε {{value}} ημέρες","few":"σε {{value}} ημέρες","many":"σε {{value}} ημέρες","other":"σε {{value}} ημέρες"}},"weeks-until-long":{"_index":["plural","value"],"_":{"zero":"αυτή την εβδομάδα","one":"την επόμενη εβδομάδα","two":"σε {{value}} εβδομάδες","few":"σε {{value}} εβδομάδες","many":"σε {{value}} εβδομάδες","other":"σε {{value}} εβδομάδες"}},"months-until-long":{"_index":["plural","value"],"_":{"zero":"αυτό τον μήνα","one":"στον επόμενο μήνα","two":"σε {{value}} μήνες","few":"σε {{value}} μήνες","many":"σε {{value}} μήνες","other":"σε {{value}} μήνες"}},"years-until-long":{"_index":["plural","value"],"_":{"zero":"αυτό το έτος","one":"επόμενο έτος","two":"σε {{value}} έτη","few":"σε {{value}} έτη","many":"σε {{value}} έτη","other":"σε {{value}} έτη"}},"minutes-ago-short":{"_index":["plural","value"],"_":{"zero":"τώρα","other":"πριν {{value}}′"}},"hours-ago-short":{"_index":["plural","value"],"_":{"zero":"τώρα","other":"πριν {{value}} ώρ."}},"days-ago-short":{"_index":["plural","value"],"_":{"zero":"σήμερα","other":"πριν {{value}} ημ."}},"minutes-until-short":{"_index":["plural","value"],"_":{"zero":"τώρα","other":"σε {{value}}′"}},"hours-until-short":{"_index":["plural","value"],"_":{"zero":"τώρα","other":"σε {{value}} ώρ."}},"days-until-short":{"_index":["plural","value"],"_":{"zero":"σήμερα","other":"σε {{value}} ημ."}},"incorrectDate":"(λάθος ημερομηνία)","dateTimeFormat_%c":"%a, %e %Eb %Y, %H:%M:%S","dateTimeFormat_%x":"%d/%m/%Y","dateTimeFormat_%X":"%H:%M:%S","shortTimeFormat":"%H:%M","shortDateTimeFormat":"%x %H:%M","weekStartsOnMonday":"0","time_am":"πμ","time_pm":"μμ","tz-region":"Περιοχή","tz-city":"Πόλη","tzRegion-Africa":"Αφρική","tzRegion-America":"Αμερική","tzRegion-Antarctica":"Ανταρκτική","tzRegion-Asia":"Ασία","tzRegion-Atlantic":"Ατλαντικός Ωκεανός","tzRegion-Australia":"Αυστραλία","tzRegion-Europe":"Ευρώπη","tzRegion-Indian":"Ινδικός Ωκεανός","tzRegion-Pacific":"Ειρηνικός Ωκεανός","close":"Κλείσιμο","import":"Εισαγωγή","update":"Ενημέρωση","fbFriends":"Φίλοι Facebook","live-serviceName":"Outlook","gmail-serviceName":"Gmail","facebook-serviceName":"Φίλοι Facebook","selectAll":"Επιλογή όλων","deselectAll":"Αποεπιλογή όλων","viewAll":"Εμφάνιση όλων των φίλων Facebook","viewRecommend":"Εμφάνιση μόνο των προτεινόμενων","linkProposal":{"_index":["plural","numFriends"],"_":{"zero":"Δε βρέθηκαν αποτελέσματα. Εμφάνιση όλων","one":"Επιλογή του προτεινόμενου","two":"Επιλογή ενός προτεινόμενου","few":"Επιλογή ενός προτεινόμενου","many":"Επιλογή ενός προτεινόμενου","other":"Επιλογή ενός προτεινόμενου"}},"fbFriendsFound":{"_index":["plural","numFriends"],"_":{"zero":"Έγινε εισαγωγή όλων των φίλων σας","one":"Βρέθηκε ένας φίλος για εισαγωγή","two":"Βρέθηκαν {{numFriends}} φίλοι για εισαγωγή","few":"Βρέθηκαν {{numFriends}} φίλοι για εισαγωγή","many":"Βρέθηκαν {{numFriends}} φίλοι για εισαγωγή","other":"Βρέθηκαν {{numFriends}} φίλοι για εισαγωγή"}},"fbNoFriends":"No contacts available to import","search-contact":{"placeholder":"Αναζήτηση"},"noResults":"Δε βρέθηκαν επαφές","done-search":"ΟΚ","progressFB3ImportTitle":"Εισαγωγή φίλων στις επαφές","progressFB":"{{current}}/{{total}}","progressFB3UpdateTitle":"Ενημέρωση φίλων στις επαφές","message2":"Αυτό μπορεί να διαρκέσει μερικά λεπτά","messageLinking":"Παρακαλώ περιμένετε. Συνδέουμε τον φίλο σας με την επαφή σας.","messageCanceling":"Παρακαλώ περιμένετε. Γίνεται ακύρωση της τρέχουσας ενέργειας.","error1":"Σφάλμα {{from}}","error2":"Θέλετε να δοκιμάσετε ξανά;","errorProposal":"υπολογισμού προτάσεων","errorFriends":"ανάκτησης φίλων","errorLinking":"σύνδεσης επαφής","timeout1":"Υπέρβαση του μέγιστου χρόνου {{from}}","timeout2":"Θέλετε να δοκιμάσετε ξανά;","timeoutProposal":"υπολογισμού προτάσεων","timeoutFriends":"ανάκτησης φίλων","timeoutLinking":"σύνδεσης επαφής","wait1":"Παρακαλώ περιμένετε","wait2":"Αυτό μπορεί να διαρκέσει μερικά λεπτά","waitProposal":"Παρακαλώ περιμένετε. Υπολογίζουμε προτεινόμενους φίλους.","waitFriends":"Παρακαλώ περιμένετε. Συνδεόμαστε για να ανακτήσουμε τη λίστα των φίλων σας.","curtainCancel":"Ακύρωση","curtainRetry":"Δοκιμάστε ξανά","curtainOK":"ΟΚ","connectionLost":"Δεν υπάρχει σύνδεση στο διαδίκτυο","connectionLostMsg":"Οι φωτογραφίες των φίλων σας δε θα προστεθούν στις επαφές σας. Θέλετε να συνεχίσετε;","yesOption":"ΟΚ","noOption":"Ακύρωση","friendsUpdated":{"_index":["plural","numFriends"],"_":{"zero":"Δεν ενημερώθηκαν φίλοι","one":"Ενημερώθηκε ένας φίλος","two":"Ενημερώθηκαν {{numFriends}} φίλοι","few":"Ενημερώθηκαν {{numFriends}} φίλοι","many":"Ενημερώθηκαν {{numFriends}} φίλοι","other":"Ενημερώθηκαν {{numFriends}} φίλοι"}},"friendsMerged":{"_index":["plural","numDups"],"_":{"zero":"Δε συγχωνεύτηκαν φίλοι","one":"Ένας φίλος συγχωνεύτηκε","two":"{{numDups}} φίλοι συγχωνεύτηκαν","few":"{{numDups}} φίλοι συγχωνεύτηκαν","many":"{{numDups}} φίλοι συγχωνεύτηκαν","other":"{{numDups}} φίλοι συγχωνεύτηκαν"}},"notificationLogin":"Η συνεδρία του Facebook δεν είναι έγκυρη. Παρακαλούμε συνδεθείτε ξανά.","syncError":"Προέκυψε σφάλμα κατά τον συγχρονισμό των δεδομένων των φίλων σας"}