{"brandShortName":"B2G OS","browserBrandShortName":"Navegador","browserBrandFullName":"Navegador de Mozilla","back":"Atrás","noSimMsg":"Para importar contactos, inserte o desbloquee su tarjeta SIM","noMemoryCardMsg":"Para importar contactos, inserte una tarjeta de memoria","importMemoryCard":"Tarjeta de memoria","noConnection11":"Para importar contactos de Faceook, conéctese a una red wifi o de datos","simContacts-import":"Importar contactos SIM","simContacts-importing":"Importando contactos de la SIM…","simContacts-reading":"Leyendo la tarjeta SIM…","simContacts-error":"No se importaron los contactos de la SIM","simContacts-imported3":{"_index":["plural","n"],"_":{"zero":"No se detectaron contactos en SIM","one":"Un contacto importado","two":"{{n}} contactos importados","few":"{{n}} contactos importados","many":"{{n}} contactos importados","other":"{{n}} contactos importados"}},"memoryCardContacts-import":"Importar contactos de la tarjeta de memoria","memoryCardContacts-importing":"Importando contactos de la tarjeta de memoria...","memoryCardContacts-reading":"Leyendo de la tarjeta de memoria...","memoryCardContacts-error":"No se importaron los contactos de la tarjeta de memoria","memoryCardContacts-imported3":{"_index":["plural","n"],"_":{"zero":"No se detectaron contactos en la tarjeta de memoria","one":"Un contacto importado","two":"{{n}} contactos importados","few":"{{n}} contactos importados","many":"{{n}} contactos importados","other":"{{n}} contactos importados"}},"genericProgress":"{{current}}/{{total}}","facebook":"Facebook","facebook-import-msg":{"_index":["plural","imported"],"_":{"zero":"No se importó ninguno (de {{total}})","one":"Un amigo importado (de {{total}})","two":"{{imported}} importados de {{total}}","few":"{{imported}} importados de {{total}}","many":"{{imported}} importados de {{total}}","other":"{{imported}} importados de {{total}}"}},"contactsMerged":{"_index":["plural","numDups"],"_":{"zero":"No se unió ningún contacto duplicado","one":"Un contacto duplicado unido","two":"{{numDups}} contactos unidos","few":"{{numDups}} contactos unidos","many":"{{numDups}} contactos unidos","other":"{{numDups}} contactos unidos"}},"pincode2":"Escribir PIN","type_pin":"Escriba su PIN","pincodeLabel":"PIN de la SIM {{n}}","pinValidation":"El PIN debe tener entre 4 y 8 caracteres.","pinError":"El PIN no es correcto.","pinAttemptMsg2":{"_index":["plural","n"],"_":{"one":"Sólo le queda un intento para escribir el código correcto antes de bloquear la SIM.","two":"Le quedan {{n}} intentos para escribir el código correcto antes de bloquear la SIM.","few":"Le quedan {{n}} intentos para escribir el código correcto antes de bloquear la SIM.","many":"Le quedan {{n}} intentos para escribir el código correcto antes de bloquear la SIM.","other":"Le quedan {{n}} intentos para escribir el código correcto antes de bloquear la SIM."}},"pinLastChanceMsg":"Esta es su última oportunidad para escribir el PIN correcto. Si no, tendrá que escribir el código PUK para usar esta tarjeta SIM.","pukcode":"Escribir PUK","pukcodeTitle":"Escribir PUK de la SIM {{n}}","pukcodeLabel":"PUK de la SIM {{n}}","type_puk":"Código PUK","pukValidation":"El código PUK debe tener exactamente 8 caracteres.","pukInfo":"Debe escribir la Clave Personal de Desbloqueo (PUK) para la tarjeta SIM. Consulte la documentación de su tarjeta SIM o contacte con su operador para tener más información.","pukError":"El código PUK es incorrecto.","pukAttemptMsg2":{"_index":["plural","n"],"_":{"one":"Sólo le queda un intento para escribir el código correcto antes de que la tarjeta SIM quede definitivamente inutilizable. Consulte la documentación de su tarjeta SIM o contacte con su operador para tener más información.","two":"Le quedan {{n}} intentos para escribir el código correcto antes de que la tarjeta SIM quede definitivamente inutilizable. Consulte la documentación de su tarjeta SIM o contacte con su operador para tener más información.","few":"Le quedan {{n}} intentos para escribir el código correcto antes de que la tarjeta SIM quede definitivamente inutilizable. Consulte la documentación de su tarjeta SIM o contacte con su operador para tener más información.","many":"Le quedan {{n}} intentos para escribir el código correcto antes de que la tarjeta SIM quede definitivamente inutilizable. Consulte la documentación de su tarjeta SIM o contacte con su operador para tener más información.","other":"Le quedan {{n}} intentos para escribir el código correcto antes de que la tarjeta SIM quede definitivamente inutilizable. Consulte la documentación de su tarjeta SIM o contacte con su operador para tener más información."}},"pukLastChanceMsg":"Esta es la última oportunidad para escribir el código PUK correcto. Su tarjeta SIM quedará definitivamente inutilizable si escribe un código PUK incorrecto.","create_newpin":"Crear nuevo PIN (entre 4 y 8 dígitos)","confirm_newpin":"Confirmar nuevo PIN","newpinConfirmation":"Los PIN no coinciden.","nckcode":"Escribir NCK","cckcode":"Escribir CCK","spckcode":"Escribir SPCK","nck1code":"Escribir código NCK1","nck2code":"Escribir código NCK2","hnckcode":"Escribir código HNCK","rcckcode":"Escribir código RCCK","rspckcode":"Escribir código RSPCK","nckcodeTitle":"Escribir NCK de la SIM {{n}}","cckcodeTitle":"Escribir CCK de la SIM {{n}}","spckcodeTitle":"Escribir SPCK de la SIM {{n}}","nck1codeTitle":"Escribir NCK1 de la SIM {{n}}","nck2codeTitle":"Escribir NCK2 de la SIM {{n}}","hnckcodeTitle":"Escribir HNCK de la SIM {{n}}","rcckcodeTitle":"Escribir RCCK de la SIM {{n}}","rspckcodeTitle":"Escribir RSPCK de la SIM {{n}}","nckcodeLabel":"NCK de la SIM {{n}}","cckcodeLabel":"CCK de la SIM {{n}}","spckcodeLabel":"SIM {{n}} SPCK","nck1codeLabel":"SIM {{n}} NCK1","nck2codeLabel":"SIM {{n}} NCK2","hnckcodeLabel":"SIM {{n}} HNCK","rcckcodeLabel":"SIM {{n}} RCCK","rspckcodeLabel":"SIM {{n}} RSPCK","type_nck":"Escriba su código NCK","type_cck":"Escriba su código CCK","type_spck":"Escriba su código SPCK","type_nck1":"Escriba su código NCK1","type_nck2":"Escriba su código NCK2","type_hnck":"Escriba su código HNCK","type_rcck":"Escriba su código RCCK","type_rspck":"Escriba su código RSPCK","nckValidation":"El NCK debe tener entre 8 y 16 caracteres.","cckValidation":"El CCK debe tener entre 8 y 16 caracteres","spckValidation":"El SPCK debe tener entre 8 y 16 caracteres","nck1Validation":"El NCK1 debe tener entre 8 y 16 caracteres","nck2Validation":"El NCK2 debe tener entre 8 y 16 caracteres","hnckValidation":"El HNCK debe tener entre 8 y 16 caracteres","rcckValidation":"El RCCK debe tener entre 8 y 16 caracteres","rspckValidation":"El RSPCK debe tener entre 8 y 16 caracteres","nckErrorMsg":"El código NCK es incorrecto.","nckAttemptMsg2":{"_index":["plural","n"],"_":{"one":"La despersonalización de red falló. Sólo le queda un intento para escribir el código correcto. Consulte la documentación de su dispositivo o contacte con su operador para tener más información.","two":"La despersonalización de red falló. Le quedan {{n}} intentos para escribir el código correcto. Consulte la documentación de su dispositivo o contacte con su operador para tener más información.","few":"La despersonalización de red falló. Le quedan {{n}} intentos para escribir el código correcto. Consulte la documentación de su dispositivo o contacte con su operador para tener más información.","many":"La despersonalización de red falló. Le quedan {{n}} intentos para escribir el código correcto. Consulte la documentación de su dispositivo o contacte con su operador para tener más información.","other":"La despersonalización de red falló. Le quedan {{n}} intentos para escribir el código correcto. Consulte la documentación de su dispositivo o contacte con su operador para tener más información."}},"nckLastChanceMsg":"La despersonalización de red falló. Es el último intento para escribir el código correcto. Consulte la documentación de su dispositivo o contacte con su operador para tener más información.","skip":"Saltar","send":"Enviar","ok":"Aceptar","simLocked":"Esta tarjeta PIN está bloqueada","inputCodeRetriesLeft":{"_index":["plural","n"],"_":{"one":"último intento.","two":"{{n}} intentos.","few":"{{n}} intentos.","many":"{{n}} intentos.","other":"{{n}} intentos."}},"simManager":"Administrador SIM","simDetail":"SIM {{n}}","simDefault":"(predeterminada)","simDefaultMessage":"Las llamadas y los mensajes salientes así como la conexión de datos están configurados para la SIM 1 de manera predeterminada","simSettingsMessage":"Puede cambiar la configuración predeterminada en Ajustes > Administrador de tarjetas SIM","simPinLocked":"PIN de la SIM bloqueado","noOperator":"Sin operador","language":"Idioma","3g":"Datos móviles","dataConnection":"Activar datos","dataConnectionInfo":"Activar la conexión de datos le permitirá usar su teléfono sin una conexión wifi. También puede activarlo más adelante en Ajustes. Asegúrese de que dispone de un plan de datos con su operador para evitar posibles recargos futuros.","caution":"Advertencia","geolocation":"Geolocalización","geolocationCheckbox":"Activar geolocalización","geolocationInfo2":"{{brandShortName}} usa datos como los de GPS, wifi y redes móviles cercanas a usted para ayudar a determinar su ubicación aproximada.","geolocationInfoMore":"Los datos se envían a Mozilla y otros proveedores de servicios, y se usarán agregados con el fin de mejorar estas bases de datos sobre ubicaciones. Los datos se guardarán en su equipo y la recopilación de los mismos se efectuará incluso cuando no se esté ejecutando ninguna aplicación.","notice":"Aviso","aboutYourPrivacy":"Más información sobre su privacidad","scanningNetworks":"Buscando redes","selectNetwork":"Elija una red","shortStatus-connecting":"Conectando…","shortStatus-associated":"Obteniendo dirección IP…","shortStatus-connected":"Conectado","shortStatus-connectingfailed":"Error en la conexión","shortStatus-disconnected":"Sin conexión","securedBy":"Protegido por {{capabilities}}","security":"Seguridad","securityNone":"Ninguna","securityWEP":"WEP","securityWPA-PSK":"WPA-PSK","securityWPA-EAP":"WPA-EAP","securityOpen":"Abierta","identity":"Usuario/a","identityInput":{"placeholder":"Usuario/a"},"password":"Contraseña","passwordInput":{"placeholder":"Contraseña"},"showPassword":"Mostrar contraseña","refresh":"Actualizar","noWifiFound3":"No se han encontrado redes inalámbricas","join-hidden-button":"Unirse a una red oculta","authentication":"Autenticación","ssid-name":"Nombre SSID de red","wifiLevel":"{{level}} sobre 4 barras","networksList":"Networks found","dateAndTime":"Fecha y hora","timezoneTitle":"UTC{{utcOffset}} {{region}}/{{city}}","timeZone":"Zona horaria","change":"Cambiar","region":{"ariaLabel":"Región"},"city":{"ariaLabel":"Ciudad"},"date":{"ariaLabel":"Día"},"time":{"ariaLabel":"Hora"},"importContacts3":"Importar contactos","importSim2":"Tarjeta SIM","importFb2":"Facebook","importOutlook":"Outlook","importGmail":"Gmail","fb-checking":"…comprobando","notImportedYet":"Aún sin importar","otherAccount":"Otras cuentas","afterFbImport":"Puede importar y editar sus amigos de Facebook en cualquier momento en la configuración de Contactos","firefox-accounts":"Firefox Accounts","fxa-overview":{"innerHTML":"Una cuenta de Firefox le permite utilizar características interesantes como \"Encontrar mi dispositivo\" y aplicaciones como el Firefox Marketplace."},"fxa-create-account-or-sign-in":"Crear cuenta o conectarse","fxa-email-sent":"Un enlace de verificación ha sido enviado a {{email}}","fxa-signed-in":"Conectado como {{email}}","about-your-rights-0":"{{brandShortName}} es software gratuito y de código libre desarrollado por una comunidad de miles de colaboradores por todo el mundo. Hay algunas cosas que debe saber:","about-your-rights-1":"{{brandShortName}} está disponible bajo los términos de varias licencias de código libre, entre ellas la Mozilla Public License. Un dispositivo que ejecute {{brandShortName}} puede también contener software patentado de un tercero. En tanto en cuanto se cumpla con los términos establecidos, cualquier código proporcionado bajo una licencia abierta otorga el derecho de modificar el código fuente y distribuir las versiones modificadas.","about-your-rights-2":"No se le otorga ningún derecho de marca registrada o licencia para las marcas registradas de Fundación Mozilla u otra parte, lo que incluye a modo enunciativo, pero no limitativo, el nombre o logo de {{brandShortName}}.","about-your-rights-3":"Algunas características en {{brandShortName}} como Crash Reporter le ofrecen la oportunidad de dar su opinión a Mozilla. Al elegir enviar su opinión, autoriza a Mozilla a utilizarla para mejorar sus productos, publicarla en sus sitios web y distribuirla.","about-other":"Otros","SIM_mandatory":"Advertencia de tarjeta SIM","SIM_mandatory_warm":"Inserte una tarjeta SIM y reinicie su teléfono.","telemetry-sends2":"Telemetry sends Mozilla data about performance, hardware, configurations, customizations and app usage in your {{brandShortName}} device. We use this to make our products better, faster and more responsive.","learn-more-telemetry":{"innerHTML":"Sepa más en {{link}}"},"learn-more-information":{"innerHTML":"Conozca cómo Mozilla maneja su información en {{link}}"},"welcomeBrowser":"Bienvenido a {{brandShortName}}, el sistema operativo gratuito y abierto de Mozilla. Nuestra misión es promover la apertura, la innovación y la oportunidad para todos poniendo el poder de la Web en sus manos.","learn-more-privacy":{"innerHTML":"Conozca cómo Mozilla maneja su información en {{link}}"},"learn-more-privacy-link":"política de privacidad","aboutBrowser":"Acerca de {{brandShortName}}","aboutYourPrivacy2":"Su privacidad","mozillaCommunity2":"Al usar {{brandShortName}}, se convierte en parte de una comunidad mundial que colabora en la construcción de un futuro mejor para la Web. Si desea tener más información sobre la comunidad Mozilla, nuestros productos o los eventos próximos a usted, escriba abajo su dirección de correo.","sharePerformanceAndUsageData":"I want to help improve {{brandShortName}} by sharing data about my phone and the way I use it.","learnMore":"Más información.","emailAddress":{"placeholder":"Dirección de correo"},"email-successfully-added":"Correo agregado correctamente","email-loading":"Guardando su correo…","privacy-b2g":{"_":"{{brandShortName}}","title":"{{brandShortName}}"},"privacy-marketplace":{"_":"Marketplace","title":"{{privacy-marketplace}}"},"privacy-eme":"EverythingMe","privacy-e-me":{"_":"everything.me","title":"{{privacy-e-me}}"},"navbar-back":"Atrás","navbar-next":"Siguiente","navbar-join":"Unirse","done":"Done","thatsIt":"¡Eso es todo!","startYourPhone":"¡Conozca su teléfono!","startYourTablet":"¡Inicie la visita virtual por su tableta!","joinTutorial":"Únase a nosotros para ver un tutorial sobre su nuevo teléfono.","enjoyYourPhone":"Todo está listo para que disfrute de su nuevo teléfono.","optionsAvailable":"En Ajustes puede modificar el idioma, la fecha y hora, o la conexión wifi.","letsGo":"Vamos allá","startTour":"Comenzar visita","whatsNew":"What’s new","updatedSuccessfully":"Your phone has updated successfully! Start the tour to find out more about the new features.","thatsIt1Tablet-2":"Siempre puede deslizar el dedo desde la parte inferior de la pantalla para acceder a la pantalla de inicio.","thatsIt2Tablet-2":"¡Hagámoslo!","tutorial":"Tutorial","tutorial-step1-tiny":"Deslice la pantalla de derecha a izquierda para ver sus aplicaciones.","tutorial-step2-tiny":"Pulse un icono durante unos segundos para eliminarlo o moverlo.","tutorial-step3-tiny":"Escriba una palabra clave o un tema y su teléfono se adaptará al instante.","tutorial-step4-tiny":"Deslice la pantalla hacia abajo para acceder a las notificaciones, información de consumo de datos y ajustes.","tutorial-step5-tiny":"Pulse durante unos segundos el botón de inicio para explorar y cerrar las aplicaciones recientes.","tutorial-step6-tiny":"Deslice el lateral de la pantalla para avanzar o retroceder entre las aplicaciones recientes.","tutorial-step1-large-2":"Deslice la pantalla hacia abajo para acceder a las notificaciones recientes, información de consumo de datos y ajustes.","tutorial-step2-large-2":"Deslice la pantalla hacia la izquierda o derecha para descubrir nuevas aplicaciones en la pantalla de inicio.","tutorial-step3-large-2":"Pulse un icono durante unos segundos para borrarlo o moverlo.","tutorial-step4-large-2":"Deslice con dos dedos hacia arriba desde el borde inferior para activar la vista de tarjetas.","tutorial-vertical-scroll-tiny":"Deslice hacia arriba y abajo para navegar por sus aplicaciones. Pulse y mantenga un icono para moverlo o borrarlo.","tutorial-notifications-tiny":"Deslice hacia abajo para acceder a las notificaciones recientes, información de crédito y configuraciones.","tutorial-sheets-tiny":"Deslice sobre el borde izquierdo de su pantalla para volver a las aplicaciones más recientes.","offline-dialog-title":"Debe estar conectado a Internet para ver la página.","offline-dialog-text":"Vuelva atrás y conéctese a Internet. También puede ver la página posteriormente en Ajustes o escribiendo la dirección {{url}} en cualquier navegador.","OK":"Aceptar","offline-newsletter-dialog-title":"Tiene que estar conectado a Internet para suscribirse al boletín de noticias.","offline-newsletter-dialog-text":"Vuelva y conéctese a Internet","invalid-email-dialog-title":"El correo no es válido","invalid-email-dialog-text":"Vuelva y compruebe sus datos.","retry":"Reintentar","cancel":"Cancelar","progressbar":{"_":"Paso {{step}} de {{total}}","ariaLabel":"Primera experiencia"},"weekday-0-long":"domingo","weekday-1-long":"lunes","weekday-2-long":"martes","weekday-3-long":"miércoles","weekday-4-long":"jueves","weekday-5-long":"viernes","weekday-6-long":"sábado","weekday-0-short":"do.","weekday-1-short":"lu.","weekday-2-short":"ma.","weekday-3-short":"mi.","weekday-4-short":"ju.","weekday-5-short":"vi.","weekday-6-short":"sá.","month-0-long":"enero","month-1-long":"febrero","month-2-long":"marzo","month-3-long":"abril","month-4-long":"mayo","month-5-long":"junio","month-6-long":"julio","month-7-long":"agosto","month-8-long":"septiembre","month-9-long":"octubre","month-10-long":"noviembre","month-11-long":"diciembre","month-0-genitive":"enero","month-1-genitive":"febrero","month-2-genitive":"marzo","month-3-genitive":"abril","month-4-genitive":"mayo","month-5-genitive":"junio","month-6-genitive":"julio","month-7-genitive":"agosto","month-8-genitive":"septiembre","month-9-genitive":"octubre","month-10-genitive":"noviembre","month-11-genitive":"diciembre","month-0-short":"ene.","month-1-short":"feb.","month-2-short":"mar.","month-3-short":"abr.","month-4-short":"may.","month-5-short":"jun.","month-6-short":"jul.","month-7-short":"ago.","month-8-short":"sep.","month-9-short":"oct.","month-10-short":"nov.","month-11-short":"dic.","minutes-ago-long":{"_index":["plural","value"],"_":{"zero":"ahora","one":"hace un minuto","two":"hace {{value}} minutos","few":"hace {{value}} minutos","many":"hace {{value}} minutos","other":"hace {{value}} minutos"}},"hours-ago-long":{"_index":["plural","value"],"_":{"zero":"ahora","one":"hace una hora","two":"hace {{value}} horas","few":"hace {{value}} horas","many":"hace {{value}} horas","other":"hace {{value}} horas"}},"days-ago-long":{"_index":["plural","value"],"_":{"zero":"hoy","one":"ayer","two":"hace {{value}} días","few":"hace {{value}} días","many":"hace {{value}} días","other":"hace {{value}} días"}},"weeks-ago-long":{"_index":["plural","value"],"_":{"zero":"esta semana","one":"la semana pasada","two":"hace {{value}} semanas","few":"hace {{value}} semanas","many":"hace {{value}} semanas","other":"hace {{value}} semanas"}},"months-ago-long":{"_index":["plural","value"],"_":{"zero":"este mes","one":"el último mes","two":"hace {{value}} meses","few":"hace {{value}} meses","many":"hace {{value}} meses","other":"hace {{value}} meses"}},"years-ago-long":{"_index":["plural","value"],"_":{"zero":"este año","one":"último año","two":"hace {{value}} años","few":"hace {{value}} años","many":"hace {{value}} años","other":"hace {{value}} años"}},"minutes-until-long":{"_index":["plural","value"],"_":{"zero":"ahora","one":"en un minuto","two":"en {{value}} minutos","few":"en {{value}} minutos","many":"en {{value}} minutos","other":"en {{value}} minutos"}},"hours-until-long":{"_index":["plural","value"],"_":{"zero":"ahora","one":"en una hora","two":"en {{value}} horas","few":"en {{value}} horas","many":"en {{value}} horas","other":"en {{value}} horas"}},"days-until-long":{"_index":["plural","value"],"_":{"zero":"hoy","one":"mañana","two":"en {{value}} días","few":"en {{value}} días","many":"en {{value}} días","other":"en {{value}} días"}},"weeks-until-long":{"_index":["plural","value"],"_":{"zero":"esta semana","one":"la próxima semana","two":"en {{value}} semanas","few":"en {{value}} semanas","many":"en {{value}} semanas","other":"en {{value}} semanas"}},"months-until-long":{"_index":["plural","value"],"_":{"zero":"este mes","one":"próximo mes","two":"en {{value}} meses","few":"en {{value}} meses","many":"en {{value}} meses","other":"en {{value}} meses"}},"years-until-long":{"_index":["plural","value"],"_":{"zero":"este año","one":"próximo año","two":"en {{value}} años","few":"en {{value}} años","many":"en {{value}} años","other":"en {{value}} años"}},"minutes-ago-short":{"_index":["plural","value"],"_":{"zero":"ahora","other":"hace {{value}} m"}},"hours-ago-short":{"_index":["plural","value"],"_":{"zero":"ahora","other":"hace {{value}} h"}},"days-ago-short":{"_index":["plural","value"],"_":{"zero":"hoy","other":"hace {{value}} d"}},"minutes-until-short":{"_index":["plural","value"],"_":{"zero":"ahora","other":"en {{value}} m"}},"hours-until-short":{"_index":["plural","value"],"_":{"zero":"ahora","other":"en {{value}} h"}},"days-until-short":{"_index":["plural","value"],"_":{"zero":"hoy","other":"en {{value}} d"}},"incorrectDate":"(fecha incorrecta)","dateTimeFormat_%c":"%a, %e de %b, %Y %H:%M:%S","dateTimeFormat_%x":"%d/%m/%Y","dateTimeFormat_%X":"%H:%M:%S","shortTimeFormat":"%H:%M","shortDateTimeFormat":"%x %H:%M %p","weekStartsOnMonday":"1","time_am":"AM","time_pm":"PM","tz-region":"Región","tz-city":"Ciudad","tzRegion-Africa":"África","tzRegion-America":"América","tzRegion-Antarctica":"Antártida","tzRegion-Asia":"Asia","tzRegion-Atlantic":"Océano Atlántico","tzRegion-Australia":"Australia","tzRegion-Europe":"Europa","tzRegion-Indian":"Océano Índico","tzRegion-Pacific":"Océano Pacífico","close":"Cerrar","import":"Importar","update":"Actualizar","fbFriends":"Amigos FB","live-serviceName":"Outlook","gmail-serviceName":"Gmail","facebook-serviceName":"Amigos FB","selectAll":"Marcar todos","deselectAll":"Desmarcar todos","viewAll":"Ver todos los amigos de Facebook","viewRecommend":"Ver solo recomendados","linkProposal":{"_index":["plural","numFriends"],"_":{"zero":"Sin coincidencias. Mostrando todos sus amigos","one":"Seleccionar la recomendación","two":"Seleccionar una recomendación","few":"Seleccionar una recomendación","many":"Seleccionar una recomendación","other":"Seleccionar una recomendación"}},"fbFriendsFound":{"_index":["plural","numFriends"],"_":{"zero":"Se han importado todos sus amigos","one":"Se encontró un amigo que importar","two":"Se encontraron {{numFriends}} amigos que importar","few":"Se encontraron {{numFriends}} amigos que importar","many":"Se encontraron {{numFriends}} amigos que importar","other":"Se encontraron {{numFriends}} amigos que importar"}},"fbNoFriends":"No contacts available to import","search-contact":{"placeholder":"Buscar"},"noResults":"No se encontraron contactos","done-search":"Hecho","progressFB3ImportTitle":"Importando amigos a Contactos","progressFB":"{{current}}/{{total}}","progressFB3UpdateTitle":"Actualizando amigos en Contactos","message2":"Tardará un par de minutos","messageLinking":"Por favor, espere. Estamos vinculando a su amigo con su contacto.","messageCanceling":"Por favor, espere. Estamos cancelando la operación en curso.","error1":"Error {{from}}","error2":"¿Desea intentarlo de nuevo?","errorProposal":"calculando propuestas","errorFriends":"recuperando amigos","errorLinking":"vinculando contacto","timeout1":"Tiempo de espera superado {{from}}","timeout2":"¿Desea intentarlo de nuevo?","timeoutProposal":"calculando propuestas","timeoutFriends":"recuperando amigos","timeoutLinking":"vinculando contactos","wait1":"Espere un momento","wait2":"Tardará un par de minutos","waitProposal":"Por favor, espere. Estamos calculando una propuesta.","waitFriends":"Por favor, espere. Estamos obteniendo su lista de amigos.","curtainCancel":"Cancelar","curtainRetry":"Intentar de nuevo","curtainOK":"Aceptar","connectionLost":"No hay conexión a internet","connectionLostMsg":"Las fotos de sus contactos no se agregarán. ¿Desea continuar?","yesOption":"Aceptar","noOption":"Cancelar","friendsUpdated":{"_index":["plural","numFriends"],"_":{"zero":"No se actualizó ningún amigo","one":"Actualizado un amigo","two":"Actualizados {{numFriends}} amigos","few":"Actualizados {{numFriends}} amigos","many":"Actualizados {{numFriends}} amigos","other":"Actualizados {{numFriends}} amigos"}},"friendsMerged":{"_index":["plural","numDups"],"_":{"zero":"No se han unido ningún contacto duplicado","one":"Se ha unido un contacto duplicado","two":"Se han unido {{numDups}} contactos duplicados","few":"Se han unido {{numDups}} contactos duplicados","many":"Se han unido {{numDups}} contactos duplicados","other":"Se han unido {{numDups}} contactos duplicados"}},"notificationLogin":"Su sesión de Facebook no es válida. Por favor, identifíquese.","syncError":"Hubo un error al sincronizar los datos de su amigo"}