{"brandShortName":"B2G SEa","browserBrandShortName":"Web nabigatzailea","browserBrandFullName":"Mozilla web nabigatzailea","back":"Atzera","noSimMsg":"Kontaktuak inportatzeko, sartu edo desblokeatu SIM txartela","noMemoryCardMsg":"Kontaktuak inportatzeko, sartu memoria-txartela","importMemoryCard":"Memoria-txartela","noConnection11":"Facebookeko lagunak edo kontaktuak inportatzeko konektatu Wi-Fira edo datu-sarera","simContacts-import":"Inportatu SIMeko kontaktuak","simContacts-importing":"SIMeko kontaktuak inportatzen…","simContacts-reading":"SIM txarteletik irakurtzen…","simContacts-error":"Ezin dira kontaktuak inportatu SIMetik","simContacts-imported3":{"_index":["plural","n"],"_":{"zero":"Ez da inportatzeko kontakturik atzeman SIMean","one":"Kontaktu bat inportatu da","two":"{{n}} kontaktu inportatu dira","few":"{{n}} kontaktu inportatu dira","many":"{{n}} kontaktu inportatu dira","other":"{{n}} kontaktu inportatu dira"}},"memoryCardContacts-import":"Inportatu kontaktuak memoria-txarteletik","memoryCardContacts-importing":"Kontaktuak memoria-txarteletik inportatzen…","memoryCardContacts-reading":"SIM txarteletik irakurtzen…","memoryCardContacts-error":"Ezin dira kontaktuak inportatu memoria-txarteletik","memoryCardContacts-imported3":{"_index":["plural","n"],"_":{"zero":"Ez da inportatzeko kontakturik atzeman memoria-txartelean","one":"Kontaktu bat inportatu da","two":"{{n}} kontaktu inportatu dira","few":"{{n}} kontaktu inportatu dira","many":"{{n}} kontaktu inportatu dira","other":"{{n}} kontaktu inportatu dira"}},"genericProgress":"{{total}}/{{current}}","facebook":"Facebook","facebook-import-msg":{"_index":["plural","imported"],"_":{"zero":"Ez da lagunik inportatu ({{total}} guztira)","one":"Lagun bat inportatu da ({{total}} guztira)","two":"{{total}}/{{imported}} lagun inportatu dira","few":"{{total}}/{{imported}} lagun inportatu dira","many":"{{total}}/{{imported}} lagun inportatu dira","other":"{{total}}/{{imported}} lagun inportatu dira"}},"contactsMerged":{"_index":["plural","numDups"],"_":{"zero":"Ez da bikoiztutako kontakturik batu","one":"Bikoiztutako kontaktu bat batu da","two":"{{numDups}} kontaktu batu dira","few":"{{numDups}} kontaktu batu dira","many":"{{numDups}} kontaktu batu dira","other":"{{numDups}} kontaktu batu dira"}},"pincode2":"Sartu PIN kodea","type_pin":"Sartu zure PIN kodea","pincodeLabel":"{{n}}. SIM PINa","pinValidation":"PINak 4 eta 8 karaktere artekoa izan behar du.","pinError":"PINa okerra da.","pinAttemptMsg2":{"_index":["plural","n"],"_":{"one":"Azken aukera.","two":"{{n}} aukera falta dira.","few":"{{n}} aukera falta dira.","many":"{{n}} aukera falta dira.","other":"{{n}} aukera falta dira."}},"pinLastChanceMsg":"Hau da PIN zuzena sartzeko daukazun azken aukera. Bestela, PUK kodea sartu beharko duzu SIM txartel hau erabiltzeko.","pukcode":"Sartu PUK kodea","pukcodeTitle":"Sartu {{n}}. SIM PUKa","pukcodeLabel":"{{n}}. SIM PUKa","type_puk":"PUK kodea","pukValidation":"PUK kodeak zehazki 8 karakterekoa izan behar du.","pukInfo":"SIM txartelaren PUK kodea (Personal Unlocking Key) sartu behar duzu. Jo ezazu SIM txartelaren dokumentaziora edo jar zaitez harremanetan telefono-konpainiarekin informazio gehiagorako.","pukError":"SIM txartelaren PUK kodea (Personal Unlocking Key) sartu behar duzu. Jo ezazu SIM txartelaren dokumentaziora edo jar zaitez harremanetan telefono-konpainiarekin informazio gehiagorako.","pukAttemptMsg2":{"_index":["plural","n"],"_":{"one":"Aukera bat daukazu kode zuzena sartzeko SIM txartela betirako erabilgaitz geratu aurretik. Jo ezazu SIM txartelaren dokumentaziora edo jar zaitez harremanetan telefono-konpainiarekin informazio gehiagorako.","two":"{{n}} aukera dauzkazu kode zuzena sartzeko SIM txartela betirako erabilgaitz geratu aurretik. Jo ezazu SIM txartelaren dokumentaziora edo jar zaitez harremanetan telefono-konpainiarekin informazio gehiagorako.","few":"{{n}} aukera dauzkazu kode zuzena sartzeko SIM txartela betirako erabilgaitz geratu aurretik. Jo ezazu SIM txartelaren dokumentaziora edo jar zaitez harremanetan telefono-konpainiarekin informazio gehiagorako.","many":"{{n}} aukera dauzkazu kode zuzena sartzeko SIM txartela betirako erabilgaitz geratu aurretik. Jo ezazu SIM txartelaren dokumentaziora edo jar zaitez harremanetan telefono-konpainiarekin informazio gehiagorako.","other":"{{n}} aukera dauzkazu kode zuzena sartzeko SIM txartela betirako erabilgaitz geratu aurretik. Jo ezazu SIM txartelaren dokumentaziora edo jar zaitez harremanetan telefono-konpainiarekin informazio gehiagorako."}},"pukLastChanceMsg":"Hau da PUK kode zuzena sartzeko daukazun azken aukera. Zure SIM txartela betirako erabilgaitz geratuko da PUK kode okerra sartzen baduzu.","create_newpin":"Sortu PIN berria (4 eta 8 digitu artekoa)","confirm_newpin":"Berretsi PIN berria","newpinConfirmation":"PINak ez datoz bat.","nckcode":"Sartu NCK kodea","cckcode":"Sartu CCK kodea","spckcode":"Sartu SPCK kodea","nck1code":"Sartu NCK1 kodea","nck2code":"Sartu NCK2 kodea","hnckcode":"Sartu HNCK kodea","rcckcode":"Sartu RCCK kodea","rspckcode":"Sartu RSPCK kodea","nckcodeTitle":"Sartu {{n}}. SIMaren NCK","cckcodeTitle":"Sartu {{n}}. SIMaren CCK","spckcodeTitle":"Sartu {{n}}. SIMaren SPCK","nck1codeTitle":"Sartu {{n}}. SIMaren NCK1","nck2codeTitle":"Sartu {{n}}. SIMaren NCK2","hnckcodeTitle":"Sartu {{n}}. SIMaren HNCK","rcckcodeTitle":"Sartu {{n}}. SIMaren RCCK","rspckcodeTitle":"Sartu {{n}}. SIMaren RSPCK","nckcodeLabel":"{{n}}. SIMaren NCK","cckcodeLabel":"{{n}}. SIMaren CCK","spckcodeLabel":"{{n}}. SIMaren SPCK","nck1codeLabel":"{{n}}. SIMaren NCK1","nck2codeLabel":"{{n}}. SIMaren NCK2","hnckcodeLabel":"{{n}}. SIMaren HNCK","rcckcodeLabel":"{{n}}. SIMaren RCCK","rspckcodeLabel":"{{n}}. SIMaren RSPCK","type_nck":"Sartu zure NCK kodea","type_cck":"Sartu zure CCK kodea","type_spck":"Sartu zure SPCK kodea","type_nck1":"Sartu zure NCK1 kodea","type_nck2":"Sartu zure NCK2 kodea","type_hnck":"Sartu zure HNCK kodea","type_rcck":"Sartu zure RCCK kodea","type_rspck":"Sartu zure RSPCK kodea","nckValidation":"NCKak 8 eta 16 karaktere artekoa izan behar du.","cckValidation":"CCKak 8 eta 16 karaktere artekoa izan behar du.","spckValidation":"SPCKak 8 eta 16 karaktere artekoa izan behar du.","nck1Validation":"NCK1ak 8 eta 16 karaktere artekoa izan behar du.","nck2Validation":"NCK2ak 8 eta 16 karaktere artekoa izan behar du.","hnckValidation":"HNCKak 8 eta 16 karaktere artekoa izan behar du.","rcckValidation":"RCCKak 8 eta 16 karaktere artekoa izan behar du.","rspckValidation":"RSPCKak 8 eta 16 karaktere artekoa izan behar du.","nckErrorMsg":"NCK kodea okerra da.","nckAttemptMsg2":{"_index":["plural","n"],"_":{"one":"Sarearen despertsonalizazio-eskaeraren hutsegitea. Azken aukera daukazu kode zuzena sartzeko. Jo ezazu zure gailuaren dokumentaziora edo jar zaitez harremanetan telefono-konpainiarekin informazio gehiagorako.","two":"Sarearen despertsonalizazio-eskaeraren hutsegitea. {{n}} aukera dauzkazu kode zuzena sartzeko. Jo ezazu zure gailuaren dokumentaziora edo jar zaitez harremanetan telefono-konpainiarekin informazio gehiagorako.","few":"Sarearen despertsonalizazio-eskaeraren hutsegitea. {{n}} aukera dauzkazu kode zuzena sartzeko. Jo ezazu zure gailuaren dokumentaziora edo jar zaitez harremanetan telefono-konpainiarekin informazio gehiagorako.","many":"Sarearen despertsonalizazio-eskaeraren hutsegitea. {{n}} aukera dauzkazu kode zuzena sartzeko. Jo ezazu zure gailuaren dokumentaziora edo jar zaitez harremanetan telefono-konpainiarekin informazio gehiagorako.","other":"Sarearen despertsonalizazio-eskaeraren hutsegitea. {{n}} aukera dauzkazu kode zuzena sartzeko. Jo ezazu zure gailuaren dokumentaziora edo jar zaitez harremanetan telefono-konpainiarekin informazio gehiagorako."}},"nckLastChanceMsg":"Sarearen despertsonalizazio-eskaeraren hutsegitea. Azken aukera dauzkazu NCK kode zuzena sartzeko. Jo ezazu zure gailuaren dokumentaziora edo jar zaitez harremanetan telefono-konpainiarekin informazio gehiagorako.","skip":"Saltatu","send":"Bidali","ok":"Ados","simLocked":"SIM txartela blokeatuta dago","inputCodeRetriesLeft":{"_index":["plural","n"],"_":{"one":"azken aukera.","two":"{{n}} aukera falta dira.","few":"{{n}} aukera falta dira.","many":"{{n}} aukera falta dira.","other":"{{n}} aukera falta dira."}},"simManager":"SIM kudeatzailea","simDetail":"{{n}}. SIMa","simDefault":"(lehenetsia)","simDefaultMessage":"Irteerako deiak, mezuak eta datu-konexioa 1. SIMari daude ezarrita lehenespenez","simSettingsMessage":"Ezarpen lehenetsiak Ezarpenak > SIM kudeatzailean alda ditzakezu","simPinLocked":"SIM PINa blokeatuta","noOperator":"Operatzailerik ez","language":"Hizkuntza","3g":"Mugikorreko datuak","dataConnection":"Gaitu datuak","dataConnectionInfo":"Datu-konexioa orain gaituz gero telefonoa Wi-Fi konexiorik gabe konfiguratu ahal izango duzu. Geroago ezarpenetan ere gaitu dezakezu. Tarifa izugarriak saihesteko, ziurtatu datu-plana badaukazula zure telefono-konpainiarekin.","caution":"Abisua","geolocation":"Geokokapena","geolocationCheckbox":"Gaitu geokokapena","geolocationInfo2":"GPSaren, Wi-Fiaren eta zure inguruko sare mugikorren datuak erabiltzen ditu {{brandShortName}}(e)k zure gutxi gorabeherako kokapena zehazteko.","geolocationInfoMore":"Datuak Mozillara eta bestelako zerbitzu-hornitzaileetara bidaltzen dira eta bere osotasunean erabiliko dira kokapenen datu-base horiek hobetzeko. Datuak zure gailuan biltegira daitezke eta datuen bilketa aplikaziorik exekuzioan izan gabe ere gerta liteke.","notice":"Oharra","aboutYourPrivacy":"Gehiago zure pribatutasunari buruz","scanningNetworks":"Sareak bilatzen","selectNetwork":"Hautatu sarea","shortStatus-connecting":"Konektatzen…","shortStatus-associated":"IP helbidea eskuratzen…","shortStatus-connected":"Konektatuta","shortStatus-connectingfailed":"Konexioak huts egin du","shortStatus-disconnected":"Lineaz kanpo","securedBy":"babesa: {{capabilities}}","security":"Segurtasuna","securityNone":"Bat ere ez","securityWEP":"WEP","securityWPA-PSK":"WPA-PSK","securityWPA-EAP":"WPA-EAP","securityOpen":"Irekia","identity":"Erabiltzailea","identityInput":{"placeholder":"Erabiltzailea"},"password":"Pasahitza","passwordInput":{"placeholder":"Pasahitza"},"showPassword":"Erakutsi pasahitza","refresh":"Berritu","noWifiFound3":"Ez da haririk gabeko sarerik aurkitu","join-hidden-button":"Batu sare ezkutura","authentication":"Autentifikazioa","ssid-name":"SSID sarearen izena","wifiLevel":"4 barratik {{level}}","networksList":"Sareak aurkitu dira","dateAndTime":"Data eta ordua","timezoneTitle":"UTC{{utcOffset}} {{region}}/{{city}}","timeZone":"Ordu-zona","change":"Aldatu","region":{"ariaLabel":"Eskualdea"},"city":{"ariaLabel":"Hiria"},"date":{"ariaLabel":"Data"},"time":{"ariaLabel":"Ordua"},"importContacts3":"Inportatu kontaktuak","importSim2":"SIM txartela","importFb2":"Facebook","importOutlook":"Outlook","importGmail":"Gmail","fb-checking":"… egiaztatzen","notImportedYet":"Oraindik inportatu gabe","otherAccount":"Bestelako kontuak","afterFbImport":"Noiznahi inporta eta edita ditzakezu Facebookeko lagunak kontaktuen ezarpenetan","firefox-accounts":"Firefoxeko kontuak","fxa-overview":{"innerHTML":"Firefox kontu bat edukiz gero, 'Aurkitu nire gailua' bezalako aukerak eta Firefox Marketplace bezalako aplikazioak erabil ditzakezu."},"fxa-create-account-or-sign-in":"Sortu kontua edo hasi saioa","fxa-email-sent":"Egiaztapen-lotura bidali da {{email}} helbidera","fxa-signed-in":"{{email}} gisa saioa hasita","about-your-rights-0":"Mundu osoko milaka pertsonek osatutako komunitateak kode irekiko software librea erabiliz eraiki da {{brandShortName}}. Badira jakin beharko zenituzkeen gauza batzuk:","about-your-rights-1":"Iturburu irekiko hainbat lizentzien baldintzapean (Mozilla Public License barne) eskuratu duzu {{brandShortName}}. {{brandShortName}} exekutatzen duen gailu batek hirugarrenen software jabeduna ere izan lezake. Lizentzia librepean eskaintzen den edozein kodek eskubidea ematen dizu iturburu-kodea aldatu eta egindako aldaketak banatzeko, beti ere baldintzak obeditzen dituzun bitartean.","about-your-rights-2":"Ez zaizu ematen Mozilla Fundazioaren edo beste inorren erregistratutako marken eskubiderik ezta hauen gaineko lizentziarik ere, {{brandShortName}} izena edo logoak barne.","about-your-rights-3":"{{brandShortName}}(e)ko hainbat eginbidek, hala nola hutsegiteen berriemaileak, Mozillari iritzia emateko aukera ematen dizute. Iritzia bidaltzea aukeratuz gero, Mozillari baimena ematen diozu iritzi hori erabiltzeko bere produktuak hobetzeko, bere webguneetan argitaratzeko eta banatzeko.","about-other":"Besteak","SIM_mandatory":"SIM txartelaren abisua","SIM_mandatory_warm":"Sartu SIM txartela eta berrabiarazi zure telefonoa mesedez.","telemetry-sends2":"Telemetry sends Mozilla data about performance, hardware, configurations, customizations and app usage in your {{brandShortName}} device. We use this to make our products better, faster and more responsive.","learn-more-telemetry":{"innerHTML":"Argibide gehiago {{link}} helbidean"},"learn-more-information":{"innerHTML":"Ezagutu Mozillak nola darabilen zure informazioa hemen: {{link}}."},"welcomeBrowser":"Ongi etorri {{brandShortName}}(e)ra, Mozillaren kode irekiko sistema eragile librera. Webaren indarra zure eskuetan mantenduz, irekitasuna, berrikuntza eta aukerak sustatzea da gure misioa.","learn-more-privacy":{"innerHTML":"Ezagutu Mozillak nola darabilen zure informazioa {{link}} orrian."},"learn-more-privacy-link":"pribatutasun-politika","aboutBrowser":"{{brandShortName}}(r)i buruz","aboutYourPrivacy2":"Zure pribatutasuna","mozillaCommunity2":"{{brandShortName}} erabiltzen duzunean, webarentzat etorkizun argiagoa eraikitzen laguntzen duen komunitate globalaren parte bihurtzen zara. Mozilla komunitatearen edo gure beste produktu eta zure gertuko gertaeren inguruan gehiago jakin nahi baduzu, sartu zure helbide elektronikoa azpian.","sharePerformanceAndUsageData":"I want to help improve {{brandShortName}} by sharing data about my phone and the way I use it.","learnMore":"Argibide gehiago.","emailAddress":{"placeholder":"Helbide elektronikoa"},"email-successfully-added":"Helbide elektronikoa ondo gehitu da","email-loading":"Zure helbide elektronikoa gordetzen…","privacy-b2g":{"_":"{{brandShortName}}","title":"{{brandShortName}}"},"privacy-marketplace":{"_":"Marketplace","title":"{{privacy-marketplace}}"},"privacy-eme":"EverythingMe","privacy-e-me":{"_":"everything.me","title":"{{privacy-e-me}}"},"navbar-back":"Atzera","navbar-next":"Hurrengoa","navbar-join":"Batu","done":"Eginda","thatsIt":"Horixe da dena!","startYourPhone":"Hasi telefonoaren itzulia!","startYourTablet":"Hasi tabletaren itzulia!","joinTutorial":"Etor zaitez gurekin zure telefono berriaren inguruko itzuli azkar baterako.","enjoyYourPhone":"Zure telefono berriaz gozatzeko prest zaude.","optionsAvailable":"Hizkuntza, data eta ordua eta Wi-Fi konexioa ezarpenetan alda ditzakezu.","letsGo":"Goazen!","startTour":"Hasi itzulia","whatsNew":"What’s new","updatedSuccessfully":"Your phone has updated successfully! Start the tour to find out more about the new features.","thatsIt1Tablet-2":"Beheko ertzetik hatza pasa dezakezu hasierako pantailan sartzeko.","thatsIt2Tablet-2":"Egin dezagun!","tutorial":"Tutoretza","tutorial-step1-tiny":"Pasatu hatza eskuinetik ezkerrera zure aplikazioak arakatzeko.","tutorial-step2-tiny":"Sakatu eta eutsi ikono batean berau ezabatu edo lekuz aldatzeko.","tutorial-step3-tiny":"Idatzi edozein gako-hitz edo gai eta zure telefonoa berehala moldatuko da.","tutorial-step4-tiny":"Pasatu hatza goitik behera azken jakinarazpenen, kredituaren informazioaren eta ezarpenen sarbidea izateko.","tutorial-step5-tiny":"Sakatu eta eutsi hasiera-botoia azken aplikazioak arakatu eta ixteko.","tutorial-step6-tiny":"Pasatu hatza pantailaren aldamenetik eta aldatu azken aplikazioen artean.","tutorial-step1-large-2":"Pasatu hatza goitik behera azken jakinarazpenen, kredituaren informazioaren eta ezarpenen sarbidea izateko.","tutorial-step2-large-2":"Pasatu hatza ezkerrera edo eskuinera hasierako pantailan aplikazio berriak deskubritzeko.","tutorial-step3-large-2":"Sakatu eta eutsi ikono batean berau ezabatu edo lekuz aldatzeko.","tutorial-step4-large-2":"Pasatu bi hatz beheko ertzetik gora txartel-ikuspegia abiarazteko.","tutorial-vertical-scroll-tiny":"Aplikazioak arakatzeko, pasatu hatza gora eta behera. Lekuz aldatu edo ezabatzeko, sakatu eta eutsi ikonoan.","tutorial-notifications-tiny":"Azken jakinarazpenen, kredituaren informazioaren eta ezarpenen sarbidea izateko, pasatu hatza behera.","tutorial-sheets-tiny":"Erabilitako azken aplikazioetara itzultzeko, arrastatu pantailaren ezkerreko ertzetik.","offline-dialog-title":"Internetera konektatuta egon behar duzu orria ikusteko.","offline-dialog-text":"Joan atzera eta konektatu Internetera. Orria geroago ere ikus dezakezu ezarpenetatik edo edozein nabigatzailetan {{url}} sartuz.","OK":"Ados","offline-newsletter-dialog-title":"Internetera konektatuta egon behar duzu berripaperera harpidetzeko.","offline-newsletter-dialog-text":"Joan atzera eta konektatu Internetera.","invalid-email-dialog-title":"Zure helbide elektronikoa ez da baliozkoa","invalid-email-dialog-text":"Joan atzera eta zuzendu zure sarrera.","retry":"Saiatu berriro","cancel":"Utzi","progressbar":{"_":"{{total}}/{{step}}. urratsa","ariaLabel":"Lehen esperientzia"},"weekday-0-long":"igandea","weekday-1-long":"astelehena","weekday-2-long":"asteartea","weekday-3-long":"asteazkena","weekday-4-long":"osteguna","weekday-5-long":"ostirala","weekday-6-long":"larunbata","weekday-0-short":"ig.","weekday-1-short":"al.","weekday-2-short":"ar.","weekday-3-short":"az.","weekday-4-short":"og.","weekday-5-short":"or.","weekday-6-short":"lr.","month-0-long":"urtarrila","month-1-long":"otsaila","month-2-long":"martxoa","month-3-long":"apirila","month-4-long":"maiatza","month-5-long":"ekaina","month-6-long":"uztaila","month-7-long":"abuztua","month-8-long":"iraila","month-9-long":"urria","month-10-long":"azaroa","month-11-long":"abendua","month-0-genitive":"urtarrila","month-1-genitive":"otsaila","month-2-genitive":"martxoa","month-3-genitive":"apirila","month-4-genitive":"maiatza","month-5-genitive":"ekaina","month-6-genitive":"uztaila","month-7-genitive":"abuztua","month-8-genitive":"iraila","month-9-genitive":"urria","month-10-genitive":"azaroa","month-11-genitive":"abendua","month-0-short":"urt","month-1-short":"ots","month-2-short":"mar","month-3-short":"api","month-4-short":"mai","month-5-short":"eka","month-6-short":"uzt","month-7-short":"abu","month-8-short":"ira","month-9-short":"urr","month-10-short":"aza","month-11-short":"abe","minutes-ago-long":{"_index":["plural","value"],"_":{"zero":"orain","one":"duela minutu bat","two":"duela {{value}} minutu","few":"duela {{value}} minutu","many":"duela {{value}} minutu","other":"duela {{value}} minutu"}},"hours-ago-long":{"_index":["plural","value"],"_":{"zero":"orain","one":"duela ordubete","two":"duela {{value}} ordu","few":"duela {{value}} ordu","many":"duela {{value}} ordu","other":"duela {{value}} ordu"}},"days-ago-long":{"_index":["plural","value"],"_":{"zero":"gaur","one":"atzo","two":"herenegun","few":"duela {{value}} egun","many":"duela {{value}} egun","other":"duela {{value}} egun"}},"weeks-ago-long":{"_index":["plural","value"],"_":{"zero":"aste honetan","one":"azken astean","two":"duela {{value}} aste","few":"duela {{value}} aste","many":"duela {{value}} aste","other":"duela {{value}} aste"}},"months-ago-long":{"_index":["plural","value"],"_":{"zero":"hilabete honetan","one":"azken hilabetean","two":"duela {{value}} hilabete","few":"duela {{value}} hilabete","many":"duela {{value}} hilabete","other":"duela {{value}} hilabete"}},"years-ago-long":{"_index":["plural","value"],"_":{"zero":"aurten","one":"iaz","two":"duela {{value}} urte","few":"duela {{value}} urte","many":"duela {{value}} urte","other":"duela {{value}} urte"}},"minutes-until-long":{"_index":["plural","value"],"_":{"zero":"orain","one":"minutu barru","two":"{{value}} minutu barru","few":"{{value}} minutu barru","many":"{{value}} minutu barru","other":"{{value}} minutu barru"}},"hours-until-long":{"_index":["plural","value"],"_":{"zero":"orain","one":"ordubete barru","two":"{{value}} ordu barru","few":"{{value}} ordu barru","many":"{{value}} ordu barru","other":"{{value}} ordu barru"}},"days-until-long":{"_index":["plural","value"],"_":{"zero":"gaur","one":"bihar","two":"etzi","few":"{{value}} egun barru","many":"{{value}} egun barru","other":"{{value}} egun barru"}},"weeks-until-long":{"_index":["plural","value"],"_":{"zero":"aste honetan","one":"hurrengo astean","two":"{{value}} aste barru","few":"{{value}} aste barru","many":"{{value}} aste barru","other":"{{value}} aste barru"}},"months-until-long":{"_index":["plural","value"],"_":{"zero":"hil honetan","one":"hurrengo hilean","two":"{{value}} hilabete barru","few":"{{value}} hilabete barru","many":"{{value}} hilabete barru","other":"{{value}} hilabete barru"}},"years-until-long":{"_index":["plural","value"],"_":{"zero":"aurten","one":"hurrengo urtean","two":"{{value}} urte barru","few":"{{value}} urte barru","many":"{{value}} urte barru","other":"{{value}} urte barru"}},"minutes-ago-short":{"_index":["plural","value"],"_":{"zero":"orain","other":"duela {{value}}m"}},"hours-ago-short":{"_index":["plural","value"],"_":{"zero":"orain","other":"duela {{value}}h"}},"days-ago-short":{"_index":["plural","value"],"_":{"zero":"gaur","other":"duela {{value}}eg."}},"minutes-until-short":{"_index":["plural","value"],"_":{"zero":"orain","other":"{{value}}m barru"}},"hours-until-short":{"_index":["plural","value"],"_":{"zero":"orain","other":"{{value}}h barru"}},"days-until-short":{"_index":["plural","value"],"_":{"zero":"gaur","other":"{{value}}eg. barru"}},"incorrectDate":"(data okerra)","dateTimeFormat_%c":"%a, %Y.eko %Bren %ea %H:%M:%S","dateTimeFormat_%x":"%Y/%m/%d","dateTimeFormat_%X":"%H:%M:%S","shortTimeFormat":"%H:%M","shortDateTimeFormat":"%x %H:%M","weekStartsOnMonday":"1","time_am":"AM","time_pm":"PM","tz-region":"Eskualdea","tz-city":"Hiria","tzRegion-Africa":"Afrika","tzRegion-America":"Amerika","tzRegion-Antarctica":"Antartika","tzRegion-Asia":"Asia","tzRegion-Atlantic":"Ozeano Atlantikoa","tzRegion-Australia":"Australia","tzRegion-Europe":"Europa","tzRegion-Indian":"Ozeano Indikoa","tzRegion-Pacific":"Ozeano Barea","close":"Itxi","import":"Inportatu","update":"Eguneratu","fbFriends":"FBeko lagunak","live-serviceName":"Outlook","gmail-serviceName":"Gmail","facebook-serviceName":"FBeko lagunak","selectAll":"Hautatu denak","deselectAll":"Desautatu denak","viewAll":"Ikusi Facebookeko lagun guztiak","viewRecommend":"Ikusi gomendatutakoak soilik","linkProposal":{"_index":["plural","numFriends"],"_":{"zero":"Bat datorren lagunik ez. Denak erakusten","one":"Hautatu gomendatutakoa","two":"Hautatu bat gomendatutakoen artetik","few":"Hautatu bat gomendatutakoen artetik","many":"Hautatu bat gomendatutakoen artetik","other":"Hautatu bat gomendatutakoen artetik"}},"fbFriendsFound":{"_index":["plural","numFriends"],"_":{"zero":"Zure lagun guztiak inportatuta daude","one":"Inportatzeko lagun bat aurkitu da","two":"Inportatzeko {{numFriends}} lagun aurkitu dira","few":"Inportatzeko {{numFriends}} lagun aurkitu dira","many":"Inportatzeko {{numFriends}} lagun aurkitu dira","other":"Inportatzeko {{numFriends}} lagun aurkitu dira"}},"fbNoFriends":"Ez dago kontakturik inportatzeko","search-contact":{"placeholder":"Bilatu"},"noResults":"Ez da kontakturik aurkitu.","done-search":"Eginda","progressFB3ImportTitle":"Lagunak kontaktuetara inportatzen","progressFB":"{{total}}/{{current}}","progressFB3UpdateTitle":"Lagunak kontaktuetan eguneratzen","message2":"Pare bat minutu har ditzake","messageLinking":"Itxaron mesedez. Zure laguna eta kontaktua lotzen ari gara.","messageCanceling":"Itxaron mesedez. Martxan dagoen eragiketa uzten ari gara.","error1":"Errorea {{from}}","error2":"Berriro saiatu nahi duzu?","errorProposal":"proposamendak kalkulatzen","errorFriends":"lagunak eskuratzen","errorLinking":"kontaktua lotzen","timeout1":"Denbora-muga gainditu da {{from}}","timeout2":"Berriro saiatu nahi duzu?","timeoutProposal":"proposamenak kalkulatzen","timeoutFriends":"lagunak eskuratzen","timeoutLinking":"kontaktuak lotzen","wait1":"Itxaron mesedez","wait2":"Pare bat minutu har ditzake","waitProposal":"Itxaron mesedez. Proposamena kalkulatzen ari gara.","waitFriends":"Itxaron mesedez. Zure lagunen zerrenda eskuratzeko konektatzen ari gara.","curtainCancel":"Utzi","curtainRetry":"Saiatu berriro","curtainOK":"Ados","connectionLost":"Interneteko konexiorik ez","connectionLostMsg":"Lagunen argazkiak ez dira gehituko zure kontaktuetara. Jarraitu halere?","yesOption":"Ados","noOption":"Utzi","friendsUpdated":{"_index":["plural","numFriends"],"_":{"zero":"Ez da lagunik eguneratu","one":"Lagun bat eguneratu da","two":"{{numFriends}} lagun eguneratu dira","few":"{{numFriends}} lagun eguneratu dira","many":"{{numFriends}} lagun eguneratu dira","other":"{{numFriends}} lagun eguneratu dira"}},"friendsMerged":{"_index":["plural","numDups"],"_":{"zero":"Ez da bikoiztutako lagunik batu","one":"Bikoiztutako lagun bat batu da","two":"{{numDups}} lagun batu dira","few":"{{numDups}} lagun batu dira","many":"{{numDups}} lagun batu dira","other":"{{numDups}} lagun batu dira"}},"notificationLogin":"Zure Facebook saioa baliogabea da. Hasi saioa mesedez.","syncError":"Errorea gertatu da zure lagunen datuak sinkronizatzean"}