{"brandShortName":"B2G OS","browserBrandShortName":"Navegador web","browserBrandFullName":"Navegador web de Mozilla","back":"Atrás","noSimMsg":"Para importar os contactos, insira ou desbloquee a súa tarxeta SIM","noMemoryCardMsg":"Para importar contactos insira unha tarxeta de memoria","importMemoryCard":"Tarxeta de memoria","noConnection11":"Para importar os contactos ou amigos do Facebook, conéctese a unha rede Wi-Fi ou a unha rede de datos","simContacts-import":"Importar contactos da SIM","simContacts-importing":"Importando contactos da SIM…","simContacts-reading":"Lendo contactos da tarxeta SIM…","simContacts-error":"Non foi posíbel importar os contactos da SIM","simContacts-imported3":{"_index":["plural","n"],"_":{"zero":"Non se detectaron contactos na SIM para importar","one":"Importouse un contacto","two":"Importáronse {{n}} contactos","few":"Importáronse {{n}} contactos","many":"Importáronse {{n}} contactos","other":"Importáronse {{n}} contactos"}},"memoryCardContacts-import":"Importar contactos da tarxeta de memoria","memoryCardContacts-importing":"Importando contactos da tarxeta de memoria","memoryCardContacts-reading":"Lendo contactos da tarxeta de memoria…","memoryCardContacts-error":"Non foi posíbel importar os contactos da tarxeta de memoria","memoryCardContacts-imported3":{"_index":["plural","n"],"_":{"zero":"Non se detectaron contactos na tarxeta de memoria para importar","one":"Importouse un contacto","two":"Importáronse {{n}} contactos","few":"Importáronse {{n}} contactos","many":"Importáronse {{n}} contactos","other":"Importáronse {{n}} contactos"}},"genericProgress":"{{current}}/{{total}}","facebook":"Facebook","facebook-import-msg":{"_index":["plural","imported"],"_":{"zero":"Ningún amigo importado (de {{total}})","one":"Importouse un amigo (de {{total}})","two":"{{imported}}/{{total}} amigos importados","few":"{{imported}}/{{total}} amigos importados","many":"{{imported}}/{{total}} amigos importados","other":"{{imported}}/{{total}} amigos importados"}},"contactsMerged":{"_index":["plural","numDups"],"_":{"zero":"Non se uniu ningún contacto duplicado","one":"Uniuse un contacto duplicado","two":"Uníronse {{numDups}} contactos","few":"Uníronse {{numDups}} contactos","many":"Uníronse {{numDups}} contactos","other":"Uníronse {{numDups}} contactos"}},"pincode2":"Escriba o PIN","type_pin":"Escriba o seu código PIN","pincodeLabel":"PIN da SIM {{n}}","pinValidation":"O PIN debe ter entre 4 e 8 caracteres.","pinError":"O PIN é incorrecto.","pinAttemptMsg2":{"_index":["plural","n"],"_":{"one":"Só lle queda un intento para escribir o código correcto antes de bloquear a tarxeta SIM.","two":"Quédanlle {{n}} intentos para escribir o código correcto antes de bloquear a tarxeta SIM.","few":"Quédanlle {{n}} intentos para escribir o código correcto antes de bloquear a tarxeta SIM.","many":"Quédanlle {{n}} intentos para escribir o código correcto antes de bloquear a tarxeta SIM.","other":"Quédanlle {{n}} intentos para escribir o código correcto antes de bloquear a tarxeta SIM."}},"pinLastChanceMsg":"Esta é a súa última oportunidade para escribir o PIN correcto. Se non o fai, debe escribir o código PUK para usar esta tarxeta SIM.","pukcode":"Escriba o PUK","pukcodeTitle":"Escribir PUK da SIM {{n}}","pukcodeLabel":"PUK da SIM {{n}}","type_puk":"Código PUK","pukValidation":"O código PUK debe ter exactamente 8 caracteres.","pukInfo":"Debe escribir a chave de desbloqueo persoal (código PUK) da tarxeta SIM. Consulte a documentación da súa tarxeta SIM ou contacte coa súa operadora de telefonía para obter máis información.","pukError":"O PUK é incorrecto.","pukAttemptMsg2":{"_index":["plural","n"],"_":{"one":"Só lle queda un intento para escribir o código correcto antes de que esta tarxeta SIM quede inservíbel. Consulte a documentación da súa tarxeta SIM ou contacte coa súa operadora de telefonía para obter máis información.","two":"Quédanlle {{n}} intentos para escribir o código correcto antes de que esta tarxeta SIM quede inservíbel. Consulte a documentación da súa tarxeta SIM ou contacte coa súa operadora de telefonía para obter máis información.","few":"Quédanlle {{n}} intentos para escribir o código correcto antes de que esta tarxeta SIM quede inservíbel. Consulte a documentación da súa tarxeta SIM ou contacte coa súa operadora de telefonía para obter máis información.","many":"Quédanlle {{n}} intentos para escribir o código correcto antes de que esta tarxeta SIM quede inservíbel. Consulte a documentación da súa tarxeta SIM ou contacte coa súa operadora de telefonía para obter máis información.","other":"Quédanlle {{n}} intentos para escribir o código correcto antes de que esta tarxeta SIM quede inservíbel. Consulte a documentación da súa tarxeta SIM ou contacte coa súa operadora de telefonía para obter máis información."}},"pukLastChanceMsg":"Esta é a súa última oportunidade para escribir o código PUK correcto. A súa tarxeta SIM quedará inservíbel se escribe un código PUK incorrecto.","create_newpin":"Crear novo PIN (4 a 8 díxitos)","confirm_newpin":"Confirmar novo PIN","newpinConfirmation":"Non coincide o PIN","nckcode":"Escribir código NCK","cckcode":"Escribir código CCK","spckcode":"Escribir código SPCK","nck1code":"Escribir código NCK1","nck2code":"Escribir código NCK2","hnckcode":"Escribir código HNCK","rcckcode":"Escribir código RCCK","rspckcode":"Escribir código RSPCK","nckcodeTitle":"Escribir código NCK da SIM {{n}}","cckcodeTitle":"Escribir código CCK da SIM {{n}}","spckcodeTitle":"Escribir código SPCK da SIM {{n}}","nck1codeTitle":"Escribir código NCK1 da SIM {{n}}","nck2codeTitle":"Escribir código NCK2 da SIM {{n}}","hnckcodeTitle":"Escribir código HNCK da SIM {{n}}","rcckcodeTitle":"Escribir código RCCK da SIM {{n}}","rspckcodeTitle":"Escribir código RSPCK da SIM {{n}}","nckcodeLabel":"NCK da SIM {{n}}","cckcodeLabel":"CCK da SIM {{n}}","spckcodeLabel":"SPCK da SIM {{n}}","nck1codeLabel":"NCK1 da SIM {{n}}","nck2codeLabel":"NCK2 da SIM {{n}}","hnckcodeLabel":"HNCK da SIM {{n}}","rcckcodeLabel":"RCCK da SIM {{n}}","rspckcodeLabel":"RSPCK da SIM {{n}}","type_nck":"Escriba o código NCK","type_cck":"Escriba o código CCK","type_spck":"Escriba o código SPCK","type_nck1":"Escriba o código NCK1","type_nck2":"Escriba o código NCK2","type_hnck":"Escriba o código HNCK","type_rcck":"Escriba o código RCCK","type_rspck":"Escriba o código RSPCK","nckValidation":"O código NCK debe ter entre 8 e 16 caracteres.","cckValidation":"O código CCK debe ter entre 8 e 16 caracteres.","spckValidation":"O código SPCK debe ter entre 8 e 16 caracteres.","nck1Validation":"O código NCK1 debe ter entre 8 e 16 caracteres.","nck2Validation":"O código NCK2 debe ter entre 8 e 16 caracteres.","hnckValidation":"O código HNCK debe ter entre 8 e 16 caracteres.","rcckValidation":"O código RCCK debe ter entre 8 e 16 caracteres.","rspckValidation":"O código RSPCK debe ter entre 8 e 16 caracteres.","nckErrorMsg":"O código NCK é incorrecto.","nckAttemptMsg2":{"_index":["plural","n"],"_":{"one":"Fallou a solicitude de despersonalización da rede. Só lle queda un intento para escribir o código correcto. Consulte a documentación do seu dispositivo ou contacte coa súa operadora de telefonía para obter máis información.","two":"Fallou a solicitude de despersonalización da rede. Quédanlle {{n}} intentos para escribir o código correcto. Consulte a documentación do seu dispositivo ou contacte coa súa operadora de telefonía para obter máis información.","few":"Fallou a solicitude de despersonalización da rede. Quédanlle {{n}} intentos para escribir o código correcto. Consulte a documentación do seu dispositivo ou contacte coa súa operadora de telefonía para obter máis información.","many":"Fallou a solicitude de despersonalización da rede. Quédanlle {{n}} intentos para escribir o código correcto. Consulte a documentación do seu dispositivo ou contacte coa súa operadora de telefonía para obter máis información.","other":"Fallou a solicitude de despersonalización da rede. Quédanlle {{n}} intentos para escribir o código correcto. Consulte a documentación do seu dispositivo ou contacte coa súa operadora de telefonía para obter máis información."}},"nckLastChanceMsg":"Fallou a solicitude de despersonalización da rede. Esta é a súa última oportunidade para escribir o código NCK correcto. Consulte a documentación do seu dispositivo ou contacte coa súa operadora de telefonía para obter máis información.","skip":"Saltar","send":"Enviar","ok":"Aceptar","simLocked":"A tarxeta SIM está bloqueada","inputCodeRetriesLeft":{"_index":["plural","n"],"_":{"one":"Último intento.","two":"Quedan{{n}} intentos.","few":"Quedan{{n}} intentos.","many":"Quedan{{n}} intentos.","other":"Quedan{{n}} intentos."}},"simManager":"Xestor SIM","simDetail":"SIM {{n}}","simDefault":"(predeterminado)","simDefaultMessage":"De forma predeterminada, úsase a SIM 1 para a conexión de datos e as chamadas e mensaxes saíntes","simSettingsMessage":"Pode cambiar a configuración predeterminada en Axustes > Xestor SIM","simPinLocked":"PIN da SIM bloqueado","noOperator":"Sen operadora","language":"Idioma","3g":"Datos móbiles","dataConnection":"Activar a conexión","dataConnectionInfo":"Activando a conexión de datos do móbil agora, permitíralle configurar o seu teléfono sen unha conexión Wi-Fi. Tamén pode activala máis tarde no aplicativo Configuración. Asegúrese de ter un plan de datos coa súa operadora para evitar cargos adicionais.","caution":"Aviso","geolocation":"Xeolocalización","geolocationCheckbox":"Activar xeolocalización","geolocationInfo2":"{{brandShortName}} usa os datos do GPS, Wi-Fi e de antenas de telefonía móbil que o rodean para determinar a súa localización aproximada.","geolocationInfoMore":"Os datos envíanse a Mozilla e a outros fornecedores de servizos e agrúpanse para mellorar a precisión das bases de datos de localización. Os datos almacénanse no seu dispositivo e poden recollerse incluso cando non se executa ningún aplicativo.","notice":"Aviso","aboutYourPrivacy":"Máis información sobre a privacidade","scanningNetworks":"Buscando redes","selectNetwork":"Elixa unha rede","shortStatus-connecting":"Conectando…","shortStatus-associated":"Obtendo un enderezo IP…","shortStatus-connected":"Conectado","shortStatus-connectingfailed":"Fallou a conexión","shortStatus-disconnected":"Desconectado","securedBy":"protexida por {{capabilities}}","security":"Seguranza","securityNone":"Ningún","securityWEP":"WEP","securityWPA-PSK":"WPA-PSK","securityWPA-EAP":"WPA-EAP","securityOpen":"Abrir","identity":"Usuario","identityInput":{"placeholder":"Usuario"},"password":"Contrasinal","passwordInput":{"placeholder":"Contrasinal"},"showPassword":"Amosar contrasinal","refresh":"Refrescar","noWifiFound3":"Non se atoparon redes sen fíos","join-hidden-button":"Unirse a unha rede agochada","authentication":"Autenticación","ssid-name":"SSID da rede","wifiLevel":"{{level}} de 4 barras","networksList":"Atopáronse redes","dateAndTime":"Data e hora","timezoneTitle":"UTC{{utcOffset}} {{region}}/{{city}}","timeZone":"Fuso horario","change":"Cambiar","region":{"ariaLabel":"Rexión"},"city":{"ariaLabel":"Cidade"},"date":{"ariaLabel":"Data"},"time":{"ariaLabel":"Hora"},"importContacts3":"Importar contactos","importSim2":"Tarxeta SIM","importFb2":"Facebook","importOutlook":"Outlook","importGmail":"Gmail","fb-checking":"… comprobando","notImportedYet":"Aínda sen importar","otherAccount":"Outras contas","afterFbImport":"Pode importar e editar os amigos do Facebook en calquera momento na configuración do aplicativo Contactos","firefox-accounts":"Contas Firefox","fxa-overview":{"innerHTML":"Unha conta Firefox permítelle usar características como Atopa dispositivo e aplicativos como Firefox Marketplace."},"fxa-create-account-or-sign-in":"Crear conta ou identificarse","fxa-email-sent":"Enviouse unha ligazón de verificación a {{email}}","fxa-signed-in":"Accedeu como {{email}}","about-your-rights-0":"{{brandShortName}} é un software de código aberto e libre, construído por unha comunidade de centos de persoas de todo o mundo. Hai algunhas cousas que debería saber:","about-your-rights-1":"{{brandShortName}} está dispoñíbel nos termos de varias licenzas libres incluíndo a Mozilla Public License. Un dispositivo que execute {{brandShortName}} tamén pode conter software privativo de terceiros. Calquera código con licenza libre outorga o dereito de modificar o código fonte e distribuír as versións modificadas coa condición de respectar os termos da licenza.","about-your-rights-2":"Non se lle outorga ningún dereito nin licenza sobre as marcas da Fundación Mozilla ou as súas filiais, incluíndo sen limitación o nome ou o logo do {{brandShortName}}.","about-your-rights-3":"Algunhas características do {{brandShortName}}, como o Informador de erros, dánlle a opción de fornecer información a Mozilla. Cando escolle enviar esa información, dálle a Mozilla permiso para usala para mellorar os seus produtos, para publicala nos seus sitios web e para distribuíla.","about-other":"Outros","SIM_mandatory":"Aviso da tarxeta SIM","SIM_mandatory_warm":"Insira unha tarxeta SIM e reinicie o teléfono.","telemetry-sends2":"Telemetry envía a Mozilla información sobre o rendemento, o hardware, a configuración, as personalizacións e o uso dos aplicativos no seu dispositivo {{brandShortName}}. Esta información úsase para mellorar os nosos produtos, facelos máis rápidos e máis receptivos.","learn-more-telemetry":{"innerHTML":"Máis información en {{link}}"},"learn-more-information":{"innerHTML":"Infórmese de como xestiona Mozilla a súa información en {{link}}"},"welcomeBrowser":"Benvida a {{brandShortName}}, o sistema operativo libre e de código aberto de Mozilla. A nosa misión é promover os estándares abertos, a innovación e garantir que o poder da Web permanece nas súas mans.","learn-more-privacy":{"innerHTML":"Infórmese de como xestiona Mozilla a súa información na nosa {{link}}."},"learn-more-privacy-link":"política de privacidade","aboutBrowser":"Sobre o {{brandShortName}}","aboutYourPrivacy2":"A súa privacidade","mozillaCommunity2":"Cando vostede usa {{brandShortName}}, entra a formar parte dunha comunidade global que traballa por un futuro mellor para a Web. Se desexa saber máis sobre a comunidade de Mozilla, os nosos produtos e eventos na súa zona, escriba o seu enderezo de correo electrónico a continuación.","sharePerformanceAndUsageData":"Quero axudar a mellorar {{brandShortName}} compartindo información sobre o meu teléfono e como o uso.","learnMore":"Máis información.","emailAddress":{"placeholder":"Enderezo de correo"},"email-successfully-added":"Engadiuse o correo correctamente","email-loading":"Gardando o seu correo…","privacy-b2g":{"_":"{{brandShortName}}","title":"{{brandShortName}}"},"privacy-marketplace":{"_":"Marketplace","title":"{{privacy-marketplace}}"},"privacy-eme":"EverythingMe","privacy-e-me":{"_":"everything.me","title":"{{privacy-e-me}}"},"navbar-back":"Atrás","navbar-next":"Seguinte","navbar-join":"Unirse","done":"Feito","thatsIt":"Iso é todo!","startYourPhone":"Coñeza o seu teléfono!","startYourTablet":"Coñeza a súa tableta!","joinTutorial":"Faga unha breve visita guiada polo seu novo teléfono.","enjoyYourPhone":"Todo listo para gozar do seu novo teléfono.","optionsAvailable":"Pode cambiar o idioma, a data/hora e a conexión Wi-Fi en Axustes.","letsGo":"Adiante","startTour":"Comezar visita","whatsNew":"What’s new","updatedSuccessfully":"Your phone has updated successfully! Start the tour to find out more about the new features.","thatsIt1Tablet-2":"Sempre pode volver á pantalla inicial con só deslizar o dedo dende o borde inferior da pantalla.","thatsIt2Tablet-2":"Próbeo agora!","tutorial":"Titorial","tutorial-step1-tiny":"Deslice a pantalla de dereita a esquerda para ver os aplicativos.","tutorial-step2-tiny":"Toque durante uns segundos unha icona para eliminala ou movela.","tutorial-step3-tiny":"Escriba unha palabra clave ou un tema e o teléfono adaptarase ao instante.","tutorial-step4-tiny":"Deslice a pantalla cara abaixo para acceder ás notificacións recentes, información de consumo e aos axustes.","tutorial-step5-tiny":"Toque durante uns segundos o botón de inicio para examinar e pechar os aplicativos recentes.","tutorial-step6-tiny":"Deslice o dedo dende o lateral da pantalla para desprazarse adiante e atrás entre os aplicativos recentes.","tutorial-step1-large-2":"Deslice o dedo dende a parte superior da pantalla para acceder ás notificacións, información de consumo e aos axustes.","tutorial-step2-large-2":"Deslice o dedo á esquerda ou á dereita para descubrir novos aplicativos na pantalla inicial.","tutorial-step3-large-2":"Toque durante uns segundos unha icona para eliminala ou movela.","tutorial-step4-large-2":"Deslice dous dedos dende o borde inferior para activar a visualización de tarxetas.","tutorial-vertical-scroll-tiny":"Deslice o dedo arriba ou abaixo para ver os seus aplicativos. Toque durante uns segundos unha icona para movela ou eliminala.","tutorial-notifications-tiny":"Deslice a pantalla cara abaixo para acceder ás notificacións recentes, información de consumo e aos axustes.","tutorial-sheets-tiny":"Arrastre o borde esquerdo da pantalla para volver aos aplicativos usados recentemente.","offline-dialog-title":"É necesario estar conectado á Internet para ver a páxina.","offline-dialog-text":"Volva atrás e conéctese á Internet. Tamén pode ver a páxina máis tarde dende os Axustes ou escribindo o enderezo {{url}} en calquera navegador.","OK":"Aceptar","offline-newsletter-dialog-title":"É necesario estar conectado á Internet para subscribirse ao boletín de información.","offline-newsletter-dialog-text":"Volva atrás e conéctese á Internet.","invalid-email-dialog-title":"O seu correo é incorrecto","invalid-email-dialog-text":"Volva atrás e corrixa os datos inseridos.","retry":"Tentar de novo","cancel":"Cancelar","progressbar":{"_":"Paso {{step}} de {{total}}","ariaLabel":"Titorial de introdución"},"weekday-0-long":"Domingo","weekday-1-long":"Luns","weekday-2-long":"Martes","weekday-3-long":"Mércores","weekday-4-long":"Xoves","weekday-5-long":"Venres","weekday-6-long":"Sábado","weekday-0-short":"Dom","weekday-1-short":"Lun","weekday-2-short":"Mar","weekday-3-short":"Mer","weekday-4-short":"Xov","weekday-5-short":"Ven","weekday-6-short":"Sab","month-0-long":"Xaneiro","month-1-long":"Febreiro","month-2-long":"Marzo","month-3-long":"Abril","month-4-long":"Maio","month-5-long":"Xuño","month-6-long":"Xullo","month-7-long":"Agosto","month-8-long":"Setembro","month-9-long":"Outubro","month-10-long":"Novembro","month-11-long":"Decembro","month-0-genitive":"Xaneiro","month-1-genitive":"Febreiro","month-2-genitive":"Marzo","month-3-genitive":"Abril","month-4-genitive":"Maio","month-5-genitive":"Xuño","month-6-genitive":"Xullo","month-7-genitive":"Agosto","month-8-genitive":"Setembro","month-9-genitive":"Outubro","month-10-genitive":"Novembro","month-11-genitive":"Decembro","month-0-short":"Xan","month-1-short":"Feb","month-2-short":"Mar","month-3-short":"Abr","month-4-short":"Maio","month-5-short":"Xun","month-6-short":"Xul","month-7-short":"Ago","month-8-short":"Set","month-9-short":"Out","month-10-short":"Nov","month-11-short":"Dec","minutes-ago-long":{"_index":["plural","value"],"_":{"zero":"xusto agora","one":"hai un minuto","two":"hai {{value}} minutos","few":"hai {{value}} minutos","many":"hai {{value}} minutos","other":"hai {{value}} minutos"}},"hours-ago-long":{"_index":["plural","value"],"_":{"zero":"xusto agora","one":"hai unha hora","two":"hai {{value}} horas","few":"hai {{value}} horas","many":"hai {{value}} horas","other":"hai {{value}} horas"}},"days-ago-long":{"_index":["plural","value"],"_":{"zero":"hoxe","one":"onte","two":"hai {{value}} días","few":"hai {{value}} días","many":"hai {{value}} días","other":"hai {{value}} días"}},"weeks-ago-long":{"_index":["plural","value"],"_":{"zero":"esta semana","one":"a semana pasada","two":"hai {{value}} semanas","few":"hai {{value}} semanas","many":"hai {{value}} semanas","other":"hai {{value}} semanas"}},"months-ago-long":{"_index":["plural","value"],"_":{"zero":"Este mes","one":"o mes pasado","two":"hai {{value}} meses","few":"hai {{value}} meses","many":"hai {{value}} meses","other":"hai {{value}} meses"}},"years-ago-long":{"_index":["plural","value"],"_":{"zero":"este ano","one":"o ano pasado","two":"hai {{value}} anos","few":"hai {{value}} anos","many":"hai {{value}} anos","other":"hai {{value}} anos"}},"minutes-until-long":{"_index":["plural","value"],"_":{"zero":"agora","one":"nun minuto","two":"en {{value}} minutos","few":"en {{value}} minutos","many":"en {{value}} minutos","other":"en {{value}} minutos"}},"hours-until-long":{"_index":["plural","value"],"_":{"zero":"agora","one":"nunha hora","two":"en {{value}} horas","few":"en {{value}} horas","many":"en {{value}} horas","other":"en {{value}} horas"}},"days-until-long":{"_index":["plural","value"],"_":{"zero":"hoxe","one":"mañá","two":"en {{value}} días","few":"en {{value}} días","many":"en {{value}} días","other":"en {{value}} días"}},"weeks-until-long":{"_index":["plural","value"],"_":{"zero":"esta semana","one":"a semana que ven","two":"en {{value}} semanas","few":"en {{value}} semanas","many":"en {{value}} semanas","other":"en {{value}} semanas"}},"months-until-long":{"_index":["plural","value"],"_":{"zero":"Este mes","one":"o mes que ven","two":"en {{value}} meses","few":"en {{value}} meses","many":"en {{value}} meses","other":"en {{value}} meses"}},"years-until-long":{"_index":["plural","value"],"_":{"zero":"este ano","one":"o ano que ven","two":"en {{value}} anos","few":"en {{value}} anos","many":"en {{value}} anos","other":"en {{value}} anos"}},"minutes-ago-short":{"_index":["plural","value"],"_":{"zero":"xusto agora","other":"hai {{value}}min"}},"hours-ago-short":{"_index":["plural","value"],"_":{"zero":"xusto agora","other":"hai {{value}}h"}},"days-ago-short":{"_index":["plural","value"],"_":{"zero":"hoxe","other":"hai {{value}}d"}},"minutes-until-short":{"_index":["plural","value"],"_":{"zero":"agora","other":"en {{value}}min"}},"hours-until-short":{"_index":["plural","value"],"_":{"zero":"agora","other":"en {{value}}h"}},"days-until-short":{"_index":["plural","value"],"_":{"zero":"hoxe","other":"en {{value}}d"}},"incorrectDate":"(data incorrecta)","dateTimeFormat_%c":"%a, %e de %b, %Y %H:%M:%S","dateTimeFormat_%x":"%d/%m/%Y","dateTimeFormat_%X":"%H:%M:%S","shortTimeFormat":"%H:%M","shortDateTimeFormat":"%x %H:%M %p","weekStartsOnMonday":"1","time_am":"AM","time_pm":"PM","tz-region":"Rexión","tz-city":"Cidade","tzRegion-Africa":"África","tzRegion-America":"América","tzRegion-Antarctica":"Antártida","tzRegion-Asia":"Asia","tzRegion-Atlantic":"Océano Atlántico","tzRegion-Australia":"Australia","tzRegion-Europe":"Europa","tzRegion-Indian":"Océano Índico","tzRegion-Pacific":"Océano Pacífico","close":"Pechar","import":"Importar","update":"Actualizar","fbFriends":"Amigos Facebook","live-serviceName":"Outlook","gmail-serviceName":"Gmail","facebook-serviceName":"Amigos Facebook","selectAll":"Seleccionar todo","deselectAll":"Deseleccionar todo","viewAll":"Ver todos os amigos do Facebook","viewRecommend":"ver só as recomendacións","linkProposal":{"_index":["plural","numFriends"],"_":{"zero":"Ningún amigo coincidente. Amosándoos todos","one":"Seleccionar a recomendación","two":"Seleccionar un dos amigos","few":"Seleccionar un dos amigos","many":"Seleccionar un dos amigos","other":"Seleccionar un dos amigos"}},"fbFriendsFound":{"_index":["plural","numFriends"],"_":{"zero":"Importáronse todos os seus amigos","one":"Atopouse un amigo para importar","two":"Atopáronse {{numFriends}} amigos para importar","few":"Atopáronse {{numFriends}} amigos para importar","many":"Atopáronse {{numFriends}} amigos para importar","other":"Atopáronse {{numFriends}} amigos para importar"}},"fbNoFriends":"Ningún contacto dispoñíbel para importar","search-contact":{"placeholder":"Buscar"},"noResults":"Non se atoparon contactos","done-search":"Feito","progressFB3ImportTitle":"Importando amigos a Contactos","progressFB":"{{current}}/{{total}}","progressFB3UpdateTitle":"Actualizando amigos en Contactos","message2":"Isto pode levarlle un par de minutos","messageLinking":"Agarde. Estase ligando ao seu amigo co seu contacto.","messageCanceling":"Agarde. Estase cancelando a operación en curso.","error1":"Erro {{from}}","error2":"Quere tentalo de novo?","errorProposal":"calculando propostas","errorFriends":"recuperando amigos","errorLinking":"ligando contacto","timeout1":"Excedeuse o tempo de espera {{from}}","timeout2":"Quere tentalo de novo?","timeoutProposal":"calculando propostas","timeoutFriends":"recuperando amigos","timeoutLinking":"ligando contactos","wait1":"Agarde","wait2":"Isto pode levarlle un par de minutos","waitProposal":"Agarde. Estase calculando unha proposta.","waitFriends":"Agarde. Estase conectando para obter a súa lista de amigos.","curtainCancel":"Cancelar","curtainRetry":"Tentar de novo","curtainOK":"Aceptar","connectionLost":"Sen conexión á Internet","connectionLostMsg":"As fotos dos amigos non se engadirán aos contactos. Continuar de todos os xeitos?","yesOption":"Aceptar","noOption":"Cancelar","friendsUpdated":{"_index":["plural","numFriends"],"_":{"zero":"Non se actualizou ningún amigo","one":"Actualizouse un amigo","two":"Actualizáronse {{numFriends}} amigos","few":"Actualizáronse {{numFriends}} amigos","many":"Actualizáronse {{numFriends}} amigos","other":"Actualizáronse {{numFriends}} amigos"}},"friendsMerged":{"_index":["plural","numDups"],"_":{"zero":"Non se uniu ningún amigo duplicado","one":"Uniuse un amigo duplicado","two":"Uníronse {{numDups}} amigos","few":"Uníronse {{numDups}} amigos","many":"Uníronse {{numDups}} amigos","other":"Uníronse {{numDups}} amigos"}},"notificationLogin":"A súa sesión de Facebook é incorrecta. Identifíquese.","syncError":"Produciuse un erro ao sincronizar os datos do seu amigo"}