{"brandShortName":"B2G OS","browserBrandShortName":"Webböngésző","browserBrandFullName":"Mozilla webböngésző","back":"Vissza","noSimMsg":"Névjegyek másolásához helyezze be vagy oldja fel SIM-kártyáját","noMemoryCardMsg":"Névjegyek másolásához helyezzen be egy memóriakártyát","importMemoryCard":"Memóriakártya","noConnection11":"Facebook ismerősök vagy névjegyek átmásolásához kapcsolódjon egy Wi-Fi-s vagy mobilos adathálózathoz.","simContacts-import":"Névjegyek másolása SIM-ről","simContacts-importing":"Névjegyek másolása SIM-ről…","simContacts-reading":"Olvasás a SIM kártyáról…","simContacts-error":"Nem lehet névjegyeket másolni a SIM-ről","simContacts-imported3":{"_index":["plural","n"],"_":{"zero":"Nincsenek átmásolható névjegyek a SIM-en","one":"Egy névjegy átmásolva","two":"{{n}} névjegy átmásolva","few":"{{n}} névjegy átmásolva","many":"{{n}} névjegy átmásolva","other":"{{n}} névjegy átmásolva"}},"memoryCardContacts-import":"Névjegyek másolása memóriakártyáról","memoryCardContacts-importing":"Névjegyek másolása memóriakártyáról…","memoryCardContacts-reading":"Olvasás memóriakártyáról…","memoryCardContacts-error":"Nem sikerült névjegyeket átmásolni a memóriakártyáról","memoryCardContacts-imported3":{"_index":["plural","n"],"_":{"zero":"Nincs átmásolható névjegy a memóriakártyán","one":"Egy névjegy átmásolva","two":"{{n}} névjegy átmásolva","few":"{{n}} névjegy átmásolva","many":"{{n}} névjegy átmásolva","other":"{{n}} névjegy átmásolva"}},"genericProgress":"{{current}}/{{total}}","facebook":"Facebook","facebook-import-msg":{"_index":["plural","imported"],"_":{"zero":"Nincs ismerős átmásolva (összesen: {{total}})","one":"Egy ismerős átmásolva (összesen: {{total}})","two":"{{imported}}/{{total}} ismerős átmásolva","few":"{{imported}}/{{total}} ismerős átmásolva","many":"{{imported}}/{{total}} ismerős átmásolva","other":"{{imported}}/{{total}} ismerős átmásolva"}},"contactsMerged":{"_index":["plural","numDups"],"_":{"zero":"Nem lettek többszörös névjegyek egyesítve","one":"Egy többszörös névjegy egyesítve","two":"{{numDups}} névjegy egyesítve","few":"{{numDups}} névjegy egyesítve","many":"{{numDups}} névjegy egyesítve","other":"{{numDups}} névjegy egyesítve"}},"pincode2":"Adja meg a PIN kódot","type_pin":"Írja be PIN kódját","pincodeLabel":"{{n}}. SIM PIN","pinValidation":"A PIN 4 és 8 karakter közti hosszúságú kell legyen.","pinError":"A PIN kód helytelen volt.","pinAttemptMsg2":{"_index":["plural","n"],"_":{"one":"Egy kísérlete van a helyes kód megadására a SIM kártya zárolása előtt.","two":"{{n}} kísérlete van a helyes kód megadására a SIM kártya zárolása előtt.","few":"{{n}} kísérlete van a helyes kód megadására a SIM kártya zárolása előtt.","many":"{{n}} kísérlete van a helyes kód megadására a SIM kártya zárolása előtt.","other":"{{n}} kísérlete van a helyes kód megadására a SIM kártya zárolása előtt."}},"pinLastChanceMsg":"Ez az utolsó lehetősége a helyes PIN kód megadására. Ellenkező esetben a PUK kódot kell megadnia a SIM kártya használatához.","pukcode":"Írja be a PUK kódot","pukcodeTitle":"{{n}}. SIM PUK beírása","pukcodeLabel":"{{n}}. SIM PUK","type_puk":"PUK kód","pukValidation":"A PUK pontosan 8 karakter hosszú kell legyen.","pukInfo":"Meg kell adnia a SIM kártya PUK (személyes feloldókulcs) kódját. További információkért nézze meg a SIM kártya dokumentációját, vagy keresse meg szolgáltatóját.","pukError":"Meg kell adnia a SIM kártya PUK (személyes feloldókulcs) kódját. További információkért nézze meg a SIM kártya dokumentációját, vagy keresse meg szolgáltatóját.","pukAttemptMsg2":{"_index":["plural","n"],"_":{"one":"Még egy lehetősége van a helyes kód megadására, mielőtt a SIM kártya véglegesen használhatatlanná válik. További információkért nézze meg a SIM kártya dokumentációját, vagy keresse meg szolgáltatóját.","two":"Még {{n}} lehetősége van a helyes kód megadására, mielőtt a SIM kártya véglegesen használhatatlanná válik. További információkért nézze meg a SIM kártya dokumentációját, vagy keresse meg szolgáltatóját.","few":"Még {{n}} lehetősége van a helyes kód megadására, mielőtt a SIM kártya véglegesen használhatatlanná válik. További információkért nézze meg a SIM kártya dokumentációját, vagy keresse meg szolgáltatóját.","many":"Még {{n}} lehetősége van a helyes kód megadására, mielőtt a SIM kártya véglegesen használhatatlanná válik. További információkért nézze meg a SIM kártya dokumentációját, vagy keresse meg szolgáltatóját.","other":"Még {{n}} lehetősége van a helyes kód megadására, mielőtt a SIM kártya véglegesen használhatatlanná válik. További információkért nézze meg a SIM kártya dokumentációját, vagy keresse meg szolgáltatóját."}},"pukLastChanceMsg":"Ez az utolsó lehetősége a helyes PUK kód megadására. A SIM kártyája véglegesen használhatatlan lesz, ha rossz PUK kódot ad meg.","create_newpin":"Új PIN létrehozása (4 – 8 számjegy)","confirm_newpin":"Új PIN kód megerősítése","newpinConfirmation":"A PIN kódok nem egyeznek.","nckcode":"Írja be az NCK kódot","cckcode":"Írja be a CCK kódot","spckcode":"Írja be az SPCK kódot","nck1code":"NCK1 kód megadása","nck2code":"NCK2 kód megadása","hnckcode":"HNCK kód megadása","rcckcode":"RCCK kód megadása","rspckcode":"RSPCK kód megadása","nckcodeTitle":"{{n}}. SIM NCK beírása","cckcodeTitle":"{{n}}. SIM CCK beírása","spckcodeTitle":"{{n}}. SIM SPCK beírása","nck1codeTitle":"{{n}}. SIM NCK1 beírása","nck2codeTitle":"{{n}}. SIM NCK2 beírása","hnckcodeTitle":"{{n}}. SIM HNCK beírása","rcckcodeTitle":"{{n}}. SIM RCCK beírása","rspckcodeTitle":"{{n}}. SIM RSPCK beírása","nckcodeLabel":"{{n}}. SIM NCK","cckcodeLabel":"{{n}}. SIM CCK","spckcodeLabel":"{{n}}. SIM SPCK","nck1codeLabel":"{{n}}. SIM NCK1","nck2codeLabel":"{{n}}. SIM NCK2","hnckcodeLabel":"{{n}}. SIM HNCK","rcckcodeLabel":"{{n}}. SIM RCCK","rspckcodeLabel":"{{n}}. SIM RSPCK","type_nck":"Írja be az NCK kódot","type_cck":"Írja be a CCK kódot","type_spck":"Írja be az SPCK kódot","type_nck1":"Írja be az NCK1 kódot","type_nck2":"Írja be az NCK2 kódot","type_hnck":"Írja be az HNCK kódot","type_rcck":"Írja be az RCCK kódot","type_rspck":"Írja be az RSPCK kódot","nckValidation":"Az NCK 8 és 16 karakter közti hosszúságú kell legyen.","cckValidation":"A CCK 8 és 16 karakter közti hosszúságú kell legyen.","spckValidation":"Az SPCK 8 és 16 karakter közti hosszúságú kell legyen.","nck1Validation":"Az NCK1 8 és 16 karakter közti hosszúságú kell legyen.","nck2Validation":"Az NCK2 8 és 16 karakter közti hosszúságú kell legyen.","hnckValidation":"A HNCK 8 és 16 karakter közti hosszúságú kell legyen.","rcckValidation":"Az RCCK 8 és 16 karakter közti hosszúságú kell legyen.","rspckValidation":"Az RSPCK 8 és 16 karakter közti hosszúságú kell legyen.","nckErrorMsg":"Az NCK kód helytelen.","nckAttemptMsg2":{"_index":["plural","n"],"_":{"one":"A hálózat személytelenítésére vonatkozó kérés sikertelen. Még egy lehetősége van a helyes kód megadására. Nézze meg az eszköz dokumentációját, vagy keresse meg szolgáltatóját.","two":"A hálózat személytelenítésére vonatkozó kérés sikertelen. Még {{n}} lehetősége van a helyes kód megadására. Nézze meg az eszköz dokumentációját, vagy keresse meg szolgáltatóját.","few":"A hálózat személytelenítésére vonatkozó kérés sikertelen. Még {{n}} lehetősége van a helyes kód megadására. Nézze meg az eszköz dokumentációját, vagy keresse meg szolgáltatóját.","many":"A hálózat személytelenítésére vonatkozó kérés sikertelen. Még {{n}} lehetősége van a helyes kód megadására. Nézze meg az eszköz dokumentációját, vagy keresse meg szolgáltatóját.","other":"A hálózat személytelenítésére vonatkozó kérés sikertelen. Még {{n}} lehetősége van a helyes kód megadására. Nézze meg az eszköz dokumentációját, vagy keresse meg szolgáltatóját."}},"nckLastChanceMsg":"A hálózat személytelenítésére vonatkozó kérés sikertelen. Ez az utolsó lehetősége a helyes NCK kód megadására. Nézze meg az eszköz dokumentációját, vagy keresse meg szolgáltatóját.","skip":"Kihagyás","send":"Küldés","ok":"OK","simLocked":"A SIM kártya zárolva van","inputCodeRetriesLeft":{"_index":["plural","n"],"_":{"one":"Utolsó kísérlet.","two":"Még {{n}} kísérlete van.","few":"Még {{n}} kísérlete van.","many":"Még {{n}} kísérlete van.","other":"Még {{n}} kísérlete van."}},"simManager":"SIM-kezelő","simDetail":"{{n}}. SIM","simDefault":"(alapértelmezett)","simDefaultMessage":"Kimenő hívások, kimenő üzenetek és az adatkapcsolat alapesetben az 1. SIM-re vannak állítva","simSettingsMessage":"Az alapbeállítások a Beállítások > SIM kártyakezelőben módosíthatók","simPinLocked":"SIM PIN zárolva","noOperator":"Nincs szolgáltató","language":"Nyelv","3g":"Mobiladatok","dataConnection":"Adatkapcsolat","dataConnectionInfo":"Az adatkapcsolat engedélyezése lehetővé teszi a telefon Wi-Fi kapcsolat nélküli beállítását. Később ezt a Beállításokban is bekapcsolhatja. A borsos számlák elkerülése érdekében győződjön meg arról, hogy van adatkapcsolati előfizetése a szolgáltatójánál.","caution":"Figyelmeztetés","geolocation":"Helymeghatározás","geolocationCheckbox":"Helymeghatározás","geolocationInfo2":"A {{brandShortName}} a GPS, Wi-Fi és a közeli mobil hálózatok adatait használja a megközelítő hely meghatározásához.","geolocationInfoMore":"A Mozillának és más szolgáltatóknak adatok kerülnek elküldésre, amelyek összesítve azok helyadatbázisainak javítására lesznek felhasználva. Az eszközén adatok kerülhetnek tárolásra, és adatgyűjtés történhet akkor is, ha nem futnak appok.","notice":"Figyelmeztetés","aboutYourPrivacy":"Információk az adatvédelemről","scanningNetworks":"Hálózatok keresése","selectNetwork":"Hálózatok","shortStatus-connecting":"Kapcsolódás…","shortStatus-associated":"IP-cím beszerzése…","shortStatus-connected":"Kapcsolódva","shortStatus-connectingfailed":"Kapcsolódás sikertelen","shortStatus-disconnected":"Nincs kapcsolat","securedBy":"biztosítja: {{capabilities}}","security":"Biztonság","securityNone":"Nincs","securityWEP":"WEP","securityWPA-PSK":"WPA-PSK","securityWPA-EAP":"WPA-EAP","securityOpen":"Nyitott","identity":"Felhasználó","identityInput":{"placeholder":"Felhasználó"},"password":"Jelszó","passwordInput":{"placeholder":"Jelszó"},"showPassword":"Jelszó megjelenítése","refresh":"Frissítés","noWifiFound3":"Nem található vezeték nélküli hálózat","join-hidden-button":"Rejtett hálózat elérése","authentication":"Hitelesítés","ssid-name":"SSID hálózat neve","wifiLevel":"{{level}} a 4 sávból","networksList":"Elérhető hálózatok","dateAndTime":"Dátum és idő","timezoneTitle":"UTC{{utcOffset}} {{region}}/{{city}}","timeZone":"Időzóna","change":"Módosítás","region":{"ariaLabel":"Terület"},"city":{"ariaLabel":"Város"},"date":{"ariaLabel":"Dátum"},"time":{"ariaLabel":"Idő"},"importContacts3":"Névjegyek másolása","importSim2":"SIM kártya","importFb2":"Facebook","importOutlook":"Outlook","importGmail":"Gmail","fb-checking":"… ellenőrzés","notImportedYet":"Még nincs átmásolva","otherAccount":"Más fiókok","afterFbImport":"A Névjegyek beállításai alatt bármikor átmásolhat és szerkeszthet facebookos ismerősöket","firefox-accounts":"Firefox fiókok","fxa-overview":{"innerHTML":"Firefox fiókkal hozzáférhet olyan funkciókhoz, mint az Eszközkereső és a Firefox Marketplace."},"fxa-create-account-or-sign-in":"Fiók létrehozása vagy bejelentkezés","fxa-email-sent":"A megerősítő hivatkozás elküldve ide: {{email}}","fxa-signed-in":"Bejelentkezve, mint: {{email}}","about-your-rights-0":"A {{brandShortName}} ingyenes és nyílt forrású szoftver, amelyet világszerte több ezer ember fejleszt. Néhány dologról tudnia kell:","about-your-rights-1":"A {{brandShortName}} a Mozilla Public License feltételei szerint lett közreadva. Ez azt jelenti, hogy a {{brandShortName}} használható, másolható és terjeszthető. A {{brandShortName}} forráskódjának igény szerinti módosítása szintén megengedett. A Mozilla Public License megadja a jogot a módosított verziók terjesztésére is.","about-your-rights-2":"Ön nem kapott jogot vagy felhatalmazást a védjegyek használatára sem a Mozilla Foundationtől, sem mástól, beleértve – de nem csak erre korlátozva – a {{brandShortName}} nevet és logót.","about-your-rights-3":"A {{brandShortName}} egyes funkciói, például a Hibabejelentő, lehetőséget ad a visszajelzésre a Mozilla felé. A visszajelzés elküldésével Ön engedélyt ad a Mozilla részére, hogy a visszajelzést a termékei fejlesztésére használja fel, a visszajelzést közzétegye a webhelyein, valamint a visszajelzést terjessze.","about-other":"Egyéb","SIM_mandatory":"SIM kártya figyelmeztetés","SIM_mandatory_warm":"Tegye be a SIM kártyát és indítsa újra a telefont.","telemetry-sends2":"Telemetry sends Mozilla data about performance, hardware, configurations, customizations and app usage in your {{brandShortName}} device. We use this to make our products better, faster and more responsive.","learn-more-telemetry":{"innerHTML":"Tudjon meg többet: {{link}}"},"learn-more-information":{"innerHTML":"Ismerje meg, hogyan kezeli a Mozilla az adatait: {{link}}"},"welcomeBrowser":"Üdvözli Önt a {{brandShortName}}, a Mozilla szabad és nyílt forrású operációs rendszere. Küldetésünk a nyíltság, az innováció és a lehetőségek népszerűsítése a web erejének az Ön kezébe adásával.","learn-more-privacy":{"innerHTML":"Ismerje meg {{link}}, hogy hogyan kezeli a Mozilla az adatait."},"learn-more-privacy-link":"adatvédelmi irányelveinkből","aboutBrowser":"{{brandShortName}} névjegye","aboutYourPrivacy2":"Adatvédelem","mozillaCommunity2":"A {{brandShortName}} használatával egy globális közösség részévé válik, és segít szebbé tenni a web jövőjét. Ha szeretne többet tudni a Mozilla közösségről, más termékeinkről és Önhöz közeli eseményeinkről, akkor adja meg alább az e-mail címét.","sharePerformanceAndUsageData":"I want to help improve {{brandShortName}} by sharing data about my phone and the way I use it.","learnMore":"További információk.","emailAddress":{"placeholder":"E-mail cím"},"email-successfully-added":"Az e-mail sikeresen felvéve!","email-loading":"E-mail mentése…","privacy-b2g":{"_":"{{brandShortName}}","title":"{{brandShortName}}"},"privacy-marketplace":{"_":"Marketplace","title":"{{privacy-marketplace}}"},"privacy-eme":"EverythingMe","privacy-e-me":{"_":"everything.me","title":"{{privacy-e-me}}"},"navbar-back":"Vissza","navbar-next":"Tovább","navbar-join":"Csatlakozás","done":"Kész","thatsIt":"Gratulálunk!","startYourPhone":"A telefonismertető indítása","startYourTablet":"A tablet ismertető indítása","joinTutorial":"Hadd mutassuk be új telefonját.","enjoyYourPhone":"Készen áll új telefonja használatára.","optionsAvailable":"A Beállításokban módosíthatja a nyelvet, a dátumot/időt és a Wi-Fi kapcsolatot.","letsGo":"Gyerünk","startTour":"Bemutató","whatsNew":"What’s new","updatedSuccessfully":"Your phone has updated successfully! Start the tour to find out more about the new features.","thatsIt1Tablet-2":"Lentről felfelé csúsztatva bármikor elérheti a kezdőképernyőt.","thatsIt2Tablet-2":"Csináljuk!","tutorial":"Ismertető","tutorial-step1-tiny":"Csúsztassa ujját jobbról balra az appok lapozásához.","tutorial-step2-tiny":"Mutasson egy ikonra, és tartsa rajta az ujját a törléséhez vagy az áthelyezéséhez.","tutorial-step3-tiny":"Gépeljen be bármilyen kulcsszót vagy témát és a telefonja azonnal alkalmazkodik hozzá.","tutorial-step4-tiny":"Csúsztassa ujját lefelé az értesítések, egyenleginformációk és beállítások eléréséhez.","tutorial-step5-tiny":"Tartsa lenyomva a Kezdőoldal gombot a nemrég futtatott appok lapozásához és bezárásához.","tutorial-step6-tiny":"A képernyő széleiről csúsztatva a legutóbbi appok közt lépkedhet előre és hátra.","tutorial-step1-large-2":"Csúsztassa ujját fentről lefelé az értesítések, egyenleginformációk és beállítások eléréséhez.","tutorial-step2-large-2":"Jobbra vagy balra csúsztatva új appokat fedezhet fel a kezdőképernyőn.","tutorial-step3-large-2":"Mutasson egy ikonra, és tartsa rajta az ujját a törléséhez vagy az áthelyezéséhez.","tutorial-step4-large-2":"Két ujjal lentről felfelé csúsztatva beléphet a kártya nézetbe.","tutorial-vertical-scroll-tiny":"Csúsztasson felfelé és lefelé az appok tallózásához. Mutasson egy ikonra, és tartsa rajta az ujját a törléséhez vagy az áthelyezéséhez.","tutorial-notifications-tiny":"Csúsztassa ujját lefelé az értesítések, egyenleginformációk és beállítások eléréséhez.","tutorial-sheets-tiny":"A képernyő bal széléről húzva visszatérhet a legutóbb használt alkalmazásokhoz.","offline-dialog-title":"Az oldal megjelenítéséhez csatlakoznia kell az internetre.","offline-dialog-text":"Lépjen vissza, és csatlakozzon az internetre. Az oldalt később a Beállításokból, vagy a {{url}} cím bármely böngészőbe való beírásával is megjelenítheti.","OK":"OK","offline-newsletter-dialog-title":"Csatlakoznia kell az internetre a feliratkozáshoz a hírlevélre.","offline-newsletter-dialog-text":"Lépjen vissza, és csatlakozzon az internetre.","invalid-email-dialog-title":"Az e-mail cím érvénytelen.","invalid-email-dialog-text":"Lépjen vissza, és javítsa a bejegyzést.","retry":"Próbálja újra","cancel":"Mégse","progressbar":{"_":"{{step}} / {{total}} lépés","ariaLabel":"Első használat alkalmazás"},"weekday-0-long":"Vasárnap","weekday-1-long":"Hétfő","weekday-2-long":"Kedd","weekday-3-long":"Szerda","weekday-4-long":"Csütörtök","weekday-5-long":"Péntek","weekday-6-long":"Szombat","weekday-0-short":"Va.","weekday-1-short":"Hé.","weekday-2-short":"Ke.","weekday-3-short":"Sze.","weekday-4-short":"Csü.","weekday-5-short":"Pé.","weekday-6-short":"Szo.","month-0-long":"Január","month-1-long":"Február","month-2-long":"Március","month-3-long":"Április","month-4-long":"Május","month-5-long":"Június","month-6-long":"Július","month-7-long":"Augusztus","month-8-long":"Szeptember","month-9-long":"Október","month-10-long":"November","month-11-long":"December","month-0-genitive":"Január","month-1-genitive":"Február","month-2-genitive":"Március","month-3-genitive":"Április","month-4-genitive":"Május","month-5-genitive":"Június","month-6-genitive":"Július","month-7-genitive":"Augusztus","month-8-genitive":"Szeptember","month-9-genitive":"Október","month-10-genitive":"November","month-11-genitive":"December","month-0-short":"Jan","month-1-short":"Feb","month-2-short":"Már","month-3-short":"Ápr","month-4-short":"Máj","month-5-short":"Jún","month-6-short":"Júl","month-7-short":"Aug","month-8-short":"Szep","month-9-short":"Okt","month-10-short":"Nov","month-11-short":"Dec","minutes-ago-long":{"_index":["plural","value"],"_":{"zero":"épp most","one":"egy perccel ezelőtt","two":"{{value}} perccel ezelőtt","few":"{{value}} perccel ezelőtt","many":"{{value}} perccel ezelőtt","other":"{{value}} perccel ezelőtt"}},"hours-ago-long":{"_index":["plural","value"],"_":{"zero":"épp most","one":"egy órája","two":"{{value}} órával ezelőtt","few":"{{value}} órával ezelőtt","many":"{{value}} órával ezelőtt","other":"{{value}} órával ezelőtt"}},"days-ago-long":{"_index":["plural","value"],"_":{"zero":"ma","one":"tegnap","two":"{{value}} nappal ezelőtt","few":"{{value}} nappal ezelőtt","many":"{{value}} nappal ezelőtt","other":"{{value}} nappal ezelőtt"}},"weeks-ago-long":{"_index":["plural","value"],"_":{"zero":"ez a hét","one":"múlt hét","two":"{{value}} héttel ezelőtt","few":"{{value}} héttel ezelőtt","many":"{{value}} héttel ezelőtt","other":"{{value}} héttel ezelőtt"}},"months-ago-long":{"_index":["plural","value"],"_":{"zero":"ez a hónap","one":"előző hónap","two":"{{value}} hónappal ezelőtt","few":"{{value}} hónappal ezelőtt","many":"{{value}} hónappal ezelőtt","other":"{{value}} hónappal ezelőtt"}},"years-ago-long":{"_index":["plural","value"],"_":{"zero":"ez az év","one":"tavaly","two":"{{value}} évvel ezelőtt","few":"{{value}} évvel ezelőtt","many":"{{value}} évvel ezelőtt","other":"{{value}} évvel ezelőtt"}},"minutes-until-long":{"_index":["plural","value"],"_":{"zero":"most","one":"egy percen belül","two":"{{value}} percen belül","few":"{{value}} percen belül","many":"{{value}} percen belül","other":"{{value}} percen belül"}},"hours-until-long":{"_index":["plural","value"],"_":{"zero":"most","one":"egy órán belül","two":"{{value}} órán belül","few":"{{value}} órán belül","many":"{{value}} órán belül","other":"{{value}} órán belül"}},"days-until-long":{"_index":["plural","value"],"_":{"zero":"ma","one":"holnap","two":"{{value}} napon belül","few":"{{value}} napon belül","many":"{{value}} napon belül","other":"{{value}} napon belül"}},"weeks-until-long":{"_index":["plural","value"],"_":{"zero":"ez a hét","one":"következő hét","two":"{{value}} héten belül","few":"{{value}} héten belül","many":"{{value}} héten belül","other":"{{value}} héten belül"}},"months-until-long":{"_index":["plural","value"],"_":{"zero":"ez a hónap","one":"következő hónap","two":"{{value}} héten belül","few":"{{value}} héten belül","many":"{{value}} héten belül","other":"{{value}} héten belül"}},"years-until-long":{"_index":["plural","value"],"_":{"zero":"ez az év","one":"következő év","two":"{{value}} éven belül","few":"{{value}} éven belül","many":"{{value}} éven belül","other":"{{value}} éven belül"}},"minutes-ago-short":{"_index":["plural","value"],"_":{"zero":"épp most","other":"{{value}}p ezelőtt"}},"hours-ago-short":{"_index":["plural","value"],"_":{"zero":"épp most","other":"{{value}}ó ezelőtt"}},"days-ago-short":{"_index":["plural","value"],"_":{"zero":"ma","other":"{{value}}n ezelőtt"}},"minutes-until-short":{"_index":["plural","value"],"_":{"zero":"most","other":"{{value}} percen belül"}},"hours-until-short":{"_index":["plural","value"],"_":{"zero":"most","other":"{{value}} órán belül"}},"days-until-short":{"_index":["plural","value"],"_":{"zero":"ma","other":"{{value}} napon belül"}},"incorrectDate":"(helytelen dátum)","dateTimeFormat_%c":"%Y. %b %d %a %H:%M:%S","dateTimeFormat_%x":"%Y. %m. %d.","dateTimeFormat_%X":"%H:%M:%S","shortTimeFormat":"%H:%M","shortDateTimeFormat":"%x %H:%M","weekStartsOnMonday":"0","time_am":"DE","time_pm":"DU","tz-region":"Terület","tz-city":"Város","tzRegion-Africa":"Afrika","tzRegion-America":"Amerika","tzRegion-Antarctica":"Antarktisz","tzRegion-Asia":"Ázsia","tzRegion-Atlantic":"Atlanti-óceán","tzRegion-Australia":"Ausztrália","tzRegion-Europe":"Európa","tzRegion-Indian":"Indiai-óceán","tzRegion-Pacific":"Csendes-óceán","close":"Bezárás","import":"Másolás","update":"Frissítés","fbFriends":"Facebook","live-serviceName":"Outlook","gmail-serviceName":"Gmail","facebook-serviceName":"Facebook","selectAll":"Minden kijelölése","deselectAll":"Kijelölés törlése","viewAll":"Az összes Facebook ismerős listája","viewRecommend":"Ajánlottak megjelenítése","linkProposal":{"_index":["plural","numFriends"],"_":{"zero":"Nincs egyező ismerős. Az összes megjelenítése","one":"Válasszon ki egy ajánlást","two":"Válasszon ki egy ajánlást","few":"Válasszon ki egy ajánlást","many":"Válasszon ki egy ajánlást","other":"Válasszon ki egy ajánlást"}},"fbFriendsFound":{"_index":["plural","numFriends"],"_":{"zero":"Az összes ismerős átmásolva","one":"Egy átmásolandó ismerős van","two":"{{numFriends}} átmásolandó ismerős van","few":"{{numFriends}} átmásolandó ismerős van","many":"{{numFriends}} átmásolandó ismerős van","other":"{{numFriends}} átmásolandó ismerős van"}},"fbNoFriends":"No contacts available to import","search-contact":{"placeholder":"Keresés"},"noResults":"Nincsenek névjegyek","done-search":"Kész","progressFB3ImportTitle":"Ismerősök másolása a Névjegyekbe","progressFB":"{{current}}/{{total}}","progressFB3UpdateTitle":"Ismerősök névjegyeinek frissítése","message2":"Ez eltarthat egy pár percig…","messageLinking":"Kis türelmet az ismerős és a névjegy összekapcsolásáig.","messageCanceling":"Egy kis türelmet kérünk, amíg megszakítjuk a folyamatban lévő műveletet.","error1":"Hiba {{from}}","error2":"Megpróbálja újra?","errorProposal":"ajánlások készítése","errorFriends":"ismerősök adatainak lekérése","errorLinking":"névjegyek összekapcsolása","timeout1":"Időtúllépési hiba: {{from}}","timeout2":"Megpróbálja újra?","timeoutProposal":"ajánlások készítése","timeoutFriends":"ismerősök adatainak lekérése","timeoutLinking":"névjegyek összekapcsolása","wait1":"Kis türelmet","wait2":"Ez eltarthat egy pár percig…","waitProposal":"Kis türelmet. Az ajánlatkészítés folyamatban.","waitFriends":"Kis türelmet. Kapcsolódás az ismerősök listájának lekéréséhez.","curtainCancel":"Mégse","curtainRetry":"Újra","curtainOK":"OK","connectionLost":"Nincs internetkapcsolat","connectionLostMsg":"Az ismerősök képei nem lesznek a névjegyekhez adva. Biztosan folytatja?","yesOption":"OK","noOption":"Mégse","friendsUpdated":{"_index":["plural","numFriends"],"_":{"zero":"Nincs frissített ismerős","one":"Egy frissített ismerős","two":"{{numFriends}} frissített ismerős","few":"{{numFriends}} frissített ismerős","many":"{{numFriends}} frissített ismerős","other":"{{numFriends}} frissített ismerős"}},"friendsMerged":{"_index":["plural","numDups"],"_":{"zero":"Nem lettek többszörös ismerősök egyesítve","one":"Egy többszörös ismerős egyesítve","two":"{{numDups}} ismerős egyesítve","few":"{{numDups}} ismerős egyesítve","many":"{{numDups}} ismerős egyesítve","other":"{{numDups}} ismerős egyesítve"}},"notificationLogin":"A Facebook munkamenet lejárt. Jelentkezzen be.","syncError":"Hiba történt az ismerősök adatainak szinkronizálásakor"}