{"brandShortName":"B2G OS","browserBrandShortName":"Browser web","browserBrandFullName":"Browser web Mozilla","back":"Indietro","noSimMsg":"Per importare i contatti inserire o sbloccare la scheda SIM","noMemoryCardMsg":"Inserire una scheda di memoria per importare i contatti","importMemoryCard":"Scheda di memoria","noConnection11":"Per importare amici da Facebook o contatti attivare una connessione Wi-Fi o dati","simContacts-import":"Importa contatti SIM","simContacts-importing":"Importazione contatti SIM…","simContacts-reading":"Lettura SIM…","simContacts-error":"Impossibile importare contatti dalla scheda SIM","simContacts-imported3":{"_index":["plural","n"],"_":{"zero":"Non sono stati trovati contatti da importare sulla SIM","one":"Importato un contatto","two":"Importati {{n}} contatti","few":"Importati {{n}} contatti","many":"Importati {{n}} contatti","other":"Importati {{n}} contatti"}},"memoryCardContacts-import":"Importa contatti da scheda di memoria","memoryCardContacts-importing":"Importazione contatti da scheda di memoria…","memoryCardContacts-reading":"Lettura scheda di memoria…","memoryCardContacts-error":"Impossibile importare i contatti dalla scheda di memoria","memoryCardContacts-imported3":{"_index":["plural","n"],"_":{"zero":"Non sono stati trovati contatti da importare sulla scheda di memoria","one":"Importato un contatto","two":"Importati {{n}} contatti","few":"Importati {{n}} contatti","many":"Importati {{n}} contatti","other":"Importati {{n}} contatti"}},"genericProgress":"{{current}}/{{total}}","facebook":"Facebook","facebook-import-msg":{"_index":["plural","imported"],"_":{"zero":"Nessun amico importato (su {{total}})","one":"Un amico importato (su {{total}})","two":"{{imported}}/{{total}} amici importati","few":"{{imported}}/{{total}} amici importati","many":"{{imported}}/{{total}} amici importati","other":"{{imported}}/{{total}} amici importati"}},"contactsMerged":{"_index":["plural","numDups"],"_":{"zero":"Nessun contatto duplicato unito","one":"Unito un contatto duplicato","two":"Uniti {{numDups}} contatti","few":"Uniti {{numDups}} contatti","many":"Uniti {{numDups}} contatti","other":"Uniti {{numDups}} contatti"}},"pincode2":"Inserire PIN","type_pin":"Digitare codice PIN","pincodeLabel":"PIN SIM {{n}}","pinValidation":"Il PIN deve essere lungo da 4 a 8 caratteri.","pinError":"Il PIN è errato.","pinAttemptMsg2":{"_index":["plural","n"],"_":{"one":"È rimasto un solo tentativo per inserire il codice corretto prima del blocco della SIM.","two":"Rimangono {{n}} tentativi per inserire il codice corretto prima del blocco della SIM.","few":"Rimangono {{n}} tentativi per inserire il codice corretto prima del blocco della SIM.","many":"Rimangono {{n}} tentativi per inserire il codice corretto prima del blocco della SIM.","other":"Rimangono {{n}} tentativi per inserire il codice corretto prima del blocco della SIM."}},"pinLastChanceMsg":"Ultima possibilità per inserire il PIN corretto. In caso contrario sarà necessario inserire il codice PUK per utilizzare questa scheda SIM.","pukcode":"Inserire PUK","pukcodeTitle":"Inserire PUK per SIM {{n}}","pukcodeLabel":"PUK SIM {{n}}","type_puk":"Codice PUK","pukValidation":"Il codice PUK contiene esattamente 8 caratteri.","pukInfo":"È necessario inserire il codice PUK della scheda SIM. Fare riferimento alla documentazione rilasciata con la SIM o contattare il proprio gestore per ulteriori informazioni.","pukError":"Il PUK è errato.","pukAttemptMsg2":{"_index":["plural","n"],"_":{"one":"È rimasto un solo tentativo per inserire il codice corretto prima che la SIM diventi completamente inutilizzabile. Per ulteriori informazioni fare riferimento alla documentazione o contattare il gestore.","two":"Rimangono {{n}} tentativi per inserire il codice corretto prima che la SIM diventi completamente inutilizzabile. Per ulteriori informazioni fare riferimento alla documentazione o contattare il gestore.","few":"Rimangono {{n}} tentativi per inserire il codice corretto prima che la SIM diventi completamente inutilizzabile. Per ulteriori informazioni fare riferimento alla documentazione o contattare il gestore.","many":"Rimangono {{n}} tentativi per inserire il codice corretto prima che la SIM diventi completamente inutilizzabile. Per ulteriori informazioni fare riferimento alla documentazione o contattare il gestore.","other":"Rimangono {{n}} tentativi per inserire il codice corretto prima che la SIM diventi completamente inutilizzabile. Per ulteriori informazioni fare riferimento alla documentazione o contattare il gestore."}},"pukLastChanceMsg":"Questo è l’ultimo tentativo rimasto per inserire il codice PUK corretto. Inserendo un codice PUK errato la scheda SIM diventerà inutilizzabile.","create_newpin":"Crea nuovo PIN (da 4 a 8 cifre)","confirm_newpin":"Conferma nuovo PIN","newpinConfirmation":"I PIN non corrispondono.","nckcode":"Inserire codice NCK","cckcode":"Inserire codice CCK","spckcode":"Inserire codice SPCK","nck1code":"Inserire codice NCK1","nck2code":"Inserire codice NCK2","hnckcode":"Inserire codice HNCK","rcckcode":"Inserire codice RCCK","rspckcode":"Inserire codice RSPCK","nckcodeTitle":"Inserire NCK per SIM {{n}}","cckcodeTitle":"Inserire CCK per SIM {{n}}","spckcodeTitle":"Inserire SPCK per SIM {{n}}","nck1codeTitle":"Inserire NCK1 per SIM {{n}}","nck2codeTitle":"Inserire NCK2 per SIM {{n}}","hnckcodeTitle":"Inserire HNCK per SIM {{n}}","rcckcodeTitle":"Inserire RCCK per SIM {{n}}","rspckcodeTitle":"Inserire RSPCK per SIM {{n}}","nckcodeLabel":"NCK SIM {{n}}","cckcodeLabel":"CCK SIM {{n}}","spckcodeLabel":"SPCK SIM {{n}}","nck1codeLabel":"NCK1 SIM {{n}}","nck2codeLabel":"NCK2 SIM {{n}}","hnckcodeLabel":"HNCK SIM {{n}}","rcckcodeLabel":"RCCK SIM {{n}}","rspckcodeLabel":"RSPCK SIM {{n}}","type_nck":"Digitare codice NCK","type_cck":"Digitare codice CCK","type_spck":"Digitare codice SPCK","type_nck1":"Digitare codice NCK1","type_nck2":"Digitare codice NCK2","type_hnck":"Digitare codice HNCK","type_rcck":"Digitare codice RCCK","type_rspck":"Digitare codice RSPCK","nckValidation":"NCK deve essere compreso tra 8 e 16 caratteri.","cckValidation":"CCK deve essere compreso tra 8 e 16 caratteri.","spckValidation":"SPCK deve essere compreso tra 8 e 16 caratteri.","nck1Validation":"NCK1 deve essere compreso tra 8 e 16 caratteri.","nck2Validation":"NCK2 deve essere compreso tra 8 e 16 caratteri.","hnckValidation":"HNCK deve essere compreso tra 8 e 16 caratteri.","rcckValidation":"RCCK deve essere compreso tra 8 e 16 caratteri.","rspckValidation":"RSPCK deve essere compreso tra 8 e 16 caratteri.","nckErrorMsg":"Il codice NCK è errato.","nckAttemptMsg2":{"_index":["plural","n"],"_":{"one":"Richiesta di rimozione della personalizzazione di rete non riuscita. Rimane un solo tentativo per inserire il codice corretto. Fare riferimento alla documentazione del dispositivo o contattare il proprio gestore per ulteriori informazioni.","two":"Richiesta di rimozione della personalizzazione di rete non riuscita. Rimangono {{n}} tentativi per inserire il codice corretto. Fare riferimento alla documentazione del dispositivo o contattare il proprio gestore per ulteriori informazioni.","few":"Richiesta di rimozione della personalizzazione di rete non riuscita. Rimangono {{n}} tentativi per inserire il codice corretto. Fare riferimento alla documentazione del dispositivo o contattare il proprio gestore per ulteriori informazioni.","many":"Richiesta di rimozione della personalizzazione di rete non riuscita. Rimangono {{n}} tentativi per inserire il codice corretto. Fare riferimento alla documentazione del dispositivo o contattare il proprio gestore per ulteriori informazioni.","other":"Richiesta di rimozione della personalizzazione di rete non riuscita. Rimangono {{n}} tentativi per inserire il codice corretto. Fare riferimento alla documentazione del dispositivo o contattare il proprio gestore per ulteriori informazioni."}},"nckLastChanceMsg":"Richiesta di rimozione della personalizzazione di rete non riuscita. Rimane un solo tentativo per inserire il codice NCK corretto. Fare riferimento alla documentazione del dispositivo o contattare il proprio gestore per ulteriori informazioni.","skip":"Ignora","send":"Invia","ok":"OK","simLocked":"La scheda SIM è bloccata.","inputCodeRetriesLeft":{"_index":["plural","n"],"_":{"one":"Ultimo tentativo.","two":"{{n}} tentativi rimasti.","few":"{{n}} tentativi rimasti.","many":"{{n}} tentativi rimasti.","other":"{{n}} tentativi rimasti."}},"simManager":"Gestore SIM","simDetail":"SIM {{n}}","simDefault":"(predefinita)","simDefaultMessage":"Chiamate in uscita, messaggi e connessione dati sono associati alla SIM 1 per impostazione predefinita","simSettingsMessage":"È possibile modificare le impostazioni predefinite in Impostazioni > Gestione SIM","simPinLocked":"SIM bloccata da PIN","noOperator":"Nessun gestore","language":"Lingua","3g":"Connessione dati","dataConnection":"Attiva conness. dati","dataConnectionInfo":"Attivando una connessione dati sarà possibile configurare il telefono senza una connessione Wi-Fi. È comunque possibile attivarla successivamente in Impostazioni, assicurarsi prima di avere un piano dati con il proprio gestore per evitare addebiti eccessivi.","caution":"Attenzione","geolocation":"Georilevazione","geolocationCheckbox":"Attiva georilevazione","geolocationInfo2":"{{brandShortName}} utilizza dati quali GPS, Wi-Fi e reti di connessione dati per stabilire una posizione approssimativa del dispositivo.","geolocationInfoMore":"I dati raccolti vengono inviati a Mozilla e altri fornitori di servizi e vengono utilizzati in forma aggregata per migliorare la funzione di georilevazione. Alcune informazioni potrebbero essere memorizzate sul dispositivo o rilevate anche quando non ci sono applicazioni in esecuzione.","notice":"Attenzione","aboutYourPrivacy":"Altre informazioni sulla privacy","scanningNetworks":"Scansione reti","selectNetwork":"Scelta rete","shortStatus-connecting":"Connessione…","shortStatus-associated":"Recupero indirizzo IP…","shortStatus-connected":"Connesso","shortStatus-connectingfailed":"Connessione non riuscita","shortStatus-disconnected":"Disconnesso","securedBy":"protetta da {{capabilities}}","security":"Sicurezza","securityNone":"Nessuna","securityWEP":"WEP","securityWPA-PSK":"WPA-PSK","securityWPA-EAP":"WPA-EAP","securityOpen":"Aperta","identity":"Utente","identityInput":{"placeholder":"Utente"},"password":"Password","passwordInput":{"placeholder":"Password"},"showPassword":"Mostra password","refresh":"Aggiorna","noWifiFound3":"Nessuna rete wireless rilevata","join-hidden-button":"Conness. rete nascosta","authentication":"Autenticazione","ssid-name":"SSID rete","wifiLevel":"{{level}} di 4 barre","networksList":"Reti trovate","dateAndTime":"Data e ora","timezoneTitle":"UTC{{utcOffset}} {{region}}/{{city}}","timeZone":"Fuso orario","change":"Modifica","region":{"ariaLabel":"Area"},"city":{"ariaLabel":"Città"},"date":{"ariaLabel":"Data"},"time":{"ariaLabel":"Ora"},"importContacts3":"Importa contatti","importSim2":"Scheda SIM","importFb2":"Facebook","importOutlook":"Outlook","importGmail":"Gmail","fb-checking":"… controllo in corso","notImportedYet":"Non ancora importati","otherAccount":"Altri account","afterFbImport":"È possibile importare e modificare in qualunque momento gli amici di Facebook nei Contatti","firefox-accounts":"Firefox Account","fxa-overview":{"innerHTML":"Firefox Account permette di utilizzare funzioni come Trova dispositivo e app come Firefox Marketplace."},"fxa-create-account-or-sign-in":"Crea account o accedi","fxa-email-sent":"Un link di verifica è stato inviato a {{email}}","fxa-signed-in":"Account: {{email}}","about-your-rights-0":"{{brandShortName}} è realizzato sulla base di software libero, gratuito e Open Source da una comunità di migliaia di persone nel mondo. Informazioni che dovresti conoscere:","about-your-rights-1":"{{brandShortName}} è disponibile nei termini di diverse licenze Open Source, inclusa la Mozilla Public License. Un dispositivo con {{brandShortName}} potrebbe includere software proprietario di terze parti. Qualsiasi codice distribuito con licenza aperta garantisce all’utente il diritto di modificare il codice sorgente e distribuire le versioni modificate, purché vengano rispettati i termini della licenza stessa.","about-your-rights-2":"Mozilla non attribuisce all’Utente alcun diritto o licenza relativamente all’utilizzo dei marchi registrati da Mozilla Foundation o da altri soggetti, inclusi senza alcuna limitazione il nome {{brandShortName}} e i logo associati.","about-your-rights-3":"Alcune caratteristiche di {{brandShortName}}, come ad esempio Crash Reporter, offrono la possibilità di inviare commenti e suggerimenti a Mozilla. Scegliendo di trasmettere questi dati, si garantisce a Mozilla il permesso di utilizzare queste informazioni per migliorare i propri prodotti, pubblicare sui propri siti web o distribuire i dati raccolti.","about-other":"Altro","SIM_mandatory":"Avviso scheda SIM","SIM_mandatory_warm":"Inserire una scheda SIM e riavviare il telefono.","telemetry-sends2":"La telemetria invia a Mozilla informazioni su prestazioni, hardware, configurazioni, personalizzazioni e utilizzo di app sul dispositivo {{brandShortName}}. Queste informazioni vengono utilizzate per rendere i nostri prodotti migliori, più veloci e reattivi.","learn-more-telemetry":{"innerHTML":"Ulteriori informazioni alla pagina {{link}}"},"learn-more-information":{"innerHTML":"Scopri in che modo Mozilla gestisce i dati dell’utente visitando {{link}}"},"welcomeBrowser":"Benvenuto in {{brandShortName}}, il sistema operativo libero, gratuito e Open Source realizzato da Mozilla. La nostra missione è promuovere apertura, innovazione e opportunità garantendo alle persone il pieno controllo del Web.","learn-more-privacy":{"innerHTML":"Scopri in che modo Mozilla gestisce i dati dell’utente nell’{{link}}."},"learn-more-privacy-link":"informativa sulla privacy","aboutBrowser":"Info su {{brandShortName}}","aboutYourPrivacy2":"La tua privacy","mozillaCommunity2":"Utilizzando {{brandShortName}} entri a far parte di una comunità mondiale impegnata nella realizzazione di un futuro migliore per il Web. Per ulteriori informazioni su Mozilla, scoprire i nostri prodotti o eventi nella tua zona, inserisci il tuo indirizzo email.","sharePerformanceAndUsageData":"Voglio contribuire al miglioramento di {{brandShortName}} condividendo informazioni sul mio telefono e sul modo in cui lo utilizzo.","learnMore":"Ulteriori informazioni.","emailAddress":{"placeholder":"Indirizzo email"},"email-successfully-added":"Email aggiunta correttamente","email-loading":"Salvataggio email…","privacy-b2g":{"_":"{{brandShortName}}","title":"{{brandShortName}}"},"privacy-marketplace":{"_":"Marketplace","title":"{{privacy-marketplace}}"},"privacy-eme":"EverythingMe","privacy-e-me":{"_":"everything.me","title":"{{privacy-e-me}}"},"navbar-back":"Indietro","navbar-next":"Avanti","navbar-join":"Connetti","done":"Fine","thatsIt":"È tutto.","startYourPhone":"Avvia il tour del telefono","startYourTablet":"Avvia il tour del tablet","joinTutorial":"Segui una breve guida sul funzionamento di questo telefono.","enjoyYourPhone":"Il telefono è pronto per l’uso.","optionsAvailable":"È possibile modificare lingua, data, ora e connessione Wi-Fi in Impostazioni.","letsGo":"Puoi iniziare","startTour":"Inizia il tour","whatsNew":"Scopri le novità","updatedSuccessfully":"Il telefono è appena stato aggiornato. Scopri tutte le nuove funzioni nel tour guidato.","thatsIt1Tablet-2":"È sempre possibile scorrere con un dito dal bordo inferiore per tornare alla schermata principale.","thatsIt2Tablet-2":"Prova subito","tutorial":"Guida introduttiva","tutorial-step1-tiny":"Scorri con un dito da destra a sinistra per visualizzare le applicazioni.","tutorial-step2-tiny":"Tocca un’icona e tieni premuto per eliminarla o spostarla.","tutorial-step3-tiny":"Inserisci un termine di ricerca o un argomento e il telefono si adatterà immediatamente.","tutorial-step4-tiny":"Scorri con un dito verso il basso per visualizzare notifiche, informazioni sul credito e impostazioni.","tutorial-step5-tiny":"Tocca il pulsante home e tieni premuto per sfogliare o chiudere le applicazioni recenti.","tutorial-step6-tiny":"Scorri con un dito dal lato dello schermo per spostarti tra le applicazioni recenti.","tutorial-step1-large-2":"Scorri con un dito verso il basso per visualizzare notifiche, informazioni sul credito e impostazioni.","tutorial-step2-large-2":"Scorri con un dito verso sinistra o destra per scoprire nuove applicazioni sulla schermata principale.","tutorial-step3-large-2":"Tocca un’icona e tieni premuto per eliminarla o spostarla.","tutorial-step4-large-2":"Scorri con due dita dal bordo inferiore per attivare la visualizzazione a schede.","tutorial-vertical-scroll-tiny":"Scorri con un dito in alto o in basso per sfogliare le app. Tocca un’icona e tieni premuto per spostarla o eliminarla.","tutorial-notifications-tiny":"Scorri con un dito verso il basso per visualizzare notifiche, informazioni sul credito e impostazioni.","tutorial-sheets-tiny":"Trascina dal bordo sinistro dello schermo per tornare alle app utilizzate di recente.","offline-dialog-title":"Per visualizzare questa pagina è necessaria una connessione a Internet.","offline-dialog-text":"Tornare indietro e connettersi a Internet. È possibile visualizzare questa pagina successivamente in Impostazioni o aprendo {{url}} nel browser.","OK":"OK","offline-newsletter-dialog-title":"Per iscriversi alla newsletter è necessaria una connessione a Internet.","offline-newsletter-dialog-text":"Tornare indietro e connettersi a Internet.","invalid-email-dialog-title":"L’email non è valida.","invalid-email-dialog-text":"Tornare indietro e correggere i dati inseriti.","retry":"Riprova","cancel":"Annulla","progressbar":{"_":"Passo {{step}} di {{total}}","ariaLabel":"Guida al primo utilizzo"},"weekday-0-long":"domenica","weekday-1-long":"lunedì","weekday-2-long":"martedì","weekday-3-long":"mercoledì","weekday-4-long":"giovedì","weekday-5-long":"venerdì","weekday-6-long":"sabato","weekday-0-short":"dom","weekday-1-short":"lun","weekday-2-short":"mar","weekday-3-short":"mer","weekday-4-short":"gio","weekday-5-short":"ven","weekday-6-short":"sab","month-0-long":"gennaio","month-1-long":"febbraio","month-2-long":"marzo","month-3-long":"aprile","month-4-long":"maggio","month-5-long":"giugno","month-6-long":"luglio","month-7-long":"agosto","month-8-long":"settembre","month-9-long":"ottobre","month-10-long":"novembre","month-11-long":"dicembre","month-0-genitive":"gennaio","month-1-genitive":"febbraio","month-2-genitive":"marzo","month-3-genitive":"aprile","month-4-genitive":"maggio","month-5-genitive":"giugno","month-6-genitive":"luglio","month-7-genitive":"agosto","month-8-genitive":"settembre","month-9-genitive":"ottobre","month-10-genitive":"novembre","month-11-genitive":"dicembre","month-0-short":"gen","month-1-short":"feb","month-2-short":"mar","month-3-short":"apr","month-4-short":"mag","month-5-short":"giu","month-6-short":"lug","month-7-short":"ago","month-8-short":"set","month-9-short":"ott","month-10-short":"nov","month-11-short":"dic","minutes-ago-long":{"_index":["plural","value"],"_":{"zero":"adesso","one":"un minuto fa","two":"{{value}} minuti fa","few":"{{value}} minuti fa","many":"{{value}} minuti fa","other":"{{value}} minuti fa"}},"hours-ago-long":{"_index":["plural","value"],"_":{"zero":"adesso","one":"un’ora fa","two":"{{value}} ore fa","few":"{{value}} ore fa","many":"{{value}} ore fa","other":"{{value}} ore fa"}},"days-ago-long":{"_index":["plural","value"],"_":{"zero":"oggi","one":"ieri","two":"{{value}} giorni fa","few":"{{value}} giorni fa","many":"{{value}} giorni fa","other":"{{value}} giorni fa"}},"weeks-ago-long":{"_index":["plural","value"],"_":{"zero":"questa settimana","one":"settimana scorsa","two":"{{value}} settimane fa","few":"{{value}} settimane fa","many":"{{value}} settimane fa","other":"{{value}} settimane fa"}},"months-ago-long":{"_index":["plural","value"],"_":{"zero":"questo mese","one":"mese scorso","two":"{{value}} mesi fa","few":"{{value}} mesi fa","many":"{{value}} mesi fa","other":"{{value}} mesi fa"}},"years-ago-long":{"_index":["plural","value"],"_":{"zero":"quest’anno","one":"anno scorso","two":"{{value}} anni fa","few":"{{value}} anni fa","many":"{{value}} anni fa","other":"{{value}} anni fa"}},"minutes-until-long":{"_index":["plural","value"],"_":{"zero":"adesso","one":"tra un minuto","two":"tra {{value}} minuti","few":"tra {{value}} minuti","many":"tra {{value}} minuti","other":"tra {{value}} minuti"}},"hours-until-long":{"_index":["plural","value"],"_":{"zero":"adesso","one":"tra un’ora","two":"tra {{value}} ore","few":"tra {{value}} ore","many":"tra {{value}} ore","other":"tra {{value}} ore"}},"days-until-long":{"_index":["plural","value"],"_":{"zero":"oggi","one":"domani","two":"tra {{value}} giorni","few":"tra {{value}} giorni","many":"tra {{value}} giorni","other":"tra {{value}} giorni"}},"weeks-until-long":{"_index":["plural","value"],"_":{"zero":"questa settimana","one":"prossima settimana","two":"tra {{value}} settimane","few":"tra {{value}} settimane","many":"tra {{value}} settimane","other":"tra {{value}} settimane"}},"months-until-long":{"_index":["plural","value"],"_":{"zero":"questo mese","one":"prossimo mese","two":"in {{value}} mesi","few":"tra {{value}} mesi","many":"tra {{value}} mesi","other":"in {{value}} mesi"}},"years-until-long":{"_index":["plural","value"],"_":{"zero":"quest’anno","one":"prossimo anno","two":"tra {{value}} anni","few":"tra {{value}} anni","many":"tra {{value}} anni","other":"tra {{value}} anni"}},"minutes-ago-short":{"_index":["plural","value"],"_":{"zero":"adesso","other":"{{value}}m fa"}},"hours-ago-short":{"_index":["plural","value"],"_":{"zero":"adesso","other":"{{value}}h fa"}},"days-ago-short":{"_index":["plural","value"],"_":{"zero":"oggi","other":"{{value}}g fa"}},"minutes-until-short":{"_index":["plural","value"],"_":{"zero":"adesso","other":"tra {{value}}m"}},"hours-until-short":{"_index":["plural","value"],"_":{"zero":"adesso","other":"tra {{value}}h"}},"days-until-short":{"_index":["plural","value"],"_":{"zero":"oggi","other":"tra {{value}}d"}},"incorrectDate":"(data errata)","dateTimeFormat_%c":"%a %e %b %Y %H:%M:%S","dateTimeFormat_%x":"%d/%m/%Y","dateTimeFormat_%X":"%H:%M:%S","shortTimeFormat":"%H:%M","shortDateTimeFormat":"%x %H:%M","weekStartsOnMonday":"1","time_am":"AM","time_pm":"PM","tz-region":"Area","tz-city":"Città","tzRegion-Africa":"Africa","tzRegion-America":"America","tzRegion-Antarctica":"Antartide","tzRegion-Asia":"Asia","tzRegion-Atlantic":"Oceano Atlantico","tzRegion-Australia":"Australia","tzRegion-Europe":"Europa","tzRegion-Indian":"Oceano Indiano","tzRegion-Pacific":"Oceano Pacifico","close":"Chiudi","import":"Importa","update":"Aggiorna","fbFriends":"Amici Facebook","live-serviceName":"Outlook","gmail-serviceName":"Gmail","facebook-serviceName":"Amici Facebook","selectAll":"Seleziona tutto","deselectAll":"Deseleziona tutto","viewAll":"Visualizza tutti gli amici di Facebook","viewRecommend":"Visualizza solo consigliati","linkProposal":{"_index":["plural","numFriends"],"_":{"zero":"Nessun amico corrispondente. Visualizzazione completa","one":"Seleziona l’elemento consigliato","two":"Seleziona elemento consigliato","few":"Seleziona elemento consigliato","many":"Seleziona elemento consigliato","other":"Seleziona elemento consigliato"}},"fbFriendsFound":{"_index":["plural","numFriends"],"_":{"zero":"Tutti i tuoi amici sono stati importati","one":"Trovato un amico da importare","two":"Trovati {{numFriends}} amici da importare","few":"Trovati {{numFriends}} amici da importare","many":"Trovati {{numFriends}} amici da importare","other":"Trovati {{numFriends}} amici da importare"}},"fbNoFriends":"Nessun contatto disponibile da importare","search-contact":{"placeholder":"Cerca"},"noResults":"Nessun contatto trovato","done-search":"Fine","progressFB3ImportTitle":"Importazione amici in Contatti","progressFB":"{{current}}/{{total}}","progressFB3UpdateTitle":"Aggiornamento amici in Contatti","message2":"Potrebbe richiedere alcuni minuti","messageLinking":"Attendere, collegamento degli amici con i contatti esistenti.","messageCanceling":"Attendere, annullamento dell’operazione in corso.","error1":"Errore {{from}}","error2":"Riprovare?","errorProposal":"determinazione proposta","errorFriends":"recupero amici","errorLinking":"collegamento contatto","timeout1":"Tempo esaurito per {{from}}","timeout2":"Riprovare?","timeoutProposal":"determinazione proposta","timeoutFriends":"recupero amici","timeoutLinking":"collegamento contatti","wait1":"Attendere","wait2":"Potrebbe richiedere alcuni minuti","waitProposal":"Attendere, determinazione proposta in corso.","waitFriends":"Attendere, connessione in corso per ottenere l’elenco degli amici.","curtainCancel":"Annulla","curtainRetry":"Riprova","curtainOK":"OK","connectionLost":"Nessuna connessione internet","connectionLostMsg":"Le foto degli amici non verranno aggiunte ai contatti. Continuare?","yesOption":"OK","noOption":"Annulla","friendsUpdated":{"_index":["plural","numFriends"],"_":{"zero":"Nessun amico aggiornato","one":"Un amico aggiornato","two":"{{numFriends}} amici aggiornati","few":"{{numFriends}} amici aggiornati","many":"{{numFriends}} amici aggiornati","other":"{{numFriends}} amici aggiornati"}},"friendsMerged":{"_index":["plural","numDups"],"_":{"zero":"Nessun amico duplicato unito","one":"Unito un amico duplicato","two":"Uniti {{numDups}} amici","few":"Uniti {{numDups}} amici","many":"Uniti {{numDups}} amici","other":"Uniti {{numDups}} amici"}},"notificationLogin":"La sessione di Facebook non è valida. Ripetere l’accesso.","syncError":"SI è verificato un errore durante la sincronizzazione dei dati degli amici"}