{"brandShortName":"B2G OS","browserBrandShortName":"Web ブラウザ","browserBrandFullName":"Mozilla Web ブラウザ","back":"戻る","noSimMsg":"連絡先をインポートするには SIM カードを挿入するかロックを解除してください","noMemoryCardMsg":"連絡先をインポートするにはメモリーカードを挿入してください","importMemoryCard":"メモリーカード","noConnection11":"Facebook の友達や連絡先をインポートするには Wi-Fi かデータ通信ネットワークに接続してください。","simContacts-import":"SIM の連絡先をインポート","simContacts-importing":"SIM の連絡先をインポート中…","simContacts-reading":"SIM カードから読み込み中…","simContacts-error":"SIM から連絡先をインポートできませんでした","simContacts-imported3":{"_index":["plural","n"],"_":{"zero":"SIM カードにインポートする連絡先はありません","one":"1 件の連絡先をインポートしました","two":"{{n}} 件の連絡先をインポートしました","few":"{{n}} 件の連絡先をインポートしました","many":"{{n}} 件の連絡先をインポートしました","other":"{{n}} 件の連絡先をインポートしました"}},"memoryCardContacts-import":"メモリーカードから連絡先をインポート","memoryCardContacts-importing":"メモリーカードから連絡先をインポート中…","memoryCardContacts-reading":"メモリーカードから読み込み中…","memoryCardContacts-error":"メモリーカードから連絡先をインポートできませんでした","memoryCardContacts-imported3":{"_index":["plural","n"],"_":{"zero":"メモリーカードにインポートする連絡先はありません","one":"1 件の連絡先をインポートしました","two":"{{n}} 件の連絡先をインポートしました","few":"{{n}} 件の連絡先をインポートしました","many":"{{n}} 件の連絡先をインポートしました","other":"{{n}} 件の連絡先をインポートしました"}},"genericProgress":"{{current}}/{{total}}","facebook":"Facebook","facebook-import-msg":{"_index":["plural","imported"],"_":{"zero":"インポートされた友達はいません (他 {{total}} 名)","one":"1 名の友達をインポートしました (他 {{total}} 名)","two":"{{imported}}/{{total}} 名の友達をインポートしました","few":"{{imported}}/{{total}} 名の友達をインポートしました","many":"{{imported}}/{{total}} 名の友達をインポートしました","other":"{{imported}}/{{total}} 名の友達をインポートしました"}},"contactsMerged":{"_index":["plural","numDups"],"_":{"zero":"重複した連絡先はありません","one":"1 件の重複した連絡先を併合しました","two":"{{numDups}} 件の連絡先を併合しました","few":"{{numDups}} 件の連絡先を併合しました","many":"{{numDups}} 件の連絡先を併合しました","other":"{{numDups}} 件の連絡先を併合しました"}},"pincode2":"PIN コード入力","type_pin":"PIN コードを入力してください","pincodeLabel":"SIM {{n}} PIN コード","pinValidation":"PIN コードは 4 から 8 文字です。","pinError":"PIN コードが正しくありません。","pinAttemptMsg2":{"_index":["plural","n"],"_":{"one":"残り 1 回です。SIM カードがロックされる前に正しいコードを入力してください。","two":"残り {{n}} 回です。SIM カードがロックされる前に正しいコードを入力してください。","few":"残り {{n}} 回です。SIM カードがロックされる前に正しいコードを入力してください。","many":"残り {{n}} 回です。SIM カードがロックされる前に正しいコードを入力してください。","other":"残り {{n}} 回です。SIM カードがロックされる前に正しいコードを入力してください。"}},"pinLastChanceMsg":"正しい PIN コードを入力できるのはこれが最後です。入力に失敗した場合、この SIM カードを使用するには PIN ロック解除コード (PUK コード) を入力しなければなりません。","pukcode":"PUK コード入力","pukcodeTitle":"SIM {{n}} PUK コード入力","pukcodeLabel":"SIM {{n}} PUK コード","type_puk":"PUK コードを入力してください","pukValidation":"PUK コードは 8 文字です。","pukInfo":"SIM カードを使用するには PIN ロック解除コード (PUK コード) を入力する必要があります。詳しい情報は、SIM カードの取扱い説明書を参照するかご利用の携帯通信事業者にお問い合わせください。","pukError":"PUK コードが正しくありません。","pukAttemptMsg2":{"_index":["plural","n"],"_":{"one":"残り 1 回です。SIM カードが永久に使用不可になる前に正しいコードを入力してください。詳しい情報は、SIM カードの取扱説明書を参照するか、ご利用の携帯通信事業者にお問い合わせください。","two":"残り {{n}} 回です。SIM カードが永久に使用不可になる前に正しいコードを入力してください。詳しい情報は、SIM カードの取扱説明書を参照するか、ご利用の携帯通信事業者にお問い合わせください。","few":"残り {{n}} 回です。SIM カードが永久に使用不可になる前に正しいコードを入力してください。詳しい情報は、SIM カードの取扱説明書を参照するか、ご利用の携帯通信事業者にお問い合わせください。","many":"残り {{n}} 回です。SIM カードが永久に使用不可になる前に正しいコードを入力してください。詳しい情報は、SIM カードの取扱説明書を参照するか、ご利用の携帯通信事業者にお問い合わせください。","other":"残り {{n}} 回です。SIM カードが永久に使用不可になる前に正しいコードを入力してください。詳しい情報は、SIM カードの取扱説明書を参照するか、ご利用の携帯通信事業者にお問い合わせください。"}},"pukLastChanceMsg":"正しい PIN ロック解除コードを入力できるのはこれが最後です。入力に失敗した場合、この SIM カードは永久に使用できなくなります。詳しい情報は、SIM カードの取扱説明書を参照するか、ご利用の携帯通信事業者にお問い合わせください。","create_newpin":"新しい PIN コード (4～8桁の数字)","confirm_newpin":"新しい PIN コード (確認)","newpinConfirmation":"PIN コードが一致しません。","nckcode":"NCK コード入力","cckcode":"CCK コード入力","spckcode":"SPCK コード入力","nck1code":"NCK1 コード入力","nck2code":"NCK2 コード入力","hnckcode":"HNCK コード入力","rcckcode":"RCCK コード入力","rspckcode":"RSPCK コード入力","nckcodeTitle":"SIM {{n}} NCK コード入力","cckcodeTitle":"SIM {{n}} CCK コード入力","spckcodeTitle":"SIM {{n}} SPCK コード入力","nck1codeTitle":"SIM {{n}} NCK1 コード入力","nck2codeTitle":"SIM {{n}} NCK2 コード入力","hnckcodeTitle":"SIM {{n}} HNCK コード入力","rcckcodeTitle":"SIM {{n}} RCCK コード入力","rspckcodeTitle":"SIM {{n}} RSPCK コード入力","nckcodeLabel":"SIM {{n}} NCK コード","cckcodeLabel":"SIM {{n}} CCK コード","spckcodeLabel":"SIM {{n}} SPCK コード","nck1codeLabel":"SIM {{n}} NCK1 コード","nck2codeLabel":"SIM {{n}} NCK2 コード","hnckcodeLabel":"SIM {{n}} HNCK コード","rcckcodeLabel":"SIM {{n}} RCCK コード","rspckcodeLabel":"SIM {{n}} RSPCK コード","type_nck":"NCK コードを入力してください","type_cck":"CCK コードを入力してください","type_spck":"SPCK コードを入力してください","type_nck1":"NCK1 コードを入力してください","type_nck2":"NCK2 コードを入力してください","type_hnck":"HNCK コードを入力してください","type_rcck":"RCCK コードを入力してください","type_rspck":"RSPCK コードを入力してください","nckValidation":"NCK コードは 8 から 16 文字です。","cckValidation":"CCK コードは 8 から 16 文字です。","spckValidation":"SPCK コードは 8 から 16 文字です。","nck1Validation":"NCK1 コードは 8 から 16 文字です。","nck2Validation":"NCK2 コードは 8 から 16 文字です。","hnckValidation":"HNCK コードは 8 から 16 文字です。","rcckValidation":"RCCK コードは 8 から 16 文字です。","rspckValidation":"RSPCK コードは 8 から 16 文字です。","nckErrorMsg":"NCK コードが正しくありません。","nckAttemptMsg2":{"_index":["plural","n"],"_":{"one":"ネットワークロックの解除リクエストに失敗しました。あと 1 回まで入力できます。詳しい情報は、端末の取扱説明書を参照するか、ご利用の携帯通信事業者にお問い合わせください。","two":"ネットワークロックの解除リクエストに失敗しました。あと {{n}} 回まで入力できます。詳しい情報は、端末の取扱説明書を参照するか、ご利用の携帯通信事業者にお問い合わせください。","few":"ネットワークロックの解除リクエストに失敗しました。あと {{n}} 回まで入力できます。詳しい情報は、端末の取扱説明書を参照するか、ご利用の携帯通信事業者にお問い合わせください。","many":"ネットワークロックの解除リクエストに失敗しました。あと {{n}} 回まで入力できます。詳しい情報は、端末の取扱説明書を参照するか、ご利用の携帯通信事業者にお問い合わせください。","other":"ネットワークロックの解除リクエストに失敗しました。あと {{n}} 回まで入力できます。詳しい情報は、端末の取扱説明書を参照するか、ご利用の携帯通信事業者にお問い合わせください。"}},"nckLastChanceMsg":"ネットワークロックの解除リクエストに失敗しました。正しい NCK コードを入力できるのはこれが最後です。詳しい情報は、端末の取扱説明書を参照するか、ご利用の携帯通信事業者にお問い合わせください。","skip":"スキップ","send":"送信","ok":"OK","simLocked":"SIM カードがロックされました","inputCodeRetriesLeft":{"_index":["plural","n"],"_":{"one":"残り 1 回。","two":"残り {{n}} 回。","few":"残り {{n}} 回。","many":"残り {{n}} 回。","other":"残り {{n}} 回。"}},"simManager":"SIM マネージャ","simDetail":"SIM {{n}}","simDefault":"(既定)","simDefaultMessage":"外部への通話、メッセージ送信、データ通信接続には、既定で SIM 1 がセットされます。","simSettingsMessage":"既定の設定は 環境設定 > SIM マネージャから変更できます。","simPinLocked":"SIM PIN がロックされています","noOperator":"通信事業者なし","language":"言語","3g":"データ通信","dataConnection":"データ通信を有効化","dataConnectionInfo":"データ通信を有効にすると Wi-Fi 接続なしで携帯電話をセットアップできます。後で設定から有効化することもできます。データ通信により多額の請求が発生することを避けるため、通信キャリアに定額制の料金プランを申し込んでください。","caution":"警告","geolocation":"地理位置情報","geolocationCheckbox":"位置情報の送信を有効化","geolocationInfo2":"{{brandShortName}} は、ご利用地点の GPS や Wi-Fi、その他のモバイルネットワークなどのデータを利用しておおよその位置情報を決定します。","geolocationInfoMore":"このデータは、Mozilla と他のサービスプロバイダに送信され、位置情報データベースを改善するために集計されます。このデータは、ご使用の端末に保存され、アプリが実行中でない時にもデータが収集されることがあります。","notice":"通知","aboutYourPrivacy":"あなたのプライバシーについて","scanningNetworks":"ネットワーク検索中","selectNetwork":"ネットワーク選択","shortStatus-connecting":"接続中…","shortStatus-associated":"IP アドレス取得中…","shortStatus-connected":"接続完了","shortStatus-connectingfailed":"接続失敗","shortStatus-disconnected":"オフライン","securedBy":"{{capabilities}} による保護","security":"セキュリティ","securityNone":"なし","securityWEP":"WEP","securityWPA-PSK":"WPA-PSK","securityWPA-EAP":"WPA-EAP","securityOpen":"オープン","identity":"ID","identityInput":{"placeholder":"ID"},"password":"パスワード","passwordInput":{"placeholder":"パスワード"},"showPassword":"パスワードを表示する","refresh":"更新","noWifiFound3":"無線ネットワークが見つかりませんでした","join-hidden-button":"隠しネットワークに参加","authentication":"認証方式","ssid-name":"SSID ネットワーク名","wifiLevel":"{{level}}/4 本","networksList":"ネットワークが見つかりました","dateAndTime":"日付と時刻","timezoneTitle":"UTC{{utcOffset}} {{region}}/{{city}}","timeZone":"タイムゾーン","change":"変更","region":{"ariaLabel":"地域"},"city":{"ariaLabel":"都市"},"date":{"ariaLabel":"日付"},"time":{"ariaLabel":"時刻"},"importContacts3":"連絡先のインポート","importSim2":"SIM カード","importFb2":"Facebook","importOutlook":"Outlook","importGmail":"Gmail","fb-checking":"… 確認中","notImportedYet":"まだインポートされていません","otherAccount":"他のアカウント","afterFbImport":"Facebook の友達は連絡先設定からいつでもインポートと編集ができます","firefox-accounts":"Firefox アカウント","fxa-overview":{"innerHTML":"Firefox アカウントで Find My Device のような機能や Firefox Marketplace などのアプリを使えます。"},"fxa-create-account-or-sign-in":"アカウントを作成またはサインイン","fxa-email-sent":"アカウント認証リンクを {{email}} に送信しました","fxa-signed-in":"{{email}} でサインインします","about-your-rights-0":"{{brandShortName}} は無料のオープンソースソフトウェアであり、世界中の多数のコミュニティによって開発されています。ご利用に際してはいくつか知っておいていただきたいことがあります:","about-your-rights-1":"{{brandShortName}} は、Mozilla Public License を含むいくつかのオープンソースライセンスの条項下で提供されます。ただし、{{brandShortName}} を実行している端末には、サードパーティから提供された独占的なソフトウェアが含まれていることがあります。あなたは、これらのオープンソースライセンスの条項下で提供されたコードを使用、複製、配布することができます。あなたはまた、Firefox のソースコードを必要に応じて修正することもできます。Mozilla Public License では、あなたが修正したバージョンを配布することも認めています。","about-your-rights-2":"Mozilla Foundation とその関係団体の商標およびロゴについては、{{brandShortName}} の製品名およびロゴを含めこれに限定されず、何らの権利もあなたに与えるものではありません。","about-your-rights-3":"クラッシュレポータなど {{brandShortName}} の一部の機能には、Mozilla へフィードバックを送信するオプションがあります。あなたがフィードバックの送信を選択することにより、Mozilla がそのフィードバックを製品の改善および Mozilla Web サイトでの公開、配布のために使用する許可を Mozilla に与えるものとします。","about-other":"その他","SIM_mandatory":"SIM カード警告","SIM_mandatory_warm":"SIM カードを挿入し、端末を再起動してください。","telemetry-sends2":"Telemetry sends Mozilla data about performance, hardware, configurations, customizations and app usage in your {{brandShortName}} device. We use this to make our products better, faster and more responsive.","learn-more-telemetry":{"innerHTML":"詳細について: {{link}}"},"learn-more-information":{"innerHTML":"Mozilla の個人情報の取り扱いについて: {{link}}"},"welcomeBrowser":"Mozilla がお届けする自由なオープンソースのオペレーティングシステム {{brandShortName}} をご使用いただきありがとうございます。私たちの使命は、Web の活力をあなたの手に委ねることによって、オープン性と革新、機会を促進することです。","learn-more-privacy":{"innerHTML":"Mozilla の個人情報の取り扱いについては、{{link}} をお読みください。"},"learn-more-privacy-link":"プライバシーポリシー","aboutBrowser":"{{brandShortName}} について","aboutYourPrivacy2":"あなたのプライバシーについて","mozillaCommunity2":"{{brandShortName}} をご使用いただくと、グローバルコミュニティの一員として、Web の明るい未来を構築する助けになります。Mozilla コミュニティや私たちの他の製品、お近くで開催されるイベントについて詳しく知りたい方は、以下にメールアドレスをご記入ください。","sharePerformanceAndUsageData":"I want to help improve {{brandShortName}} by sharing data about my phone and the way I use it.","learnMore":"詳細情報","emailAddress":{"placeholder":"メールアドレス"},"email-successfully-added":"メールアドレスが追加されました","email-loading":"メールアドレスを保存しています…","privacy-b2g":{"_":"{{brandShortName}}","title":"{{brandShortName}}"},"privacy-marketplace":{"_":"Marketplace","title":"{{privacy-marketplace}}"},"privacy-eme":"EverythingMe","privacy-e-me":{"_":"everything.me","title":"{{privacy-e-me}}"},"navbar-back":"戻る","navbar-next":"次へ","navbar-join":"参加","done":"完了","thatsIt":"ツアー終わり！","startYourPhone":"はじめてガイドへようこそ！","startYourTablet":"はじめてガイドへようこそ！","joinTutorial":"これから使い始める端末の短いガイドツアーに参加してください。","enjoyYourPhone":"基本的な操作はこれだけです。お好みのアプリを開いてみましょう。","optionsAvailable":"表示言語や日付と時刻、Wi-Fi 接続は設定から変更できます。","letsGo":"ホーム画面へ進む","startTour":"ツアー開始","whatsNew":"What’s new","updatedSuccessfully":"Your phone has updated successfully! Start the tour to find out more about the new features.","thatsIt1Tablet-2":"いつでも画面下端からスワイプするとホーム画面へ移動できます。","thatsIt2Tablet-2":"操作してみましょう！","tutorial":"チュートリアル","tutorial-step1-tiny":"アプリを見るには、画面を右から左へスワイプします (指でなぞります) 。","tutorial-step2-tiny":"アイコンを長押しすると、そのアプリの削除や移動ができます。","tutorial-step3-tiny":"キーワードやトピックを入力すると、適切なアプリが表示されます。","tutorial-step4-tiny":"画面を下へスワイプすると、最近の通知、クレジット情報、設定へアクセスできます。","tutorial-step5-tiny":"ホームボタンを長押しすると、最近使用したアプリを見たり閉じたりできます。","tutorial-step6-tiny":"画面端からスワイプすると、最近使用したアプリへ戻ったり進んだりできます。","tutorial-step1-large-2":"画面上端を下へスワイプする (指でなぞる) と、最近の通知、クレジット情報、設定へアクセスできます。","tutorial-step2-large-2":"ホーム画面上の新しいアプリを探すには、画面を左または右へスワイプします (指でなぞります) 。","tutorial-step3-large-2":"アイコンを長押しすると、そのアプリの削除や移動ができます。","tutorial-step4-large-2":"二本指で画面下端から上へスワイプするとカードビューが開きます。","tutorial-vertical-scroll-tiny":"画面を上または下へスワイプすると、アプリの画面をスクロールします。アイコンを長押しすると、そのアプリの移動や削除ができます。","tutorial-notifications-tiny":"画面上端を下へスワイプすると、最近の通知、クレジット情報、設定へアクセスできます。","tutorial-sheets-tiny":"画面を左端からドラッグすると、最近使用したアプリへ戻ります。","offline-dialog-title":"ページを表示するにはインターネットに接続する必要があります。","offline-dialog-text":"前のページへ戻り、インターネットに接続してください。このページは後で設定から表示するか、ブラウザに {{url}} を入力して表示することもできます。","OK":"OK","offline-newsletter-dialog-title":"ニュースレターを購読するにはインターネットに接続する必要があります。","offline-newsletter-dialog-text":"前のページへ戻り、インターネットに接続してください。","invalid-email-dialog-title":"メールアドレスが正しくありません","invalid-email-dialog-text":"前のページへ戻り、正しく記入してください。","retry":"再試行","cancel":"キャンセル","progressbar":{"_":"ステップ {{step}} / {{total}}","ariaLabel":"はじめてガイド"},"weekday-0-long":"日曜日","weekday-1-long":"月曜日","weekday-2-long":"火曜日","weekday-3-long":"水曜日","weekday-4-long":"木曜日","weekday-5-long":"金曜日","weekday-6-long":"土曜日","weekday-0-short":"日","weekday-1-short":"月","weekday-2-short":"火","weekday-3-short":"水","weekday-4-short":"木","weekday-5-short":"金","weekday-6-short":"土","month-0-long":"1月","month-1-long":"2月","month-2-long":"3月","month-3-long":"4月","month-4-long":"5月","month-5-long":"6月","month-6-long":"7月","month-7-long":"8月","month-8-long":"9月","month-9-long":"10月","month-10-long":"11月","month-11-long":"12月","month-0-genitive":"1月","month-1-genitive":"2月","month-2-genitive":"3月","month-3-genitive":"4月","month-4-genitive":"5月","month-5-genitive":"6月","month-6-genitive":"7月","month-7-genitive":"8月","month-8-genitive":"9月","month-9-genitive":"10月","month-10-genitive":"11月","month-11-genitive":"12月","month-0-short":"1月","month-1-short":"2月","month-2-short":"3月","month-3-short":"4月","month-4-short":"5月","month-5-short":"6月","month-6-short":"7月","month-7-short":"8月","month-8-short":"9月","month-9-short":"10月","month-10-short":"11月","month-11-short":"12月","minutes-ago-long":{"_index":["plural","value"],"_":{"zero":"1分以内","one":"1分前","two":"{{value}}分前","few":"{{value}}分前","many":"{{value}}分前","other":"{{value}}分前"}},"hours-ago-long":{"_index":["plural","value"],"_":{"zero":"1時間以内","one":"1時間前","two":"{{value}}時間前","few":"{{value}}時間前","many":"{{value}}時間前","other":"{{value}}時間前"}},"days-ago-long":{"_index":["plural","value"],"_":{"zero":"今日","one":"昨日","two":"{{value}}日前","few":"{{value}}日前","many":"{{value}}日前","other":"{{value}}日前"}},"weeks-ago-long":{"_index":["plural","value"],"_":{"zero":"今週","one":"先週","two":"{{value}}週間前","few":"{{value}}週間前","many":"{{value}}週間前","other":"{{value}}週間前"}},"months-ago-long":{"_index":["plural","value"],"_":{"zero":"今月","one":"先月","two":"{{value}}か月前","few":"{{value}}か月前","many":"{{value}}か月前","other":"{{value}}か月前"}},"years-ago-long":{"_index":["plural","value"],"_":{"zero":"今年","one":"昨年","two":"{{value}}年前","few":"{{value}}年前","many":"{{value}}年前","other":"{{value}}年前"}},"minutes-until-long":{"_index":["plural","value"],"_":{"zero":"1分以内","one":"1分後","two":"{{value}}分後","few":"{{value}}分後","many":"{{value}}分後","other":"{{value}}分後"}},"hours-until-long":{"_index":["plural","value"],"_":{"zero":"1時間以内","one":"1時間後","two":"{{value}}時間後","few":"{{value}}時間後","many":"{{value}}時間後","other":"{{value}}時間後"}},"days-until-long":{"_index":["plural","value"],"_":{"zero":"今日","one":"明日","two":"{{value}}日後","few":"{{value}}日後","many":"{{value}}日後","other":"{{value}}日後"}},"weeks-until-long":{"_index":["plural","value"],"_":{"zero":"今週","one":"来週","two":"{{value}}週間後","few":"{{value}}週間後","many":"{{value}}週間後","other":"{{value}}週間後"}},"months-until-long":{"_index":["plural","value"],"_":{"zero":"今月","one":"来月","two":"{{value}}か月後","few":"{{value}}か月後","many":"{{value}}か月後","other":"{{value}}か月後"}},"years-until-long":{"_index":["plural","value"],"_":{"zero":"今年","one":"来年","two":"{{value}}年後","few":"{{value}}年後","many":"{{value}}年後","other":"{{value}}年後"}},"minutes-ago-short":{"_index":["plural","value"],"_":{"zero":"直前","other":"{{value}}分前"}},"hours-ago-short":{"_index":["plural","value"],"_":{"zero":"数分前","other":"{{value}}時間前"}},"days-ago-short":{"_index":["plural","value"],"_":{"zero":"今日","other":"{{value}}日前"}},"minutes-until-short":{"_index":["plural","value"],"_":{"zero":"直後","other":"{{value}}分後"}},"hours-until-short":{"_index":["plural","value"],"_":{"zero":"数分後","other":"{{value}}時間後"}},"days-until-short":{"_index":["plural","value"],"_":{"zero":"今日","other":"{{value}}日後"}},"incorrectDate":"(日付が不正です)","dateTimeFormat_%c":"%Y年%b%e日(%a) %p%I:%M:%S","dateTimeFormat_%x":"%Y/%m/%d","dateTimeFormat_%X":"%p%I:%M:%S","shortTimeFormat":"%p%I:%M","shortDateTimeFormat":"%x %p%I:%M","weekStartsOnMonday":"0","time_am":"午前","time_pm":"午後","tz-region":"地域","tz-city":"都市","tzRegion-Africa":"アフリカ","tzRegion-America":"アメリカ","tzRegion-Antarctica":"南極","tzRegion-Asia":"アジア","tzRegion-Atlantic":"大西洋","tzRegion-Australia":"オーストラリア","tzRegion-Europe":"ヨーロッパ","tzRegion-Indian":"インド洋","tzRegion-Pacific":"太平洋","close":"閉じる","import":"インポート","update":"更新","fbFriends":"友達","live-serviceName":"Outlook","gmail-serviceName":"Gmail","facebook-serviceName":"Facebook 友達","selectAll":"すべて選択","deselectAll":"選択をすべて解除","viewAll":"すべて見る","viewRecommend":"おすすめのみを表示","linkProposal":{"_index":["plural","numFriends"],"_":{"zero":"一致する友達はいません。すべて表示します","one":"おすすめの人を選択","two":"おすすめの人たちを選択","few":"おすすめの人たちを選択","many":"おすすめの人たちを選択","other":"おすすめの人たちを選択"}},"fbFriendsFound":{"_index":["plural","numFriends"],"_":{"zero":"すべての友達をインポートしました","one":"インポートする友達が 1 名見つかりました","two":"インポートする友達が {{numFriends}} 名見つかりました","few":"インポートする友達が {{numFriends}} 名見つかりました","many":"インポートする友達が {{numFriends}} 名見つかりました","other":"インポートする友達が {{numFriends}} 名見つかりました"}},"fbNoFriends":"No contacts available to import","search-contact":{"placeholder":"検索"},"noResults":"連絡先が見つかりませんでした","done-search":"完了","progressFB3ImportTitle":"友達を連絡先へインポート","progressFB":"{{current}}/{{total}}","progressFB3UpdateTitle":"連絡先内の友達を更新","message2":"処理に 2 分ほどかかります","messageLinking":"そのままお待ちください。友達と連絡先をリンクしています。","messageCanceling":"そのままお待ちください。実行中の処理をキャンセルしています。","error1":"エラーが発生しました: {{from}}","error2":"再度試しますか？","errorProposal":"申し込みの判定","errorFriends":"友達リストの取得","errorLinking":"連絡先とのリンク","timeout1":"制限時間に達しました: {{from}}","timeout2":"再度試しますか？","timeoutProposal":"申し込みの判定","timeoutFriends":"友達リストの取得","timeoutLinking":"連絡先とのリンク","wait1":"そのままお待ちください","wait2":"処理に 2 分ほどかかります","waitProposal":"そのままお待ちください。申し込みを判定しています。","waitFriends":"そのままお待ちください。友達リストを取得するために接続中です。","curtainCancel":"キャンセル","curtainRetry":"再試行","curtainOK":"OK","connectionLost":"インターネット接続がありません","connectionLostMsg":"友達の写真は連絡先に追加されません。それでも続けますか？","yesOption":"OK","noOption":"キャンセル","friendsUpdated":{"_index":["plural","numFriends"],"_":{"zero":"更新された友達はいません","one":"1 名の友達を更新しました","two":"{{numFriends}} 名の友達を更新しました","few":"{{numFriends}} 名の友達を更新しました","many":"{{numFriends}} 名の友達を更新しました","other":"{{numFriends}} 名の友達を更新しました"}},"friendsMerged":{"_index":["plural","numDups"],"_":{"zero":"重複した友達はいません","one":"1 名の重複した友達を併合しました","two":"{{numDups}} 名の友達を併合しました","few":"{{numDups}} 名の友達を併合しました","many":"{{numDups}} 名の友達を併合しました","other":"{{numDups}} 名の友達を併合しました"}},"notificationLogin":"Facebook のセッションが無効です。ログインしてください。","syncError":"友達データの同期中にエラーが発生しました"}