{"brandShortName":"B2G OS","browserBrandShortName":"កម្មវិធី​អ៊ីនធឺណិត","browserBrandFullName":"កម្មវិធី​អ៊ីនធឺណិត​ Mozilla","back":"ថយក្រោយ","noSimMsg":"ដើម្បីនាំចូលទំនាក់ទំនង បញ្ចូល ឬ​ដោះសោ​ស៊ីមកាត​របស់​អ្នក","noMemoryCardMsg":"ដើម្បី​នាំចូល​ទំនាក់ទំនង បញ្ចូល​កាត​អង្គចងចាំ","importMemoryCard":"កាត​អង្គចងចាំ","noConnection11":"ដើម្បី​នាំចូល​​ទំនាក់ទំនង​ ឬ​មត្តិភ័ក្ដិ​លើ Facebook សូម​ភ្ជាប់បណ្ដាញ​វ៉ាយហ្វាយ ឬ​ទិន្នន័យ","simContacts-import":"នាំចូល​ទំនាក់ទំនង​ស៊ីមកាត","simContacts-importing":"កំពុង​នាំចូល​ទំនាក់ទំនង​ស៊ីមកាត…","simContacts-reading":"កំពុង​អាន​ពី​ស៊ីមកាត…","simContacts-error":"មិន​អាច​នាំចូល​ទំនាក់ទំនង​ពី​ស៊ីម","simContacts-imported3":{"_index":["plural","n"],"_":{"zero":"រក​មិន​ឃើញ​ទំនាក់ទំនង​នៅ​លើ​ស៊ីម​ដើម្បី​នាំចូល​ឡើយ","one":"បាន​នាំចូល​ទំនាក់ទំនង​មួយ","two":"បាន​នាំចូល​ទំនាក់ទំនង {{n}}","few":"បាន​នាំចូល​ទំនាក់ទំនង {{n}}","many":"បាន​នាំចូល​ទំនាក់ទំនង {{n}}","other":"បាន​នាំចូល​ទំនាក់ទំនង {{n}}"}},"memoryCardContacts-import":"នាំចូល​ទំនាក់ទំនង​ពី​កាត​អង្គ​ចងចាំ","memoryCardContacts-importing":"កំពុង​នាំចូល​ទំនាក់ទំនង​ពី​កាត​អង្គ​ចងចាំ…","memoryCardContacts-reading":"កំពុង​អាន​ពី​កាត​អង្គ​ចងចាំ…","memoryCardContacts-error":"មិន​អាច​នាំចូល​ទំនាក់ទំនង​ពី​កាត​អង្គ​ចងចាំ​បាន​ទេ","memoryCardContacts-imported3":{"_index":["plural","n"],"_":{"zero":"រក​មិន​ឃើញ​ទំនាក់ទំនង​នៅ​លើ​កាត​អង្គ​ចងចាំ​ដើម្បី​នាំចូល​បាន​ទេ","one":"បាន​នាំចូល​ទំនាក់ទំនង​មួយ","two":"បាន​នាំចូល​ទំនាក់ទំនង {{n}}","few":"បាន​នាំចូល​ទំនាក់ទំនង {{n}}","many":"បាន​នាំចូល​ទំនាក់ទំនង {{n}}","other":"បាន​នាំចូល​​ទំនាក់ទំនង {{n}}"}},"genericProgress":"{{current}}/{{total}}","facebook":"Facebook","facebook-import-msg":{"_index":["plural","imported"],"_":{"zero":"មិន​មាន​មិត្តភ័ក្ដិ​បាន​នាំចូល (ក្រៅ​ពី {{total}})","one":"បាន​នាំចូល​មិត្តភ័ក្ដិ​ម្នាក់ (ក្រៅ​ពី {{total}})","two":"បាន​នាំចូល​មិត្តភ័ក្ដិ {{imported}}/{{total}}","few":"បាន​នាំចូល​មិត្តភ័ក្ដិ {{imported}}/{{total}}","many":"បាន​នាំចូល​មិត្តភ័ក្ដិ {{imported}}/{{total}}","other":"បាន​នាំចូល​មិត្តភ័ក្ដិ {{imported}}/{{total}}"}},"contactsMerged":{"_index":["plural","numDups"],"_":{"zero":"មិន​មាន​ទំនាក់ទំនង​ស្ទួន​​បាន​បញ្ចូល​គ្នា​ឡើយ","one":"បាន​បញ្ចូល​គ្នា​ទំនាក់ទំនង​ស្ទួន​​​មួយ​","two":"បាន​បញ្ចូល​ទំនាក់ទំនង {{numDups}}","few":"បាន​បញ្ចូល​ទំនាក់ទំនង {{numDups}}","many":"បាន​បញ្ចូល​គ្នា​ទំនាក់ទំនង {{numDups}}","other":"បាន​បញ្ចូល​គ្នា​ទំនាក់ទំនង {{numDups}} "}},"pincode2":"បញ្ចូល​​កូដ PIN","type_pin":"វាយ​លេខ​កូដ PIN របស់​អ្នក","pincodeLabel":"SIM {{n}} PIN","pinValidation":"PIN ត្រូវតែ​មាន​ចន្លោះ​ពី 4 និង 8 តួអក្សរ។","pinError":"PIN មិន​ត្រឹមត្រូវ។","pinAttemptMsg2":{"_index":["plural","n"],"_":{"one":"អ្នក​នៅ​សល់​ការ​ព្យាយាម​ម្ដង​ទៀត​ក្នុង​ការ​បញ្ចូល​លេខ​កូដ​ត្រឹមត្រូវ មុន​ពេល​​បិទ​​​ SIM កាតនេះ។","two":"អ្នក​នៅ​សល់​ការ​ព្យាយាម {{n}} ​ទៀត​ក្នុង​ការ​បញ្ចូល​លេខ​កូដ​ត្រឹមត្រូវ មុន​ពេល​​​បិទ SIM កាត​នេះ។","few":"អ្នក​នៅ​សល់​ការ​ព្យាយាម {{n}} ​ទៀត​ក្នុង​ការ​បញ្ចូល​លេខ​កូដ​ត្រឹមត្រូវ មុន​ពេល​​បិទ SIM កាត។","many":"អ្នក​នៅ​សល់​ការ​ព្យាយាម {{n}} ​ទៀត​ក្នុង​ការ​បញ្ចូល​លេខ​កូដ​ត្រឹមត្រូវ មុន​ពេល​​បិទ SIM កាត។","other":"អ្នក​នៅ​សល់​ការ​ព្យាយាម {{n}} ​ទៀត​ក្នុង​ការ​បញ្ចូល​លេខ​កូដ​ត្រឹមត្រូវ មុន​ពេល​​បិទ SIM កាត។"}},"pinLastChanceMsg":"នេះ​ជា​លើក​ចុង​ក្រោយ​​ក្នុង​ការ​បញ្ចូល​កូដ PIN ដែល​ត្រឹមត្រូវ។ បើ​មិន​ដូច្នោះ​ទេ អ្នក​ត្រូវតែ​បញ្ចូល​កូដ PUK ដើម្បី​​អាច​ប្រើ SIM ​កាត​នេះ​បាន។","pukcode":"បញ្ចូល​កូដ PUK","pukcodeTitle":"បញ្ចូល SIM {{n}} PUK","pukcodeLabel":"SIM {{n}} PUK","type_puk":"កូដ PUK","pukValidation":"កូដ PUK ត្រូវតែ​មាន​ 8 តួអក្សរ។","pukInfo":"អ្នក​ត្រូវតែ​បញ្ចូល​កូដ​ដោះ​សោ​ផ្ទាល់ខ្លួន (PUK) សម្រាប់​ SIM កាត​នេះ។ យោង​តាម​ឯកសារ SIM ​កាត​របស់​អ្នក ឬ​ទាក់ទង​ក្រុមហ៊ុន​គមនាគមន៍​សម្រាប់​ព័ត៌មាន​បន្ថែម។","pukError":"PUK មិន​ត្រឹមត្រូវ​ទេ។","pukAttemptMsg2":{"_index":["plural","n"],"_":{"one":"អ្នក​នៅ​សល់​ការ​ព្យាយាម​ម្ដង​​ទៀត​ក្នុង​ការ​បញ្ចូល​លេខ​កូដ​ត្រឹមត្រូវ មុន​ពេល​​ SIM ​កាត​មិន​អាច​ប្រើ​បាន​ជា​រៀង​រហូត។ យោង​ទៅ​ឯកសារ​ SIM កាត​របស់​អ្នក​ ឬ​ទាក់ទង​ក្រុមហ៊ុន​គមនាគមន៍​របស់​អ្នក​សម្រាប់​ព័ត៌មាន​បន្ថែម។","two":"អ្នក​នៅ​សល់​ការ​ព្យាយាម {{n}} ​​ទៀត​ក្នុង​ការ​បញ្ចូល​លេខ​កូដ​ត្រឹមត្រូវ មុន​ពេល​​ SIM ​កាត​មិន​អាច​ប្រើ​បាន​ជា​រៀង​រហូត។ យោង​ទៅ​ឯកសារ​ SIM កាត​របស់​អ្នក​ ឬ​ទាក់ទង​ក្រុមហ៊ុន​គមនាគមន៍​របស់​អ្នក​សម្រាប់​ព័ត៌មាន​បន្ថែម។","few":"អ្នក​​មាន​ការ​ព្យាយាម​ {{n}} ទៀត​ក្នុង​ការ​បញ្ចូល​លេខ​កូដ​​ដែល​ត្រឹមត្រូវ មុន​ពេល​ SIM ​កាត​នេះ​នឹង​​មិន​អាច​ប្រើ​បាន​ជា​បណ្ដោះអាសន្ន។ យោង​​ទៅ​​ឯកសារ​​ SIM កាត​​របស់​អ្នក ឬ​ទាក់ទង​ក្រុមហ៊ុន​គមនាគមន៍​របស់​អ្នក​សម្រាប់​ព័ត៌មាន​បន្ថែម។","many":"អ្នក​នៅ​សល់​ការ​ព្យាយាម {{n}} ដង​ទៀត​ដើម្បី​​បញ្ចូល​លេខ​កូដ​ត្រឹមត្រូវ​មុន​​ពេល​​ SIM កាតមិន​អាច​ប្រើ​បាន​​ជា​រៀង​រហូត។ យោង​តាម​ឯកសារ​​ SIM កាត ឬ​​ទាក់ទង​ក្រុមហ៊ុន​គមនាគមន៍​របស់​អ្នក​សម្រាប់​ព័ត៌មាន​បន្ថែម។","other":"អ្នក​នៅ​សល់​ការ​ព្យាយាម {{n}} ដង​ទៀត​ដើម្បី​​បញ្ចូល​លេខ​កូដ​ត្រឹមត្រូវ​ មុន​​ពេល SIM កាត​នេះ​នឹង​​មិន​អាច​ប្រើ​បាន​​ជា​រៀង​រហូត។ យោង​​ទៅ​​ឯកសារ​​ SIM កាត ឬ​​ទាក់ទង​ក្រុមហ៊ុន​គមនាគមន៍​របស់​អ្នក​សម្រាប់​ព័ត៌មាន​បន្ថែម។"}},"pukLastChanceMsg":"នេះ​ជា​លើក​ចុង​ក្រោយ​របស់​អ្នក​ក្នុង​ការ​បញ្ចូល​លេខ​​​កូដ PUK ឲ្យ​បាន​ត្រឹមត្រូវ។ SIM ​កាត​របស់​អ្នក​នឹង​មិន​អាច​ប្រើ​បាន​ជា​រៀង​រហូត ប្រសិនបើ​អ្នក​បញ្ចូល​​លេខ​កូដ PUK ខុស។","create_newpin":"បង្កើត PIN ថ្មី (4 ទៅ 8 ខ្ទង់)","confirm_newpin":"អះអាង PIN ថ្មី","newpinConfirmation":"PINs មិន​ត្រូវគ្នា","nckcode":"បញ្ចូល​កូដ NCK","cckcode":"បញ្ចូល​កូដ CCK","spckcode":"បញ្ចូល​កូដ SPCK","nck1code":"បញ្ចូល​កូដ NCK1","nck2code":"បញ្ចូល​កូដ NCK2","hnckcode":"បញ្ចូល​កូដ HNCK","rcckcode":"បញ្ចូល​លេខ​កូដ RCCK","rspckcode":"បញ្ចូល​កូដ RSPCK","nckcodeTitle":"បញ្ចូល SIM {{n}} NCK","cckcodeTitle":"បញ្ចូល SIM {{n}} CCK","spckcodeTitle":"បញ្ចូល SIM {{n}} SPCK","nck1codeTitle":"បញ្ចូល SIM {{n}} NCK1","nck2codeTitle":"បញ្ចូល SIM {{n}} NCK2","hnckcodeTitle":"បញ្ចូល SIM {{n}} HNCK","rcckcodeTitle":"Enter SIM {{n}} RCCK","rspckcodeTitle":"បញ្ចូល SIM {{n}} RSPCK","nckcodeLabel":"SIM {{n}} NCK","cckcodeLabel":"SIM {{n}} CCK","spckcodeLabel":"SIM {{n}} SPCK","nck1codeLabel":"SIM {{n}} NCK1","nck2codeLabel":"SIM {{n}} NCK2","hnckcodeLabel":"SIM {{n}} HNCK","rcckcodeLabel":"SIM {{n}} RCCK","rspckcodeLabel":"SIM {{n}} RSPCK","type_nck":"វាយ​លេខ​កូដ NCK របស់​អ្នក","type_cck":"វាយ​លេខ​កូដ CCK របស់​អ្នក","type_spck":"វាយ​លេខ​កូដ SPCK របស់​អ្នក","type_nck1":"បញ្ចូល​លេខ​កូដ NCK1 របស់​អ្នក","type_nck2":"បញ្ចូល​លេខ​កូដ NCK2 របស់​អ្នក","type_hnck":"បញ្ចូល​លេខ​កូដ HNCK របស់​អ្នក","type_rcck":"បញ្ចូល​លេខ​កូដ RCCK របស់​អ្នក","type_rspck":"បញ្ចូល​លេខ​កូដ RSPCK របស់​អ្នក","nckValidation":"NCK ត្រូវតែ​មាន​ចន្លោះ​ពី 8 ទៅ 16 តួអក្សរ។","cckValidation":"CCK ត្រូវតែ​មាន​ចន្លោះ​ពី 8 ទៅ 16 តួអក្សរ។","spckValidation":"SPCK ត្រូវតែ​មាន​ចន្លោះ​ពី 8 ទៅ 16 តួអក្សរ។","nck1Validation":"NCK1 ត្រូវតែ​មាន​ចន្លោះ​ពី 8 ទៅ 16 តួអក្សរ។","nck2Validation":"NCK2 ត្រូវ​តែ​ចន្លោះ​ពី 8 ទៅ 16 តួអក្សរ។","hnckValidation":"HNCK ត្រូវតែ​មាន​ចន្លោះ​ពី 8 ទៅ 16 តួអក្សរ។","rcckValidation":"RCCK ត្រូវតែ​ចន្លោះ​ពី 8 ទៅ 16 តួអក្សរ។","rspckValidation":"RSPCK ត្រូវតែ​ចន្លោះ​ពី 8 ទៅ 16 តួអក្សរ។","nckErrorMsg":"លេខ​កូដ​ NCK មិន​ត្រឹមត្រូវ។","nckAttemptMsg2":{"_index":["plural","n"],"_":{"one":"សំណើរ​មិន​មាន​លក្ខណៈ​ផ្ទាល់ខ្លួន​នៃ​បណ្ដញ​បាន​បរាជ័យ។ អ្នក​​មាន​ការ​ព្យាយាម​ម្ដង​ទៀត​ក្នុង​ការ​បញ្ចូល​លេខ​កូដ​​ដែល​ត្រឹមត្រូវ។ យោង​​ទៅ​​ឯកសារ​ឧបករណ៍​របស់​អ្នក ឬ​ទាក់ទង​ក្រុមហ៊ុន​គមនាគមន៍​របស់​អ្នក​សម្រាប់​ព័ត៌មាន​បន្ថែម។","two":"សំណើរ​មិន​មាន​លក្ខណៈ​ផ្ទាល់ខ្លួន​នៃ​បណ្ដញ​បាន​បរាជ័យ។ អ្នក​​មាន​ការ​ព្យាយាម​ {{n}} ទៀត​ក្នុង​ការ​បញ្ចូល​លេខ​កូដ​​ដែល​ត្រឹមត្រូវ។ យោង​​ទៅ​​ឯកសារ​ឧបករណ៍​របស់​អ្នក ឬ​ទាក់ទង​ក្រុមហ៊ុន​គមនាគមន៍​របស់​អ្នក​សម្រាប់​ព័ត៌មាន​បន្ថែម។","few":"សំណើរ​មិន​មាន​លក្ខណៈ​ផ្ទាល់ខ្លួន​នៃ​បណ្ដញ​បាន​បរាជ័យ។ អ្នក​​មាន​ការ​ព្យាយាម​ {{n}} ទៀត​ក្នុង​ការ​បញ្ចូល​លេខ​កូដ​​ដែល​ត្រឹមត្រូវ។ យោង​​ទៅ​​ឯកសារ​ឧបករណ៍​របស់​អ្នក ឬ​ទាក់ទង​ក្រុមហ៊ុន​គមនាគមន៍​របស់​អ្នក​សម្រាប់​ព័ត៌មាន​បន្ថែម។","many":"សំណើរ​មិន​មាន​លក្ខណៈ​ផ្ទាល់ខ្លួន​នៃ​បណ្ដញ​បាន​បរាជ័យ។ អ្នក​​មាន​ការ​ព្យាយាម​ {{n}} ទៀត​ក្នុង​ការ​បញ្ចូល​លេខ​កូដ​​ដែល​ត្រឹមត្រូវ។ យោង​​ទៅ​​ឯកសារ​ឧបករណ៍​របស់​អ្នក ឬ​ទាក់ទង​ក្រុមហ៊ុន​គមនាគមន៍​របស់​អ្នក​សម្រាប់​ព័ត៌មាន​បន្ថែម។","other":"សំណើរ​មិន​មាន​លក្ខណៈ​ផ្ទាល់ខ្លួន​នៃ​បណ្ដញ​បាន​បរាជ័យ។ អ្នក​​មាន​ការ​ព្យាយាម​ {{n}} ទៀត​ក្នុង​ការ​បញ្ចូល​លេខ​កូដ​​ដែល​ត្រឹមត្រូវ។ យោង​​ទៅ​​ឯកសារ​ឧបករណ៍​របស់​អ្នក ឬ​ទាក់ទង​ក្រុមហ៊ុន​គមនាគមន៍​របស់​អ្នក​សម្រាប់​ព័ត៌មាន​បន្ថែម។"}},"nckLastChanceMsg":"សំណើរ​មិន​មាន​លក្ខណៈ​ផ្ទាល់ខ្លួន​នៃ​បណ្ដញ​បាន​បរាជ័យ។ លើក​ចុង​ក្រោយ​​ក្នុង​ការ​បញ្ចូល​លេខ​កូដ NCK ​ត្រឹមត្រូវ។ យោង​​ទៅ​​ឯកសារ​ឧបករណ៍​របស់​អ្នក ឬ​ទាក់ទង​ក្រុមហ៊ុន​គមនាគមន៍​របស់​អ្នក​សម្រាប់​ព័ត៌មាន​បន្ថែម។","skip":"រំលង","send":"ផ្ញើ","ok":"យល់​ព្រម","simLocked":"ជាប់​សោ SIM ​កាត","inputCodeRetriesLeft":{"_index":["plural","n"],"_":{"one":"ព្យាយាម​ចុង​ក្រោយ។","two":"នៅ​សល់​ការ​ព្យាយាម {{n}} ដង​ទៀត។","few":"នៅ​សល់​ការ​ព្យាយាម {{n}} ដង​ទៀត។","many":"នៅ​សល់​ការ​ព្យាយាម {{n}} ដង​ទៀត។","other":"នៅ​សល់​ការ​ព្យាយាម {{n}} ដង​ទៀត។"}},"simManager":"កម្មវិធី​គ្រប់គ្រង​ SIM","simDetail":"SIM {{n}}","simDefault":"(លំនាំដើម)","simDefaultMessage":"ការ​ហៅ​ចេញ, សារ​ចេញ និង​​ការ​តភ្ជាប់​ទិន្នន័យ​ត្រូវ​បាន​កំណត់​ទៅ​ SIM 1 ជា​លំនាំដើម","simSettingsMessage":"អ្នក​អាច​ប្ដូរ​ការ​កំណត់​លំនាំដើម​នៅ​ឯ​ ការ​កំណត់ > កម្មវិធី​គ្រប់គ្រង​ SIM","simPinLocked":"SIM PIN ជាប់​សោ","noOperator":"មិន​មាន​ការី​","language":"ភាសា","3g":"ទិន្នន័យ​ចល័ត","dataConnection":"អនុញ្ញាត​ទិន្នន័យ","dataConnectionInfo":"អនុញ្ញាត​ការ​ភ្ជាប់​ទិន្នន័យ​​ឥឡូវ​នឹង​អាច​ឲ្យ​អ្នក​រៀបចំ​ទូរស័ព្ទ​របស់​អ្នក​ដោយ​​មិន​​មាន​ការ​ភ្ជាប់ Wi-Fi ។ អ្នក​ក៏​អាច​អនុញ្ញាត​វា​ពេល​ក្រោយ​បាន​នៅ​ក្នុង​ការ​កំណត់។ គ្រាន់តែ​ប្រាកដ​ថា​អ្នក​មាន​​ផែនការ​ទិន្នន័យ​ជាមួយ​​ក្រុមហ៊ុន​​ទូរស័ព្ទ​របស់​អ្នក​ដើម្បី​ជៀសវាង​​បន្ទុក​ធ្ងន់ធ្ងរ​ខ្លាំង។","caution":"ការ​ព្រមាន","geolocation":"ទីតាំង​ភូមិសាស្ត្រ","geolocationCheckbox":"បើក​ទីតាំង​ភូមិសាស្ត្រ","geolocationInfo2":"{{brandShortName}} ប្រើ​ទិន្នន័យ​ដូច​ជា GPS, វ៉ាយហ្វាយ និង​បណ្ដាញ​ចល័ត​ដែល​នៅ​ជិត​អ្នក​ដើម្បី​ជួយ​កំណត់​ទីតាំង​​ត្រឹមត្រូវ​របស់​អ្នក។","geolocationInfoMore":"ទិន្នន័យ​ត្រូវ​បាន​ផ្ញើ​ទៅ Mozilla នឹង​ក្រុមហ៊ុន​ផ្ដល់​សេវាកម្ម​ផ្សេង​ នឹង​ត្រូវ​ប្រើ​នៅ​ក្នុង​​ការ​ចងក្រង ដើម្បី​ធ្វើ​ឲ្យ​មូលដ្ឋាន​ទិន្នន័យ​ទីតាំង​ទាំងនេះ​ប្រសើរ​ឡើង។   ទិន្នន័យ​អាច​ត្រូវ​បាន​ស្ដារ​នៅ​លើ​ឧបករណ៍​​របស់​អ្នក ហើយ​​ការ​ប្រមូល​​ទិន្នន័យ​​អាច​កើត​មាន​ទោះ​​ពេល​គ្មាន​កម្មវិធី​កំពុង​ដំណើរការ​ក៏​ដោយ។","notice":"ចំណាំ","aboutYourPrivacy":"បន្ថែម​អំពី​ភាព​ឯកជន​របស់​អ្នក","scanningNetworks":"ជ្រើស​បណ្ដាញ","selectNetwork":"ជ្រើស​បណ្ដាញ","shortStatus-connecting":"កំពុង​ភ្ជាប់...","shortStatus-associated":"កំពុង​ទទួល​អាសយដ្ឋាន IP...","shortStatus-connected":"បាន​​ភ្ជាប់","shortStatus-connectingfailed":"បាន​បរាជ័យ​ក្នុង​ការ​​ភ្ជាប់","shortStatus-disconnected":"ក្រៅ​បណ្ដាញ","securedBy":"បាន​ធានា​ដោយ {{capabilities}}","security":"សុវត្ថិភាព","securityNone":"គ្មាន","securityWEP":"WEP","securityWPA-PSK":"WPA-PSK","securityWPA-EAP":"WPA-EAP","securityOpen":"បើក","identity":"អ្នកប្រើ","identityInput":{"placeholder":"អ្នកប្រើ"},"password":"ពាក្យ​សម្ងាត់","passwordInput":{"placeholder":"ពាក្យ​សម្ងាត់"},"showPassword":"បង្ហាញ​ពាក្យ​សម្ងាត់","refresh":"ធ្វើ​ឲ្យ​ស្រស់","noWifiFound3":"រក​មិន​ឃើញ​បណ្ដាញ​ឥតខ្សែ","join-hidden-button":"ចូល​បណ្ដាញ​បានលាក់","authentication":"ការ​ផ្ទៀងផ្ទាត់​","ssid-name":"ឈ្មោះ​បណ្ដាញ​​ SSID","wifiLevel":"{{level}} នៃ​របារ​បួន","networksList":"រក​ឃើញ​បណ្ដាញ","dateAndTime":"កាលបរិច្ឆេទ និង​ពេលវេលា","timezoneTitle":"UTC{{utcOffset}} {{region}}/{{city}}","timeZone":"តំបន់​ពេលវេលា","change":"ផ្លាស់​ប្ដូរ","region":{"ariaLabel":"តំបន់"},"city":{"ariaLabel":"ទីក្រុង"},"date":{"ariaLabel":"កាល​បរិច្ឆេទ"},"time":{"ariaLabel":"ពេលវេលា"},"importContacts3":"នាំចូល​ទំនាក់ទំនង","importSim2":"SIM កាត","importFb2":"Facebook","importOutlook":"Outlook","importGmail":"Gmail","fb-checking":"... កំពុង​ពិនិត្យ","notImportedYet":"មិន​ទាន់​នាំចូល​នៅ​ឡើយ​ទេ","otherAccount":"គណនី​ផ្សេង","afterFbImport":"អ្នក​អាច​នាំចូល និង​កែ​មិត្តភ័ក្ដិ Facebook នៅ​ពេល​ណា​ក៏​បាន​នៅ​ក្នុង​ការ​កំណត់​ទំនាក់ទំនង","firefox-accounts":"គណនី Firefox","fxa-overview":{"innerHTML":"គណនី Firefox អនុញ្ញាត​ឲ្យ​អ្នក​ប្រើ​លក្ខណៈ ដូច​ជា​ស្វែងរក​ឧបករណ៍​របស់​ខ្ញុំ និង​កម្មវិធី​នៅ​ឃ្លាំង​កម្មវិធី Firefox ។"},"fxa-create-account-or-sign-in":"បង្កើត​គណនី ឬ​ចូល","fxa-email-sent":"តំណ​​សម្រាប់​ការ​ផ្ទៀងផ្ទាត់​ត្រូវ​បាន​ផ្ញើ​ទៅ {{email}}","fxa-signed-in":"បាន​ចូល​ជា {{email}}","about-your-rights-0":"{{brandShortName}} បាន​បង្កើត​ឡើង​លើ​កម្មវិធី​កូដ​ចំហ និង​ឥត​គិត​ថ្លៃ​ដោយ​​សហគមន៍​រាប់​ពាន់​ពី​ពាសពេញ​ពិភព​លោក។ មាន​រឿង​មួយ​ចំនួន​ដែល​អ្នក​គួរ​ដឹង៖","about-your-rights-1":"{{brandShortName}} បាន​បង្កើត​​ឲ្យ​មាន​សម្រាប់​អ្នក​ក្រោម​លក្ខខណ្ឌ​​នៃ​អាជ្ញាប័ណ្ណ​កូដ​ចំហ​ជា​ច្រើន​រួម​​ទាំង​អាជ្ញាប័ណ្ណ​សាធារណៈ​​របស់ Mozilla។ ឧបករណ៍​ដែល​ដំណើរការ {{brandShortName}} ​ក៏​អាច​មាន​​កម្មវិធី​កម្មសិទ្ធិ​ពី​ភាគី​ទី​បី។ កូដ​ណា​​មួយ​ដែល​​បាន​ផ្ដល់​ក្រោម​អាជ្ញាប័ណ្ណ​បើក​ចំហ​​ ផ្ដល់​ឲ្យ​អ្នក​នូវ​សិទ្ធិ​​កែប្រែ​​កូដ​ប្រភព និង​ចែកចាយ​កំណែ​ដែល​បាន​កែប្រែ​របស់​អ្នក​​​​ដរាប​ណា​​អ្នក​​គោរព​តាម​លក្ខខណ្ឌ​របស់​ពួកគេ។","about-your-rights-2":"អ្នក​មិន​ត្រូវ​បាន​ផ្ដល់​សិទ្ធិ ឬ​អាជ្ញាប័ណ្ណ​​ស្លាក​ពាណិជ្ជកម្ម​ណា​មួយ​​​ពី​មូលនិធិ Mozilla ឬ​ភាគី​​ណា​មួយ រួម​ទាំង​មិន​មាន​ការ​កំណត់​ឈ្មោះ ឬ​ស្លាក​សញ្ញា {{brandShortName}} នេះ​ទេ។","about-your-rights-3":"លក្ខណៈ​ខ្លះ​នៅ​ក្នុង {{brandShortName}}, ដូចជា​របាយការណ៍​គាំង, អាច​ឲ្យ​ជម្រើស​អ្នក​ផ្ដល់​មតិ​ត្រឡប់​ដល់​ Mozilla ។ ដោយ​ជ្រើស​ដាក់​ស្នើ​មតិ​ត្រឡប់ នោះ​អ្នក​ផ្ដល់​សិទ្ធិ​ឲ្យ Mozilla ប្រើ​មតិ​ត្រឡប់​ដើម្បី​ធ្វើ​​ផលិតផល​ឲ្យ​ប្រសើរ ដើម្បី​ផ្សព្វផ្សាយ​មតិ​ត្រឡប់​នៅ​លើ​តំបន់បណ្ដាញ​របស់​ខ្លួន និង​ចែកចាយ​មតិ​ត្រឡប់។","about-other":"ផ្សេងៗ","SIM_mandatory":"ការ​ព្រមាន​​ SIM កាត","SIM_mandatory_warm":"សូម​បញ្ចូល​ SIM កាត និង​ចាប់ផ្ដើម​ទូរស័ព្ទ​របស់​អ្នក​ឡើង​វិញ។","telemetry-sends2":"ទូរមាត្រ​វិធី​ផ្ញើ​​​​ទិន្នន័យ Mozilla អំពី​​ការ​ប្រតិបត្តិ ផ្នែក​រឹង ការ​កំណត់​រចនាសម្ព័ន្ធ និង​ការ​កំណត់​ផ្ទាល់ខ្លួន​​នៅ​ក្នុង​ឧបករណ៍ {{brandShortName}} របស់​អ្នក។ យើង​ប្រើ​វា​ដើម្បី​ធ្វើ​ឲ្យ​ផលិតផល​របស់​យើង​ប្រសើរ លឿន និង​ប្រសិទ្ធភាព​ជាង។","learn-more-telemetry":{"innerHTML":"ស្វែងយល់​បន្ថែម​នៅ {{link}}"},"learn-more-information":{"innerHTML":"ស្វែងយល់​បន្ថែម​អំពី​របៀប​ Mozilla គ្រប់គ្រង​ព័ត៌មាន​របស់​អ្នក​នៅ {{link}}"},"welcomeBrowser":"ស្វាគមន៍​មក​កាន់ {{brandShortName}} ប្រព័ន្ធ​ប្រតិបត្តិការ​កូដ​ចំហ និង​ឥតគិតថ្លៃ​ពី Mozilla ។ បេសកកម្ម​របស់​យើង​ គឺ​ដើម្បី​ជំរុញ​​ការ​បើក​ចំហ ការ​ច្នៃប្រឌិត​ថ្មី និង​​ឱកាស​​ ដោយ​​រក្សា​អានុភាព​បណ្ដាញ​ក្នុង​ដៃ​របស់​អ្នក។","learn-more-privacy":{"innerHTML":"ស្វែងយល់​បន្ថែម​អំពី​​ Mozilla គ្រប់គ្រង​ព័ត៌មាន​របស់​អ្នក​នៅ​ {{link}} របស់​យើង។"},"learn-more-privacy-link":"គោលនយោបាយ​ភាព​ឯកជន","aboutBrowser":"អំពី {{brandShortName}}","aboutYourPrivacy2":"ភាព​ឯកជន​របស់​អ្នក","mozillaCommunity2":"នៅ​ពេល​អ្នក​ប្រើ {{brandShortName}} អ្នក​​ក្លាយ​ជា​ផ្នែក​នៃ​សហគមន៍​​សកល​ដែល​ជួយ​បង្កើត​អនាគត​ដ៏​ត្រចះត្រចង់​សម្រាប់​បណ្ដាញ។ បើ​អ្នក​ចង់​ដឹង​បន្ថែម​អំពី​សហគមន៍ Mozilla ផលិតផល​ និង​ព្រឹត្តិការ​ផ្សេង​ៗ​របស់​យើង​ដែល​នៅ​ជិត​អ្នក សូម​បញ្ចូល​អាសយដ្ឋាន​អ៊ីមែល​របស់​អ្នក​ខាង​ក្រោម។","sharePerformanceAndUsageData":"ខ្ញុំ​ចង់​ជួយ​ធ្វើ​ឲ្យ {{brandShortName}} ល្អ​ប្រសើរ​ដោយ​ការ​ចែករំលែក​ទិន្នន័យ​ទូរស័ព្ទ​របស់​ខ្ញុំ និង​វិធី​​ដែល​ខ្ញុំ​ប្រើ​វា។","learnMore":"ស្វែងយល់​បន្ថែម​។","emailAddress":{"placeholder":"អាសយដ្ឋាន​អ៊ីមែល"},"email-successfully-added":"បាន​បន្ថែម​អ៊ីមែល​ដោយ​ជោគជ័យ","email-loading":"កំពុង​រក្សាទុក​អ៊ីមែល​របស់​អ្នក...","privacy-b2g":{"_":"{{brandShortName}}","title":"{{brandShortName}}"},"privacy-marketplace":{"_":"ឃ្លាំង​ទីផ្សារ","title":"{{privacy-marketplace}}"},"privacy-eme":"EverythingMe","privacy-e-me":{"_":"everything.me","title":"{{privacy-e-me}}"},"navbar-back":"ថយក្រោយ","navbar-next":"បន្ទាប់","navbar-join":"ចូលរួម","done":"រួចរាល់","thatsIt":"That’s it!","startYourPhone":"ចាប់ផ្ដើម​មើល​សាក​ទូរស័ព្ទ​របស់​អ្នក!","startYourTablet":"ចាប់ផ្ដើម​មើល​​កុំព្យូទ័រ​បន្ទះ​របស់​អ្នក!","joinTutorial":"ចូលរួម​ជាមួយ​យើង​​​រៀន​​ឆាប់​ចេះ​​អំពី​ទូរស័ព្ទ​ថ្មី​របស់​អ្នក។","enjoyYourPhone":"អ្នក​ត្រៀម​រួច​​ហើយ​ដើម្បី​រីករាយ​ជាមួយ​ទូរស័ព្ទ​ថ្មី​របស់​អ្នក។","optionsAvailable":"អ្នក​អាច​ប្ដូរ​ភាសា កាលបរិច្ឆេទ/ពេលវេលា និង​ការ​ភ្ជាប់ Wi-Fi នៅ​ក្នុង​ការ​កំណត់។","letsGo":"តោះ​ទៅ","startTour":"ចាប់ផ្ដើម​មើល​សាក","whatsNew":"What’s new","updatedSuccessfully":"Your phone has updated successfully! Start the tour to find out more about the new features.","thatsIt1Tablet-2":"អ្នក​អាច​អូស​ពី​គែម​ប៊ូតុង​​ដើម្បី​បញ្ចូល​ទៅ​អេក្រង់​ដើម​​ជា​និច្ច។","thatsIt2Tablet-2":"អនុញ្ញាត​ឲ្យ​ធ្វើ​វា!","tutorial":"ការ​បង្ហាត់​បង្រៀន","tutorial-step1-tiny":"អូស​ពី​ស្ដាំ​ទៅ​ឆ្វេង​ដើម្បី​រក​មើល​កម្មវិធី​របស់​អ្នក។","tutorial-step2-tiny":"ចុច​ឲ្យ​ជាប់​លើ​រូបតំណាង​ដើម្បី​លុប ឬ​ផ្លាស់ទី​វា។","tutorial-step3-tiny":"បញ្ចូល​ពាក្យ​គន្លឹះ ឬ​ប្រធាន​បទ និង​ទូរស័ព្ទ​របស់​អញនក​នឹង​សម្របសម្រួល​ភ្លាម។","tutorial-step4-tiny":"អូស​​ចុះក្រោម​​ដើម្បី​ចូល​មើល​ការ​ជូនដំណឹង, ការ​កំណត់ និង​ព័ត៌មាន​ឥត​ទាន។","tutorial-step5-tiny":"ចុច​ឲ្យ​ជាប់​ប៊ូតុង​ ដើម ដើម្បី​រក​មើល​ និង​បិទ​កម្មវិធី​ថ្មីៗ។","tutorial-step6-tiny":"អូស​ពី​​ផ្នែក​អេក្រង់ ដើម្បី​ផ្លាស់ទី​ថយក្រោយ និង​ទៅ​មុខ​រវាង​កម្មវិធី​បច្ចុប្បន្ន។","tutorial-step1-large-2":"អូស​​ពី​លើ​ចុះ​ក្រោម​ ដើម្បី​ចូល​មើល​ការ​ជូនដំណឹង​ថ្មីៗ, ការ​កំណត់ និង​ព័ត៌មាន​ឥណទាន​។","tutorial-step2-large-2":"អូស​ពី​ឆ្វេង ឬ​ស្ដាំ​ដើម្បី​រកមើល​កម្មវិធី​ថ្មី​ៗ​លើ​អេក្រង់​ដើម។","tutorial-step3-large-2":"ចុច​ឲ្យ​ជាប់​លើ​រូបតំណាង​ដើម្បី​លុប ឬ​ផ្លាស់ទី​វា។","tutorial-step4-large-2":"អូស​ម្រាម​ដៃ​ពីរ​ពី​គែម​ប៊ូតុង​ដើម្បី​បិទ/បើក​ card view.","tutorial-vertical-scroll-tiny":"អូស​ឡើង​លើ និង​ចុះ​ក្រោម ដើម្បី​រកមើល​កម្មវិធី​របស់​អ្នក។ ប៉ះ​លើ​រូបតំណាង ដើម្បី​ផ្លាស់ទី ឬ​លុប​វា។","tutorial-notifications-tiny":"អូស​ចុះ​ក្រោម​ដើម្បី​ចូល​មើល​ការ​ជូនដំណឹង ព័ត៌មាន​ថ្មីៗ, ការ​កំណត់ និង​ព័ត៌មាន​ឥណទាន។","tutorial-sheets-tiny":"អូស​ពី​គែម​អេក្រង់​ខាង​ឆ្វេង​​ត្រឡប់​ទៅ​កាន់​កម្មវិធី​ដែល​បាន​ប្រើ​ថ្មីៗ។","offline-dialog-title":"អ្នក​ត្រូវ​តែ​ភ្ជាប់​ទៅ​អ៊ីនធឺណិត​ដើម្បី​មើល​ទំព័រ​នេះ។","offline-dialog-text":"សូម​​ត្រឡប់​ក្រោយ និង​ភ្ជាប់​ទៅ​អ៊ីនធឺណិត។ អ្នក​ក៏​អាច​មើល​ទំព័រ​នេះ​ពេល​ក្រោយ​ពី​ការ​កំណត់ ឬ​ដោយ​បញ្ចូល {{url}} ក្នុង​កម្មវិធី​អ៊ីនធឺណិត​ណា​មួយ។","OK":"យល់​ព្រម","offline-newsletter-dialog-title":"អ្នក​ត្រូវតែ​ភ្ជាប់​ទៅ​​អ៊ីនធឺណិត​ដើម្បី​ជាវប្រចាំ​ព្រឹត្តិបត្រ​ព័ត៌មាន។","offline-newsletter-dialog-text":"សូម​ត្រឡប់​ក្រោយ និង​ភ្ជាប់​ទៅ​កាន់​អ៊ីនធឺណិត។","invalid-email-dialog-title":"អ៊ីមែល​របស់​អ្នក​មិន​ត្រឹមត្រូវ","invalid-email-dialog-text":"សូម​ត្រឡប់​ក្រោយ រួច​កែ​​ធាតុ​បញ្ចូល​របស់​អ្នក។","retry":"ព្យាយាម​ម្ដង​ទៀត","cancel":"បោះបង់","progressbar":{"_":"ជំហាន​ទី {{step}} នៃ {{total}}","ariaLabel":"បទពិសោធន៍​លើក​ដំបូង"},"weekday-0-long":"អាទិត្យ","weekday-1-long":"ច័ន្ទ","weekday-2-long":"អង្គារ","weekday-3-long":"ពុធ","weekday-4-long":"ព្រហស្បតិ៍","weekday-5-long":"សុក្រ","weekday-6-long":"សៅរ៍","weekday-0-short":"អាទិត្យ","weekday-1-short":"ច័ន្ទ","weekday-2-short":"អង្គារ","weekday-3-short":"ពុធ","weekday-4-short":"ព្រហស្បតិ៍","weekday-5-short":"សុក្រ","weekday-6-short":"សៅរ៍","month-0-long":"មករា","month-1-long":"កុម្ភៈ","month-2-long":"មីនា","month-3-long":"មេសា","month-4-long":"ឧសភា","month-5-long":"មិថុនា","month-6-long":"កក្កដា","month-7-long":"សីហា","month-8-long":"កញ្ញា","month-9-long":"តុលា","month-10-long":"វិច្ឆិកា","month-11-long":"ធ្នូ","month-0-genitive":"មករា","month-1-genitive":"កុម្ភៈ","month-2-genitive":"មីនា","month-3-genitive":"មេសា","month-4-genitive":"ឧសភា","month-5-genitive":"មិថុនា","month-6-genitive":"កក្កដា","month-7-genitive":"សីហា","month-8-genitive":"កញ្ញា","month-9-genitive":"តុលា","month-10-genitive":"វិច្ឆិកា","month-11-genitive":"ធ្នូ","month-0-short":"មករា","month-1-short":"កុម្ភៈ","month-2-short":"មីនា","month-3-short":"មេសា","month-4-short":"ឧសភា","month-5-short":"មិថុនា","month-6-short":"កក្កដា","month-7-short":"សីហា","month-8-short":"កញ្ញា","month-9-short":"តុលា","month-10-short":"វិច្ឆិកា","month-11-short":"ធ្នូ","minutes-ago-long":{"_index":["plural","value"],"_":{"zero":"អម្បាញ់មិញនេះ","one":"មួយ​នាទី​មុន","two":"{{value}} នាទី​មុន","few":"{{value}} នាទី​មុន","many":"{{value}} នាទី​មុន","other":"{{value}} នាទី​មុន"}},"hours-ago-long":{"_index":["plural","value"],"_":{"zero":"អម្បាញ់មិញនេះ","one":"មួយ​ម៉ោង​មុន","two":"{{value}} ម៉ោង​មុន","few":"{{value}} ម៉ោង​មុន","many":"{{value}} ម៉ោង​មុន","other":"{{value}} ម៉ោង​មុន"}},"days-ago-long":{"_index":["plural","value"],"_":{"zero":"ថ្ងៃ​នេះ","one":"ម្សិលមិញ","two":"{{value}} ថ្ងៃ​មុន","few":"{{value}} ថ្ងៃ​មុន","many":"{{value}} ថ្ងៃ​មុន","other":"{{value}} ថ្ងៃ​មុន"}},"weeks-ago-long":{"_index":["plural","value"],"_":{"zero":"សប្ដាហ៍​នេះ","one":"សប្ដាហ៍​មុន","two":"{{value}} សប្ដាហ៍​មុន","few":"{{value}} សប្ដាហ៍​មុន","many":"{{value}} សប្ដាហ៍​មុន","other":"{{value}} សប្ដាហ៍​មុន"}},"months-ago-long":{"_index":["plural","value"],"_":{"zero":"ខែ​នេះ","one":"ខែ​មុន","two":"{{value}} ខែ​មុន","few":"{{value}} ខែ​មុន","many":"{{value}} ខែ​មុន","other":"{{value}} ខែ​មុន"}},"years-ago-long":{"_index":["plural","value"],"_":{"zero":"ឆ្នាំនេះ","one":"ឆ្នាំ​មុន","two":"{{value}} ឆ្នាំ​មុន","few":"{{value}} ឆ្នាំ​មុន","many":"{{value}} ឆ្នាំ​មុន","other":"{{value}} ឆ្នាំ​មុន"}},"minutes-until-long":{"_index":["plural","value"],"_":{"zero":"ឥឡូវ","one":"ក្នុង​ពេល​មួយ​នាទី","two":"ក្នុង​ពេល {{value}} នាទី","few":"ក្នុង​ពេល {{value}} នាទី","many":"ក្នុង​ពេល​ {{value}} នាទី​","other":"ក្នុង​ពេល {{value}} នាទី"}},"hours-until-long":{"_index":["plural","value"],"_":{"zero":"ឥឡូវ","one":"ក្នុង​រយៈពេល​១​ម៉ោង","two":"ក្នុង​ពេល​​ {{value}} ម៉ោង","few":"ក្នុង​ពេល​​ {{value}} ម៉ោង","many":"ក្នុង​ពេល​​ {{value}} ម៉ោង","other":"ក្នុង​ពេល​​ {{value}} ម៉ោង"}},"days-until-long":{"_index":["plural","value"],"_":{"zero":"ថ្ងៃ​នេះ","one":"ថ្ងៃស្អែក","two":"ក្នុង​ពេល​​ {{value}} ថ្ងៃ","few":"ក្នុង​ពេល​​ {{value}} ថ្ងៃ","many":"ក្នុង​ពេល​​ {{value}} ថ្ងៃ","other":"ក្នុង​ពេល​​ {{value}} ថ្ងៃ"}},"weeks-until-long":{"_index":["plural","value"],"_":{"zero":"សប្ដាហ៍​នេះ","one":"សប្ដាហ៍​ក្រោយ","two":"ក្នុង​ពេល {{value}} សប្ដាហ៍","few":"ក្នុង​ពេល {{value}} សប្ដាហ៍","many":"ក្នុង​ពេល {{value}} សប្ដាហ៍","other":"ក្នុង​ពេល {{value}} សប្ដាហ៍"}},"months-until-long":{"_index":["plural","value"],"_":{"zero":"ខែ​នេះ","one":"ខែ​ក្រោយ","two":"ក្នុង​ពេល {{value}} ខែ","few":"ក្នុង​ពេល {{value}} ខែ","many":"ក្នុង​ពេល {{value}} ខែ","other":"ក្នុង​ពេល {{value}} ខែ"}},"years-until-long":{"_index":["plural","value"],"_":{"zero":"ឆ្នាំនេះ","one":"ឆ្នាំ​ក្រោយ","two":"ក្នុង​ពេល {{value}} ឆ្នាំ","few":"ក្នុង​ពេល {{value}} ឆ្នាំ","many":"ក្នុង​ពេល {{value}} ឆ្នាំ","other":"ក្នុង​ពេល {{value}} ឆ្នាំ"}},"minutes-ago-short":{"_index":["plural","value"],"_":{"zero":"អម្បាញ់មិញនេះ","other":"{{value}}នាទី​មុន"}},"hours-ago-short":{"_index":["plural","value"],"_":{"zero":"អម្បាញ់មិញនេះ","other":"{{value}}ម៉ោង​មុន"}},"days-ago-short":{"_index":["plural","value"],"_":{"zero":"ថ្ងៃ​នេះ","other":"{{value}}ថ្ងៃ​មុន"}},"minutes-until-short":{"_index":["plural","value"],"_":{"zero":"ឥឡូវ","other":"ក្នុង​ពេល {{value}}នាទី"}},"hours-until-short":{"_index":["plural","value"],"_":{"zero":"ឥឡូវ","other":"ក្នុង​ពេល {{value}}ម៉ោង"}},"days-until-short":{"_index":["plural","value"],"_":{"zero":"ថ្ងៃ​នេះ","other":"ក្នុង​ពេល {{value}}ថ្ងៃ"}},"incorrectDate":"(កាលបរិច្ឆេទ​មិន​ត្រឹមត្រូវ)","dateTimeFormat_%c":"%a %b %e %Y %I:%M:%S %p","dateTimeFormat_%x":"%m/%d/%Y","dateTimeFormat_%X":"%I:%M:%S %p","shortTimeFormat":"%I:%M %p","shortDateTimeFormat":"%x %I:%M %p","weekStartsOnMonday":"0","time_am":"ព្រឹក","time_pm":"PM","tz-region":"តំបន់","tz-city":"ទីក្រុង","tzRegion-Africa":"អាហ្វ្រិក","tzRegion-America":"អាមេរិក","tzRegion-Antarctica":"អង់តាកទិក","tzRegion-Asia":"អាស៊ី","tzRegion-Atlantic":"មហាសមុទ្រអាត្លង់ទិក","tzRegion-Australia":"អូស្ត្រាលី","tzRegion-Europe":"អឺរ៉ុប","tzRegion-Indian":"មហាសមុទ្រ​ឥណ្ឌា","tzRegion-Pacific":"មហាសមុទ្រ​ប៉ាស៊ីហ្វិក","close":"បិទ","import":"នាំ​ចូល","update":"ធ្វើបច្ចុប្បន្នភាព","fbFriends":"មិត្តភ័ក្ដិ​លើ Facebook","live-serviceName":"Outlook","gmail-serviceName":"Gmail","facebook-serviceName":"មិត្តភ័ក្ដិ​លើ Facebook","selectAll":"ជ្រើស​ទាំងអស់","deselectAll":"មិន​ជ្រើស​ទាំងអស់","viewAll":"មើល​មិត្តភ័ក្ដិ Facebook ទាំងអស់","viewRecommend":"មើល​តែ​​​អ្នក​បាន​ផ្ដល់​អនុសាសន៍","linkProposal":{"_index":["plural","numFriends"],"_":{"zero":"មិន​មាន​មិត្តភ័ក្ដិ​ដែល​ផ្គូផ្គង​គ្នា​ទេ ។ បង្ហាញ​ទាំងអស់","one":"ជ្រើស​មួយ​ដែល​បាន​ផ្ដល់​អនុសាសន៍","two":"ជ្រើស​មួយ​ដែល​បាន​ផ្ដល់​អនុសាសន៍","few":"ជ្រើស​មួយ​ដែល​បាន​ផ្ដល់​អនុសាសន៍","many":"ជ្រើស​មួយ​ដែល​បាន​ផ្ដល់​អនុសាសន៍","other":"ជ្រើស​មួយ​ដែល​បាន​ផ្ដល់​អនុសាសន៍"}},"fbFriendsFound":{"_index":["plural","numFriends"],"_":{"zero":"បាន​នាំចូល​មិត្តភ័ក្ដិ​​របស់​អ្នក​ទាំងអស់","one":"រក​ឃើញ​មិត្តភ័ក្ដិ​ម្នាក់​ដើម្បី​នាំចូល","two":"រកឃើញ​មិត្តភ័ក្ដិ {{numFriends}} ដើម្បី​នាំចូល","few":"រក​ឃើញ​មិត្តភ័ក្ដិ {{numFriends}} ដើម្បី​នាំចូល","many":"រក​ឃើញ​មិត្តភ័ក្ដិ {{numFriends}} ដើម្បី​នាំចូល","other":"រក​ឃើញ​មិត្តភ័ក្ដិ {{numFriends}} ដើម្បី​នាំចូល"}},"fbNoFriends":"មិន​មាន​ទំនាក់ទំនង​ដើម្បី​នាំចូល​ឡើយ","search-contact":{"placeholder":"ស្វែងរក"},"noResults":"រក​មិន​ឃើញ​ទំនាក់ទំនង","done-search":"ធ្វើ​រួច","progressFB3ImportTitle":"នាំចូល​មិត្តភ័ក្ដិ​ទៅ​ទំនាក់ទំនង","progressFB":"{{current}}/{{total}}","progressFB3UpdateTitle":"ធ្វើ​បច្ចុប្បន្នភាព​មិត្តភ័ក្ដិ​ក្នុង​ទំនាក់ទំនង","message2":"នេះ​អាច​ចំណាយ​ពេល​ប៉ុន្មាន​នាទី","messageLinking":"សូម​រងចាំ។ យើង​​កំពុង​តភ្ជាប់​ទៅ​មិត្តភ័ក្ដិ និង​ទំនាក់ទំនង​របស់​អ្នក។","messageCanceling":"សូម​រង់ចាំ។ យើង​កំពុង​បោះបង់​ចោល​​ប្រតិបត្តិការ​ដែល​កំពុង​ដំណើរការ។","error1":"កំហុស {{from}}","error2":"តើ​អ្នក​ចង់ព្យាយាម​ម្ដងទៀត​ឬ ?","errorProposal":"កំពុង​គណនា​សំណើរ","errorFriends":"កំពុង​ទៅ​រក​មិត្តភ័ក្ដិ","errorLinking":"កំពុង​ភ្ជាប់​ទំនាក់ទំនង","timeout1":"ពេលវេលា​ហួស​កំណត់ {{from}}","timeout2":"តើ​អ្នក​ចង់ព្យាយាម​ម្ដងទៀត​ឬ ?","timeoutProposal":"កំពុង​គណនា​សំណើរ","timeoutFriends":"កំពុង​រក​មើល​មិត្តភ័ក្ដិ","timeoutLinking":"កំពុង​ភ្ជាប់​ទំនាក់ទំនង","wait1":"សូម​រង់ចាំ","wait2":"វា​អាច​ប្រើ​ពេល​ពីរ​បី​នាទី","waitProposal":"សូម​រង់ចាំ ។ យើង​កំពុង​គណនា​សំណើ ។","waitFriends":"សូម​រង់ចាំ ។ យើង​កំពុង​តភ្ជាប់​ដើម្បី​យក​បញ្ជី​មិត្តភ័ក្ដិ​របស់​អ្នក ។","curtainCancel":"បោះបង់","curtainRetry":"ព្យាយាម​ម្ដង​ទៀត","curtainOK":"យល់ព្រម","connectionLost":"គ្មាន​ការ​ភ្ជាប់​អ៊ីនធឺណិត","connectionLostMsg":"នឹង​មិន​បន្ថែម​រូបថត​របស់​មិត្តភ័ក្ដិ​​​ទៅ​ទំនាក់ទំនង​របស់​អ្នក​ទេ។ បន្ត​យ៉ាង​ណា​ក៏​​ដោយ​ឬ?","yesOption":"យល់ព្រម","noOption":"បោះបង់","friendsUpdated":{"_index":["plural","numFriends"],"_":{"zero":"មិន​មាន​មិត្ត​ភ័ក្ដិ​​បាន​ធ្វើ​បច្ចុប្បន្នភាព​ឡើយ","one":"បាន​ធ្វើ​បច្ចុប្បន្នភាព​មិត្តភ័ក្ដិ​ម្នាក់","two":"បាន​ធ្វើ​បច្ចុប្បន្នភាព​មិត្តភ័ក្ដិ {{numFriends}}","few":"បាន​ធ្វើ​បច្ចុប្បន្នភាព​មិត្តភ័ក្ដិ {{numFriends}}","many":"បាន​ធ្វើ​បច្ចុប្បន្នភាព​មិត្តភ័ក្ដិ {{numFriends}}","other":"បាន​ធ្វើ​បច្ចុប្បន្នភាព​មិត្តភ័ក្ដិ {{numFriends}}"}},"friendsMerged":{"_index":["plural","numDups"],"_":{"zero":"មិន​មាន​ការ​បញ្ចូល​គ្នា​មិត្តភ័ក្ដិ​ដែល​ស្ទួន","one":"បាន​បញ្ចូល​គ្នា​មិត្តភ័ក្ដិ​ម្នាក់​ដែល​ស្ទួន","two":"បាន​បញ្ចូល​គ្នា​មិត្តភ័ក្ដិ {{numDups}}","few":"បាន​បញ្ចូល​គ្នា​មិត្តភ័ក្ដិ {{numDups}}","many":"បាន​បញ្ចូល​គ្នា​មិត្តភ័ក្ដិ {{numDups}}","other":"បាន​បញ្ចូល​គ្នា​មិត្តភ័ក្ដិ {{numDups}}"}},"notificationLogin":"សម័យ Facebook របស់​អ្នក​មិន​ត្រឹមត្រូវ។ សូម​ចូល។","syncError":"មាន​កំហុស​​​​ក្នុង​ការ​ធ្វើ​សមកាលកម្ម​ទិន្នន័យ​របស់​មិត្តភ័ក្ដិ​អ្នក"}