{"brandShortName":"B2G OS","browserBrandShortName":"웹 브라우저","browserBrandFullName":"Mozilla 웹 브라우저","back":"뒤로","noSimMsg":"연락처를 가져오려면 SIM를 넣거나 잠금해제 하세요.","noMemoryCardMsg":"연락처를 가져오려면 메모리 카드를 넣으세요.","importMemoryCard":"메모리 카드","noConnection11":"Facebook 친구나 연락처를 가져오려면 Wi-Fi나 데이터 네트워크에 연결하세요.","simContacts-import":"SIM 연락처 가져오기","simContacts-importing":"Importing SIM 연락처 가져오는 중…","simContacts-reading":"SIM 카드 읽는 중…","simContacts-error":"SIM에서 연락처를 가져오지 못함","simContacts-imported3":{"_index":["plural","n"],"_":{"zero":"SIM에 가져올 연락처가 없음","one":"1개의 연락처 가져옴","two":"{{n}}개의 연락처 가져옴","few":"{{n}}개의 연락처 가져옴","many":"{{n}}개의 연락처 가져옴","other":"{{n}}개의 연락처 가져옴"}},"memoryCardContacts-import":"메모리 카드에서 연락처 가져오기","memoryCardContacts-importing":"메모리 카드에서 연락처 가져오는 중…","memoryCardContacts-reading":"메모리 카드 읽는 중…","memoryCardContacts-error":"메모리 카드에서 연락처를 가져오지 못함","memoryCardContacts-imported3":{"_index":["plural","n"],"_":{"zero":"메모리 카드에 가져올 연락처가 없음","one":"1개의 연락처 가져옴","two":"{{n}}개의 연락처 가져옴","few":"{{n}}개의 연락처 가져옴","many":"{{n}}개의 연락처 가져옴","other":"{{n}}개의 연락처 가져옴"}},"genericProgress":"{{current}}/{{total}}","facebook":"Facebook","facebook-import-msg":{"_index":["plural","imported"],"_":{"zero":"가져올 친구 없음 (전체 {{total}}개)","one":"1명의 친구 가져옴 (전체 {{total}}개)","two":"{{imported}}/{{total}}명의 친구 가져옴","few":"{{imported}}/{{total}}명의 친구 가져옴","many":"{{imported}}/{{total}}명의 친구 가져옴","other":"{{imported}}/{{total}}명의 친구 가져옴"}},"contactsMerged":{"_index":["plural","numDups"],"_":{"zero":"병합된 중복 연락처 없음","one":"1개의 중복 연락처 병합됨","two":"{{numDups}}개의 연락처 병합됨","few":"{{numDups}}개의 연락처 병합됨","many":"{{numDups}}개의 연락처 병합됨","other":"{{numDups}}개의 연락처 병합됨"}},"pincode2":"PIN 코드 입력","type_pin":"PIN 코드 넣기","pincodeLabel":"SIM {{n}} PIN","pinValidation":"PIN은 4~8자리 글자입니다.","pinError":"PIN이 올바르지 않습니다.","pinAttemptMsg2":{"_index":["plural","n"],"_":{"one":"올바른 코드를 입력할 수 있는 기회가 한 번 남았습니다. 만약 틀리면 이 SIM 카드는 잠기게 됩니다.","two":"올바른 코드를 입력할 수 있는 기회가 {{n}}번 남았습니다. 만약 틀리면 이 SIM 카드는 잠기게 됩니다.","few":"올바른 코드를 입력할 수 있는 기회가 {{n}}번 남았습니다. 만약 틀리면 이 SIM 카드는 잠기게 됩니다.","many":"올바른 코드를 입력할 수 있는 기회가 {{n}}번 남았습니다. 만약 틀리면 이 SIM 카드는 잠기게 됩니다.","other":"올바른 코드를 입력할 수 있는 기회가 {{n}}번 남았습니다. 만약 틀리면 이 SIM 카드는 잠기게 됩니다."}},"pinLastChanceMsg":"올바른 PIN을 입력할 수 있는 마지막 기회입니다. 그러지 못하면 PUK를 입력해야 이 SIM 카드를 쓸 수 있습니다.","pukcode":"PUK 코드 입력","pukcodeTitle":"SIM {{n}} PUK 입력","pukcodeLabel":"SIM {{n}} PUK","type_puk":"PUK 코드","pukValidation":"PUK 코드는 반드시 정확히 8자리 숫자여야 합니다.","pukInfo":"SIM 카드의 Personal Unlocking Key (PUK) 코드를 입력해야 합니다. 자세한 정보는 SIM 카드 문서를 참조하거나 통신사에 문의하시기 바랍니다.","pukError":"PUK가 올바르지 않습니다.","pukAttemptMsg2":{"_index":["plural","n"],"_":{"one":"올바른 코드를 입력할 수 있는 기회가 한 번 남았습니다. 만약 틀리면 이 SIM 카드는 영구적으로 사용할 수 없게 됩니다. 자세한 정보는 SIM 카드 문서를 참조하거나 통신사에 문의하시기 바랍니다.","two":"올바른 코드를 입력할 수 있는 기회가 {{n}}번 남았습니다. 만약 틀리면 이 SIM 카드는 영구적으로 사용할 수 없게 됩니다. 자세한 정보는 SIM 카드 문서를 참조하거나 통신사에 문의하시기 바랍니다.","few":"올바른 코드를 입력할 수 있는 기회가 {{n}}번 남았습니다. 만약 틀리면 이 SIM 카드는 영구적으로 사용할 수 없게 됩니다. 자세한 정보는 SIM 카드 문서를 참조하거나 통신사에 문의하시기 바랍니다.","many":"올바른 코드를 입력할 수 있는 기회가 {{n}}번 남았습니다. 만약 틀리면 이 SIM 카드는 영구적으로 사용할 수 없게 됩니다. 자세한 정보는 SIM 카드 문서를 참조하거나 통신사에 문의하시기 바랍니다.","other":"올바른 코드를 입력할 수 있는 기회가 {{n}}번 남았습니다. 만약 틀리면 이 SIM 카드는 영구적으로 사용할 수 없게 됩니다. 자세한 정보는 SIM 카드 문서를 참조하거나 통신사에 문의하시기 바랍니다."}},"pukLastChanceMsg":"올바른 PUK 코드를 입력할 수 있는 마지막 기회입니다. 만약 잘못된 PUK 코드를 입력하면 이 SIM 카드는 영구적으로 사용할 수 없게 됩니다.","create_newpin":"새 PIN 만들기 (4~8자리 숫자)","confirm_newpin":"새 PIN 확인","newpinConfirmation":"PIN이 맞지 않음","nckcode":"NCK 코드 입력","cckcode":"CCK 코드 입력","spckcode":"SPCK 코드 입력","nck1code":"NCK1 코드 입력","nck2code":"NCK2 코드 입력","hnckcode":"HNCK 코드 입력","rcckcode":"RCCK 코드 입력","rspckcode":"RSPCK 코드 입력","nckcodeTitle":"SIM {{n}} NCK 입력","cckcodeTitle":"SIM {{n}} CCK 입력","spckcodeTitle":"SIM {{n}} SPCK 입력","nck1codeTitle":"SIM {{n}} NCK1 입력","nck2codeTitle":"SIM {{n}} NCK2 입력","hnckcodeTitle":"SIM {{n}} HNCK 입력","rcckcodeTitle":"SIM {{n}} RCCK 입력","rspckcodeTitle":"SIM {{n}} RSPCK 입력","nckcodeLabel":"SIM {{n}} NCK","cckcodeLabel":"SIM {{n}} CCK","spckcodeLabel":"SIM {{n}} SPCK","nck1codeLabel":"SIM {{n}} NCK1","nck2codeLabel":"SIM {{n}} NCK2","hnckcodeLabel":"SIM {{n}} HNCK","rcckcodeLabel":"SIM {{n}} RCCK","rspckcodeLabel":"SIM {{n}} RSPCK","type_nck":"NCK 코드 넣기","type_cck":"CCK 코드 넣기","type_spck":"SPCK 코드 넣기","type_nck1":"NCK1 코드 넣기","type_nck2":"NCK2 코드 넣기","type_hnck":"HNCK 코드 넣기","type_rcck":"RCCK 코드 넣기","type_rspck":"RSPCK 코드 넣기","nckValidation":"NCK는 8~16자리 글자입니다.","cckValidation":"CCK는 8~16자리 글자입니다.","spckValidation":"SPCK는 8~16자리 글자입니다.","nck1Validation":"NCK1는 8~16자리 글자입니다.","nck2Validation":"NCK2는 8~16자리 글자입니다.","hnckValidation":"HNCK는 8~16자리 글자입니다.","rcckValidation":"RCCK는 8~16자리 글자입니다.","rspckValidation":"RSPCK는 8~16자리 글자입니다.","nckErrorMsg":"NCK 코드가 올바르지 않습니다.","nckAttemptMsg2":{"_index":["plural","n"],"_":{"one":"네트워크 잠금 해제 요청이 실패했습니다. 올바른 코드를 입력할 수 있는 기회가 한 번 남았습니다. 자세한 정보는 단말기 설명서를 참조하거나 통신사에 문의하시기 바랍니다.","two":"네트워크 잠금 해제 요청이 실패했습니다. 올바른 코드를 입력할 수 있는 기회가 {{n}}번 남았습니다. 자세한 정보는 단말기 설명서를 참조하거나 통신사에 문의하시기 바랍니다.","few":"네트워크 잠금 해제 요청이 실패했습니다. 올바른 코드를 입력할 수 있는 기회가 {{n}}번 남았습니다. 자세한 정보는 단말기 설명서를 참조하거나 통신사에 문의하시기 바랍니다.","many":"네트워크 잠금 해제 요청이 실패했습니다. 올바른 코드를 입력할 수 있는 기회가 {{n}}번 남았습니다. 자세한 정보는 단말기 설명서를 참조하거나 통신사에 문의하시기 바랍니다.","other":"네트워크 잠금 해제 요청이 실패했습니다. 올바른 코드를 입력할 수 있는 기회가 {{n}}번 남았습니다. 자세한 정보는 단말기 설명서를 참조하거나 통신사에 문의하시기 바랍니다."}},"nckLastChanceMsg":"네트워크 잠금 해제 요청이 실패했습니다. 올바른 NCK 코드를 입력할 수 있는 마지막 기회입니다. 자세한 정보는 단말기 설명서를 참조하거나 통신사에 문의하시기 바랍니다.","skip":"건너뛰기","send":"보내기","ok":"예","simLocked":"SIM 카드 잠김","inputCodeRetriesLeft":{"_index":["plural","n"],"_":{"one":"마지막 기회입니다.","two":"{{n}}번 남았습니다.","few":"{{n}}번 남았습니다.","many":"{{n}}번 남았습니다.","other":"{{n}}번 남았습니다."}},"simManager":"SIM 관리자","simDetail":"SIM {{n}}","simDefault":"(기본)","simDefaultMessage":"착신 통화 및 메시지, 데이터 연결은 SIM 1으로 기본 설정됨","simSettingsMessage":"설정 > SIM 관리자에서 기본 설정 변경 가능 ","simPinLocked":"SIM PIN 잠금","noOperator":"통신사 없음","language":"언어","3g":"모바일 네트워크 사용","dataConnection":"데이터 연결","dataConnectionInfo":"데이터 연결을 시작하면 통신사에서 제공하는 데이터망에 연결하여, Wi-Fi에 연결하지 않고도 설정할 수 있습니다. 물론 나중에 설정에서 데이터 연결을 시작할 수도 있습니다. 다만 통신사에 요금이 지나치게 많이 나오지 않을 충분한 요금제로 가입되어 있는지 확인하십시오.","caution":"주의","geolocation":"위치 서비스","geolocationCheckbox":"위치 서비스 활성화","geolocationInfo2":"{{brandShortName}} 폰은 사용자의 대략적인 위치를 파악하기 위해 GPS, Wi-Fi, 모바일 네트워크를 사용합니다.","geolocationInfoMore":"위치 데이터는 Mozilla와 서비스 제공업체들에 전달하고, 위치 데이터베이스 향상을 위해 사용됩니다. 이 데이터는 여러분의 기기에 저장되고 앱이 실행되지 않을 때도 수집 될 수 있습니다.","notice":"알림","aboutYourPrivacy":"개인 정보 보호 정책","scanningNetworks":"Wi-Fi 네트워크 찾는 중","selectNetwork":"Wi-Fi 선택","shortStatus-connecting":"연결 중…","shortStatus-associated":"IP 주소를 받아오는 중…","shortStatus-connected":"연결됨","shortStatus-connectingfailed":"연결 실패","shortStatus-disconnected":"연결되어 있지 않음","securedBy":"{{capabilities}}로 보안이 걸려 있음","security":"보안","securityNone":"없음","securityWEP":"WEP","securityWPA-PSK":"WPA-PSK","securityWPA-EAP":"WPA-EAP","securityOpen":"개방","identity":"사용자","identityInput":{"placeholder":"사용자"},"password":"암호","passwordInput":{"placeholder":"암호"},"showPassword":"암호 보이기","refresh":"새로 고침","noWifiFound3":"무선 네트워크를 찾을 수 없음","join-hidden-button":"숨은 네트워크 접속","authentication":"인증","ssid-name":"SSID 네트워크 이름","wifiLevel":"4칸 중 {{level}}칸","networksList":"네트워크 발견함","dateAndTime":"날짜 및 시간","timezoneTitle":"UTC{{utcOffset}} {{region}}/{{city}}","timeZone":"시간대","change":"변경","region":{"ariaLabel":"지역"},"city":{"ariaLabel":"도시"},"date":{"ariaLabel":"날짜"},"time":{"ariaLabel":"시간"},"importContacts3":"연락처 가져오기","importSim2":"SIM 카드","importFb2":"Facebook","importOutlook":"Outlook","importGmail":"Gmail","fb-checking":"… 검사 중","notImportedYet":"아직 가져오지 않음","otherAccount":"기타 계정","afterFbImport":"연락처 설정에서 Facebook 친구를 편집 혹은 가져오기 가능합니다.","firefox-accounts":"Firefox Accounts","fxa-overview":{"innerHTML":"Firefox Account를 사용해서 내 기기 찾기나 Firefox Marketplace와 같은 앱을 사용할 수 있습니다."},"fxa-create-account-or-sign-in":"계정 생성 또는 로그인","fxa-email-sent":"{{email}}로 인증 링크가 발송됨","fxa-signed-in":"{{email}}로 로그인","about-your-rights-0":"{{brandShortName}}는 전 세계 수천명의 커뮤니티 참여자에 의해 만들어지는 오픈 소스 소프트웨어 입니다. ","about-your-rights-1":"{{brandShortName}}는 Mozilla Public License를 비롯한 몇 가지 오픈 소스 라이선스를 기반으로 제공됩니다. {{brandShortName}} 기반 기기는 서드파티가 제공하는 상용 소프트웨어를 포함할 수 있습니다. 오픈 라이선스를 통해 만들어진 소스 코드는 여러분 스스로 직접 수정해서 적용하고 배포할 수 있습니다.","about-your-rights-2":"단, {{brandShortName}} 상표 및 로고는 Mozilla 재단의 상표권 라이선스를 받아야 사용할 수 있습니다.","about-your-rights-3":"{{brandShortName}}의 문제점 보고서를 통해 Mozilla에 여러분의 피드백을 제공할 수 있습니다. 피드백을 통해 제품에 대한 기능 및 성능 향상에 도움을 주실 수 있습니다. ","about-other":"기타","SIM_mandatory":"SIM 카드 경고","SIM_mandatory_warm":"SIM 카드를 넣고 전화기를 재시작 해 주십시오.","telemetry-sends2":"Telemetry sends Mozilla data about performance, hardware, configurations, customizations and app usage in your {{brandShortName}} device. We use this to make our products better, faster and more responsive.","learn-more-telemetry":{"innerHTML":"자세히 알아보기 {{link}}"},"learn-more-information":{"innerHTML":"Mozilla의 개인정보 활용에 대해 알아보기 {{link}}"},"welcomeBrowser":"Mozilla의 오픈 소스 모바일 운영체제인 {{brandShortName}}를 선택해 주셔서 감사합입니다. 우리의 사명은 공유, 창조 및 선택 기회를 제공하여, 여러분이 개방된 웹의 힘을 느낄 수 있도록 하는 것입니다.","learn-more-privacy":{"innerHTML":"Mozilla의 개인정보 활용에 대해 알아보기 {{link}}."},"learn-more-privacy-link":"개인 정보 보호 정책","aboutBrowser":"{{brandShortName}} 정보","aboutYourPrivacy2":"개인 정보 보호","mozillaCommunity2":"{{brandShortName}}를 사용하면 여러분은 보다 밝은 웹의 미래를 만들어가는 글로벌 커뮤니티의 일원이 된 것입니다. Mozilla 커뮤니티와 제품 및 행사에 대해 알고 싶으시면, 이메일 주소를 적어주십시오.","sharePerformanceAndUsageData":"I want to help improve {{brandShortName}} by sharing data about my phone and the way I use it.","learnMore":"자세히 보기","emailAddress":{"placeholder":"이메일 주소"},"email-successfully-added":"이메일이 성공적으로 추가됨","email-loading":"이메일을 저장하는 중…","privacy-b2g":{"_":"{{brandShortName}}","title":"{{brandShortName}}"},"privacy-marketplace":{"_":"Marketplace","title":"{{privacy-marketplace}}"},"privacy-eme":"EverythingMe","privacy-e-me":{"_":"everything.me","title":"{{privacy-e-me}}"},"navbar-back":"뒤로","navbar-next":"다음","navbar-join":"접속하기","done":"완료","thatsIt":"시작하기","startYourPhone":"스마트폰 사용법","startYourTablet":"태블릿 사용법","joinTutorial":"잠깐 시간을 내서 여러 기능을 알아보십시오.","enjoyYourPhone":"이제 즐겁게 사용하실 준비가 되었습니다.","optionsAvailable":"먼저 '설정'에서 언어, 날짜 및 시간, Wi-Fi 연결 방식을 바꿀 수 있습니다.","letsGo":"시작하기","startTour":"둘러보기","whatsNew":"What’s new","updatedSuccessfully":"Your phone has updated successfully! Start the tour to find out more about the new features.","thatsIt1Tablet-2":"홈 화면으로 가려면 아래에서 위로 밀면 됩니다.","thatsIt2Tablet-2":"해 봅시다!","tutorial":"사용 방법","tutorial-step1-tiny":"화면을 오른쪽에서 왼쪽으로 밀어 보시면, 설치된 기본 앱을 살펴보실 수 있습니다.","tutorial-step2-tiny":"앱 아이콘을 길게 누르면, 삭제하거나 다른 곳으로 옮길 수 있습니다.","tutorial-step3-tiny":"앱 검색 창에 키워드를 입력하시면, 관련 앱 및 모바일 웹사이트 목록을 표시합니다.","tutorial-step4-tiny":"화면을 위에서 아래로 밀어 보시면, 최신 알림과 사용량 및 각종 설정을 표시합니다.","tutorial-step5-tiny":"홈 버튼을 길게 누르면, 실행 중인 앱을 하나씩 살펴보고 종료할 수 있습니다.","tutorial-step6-tiny":"화면 측면에서 뒤로 이동하면 실행 중 앱을 계속 볼 수 있습니다.","tutorial-step1-large-2":"최신 알림, 정보 및 설정에 접근화려면 화면 위에서 아래로 미세요.","tutorial-step2-large-2":"홈 화면에 새 앱을 보려면 오른쪽에서 왼쪽으로 미세요.","tutorial-step3-large-2":"아이콘을 길게 누르면 삭제하거나 옮길 수 있습니다.","tutorial-step4-large-2":"카드로 보려면 아래에서 위로 두 손가락으로 미세요.","tutorial-vertical-scroll-tiny":"앱을 탐색하기 위해서 위와 아래로 스와이프하세요. 아이콘을 옮기거나 삭제하려면 누른 상태로 잠시 기다리세요.","tutorial-notifications-tiny":"최신 알림과 신용 정보, 설정을 확인하기 위해서 아래로 스와이프 하세요.","tutorial-sheets-tiny":"가장 최근에 사용한 앱으로 돌아가기 위해서 화면 왼쪽으로 부터 드래그 하세요.","offline-dialog-title":"인터넷에 연결되어 있어야 이 페이지를 볼 수 있습니다.","offline-dialog-text":"뒤로 간 다음 인터넷을 연결하십시오. 설정이나 브라우저에서 {{url}}을 입력해 다시 볼 수도 있습니다.","OK":"예","offline-newsletter-dialog-title":"뉴스레터를 받아보려면 인터넷에 연결되어 있어야 합니다.","offline-newsletter-dialog-text":"뒤로 가서 인터넷에 연결하십시오.","invalid-email-dialog-title":"올바르지 않은 이메일","invalid-email-dialog-text":"뒤로 가서 항목을 고치십시오.","retry":"재시도","cancel":"취소","progressbar":{"_":"{{total}} 단계 중 {{step}} 단계","ariaLabel":"첫 사용 실행"},"weekday-0-long":"일요일","weekday-1-long":"월요일","weekday-2-long":"화요일","weekday-3-long":"수요일","weekday-4-long":"목요일","weekday-5-long":"금요일","weekday-6-long":"토요일","weekday-0-short":"일","weekday-1-short":"월","weekday-2-short":"화","weekday-3-short":"수","weekday-4-short":"목","weekday-5-short":"금","weekday-6-short":"토","month-0-long":"1월","month-1-long":"2월","month-2-long":"3월","month-3-long":"4월","month-4-long":"5월","month-5-long":"6월","month-6-long":"7월","month-7-long":"8월","month-8-long":"9월","month-9-long":"10월","month-10-long":"11월","month-11-long":"12월","month-0-genitive":"1월","month-1-genitive":"2월","month-2-genitive":"3월","month-3-genitive":"4월","month-4-genitive":"5월","month-5-genitive":"6월","month-6-genitive":"7월","month-7-genitive":"8월","month-8-genitive":"9월","month-9-genitive":"10월","month-10-genitive":"11월","month-11-genitive":"12월","month-0-short":"1월","month-1-short":"2월","month-2-short":"3월","month-3-short":"4월","month-4-short":"5월","month-5-short":"6월","month-6-short":"7월","month-7-short":"8월","month-8-short":"9월","month-9-short":"10월","month-10-short":"11월","month-11-short":"12월","minutes-ago-long":{"_index":["plural","value"],"_":{"zero":"지금","one":"1분 전","two":"{{value}}분 전","few":"{{value}}분 전","many":"{{value}}분 전","other":"{{value}}분 전"}},"hours-ago-long":{"_index":["plural","value"],"_":{"zero":"지금","one":"1시간 전","two":"{{value}}시간 전","few":"{{value}}시간 전","many":"{{value}}시간 전","other":"{{value}}시간 전"}},"days-ago-long":{"_index":["plural","value"],"_":{"zero":"오늘","one":"어제","two":"{{value}}일 전","few":"{{value}}일 전","many":"{{value}}일 전","other":"{{value}}일 전"}},"weeks-ago-long":{"_index":["plural","value"],"_":{"zero":"이번 주","one":"지난 주","two":"{{value}}주 전","few":"{{value}}주 전","many":"{{value}}주 전","other":"{{value}}주 전"}},"months-ago-long":{"_index":["plural","value"],"_":{"zero":"이번 달","one":"지난 달","two":"{{value}}개월 전","few":"{{value}}개월 전","many":"{{value}}개월 전","other":"{{value}}개월 전"}},"years-ago-long":{"_index":["plural","value"],"_":{"zero":"올해","one":"작년","two":"{{value}}년 전","few":"{{value}}년 전","many":"{{value}}년 전","other":"{{value}}년 전"}},"minutes-until-long":{"_index":["plural","value"],"_":{"zero":"지금","one":"1분 후","two":"{{value}}분 후","few":"{{value}}분 후","many":"{{value}}분 후","other":"{{value}}분 후"}},"hours-until-long":{"_index":["plural","value"],"_":{"zero":"지금","one":"한 시간 후","two":"{{value}}시간 후","few":"{{value}}시간 후","many":"{{value}}시간 후","other":"{{value}}시간 후"}},"days-until-long":{"_index":["plural","value"],"_":{"zero":"오늘","one":"내일","two":"{{value}}일 후","few":"{{value}}일 후","many":"{{value}}일 후","other":"{{value}}일 후"}},"weeks-until-long":{"_index":["plural","value"],"_":{"zero":"이번 주","one":"다음 주","two":"{{value}}주 후","few":"{{value}}주 후","many":"{{value}}주 후","other":"{{value}}주 후"}},"months-until-long":{"_index":["plural","value"],"_":{"zero":"이번 달","one":"다음 달","two":"{{value}}개월 후","few":"{{value}}개월 후","many":"{{value}}개월 후","other":"{{value}}개월 후"}},"years-until-long":{"_index":["plural","value"],"_":{"zero":"올해","one":"내년","two":"{{value}}년 후","few":"{{value}}년 후","many":"{{value}}년 후","other":"{{value}}년 후"}},"minutes-ago-short":{"_index":["plural","value"],"_":{"zero":"지금","other":"{{value}}분 전"}},"hours-ago-short":{"_index":["plural","value"],"_":{"zero":"지금","other":"{{value}}시간 전"}},"days-ago-short":{"_index":["plural","value"],"_":{"zero":"오늘","other":"{{value}}일 전"}},"minutes-until-short":{"_index":["plural","value"],"_":{"zero":"지금","other":"{{value}}분 후"}},"hours-until-short":{"_index":["plural","value"],"_":{"zero":"지금","other":"{{value}}시간 후"}},"days-until-short":{"_index":["plural","value"],"_":{"zero":"오늘","other":"{{value}}일 후"}},"incorrectDate":"(잘못된 날짜)","dateTimeFormat_%c":"%Y년 %B %e일 %a %I:%M:%S %p","dateTimeFormat_%x":"%Y/%m/%d","dateTimeFormat_%X":"%I:%M:%S %p","shortTimeFormat":"%I:%M %p","shortDateTimeFormat":"%x %I:%M %p","weekStartsOnMonday":"0","time_am":"오전","time_pm":"오후","tz-region":"대륙","tz-city":"도시","tzRegion-Africa":"아프리카","tzRegion-America":"아메리카","tzRegion-Antarctica":"남극","tzRegion-Asia":"아시아","tzRegion-Atlantic":"대서양","tzRegion-Australia":"호주","tzRegion-Europe":"유럽","tzRegion-Indian":"인도","tzRegion-Pacific":"태평양","close":"닫기","import":"가져오기","update":"업데이트","fbFriends":"Facebook 친구","live-serviceName":"Windows Live","gmail-serviceName":"Gmail","facebook-serviceName":"Facebook 친구","selectAll":"모두 선택","deselectAll":"모두 선택 해제","viewAll":"Facebook 친구 모두 보기","viewRecommend":"추천하는 친구만 보기","linkProposal":{"_index":["plural","numFriends"],"_":{"zero":"일치하는 친구가 없습니다. 모두 보기","one":"추천한 친구 한 명 선택","two":"추천한 친구 선택","few":"추천한 친구 선택","many":"추천한 친구 선택","other":"추천한 친구 선택"}},"fbFriendsFound":{"_index":["plural","numFriends"],"_":{"zero":"친구를 모두 가져왔습니다.","one":"가져올 수 있는 친구 한 명 찾음","two":"가져올 수 있는 친구 {{numFriends}}명 찾음","few":"가져올 수 있는 친구 {{numFriends}}명 찾음","many":"가져올 수 있는 친구 {{numFriends}}명 찾음","other":"가져올 수 있는 친구 {{numFriends}}명 찾음"}},"fbNoFriends":"No contacts available to import","search-contact":{"placeholder":"찾기"},"noResults":"연락처로 찾지 못함","done-search":"완료","progressFB3ImportTitle":"연락처로 친구 목록 가져오기","progressFB":"{{current}}/{{total}}","progressFB3UpdateTitle":"연락처에서 친구 목록 업데이트","message2":"몇 분 정도 걸릴 수 있습니다","messageLinking":"친구와 연락처를 연결하고 있습니다. 잠시만 기다려 주십시오.","messageCanceling":"처리중인 작업을 취소하고 있는 중입니다. 잠시만 기다려 주십시오.","error1":"{{from}} 오류","error2":"다시 시도하시겠습니까?","errorProposal":"제안을 계산하는 중","errorFriends":"친구를 검색하는 중","errorLinking":"연락처 연결 중","timeout1":"{{from}} 제한 시간 초과","timeout2":"다시 시도하시겠습니까?","timeoutProposal":"제안을 계산하는 중","timeoutFriends":"친구를 검색하는 중","timeoutLinking":"연락처 연결 중","wait1":"잠시 기다리십시오","wait2":"몇 분 정도 걸릴 수 있습니다","waitProposal":"제안을 계산하고 있습니다. 잠시만 기다려 주십시오.","waitFriends":"친구 목록을 받아오기 위해 연결하고 있습니다. 잠시만 기다려 주십시오.","curtainCancel":"취소","curtainRetry":"다시 시도","curtainOK":"확인","connectionLost":"인터넷 연결 안됨","connectionLostMsg":"친구 사진을 연락처에 추가할 수 없습니다. 계속하시겠습니까?","yesOption":"확인","noOption":"취소","friendsUpdated":{"_index":["plural","numFriends"],"_":{"zero":"업데이트된 친구 없음","one":"친구 한 명 업데이트","two":"친구 {{numFriends}}명 업데이트","few":"친구 {{numFriends}}명 업데이트Updated {{numFriends}} friends","many":"친구 {{numFriends}}명 업데이트","other":"친구 {{numFriends}}명 업데이트"}},"friendsMerged":{"_index":["plural","numDups"],"_":{"zero":"병합된 친구 없음","one":"친구 한 명 병함됨","two":"친구 {{numDups}}명 병합됨","few":"친구 {{numDups}}명 병합됨","many":"친구 {{numDups}}명 병합됨","other":"친구 {{numDups}}명 병합됨"}},"notificationLogin":"Facebook 세션이 유효하지 않습니다. 로그인해 주십시오.","syncError":"친구의 데이터와 동기화하다 오류가 발생함"}