{"brandShortName":"B2G OS","browserBrandShortName":"Saityno naršyklė","browserBrandFullName":"„Mozillos“ saityno naršyklė","back":"Atgal","noSimMsg":"Adresatams importuoti turite atrakinti savo SIM kortelę","noMemoryCardMsg":"Adresatams importuoti turite įdėti atminties kortelę","importMemoryCard":"Atminties kortelė","noConnection11":"Draugams ir adresatams importuoti iš „Facebook“ turite prisijungti prie interneto","simContacts-import":"Adresatų importas","simContacts-importing":"Importuojami adresatai iš SIM kortelės…","simContacts-reading":"Skaitoma SIM kortelė…","simContacts-error":"Adresatų importuoti iš SIM kortelės nepavyko","simContacts-imported3":{"_index":["plural","n"],"_":{"zero":"SIM kortelėje importuotinų adresatų neaptikta","one":"Importuotas {{n}} adresatas","two":"Importuoti {{n}} adresatai","few":"Importuoti {{n}} adresatai","many":"Importuota {{n}} adresatų","other":"Importuota {{n}} adresatų"}},"memoryCardContacts-import":"Adresatų importas iš atminties kortelės","memoryCardContacts-importing":"Importuojami adresatai iš atminties kortelės…","memoryCardContacts-reading":"Skaitoma atminties kortelė…","memoryCardContacts-error":"Adresatų importuoti iš atminties kortelės nepavyko","memoryCardContacts-imported3":{"_index":["plural","n"],"_":{"zero":"Atminties kortelėje importuotų adresatų neaptikta","one":"Importuotas {{n}} adresatas","two":"Importuoti {{n}} adresatai","few":"Importuoti {{n}} adresatai","many":"Importuota {{n}} adresatų","other":"Importuota {{n}} adresatų"}},"genericProgress":"{{current}}/{{total}}","facebook":"Facebook","facebook-import-msg":{"_index":["plural","imported"],"_":{"zero":"Neimportuotas nė vienas draugas (iš {{total}})","one":"Importuotas {{imported}} draugas (iš {{total}})","two":"Importuoti {{imported}} draugai (iš {{total}})","few":"Importuoti {{imported}} draugai (iš {{total}})","many":"Importuota {{imported}} draugų (iš {{total}})","other":"Importuota {{imported}} draugų (iš {{total}})"}},"contactsMerged":{"_index":["plural","numDups"],"_":{"zero":"Sulietų besidubliuojančių adresatų nėra","one":"Sulietas {{numDups}} besidubliuojantis adresatas","two":"Sulieti {{numDups}} besidubliuojantys adresatai","few":"Sulieti {{numDups}} besidubliuojantys adresatai","many":"Sulieta {{numDups}} besidubliuojančių adresatų","other":"Sulieta {{numDups}} besidubliuojančių adresatų"}},"pincode2":"Įveskite PIN kodą","type_pin":"Įveskite savo PIN kodą","pincodeLabel":"SIM {{n}} PIN","pinValidation":"PIN kodą turi sudaryti 4–8 skaitmenys.","pinError":"PIN kodas neteisingas.","pinAttemptMsg2":{"_index":["plural","n"],"_":{"one":"Jums liko {{n}} bandymas įvesti teisingą kodą. Jeigu suklysite, SIM kortelė užsirakins.","two":"Jums liko {{n}} bandymai įvesti teisingą kodą. Jeigu jie bus nesėkmingi, SIM kortelė užsirakins.","few":"Jums liko {{n}} bandymai įvesti teisingą kodą. Jeigu jie bus nesėkmingi, SIM kortelė užsirakins.","many":"Jums liko {{n}} bandymų įvesti teisingą kodą. Jeigu jie bus nesėkmingi, SIM kortelė užsirakins.","other":"Jums liko {{n}} bandymų įvesti teisingą kodą. Jeigu jie bus nesėkmingi, SIM kortelė užsirakins."}},"pinLastChanceMsg":"Tai – paskutinė galimybė įvesti teisingą PIN kodą. Jeigu dabar suklysite, norėdami toliau naudotis šia SIM kortele, turėsite įvesti jos PUK kodą.","pukcode":"Įveskite PUK kodą","pukcodeTitle":"Įveskite SIM {{n}} PUK kodą","pukcodeLabel":"SIM {{n}} PUK","type_puk":"PUK kodas","pukValidation":"PUK kodą sudaro lygiai 8 skaitmenys.","pukInfo":"Privalote įvesti šios SIM kortelės PUK kodą. Išsamesnės informacijos apie jį ieškokite kortelės dokumentacijoje arba susisiekę su savo mobiliojo ryšio operatoriumi.","pukError":"PUK kodas neteisingas.","pukAttemptMsg2":{"_index":["plural","n"],"_":{"one":"Jums liko {{n}} bandymas įvesti teisingą kodą. Jeigu suklysite, SIM kortelė užsiblokuos visam laikui. Daugiau informacijos ieškokite kortelės dokumentacijoje arba teiraukitės savo mobiliojo ryšio operatoriaus.","two":"Jums liko {{n}} bandymai įvesti teisingą kodą. Jeigu jie bus nesėkmingi, SIM kortelė užsiblokuos visam laikui. Daugiau informacijos ieškokite kortelės dokumentacijoje arba teiraukitės savo mobiliojo ryšio operatoriaus.","few":"Jums liko {{n}} bandymai įvesti teisingą kodą. Jeigu jie bus nesėkmingi, SIM kortelė užsiblokuos visam laikui. Daugiau informacijos ieškokite kortelės dokumentacijoje arba teiraukitės savo mobiliojo ryšio operatoriaus..","many":"Jums liko {{n}} bandymų įvesti teisingą kodą. Jeigu jie bus nesėkmingi, SIM kortelė užsiblokuos visam laikui. Daugiau informacijos ieškokite kortelės dokumentacijoje arba teiraukitės savo mobiliojo ryšio operatoriaus.","other":"Jums liko {{n}} bandymų įvesti teisingą kodą. Jeigu jie bus nesėkmingi, SIM kortelė užsiblokuos visam laikui. Daugiau informacijos ieškokite kortelės dokumentacijoje arba teiraukitės savo mobiliojo ryšio operatoriaus."}},"pukLastChanceMsg":"Tai – paskutinė galimybė įvesti teisingą PUK kodą. Jeigu dabar suklysite, jūsų SIM kortelė negrįžtamai užsiblokuos. Daugiau informacijos apie PUK kodą ieškokite kortelės dokumentacijoje arba susisiekę su savo mobiliojo ryšio operatoriumi.","create_newpin":"Įveskite naująjį PIN kodą (4–8 skaitmenis)","confirm_newpin":"Pakartokite naująjį PIN kodą","newpinConfirmation":"Įvesti PIN kodai nesutampa","nckcode":"Įveskite NCK kodą","cckcode":"Įveskite CCK kodą","spckcode":"Įveskite SPCK kodą","nck1code":"Įveskite NCK1 kodą","nck2code":"Įveskite NCK2 kodą","hnckcode":"Įveskite HNCK kodą","rcckcode":"Įveskite RCCK kodą","rspckcode":"Įveskite RSPCK kodą","nckcodeTitle":"Įveskite SIM {{n}} NCK kodą","cckcodeTitle":"Įveskite SIM {{n}} CCK kodą","spckcodeTitle":"Įveskite SIM {{n}} SPCK kodą","nck1codeTitle":"Įveskite SIM {{n}} NCK1 kodą","nck2codeTitle":"Įveskite SIM {{n}} NCK2 kodą","hnckcodeTitle":"Įveskite SIM {{n}} HNCK kodą","rcckcodeTitle":"Įveskite SIM {{n}} RCCK kodą","rspckcodeTitle":"Įveskite SIM {{n}} RSPCK kodą","nckcodeLabel":"SIM {{n}} NCK","cckcodeLabel":"SIM {{n}} CCK","spckcodeLabel":"SIM {{n}} SPCK","nck1codeLabel":"SIM {{n}} NCK1","nck2codeLabel":"SIM {{n}} NCK2","hnckcodeLabel":"SIM {{n}} HNCK","rcckcodeLabel":"SIM {{n}} RCCK","rspckcodeLabel":"SIM {{n}} RSPCK","type_nck":"Įveskite savo NCK kodą","type_cck":"Įveskite savo CCK kodą","type_spck":"Įveskite savo SPCK kodą","type_nck1":"Įveskite savo NCK1 kodą","type_nck2":"Įveskite savo NCK2 kodą","type_hnck":"Įveskite savo HNCK kodą","type_rcck":"Įveskite savo RCCK kodą","type_rspck":"Įveskite savo RSPCK kodą","nckValidation":"NCK kodą turi sudaryti 8–16 simbolių.","cckValidation":"CCK kodą turi sudaryti 8–16 simbolių.","spckValidation":"SPCK kodą turi sudaryti 8–16 simbolių.","nck1Validation":"NCK1 kodą turi sudaryti 8–16 simbolių.","nck2Validation":"NCK2 kodą turi sudaryti 8–16 simbolių.","hnckValidation":"HNCK kodą turi sudaryti 8–16 simbolių.","rcckValidation":"RCCK kodą turi sudaryti 8–16 simbolių.","rspckValidation":"RSPCK kodą turi sudaryti 8–16 simbolių.","nckErrorMsg":"NCK kodas neteisingas.","nckAttemptMsg2":{"_index":["plural","n"],"_":{"one":"Įrenginio „atrišti“ nuo tinklo nepavyko. Jums liko {{n}} bandymas įvesti teisingą NCK kodą. Daugiau informacijos apie šį kodą ieškokite įrenginio dokumentacijoje arba teiraukitės savo mobiliojo ryšio operatoriaus.","two":"Įrenginio „atrišti“ nuo tinklo nepavyko. Jums liko {{n}} bandymai įvesti teisingą NCK kodą. Daugiau informacijos apie šį kodą ieškokite įrenginio dokumentacijoje arba teiraukitės savo mobiliojo ryšio operatoriaus.","few":"Įrenginio „atrišti“ nuo tinklo nepavyko. Jums liko {{n}} bandymai įvesti teisingą NCK kodą. Daugiau informacijos apie šį kodą ieškokite įrenginio dokumentacijoje arba teiraukitės savo mobiliojo ryšio operatoriaus.","many":"Įrenginio „atrišti“ nuo tinklo nepavyko. Jums liko {{n}} bandymų įvesti teisingą NCK kodą. Daugiau informacijos apie šį kodą ieškokite įrenginio dokumentacijoje arba teiraukitės savo mobiliojo ryšio operatoriaus.","other":"Įrenginio „atrišti“ nuo tinklo nepavyko. Jums liko {{n}} bandymų įvesti teisingą NCK kodą. Daugiau informacijos apie šį kodą ieškokite įrenginio dokumentacijoje arba teiraukitės savo mobiliojo ryšio operatoriaus."}},"nckLastChanceMsg":"Įrenginio „atrišti“ nuo tinklo nepavyko. Jums liko paskutinis bandymas įvesti teisingą NCK kodą. Daugiau informacijos apie šį kodą ieškokite įrenginio dokumentacijoje arba teiraukitės savo mobiliojo ryšio operatoriaus.","skip":"Praleisti","send":"Siųsti","ok":"Gerai","simLocked":"SIM kortelė užrakinta","inputCodeRetriesLeft":{"_index":["plural","n"],"_":{"one":"Paskutinis bandymas.","two":"Liko {{n}} bandymai.","few":"Liko {{n}} bandymai.","many":"Liko {{n}} bandymų.","other":"Liko {{n}} bandymų."}},"simManager":"SIM tvarkytuvė","simDetail":"SIM {{n}}","simDefault":"(numatytoji)","simDefaultMessage":"Išeinantiems skambučiams, siunčiamoms žinutėms ir duomenims siųsti numatytuoju atveju naudojama SIM 1 kortelė","simSettingsMessage":"Numatytąsias nuostatas galite keisti Nuostatose esančioje SIM tvarkytuvėje","simPinLocked":"SIM PIN užrakintas","noOperator":"Operatoriaus nėra","language":"Kalba","3g":"Mobilieji duomenys","dataConnection":"Įjungti duomenų ryšį","dataConnectionInfo":"Įjungus duomenų ryšį, telefono konfigūravimą bus galima užbaigti be belaidžio tinklo prieigos. Duomenų ryšį galite įjungti ir vėliau nuostatose. Tik nepamirškite pasirūpinti atitinkamu duomenų planu, kad išvengtumėte skausmingų sąskaitų.","caution":"Įspėjimas","geolocation":"Geololokavimas","geolocationCheckbox":"Įgalinti geolokavimą","geolocationInfo2":"„{{brandShortName}}“ jūsų buvimo vietai nustatyti naudoja duomenis, tokius, kaip GPS signalas ir pasiekiamų belaidžių bei mobiliojo ryšio tinklų sąrašas.","geolocationInfoMore":"Šie duomenys siunčiami „Mozillai“ ir kitiems paslaugų teikėjams ir, agregavus, yra naudojami geografinių vietų duomenų bazėms tobulinti. Šie duomenys gali būti saugomi jūsų įrenginyje ir kaupiami net tada, kai nėra paleistos jokios juos naudojančios programos.","notice":"Pastaba","aboutYourPrivacy":"Išsamiau apie jūsų privatumą","scanningNetworks":"Ieškoma tinklų","selectNetwork":"Išsirinkite tinklą","shortStatus-connecting":"Jungiamasi…","shortStatus-associated":"Gaunamas IP adresas…","shortStatus-connected":"Prisijungta","shortStatus-connectingfailed":"Prisijungti nepavyko","shortStatus-disconnected":"Neprisijungta","securedBy":"apsaugotas naudojant {{capabilities}}","security":"Sauga","securityNone":"Jokios","securityWEP":"WEP","securityWPA-PSK":"WPA-PSK","securityWPA-EAP":"WPA-EAP","securityOpen":"Atviras","identity":"Abonento vardas","identityInput":{"placeholder":"Abonento vardas"},"password":"Slaptažodis","passwordInput":{"placeholder":"Slaptažodis"},"showPassword":"Rodyti slaptažodį","refresh":"Atnaujinti","noWifiFound3":"Belaidžių tinklų neaptikta","join-hidden-button":"Jungtis prie paslėpto tinklo","authentication":"Autentikavimas","ssid-name":"Tinklo vardas (SSID)","wifiLevel":"{{level}} iš keturių padalų","networksList":"Aptikti tinklai","dateAndTime":"Data ir laikas","timezoneTitle":"UTC{{utcOffset}} {{region}}/{{city}}","timeZone":"Laiko juosta","change":"Keisti","region":{"ariaLabel":"Regionas"},"city":{"ariaLabel":"Miestas"},"date":{"ariaLabel":"Data"},"time":{"ariaLabel":"Laikas"},"importContacts3":"Adresatų importas","importSim2":"SIM kortelė","importFb2":"Facebook","importOutlook":"Outlook","importGmail":"Gmail","fb-checking":"… tikrinama","notImportedYet":"Dar neimportuoti","otherAccount":"Kitos paskyros","afterFbImport":"„Facebook“ draugus importuoti ir redaguoti galėsite bet kada, pasinaudoję adresinės nuostatomis","firefox-accounts":"„Firefox“ paskyros","fxa-overview":{"innerHTML":"„Firefox“ paskyra įgalina naudotis tokiomis tarnybomis, kaip „Find My Device“ ir „Firefox“ krautuve."},"fxa-create-account-or-sign-in":"Susikurkite paskyrą arba prisijunkite","fxa-email-sent":"Adresu {{email}} išsiųstas patvirtinimo saitas","fxa-signed-in":"Prisijungta kaip {{email}}","about-your-rights-0":"„{{brandShortName}}“ yra laisvoji atvirojo kodo programinė įranga, kuriama bendruomenės, apimančios tūkstančius žmonių iš viso pasaulio. Keletas dalykų, kuriuos turėtumėte žinoti:","about-your-rights-1":"Jums leidžiama naudotis „{{brandShortName}}“, vadovaujantis keletu atvirojo kodo licencijų, viena kurių – „Mozillos“ viešoji licencija („Mozilla Public License“). Įrenginyje, kuriame veikia „{{brandShortName}}“, gali būti įdiegtos ir ne atvirojo kodo trečiųjų šalių programinės įrangos. Atvirojo kodo licencijos leidžia pirminius programų, kurioms atitinkamos licencijos taikomos, tekstus keisti ir tokias pakeistas versijas platinti, kol tenkinami ir kiti tose licencijose apibrėžti reikalavimai.","about-your-rights-2":"Jums nesuteikiamos jokios licencijos ar teisės į „Mozilla Foundation“ ar kitų šalių prekės ženklus, tarp jų – į „{{brandShortName}}“ vardą ar logotipą.","about-your-rights-3":"Kai kurios „{{brandShortName}}“ savybės, pavyzdžiui, strigčių pranešiklis, suteikia galimybę siųsti atsiliepimus „Mozillai“. Siųsdami atsiliepimus, jūs suteikiate „Mozillai“ teisę jais naudotis savo kuriamų produktų tobulinimo tikslais, skelbti juos savo svetainėse ir platinti juos kitais būdais.","about-other":"Kitkas","SIM_mandatory":"Įspėjimas dėl SIM kortelės","SIM_mandatory_warm":"Įdėkite SIM kortelę ir įjunkite telefoną iš naujo.","telemetry-sends2":"Telemetry sends Mozilla data about performance, hardware, configurations, customizations and app usage in your {{brandShortName}} device. We use this to make our products better, faster and more responsive.","learn-more-telemetry":{"innerHTML":"Išsamesnė informacija: {{link}}"},"learn-more-information":{"innerHTML":"Išsamesnė informacija apie tai, kaip „Mozilla“ tvarko jūsų duomenis: {{link}}"},"welcomeBrowser":"Sveiki! Tai – „{{brandShortName}}“, atvirojo kodo laisvoji „Mozillos“ kuriama operacinė sistema. Mūsų misija – skatinti atvirumą, inovacijas ir galimybes, išlaikant saityno galias jūsų rankose.","learn-more-privacy":{"innerHTML":"Kaip elgiamės su jūsų pateiktais duomenimis, esame aprašę savo {{link}}."},"learn-more-privacy-link":"privatumo nuostatuose","aboutBrowser":"Apie „{{brandShortName}}“","aboutYourPrivacy2":"Jūsų privatumas","mozillaCommunity2":"Naudodamiesi „{{brandShortName}}“, jūs tampate dalimi pasaulinės bendruomenės, bendromis jėgomis kuriančios šviesią saityno ateitį. Jeigu norite daugiau sužinoti apie „Mozillos“ bendruomenę, kitus mūsų produktus ar netoliese vyksiančius renginius, žemiau įveskite savo elektroninio pašto adresą.","sharePerformanceAndUsageData":"I want to help improve {{brandShortName}} by sharing data about my phone and the way I use it.","learnMore":"Sužinoti daugiau.","emailAddress":{"placeholder":"El. pašto adresas"},"email-successfully-added":"El. pašto adresas sėkmingai pridėtas","email-loading":"Įrašomas jūsų el. pašto adresas…","privacy-b2g":{"_":"{{brandShortName}}","title":"{{brandShortName}}"},"privacy-marketplace":{"_":"Krautuvė","title":"{{privacy-marketplace}}"},"privacy-eme":"EverythingMe","privacy-e-me":{"_":"everything.me","title":"{{privacy-e-me}}"},"navbar-back":"Atgal","navbar-next":"Toliau","navbar-join":"Jungtis","done":"Baigta","thatsIt":"Štai ir viskas!","startYourPhone":"Susipažinkite su savo telefonu!","startYourTablet":"Susipažinkite su savo planšete!","joinTutorial":"Pažiūrėkite trumpą savo naujojo telefono pristatymą.","enjoyYourPhone":"Dabar galite mėgautis savo naujuoju telefonu.","optionsAvailable":"Kalbą, datą, naudojamą belaidį tinklą ir kitką galite keisti Nuostatose.","letsGo":"Pirmyn","startTour":"Pradėti","whatsNew":"What’s new","updatedSuccessfully":"Your phone has updated successfully! Start the tour to find out more about the new features.","thatsIt1Tablet-2":"Į pradžios ekraną bet kada galite patekti, brūkštelėję pirštu nuo apatinio ekrano krašto.","thatsIt2Tablet-2":"Pabandykime!","tutorial":"Pristatymas","tutorial-step1-tiny":"Savo programas galite peržiūrėti, braukdami pirštu iš dešinės į kairę.","tutorial-step2-tiny":"Palieskite piktogramą ir palaikykite ją nuspaustą, jeigu norite ją perkelti ar pašalinti.","tutorial-step3-tiny":"Įveskite bet kokį reikšminį žodį ar temos pavadinimą, ir telefonas iškart prisitaikys.","tutorial-step4-tiny":"Brūkštelėkite žemyn pamatyti paskiausiems pranešimams, informacijai apie sąskaitos likutį ir nuostatoms.","tutorial-step5-tiny":"Palaikykite nuspaudę pradžios mygtuką, kai norėsite peržiūrėti ar užverti paskiausiai naudotas programas.","tutorial-step6-tiny":"Braukite iš vieno ekrano šono į kitą navigavimui tarp paskiausiai naudotų programų.","tutorial-step1-large-2":"Brūkštelėkite žemyn pamatyti paskiausiems pranešimams, informacijai apie sąskaitos likutį ir nuostatoms.","tutorial-step2-large-2":"Brūkštelėkite kairėn arba dešinėn naujoms programoms pamatyti ar Pradžios ekranui pasiekti.","tutorial-step3-large-2":"Palieskite piktogramą ir palaikykite ją nuspaustą, jeigu norite ją perkelti ar pašalinti.","tutorial-step4-large-2":"Brūkštelėkite dviem pirštais iš apatinio ekrano krašto, kad įsijungtų kortelių rodinys.","tutorial-vertical-scroll-tiny":"Įdiegtas programas galite peržiūrėti, braukdami aukštyn ir žemyn. Nuspauskite ir palaikykite piktogramą, jeigu norite ją perkelti ar pašalinti.","tutorial-notifications-tiny":"Brūkštelėkite žemyn pamatyti paskiausiems pranešimams, informacijai apie sąskaitos likutį ir nuostatoms.","tutorial-sheets-tiny":"Brūkštelėkite nuo kairiojo ekrano krašto grįžimui į paskiausių programų sąrašą.","offline-dialog-title":"Šiam tinklalapiui peržiūrėti turite prisijungti prie interneto.","offline-dialog-text":"Grįžkite atgal ir prisijunkite prie interneto. Šį tinklalapį taip pat galėsite peržiūrėti ir vėliau, nuėję į nuostatas, arba bet kurioje naršyklėje įvedę adresą {{url}}.","OK":"Gerai","offline-newsletter-dialog-title":"Naujienlaiškiui prenumeruoti turite prisijungti prie interneto.","offline-newsletter-dialog-text":"Grįžkite atgal ir prisijunkite prie interneto.","invalid-email-dialog-title":"Pateiktas el. pašto adresas neteisingas","invalid-email-dialog-text":"Grįžkite atgal ir pataisykite jį.","retry":"Bandyti dar kartą","cancel":"Atsisakyti","progressbar":{"_":"{{step}} žingsnis iš {{total}}","ariaLabel":"Pirmosios paleisties pristatymas"},"weekday-0-long":"Sekmadienis","weekday-1-long":"Pirmadienis","weekday-2-long":"Antradienis","weekday-3-long":"Trečiadienis","weekday-4-long":"Ketvirtadienis","weekday-5-long":"Penktadienis","weekday-6-long":"Šeštadienis","weekday-0-short":"Sk","weekday-1-short":"Pr","weekday-2-short":"An","weekday-3-short":"Tr","weekday-4-short":"Kt","weekday-5-short":"Pn","weekday-6-short":"Št","month-0-long":"sausis","month-1-long":"vasaris","month-2-long":"kovas","month-3-long":"balandis","month-4-long":"gegužė","month-5-long":"birželis","month-6-long":"liepa","month-7-long":"rugpjūtis","month-8-long":"rugsėjis","month-9-long":"spalis","month-10-long":"lapkritis","month-11-long":"gruodis","month-0-genitive":"sausio","month-1-genitive":"vasario","month-2-genitive":"kovo","month-3-genitive":"balandžio","month-4-genitive":"gegužės","month-5-genitive":"birželio","month-6-genitive":"liepos","month-7-genitive":"rugpjūčio","month-8-genitive":"rugsėjo","month-9-genitive":"spalio","month-10-genitive":"lapkričio","month-11-genitive":"gruodžio","month-0-short":"Sau","month-1-short":"Vas","month-2-short":"Kov","month-3-short":"Bal","month-4-short":"Geg","month-5-short":"Bir","month-6-short":"Lie","month-7-short":"Rgp","month-8-short":"Rgs","month-9-short":"Spa","month-10-short":"Lap","month-11-short":"Grd","minutes-ago-long":{"_index":["plural","value"],"_":{"zero":"ką tik","one":"prieš {{value}} minutę","two":"prieš {{value}} minutes","few":"prieš {{value}} minutes","many":"prieš {{value}} minučių","other":"prieš {{value}} minučių"}},"hours-ago-long":{"_index":["plural","value"],"_":{"zero":"ką tik","one":"prieš {{value}} valandą","two":"prieš {{value}} valandas","few":"prieš {{value}} valandas","many":"prieš {{value}} valandų","other":"prieš {{value}} valandų"}},"days-ago-long":{"_index":["plural","value"],"_":{"zero":"šiandien","one":"vakar","two":"prieš {{value}} dienas","few":"prieš {{value}} dienas","many":"prieš {{value}} dienų","other":"prieš {{value}} dienų"}},"weeks-ago-long":{"_index":["plural","value"],"_":{"zero":"šią savaitę","one":"praėjusią savaitę","two":"prieš {{value}} savaites","few":"prieš {{value}} savaites","many":"prieš {{value}} savaičių","other":"prieš {{value}} savaičių"}},"months-ago-long":{"_index":["plural","value"],"_":{"zero":"šį mėnesį","one":"praėjusį mėnesį","two":"prieš {{value}} mėnesius","few":"prieš {{value}} mėnesius","many":"prieš {{value}} mėnesių","other":"prieš {{value}} mėnesių"}},"years-ago-long":{"_index":["plural","value"],"_":{"zero":"šiemet","one":"prieš {{value}} metus","two":"prieš {{value}} metus","few":"prieš {{value}} metus","many":"prieš {{value}} metų","other":"prieš {{value}} metų"}},"minutes-until-long":{"_index":["plural","value"],"_":{"zero":"dabar","one":"už {{value}} minutės","two":"už {{value}} minučių","few":"už {{value}} minučių","many":"už {{value}} minučių","other":"už {{value}} minučių"}},"hours-until-long":{"_index":["plural","value"],"_":{"zero":"dabar","one":"už {{value}} valandos","two":"už {{value}} valandų","few":"už {{value}} valandų","many":"už {{value}} valandų","other":"už {{value}} valandų"}},"days-until-long":{"_index":["plural","value"],"_":{"zero":"šiandien","one":"rytoj","two":"už {{value}} dienų","few":"už {{value}} dienų","many":"už {{value}} dienų","other":"už {{value}} dienų"}},"weeks-until-long":{"_index":["plural","value"],"_":{"zero":"šią savaitę","one":"kitą savaitę","two":"už {{value}} savaičių","few":"už {{value}} savaičių","many":"už {{value}} savaičių","other":"už {{value}} savaičių"}},"months-until-long":{"_index":["plural","value"],"_":{"zero":"šį mėnesį","one":"kitą mėnesį","two":"už {{value}} mėnesių","few":"už {{value}} mėnesių","many":"už {{value}} mėnesių","other":"už {{value}} mėnesių"}},"years-until-long":{"_index":["plural","value"],"_":{"zero":"šiemet","one":"kitais metais","two":"už {{value}} metų","few":"už {{value}} metų","many":"už {{value}} metų","other":"už {{value}} metų"}},"minutes-ago-short":{"_index":["plural","value"],"_":{"zero":"ką tik","other":"prieš {{value}} min."}},"hours-ago-short":{"_index":["plural","value"],"_":{"zero":"ką tik","other":"prieš {{value}} val."}},"days-ago-short":{"_index":["plural","value"],"_":{"zero":"šiandien","other":"prieš {{value}} d."}},"minutes-until-short":{"_index":["plural","value"],"_":{"zero":"dabar","other":"už {{value}} min."}},"hours-until-short":{"_index":["plural","value"],"_":{"zero":"dabar","other":"už {{value}} val."}},"days-until-short":{"_index":["plural","value"],"_":{"zero":"šiandien","other":"už {{value}} d."}},"incorrectDate":"(negalima data)","dateTimeFormat_%c":"%Y m. %Eb %e d. %H:%M:%S","dateTimeFormat_%x":"%Y-%m-%d","dateTimeFormat_%X":"%H:%M:%S","shortTimeFormat":"%H:%M","shortDateTimeFormat":"%x %H:%M","weekStartsOnMonday":"1","time_am":"priešpiet","time_pm":"popiet","tz-region":"Regionas","tz-city":"Miestas","tzRegion-Africa":"Afrika","tzRegion-America":"Amerika","tzRegion-Antarctica":"Antarktida","tzRegion-Asia":"Azija","tzRegion-Atlantic":"Atlanto vandenynas","tzRegion-Australia":"Australija","tzRegion-Europe":"Europa","tzRegion-Indian":"Indijos vandenynas","tzRegion-Pacific":"Ramusis vandenynas","close":"Užverti","import":"Importuoti","update":"Atnaujinti","fbFriends":"„Facebook“ draugai","live-serviceName":"Outlook","gmail-serviceName":"Gmail","facebook-serviceName":"FB draugai","selectAll":"Žymėti visus","deselectAll":"Nužymėti visus","viewAll":"Rodyti visus „Facebook“ draugus","viewRecommend":"Rodyti tik siūlomus","linkProposal":{"_index":["plural","numFriends"],"_":{"zero":"Filtrą atitinkančių draugų nėra. Rodomi visi","one":"Rinktis siūlomą","two":"Rinktis siūlomą","few":"Rinktis siūlomą","many":"Rinktis siūlomą","other":"Rinktis siūlomą"}},"fbFriendsFound":{"_index":["plural","numFriends"],"_":{"zero":"Importuoti visi jūsų draugai","one":"Aptiktas {{numFriends}} importuotinas draugas","two":"Aptikti {{numFriends}} importuotini draugai","few":"Aptikti {{numFriends}} importuotini draugai","many":"Aptikta {{numFriends}} importuotinų draugų","other":"Aptikta {{numFriends}} importuotinų draugų"}},"fbNoFriends":"No contacts available to import","search-contact":{"placeholder":"Ieškoti"},"noResults":"Adresatų nerasta","done-search":"Baigta","progressFB3ImportTitle":"Į adresinę importuojami draugai","progressFB":"{{current}} iš {{total}}","progressFB3UpdateTitle":"Adresinėje atnaujinami draugai","message2":"Tai gali užtrukti keletą minučių","messageLinking":"Luktelėkite, kol jūsų draugai bus susieti su adresatais.","messageCanceling":"Luktelėkite, kol bus nutraukta šiuo metu vykdoma operacija.","error1":"Klaida {{from}}","error2":"Ar bandyti dar kartą?","errorProposal":"apskaičiuojant siūlymus","errorFriends":"gaunant draugų sąrašą","errorLinking":"susiejant adresatą","timeout1":"Viršytas {{from}} skirtas laikas","timeout2":"Ar bandyti dar kartą?","timeoutProposal":"siūlymams apskaičiuoti","timeoutFriends":"draugų sąrašui gauti","timeoutLinking":"adresatams susieti","wait1":"Luktelėkite","wait2":"Tai gali užtrukti keletą minučių","waitProposal":"Luktelėkite, kol bus apskaičiuoti pasiūlymai.","waitFriends":"Luktelėkite, kol bus prisijungta ir gautas jūsų draugų sąrašas.","curtainCancel":"Atsisakyti","curtainRetry":"Bandyti vėl","curtainOK":"Gerai","connectionLost":"Nėra ryšio su internetu","connectionLostMsg":"Draugų nuotraukos nebus įtrauktos į adresinę. Ar vis tiek tęsti?","yesOption":"Gerai","noOption":"Atsisakyti","friendsUpdated":{"_index":["plural","numFriends"],"_":{"zero":"Neatnaujintas nė vienas draugas","one":"Atnaujintas {{numFriends}} draugas","two":"Atnaujinti {{numFriends}} draugai","few":"Atnaujinti {{numFriends}} draugai","many":"Atnaujinta {{numFriends}} draugų","other":"Atnaujinta {{numFriends}} draugų"}},"friendsMerged":{"_index":["plural","numDups"],"_":{"zero":"Sulietų besidubliuojančių draugų nėra","one":"Sulietas {{numDups}} besidubliuojantis draugas","two":"Sulieti {{numDups}} besidubliuojantys draugai","few":"Sulieti {{numDups}} besidubliuojantys draugai","many":"Sulieta {{numDups}} besidubliuojančių draugų","other":"Sulieta {{numDups}} besidubliuojančių draugų"}},"notificationLogin":"Jūsų ryšio su „Facebook“ seansas negaliojantis. Prisijunkite iš naujo.","syncError":"Sinchronizuojant draugo duomenis, įvyko klaida "}