{"brandShortName":"B2G OS","browserBrandShortName":"Прелистувач","browserBrandFullName":"Прелистувач на Mozilla","back":"Back","noSimMsg":"To import contacts insert or unlock your SIM card","noMemoryCardMsg":"To import contacts insert a memory card","importMemoryCard":"Memory card","noConnection11":"To import Facebook friends or contacts connect to Wi-Fi or data network","simContacts-import":"Import SIM contacts","simContacts-importing":"Importing SIM contacts…","simContacts-reading":"Reading from SIM card…","simContacts-error":"Could not import contacts from SIM","simContacts-imported3":{"_index":["plural","n"],"_":{"zero":"No contacts detected on SIM to import","one":"Imported one contact","two":"Imported {{n}} contacts","few":"Imported {{n}} contacts","many":"Imported {{n}} contacts","other":"Imported {{n}} contacts"}},"memoryCardContacts-import":"Import contacts from memory card","memoryCardContacts-importing":"Importing contacts from memory card…","memoryCardContacts-reading":"Reading from memory card…","memoryCardContacts-error":"Could not import contacts from memory card","memoryCardContacts-imported3":{"_index":["plural","n"],"_":{"zero":"No contacts detected on memory card to import","one":"Imported one contact","two":"Imported {{n}} contacts","few":"Imported {{n}} contacts","many":"Imported {{n}} contacts","other":"Imported {{n}} contacts"}},"genericProgress":"{{current}}/{{total}}","facebook":"Facebook","facebook-import-msg":{"_index":["plural","imported"],"_":{"zero":"No friends imported (out of {{total}})","one":"One friend imported (out of {{total}})","two":"{{imported}}/{{total}} friends imported","few":"{{imported}}/{{total}} friends imported","many":"{{imported}}/{{total}} friends imported","other":"{{imported}}/{{total}} friends imported"}},"contactsMerged":{"_index":["plural","numDups"],"_":{"zero":"No duplicated contacts merged","one":"One duplicated contact merged","two":"{{numDups}} contacts merged","few":"{{numDups}} contacts merged","many":"{{numDups}} contacts merged","other":"{{numDups}} contacts merged"}},"pincode2":"Enter PIN code","type_pin":"Type your PIN code","pincodeLabel":"SIM {{n}} PIN","pinValidation":"PIN must have between 4 and 8 characters.","pinError":"The PIN was incorrect.","pinAttemptMsg2":{"_index":["plural","n"],"_":{"one":"You have one try left to enter the correct code before locking the SIM card.","two":"You have {{n}} tries left to enter the correct code before locking the SIM card.","few":"You have {{n}} tries left to enter the correct code before locking the SIM card.","many":"You have {{n}} tries left to enter the correct code before locking the SIM card.","other":"You have {{n}} tries left to enter the correct code before locking the SIM card."}},"pinLastChanceMsg":"This is your last chance to enter the correct PIN. Otherwise, you must enter the PUK code to use this SIM card.","pukcode":"Enter PUK code","pukcodeTitle":"Enter SIM {{n}} PUK","pukcodeLabel":"SIM {{n}} PUK","type_puk":"PUK code","pukValidation":"PUK code must have exactly 8 characters.","pukInfo":"You must enter the Personal Unlocking Key (PUK) Code for the SIM card. Refer to your SIM card documentation or contact your carrier for more information.","pukError":"The PUK was incorrect.","pukAttemptMsg2":{"_index":["plural","n"],"_":{"one":"You have one try left to enter the correct code before this SIM card will be permanently unusable. Refer to your SIM card documentation or contact your carrier for more information.","two":"You have {{n}} tries left to enter the correct code before this SIM card will be permanently unusable. Refer to your SIM card documentation or contact your carrier for more information.","few":"You have {{n}} tries left to enter the correct code before this SIM card will be permanently unusable. Refer to your SIM card documentation or contact your carrier for more information.","many":"You have {{n}} tries left to enter the correct code before this SIM card will be permanently unusable. Refer to your SIM card documentation or contact your carrier for more information.","other":"You have {{n}} tries left to enter the correct code before this SIM card will be permanently unusable. Refer to your SIM card documentation or contact your carrier for more information."}},"pukLastChanceMsg":"This is your last chance to enter the correct PUK code. Your SIM card will be permanently unusable if you enter in the wrong PUK code.","create_newpin":"Create new PIN (4 to 8 digits)","confirm_newpin":"Confirm new PIN","newpinConfirmation":"PINs don’t match","nckcode":"Enter NCK code","cckcode":"Enter CCK code","spckcode":"Enter SPCK code","nck1code":"Enter NCK1 code","nck2code":"Enter NCK2 code","hnckcode":"Enter HNCK code","rcckcode":"Enter RCCK code","rspckcode":"Enter RSPCK code","nckcodeTitle":"Enter SIM {{n}} NCK","cckcodeTitle":"Enter SIM {{n}} CCK","spckcodeTitle":"Enter SIM {{n}} SPCK","nck1codeTitle":"Enter SIM {{n}} NCK1","nck2codeTitle":"Enter SIM {{n}} NCK2","hnckcodeTitle":"Enter SIM {{n}} HNCK","rcckcodeTitle":"Enter SIM {{n}} RCCK","rspckcodeTitle":"Enter SIM {{n}} RSPCK","nckcodeLabel":"SIM {{n}} NCK","cckcodeLabel":"SIM {{n}} CCK","spckcodeLabel":"SIM {{n}} SPCK","nck1codeLabel":"SIM {{n}} NCK1","nck2codeLabel":"SIM {{n}} NCK2","hnckcodeLabel":"SIM {{n}} HNCK","rcckcodeLabel":"SIM {{n}} RCCK","rspckcodeLabel":"SIM {{n}} RSPCK","type_nck":"Type your NCK code","type_cck":"Type your CCK code","type_spck":"Type your SPCK code","type_nck1":"Type your NCK1 code","type_nck2":"Type your NCK2 code","type_hnck":"Type your HNCK code","type_rcck":"Type your RCCK code","type_rspck":"Type your RSPCK code","nckValidation":"NCK must have between 8 and 16 characters.","cckValidation":"CCK must have between 8 and 16 characters.","spckValidation":"SPCK must have between 8 and 16 characters.","nck1Validation":"NCK1 must have between 8 and 16 characters.","nck2Validation":"NCK2 must have between 8 and 16 characters.","hnckValidation":"HNCK must have between 8 and 16 characters.","rcckValidation":"RCCK must have between 8 and 16 characters.","rspckValidation":"RSPCK must have between 8 and 16 characters.","nckErrorMsg":"The NCK code is incorrect.","nckAttemptMsg2":{"_index":["plural","n"],"_":{"one":"Network depersonalization request failure. You have one try left to enter the correct code. Refer to your device documentation or contact your carrier for more information.","two":"Network depersonalization request failure. You have {{n}} tries left to enter the correct code. Refer to your device documentation or contact your carrier for more information.","few":"Network depersonalization request failure. You have {{n}} tries left to enter the correct code. Refer to your device documentation or contact your carrier for more information.","many":"Network depersonalization request failure. You have {{n}} tries left to enter the correct code. Refer to your device documentation or contact your carrier for more information.","other":"Network depersonalization request failure. You have {{n}} tries left to enter the correct code. Refer to your device documentation or contact your carrier for more information."}},"nckLastChanceMsg":"Network depersonalization request failure. Last chance to enter the correct NCK code. Refer to your device documentation or contact your carrier for more information.","skip":"Skip","send":"Send","ok":"OK","simLocked":"The SIM card is locked","inputCodeRetriesLeft":{"_index":["plural","n"],"_":{"one":"Last try.","two":"{{n}} tries left.","few":"{{n}} tries left.","many":"{{n}} tries left.","other":"{{n}} tries left."}},"simManager":"SIM Manager","simDetail":"SIM {{n}}","simDefault":"(default)","simDefaultMessage":"Outgoing calls, outgoing messages and data connection are set to SIM 1 as default","simSettingsMessage":"You can change default settings at Settings > SIM manager","simPinLocked":"SIM PIN locked","noOperator":"No operator","language":"Language","3g":"Cellular Data","dataConnection":"Enable Data","dataConnectionInfo":"Enabling data connection now will allow you to set up your phone without a Wi-Fi connection. You may also enable it later on in Settings. Just make sure you have a data plan with your carrier to avoid potentially hefty charges.","caution":"Warning","geolocation":"Geolocation","geolocationCheckbox":"Enable Geolocation","geolocationInfo2":"{{brandShortName}} uses data such as GPS, Wi-Fi, and mobile networks near you to help determine your approximate location.","geolocationInfoMore":"Data is sent to Mozilla and other service providers and will be used in the aggregate to improve those location databases.  Data may be stored on your device and data collection may occur even when no apps are running.","notice":"Notice","aboutYourPrivacy":"More about your privacy","scanningNetworks":"Scanning for networks","selectNetwork":"Select a network","shortStatus-connecting":"Connecting…","shortStatus-associated":"Obtaining an IP address…","shortStatus-connected":"Connected","shortStatus-connectingfailed":"Connection failed","shortStatus-disconnected":"Offline","securedBy":"secured by {{capabilities}}","security":"Security","securityNone":"None","securityWEP":"WEP","securityWPA-PSK":"WPA-PSK","securityWPA-EAP":"WPA-EAP","securityOpen":"Open","identity":"User","identityInput":{"placeholder":"User"},"password":"Password","passwordInput":{"placeholder":"Password"},"showPassword":"Show Password","refresh":"Refresh","noWifiFound3":"No wireless networks found","join-hidden-button":"Join hidden network","authentication":"Authentication","ssid-name":"SSID Network Name","wifiLevel":"{{level}} of 4 bars","networksList":"Networks found","dateAndTime":"Date & Time","timezoneTitle":"UTC{{utcOffset}} {{region}}/{{city}}","timeZone":"Time zone","change":"Change","region":{"ariaLabel":"Region"},"city":{"ariaLabel":"City"},"date":{"ariaLabel":"Date"},"time":{"ariaLabel":"Time"},"importContacts3":"Import contacts","importSim2":"SIM card","importFb2":"Facebook","importOutlook":"Outlook","importGmail":"Gmail","fb-checking":"… checking","notImportedYet":"Not imported yet","otherAccount":"Other accounts","afterFbImport":"You can import and edit Facebook friends anytime in Contacts settings","firefox-accounts":"Firefox Accounts","fxa-overview":{"innerHTML":"A Firefox Account lets you use features like Find My Device and apps like the Firefox Marketplace."},"fxa-create-account-or-sign-in":"Create Account or Sign In","fxa-email-sent":"A verification link has been sent to {{email}}","fxa-signed-in":"Signed in as {{email}}","about-your-rights-0":"{{brandShortName}} is built on free and open source software by a community of thousands from all over the world. There are a few things you should know:","about-your-rights-1":"{{brandShortName}} is made available to you under the terms of several open source licenses including the Mozilla Public License. A device running {{brandShortName}} may also contain proprietary software from third parties. Any code provided under open licenses give you the right to modify the source code and distribute your modified versions as long as you comply with their terms.","about-your-rights-2":"You are not granted any trademark rights or licenses to the trademarks of the Mozilla Foundation or any party, including without limitation the {{brandShortName}} name or logo.","about-your-rights-3":"Some features in {{brandShortName}}, such as the Crash Reporter, give you the option to provide feedback to Mozilla. By choosing to submit feedback, you give Mozilla permission to use the feedback to improve its products, to publish the feedback on its websites, and to distribute the feedback.","about-other":"Other","SIM_mandatory":"SIM Card Warning","SIM_mandatory_warm":"Please, insert a SIM card and reboot your phone.","telemetry-sends2":"Telemetry sends Mozilla data about performance, hardware, configurations, customizations and app usage in your {{brandShortName}} device. We use this to make our products better, faster and more responsive.","learn-more-telemetry":{"innerHTML":"Learn more at {{link}}"},"learn-more-information":{"innerHTML":"Learn how Mozilla handles your information at {{link}}"},"welcomeBrowser":"Welcome to {{brandShortName}}, the free and open source operating system from Mozilla. Our mission is to promote openness, innovation and opportunity by keeping the power of the Web in your hands.","learn-more-privacy":{"innerHTML":"Learn how Mozilla handles your information in our {{link}}."},"learn-more-privacy-link":"privacy policy","aboutBrowser":"About {{brandShortName}}","aboutYourPrivacy2":"Your Privacy","mozillaCommunity2":"When you use {{brandShortName}}, you become part of a global community helping to build a brighter future for the Web. If you’d like to know more about the Mozilla community, our other products and events near you, please enter your email address below.","sharePerformanceAndUsageData":"I want to help improve {{brandShortName}} by sharing data about my phone and the way I use it.","learnMore":"Learn more.","emailAddress":{"placeholder":"Email address"},"email-successfully-added":"Email successfully added","email-loading":"Saving your email…","privacy-b2g":{"_":"{{brandShortName}}","title":"{{brandShortName}}"},"privacy-marketplace":{"_":"Marketplace","title":"{{privacy-marketplace}}"},"privacy-eme":"EverythingMe","privacy-e-me":{"title":"{{privacy-e-me}}"},"navbar-back":"Back","navbar-next":"Next","navbar-join":"Join","done":"Done","thatsIt":"That’s it!","startYourPhone":"Start your phone tour!","startYourTablet":"Start your tablet tour!","joinTutorial":"Join us for a quick tutorial about your new phone.","enjoyYourPhone":"You’re ready to enjoy your new phone.","optionsAvailable":"You can change the language, date/time and Wi-Fi connection in settings.","letsGo":"Let’s go","startTour":"Start tour","whatsNew":"What’s new","updatedSuccessfully":"Your phone has updated successfully! Start the tour to find out more about the new features.","thatsIt1Tablet-2":"You can always swipe from the bottom edge to enter home screen.","thatsIt2Tablet-2":"Let’s do it!","tutorial":"Tutorial","tutorial-step1-tiny":"Swipe from right to left to browse your apps.","tutorial-step2-tiny":"Tap and hold on an icon to delete or move it.","tutorial-step3-tiny":"Enter any keyword or topic and your phone will instantly adapt.","tutorial-step4-tiny":"Swipe down to access recent notifications, credit information and settings.","tutorial-step5-tiny":"Tap and hold the home button to browse and close recent apps.","tutorial-step6-tiny":"Swipe from the side of the screen to move back and forth between recent apps.","tutorial-step1-large-2":"Swipe down from top to access recent notifications, credit information and settings.","tutorial-step2-large-2":"Swipe left or right to discover new apps on home screen.","tutorial-step3-large-2":"Tap and hold on an icon to delete or move it.","tutorial-step4-large-2":"Two fingers swipe up from the bottom edge to trigger card view.","tutorial-vertical-scroll-tiny":"Swipe up and down to browse your apps. Tap and hold an icon to move or delete it.","tutorial-notifications-tiny":"Swipe down to access recent notifications, credit information and settings.","tutorial-sheets-tiny":"Drag from the left edge of your screen to return to recently used apps.","offline-dialog-title":"You must be connected to the Internet to view the page.","offline-dialog-text":"Please go back and connect to the Internet. You can also view the page later from Settings or by entering {{url}} in any browser.","OK":"OK","offline-newsletter-dialog-title":"You must be connected to the Internet to subscribe to the newsletter.","offline-newsletter-dialog-text":"Please go back and connect to the Internet.","invalid-email-dialog-title":"Your email is not valid","invalid-email-dialog-text":"Please go back and correct your entry.","retry":"Retry","cancel":"Cancel","progressbar":{"_":"Step {{step}} of {{total}}","ariaLabel":"First Time Experience"},"weekday-0-long":"Недела","weekday-1-long":"Понеделник","weekday-2-long":"Вторник","weekday-3-long":"Среда","weekday-4-long":"Четврток","weekday-5-long":"Петок","weekday-6-long":"Сабота","weekday-0-short":"Нед","weekday-1-short":"Пон","weekday-2-short":"Вто","weekday-3-short":"Сре","weekday-4-short":"Чет","weekday-5-short":"Пет","weekday-6-short":"Саб","month-0-long":"јануари","month-1-long":"февруари","month-2-long":"март","month-3-long":"април","month-4-long":"мај","month-5-long":"јуни","month-6-long":"јули","month-7-long":"август","month-8-long":"септември","month-9-long":"октомври","month-10-long":"ноември","month-11-long":"декември","month-0-genitive":"јануари","month-1-genitive":"февруари","month-2-genitive":"март","month-3-genitive":"април","month-4-genitive":"мај","month-5-genitive":"јуни","month-6-genitive":"јули","month-7-genitive":"август","month-8-genitive":"септември","month-9-genitive":"октомври","month-10-genitive":"ноември","month-11-genitive":"декември","month-0-short":"јан","month-1-short":"фев","month-2-short":"мар","month-3-short":"апр","month-4-short":"мај","month-5-short":"јун","month-6-short":"јул","month-7-short":"авг","month-8-short":"сеп","month-9-short":"окт","month-10-short":"ное","month-11-short":"дек","minutes-ago-long":{"_index":["plural","value"],"_":{"zero":"сега","one":"пред една минута","two":"пред {{value}} минути","few":"пред {{value}} минути","many":"пред {{value}} минути","other":"пред {{value}} минути"}},"hours-ago-long":{"_index":["plural","value"],"_":{"zero":"сега","one":"пред еден час","two":"пред {{value}} часа","few":"пред {{value}} часа","many":"пред {{value}} часови","other":"пред {{value}} часови"}},"days-ago-long":{"_index":["plural","value"],"_":{"zero":"денес","one":"вчера","two":"пред {{value}} дена","few":"пред {{value}} дена","many":"пред {{value}} денови","other":"пред {{value}} денови"}},"weeks-ago-long":{"_index":["plural","value"],"_":{"zero":"оваа недела","one":"минатата недела","two":"пред {{value}} недели","few":"пред {{value}} недели","many":"пред {{value}} недели","other":"пред {{value}} недели"}},"months-ago-long":{"_index":["plural","value"],"_":{"zero":"овој месец","one":"минатиот месец","two":"пред {{value}} месеци","few":"пред {{value}} месеци","many":"пред {{value}} месеци","other":"пред {{value}} месеци"}},"years-ago-long":{"_index":["plural","value"],"_":{"zero":"оваа година","one":"минатата година","two":"пред {{value}} години","few":"пред {{value}} години","many":"пред {{value}} години","other":"пред {{value}} години"}},"minutes-until-long":{"_index":["plural","value"],"_":{"zero":"сега","one":"за една минута","two":"за {{value}} минути","few":"за {{value}} минути","many":"за {{value}} минути","other":"за {{value}} минути"}},"hours-until-long":{"_index":["plural","value"],"_":{"zero":"сега","one":"за еден час","two":"за {{value}} часа","few":"за {{value}} часа","many":"за {{value}} часови","other":"за {{value}} часови"}},"days-until-long":{"_index":["plural","value"],"_":{"zero":"денес","one":"утре","two":"за {{value}} дена","few":"за {{value}} дена","many":"за {{value}} денови","other":"за {{value}} денови"}},"weeks-until-long":{"_index":["plural","value"],"_":{"zero":"оваа седмица","one":"следната седмица","two":"за {{value}} седмици","few":"за {{value}} седмици","many":"за {{value}} седмици","other":"за {{value}} седмици"}},"months-until-long":{"_index":["plural","value"],"_":{"zero":"овој месец","one":"следниот месец","two":"за {{value}} месеци","few":"за {{value}} месеци","many":"за {{value}} месеци","other":"за {{value}} месеци"}},"years-until-long":{"_index":["plural","value"],"_":{"zero":"оваа година","one":"следната година","two":"за {{value}} години","few":"за {{value}} години","many":"за {{value}} години","other":"за {{value}} години"}},"minutes-ago-short":{"_index":["plural","value"],"_":{"zero":"сега","other":"пред {{value}}m"}},"hours-ago-short":{"_index":["plural","value"],"_":{"zero":"сега","other":"пред {{value}}h"}},"days-ago-short":{"_index":["plural","value"],"_":{"zero":"денес","other":"пред {{value}}d"}},"minutes-until-short":{"_index":["plural","value"],"_":{"zero":"сега","other":"за {{value}}m"}},"hours-until-short":{"_index":["plural","value"],"_":{"zero":"сега","other":"за {{value}}h"}},"days-until-short":{"_index":["plural","value"],"_":{"zero":"денес","other":"за {{value}}d"}},"incorrectDate":"(неточен датум)","dateTimeFormat_%c":"%a %b %e %Y %H:%M:%S","dateTimeFormat_%x":"%d/%m/%Y","dateTimeFormat_%X":"%H:%M:%S","shortTimeFormat":"%H:%M","shortDateTimeFormat":"%x %H:%M","weekStartsOnMonday":"1","time_am":"AM","time_pm":"PM","tz-region":"Регион","tz-city":"Град","tzRegion-Africa":"Африка","tzRegion-America":"Америка","tzRegion-Antarctica":"Антартик","tzRegion-Asia":"Азија","tzRegion-Atlantic":"Атлантски океан","tzRegion-Australia":"Австралија","tzRegion-Europe":"Европа","tzRegion-Indian":"Индиски океан","tzRegion-Pacific":"Тихи окоеан","close":"Close","import":"Import","update":"Update","fbFriends":"Facebook Friends","live-serviceName":"Outlook","gmail-serviceName":"Gmail","facebook-serviceName":"Facebook Friends","selectAll":"Select all","deselectAll":"Deselect all","viewAll":"View All Facebook Friends","viewRecommend":"View Only Recommended","linkProposal":{"_index":["plural","numFriends"],"_":{"zero":"No matching friends. Showing all","one":"Select the recommended one","two":"Select a recommended one","few":"Select a recommended one","many":"Select a recommended one","other":"Select a recommended one"}},"fbFriendsFound":{"_index":["plural","numFriends"],"_":{"zero":"All your friends are imported","one":"Found one friend to import","two":"Found {{numFriends}} friends to import","few":"Found {{numFriends}} friends to import","many":"Found {{numFriends}} friends to import","other":"Found {{numFriends}} friends to import"}},"fbNoFriends":"No contacts available to import","search-contact":{"placeholder":"Search"},"noResults":"No contacts found","done-search":"Done","progressFB3ImportTitle":"Importing friends to Contacts","progressFB":"{{current}}/{{total}}","progressFB3UpdateTitle":"Updating friends in Contacts","message2":"This may take a couple of minutes","messageLinking":"Please hold on. We are linking your friend and your contact.","messageCanceling":"Please hold on. We are canceling the ongoing operation.","error1":"Error {{from}}","error2":"Do you want to retry?","errorProposal":"calculating proposals","errorFriends":"retrieving friends","errorLinking":"linking contact","timeout1":"Exceeded timeout {{from}}","timeout2":"Do you want to retry?","timeoutProposal":"calculating proposals","timeoutFriends":"retrieving friends","timeoutLinking":"linking contacts","wait1":"Please hold on","wait2":"This may take a couple of minutes","waitProposal":"Please hold on. We are calculating a proposal.","waitFriends":"Please hold on. We are connecting to obtain your friend list.","curtainCancel":"Cancel","curtainRetry":"Retry","curtainOK":"OK","connectionLost":"No Internet connection","connectionLostMsg":"Friends’ photos will not be added to your contacts. Continue anyway?","yesOption":"OK","noOption":"Cancel","friendsUpdated":{"_index":["plural","numFriends"],"_":{"zero":"No friends updated","one":"Updated one friend","two":"Updated {{numFriends}} friends","few":"Updated {{numFriends}} friends","many":"Updated {{numFriends}} friends","other":"Updated {{numFriends}} friends"}},"friendsMerged":{"_index":["plural","numDups"],"_":{"zero":"No duplicated friends merged","one":"One duplicated friend merged","two":"{{numDups}} friends merged","few":"{{numDups}} friends merged","many":"{{numDups}} friends merged","other":"{{numDups}} friends merged"}},"notificationLogin":"Your Facebook session is invalid. Please sign in.","syncError":"There was an error synchronizing your friend’s data"}