{"brandShortName":"B2G OS","browserBrandShortName":"Pelayar Web","browserBrandFullName":"Pelayar Web Mozilla","back":"Back","noSimMsg":"To import contacts insert or unlock your SIM card","noMemoryCardMsg":"To import contacts insert a memory card","importMemoryCard":"Memory card","noConnection11":"To import Facebook friends or contacts connect to Wi-Fi or data network","simContacts-import":"Import SIM contacts","simContacts-importing":"Importing SIM contacts…","simContacts-reading":"Reading from SIM card…","simContacts-error":"Could not import contacts from SIM","simContacts-imported3":{"_index":["plural","n"],"_":{"zero":"No contacts detected on SIM to import","one":"Imported one contact","two":"Imported {{n}} contacts","few":"Imported {{n}} contacts","many":"Imported {{n}} contacts","other":"Imported {{n}} contacts"}},"memoryCardContacts-import":"Import contacts from memory card","memoryCardContacts-importing":"Importing contacts from memory card…","memoryCardContacts-reading":"Reading from memory card…","memoryCardContacts-error":"Could not import contacts from memory card","memoryCardContacts-imported3":{"_index":["plural","n"],"_":{"zero":"No contacts detected on memory card to import","one":"Imported one contact","two":"Imported {{n}} contacts","few":"Imported {{n}} contacts","many":"Imported {{n}} contacts","other":"Imported {{n}} contacts"}},"genericProgress":"{{current}}/{{total}}","facebook":"Facebook","facebook-import-msg":{"_index":["plural","imported"],"_":{"zero":"No friends imported (out of {{total}})","one":"One friend imported (out of {{total}})","two":"{{imported}}/{{total}} friends imported","few":"{{imported}}/{{total}} friends imported","many":"{{imported}}/{{total}} friends imported","other":"{{imported}}/{{total}} friends imported"}},"contactsMerged":{"_index":["plural","numDups"],"_":{"zero":"No duplicated contacts merged","one":"One duplicated contact merged","two":"{{numDups}} contacts merged","few":"{{numDups}} contacts merged","many":"{{numDups}} contacts merged","other":"{{numDups}} contacts merged"}},"pincode2":"Masukkan kod PIN","type_pin":"Taip kod PIN anda","pincodeLabel":"SIM {{n}} PIN","pinValidation":"PIN harus mempunyai antara 4 dan 8 aksara.","pinError":"PIN salah.","pinAttemptMsg2":{"_index":["plural","n"],"_":{"one":"Anda mempunyai satu cubaan berbaki untuk memasukkan kod yang betul sebelum mengunci kad SIM.","two":"Anda mempunyai {{n}} cubaan berbaki untuk memasukkan kod yang betul sebelum mengunci kad SIM.","few":"Anda mempunyai {{n}} cubaan berbaki untuk memasukkan kod yang betul sebelum mengunci kad SIM.","many":"Anda mempunyai {{n}} cubaan berbaki untuk memasukkan kod yang betul sebelum mengunci kad SIM.","other":"Anda mempunyai {{n}} cubaan berbaki untuk memasukkan kod yang betul sebelum mengunci kad SIM."}},"pinLastChanceMsg":"Ini adalah peluang terakhir anda untuk memasukkan PIN yang betul. Jika tidak, anda harus memasukkan kod PUK untuk menggunakan kad SIM ini.","pukcode":"Masukkan kod PUK","pukcodeTitle":"Masukkan SIM {{n}} PUK","pukcodeLabel":"SIM {{n}} PUK","type_puk":"Kod PUK","pukValidation":"Kod PUK mesti mempunyai 8 karakter.","pukInfo":"Anda mestilah memasukkan Kod Kunci Pembuka Peribadi (PUK) untuk kad SIM. Rujuk dokumentasi kad SIM anda atau hubungi operator anda untuk maklumat lanjut.","pukError":"PUK salah.","pukAttemptMsg2":{"_index":["plural","n"],"_":{"one":"Anda mempunyai satu cubaan berbaki untuk memasukkan kod yang betul sebelum kad SIM ini tidak boleh digunakan secara kekal. Rujuk dokumentasi kad SIM anda atau hubungi operator anda untuk maklumat lanjut.","two":"Anda mempunyai {{n}} cubaan berbaki untuk memasukkan kod yang betul sebelum kad SIM ini tidak boleh digunakan secara kekal. Rujuk dokumentasi kad SIM anda atau hubungi operator anda untuk maklumat lanjut.","few":"Anda mempunyai {{n}} cubaan berbaki untuk memasukkan kod yang betul sebelum kad SIM ini tidak boleh digunakan secara kekal. Rujuk dokumentasi kad SIM anda atau hubungi operator anda untuk maklumat lanjut.","many":"Anda mempunyai {{n}} cubaan berbaki untuk memasukkan kod yang betul sebelum kad SIM ini tidak boleh digunakan secara kekal. Rujuk dokumentasi kad SIM anda atau hubungi operator anda untuk maklumat lanjut.","other":"Anda mempunyai {{n}} cubaan berbaki untuk memasukkan kod yang betul sebelum kad SIM ini tidak boleh digunakan secara kekal. Rujuk dokumentasi kad SIM anda atau hubungi operator anda untuk maklumat lanjut."}},"pukLastChanceMsg":"Ini adalah peluang terakhir anda untuk memasukkan kod PUK yang betul. Kad SIM anda akan kekal tidak boleh digunakan jika kod PUK salah.","create_newpin":"Cipta PIN baru (4 hingga 8 digit)","confirm_newpin":"Sahkan PIN baru","newpinConfirmation":"PIN tidak padan","nckcode":"Masukkan kod NCK","cckcode":"Masukkan kod CCK","spckcode":"Masukkan kod SPCK","nck1code":"Masukkan kod NCK1","nck2code":"Masukkan kod NCK2","hnckcode":"Enter HNCK code","rcckcode":"Enter RCCK code","rspckcode":"Enter RSPCK code","nckcodeTitle":"Masukkan SIM {{n}} NCK","cckcodeTitle":"Masukkan SIM {{n}} CCK","spckcodeTitle":"Masukkan SIM {{n}} SPCK","nck1codeTitle":"Enter SIM {{n}} NCK1","nck2codeTitle":"Enter SIM {{n}} NCK2","hnckcodeTitle":"Enter SIM {{n}} HNCK","rcckcodeTitle":"Enter SIM {{n}} RCCK","rspckcodeTitle":"Enter SIM {{n}} RSPCK","nckcodeLabel":"SIM {{n}} NCK","cckcodeLabel":"SIM {{n}} CCK","spckcodeLabel":"SIM {{n}} SPCK","nck1codeLabel":"SIM {{n}} NCK1","nck2codeLabel":"SIM {{n}} NCK2","hnckcodeLabel":"SIM {{n}} HNCK","rcckcodeLabel":"SIM {{n}} RCCK","rspckcodeLabel":"SIM {{n}} RSPCK","type_nck":"Taip kod NCK anda","type_cck":"Taip kod CCK anda","type_spck":"Taip kod SPCK anda","type_nck1":"Taip kod NCK1 anda","type_nck2":"Taip kod NCK2 anda","type_hnck":"Taip kod HNCK anda","type_rcck":"Taip kod RCCK anda","type_rspck":"Taip kod RSPCK anda","nckValidation":"NCK mestilah mempunyai antara 8 dan 16 aksara.","cckValidation":"CCK mestilah mempunyai antara 8 dan 16 aksara.","spckValidation":"SPCK mestilah mempunyai antara 8 dan 16 aksara.","nck1Validation":"NCK1 must have between 8 and 16 characters.","nck2Validation":"NCK2 must have between 8 and 16 characters.","hnckValidation":"HNCK must have between 8 and 16 characters.","rcckValidation":"RCCK must have between 8 and 16 characters.","rspckValidation":"RSPCK must have between 8 and 16 characters.","nckErrorMsg":"Kod NCK tidak sah.","nckAttemptMsg2":{"_index":["plural","n"],"_":{"one":"Kegagalan permintaan rangkaian depersonalisasi. Anda mempunyai satu cubaan berbaki untuk memasukkan kod yang betul. Lihat dokumentasi peranti atau hubungi operator anda untuk maklumat lanjut.","two":"Kegagalan permintaan rangkaian depersonalisasi. Anda mempunyai {{n}} cubaan berbaki untuk memasukkan kod yang betul. Lihat dokumentasi peranti atau hubungi operator anda untuk maklumat.","few":"Kegagalan permintaan rangkaian depersonalisasi. Anda mempunyai {{n}} cubaan berbaki untuk memasukkan kod yang betul. Lihat dokumentasi peranti atau hubungi operator anda untuk maklumat.","many":"Kegagalan permintaan rangkaian depersonalisasi. Anda mempunyai {{n}} cubaan berbaki untuk memasukkan kod yang betul. Lihat dokumentasi peranti atau hubungi operator anda untuk maklumat.","other":"Kegagalan permintaan rangkaian depersonalisasi. Anda mempunyai {{n}} cubaan berbaki untuk memasukkan kod yang betul. Lihat dokumentasi peranti atau hubungi operator anda untuk maklumat."}},"nckLastChanceMsg":"Kegagalan permintaan rangkaian depersonalisasi. Peluang terakhir untuk memasukkan kod NCK yang betul. Lihat dokumentasi peranti atau hubungi operator anda untuk maklumat lanjut.","skip":"Langkau","send":"Hantar","ok":"OK","simLocked":"Kad SIM terkunci","inputCodeRetriesLeft":{"_index":["plural","n"],"_":{"one":"Cubaan terakhir.","two":"{{n}} cubaan berbaki.","few":"{{n}} cubaan berbaki.","many":"{{n}} cubaan berbaki.","other":"{{n}} cubaan berbaki."}},"simManager":"Pengurus SIM","simDetail":"SIM {{n}}","simDefault":"(lalai)","simDefaultMessage":"Panggilan, mesej keluar dan sambungan data ditetapkan pada SIM 1 sebagai lalai","simSettingsMessage":"Anda boleh mengubah tetapan lalai pada Tetapan > Pengurus SIM","simPinLocked":"PIN SIM dikunci","noOperator":"Tiada operator","language":"Bahasa","3g":"Data Selular","dataConnection":"Hidupkan Data","dataConnectionInfo":"Menghidupkan sambungan data kini akan membolehkan anda untuk menyediakan telefon anda tanpa sambungan Wi-Fi. Anda juga boleh menghidupkannya kemudian dalam Tetapan. Hanya pastikan yang anda mempunyai pelan data dengan operator anda untuk mengelakkan caj yang berpotensi besar.","caution":"Amaran","geolocation":"Geolokasi","geolocationCheckbox":"Hidupkan Geolokasi","geolocationInfo2":"{{brandShortName}} menggunakan data seperti GPS, Wi-Fi, dan rangkaian mudah alih yang berdekatan dengan anda untuk membantu menentukan lokasi anggaran anda.","geolocationInfoMore":"Data dihantar ke Mozilla dan penyedia perkhidmatan yang lain dan akan digunakan dalam agregat untuk memperbaiki pangkalan data lokasi berkenaan. Data boleh disimpan pada peranti anda dan pengumpulan data boleh berlaku walaupun tiada aplikasi yang berjalan.","notice":"Notis","aboutYourPrivacy":"Lebih lagi perihal privasi anda","scanningNetworks":"Mengimbas jaringan","selectNetwork":"Pilih jaringan","shortStatus-connecting":"Menyambung...","shortStatus-associated":"Mendapatkan alamat IP...","shortStatus-connected":"Tersambung","shortStatus-connectingfailed":"Sambungan gagal","shortStatus-disconnected":"Luar Talian","securedBy":"dijamin oleh {{capabilities}}","security":"Keselamatan","securityNone":"Tiada","securityWEP":"WEP","securityWPA-PSK":"WPA-PSK","securityWPA-EAP":"WPA-EAP","securityOpen":"Buka","identity":"Pengguna","identityInput":{"placeholder":"Pengguna"},"password":"Kata laluan","passwordInput":{"placeholder":"Kata laluan"},"showPassword":"Tunjuk Kata Laluan","refresh":"Ulang segar","noWifiFound3":"Tiada jaringan tanpa wayar dijumpai","join-hidden-button":"Sertai rangkaian tersembunyi","authentication":"Pengesahan","ssid-name":"Nama Rangkaian SSID","wifiLevel":"{{level}} of 4 bars","networksList":"Rangkaian ditemui","dateAndTime":"Tarikh & Masa","timezoneTitle":"UTC{{utcOffset}} {{region}}/{{city}}","timeZone":"Zon waktu","change":"Ubah","region":{"ariaLabel":"Wilayah"},"city":{"ariaLabel":"Bandar"},"date":{"ariaLabel":"Tarikh"},"time":{"ariaLabel":"Masa"},"importContacts3":"Import kenalan","importSim2":"Kad SIM","importFb2":"Facebook","importOutlook":"Outlook","importGmail":"Gmail","fb-checking":"...memeriksa","notImportedYet":"Belum diimport","otherAccount":"Akaun lain","afterFbImport":"Anda boleh mengimport dan sunting teman Facebook bila-bila masa dalam tetapan Kenalan","firefox-accounts":"Akaun Firefox","fxa-overview":{"innerHTML":"A Firefox Account lets you use features like Find My Device and apps like the Firefox Marketplace."},"fxa-create-account-or-sign-in":"Cipta Akaun atau Daftar Masuk","fxa-email-sent":"Pautan pengesahan telah dihantar ke {{email}}","fxa-signed-in":"Daftar masuk sebagai {{email}}","about-your-rights-0":"{{brandShortName}} dibina pada perisian sumber terbuka dan bebas oleh komuniti ribuan orang dari serata dunia. Terdapat beberapa perkata yang anda perlu tahu:","about-your-rights-1":"{{brandShortName}} dibina untuk anda dibawah terma  beberapa lesen sumber terbuka termasuk Lesen Awam Mozilla. Peranti yang mnggunakan {{brandShortName}} boleh juga mengandungi perisian tertutup daripada pihak ketida. Sebarang kod yang disediakan di bawah lesen terbuka memberikan andan hak untuk mengubah kod sumber dan mengagihkan versi diubahsuai selagi anda anda mematuhi termanya.","about-your-rights-2":"Anda tidak diberikan sebarang hak tanda dagang atau lesen kepada tanda dagang Yayasan Mozilla atau mana-mana pihak, termasuk tanpa had nama dan logo {{brandShortName}}.","about-your-rights-3":"Beberapa ciri dalam {{brandShortName}}, seperti Pelapor Nahas, memberi anda pilihan untuk menyediakan maklumbalas kepada Mozilla. Dengan memilih untuk hantar maklumbalas, anda memberi Mozilla kebenaran untuk menggunakan maklumbalas bagi menambahbaik produknya, untuk menghantar maklumbalas kepada laman webnya, dan juga mengagihkan maklumbalas.","about-other":"Lain-lain","SIM_mandatory":"Amaran Kad SIM","SIM_mandatory_warm":"Sila masukkaan kad SIM dan ulang mula telefon anda.","telemetry-sends2":"Telemetry sends Mozilla data about performance, hardware, configurations, customizations and app usage in your {{brandShortName}} device. We use this to make our products better, faster and more responsive.","learn-more-telemetry":{"innerHTML":"Ketahui lanjut di {{link}}"},"learn-more-information":{"innerHTML":"Learn how Mozilla handles your information at {{link}}"},"welcomeBrowser":"Selamat datang ke {{brandShortName}}, sebuah sistem operasi sumber terbuka dan bebas daripada Mozilla. Misi kami adalah untuk mempromosikan keterbukaan, inovasi dan peluang dengan mengekalkan kuasa Web di tangan anda.","learn-more-privacy":{"innerHTML":"Learn how Mozilla handles your information in our {{link}}."},"learn-more-privacy-link":"dasar privasi","aboutBrowser":"Perihal {{brandShortName}}","aboutYourPrivacy2":"Privasi Anda","mozillaCommunity2":"Apabila anda menggunakan {{brandShortName}}, anda menjadi sebahagian daripada komuniti global yang membantu untuk membina masa depan Web yang cerah. Jika anda ingin mengetahui lebih lanjut perihal komuniti Mozilla, produk lain kami dan acara berdekatan anda, sila masukkan alamat email anda di bawah.","sharePerformanceAndUsageData":"I want to help improve {{brandShortName}} by sharing data about my phone and the way I use it.","learnMore":"Ketahui lanjut.","emailAddress":{"placeholder":"Alamat emel"},"email-successfully-added":"Emel berjaya ditambah","email-loading":"Menyimpan emel anda…","privacy-b2g":{"_":"{{brandShortName}}","title":"{{brandShortName}}"},"privacy-marketplace":{"_":"Marketplace","title":"{{privacy-marketplace}}"},"privacy-eme":"EverythingMe","privacy-e-me":{"_":"everything.me","title":"{{privacy-e-me}}"},"navbar-back":"Undur","navbar-next":"Maju","navbar-join":"Sertai","done":"Selesai","thatsIt":"Itu sahaja!","startYourPhone":"Mulakan perjalanan telefon anda!","startYourTablet":"Mulakan perjalanan tablet anda!","joinTutorial":"Sertai kami untuk tutorial ringkas perihal telefon baharu anda.","enjoyYourPhone":"Anda sudah sedia menikmati telefon baharu anda.","optionsAvailable":"Anda boleh menukar bahasa, tarikh/masa dan sambungan Wi-Fi dalam tetapan.","letsGo":"Mari","startTour":"Mulakan perjalanan","whatsNew":"What’s new","updatedSuccessfully":"Your phone has updated successfully! Start the tour to find out more about the new features.","thatsIt1Tablet-2":"Anda sentiasa boleh leret daripada hujung bawah untuk memasuki skrin utama.","thatsIt2Tablet-2":"Mari lakukannya !","tutorial":"Tutorial","tutorial-step1-tiny":"Leret daripada kanan ke kiti untuk melayari app anda.","tutorial-step2-tiny":"Tap dan berpegang pada ikon untuk menghapus atau memindahkannya.","tutorial-step3-tiny":"Masukkan sebarang kata kunci atau topik dan telefon anda akan segera menyesuaikannya.","tutorial-step4-tiny":"Leret bawah untuk mencapai notis terbaru, maklumat kredit dan tetapan.","tutorial-step5-tiny":"Tap dan pegang butang utama untuk melayari dan tutup app kebelakangan.","tutorial-step6-tiny":"Leret dari sisi skrin untuk memindahkan dan mengembalikan antara app kebelakangan.","tutorial-step1-large-2":"Swipe down from top to access recent notifications, credit information and settings.","tutorial-step2-large-2":"Leret ke kiri atau ke kanan untuk mempelopori aplikasi baru pada laman utama.","tutorial-step3-large-2":"Tap dan berpegang pada ikon untuk menghapus atau memindahkannya.","tutorial-step4-large-2":"Leret dua jari atas ke hujung bawah untuk memicu pandangan kad.","tutorial-vertical-scroll-tiny":"Swipe up and down to browse your apps. Tap and hold an icon to move or delete it.","tutorial-notifications-tiny":"Swipe down to access recent notifications, credit information and settings.","tutorial-sheets-tiny":"Drag from the left edge of your screen to return to recently used apps.","offline-dialog-title":"Anda mesti menyambung kepada Internet untuk melihat laman.","offline-dialog-text":"Sila kembali dan sambung ke Internet. Anda boleh juga melihat laman kemudian daripada Tetapan atau memasukkan {{url}} dalam mana-mana pelayar.","OK":"OK","offline-newsletter-dialog-title":"Anda mesti menyambung kepada Internet untuk melanggan surat khabar.","offline-newsletter-dialog-text":"Sila kembali dan sambung ke Internet.","invalid-email-dialog-title":"Alamat email anda tidah sah","invalid-email-dialog-text":"Sila kembali dan betulkan masukan anda.","retry":"Cuba semula","cancel":"Batal","progressbar":{"_":"Step {{step}} of {{total}}","ariaLabel":"First Time Experience"},"weekday-0-long":"Ahad","weekday-1-long":"Isnin","weekday-2-long":"Selasa","weekday-3-long":"Rabu","weekday-4-long":"Khamis","weekday-5-long":"Jumaat","weekday-6-long":"Sabtu","weekday-0-short":"Ahad","weekday-1-short":"Isnin","weekday-2-short":"Selasa","weekday-3-short":"Rabu","weekday-4-short":"Khamis","weekday-5-short":"Jumaat","weekday-6-short":"Sabtu","month-0-long":"Januari","month-1-long":"Februari","month-2-long":"Mac","month-3-long":"April","month-4-long":"Mei","month-5-long":"Jun","month-6-long":"Julai","month-7-long":"Ogos","month-8-long":"September","month-9-long":"Oktober","month-10-long":"November","month-11-long":"Disember","month-0-genitive":"Januari","month-1-genitive":"Februari","month-2-genitive":"Mac","month-3-genitive":"April","month-4-genitive":"Mei","month-5-genitive":"Jun","month-6-genitive":"Julai","month-7-genitive":"Ogos","month-8-genitive":"September","month-9-genitive":"Oktober","month-10-genitive":"November","month-11-genitive":"Disember","month-0-short":"Jan","month-1-short":"Feb","month-2-short":"Mac","month-3-short":"Apr","month-4-short":"Mei","month-5-short":"Jun","month-6-short":"Jul","month-7-short":"Ogos","month-8-short":"Sep","month-9-short":"Okt","month-10-short":"Nov","month-11-short":"Dis","minutes-ago-long":{"_index":["plural","value"],"_":{"zero":"sebentar tadi","one":"satu minit lalu","two":"{{value}} minit lalu","few":"{{value}} minit lalu","many":"{{value}} minit lalu","other":"{{value}} minit lalu"}},"hours-ago-long":{"_index":["plural","value"],"_":{"zero":"sebentar tadi","one":"sejam yang lalu","two":"{{value}} jam lalu","few":"{{value}} jam lalu","many":"{{value}} jam lalu","other":"{{value}} jam lalu"}},"days-ago-long":{"_index":["plural","value"],"_":{"zero":"hari ini","one":"semalam","two":"{{value}} hari lalu","few":"{{value}} hari lalu","many":"{{value}} hari lalu","other":"{{value}} hari lalu"}},"weeks-ago-long":{"_index":["plural","value"],"_":{"zero":"minggu ini","one":"minggu lalu","two":"{{value}} minggu lalu","few":"{{value}} minggu lalu","many":"{{value}} minggu lalu","other":"{{value}} minggu lalu"}},"months-ago-long":{"_index":["plural","value"],"_":{"zero":"bulan ini","one":"bulan lalu","two":"{{value}} bulan lalu","few":"{{value}} bulan lalu","many":"{{value}} minit lalu","other":"{{value}} minit lalu"}},"years-ago-long":{"_index":["plural","value"],"_":{"zero":"tahun ini","one":"tahun lalu","two":"{{value}} tahun lalu","few":"{{value}} tahun lalu","many":"{{value}} tahun lalu","other":"{{value}} tahun lalu"}},"minutes-until-long":{"_index":["plural","value"],"_":{"zero":"sekarang","one":"dalam satu minit","two":"dalam {{value}} minit","few":"dalam {{value}} minit","many":"dalam {{value}} minit","other":"dalam {{value}} minit"}},"hours-until-long":{"_index":["plural","value"],"_":{"zero":"sekarang","one":"dalam satu jam","two":"dalam {{value}} jam","few":"dalam {{value}} jam","many":"dalam {{value}} jam","other":"dalam {{value}} jam"}},"days-until-long":{"_index":["plural","value"],"_":{"zero":"hari ini","one":"esok","two":"dalam {{value}} hari","few":"dalam {{value}} hari","many":"dalam {{value}} hari","other":"dalam {{value}} hari"}},"weeks-until-long":{"_index":["plural","value"],"_":{"zero":"minggu ini","one":"minggu depan","two":"dalam {{value}} minggu","few":"dalam {{value}} minggu","many":"dalam {{value}} minggu","other":"dalam {{value}} minggu"}},"months-until-long":{"_index":["plural","value"],"_":{"zero":"bulan ini","one":"bulan depan","two":"dalam {{value}} bulan","few":"dalam {{value}} bulan","many":"dalam {{value}} bulan","other":"dalam {{value}} bulan"}},"years-until-long":{"_index":["plural","value"],"_":{"zero":"tahun ini","one":"tahun depan","two":"dalam {{value}} tahun","few":"dalam {{value}} tahun","many":"dalam {{value}} tahun","other":"dalam {{value}} tahun"}},"minutes-ago-short":{"_index":["plural","value"],"_":{"zero":"sebentar tadi","other":"{{value}} minit lalu"}},"hours-ago-short":{"_index":["plural","value"],"_":{"zero":"sebentar tadi","other":"{{value}} jam lalu"}},"days-ago-short":{"_index":["plural","value"],"_":{"zero":"hari ini","other":"{{value}} hari lalu"}},"minutes-until-short":{"_index":["plural","value"],"_":{"zero":"sekarang","other":"dalam {{value}} minit"}},"hours-until-short":{"_index":["plural","value"],"_":{"zero":"sekarang","other":"dalam {{value}} jam"}},"days-until-short":{"_index":["plural","value"],"_":{"zero":"hari ini","other":"dalam {{value}} hari"}},"incorrectDate":"(tarikh tidak betul)","dateTimeFormat_%c":"%a %b %e %Y %I:%M:%S %p","dateTimeFormat_%x":"%m/%d/%Y","dateTimeFormat_%X":"%I:%M:%S %p","shortTimeFormat":"%I:%M %p","shortDateTimeFormat":"%x %I:%M %p","weekStartsOnMonday":"0","time_am":"PG","time_pm":"PTG","tz-region":"Wilayah","tz-city":"Bandar","tzRegion-Africa":"Afrika","tzRegion-America":"Amerika","tzRegion-Antarctica":"Antartika","tzRegion-Asia":"Asia","tzRegion-Atlantic":"Lautan Atlantik","tzRegion-Australia":"Australia","tzRegion-Europe":"Eropah","tzRegion-Indian":"Lautan India","tzRegion-Pacific":"Lautan Pasifik","close":"Tutup","import":"Import","update":"Kemaskini","fbFriends":"Kawan Facebook","live-serviceName":"Outlook","gmail-serviceName":"Gmail","facebook-serviceName":"Kawan Facebook","selectAll":"Pilih Semua","deselectAll":"Tidak Pilih Semua","viewAll":"Lihat semua teman Facebook","viewRecommend":"Lihat Hanya Disarankan","linkProposal":{"_index":["plural","numFriends"],"_":{"zero":"Tiada teman sepadan. Tunjukkan semua","one":"Pilih hanya yang disarankan","two":"Pilih hanya yang disarankan","few":"Pilih hanya yang disarankan","many":"Pilih hanya yang disarankan","other":"Pilih hanya yang disarankan"}},"fbFriendsFound":{"_index":["plural","numFriends"],"_":{"zero":"Semua teman anda telah diimport","one":"Satu teman ditemui untuk diimport","two":"{{numFriends}} teman ditemui untuk diimport","few":"Menemui {{numFriends}} teman untuk diimport","many":"Menemui {{numFriends}} teman untuk diimport","other":"Menemui {{numFriends}} teman untuk diimport"}},"fbNoFriends":"No contacts available to import","search-contact":{"placeholder":"Carian"},"noResults":"Tiada kenalan ditemui","done-search":"Selesai","progressFB3ImportTitle":"Mengimport teman ke Kenalan","progressFB":"{{current}}/{{total}}","progressFB3UpdateTitle":"Mengemaskini teman dalam Kenalan","message2":"Ini mungkin mengambil masa beberapa minit","messageLinking":"Sila tunggu. Kami menghubungkan teman anda dan kenalan anda.","messageCanceling":"Sila tunggu. Kami sedang membatalkan operasi yang sedang berjalan.","error1":"Ralat {{from}}","error2":"Adakah anda ingin mencuba lagi?","errorProposal":"mengira cadangan","errorFriends":"mendapatkan semula teman","errorLinking":"menghubungkan kenalan","timeout1":"Melebihi had masa {{from}}","timeout2":"Adakah anda ingin mencuba sekali lagi?","timeoutProposal":"mengira cadangan","timeoutFriends":"mendapatkan semula teman","timeoutLinking":"menghubungkan kenalan","wait1":"Sila tunggu sebentar","wait2":"Ini mungkin mengambil masa beberapa minit","waitProposal":"Sila tunggu. Kami mengira cadangan.","waitFriends":"Sila tunggu. Kami sedang menyambung untuk mendapatkan senarai teman anda.","curtainCancel":"Batal","curtainRetry":"Cuba lagi","curtainOK":"OK","connectionLost":"Tiada sambungan Internet","connectionLostMsg":"Foto teman tidak akan ditambah ke kenalan anda. Teruskan juga?","yesOption":"OK","noOption":"Batal","friendsUpdated":{"_index":["plural","numFriends"],"_":{"zero":"Tiada teman dikemaskini","one":"Seorang teman dikemanskini","two":"{{numFriends}} teman dikemaskini","few":"{{numFriends}} teman dikemaskini","many":"{{numFriends}} teman dikemaskini","other":"{{numFriends}} teman dikemaskini"}},"friendsMerged":{"_index":["plural","numDups"],"_":{"zero":"No duplicated friends merged","one":"One duplicated friend merged","two":"{{numDups}} friends merged","few":"{{numDups}} friends merged","many":"{{numDups}} friends merged","other":"{{numDups}} friends merged"}},"notificationLogin":"Sesi Facebook anda tidak sah. Sila log masuk.","syncError":"Terdapat kesilapan ketika menyelaraskan data teman anda"}