{"brandShortName":"बिटुजि अोएस","browserBrandShortName":"वेब ब्राउजर","browserBrandFullName":"मोजिल्ला वेब ब्राउजर","back":"Back","noSimMsg":"To import contacts insert or unlock your SIM card","noMemoryCardMsg":"To import contacts insert a memory card","importMemoryCard":"Memory card","noConnection11":"To import Facebook friends or contacts connect to Wi-Fi or data network","simContacts-import":"Import SIM contacts","simContacts-importing":"Importing SIM contacts…","simContacts-reading":"Reading from SIM card…","simContacts-error":"Could not import contacts from SIM","simContacts-imported3":{"_index":["plural","n"],"_":{"zero":"No contacts detected on SIM to import","one":"Imported one contact","two":"Imported {{n}} contacts","few":"Imported {{n}} contacts","many":"Imported {{n}} contacts","other":"Imported {{n}} contacts"}},"memoryCardContacts-import":"Import contacts from memory card","memoryCardContacts-importing":"Importing contacts from memory card…","memoryCardContacts-reading":"Reading from memory card…","memoryCardContacts-error":"Could not import contacts from memory card","memoryCardContacts-imported3":{"_index":["plural","n"],"_":{"zero":"No contacts detected on memory card to import","one":"Imported one contact","two":"Imported {{n}} contacts","few":"Imported {{n}} contacts","many":"Imported {{n}} contacts","other":"Imported {{n}} contacts"}},"genericProgress":"{{current}}/{{total}}","facebook":"फेसबुक","facebook-import-msg":{"_index":["plural","imported"],"_":{"zero":"No friends imported (out of {{total}})","one":"One friend imported (out of {{total}})","two":"{{imported}}/{{total}} friends imported","few":"{{imported}}/{{total}} friends imported","many":"{{imported}}/{{total}} friends imported","other":"{{imported}}/{{total}} friends imported"}},"contactsMerged":{"_index":["plural","numDups"],"_":{"zero":"No duplicated contacts merged","one":"One duplicated contact merged","two":"{{numDups}} contacts merged","few":"{{numDups}} contacts merged","many":"{{numDups}} contacts merged","other":"{{numDups}} contacts merged"}},"pincode2":"PIN कोड प्रविष्ट गर्नुहोस्","type_pin":"PIN कोड लेख्नुहोस्","pincodeLabel":"SIM {{n}} PIN","pinValidation":"PIN ४ देखि ८ क्यारेक्टरहरूको हुनुपर्छ।","pinError":"PIN गलत थियो।","pinAttemptMsg2":{"_index":["plural","n"],"_":{"one":"तपाईंसंग सिम कार्ड बन्द हुनु भन्दा अघी साहि कोड प्रविष्ट गर्न एक कोसिस मात्र बाकी छ।","two":"तपाईंसंग सिम कार्ड बन्द हुनु भन्दा अघी साहि कोड प्रविष्ट गर्न {{n}} कोसिस बाकी छन्।","few":"तपाईंसंग सिम कार्ड बन्द हुनु भन्दा अघी साहि कोड प्रविष्ट गर्न {{n}} कोसिस बाकी छन्।","many":"तपाईंसंग सिम कार्ड बन्द हुनु भन्दा अघी साहि कोड प्रविष्ट गर्न {{n}} कोसिस बाकी छन्।","other":"तपाईंसंग सिम कार्ड बन्द हुनु भन्दा अघी साहि कोड प्रविष्ट गर्न {{n}} कोसिस बाकी छन्।"}},"pinLastChanceMsg":"ठिक PIN प्रविष्ट गर्ने तपाईको यो अन्तिम मौका हो।नत्र यो SIM कार्ड प्रयोग गर्न तपाईले PUK कोड प्रविष्ट गर्नुपर्नेछ।","pukcode":"PUK कोड प्रविष्ट गर्नुहोस्","pukcodeTitle":"SIM {{n}} PUK प्रविष्ट गर्नुहोस्","pukcodeLabel":"SIM {{n}} PUK","type_puk":"PUK कोड","pukValidation":"PUK कोडमा ठ्याक्क ८वटा क्यारेक्टरहरु हुनुपर्छ।","pukInfo":"सिम कार्डका लागि तपाईले व्यक्तिगत खोल्ने चाबीको (PUK) कोड प्रविष्ट गर्नुपर्नेछ। थप जानकारीका लागि तपाईको सिम कार्ड कागजत हेर्नुहोस् अथवा सिम वाहकसंग सम्पर्क राख्नुहोस्।","pukError":"PUK गलत भयो।","pukAttemptMsg2":{"_index":["plural","n"],"_":{"one":"तपाईंसंग सिम कार्ड सधैका लागि चलाउन नमिल्ने हुन भन्दा अघी साहि कोड प्रविष्ट गर्न एक कोसिस बांकी छ।थप जानकारिका लागि सिम कार्ड कागजत वा तपाईको वाहकसंग सम्पर्क राख्नुहोस्।","two":"तपाईंसंग सिम कार्ड सधैका लागि चलाउन नमिल्ने हुन भन्दा अघी साहि कोड प्रविष्ट गर्न {{n}} कोसिस बांकी छन्।थप जानकारिका लागि सिम कार्ड कागजत वा तपाईको वाहकसंग सम्पर्क राख्नुहोस्।","few":"तपाईंसंग सिम कार्ड सधैका लागि चलाउन नमिल्ने हुन भन्दा अघी साहि कोड प्रविष्ट गर्न {{n}} कोसिस बांकी छन्।थप जानकारिका लागि सिम कार्ड कागजत वा तपाईको वाहकसंग सम्पर्क राख्नुहोस्।","many":"यस सिम कार्ड सधैका लागि नचल्नु अघि तपाईसंग ठिक कोड प्रविष्ट गर्न {{n}} कोसिस बाँकी छन्। थप जानकारीका लागि तपाईको सिम कार्ड कागजात हेर्नुहोस् अथवा तपाईको वाहकसंग सम्पर्क राख्नुहोस्।","other":"यस सिम कार्ड सधैका लागि नचल्नु अघि तपाईसंग ठिक कोड प्रविष्ट गर्न {{n}} कोसिस बाँकी छन्। थप जानकारीका लागि तपाईको सिम कार्ड कागजात हेर्नुहोस् अथवा तपाईको वाहकसंग सम्पर्क राख्नुहोस्।"}},"pukLastChanceMsg":"साहि PUK कोड प्रविष्ट गर्न तपाईको यस अन्तिम मैका हो। गलत PUK कोड प्रविष्ट गरेमा तपाईको सिम कार्ड सधैका लागि चलाउन मल्दैन।","create_newpin":"नँया PIN सृजना गर्नुहोस्(४ देखि ८ अङ्क)","confirm_newpin":"नँया PIN पुष्टि गर्नुहोस्","newpinConfirmation":"PINहरु मिलेकोछैन","nckcode":"NCK कोड प्रविष्ट गर्नुहोस्","cckcode":"CCK कोड प्रविष्ट गर्नुहोस्","spckcode":"SPCK कोड प्रविष्ट गर्नुहोस्","nck1code":"Enter NCK1 code","nck2code":"Enter NCK2 code","hnckcode":"Enter HNCK code","rcckcode":"Enter RCCK code","rspckcode":"Enter RSPCK code","nckcodeTitle":"SIM {{n}} NCK प्रविष्ट गर्नुहोस्","cckcodeTitle":"सिम को {{n}} CCK प्रविष्ट गर्नुहोस्","spckcodeTitle":"सिम को {{n}} SPCK प्रविष्ट गर्नुहोस्","nck1codeTitle":"Enter SIM {{n}} NCK1","nck2codeTitle":"Enter SIM {{n}} NCK2","hnckcodeTitle":"Enter SIM {{n}} HNCK","rcckcodeTitle":"Enter SIM {{n}} RCCK","rspckcodeTitle":"Enter SIM {{n}} RSPCK","nckcodeLabel":"सिम को {{n}} NCK","cckcodeLabel":"सिम को {{n}} CCK","spckcodeLabel":"SIM {{n}} SPCK","nck1codeLabel":"SIM {{n}} NCK1","nck2codeLabel":"SIM {{n}} NCK2","hnckcodeLabel":"SIM {{n}} HNCK","rcckcodeLabel":"SIM {{n}} RCCK","rspckcodeLabel":"SIM {{n}} RSPCK","type_nck":"तपाईको NCK कोड लेख्नुहोस्","type_cck":"तपाईको CCK कोड लेख्नुहोस्","type_spck":"तपाईको SPCK कोड लेख्नुहोस्","type_nck1":"Type your NCK1 code","type_nck2":"Type your NCK2 code","type_hnck":"Type your HNCK code","type_rcck":"Type your RCCK code","type_rspck":"Type your RSPCK code","nckValidation":"NCKमा ८ देखि१६ क्यारेक्टरहरू हुनुपर्छ।","cckValidation":"CCK अनिवार्य ८ देखि १६ क्यारेक्टरहरूको हुनुपर्छ।","spckValidation":"SPCK अनिवार्य ८ देखि १६ क्यारेक्टरहरूको हुनुपर्छ।","nck1Validation":"NCK1 must have between 8 and 16 characters.","nck2Validation":"NCK2 must have between 8 and 16 characters.","hnckValidation":"HNCK must have between 8 and 16 characters.","rcckValidation":"RCCK must have between 8 and 16 characters.","rspckValidation":"RSPCK must have between 8 and 16 characters.","nckErrorMsg":"NCK कोड गलत छ।","nckAttemptMsg2":{"_index":["plural","n"],"_":{"one":"सञ्जाल निजीकरण नगर्ने अनुरोध असफल। तपाईँसँग ठिक कोड प्रविष्ट गर्न एउटा कोसिस बाँकी छ। थप जानकारीका लागि आफ्नो यन्त्रको कागजत हेर्नुहोस् वा तपाईँको यन्त्र वाहकसँग सम्पर्क राख्नुहोस्।","two":"सञ्जाल निजीकरण नगर्ने अनुरोध असफल। तपाईँसँग ठिक कोड प्रविष्ट गर्न {{n}} कोसिसहरु बाँकी छन्। थप जानकारीका लागि आफ्नो यन्त्रको कागजत हेर्नुहोस् वा तपाईँको यन्त्र वाहकसँग सम्पर्क राख्नुहोस्।","few":"सञ्जाल निजीकरण नगर्ने अनुरोध असफल। तपाईँसँग ठिक कोड प्रविष्ट गर्न {{n}} कोसिसहरु बाँकी छन्। थप जानकारीका लागि आफ्नो यन्त्रको कागजत हेर्नुहोस् वा तपाईँको यन्त्र वाहकसँग सम्पर्क राख्नुहोस्।","many":"सञ्जाल निजीकरण नगर्ने अनुरोध असफल। तपाईँसँग ठिक कोड प्रविष्ट गर्न {{n}} कोसिसहरु बाँकी छन्। थप जानकारीका लागि आफ्नो यन्त्रको कागजत हेर्नुहोस् वा तपाईँको यन्त्र वाहकसँग सम्पर्क राख्नुहोस्।","other":"सञ्जाल निजीकरण नगर्ने अनुरोध असफल। तपाईँसँग ठिक कोड प्रविष्ट गर्न {{n}} कोसिसहरु बाँकी छन्। थप जानकारीका लागि आफ्नो यन्त्रको कागजत हेर्नुहोस् वा तपाईँको यन्त्र वाहकसँग सम्पर्क राख्नुहोस्।"}},"nckLastChanceMsg":"सञ्जाल निजीकरण नगर्ने अनुरोध असफल। ठिक NCK कोड प्रविष्ट गर्न अन्तिम मौका। थप जानकारीका लागि आफ्नो यन्त्रको कागजत हेर्नुहोस् वा तपाईँको यन्त्र वाहकसँग सम्पर्क राख्नुहोस्।","skip":"छोड्नुहोस्","send":"पठाउनुहोस्","ok":"ठीक छ","simLocked":"सिम कार्ड ताल्चा लगाइएको छ","inputCodeRetriesLeft":{"_index":["plural","n"],"_":{"one":"अन्तिम प्रयास।","two":"{{n}} प्रयासहरु बाँकी।","few":"{{n}} प्रयासहरु बाँकी।","many":"{{n}} प्रयासहरु बाँकी।","other":"{{n}} प्रयासहरु बाँकी।"}},"simManager":"सिम व्यवस्थापक","simDetail":"SIM {{n}}","simDefault":"(अभाव)","simDefaultMessage":"बहिर्गमन कल, निवर्तमान सन्देश र डेटा जडान पूर्वनिर्धारित रूपमा SIM १ मा सेट छ","simSettingsMessage":"तपाईँ > सिम प्रबन्धक मा पूर्वनिर्धारित सेटिङ परिवर्तन गर्न सक्नुहुन्छ","simPinLocked":"सिम को पिन बन्द गरिएकोछ","noOperator":"सञ्चालक छैन","language":"भाषा","3g":"सेलुलर डाटा","dataConnection":"डाटा सक्षम पार्नुहोस्","dataConnectionInfo":"अहिले डाटा जडान सक्षम गरेमा तपाईले आफ्नो फोन वाई-फाई बिना जडान गर्न सक्नुहुन्छ | तपाईले यसलाई पछि पनि सेटिङहरूमा गएर सक्षम गर्न सक्नुहुन्छ, मात्र तपाईले आफ्नो डाटा वाहकसँग डाटा प्लान भएको निर्धारण गर्नुहोस् ताकी पछि संभावित ठूलो रकम तिर्नुपर्दैन|","caution":"चेतावनी","geolocation":"भू-स्थान","geolocationCheckbox":"भू-स्थान सक्षम पार्नुहोस्","geolocationInfo2":"{{brandShortName}}ले तपाईंको नजिक भएका GPS, वाई-फाई, र मोबाइल सञ्जालहरु जस्ता कुराको डाटा प्रयोग गरी तपाईंको स्थान पत्ता लगाउन मद्दत गर्दछ।","geolocationInfoMore":"डाटा मोजिल्ला र अन्य सेवा प्रदायकहरुलाई पठाएको छ र त्यस स्थान डाटाबेसमा सुधार गर्नको लागि समग्र रुपमा उपयोग गरिनेछ।  डाटा आफनो यन्त्रमा भण्डारण गर्न सकिनेछ र अरु कुनै एपहरु नचलिरहेको अवस्थामा पनि डाटा सङ्कलन हुन सक्छ।","notice":"सूचना","aboutYourPrivacy":"तपाईँको गोपनीयताका बारे थप","scanningNetworks":"सञ्जालको लागि स्क्यान गर्दै","selectNetwork":"एउटा सञ्जाल चयन गर्नुहोस्","shortStatus-connecting":"जडान हुँदैछ","shortStatus-associated":"एक IP ठेगाना पाउदै ...","shortStatus-connected":"जडान गरियो","shortStatus-connectingfailed":"जडान असफल भयो","shortStatus-disconnected":"अफलाइन","securedBy":"सुरछित {{capabilities}} छ","security":"सुरक्षा","securityNone":"कुनै पनि होइन","securityWEP":"डब्लु इ पी","securityWPA-PSK":"डब्लु पी ए-पी एस् के","securityWPA-EAP":"डब्लु पी ए-इ ए पी","securityOpen":"खुल्ला","identity":"प्रयोगकर्ता","identityInput":{"placeholder":"प्रयोगकर्ता"},"password":"पासवर्ड","passwordInput":{"placeholder":"पासवर्ड"},"showPassword":"पासवर्ड देखाउनुहोस्","refresh":"ताजा पार्नुहोस्","noWifiFound3":"कुनै पनि बेतारका संजाल भेटिएन","join-hidden-button":"लुकिएका संजाल संग संलग्न हुनुहोस्","authentication":"प्रमाणीकरण","ssid-name":"एस् एस् आइ डी सञ्जाल नाम","wifiLevel":"{{level}} of 4 bars","networksList":"Networks found","dateAndTime":"मिति र समय","timezoneTitle":"यू टि सि{{utcOffset}} {{region}}/{{city}}","timeZone":"Time zone","change":"परिवर्तन","region":{"ariaLabel":"Region"},"city":{"ariaLabel":"City"},"date":{"ariaLabel":"मिति"},"time":{"ariaLabel":"समय"},"importContacts3":"SIM सम्पर्क आयात गर्नुहोस्","importSim2":"SIM कार्ड","importFb2":"फेसबुक","importOutlook":"आउटलूक","importGmail":"जिमेल","fb-checking":"...जाँच गर्दै","notImportedYet":"अझ सम्म आयात गरिएको छैन ।","otherAccount":"अन्य खाता","afterFbImport":"तपाईले कुनै पनि समय सम्पर्क सेटिङमा फेसबुकका साथीहरुलाई आयात र सम्पादन गर्नसक्नुहुन्छ","firefox-accounts":"Firefox Accounts","fxa-overview":{"innerHTML":"A Firefox Account lets you use features like Find My Device and apps like the Firefox Marketplace."},"fxa-create-account-or-sign-in":"Create Account or Sign In","fxa-email-sent":"A verification link has been sent to {{email}}","fxa-signed-in":"Signed in as {{email}}","about-your-rights-0":"{{brandShortName}} संसार भरीका हजारौ समुदाय मिलि बनाएको नि:शुल्क र ओपन सोर्स सफ्टवेर हो। यहा तपाईले केही जान्नु पर्ने कुराहरु छन्:","about-your-rights-1":"मोजिल्ला सार्वजनिक इजाजपत्र सम्मिलित गर्दै कयौँ खुला स्रोत इजाजपत्रहरुको सर्तहरूको तहत तपाईँलाई {{brandShortName}} उपलब्ध पारिएको छ।{{brandShortName}} चलाइरहेको यन्त्रमा तेस्रो पार्टीको मालिकाना सफ्टवेर हुन सक्छ। तपाईँले खुला इजाजपत्रहरु अन्तरगत प्रदान गरिएको कुनै पनि कोडले तपाईँलाई स्रोत कोड परिमार्जन गर्ने अधिकार र तपाईँको परिमार्जन गरिएको भर्सनहरु बाँड्न दिनेछ जबसम्म तपाईँले तिनीहरुको सर्तहरु पालना गर्नुहुन्छ।","about-your-rights-2":"तपाईँलाई मोजिल्ला संस्था वा अरु कुनै पार्टीको कुनै व्यापारचिन्ह अधिकार वा इजाजतपत्रहरु, साथै कुनै सीमा बिना {{brandShortName}} नाम वा लोगो दिएको छैन।","about-your-rights-3":"केहि {{brandShortName}} मा सुविधाहरु जस्तै क्र्यास रिपोर्टरले मोजिल्लालाई पृष्ठपोषण पठाउने विकल्प तपाईलाई दिन्छन्। पृष्ठपोषण निवेदन छानेर, तपाईले मोजिल्लालाई पृष्ठपोषण प्रयोग गरेर उत्पादन सुधार्ने, वेबसाइटमा पृष्ठपोषण प्रकाशन गर्ने र पृष्ठपोषण वितरण गर्ने अनुमति दिनसक्नुहुन्छ ।","about-other":"अरु","SIM_mandatory":"सिम कार्ड चेतावनी","SIM_mandatory_warm":"कृपया सिम कार्ड घुसाउनुहोस् र आफ्नो फोन फेरि बुट गर्नुहोस्","telemetry-sends2":"Telemetry sends Mozilla data about performance, hardware, configurations, customizations and app usage in your {{brandShortName}} device. We use this to make our products better, faster and more responsive.","learn-more-telemetry":{"innerHTML":"Learn more at {{link}}"},"learn-more-information":{"innerHTML":"{{link}}मा मोजिल्लाले तपाईँको सूचनाहरु कसरी समाल्छ सिक्नुहोस्"},"welcomeBrowser":"{{brandShortName}}, मोजिल्लाले बनाएको स्वतन्त्र तथा खुला स्रोत अपरेटिङ्ग सिस्टममा तपाईको स्वागत छ। हाम्रो लक्ष भनेको वेबको शक्तिलाई तपाईको हातमा राखेर खुलापन, नवविचार र अवसरलाई बढावा दिने हो।","learn-more-privacy":{"innerHTML":"मोजिल्लाले तपाईँको सूचनाहरु कसरी समालछ {{link}}मा सिक्नुहोस्।"},"learn-more-privacy-link":"गोपनीयता निति ","aboutBrowser":"{{brandShortName}} बारे","aboutYourPrivacy2":"तपाईँको गोपनीयता","mozillaCommunity2":"जब तपाई {{brandShortName}}को प्रयोग गर्नुहुन्छ, तपाई एक सार्वभौम समुदायको हिस्सा बन्नुहुन्छ, जसले वेबको उज्ज्वल भविष्यका बनाउनका लागि सहयोग गर्दैछ। यदि तपाई मोजिल्ला समुदाय, हाम्रो अन्य उत्पादन र कार्यक्रमहरुका बारेमा अझै जान्न चाहनुहुन्छ भने कृपया तपाईको इमेल ठेगाना तल प्रविष्ट गर्नुहोस्।","sharePerformanceAndUsageData":"I want to help improve {{brandShortName}} by sharing data about my phone and the way I use it.","learnMore":"धेरै सिक्नुहोस्।","emailAddress":{"placeholder":"इमेल ठेगाना"},"email-successfully-added":"इमेल सफलतापूर्वक थपियो","email-loading":"तपाईको इमेल सेभ हुँदैछ...","privacy-b2g":{"_":"{{brandShortName}}","title":"{{brandShortName}}"},"privacy-marketplace":{"_":"मार्केटप्लेस","title":"{{privacy-marketplace}}"},"privacy-eme":"EverythingMe","privacy-e-me":{"_":"everything.me","title":"{{privacy-e-me}}"},"navbar-back":"पछाडि","navbar-next":"अर्को","navbar-join":"जोड्नुहोस्","done":"गरियो","thatsIt":"यहि हो!","startYourPhone":"तपाईंको फोन यात्रा सुरु गर्नुहोस्!","startYourTablet":"तपाईंको ट्याब्लेटको यात्रा सुरु गर्नुहोस्!","joinTutorial":"तपाईंको नयाँ फोन चलाउने प्रक्रिया बारेमा बुझ्न हामीसँग शामिल हुनुहोस्।","enjoyYourPhone":"तपाईंँ आफ्नो नयाँ फोनको मनोरञ्जन लिन तयार हुनुभयो।","optionsAvailable":"तपाईंले भाषा, मिति/समय र वाइ-फाइ जडान सेटिङ्हरूमा परिवर्तन गर्नसक्नुहुन्छ।","letsGo":"ल जाऊँ","startTour":"भ्रमण सुरु गर्नुहोस्","whatsNew":"What’s new","updatedSuccessfully":"Your phone has updated successfully! Start the tour to find out more about the new features.","thatsIt1Tablet-2":"तपाईं सधैं घर पर्दा प्रवेश गर्न तल किनाराबाट स्वाइप गर्न।","thatsIt2Tablet-2":"Let’s do it!","tutorial":"Tutorial","tutorial-step1-tiny":"तपाईको एपहरु ब्राउज गर्न दाँया देखि बाँया स्वाइप गर्नुहोस्।","tutorial-step2-tiny":"मेट्न र ठाउँ सार्नको लागि प्रतिमा थिच्नु र समातिराख्नुहोस्|","tutorial-step3-tiny":"कुनै पनि शब्दकुञ्जी वा विषय लेख्नुहोस् र तपाईंको फोनले तुरुन्तै त्यसलाई अनुकूल गर्दछ।","tutorial-step4-tiny":"Swipe down to access recent notifications, credit information and settings.","tutorial-step5-tiny":"हालको अनुप्रयोगहरु ब्राउज तथा बन्द गर्न गृह बटन थिचिरहनुहोस् ।","tutorial-step6-tiny":"नयाँ अनुप्रयोगहरू बीच अगाडी र पछि सार्न पर्दा को तर्फ देखि स्वाइप।","tutorial-step1-large-2":"Swipe down from top to access recent notifications, credit information and settings.","tutorial-step2-large-2":"गृह पर्दामा नँया अनुप्रयोग पत्तालगाउनु परेमा दाँया अथवा बाँया छोएर सार्नुहोस् ।","tutorial-step3-large-2":"मेट्न वा ठाउँ सार्नको लागि प्रतिमा थिचिराख्नुहोस्|","tutorial-step4-large-2":"दुई औंलाहरु कार्ड दृष्टिकोण ट्रिगर लागि तल बढत देखि स्वाइप गर्नुहोस्","tutorial-vertical-scroll-tiny":"Swipe up and down to browse your apps. Tap and hold an icon to move or delete it.","tutorial-notifications-tiny":"Swipe down to access recent notifications, credit information and settings.","tutorial-sheets-tiny":"Drag from the left edge of your screen to return to recently used apps.","offline-dialog-title":"यो पृष्ठ हेर्नका लागि तपाईको फोन इन्टरनेटमा जडान हुनुपर्छ |","offline-dialog-text":"कृपया पछाडि गएर इन्टरनेट जडान गर्नुहोला | तपाईले यस पृष्ठ पछि पनि सेटिङमा गएर अथवा कुनै पनि ब्राउजरमा {{url}} प्रविष्ट गरेर हेर्न सक्नुहुन्छ |","OK":"ठीक छ","offline-newsletter-dialog-title":"समाचारपत्रको ग्राहाक बन्नका लागि तपाई इन्टरनेटसंग जडान हुनुपर्छ |","offline-newsletter-dialog-text":"कृपया पछाडि जानुहोस् र इन्टरनेटमा जडान गर्नुहोस्।","invalid-email-dialog-title":"तपाईको इमेल अवैध छ","invalid-email-dialog-text":"कृपया पछाडि गएर तपाईको गलती सच्चाउनुहोस् |","retry":"Retry","cancel":"रद्द गर्नुहोस्","progressbar":{"_":"Step {{step}} of {{total}}","ariaLabel":"First Time Experience"},"weekday-0-long":"आइतबार","weekday-1-long":"सोमबार","weekday-2-long":"मंगलबार","weekday-3-long":"बुधबार","weekday-4-long":"बिहिबार","weekday-5-long":"शुक्रबार","weekday-6-long":"शनिबार","weekday-0-short":"आइत","weekday-1-short":"सोम","weekday-2-short":"मङ्गल","weekday-3-short":"बुध","weekday-4-short":"बिहि","weekday-5-short":"शुक्र","weekday-6-short":"शनि","month-0-long":"जनवरी","month-1-long":"फेब्रुअरी","month-2-long":"ंमार्च","month-3-long":"अप्रिल","month-4-long":"मे","month-5-long":"जुन","month-6-long":"जुलाई","month-7-long":"अगस्ट","month-8-long":"सेप्टेम्बर","month-9-long":"अक्टोबर","month-10-long":"नोभेम्बर","month-11-long":"डिसेम्बर","month-0-genitive":"जनवरी","month-1-genitive":"फेब्रुअरी","month-2-genitive":"ंमार्च","month-3-genitive":"अप्रिल","month-4-genitive":"मे","month-5-genitive":"जुन","month-6-genitive":"जुलाई","month-7-genitive":"अगस्ट","month-8-genitive":"सेप्टेम्बर","month-9-genitive":"अक्टोबर","month-10-genitive":"नोभेम्बर","month-11-genitive":"डिसेम्बर","month-0-short":"जन","month-1-short":"फेब","month-2-short":"मार्च","month-3-short":"अप्रिल","month-4-short":"मे","month-5-short":"जुन","month-6-short":"जुलाई","month-7-short":"अगस्ट","month-8-short":"सेप्टेम्वर","month-9-short":"अक्टुवर","month-10-short":"नोभेम्वर","month-11-short":"डिसेम्वर","minutes-ago-long":{"_index":["plural","value"],"_":{"zero":"भर्खरै","one":"एक मिनेट अगाडि","two":"{{value}} मिनेट अगाडि","few":"{{value}} मिनेट अगाडि","many":"{{value}} मिनेट अगाडि","other":"{{value}} मिनेट अगाडि"}},"hours-ago-long":{"_index":["plural","value"],"_":{"zero":"भर्खरै","one":"एक घन्टा अगाडि","two":"{{value}} घण्टा अगाडि","few":"{{value}} घण्टा अगाडि","many":"{{value}} घण्टा अगाडि","other":"{{value}} घण्टा अगाडि"}},"days-ago-long":{"_index":["plural","value"],"_":{"zero":"आज","one":"हिजो","two":"{{value}} दिन अगाडि","few":"{{value}} दिन अगाडि","many":"{{value}} दिन अगाडि","other":"{{value}} दिन अगाडि"}},"weeks-ago-long":{"_index":["plural","value"],"_":{"zero":"यो हप्ता","one":"गएको हप्ता","two":"{{value}} हप्ता अगाडि","few":"{{value}} हप्ता अगाडि","many":"{{value}} हप्ता अगाडि","other":"{{value}} हप्ता अगाडि"}},"months-ago-long":{"_index":["plural","value"],"_":{"zero":"यो महिना","one":"गएको महिना","two":"{{value}} महिना अगाडि","few":"{{value}} महिना अगाडि","many":"{{value}} महिना अगाडि","other":"{{value}} महिना अगाडि"}},"years-ago-long":{"_index":["plural","value"],"_":{"zero":"यो वर्ष","one":"अघिल्लो वर्ष","two":"{{value}} वर्ष अगाडि","few":"{{value}} वर्ष अगाडि","many":"{{value}} वर्ष अगाडि","other":"{{value}} वर्ष अगाडि"}},"minutes-until-long":{"_index":["plural","value"],"_":{"zero":"अहिले","one":"एक मिनेटमा","two":"{{value}} मिनेटमा","few":"{{value}} मिनेटमा","many":"{{value}} मिनेटमा","other":"{{value}} मिनेटमा"}},"hours-until-long":{"_index":["plural","value"],"_":{"zero":"अहिले","one":"एक घण्टामा","two":"{{value}} घण्टामा","few":"{{value}} घण्टामा","many":"{{value}} घण्टामा","other":"{{value}} घण्टामा"}},"days-until-long":{"_index":["plural","value"],"_":{"zero":"आज","one":"भोलि","two":"{{value}} दिनमा","few":"{{value}} दिनमा","many":"{{value}} दिनमा","other":"{{value}} दिनमा"}},"weeks-until-long":{"_index":["plural","value"],"_":{"zero":"यो हप्ता","one":"पछिल्लो हप्ता","two":"{{value}} हप्तामा","few":"{{value}} हप्तामा","many":"{{value}} हप्तामा","other":"{{value}} हप्तामा"}},"months-until-long":{"_index":["plural","value"],"_":{"zero":"यस महिना","one":"पछिल्लो महिना","two":"{{value}} महिनामा","few":"{{value}} महिनामा","many":"{{value}} महिनामा","other":"{{value}} महिनामा"}},"years-until-long":{"_index":["plural","value"],"_":{"zero":"यस बर्ष","one":"आर्को बर्ष","two":"{{value}} बर्षमा","few":"{{value}} बर्षमा","many":"{{value}} वर्षमा","other":"{{value}} वर्षमा"}},"minutes-ago-short":{"_index":["plural","value"],"_":{"zero":"भर्खरै","other":"{{value}}मिनेट अघि"}},"hours-ago-short":{"_index":["plural","value"],"_":{"zero":"भर्खरै","other":"{{value}}घण्टा अघि"}},"days-ago-short":{"_index":["plural","value"],"_":{"zero":"आज","other":"{{value}}दिन अघि"}},"minutes-until-short":{"_index":["plural","value"],"_":{"zero":"अहिले","other":"{{value}}मिनेटमा"}},"hours-until-short":{"_index":["plural","value"],"_":{"zero":"अहिले","other":"{{value}}घण्टामा"}},"days-until-short":{"_index":["plural","value"],"_":{"zero":"आज","other":"{{value}}दिनमा"}},"incorrectDate":"(गलत मिति)","dateTimeFormat_%c":"%a %b %e %Y %I:%M:%S %p","dateTimeFormat_%x":"%m/%d/%Y","dateTimeFormat_%X":"%I:%M:%S %p","shortTimeFormat":"%I:%M %p","shortDateTimeFormat":"%x %I:%M %p","weekStartsOnMonday":"0","time_am":"ए एम","time_pm":"पी एम","tz-region":"क्षेत्र","tz-city":"शहर","tzRegion-Africa":"अफ्रिका","tzRegion-America":"अमेरिका","tzRegion-Antarctica":"एन्टार्क्टिका","tzRegion-Asia":"एसिया","tzRegion-Atlantic":"एटलान्टिक महासागर","tzRegion-Australia":"अस्ट्रेलिया","tzRegion-Europe":"युरोप","tzRegion-Indian":"इण्डियन महासागर","tzRegion-Pacific":"प्रशान्त महासागर","close":"बन्द गर्नुहोस्","import":"आयात गर्नुहोस्","update":"अद्यावधिक गर्नुहोस्","fbFriends":"फेसबुकका साथीहरु","live-serviceName":"आउटलूक","gmail-serviceName":"जीमेल","facebook-serviceName":"फेसबुकका साथीहरु","selectAll":"सबै चयन गर्नुहोस्","deselectAll":"सबै चयनबाट हटाउनुहोस्","viewAll":"सबै फेसबुक साथीहरु देखाउनुहोस्","viewRecommend":"सिफारिश भएकाहरु मात्र हेर्नुहोस्","linkProposal":{"_index":["plural","numFriends"],"_":{"zero":"नाम मिल्ने साथी भेटिएन। सबै हेर्नुहोस्।","one":"सिफारिस गरिएकोलाई रोज्नुहोस्।","two":"सिफारिस गरिएकोमा एक चयन गर्नुहोस्","few":"सिफारिस गरिएकोमा एक रोज्नुहोस्।","many":"सिफारिस गरिएकोमा एक रोज्नुहोस्।","other":"सिफारिस गरिएकोमा एक रोज्नुहोस्।"}},"fbFriendsFound":{"_index":["plural","numFriends"],"_":{"zero":"सबै साथीहरु आयात गरियो","one":"अायात गर्नका लगि एकजना साथी भेटियो","two":"अायात गर्नका लगि {{numFriends}}जना साथीहरु भेटिए","few":"अायात गर्नका लगि {{numFriends}}जना साथीहरु भेटिए","many":"अायात गर्नका लगि {{numFriends}}जना साथीहरु भेटिए","other":"अायात गर्नका लगि {{numFriends}}जना साथीहरु भेटिए"}},"fbNoFriends":"No contacts available to import","search-contact":{"placeholder":"खोजी"},"noResults":"कुनै पनि सम्पर्क फेला परेन","done-search":"गरियो","progressFB3ImportTitle":"साथीहरु सम्पर्कमा आयात हुँदैछ","progressFB":"{{current}}/{{total}}","progressFB3UpdateTitle":"साथीहरु सम्पर्कमा अद्यावधिक हुँदैछ","message2":"यो हुन केहि मिनेट लाग्न सक्छ","messageLinking":"कृपया पर्खिनुहोस्। तपाईको साथी र सम्पर्क को जडान गर्दैछौँ।","messageCanceling":" कृपया पर्खनुहोस्। हामी कार्यवाहक प्रक्रिया रोक्दै छौ।","error1":"{{from}} त्रुटि","error2":"के तपाई पुन: प्रयास गर्न चाहनुहुन्छ?","errorProposal":"प्रस्तावहरुको गणना गर्दै","errorFriends":"साथीहरु पुन: प्राप्त गर्दै","errorLinking":"सम्पर्कहरु जडान गर्दै","timeout1":"{{from}} बाट समय पार भयो","timeout2":"के तपाईँ पुन: प्रयास गर्न चाहनुहुन्छ ?","timeoutProposal":"प्रस्तावहरुको गणना गर्दै","timeoutFriends":"साथीहरु पुन: प्राप्त गर्दै","timeoutLinking":"सम्पर्कहरु जडान गर्दै","wait1":"कृपया पर्खिनुहोस्","wait2":"यो कार्य हुन केहि मिनेट लाग्न सक्दछ","waitProposal":"कृपया पर्खिनुहोस्।हामि एउटा प्रस्तावको गणना गर्दैछौँ।","waitFriends":"कृपया पर्खनुहोस्। तपाईंको मित्र सुची प्राप्त गर्दैछौँ।","curtainCancel":"रद्द गर्नुहोस्","curtainRetry":"पुन:प्रयास गर्नुहोस्","curtainOK":"ठिक छ","connectionLost":"इन्टरनेट जडान छैन","connectionLostMsg":"तपाईको सम्पर्कहरुमा साथीहारुका तास्बिरहरु थपिनछैन। जे भए पनि जारी गर्नुहुन्छ?","yesOption":"ठिक छ","noOption":"रद्द गर्नुहोस्","friendsUpdated":{"_index":["plural","numFriends"],"_":{"zero":"कुनै साथी अपडेट गरिएन","one":"एउटा साथी अपडेट गरियो","two":"{{numFriends}} साथीहरु अपडेट गरियो।","few":"{{numFriends}} साथीहरु अपडेट गरियो।","many":"{{numFriends}} साथीहरु अपडेट गरियो।","other":"{{numFriends}} साथीहरु अपडेट गरियो।"}},"friendsMerged":{"_index":["plural","numDups"],"_":{"zero":"No duplicated friends merged","one":"One duplicated friend merged","two":"{{numDups}} friends merged","few":"{{numDups}} friends merged","many":"{{numDups}} friends merged","other":"{{numDups}} friends merged"}},"notificationLogin":"तपाईंको फेसबूक सेसन अमान्य छ। कृपया साइन इन गर्नुहोस्।","syncError":"तपाईको साथीको डाटा समक्रमण गर्दा त्रुटि भएको थियो"}