{"brandShortName":"B2G OS","browserBrandShortName":"ਵੈੱਬ ਬਰਾਊਜ਼ਰ","browserBrandFullName":"ਮੋਜ਼ੀਲਾ ਵੈੱਬ ਬਰਾਊਜ਼ਰ","back":"ਵਾਪਿਸ","noSimMsg":"ਸੰਪਰਕ ਦਰਾਮਦ ਕਰਨ ਲਈ ਆਪਣਾ ਸਿਮ ਕਾਰਡ ਪਾਓ ਜਾਂ ਅਣ-ਲਾਕ ਕਰੋ","noMemoryCardMsg":"ਸੰਪਰਕ ਦਰਾਮਦ ਕਰਨ ਲਈ ਮੈਮੋਰੀ ਕਾਰਡ ਪਾਓ","importMemoryCard":"ਮੈਮੋਰੀ ਕਾਰਡ","noConnection11":"ਫੇਸਬੁੱਕ ਦੋਸਤ ਜਾਂ ਸੰਪਰਕ ਦਰਾਮਦ ਕਰਨ ਲਈ ਵਾਈ-ਫਾਈ ਜਾਂ ਡਾਟਾ ਨੈੱਟਵਰਕ ਨਾਲ ਕੁਨੈਕਟ ਕਰੋ","simContacts-import":"ਸਿਮ ਸੰਪਰਕ ਦਰਾਮਦ ਕੀਤੇ ਜਾ ਰਹੇ ਹਨ","simContacts-importing":"…ਸਿਮ ਸੰਪਰਕ ਦਰਾਮਦ ਕੀਤੇ ਜਾ ਰਹੇ ਹਨ","simContacts-reading":"…ਸਿਮ ਕਾਰਡ ਪੜ੍ਹਿਆ ਜਾ ਰਿਹਾ ਹੈ","simContacts-error":"ਸਿਮ ਤੋਂ ਸੰਪਰਕ ਦਰਾਮਦ ਨਹੀਂ ਕੀਤੇ ਜਾ ਸਕੇ","simContacts-imported3":{"_index":["plural","n"],"_":{"zero":"ਦਰਾਮਦ ਕਰਨ ਲਈ ਸਿਮ ਉੱਤੇ ਕੋਈ ਸੰਪਰਕ ਨਹੀਂ","one":"ਇੱਕ ਸੰਪਰਕ ਦਰਾਮਦ ਕੀਤਾ","two":"{{n}} ਸੰਪਰਕ ਦਰਾਮਦ ਕੀਤੇ","few":"{{n}} ਸੰਪਰਕ ਦਰਾਮਦ ਕੀਤੇ","many":"{{n}} ਸੰਪਰਕ ਦਰਾਮਦ ਕੀਤੇ","other":"{{n}} ਸੰਪਰਕ ਦਰਾਮਦ ਕੀਤੇ"}},"memoryCardContacts-import":"ਮੈਮੋਰੀ ਕਾਰਡ ਤੋਂ ਸੰਪਰਕ ਦਰਾਮਦ ਕੀਤੇ ਜਾ ਰਹੇ ਹਨ","memoryCardContacts-importing":"…ਮੈਮੋਰੀ ਕਾਰਡ ਤੋਂ ਸੰਪਰਕ ਦਰਾਮਦ ਕੀਤੇ ਜਾ ਰਹੇ ਹਨ","memoryCardContacts-reading":"…ਮੈਮੋਰੀ ਕਾਰਡ ਪੜ੍ਹਿਆ ਜਾ ਰਿਹਾ ਹੈ","memoryCardContacts-error":"ਮੈਮੋਰੀ ਕਾਰਡ ਤੋਂ ਸੰਪਰਕ ਦਰਾਮਦ ਨਹੀਂ ਕੀਤੇ ਜਾ ਸਕੇ","memoryCardContacts-imported3":{"_index":["plural","n"],"_":{"zero":"ਦਰਾਮਦ ਕਰਨ ਲਈ ਮੈਮੋਰੀ ਕਾਰਡ ਉੱਤੇ ਕੋਈ ਸੰਪਰਕ ਨਹੀਂ ਹੈ","one":"ਇੱਕ ਸੰਪਰਕ ਦਰਾਮਦ ਕੀਤਾ","two":"{{n}} ਸੰਪਰਕ ਦਰਾਮਦ ਕੀਤੇ","few":"{{n}} ਸੰਪਰਕ ਦਰਾਮਦ ਕੀਤੇ","many":"{{n}} ਸੰਪਰਕ ਦਰਾਮਦ ਕੀਤੇ","other":"{{n}} ਸੰਪਰਕ ਦਰਾਮਦ ਕੀਤੇ"}},"genericProgress":"{{current}}/{{total}}","facebook":"ਫੇਸਬੁੱਕ","facebook-import-msg":{"_index":["plural","imported"],"_":{"zero":"ਕੋਈ ਦੋਸਤ ਦਰਾਮਦ ਨਹੀਂ ਕੀਤਾ ({{total}} ਵਿੱਚੋਂ)","one":"ਇੱਕ ਦੋਸਤ ਦਰਾਮਦ ਕੀਤਾ ({{total}} ਵਿੱਚੋਂ)","two":"{{imported}}/{{total}} ਦੋਸਤ ਦਰਾਮਦ ਕੀਤੇ","few":"{{imported}}/{{total}} ਦੋਸਤ ਦਰਾਮਦ ਕੀਤੇ","many":"{{imported}}/{{total}} ਦੋਸਤ ਦਰਾਮਦ ਕੀਤੇ","other":"{{imported}}/{{total}} ਦੋਸਤ ਦਰਾਮਦ ਕੀਤੇ"}},"contactsMerged":{"_index":["plural","numDups"],"_":{"zero":"ਕੋਈ ਡੁਪਲੀਕੇਟ ਸੰਪਰਕ ਨਹੀਂ ਮਿਲਾਇਆ ਗਿਆ","one":"ਇੱਕ ਡੁਪਲੀਕੇਟ ਸੰਪਰਕ ਮਿਲਾਇਆ ਗਿਆ","two":"{{numDups}} ਸੰਪਰਕ ਮਿਲਾਏ ਗਏ","few":"{{numDups}} ਸੰਪਰਕ ਮਿਲਾਏ ਗਏ","many":"{{numDups}} ਸੰਪਰਕ ਮਿਲਾਏ ਗਏ","other":"{{numDups}} ਸੰਪਰਕ ਮਿਲਾਏ ਗਏ"}},"pincode2":"ਪਿੰਨ ਕੋਡ ਦਿਓ","type_pin":"ਆਪਣਾ ਪਿੰਨ ਕੋਡ ਦਿਓ","pincodeLabel":"ਸਿਮ {{n}} ਪਿੰਨ","pinValidation":"ਪਿੰਨ 4 ਤੋਂ 8 ਅੱਖਰਾਂ ਵਿੱਚ ਹੋਣਾ ਚਾਹੀਦਾ ਹੈ।","pinError":"ਪਿੰਨ ਗਲਤ ਹੈ।","pinAttemptMsg2":{"_index":["plural","n"],"_":{"one":"ਤੁਹਾਡੇ ਕੋਲ ਸਿਮ ਕਾਰਡ ਦੇ ਲਾਕ ਹੋਣ ਤੋਂ ਪਹਿਲਾਂ ਠੀਕ ਕੋਡ ਭਰਨ ਦੀ ਇੱਕ ਕੋਸ਼ਿਸ਼ ਬਚੀ ਹੈ।","two":"ਤੁਹਾਡੇ ਕੋਲ ਸਿਮ ਕਾਰਡ ਦੇ ਲਾਕ ਹੋਣ ਤੋਂ ਪਹਿਲਾਂ ਠੀਕ ਕੋਡ ਭਰਨ ਦੀਆਂ {{n}} ਕੋਸ਼ਿਸ਼ਾਂ ਬਾਕੀ ਹਨ।","few":"ਤੁਹਾਡੇ ਕੋਲ ਸਿਮ ਕਾਰਡ ਦੇ ਲਾਕ ਹੋਣ ਤੋਂ ਪਹਿਲਾਂ ਠੀਕ ਕੋਡ ਭਰਨ ਦੀਆਂ {{n}} ਕੋਸ਼ਿਸ਼ਾਂ ਬਾਕੀ ਹਨ।","many":"ਤੁਹਾਡੇ ਕੋਲ ਸਿਮ ਕਾਰਡ ਦੇ ਲਾਕ ਹੋਣ ਤੋਂ ਪਹਿਲਾਂ ਠੀਕ ਕੋਡ ਭਰਨ ਦੀਆਂ {{n}} ਕੋਸ਼ਿਸ਼ਾਂ ਬਾਕੀ ਹਨ।","other":"ਤੁਹਾਡੇ ਕੋਲ ਸਿਮ ਕਾਰਡ ਦੇ ਲਾਕ ਹੋਣ ਤੋਂ ਪਹਿਲਾਂ ਠੀਕ ਕੋਡ ਭਰਨ ਦੀਆਂ {{n}} ਕੋਸ਼ਿਸ਼ਾਂ ਬਾਕੀ ਹਨ।"}},"pinLastChanceMsg":"ਠੀਕ ਪਿੰਨ ਭਰਨ ਲਈ ਤੁਹਾਡੇ ਕੋਲ ਇਹ ਆਖਰੀ ਕੋਸ਼ਿਸ਼ ਹੈ। ਨਹੀਂ ਤਾਂ ਤੁਹਾਨੂੰ ਇਹ ਸਿਮ ਕਾਰਡ ਵਰਤਣ ਲਈ PUK ਕੋਡ ਦੇਣਾ ਪਵੇਗਾ।","pukcode":"PUK ਕੋਡ ਦਿਓ","pukcodeTitle":"ਸਿਮ {{n}} PUK ਦਿਓ","pukcodeLabel":"ਸਿਮ {{n}} PUK","type_puk":"PUK ਕੋਡ","pukValidation":"PUK ਕੋਡ ਠੀਕ 8 ਅੱਖਰਾਂ ਦਾ ਹੋਣਾ ਚਾਹੀਦਾ ਹੈ।","pukInfo":"ਤੁਹਾਨੂੰ ਸਿਮ ਕਾਰਡ ਲਈ ਪਰਸਨਲ ਅਣਲਾਕਿੰਗ ਕੀ (PUK) ਕੋਡ ਦੇਣਾ ਪਵੇਗਾ। ਆਪਣੇ ਸਿਮ ਦਸਤਾਵੇਜ਼ ਨੂੰ ਵੇਖੋ ਜਾਂ ਆਪਣੇ ਕੈਰੀਅਰ ਨਾਲ ਹੋਰ ਜਾਣਕਾਰੀ ਲਈ ਸੰਪਰਕ ਕਰੋ।","pukError":"PUK ਗਲਤ ਹੈ।","pukAttemptMsg2":{"_index":["plural","n"],"_":{"one":"ਤੁਹਾਡੇ ਕੋਲ ਠੀਕ ਕੋਡ ਦੇਣ ਦੀ ਕੇਵਲ ਇੱਕ ਹੀ ਕੋਸ਼ਿਸ਼ ਬਾਕੀ ਬਚੀ ਹੈ, ਜਿਸ ਤੋਂ ਬਾਅਦ ਸਿਮ ਕਾਰਡ ਪੱਕੇ ਤੌਰ ਉੱਤੇ ਬੇਕਾਰ ਹੋ ਜਾਵੇਗਾ। ਆਪਣੇ ਸਿਮ ਦਸਤਾਵੇਜ਼ ਨੂੰ ਵੇਖੋ ਜਾਂ ਆਪਣੇ ਕੈਰੀਅਰ ਨਾਲ ਹੋਰ ਜਾਣਕਾਰੀ ਲਈ ਸੰਪਰਕ ਕਰੋ।","two":"ਤੁਹਾਡੇ ਕੋਲ ਠੀਕ ਕੋਡ ਦੇਣ ਦੀ {{n}} ਕੋਸ਼ਿਸ਼ਾਂ ਬਾਕੀ ਬਚੀਆਂ ਹਨ, ਜਿਸ ਤੋਂ ਬਾਅਦ ਸਿਮ ਕਾਰਡ ਪੱਕੇ ਤੌਰ ਉੱਤੇ ਬੇਕਾਰ ਹੋ ਜਾਵੇਗਾ। ਆਪਣੇ ਸਿਮ ਦਸਤਾਵੇਜ਼ ਨੂੰ ਵੇਖੋ ਜਾਂ ਆਪਣੇ ਕੈਰੀਅਰ ਨਾਲ ਹੋਰ ਜਾਣਕਾਰੀ ਲਈ ਸੰਪਰਕ ਕਰੋ।","few":"ਤੁਹਾਡੇ ਕੋਲ ਠੀਕ ਕੋਡ ਦੇਣ ਦੀ {{n}} ਕੋਸ਼ਿਸ਼ਾਂ ਬਾਕੀ ਬਚੀਆਂ ਹਨ, ਜਿਸ ਤੋਂ ਬਾਅਦ ਸਿਮ ਕਾਰਡ ਪੱਕੇ ਤੌਰ ਉੱਤੇ ਬੇਕਾਰ ਹੋ ਜਾਵੇਗਾ। ਆਪਣੇ ਸਿਮ ਦਸਤਾਵੇਜ਼ ਨੂੰ ਵੇਖੋ ਜਾਂ ਆਪਣੇ ਕੈਰੀਅਰ ਨਾਲ ਹੋਰ ਜਾਣਕਾਰੀ ਲਈ ਸੰਪਰਕ ਕਰੋ।","many":"ਤੁਹਾਡੇ ਕੋਲ ਠੀਕ ਕੋਡ ਦੇਣ ਦੀ {{n}} ਕੋਸ਼ਿਸ਼ਾਂ ਬਾਕੀ ਬਚੀਆਂ ਹਨ, ਜਿਸ ਤੋਂ ਬਾਅਦ ਸਿਮ ਕਾਰਡ ਪੱਕੇ ਤੌਰ ਉੱਤੇ ਬੇਕਾਰ ਹੋ ਜਾਵੇਗਾ। ਆਪਣੇ ਸਿਮ ਦਸਤਾਵੇਜ਼ ਨੂੰ ਵੇਖੋ ਜਾਂ ਆਪਣੇ ਕੈਰੀਅਰ ਨਾਲ ਹੋਰ ਜਾਣਕਾਰੀ ਲਈ ਸੰਪਰਕ ਕਰੋ।","other":"ਤੁਹਾਡੇ ਕੋਲ ਠੀਕ ਕੋਡ ਦੇਣ ਦੀ {{n}} ਕੋਸ਼ਿਸ਼ਾਂ ਬਾਕੀ ਬਚੀਆਂ ਹਨ, ਜਿਸ ਤੋਂ ਬਾਅਦ ਸਿਮ ਕਾਰਡ ਪੱਕੇ ਤੌਰ ਉੱਤੇ ਬੇਕਾਰ ਹੋ ਜਾਵੇਗਾ। ਆਪਣੇ ਸਿਮ ਦਸਤਾਵੇਜ਼ ਨੂੰ ਵੇਖੋ ਜਾਂ ਆਪਣੇ ਕੈਰੀਅਰ ਨਾਲ ਹੋਰ ਜਾਣਕਾਰੀ ਲਈ ਸੰਪਰਕ ਕਰੋ।"}},"pukLastChanceMsg":"ਠੀਕ PUK ਕੋਡ ਦੇਣ ਦਾ ਆਖਰੀ ਮੌਕਾ ਹੈ। ਜੇ ਤੁਸੀਂ ਗਲਤ PUK ਦਿੱਤਾ ਤਾਂ ਤੁਹਾਡਾ ਸਿਮ ਪੱਕੇ ਤੌਰ ਉੱਤੇ ਖਰਾਬ ਹੋ ਜਾਵੇਗਾ।","create_newpin":"ਨਵਾਂ ਪਿੰਨ ਬਣਾਓ (4 ਤੋਂ 8 ਅੰਕ)","confirm_newpin":"ਨਵੇਂ ਪਿੰਨ ਦੀ ਪੁਸ਼ਟੀ","newpinConfirmation":"ਪਿੰਨ ਮਿਲਦੇ ਨਹੀਂ ਹਨ","nckcode":"NCK code","cckcode":"CCK ਕੋਡ ਦਿਓ","spckcode":"SPCK ਕੋਡ ਦਿਓ","nck1code":"NCK1 ਕੋਡ ਦਿਓ","nck2code":"NCK2 ਕੋਡ ਦਿਓ","hnckcode":"HNCK ਕੋਡ ਦਿਓ","rcckcode":"RCCK ਕੋਡ ਦਿਓ","rspckcode":"RSPCK ਕੋਡ ਦਿਓ","nckcodeTitle":"ਸਿਮ {{n}} NCK ਦਿਓ","cckcodeTitle":"ਸਿਮ {{n}} CCK ਦਿਓ","spckcodeTitle":"ਸਿਮ {{n}} SPCK ਦਿਓ","nck1codeTitle":"ਸਿਮ {{n}} NCK1 ਦਿਓ","nck2codeTitle":"ਸਿਮ {{n}} NCK2 ਦਿਓ","hnckcodeTitle":"ਸਿਮ {{n}} HNCK ਦਿਓ","rcckcodeTitle":"ਸਿਮ {{n}} RCCK ਦਿਓ","rspckcodeTitle":"ਸਿਮ {{n}} RSPCK ਦਿਓ","nckcodeLabel":"ਸਿਮ {{n}} NCK","cckcodeLabel":"ਸਿਮ {{n}} CCK","spckcodeLabel":"ਸਿਮ {{n}} SPCK","nck1codeLabel":"ਸਿਮ {{n}} NCK1","nck2codeLabel":"ਸਿਮ {{n}} NCK2","hnckcodeLabel":"ਸਿਮ {{n}} HNCK","rcckcodeLabel":"ਸਿਮ {{n}} RCCK","rspckcodeLabel":"ਸਿਮ {{n}} RSPCK","type_nck":"ਆਪਣਾ NCK ਕੋਡ ਦਿਓ","type_cck":"ਆਪਣਾ CCK ਕੋਡ ਦਿਓ","type_spck":"ਆਪਣਾ SPCK ਕੋਡ ਦਿਓ","type_nck1":"ਆਪਣਾ NCK1 ਕੋਡ ਦਿਓ","type_nck2":"ਆਪਣਾ NCK2 ਕੋਡ ਦਿਓ","type_hnck":"ਆਪਣਾ HNCK ਕੋਡ ਦਿਓ","type_rcck":"ਆਪਣਾ RCCK ਕੋਡ ਦਿਓ","type_rspck":"ਆਪਣਾ RSPCK ਕੋਡ ਦਿਓ","nckValidation":"NCK 8 ਤੋਂ 16 ਅੱਖਰਾਂ ਵਿੱਚ ਹੋਣਾ ਚਾਹੀਦਾ ਹੈ।","cckValidation":"CCK 8 ਤੋਂ 16 ਅੱਖਰਾਂ ਵਿੱਚ ਹੋਣਾ ਚਾਹੀਦਾ ਹੈ।","spckValidation":"SPCK 8 ਤੋਂ 16 ਅੱਖਰਾਂ ਵਿੱਚ ਹੋਣਾ ਚਾਹੀਦਾ ਹੈ।","nck1Validation":"NCK1 8 ਤੋਂ 16 ਅੱਖਰਾਂ ਵਿੱਚ ਹੋਣਾ ਚਾਹੀਦਾ ਹੈ।","nck2Validation":"NCK2 8 ਤੋਂ 16 ਅੱਖਰਾਂ ਵਿੱਚ ਹੋਣਾ ਚਾਹੀਦਾ ਹੈ।","hnckValidation":"HNCK 8 ਤੋਂ 16 ਅੱਖਰਾਂ ਵਿੱਚ ਹੋਣਾ ਚਾਹੀਦਾ ਹੈ।","rcckValidation":"RCCK 8 ਤੋਂ 16 ਅੱਖਰਾਂ ਵਿੱਚ ਹੋਣਾ ਚਾਹੀਦਾ ਹੈ।","rspckValidation":"RSPCK 8 ਤੋਂ 16 ਅੱਖਰਾਂ ਵਿੱਚ ਹੋਣਾ ਚਾਹੀਦਾ ਹੈ।","nckErrorMsg":"NCK ਕੋਡ ਗਲਤ ਹੈ","nckAttemptMsg2":{"_index":["plural","n"],"_":{"one":"ਨੈੱਟਵਰਕ ਡੀ-ਪਰਨਸਲਾਈਜ਼ ਬੇਨਤੀ ਫੇਲ੍ਹ ਹੈ। ਤੁਹਾਡੇ ਕੋਲ ਕੋਡ ਦੇਣ ਲਈ ਇੱਕ ਮੌਕਾ ਬਚਿਆ ਹੈ। ਹੋਰ ਜਾਣਕਾਰੀ ਲਈ ਆਪਣੇ ਯੰਤਰ ਦੇ ਦਸਤਾਵੇਜ਼ ਵੇਖੋ ਜਾਂ ਆਪਣੇ ਕੈਰੀਅਰ ਨਾਲ ਸੰਪਰਕ ਕਰੋ।","two":"ਨੈੱਟਵਰਕ ਡੀ-ਪਰਨਸਲਾਈਜ਼ ਬੇਨਤੀ ਫੇਲ੍ਹ ਹੈ। ਤੁਹਾਡੇ ਕੋਲ ਕੋਡ ਦੇਣ ਲਈ {{n}} ਮੌਕੇ ਬਚੇ ਹਨ। ਹੋਰ ਜਾਣਕਾਰੀ ਲਈ ਆਪਣੇ ਯੰਤਰ ਦੇ ਦਸਤਾਵੇਜ਼ ਵੇਖੋ ਜਾਂ ਆਪਣੇ ਕੈਰੀਅਰ ਨਾਲ ਸੰਪਰਕ ਕਰੋ।","few":"ਨੈੱਟਵਰਕ ਡੀ-ਪਰਨਸਲਾਈਜ਼ ਬੇਨਤੀ ਫੇਲ੍ਹ ਹੈ। ਤੁਹਾਡੇ ਕੋਲ ਕੋਡ ਦੇਣ ਲਈ {{n}} ਮੌਕੇ ਬਚੇ ਹਨ। ਹੋਰ ਜਾਣਕਾਰੀ ਲਈ ਆਪਣੇ ਯੰਤਰ ਦੇ ਦਸਤਾਵੇਜ਼ ਵੇਖੋ ਜਾਂ ਆਪਣੇ ਕੈਰੀਅਰ ਨਾਲ ਸੰਪਰਕ ਕਰੋ।","many":"ਨੈੱਟਵਰਕ ਡੀ-ਪਰਨਸਲਾਈਜ਼ ਬੇਨਤੀ ਫੇਲ੍ਹ ਹੈ। ਤੁਹਾਡੇ ਕੋਲ ਕੋਡ ਦੇਣ ਲਈ {{n}} ਮੌਕੇ ਬਚੇ ਹਨ। ਹੋਰ ਜਾਣਕਾਰੀ ਲਈ ਆਪਣੇ ਯੰਤਰ ਦੇ ਦਸਤਾਵੇਜ਼ ਵੇਖੋ ਜਾਂ ਆਪਣੇ ਕੈਰੀਅਰ ਨਾਲ ਸੰਪਰਕ ਕਰੋ।","other":"ਨੈੱਟਵਰਕ ਡੀ-ਪਰਨਸਲਾਈਜ਼ ਬੇਨਤੀ ਫੇਲ੍ਹ ਹੈ। ਤੁਹਾਡੇ ਕੋਲ ਕੋਡ ਦੇਣ ਲਈ {{n}} ਮੌਕੇ ਬਚੇ ਹਨ। ਹੋਰ ਜਾਣਕਾਰੀ ਲਈ ਆਪਣੇ ਯੰਤਰ ਦੇ ਦਸਤਾਵੇਜ਼ ਵੇਖੋ ਜਾਂ ਆਪਣੇ ਕੈਰੀਅਰ ਨਾਲ ਸੰਪਰਕ ਕਰੋ।"}},"nckLastChanceMsg":"ਨੈੱਟਵਰਕ ਡੀ-ਪਰਨਸਲਾਈਜ਼ ਬੇਨਤੀ ਫੇਲ੍ਹ ਹੈ। ਤੁਹਾਡੇ ਕੋਲ ਕੋਡ ਦੇਣ ਲਈ ਆਖਰੀ ਮੌਕਾ ਹੈ। ਹੋਰ ਜਾਣਕਾਰੀ ਲਈ ਆਪਣੇ ਯੰਤਰ ਦੇ ਦਸਤਾਵੇਜ਼ ਵੇਖੋ ਜਾਂ ਆਪਣੇ ਕੈਰੀਅਰ ਨਾਲ ਸੰਪਰਕ ਕਰੋ।","skip":"ਛੱਡੋ","send":"ਭੇਜੋ","ok":"ਠੀਕ ਹੈ","simLocked":"ਸਿਮ ਕਾਰਡ ਲਾਕ ਹੈ","inputCodeRetriesLeft":{"_index":["plural","n"],"_":{"one":"ਆਖਰੀ ਕੋਸ਼ਿਸ਼।","two":"{{n}} ਕੋਸ਼ਿਸ਼ਾਂ ਬਾਕੀ।","few":"{{n}} ਕੋਸ਼ਿਸ਼ਾਂ ਬਾਕੀ।","many":"{{n}} ਕੋਸ਼ਿਸ਼ਾਂ ਬਾਕੀ।","other":"{{n}} ਕੋਸ਼ਿਸ਼ਾਂ ਬਾਕੀ।"}},"simManager":"ਸਿਮ ਮੈਨੇਜਰ","simDetail":"ਸਿਮ {{n}}","simDefault":"(ਮੂਲ)","simDefaultMessage":"Outgoing calls, outgoing messages and data connection are set to SIM 1 as default","simSettingsMessage":"You can change default settings at Settings > SIM manager","simPinLocked":"ਸਿਮ ਪਿੰਨ ਲਾਕ ਹੈ","noOperator":"ਕੋਈ ਓਪਰੇਟਰ ਨਹੀਂ","language":"ਭਾਸ਼ਾ","3g":"ਸੈਲੂਲਰ ਡਾਟਾ","dataConnection":"ਡਾਟਾ ਚਾਲੂ","dataConnectionInfo":"Enabling data connection now will allow you to set up your phone without a Wi-Fi connection. You may also enable it later on in Settings. Just make sure you have a data plan with your carrier to avoid potentially hefty charges.","caution":"ਸਾਵਧਾਨ","geolocation":"ਭੂਗੋਲਿਕ ਟਿਕਾਣਾ","geolocationCheckbox":"ਭੂਗੋਲਿਕ-ਟਿਕਾਣਾ ਯੋਗ","geolocationInfo2":"{{brandShortName}} uses data such as GPS, Wi-Fi, and mobile networks near you to help determine your approximate location.","geolocationInfoMore":"Data is sent to Mozilla and other service providers and will be used in the aggregate to improve those location databases.  Data may be stored on your device and data collection may occur even when no apps are running.","notice":"ਸੂਚਨਾ","aboutYourPrivacy":"ਤੁਹਾਡੀ ਪਰਦੇਦਾਰੀ ਬਾਰੇ ਹੋਰ ਜਾਣਕਾਰੀ","scanningNetworks":"ਨੈੱਟਵਰਕ ਦੀ ਜਾਂਚ ਕੀਤੀ ਜਾ ਰਹੀ ਹੈ","selectNetwork":"ਨੈੱਟਵਰਕ ਚੁਣੋ","shortStatus-connecting":"…ਕੁਨੈਕਟ ਕੀਤਾ ਜਾ ਰਿਹਾ ਹੈ","shortStatus-associated":"…IP ਸਿਰਨਾਵਾਂ ਲਿਆ ਜਾ ਰਿਹਾ ਹੈ","shortStatus-connected":"ਕੁਨੈਕਟ ਹੈ","shortStatus-connectingfailed":"ਕੁਨੈਕਸ਼ਨ ਫੇਲ੍ਹ ਹੈ","shortStatus-disconnected":"ਆਫਲਾਈਨ","securedBy":"{{capabilities}} ਰਾਹੀਂ ਸੁਰੱਖਿਅਤ","security":"ਸੁਰੱਖਿਆ","securityNone":"ਕੋਈ ਨਹੀਂ","securityWEP":"WEP","securityWPA-PSK":"WPA-PSK","securityWPA-EAP":"WPA-EAP","securityOpen":"ਓਪਨ","identity":"ਯੂਜ਼ਰ","identityInput":{"placeholder":"ਯੂਜ਼ਰ"},"password":"ਪਾਸਵਰਡ","passwordInput":{"placeholder":"ਪਾਸਵਰਡ"},"showPassword":"ਪਾਸਵਰਡ ਵੇਖਾਓ","refresh":"ਤਾਜ਼ਾ","noWifiFound3":"ਕੋਈ ਬੇਤਾਰ ਨੈੱਟਵਰਕ ਨਹੀਂ ਲੱਭਿਆ","join-hidden-button":"ਲੁਕਵੇਂ ਨੈੱਟਵਰਕ ਨਾਲ ਜੁੜੋ","authentication":"ਪਰਮਾਣਕਿਤਾ","ssid-name":"SSID ਨੈੱਟਵਰਕ ਨਾਂ","wifiLevel":"4 ਡੰਡੀਆਂ ਵਿੱਚੋਂ {{level}}","networksList":"ਨੈੱਟਵਰਕ ਲੱਭੇ","dateAndTime":"ਮਿਤੀ ਤੇ ਸਮਾਂ","timezoneTitle":"UTC{{utcOffset}} {{region}}/{{city}}","timeZone":"ਸਮਾਂ ਖੇਤਰ","change":"ਬਦਲੋ","region":{"ariaLabel":"ਖੇਤਰ"},"city":{"ariaLabel":"ਸ਼ਹਿਰ"},"date":{"ariaLabel":"ਮਿਤੀ"},"time":{"ariaLabel":"ਸਮਾਂ"},"importContacts3":"ਸੰਪਰਕ ਦਰਾਮਦ ਕਰੋ","importSim2":"ਸਿਮ ਕਾਰਡ","importFb2":"ਫੇਸਬੁੱਕ","importOutlook":"ਆਉਟਲੁੱਕ","importGmail":"ਜੀਮੇਲ","fb-checking":"… ਜਾਂਚ ਜਾਰੀ ਹੈ","notImportedYet":"ਹਾਲੇ ਦਰਾਮਦ ਨਹੀਂ ਕੀਤੇ","otherAccount":"ਹੋਰ ਖਾਤੇ","afterFbImport":"You can import and edit Facebook friends anytime in Contacts settings","firefox-accounts":"ਫਾਇਰਫਾਕਸ ਖਾਤੇ","fxa-overview":{"innerHTML":"ਫਾਇਰਫਾਕਸ ਖਾਤਾ ਤੁਹਾਨੂੰ ਮੇਰਾ ਫੋਨ ਲੱਭੋ ਵਰਗੇ ਫੀਚਰ ਅਤੇ ਫਾਇਰਫਾਕਸ ਮੰਡੀ ਵਰਗੇ ਐਪਸ ਵਰਤਣ ਲਈ ਸਹਾਇਕ ਹੈ।"},"fxa-create-account-or-sign-in":"ਖਾਤਾ ਬਣਾਓ ਜਾਂ ਸਾਇਨ ਇਨ","fxa-email-sent":"ਜਾਂਚ ਲਿੰਕ {{email}} ਨੂੰ ਭੇਜਿਆ ਜਾ ਚੁੱਕਾ ਹੈ","fxa-signed-in":"{{email}} ਵਜੋਂ ਸਾਇਨ ਇਨ ਹੋ","about-your-rights-0":"{{brandShortName}} ਨੂੰ ਮੁਫ਼ਤ ਅਤੇ ਖੁੱਲ੍ਹੇ ਸਰੋਤ ਸਾਫਟਵੇਅਰ ਰਾਹੀਂ ਸੰਸਾਰ ਭਰ ਵਿੱਚ ਮੌਜੂਦ ਹਜ਼ਾਰਾਂ ਲੋਕਾਂ ਦੇ ਵਲੋਂ ਤਿਆਰ ਕੀਤਾ ਗਿਆ ਹੈ। ਕੁਝ ਚੀਜ਼ਾਂ ਹਨ, ਜਿਹਨਾਂ ਬਾਰੇ ਤੁਹਾਨੂੰ ਪਤਾ ਹੋਣਾ ਚਾਹੀਦਾ ਹੈ:","about-your-rights-1":"{{brandShortName}} is made available to you under the terms of several open source licenses including the Mozilla Public License. A device running {{brandShortName}} may also contain proprietary software from third parties. Any code provided under open licenses give you the right to modify the source code and distribute your modified versions as long as you comply with their terms.","about-your-rights-2":"You are not granted any trademark rights or licenses to the trademarks of the Mozilla Foundation or any party, including without limitation the {{brandShortName}} name or logo.","about-your-rights-3":"Some features in {{brandShortName}}, such as the Crash Reporter, give you the option to provide feedback to Mozilla. By choosing to submit feedback, you give Mozilla permission to use the feedback to improve its products, to publish the feedback on its websites, and to distribute the feedback.","about-other":"ਹੋਰ","SIM_mandatory":"ਸਿਮ ਕਾਰਡ ਚੇਤਾਵਨੀ","SIM_mandatory_warm":"ਸਿਮ ਕਾਰਡ ਪਾਓ ਤੇ ਫੋਨ ਮੁੜ-ਚਾਲੂ ਕਰੋ।","telemetry-sends2":"Telemetry sends Mozilla data about performance, hardware, configurations, customizations and app usage in your {{brandShortName}} device. We use this to make our products better, faster and more responsive.","learn-more-telemetry":{"innerHTML":"{{link}} ਤੋਂ ਹੋਰ ਜਾਣੋ"},"learn-more-information":{"innerHTML":"{{link}} ਤੋਂ ਪਤਾ ਕਰੋ ਕਿ ਮੋਜ਼ੀਲਾ ਤੁਹਾਡੀ ਜਾਣਕਾਰੀ ਨੂੰ ਕਿਵੇਂ ਸੰਭਾਲਦਾ ਹੈ।"},"welcomeBrowser":"Welcome to {{brandShortName}}, the free and open source operating system from Mozilla. Our mission is to promote openness, innovation and opportunity by keeping the power of the Web in your hands.","learn-more-privacy":{"innerHTML":"{{link}} ਤੋਂ ਪਤਾ ਕਰੋ ਕਿ ਮੋਜ਼ੀਲਾ ਤੁਹਾਡੀ ਜਾਣਕਾਰੀ ਨੂੰ ਕਿਵੇਂ ਸੰਭਾਲਦਾ ਹੈ।"},"learn-more-privacy-link":"ਪਰਦੇਦਾਰੀ ਨੀਤੀ","aboutBrowser":"{{brandShortName}} ਬਾਰੇ","aboutYourPrivacy2":"ਤੁਹਾਡੀ ਪਰਾਈਵੇਸੀ","mozillaCommunity2":"ਜਦੋਂ ਤੁਸੀਂ {{brandShortName}} ਨੂੰ ਵਰਤਦੇ ਹੋ ਤਾਂ ਤੁਸੀਂ ਸੰਸਾਰਿਕ ਸਮਾਜ ਦਾ ਹਿੱਸਾ ਬਣਦੇ ਹੋ ਜੋ ਕਿ ਵੈੱਬ ਦੇ ਸ਼ਾਨਦਾਰ ਭਵਿੱਖ ਬਣਾਉਣ ਲਈ ਮੱਦਦ ਕਰਦਾ ਹੈ। ਜੇ ਤੁਸੀਂ ਮੋਜ਼ੀਲਾ ਕਮਿਊਨਟੀ, ਸਾਡੇ ਹੋਰ ਉਤਪਾਦ ਤੇ ਆਪਣੇ ਨੇੜੇ ਸਮਾਗਮਾਂ ਦੇ ਬਾਰੇ ਜਾਣਨਾ ਚਾਹੁੰਦੇ ਹੋ ਤਾਂ ਹੇਠਾਂ ਆਪਣਾ ਈਮੇਲ ਸਿਰਨਾਵਾਂ ਦਿਉ।","sharePerformanceAndUsageData":"I want to help improve {{brandShortName}} by sharing data about my phone and the way I use it.","learnMore":"ਹੋਰ ਜਾਣੋ।","emailAddress":{"placeholder":"ਈਮੇਲ ਸਿਰਨਾਵਾਂ"},"email-successfully-added":"ਈਮੇਲ ਸਫ਼ਲਤਾ ਨਾਲ ਜੋੜੀ ਗਈ","email-loading":"…ਤੁਹਾਡਾ ਈਮੇਲ ਸੰਭਾਲੀ ਜਾ ਰਹੀ ਹੈ","privacy-b2g":{"_":"{{brandShortName}}","title":"{{brandShortName}}"},"privacy-marketplace":{"_":"ਮੰਡੀ","title":"{{privacy-marketplace}}"},"privacy-eme":"EverythingMe","privacy-e-me":{"_":"everything.me","title":"{{privacy-e-me}}"},"navbar-back":"ਪਿੱਛੇ","navbar-next":"ਅੱਗੇ","navbar-join":"ਜੁੜੋ","done":"ਮੁਕੰਮਲ","thatsIt":"ਇਹ ਹੈ!","startYourPhone":"ਆਪਣੇ ਫੋਨ ਦਾ ਦੌਰਾ ਕਰੋ!","startYourTablet":"ਆਪਣਾ ਟੇਬਲੇਟ ਦੌਰਾ ਕਰੋ!","joinTutorial":"ਤੁਹਾਡੇ ਨਵੇਂ ਫੋਨ ਬਾਰੇ ਤੁਰੰਤ ਜਾਣਕਾਰੀ ਲੈਣ ਲਈ ਸਾਡੇ ਨਾਲ ਹਿੱਸਾ ਲਵੋ।","enjoyYourPhone":"ਤੁਸੀਂ ਆਪਣੇ ਨਵੇਂ ਫੋਨ ਦਾ ਆਨੰਦ ਲੈ ਸਕਦੇ ਹੋ।","optionsAvailable":"ਤੁਸੀਂ ਸੈਟਿੰਗ ਵਿੱਚ ਭਾਸ਼ਾ, ਮਿਤੀ/ਸਮਾਂ ਅਤੇ ਵਾਈ-ਫਾਈ ਕੁਨੈਕਸ਼ਨ ਬਦਲ ਸਕਦੇ ਹੋ।","letsGo":"ਆਓ ਚੱਲੀਏ","startTour":"ਦੌਰਾ ਸ਼ੁਰੂ","whatsNew":"What’s new","updatedSuccessfully":"Your phone has updated successfully! Start the tour to find out more about the new features.","thatsIt1Tablet-2":"ਤੁਸੀਂ ਮੁੱਖ ਸਕਰੀਨ ਉੱਤੇ ਜਾਣ ਲਈ ਹੇਠਲੇ ਕੋਨੇ ਤੋਂ ਪਹਿਲਾਂ ਕਦੇ ਵੀ ਛੂਹ ਸਕਦੇ ਹੋ।","thatsIt2Tablet-2":"ਆਓ ਇਹ ਕਰੀਏ!","tutorial":"ਸਿਖਲਾਈ","tutorial-step1-tiny":"ਆਪਣੀਆਂ ਐਪਸ ਵੇਖਣ ਲਈ ਸੱਜੇ ਤੋਂ ਖੱਬੇ ਵੱਲ  ਸਵਾਇਪ ਕਰੋ","tutorial-step2-tiny":"Tap and hold on an icon to delete or move it.","tutorial-step3-tiny":"Enter any keyword or topic and your phone will instantly adapt.","tutorial-step4-tiny":"Swipe down to access recent notifications, credit information and settings.","tutorial-step5-tiny":"Tap and hold the home button to browse and close recent apps.","tutorial-step6-tiny":"Swipe from the side of the screen to move back and forth between recent apps.","tutorial-step1-large-2":"Swipe down from top to access recent notifications, credit information and settings.","tutorial-step2-large-2":"Swipe left or right to discover new apps on home screen.","tutorial-step3-large-2":"Tap and hold on an icon to delete or move it.","tutorial-step4-large-2":"Two fingers swipe up from the bottom edge to trigger card view.","tutorial-vertical-scroll-tiny":"Swipe up and down to browse your apps. Tap and hold on an icon to move or delete it.","tutorial-notifications-tiny":"Swipe down to access recent notifications, credit information and settings.","tutorial-sheets-tiny":"Drag from the left edge of your screen to return to recently used apps.","offline-dialog-title":"ਤੁਹਾਨੂੰ ਸਫ਼ੇ ਨੂੰ ਵੇਖਣ ਲਈ ਇੰਟਰਨੈੱਟ ਨਾਲ ਕੁਨੈਕਟ ਕਰਨਾ ਚਾਹੀਦਾ ਹੈ।","offline-dialog-text":"ਵਾਪਿਸ ਜਾਉ ਅਤੇ ਇੰਟਰਨੈੱਟ ਨਾਲ ਕੁਨੈਕਟ ਕਰੋ। ਤੁਸੀਂ ਸੈਟਿੰਗ ਤੋਂ ਸਫ਼ਾ ਬਾਅਦ ਵਿੱਚ ਵੇਖ ਸਕਦੇ ਹੋ ਜਾਂ ਕਿਸੇ ਵੀ ਬਰਾਊਜ਼ਰ ਵਿੱਚ  {{url}} ਦੇ ਕੇ।","OK":"ਠੀਕ ਹੈ","offline-newsletter-dialog-title":"ਤੁਹਾਨੂੰ ਖ਼ਬਰਸਾਰ ਦਾ ਮੈਂਬਰ ਬਣਨ ਲਈ ਇੰਟਰਨੈੱਟ ਨਾਲ ਕੁਨੈਕਟ ਹੋਣਾ ਪਵੇਗਾ।","offline-newsletter-dialog-text":"ਵਾਪਿਸ ਜਾਓ ਅਤੇ ਇੰਟਰਨੈੱਟ ਨਾਲ ਕੁਨੈਕਟ ਕਰੋ।","invalid-email-dialog-title":"ਤੁਹਾਡਾ ਈਮੇਲ ਠੀਕ ਨਹੀਂ ਹੈ","invalid-email-dialog-text":"ਪਿੱਛੇ ਜਾਓ ਅਤੇ ਆਪਣਾ ਇੰਦਰਾਜ਼ ਠੀਕ ਕਰੋ।","retry":"ਮੁੜ-ਕੋਸ਼ਿਸ਼","cancel":"ਰੱਦ ਕਰੋ","progressbar":{"_":"{{total}} ਵਿੱਚੋਂ {{step}} ਪਗ਼","ariaLabel":"ਪਹਿਲੀ ਵਾਰ ਦਾ ਤਜਰਬਾ"},"weekday-0-long":"ਐਤਵਾਰ","weekday-1-long":"ਸੋਮਵਾਰ","weekday-2-long":"ਮੰਗਲਵਾਰ","weekday-3-long":"ਬੁੱਧਵਾਰ","weekday-4-long":"ਵੀਰਵਾਰ","weekday-5-long":"ਸ਼ੁੱਕਰਵਾਰ","weekday-6-long":"ਸ਼ਨਿੱਚਰਵਾਰ","weekday-0-short":"ਐਤ","weekday-1-short":"ਸੋਮ","weekday-2-short":"ਮੰਗਲ","weekday-3-short":"ਬੁੱਧ","weekday-4-short":"ਵੀਰ","weekday-5-short":"ਸ਼ੁੱਕਰ","weekday-6-short":"ਸ਼ਨਿੱ","month-0-long":"ਜਨਵਰੀ","month-1-long":"ਫਰਵਰੀ","month-2-long":"ਮਾਰਚ","month-3-long":"ਅਪਰੈਲ","month-4-long":"ਮਈ","month-5-long":"ਜੂਨ","month-6-long":"ਜੁਲਾਈ","month-7-long":"ਅਗਸਤ","month-8-long":"ਸਤੰਬਰ","month-9-long":"ਅਕਤੂਬਰ","month-10-long":"ਨਵੰਬਰ","month-11-long":"ਦਸੰਬਰ","month-0-genitive":"ਜਨਵਰੀ","month-1-genitive":"ਫਰਵਰੀ","month-2-genitive":"ਮਾਰਚ","month-3-genitive":"ਅਪਰੈਲ","month-4-genitive":"ਮਈ","month-5-genitive":"ਜੂਨ","month-6-genitive":"ਜੁਲਾਈ","month-7-genitive":"ਅਗਸਤ","month-8-genitive":"ਸਤੰਬਰ","month-9-genitive":"ਅਕਤੂਬਰ","month-10-genitive":"ਨਵੰਬਰ","month-11-genitive":"ਦਸੰਬਰ","month-0-short":"ਜਨ","month-1-short":"ਫਰ","month-2-short":"ਮਾਰ","month-3-short":"ਅਪ","month-4-short":"ਮਈ","month-5-short":"ਜੂਨ","month-6-short":"ਜੁਲਾ","month-7-short":"ਅਗ","month-8-short":"ਸਤੰ","month-9-short":"ਅਕਤੂ","month-10-short":"ਨਵੰ","month-11-short":"ਦਸੰ","minutes-ago-long":{"_index":["plural","value"],"_":{"zero":"ਹੁਣੇ ਹੀਂ","one":"ਮਿੰਟ ਕੁ ਪਹਿਲਾਂ","two":"{{value}} ਮਿੰਟ ਪਹਿਲਾਂ","few":"{{value}} ਮਿੰਟ ਪਹਿਲਾਂ","many":"{{value}} ਮਿੰਟ ਪਹਿਲਾਂ","other":"{{value}}  ਮਿੰਟ ਪਹਿਲਾਂ"}},"hours-ago-long":{"_index":["plural","value"],"_":{"zero":"ਹੁਣੇ ਹੀ","one":"ਘੰਟਾ ਪਹਿਲਾਂ","two":"{{value}} ਘੰਟੇ ਪਹਿਲਾਂ","few":"{{value}} ਘੰਟੇ ਪਹਿਲਾਂ","many":"{{value}} ਘੰਟੇ ਪਹਿਲਾਂ","other":"{{value}} ਘੰਟੇ ਪਹਿਲਾਂ"}},"days-ago-long":{"_index":["plural","value"],"_":{"zero":"ਅੱਜ","one":"ਕੱਲ੍ਹ","two":"{{value}} ਦਿਨ ਪਹਿਲਾਂ","few":"{{value}} ਦਿਨ ਪਹਿਲਾਂ","many":"{{value}} ਦਿਨ ਪਹਿਲਾਂ","other":"{{value}} ਦਿਨ ਪਹਿਲਾਂ"}},"weeks-ago-long":{"_index":["plural","value"],"_":{"zero":"ਇਹ ਹਫ਼ਤੇ","one":"ਪਿਛਲੇ ਹਫ਼ਤੇ","two":"{{value}} ਹਫ਼ਤੇ ਪਹਿਲਾਂ","few":"{{value}} ਹਫ਼ਤੇ ਪਹਿਲਾਂ","many":"{{value}} ਹਫ਼ਤੇ ਪਹਿਲਾਂ","other":"{{value}} ਹਫ਼ਤੇ ਪਹਿਲਾਂ"}},"months-ago-long":{"_index":["plural","value"],"_":{"zero":"ਇਹ ਮਹੀਨੇ","one":"ਪਿਛਲੇ ਮਹੀਨੇ","two":"{{value}} ਮਹੀਨੇ ਪਹਿਲਾਂ","few":"{{value}} ਮਹੀਨੇ ਪਹਿਲਾਂ","many":"{{value}} ਮਹੀਨੇ ਪਹਿਲਾਂ","other":"{{value}} ਮਹੀਨੇ ਪਹਿਲਾਂ"}},"years-ago-long":{"_index":["plural","value"],"_":{"zero":"ਇਹ ਸਾਲ","one":"ਪਿਛਲੇ ਸਾਲ","two":"{{value}} ਸਾਲ ਪਹਿਲਾਂ","few":"{{value}} ਸਾਲ ਪਹਿਲਾਂ","many":"{{value}} ਸਾਲ ਪਹਿਲਾਂ","other":"{{value}} ਸਾਲ ਪਹਿਲਾਂ"}},"minutes-until-long":{"_index":["plural","value"],"_":{"zero":"ਹੁਣ","one":"ਮਿੰਟ ਵਿੱਚ","two":"{{value}} ਮਿੰਟਾਂ ਵਿੱਚ","few":"{{value}} ਮਿੰਟਾਂ ਵਿੱਚ","many":"{{value}} ਮਿੰਟਾਂ ਵਿੱਚ","other":"{{value}} ਮਿੰਟਾਂ ਵਿੱਚ"}},"hours-until-long":{"_index":["plural","value"],"_":{"zero":"ਹੁਣ","one":"ਇੱਕ ਘੰਟੇ ਵਿੱਚ","two":"{{value}} ਘੰਟਿਆਂ ਵਿੱਚ","few":"{{value}} ਘੰਟਿਆਂ ਵਿੱਚ","many":"{{value}} ਘੰਟਿਆਂ ਵਿੱਚ","other":"{{value}} ਘੰਟਿਆਂ ਵਿੱਚ"}},"days-until-long":{"_index":["plural","value"],"_":{"zero":"ਅੱਜ","one":"ਭਲਕੇ","two":"{{value}} ਦਿਨਾਂ ਵਿੱਚ","few":"{{value}} ਦਿਨਾਂ ਵਿੱਚ","many":"{{value}} ਦਿਨਾਂ ਵਿੱਚ","other":"{{value}} ਦਿਨਾਂ ਵਿੱਚ"}},"weeks-until-long":{"_index":["plural","value"],"_":{"zero":"ਇਸ ਹਫ਼ਤੇ","one":"ਅਗਲੇ ਹਫ਼ਤੇ","two":"{{value}} ਹਫ਼ਤਿਆਂ ਵਿੱਚ","few":"{{value}} ਹਫ਼ਤਿਆਂ ਵਿੱਚ","many":"{{value}} ਹਫ਼ਤਿਆਂ ਵਿੱਚ","other":"{{value}} ਹਫ਼ਤਿਆਂ ਵਿੱਚ"}},"months-until-long":{"_index":["plural","value"],"_":{"zero":"ਇਸ ਮਹੀਨੇ","one":"ਅਗਲੇ ਮਹੀਨੇ","two":"{{value}} ਮਹੀਨਿਆਂ ਵਿੱਚ","few":"{{value}} ਮਹੀਨਿਆਂ ਵਿੱਚ","many":"{{value}} ਮਹੀਨਿਆਂ ਵਿੱਚ","other":"{{value}} ਮਹੀਨਿਆਂ ਵਿੱਚ"}},"years-until-long":{"_index":["plural","value"],"_":{"zero":"ਇਸ ਸਾਲ","one":"ਅਗਲੇ ਸਾਲ","two":"{{value}} ਸਾਲਾਂ ਵਿੱਚ","few":"{{value}} ਸਾਲਾਂ ਵਿੱਚ","many":"{{value}} ਸਾਲਾਂ ਵਿੱਚ","other":"{{value}} ਸਾਲਾਂ ਵਿੱਚ"}},"minutes-ago-short":{"_index":["plural","value"],"_":{"zero":"ਹੁਣੇ ਹੀ","other":"{{value}}ਮਿੰ ਪਹਿਲਾਂ"}},"hours-ago-short":{"_index":["plural","value"],"_":{"zero":"ਹੁਣੇ ਹੀਂ","other":"{{value}}ਘੰ ਪਹਿਲਾਂ"}},"days-ago-short":{"_index":["plural","value"],"_":{"zero":"ਅੱਜ","other":"{{value}}ਦਿ ਪਹਿਲਾਂ"}},"minutes-until-short":{"_index":["plural","value"],"_":{"zero":"ਹੁਣ","other":"{{value}}ਮਿੰ ਵਿੱਚ"}},"hours-until-short":{"_index":["plural","value"],"_":{"zero":"ਹੁਣ","other":"{{value}}ਘੰ ਵਿੱਚ"}},"days-until-short":{"_index":["plural","value"],"_":{"zero":"ਅੱਜ","other":"{{value}}ਦਿ ਵਿੱਚ"}},"incorrectDate":"(ਗਲਤ ਮਿਤੀ)","dateTimeFormat_%c":"%a %e %b  %Y %I:%M:%S %p","dateTimeFormat_%x":"%d/%m/%Y","dateTimeFormat_%X":"%I:%M:%S %p","shortTimeFormat":"%I:%M %p","shortDateTimeFormat":"%x %I:%M %p","weekStartsOnMonday":"1","time_am":"ਸਵੇਰੇ","time_pm":"ਸ਼ਾਮ","tz-region":"ਖੇਤਰ","tz-city":"ਸ਼ਹਿਰ","tzRegion-Africa":"ਅਫਰੀਕਾ","tzRegion-America":"ਅਮਰੀਕਾ","tzRegion-Antarctica":"ਐਨਟਾਰਟਿਕਾ","tzRegion-Asia":"ਏਸ਼ੀਆ","tzRegion-Atlantic":"ਐਟਲਾਟਿਕ ਮਹਾਂਸਾਗਰ","tzRegion-Australia":"ਆਸਟਰੇਲੀਆ","tzRegion-Europe":"ਯੂਰਪ","tzRegion-Indian":"ਹਿੰਦ ਮਹਾਂਸਾਗਰ","tzRegion-Pacific":"ਪ੍ਰਸ਼ਾਂਤ ਮਹਾਂਸਾਗਰ","close":"ਬੰਦ ਕਰੋ","import":"ਦਰਾਮਦ","update":"ਅੱਪਡੇਟ","fbFriends":"ਫੇਸਬੁੱਕ ਦੋਸਤ","live-serviceName":"ਆਉਟਲੁੱਕ","gmail-serviceName":"ਜੀਮੇਲ","facebook-serviceName":"ਫੇਸਬੁੱਕ ਦੋਸਤ","selectAll":"ਸਭ ਚੁਣੋ","deselectAll":"ਸਭ ਨਾ-ਚੁਣੋ","viewAll":"ਸਭ ਫੇਸਬੁੱਕ ਦੋਸਤ ਵੇਖੋ","viewRecommend":"ਕੇਵਲ ਵੇਖਣਾ ਸਿਫਾਰਸ਼ੀ","linkProposal":{"_index":["plural","numFriends"],"_":{"zero":"ਕੋਈ ਮਿਲਦਾ ਦੋਸਤ ਨਹੀਂ। ਸਭ ਵੇਖਾਏ ਜਾ ਰਹੇ ਹਨ","one":"ਸਿਫਾਰਸ਼ ਕੀਤਾ ਇੱਕ ਚੁਣੋ","two":"ਸਿਫਾਰਸ਼ ਕੀਤਾ ਇੱਕ ਚੁਣੋ","few":"ਸਿਫਾਰਸ਼ ਕੀਤਾ ਇੱਕ ਚੁਣੋ","many":"ਸਿਫਾਰਸ਼ ਕੀਤਾ ਇੱਕ ਚੁਣੋ","other":"ਸਿਫਾਰਸ਼ ਕੀਤਾ ਇੱਕ ਚੁਣੋ"}},"fbFriendsFound":{"_index":["plural","numFriends"],"_":{"zero":"ਤੁਹਾਡੇ ਸਭ ਦੋਸਤ ਇੰਪੋਰਟ ਕੀਤੇ ਗਏ","one":"ਇੰਪੋਰਟ ਕਰਨ ਲਈ ਇੱਕ ਦੋਸਤ ਲੱਭਿਆ","two":"ਇੰਪੋਰਟ ਕਰਨ ਲਈ {{numFriends}} ਦੋਸਤ ਲੱਭੇ","few":"ਇੰਪੋਰਟ ਕਰਨ ਲਈ {{numFriends}} ਦੋਸਤ ਲੱਭੇ","many":"ਇੰਪੋਰਟ ਕਰਨ ਲਈ {{numFriends}} ਦੋਸਤ ਲੱਭੇ","other":"ਇੰਪੋਰਟ ਕਰਨ ਲਈ {{numFriends}} ਦੋਸਤ ਲੱਭੇ"}},"fbNoFriends":"No contacts available to import","search-contact":{"placeholder":"ਖੋਜ"},"noResults":"ਕੋਈ ਸੰਪਰਕ ਨਹੀਂ ਲੱਭਿਆ","done-search":"ਮੁਕੰਮਲ","progressFB3ImportTitle":"ਦੋਸਤ ਸੰਪਰਕ ਵਿੱਚ ਇੰਪੋਰਟ ਕੀਤੇ ਜਾ ਰਹੇ ਹਨ","progressFB":"{{current}}/{{total}}","progressFB3UpdateTitle":"ਸੰਪਰਕਾਂ ਵਿੱਚ ਦੋਸਤ ਅੱਪਡੇਟ ਕੀਤੇ ਜਾ ਰਹੇ ਹਨ","message2":"ਇਸ ਨੂੰ ਕੁਝ ਕੁ ਮਿੰਟ ਵੀ ਲੱਗ ਸਕਦੇ ਹਨ","messageLinking":"ਰੁਕੋ ਜੀ। ਅਸੀਂ ਤੁਹਾਡੇ ਮਿੱਤਰ ਤੇ ਤੁਹਾਡੇ ਸੰਪਰਕ ਨੂੰ ਜੋੜ ਰਹੇ ਹਾਂ।","messageCanceling":"ਰੁਕੋ ਜੀ। ਅਸੀਂ ਜਾਰੀ ਕਾਰਵਾਈ ਨੂੰ ਰੱਦ ਕਰ ਰਹੇ ਹਾਂ","error1":"{{from}} ਤੋਂ ਗਲਤੀ","error2":"ਕੀ ਤੁਸੀਂ ਮੁੜ-ਕੋਸ਼ਿਸ਼ ਕਰਨੀ ਚਾਹੁੰਦੇ ਹੋ?","errorProposal":"ਪੇਸ਼ਕਸ਼ਾਂ ਦੀ ਗਿਣਤੀ ਕੀਤੀ ਜਾ ਰਹੀ ਹੈ","errorFriends":"ਦੋਸਤ ਪ੍ਰਾਪਤ ਕੀਤੇ ਜਾ ਰਹੇ ਹਨ","errorLinking":"ਸੰਪਰਕ ਲਿੰਕ ਕੀਤਾ ਜਾ ਰਿਹਾ ਹੈ","timeout1":"{{from}} ਲਈ ਸਮਾਂ ਸਮਾਪਤ ਹੋਇਆ","timeout2":"ਕੀ ਤੁਸੀਂ ਮੁੜ-ਕੋਸ਼ਿਸ਼ ਕਰਨੀ ਚਾਹੁੰਦੇ ਹੋ?","timeoutProposal":"ਪੇਸ਼ਕਸ਼ਾਂ ਦੀ ਗਿਣਤੀ ਕੀਤੀ ਜਾ ਰਹੀ ਹੈ","timeoutFriends":"ਦੋਸਤ ਪ੍ਰਾਪਤ ਕੀਤੇ ਜਾ ਰਹੇ ਹਨ","timeoutLinking":"ਸੰਪਰਕ ਲਿੰਕ ਕੀਤੇ ਜਾ ਰਹੇ ਹਨ","wait1":"ਰੁਕੋ ਜੀ","wait2":"ਇਸ ਨੂੰ ਕੁਝ ਕੁ ਮਿੰਟ ਵੀ ਲੱਗ ਸਕਦੇ ਹਨ","waitProposal":"ਰੁਕੋ ਜੀ। ਅਸੀਂ ਪੇਸ਼ਕਸ਼ ਦੀ ਗਿਣਤੀ ਕਰ ਰਹੇ ਹਾਂ।","waitFriends":"ਰੁਕੋ ਜੀ। ਅਸੀਂ ਤੁਹਾਡੀ ਦੋਸਤ ਸੂਚੀ ਪ੍ਰਾਪਤ ਕਰਨ ਲਈ ਕੁਨੈਕਟ ਕਰ ਰਹੇ ਹਾਂ।","curtainCancel":"ਰੱਦ ਕਰੋ","curtainRetry":"ਮੁੜ-ਕੋਸ਼ਿਸ਼","curtainOK":"ਠੀਕ ਹੈ","connectionLost":"ਕੋਈ ਇੰਟਰਨੈੱਟ ਕੁਨੈਕਸ਼ਨ ਨਹੀਂ ਹੈ","connectionLostMsg":"ਦੋਸਤਾਂ ਦੀਆਂ ਫੋਟੋ ਤੁਹਾਡੇ ਸੰਪਰਕਾਂ ਲਈ ਨਹੀਂ ਜੋੜੀਆਂ ਜਾਣਗੀਆਂ। ਕੀ ਜਾਰੀ ਰੱਖਣਾ ਹੈ?","yesOption":"ਠੀਕ ਹੈ","noOption":"ਰੱਦ ਕਰੋ","friendsUpdated":{"_index":["plural","numFriends"],"_":{"zero":"ਕੋਈ ਦੋਸਤ ਅੱਪਡੇਟ ਨਹੀਂ ਕੀਤਾ","one":"ਇੱਕ ਦੋਸਤ ਅੱਪਡੇਟ ਕੀਤਾ","two":"{{numFriends}} ਦੋਸਤ ਅੱਪਡੇਟ ਕੀਤੇ","few":"{{numFriends}} ਦੋਸਤ ਅੱਪਡੇਟ ਕੀਤੇ","many":"{{numFriends}} ਦੋਸਤ ਅੱਪਡੇਟ ਕੀਤੇ","other":"{{numFriends}} ਦੋਸਤ ਅੱਪਡੇਟ ਕੀਤੇ"}},"friendsMerged":{"_index":["plural","numDups"],"_":{"zero":"ਕੋਈ ਡੁਪਲੀਕੇਟ ਦੋਸਤ ਮਿਲਾਏ ਨਹੀਂ ਗਿਆ","one":"ਇੱਕ ਡੁਪਲੀਕੇਟ ਦੋਸਤ ਮਿਲਾਇਆ ਗਿਆ","two":"{{numDups}} ਦੋਸਤ ਮਿਲਾਏ ਗਏ","few":"{{numDups}} ਦੋਸਤ ਮਿਲਾਏ ਗਏ","many":"{{numDups}} ਦੋਸਤ ਮਿਲਾਏ ਗਏ","other":"{{numDups}} ਦੋਸਤ ਮਿਲਾਏ ਗਏ"}},"notificationLogin":"ਤੁਹਾਡਾ ਫੇਸਬੁੱਕ ਸ਼ੈਸ਼ਨ ਗਲਤ ਹੈ। ਸਾਇਨ ਇਨ ਕਰੋ।","syncError":"ਤੁਹਾਡੇ ਦੋਸਤਾਂ ਦਾ ਡਾਟਾ ਸਿੰਕ ਕਰਨ ਦੌਰਾਨ ਗਲਤੀ ਆਈ"}