{"brandShortName":"B2G OS","browserBrandShortName":"Navegador da Web","browserBrandFullName":"Navegador da Web Mozilla","back":"Back","noSimMsg":"To import contacts insert or unlock your SIM card","noMemoryCardMsg":"To import contacts insert a memory card","importMemoryCard":"Memory card","noConnection11":"To import Facebook friends or contacts connect to Wi-Fi or data network","simContacts-import":"Import SIM contacts","simContacts-importing":"Importing SIM contacts…","simContacts-reading":"Reading from SIM card…","simContacts-error":"Could not import contacts from SIM","simContacts-imported3":{"_index":["plural","n"],"_":{"zero":"No contacts detected on SIM to import","one":"Imported one contact","two":"Imported {{n}} contacts","few":"Imported {{n}} contacts","many":"Imported {{n}} contacts","other":"Imported {{n}} contacts"}},"memoryCardContacts-import":"Import contacts from memory card","memoryCardContacts-importing":"Importing contacts from memory card…","memoryCardContacts-reading":"Reading from memory card…","memoryCardContacts-error":"Could not import contacts from memory card","memoryCardContacts-imported3":{"_index":["plural","n"],"_":{"zero":"No contacts detected on memory card to import","one":"Imported one contact","two":"Imported {{n}} contacts","few":"Imported {{n}} contacts","many":"Imported {{n}} contacts","other":"Imported {{n}} contacts"}},"genericProgress":"{{current}}/{{total}}","facebook":"Facebook","facebook-import-msg":{"_index":["plural","imported"],"_":{"zero":"No friends imported (out of {{total}})","one":"One friend imported (out of {{total}})","two":"{{imported}}/{{total}} friends imported","few":"{{imported}}/{{total}} friends imported","many":"{{imported}}/{{total}} friends imported","other":"{{imported}}/{{total}} friends imported"}},"contactsMerged":{"_index":["plural","numDups"],"_":{"zero":"No duplicated contacts merged","one":"One duplicated contact merged","two":"{{numDups}} contacts merged","few":"{{numDups}} contacts merged","many":"{{numDups}} contacts merged","other":"{{numDups}} contacts merged"}},"pincode2":"Inserir código PIN","type_pin":"Digite seu código PIN","pincodeLabel":"Código PIN do cartão SIM {{n}}","pinValidation":"O PIN deve ter entre 4 e 8 caracteres.","pinError":"O PIN está incorreto.","pinAttemptMsg2":{"_index":["plural","n"],"_":{"one":"Você tem mais uma tentativa para inserir o código correto antes de bloquear o chip SIM.","two":"Você tem {{n}} tentativas para inserir o código correto antes de bloquear o chip SIM.","few":"Você tem {{n}} tentativas para inserir o código correto antes de bloquear o chip SIM.","many":"Você tem {{n}} tentativas para inserir o código correto antes de bloquear o chip SIM.","other":"Você tem {{n}} tentativas para inserir o código correto antes de bloquear o chip SIM."}},"pinLastChanceMsg":"Esta é a sua última chance de inserir o PIN correto. Caso contrário, você deverá inserir o código PUK para usar esse chip SIM.","pukcode":"Inserir código PUK","pukcodeTitle":"Digite o PUK do cartão SIM {{n}}","pukcodeLabel":"PUK do cartão SIM {{n}}","type_puk":"Código PUK","pukValidation":"O código PUK deve ter exatamente 8 caracteres.","pukInfo":"Você deve inserir o código PUK do chip SIM. Consulte a documentação do chip SIM ou entre em contato com sua operadora para mais informações.","pukError":"O código PUK está incorreto.","pukAttemptMsg2":{"_index":["plural","n"],"_":{"one":"Você tem mais uma tentativa para inserir o código correto antes de tornar este chip SIM permanentemente inutilizável. Consulte a documentação do chip SIM ou entre em contato com sua operadora para mais informações.","two":"Você tem {{n}} tentativas para inserir o código correto antes de tornar este chip SIM permanentemente inutilizável. Consulte a documentação do chip SIM ou entre em contato com sua operadora para mais informações.","few":"Você tem {{n}} tentativas para inserir o código correto antes de tornar este chip SIM permanentemente inutilizável. Consulte a documentação do chip SIM ou entre em contato com sua operadora para mais informações.","many":"Você tem {{n}} tentativas para inserir o código correto antes de tornar este chip SIM permanentemente inutilizável. Consulte a documentação do chip SIM ou entre em contato com sua operadora para mais informações.","other":"Você tem {{n}} tentativas para inserir o código correto antes de tornar este chip SIM permanentemente inutilizável. Consulte a documentação do chip SIM ou entre em contato com sua operadora para mais informações."}},"pukLastChanceMsg":"Esta é a sua última chance de inserir o código PUK correto. Seu chip SIM se tornará permanentemte inutilizável se você inserir o código PUK errado.","create_newpin":"Criar novo PIN (4 a 8 dígitos)","confirm_newpin":"Confirmar novo PIN","newpinConfirmation":"Os PINs não correspondem","nckcode":"Inserir código NCK","cckcode":"Inserir código CCK","spckcode":"Inserir código SPCK","nck1code":"Enter NCK1 code","nck2code":"Enter NCK2 code","hnckcode":"Enter HNCK code","rcckcode":"Enter RCCK code","rspckcode":"Enter RSPCK code","nckcodeTitle":"Insira o código NCK do cartão SIM {{n}}","cckcodeTitle":"Insira o código CCK do cartão SIM {{n}}","spckcodeTitle":"Insira o código SPCK do cartão SIM {{n}}","nck1codeTitle":"Enter SIM {{n}} NCK1","nck2codeTitle":"Enter SIM {{n}} NCK2","hnckcodeTitle":"Enter SIM {{n}} HNCK","rcckcodeTitle":"Enter SIM {{n}} RCCK","rspckcodeTitle":"Enter SIM {{n}} RSPCK","nckcodeLabel":"Código NCK do cartão SIM {{n}}","cckcodeLabel":"Código CCK do cartão SIM {{n}}","spckcodeLabel":"SIM {{n}} SPCK","nck1codeLabel":"SIM {{n}} NCK1","nck2codeLabel":"SIM {{n}} NCK2","hnckcodeLabel":"SIM {{n}} HNCK","rcckcodeLabel":"SIM {{n}} RCCK","rspckcodeLabel":"SIM {{n}} RSPCK","type_nck":"Digite seu código NCK","type_cck":"Digite seu código CCK","type_spck":"Digite seu código SPCK","type_nck1":"Type your NCK1 code","type_nck2":"Type your NCK2 code","type_hnck":"Type your HNCK code","type_rcck":"Type your RCCK code","type_rspck":"Type your RSPCK code","nckValidation":"O NCK deve ter entre 8 e 16 caracteres.","cckValidation":"O CCK deve ter entre 8 e 16 caracteres.","spckValidation":"O SPCK deve ter entre 8 e 16 caracteres.","nck1Validation":"NCK1 must have between 8 and 16 characters.","nck2Validation":"NCK2 must have between 8 and 16 characters.","hnckValidation":"HNCK must have between 8 and 16 characters.","rcckValidation":"RCCK must have between 8 and 16 characters.","rspckValidation":"RSPCK must have between 8 and 16 characters.","nckErrorMsg":"O código NCK está incorreto.","nckAttemptMsg2":{"_index":["plural","n"],"_":{"one":"A solicitação de desbloqueio falhou. Você tem mais uma tentativa para inserir o código correto. Consulte a documentação do seu aparelho ou entre em contato com sua operadora para mais informações.","two":"A solicitação de desbloqueio falhou. Você tem {{n}} tentativas para inserir o código correto. Consulte a documentação do seu aparelho ou entre em contato com sua operadora para mais informações.","few":"A solicitação de desbloqueio falhou. Você tem {{n}} tentativas para inserir o código correto. Consulte a documentação do seu aparelho ou entre em contato com sua operadora para mais informações.","many":"A solicitação de desbloqueio falhou. Você tem {{n}} tentativas para inserir o código correto. Consulte a documentação do seu aparelho ou entre em contato com sua operadora para mais informações.","other":"A solicitação de desbloqueio falhou. Você tem {{n}} tentativas para inserir o código correto. Consulte a documentação do seu aparelho ou entre em contato com sua operadora para mais informações."}},"nckLastChanceMsg":"A solicitação de desbloqueio falhou. Esta é a sua última chance de inserir o código correto. Consulte a documentação do seu aparelho ou entre em contato com sua operadora para mais informações.","skip":"Pular","send":"Enviar","ok":"OK","simLocked":"O chip SIM está bloqueado","inputCodeRetriesLeft":{"_index":["plural","n"],"_":{"one":"última tentativa.","two":"restam {{n}} tentativas.","few":"restam {{n}} tentativas.","many":"restam {{n}} tentativas.","other":"restam {{n}} tentativas."}},"simManager":"Cartões SIM","simDetail":"Cartão SIM {{n}}","simDefault":"(padrão)","simDefaultMessage":"Chamadas, mensagens e conexões de dados serão feitas com o cartão SIM 1 por padrão","simSettingsMessage":"Você pode alterar as configurações em Configurações > Cartões SIM","simPinLocked":"O PIN do cartão SIM está travado","noOperator":"Nenhuma operadora","language":"Idioma","3g":"Dados 3G","dataConnection":"Ativar dados","dataConnectionInfo":"Ativar a conexão de dados permite configurar seu aparelho sem uma conexão Wi-Fi. Você também pode ativá-la mais tarde em Configurações. Apenas certifique-se de que você tem um plano de dados com sua operadora para evitar surpresas na sua conta.","caution":"Aviso","geolocation":"Geolocalização","geolocationCheckbox":"Ativar Geolocalização","geolocationInfo2":"O {{brandShortName}} usa dados como GPS, Wi-Fi e redes móveis ao seu redor para ajudar a determinar sua localização aproximada.","geolocationInfoMore":"Os dados são enviados à Mozilla e outros provedores de serviços e serão usados para melhorar essas bases de dados de localização. Os dados podem ser armazenados no seu aparelho e a coleta de dados pode ocorrer até mesmo quando nenhum aplicativo estiver sendo executado.","notice":"Aviso","aboutYourPrivacy":"Mais sobre sua privacidade","scanningNetworks":"Procurando redes","selectNetwork":"Redes Wi-Fi","shortStatus-connecting":"Conectando…","shortStatus-associated":"Obtendo endereço IP…","shortStatus-connected":"Conectado","shortStatus-connectingfailed":"A conexão falhou","shortStatus-disconnected":"Desconectado","securedBy":"Protegida por {{capabilities}}","security":"Segurança","securityNone":"Nenhuma","securityWEP":"WEP","securityWPA-PSK":"WPA-PSK","securityWPA-EAP":"WPA-EAP","securityOpen":"Aberta","identity":"Usuário","identityInput":{"placeholder":"Usuário"},"password":"Senha","passwordInput":{"placeholder":"Senha"},"showPassword":"Mostrar Senha","refresh":"Atualizar","noWifiFound3":"Nenhuma rede sem fio encontrada","join-hidden-button":"Conectar a uma rede escondida","authentication":"Authentication","ssid-name":"Nome da rede (SSID)","wifiLevel":"{{level}} of 4 bars","networksList":"Networks found","dateAndTime":"Data e Hora","timezoneTitle":"UTC{{utcOffset}} {{region}}/{{city}}","timeZone":"Fuso horário","change":"Alterar","region":{"ariaLabel":"Region"},"city":{"ariaLabel":"City"},"date":{"ariaLabel":"Date"},"time":{"ariaLabel":"Time"},"importContacts3":"Importar contatos","importSim2":"Chip SIM","importFb2":"Facebook","importOutlook":"Outlook","importGmail":"Gmail","fb-checking":"… verificando","notImportedYet":"Ainda não importou","otherAccount":"Outras contas","afterFbImport":"Você pode importar e editar seus amigos do Facebook nas configurações do aplicativo Contatos","firefox-accounts":"Firefox Accounts","fxa-overview":{"innerHTML":"A Firefox Account lets you use features like Find My Device and apps like the Firefox Marketplace."},"fxa-create-account-or-sign-in":"Create Account or Sign In","fxa-email-sent":"A verification link has been sent to {{email}}","fxa-signed-in":"Signed in as {{email}}","about-your-rights-0":"O {{brandShortName}} é um software livre e de código aberto, criado por uma comunidade de milhares de pessoas ao redor do mundo. Há algumas coisas que você deve saber:","about-your-rights-1":"O {{brandShortName}} está disponível para você de acordo com os termos da Licença Pública Mozilla. Isso significa que você pode usar, copiar e distribuir o {{brandShortName}} para outras pessoas. Você também é bem-vindo para modificar como quiser o código-fonte do {{brandShortName}} para atender às suas necessidades. A Licença Pública Mozilla também lhe dá o direito de distribuir as suas versões modificadas.","about-your-rights-2":"Não são concedidos a você quaisquer direitos sobre marcas comerciais ou licenças sobre as marcas comerciais da Mozilla Foundation ou de terceiros, incluindo, entre outros, o nome ou logotipo do {{brandShortName}}. Informações adicionais sobre as marcas comerciais podem ser encontradas somente aqui.","about-your-rights-3":"Alguns dos recursos do {{brandShortName}}, como o Crash Reporter, lhe dão a opção de fornecer informações à Mozilla. Ao efetuar o envio destas informações, você dá à Mozilla a permissão de usá-las para aperfeiçoar seus produtos, para publicá-las em seus sites e para distribuí-las.","about-other":"Outro","SIM_mandatory":"Alerta do cartão SIM","SIM_mandatory_warm":"Por favor, insira um cartão SIM e reinicie seu telefone.","telemetry-sends2":"Telemetry sends Mozilla data about performance, hardware, configurations, customizations and app usage in your {{brandShortName}} device. We use this to make our products better, faster and more responsive.","learn-more-telemetry":{"innerHTML":"Learn more at {{link}}"},"learn-more-information":{"innerHTML":"Learn how Mozilla handles your information at {{link}}"},"welcomeBrowser":"Bem-vindo ao {{brandShortName}}, o sistema operacional livre, gratuito e de código aberto da Mozilla. Nossa missão é promover a abertura, inovação e oportunidades ao manter o poder da Web em suas mãos.","learn-more-privacy":{"innerHTML":"Learn how Mozilla handles your information in our {{link}}."},"learn-more-privacy-link":"privacy policy","aboutBrowser":"Sobre o {{brandShortName}}","aboutYourPrivacy2":"Sua privacidade","mozillaCommunity2":"Ao usar o {{brandShortName}}, você se torna parte de uma comunidade global que está ajudando a construir um futuro melhor para a Web. Se você quiser saber mais sobre a comunidade Mozilla, nossos outros produtos e eventos perto de você, por favor, digite seu endereço de e-mail abaixo.","sharePerformanceAndUsageData":"I want to help improve {{brandShortName}} by sharing data about my phone and the way I use it.","learnMore":"Saiba mais.","emailAddress":{"placeholder":"Endereço de e-mail"},"email-successfully-added":"E-mail adicionado com sucesso","email-loading":"Salvando seu e-mail…","privacy-b2g":{"_":"{{brandShortName}}","title":"{{brandShortName}}"},"privacy-marketplace":{"_":"Marketplace","title":"{{privacy-marketplace}}"},"privacy-eme":"EverythingMe","privacy-e-me":{"_":"everything.me","title":"{{privacy-e-me}}"},"navbar-back":"Voltar","navbar-next":"Avançar","navbar-join":"Entrar","done":"Done","thatsIt":"É isso!","startYourPhone":"Iniciar o tour do seu telefone!","startYourTablet":"Iniciar o tour do seu tablet!","joinTutorial":"Aproveite este rápido passeio pelo seu novo telefone.","enjoyYourPhone":"Você está pronto para aproveitar seu novo telefone.","optionsAvailable":"Você pode alterar o idioma, data/hora e conexões Wi-Fi nas configurações.","letsGo":"Vamos lá","startTour":"Começar","whatsNew":"What’s new","updatedSuccessfully":"Your phone has updated successfully! Start the tour to find out more about the new features.","thatsIt1Tablet-2":"You can always swipe from the bottom edge to enter home screen.","thatsIt2Tablet-2":"Let’s do it!","tutorial":"Tutorial","tutorial-step1-tiny":"Deslize da direita para a esquerda para navegar pelos seus aplicativos.","tutorial-step2-tiny":"Toque e segure um ícone para movê-lo ou apagá-lo.","tutorial-step3-tiny":"Digite uma palavra chave ou tópico e seu telefone irá se adaptar instantaneamente.","tutorial-step4-tiny":"Deslize para baixo para acessar notificações recentes, informações de crédito e configurações.","tutorial-step5-tiny":"Toque e segure o botão Início para navegar e fechar aplicativos recentes.","tutorial-step6-tiny":"Swipe from the side of the screen to move back and forth between recent apps.","tutorial-step1-large-2":"Swipe down from top to access recent notifications, credit information and settings.","tutorial-step2-large-2":"Swipe left or right to discover new apps on home screen.","tutorial-step3-large-2":"Tap and hold on an icon to delete or move it.","tutorial-step4-large-2":"Two fingers swipe up from the bottom edge to trigger card view.","tutorial-vertical-scroll-tiny":"Swipe up and down to browse your apps. Tap and hold an icon to move or delete it.","tutorial-notifications-tiny":"Swipe down to access recent notifications, credit information and settings.","tutorial-sheets-tiny":"Drag from the left edge of your screen to return to recently used apps.","offline-dialog-title":"Você deve estar conectado à Internet para ver esta página.","offline-dialog-text":"Por favor, volte e conecte-se à Internet. Você também pode ver a página mais tarde nas Configurações ou digitando {{url}} em qualquer navegador.","OK":"OK","offline-newsletter-dialog-title":"Você deve estar conectado à Internet para inscrever-se no informativo.","offline-newsletter-dialog-text":"Por favor volte e conecte-se à Internet.","invalid-email-dialog-title":"E-mail inválido","invalid-email-dialog-text":"Por favor, volte e corrija os dados digitados.","retry":"Retry","cancel":"Cancel","progressbar":{"_":"Step {{step}} of {{total}}","ariaLabel":"First Time Experience"},"weekday-0-long":"Domingo","weekday-1-long":"Segunda-feira","weekday-2-long":"Terça-feira","weekday-3-long":"Quarta-feira","weekday-4-long":"Quinta-feira","weekday-5-long":"Sexta-feira","weekday-6-long":"Sábado","weekday-0-short":"Dom","weekday-1-short":"Seg","weekday-2-short":"Ter","weekday-3-short":"Qua","weekday-4-short":"Qui","weekday-5-short":"Sex","weekday-6-short":"Sáb","month-0-long":"Janeiro","month-1-long":"Fevereiro","month-2-long":"Março","month-3-long":"Abril","month-4-long":"Maio","month-5-long":"Junho","month-6-long":"Julho","month-7-long":"Agosto","month-8-long":"Setembro","month-9-long":"Outubro","month-10-long":"Novembro","month-11-long":"Dezembro","month-0-genitive":"Janeiro","month-1-genitive":"Fevereiro","month-2-genitive":"Março","month-3-genitive":"Abril","month-4-genitive":"Maio","month-5-genitive":"Junho","month-6-genitive":"Julho","month-7-genitive":"Agosto","month-8-genitive":"Setembro","month-9-genitive":"Outubro","month-10-genitive":"Novembro","month-11-genitive":"Dezembro","month-0-short":"Jan","month-1-short":"Fev","month-2-short":"Mar","month-3-short":"Abr","month-4-short":"Mai","month-5-short":"Jun","month-6-short":"Jul","month-7-short":"Ago","month-8-short":"Set","month-9-short":"Out","month-10-short":"Nov","month-11-short":"Dez","minutes-ago-long":{"_index":["plural","value"],"_":{"zero":"há pouco","one":"um minuto atrás","two":"{{value}} minutos atrás","few":"{{value}} minutos atrás","many":"{{value}} minutos atrás","other":"{{value}} minutos atrás"}},"hours-ago-long":{"_index":["plural","value"],"_":{"zero":"há pouco","one":"uma hora atrás","two":"{{value}} horas atrás","few":"{{value}} horas atrás","many":"{{value}} horas atrás","other":"{{value}} horas atrás"}},"days-ago-long":{"_index":["plural","value"],"_":{"zero":"hoje","one":"ontem","two":"{{value}} dias atrás","few":"{{value}} dias atrás","many":"{{value}} dias atrás","other":"{{value}} dias atrás"}},"weeks-ago-long":{"_index":["plural","value"],"_":{"zero":"esta semana","one":"semana passada","two":"{{value}} semanas atrás","few":"{{value}} semanas atrás","many":"{{value}} semanas atrás","other":"{{value}} semanas atrás"}},"months-ago-long":{"_index":["plural","value"],"_":{"zero":"este mês","one":"mês passado","two":"{{value}} meses atrás","few":"{{value}} meses atrás","many":"{{value}} meses atrás","other":"{{value}} meses atrás"}},"years-ago-long":{"_index":["plural","value"],"_":{"zero":"este ano","one":"ano passado","two":"{{value}} anos atrás","few":"{{value}} anos atrás","many":"{{value}} anos atrás","other":"{{value}} anos atrás"}},"minutes-until-long":{"_index":["plural","value"],"_":{"zero":"agora","one":"em um minuto","two":"em {{value}} minutos","few":"em {{value}} minutos","many":"em {{value}} minutos","other":"em {{value}} minutos"}},"hours-until-long":{"_index":["plural","value"],"_":{"zero":"agora","one":"em uma hora","two":"em {{value}} horas","few":"em {{value}} horas","many":"em {{value}} horas","other":"em {{value}} horas"}},"days-until-long":{"_index":["plural","value"],"_":{"zero":"hoje","one":"amanhã","two":"em {{value}} dias","few":"em {{value}} dias","many":"em {{value}} dias","other":"em {{value}} dias"}},"weeks-until-long":{"_index":["plural","value"],"_":{"zero":"esta semana","one":"semana que vem","two":"em {{value}} semanas","few":"em {{value}} semanas","many":"em {{value}} semanas","other":"em {{value}} semanas"}},"months-until-long":{"_index":["plural","value"],"_":{"zero":"este mês","one":"mês que vem","two":"em {{value}} meses","few":"em {{value}} meses","many":"em {{value}} meses","other":"em {{value}} meses"}},"years-until-long":{"_index":["plural","value"],"_":{"zero":"este ano","one":"ano que vem","two":"em {{value}} anos","few":"em {{value}} anos","many":"em {{value}} anos","other":"em {{value}} anos"}},"minutes-ago-short":{"_index":["plural","value"],"_":{"zero":"há pouco","other":"{{value}}min atrás"}},"hours-ago-short":{"_index":["plural","value"],"_":{"zero":"há pouco","other":"{{value}}h atrás"}},"days-ago-short":{"_index":["plural","value"],"_":{"zero":"hoje","other":"{{value}}d atrás"}},"minutes-until-short":{"_index":["plural","value"],"_":{"zero":"agora","other":"em {{value}}min"}},"hours-until-short":{"_index":["plural","value"],"_":{"zero":"agora","other":"em {{value}}h"}},"days-until-short":{"_index":["plural","value"],"_":{"zero":"hoje","other":"em {{value}}d"}},"incorrectDate":"(data incorreta)","dateTimeFormat_%c":"%A, %e de %B de %Y %Hh %Mmin %Ss","dateTimeFormat_%x":"%d/%m/%Y","dateTimeFormat_%X":"%Hh %Mmin %Ss","shortTimeFormat":"%Hh%M","shortDateTimeFormat":"%x %Hh%M","weekStartsOnMonday":"0","time_am":"AM","time_pm":"PM","tz-region":"Região","tz-city":"Cidade","tzRegion-Africa":"África","tzRegion-America":"América","tzRegion-Antarctica":"Antártida","tzRegion-Asia":"Ásia","tzRegion-Atlantic":"Oceano Atlântico","tzRegion-Australia":"Austrália","tzRegion-Europe":"Europa","tzRegion-Indian":"Oceano Índico","tzRegion-Pacific":"Oceano Pacífico","close":"Close","import":"Import","update":"Update","fbFriends":"Facebook Friends","live-serviceName":"Outlook","gmail-serviceName":"Gmail","facebook-serviceName":"Facebook Friends","selectAll":"Select all","deselectAll":"Deselect all","viewAll":"View All Facebook Friends","viewRecommend":"View Only Recommended","linkProposal":{"_index":["plural","numFriends"],"_":{"zero":"No matching friends. Showing all","one":"Select the recommended one","two":"Select a recommended one","few":"Select a recommended one","many":"Select a recommended one","other":"Select a recommended one"}},"fbFriendsFound":{"_index":["plural","numFriends"],"_":{"zero":"All your friends are imported","one":"Found one friend to import","two":"Found {{numFriends}} friends to import","few":"Found {{numFriends}} friends to import","many":"Found {{numFriends}} friends to import","other":"Found {{numFriends}} friends to import"}},"fbNoFriends":"No contacts available to import","search-contact":{"placeholder":"Search"},"noResults":"No contacts found","done-search":"Done","progressFB3ImportTitle":"Importing friends to Contacts","progressFB":"{{current}}/{{total}}","progressFB3UpdateTitle":"Updating friends in Contacts","message2":"This may take a couple of minutes","messageLinking":"Please hold on. We are linking your friend and your contact.","messageCanceling":"Please hold on. We are canceling the ongoing operation.","error1":"Error {{from}}","error2":"Do you want to retry?","errorProposal":"calculating proposals","errorFriends":"retrieving friends","errorLinking":"linking contact","timeout1":"Exceeded timeout {{from}}","timeout2":"Do you want to retry?","timeoutProposal":"calculating proposals","timeoutFriends":"retrieving friends","timeoutLinking":"linking contacts","wait1":"Please hold on","wait2":"This may take a couple of minutes","waitProposal":"Please hold on. We are calculating a proposal.","waitFriends":"Please hold on. We are connecting to obtain your friend list.","curtainCancel":"Cancel","curtainRetry":"Retry","curtainOK":"OK","connectionLost":"No Internet connection","connectionLostMsg":"Friends’ photos will not be added to your contacts. Continue anyway?","yesOption":"OK","noOption":"Cancel","friendsUpdated":{"_index":["plural","numFriends"],"_":{"zero":"No friends updated","one":"Updated one friend","two":"Updated {{numFriends}} friends","few":"Updated {{numFriends}} friends","many":"Updated {{numFriends}} friends","other":"Updated {{numFriends}} friends"}},"friendsMerged":{"_index":["plural","numDups"],"_":{"zero":"No duplicated friends merged","one":"One duplicated friend merged","two":"{{numDups}} friends merged","few":"{{numDups}} friends merged","many":"{{numDups}} friends merged","other":"{{numDups}} friends merged"}},"notificationLogin":"Your Facebook session is invalid. Please sign in.","syncError":"There was an error synchronizing your friend’s data"}