{"brandShortName":"B2G OS","browserBrandShortName":"Веб-браузер","browserBrandFullName":"Веб-браузер Mozilla","back":"Назад","noSimMsg":"Для импорта контактов вставьте или разблокируйте вашу SIM-карту","noMemoryCardMsg":"Для импорта контактов вставьте карту памяти","importMemoryCard":"Карта памяти","noConnection11":"Чтобы импортировать друзей или контакты Фейсбук подключитесь к сети Wi-Fi или передачи данных","simContacts-import":"Импорт контактов с SIM","simContacts-importing":"Импорт контактов с SIM…","simContacts-reading":"Чтение с SIM-карты…","simContacts-error":"Не удалось импортировать контакты с SIM","simContacts-imported3":{"_index":["plural","n"],"_":{"zero":"На SIM не найдено ни одного контакта для импорта","one":"Импортирован {{n}} контакт","two":"Импортировано {{n}} контакта","few":"Импортировано {{n}} контакта","many":"Импортировано {{n}} контактов","other":"Импортировано {{n}} контактов"}},"memoryCardContacts-import":"Импорт контактов с карты памяти","memoryCardContacts-importing":"Импорт контактов с карты памяти…","memoryCardContacts-reading":"Чтение с карты памяти…","memoryCardContacts-error":"Не удалось импортировать контакты с карты памяти","memoryCardContacts-imported3":{"_index":["plural","n"],"_":{"zero":"На карте памяти не найдено контактов для импорта","one":"Импортирован {{n}} контакт","two":"Импортировано {{n}} контакта","few":"Импортировано {{n}} контакта","many":"Импортировано {{n}} контактов","other":"Импортировано {{n}} контактов"}},"genericProgress":"{{current}}/{{total}}","facebook":"Фейсбук","facebook-import-msg":{"_index":["plural","imported"],"_":{"zero":"Друзей: ни одного из {{total}}","one":"Друзей: {{imported}}/{{total}}","two":"Друзей: {{imported}}/{{total}}","few":"Друзей: {{imported}}/{{total}}","many":"Друзей: {{imported}}/{{total}}","other":"Друзей: {{imported}}/{{total}}"}},"contactsMerged":{"_index":["plural","numDups"],"_":{"zero":"Нет контактов для объединения","one":"Объединён {{numDups}} контакт","two":"Объединено {{numDups}} контакта","few":"Объединено {{numDups}} контакта","many":"Объединено {{numDups}} контактов","other":"Объединено {{numDups}} контактов"}},"pincode2":"Введите PIN-код","type_pin":"Наберите свой PIN-код","pincodeLabel":"SIM {{n}} PIN","pinValidation":"Длина PIN должна быть от 4 до 8 символов.","pinError":"Неверный PIN.","pinAttemptMsg2":{"_index":["plural","n"],"_":{"one":"У вас осталась {{n}} попытка для ввода правильного кода перед тем, как ваша SIM-карта будет заблокирована.","two":"У вас осталось {{n}} попытки для ввода правильного кода перед тем, как ваша SIM-карта будет заблокирована.","few":"У вас осталось {{n}} попытки для ввода правильного кода перед тем, как ваша SIM-карта будет заблокирована.","many":"У вас осталось {{n}} попыток для ввода правильного кода перед тем, как ваша SIM-карта будет заблокирована.","other":"У вас осталось {{n}} попыток для ввода правильного кода перед тем, как ваша SIM-карта будет заблокирована."}},"pinLastChanceMsg":"Это ваша последняя попытка ввода правильного PIN-кода. В случае неудачи для дальнейшего использования этой SIM-карты надо будет ввести PUK-код.","pukcode":"Введите PUK-код","pukcodeTitle":"Ввод SIM {{n}} PUK","pukcodeLabel":"SIM {{n}} PUK","type_puk":"PUK-код","pukValidation":"Длина PUK-кода должна быть ровно 8 символов.","pukInfo":"Вы должны ввести персональный код разблокировки (PUK-код) этой SIM-карты. Для получения дополнительной информации обратитесь к документации на SIM-карту или свяжитесь с вашим оператором.","pukError":"Неверный PUK.","pukAttemptMsg2":{"_index":["plural","n"],"_":{"one":"У вас осталась {{n}} попытка для ввода правильного кода перед тем, как эта SIM-карта будет навсегда заблокирована. Для получения дополнительной информации обратитесь к документации на SIM-карту или свяжитесь с вашим оператором.","two":"У вас осталось {{n}} попытки для ввода правильного кода перед тем, как эта SIM-карта будет навсегда заблокирована. Для получения дополнительной информации обратитесь к документации на SIM-карту или свяжитесь с вашим оператором.","few":"У вас осталось {{n}} попытки для ввода правильного кода перед тем, как эта SIM-карта будет навсегда заблокирована. Для получения дополнительной информации обратитесь к документации на SIM-карту или свяжитесь с вашим оператором.","many":"У вас осталось {{n}} попыток для ввода правильного кода перед тем, как эта SIM-карта будет навсегда заблокирована. Для получения дополнительной информации обратитесь к документации на SIM-карту или свяжитесь с вашим оператором.","other":"У вас осталось {{n}} попыток для ввода правильного кода перед тем, как эта SIM-карта будет навсегда заблокирована. Для получения дополнительной информации обратитесь к документации на SIM-карту или свяжитесь с вашим оператором."}},"pukLastChanceMsg":"Это ваша последняя попытка ввода правильного PUK-кода. Если вы введёте неправильный PUK-код, ваша SIM-карта будет навсегда заблокирована.","create_newpin":"Создайте новый PIN (от 4 до 8 цифр)","confirm_newpin":"Подтвердите новый PIN","newpinConfirmation":"PINы не совпадают","nckcode":"Введите NCK-код","cckcode":"Введите CCK-код","spckcode":"Введите SPCK-код","nck1code":"Введите NCK1-код","nck2code":"Введите NCK2-код","hnckcode":"Введите HNCK-код","rcckcode":"Введите RCCK-код","rspckcode":"Введите RSPCK-код","nckcodeTitle":"Ввод SIM {{n}} NCK","cckcodeTitle":"Ввод SIM {{n}} CCK","spckcodeTitle":"Ввод SIM {{n}} SPCK","nck1codeTitle":"Ввод SIM {{n}} NCK1","nck2codeTitle":"Ввод SIM {{n}} NCK2","hnckcodeTitle":"Ввод SIM {{n}} HNCK","rcckcodeTitle":"Ввод SIM {{n}} RCCK","rspckcodeTitle":"Ввод SIM {{n}} RSPCK","nckcodeLabel":"SIM {{n}} NCK","cckcodeLabel":"SIM {{n}} CCK","spckcodeLabel":"SIM {{n}} SPCK","nck1codeLabel":"SIM {{n}} NCK1","nck2codeLabel":"SIM {{n}} NCK2","hnckcodeLabel":"SIM {{n}} HNCK","rcckcodeLabel":"SIM {{n}} RCCK","rspckcodeLabel":"SIM {{n}} RSPCK","type_nck":"Наберите свой NCK-код","type_cck":"Наберите свой CCK-код","type_spck":"Наберите свой SPCK-код","type_nck1":"Наберите свой NCK1-код","type_nck2":"Наберите свой NCK2-код","type_hnck":"Наберите свой HNCK-код","type_rcck":"Наберите свой RCCK-код","type_rspck":"Наберите свой RSPCK-код","nckValidation":"Длина NCK должна быть от 8 до 16 символов.","cckValidation":"Длина CCK должна быть от 8 до 16 символов.","spckValidation":"Длина SPCK должна быть от 8 до 16 символов.","nck1Validation":"Длина NCK1 должна быть от 8 до 16 символов.","nck2Validation":"Длина NCK2 должна быть от 8 до 16 символов.","hnckValidation":"Длина HNCK должна быть от 8 до 16 символов.","rcckValidation":"Длина RCCK должна быть от 8 до 16 символов.","rspckValidation":"Длина RSPCK должна быть от 8 до 16 символов.","nckErrorMsg":"Неверный NCK-код.","nckAttemptMsg2":{"_index":["plural","n"],"_":{"one":"Запрос на снятие кодировки под оператора не удался. У вас осталась {{n}} попытка для ввода правильного кода. Для получения дополнительной информации обратитесь к документации на ваше устройство или свяжитесь с вашим оператором.","two":"Запрос на снятие кодировки под оператора не удался. У вас осталось {{n}} попытки для ввода правильного кода. Для получения дополнительной информации обратитесь к документации на ваше устройство или свяжитесь с вашим оператором.","few":"Запрос на снятие кодировки под оператора не удался. У вас осталось {{n}} попытки для ввода правильного кода. Для получения дополнительной информации обратитесь к документации на ваше устройство или свяжитесь с вашим оператором.","many":"Запрос на снятие кодировки под оператора не удался. У вас осталось {{n}} попыток для ввода правильного кода. Для получения дополнительной информации обратитесь к документации на ваше устройство или свяжитесь с вашим оператором.","other":"Запрос на снятие кодировки под оператора не удался. У вас осталось {{n}} попыток для ввода правильного кода. Для получения дополнительной информации обратитесь к документации на ваше устройство или свяжитесь с вашим оператором."}},"nckLastChanceMsg":"Запрос на снятие кодировки под оператора не удался. Это последняя попытка ввода правильного NCK-кода. Для получения дополнительной информации обратитесь к документации на ваше устройство или свяжитесь с вашим оператором.","skip":"Пропустить","send":"Послать","ok":"OK","simLocked":"SIM-карта заблокирована","inputCodeRetriesLeft":{"_index":["plural","n"],"_":{"one":"осталась {{n}} попытка.","two":"осталось {{n}} попытки.","few":"осталось {{n}} попытки.","many":"осталось {{n}} попыток.","other":"осталось {{n}} попыток."}},"simManager":"Менеджер SIM","simDetail":"SIM {{n}}","simDefault":"(по умолчанию)","simDefaultMessage":"Исходящие вызовы, исходящие сообщения и передача данных настроены по умолчанию на SIM 1","simSettingsMessage":"Вы можете изменить настройки по умолчанию в Параметры > Менеджер SIM","simPinLocked":"SIM PIN заблокирован","noOperator":"Нет оператора","language":"Язык","3g":"Мобильный Интернет","dataConnection":"Вкл. передачу данных","dataConnectionInfo":"Включение сейчас передачи данных позволит вам настроить телефон, не используя Wi-Fi соединение. Вы также можете включить её позже в \"Параметрах\". Просто уточните у своего оператора, что ваш тарифный план включает в себя передачу данных, чтобы избежать потенциальной траты большой суммы денег.","caution":"Предупреждение","geolocation":"Местоположение","geolocationCheckbox":"Вкл. Местоположение","geolocationInfo2":"{{brandShortName}} использует данные, полученные от GPS, Wi-Fi и работающих рядом мобильных сетей, чтобы помочь определить ваше приблизительное местоположение.","geolocationInfoMore":"Данные передаются Mozilla и другим поставщикам услуг и будут использоваться в совокупности для улучшения баз данных этих местоположений. Данные могут храниться на вашем устройстве и сбор данных может происходить даже тогда, когда не запущено никаких приложений.","notice":"Уведомление","aboutYourPrivacy":"Подробнее о приватности","scanningNetworks":"Сканирование сетей","selectNetwork":"Выберите сеть","shortStatus-connecting":"Соединение…","shortStatus-associated":"Получение IP-адреса…","shortStatus-connected":"Подключён","shortStatus-connectingfailed":"Соединение не удалось","shortStatus-disconnected":"Отключён","securedBy":"защищено {{capabilities}}","security":"Защита","securityNone":"Нет","securityWEP":"WEP","securityWPA-PSK":"WPA-PSK","securityWPA-EAP":"WPA-EAP","securityOpen":"Открытая","identity":"Пользователь","identityInput":{"placeholder":"Пользователь"},"password":"Пароль","passwordInput":{"placeholder":"Пароль"},"showPassword":"Показать пароль","refresh":"Обновить","noWifiFound3":"Беспроводные сети не найдены","join-hidden-button":"Войти в скрытую сеть","authentication":"Аутентификация","ssid-name":"SSID сети","wifiLevel":"{{level}} из 4 столбиков","networksList":"Найденные сети","dateAndTime":"Дата и время","timezoneTitle":"UTC{{utcOffset}} {{region}}/{{city}}","timeZone":"Часовой пояс","change":"Изменить","region":{"ariaLabel":"Регион"},"city":{"ariaLabel":"Город"},"date":{"ariaLabel":"Дата"},"time":{"ariaLabel":"Время"},"importContacts3":"Импорт контактов","importSim2":"SIM-карта","importFb2":"Фейсбук","importOutlook":"Outlook","importGmail":"Gmail","fb-checking":"… проверка","notImportedYet":"Ещё не импортирована","otherAccount":"Другие учётные записи","afterFbImport":"Вы можете импортировать и редактировать друзей из Фейсбук в любое время в параметрах Контактов","firefox-accounts":"Аккаунты Firefox","fxa-overview":{"innerHTML":"С помощью Аккаунта Firefox вы можете использовать такие функции как «Найти мое устройство» и такие приложения как Firefox Marketplace."},"fxa-create-account-or-sign-in":"Создайте аккаунт или войдите","fxa-email-sent":"Ссылка для подтверждения была отправлена на {{email}}","fxa-signed-in":"Вошёл как {{email}}","about-your-rights-0":"{{brandShortName}} построена на основе бесплатного программного обеспечения с открытым исходным кодом, созданного многотысячным сообществом людей со всего мира. Вот несколько вещей, о которых вам следует знать:","about-your-rights-1":"{{brandShortName}} доступна для вас на условиях нескольких открытых лицензий, в том числе Публичной лицензии Mozilla. Устройство, работающее под управлением {{brandShortName}}, также может содержать проприетарное программное обеспечение созданное третьими сторонами. Любой код, предоставленный под открытыми лицензиями, дает вам право модифицировать исходный код и распространять модифицированные версии, если вы придерживаетесь их условий.","about-your-rights-2":"Вам не предоставляются никакие права или лицензии на товарные знаки Mozilla Foundation или любой другой стороны, в том числе на название или логотип {{brandShortName}}.","about-your-rights-3":"Некоторые функции {{brandShortName}}, такие как Crash Reporter, позволяют вам отправлять отзывы в Mozilla. Отправляя отзыв, вы разрешаете Mozilla использовать отзыв для улучшения её продуктов, размещать отзыв на её веб-сайтах и распространять отзывы любыми другими способами.","about-other":"Прочее","SIM_mandatory":"Предупреждение о SIM-карте","SIM_mandatory_warm":"Пожалуйста, вставьте SIM-карту и перезагрузите ваш телефон.","telemetry-sends2":"Telemetry sends Mozilla data about performance, hardware, configurations, customizations and app usage in your {{brandShortName}} device. We use this to make our products better, faster and more responsive.","learn-more-telemetry":{"innerHTML":"Подробнее на {{link}}"},"learn-more-information":{"innerHTML":"Узнайте, как Mozilla обрабатывает вашу информацию, по адресу {{link}}"},"welcomeBrowser":"Добро пожаловать в {{brandShortName}}, свободную операционную систему с открытым исходным кодом, созданную Mozilla. Наша миссия заключается в содействии открытости, поощрению инноваций, предоставлению всем равных возможностей и сохранении в ваших руках контроля над Интернетом.","learn-more-privacy":{"innerHTML":"Узнайте, как Mozilla обрабатывает вашу информацию, из нашей {{link}}."},"learn-more-privacy-link":"политики приватности","aboutBrowser":"О {{brandShortName}}","aboutYourPrivacy2":"Ваша приватность","mozillaCommunity2":"Когда вы используете {{brandShortName}}, вы становитесь частью глобального сообщества, помогающего строить лучшее будущее для всего Интернета. Если вы хотите узнать больше о сообществе Mozilla, других наших продуктах и ближайших событиях, пожалуйста, введите ниже ваш адрес электронной почты.","sharePerformanceAndUsageData":"I want to help improve {{brandShortName}} by sharing data about my phone and the way I use it.","learnMore":"Подробнее.","emailAddress":{"placeholder":"Адрес эл. почты"},"email-successfully-added":"Адрес эл. почты успешно добавлен","email-loading":"Сохранение вашего адреса эл. почты…","privacy-b2g":{"_":"{{brandShortName}}","title":"{{brandShortName}}"},"privacy-marketplace":{"_":"Marketplace","title":"{{privacy-marketplace}}"},"privacy-eme":"EverythingMe","privacy-e-me":{"_":"everything.me","title":"{{privacy-e-me}}"},"navbar-back":"Назад","navbar-next":"Далее","navbar-join":"Присоединиться","done":"Готово","thatsIt":"Это всё!","startYourPhone":"Начните тур по вашему телефону!","startYourTablet":"Начните тур по вашему планшету!","joinTutorial":"Узнайте больше о вашем новом телефоне.","enjoyYourPhone":"Вы готовы к тому, чтобы начать работать с вашим новым телефоном.","optionsAvailable":"Вы можете изменить в параметрах язык, дату/время и соединение по Wi-Fi.","letsGo":"Вперёд","startTour":"Начать тур","whatsNew":"What’s new","updatedSuccessfully":"Your phone has updated successfully! Start the tour to find out more about the new features.","thatsIt1Tablet-2":"Вы всегда можете провести пальцем вверх от нижнего края, чтобы открыть домашний экран.","thatsIt2Tablet-2":"Давайте это сделаем!","tutorial":"Обучение","tutorial-step1-tiny":"Проведите пальцем справа налево для просмотра ваших приложений.","tutorial-step2-tiny":"Нажмите и удерживайте значок для его удаления или перемещения.","tutorial-step3-tiny":"Введите любое ключевое слово или тему, и ваш телефон мгновенно адаптируется.","tutorial-step4-tiny":"Проведите пальцем сверху вниз для доступа к недавним уведомлениям, сведениям о кредите и параметрам.","tutorial-step5-tiny":"Нажмите и удерживайте кнопку Дом для просмотра и закрытия недавно открытых приложений.","tutorial-step6-tiny":"Проведите пальцем от края экрана, чтобы переключаться между недавно открытыми приложениями.","tutorial-step1-large-2":"Проведите пальцем сверху вниз для доступа к недавним уведомлениям, сведениям о кредите и параметрам.","tutorial-step2-large-2":"Проведите пальцем налево или направо, чтобы найти новые приложения на домашнем экране.","tutorial-step3-large-2":"Нажмите и удерживайте значок для его удаления или перемещения.","tutorial-step4-large-2":"Проведите двумя пальцами вверх с нижнего края, чтобы вызвать карточный вид.","tutorial-vertical-scroll-tiny":"Проведите пальцем вверх и вниз для просмотра своих приложений. Нажмите и удерживайте значок, чтобы перенести или удалить его.","tutorial-notifications-tiny":"Проведите пальцем сверху вниз для доступа к недавним уведомлениям, сведениям о кредите и параметрам.","tutorial-sheets-tiny":"Тащите с левого края экрана, чтобы вернуться к недавно использованным приложениям.","offline-dialog-title":"Для просмотра этой страницы вы должны быть соединены с Интернетом.","offline-dialog-text":"Пожалуйста, вернитесь и соединитесь с Интернетом. Вы также можете просмотреть эту страницу позже из Параметров или введя в любом браузере {{url}}.","OK":"OK","offline-newsletter-dialog-title":"Для подписки на рассылку вы должны подсоединиться к Интернету.","offline-newsletter-dialog-text":"Пожалуйста, вернитесь и подсоединитесь к Интернету.","invalid-email-dialog-title":"Некорректный адрес эл. почты","invalid-email-dialog-text":"Пожалуйста, вернитесь и исправьте адрес эл. почты.","retry":"Повторить","cancel":"Отмена","progressbar":{"_":"Шаг {{step}} из {{total}}","ariaLabel":"Запуск в первый раз"},"weekday-0-long":"Воскресенье","weekday-1-long":"Понедельник","weekday-2-long":"Вторник","weekday-3-long":"Среда","weekday-4-long":"Четверг","weekday-5-long":"Пятница","weekday-6-long":"Суббота","weekday-0-short":"Вс","weekday-1-short":"Пн","weekday-2-short":"Вт","weekday-3-short":"Ср","weekday-4-short":"Чт","weekday-5-short":"Пт","weekday-6-short":"Сб","month-0-long":"Январь","month-1-long":"Февраль","month-2-long":"Март","month-3-long":"Апрель","month-4-long":"Май","month-5-long":"Июнь","month-6-long":"Июль","month-7-long":"Август","month-8-long":"Сентябрь","month-9-long":"Октябрь","month-10-long":"Ноябрь","month-11-long":"Декабрь","month-0-genitive":"января","month-1-genitive":"февраля","month-2-genitive":"марта","month-3-genitive":"апреля","month-4-genitive":"мая","month-5-genitive":"июня","month-6-genitive":"июля","month-7-genitive":"августа","month-8-genitive":"сентября","month-9-genitive":"октября","month-10-genitive":"ноября","month-11-genitive":"декабря","month-0-short":"Январь","month-1-short":"Февраль","month-2-short":"Март","month-3-short":"Апрель","month-4-short":"Май","month-5-short":"Июнь","month-6-short":"Июль","month-7-short":"Август","month-8-short":"Сентябрь","month-9-short":"Октябрь","month-10-short":"Ноябрь","month-11-short":"Декабрь","minutes-ago-long":{"_index":["plural","value"],"_":{"zero":"прямо сейчас","one":"{{value}} минуту назад","two":"{{value}} минуты назад","few":"{{value}} минуты назад","many":"{{value}} минут назад","other":"{{value}} минут назад"}},"hours-ago-long":{"_index":["plural","value"],"_":{"zero":"прямо сейчас","one":"{{value}} час назад","two":"{{value}} часа назад","few":"{{value}} часа назад","many":"{{value}} часов назад","other":"{{value}} часов назад"}},"days-ago-long":{"_index":["plural","value"],"_":{"zero":"сегодня","one":"{{value}} день назад","two":"{{value}} дня назад","few":"{{value}} дня назад","many":"{{value}} дней назад","other":"{{value}} дней назад"}},"weeks-ago-long":{"_index":["plural","value"],"_":{"zero":"эта неделя","one":"{{value}} неделя назад","two":"{{value}} недели назад","few":"{{value}} недели назад","many":"{{value}} недель назад","other":"{{value}} недель назад"}},"months-ago-long":{"_index":["plural","value"],"_":{"zero":"этот месяц","one":"{{value}} месяц назад","two":"{{value}} месяца назад","few":"{{value}} месяца назад","many":"{{value}} месяцев назад","other":"{{value}} месяцев назад"}},"years-ago-long":{"_index":["plural","value"],"_":{"zero":"этот год","one":"{{value}} год назад","two":"{{value}} года назад","few":"{{value}} года назад","many":"{{value}} лет назад","other":"{{value}} лет назад"}},"minutes-until-long":{"_index":["plural","value"],"_":{"zero":"сейчас","one":"через {{value}} минуту","two":"через {{value}} минуты","few":"через {{value}} минуты","many":"через {{value}} минут","other":"через {{value}} минут"}},"hours-until-long":{"_index":["plural","value"],"_":{"zero":"сейчас","one":"через {{value}} час","two":"через {{value}} часа","few":"через {{value}} часа","many":"через {{value}} часов","other":"через {{value}} часов"}},"days-until-long":{"_index":["plural","value"],"_":{"zero":"сегодня","one":"через {{value}} день","two":"через {{value}} дня","few":"через {{value}} дня","many":"через {{value}} дней","other":"через {{value}} дней"}},"weeks-until-long":{"_index":["plural","value"],"_":{"zero":"эта неделя","one":"через {{value}} неделю","two":"через {{value}} недели","few":"через {{value}} недели","many":"через {{value}} недель","other":"через {{value}} недель"}},"months-until-long":{"_index":["plural","value"],"_":{"zero":"этот месяц","one":"через {{value}} месяц","two":"через {{value}} месяца","few":"через {{value}} месяца","many":"через {{value}} месяцев","other":"через {{value}} месяцев"}},"years-until-long":{"_index":["plural","value"],"_":{"zero":"этот год","one":"через {{value}} год","two":"через {{value}} года","few":"через {{value}} года","many":"через {{value}} лет","other":"через {{value}} лет"}},"minutes-ago-short":{"_index":["plural","value"],"_":{"zero":"сейчас","other":"{{value}}м назад"}},"hours-ago-short":{"_index":["plural","value"],"_":{"zero":"сейчас","other":"{{value}}ч назад"}},"days-ago-short":{"_index":["plural","value"],"_":{"zero":"сегодня","other":"{{value}}д назад"}},"minutes-until-short":{"_index":["plural","value"],"_":{"zero":"сейчас","other":"через {{value}}м"}},"hours-until-short":{"_index":["plural","value"],"_":{"zero":"сейчас","other":"через {{value}}ч"}},"days-until-short":{"_index":["plural","value"],"_":{"zero":"сегодня","other":"через {{value}}д"}},"incorrectDate":"(некорректная дата)","dateTimeFormat_%c":"%a, %e %Eb %Y, %H:%M:%S","dateTimeFormat_%x":"%d.%m.%Y","dateTimeFormat_%X":"%H:%M:%S","shortTimeFormat":"%H:%M","shortDateTimeFormat":"%x %H:%M","weekStartsOnMonday":"1","time_am":"AM","time_pm":"PM","tz-region":"Регион","tz-city":"Город","tzRegion-Africa":"Африка","tzRegion-America":"Америка","tzRegion-Antarctica":"Антарктика","tzRegion-Asia":"Азия","tzRegion-Atlantic":"Атлантический океан","tzRegion-Australia":"Австралия","tzRegion-Europe":"Европа","tzRegion-Indian":"Индийский океан","tzRegion-Pacific":"Тихий океан","close":"Закрыть","import":"Импорт","update":"Обновить","fbFriends":"Друзья с Фейсбук","live-serviceName":"Outlook","gmail-serviceName":"Gmail","facebook-serviceName":"Друзья с Фейсбук","selectAll":"Выделить всех","deselectAll":"Снять со всех","viewAll":"Показать всех друзей с Фейсбук","viewRecommend":"Показать только рекомендуемых","linkProposal":{"_index":["plural","numFriends"],"_":{"zero":"Нет подходящих друзей. Показываю всех","one":"Выбрать рекомендуемого","two":"Выбрать рекомендуемых","few":"Выбрать рекомендуемых","many":"Выбрать рекомендуемых","other":"Выбрать рекомендуемых"}},"fbFriendsFound":{"_index":["plural","numFriends"],"_":{"zero":"Все ваши друзья импортированы","one":"Для импорта найден {{numFriends}} друг","two":"Для импорта найдено {{numFriends}} друга","few":"Для импорта найдено {{numFriends}} друга","many":"Для импорта найдено {{numFriends}} друзей","other":"Для импорта найдено {{numFriends}} друзей"}},"fbNoFriends":"No contacts available to import","search-contact":{"placeholder":"Поиск"},"noResults":"Контакты не найдены","done-search":"Готово","progressFB3ImportTitle":"Импортирую друзей в Контакты","progressFB":"{{current}}/{{total}}","progressFB3UpdateTitle":"Обновляю друзей в Контактах","message2":"Это может занять пару минут","messageLinking":"Пожалуйста, подождите. Мы связываем вашего друга и ваш контакт.","messageCanceling":"Пожалуйста, подождите. Мы отменяем текущую операцию.","error1":"Ошибка {{from}}","error2":"Хотите повторить попытку?","errorProposal":"вычисления предложений","errorFriends":"получения друзей","errorLinking":"связывания контакта","timeout1":"Превышено время ожидания {{from}}","timeout2":"Хотите повторить попытку?","timeoutProposal":"вычисления предложений","timeoutFriends":"получения друзей","timeoutLinking":"связывания контактов","wait1":"Пожалуйста, подождите","wait2":"Это может занять пару минут","waitProposal":"Пожалуйста, подождите. Мы вычисляем предложение.","waitFriends":"Пожалуйста, подождите. Мы соединяемся для получения списка ваших друзей.","curtainCancel":"Отменить","curtainRetry":"Повторить","curtainOK":"OK","connectionLost":"Нет соединения с Интернетом","connectionLostMsg":"Фото друзей не будут добавлены в ваши контакты. Все равно продолжить?","yesOption":"OK","noOption":"Отмена","friendsUpdated":{"_index":["plural","numFriends"],"_":{"zero":"Ни один друг не обновлён","one":"Обновлён {{numFriends}} друг","two":"Обновлено {{numFriends}} друга","few":"Обновлено {{numFriends}} друга","many":"Обновлено {{numFriends}} друзей","other":"Обновлено {{numFriends}} друзей"}},"friendsMerged":{"_index":["plural","numDups"],"_":{"zero":"Нет друзей для объединения","one":"Объединён {{numDups}} друг","two":"Объединено {{numDups}} друга","few":"Объединено {{numDups}} друга","many":"Объединено {{numDups}} друзей","other":"Объединено {{numDups}} друзей"}},"notificationLogin":"Ваша сессия в Фейсбук некорректна. Пожалуйста, войдите.","syncError":"Ошибка синхронизации данных ваших друзей"}