{"brandShortName":"B2G OS","browserBrandShortName":"Webový prehliadač","browserBrandFullName":"Webový prehliadač Mozilla","back":"Naspäť","noSimMsg":"Ak chcete importovať kontakty, vložte alebo odblokujte svoju kartu SIM","noMemoryCardMsg":"Ak chcete importovať kontakty, vložte pamäťovú kartu","importMemoryCard":"Pamäťová karta","noConnection11":"Ak chcete importovať kontakty alebo svojich priateľov na Facebooku, pripojte sa k sieti Wi-Fi alebo dátovej sieti.","simContacts-import":"Import kontaktov z karty SIM","simContacts-importing":"Importujú sa kontakty z karty SIM…","simContacts-reading":"Prebieha čítanie z karty SIM…","simContacts-error":"Nebolo možné importovať kontakty z karty SIM","simContacts-imported3":{"_index":["plural","n"],"_":{"zero":"Na karte SIM neboli nájdené žiadne kontakty","one":"Naimportoval sa jeden kontakt","two":"Naimportovali sa {{n}} kontakty","few":"Naimportovali sa {{n}} kontakty","many":"Naimportovalo sa {{n}} kontaktov","other":"Naimportovalo sa {{n}} kontaktov"}},"memoryCardContacts-import":"Import kontaktov z pamäťovej karty","memoryCardContacts-importing":"Importujú sa kontakty z pamäťovej karty…","memoryCardContacts-reading":"Prebieha čítanie z pamäťovej karty…","memoryCardContacts-error":"Nebolo možné importovať kontakty z pamäťovej karty","memoryCardContacts-imported3":{"_index":["plural","n"],"_":{"zero":"Na pamäťovej karte neboli nájdené žiadne kontakty","one":"Naimportoval sa jeden kontakt","two":"Naimportovali sa {{n}} kontakty","few":"Naimportovali sa {{n}} kontakty","many":"Naimportovalo sa {{n}} kontaktov","other":"Naimportovalo sa {{n}} kontaktov"}},"genericProgress":"{{current}}/{{total}}","facebook":"Facebook","facebook-import-msg":{"_index":["plural","imported"],"_":{"zero":"Zatiaľ žiadny z {{total}} priateľov","one":"Pridaný 1 z {{total}} priateľov","two":"Pridaní {{imported}} z {{total}} priateľov","few":"Pridaní {{imported}} z {{total}} priateľov","many":"Pridaní {{imported}} z {{total}} priateľov","other":"Pridaní {{imported}} z {{total}} priateľov"}},"contactsMerged":{"_index":["plural","numDups"],"_":{"zero":"Neboli spojené žiadne duplikáty","one":"1 duplikát spojený","two":"{{numDups}} duplikáty spojené","few":"{{numDups}} duplikáty spojené","many":"{{numDups}} duplikátov spojených","other":"{{numDups}} duplikátov spojených"}},"pincode2":"Zadajte kód PIN","type_pin":"Zadajte svoj kód PIN","pincodeLabel":"SIM{{n}} PIN","pinValidation":"Kód PIN musí mať 4 až 8 znakov.","pinError":"Kód PIN nie je platný.","pinAttemptMsg2":{"_index":["plural","n"],"_":{"one":"Máte posledný pokus na zadanie správneho kódu pred uzamknutím karty SIM.","two":"Ostávajú {{n}} pokusy na zadanie správneho kódu pred uzamknutím karty SIM.","few":"Ostávajú {{n}} pokusy na zadanie správneho kódu pred uzamknutím karty SIM.","many":"Ostáva {{n}} pokusov na zadanie správneho kódu pred uzamknutím karty SIM.","other":"Ostáva {{n}} pokusov na zadanie správneho kódu pred uzamknutím karty SIM."}},"pinLastChanceMsg":"Toto je posledná šanca na zadanie správneho kódu PIN. V opačnom prípade bude nutné zadať kód PUK tejto karty SIM.","pukcode":"Zadajte kód PUK","pukcodeTitle":"Zadajte PUK pre SIM{{n}}","pukcodeLabel":"SIM{{n}} PUK","type_puk":"Kód PUK","pukValidation":"Dĺžka kódu PUK je presne 8 znakov.","pukInfo":"Musíte zadať kód PUK pridelený vašej karte SIM. Ďalšie informácie nájdete v dokumentácii k vašej karte SIM alebo kontaktujte svojho operátora.","pukError":"Kód PUK nie je platný","pukAttemptMsg2":{"_index":["plural","n"],"_":{"one":"Máte posledný pokus na zadanie správneho kódu pred úplným zablokovaním karty SIM. Ďalšie informácie nájdete v dokumentácii k vašej karte SIM alebo kontaktujte svojho operátora.","two":"Ostávajú {{n}} pokusy na zadanie správneho kódu pred úplným zablokovaním karty SIM. Ďalšie informácie nájdete v dokumentácii k vašej karte SIM alebo kontaktujte svojho operátora.","few":"Ostávajú {{n}} pokusy na zadanie správneho kódu pred úplným zablokovaním karty SIM. Ďalšie informácie nájdete v dokumentácii k vašej karte SIM alebo kontaktujte svojho operátora.","many":"Ostáva {{n}} pokusov na zadanie správneho kódu pred úplným zablokovaním karty SIM. Ďalšie informácie nájdete v dokumentácii k vašej karte SIM alebo kontaktujte svojho operátora.","other":"Ostáva {{n}} pokusov na zadanie správneho kódu pred úplným zablokovaním karty SIM. Ďalšie informácie nájdete v dokumentácii k vašej karte SIM alebo kontaktujte svojho operátora."}},"pukLastChanceMsg":"Toto je posledná šanca na zadanie správneho kódu PUK. Ak zadáte nesprávny kód, vaša karta SIM bude natrvalo zablokovaná a viac nepoužiteľná.","create_newpin":"Vytvoriť nový PIN (4 až 8 čísiel)","confirm_newpin":"Potvrďte nový PIN","newpinConfirmation":"Kódy PIN sa nezhodujú","nckcode":"Zadajte kód NCK","cckcode":"Zadajte kód CCK","spckcode":"Zadajte kód SPCK","nck1code":"Zadajte kód NCK1","nck2code":"Zadajte kód NCK2","hnckcode":"Zadajte kód HNCK","rcckcode":"Zadajte kód RCCK","rspckcode":"Zadajte kód RSPCK","nckcodeTitle":"Zadajte NCK SIM{{n}}","cckcodeTitle":"Zadajte CCK SIM{{n}}","spckcodeTitle":"Zadajte SPCK SIM{{n}}","nck1codeTitle":"Zadajte SIM{{n}} NCK1","nck2codeTitle":"Zadajte SIM{{n}} NCK2","hnckcodeTitle":"Zadajte SIM{{n}} HNCK","rcckcodeTitle":"Zadajte SIM{{n}} RCCK","rspckcodeTitle":"Zadajte SIM{{n}} RSPCK","nckcodeLabel":"NCK pre SIM{{n}}","cckcodeLabel":"CCK pre SIM{{n}}","spckcodeLabel":"SPCK pre SIM{{n}}","nck1codeLabel":"NCK1 pre SIM{{n}}","nck2codeLabel":"NCK2 pre SIM{{n}}","hnckcodeLabel":"HNCK pre SIM{{n}}","rcckcodeLabel":"RCCK pre SIM{{n}}","rspckcodeLabel":"RSPCK pre SIM{{n}}","type_nck":"Zadajte kód NCK","type_cck":"Zadajte kód CCK","type_spck":"Zadajte kód SPCK","type_nck1":"Zadajte kód NCK1","type_nck2":"Zadajte kód NCK2","type_hnck":"Zadajte kód HNCK","type_rcck":"Zadajte kód RCCK","type_rspck":"Zadajte kód RSPCK","nckValidation":"Kód NCK musí mať 8 až 16 znakov.","cckValidation":"Kód CCK musí mať 8 až 16 znakov.","spckValidation":"Kód SPCK musí mať 8 až 16 znakov.","nck1Validation":"Kód NCK1 musí mať 8 až 16 znakov.","nck2Validation":"Kód NCK2 musí mať 8 až 16 znakov.","hnckValidation":"Kód HNCK musí mať 8 až 16 znakov.","rcckValidation":"Kód RCCK musí mať 8 až 16 znakov.","rspckValidation":"Kód RSPCK musí mať 8 až 16 znakov.","nckErrorMsg":"Kód NCK nie je platný.","nckAttemptMsg2":{"_index":["plural","n"],"_":{"one":"Požiadavka 'Network depersonalization' zlyhala. Máte posledný pokus na zadanie správneho kódu. Ďalšie informácie nájdete v dokumentácii k vášmu zariadeniu alebo kontaktujte svojho operátora.","two":"Požiadavka 'Network depersonalization' zlyhala. Ostávajú {{n}} pokusy na zadanie správneho kódu. Ďalšie informácie nájdete v dokumentácii k vášmu zariadeniu alebo kontaktujte svojho operátora.","few":"Požiadavka 'Network depersonalization' zlyhala. Ostávajú {{n}} pokusy na zadanie správneho kódu. Ďalšie informácie nájdete v dokumentácii k vášmu zariadeniu alebo kontaktujte svojho operátora.","many":"Požiadavka 'Network depersonalization' zlyhala. Ostáva {{n}} pokusov na zadanie správneho kódu. Ďalšie informácie nájdete v dokumentácii k vášmu zariadeniu alebo kontaktujte svojho operátora.","other":"Požiadavka 'Network depersonalization' zlyhala. Ostáva {{n}} pokusov na zadanie správneho kódu. Ďalšie informácie nájdete v dokumentácii k vášmu zariadeniu alebo kontaktujte svojho operátora."}},"nckLastChanceMsg":"Požiadavka 'Network depersonalization' zlyhala. Toto je posledná šanca na zadanie správneho kódu NCK. Ďalšie informácie nájdete v dokumentácii k vášmu zariadeniu alebo kontaktujte svojho operátora.","skip":"Preskočiť","send":"Potvrdiť","ok":"OK","simLocked":"Karta SIM je zablokovaná","inputCodeRetriesLeft":{"_index":["plural","n"],"_":{"one":"Posledný pokus.","two":"Ostávajú {{n}} pokusy.","few":"Ostávajú {{n}} pokusy.","many":"Ostáva {{n}} pokusov.","other":"Ostáva {{n}} pokusov."}},"simManager":"Správca kariet SIM","simDetail":"SIM{{n}}","simDefault":"(predvolená)","simDefaultMessage":"Odchádzajúce hovory, správy a dátové pripojenia predvolene využívajú kartu SIM1","simSettingsMessage":"Nastavenie môžete zmeniť v okne Nastavenia > Správca kariet SIM","simPinLocked":"Karta SIM uzamknutá pomocou kódu PIN","noOperator":"Žiadny operátor","language":"Jazyk","3g":"Mobilné dáta","dataConnection":"Povoliť dátové prenosy","dataConnectionInfo":"Ak teraz povolíte dátové prenosy, budete si môcť nastaviť svoj telefón aj bez pripojenia k sieti Wi-Fi. Tieto prenosy môžete povoliť aj neskôr v nastaveniach telefónu. Predtým sa však uistite u svojho operátora, že máte volací program vhodný k prenosu dát, aby ste sa vyhli prípadným vysokým poplatkom.","caution":"Upozornenie","geolocation":"Zisťovanie polohy","geolocationCheckbox":"Povoliť","geolocationInfo2":"{{brandShortName}} používa údaje ako GPS, Wi-Fi a mobilné siete vo vašom okolí na zistenie vašej približnej polohy.","geolocationInfoMore":"Údaje sú odosielané spoločnosti Mozilla a poskytovateľom služby a budú použité na zlepšenie presnosti služby. Údaje môžu byť uložené vo vašom zariadení a ich zbieranie môže prebiehať aj v prípade, že nie sú spustené žiadne aplikácie.","notice":"Oznam","aboutYourPrivacy":"Ďalšie informácie o súkromí","scanningNetworks":"Vyhľadávajú sa siete","selectNetwork":"Zvoľte sieť","shortStatus-connecting":"Pripája sa…","shortStatus-associated":"Získava sa adresa IP…","shortStatus-connected":"Pripojené","shortStatus-connectingfailed":"Pripojenie zlyhalo","shortStatus-disconnected":"Offline","securedBy":"zabezpečené pomocou {{capabilities}}","security":"Zabezpečenie","securityNone":"Žiadne","securityWEP":"WEP","securityWPA-PSK":"WPA-PSK","securityWPA-EAP":"WPA-EAP","securityOpen":"Nezabezpečené","identity":"Používateľ","identityInput":{"placeholder":"Používateľ"},"password":"Heslo","passwordInput":{"placeholder":"Heslo"},"showPassword":"Zobraziť heslo","refresh":"Obnoviť","noWifiFound3":"Neboli nájdené žiadne bezdrôtové siete","join-hidden-button":"Pripojiť k skrytej sieti","authentication":"Overenie","ssid-name":"Názov siete SSID","wifiLevel":"Sila {{level}} z 4","networksList":"Nájdené siete","dateAndTime":"Dátum a čas","timezoneTitle":"UTC{{utcOffset}} {{region}}/{{city}}","timeZone":"Časové pásmo","change":"Upraviť","region":{"ariaLabel":"Región"},"city":{"ariaLabel":"Mesto"},"date":{"ariaLabel":"Dátum"},"time":{"ariaLabel":"Čas"},"importContacts3":"Import kontaktov","importSim2":"Karta SIM","importFb2":"Facebook","importOutlook":"Outlook","importGmail":"Gmail","fb-checking":"… prebieha overovanie","notImportedYet":"Nebolo nič vložené","otherAccount":"Ďalšie účty","afterFbImport":"Vašich priateľov z Facebooku môžete kedykoľvek presunúť a upraviť v nastaveniach kontaktov.","firefox-accounts":"Konto Firefox","fxa-overview":{"innerHTML":"Konto Firefox vám umožňuje používať funkcie ako Vyhľadať moje zariadenie a aplikácie ako Firefox Marketplace."},"fxa-create-account-or-sign-in":"Vytvoriť účet alebo prihlásiť sa","fxa-email-sent":"Overovací odkaz bol odoslaný na adresu {{email}}","fxa-signed-in":"Prihlásený ako {{email}}","about-your-rights-0":"{{brandShortName}} je voľne dostupný softvér s otvoreným zdrojovým kódom, ktorý je vytváraný komunitou tisícok ľudí po celom svete. Niekoľko vecí, ktoré by ste mali vedieť:","about-your-rights-1":"{{brandShortName}} je dostupný pod podmienkami niekoľkých licencií pre otvorený zdrojový kód vrátane Mozilla Public License. Zariadenie, na ktorom beží {{brandShortName}}, môže obsahovať proprietárny softvér tretích strán. Každý kód dostupný pod otvorenými licenciami vám dáva práva ho modifikovať a distribuovať jeho modifikované verzie v súlade s ich požiadavkami.","about-your-rights-2":"Nie sú vám udelené práva k ľubovoľnej ochrannej známke ani licencie k ochranným známkam Mozilla Foundation či ľubovoľnej strany a to vrátane obmedzení na názov či logo {{brandShortName}}.","about-your-rights-3":"Niektoré funkcie obsiahnuté v {{brandShortName}}, ako napríklad Hlásenie zlyhaní, vám dávajú možnosť poslať reakciu spoločnosti Mozilla. Odoslaním reakcie dávate Mozille právo použiť danú reakciu na vylepšenie jej produktov, publikovať danú reakciu na jej webových stránkach či túto reakciu distribuovať.","about-other":"Ďalší","SIM_mandatory":"Upozornenie na kartu SIM","SIM_mandatory_warm":"Vložte kartu SIM a reštartujte telefón.","telemetry-sends2":"Telemetry sends Mozilla data about performance, hardware, configurations, customizations and app usage in your {{brandShortName}} device. We use this to make our products better, faster and more responsive.","learn-more-telemetry":{"innerHTML":"Ďalšie informácie na stránke {{link}}"},"learn-more-information":{"innerHTML":"Informácie, ako v Mozille spracovávame vaše informácie, nájdete na stránke {{link}}"},"welcomeBrowser":"Víta Vás {{brandShortName}}, slobodný operačný systém s otvoreným zdrojovým kódom od spoločnosti Mozilla. Do vašich rúk prináša otvorenosť, inovácie a príležitosti webových technológií.","learn-more-privacy":{"innerHTML":"Informácie o tom, ako Mozilla spracováva vaše údaje sa dozviete v dokumente {{link}}."},"learn-more-privacy-link":"Zásady ochrany súkromia","aboutBrowser":"O {{brandShortName}}","aboutYourPrivacy2":"Vaše súkromie","mozillaCommunity2":"Používaním {{brandShortName}} sa stávate členom svetovej komunity používateľov snažiacich sa o lepšiu budúcnosť webu. Ak sa chcete dozvedieť viac o nás, našich ďalších produktoch a akciách vo vašom okolí, zadajte vašu e-mailovú adresu.","sharePerformanceAndUsageData":"I want to help improve {{brandShortName}} by sharing data about my phone and the way I use it.","learnMore":"Ďalšie informácie","emailAddress":{"placeholder":"E-mailová adresa"},"email-successfully-added":"E-mail úspešne pridaný","email-loading":"Prebieha načítanie vášho e-mailu…","privacy-b2g":{"_":"{{brandShortName}}","title":"{{brandShortName}}"},"privacy-marketplace":{"_":"Marketplace","title":"{{privacy-marketplace}}"},"privacy-eme":"EverythingMe","privacy-e-me":{"_":"everything.me","title":"{{privacy-e-me}}"},"navbar-back":"Naspäť","navbar-next":"Ďalej","navbar-join":"Pripojiť","done":"Hotovo","thatsIt":"A je to!","startYourPhone":"Sprievodca vašim telefónom!","startYourTablet":"Sprievodca vašim tabletom!","joinTutorial":"Krátke zoznámenie sa s vašim novým telefónom.","enjoyYourPhone":"Odteraz si môžete užívať Váš nový telefón.","optionsAvailable":"Jazyk, dátum a čas či pripojenie k sieti Wi-Fi je možné meniť v nastaveniach.","letsGo":"Poďme na to","startTour":"Začať prehliadku","whatsNew":"What’s new","updatedSuccessfully":"Your phone has updated successfully! Start the tour to find out more about the new features.","thatsIt1Tablet-2":"Na domovskú stránku sa vždy dostanete prejdením prstom smerom od spodného okraja obrazovky.","thatsIt2Tablet-2":"Poďme na to!","tutorial":"Kurz","tutorial-step1-tiny":"Prechádzaním prstom sprava doľava si prezeráte svoje aplikácie.","tutorial-step2-tiny":"Pridržaním ikony prstom ju môžete odstrániť alebo presunúť.","tutorial-step3-tiny":"Zadajte kľúčové slovo alebo tému a Váš telefón sa okamžite prispôsobí.","tutorial-step4-tiny":"Prechádzaním prstom nadol si prezeráte upozornenia, nastavenia a informácie o autoroch.","tutorial-step5-tiny":"Pridržaním tlačidla Domov si prezeráte alebo ukončujete bežiace aplikácie.","tutorial-step6-tiny":"Prechádzaním prstom od okraja obrazovky sa presúvate medzi naposledy použitými aplikáciami.","tutorial-step1-large-2":"Prejdením prstom zhora nadol pristupujete k najnovším notifikáciám, informáciám o kredite a nastaveniam.","tutorial-step2-large-2":"Prechádzaním prstom zľava alebo sprava objavujete nové aplikácie na domovskej obrazovke.","tutorial-step3-large-2":"Pridržaním ikony prstom ju môžete odstrániť alebo presunúť.","tutorial-step4-large-2":"Prejdením dvoma prstami smerom od spodného okraja obrazovky vyvoláte zobrazenie kariet.","tutorial-vertical-scroll-tiny":"Prechádzaním prstom hore dole prechádzate medzi svojimi aplikáciami. Ťuknutím a podržaním prsta na ikone ju môžete presunúť alebo odstrániť.","tutorial-notifications-tiny":"Prechádzaním prstom nadol si prezeráte upozornenia, nastavenia a informácie o autoroch.","tutorial-sheets-tiny":"Prejdením prstom od ľavého okraja obrazovky sa vrátite k naposledy použitým aplikáciám.","offline-dialog-title":"Na prehliadanie tejto stránky potrebujete byť pripojený k internetu.","offline-dialog-text":"Vráťte sa, prosím, naspäť a pripojte sa k internetu. Túto stránku si tiež môžete prehliadať z nastavení, alebo ak zadáte {{url}} do prehliadača.","OK":"OK","offline-newsletter-dialog-title":"Na prihlásenie k odberu noviniek musíte byť pripojený k internetu.","offline-newsletter-dialog-text":"Vráťte sa, prosím, naspäť a pripojte sa k internetu.","invalid-email-dialog-title":"Váš e-mail je neplatný","invalid-email-dialog-text":"Vráťte sa, prosím, naspäť a opravte ho.","retry":"Znova","cancel":"Zrušiť","progressbar":{"_":"Krok {{step}} z {{total}}","ariaLabel":"Zážitok z prvého spustenia"},"weekday-0-long":"Nedeľa","weekday-1-long":"Pondelok","weekday-2-long":"Utorok","weekday-3-long":"Streda","weekday-4-long":"Štvrtok","weekday-5-long":"Piatok","weekday-6-long":"Sobota","weekday-0-short":"Ne","weekday-1-short":"Po","weekday-2-short":"Ut","weekday-3-short":"St","weekday-4-short":"Št","weekday-5-short":"Pi","weekday-6-short":"So","month-0-long":"Január","month-1-long":"Február","month-2-long":"Marec","month-3-long":"Apríl","month-4-long":"Máj","month-5-long":"Jún","month-6-long":"Júl","month-7-long":"August","month-8-long":"September","month-9-long":"Október","month-10-long":"November","month-11-long":"December","month-0-genitive":"januára","month-1-genitive":"februára","month-2-genitive":"marca","month-3-genitive":"apríla","month-4-genitive":"mája","month-5-genitive":"júna","month-6-genitive":"júla","month-7-genitive":"augusta","month-8-genitive":"septembra","month-9-genitive":"októbra","month-10-genitive":"novembra","month-11-genitive":"decembra","month-0-short":"jan","month-1-short":"feb","month-2-short":"mar","month-3-short":"apr","month-4-short":"máj","month-5-short":"jún","month-6-short":"júl","month-7-short":"aug","month-8-short":"sep","month-9-short":"okt","month-10-short":"nov","month-11-short":"dec","minutes-ago-long":{"_index":["plural","value"],"_":{"zero":"teraz","one":"pred minútou","two":"pred {{value}} minútami","few":"pred {{value}} minútami","many":"pred {{value}} minútami","other":"pred {{value}} minútami"}},"hours-ago-long":{"_index":["plural","value"],"_":{"zero":"teraz","one":"pred hodinou","two":"pred {{value}} hodinami","few":"pred {{value}} hodinami","many":"pred {{value}} hodinami","other":"pred {{value}} hodinami"}},"days-ago-long":{"_index":["plural","value"],"_":{"zero":"dnes","one":"včera","two":"pred {{value}} dňami","few":"pred {{value}} dňami","many":"pred {{value}} dňami","other":"pred {{value}} dňami"}},"weeks-ago-long":{"_index":["plural","value"],"_":{"zero":"tento týždeň","one":"minulý týždeň","two":"pred {{value}} týždňami","few":"pred {{value}} týždňami","many":"pred {{value}} týždňami","other":"pred {{value}} týždňami"}},"months-ago-long":{"_index":["plural","value"],"_":{"zero":"tento mesiac","one":"minulý mesiac","two":"pred {{value}} mesiacmi","few":"pred {{value}} mesiacmi","many":"pred {{value}} mesiacmi","other":"pred {{value}} mesiacmi"}},"years-ago-long":{"_index":["plural","value"],"_":{"zero":"tento rok","one":"minulý rok","two":"pred {{value}} rokmi","few":"pred {{value}} rokmi","many":"pred {{value}} rokmi","other":"pred {{value}} rokmi"}},"minutes-until-long":{"_index":["plural","value"],"_":{"zero":"teraz","one":"o minútu","two":"o {{value}} minúty","few":"o {{value}} minúty","many":"o {{value}} minút","other":"o {{value}} minút"}},"hours-until-long":{"_index":["plural","value"],"_":{"zero":"teraz","one":"o hodinu","two":"o {{value}} hodiny","few":"o {{value}} hodiny","many":"o {{value}} hodín","other":"o {{value}} hodín"}},"days-until-long":{"_index":["plural","value"],"_":{"zero":"dnes","one":"zajtra","two":"o {{value}} dni","few":"o {{value}} dni","many":"o {{value}} dní","other":"o {{value}} dní"}},"weeks-until-long":{"_index":["plural","value"],"_":{"zero":"tento týždeň","one":"budúci týždeň","two":"o {{value}} týždne","few":"o {{value}} týždne","many":"o {{value}} týždňov","other":"o {{value}} týždňov"}},"months-until-long":{"_index":["plural","value"],"_":{"zero":"tento mesiac","one":"budúci mesiac","two":"o {{value}} mesiace","few":"o {{value}} mesiace","many":"o {{value}} mesiacov","other":"o {{value}} mesiacov"}},"years-until-long":{"_index":["plural","value"],"_":{"zero":"tento rok","one":"budúci rok","two":"o {{value}} roky","few":"o {{value}} roky","many":"o {{value}} rokov","other":"o {{value}} rokov"}},"minutes-ago-short":{"_index":["plural","value"],"_":{"zero":"teraz","other":"pred {{value}}m"}},"hours-ago-short":{"_index":["plural","value"],"_":{"zero":"teraz","other":"pred {{value}}h"}},"days-ago-short":{"_index":["plural","value"],"_":{"zero":"dnes","other":"pred {{value}}d"}},"minutes-until-short":{"_index":["plural","value"],"_":{"zero":"teraz","other":"o {{value}}m"}},"hours-until-short":{"_index":["plural","value"],"_":{"zero":"teraz","other":"o {{value}}h"}},"days-until-short":{"_index":["plural","value"],"_":{"zero":"dnes","other":"o {{value}}d"}},"incorrectDate":"(neplatný dátum)","dateTimeFormat_%c":"%a, %e. %b %Y %H:%M:%S","dateTimeFormat_%x":"%d.%m.%Y","dateTimeFormat_%X":"%H:%M:%S","shortTimeFormat":"%H:%M","shortDateTimeFormat":"%x %H:%M","weekStartsOnMonday":"1","time_am":"AM","time_pm":"PM","tz-region":"Kontinent","tz-city":"Mesto","tzRegion-Africa":"Afrika","tzRegion-America":"Amerika","tzRegion-Antarctica":"Antarktída","tzRegion-Asia":"Ázia","tzRegion-Atlantic":"Atlantik","tzRegion-Australia":"Austrália","tzRegion-Europe":"Európa","tzRegion-Indian":"Oceánia","tzRegion-Pacific":"Pacifik","close":"Zavrieť","import":"Importovať","update":"Aktualizovať","fbFriends":"Priatelia na Facebooku","live-serviceName":"Windows Live","gmail-serviceName":"Gmail","facebook-serviceName":"Priatelia","selectAll":"Vybrať všetko","deselectAll":"Zrušiť výber","viewAll":"Zobraziť všetkých priateľov na Facebooku","viewRecommend":"Zobraziť len odporúčaných","linkProposal":{"_index":["plural","numFriends"],"_":{"zero":"Žiadni nájdení priatelia. Zobrazujú sa všetci","one":"Vyberte odporúčaného","two":"Vyberte odporúčaných","few":"Vyberte odporúčaných","many":"Vyberte odporúčaných","other":"Vyberte odporúčaných"}},"fbFriendsFound":{"_index":["plural","numFriends"],"_":{"zero":"Všetci vaši priatelia boli naimportovaní","one":"Je možné naimportovať 1 priateľa","two":"Je možné naimportovať {{numFriends}} priateľov","few":"Je možné naimportovať {{numFriends}} priateľov","many":"Je možné naimportovať {{numFriends}} priateľov","other":"Je možné naimportovať {{numFriends}} priateľov"}},"fbNoFriends":"No contacts available to import","search-contact":{"placeholder":"Hľadať"},"noResults":"Neboli nájdené žiadne kontakty","done-search":"Hotovo","progressFB3ImportTitle":"Priatelia sa importujú do kontaktov","progressFB":"{{current}}/{{total}}","progressFB3UpdateTitle":"Aktualizujú sa priatelia v kontaktoch","message2":"Môže to chvíľu trvať.","messageLinking":"Čakajte, prosím. Prebieha prepájanie priateľov a kontaktov.","messageCanceling":"Čakajte, prosím. Prebieha zrušenie aktuálnej operácie.","error1":"Chyba pri {{from}}","error2":"Chcete to skúsiť znova?","errorProposal":"počítaní návrhov","errorFriends":"získavaní priateľov","errorLinking":"prepájaní kontaktov","timeout1":"Časový limit pre {{from}} vypršal","timeout2":"Chcete to skúsiť znova?","timeoutProposal":"počítanie návrhov","timeoutFriends":"získanie priateľov","timeoutLinking":"prepojenie kontaktov","wait1":"Prosím, čakajte","wait2":"Môže to chvíľu trvať","waitProposal":"Prosím, čakajte. Prebieha prepočet návrhov.","waitFriends":"Prosím, čakajte. Prebieha pripájanie za účelom získania zoznamu priateľov.","curtainCancel":"Zrušiť","curtainRetry":"Znova","curtainOK":"OK","connectionLost":"Žiadne pripojenie k Internetu","connectionLostMsg":"Fotografie vašich priateľov nebudú pridané medzi vaše kontakty. Chcete pokračovať?","yesOption":"OK","noOption":"Zrušiť","friendsUpdated":{"_index":["plural","numFriends"],"_":{"zero":"Neboli aktualizovaní žiadni priatelia","one":"1 priateľ aktualizovaný","two":"{{numFriends}} priatelia aktualizovaní","few":"{{numFriends}} priatelia aktualizovaní","many":"{{numFriends}} priateľov aktualizovaných","other":"{{numFriends}} priateľov aktualizovaných"}},"friendsMerged":{"_index":["plural","numDups"],"_":{"zero":"Neboli spojené žiadne duplikáty","one":"1 duplikát spojený","two":"{{numDups}} duplikáty spojené","few":"{{numDups}} duplikáty spojené","many":"{{numDups}} duplikátov spojených","other":"{{numDups}} duplikátov spojených"}},"notificationLogin":"Vaša relácia s Facebookom vypršala. Prihláste sa znova.","syncError":"Pri synchronizácii údajov o priateľoch sa vyskytla chyba."}