{"brandShortName":"B2G OS","browserBrandShortName":"Shfletues Web","browserBrandFullName":"Shfletuesi Web i Mozilla-s","back":"Mbrapsht","noSimMsg":"Që të importohen kontakte, futni ose çkyçni kartën tuaj SIM","noMemoryCardMsg":"Që të importohen kontakte, futni një kartë kujtese","importMemoryCard":"Kartë kujtese","noConnection11":"Që të importohen shokë Facebook-u ose kontakte, lidhuni me Wi-Fi ose te një rrjet të dhënash","simContacts-import":"Importoni kontakte SIM-i","simContacts-importing":"Po importohen kontakte SIM-i…","simContacts-reading":"Po lexohet nga karta SIM-i…","simContacts-error":"Nuk u importuan dot kontakte nga SIM-i","simContacts-imported3":{"_index":["plural","n"],"_":{"zero":"Te SIM-i nuk u gjetën kontakte për importim","one":"U importua një kontakt","two":"U importuan {{n}} kontakte","few":"U importuan {{n}} kontakte","many":"U importuan {{n}} kontakte","other":"U importuan {{n}} kontakte"}},"memoryCardContacts-import":"Importoni kontakte nga kartë kujtese","memoryCardContacts-importing":"Po importohen kontakte nga kartë kujtese…","memoryCardContacts-reading":"Po lexohet nga kartë kujtese…","memoryCardContacts-error":"Nuk u importuan dot kontakte nga kartë kujtese","memoryCardContacts-imported3":{"_index":["plural","n"],"_":{"zero":"Te karta e kujtesës nuk u gjetën kontakte për importim","one":"U importua një kontakt","two":"U importuan {{n}} kontakte","few":"U importuan {{n}} kontakte","many":"U importuan {{n}} kontakte","other":"U importuan {{n}} kontakte"}},"genericProgress":"{{current}}/{{total}}","facebook":"Facebook","facebook-import-msg":{"_index":["plural","imported"],"_":{"zero":"Nuk u importuan shokë (nga {{total}} gjithsej)","one":"U importua një shok (nga {{total}} gjithsej)","two":"U importuan {{imported}}/{{total}}","few":"U importuan {{imported}}/{{total}}","many":"U importuan {{imported}}/{{total}}","other":"U importuan {{imported}}/{{total}}"}},"contactsMerged":{"_index":["plural","numDups"],"_":{"zero":"Nuk u shkri në një ndonjë kontakt i dyfishtë","one":"U shkri në një një kontakt i dyfishtë","two":"U shkrinë në një {{numDups}} kontakte të dyfishta","few":"U shkrinë në një {{numDups}} kontakte të dyfishta","many":"U shkrinë në një {{numDups}} kontakte të dyfishta","other":"U shkrinë në një {{numDups}} kontakte të dyfishta"}},"pincode2":"Jepni kodin PIN","type_pin":"Shtypni kodin tuaj PIN","pincodeLabel":"PIN SIM-i {{n}}","pinValidation":"PIN-i duhet të ketë nga 4 deri 8 shenja.","pinError":"PIN-i qe i pasaktë.","pinAttemptMsg2":{"_index":["plural","n"],"_":{"one":"Ju mbetet ende një provë që të jepni kodin e saktë, përpara se të kyçet karta SIM.","two":"Ju mbeten ende {{n}} prova që të jepni kodin e saktë, përpara se të kyçet karta SIM.","few":"Ju mbeten ende {{n}} prova që të jepni kodin e saktë, përpara se të kyçet karta SIM.","many":"Ju mbeten ende {{n}} prova që të jepni kodin e saktë, përpara se të kyçet karta SIM.","other":"Ju mbeten ende {{n}} prova që të jepni kodin e saktë, përpara se të kyçet karta SIM."}},"pinLastChanceMsg":"Ky është shansi juaj i fundit që të jepni PIN-in e saktë. Përndryshe, duhet të jepni kodin PUK që të përdorni këtë kartë SIM.","pukcode":"Jepni kodin PUK","pukcodeTitle":"Jepni PUK SIM-i {{n}}","pukcodeLabel":"PUK SIM-i {{n}}","type_puk":"Kodi PUK","pukValidation":"Kodi PUK duhet të ketë saktësisht 8 shenja.","pukInfo":"Duhet të jepni Kodin e Kyçit Personal të Çkyçjes (PUK) për kartën SIM. Për më tepër të dhëna shihni dokumentimin e kartës suaj SIM ose lidhuni me operatorin tuaj.","pukError":"PUK-u qe i pasaktë.","pukAttemptMsg2":{"_index":["plural","n"],"_":{"one":"Ju mbetet ende një provë që të jepni kodin e saktë, përpara se kjo kartë SIM të bëhet përgjithmonë e papërdorshme. Për më tepër të dhëna shihni dokumentimin e kartës suaj SIM ose lidhuni me operatorin tuaj.","two":"Ju mbeten ende {{n}} prova që të jepni kodin e saktë, përpara se kjo kartë SIM të bëhet përgjithmonë e papërdorshme. Për më tepër të dhëna shihni dokumentimin e kartës suaj SIM ose lidhuni me operatorin tuaj.","few":"Ju mbeten ende {{n}} prova që të jepni kodin e saktë, përpara se kjo kartë SIM të bëhet përgjithmonë e papërdorshme. Për më tepër të dhëna shihni dokumentimin e kartës suaj SIM ose lidhuni me operatorin tuaj.","many":"Ju mbeten ende {{n}} prova që të jepni kodin e saktë, përpara se kjo kartë SIM të bëhet përgjithmonë e papërdorshme. Për më tepër të dhëna shihni dokumentimin e kartës suaj SIM ose lidhuni me operatorin tuaj.","other":"Ju mbeten ende {{n}} prova që të jepni kodin e saktë, përpara se kjo kartë SIM të bëhet përgjithmonë e papërdorshme. Për më tepër të dhëna shihni dokumentimin e kartës suaj SIM ose lidhuni me operatorin tuaj."}},"pukLastChanceMsg":"Ky është shansi juaj i fundit që të jepni kodin e saktë PUK. Karta juaj SIM do të bëhet përgjithmonë e papërdorshme, nëse jepni kod PUK të gabuar.","create_newpin":"Krijoni PIN të ri (4 deri 8 shifra)","confirm_newpin":"Ripohoni PIN-in e ri","newpinConfirmation":"PIN-et nuk përputhen","nckcode":"Jepni kodin NCK","cckcode":"Jepni kodin CCK","spckcode":"Jepni kodin SPCK","nck1code":"Jepni kodin NCK1","nck2code":"Jepni kodin NCK2","hnckcode":"Jepni kodin HNCK","rcckcode":"Jepni kodin RCCK","rspckcode":"Jepni kodin RSPCK","nckcodeTitle":"Jepni NCK SIM-i {{n}}","cckcodeTitle":"Jepni CCK SIM-i {{n}}","spckcodeTitle":"Jepni SPCK SIM-i {{n}}","nck1codeTitle":"Jepni NCK1 SIM-i {{n}}","nck2codeTitle":"Jepni NCK2 SIM-i {{n}}","hnckcodeTitle":"Jepni HNCK SIM-i {{n}}","rcckcodeTitle":"Jepni RCCK SIM-i {{n}}","rspckcodeTitle":"Jepni RSPCK SIM-i {{n}}","nckcodeLabel":"NCK SIM-i {{n}}","cckcodeLabel":"CCK SIM-i {{n}}","spckcodeLabel":"SPCK SIM-i {{n}}","nck1codeLabel":"NCK1 SIM-i {{n}}","nck2codeLabel":"NCK2 SIM-i {{n}}","hnckcodeLabel":"HNCK SIM-i {{n}}","rcckcodeLabel":"RCCK SIM-i {{n}}","rspckcodeLabel":"RSPCK SIM-i {{n}}","type_nck":"Shtypni kodin tuaj NCK","type_cck":"Shtypni kodin tuaj CCK","type_spck":"Shtypni kodin tuaj SPCK","type_nck1":"Shtypni kodin tuaj NCK1","type_nck2":"Shtypni kodin tuaj NCK2","type_hnck":"Shtypni kodin tuaj HNCK","type_rcck":"Shtypni kodin tuaj RCCK","type_rspck":"Shtypni kodin tuaj RSPCK","nckValidation":"NCK-ja duhet të ketë nga 8 deri në 16 shenja.","cckValidation":"CCK-ja duhet të ketë nga 8 deri në 16 shenja.","spckValidation":"SPCK-ja duhet të ketë nga 8 deri në 16 shenja.","nck1Validation":"NCK1-ja duhet të ketë nga 8 deri në 16 shenja.","nck2Validation":"NCK2-ja duhet të ketë nga 8 deri në 16 shenja.","hnckValidation":"HNCK-ja duhet të ketë nga 8 deri në 16 shenja.","rcckValidation":"RCCK-ja duhet të ketë nga 8 deri në 16 shenja.","rspckValidation":"RSPCK-ja duhet të ketë nga 8 deri në 16 shenja.","nckErrorMsg":"Kodi NCK është i pasaktë.","nckAttemptMsg2":{"_index":["plural","n"],"_":{"one":"Dështim kërkese heqjeje personalizimi rrjeti. Ju mbetet edhe një provë për dhënien e kodit të saktë. Për më tepër të dhëna shihni dokumentimin e kartës suaj SIM ose lidhuni me operatorin tuaj.","two":"Dështim kërkese heqjeje personalizimi rrjeti. Ju mbeten edhe {{n}} prova për dhënien e kodit të saktë. Për më tepër të dhëna shihni dokumentimin e kartës suaj SIM ose lidhuni me operatorin tuaj.","few":"Dështim kërkese heqjeje personalizimi rrjeti. Ju mbeten edhe {{n}} prova për dhënien e kodit të saktë. Për më tepër të dhëna shihni dokumentimin e kartës suaj SIM ose lidhuni me operatorin tuaj.","many":"Dështim kërkese heqjeje personalizimi rrjeti. Ju mbeten edhe {{n}} prova për dhënien e kodit të saktë. Për më tepër të dhëna shihni dokumentimin e kartës suaj SIM ose lidhuni me operatorin tuaj.","other":"Dështim kërkese heqjeje personalizimi rrjeti. Ju mbeten edhe {{n}} prova për dhënien e kodit të saktë. Për më tepër të dhëna shihni dokumentimin e kartës suaj SIM ose lidhuni me operatorin tuaj."}},"nckLastChanceMsg":"Dështim kërkese heqjeje personalizimi rrjeti. Shansi i fundit të jepni kodin e saktë NCK. Për më tepër të dhëna shihni dokumentimin e kartës suaj SIM ose lidhuni me operatorin tuaj.","skip":"Anashkaloje","send":"Dërgoje","ok":"OK","simLocked":"Karta SIM është kyçur","inputCodeRetriesLeft":{"_index":["plural","n"],"_":{"one":"Prova e fundit.","two":"Edhe {{n}} prova.","few":"Edhe {{n}} prova.","many":"Edhe {{n}} prova.","other":"Edhe {{n}} prova."}},"simManager":"Përgjegjës SIM-esh","simDetail":"SIM-i {{n}}","simDefault":"(parazgjedhje)","simDefaultMessage":"Thirrjet që bëni, mesazhet që dërgoni dhe lidhja për të dhëna i janë përshoqëruar SIM-it 1, si parazgjedhje","simSettingsMessage":"Rregullimet parazgjedhje mund t’i ndryshoni te Rregullime > Përgjegjës kartash SIM","simPinLocked":"PIN SIM-i i kyçur","noOperator":"Nuk ka operator","language":"Gjuhë","3g":"Të dhëna Celulare","dataConnection":"Aktivizoji të Dhënat","dataConnectionInfo":"Aktivizimi tani i lidhjes për të dhëna do t’ju lejojë të formësoni telefonin tuaj pa një lidhje Wi-Fi. Mund ta aktivizoni dhe më vonë te Rregullimet. Thjesht sigurohuni që pajtimi te operatori juaj mbulon edhe të dhëna, që të shmangni fatura të kripura.","caution":"Kujdes","geolocation":"Gjeovendëzim","geolocationCheckbox":"Aktivizoni Gjeovendëzimin","geolocationInfo2":"{{brandShortName}}-i përdor të dhëna të tilla si GPS, Wi-Fi, dhe rrjete celularësh pranë jush si ndihmë për përcaktimin me përafërsi të vendndodhjes suaj.","geolocationInfoMore":"Të dhënat dërgohen te Mozilla dhe të tjerë mundësues shërbimesh dhe do të përdoren së toku për të përmirësuar këto baza të dhënash vendndodhjesh.  Të dhënat mund të depozitohen në pajisjen tuaj dhe grumbullimi i të dhënave mund të ngjasë kur nuk ka zbatime në punë e sipër.","notice":"Shënim","aboutYourPrivacy":"Më tepër rreth privatësisë suaj","scanningNetworks":"Po sheh për rrjete","selectNetwork":"Përzgjidhni një rrjet","shortStatus-connecting":"Po lidhet…","shortStatus-associated":"Po merret një adresë IP…","shortStatus-connected":"I lidhur","shortStatus-connectingfailed":"Lidhja dështoi","shortStatus-disconnected":"I shkëputur","securedBy":"siguruar përmes {{capabilities}}","security":"Siguri","securityNone":"Asnjë","securityWEP":"WEP","securityWPA-PSK":"WPA-PSK","securityWPA-EAP":"WPA-EAP","securityOpen":"E hapur","identity":"Përdorues","identityInput":{"placeholder":"Përdorues"},"password":"Fjalëkalim","passwordInput":{"placeholder":"Fjalëkalim"},"showPassword":"Shfaqe Fjalëkalimin","refresh":"Rifreskoje","noWifiFound3":"Nuk u gjetën rrjete pa fill","join-hidden-button":"Bëhuni pjesë rrjeti të fshehur","authentication":"Mirëfilltësim","ssid-name":"Emër Rrjeti SSID","wifiLevel":"{{level}} nga 4 viza gjithsej","networksList":"U gjetën rrjete","dateAndTime":"Datë & Kohë","timezoneTitle":"UTC{{utcOffset}} {{region}}/{{city}}","timeZone":"Zonë kohore","change":"Ndryshoje","region":{"ariaLabel":"Zonë"},"city":{"ariaLabel":"Qytet"},"date":{"ariaLabel":"Datë"},"time":{"ariaLabel":"Kohë"},"importContacts3":"Importoni kontakte","importSim2":"Kartë SIM","importFb2":"Facebook","importOutlook":"Outlook","importGmail":"Gmail","fb-checking":"… po kontrollohet","notImportedYet":"Ende pa importime","otherAccount":"Llogari të tjera","afterFbImport":"Shokë Facebook-u mund të importoni dhe përpunoni kurdo, te rregullimet Kontakte","firefox-accounts":"Firefox Accounts","fxa-overview":{"innerHTML":"Një Firefox Account ju lejon të përdorni funksione të tillë si Gjeje Pajisjen Time dhe zbatime nga Firefox Marketplace."},"fxa-create-account-or-sign-in":"Krijoni Llogari ose Hyni Në Të","fxa-email-sent":"Një lidhje ripohimi u dërgua te {{email}}","fxa-signed-in":"I futur si {{email}}","about-your-rights-0":"{{brandShortName}}-i ngrihet mbi software të lirë dhe me burim të hapur, nga një bashkësi mijëra personash anembanë botës. Ja pak gjëra që do të duhej t’i dinit:","about-your-rights-1":"{{brandShortName}}-i ju jepet sipas kushteve të disa licencave për burim të hapur, përfshi Mozilla Public License. Një pajisje që xhiron {{brandShortName}}-in mund të përmbajë edhe software pronësor prej palësh të treta. Çfarëdo pjese kodi e dhënë nën licenca të hapura ju jep të drejtën të modifikoni kodin burim dhe të shpërndani versione tuajt të modifikuar, për sa kohë që u përmbaheni kushteve të tyre.","about-your-rights-2":"Nuk ju jepet ndonjë e drejtë mbi shenja tregtare ose licenca për shenja tregtare të Mozilla Foundation-it ose cilësdo palë, përfshi këtu, pa kufizime, emrin dhe logon e {{brandShortName}}-it.","about-your-rights-3":"Disa veçori të {{brandShortName}}-it, të tilla si Raportuesi i Vithisjeve, ju japin mundësinë t’ia parashtroni përshtypjet Mozilla-s. Duke zgjedhur të parashtroni përshtypje, i jepni Mozilla-s leje t’i përdorë përshtypjet për të përmirësuar produktet e saj, t’i botojë përshtypjet në sajtet e veta web, dhe t’i shpërndajë ato.","about-other":"Tjetër","SIM_mandatory":"Sinjalizim Karte SIM","SIM_mandatory_warm":"Ju lutemi, futni një kartë SIM dhe rinisni telefonin tuaj.","telemetry-sends2":"Telemetry sends Mozilla data about performance, hardware, configurations, customizations and app usage in your {{brandShortName}} device. We use this to make our products better, faster and more responsive.","learn-more-telemetry":{"innerHTML":"Mësoni më tepër te {{link}}"},"learn-more-information":{"innerHTML":"Mësoni se si i trajton Mozilla të dhënat tuaja, te {{link}}"},"welcomeBrowser":"Mirë se vini te {{brandShortName}}-i, sistemi operativ i lirë dhe me burim të hapur i Mozilla-s. Misioni ynë është të përhapim të qenët i hapur, risitë dhe mundësitë në Web, duke e mbajtur fuqinë e tij në duart tuaja.","learn-more-privacy":{"innerHTML":"Mësoni se si i trajton të dhënat tuaja Mozilla, te {{link}}."},"learn-more-privacy-link":"rregulla privatësie","aboutBrowser":"Rreth {{brandShortName}}-it","aboutYourPrivacy2":"Privatësia Juaj","mozillaCommunity2":"Kur përdorni {{brandShortName}}-in, bëheni pjesë e një bashkësie mbarëbotërore që ndihmon në ndërtimin e një të ardhmeje më të ndritur për Web-in. Nëse doni të dini më tepër rreth bashkësisë Mozilla, produkteve tona të tjera dhe veprimtarive afër zonës suaj, ju lutemi, jepni më poshtë adresën tuaj email.","sharePerformanceAndUsageData":"I want to help improve {{brandShortName}} by sharing data about my phone and the way I use it.","learnMore":"Mësoni më tepër.","emailAddress":{"placeholder":"Adresë email"},"email-successfully-added":"Email-i u shtua me sukses","email-loading":"Po ruhet email-i juaj…","privacy-b2g":{"_":"{{brandShortName}}","title":"{{brandShortName}}"},"privacy-marketplace":{"_":"Marketplace","title":"{{privacy-marketplace}}"},"privacy-eme":"EverythingMe","privacy-e-me":{"_":"everything.me","title":"{{privacy-e-me}}"},"navbar-back":"Mbrapsht","navbar-next":"Pasuesja","navbar-join":"Bëhuni Pjesë","done":"U bë","thatsIt":"Kaq qe!","startYourPhone":"Filloni turin e telefonit tuaj!","startYourTablet":"Filloni turin e tabletit tuaj!","joinTutorial":"Ejani me ne për një përkujdesore të shpejtë rreth telefonit tuaj të ri.","enjoyYourPhone":"Jeni gati t’i gëzoheni telefonit tuaj të ri.","optionsAvailable":"Gjuhën, datën/kohën dhe lidhjen me Wi-Fi mund t’i ndryshoni te rregullimet.","letsGo":"Le t’ia fillojmë","startTour":"Nise turin","whatsNew":"What’s new","updatedSuccessfully":"Your phone has updated successfully! Start the tour to find out more about the new features.","thatsIt1Tablet-2":"Mund të rrëshqisni kurdo gishtin nga skaji i poshtëm për sipër që të kaloni te skena e kreut.","thatsIt2Tablet-2":"Le ta provojmë !","tutorial":"Përkujdesore","tutorial-step1-tiny":"Rrëshqiteni gishtin nga e djathta në të majtë që të shfletoni zbatimet tuaja.","tutorial-step2-tiny":"Bjerini një ikone dhe mbajeni gishtin aty që ta fshini ose lëvizni.","tutorial-step3-tiny":"Jepni një fjalëkyç ose temë dhe telefoni juaj do të adaptohet menjëherë.","tutorial-step4-tiny":"Rrëshqiteni gishtin për poshtë që të shihni njoftimet e fundit, të dhëna krediti dhe rregullimet.","tutorial-step5-tiny":"Bjerini butonit të kreut dhe mbajeni gishtin aty që të shfletoni dhe mbyllni zbatimet e përdorura së fundi.","tutorial-step6-tiny":"Rrëshqiteni gishtin nga anash ekranit që të lëvizni para mbrapa mes zbatimeve të përdorura së fundi.","tutorial-step1-large-2":"Rrëshqiteni gishtin nga lart poshtë që të shihni njoftimet e fundit, të dhëna krediti dhe rregullimet.","tutorial-step2-large-2":"Rrëshqiteni gishtin majtas ose djathtas që të zbuloni zbatime të reja te skena e kreut.","tutorial-step3-large-2":"Prekeni një ikonë dhe mbajeni gishtin aty që ta fshini ose lëvizni.","tutorial-step4-large-2":"Rrëshqitni dy gishta nga skaji i poshtëm për sipër që të kryeni parje të kartës.","tutorial-vertical-scroll-tiny":"Rrëshqiteni gishtin sipër dhe poshtë që të shfletoni zbatimet tuaja. Bjerini një ikone dhe mbajeni gishtin aty që ta lëvizni ose fshini.","tutorial-notifications-tiny":"Rrëshqiteni gishtin për poshtë që të shihni njoftimet e fundit, të dhëna krediti dhe rregullimet.","tutorial-sheets-tiny":"Tërhiqni që na skaji i majtë i ekranit që të ktheheni te zbatimet e përdorura së fundi.","offline-dialog-title":"Që të shihni këtë faqe, duhet të jeni i lidhur në Internet.","offline-dialog-text":"Ju lutemi, kthehuni mbrapsht dhe bëni lidhjen në Internet. Faqen mund ta shihni edhe më vonë, te Rregullimet, ose duke hapur {{url}} me çfarëdo shfletuesi.","OK":"OK","offline-newsletter-dialog-title":"Që të pajtoheni te buletini, duhet të jeni i lidhur në Internet.","offline-newsletter-dialog-text":"Ju lutemi, kthehuni mbrapsht dhe bëni lidhjen në Internet.","invalid-email-dialog-title":"Email-i juaj nuk është i vlefshëm","invalid-email-dialog-text":"Ju lutemi, kthehuni mbrapsht dhe ndreqni atë çka dhatë.","retry":"Riprovo","cancel":"Anuloje","progressbar":{"_":"Hapi {{step}} nga {{total}} gjithsej","ariaLabel":"Përdorimi Për Herë të Parë"},"weekday-0-long":"E diel","weekday-1-long":"E hënë","weekday-2-long":"E martë","weekday-3-long":"E mërkurë","weekday-4-long":"E enjte","weekday-5-long":"E premte","weekday-6-long":"E shtunë","weekday-0-short":"Die","weekday-1-short":"Hën","weekday-2-short":"Mar","weekday-3-short":"Mër","weekday-4-short":"Enj","weekday-5-short":"Pre","weekday-6-short":"Sht","month-0-long":"Janar","month-1-long":"Shkurt","month-2-long":"Mars","month-3-long":"Prill","month-4-long":"Maj","month-5-long":"Qershor","month-6-long":"Korrik","month-7-long":"Gusht","month-8-long":"Shtator","month-9-long":"Tetor","month-10-long":"Nëntor","month-11-long":"Dhjetor","month-0-genitive":"të Janarit","month-1-genitive":"të Shkurtit","month-2-genitive":"të Marsit","month-3-genitive":"të Prillit","month-4-genitive":"të Majit","month-5-genitive":"të Qershorit","month-6-genitive":"të Korrikut","month-7-genitive":"të Gushtit","month-8-genitive":"të Shtatorit","month-9-genitive":"të Tetorit","month-10-genitive":"të Nëntorit","month-11-genitive":"të Dhjetorit","month-0-short":"Jan","month-1-short":"Shk","month-2-short":"Mar","month-3-short":"Pri","month-4-short":"Maj","month-5-short":"Qer","month-6-short":"Kor","month-7-short":"Gus","month-8-short":"Sht","month-9-short":"Tet","month-10-short":"Nën","month-11-short":"Dhj","minutes-ago-long":{"_index":["plural","value"],"_":{"zero":"mu tani","one":"një minutë më parë","two":"{{value}} minuta më parë","few":"{{value}} minuta më parë","many":"{{value}} minuta më parë","other":"{{value}} minuta më parë"}},"hours-ago-long":{"_index":["plural","value"],"_":{"zero":"mu tani","one":"një orë më parë","two":"{{value}} orë më parë","few":"{{value}} orë më parë","many":"{{value}} orë më parë","other":"{{value}} orë më parë"}},"days-ago-long":{"_index":["plural","value"],"_":{"zero":"sot","one":"dje","two":"{{value}} ditë më parë","few":"{{value}} ditë më parë","many":"{{value}} ditë më parë","other":"{{value}} ditë më parë"}},"weeks-ago-long":{"_index":["plural","value"],"_":{"zero":"këtë javë","one":"javën e kaluar","two":"{{value}} javë më parë","few":"{{value}} javë më parë","many":"{{value}} javë më parë","other":"{{value}} javë më parë"}},"months-ago-long":{"_index":["plural","value"],"_":{"zero":"këtë muaj","one":"muajin e kaluar","two":"{{value}} muaj më parë","few":"{{value}} muaj më parë","many":"{{value}} muaj më parë","other":"{{value}} muaj më parë"}},"years-ago-long":{"_index":["plural","value"],"_":{"zero":"këtë vit","one":"vitin e kaluar","two":"{{value}} vite më parë","few":"{{value}} vite më parë","many":"{{value}} vite më parë","other":"{{value}} vite më parë"}},"minutes-until-long":{"_index":["plural","value"],"_":{"zero":"tani","one":"për një minutë","two":"për {{value}} minuta","few":"për {{value}} minuta","many":"për {{value}} minuta","other":"për {{value}} minuta"}},"hours-until-long":{"_index":["plural","value"],"_":{"zero":"tani","one":"për një orë","two":"për {{value}} orë","few":"për {{value}} orë","many":"për {{value}} orë","other":"për {{value}} orë"}},"days-until-long":{"_index":["plural","value"],"_":{"zero":"sot","one":"nesër","two":"për {{value}} ditë","few":"për {{value}} ditë","many":"për {{value}} ditë","other":"për {{value}} ditë"}},"weeks-until-long":{"_index":["plural","value"],"_":{"zero":"këtë javë","one":"javën pasuese","two":"për {{value}} javë","few":"për {{value}} javë","many":"për {{value}} javë","other":"për {{value}} javë"}},"months-until-long":{"_index":["plural","value"],"_":{"zero":"këtë muaj","one":"muajin pasues","two":"për {{value}} muaj","few":"për {{value}} muaj","many":"për {{value}} muaj","other":"për {{value}} muaj"}},"years-until-long":{"_index":["plural","value"],"_":{"zero":"këtë vit","one":"vitin pasues","two":"për {{value}} vjet","few":"për {{value}} vjet","many":"për {{value}} vjet","other":"për {{value}} vjet"}},"minutes-ago-short":{"_index":["plural","value"],"_":{"zero":"mu tani","other":"{{value}}m më parë"}},"hours-ago-short":{"_index":["plural","value"],"_":{"zero":"mu tani","other":"{{value}}h më parë"}},"days-ago-short":{"_index":["plural","value"],"_":{"zero":"sot","other":"{{value}}d më parë"}},"minutes-until-short":{"_index":["plural","value"],"_":{"zero":"tani","other":"për {{value}}m"}},"hours-until-short":{"_index":["plural","value"],"_":{"zero":"tani","other":"për {{value}}h"}},"days-until-short":{"_index":["plural","value"],"_":{"zero":"sot","other":"për {{value}}d"}},"incorrectDate":"(datë e pasaktë)","dateTimeFormat_%c":"%a %e %b %Y %I:%M:%S %p","dateTimeFormat_%x":"%m/%d/%Y","dateTimeFormat_%X":"%I:%M:%S %p","shortTimeFormat":"%I:%M %p","shortDateTimeFormat":"%x %I:%M %p","weekStartsOnMonday":"0","time_am":"AM","time_pm":"PM","tz-region":"Rajon","tz-city":"Qytet","tzRegion-Africa":"Afrika","tzRegion-America":"Amerika","tzRegion-Antarctica":"Antarktida","tzRegion-Asia":"Azia","tzRegion-Atlantic":"Oqeani Atlantik","tzRegion-Australia":"Australia","tzRegion-Europe":"Europa","tzRegion-Indian":"Oqeani Indian","tzRegion-Pacific":"Oqeani Paqësor","close":"Mbylle","import":"Importoje","update":"Përditësoje","fbFriends":"Shokë Facebook-u","live-serviceName":"Outlook","gmail-serviceName":"Gmail","facebook-serviceName":"Shokë Facebook-u","selectAll":"Përzgjidhi krejt","deselectAll":"Shpërzgjidhi krejt","viewAll":"Shihni Krejt Shokët Nga Facebook-u","viewRecommend":"Shihni Vetëm të Rekomanduarit","linkProposal":{"_index":["plural","numFriends"],"_":{"zero":"Pa përputhje shokësh. Po shfaqen të tërë","one":"Përzgjidhni të rekomanduarin","two":"Përzgjidhni një të rekomanduar","few":"Përzgjidhni një të rekomanduar","many":"Përzgjidhni një të rekomanduar","other":"Përzgjidhni një të rekomanduar"}},"fbFriendsFound":{"_index":["plural","numFriends"],"_":{"zero":"U importuan krejt shokët tuaj","one":"U gjet një shok për importim","two":"U gjetën {{numFriends}} shokë për importim","few":"U gjetën {{numFriends}} shokë për importim","many":"U gjetën {{numFriends}} shokë për importim","other":"U gjetën {{numFriends}} shokë për importim"}},"fbNoFriends":"No contacts available to import","search-contact":{"placeholder":"Kërkoni"},"noResults":"Nuk u gjetën kontakte","done-search":"U bë","progressFB3ImportTitle":"Importim shokësh te Kontaktet","progressFB":"{{current}}/{{total}}","progressFB3UpdateTitle":"Përditësim shokësh te Kontaktet","message2":"Kjo mund të hajë ca minuta","messageLinking":"Ju lutemi, prisni. Po lidhim shokun tuaj dhe kontaktin tuaj.","messageCanceling":"Ju lutemi, prisni. Po anulojmë veprimin që po kryhej.","error1":"Gabim {{from}}","error2":"Doni të riprovohet?","errorProposal":"në përllogaritjen e propozimeve","errorFriends":"në marrjen e shokëve","errorLinking":"në lidhjen e kontaktit","timeout1":"Skadoi koha {{from}}","timeout2":"Doni të riprovohet?","timeoutProposal":"në përllogaritjen e propozimeve","timeoutFriends":"në marrjen e shokëve","timeoutLinking":"në lidhjen e kontaktit","wait1":"Ju lutemi, prisni.","wait2":"Kjo mund të hajë ca minuta","waitProposal":"Ju lutemi, prisni. Po përllogarisim një propozim.","waitFriends":"Ju lutemi, prisni. Po lidhemi që të marrin listën tuaj të shokëve.","curtainCancel":"Anuloje","curtainRetry":"Riprovo","curtainOK":"OK","connectionLost":"Pa lidhje Internet","connectionLostMsg":"Fotot e shokëve nuk do të shtohen te kontaktet tuaja. Të vazhdohet, sido qoftë?","yesOption":"OK","noOption":"Anuloje","friendsUpdated":{"_index":["plural","numFriends"],"_":{"zero":"Nuk u përditësuan shokë","one":"U përditësua një shok","two":"U përditësuan {{numFriends}} shokë","few":"U përditësuan {{numFriends}} shokë","many":"U përditësuan {{numFriends}} shokë","other":"U përditësuan {{numFriends}} shokë"}},"friendsMerged":{"_index":["plural","numDups"],"_":{"zero":"Nuk u shkri në një ndonjë profil i dyfishtë","one":"U shkri në një një profil i dyfishtë","two":"U shkrinë në një {{numDups}} profile të dyfishtë","few":"U shkrinë në një {{numDups}} profile të dyfishtë","many":"U shkrinë në një {{numDups}} profile të dyfishtë","other":"U shkrinë në një {{numDups}} profile të dyfishtë"}},"notificationLogin":"Sesioni juaj Facebook është i pavlefshëm. Ju lutemi, bëni hyrjen.","syncError":"Pati një gabim gjatë njëkohësimit të të dhënave të shokëve tuaj"}