{"brandShortName":"B2G OS","browserBrandShortName":"Веб прегледач","browserBrandFullName":"Mozilla веб прегледач","back":"Назад","noSimMsg":"Да бисте увезли контакте убаците или откључајте Вашу SIM картицу","noMemoryCardMsg":"Да бисте увезли контакте убаците меморијску картицу","importMemoryCard":"Меморијскe картицe","noConnection11":"Да бисте увезли пријатеље или контакте повежите се на Wi-Fi или мрежу","simContacts-import":"Увезите контакте са SIM картице","simContacts-importing":"Увожење контаката са SIM картице…","simContacts-reading":"Читање са SIM картице…","simContacts-error":"Немогуће је увести контакте са SIM картице","simContacts-imported3":{"_index":["plural","n"],"_":{"zero":"Ни један контакт није нађен на SIM картици","one":"Увежен је један контакт","two":"Увежена су {{n}} контакта","few":"Увежено је {{n}} контаката","many":"Увежено је {{n}} контаката","other":"Увежено је {{n}} контаката"}},"memoryCardContacts-import":"Увоз контаката са меморијске картице","memoryCardContacts-importing":"Увоз контаката са меморијске картице…","memoryCardContacts-reading":"Читам са меморијске картице…","memoryCardContacts-error":"Није могуће увести контакте са меморијске картице","memoryCardContacts-imported3":{"_index":["plural","n"],"_":{"zero":"Нису пронађени контакти на меморијској картици","one":"Увезен један контакт","two":"Увезена {{n}} контакта","few":"Увезено {{n}} контаката","many":"Увезено {{n}} контаката","other":"Увезено {{n}} контаката"}},"genericProgress":"{{current}}/{{total}}","facebook":"Facebook","facebook-import-msg":{"_index":["plural","imported"],"_":{"zero":"0 увежено (од укупно {{total}})","one":"1 увежен (од укупно {{total}})","two":"{{imported}}/{{total}} увежена","few":"{{imported}}/{{total}} увеженo","many":"{{imported}}/{{total}} увежено","other":"{{imported}}/{{total}} увежено"}},"contactsMerged":{"_index":["plural","numDups"],"_":{"zero":"Нема дуплираних контаката","one":"Један дуплиран контакт је спојен","two":"{{numDups}} контакта су спојена","few":"{{numDups}} контаката је спојено","many":"{{numDups}} контаката је спојено","other":"{{numDups}} контаката је спојено"}},"pincode2":"Упишите PIN","type_pin":"Упишите свој PIN","pincodeLabel":"SIM {{n}} PIN","pinValidation":"PIN мора имати између 4 и 8 карактера.","pinError":"Неисправан PIN код.","pinAttemptMsg2":{"_index":["plural","n"],"_":{"one":"Имате још један покушај да унесете исправан код пре него што се SIM картица закључа.","two":"Имате још {{n}} покушаја да унесете исправан код пре него што се SIM картица закључа.","few":"Имате још {{n}} покушаја да унесете исправан код пре него што се SIM картица закључа.","many":"Имате још {{n}} покушаја да унесете исправан код пре него што се SIM картица закључа.","other":"Имате још {{n}} покушаја да унесете исправан код пре него што се SIM картица закључа."}},"pinLastChanceMsg":"Ово Вам је последња шанса да унесете исправан PIN. У супротном, морате унети PUK код да бисте користили SIM картицу.","pukcode":"Унесите PUK код","pukcodeTitle":"Упишите SIM {{n}} PUK","pukcodeLabel":"SIM {{n}} PUK","type_puk":"PUK код","pukValidation":"PUK код мора имати тачно 8 карактера.","pukInfo":"Морате унети лични кључ за откључавање (PUK) за SIM картицу. Прочитајте пропратну документацију или контактирајте мрежног оператера за више информација.","pukError":"PUK је неисправан.","pukAttemptMsg2":{"_index":["plural","n"],"_":{"one":"Имате још један покушај да унесете исправан код пре него што SIM картица буде трајно неупотребљива. Прочитајте пропратну документацију или контактирајте мрежног оператера за више информација.","two":"Имате још {{n}} покушаја да унесете исправан код пре него што SIM картица буде трајно неупотребљива. Прочитајте пропратну документацију или контактирајте мрежног оператера за више информација.","few":"Имате још {{n}} покушаја да унесете исправан код пре него што SIM картица буде трајно неупотребљива. Прочитајте пропратну документацију или контактирајте мрежног оператера за више информација.","many":"Имате још {{n}} покушаја да унесете исправан код пре него што SIM картица буде трајно неупотребљива. Прочитајте пропратну документацију или контактирајте мрежног оператера за више информација.","other":"Имате још {{n}} покушаја да унесете исправан код пре него што SIM картица буде трајно неупотребљива. Прочитајте пропратну документацију или контактирајте мрежног оператера за више информација."}},"pukLastChanceMsg":"Ово је Ваша последња шанса за унос исправног PUK кода. Ваша SIM картица ће бити заувек неупотребљива ако још једном унесете погрешан PUK код.","create_newpin":"Направите нови PIN (4-8 бројева)","confirm_newpin":"Потврдите нови PIN","newpinConfirmation":"PIN кодови нису исти","nckcode":"Унесите NCK код","cckcode":"Унесите CCK код","spckcode":"Унесите SPCK код","nck1code":"Унесите NCK1 код","nck2code":"Унесите NCK2 код","hnckcode":"Унесите HNCK код","rcckcode":"Унесите RCCK код","rspckcode":"Унесите RSPCK код","nckcodeTitle":"Унесите SIM {{n}} NCK","cckcodeTitle":"Унесите SIM {{n}} CCK","spckcodeTitle":"Унесите SIM {{n}} SPCK","nck1codeTitle":"Унесите SIM {{n}} NCK1","nck2codeTitle":"Унесите SIM {{n}} NCK2","hnckcodeTitle":"Унесите SIM {{n}} HNCK","rcckcodeTitle":"Унесите SIM {{n}} RCCK","rspckcodeTitle":"Унесите SIM {{n}} RSPCK","nckcodeLabel":"SIM {{n}} NCK","cckcodeLabel":"SIM {{n}} CCK","spckcodeLabel":"SIM {{n}} SPCK","nck1codeLabel":"SIM {{n}} NCK1","nck2codeLabel":"SIM {{n}} NCK2","hnckcodeLabel":"SIM {{n}} HNCK","rcckcodeLabel":"SIM {{n}} RCCK","rspckcodeLabel":"SIM {{n}} RSPCK","type_nck":"Упишите свој NCK код","type_cck":"Упишите свој CCK код","type_spck":"Упишите свој SPCK код","type_nck1":"Упишите свој NCK1 код","type_nck2":"Упишите свој NCK2 код","type_hnck":"Упишите свој HNCK код","type_rcck":"Упишите свој RCCK код","type_rspck":"Упишите свој RSPCK код","nckValidation":"NCK код мора имати између 8 и 16 карактера.","cckValidation":"CCK код мора имати између 8 и 16 карактера.","spckValidation":"SPCK код мора имати између 8 и 16 карактера.","nck1Validation":"NCK1 код мора имати између 8 и 16 карактера.","nck2Validation":"NCK2 код мора имати између 8 и 16 карактера.","hnckValidation":"HNCK код мора имати између 8 и 16 карактера.","rcckValidation":"RCCK код мора имати између 8 и 16 карактера.","rspckValidation":"RSPCK код мора имати између 8 и 16 карактера.","nckErrorMsg":"Неисправан NCK код.","nckAttemptMsg2":{"_index":["plural","n"],"_":{"one":"Захтев за откључавање телефона није успешан. Имате још један покушај да унесете исправан код. Прочитајте пропратну документацију или контактирајте мрежног оператера за више информација.","two":"Захтев за откључавање телефона није успешан. Имате још {{n}} покушаја да унесете исправан код. Прочитајте пропратну документацију или контактирајте мрежног оператера за више информација.","few":"Захтев за откључавање телефона није успешан. Имате још {{n}} покушаја да унесете исправан код. Прочитајте пропратну документацију или контактирајте мрежног оператера за више информација.","many":"Захтев за откључавање телефона није успешан. Имате још {{n}} покушаја да унесете исправан код. Прочитајте пропратну документацију или контактирајте мрежног оператера за више информација.","other":"Захтев за откључавање телефона није успешан. Имате још {{n}} покушаја да унесете исправан код. Прочитајте пропратну документацију или контактирајте мрежног оператера за више информација."}},"nckLastChanceMsg":"Захтев за откључавање телефона није успешан. Ово је последња шанса да унесете исправан NCK код. Прочитајте пропратну документацију или контактирајте мрежног оператера за више информација.","skip":"Прескочи","send":"Пошаљи","ok":"У реду","simLocked":"SIM картица је закључана","inputCodeRetriesLeft":{"_index":["plural","n"],"_":{"one":"последњи покушај.","two":"преостало {{n}} покушаја.","few":"преостало {{n}} покушаја.","many":"преостало {{n}} покушаја.","other":"преостало {{n}} покушаја."}},"simManager":"SIM управљач","simDetail":"SIM {{n}}","simDefault":"(подрзумевана)","simDefaultMessage":"Одлазни позиви, одлазне поруке и везе података су по подразумеваном постављени на SIM 1","simSettingsMessage":"Можете променити подразумеванa подешавања: Поставке > Управљач SIM картицама ","simPinLocked":"SIM PIN закључан","noOperator":"Нема оператера","language":"Језик","3g":"Мобилни подаци","dataConnection":"Пренос података","dataConnectionInfo":"Омогућавање преноса података ће Вам омогућити да подесите свој телефон без Wi-Fi мреже. Можете је омогућити и касније у поставкама. Само се постарајте да имате добар пакет услуга са својим мрежним оператером како бисте избегли плаћање високих накнада.","caution":"Упозорење","geolocation":"Геолокација","geolocationCheckbox":"Геолокација","geolocationInfo2":"{{brandShortName}} користи податке мобилне мреже, GPS и Wi-Fi податке како би открили Вашу локацију.","geolocationInfoMore":"Подаци се шаљу Mozilla фондацији и осталим пружаоцима ових услуга и биће коришћени за употпуњавање базе података о локацијама. Подаци могу бити смештени на Вашем уређају и могу бити послати чак иако ни једна апликација није покренута.","notice":"Обавештење","aboutYourPrivacy":"Више о Вашој приватности","scanningNetworks":"Тражим мреже","selectNetwork":"Одаберите мрежу","shortStatus-connecting":"Повезивање…","shortStatus-associated":"Добављање IP адресе…","shortStatus-connected":"Повезано","shortStatus-connectingfailed":"Повезивањe није успело","shortStatus-disconnected":"Ван мреже","securedBy":"осигурано од стране {{capabilities}}","security":"Сигурност","securityNone":"Нема","securityWEP":"WEP","securityWPA-PSK":"WPA-PSK","securityWPA-EAP":"WPA-EAP","securityOpen":"Отворено","identity":"Корисник","identityInput":{"placeholder":"Корисник"},"password":"Лозинка","passwordInput":{"placeholder":"Лозинка"},"showPassword":"Прикажи лозинку","refresh":"Освежи","noWifiFound3":"Ни једна бежична мрежа није нађена","join-hidden-button":"Скривена мрежа","authentication":"Аутентификација","ssid-name":"SSID назив мреже","wifiLevel":"{{level}} од 4 цртица","networksList":"Пронађене мреже","dateAndTime":"Датум и време","timezoneTitle":"UTC{{utcOffset}} {{region}}/{{city}}","timeZone":"Временска зона","change":"Промени","region":{"ariaLabel":"Регион"},"city":{"ariaLabel":"Град"},"date":{"ariaLabel":"Датум"},"time":{"ariaLabel":"Време"},"importContacts3":"Увези контакте","importSim2":"SIM картице","importFb2":"Facebook-а","importOutlook":"Outlook-а","importGmail":"Gmail-а","fb-checking":"… провера","notImportedYet":"Још нису увезени","otherAccount":"Остали налози","afterFbImport":"У поставкама контаката можете у било којем тренутку увести и уредити своје Facebook пријатеље","firefox-accounts":"Firefox налози","fxa-overview":{"innerHTML":"Firefox налог Вам дозвољава да користите могућности као што су Пронађи мој уређај и апликације као што је Firefox Marketplace."},"fxa-create-account-or-sign-in":"Направи налог или се пријави","fxa-email-sent":"Верификациона веза је послата на е-пошту {{email}}","fxa-signed-in":"Пријављен као {{email}}","about-your-rights-0":"{{brandShortName}} је направљен од стране хиљада људи из глобалне заједнице. Неколико ствари би требало да знате:","about-your-rights-1":"{{brandShortName}} је доступан под условима неколико отворених лиценци укључујући јавну лиценцу Mozilla фондацијe. Уређај који покреће {{brandShortName}} такође може садржати софтвер који је власништво трећих лица. Сав код који је под отвореним лиценцама Вам даје за право да измените изворни код и прослеђујете своју модификовану верзију истог док год се придржавате услова лиценци.","about-your-rights-2":"Нису Вам одобрена било каква права или лиценце које се односе на заштитни знак Mozilla фондације или трећих лица, укључујући {{brandShortName}} назив или логотип.","about-your-rights-3":"Неке могућности програма {{brandShortName}}, као што је извештач о грешкама, Вам пружају могућност да пошаљете повратне информације Mozilla фондацији. Ако одлучите да пошаљете повратне информације, тиме дајете Mozilla фондацији дозволу да користи те информације у циљу побољшања својих производа, да објави те информације на свом сајту као и да их дели.","about-other":"Остало","SIM_mandatory":"Упозорење SIM картице","SIM_mandatory_warm":"Молим Вас, уметните SIM картицу и поново покрените телефон.","telemetry-sends2":"Телеметрија шаље Mozilla фондацији информације о перформансама, хардверу, конфигурацији, коришћењу апликација и подешавањима Вашег {{brandShortName}} уређаја. Ове информације користимо да бисмо унапредили наше производе, учинили их бржим и ефикаснијим.","learn-more-telemetry":{"innerHTML":"Сазнајте више на {{link}}"},"learn-more-information":{"innerHTML":"Сазнајте како Mozilla рукује са информацијама на {{link}}"},"welcomeBrowser":"Добродошли у {{brandShortName}}, бесплатан оперативни систем отвореног кода. Наша мисија је промовисање отворености, иновација и могућности тако што остављамо сву моћ веба у Вашим рукама.","learn-more-privacy":{"innerHTML":"Сазнајте како Mozilla рукује са информацијама на {{link}}."},"learn-more-privacy-link":"полиса приватности","aboutBrowser":"О {{brandShortName}}","aboutYourPrivacy2":"Ваша приватност","mozillaCommunity2":"Када користите {{brandShortName}}, постајете део глобалне заједнице која помаже у изградњи светлије будућности веба. Ако желите да сазнате више о Mozilla заједници, нашим пројектима и догађајима близу Вас, молимo Вас унесите адресу своје е-поште у поље испод.","sharePerformanceAndUsageData":"Желим да помогнем у побољшању {{brandShortName}}-а тако што ћу делити податке о мом телефону и начину на који га користим.","learnMore":"Сазнајте више.","emailAddress":{"placeholder":"Адреса е-поште"},"email-successfully-added":"Адреса је успешно додата","email-loading":"Памћење Ваше е-поште…","privacy-b2g":{"_":"{{brandShortName}}","title":"{{brandShortName}}"},"privacy-marketplace":{"_":"Marketplace","title":"{{privacy-marketplace}}"},"privacy-eme":"EverythingMe","privacy-e-me":{"_":"everything.me","title":"{{privacy-e-me}}"},"navbar-back":"Назад","navbar-next":"Следеће","navbar-join":"Прикључи се","done":"Готово","thatsIt":"То је то!","startYourPhone":"Упознајте се са телефоном!","startYourTablet":"Започните водич за Ваш таблет!","joinTutorial":"Погледајте брзо упутство за Ваш нов телефон.","enjoyYourPhone":"Спремни сте да уживате користећи свој нов телефон.","optionsAvailable":"У поставкама можете променити језик, датум/време и Wi-Fi.","letsGo":"Идемо","startTour":"Започни водич","whatsNew":"Шта је ново","updatedSuccessfully":"Ваш телефон је успешно ажуриран! Започните водич да бисте сазнали о новим могућностима.","thatsIt1Tablet-2":"Увек можете да превучете са доње ивице да бисте дошли на почетни екран.","thatsIt2Tablet-2":"Хајде да то урадимо!","tutorial":"Водич","tutorial-step1-tiny":"Превуците прстом са десне на леву страну да бисте прегледали апликације.","tutorial-step2-tiny":"Притисните и држите прстом неку иконицу апликације да бисте је избрисали или померили.","tutorial-step3-tiny":"Унесите било коју кључну реч или тему и Ваш телефон ће се одмах прилагодити.","tutorial-step4-tiny":"Превуците прстом на доле да бисте приступили скоријим обавештењима, информацијама о кредиту и поставкама.","tutorial-step5-tiny":"Притисните и држите прстом дугме за почетни екран да бисте прегледали скоро коришћене апликације.","tutorial-step6-tiny":"Превуците прстом од стране екрана да бисте се кретали између активних апликација.","tutorial-step1-large-2":"Превуците прстом на доле да бисте приступили скоријим обавештењима, информацијама о кредиту и поставкама.","tutorial-step2-large-2":"Превуците прстом лево или десно да бисте открили нове апликације на почетном екрану.","tutorial-step3-large-2":"Притисните и држите прстом неку иконицу апликације да бисте је избрисали или померили.","tutorial-step4-large-2":"Превуците са два прста од доле да бисте активирали приказ картице.","tutorial-vertical-scroll-tiny":"Превуците прстом на доле и прегледавајте Ваше апликације. Притисните или држите иконицу да бисте је преместили или избрисали.","tutorial-notifications-tiny":"Превуците прстом на доле да бисте видели недавна обавештења, информације о кредиту и поставке.","tutorial-sheets-tiny":"Превуците прстом са леве ивице екрана да се вратите на недавно кориштене апликације.","offline-dialog-title":"Морате бити повезани на интернет да бисте видели страницу.","offline-dialog-text":"Молим Вас повежите се на интернет. Ову страницу можете такође погледати касније из менија поставки или ако унесете адресу {{url}} у било који прегледач интернета.","OK":"У реду","offline-newsletter-dialog-title":"Морате бити повезани на интернет да бисте се пријавили на билтен.","offline-newsletter-dialog-text":"Молим Вас повежите се на интернет.","invalid-email-dialog-title":"Адреса Ваше е-поште није исправна","invalid-email-dialog-text":"Молим Вас вратите се и исправите унос.","retry":"Покушај поново","cancel":"Откажи","progressbar":{"_":"Корак {{step}} од {{total}}","ariaLabel":"Прво искуство"},"weekday-0-long":"Недеља","weekday-1-long":"Понедељак","weekday-2-long":"Уторак","weekday-3-long":"Среда","weekday-4-long":"Четвртак","weekday-5-long":"Петак","weekday-6-long":"Субота","weekday-0-short":"Нед","weekday-1-short":"Пон","weekday-2-short":"Уто","weekday-3-short":"Сре","weekday-4-short":"Чет","weekday-5-short":"Пет","weekday-6-short":"Суб","month-0-long":"јануар","month-1-long":"фебруар","month-2-long":"март","month-3-long":"април","month-4-long":"мај","month-5-long":"јун","month-6-long":"јул","month-7-long":"август","month-8-long":"септембар","month-9-long":"октобар","month-10-long":"новембар","month-11-long":"децембар","month-0-genitive":"јануара","month-1-genitive":"фебруара","month-2-genitive":"марта","month-3-genitive":"априла","month-4-genitive":"маја","month-5-genitive":"јуна","month-6-genitive":"јула","month-7-genitive":"августа","month-8-genitive":"септембра","month-9-genitive":"октобра","month-10-genitive":"новембра","month-11-genitive":"децембра","month-0-short":"јан","month-1-short":"феб","month-2-short":"мар","month-3-short":"апр","month-4-short":"мај","month-5-short":"јун","month-6-short":"јул","month-7-short":"авг","month-8-short":"сеп","month-9-short":"окт","month-10-short":"нов","month-11-short":"дец","minutes-ago-long":{"_index":["plural","value"],"_":{"zero":"управо","one":"пре минут","two":"пре {{value}} минута","few":"пре {{value}} минута","many":"пре {{value}} минута","other":"пре {{value}} минута"}},"hours-ago-long":{"_index":["plural","value"],"_":{"zero":"управо","one":"пре сат времена","two":"пре {{value}} сата","few":"пре {{value}} сати","many":"пре {{value}} сати","other":"пре {{value}} сати"}},"days-ago-long":{"_index":["plural","value"],"_":{"zero":"данас","one":"јуче","two":"пре {{value}} дана","few":"пре {{value}} дана","many":"пре {{value}} дана","other":"пре {{value}} дана"}},"weeks-ago-long":{"_index":["plural","value"],"_":{"zero":"ове недеље","one":"прошле недеље","two":"пре {{value}} недеље","few":"пре {{value}} недеља","many":"пре {{value}} недеља","other":"пре {{value}} недеља"}},"months-ago-long":{"_index":["plural","value"],"_":{"zero":"овог месеца","one":"прошлог месеца","two":"пре {{value}} месеца","few":"пре {{value}} месеци","many":"пре {{value}} месеци","other":"пре {{value}} месеци"}},"years-ago-long":{"_index":["plural","value"],"_":{"zero":"ове године","one":"прошле године","two":"пре {{value}} године","few":"пре {{value}} година","many":"пре {{value}} година","other":"пре {{value}} година"}},"minutes-until-long":{"_index":["plural","value"],"_":{"zero":"управо","one":"за један минут","two":"за {{value}} минута","few":"за {{value}} минута","many":"за {{value}} минута","other":"за {{value}} минута"}},"hours-until-long":{"_index":["plural","value"],"_":{"zero":"управо","one":"за сат времена","two":"за {{value}} сата","few":"за {{value}} сати","many":"за {{value}} сати","other":"за {{value}} сати"}},"days-until-long":{"_index":["plural","value"],"_":{"zero":"данас","one":"сутра","two":"за {{value}} дана","few":"за {{value}} дана","many":"за {{value}} дана","other":"за {{value}} дана"}},"weeks-until-long":{"_index":["plural","value"],"_":{"zero":"ове недеље","one":"следеће недеље","two":"за {{value}} недеље","few":"за {{value}} недеља","many":"за {{value}} недеља","other":"за {{value}} недеља"}},"months-until-long":{"_index":["plural","value"],"_":{"zero":"овог месеца","one":"следећег месеца","two":"за {{value}} месеца","few":"за {{value}} месеци","many":"за {{value}} месеци","other":"за {{value}} месеци"}},"years-until-long":{"_index":["plural","value"],"_":{"zero":"ове године","one":"следеће године","two":"за {{value}} године","few":"за {{value}} година","many":"за {{value}} година","other":"за {{value}} година"}},"minutes-ago-short":{"_index":["plural","value"],"_":{"zero":"управо","other":"пре {{value}}м"}},"hours-ago-short":{"_index":["plural","value"],"_":{"zero":"управо","other":"пре {{value}}с"}},"days-ago-short":{"_index":["plural","value"],"_":{"zero":"данас","other":"пре {{value}}д"}},"minutes-until-short":{"_index":["plural","value"],"_":{"zero":"управо","other":"за {{value}}м"}},"hours-until-short":{"_index":["plural","value"],"_":{"zero":"управо","other":"за {{value}}с"}},"days-until-short":{"_index":["plural","value"],"_":{"zero":"данас","other":"за {{value}}д"}},"incorrectDate":"(нетачан датум)","dateTimeFormat_%c":"%a %e %b %Y %H:%M:%S","dateTimeFormat_%x":"%d.%m.%Y","dateTimeFormat_%X":"%H:%M:%S","shortTimeFormat":"%H:%M","shortDateTimeFormat":"%x %H:%M","weekStartsOnMonday":"1","time_am":"AM","time_pm":"PM","tz-region":"Регион","tz-city":"Град","tzRegion-Africa":"Африка","tzRegion-America":"Америка","tzRegion-Antarctica":"Антарктик","tzRegion-Asia":"Азија","tzRegion-Atlantic":"Атлантски океан","tzRegion-Australia":"Аустралија","tzRegion-Europe":"Европа","tzRegion-Indian":"Индијски океан","tzRegion-Pacific":"Пацифик","close":"Затвори","import":"Увези","update":"Ажурирај","fbFriends":"FB пријатељи","live-serviceName":"Outlook","gmail-serviceName":"Gmail","facebook-serviceName":"FB пријатељи","selectAll":"Означи све","deselectAll":"Одзначи све","viewAll":"Погледај све Facebook пријатеље","viewRecommend":"Погледај само препоручене","linkProposal":{"_index":["plural","numFriends"],"_":{"zero":"Нема подударања. Приказују се сви","one":"Означи препорученог","two":"Означи препоручене","many":"Означи препоручене","few":"Означи препоручене","other":"Означи препоручене"}},"fbFriendsFound":{"_index":["plural","numFriends"],"_":{"zero":"Сви пријатељи су увезени","one":"Пронађен један пријатељ за увоз","two":"Пронађена {{numFriends}} пријатеља за увоз","few":"Пронађено {{numFriends}} пријатеља за увоз","many":"Пронађено {{numFriends}} пријатеља за увоз","other":"Пронађено {{numFriends}} пријатеља за увоз"}},"fbNoFriends":"Нема доступних контаката за увоз","search-contact":{"placeholder":"Претрага"},"noResults":"Нема пронађених контаката","done-search":"Готово","progressFB3ImportTitle":"Увожење пријатеља у контакте","progressFB":"{{current}}/{{total}}","progressFB3UpdateTitle":"Ажурирање пријатеља у контактима","message2":"Ово би могло потрајати неколико минута","messageLinking":"Молим Вас сачекајте. Повезујемо Вашег пријатеља и Ваш контакт.","messageCanceling":"Молим Вас сачекајте. Прекидамо текућу операцију.","error1":"Грешка {{from}}","error2":"Да ли желите да покушате поново?","errorProposal":"израчунавање предлога","errorFriends":"враћам пријатеље","errorLinking":"повезивање контакта","timeout1":"Истекло време чекања {{from}}","timeout2":"Да ли желите да покушате поново?","timeoutProposal":"израчунавање предлога","timeoutFriends":"враћам пријатеље","timeoutLinking":"повезивање контаката","wait1":"Молим Вас сачекајте","wait2":"Ово може да потраје неколико минута","waitProposal":"Молим Вас сачекајте. Израчунавамо предлоге.","waitFriends":"Молим Вас сачекајте. Повезујемо се да би добили Вашу листу пријатеља.","curtainCancel":"Откажи","curtainRetry":"Покушај поново","curtainOK":"У реду","connectionLost":"Нема интернет конекције","connectionLostMsg":"Слике пријатеља неће бити додате Вашим контактима. Ипак наставити?","yesOption":"У реду","noOption":"Откажи","friendsUpdated":{"_index":["plural","numFriends"],"_":{"zero":"Нема ажурираних пријатеља","one":"Ажурирај једног пријатеља","two":"Ажурирај {{numFriends}} пријатеља","few":"Ажурирај {{numFriends}} пријатеља","many":"Ажурирај {{numFriends}} пријатеља","other":"Ажурирај {{numFriends}} пријатеља"}},"friendsMerged":{"_index":["plural","numDups"],"_":{"zero":"Нема дуплираних пријатеља","one":"Један дуплиран пријатељ је спојен","two":"{{numDups}} пријатеља су спојена","few":"{{numDups}} пријатеља је спојено","many":"{{numDups}} пријатеља је спојено","other":"{{numDups}} пријатеља је спојено"}},"notificationLogin":"Ваша Facebook сесија није исправна. Молим Вас пријавите се.","syncError":"Настала је грешка током синхорнизације података Ваших пријатеља"}