{"brandShortName":"B2G OS","browserBrandShortName":"Veb pregledač","browserBrandFullName":"Mozilla veb pregledač","back":"Nazad","noSimMsg":"Da biste uvezli kontakte ubacite ili otključajte Vašu SIM karticu","noMemoryCardMsg":"Da biste uvezli kontakte ubacite memorijsku karticu","importMemoryCard":"Memorijske kartice","noConnection11":"Da biste uvezli prijatelje ili kontakte povežite se na Wi-Fi ili mrežu","simContacts-import":"Uvezite kontakte sa SIM kartice","simContacts-importing":"Uvoženje kontakata sa SIM kartice…","simContacts-reading":"Čitanje sa SIM kartice…","simContacts-error":"Nemoguće je uvesti kontakte sa SIM kartice","simContacts-imported3":{"_index":["plural","n"],"_":{"zero":"Ni jedan kontakt nije nađen na SIM kartici","one":"Uvežen je jedan kontakt","two":"Uvežena su {{n}} kontakta","few":"Uveženo je {{n}} kontakata","many":"Uveženo je {{n}} kontakata","other":"Uveženo je {{n}} kontakata"}},"memoryCardContacts-import":"Uvoz kontakata sa memorijske kartice","memoryCardContacts-importing":"Uvoz kontakata sa memorijske kartice…","memoryCardContacts-reading":"Čitam sa memorijske kartice…","memoryCardContacts-error":"Nije moguće uvesti kontakte sa memorijske kartice","memoryCardContacts-imported3":{"_index":["plural","n"],"_":{"zero":"Nisu pronađeni kontakti na memorijskoj kartici","one":"Uvezen jedan kontakt","two":"Uvezena {{n}} kontakta","few":"Uvezeno {{n}} kontakata","many":"Uvezeno {{n}} kontakata","other":"Uvezeno {{n}} kontakata"}},"genericProgress":"{{current}}/{{total}}","facebook":"Facebook","facebook-import-msg":{"_index":["plural","imported"],"_":{"zero":"0 uveženo (od ukupno {{total}})","one":"1 uvežen (od ukupno {{total}})","two":"{{imported}}/{{total}} uvežena","few":"{{imported}}/{{total}} uveženo","many":"{{imported}}/{{total}} uveženo","other":"{{imported}}/{{total}} uveženo"}},"contactsMerged":{"_index":["plural","numDups"],"_":{"zero":"Nema dupliranih kontakata","one":"Jedan dupliran kontakt je spojen","two":"{{numDups}} kontakta su spojena","few":"{{numDups}} kontakata je spojeno","many":"{{numDups}} kontakata je spojeno","other":"{{numDups}} kontakata je spojeno"}},"pincode2":"Upišite PIN","type_pin":"Upišite svoj PIN","pincodeLabel":"SIM {{n}} PIN","pinValidation":"PIN mora imati između 4 i 8 karaktera.","pinError":"Neispravan PIN kod.","pinAttemptMsg2":{"_index":["plural","n"],"_":{"one":"Imate još jedan pokušaj da unesete ispravan kod pre nego što se SIM kartica zaključa.","two":"Imate još {{n}} pokušaja da unesete ispravan kod pre nego što se SIM kartica zaključa.","few":"Imate još {{n}} pokušaja da unesete ispravan kod pre nego što se SIM kartica zaključa.","many":"Imate još {{n}} pokušaja da unesete ispravan kod pre nego što se SIM kartica zaključa.","other":"Imate još {{n}} pokušaja da unesete ispravan kod pre nego što se SIM kartica zaključa."}},"pinLastChanceMsg":"Ovo Vam je poslednja šansa da unesete ispravan PIN. U suprotnom, morate uneti PUK kod da biste koristili SIM karticu.","pukcode":"Unesite PUK kod","pukcodeTitle":"Upišite SIM {{n}} PUK","pukcodeLabel":"SIM {{n}} PUK","type_puk":"PUK kod","pukValidation":"PUK kod mora imati tačno 8 karaktera.","pukInfo":"Morate uneti lični ključ za otključavanje (PUK) za SIM karticu. Pročitajte propratnu dokumentaciju ili kontaktirajte mrežnog operatera za više informacija.","pukError":"PUK je neispravan.","pukAttemptMsg2":{"_index":["plural","n"],"_":{"one":"Imate još jedan pokušaj da unesete ispravan kod pre nego što SIM kartica bude trajno neupotrebljiva. Pročitajte propratnu dokumentaciju ili kontaktirajte mrežnog operatera za više informacija.","two":"Imate još {{n}} pokušaja da unesete ispravan kod pre nego što SIM kartica bude trajno neupotrebljiva. Pročitajte propratnu dokumentaciju ili kontaktirajte mrežnog operatera za više informacija.","few":"Imate još {{n}} pokušaja da unesete ispravan kod pre nego što SIM kartica bude trajno neupotrebljiva. Pročitajte propratnu dokumentaciju ili kontaktirajte mrežnog operatera za više informacija.","many":"Imate još {{n}} pokušaja da unesete ispravan kod pre nego što SIM kartica bude trajno neupotrebljiva. Pročitajte propratnu dokumentaciju ili kontaktirajte mrežnog operatera za više informacija.","other":"Imate još {{n}} pokušaja da unesete ispravan kod pre nego što SIM kartica bude trajno neupotrebljiva. Pročitajte propratnu dokumentaciju ili kontaktirajte mrežnog operatera za više informacija."}},"pukLastChanceMsg":"Ovo je Vaša poslednja šansa za unos ispravnog PUK koda. Vaša SIM kartica će biti zauvek neupotrebljiva ako još jednom unesete pogrešan PUK kod.","create_newpin":"Napravite novi PIN (4-8 brojeva)","confirm_newpin":"Potvrdite novi PIN","newpinConfirmation":"PIN kodovi nisu isti","nckcode":"Unesite NCK kod","cckcode":"Unesite CCK kod","spckcode":"Unesite SPCK kod","nck1code":"Unesite NCK1 kod","nck2code":"Unesite NCK2 kod","hnckcode":"Unesite HNCK kod","rcckcode":"Unesite RCCK kod","rspckcode":"Unesite RSPCK kod","nckcodeTitle":"Unesite SIM {{n}} NCK","cckcodeTitle":"Unesite SIM {{n}} CCK","spckcodeTitle":"Unesite SIM {{n}} SPCK","nck1codeTitle":"Unesite SIM {{n}} NCK1","nck2codeTitle":"Unesite SIM {{n}} NCK2","hnckcodeTitle":"Unesite SIM {{n}} HNCK","rcckcodeTitle":"Unesite SIM {{n}} RCCK","rspckcodeTitle":"Unesite SIM {{n}} RSPCK","nckcodeLabel":"SIM {{n}} NCK","cckcodeLabel":"SIM {{n}} CCK","spckcodeLabel":"SIM {{n}} SPCK","nck1codeLabel":"SIM {{n}} NCK1","nck2codeLabel":"SIM {{n}} NCK2","hnckcodeLabel":"SIM {{n}} HNCK","rcckcodeLabel":"SIM {{n}} RCCK","rspckcodeLabel":"SIM {{n}} RSPCK","type_nck":"Upišite svoj NCK kod","type_cck":"Upišite svoj CCK kod","type_spck":"Upišite svoj SPCK kod","type_nck1":"Upišite svoj NCK1 kod","type_nck2":"Upišite svoj NCK2 kod","type_hnck":"Upišite svoj HNCK kod","type_rcck":"Upišite svoj RCCK kod","type_rspck":"Upišite svoj RSPCK kod","nckValidation":"NCK kod mora imati između 8 i 16 karaktera.","cckValidation":"CCK kod mora imati između 8 i 16 karaktera.","spckValidation":"SPCK kod mora imati između 8 i 16 karaktera.","nck1Validation":"NCK1 kod mora imati između 8 i 16 karaktera.","nck2Validation":"NCK2 kod mora imati između 8 i 16 karaktera.","hnckValidation":"HNCK kod mora imati između 8 i 16 karaktera.","rcckValidation":"RCCK kod mora imati između 8 i 16 karaktera.","rspckValidation":"RSPCK kod mora imati između 8 i 16 karaktera.","nckErrorMsg":"Neispravan NCK kod.","nckAttemptMsg2":{"_index":["plural","n"],"_":{"one":"Zahtev za otključavanje telefona nije uspešan. Imate još jedan pokušaj da unesete ispravan kod. Pročitajte propratnu dokumentaciju ili kontaktirajte mrežnog operatera za više informacija.","two":"Zahtev za otključavanje telefona nije uspešan. Imate još {{n}} pokušaja da unesete ispravan kod. Pročitajte propratnu dokumentaciju ili kontaktirajte mrežnog operatera za više informacija.","few":"Zahtev za otključavanje telefona nije uspešan. Imate još {{n}} pokušaja da unesete ispravan kod. Pročitajte propratnu dokumentaciju ili kontaktirajte mrežnog operatera za više informacija.","many":"Zahtev za otključavanje telefona nije uspešan. Imate još {{n}} pokušaja da unesete ispravan kod. Pročitajte propratnu dokumentaciju ili kontaktirajte mrežnog operatera za više informacija.","other":"Zahtev za otključavanje telefona nije uspešan. Imate još {{n}} pokušaja da unesete ispravan kod. Pročitajte propratnu dokumentaciju ili kontaktirajte mrežnog operatera za više informacija."}},"nckLastChanceMsg":"Zahtev za otključavanje telefona nije uspešan. Ovo je poslednja šansa da unesete ispravan NCK kod. Pročitajte propratnu dokumentaciju ili kontaktirajte mrežnog operatera za više informacija.","skip":"Preskoči","send":"Pošalji","ok":"U redu","simLocked":"SIM kartica je zaključana","inputCodeRetriesLeft":{"_index":["plural","n"],"_":{"one":"poslednji pokušaj.","two":"preostalo {{n}} pokušaja.","few":"preostalo {{n}} pokušaja.","many":"preostalo {{n}} pokušaja.","other":"preostalo {{n}} pokušaja."}},"simManager":"SIM upravljač","simDetail":"SIM {{n}}","simDefault":"(podrzumevana)","simDefaultMessage":"Odlazni pozivi, odlazne poruke i veze podataka su po podrazumevanom postavljeni na SIM 1","simSettingsMessage":"Možete promeniti podrazumevana podešavanja: Postavke > Upravljač SIM karticama ","simPinLocked":"SIM PIN zaključan","noOperator":"Nema operatera","language":"Jezik","3g":"Mobilni podaci","dataConnection":"Prenos podataka","dataConnectionInfo":"Omogućavanje prenosa podataka će Vam omogućiti da podesite svoj telefon bez Wi-Fi mreže. Možete je omogućiti i kasnije u postavkama. Samo se postarajte da imate dobar paket usluga sa svojim mrežnim operaterom kako biste izbegli plaćanje visokih naknada.","caution":"Upozorenje","geolocation":"Geolokacija","geolocationCheckbox":"Geolokacija","geolocationInfo2":"{{brandShortName}} koristi podatke mobilne mreže, GPS i Wi-Fi podatke kako bi otkrili Vašu lokaciju.","geolocationInfoMore":"Podaci se šalju Mozilla fondaciji i ostalim pružaocima ovih usluga i biće korišćeni za upotpunjavanje baze podataka o lokacijama. Podaci mogu biti smešteni na Vašem uređaju i mogu biti poslati čak iako ni jedna aplikacija nije pokrenuta.","notice":"Obaveštenje","aboutYourPrivacy":"Više o Vašoj privatnosti","scanningNetworks":"Tražim mreže","selectNetwork":"Odaberite mrežu","shortStatus-connecting":"Povezivanje…","shortStatus-associated":"Dobavljanje IP adrese…","shortStatus-connected":"Povezano","shortStatus-connectingfailed":"Povezivanje nije uspelo","shortStatus-disconnected":"Van mreže","securedBy":"osigurano od strane {{capabilities}}","security":"Sigurnost","securityNone":"Nema","securityWEP":"WEP","securityWPA-PSK":"WPA-PSK","securityWPA-EAP":"WPA-EAP","securityOpen":"Otvoreno","identity":"Korisnik","identityInput":{"placeholder":"Korisnik"},"password":"Lozinka","passwordInput":{"placeholder":"Lozinka"},"showPassword":"Prikaži lozinku","refresh":"Osveži","noWifiFound3":"Ni jedna bežična mreža nije nađena","join-hidden-button":"Skrivena mreža","authentication":"Autentifikacija","ssid-name":"SSID naziv mreže","wifiLevel":"{{level}} od 4 crtica","networksList":"Pronađene mreže","dateAndTime":"Datum i vreme","timezoneTitle":"UTC{{utcOffset}} {{region}}/{{city}}","timeZone":"Vremenska zona","change":"Promeni","region":{"ariaLabel":"Region"},"city":{"ariaLabel":"Grad"},"date":{"ariaLabel":"Datum"},"time":{"ariaLabel":"Vreme"},"importContacts3":"Uvezi kontakte","importSim2":"SIM kartice","importFb2":"Facebook-a","importOutlook":"Outlook-a","importGmail":"Gmail-a","fb-checking":"… provera","notImportedYet":"Još nisu uvezeni","otherAccount":"Ostali nalozi","afterFbImport":"U postavkama kontakata možete u bilo kojem trenutku uvesti i urediti svoje Facebook prijatelje","firefox-accounts":"Firefox nalozi","fxa-overview":{"innerHTML":"Firefox nalog Vam dozvoljava da koristite mogućnosti kao što su Pronađi moj uređaj i aplikacije kao što je Firefox Marketplace."},"fxa-create-account-or-sign-in":"Napravi nalog ili se prijavi","fxa-email-sent":"Verifikaciona veza je poslata na e-poštu {{email}}","fxa-signed-in":"Prijavljen kao {{email}}","about-your-rights-0":"{{brandShortName}} je napravljen od strane hiljada ljudi iz globalne zajednice. Nekoliko stvari bi trebalo da znate:","about-your-rights-1":"{{brandShortName}} je dostupan pod uslovima nekoliko otvorenih licenci uključujući javnu licencu Mozilla fondacije. Uređaj koji pokreće {{brandShortName}} takođe može sadržati softver koji je vlasništvo trećih lica. Sav kod koji je pod otvorenim licencama Vam daje za pravo da izmenite izvorni kod i prosleđujete svoju modifikovanu verziju istog dok god se pridržavate uslova licenci.","about-your-rights-2":"Nisu Vam odobrena bilo kakva prava ili licence koje se odnose na zaštitni znak Mozilla fondacije ili trećih lica, uključujući {{brandShortName}} naziv ili logotip.","about-your-rights-3":"Neke mogućnosti programa {{brandShortName}}, kao što je izveštač o greškama, Vam pružaju mogućnost da pošaljete povratne informacije Mozilla fondaciji. Ako odlučite da pošaljete povratne informacije, time dajete Mozilla fondaciji dozvolu da koristi te informacije u cilju poboljšanja svojih proizvoda, da objavi te informacije na svom sajtu kao i da ih deli.","about-other":"Ostalo","SIM_mandatory":"Upozorenje SIM kartice","SIM_mandatory_warm":"Molim Vas, umetnite SIM karticu i ponovo pokrenite telefon.","telemetry-sends2":"Telemetrija šalje Mozilla fondaciji informacije o performansama, hardveru, konfiguraciji, korišćenju aplikacija i podešavanjima Vašeg {{brandShortName}} uređaja. Ove informacije koristimo da bismo unapredili naše proizvode, učinili ih bržim i efikasnijim.","learn-more-telemetry":{"innerHTML":"Saznajte više na {{link}}"},"learn-more-information":{"innerHTML":"Saznajte kako Mozilla rukuje sa informacijama na {{link}}"},"welcomeBrowser":"Dobrodošli u {{brandShortName}}, besplatan operativni sistem otvorenog koda. Naša misija je promovisanje otvorenosti, inovacija i mogućnosti tako što ostavljamo svu moć veba u Vašim rukama.","learn-more-privacy":{"innerHTML":"Saznajte kako Mozilla rukuje sa informacijama na {{link}}."},"learn-more-privacy-link":"polisa privatnosti","aboutBrowser":"O {{brandShortName}}","aboutYourPrivacy2":"Vaša privatnost","mozillaCommunity2":"Kada koristite {{brandShortName}}, postajete deo globalne zajednice koja pomaže u izgradnji svetlije budućnosti veba. Ako želite da saznate više o Mozilla zajednici, našim projektima i događajima blizu Vas, molimo Vas unesite adresu svoje e-pošte u polje ispod.","sharePerformanceAndUsageData":"Želim da pomognem u poboljšanju {{brandShortName}}-a tako što ću deliti podatke o mom telefonu i načinu na koji ga koristim.","learnMore":"Saznajte više.","emailAddress":{"placeholder":"Adresa e-pošte"},"email-successfully-added":"Adresa je uspešno dodata","email-loading":"Pamćenje Vaše e-pošte…","privacy-b2g":{"_":"{{brandShortName}}","title":"{{brandShortName}}"},"privacy-marketplace":{"_":"Marketplace","title":"{{privacy-marketplace}}"},"privacy-eme":"EverythingMe","privacy-e-me":{"_":"everything.me","title":"{{privacy-e-me}}"},"navbar-back":"Nazad","navbar-next":"Sledeće","navbar-join":"Priključi se","done":"Gotovo","thatsIt":"To je to!","startYourPhone":"Upoznajte se sa telefonom!","startYourTablet":"Započnite vodič za Vaš tablet!","joinTutorial":"Pogledajte brzo uputstvo za Vaš nov telefon.","enjoyYourPhone":"Spremni ste da uživate koristeći svoj nov telefon.","optionsAvailable":"U postavkama možete promeniti jezik, datum/vreme i Wi-Fi.","letsGo":"Idemo","startTour":"Započni vodič","whatsNew":"Šta je novo","updatedSuccessfully":"Vaš telefon je uspešno ažuriran! Započnite vodič da biste saznali o novim mogućnostima.","thatsIt1Tablet-2":"Uvek možete da prevučete sa donje ivice da biste došli na početni ekran.","thatsIt2Tablet-2":"Hajde da to uradimo!","tutorial":"Vodič","tutorial-step1-tiny":"Prevucite prstom sa desne na levu stranu da biste pregledali aplikacije.","tutorial-step2-tiny":"Pritisnite i držite prstom neku ikonicu aplikacije da biste je izbrisali ili pomerili.","tutorial-step3-tiny":"Unesite bilo koju ključnu reč ili temu i Vaš telefon će se odmah prilagoditi.","tutorial-step4-tiny":"Prevucite prstom na dole da biste pristupili skorijim obaveštenjima, informacijama o kreditu i postavkama.","tutorial-step5-tiny":"Pritisnite i držite prstom dugme za početni ekran da biste pregledali skoro korišćene aplikacije.","tutorial-step6-tiny":"Prevucite prstom od strane ekrana da biste se kretali između aktivnih aplikacija.","tutorial-step1-large-2":"Prevucite prstom na dole da biste pristupili skorijim obaveštenjima, informacijama o kreditu i postavkama.","tutorial-step2-large-2":"Prevucite prstom levo ili desno da biste otkrili nove aplikacije na početnom ekranu.","tutorial-step3-large-2":"Pritisnite i držite prstom neku ikonicu aplikacije da biste je izbrisali ili pomerili.","tutorial-step4-large-2":"Prevucite sa dva prsta od dole da biste aktivirali prikaz kartice.","tutorial-vertical-scroll-tiny":"Prevucite prstom na dole i pregledavajte Vaše aplikacije. Pritisnite ili držite ikonicu da biste je premestili ili izbrisali.","tutorial-notifications-tiny":"Prevucite prstom na dole da biste videli nedavna obaveštenja, informacije o kreditu i postavke.","tutorial-sheets-tiny":"Prevucite prstom sa leve ivice ekrana da se vratite na nedavno korištene aplikacije.","offline-dialog-title":"Morate biti povezani na internet da biste videli stranicu.","offline-dialog-text":"Molim Vas povežite se na internet. Ovu stranicu možete takođe pogledati kasnije iz menija postavki ili ako unesete adresu {{url}} u bilo koji pregledač interneta.","OK":"U redu","offline-newsletter-dialog-title":"Morate biti povezani na internet da biste se prijavili na bilten.","offline-newsletter-dialog-text":"Molim Vas povežite se na internet.","invalid-email-dialog-title":"Adresa Vaše e-pošte nije ispravna","invalid-email-dialog-text":"Molim Vas vratite se i ispravite unos.","retry":"Pokušaj ponovo","cancel":"Otkaži","progressbar":{"_":"Korak {{step}} od {{total}}","ariaLabel":"Prvo iskustvo"},"weekday-0-long":"Nedelja","weekday-1-long":"Ponedeljak","weekday-2-long":"Utorak","weekday-3-long":"Sreda","weekday-4-long":"Četvrtak","weekday-5-long":"Petak","weekday-6-long":"Subota","weekday-0-short":"Ned","weekday-1-short":"Pon","weekday-2-short":"Uto","weekday-3-short":"Sre","weekday-4-short":"Čet","weekday-5-short":"Pet","weekday-6-short":"Sub","month-0-long":"januar","month-1-long":"februar","month-2-long":"mart","month-3-long":"april","month-4-long":"maj","month-5-long":"jun","month-6-long":"jul","month-7-long":"avgust","month-8-long":"septembar","month-9-long":"oktobar","month-10-long":"novembar","month-11-long":"decembar","month-0-genitive":"januara","month-1-genitive":"februara","month-2-genitive":"marta","month-3-genitive":"aprila","month-4-genitive":"maja","month-5-genitive":"juna","month-6-genitive":"jula","month-7-genitive":"avgusta","month-8-genitive":"septembra","month-9-genitive":"oktobra","month-10-genitive":"novembra","month-11-genitive":"decembra","month-0-short":"jan","month-1-short":"feb","month-2-short":"mar","month-3-short":"apr","month-4-short":"maj","month-5-short":"jun","month-6-short":"jul","month-7-short":"avg","month-8-short":"sep","month-9-short":"okt","month-10-short":"nov","month-11-short":"dec","minutes-ago-long":{"_index":["plural","value"],"_":{"zero":"upravo","one":"pre minut","two":"pre {{value}} minuta","few":"pre {{value}} minuta","many":"pre {{value}} minuta","other":"pre {{value}} minuta"}},"hours-ago-long":{"_index":["plural","value"],"_":{"zero":"upravo","one":"pre sat vremena","two":"pre {{value}} sata","few":"pre {{value}} sati","many":"pre {{value}} sati","other":"pre {{value}} sati"}},"days-ago-long":{"_index":["plural","value"],"_":{"zero":"danas","one":"juče","two":"pre {{value}} dana","few":"pre {{value}} dana","many":"pre {{value}} dana","other":"pre {{value}} dana"}},"weeks-ago-long":{"_index":["plural","value"],"_":{"zero":"ove nedelje","one":"prošle nedelje","two":"pre {{value}} nedelje","few":"pre {{value}} nedelja","many":"pre {{value}} nedelja","other":"pre {{value}} nedelja"}},"months-ago-long":{"_index":["plural","value"],"_":{"zero":"ovog meseca","one":"prošlog meseca","two":"pre {{value}} meseca","few":"pre {{value}} meseci","many":"pre {{value}} meseci","other":"pre {{value}} meseci"}},"years-ago-long":{"_index":["plural","value"],"_":{"zero":"ove godine","one":"prošle godine","two":"pre {{value}} godine","few":"pre {{value}} godina","many":"pre {{value}} godina","other":"pre {{value}} godina"}},"minutes-until-long":{"_index":["plural","value"],"_":{"zero":"upravo","one":"za jedan minut","two":"za {{value}} minuta","few":"za {{value}} minuta","many":"za {{value}} minuta","other":"za {{value}} minuta"}},"hours-until-long":{"_index":["plural","value"],"_":{"zero":"upravo","one":"za sat vremena","two":"za {{value}} sata","few":"za {{value}} sati","many":"za {{value}} sati","other":"za {{value}} sati"}},"days-until-long":{"_index":["plural","value"],"_":{"zero":"danas","one":"sutra","two":"za {{value}} dana","few":"za {{value}} dana","many":"za {{value}} dana","other":"za {{value}} dana"}},"weeks-until-long":{"_index":["plural","value"],"_":{"zero":"ove nedelje","one":"sledeće nedelje","two":"za {{value}} nedelje","few":"za {{value}} nedelja","many":"za {{value}} nedelja","other":"za {{value}} nedelja"}},"months-until-long":{"_index":["plural","value"],"_":{"zero":"ovog meseca","one":"sledećeg meseca","two":"za {{value}} meseca","few":"za {{value}} meseci","many":"za {{value}} meseci","other":"za {{value}} meseci"}},"years-until-long":{"_index":["plural","value"],"_":{"zero":"ove godine","one":"sledeće godine","two":"za {{value}} godine","few":"za {{value}} godina","many":"za {{value}} godina","other":"za {{value}} godina"}},"minutes-ago-short":{"_index":["plural","value"],"_":{"zero":"upravo","other":"pre {{value}}m"}},"hours-ago-short":{"_index":["plural","value"],"_":{"zero":"upravo","other":"pre {{value}}s"}},"days-ago-short":{"_index":["plural","value"],"_":{"zero":"danas","other":"pre {{value}}d"}},"minutes-until-short":{"_index":["plural","value"],"_":{"zero":"upravo","other":"za {{value}}m"}},"hours-until-short":{"_index":["plural","value"],"_":{"zero":"upravo","other":"za {{value}}s"}},"days-until-short":{"_index":["plural","value"],"_":{"zero":"danas","other":"za {{value}}d"}},"incorrectDate":"(netačan datum)","dateTimeFormat_%c":"%a %e %b %Y %H:%M:%S","dateTimeFormat_%x":"%d.%m.%Y","dateTimeFormat_%X":"%H:%M:%S","shortTimeFormat":"%H:%M","shortDateTimeFormat":"%x %H:%M","weekStartsOnMonday":"1","time_am":"AM","time_pm":"PM","tz-region":"Region","tz-city":"Grad","tzRegion-Africa":"Afrika","tzRegion-America":"Amerika","tzRegion-Antarctica":"Antarktik","tzRegion-Asia":"Azija","tzRegion-Atlantic":"Atlantski okean","tzRegion-Australia":"Australija","tzRegion-Europe":"Evropa","tzRegion-Indian":"Indijski okean","tzRegion-Pacific":"Pacifik","close":"Zatvori","import":"Uvezi","update":"Ažuriraj","fbFriends":"FB prijatelji","live-serviceName":"Outlook","gmail-serviceName":"Gmail","facebook-serviceName":"FB prijatelji","selectAll":"Označi sve","deselectAll":"Odznači sve","viewAll":"Pogledaj sve Facebook prijatelje","viewRecommend":"Pogledaj samo preporučene","linkProposal":{"_index":["plural","numFriends"],"_":{"zero":"Nema podudaranja. Prikazuju se svi","one":"Označi preporučenog","two":"Označi preporučene","many":"Označi preporučene","few":"Označi preporučene","other":"Označi preporučene"}},"fbFriendsFound":{"_index":["plural","numFriends"],"_":{"zero":"Svi prijatelji su uvezeni","one":"Pronađen jedan prijatelj za uvoz","two":"Pronađena {{numFriends}} prijatelja za uvoz","few":"Pronađeno {{numFriends}} prijatelja za uvoz","many":"Pronađeno {{numFriends}} prijatelja za uvoz","other":"Pronađeno {{numFriends}} prijatelja za uvoz"}},"fbNoFriends":"Nema dostupnih kontakata za uvoz","search-contact":{"placeholder":"Pretraga"},"noResults":"Nema pronađenih kontakata","done-search":"Gotovo","progressFB3ImportTitle":"Uvoženje prijatelja u kontakte","progressFB":"{{current}}/{{total}}","progressFB3UpdateTitle":"Ažuriranje prijatelja u kontaktima","message2":"Ovo bi moglo potrajati nekoliko minuta","messageLinking":"Molim Vas sačekajte. Povezujemo Vašeg prijatelja i Vaš kontakt.","messageCanceling":"Molim Vas sačekajte. Prekidamo tekuću operaciju.","error1":"Greška {{from}}","error2":"Da li želite da pokušate ponovo?","errorProposal":"izračunavanje predloga","errorFriends":"vraćam prijatelje","errorLinking":"povezivanje kontakta","timeout1":"Isteklo vreme čekanja {{from}}","timeout2":"Da li želite da pokušate ponovo?","timeoutProposal":"izračunavanje predloga","timeoutFriends":"vraćam prijatelje","timeoutLinking":"povezivanje kontakata","wait1":"Molim Vas sačekajte","wait2":"Ovo može da potraje nekoliko minuta","waitProposal":"Molim Vas sačekajte. Izračunavamo predloge.","waitFriends":"Molim Vas sačekajte. Povezujemo se da bi dobili Vašu listu prijatelja.","curtainCancel":"Otkaži","curtainRetry":"Pokušaj ponovo","curtainOK":"U redu","connectionLost":"Nema internet konekcije","connectionLostMsg":"Slike prijatelja neće biti dodate Vašim kontaktima. Ipak nastaviti?","yesOption":"U redu","noOption":"Otkaži","friendsUpdated":{"_index":["plural","numFriends"],"_":{"zero":"Nema ažuriranih prijatelja","one":"Ažuriraj jednog prijatelja","two":"Ažuriraj {{numFriends}} prijatelja","few":"Ažuriraj {{numFriends}} prijatelja","many":"Ažuriraj {{numFriends}} prijatelja","other":"Ažuriraj {{numFriends}} prijatelja"}},"friendsMerged":{"_index":["plural","numDups"],"_":{"zero":"Nema dupliranih prijatelja","one":"Jedan dupliran prijatelj je spojen","two":"{{numDups}} prijatelja su spojena","few":"{{numDups}} prijatelja je spojeno","many":"{{numDups}} prijatelja je spojeno","other":"{{numDups}} prijatelja je spojeno"}},"notificationLogin":"Vaša Facebook sesija nije ispravna. Molim Vas prijavite se.","syncError":"Nastala je greška tokom sinhornizacije podataka Vaših prijatelja"}