{"brandShortName":"B2G OS","browserBrandShortName":"Web Tarayıcısı","browserBrandFullName":"Mozilla Web Tarayıcısı","back":"Geri dön","noSimMsg":"Kişileri içeri aktarmak için SIM kartınızı takın veya kartın kilidini açın","noMemoryCardMsg":"Kişileri içeri aktarmak için bir bellek kartı takın","importMemoryCard":"Bellek kartı","noConnection11":"Facebook arkadaşlarınızı veya kişilerinizi içeri aktarmak için Wi-Fi veya veri ağına bağlanın","simContacts-import":"SIM kişilerini içeri aktar","simContacts-importing":"SIM kişileri içeri aktarılıyor…","simContacts-reading":"SIM karttan okunuyor…","simContacts-error":"Kişiler SIM'den içeri aktarılamadı","simContacts-imported3":{"_index":["plural","n"],"_":{"zero":"SIM'de içeri aktarılacak kişi bulunamadı","one":"Bir kişi içeri aktarıldı","two":"{{n}} kişi içeri aktarıldı","few":"{{n}} kişi içeri aktarıldı","many":"{{n}} kişi içeri aktarıldı","other":"{{n}} kişi içeri aktarıldı"}},"memoryCardContacts-import":"Kişileri bellek kartından içeri aktar","memoryCardContacts-importing":"Kişiler bellek kartından içeri aktarılıyor…","memoryCardContacts-reading":"Bellek kartı okunuyor…","memoryCardContacts-error":"Kişiler bellek kartından içeri aktarılamadı","memoryCardContacts-imported3":{"_index":["plural","n"],"_":{"zero":"Bellek kartında içeri aktarılacak kişi bulunamadı","one":"Bir kişi içeri aktarıldı","two":"{{n}} kişi içeri aktarıldı","few":"{{n}} kişi içeri aktarıldı","many":"{{n}} kişi içeri aktarıldı","other":"{{n}} kişi içeri aktarıldı"}},"genericProgress":"{{current}}/{{total}}","facebook":"Facebook","facebook-import-msg":{"_index":["plural","imported"],"_":{"zero":"Hiçbir arkadaşınız içeri aktarılmadı ({{total}} kişiden)","one":"1 arkadaşınız aktarıldı ({{total}} kişiden)","two":"{{imported}}/{{total}} arkadaşınız aktarıldı","few":"{{imported}}/{{total}} arkadaşınız aktarıldı","many":"{{imported}}/{{total}} arkadaşınız aktarıldı","other":"{{imported}}/{{total}} arkadaşınız aktarıldı"}},"contactsMerged":{"_index":["plural","numDups"],"_":{"zero":"Hiç çift kişi birleştirilmedi","one":"1 çift kişi birleştirildi","two":"{{numDups}} kişi birleştirildi","few":"{{numDups}} kişi birleştirildi","many":"{{numDups}} kişi birleştirildi","other":"{{numDups}} kişi birleştirildi"}},"pincode2":"PIN kodunu girin","type_pin":"PIN kodunuzu yazın","pincodeLabel":"SIM {{n}} PIN'i","pinValidation":"PIN uzunluğu 4 ile 8 karakter arasında olmalıdır.","pinError":"PIN yanlış.","pinAttemptMsg2":{"_index":["plural","n"],"_":{"one":"SIM kartı kilitlemeksizin bir kez giriş hakkınız kaldı.","two":"SIM kart kilitlenmeden önce doğru kodu girmek için {{n}} deneme hakkınız kaldı.","few":"SIM kart kilitlenmeden önce doğru kodu girmek için {{n}} deneme hakkınız kaldı.","many":"SIM kart kilitlenmeden önce doğru kodu girmek için {{n}} deneme hakkınız kaldı.","other":"SIM kart kilitlenmeden önce doğru kodu girmek için {{n}} deneme hakkınız kaldı."}},"pinLastChanceMsg":"Doğru PIN'i girmek için son şansınız. Aksi halde bu SIM kartını kullanmak için PUK kodunu girmeniz gerekecek.","pukcode":"PUK kodunu girin","pukcodeTitle":"SIM {{n}} PUK'unu girin","pukcodeLabel":"SIM {{n}} PUK'u","type_puk":"PUK kodu","pukValidation":"PUK kodu tam olarak 8 basamaklı olmalıdır.","pukInfo":"SIM kartınızın Kişisel Kilit Açma Anahtarı (PUK) kodunu girmelisiniz. Daha fazla bilgi için SIM kartınızın belgelerine bakın veya operatörünüzle iletişime geçin.","pukError":"                  PUK yanlış.                ","pukAttemptMsg2":{"_index":["plural","n"],"_":{"one":"Bu SIM kart kalıcı olarak kullanım dışı kalmadan önce doğru kodu girmek için bir deneme hakkınız kaldı. Daha fazla bilgi için SIM kart belgelerine bakın veya operatörünüze başvurun.","two":"Bu SIM kart kalıcı olarak kullanım dışı kalmadan önce doğru kodu girmek için {{n}} deneme hakkınız kaldı. Daha fazla bilgi için SIM kart belgelerine bakın veya operatörünüze başvurun.","few":"Bu SIM kart kalıcı olarak kullanım dışı kalmadan önce doğru kodu girmek için {{n}} deneme hakkınız kaldı. Daha fazla bilgi için SIM kart belgelerine bakın veya operatörünüze başvurun.","many":"Bu SIM kart kalıcı olarak kullanım dışı kalmadan önce doğru kodu girmek için {{n}} deneme hakkınız kaldı. Daha fazla bilgi için SIM kart belgelerine bakın veya operatörünüze başvurun.","other":"Bu SIM kart kalıcı olarak kullanım dışı kalmadan önce doğru kodu girmek için {{n}} deneme hakkınız kaldı. Daha fazla bilgi için SIM kart belgelerine bakın veya operatörünüze başvurun."}},"pukLastChanceMsg":"Doğru PUK kodunu girmek için son deneme hakkınız. Yanlış PUK kodu girerseniz, SIM kartınız kalıcı olarak kullanım dışı kalacak.","create_newpin":"Yeni PIN'i oluşturun (4-8 basamaklı)","confirm_newpin":"Yeni PIN'i onaylayın","newpinConfirmation":"PIN'ler uyuşmuyor","nckcode":"NCK kodunu girin","cckcode":"CCK kodunu girin","spckcode":"SPCK kodunu girin","nck1code":"NCK1 kodunu girin","nck2code":"NCK2 kodunu girin","hnckcode":"HNCK kodunu girin","rcckcode":"RCCK kodunu girin","rspckcode":"RSPCK kodunu girin","nckcodeTitle":"SIM {{n}} NCK kodunu girin","cckcodeTitle":"SIM {{n}} CCK kodunu girin","spckcodeTitle":"SIM {{n}} SPCK kodunu girin","nck1codeTitle":"SIM {{n}} NCK1 kodunu girin","nck2codeTitle":"SIM {{n}} NCK2 kodunu girin","hnckcodeTitle":"SIM {{n}} HNCK kodunu girin","rcckcodeTitle":"SIM {{n}} RCCK kodunu girin","rspckcodeTitle":"SIM {{n}} RSPCK kodunu girin","nckcodeLabel":"SIM {{n}} NCK kodu","cckcodeLabel":"SIM {{n}} CCK kodu","spckcodeLabel":"SIM {{n}} SPCK kodu","nck1codeLabel":"SIM {{n}} NCK1","nck2codeLabel":"SIM {{n}} NCK2","hnckcodeLabel":"SIM {{n}} HNCK","rcckcodeLabel":"SIM {{n}} RCCK","rspckcodeLabel":"SIM {{n}} RSPCK","type_nck":"NCK kodunuzu yazın","type_cck":"CCK kodunuzu yazın","type_spck":"SPCK kodunuzu yazın","type_nck1":"NCK1 kodunuzu yazın","type_nck2":"NCK2 kodunuzu yazın","type_hnck":"HNCK kodunuzu yazın","type_rcck":"RCCK kodunuzu yazın","type_rspck":"RSPCK kodunuzu yazın","nckValidation":"NCK uzunluğu 4 ile 8 karakter arasında olmalıdır.","cckValidation":"CCK uzunluğu 4 ile 8 karakter arasında olmalıdır.","spckValidation":"SPCK uzunluğu 4 ile 8 karakter arasında olmalıdır.","nck1Validation":"NCK1 uzunluğu 8 ile 16 karakter arasında olmalıdır.","nck2Validation":"NCK2 uzunluğu 8 ile 16 karakter arasında olmalıdır.","hnckValidation":"HNCK uzunluğu 8 ile 16 karakter arasında olmalıdır.","rcckValidation":"RCCK uzunluğu 8 ile 16 karakter arasında olmalıdır.","rspckValidation":"RSPCK uzunluğu 8 ile 16 karakter arasında olmalıdır.","nckErrorMsg":"NCK kodu yanlış.","nckAttemptMsg2":{"_index":["plural","n"],"_":{"one":"Şebeke kişiselleştirmesini kaldırma isteği başarısız oldu. Doğru kodu girmek için bir hakkınız kaldı. Daha fazla bilgi için aygıt belgelerinize bakın veya operatörünüzle iletişime geçin.","two":"Şebeke kişiselleştirmesini kaldırma isteği başarısız oldu. Doğru kodu girmek için {{n}} hakkınız kaldı. Daha fazla bilgi için aygıt belgelerinize bakın veya operatörünüzle iletişime geçin.","few":"Şebeke kişiselleştirmesini kaldırma isteği başarısız oldu. Doğru kodu girmek için {{n}} hakkınız kaldı. Daha fazla bilgi için aygıt belgelerinize bakın veya operatörünüzle iletişime geçin.","many":"Şebeke kişiselleştirmesini kaldırma isteği başarısız oldu. Doğru kodu girmek için {{n}} hakkınız kaldı. Daha fazla bilgi için aygıt belgelerinize bakın veya operatörünüzle iletişime geçin.","other":"Şebeke kişiselleştirmesini kaldırma isteği başarısız oldu. Doğru kodu girmek için {{n}} hakkınız kaldı. Daha fazla bilgi için aygıt belgelerinize bakın veya operatörünüzle iletişime geçin."}},"nckLastChanceMsg":"Şebeke kişiselleştirmesini kaldırma isteği başarısız oldu. Doğru NCK kodunu girmek için son şansınız. Daha fazla bilgi için aygıt belgelerinize bakın veya operatörünüzle iletişime geçin.","skip":"Atla","send":"Gönder","ok":"Tamam","simLocked":"SIM kart kilitli","inputCodeRetriesLeft":{"_index":["plural","n"],"_":{"one":"son hakkınız.","two":"{{n}} hakkınız kaldı.","few":"{{n}} hakkınız kaldı.","many":"{{n}} hakkınız kaldı.","other":"{{n}} hakkınız kaldı."}},"simManager":"SIM Yöneticisi","simDetail":"SIM {{n}}","simDefault":"(varsayılan)","simDefaultMessage":"Giden aramalar, giden mesajlar ve veri bağlantısı varsayılan olarak SIM 1'e ayarlıdır","simSettingsMessage":"Varsayaılan ayarları Ayarlar > SIM yöneticisi üzerinden değiştirebilirsiniz","simPinLocked":"SIM PIN kilitli","noOperator":"Operatör yok","language":"Dil","3g":"Hücresel Veri","dataConnection":"Veriyi Etkinleştir","dataConnectionInfo":"Şimdi veri bağlantısını etkinleştirmek, telefonunuzu Wi-Fi bağlantısı olmadan kurmanıza izin verecektir. Ayrıca daha sonra Ayarlar'dan da etkinleştirebilirsiniz. Çok yüksek ücretlendirmelere maruz kalmamak için internet paketinizin olduğundan emin olun.","caution":"Uyarı","geolocation":"Coğrafi konum","geolocationCheckbox":"Coğrafi konum etkin","geolocationInfo2":"{{brandShortName}}, yaklaşık konumunuzu belirlemek için GPS, Wi-Fi ve yakınınızdaki mobil şebeke verilerini kullanır.","geolocationInfoMore":"Bu veriler Mozilla'ya ve diğer servis sağlayıcılara gönderilerek konum veritabanlarını geliştirmek için kullanılır. Veriler cihazınızda depolanabilir ve hiçbir uygulama çalışmadığı sırada bile veri toplanabilir.","notice":"Uyarı","aboutYourPrivacy":"Gizliliğiniz hakkında daha fazla bilgi","scanningNetworks":"Ağlar taranıyor","selectNetwork":"Bir ağ seçin","shortStatus-connecting":"Bağlanıyor…","shortStatus-associated":"IP adresi alınıyor…","shortStatus-connected":"Bağlandı","shortStatus-connectingfailed":"Bağlantı başarısız","shortStatus-disconnected":"Çevrimdışı","securedBy":"{{capabilities}} ile korunuyor","security":"Güvenlik","securityNone":"Yok","securityWEP":"WEP","securityWPA-PSK":"WPA-PSK","securityWPA-EAP":"WPA-EAP","securityOpen":"Açık","identity":"Kullanıcı","identityInput":{"placeholder":"Kullanıcı"},"password":"Parola","passwordInput":{"placeholder":"Parola"},"showPassword":"Parolayı göster","refresh":"Yenile","noWifiFound3":"Kablosuz ağ bulunamadı","join-hidden-button":"Gizli ağa katıl","authentication":"Kimlik doğrulama","ssid-name":"SSID ağ adı","wifiLevel":"4 üzerinden {{level}} çubuk","networksList":"Ağlar bulundu","dateAndTime":"Tarih ve saat","timezoneTitle":"UTC{{utcOffset}} {{region}}/{{city}}","timeZone":"Saat dilimi","change":"Değiştir","region":{"ariaLabel":"Bölge"},"city":{"ariaLabel":"Şehir"},"date":{"ariaLabel":"Tarih"},"time":{"ariaLabel":"Saat"},"importContacts3":"Kişileri içeri aktar","importSim2":"SIM kart","importFb2":"Facebook","importOutlook":"Outlook","importGmail":"Gmail","fb-checking":"… kontrol ediliyor","notImportedYet":"Henüz aktarılmadı","otherAccount":"Diğer hesaplar","afterFbImport":"İstediğiniz zaman Facebook arkadaşlarınızı Kişiler ayarlarından içeri aktarabilir ve düzenleyebilirsiniz","firefox-accounts":"Firefox Hesapları","fxa-overview":{"innerHTML":"Firefox Hesabı, Cihazımı Bul gibi özellikleri ve Firefox Marketplace gibi uygulamaları kullanmanızı sağlar."},"fxa-create-account-or-sign-in":"Hesap oluştur veya oturum aç","fxa-email-sent":"{{email}} adresine doğrulama linki gönderildi","fxa-signed-in":"{{email}} adresiyle giriş yapıldı","about-your-rights-0":"{{brandShortName}} tüm dünyadan binlerce kişilik bir topluluk tarafından özgür ve açık kaynaklı yazılımlarla inşa edilmiştir. Bilmeniz gereken bir kaç şey var:","about-your-rights-1":"{{brandShortName}} Mozilla Kamu Lisansı da dahil olmak üzere birçok açık yazılım lisansı koşulları altında kullanımınıza sunulmuştur. {{brandShortName}} çalıştıran bir aygıt üçüncü şahıslara ait lisanslı yazılımlar da içeriyor olabilir. Koşullarına uyduğunuz sürece açık lisanslar altında sunulan tüm kodlar, size kaynak kodunda değişiklik yapma ve değiştirilmiş sürümleri dağıtma hakkı verir.","about-your-rights-2":"{{brandShortName}} ismi ve logosu da dahil olmak üzere ama bunlarla sınırlı kalmamak üzere, Mozilla Foundation veya herhangi bir partinin ticari marka hakları veya ticari markalarının lisansları verilmemiştir.","about-your-rights-3":"{{brandShortName}} üzerindeki Çökme Raporlayıcısı gibi bazı özellikler size Mozilla'ya geri bildirimde bulunma seçeneği sunar. Geri bildirimde bulunmayı tercih ederseniz, Mozilla'ya ürünlerini geliştirmek için bu geri bildirimi kullanma, geri bildirimi web sitelerinde yayımlama ve geri bildirimi dağıtma izni vermiş olursunuz.","about-other":"Diğer","SIM_mandatory":"SIM Kart Uyarısı","SIM_mandatory_warm":"Lütfen bir SIM kart takıp telefonunuzu yeniden başlatın.","telemetry-sends2":"Telemetry Mozilla'ya {{brandShortName}} aygıtınızdaki performans, donanım, yapılandırma, kişiselleştirmeler ve uygulama kullanımı hakkında veriler gönderir. Bunları ürünlerimizi daha iyi, daha hızlı ve daha duyarlı yapmak için kullanırız.","learn-more-telemetry":{"innerHTML":"{{link}} adresinden daha fazla bilgi alabilirsiniz"},"learn-more-information":{"innerHTML":"Mozilla'nın bilgilerinizi nasıl kullandığını {{link}} sayfasından öğrenin"},"welcomeBrowser":"Mozilla'nın ücretsiz ve açık kaynaklı işletim sistemi {{brandShortName}}'e hoş geldiniz. Misyonumuz web'in gücünü size teslim ederek açıklık, yenilik ve fırsat eşitliğini desteklemektir.","learn-more-privacy":{"innerHTML":"Mozilla'nın bilgilerinizi nasıl kullandığını {{link}} sayfasından öğrenin."},"learn-more-privacy-link":"gizlilik ilkelerimizden öğrenin","aboutBrowser":"{{brandShortName}} Hakkında","aboutYourPrivacy2":"Gizliliğiniz","mozillaCommunity2":"{{brandShortName}} kullandığınızda, web için parlak bir gelecek inşa etmeye yardım eden küresel bir topluluğun parçası olursunuz. Mozilla topluluğu, diğer ürünlerimiz ve etkinliklerimiz hakkında daha fazla bilgi almak isterseniz lütfen aşağıya e-posta adresinizi girin.","sharePerformanceAndUsageData":"Telefonum ve kullanımımla ilgili verileri paylaşarak {{brandShortName}} gelişimine yardım etmek istiyorum.","learnMore":"Daha fazlasını öğren.","emailAddress":{"placeholder":"E-posta adresi"},"email-successfully-added":"E-posta başarıyla eklendi","email-loading":"E-postanız kaydediliyor…","privacy-b2g":{"_":"{{brandShortName}}","title":"{{brandShortName}}"},"privacy-marketplace":{"_":"Marketplace","title":"{{privacy-marketplace}}"},"privacy-eme":"EverythingMe","privacy-e-me":{"_":"everything.me","title":"{{privacy-e-me}}"},"navbar-back":"Geri","navbar-next":"İleri","navbar-join":"Katıl","done":"Bitti","thatsIt":"İşte bu kadar!","startYourPhone":"Telefon turunuza başlayın!","startYourTablet":"Tablet turuna başlayın!","joinTutorial":"Yeni telefonunuzu tanımak için hızlı bir tura çıkalım.","enjoyYourPhone":"Yeni telefonunuzun keyfini çıkarmaya hazırsınız.","optionsAvailable":"Dili, tarihi/saati ve Wi-Fi bağlantısını ayarlardan değiştirebilirsiniz.","letsGo":"Haydi başlayalım","startTour":"Turu başlat","whatsNew":"What’s new","updatedSuccessfully":"Your phone has updated successfully! Start the tour to find out more about the new features.","thatsIt1Tablet-2":"Ana ekrana girmek için her zaman alt kenardan çekip sürükleyebilirsiniz.","thatsIt2Tablet-2":"Başlayalım!","tutorial":"Öğretici","tutorial-step1-tiny":"Uygulamalarınızı görmek için sağdan sola kaydırın.","tutorial-step2-tiny":"Bir simgeyi silmek veya taşımak için dokunun ve basılı tutun.","tutorial-step3-tiny":"Bir anahtar kelime veya konu girdiğiniz telefonunuz ona uyum sağlayacaktır.","tutorial-step4-tiny":"Son bildirimlere, kredi bilgisine ve ayarlara erişmek için aşağı doğru kaydırın.","tutorial-step5-tiny":"Son uygulamaları görmek ve kapatmak için ana ekran düğmesine dokunun ve bekleyin.","tutorial-step6-tiny":"Son uygulamalar arasında ileri ve geri gitmek için ekranın kenarından tutup çekin.","tutorial-step1-large-2":"Son bildirimlere, kredi bilgisine ve ayarlara erişmek için üstten aşağıya doğru kaydırın.","tutorial-step2-large-2":"Yeni uygulamalar keşfetmek için ana ekranda sola veya sağa kaydırın.","tutorial-step3-large-2":"Bir simgeyi silmek veya taşımak için ona dokunun ve basılı tutun.","tutorial-step4-large-2":"Kart görünümünü açmak için alt kenardan iki parmakla tutup çekin.","tutorial-vertical-scroll-tiny":"Uygulamalarınıza göz atmak için yukarı ve aşağı kaydırın. Taşımak veya silmek için bir simgeye dokunup bekleyin.","tutorial-notifications-tiny":"Son bildirimlere, kredi bilgisine ve ayarlara erişmek için aşağı doğru kaydırın.","tutorial-sheets-tiny":"Son kullanılan uygulamalara dönmek için ekranın sol kenarından çekin.","offline-dialog-title":"Sayfayı görmek için internete bağlı olmalısınız.","offline-dialog-text":"Lütfen geri dönüp internete bağlanın. Ayrıca bu daha sonra Ayarlar'dan veya herhangi bir tarayıcıda {{url}} adresine girerek de görebilirsiniz.","OK":"Tamam","offline-newsletter-dialog-title":"Bültene abone olmak için internete bağlı olmalısınız.","offline-newsletter-dialog-text":"Lütfen geri dönün ve internete bağlanın.","invalid-email-dialog-title":"E-posta adresiniz geçerli değil","invalid-email-dialog-text":"Lütfen geri dönün ve girişinizi düzeltin.","retry":"Yeniden dene","cancel":"İptal","progressbar":{"_":"{{total}} adımdan {{step}}. adım","ariaLabel":"İlk Kullanım"},"weekday-0-long":"Pazar","weekday-1-long":"Pazartesi","weekday-2-long":"Salı","weekday-3-long":"Çarşamba","weekday-4-long":"Perşembe","weekday-5-long":"Cuma","weekday-6-long":"Cumartesi","weekday-0-short":"Pzr","weekday-1-short":"Pzt","weekday-2-short":"Sal","weekday-3-short":"Çar","weekday-4-short":"Per","weekday-5-short":"Cum","weekday-6-short":"Cmt","month-0-long":"Ocak","month-1-long":"Şubat","month-2-long":"Mart","month-3-long":"Nisan","month-4-long":"Mayıs","month-5-long":"Haziran","month-6-long":"Temmuz","month-7-long":"Ağustos","month-8-long":"Eylül","month-9-long":"Ekim","month-10-long":"Kasım","month-11-long":"Aralık","month-0-genitive":"Ocak","month-1-genitive":"Şubat","month-2-genitive":"Mart","month-3-genitive":"Nisan","month-4-genitive":"Mayıs","month-5-genitive":"Haziran","month-6-genitive":"Temmuz","month-7-genitive":"Ağustos","month-8-genitive":"Eylül","month-9-genitive":"Ekim","month-10-genitive":"Kasım","month-11-genitive":"Aralık","month-0-short":"Oca","month-1-short":"Şub","month-2-short":"Mar","month-3-short":"Nis","month-4-short":"May","month-5-short":"Haz","month-6-short":"Tem","month-7-short":"Ağu","month-8-short":"Eyl","month-9-short":"Eki","month-10-short":"Kas","month-11-short":"Ara","minutes-ago-long":{"_index":["plural","value"],"_":{"zero":"biraz önce","one":"bir dakika önce","two":"{{value}} dakika önce","few":"{{value}} dakika önce","many":"{{value}} dakika önce","other":"{{value}} dakika önce"}},"hours-ago-long":{"_index":["plural","value"],"_":{"zero":"biraz önce","one":"bir saat önce","two":"{{value}} saat önce","few":"{{value}} saat önce","many":"{{value}} saat önce","other":"{{value}} saat önce"}},"days-ago-long":{"_index":["plural","value"],"_":{"zero":"bugün","one":"dün","two":"{{value}} gün önce","few":"{{value}} gün önce","many":"{{value}} gün önce","other":"{{value}} gün önce"}},"weeks-ago-long":{"_index":["plural","value"],"_":{"zero":"bu hafta","one":"geçen hafta","two":"{{value}} hafta önce","few":"{{value}} hafta önce","many":"{{value}} hafta önce","other":"{{value}} hafta önce"}},"months-ago-long":{"_index":["plural","value"],"_":{"zero":"bu ay","one":"geçen ay","two":"{{value}} ay önce","few":"{{value}} ay önce","many":"{{value}} ay önce","other":"{{value}} ay önce"}},"years-ago-long":{"_index":["plural","value"],"_":{"zero":"bu yıl","one":"geçen yıl","two":"{{value}} yıl önce","few":"{{value}} yıl önce","many":"{{value}} yıl önce","other":"{{value}} yıl önce"}},"minutes-until-long":{"_index":["plural","value"],"_":{"zero":"şimdi","one":"bir dakika önce","two":"{{value}} dakika içinde","few":"{{value}} dakika içinde","many":"{{value}} dakika içinde","other":"{{value}} dakika içinde"}},"hours-until-long":{"_index":["plural","value"],"_":{"zero":"şimdi","one":"bir saat içinde","two":"{{value}} saat içinde","few":"{{value}} saat içinde","many":"{{value}} saat içinde","other":"{{value}} saat içinde"}},"days-until-long":{"_index":["plural","value"],"_":{"zero":"bugün","one":"dün","two":"{{value}} gün içinde","few":"{{value}} gün içinde","many":"{{value}} gün içinde","other":"{{value}} gün içinde"}},"weeks-until-long":{"_index":["plural","value"],"_":{"zero":"bu hafta","one":"gelecek hafta","two":"{{value}} hafta içinde","few":"{{value}} hafta içinde","many":"{{value}} hafta içinde","other":"{{value}} hafta içinde"}},"months-until-long":{"_index":["plural","value"],"_":{"zero":"bu ay","one":"gelecek ay","two":"{{value}} ay içinde","few":"{{value}} ay içinde","many":"{{value}} ay içinde","other":"{{value}} ay içinde"}},"years-until-long":{"_index":["plural","value"],"_":{"zero":"bu yıl","one":"gelecek yıl","two":"{{value}} yıl içinde","few":"{{value}} yıl içinde","many":"{{value}} yıl içinde","other":"{{value}} yıl içinde"}},"minutes-ago-short":{"_index":["plural","value"],"_":{"zero":"biraz önce","other":"{{value}} dk önce"}},"hours-ago-short":{"_index":["plural","value"],"_":{"zero":"biraz önce","other":"{{value}} saat önce"}},"days-ago-short":{"_index":["plural","value"],"_":{"zero":"bugün","other":"{{value}} gün önce"}},"minutes-until-short":{"_index":["plural","value"],"_":{"zero":"şimdi","other":"{{value}} dk içinde"}},"hours-until-short":{"_index":["plural","value"],"_":{"zero":"şimdi","other":"{{value}} saat içinde"}},"days-until-short":{"_index":["plural","value"],"_":{"zero":"bugün","other":"{{value}} gün içinde"}},"incorrectDate":"(geçersiz tarih)","dateTimeFormat_%c":"%e %b %Y %a %H:%M:%S","dateTimeFormat_%x":"%d/%m/%Y","dateTimeFormat_%X":"%H:%M:%S","shortTimeFormat":"%H:%M","shortDateTimeFormat":"%x %H:%M","weekStartsOnMonday":"1","time_am":"ÖÖ","time_pm":"ÖS","tz-region":"Bölge","tz-city":"Şehir","tzRegion-Africa":"Afrika","tzRegion-America":"Amerika","tzRegion-Antarctica":"Antarktika","tzRegion-Asia":"Asya","tzRegion-Atlantic":"Atlas Okyanusu","tzRegion-Australia":"Avustralya","tzRegion-Europe":"Avrupa","tzRegion-Indian":"Hint Okyanusu","tzRegion-Pacific":"Pasifik Okyanusu","close":"Kapat","import":"İçeri aktar","update":"Güncelle","fbFriends":"Arkadaşlar","live-serviceName":"Outlook","gmail-serviceName":"Gmail","facebook-serviceName":"Arkadaşlar","selectAll":"Tümünü seç","deselectAll":"Seçimi temizle","viewAll":"Tüm Facebook Arkadaşlarını Gör","viewRecommend":"Yalnızca Tavsiye Edilenleri Gör","linkProposal":{"_index":["plural","numFriends"],"_":{"zero":"Eşleşen arkadaş yok. Tümü gösteriliyor","one":"Tavsiye edileni seçin","two":"Tavsiye edilenlerden birini seçin","few":"Tavsiye edilenlerden birini seçin","many":"Tavsiye edilenlerden birini seçin","other":"Tavsiye edilenlerden birini seçin"}},"fbFriendsFound":{"_index":["plural","numFriends"],"_":{"zero":"Tüm arkadaşlarınız aktarıldı","one":"Aktarılacak bir arkadaş bulundu","two":"Aktarılacak {{numFriends}} arkadaş bulundu","few":"Aktarılacak {{numFriends}} arkadaş bulundu","many":"Aktarılacak {{numFriends}} arkadaş bulundu","other":"Aktarılacak {{numFriends}} arkadaş bulundu"}},"fbNoFriends":"İçeri aktarılacak kişi yok","search-contact":{"placeholder":"Ara"},"noResults":"Kişi bulunamadı","done-search":"Bitti","progressFB3ImportTitle":"Arkadaşlar Kişiler'e aktarılıyor","progressFB":"{{current}}/{{total}}","progressFB3UpdateTitle":"Kişiler'deki arkadaşlar güncelleniyor","message2":"Bu işlem birkaç dakika sürebilir","messageLinking":"Lütfen bekleyin. Arkadaşınızı ve kişinizi bağlıyoruz.","messageCanceling":"Lütfen bekleyin. Devam eden işlem iptal ediliyor.","error1":"Hata {{from}}","error2":"Tekrar denemek ister misiniz?","errorProposal":"öneriler hesaplanıyor","errorFriends":"arkadaşlar alınıyor","errorLinking":"kişi bağlanıyor","timeout1":"\"{{from}}\" zaman aşımına uğradı","timeout2":"Yeniden denemek ister misiniz?","timeoutProposal":"öneriler hesaplanıyor","timeoutFriends":"arkadaşlar alınıyor","timeoutLinking":"kişiler bağlanıyor","wait1":"Lütfen bekleyin","wait2":"Bu işlem birkaç dakika sürebilir","waitProposal":"Lütfen bekleyin. Bir öneri hesaplıyoruz.","waitFriends":"Lütfen bekleyin. Arkadaş listenizi almak için bağlanıyoruz.","curtainCancel":"Vazgeç","curtainRetry":"Yeniden dene","curtainOK":"Tamam","connectionLost":"İnternet bağlantısı yok","connectionLostMsg":"Arkadaşlarınızın fotoğrafları kişi listenize eklenmeyecek. Yine de devam edilsin mi?","yesOption":"Tamam","noOption":"Vazgeç","friendsUpdated":{"_index":["plural","numFriends"],"_":{"zero":"Hiçbir arkadaş güncellenmedi","one":"Bir arkadaş güncellendi","two":"{{numFriends}} arkadaş güncellendi","few":"{{numFriends}} arkadaş güncellendi","many":"{{numFriends}} arkadaş güncellendi","other":"{{numFriends}} arkadaş güncellendi"}},"friendsMerged":{"_index":["plural","numFriends"],"_":{"zero":"Hiç çift arkadaş birleştirilmedi","one":"1 çift arkadaş birleştirildi","two":"{{numDups}} çift arkadaş birleştirildi","few":"{{numDups}} çift arkadaş birleştirildi","many":"{{numDups}} çift arkadaş birleştirildi","other":"{{numDups}} çift arkadaş birleştirildi"}},"notificationLogin":"Facebook oturumunuz geçersiz. Lütfen giriş yapın.","syncError":"Arkadaşlarınızın verileri eşitlenirken bir hata oluştu"}