{"brandShortName":"B2G OS","browserBrandShortName":"网络浏览器","browserBrandFullName":"Mozilla 网络浏览器","back":"后退","noSimMsg":"插入或者解锁你的 SIM 卡以导入联系人","noMemoryCardMsg":"请插入存储卡以导入联系人","importMemoryCard":"存储卡","noConnection11":"要导入 Facebook 朋友或联系人，连接到 Wi-Fi 或数据网络","simContacts-import":"导入 SIM 卡联系人","simContacts-importing":"正在导入 SIM 卡联系人…","simContacts-reading":"从 SIM 卡中读取…","simContacts-error":"无法从 SIM 卡导入联系人","simContacts-imported3":{"_index":["plural","n"],"_":{"zero":"在 SIM 卡中没有发现可以导入的联系人","one":"已导入一个联系人","two":"已导入 {{n}} 个联系人","few":"已导入 {{n}} 个联系人","many":"已导入 {{n}} 个联系人","other":"已导入 {{n}} 个联系人"}},"memoryCardContacts-import":"从存储卡导入联系人","memoryCardContacts-importing":"正在从存储卡导入联系人…","memoryCardContacts-reading":"正在从存储卡读取信息…","memoryCardContacts-error":"无法从存储卡导入联系人","memoryCardContacts-imported3":{"_index":["plural","n"],"_":{"zero":"没有在存储卡中找到可导入的联系人","one":"已导入一个联系人","two":"已导入 {{n}} 个联系人","few":"已导入 {{n}} 个联系人","many":"已导入 {{n}} 个联系人","other":"已导入 {{n}} 个联系人"}},"genericProgress":"{{current}}/{{total}}","facebook":"Facebook","facebook-import-msg":{"_index":["plural","imported"],"_":{"zero":"没有导入朋友（共 {{total}} 个）","one":"已导入一个朋友（共 {{total}} 个）","two":"已导入 {{imported}}/{{total}} 个朋友","few":"已导入 {{imported}}/{{total}} 个朋友","many":"已导入 {{imported}}/{{total}} 个朋友","other":"已导入 {{imported}}/{{total}} 个朋友"}},"contactsMerged":{"_index":["plural","numDups"],"_":{"zero":"没有合并重复的联系人","one":"一个重复的联系人已合并","two":"{{numDups}} 个联系人已合并","few":"{{numDups}} 个联系人已合并","many":"{{numDups}} 个联系人已合并","other":"{{numDups}} 个联系人已合并"}},"pincode2":"输入 PIN 码","type_pin":"请输入您的 PIN 码","pincodeLabel":"SIM {{n}} PIN","pinValidation":"PIN 必须在4至8个字符之间。","pinError":"PIN 错误。","pinAttemptMsg2":{"_index":["plural","n"],"_":{"one":"您还有最后一次机会来输入正确的密码，否则将会锁定您的 SIM 卡。","two":"还有 {{n}} 次机会。","few":"还有 {{n}} 次机会。","many":"还有 {{n}} 次机会。","other":"还有 {{n}} 次机会。"}},"pinLastChanceMsg":"这是您最后一次机会来输入正确的 PIN。如果您输入了错误的 PIN，您将必须输入 PUK 码才能使用此 SIM 卡。","pukcode":"输入 PUK 码","pukcodeTitle":"请输入 SIM {{n}} PUK","pukcodeLabel":"SIM {{n}} PUK","type_puk":"PUK 码","pukValidation":"PUK 码必须正好8个字符。","pukInfo":"您必须为此 SIM 卡输入个人解锁密钥（PUK）。请查阅您的 SIM 卡说明书或联系您的运营商以了解详细信息。","pukError":"您必须为此 SIM 卡输入个人解锁密钥（PUK）。请查阅您的 SIM 卡说明书或联系您的运营商以了解详细信息。","pukAttemptMsg2":{"_index":["plural","n"],"_":{"one":"如果再次输入错误的代码，这个 SIM 卡将会永久失效。参阅你的 SIM 卡手册或者联系你的运营商了解更多信息。","two":"在您的 SIM 卡被永久锁定前您还有 {{n}} 次机会来输入正确的 PUK 码。请查阅您的 SIM 卡说明书或联系您的运营商以了解详细信息。","few":"在您的 SIM 卡被永久锁定前您还有 {{n}} 次机会来输入正确的 PUK 码。请查阅您的 SIM 卡说明书或联系您的运营商以了解详细信息。","many":"在您的 SIM 卡被永久锁定前您还有 {{n}} 次机会来输入正确的 PUK 码。请查阅您的 SIM 卡说明书或联系您的运营商以了解详细信息。","other":"在您的 SIM 卡被永久锁定前您还有 {{n}} 次机会来输入正确的 PUK 码。请查阅您的 SIM 卡说明书或联系您的运营商以了解详细信息。"}},"pukLastChanceMsg":"这是您输入正确的 PUK 码的最后机会。如果输入的 PUK 码错误，您的 SIM卡 将永久失效。","create_newpin":"创建新的 PIN （4到8位数字）","confirm_newpin":"确认新 PIN","newpinConfirmation":"PIN 不匹配。","nckcode":"请输入NCK码","cckcode":"请输入CCK码","spckcode":"请输入SPCK码","nck1code":"请输入 NCK1 码","nck2code":"请输入 NCK2 码","hnckcode":"请输入 HNCK 码","rcckcode":"请输入 RCCK 码","rspckcode":"请输入 RSPCK 码","nckcodeTitle":"请输入 SIM {{n}} NCK","cckcodeTitle":"请输入 SIM {{n}} CCK","spckcodeTitle":"请输入 SIM {{n}} SPCK","nck1codeTitle":"请输入 SIM {{n}} NCK1","nck2codeTitle":"请输入 SIM {{n}} NCK2","hnckcodeTitle":"请输入 SIM {{n}} HNCK","rcckcodeTitle":"请输入 SIM {{n}} RCCK","rspckcodeTitle":"输入 SIM {{n}} RSPCK","nckcodeLabel":"SIM {{n}} NCK","cckcodeLabel":"SIM {{n}} CCK","spckcodeLabel":"SIM {{n}} SPCK","nck1codeLabel":"SIM {{n}} NCK1","nck2codeLabel":"SIM {{n}} NCK2","hnckcodeLabel":"SIM {{n}} HNCK","rcckcodeLabel":"SIM {{n}} RCCK","rspckcodeLabel":"SIM {{n}} RSPCK","type_nck":"请输入您的 NCK 码","type_cck":"请输入您的 CCK 码","type_spck":"请输入您的 SPCK 码","type_nck1":"输入您的 NCK1 码","type_nck2":"输入您的 NCK2 码","type_hnck":"输入您的 HNCK 码","type_rcck":"输入您的 RCCK 码","type_rspck":"输入您的 RSPCK 码","nckValidation":"NCK 必须在8至16个字符之间。","cckValidation":"CCK 必须在8至16个字符之间。","spckValidation":"SPCK 必须在8至16个字符之间。","nck1Validation":"NCK1 必须是8至16位。","nck2Validation":"NCK2 必须是8至16位。","hnckValidation":"HNCK 必须是8至16位。","rcckValidation":"RCCK 必须是8至16位。","rspckValidation":"RSPCK 必须是8至16位。","nckErrorMsg":"NCK 码不正确。","nckAttemptMsg2":{"_index":["plural","n"],"_":{"one":"网络解锁请求失败。你还有一次机会输入正确的代码。参阅你的设备文档或者联系你的运营商了解更多信息。","two":"网络解锁请求失败。你还有 {{n}} 次机会可以尝试输入正确代码。参看你的设备文档或者联系你的运营商获取更多信息。","few":"网络解锁请求失败。你还有 {{n}} 次机会可以尝试输入正确代码。参看你的设备文档或者联系你的运营商获取更多信息。","many":"网络解锁请求失败。你还有 {{n}} 次机会可以尝试输入正确代码。参看你的设备文档或者联系你的运营商获取更多信息。","other":"网络解锁请求失败。你还有 {{n}} 次机会可以尝试输入正确代码。参看你的设备文档或者联系你的运营商获取更多信息。"}},"nckLastChanceMsg":"网络解锁请求失败。还有最后一次机会可以输入 NCK 码。参考你的设备文档或者联系你的运营商获取更多信息。","skip":"跳过","send":"发送","ok":"确定","simLocked":"SIM 卡被锁定","inputCodeRetriesLeft":{"_index":["plural","n"],"_":{"one":"最后一次尝试。","two":"还有 {{n}} 次机会。","few":"还有 {{n}} 次机会。","many":"还有 {{n}} 次机会。","other":"还有 {{n}} 次机会。"}},"simManager":"SIM 管理器","simDetail":"SIM {{n}}","simDefault":"（默认）","simDefaultMessage":"拨出电话、发出短信及数据连接已设置默认使用 SIM 1","simSettingsMessage":"您可以在“设置”>”SIM 卡管理器“中更改默认设置","simPinLocked":"SIM PIN 已锁定","noOperator":"没有运营商","language":"语言","3g":"蜂窝数据","dataConnection":"启用数据","dataConnectionInfo":"现在启用数据连接可以让您在没有 Wi-Fi 连接的情况下设置您的手机。您也可以稍后在“设置”中启用它。只是要确认您与运营商签订的数据套餐计划，以避免可能的高额费用。","caution":"警告","geolocation":"定位","geolocationCheckbox":"启用地理定位","geolocationInfo2":"{{brandShortName}} 将使用您附近的如 GPS、Wi-Fi 和移动网络以帮助测定您的大致位置。","geolocationInfoMore":"数据将发送到 Mozilla 及其他服务提供商，并将汇集以供改善那些位置数据库。数据可能被存储在您的设备上，并且可能在没有应用运行时收集数据。","notice":"通知","aboutYourPrivacy":"有关您的隐私权","scanningNetworks":"正在扫描网络","selectNetwork":"选择一个网络","shortStatus-connecting":"正在连接...","shortStatus-associated":"正在获取 IP 地址…","shortStatus-connected":"已连接。","shortStatus-connectingfailed":"连接失败","shortStatus-disconnected":"脱机","securedBy":"由 {{capabilities}} 保障安全","security":"安全性","securityNone":"无","securityWEP":"WEP","securityWPA-PSK":"WPA-PSK","securityWPA-EAP":"WPA-EAP","securityOpen":"开放","identity":"用户名","identityInput":{"placeholder":"用户名"},"password":"密码","passwordInput":{"placeholder":"密码"},"showPassword":"显示密码","refresh":"刷新(R)","noWifiFound3":"未找到无线网络","join-hidden-button":"加入隐藏网络","authentication":"身份验证","ssid-name":"SSID 网络名","wifiLevel":"4分之{{level}}格","networksList":"发现网络","dateAndTime":"日期与时间","timezoneTitle":"UTC{{utcOffset}} {{region}}/{{city}}","timeZone":"时区","change":"修改","region":{"ariaLabel":"地区"},"city":{"ariaLabel":"城市"},"date":{"ariaLabel":"日期"},"time":{"ariaLabel":"时间"},"importContacts3":"导入联系人","importSim2":"SIM卡","importFb2":"Facebook","importOutlook":"Outlook","importGmail":"Gmail","fb-checking":"… 正在检查","notImportedYet":"尚未导入","otherAccount":"其他账户","afterFbImport":"你随时可以在联系人设置中导入和编辑 Facebook 好友","firefox-accounts":"Firefox 账户","fxa-overview":{"innerHTML":"拥有 Firefox 账户您就可以使用\"查找我的设备\"这样的功能以及火狐应用市场等应用。"},"fxa-create-account-or-sign-in":"创建账户或登录","fxa-email-sent":"一个验证链接已发送到 {{email}}","fxa-signed-in":"登录身份为 {{email}}","about-your-rights-0":"{{brandShortName}} 是由世界各地成千上万的社区成员基于自由且开放源代码的软件制作。以下几点您应该了解：","about-your-rights-1":"你可以在包括 Mozilla 公共许可证（Mozilla Public License）在内的多个开放源代码协议下使用 {{brandShortName}}。运行 {{brandShortName}} 的设备也可能包含来自第三方的专有软件。你有权在遵守协议条款的前提下修改在开放许可下提供的任何代码，并可再分发你修改后的版本。","about-your-rights-2":"你未被授予任何商标权或者许可，包括 Mozilla 基金会或者任意一方的。包括且不限于 {{brandShortName}} 名称或者标志。","about-your-rights-3":"{{brandShortName}} 中的某些功能，例如崩溃报告程序，使你可以向 Mozilla 提供反馈。通过提交反馈，你许可 Mozilla 使用反馈信息改进他的产品，在他的网站发布反馈，并且可以分发反馈信息。","about-other":"其他","SIM_mandatory":"SIM 卡警告","SIM_mandatory_warm":"请插入 SIM 卡并重启您的手机。","telemetry-sends2":"Telemetry sends Mozilla data about performance, hardware, configurations, customizations and app usage in your {{brandShortName}} device. We use this to make our products better, faster and more responsive.","learn-more-telemetry":{"innerHTML":"了解更多信息请至 {{link}}"},"learn-more-information":{"innerHTML":"详细了解 Mozilla 如何处理您的信息请至 {{link}}"},"welcomeBrowser":"欢迎使用 {{brandShortName}} ，来自 Mozilla 的免费而开放源代码的操作系统。我们的使命是让网络的力量掌握在你的手中，从而促进开放，创新和机遇。","learn-more-privacy":{"innerHTML":"详细了解 Mozilla 如何处理您的信息请看我们的 {{link}}"},"learn-more-privacy-link":"隐私政策","aboutBrowser":"关于 {{brandShortName}}","aboutYourPrivacy2":"您的隐私","mozillaCommunity2":"当你使用 {{brandShortName}} 的时候，就成为了全球社区的一部分，帮助创造互联网更光明的未来。如果你希望进一步了解 Mozilla 社区，我们的其他产品以及你周围发生的事情，请在下面输入你的电子邮件地址。","sharePerformanceAndUsageData":"I want to help improve {{brandShortName}} by sharing data about my phone and the way I use it.","learnMore":"详细了解。","emailAddress":{"placeholder":"电子邮件地址"},"email-successfully-added":"成功添加邮件地址","email-loading":"保存你的邮件地址…","privacy-b2g":{"_":"{{brandShortName}}","title":"{{brandShortName}}"},"privacy-marketplace":{"_":"应用市场","title":"{{privacy-marketplace}}"},"privacy-eme":"EverythingMe","privacy-e-me":{"_":"everything.me","title":"{{privacy-e-me}}"},"navbar-back":"后退","navbar-next":"前进","navbar-join":"加入","done":"完成","thatsIt":"就是这样！","startYourPhone":"开始使用您的手机！","startYourTablet":"开启您的平板电脑之旅！","joinTutorial":"观看一个关于你的新手机的快速指南。","enjoyYourPhone":"你可以开始享用你的新手机了。","optionsAvailable":"您可以在设置中更改语言、日期与时间，以及 Wi-Fi 连接。","letsGo":"开始吧","startTour":"开始","whatsNew":"What’s new","updatedSuccessfully":"Your phone has updated successfully! Start the tour to find out more about the new features.","thatsIt1Tablet-2":"您始终可以从底部边缘滑动进入主屏幕。","thatsIt2Tablet-2":"让我们开始吧！","tutorial":"教程","tutorial-step1-tiny":"从右向左滑过即可浏览您的应用。","tutorial-step2-tiny":"轻触图标并保持即可删除或者移动它。","tutorial-step3-tiny":"输入任意关键词或者标题，手机会立即做出响应。","tutorial-step4-tiny":"向下滑动即可访问最新的通知，信用信息以及设置。","tutorial-step5-tiny":"轻触主屏幕键并停顿即可浏览和关闭最近使用的应用。","tutorial-step6-tiny":"从屏幕一侧滑动到另一侧切换最近的应用。","tutorial-step1-large-2":"从屏幕顶部向下滑动查看最近的通知、余额信息及设置。","tutorial-step2-large-2":"向左或向右滑动探索主屏幕上的新应用。","tutorial-step3-large-2":"轻触图标并保持即可删除或者移动它。","tutorial-step4-large-2":"两个手指从底边轻扫触发卡片视图。","tutorial-vertical-scroll-tiny":"Swipe up and down to browse your apps. Tap and hold on an icon to move or delete it.","tutorial-notifications-tiny":"向下滑动即可访问最新的通知，信用信息以及设置。","tutorial-sheets-tiny":"从您的屏幕左边缘拖动以返回最近使用的应用。","offline-dialog-title":"要查看此页你必须连接到网络。","offline-dialog-text":"请后退并连接到互联网。以后你还可以从“设置”或在任何浏览器窗口中输入 {{url}} 查看此页。","OK":"OK","offline-newsletter-dialog-title":"你必须连接到互联网才能订阅时事通讯。","offline-newsletter-dialog-text":"请返回并连接到互联网。","invalid-email-dialog-title":"你的邮件地址无效","invalid-email-dialog-text":"请返回并修改。","retry":"重试","cancel":"取消","progressbar":{"_":"第{{step}}步，共{{total}}步","ariaLabel":"首次体验"},"weekday-0-long":"星期日","weekday-1-long":"星期一","weekday-2-long":"星期二","weekday-3-long":"星期三","weekday-4-long":"星期四","weekday-5-long":"星期五","weekday-6-long":"星期六","weekday-0-short":"周日","weekday-1-short":"周一","weekday-2-short":"周二","weekday-3-short":"周三","weekday-4-short":"周四","weekday-5-short":"周五","weekday-6-short":"周六","month-0-long":"1 月","month-1-long":"2 月","month-2-long":"3 月","month-3-long":"4 月","month-4-long":"5 月","month-5-long":"6 月","month-6-long":"7 月","month-7-long":"8 月","month-8-long":"9 月","month-9-long":"10 月","month-10-long":"11 月","month-11-long":"12 月","month-0-genitive":"一月","month-1-genitive":"二月","month-2-genitive":"三月","month-3-genitive":"四月","month-4-genitive":"五月","month-5-genitive":"六月","month-6-genitive":"七月","month-7-genitive":"八月","month-8-genitive":"九月","month-9-genitive":"十月","month-10-genitive":"十一月","month-11-genitive":"十二月","month-0-short":"1 月","month-1-short":"2 月","month-2-short":"3 月","month-3-short":"4 月","month-4-short":"5 月","month-5-short":"6 月","month-6-short":"7 月","month-7-short":"8 月","month-8-short":"9 月","month-9-short":"10 月","month-10-short":"11 月","month-11-short":"12 月","minutes-ago-long":{"_index":["plural","value"],"_":{"zero":"刚才","one":"1 分钟前","two":"{{ value }} 分钟前","few":"{{ value }} 分钟前","many":"{{ value }} 分钟前","other":"{{ value }} 分钟前"}},"hours-ago-long":{"_index":["plural","value"],"_":{"zero":"刚才","one":"1 小时前","two":"{{ value }} 小时前","few":"{{ value }} 小时前","many":"{{ value }} 小时前","other":"{{ value }} 小时前"}},"days-ago-long":{"_index":["plural","value"],"_":{"zero":"今天","one":"昨天","two":"{{value}} 天前","few":"{{value}} 天前","many":"{{value}} 天前","other":"{{value}} 天前"}},"weeks-ago-long":{"_index":["plural","value"],"_":{"zero":"本周","one":"上周","two":"{{value}} 周前","few":"{{value}} 周前","many":"{{value}} 周前","other":"{{value}} 周前"}},"months-ago-long":{"_index":["plural","value"],"_":{"zero":"本月","one":"上月","two":"{{value}} 个月前","few":"{{value}} 个月前","many":"{{value}} 个月前","other":"{{value}} 个月前"}},"years-ago-long":{"_index":["plural","value"],"_":{"zero":"今年","one":"去年","two":"{{value}} 年前","few":"{{value}} 年前","many":"{{value}} 年前","other":"{{value}} 年前"}},"minutes-until-long":{"_index":["plural","value"],"_":{"zero":"现在","one":"1 分钟内","two":"剩{{value}}分钟","few":"剩{{value}}分钟","many":"剩{{value}}分钟","other":"剩{{value}}分钟"}},"hours-until-long":{"_index":["plural","value"],"_":{"zero":"现在","one":"1 小时内","two":"剩{{value}}小时","few":"剩{{value}}小时","many":"剩{{value}}小时","other":"剩{{value}}小时"}},"days-until-long":{"_index":["plural","value"],"_":{"zero":"今天","one":"明天","two":"剩{{value}}天","few":"剩{{value}}天","many":"剩{{value}}天","other":"剩{{value}}天"}},"weeks-until-long":{"_index":["plural","value"],"_":{"zero":"本周","one":"下周","two":"剩{{value}}周","few":"剩{{value}}周","many":"剩{{value}}周","other":"剩{{value}}周"}},"months-until-long":{"_index":["plural","value"],"_":{"zero":"本月","one":"下月","two":"剩{{value}}个月","few":"剩{{value}}个月","many":"剩{{value}}个月","other":"剩{{value}}个月"}},"years-until-long":{"_index":["plural","value"],"_":{"zero":"今年","one":"明年","two":"剩{{value}}年","few":"剩{{value}}年","many":"剩{{value}}年","other":"剩{{value}}年"}},"minutes-ago-short":{"_index":["plural","value"],"_":{"zero":"刚才","other":"{{value}} 分钟前"}},"hours-ago-short":{"_index":["plural","value"],"_":{"zero":"刚才","other":"{{value}}小时前"}},"days-ago-short":{"_index":["plural","value"],"_":{"zero":"今天","other":"{{value}} 天前"}},"minutes-until-short":{"_index":["plural","value"],"_":{"zero":"现在","other":"剩{{value}}分钟"}},"hours-until-short":{"_index":["plural","value"],"_":{"zero":"现在","other":"剩{{value}}小时"}},"days-until-short":{"_index":["plural","value"],"_":{"zero":"今天","other":"剩{{value}}天"}},"incorrectDate":"（日期不正确）","dateTimeFormat_%c":"%Y 年 %b %e 日 %a %H:%M:%S","dateTimeFormat_%x":"%Y/%m/%d","dateTimeFormat_%X":"%H:%M:%S","shortTimeFormat":"%H:%M","shortDateTimeFormat":"%x %H:%M","weekStartsOnMonday":"0","time_am":"上午","time_pm":"下午","tz-region":"地区","tz-city":"城市","tzRegion-Africa":"非洲","tzRegion-America":"美洲","tzRegion-Antarctica":"南极洲","tzRegion-Asia":"亚洲","tzRegion-Atlantic":"大西洋","tzRegion-Australia":"澳大利亚","tzRegion-Europe":"欧洲","tzRegion-Indian":"印度洋","tzRegion-Pacific":"太平洋","close":"关闭","import":"导入","update":"更新","fbFriends":"Facebook 上的朋友","live-serviceName":"Outlook","gmail-serviceName":"Gmail","facebook-serviceName":"Facebook 上的朋友","selectAll":"选择全部","deselectAll":"全部不选","viewAll":"查看所有 Facebook 上的朋友","viewRecommend":"仅显示推荐的","linkProposal":{"_index":["plural","numFriends"],"_":{"zero":"没有找到匹配的朋友，显示全部的","one":"选择推荐项","two":"选择建议的一项","few":"选择建议的一项","many":"选择建议的一项","other":"选择建议的一项"}},"fbFriendsFound":{"_index":["plural","numFriends"],"_":{"zero":"已导入全部朋友","one":"发现一个可导入的朋友","two":"找到 {{numFriends}} 个要导入的朋友","few":"找到 {{numFriends}} 个要导入的朋友","many":"找到 {{numFriends}} 个要导入的朋友","other":"找到 {{numFriends}} 个要导入的朋友"}},"fbNoFriends":"No contacts available to import","search-contact":{"placeholder":"检索"},"noResults":"没有找到联系人","done-search":"完成","progressFB3ImportTitle":"正在将朋友导入联系人","progressFB":"{{current}}/{{total}}","progressFB3UpdateTitle":"正在更新联系人中的朋友","message2":"这可能需要几分钟的时间","messageLinking":"请等待，正在连接你的朋友和你的联系人。","messageCanceling":"请稍候，我们正在取消当前的操作。","error1":"错误 {{from}}","error2":"是否重试？","errorProposal":"正在计算建议","errorFriends":"正在获取朋友","errorLinking":"正在连接联系人","timeout1":"超过时限 {{from}}","timeout2":"是否重试？","timeoutProposal":"正在计算建议","timeoutFriends":"正在获取朋友","timeoutLinking":"正在连接联系人","wait1":"请等待","wait2":"这可能需要几分钟的时间","waitProposal":"请等待，我们正在计算建议。","waitFriends":"请等待，我们正在连接以获得你的朋友列表。","curtainCancel":"取消","curtainRetry":"重试","curtainOK":"确定","connectionLost":"没有因特网连接","connectionLostMsg":"朋友的照片不会添加到您的联系人中。继续吗？","yesOption":"确定","noOption":"取消","friendsUpdated":{"_index":["plural","numFriends"],"_":{"zero":"没有更新朋友","one":"已更新一个朋友","two":"已更新 {{numFriends}} 个朋友","few":"已更新 {{numFriends}} 个朋友","many":"已更新 {{numFriends}} 个朋友","other":"已更新 {{numFriends}} 个朋友"}},"friendsMerged":{"_index":["plural","numDups"],"_":{"zero":"没有可合并的重复的朋友","one":"找到一个重复的朋友","two":"找到 {{numDups}} 个重复的朋友","few":"找到 {{numDups}} 个重复的朋友","many":"找到 {{numDups}} 个重复的朋友","other":"找到 {{numDups}} 个重复的朋友"}},"notificationLogin":"你的 Facebook 会话无效，请登录。","syncError":"同步你的朋友数据时发生错误"}