[
  {
    "title": "Google",
    "urlTemplate": "https://www.google.com/search?q={searchTerms}",
    "suggestionsUrlTemplate": "https://www.google.com/complete/search?client=firefox&q={searchTerms}",
    "iconUrl": "google.ico"
  },
  {
    "title": "Yahoo",
    "urlTemplate": "https://search.yahoo.com/search?p={searchTerms}",
    "suggestionsUrlTemplate": "https://search.yahoo.com/sugg/ff?command={searchTerms}",
    "iconUrl": "yahoo.ico"
  },
  {
    "title": "Bing",
    "urlTemplate": "http://www.bing.com/search?q={searchTerms}",
    "suggestionsUrlTemplate": "http://api.bing.com/osjson.aspx?query={searchTerms}",
    "iconUrl": "bing.ico"
  }
]
