{"loading":"جارِ التحميل","cancel":"ألغ","custom":"مخصّص","prompt-create-custom":"أنشئ المجموعة الذكية الخاصة بك","network-error-message":"اتصل بالانترنت لإضافة المزيد من المجموعات الذكية","add-to-top-of-collection":"أضف إلى أعلى المجوعة","add-to-home-screen":"Add to Home Screen","offline-webresults":"اتصل بالإنترنت للحصول على تطبيقات لـ {{collectionName}}","edit-mode":"حرّر","edit-done":"تمّ","delete-title":"احذف {{name}}","delete-body":"سيتم حذف {{name}} و جميع البيانات الخاصة به.","delete":"احذف","collection-categoryId-22":"كتب","collection-categoryId-142":"موسيقى","collection-categoryId-181":"أفلام","collection-categoryId-194":"إنترنت","collection-categoryId-207":"ألعاب","collection-categoryId-211":"فيديو","collection-categoryId-213":"التلفاز","collection-categoryId-220":"المطاعم","collection-categoryId-225":"المشاهير","collection-categoryId-238":"تسوق","collection-categoryId-242":"صور","collection-categoryId-244":"تكنولوجيا","collection-categoryId-245":"أخبار","collection-categoryId-248":"البريد الإلكتروني","collection-categoryId-249":"الطقس","collection-categoryId-256":"ثقافات","collection-categoryId-260":"رياضات","collection-categoryId-270":"طبخات","collection-categoryId-271":"Reference","collection-categoryId-272":"Travel Guides","collection-categoryId-274":"Jobs","collection-categoryId-275":"Medical","collection-categoryId-277":"Funny","collection-categoryId-279":"Learning & Education","collection-categoryId-282":"Fashion","collection-categoryId-286":"Electronics","collection-categoryId-288":"Autos","collection-categoryId-289":"Social","collection-categoryId-291":"ألعاب فيديو","collection-categoryId-292":"Daily Deals","collection-categoryId-294":"Personal Communication","collection-categoryId-296":"Around Me","collection-categoryId-297":"Astrology","collection-categoryId-302":"Kids","collection-categoryId-303":"Financial Services","collection-categoryId-306":"Travel","collection-categoryId-316":"Hotels","collection-categoryId-320":"Dating","collection-categoryId-321":"Financial News","collection-categoryId-325":"Baseball","collection-categoryId-338":"Classifieds","collection-categoryId-347":"Baby","collection-categoryId-349":"Photography","collection-categoryId-356":"Beauty","collection-categoryId-357":"Utilities","collection-categoryId-360":"Productivity","collection-categoryId-365":"Comics","collection-categoryId-366":"Lifestyle","collection-categoryId-368":"Personalization","collection-categoryId-372":"Transportation","collection-categoryId-373":"Telecommunication","collection-categoryId-376":"Entertainment","collection-categoryId-377":"Soccer","collection-categoryId-381":"Religion","collection-categoryId-382":"Fitness","collection-categoryId-387":"Outdoor Activities","collection-categoryId-399":"DIY","collection-categoryId-449":"I'm So Bored","collection-categoryId-462":"Telenovelas","collection-categoryId-463":"Politics","collection-categoryId-473":"Cricket","collection-categoryId-491":"World Cup","collection-categoryId-501":"Brazilian Apps","collection-categoryId-504":"Bollywood","collection-categoryId-505":"Food & Drinks","collection-categoryId-507":"Travel & Local","collection-categoryId-510":"Tech & Science","collection-categoryId-511":"Media & Video","collection-categoryId-512":"Health & Fitness","collection-categoryId-513":"Business","collection-categoryId-520":"Cycling","collection-categoryId-521":"Surf","gaia-grid-stop-download-title":"Stop {{name}}","gaia-grid-stop-download-body":"Do you want to stop the download in progress?","gaia-grid-stop-download-action":"Stop","gaia-grid-resume-download-title":"Restart Download","gaia-grid-resume-download-body":"Do you want to download {{name}}?","gaia-grid-resume-download-action":"Download","gaia-grid-unrecoverable-error-title":"Remove Application","gaia-grid-unrecoverable-error-body":"Cannot install application due to an unrecoverable error. Please try downloading again. The application will be removed.","gaia-grid-unrecoverable-error-action":"OK","gaia-grid-cancel":"Cancel"}