{"loading":"লোডিং","cancel":"বাতিল","custom":"স্বনির্ধারিত","prompt-create-custom":"আপনার নিজস্ব স্মার্ট সংগ্রহ তৈরি করুন","network-error-message":"আরো স্মার্ট সংগ্রহ তৈরি করতে ইন্টারনেটে যুক্ত হোন","add-to-top-of-collection":"শীর্ষ সংগ্রহে যোগ করুন","add-to-home-screen":"Add to Home Screen","offline-webresults":"{{collectionName}} এর জন্য অ্যাপ খুঁজতে ইন্টারনেটের সাথে সংযুক্ত হোন","edit-mode":"সম্পাদনা","edit-done":"হয়ে গেছে","delete-title":"{{name}} অপসারণ","delete-body":"{{name}} ও সংশ্লিষ্ট সব ডাটা অপসারিত হবে।","delete":"অপসারণ","collection-categoryId-22":"বই","collection-categoryId-142":"সংগীত","collection-categoryId-181":"মুভি","collection-categoryId-194":"ইন্টারনেট","collection-categoryId-207":"গেমস","collection-categoryId-211":"ভিডিও","collection-categoryId-213":"টিভি","collection-categoryId-220":"রেস্টুরেন্ট","collection-categoryId-225":"তারকা","collection-categoryId-238":"কেনাকাটা","collection-categoryId-242":"ছবি","collection-categoryId-244":"টেক","collection-categoryId-245":"সংবাদ","collection-categoryId-248":"ইমেইল","collection-categoryId-249":"আবহাওয়া","collection-categoryId-256":"সংস্কৃতি","collection-categoryId-260":"খেলাধুলা","collection-categoryId-270":"রন্ধন প্রণালী","collection-categoryId-271":"রেফারেন্স","collection-categoryId-272":"ভ্রমণ সহায়িকা","collection-categoryId-274":"কাজ","collection-categoryId-275":"চিকিৎসা","collection-categoryId-277":"মজার","collection-categoryId-279":"শেখা এবং শিক্ষা","collection-categoryId-282":"ফ্যাশন","collection-categoryId-286":"ইলেকট্রনিক্স","collection-categoryId-288":"স্বয়ংক্রিয়","collection-categoryId-289":"সামাজিক","collection-categoryId-291":"ভিডিও গেমস","collection-categoryId-292":"প্রতিদিনের কাজ","collection-categoryId-294":"ব্যক্তিগত যোগাযোগ","collection-categoryId-296":"আমার চারপাশ","collection-categoryId-297":"জ্যোতির্বিদ্যা","collection-categoryId-302":"বাচ্চারা","collection-categoryId-303":"আর্থিক সেবা","collection-categoryId-306":"ভ্রমণ","collection-categoryId-316":"হোটেল","collection-categoryId-320":"ডেটিং","collection-categoryId-321":"ব্যবসায়িক সংবাদ","collection-categoryId-325":"বেসবল","collection-categoryId-338":"শ্রেণীবদ্ধ","collection-categoryId-347":"বাচ্চা","collection-categoryId-349":"ফটোগ্রাফি","collection-categoryId-356":"বিউটি","collection-categoryId-357":"কার্যকারিতা","collection-categoryId-360":"উত্পাদনশীলতা","collection-categoryId-365":"কমিক্স","collection-categoryId-366":"জীবনশৈলী","collection-categoryId-368":"ব্যক্তিগতকরন","collection-categoryId-372":"পরিবহণ","collection-categoryId-373":"টেলিযোগাযোগ","collection-categoryId-376":"বিনোদন","collection-categoryId-377":"ফুটবল","collection-categoryId-381":"ধর্ম","collection-categoryId-382":"ফিটনেস","collection-categoryId-387":"বাহিরের কার্যকলাপ","collection-categoryId-399":"DIY","collection-categoryId-449":"আমি খুব বিরক্ত হয়ে গেছি","collection-categoryId-462":"ধারাবাহিক","collection-categoryId-463":"রাজনীতি","collection-categoryId-473":"ক্রিকেট","collection-categoryId-491":"বিশ্বকাপ","collection-categoryId-501":"ব্রাজিলিয়ান অ্যাপ","collection-categoryId-504":"বলিউড","collection-categoryId-505":"খাদ্য ও পানীয়","collection-categoryId-507":"ভ্রমণ ও স্থানীয়","collection-categoryId-510":"প্রযুক্তি ও বিজ্ঞান","collection-categoryId-511":"মিডিয়া ও ভিডিও","collection-categoryId-512":"স্বাস্থ্য এবং ফিটনেস","collection-categoryId-513":"ব্যবসা","collection-categoryId-520":"সাইক্লিং","collection-categoryId-521":"সার্ফ","gaia-grid-stop-download-title":"{{name}} বন্ধ করুন","gaia-grid-stop-download-body":"আপনি কি আপনার ডাউনলোড থামাতে চান?","gaia-grid-stop-download-action":"থামুন","gaia-grid-resume-download-title":"নতুন করে ডাউনলোড করুন","gaia-grid-resume-download-body":"আপনি কি {{name}} ডাউনলোড করতে চান?","gaia-grid-resume-download-action":"ডাউনলোড","gaia-grid-unrecoverable-error-title":"অ্যাপ্লিকেশন অপসারণ","gaia-grid-unrecoverable-error-body":"পুনরুদ্ধার করা যাবে না এমন একটি ত্রুটির কারণে অ্যাপ্লিকেশন ইনস্টল করা যাবে না। পুনরায় ডাউনলোড করার চেষ্টা করুন। অ্যাপ্লিকেশনটি অপসারণ করা হবে।","gaia-grid-unrecoverable-error-action":"ঠিক আছে","gaia-grid-cancel":"বাতিল করুন"}