{"loading":"S'està carregant","cancel":"Cancel·la","custom":"Personalitzada","prompt-create-custom":"Creeu la vostra col·lecció intel·ligent","network-error-message":"Connecteu-vos a Internet per afegir més col·leccions intel·ligents","add-to-top-of-collection":"Afegeix a l'inici de la col·lecció","add-to-home-screen":"Add to Home Screen","offline-webresults":"Connecteu-vos a Internet per obtenir aplicacions per a {{collectionName}}","edit-mode":"Edita","edit-done":"Fet","delete-title":"Elimina {{name}}","delete-body":"S'eliminarà «{{name}}» i totes les seves dades.","delete":"Elimina","collection-categoryId-22":"Llibres","collection-categoryId-142":"Música","collection-categoryId-181":"Pel·lícules","collection-categoryId-194":"Internet","collection-categoryId-207":"Jocs","collection-categoryId-211":"Vídeo","collection-categoryId-213":"TV","collection-categoryId-220":"Restaurants","collection-categoryId-225":"Famosos","collection-categoryId-238":"Compres","collection-categoryId-242":"Imatges","collection-categoryId-244":"Tecnologia","collection-categoryId-245":"Notícies","collection-categoryId-248":"Correu","collection-categoryId-249":"Temps","collection-categoryId-256":"Cultura","collection-categoryId-260":"Esports","collection-categoryId-270":"Receptes","collection-categoryId-271":"Referència","collection-categoryId-272":"Guies de viatge","collection-categoryId-274":"Feina","collection-categoryId-275":"Medicina","collection-categoryId-277":"Divertit","collection-categoryId-279":"Aprenentatge i educació","collection-categoryId-282":"Moda","collection-categoryId-286":"Electrònica","collection-categoryId-288":"Cotxes","collection-categoryId-289":"Social","collection-categoryId-291":"Videojocs","collection-categoryId-292":"Ofertes","collection-categoryId-294":"Comunicació personal","collection-categoryId-296":"Al voltant meu","collection-categoryId-297":"Astrologia","collection-categoryId-302":"Mainada","collection-categoryId-303":"Serveis financers","collection-categoryId-306":"Viatges","collection-categoryId-316":"Hotels","collection-categoryId-320":"Cites","collection-categoryId-321":"Notícies financeres","collection-categoryId-325":"Beisbol","collection-categoryId-338":"Classificats","collection-categoryId-347":"Nadons","collection-categoryId-349":"Fotografia","collection-categoryId-356":"Bellesa","collection-categoryId-357":"Utilitats","collection-categoryId-360":"Productivitat","collection-categoryId-365":"Còmics","collection-categoryId-366":"Estil de vida","collection-categoryId-368":"Personalització","collection-categoryId-372":"Transport","collection-categoryId-373":"Telecomunicacions","collection-categoryId-376":"Entreteniment","collection-categoryId-377":"Futbol","collection-categoryId-381":"Religió","collection-categoryId-382":"Benestar","collection-categoryId-387":"Activitats de lleure","collection-categoryId-399":"Bricolatge","collection-categoryId-449":"Estic avorrit","collection-categoryId-462":"Telenovel·les","collection-categoryId-463":"Política","collection-categoryId-473":"Criquet ","collection-categoryId-491":"Copa del món","collection-categoryId-501":"Aplicacions brasileres","collection-categoryId-504":"Bollywood","collection-categoryId-505":"Queviures","collection-categoryId-507":"Viatges i local","collection-categoryId-510":"Ciència i tecnologia","collection-categoryId-511":"Mitjans i vídeo","collection-categoryId-512":"Salut i benestar","collection-categoryId-513":"Negocis","collection-categoryId-520":"Ciclisme","collection-categoryId-521":"Surf","gaia-grid-stop-download-title":"Stop {{name}}","gaia-grid-stop-download-body":"Do you want to stop the download in progress?","gaia-grid-stop-download-action":"Stop","gaia-grid-resume-download-title":"Restart Download","gaia-grid-resume-download-body":"Do you want to download {{name}}?","gaia-grid-resume-download-action":"Download","gaia-grid-unrecoverable-error-title":"Remove Application","gaia-grid-unrecoverable-error-body":"Cannot install application due to an unrecoverable error. Please try downloading again. The application will be removed.","gaia-grid-unrecoverable-error-action":"OK","gaia-grid-cancel":"Cancel"}