{"loading":"Načítání","cancel":"Zrušit","custom":"Vlastní","prompt-create-custom":"Vytvořte si svou vlastní chytrou sbírku","network-error-message":"Pokud chcete přidat další chytré sbírky, musíte se připojit k Internetu","add-to-top-of-collection":"Přidat na vrchol sbírky","add-to-home-screen":"Add to Home Screen","offline-webresults":"Pokud chcete získat aplikace pro sbírku {{collectionName}}, musíte se připojit k Internetu.","edit-mode":"Úprava","edit-done":"Hotovo","delete-title":"Smazání {{name}}","delete-body":"{{name}} a všechna její data budou smazána.","delete":"Smazat","collection-categoryId-22":"Knihy","collection-categoryId-142":"Hudba","collection-categoryId-181":"Filmy","collection-categoryId-194":"Internet","collection-categoryId-207":"Hry","collection-categoryId-211":"Video","collection-categoryId-213":"TV","collection-categoryId-220":"Restaurace","collection-categoryId-225":"Celebrity","collection-categoryId-238":"Nákupy","collection-categoryId-242":"Obrázky","collection-categoryId-244":"Technika","collection-categoryId-245":"Novinky","collection-categoryId-248":"E-mail","collection-categoryId-249":"Počasí","collection-categoryId-256":"Kultura","collection-categoryId-260":"Sporty","collection-categoryId-270":"Recepty","collection-categoryId-271":"Reference","collection-categoryId-272":"Turističtí průvodci","collection-categoryId-274":"Práce","collection-categoryId-275":"Zdraví","collection-categoryId-277":"Zábava","collection-categoryId-279":"Vzdělávání","collection-categoryId-282":"Móda","collection-categoryId-286":"Elektronika","collection-categoryId-288":"Auta","collection-categoryId-289":"Sociální sítě","collection-categoryId-291":"Videohry","collection-categoryId-292":"Denní nabídky","collection-categoryId-294":"Osobní komunikace","collection-categoryId-296":"Mé okolí","collection-categoryId-297":"Astrologie","collection-categoryId-302":"Děti","collection-categoryId-303":"Finanční služby","collection-categoryId-306":"Cestování","collection-categoryId-316":"Hotely","collection-categoryId-320":"Randění","collection-categoryId-321":"Finanční novinky","collection-categoryId-325":"Baseball","collection-categoryId-338":"Inzerce","collection-categoryId-347":"Dítě","collection-categoryId-349":"Fotografie","collection-categoryId-356":"Krása","collection-categoryId-357":"Nástroje","collection-categoryId-360":"Produktivita","collection-categoryId-365":"Komiks","collection-categoryId-366":"Životní styl","collection-categoryId-368":"Personalizace","collection-categoryId-372":"Doprava","collection-categoryId-373":"Telekomunikace","collection-categoryId-376":"Zábava","collection-categoryId-377":"Fotbal","collection-categoryId-381":"Náboženství","collection-categoryId-382":"Zdraví","collection-categoryId-387":"Venkovní aktivity","collection-categoryId-399":"Udělej si sám","collection-categoryId-449":"Jsem znuděn(a)","collection-categoryId-462":"Telenovely","collection-categoryId-463":"Politika","collection-categoryId-473":"Kriket","collection-categoryId-491":"Světový šampionát","collection-categoryId-501":"Brazilské aplikace","collection-categoryId-504":"Bollywood","collection-categoryId-505":"Jídlo a pití","collection-categoryId-507":"Cestování a místní","collection-categoryId-510":"Technika a věda","collection-categoryId-511":"Média a video","collection-categoryId-512":"Zdraví a fitness","collection-categoryId-513":"Obchod","collection-categoryId-520":"Cyklistika","collection-categoryId-521":"Surfování","gaia-grid-stop-download-title":"Ukončení {{name}}","gaia-grid-stop-download-body":"Chcete ukončit probíhající stahování?","gaia-grid-stop-download-action":"Ukončit","gaia-grid-resume-download-title":"Obnovení stahování","gaia-grid-resume-download-body":"Chcete stáhnout aplikaci {{name}}?","gaia-grid-resume-download-action":"Stáhnout","gaia-grid-unrecoverable-error-title":"Odebrání aplikace","gaia-grid-unrecoverable-error-body":"Aplikace nemůže být nainstalována z důvodu neopravitelné chyby. Zkuste ji prosím znovu stáhnout. Aplikace bude odebrána.","gaia-grid-unrecoverable-error-action":"OK","gaia-grid-cancel":"Zrušit"}