{"loading":"Indlæser","cancel":"Annuller","custom":"Tilpas","prompt-create-custom":"Opret din egen smarte samling","network-error-message":"Forbind til internettet for at tilføje flere smarte samlinger","add-to-top-of-collection":"Føj til toppen af samling","add-to-home-screen":"Add to Home Screen","offline-webresults":"Forbind til internettet for at hente apps til {{collectionName}}","edit-mode":"Rediger","edit-done":"Færdig","delete-title":"Slet {{name}}","delete-body":"{{name}} og alle dens data vil blive slettet.","delete":"Slet","collection-categoryId-22":"Bøger","collection-categoryId-142":"Musik","collection-categoryId-181":"Film","collection-categoryId-194":"Internet","collection-categoryId-207":"Spil","collection-categoryId-211":"Video","collection-categoryId-213":"TV","collection-categoryId-220":"Restauranter","collection-categoryId-225":"Kendte","collection-categoryId-238":"Indkøb","collection-categoryId-242":"Billeder","collection-categoryId-244":"Teknologi","collection-categoryId-245":"Nyheder","collection-categoryId-248":"Mail","collection-categoryId-249":"Vejr","collection-categoryId-256":"Kultur","collection-categoryId-260":"Sport","collection-categoryId-270":"Opskrifter","collection-categoryId-271":"Opslagsværker","collection-categoryId-272":"Rejse-guider","collection-categoryId-274":"Jobs","collection-categoryId-275":"Medicin","collection-categoryId-277":"Sjovt","collection-categoryId-279":"Uddannelse","collection-categoryId-282":"Mode","collection-categoryId-286":"Elektronik","collection-categoryId-288":"Biler","collection-categoryId-289":"Sociale","collection-categoryId-291":"Videospil","collection-categoryId-292":"Daglige tilbud","collection-categoryId-294":"Personlig kommunikation","collection-categoryId-296":"I nærheden","collection-categoryId-297":"Astrologi","collection-categoryId-302":"Børn","collection-categoryId-303":"Financielle ydelser","collection-categoryId-306":"Rejse","collection-categoryId-316":"Hoteller","collection-categoryId-320":"Dating","collection-categoryId-321":"Financielle nyheder","collection-categoryId-325":"Baseball","collection-categoryId-338":"Personlige annoncer","collection-categoryId-347":"Baby","collection-categoryId-349":"Fotografi","collection-categoryId-356":"Skønhed","collection-categoryId-357":"Hjælpeprogrammer","collection-categoryId-360":"Produktivitet","collection-categoryId-365":"Tegneserier","collection-categoryId-366":"Livsstil","collection-categoryId-368":"Personlig tilpasning","collection-categoryId-372":"Transport","collection-categoryId-373":"Telekommunikation","collection-categoryId-376":"Underholdning","collection-categoryId-377":"Fodbold","collection-categoryId-381":"Religion","collection-categoryId-382":"Fitness","collection-categoryId-387":"Udendørs aktiviteter","collection-categoryId-399":"Gør-det-selv","collection-categoryId-449":"Jeg keder mig","collection-categoryId-462":"Telenovelas","collection-categoryId-463":"Politik","collection-categoryId-473":"Cricket","collection-categoryId-491":"World Cup","collection-categoryId-501":"Brasilianske apps","collection-categoryId-504":"Bollywood","collection-categoryId-505":"Mad & drikke","collection-categoryId-507":"Rejser & lokalt","collection-categoryId-510":"Teknologi & videnskab","collection-categoryId-511":"Medier & video","collection-categoryId-512":"Sundhed & fitness","collection-categoryId-513":"Business","collection-categoryId-520":"Cykling","collection-categoryId-521":"Surf","gaia-grid-stop-download-title":"Stop {{name}}","gaia-grid-stop-download-body":"Vil du stoppe den igangværende filhentning?","gaia-grid-stop-download-action":"Stop","gaia-grid-resume-download-title":"Genstart filhentning","gaia-grid-resume-download-body":"Vil du hente {{name}}?","gaia-grid-resume-download-action":"Hent","gaia-grid-unrecoverable-error-title":"Fjern app","gaia-grid-unrecoverable-error-body":"App'en kan ikke hentes og installeres på grund af en fejl. Prøv at hente den igen.","gaia-grid-unrecoverable-error-action":"OK","gaia-grid-cancel":"Annuller"}