{"loading":"Wird geladen…","cancel":"Abbrechen","custom":"Eigene","prompt-create-custom":"Erstellen Sie Ihre eigene Intelligente Sammlung","network-error-message":"Verbinden Sie mit dem Internet, um mehr Intelligente Sammlungen zu erhalten.","add-to-top-of-collection":"An Anfang der Sammlung verschieben","add-to-home-screen":"Add to Home Screen","offline-webresults":"Verbinden Sie mit dem Internet, um Apps für \"{{collectionName}}\" zu erhalten.","edit-mode":"Bearbeiten","edit-done":"Fertig","delete-title":"{{name}} löschen","delete-body":"{{name}} und seine Daten werden gelöscht.","delete":"Löschen","collection-categoryId-22":"Bücher","collection-categoryId-142":"Musik","collection-categoryId-181":"Filme","collection-categoryId-194":"Internet","collection-categoryId-207":"Spiele","collection-categoryId-211":"Videos","collection-categoryId-213":"Fernsehen","collection-categoryId-220":"Restaurants","collection-categoryId-225":"Boulevard","collection-categoryId-238":"Einkaufen","collection-categoryId-242":"Bilder","collection-categoryId-244":"Technik","collection-categoryId-245":"Nachrichten","collection-categoryId-248":"E-Mail","collection-categoryId-249":"Wetter","collection-categoryId-256":"Kultur","collection-categoryId-260":"Sport","collection-categoryId-270":"Rezepte","collection-categoryId-271":"Bedienungsanleitungen","collection-categoryId-272":"Reiseführer","collection-categoryId-274":"Jobs","collection-categoryId-275":"Medizin","collection-categoryId-277":"Spaß","collection-categoryId-279":"Bildung","collection-categoryId-282":"Mode","collection-categoryId-286":"Elektronik","collection-categoryId-288":"Autos","collection-categoryId-289":"Sozial","collection-categoryId-291":"Videospiele","collection-categoryId-292":"Tägliche Angebote","collection-categoryId-294":"Persönliche Kommunikation","collection-categoryId-296":"In meiner Nähe","collection-categoryId-297":"Astrologie","collection-categoryId-302":"Kinder","collection-categoryId-303":"Finanzdienstleistungen","collection-categoryId-306":"Reise","collection-categoryId-316":"Hotels","collection-categoryId-320":"Dating","collection-categoryId-321":"Finanznachrichten","collection-categoryId-325":"Baseball","collection-categoryId-338":"Kleinanzeigen","collection-categoryId-347":"Baby","collection-categoryId-349":"Fotografie","collection-categoryId-356":"Beauty","collection-categoryId-357":"Werkzeuge","collection-categoryId-360":"Produktivität","collection-categoryId-365":"Comics","collection-categoryId-366":"Lifestyle","collection-categoryId-368":"Personalisierung","collection-categoryId-372":"Verkehr","collection-categoryId-373":"Telekommunikation","collection-categoryId-376":"Unterhaltung","collection-categoryId-377":"Fußball","collection-categoryId-381":"Religion","collection-categoryId-382":"Fitness","collection-categoryId-387":"Draußen aktiv","collection-categoryId-399":"Heimwerken","collection-categoryId-449":"Mir ist langweilig","collection-categoryId-462":"Telenovelas","collection-categoryId-463":"Politik","collection-categoryId-473":"Cricket","collection-categoryId-491":"Weltmeisterschaft","collection-categoryId-501":"Brasilianische Apps","collection-categoryId-504":"Bollywood","collection-categoryId-505":"Essen & Trinken","collection-categoryId-507":"Reise & In der Nähe","collection-categoryId-510":"Technik & Wissenschaft","collection-categoryId-511":"Medien & Video","collection-categoryId-512":"Gesundheit & Fitness","collection-categoryId-513":"Geschäftlich","collection-categoryId-520":"Radfahren","collection-categoryId-521":"Surfen","gaia-grid-stop-download-title":"{{name}} anhalten","gaia-grid-stop-download-body":"Soll der laufende Download angehalten werden?","gaia-grid-stop-download-action":"Anhalten","gaia-grid-resume-download-title":"Download neu starten","gaia-grid-resume-download-body":"Soll {{name}} heruntergeladen werden?","gaia-grid-resume-download-action":"Herunterladen","gaia-grid-unrecoverable-error-title":"App wird entfernt","gaia-grid-unrecoverable-error-body":"App kann auf Grund eines nicht behebbaren Fehlers nicht installiert werden. Bitte laden Sie die App erneut herunter. Die App wird jetzt entfernt.","gaia-grid-unrecoverable-error-action":"OK","gaia-grid-cancel":"Abbrechen"}