{"loading":"Kargatzen","cancel":"Utzi","custom":"Pertsonalizatua","prompt-create-custom":"Sortu zure bilduma dinamikoa","network-error-message":"Konektatu Internetera bilduma dinamiko gehiago gehitzeko","add-to-top-of-collection":"Gehitu bildumaren goian","add-to-home-screen":"Add to Home Screen","offline-webresults":"Konektatu Internetera {{collectionName}} bildumako aplikazioak eskuratzeko","edit-mode":"Editatu","edit-done":"Eginda","delete-title":"Ezabatu {{name}}","delete-body":"{{name}} eta haren datu guztiak ezabatuko dira.","delete":"Ezabatu","collection-categoryId-22":"Liburuak","collection-categoryId-142":"Musika","collection-categoryId-181":"Filmak","collection-categoryId-194":"Internet","collection-categoryId-207":"Jokoak","collection-categoryId-211":"Bideoa","collection-categoryId-213":"Telebista","collection-categoryId-220":"Jatetxeak","collection-categoryId-225":"Ospetsuak","collection-categoryId-238":"Erosketak","collection-categoryId-242":"Irudiak","collection-categoryId-244":"Teknologia","collection-categoryId-245":"Albisteak","collection-categoryId-248":"Posta elektronikoa","collection-categoryId-249":"Eguraldia","collection-categoryId-256":"Kultura","collection-categoryId-260":"Kirolak","collection-categoryId-270":"Errezetak","collection-categoryId-271":"Erreferentzia","collection-categoryId-272":"Bidaia-gidak","collection-categoryId-274":"Lanpostuak","collection-categoryId-275":"Medikuntza","collection-categoryId-277":"Dibertigarria","collection-categoryId-279":"Ikasketak eta hezkuntza","collection-categoryId-282":"Moda","collection-categoryId-286":"Elektronika","collection-categoryId-288":"Autoak","collection-categoryId-289":"Soziala","collection-categoryId-291":"Bideo-jokoak","collection-categoryId-292":"Eguneko eskaintzak","collection-categoryId-294":"Komunikazio pertsonala","collection-categoryId-296":"Nire inguruan","collection-categoryId-297":"Astrologia","collection-categoryId-302":"Umeak","collection-categoryId-303":"Finantza-zerbitzuak","collection-categoryId-306":"Bidaiak","collection-categoryId-316":"Hotelak","collection-categoryId-320":"Zitak","collection-categoryId-321":"Albiste finantzeroak","collection-categoryId-325":"Beisbola","collection-categoryId-338":"Iragarkiak","collection-categoryId-347":"Haurra","collection-categoryId-349":"Argazkigintza","collection-categoryId-356":"Edertasuna","collection-categoryId-357":"Tresnak","collection-categoryId-360":"Produktibotasuna","collection-categoryId-365":"Komikiak","collection-categoryId-366":"Bizimodua","collection-categoryId-368":"Pertsonalizazioa","collection-categoryId-372":"Garraioa","collection-categoryId-373":"Telekomunikazioak","collection-categoryId-376":"Denbora-pasa","collection-categoryId-377":"Futbola","collection-categoryId-381":"Erlijioa","collection-categoryId-382":"Soinketa","collection-categoryId-387":"Aire zabaleko jarduerak","collection-categoryId-399":"Egizu zuk zeuk","collection-categoryId-449":"Oso aspertuta nago","collection-categoryId-462":"Telenobelak","collection-categoryId-463":"Politika","collection-categoryId-473":"Cricketa","collection-categoryId-491":"Munduko Kopa","collection-categoryId-501":"Aplikazio brasildarrak","collection-categoryId-504":"Bollywood","collection-categoryId-505":"Jan-edana","collection-categoryId-507":"Bidaiak eta tokian tokikoak","collection-categoryId-510":"Zientzia eta teknologia","collection-categoryId-511":"Multimedia eta bideoa","collection-categoryId-512":"Osasuna eta soinketa","collection-categoryId-513":"Negozioak","collection-categoryId-520":"Txirrindularitza","collection-categoryId-521":"Surfa","gaia-grid-stop-download-title":"Gelditu {{name}}","gaia-grid-stop-download-body":"Uneko deskarga gelditu nahi duzu?","gaia-grid-stop-download-action":"Gelditu","gaia-grid-resume-download-title":"Berrabiarazi deskarga","gaia-grid-resume-download-body":"{{name}} deskargatu nahi duzu?","gaia-grid-resume-download-action":"Deskargatu","gaia-grid-unrecoverable-error-title":"Kendu aplikazioa","gaia-grid-unrecoverable-error-body":"Ezin izan da aplikazioa instalatu errore konponezin batengatik. Saiatu berriro deskargatzen. Aplikazioa kenduko da.","gaia-grid-unrecoverable-error-action":"Ados","gaia-grid-cancel":"Utzi"}