{"loading":"Betöltés","cancel":"Mégse","custom":"Egyéni","prompt-create-custom":"Saját okos gyűjtemény létrehozása","network-error-message":"Csatlakozzon az internetre több okos gyűjtemény felvételéhez","add-to-top-of-collection":"Gyűjtemény tetejéhez adás","add-to-home-screen":"Add to Home Screen","offline-webresults":"Csatlakozzon az internetre további appok beszerzéséhez {{collectionName}} témában","edit-mode":"Szerkesztés","edit-done":"Kész","delete-title":"{{name}} törlése","delete-body":"{{name}} és minden adata törlésre kerül.","delete":"Törlés","collection-categoryId-22":"Könyv","collection-categoryId-142":"Zene","collection-categoryId-181":"Film","collection-categoryId-194":"Internet","collection-categoryId-207":"Játék","collection-categoryId-211":"Videó","collection-categoryId-213":"TV","collection-categoryId-220":"Étterem","collection-categoryId-225":"Celeb","collection-categoryId-238":"Vásárlás","collection-categoryId-242":"Képek","collection-categoryId-244":"Technológia","collection-categoryId-245":"Hírek","collection-categoryId-248":"E-mail","collection-categoryId-249":"Időjárás","collection-categoryId-256":"Kultúra","collection-categoryId-260":"Sport","collection-categoryId-270":"Recept","collection-categoryId-271":"Lexikon","collection-categoryId-272":"Útikalauz","collection-categoryId-274":"Állás","collection-categoryId-275":"Egészségügy","collection-categoryId-277":"Vicces","collection-categoryId-279":"Tanulás és oktatás","collection-categoryId-282":"Divat","collection-categoryId-286":"Elektronika","collection-categoryId-288":"Autó","collection-categoryId-289":"Közösség","collection-categoryId-291":"Videojátékok","collection-categoryId-292":"Kupon","collection-categoryId-294":"Személyes kapcsolattartás","collection-categoryId-296":"Körülöttem","collection-categoryId-297":"Asztrológia","collection-categoryId-302":"Gyerekek","collection-categoryId-303":"Pénzügyi szolgáltatások","collection-categoryId-306":"Utazás","collection-categoryId-316":"Szálloda","collection-categoryId-320":"Randizás","collection-categoryId-321":"Pénzügyi hírek","collection-categoryId-325":"Baseball","collection-categoryId-338":"Apróhirdetés","collection-categoryId-347":"Baba","collection-categoryId-349":"Fotók","collection-categoryId-356":"Szépség","collection-categoryId-357":"Eszközök","collection-categoryId-360":"Hasznos","collection-categoryId-365":"Képregény","collection-categoryId-366":"Életmód","collection-categoryId-368":"Testreszabás","collection-categoryId-372":"Tömegközlekedés","collection-categoryId-373":"Távközlés","collection-categoryId-376":"Szórakozás","collection-categoryId-377":"Futball","collection-categoryId-381":"Vallás","collection-categoryId-382":"Fitnesz","collection-categoryId-387":"Szabadtéri programok","collection-categoryId-399":"Csináld magad","collection-categoryId-449":"Unatkozom","collection-categoryId-462":"Szappanoperák","collection-categoryId-463":"Politika","collection-categoryId-473":"Krikett","collection-categoryId-491":"Világbajnokság","collection-categoryId-501":"Brazil appok","collection-categoryId-504":"Bollywood","collection-categoryId-505":"Ételek és italok","collection-categoryId-507":"Utazás és helyi","collection-categoryId-510":"Technológia és tudomány","collection-categoryId-511":"Média és videó","collection-categoryId-512":"Egészség és fitnesz","collection-categoryId-513":"Üzlet","collection-categoryId-520":"Kerékpározás","collection-categoryId-521":"Szörf","gaia-grid-stop-download-title":"Stop {{name}}","gaia-grid-stop-download-body":"Do you want to stop the download in progress?","gaia-grid-stop-download-action":"Stop","gaia-grid-resume-download-title":"Restart Download","gaia-grid-resume-download-body":"Do you want to download {{name}}?","gaia-grid-resume-download-action":"Download","gaia-grid-unrecoverable-error-title":"Remove Application","gaia-grid-unrecoverable-error-body":"Cannot install application due to an unrecoverable error. Please try downloading again. The application will be removed.","gaia-grid-unrecoverable-error-action":"OK","gaia-grid-cancel":"Cancel"}