{"loading":"Caricamento…","cancel":"Annulla","custom":"Personalizzata","prompt-create-custom":"Crea una Raccolta smart personalizzata","network-error-message":"Connettersi a Internet per aggiungere altre Raccolte smart","add-to-top-of-collection":"Aggiungi all’inizio della raccolta","add-to-home-screen":"Add to Home Screen","offline-webresults":"Connettersi a Internet per scoprire le app in {{collectionName}}","edit-mode":"Modifica","edit-done":"Fine","delete-title":"Elimina {{name}}","delete-body":"{{name}} e tutti i relativi dati verranno eliminati.","delete":"Elimina","collection-categoryId-22":"Libri","collection-categoryId-142":"Musica","collection-categoryId-181":"Film","collection-categoryId-194":"Internet","collection-categoryId-207":"Giochi","collection-categoryId-211":"Video","collection-categoryId-213":"TV","collection-categoryId-220":"Ristoranti","collection-categoryId-225":"Celebrità","collection-categoryId-238":"Shopping","collection-categoryId-242":"Immagini","collection-categoryId-244":"Tecnologia","collection-categoryId-245":"Notizie","collection-categoryId-248":"Email","collection-categoryId-249":"Meteo","collection-categoryId-256":"Cultura","collection-categoryId-260":"Sport","collection-categoryId-270":"Ricette","collection-categoryId-271":"Guide","collection-categoryId-272":"Guide turistiche","collection-categoryId-274":"Lavoro","collection-categoryId-275":"Medicina","collection-categoryId-277":"Divertenti","collection-categoryId-279":"Cultura ed educazione","collection-categoryId-282":"Moda","collection-categoryId-286":"Elettronica","collection-categoryId-288":"Auto","collection-categoryId-289":"Social","collection-categoryId-291":"Videogiochi","collection-categoryId-292":"Occasioni","collection-categoryId-294":"Comunicazione","collection-categoryId-296":"Vicino a me","collection-categoryId-297":"Astrologia","collection-categoryId-302":"Bambini","collection-categoryId-303":"Servizi finanziari","collection-categoryId-306":"Viaggi","collection-categoryId-316":"Hotel","collection-categoryId-320":"Appuntamenti","collection-categoryId-321":"Notizie finanziarie","collection-categoryId-325":"Baseball","collection-categoryId-338":"Annunci","collection-categoryId-347":"Bambino","collection-categoryId-349":"Fotografia","collection-categoryId-356":"Bellezza","collection-categoryId-357":"Strumenti utili","collection-categoryId-360":"Produttività","collection-categoryId-365":"Fumetti","collection-categoryId-366":"Stile di vita","collection-categoryId-368":"Personalizzazione","collection-categoryId-372":"Trasporti","collection-categoryId-373":"Telecomunicazioni","collection-categoryId-376":"Intrattenimento","collection-categoryId-377":"Calcio","collection-categoryId-381":"Religione","collection-categoryId-382":"Fitness","collection-categoryId-387":"Attività all’aperto","collection-categoryId-399":"Fai da te","collection-categoryId-449":"Mi sto annoiando","collection-categoryId-462":"Telenovela","collection-categoryId-463":"Politica","collection-categoryId-473":"Cricket","collection-categoryId-491":"Coppa del mondo","collection-categoryId-501":"App brasiliane","collection-categoryId-504":"Bollywood","collection-categoryId-505":"Cibo e vini","collection-categoryId-507":"Viaggi e luoghi","collection-categoryId-510":"Tecnologia e scienza","collection-categoryId-511":"Media e video","collection-categoryId-512":"Salute e bellezza","collection-categoryId-513":"Business","collection-categoryId-520":"Ciclismo","collection-categoryId-521":"Surf","gaia-grid-stop-download-title":"Interrompi {{name}}","gaia-grid-stop-download-body":"Interrompere il download in corso?","gaia-grid-stop-download-action":"Interrompi","gaia-grid-resume-download-title":"Riavvio download","gaia-grid-resume-download-body":"Procedere con il download di {{name}}?","gaia-grid-resume-download-action":"Scarica","gaia-grid-unrecoverable-error-title":"Rimozione applicazione","gaia-grid-unrecoverable-error-body":"Impossibile eseguire l’installazione a causa di un errore irrecuperabile. L’applicazione verrà rimossa, riprovare il download.","gaia-grid-unrecoverable-error-action":"OK","gaia-grid-cancel":"Annulla"}