{"loading":"កំពុង​ផ្ទុក","cancel":"បោះបង់","custom":"ផ្ទាល់ខ្លួន","prompt-create-custom":"បង្កើត​សម្រាំង​ដ៏​វៃ​ឆ្លាត​ផ្ទាល់ខ្លួន​របស់​អ្នក","network-error-message":"ភ្ជាប់​អ៊ីនធឺណិត​ ដើម្បី​បន្ថែម​សម្រាំង​វៃ​ឆ្លាត​បន្ថែម","add-to-top-of-collection":"បន្ថែម​សម្រាំង​ផ្នែក​ខាងលើ","add-to-home-screen":"Add to Home Screen","offline-webresults":"ភ្ជាប់​អ៊ីនធឺណិត​ដើម្បីទទួល​កម្មវិធី​សម្រាប់ {{collectionName}}","edit-mode":"កែសម្រួល​","edit-done":"ធ្វើ​រួច","delete-title":"លុប {{name}}","delete-body":"នឹង​លុប {{name}} និង​ទិន្នន័យ​របស់​វា​ទាំងអស់។","delete":"លុប","collection-categoryId-22":"សៀវភៅ","collection-categoryId-142":"តន្ត្រី","collection-categoryId-181":"ភាពយន្ត​","collection-categoryId-194":"អ៊ីនធឺណិត","collection-categoryId-207":"ល្បែង","collection-categoryId-211":"វីដេអូ","collection-categoryId-213":"ទូរទស្សន៍","collection-categoryId-220":"ភោជនីយដ្ឋាន","collection-categoryId-225":"Celebs","collection-categoryId-238":"ទិញ​ទំនិញ","collection-categoryId-242":"រូបភាព","collection-categoryId-244":"បច្ចេកវិទ្យា","collection-categoryId-245":"ព័ត៌មាន​","collection-categoryId-248":"អ៊ីមែល","collection-categoryId-249":"អាកាសធាតុ","collection-categoryId-256":"វប្បធម៌​","collection-categoryId-260":"កីឡា​","collection-categoryId-270":"រូបមន្ត​ធ្វើ​ម្ហូប","collection-categoryId-271":"សេចក្ដី​យោង​","collection-categoryId-272":"មគ្គុទ្ទេសក៍​ធ្វើ​ដំណើរ","collection-categoryId-274":"ការងារ","collection-categoryId-275":"វេជ្ជសាស្ត្រ","collection-categoryId-277":"រីករាយ","collection-categoryId-279":"ការ​សិក្សា & អប់រំ","collection-categoryId-282":"ម៉ូដ","collection-categoryId-286":"អេឡិចត្រូនិក","collection-categoryId-288":"ស្វ័យប្រវត្តិ","collection-categoryId-289":"សង្គម","collection-categoryId-291":"ហ្គេម​វីដេអូ","collection-categoryId-292":"ការចែកចាយ​ប្រចាំ​ថ្ងៃ","collection-categoryId-294":"ការ​ទាក់ទង​ផ្ទាល់​ខ្លួន","collection-categoryId-296":"ជុំវិញ​ខ្ញុំ","collection-categoryId-297":"ហោរាសាស្ត្រ","collection-categoryId-302":"ក្មេងៗ","collection-categoryId-303":"សេវា​កម្ម​ហិរញ្ញវត្ថុ","collection-categoryId-306":"ធ្វើ​ដំណើរ​","collection-categoryId-316":"សណ្ឋាគារ","collection-categoryId-320":"ការ​ណាត់ជួប","collection-categoryId-321":"ព័ត៌មាន​ហិរញ្ញវត្ថុ","collection-categoryId-325":"បាល់​អោប","collection-categoryId-338":"បាន​ចាត់​ជា​ថ្នាក់","collection-categoryId-347":"ទារក","collection-categoryId-349":"រូបថត","collection-categoryId-356":"សោភ័ណ្ឌភាព","collection-categoryId-357":"ឧបករណ៍​ប្រើ​ប្រាស់","collection-categoryId-360":"ផលិតភាព","collection-categoryId-365":"រូប​កំប្លែង​","collection-categoryId-366":"បែបផែន​ជីវិត​","collection-categoryId-368":"ផ្ទាល់​ខ្លួន","collection-categoryId-372":"ការ​ដឹក​ជញ្ជូន","collection-categoryId-373":"ទំនាក់ទំនង","collection-categoryId-376":"កំសាន្ត","collection-categoryId-377":"កីឡា​បាល់ទាត់","collection-categoryId-381":"សាសនា","collection-categoryId-382":"ភាពត្រឹមត្រូវ","collection-categoryId-387":"សកម្មភាព​ខាង​ក្រៅ","collection-categoryId-399":"DIY","collection-categoryId-449":"ខ្ញុំ​អផ្សុក​ណាស់","collection-categoryId-462":"Telenovelas","collection-categoryId-463":"នយោបាយ","collection-categoryId-473":"កីឡា​ក្រីឃីត","collection-categoryId-491":"ពានរង្វាន់​ពិភពលោក","collection-categoryId-501":"កម្មវិធី​ប្រេស៊ីល","collection-categoryId-504":"បូលីវូដ","collection-categoryId-505":"អាហារ & ភេសជ្ជៈ","collection-categoryId-507":"ការ​ធ្វើ​ដំណើរ & មូលដ្ឋាន","collection-categoryId-510":"បច្ចេកវិទ្យា & វិទ្យាសាស្ត្រ","collection-categoryId-511":"មេឌៀ & វីដេអូ","collection-categoryId-512":"សុខភាព & កាយសប្បទា","collection-categoryId-513":"ពាណិជ្ជកម្ម","collection-categoryId-520":"ការ​ជិះកង់","collection-categoryId-521":"ស្វែងរក","gaia-grid-stop-download-title":"បញ្ឈប់ {{name}}","gaia-grid-stop-download-body":"តើ​អ្នក​ចង់​បញ្ឈប់​កា​រ​ទាញយក​​ដែល​កំពុង​ដំណើរការ?","gaia-grid-stop-download-action":"បញ្ឈប់","gaia-grid-resume-download-title":"ចាប់ផ្ដើម​ទាញ​យក​​ឡើងវិញ","gaia-grid-resume-download-body":"តើ​អ្នក​ចង់​ទាញយក {{name}}?","gaia-grid-resume-download-action":"ទាញយក","gaia-grid-unrecoverable-error-title":"លុប​កម្មវិធី","gaia-grid-unrecoverable-error-body":"មិន​អាច​ដំឡើង​កម្មវិធី​ដោយ​សារ​តែ​កំហុស​ដែល​អាច​ត្រឡប់​វិញ​បាន។ សូម​ព្យាយាម​ទាញយក​ម្ដ​ងទៀត។ កម្មវិធី​នឹង​ត្រូវ​បានលុប​ចេញ។","gaia-grid-unrecoverable-error-action":"យល់ព្រម","gaia-grid-cancel":"បោះបង់"}