{"loading":"Įkeliama","cancel":"Atsisakyti","custom":"Tinkintas","prompt-create-custom":"Susikurkite savą išmanųjį rinkinį","network-error-message":"Prisijunkite prie interneto, jei norite pridėti daugiau išmaniųjų rinkinių","add-to-top-of-collection":"Pridėti į rinkinio viršų","add-to-home-screen":"Add to Home Screen","offline-webresults":"Prisijunkite prie interneto, jei norite parsisiųsti programų į rinkinį „{{collectionName}}“","edit-mode":"Taisyti","edit-done":"Baigta","delete-title":"„{{name}}“ šalinimas","delete-body":"Rinkinys „{{name}}“ bus pašalintas kartu su visais jo duomenimis.","delete":"Šalinti","collection-categoryId-22":"Knygos","collection-categoryId-142":"Muzika","collection-categoryId-181":"Filmai","collection-categoryId-194":"Internetas","collection-categoryId-207":"Žaidimai","collection-categoryId-211":"Video","collection-categoryId-213":"TV","collection-categoryId-220":"Restoranai","collection-categoryId-225":"Įžymybės","collection-categoryId-238":"Apsipirkimas","collection-categoryId-242":"Paveikslėliai","collection-categoryId-244":"Technologijos","collection-categoryId-245":"Naujienos","collection-categoryId-248":"El. paštas","collection-categoryId-249":"Orai","collection-categoryId-256":"Kultūra","collection-categoryId-260":"Sportas","collection-categoryId-270":"Receptai","collection-categoryId-271":"Žinynai","collection-categoryId-272":"Kelionių vadovai","collection-categoryId-274":"Darbo paieškos","collection-categoryId-275":"Medicina","collection-categoryId-277":"Linksmybės","collection-categoryId-279":"Mokymslas ir studijos","collection-categoryId-282":"Mada","collection-categoryId-286":"Elektronika","collection-categoryId-288":"Automobiliai","collection-categoryId-289":"Socialinės","collection-categoryId-291":"Video žaidimai","collection-categoryId-292":"Dienos akcijos","collection-categoryId-294":"Asmeninis bendravimas","collection-categoryId-296":"Aplink mane","collection-categoryId-297":"Astrologija","collection-categoryId-302":"Vaikai","collection-categoryId-303":"Finansinės paslaugos","collection-categoryId-306":"Kelionės","collection-categoryId-316":"Viešbučiai","collection-categoryId-320":"Pažintys","collection-categoryId-321":"Finansinės naujienos","collection-categoryId-325":"Beisbolas","collection-categoryId-338":"Skelbimai","collection-categoryId-347":"Kūdikiai","collection-categoryId-349":"Fotografija","collection-categoryId-356":"Grožis","collection-categoryId-357":"Priemonės","collection-categoryId-360":"Produktyvumas","collection-categoryId-365":"Komiksai","collection-categoryId-366":"Pomėgiai","collection-categoryId-368":"Individualizavimas","collection-categoryId-372":"Transportas","collection-categoryId-373":"Telekomunikacijos","collection-categoryId-376":"Pramogos","collection-categoryId-377":"Futbolas","collection-categoryId-381":"Religija","collection-categoryId-382":"Fitnesas","collection-categoryId-387":"Veikla gryname ore","collection-categoryId-399":"Pasidaryk pats","collection-categoryId-449":"Man taip nuobodu","collection-categoryId-462":"Teleserialai","collection-categoryId-463":"Politika","collection-categoryId-473":"Kriketas","collection-categoryId-491":"Pasaulio taurė","collection-categoryId-501":"Brazilų programos","collection-categoryId-504":"Bolivudas","collection-categoryId-505":"Maistas ir gėrimai","collection-categoryId-507":"Kelionės ir vietovės","collection-categoryId-510":"Technika ir mokslas","collection-categoryId-511":"Garsas ir vaizdas","collection-categoryId-512":"Sveikata ir sportas","collection-categoryId-513":"Verslas","collection-categoryId-520":"Dviračiai","collection-categoryId-521":"Banglentės","gaia-grid-stop-download-title":"Stop {{name}}","gaia-grid-stop-download-body":"Do you want to stop the download in progress?","gaia-grid-stop-download-action":"Stop","gaia-grid-resume-download-title":"Restart Download","gaia-grid-resume-download-body":"Do you want to download {{name}}?","gaia-grid-resume-download-action":"Download","gaia-grid-unrecoverable-error-title":"Remove Application","gaia-grid-unrecoverable-error-body":"Cannot install application due to an unrecoverable error. Please try downloading again. The application will be removed.","gaia-grid-unrecoverable-error-action":"OK","gaia-grid-cancel":"Cancel"}