{"loading":"ਲੋਡ ਕੀਤਾ ਜਾ ਰਿਹਾ ਹੈ","cancel":"ਰੱਦ ਕਰੋ","custom":"ਪਸੰਦੀਦਾ","prompt-create-custom":"ਆਪਣੀ ਖੁਦ ਦਾ ਚੁਸਤ ਭੰਡਾਰ ਬਣਾਓ","network-error-message":"ਹੋਰ ਚੁਸਤ ਭੰਡਾਰ ਜੋੜਨ ਲਈ ਇੰਟਰਨੈੱਟ ਨਾਲ ਕੁਨੈਕਟ ਕਰੋ","add-to-top-of-collection":"ਭੰਡਾਰ ਦੇ ਸਿਖਰ ਉੱਤੇ ਜੋੜੋ","add-to-home-screen":"Add to Home Screen","offline-webresults":"{{collectionName}} ਲਈ ਹੋਰ ਐਪਸ ਲੈਣ ਵਾਸਤੇ ਇੰਟਰਨੈੱਟ ਨਾਲ ਕੁਨੈਕਟ ਕਰੋ","edit-mode":"ਸੋਧ","edit-done":"ਮੁਕੰਮਲ","delete-title":"{{name}} ਹਟਾਓ","delete-body":"{{name}} ਅਤੇ ਇਸ ਦਾ ਸਾਰਾ ਡਾਟਾ ਹਟਾਇਆ ਜਾਵੇਗਾ।","delete":"ਹਟਾਓ","collection-categoryId-22":"ਕਿਤਾਬਾਂ","collection-categoryId-142":"ਸੰਗੀਤ","collection-categoryId-181":"ਫਿਲਮਾਂ","collection-categoryId-194":"ਇੰਟਰਨੈੱਟ","collection-categoryId-207":"ਖੇਡਾਂ","collection-categoryId-211":"ਵੀਡੀਓ","collection-categoryId-213":"ਟੀਵੀ","collection-categoryId-220":"ਰੈਸਟੋਰੈਂਟ","collection-categoryId-225":"ਨਾਮਵਰ ਹਸਤੀਆਂ","collection-categoryId-238":"ਖਰੀਦਦਾਰੀ","collection-categoryId-242":"ਚਿੱਤਰ","collection-categoryId-244":"ਤਕਨੀਕੀ","collection-categoryId-245":"ਖ਼ਬਰਾਂ","collection-categoryId-248":"ਈਮੇਲ","collection-categoryId-249":"ਮੌਸਮ","collection-categoryId-256":"ਸਭਿਆਚਾਰ","collection-categoryId-260":"ਖ਼ੇਡਾਂ","collection-categoryId-270":"ਭੋਜਨ ਬਣਾਉਣ ਗੁਰ","collection-categoryId-271":"ਹਵਾਲੇ","collection-categoryId-272":"ਯਾਤਰਾ ਗਾਈਡ","collection-categoryId-274":"ਜਾਬ","collection-categoryId-275":"ਮੈਡੀਕਲ","collection-categoryId-277":"ਮਜ਼ਾਕ","collection-categoryId-279":"ਸਿੱਖਣਾ ਅਤੇ ਸਿੱਖਿਆ","collection-categoryId-282":"ਫੈਸ਼ਨ","collection-categoryId-286":"ਇਲੈਕਟ੍ਰੋਨਿਕ","collection-categoryId-288":"ਆਟੋ","collection-categoryId-289":"ਸਮਾਜਿਕ","collection-categoryId-291":"ਵੀਡੀਓ ਖੇਡਾਂ","collection-categoryId-292":"ਰੋਜ਼ਾਨਾ ਸੌਦੇ","collection-categoryId-294":"ਨਿੱਜੀ ਗੱਲਬਾਤ","collection-categoryId-296":"ਮੇਰੇ ਦੁਆਲੇ","collection-categoryId-297":"ਜੋਤਿਸ਼","collection-categoryId-302":"ਬੱਚੇ","collection-categoryId-303":"ਵਿੱਤੀ ਸੇਵਾਵਾਂ","collection-categoryId-306":"ਯਾਤਰਾ","collection-categoryId-316":"ਹੋਟਲ","collection-categoryId-320":"ਡੇਟਿੰਗ","collection-categoryId-321":"ਵਿੱਤੀ ਖ਼ਬਰਾਂ","collection-categoryId-325":"ਬੇਸਬਾਲ","collection-categoryId-338":"ਇਸ਼ਤਿਹਾਰ","collection-categoryId-347":"ਛੋਟੇ ਬੱਚੇ","collection-categoryId-349":"ਫੋਟੋਗਰਾਫ਼ੀ","collection-categoryId-356":"ਖੂਬਸੂਰਤ","collection-categoryId-357":"ਸਹੂਲਤਾਂ","collection-categoryId-360":"ਉਤਪਾਦਕਤਾ","collection-categoryId-365":"ਕਾਮਿਕਸ","collection-categoryId-366":"ਜੀਵਨ-ਸ਼ੈਲੀ","collection-categoryId-368":"ਨਿੱਜੀ","collection-categoryId-372":"ਆਵਾਜਾਈ","collection-categoryId-373":"ਟੈਲੀਕਮਿਊਨੀਕੇਸ਼ਨ","collection-categoryId-376":"ਮਨੋਰੰਜਨ","collection-categoryId-377":"ਫੁੱਟਬਾਲ","collection-categoryId-381":"ਧਰਮ","collection-categoryId-382":"ਤੰਦਰੁਸਤੀ","collection-categoryId-387":"ਬਾਹਰੀ ਸਰਗਰਮੀਆਂ","collection-categoryId-399":"ਡੀਆਈਵਾਈ","collection-categoryId-449":"ਮੈਂ ਬਹੁਤ ਬੋਰ ਹਾਂ","collection-categoryId-462":"ਟੈਲੀਨੋਵਲਿਸ","collection-categoryId-463":"ਰਾਜਨੀਤੀ","collection-categoryId-473":"ਕ੍ਰਿਕਟ","collection-categoryId-491":"ਵਰਲਡ ਕੱਪ","collection-categoryId-501":"ਬਰਾਜ਼ੀਲ ਐਪਸ","collection-categoryId-504":"ਬਾਲੀਵੁੱਡ","collection-categoryId-505":"ਭੋਜਨ","collection-categoryId-507":"ਯਾਤਰਾ ਤੇ ਲੋਕਲ","collection-categoryId-510":"ਤਕਨੀਕ ਤੇ ਵਿਗਿਆ","collection-categoryId-511":"ਮੀਡਿਆ ਤੇ ਵੀਡੀਓ","collection-categoryId-512":"ਸਿਹਤ ਤੇ ਤੰਦਰੁਸਤੀ","collection-categoryId-513":"ਕਾਰੋਬਾਰ","collection-categoryId-520":"ਸਾਈਕਲ ਚਲਾਉਣਾ","collection-categoryId-521":"ਸਰਫ਼ ਕਰਨਾ","gaia-grid-stop-download-title":"Stop {{name}}","gaia-grid-stop-download-body":"Do you want to stop the download in progress?","gaia-grid-stop-download-action":"Stop","gaia-grid-resume-download-title":"Restart Download","gaia-grid-resume-download-body":"Do you want to download {{name}}?","gaia-grid-resume-download-action":"Download","gaia-grid-unrecoverable-error-title":"Remove Application","gaia-grid-unrecoverable-error-body":"Cannot install application due to an unrecoverable error. Please try downloading again. The application will be removed.","gaia-grid-unrecoverable-error-action":"OK","gaia-grid-cancel":"Cancel"}