{"loading":"Wczytywanie","cancel":"Anuluj","custom":"Własne","prompt-create-custom":"Utwórz własną kolekcję","network-error-message":"Połącz się z Internetem, aby dodać więcej kolekcji","add-to-top-of-collection":"Dodaj na górze kolekcji","add-to-home-screen":"Add to Home Screen","offline-webresults":"Połącz się z Internetem, aby pobrać aplikacje dla „{{collectionName}}”","edit-mode":"Edycja","edit-done":"Gotowe","delete-title":"Usuwanie „{{name}}”","delete-body":"Aplikacja „{{name}}” i wszystkie powiązane z nią dane zostaną usunięte.","delete":"Usuń","collection-categoryId-22":"Książki","collection-categoryId-142":"Muzyka","collection-categoryId-181":"Filmy","collection-categoryId-194":"Internet","collection-categoryId-207":"Gry","collection-categoryId-211":"Wideo","collection-categoryId-213":"TV","collection-categoryId-220":"Restauracje","collection-categoryId-225":"Gwiazdy","collection-categoryId-238":"Zakupy","collection-categoryId-242":"Obrazy","collection-categoryId-244":"Tech","collection-categoryId-245":"Wiadomości","collection-categoryId-248":"E-mail","collection-categoryId-249":"Pogoda","collection-categoryId-256":"Kultura","collection-categoryId-260":"Sport","collection-categoryId-270":"Przepisy","collection-categoryId-271":"Reference","collection-categoryId-272":"Przewodniki","collection-categoryId-274":"Praca","collection-categoryId-275":"Medyczne","collection-categoryId-277":"Śmieszne","collection-categoryId-279":"Nauka i edukacja","collection-categoryId-282":"Moda","collection-categoryId-286":"Elektronika","collection-categoryId-288":"Samochody","collection-categoryId-289":"Sieci społecznościowe","collection-categoryId-291":"Gry wideo","collection-categoryId-292":"Promocje dnia","collection-categoryId-294":"Komunikacja","collection-categoryId-296":"Wokół mnie","collection-categoryId-297":"Astrologia","collection-categoryId-302":"Dzieci","collection-categoryId-303":"Usługi finansowe","collection-categoryId-306":"Podróże","collection-categoryId-316":"Hotele","collection-categoryId-320":"Randki","collection-categoryId-321":"Wiadomości finansowe","collection-categoryId-325":"Baseball","collection-categoryId-338":"Klasyfikacje","collection-categoryId-347":"Dzieci","collection-categoryId-349":"Fotografia","collection-categoryId-356":"Uroda","collection-categoryId-357":"Narzędzia","collection-categoryId-360":"Produktywność","collection-categoryId-365":"Komiksy","collection-categoryId-366":"Styl życia","collection-categoryId-368":"Dostosowywanie","collection-categoryId-372":"Transport","collection-categoryId-373":"Telekomunkacja","collection-categoryId-376":"Rozrywka","collection-categoryId-377":"Piłka nożna","collection-categoryId-381":"Religia","collection-categoryId-382":"Fitness","collection-categoryId-387":"Outdoor","collection-categoryId-399":"DIY","collection-categoryId-449":"Nudzi mi się","collection-categoryId-462":"Telenowele","collection-categoryId-463":"Polityka","collection-categoryId-473":"Krykiet","collection-categoryId-491":"Mistrzostwa świata","collection-categoryId-501":"Aplikacje z Brazilii","collection-categoryId-504":"Bollywood","collection-categoryId-505":"Jedzenie i napoje","collection-categoryId-507":"Podróżne i lokalne","collection-categoryId-510":"Nauka i technologie","collection-categoryId-511":"Media i wideo","collection-categoryId-512":"Zdrowie i fitness","collection-categoryId-513":"Biznes","collection-categoryId-520":"Rowery","collection-categoryId-521":"Surfing","gaia-grid-stop-download-title":"Zatrzymywanie pobierania „{{name}}”","gaia-grid-stop-download-body":"Zatrzymać aktywne pobieranie aplikacji?","gaia-grid-stop-download-action":"Zatrzymaj","gaia-grid-resume-download-title":"Wznawianie pobierania","gaia-grid-resume-download-body":"Pobrać aplikację „{{name}}”?","gaia-grid-resume-download-action":"Pobierz","gaia-grid-unrecoverable-error-title":"Usuwanie aplikacji","gaia-grid-unrecoverable-error-body":"Nie można zainstalować aplikacji z powodu nieodwracalnego błędu. Aplikacja zostanie teraz usunięta. Proszę spróbować pobrać ją ponownie.","gaia-grid-unrecoverable-error-action":"OK","gaia-grid-cancel":"Anuluj"}