{"loading":"Po ngarkohet","cancel":"Anuloje","custom":"Vetjak","prompt-create-custom":"Krijoni Koleksionin tuaj të Mençur","network-error-message":"Lidhuni në internet që të shtoni më tepër Koleksione të Mençura","add-to-top-of-collection":"Shtoje në krye të koleksionit","add-to-home-screen":"Add to Home Screen","offline-webresults":"Lidhuni në internet që të merrni zbatime për {{collectionName}}","edit-mode":"Përpunojeni","edit-done":"U bë","delete-title":"Fshijeni {{name}}","delete-body":"{{name}} dhe krejt të dhënat e tij do të fshihen.","delete":"Fshije","collection-categoryId-22":"Libra","collection-categoryId-142":"Muzikë","collection-categoryId-181":"Filma","collection-categoryId-194":"Internet","collection-categoryId-207":"Lojëra","collection-categoryId-211":"Video","collection-categoryId-213":"TV","collection-categoryId-220":"Restorante","collection-categoryId-225":"Të famshëm","collection-categoryId-238":"Blerje","collection-categoryId-242":"Figura","collection-categoryId-244":"Teknologji","collection-categoryId-245":"Lajme","collection-categoryId-248":"Email","collection-categoryId-249":"Moti","collection-categoryId-256":"Kulturë","collection-categoryId-260":"Sport","collection-categoryId-270":"Receta Gatimi","collection-categoryId-271":"Referenca","collection-categoryId-272":"Udhërrëfyes","collection-categoryId-274":"Punësim","collection-categoryId-275":"Mjeksore","collection-categoryId-277":"Zbavitje","collection-categoryId-279":"Arsim & Edukim","collection-categoryId-282":"Moda","collection-categoryId-286":"Elektronike","collection-categoryId-288":"Auto","collection-categoryId-289":"Sociale","collection-categoryId-291":"Lojëra Video","collection-categoryId-292":"Oferta të Ditës","collection-categoryId-294":"Komunikim Personal","collection-categoryId-296":"Rreth Meje","collection-categoryId-297":"Astrologji","collection-categoryId-302":"Për Fëmijë","collection-categoryId-303":"Shërbime Financiare","collection-categoryId-306":"Udhëtime","collection-categoryId-316":"Hotele","collection-categoryId-320":"Takime","collection-categoryId-321":"Lajme Financiare","collection-categoryId-325":"Bejzboll","collection-categoryId-338":"Lajmërime","collection-categoryId-347":"Foshnja","collection-categoryId-349":"Fotografi","collection-categoryId-356":"Bukuri","collection-categoryId-357":"Të dobishme","collection-categoryId-360":"Prodhimshmëri","collection-categoryId-365":"Karikatura","collection-categoryId-366":"Lifestyle","collection-categoryId-368":"Personalizim","collection-categoryId-372":"Transport","collection-categoryId-373":"Telekomunikacion","collection-categoryId-376":"Spektakël","collection-categoryId-377":"Futboll","collection-categoryId-381":"Fe","collection-categoryId-382":"Fitnes","collection-categoryId-387":"Veprimtari Në Natyrë","collection-categoryId-399":"DIY","collection-categoryId-449":"I’m So Bored","collection-categoryId-462":"Telenovela","collection-categoryId-463":"Politikë","collection-categoryId-473":"Kriket","collection-categoryId-491":"Botërori","collection-categoryId-501":"Zbatime Braziliane","collection-categoryId-504":"Bollywood","collection-categoryId-505":"Ushqim & Pije","collection-categoryId-507":"Udhëtim & Vendore","collection-categoryId-510":"Shkencë & Teknikë","collection-categoryId-511":"Media & Video","collection-categoryId-512":"Shëdet & Fitnes","collection-categoryId-513":"Biznes","collection-categoryId-520":"Çiklizëm","collection-categoryId-521":"Surf","gaia-grid-stop-download-title":"Stop {{name}}","gaia-grid-stop-download-body":"Do you want to stop the download in progress?","gaia-grid-stop-download-action":"Stop","gaia-grid-resume-download-title":"Restart Download","gaia-grid-resume-download-body":"Do you want to download {{name}}?","gaia-grid-resume-download-action":"Download","gaia-grid-unrecoverable-error-title":"Remove Application","gaia-grid-unrecoverable-error-body":"Cannot install application due to an unrecoverable error. Please try downloading again. The application will be removed.","gaia-grid-unrecoverable-error-action":"OK","gaia-grid-cancel":"Cancel"}