{"loading":"Laddar","cancel":"Avbryt","custom":"Anpassa","prompt-create-custom":"Skapa din egna smarta samling","network-error-message":"Anslut till internet för att lägga till flera smarta samlingar","add-to-top-of-collection":"Lägg till i toppen av samlingen","add-to-home-screen":"Add to Home Screen","offline-webresults":"Anslut till internet för att hämta appar till {{collectionName}}","edit-mode":"Redigera","edit-done":"Klar","delete-title":"Ta bort {{name}}","delete-body":"{{name}} och all dess data kommer att tas bort.","delete":"Ta bort","collection-categoryId-22":"Böcker","collection-categoryId-142":"Musik","collection-categoryId-181":"Filmer","collection-categoryId-194":"Internet","collection-categoryId-207":"Spel","collection-categoryId-211":"Video","collection-categoryId-213":"TV","collection-categoryId-220":"Restauranger","collection-categoryId-225":"Kändisar","collection-categoryId-238":"Shopping","collection-categoryId-242":"Bilder","collection-categoryId-244":"Teknik","collection-categoryId-245":"Nyheter","collection-categoryId-248":"E-post","collection-categoryId-249":"Väder","collection-categoryId-256":"Kultur","collection-categoryId-260":"Sport","collection-categoryId-270":"Recept","collection-categoryId-271":"Referens","collection-categoryId-272":"Reseguider","collection-categoryId-274":"Jobb","collection-categoryId-275":"Sjukvård","collection-categoryId-277":"Skoj","collection-categoryId-279":"Utbildning","collection-categoryId-282":"Mode","collection-categoryId-286":"Elektronik","collection-categoryId-288":"Bilar","collection-categoryId-289":"Socialt","collection-categoryId-291":"Videospel","collection-categoryId-292":"Dagliga erbjudanden","collection-categoryId-294":"Personlig kommunikation","collection-categoryId-296":"Omkring mig","collection-categoryId-297":"Astrologi","collection-categoryId-302":"Barn","collection-categoryId-303":"Finansiella tjänster","collection-categoryId-306":"Resa","collection-categoryId-316":"Hotell","collection-categoryId-320":"Dejting","collection-categoryId-321":"Ekonomi","collection-categoryId-325":"Baseball","collection-categoryId-338":"Annonser","collection-categoryId-347":"Spädbarn","collection-categoryId-349":"Fotografi","collection-categoryId-356":"Skönhet","collection-categoryId-357":"Verktyg","collection-categoryId-360":"Produktivitet","collection-categoryId-365":"Serietidningar","collection-categoryId-366":"Livsstil","collection-categoryId-368":"Anpassning","collection-categoryId-372":"Transportmedel","collection-categoryId-373":"Telekommunikation","collection-categoryId-376":"Underhållning","collection-categoryId-377":"Fotboll","collection-categoryId-381":"Religion","collection-categoryId-382":"Fitness","collection-categoryId-387":"Friluftsliv","collection-categoryId-399":"Gör det själv","collection-categoryId-449":"Jag är så uttråkad","collection-categoryId-462":"TV-serier","collection-categoryId-463":"Politik","collection-categoryId-473":"Cricket","collection-categoryId-491":"Världscupen","collection-categoryId-501":"Brasilianska appar","collection-categoryId-504":"Bollywood","collection-categoryId-505":"Mat & Drinkar","collection-categoryId-507":"Resa & Lokalt","collection-categoryId-510":"Teknik & Vetenskap","collection-categoryId-511":"Media & Video","collection-categoryId-512":"Hälsa & Fitness","collection-categoryId-513":"Företag","collection-categoryId-520":"Cykling","collection-categoryId-521":"Surfning","gaia-grid-stop-download-title":"Avbryt {{name}}","gaia-grid-stop-download-body":"Vill du avbryta pågående nedladdning??","gaia-grid-stop-download-action":"Avbryt","gaia-grid-resume-download-title":"Återuppta nedladdning","gaia-grid-resume-download-body":"Vill du hämta {{name}}?","gaia-grid-resume-download-action":"Hämta","gaia-grid-unrecoverable-error-title":"Ta bort applikation","gaia-grid-unrecoverable-error-body":"Kan inte installera applikation på grund av ett allvarligt fel. Försök att hämta igen. Applikationen kommer att tas bort.","gaia-grid-unrecoverable-error-action":"OK","gaia-grid-cancel":"Avbryt"}