{"music":"গান","mix":"মিক্স","playlists":"গানের তালিকা","artists":"শিল্পী","albums":"অ্যালবাম","songs":"গান","more":"আরও","songArtist":"গানের শিল্পী","songAlbum":"গানের অ্যালবাম","unknownArtist":"অজানা শিল্পী","unknownAlbum":"অজানা অ্যালবাম","unknownTitle":"অজানা শিরোনাম","empty-title":"শুরু করতে সংগীত যোগ করুন","empty-text":"মেমরি কার্ডে সংগীত যোগ করুন।","nocard2-title":"মেমরি কার্ড নেই","nocard3-text":"গান শুনতে মেমরী কার্ড প্রবেশ করান।","pluggedin-title":"ইউএসবি লাগানো থাকলে গান শুনতে পারবেন না","pluggedin-text":"গান শুনতে ফোন থেকে ইউএসবি খুলুন।","upgrade-title":"ডাটাবেস আপগ্রেড","upgrade-text":"দয়া করে গানের তালিকা আপগ্রেড হবার সময় অপেক্ষা করুন।","search-music":{"placeholder":"গান খুজুন"},"search-cancel":"বাতিল","search-artists":"শিল্পী","search-albums":"অ্যালবাম","search-titles":"ট্র্যাক","search-close":"বন্ধ","playlists-shuffle-all":"সবগুলো অদল-বদল","playlists-highest-rated":"সর্বোচ্চ রেট পাওয়া","playlists-recently-added":"সম্প্রতি রেট পাওয়া","playlists-most-played":"সর্বোচ্চ শোনা","playlists-least-played":"সর্বনিম্ন শোনা","picker-title":"একটি ট্র্যাক নির্বাচন করুন","save":"সংরক্ষণ","saved":"{{title}} সংগীতে সংরক্ষণ করুন","audioinvalid":"সংগীত চালানো সম্ভব নয়: ফাইল ফরম্যাট অসমর্থিত কিংবা ত্রুটিপূর্ণ।","overlay-cancel-button":"বাতিল","music-paused-notification":"কল আসার সময় গান বন্ধ হয়েছিল"}