{"music":"Música","mix":"Mescla","playlists":"Llista reproducció","artists":"Artistes","albums":"Àlbums","songs":"Cançons","more":"Més","songArtist":"Artista de la cançó","songAlbum":"Àlbum de la cançó","unknownArtist":"Artista desconegut","unknownAlbum":"Àlbum desconegut","unknownTitle":"Títol desconegut","empty-title":"Afegiu cançons per començar","empty-text":"Carregueu les cançons a la targeta de memòria.","nocard2-title":"No s'ha trobat cap targeta de memòria","nocard3-text":"Inseriu una targeta de memòria per escoltar música.","pluggedin-title":"No es pot escoltar música mentre el telèfon està connectat","pluggedin-text":"Desconnecteu el telèfon per reproduir la música.","upgrade-title":"Actualització de base de dades","upgrade-text":"Espereu mentre s'actualitza la base de dades de música.","search-music":{"placeholder":"Cerca música"},"search-cancel":"Cancel·la","search-artists":"Artistes","search-albums":"Àlbums","search-titles":"Pistes","search-close":"tanca","playlists-shuffle-all":"Mode aleatori","playlists-highest-rated":"Més votades","playlists-recently-added":"Afegides recentment","playlists-most-played":"Més reproduïdes","playlists-least-played":"Menys reproduïdes","picker-title":"Trieu una pista","save":"Desa","saved":"S'ha desat {{title}} a Música","audioinvalid":"No es pot reproduir l'àudio: el format no és compatible o bé el fitxer no és vàlid.","overlay-cancel-button":"Cancel·la","music-paused-notification":"La música s'ha posat en pausa durant la trucada"}