{"music":"Musik","mix":"Bland","playlists":"Spillelister","artists":"Kunstnere","albums":"Album","songs":"Alle numre","more":"Mere","songArtist":"Kunstner","songAlbum":"Album","unknownArtist":"Ukendt kunstner","unknownAlbum":"Ukendt album","unknownTitle":"Ukendt titel","empty-title":"Tilføj musik for at komme i gang","empty-text":"Gem musik på hukommelseskortet","nocard2-title":"Hukommelseskort ikke fundet","nocard3-text":"Indsæt hukommelseskort for at lytte til musik.","pluggedin-title":"Musik kan ikke afspilles, når telefonen er tilsluttet","pluggedin-text":"Afkobl telefonen for at spille musik.","upgrade-title":"Databasen opdateres","upgrade-text":"Vent mens Musik opdaterer sin database.","search-music":{"placeholder":"Søg efter musik"},"search-cancel":"Annuller","search-artists":"Kunstner","search-albums":"Album","search-titles":"Titel","search-close":"luk","playlists-shuffle-all":"Bland alle","playlists-highest-rated":"Højest vurderet","playlists-recently-added":"Tilføjet for nylig","playlists-most-played":"Mest spillede","playlists-least-played":"Mindst spillede","picker-title":"Vælg et nummer","save":"Gem","saved":"{{title}} er gemt i musiksamlingen","audioinvalid":"Kan ikke afspilles: Formatet understøttes ikke, eller filen er ikke en lydfil.","overlay-cancel-button":"Annuller","music-paused-notification":"Musik er sat på pause under opkald"}