{"music":"Música","mix":"Mezcla","playlists":"Lista de reproducción","artists":"Artistas","albums":"Álbumes","songs":"Canciones","more":"Más","songArtist":"Intérprete","songAlbum":"Álbum de la canción","unknownArtist":"Artista desconocido","unknownAlbum":"Álbum desconocido","unknownTitle":"Título desconocido","empty-title":"Agregue canciones para comenzar","empty-text":"Cargue las canciones en la tarjeta de memoria.","nocard2-title":"No se encontró ninguna tarjeta de memoria","nocard3-text":"Introduzca una tarjeta de memoria para escuchar música.","pluggedin-title":"No se puede reproducir música mientras el teléfono esté conectado","pluggedin-text":"Desconecte el teléfono para reproducir música.","upgrade-title":"Actualización de base de datos","upgrade-text":"Espere mientras la aplicación Música actualiza su base de datos.","search-music":{"placeholder":"Buscar música"},"search-cancel":"Cancelar","search-artists":"Artistas","search-albums":"Álbumes","search-titles":"Pistas","search-close":"cerrar","playlists-shuffle-all":"Mezclar todas","playlists-highest-rated":"Mejor valoradas","playlists-recently-added":"Agregadas recientemente","playlists-most-played":"Más reproducidas","playlists-least-played":"Menos reproducidas","picker-title":"Seleccione una pista","save":"Guardar","saved":"{{title}} guardada en Música","audioinvalid":"El audio no puede reproducirse: el formato no es compatible o el archivo no es válido.","overlay-cancel-button":"Cancelar","music-paused-notification":"Música detenida durante llamada"}