{"music":"Música","mix":"Mestura","playlists":"Lista de reprodución","artists":"Artistas","albums":"Álbums","songs":"Cancións","more":"Máis","songArtist":"Artista da canción","songAlbum":"Álbum da canción","unknownArtist":"Artista descoñecido","unknownAlbum":"Álbum descoñecido","unknownTitle":"Título descoñecido","empty-title":"Engadir cancións para comezar","empty-text":"Cargar as cancións na tarxeta de memoria.","nocard2-title":"Non se atopou a tarxeta de memoria","nocard3-text":"Insira unha tarxeta de memoria para escoitar música.","pluggedin-title":"Non é posíbel usar o aplicativo Música mentres o teléfono está conectado","pluggedin-text":"Desconecte o teléfono para reproducir a música.","upgrade-title":"Anovación da base de datos","upgrade-text":"Agarde mentres se actualiza a base de datos de Música.","search-music":{"placeholder":"Buscar música"},"search-cancel":"Cancelar","search-artists":"Artistas","search-albums":"Álbums","search-titles":"Pistas","search-close":"pechar","playlists-shuffle-all":"Modo aleatorio","playlists-highest-rated":"Mellor valoradas","playlists-recently-added":"Engadidas recentemente","playlists-most-played":"Máis reproducidas","playlists-least-played":"Menos reproducidas","picker-title":"Seleccionar unha pista","save":"Gardar","saved":"Gardouse {{title}} en Música","audioinvalid":"Non é posíbel reproducir o son: o formato non é compatíbel ou o ficheiro é incorrecto.","overlay-cancel-button":"Cancelar","music-paused-notification":"Detívose a música durante a chamada"}