{"music":"Muzika","mix":"Maišyti","playlists":"Grojaraštis","artists":"Atlikėjai","albums":"Albumai","songs":"Dainos","more":"Daugiau","songArtist":"Dainos atlikėjas","songAlbum":"Dainos albumas","unknownArtist":"Nežinomas atlikėjas","unknownAlbum":"Nežinomas albumas","unknownTitle":"Nežinomas kūrinys","empty-title":"Įrenginyje nėra dainų","empty-text":"Įrašykite dainų į atminties kortelę.","nocard2-title":"Neaptikta atminties kortelė","nocard3-text":"Norėdami klausytis muzikos, įdėkite atminties kortelę.","pluggedin-title":"Muzika neprieinama, kol įrenginys prijungtas","pluggedin-text":"Jeigu norite klausytis muzikos, atjunkite šį įrenginį nuo kitų.","upgrade-title":"Naujinama duomenų bazė","upgrade-text":"Luktelėkite, kol programa atnaujins savo duomenų bazę.","search-music":{"placeholder":"Ieškoti muzikos"},"search-cancel":"Atsisakyti","search-artists":"Atlikėjai","search-albums":"Albumai","search-titles":"Kūriniai","search-close":"užverti","playlists-shuffle-all":"Maišyti visus","playlists-highest-rated":"Geriausiai įvertinti","playlists-recently-added":"Paskiausiai pridėti","playlists-most-played":"Dažniausiai grojami","playlists-least-played":"Mažiausiai grojami","picker-title":"Pasirinkite kūrinė","save":"Įrašyti","saved":"Kūrinys „{{title}}“ įrašytas į Muzikos aplanką","audioinvalid":"Įrašo atkurti nepavyko – nepalaikomas jo formatas arba failas yra sugadintas.","overlay-cancel-button":"Atsisakyti","music-paused-notification":"Muzika pristabdyta skambučio metu"}