{"music":"सङ्गित","mix":"मिश्रण","playlists":"बजाऊने सुचि","artists":"संगीतकारहरू","albums":"एल्बमहरू","songs":"गीतहरू","more":"अरु","songArtist":"गीतकार","songAlbum":"गीत एल्बम","unknownArtist":"अज्ञात कलाकार","unknownAlbum":"अज्ञात एल्बम","unknownTitle":"अज्ञात शीर्षक","empty-title":"सुरु हुनका लागि गीतहरु थप्नुहोस्","empty-text":"गीतहरुलाई मेमोरी कार्डमा लोड गर्नुहोस्।","nocard2-title":"मेमोरी कार्ड भेटिएन","nocard3-text":"गीतहरु सुन्नका लागि मेमोरी कार्ड घुसाउनुहोस्।","pluggedin-title":"फोन जोडिएको बेलामा सङ्गित सुन्न सकिदैन","pluggedin-text":"सङ्गित सुन्नका लागि फोनलाई छुटाउनुहोस्।","upgrade-title":"डेटाबेस स्तरवृद्धि","upgrade-text":"कृपया सङ्गितको डेटाबेस अद्यावधिक हुदै गर्दा प्रतिक्षा गर्नुहोस्।","search-music":{"placeholder":"सङ्गित खोजी"},"search-cancel":"रद्द गर्नुहोस्","search-artists":"संगीतकारहरू","search-albums":"एल्बमहरू","search-titles":"ट्रयाकहरू","search-close":"बन्द गर्नुहोस्","playlists-shuffle-all":"सबै मिसाउनुहोस्","playlists-highest-rated":"उच्च दर","playlists-recently-added":"हालसालै थपिएको","playlists-most-played":"अधिक सुनिएको","playlists-least-played":"थोरै सुनिएको","picker-title":"एउटा ट्रयाक चयन गर्नुहोस्","save":"बचत गर्नुहोस्","saved":"{{title}} सङ्गितमा बचत गरिएको छ","audioinvalid":"ध्वनि बजाउन सकिएन: स्वरूप असमर्थित वा फाइल अवैधानिक।","overlay-cancel-button":"रद्द गर्नुहोस्","music-paused-notification":"कलको समयमा सङ्गित रोकिएको छ"}