{"music":"Музыка","mix":"Микс","playlists":"Плейлист","artists":"Исполнители","albums":"Альбомы","songs":"Песни","more":"Ещё","songArtist":"Исполнитель песни","songAlbum":"Альбом песни","unknownArtist":"Неизвестный исполнитель","unknownAlbum":"Неизвестный альбом","unknownTitle":"Неизвестное название","empty-title":"Для начала добавьте песни","empty-text":"Загрузите песни на карту памяти.","nocard2-title":"Не найдена карта памяти","nocard3-text":"Для прослушивания песен вставьте карту памяти.","pluggedin-title":"При подключении телефона к компьютеру музыка не проигрывается","pluggedin-text":"Для прослушивания музыки, отсоедините телефон.","upgrade-title":"Обновление базы данных","upgrade-text":"Пожалуйста, подождите, пока Музыка обновляет свою базу данных.","search-music":{"placeholder":"Поиск музыки"},"search-cancel":"Отмена","search-artists":"Исполнители","search-albums":"Альбомы","search-titles":"Дорожки","search-close":"закрыть","playlists-shuffle-all":"Перемешать все","playlists-highest-rated":"С самым высоким рейтингом","playlists-recently-added":"Недавно добавленные","playlists-most-played":"Чаще всего проигрываемые","playlists-least-played":"Реже всего проигрываемые","picker-title":"Выбрать трек","save":"Сохранить","saved":"{{title}} сохранено в Музыку","audioinvalid":"Звук не может быть воспроизведен: неподдерживаемый формат или некорректный файл.","overlay-cancel-button":"Отмена","music-paused-notification":"На время звонка музыка на паузе"}