{"music":"Musik","mix":"Blanda","playlists":"Spellista","artists":"Artister","albums":"Album","songs":"Låtar","more":"Mer","songArtist":"Låt artist","songAlbum":"Låt album","unknownArtist":"Okänd artist","unknownAlbum":"Okänt album","unknownTitle":"Okänd titel","empty-title":"Lägg till låtar för att komma igång","empty-text":"Ladda låtar till minneskortet","nocard2-title":"Inget minneskort hittades","nocard3-text":"Sätt in ett minneskort för att lyssna på låtar.","pluggedin-title":"Musik kan inte användas när telefonen är inkopplad","pluggedin-text":"Koppla ur telefonen för att spela musik.","upgrade-title":"Databasuppgradering","upgrade-text":"Vänta medan musik uppdaterar sin databas.","search-music":{"placeholder":"Sök musik"},"search-cancel":"Avbryt","search-artists":"Artister","search-albums":"Album","search-titles":"Låtar","search-close":"Stäng","playlists-shuffle-all":"Blanda alla","playlists-highest-rated":"Högst rankade","playlists-recently-added":"Senaste tillagda","playlists-most-played":"Mest spelade","playlists-least-played":"Minst spelade","picker-title":"Välj en låt","save":"Spara","saved":"Sparade {{title}} till musik","audioinvalid":"Ljud kan inte spelas: format stöds inte eller filen är ogiltig.","overlay-cancel-button":"Avbryt","music-paused-notification":"Musik pausas under samtalet"}