{"music":"音乐","mix":"混合","playlists":"播放列表","artists":"表演者","albums":"专辑","songs":"歌曲","more":"更多","songArtist":"表演者","songAlbum":"专辑","unknownArtist":"未知表演者","unknownAlbum":"未知专辑","unknownTitle":"未知标题","empty-title":"添加音乐以开始使用","empty-text":"将音乐传输至存储卡。","nocard2-title":"没有找到存储卡","nocard3-text":"插入存储卡以播放歌曲。","pluggedin-title":"手机在插接时无法播放音乐","pluggedin-text":"拔出手机以播放音乐。","upgrade-title":"数据库升级","upgrade-text":"音乐数据库更新，请稍等。","search-music":{"placeholder":"搜索音乐"},"search-cancel":"取消","search-artists":"艺术家","search-albums":"专辑","search-titles":"歌曲名称","search-close":"关闭","playlists-shuffle-all":"随机播放全部","playlists-highest-rated":"最高评价","playlists-recently-added":"最近添加","playlists-most-played":"经常播放","playlists-least-played":"很少播放","picker-title":"选择一首乐曲","save":"保存","saved":"{{title}} 已保存到音乐","audioinvalid":"音频无法播放：格式不支持或文件无效。","overlay-cancel-button":"取消","music-paused-notification":"通话期间暂停音乐"}