{"nospace2-title":"মেমরি কার্ডে যথেষ্ট পরিমান জায়গা খালি নেই","nospace2-text":"কিছু মিডিয়া ডিলিট করে ফাকা স্থান তৈরীর চেষ্টা করুন।","error-saving-title":"ছবি সংরক্ষিত হয়নি","error-saving-text":"একটি ত্রুটির কারণে ক্যামেরা ছবিটি সংরক্ষণ করতে পারছে না।","error-recording-title":"ভিডিও সংরক্ষিত হয় নি","error-recording-text":"কোন ত্রুটির কারণে ক্যামেরা ভিডিওটি সংরক্ষণ করতে পারছে না।","nocard2-title":"কোন মেমরি কার্ড পাওয়া যায় নি","nocard3-text":"ছবি তোলার জন্য একটি মেমরি কার্ড প্রবেশ করান।","pluggedin2-title":"ইউএসবি লাগানো অবস্থায় ক্যামেরা ব্যবহার করা যাবে না","pluggedin2-text":"ছবি তুলতে ও ভিডিও করতে ফোন আনপ্লাগ করুন","storage-size-limit-reached":"আপনার মিডিয়া স্টোরেজে খালি জায়গা ফুরিয়ে গেছে।","activity-size-limit-reached":"আপনি এই অ্যাটাচমেন্টে সর্বোচ্চ ফাইলের আকারে পৌছে গেছেন।","retake-button":"আবার তুলুন","select-button":"নির্বাচন","close-button":"বন্ধ","delete-photo?":"ছবি অপসারণ করবেন?","delete-video?":"ভিডিও অপসারণ করবেন?","cancel":"বাতিল","delete":"অপসারণ","mp":"MP","camera-resolution":"ক্যামেরা রেজ্যুলিউসন","camera-resolution-header":"{{camera-resolution}}","video-resolution":"ভিডিও রেজ্যুলিউসন","video-resolution-header":"{{video-resolution}}","scene-mode":"সিন মোড","scene-mode-header":"{{scene-mode}}","self-timer":"সেলফ-টাইমার","self-timer-header":"{{self-timer}}","self-timer-off":"বন্ধ","self-timer-2-seconds":"2 সেকেন্ড","self-timer-5-seconds":"5 সেকেন্ড","self-timer-10-seconds":"10 সেকেন্ড","battery-shutdown-title":"ব্যাটারী কম","battery-shutdown-text":"কম ব্যাটারীতে ক্যামেরা চালানো যাবেনা।","battery-critical-text":"ব্যাটারী অনেক কম","battery-verylow-text":"ব্যাটারী রয়েছে ১০%","battery-low-text":"ব্যাটারী রয়েছে ১৫%","hdr":"HDR","hdr-header":"{{hdr}}","hdr-on":"চালু","hdr-off":"বন্ধ","hdr-deactivated":"(HDR নিষ্ক্রিয়)","grid":"গ্রিড রেখা","grid-header":"{{grid}}","grid-on":"চালু","grid-off":"বন্ধ","flash":"ফ্ল্যাশ","flash-on":"আরম্ভ","flash-off":"বন্ধ","flash-auto":"স্বয়ংক্রিয়","flash-deactivated":"(ফ্ল্যাশ নিস্ক্রিয়)","options":"অপশন","open-gallery":"গ্যালারি খুলুন","preview":"প্রিভিউ","weekday-0-long":"রবিবার","weekday-1-long":"সোমবার","weekday-2-long":"মঙ্গলবার","weekday-3-long":"বুধবার","weekday-4-long":"বৃহস্পতিবার","weekday-5-long":"শুক্রবার","weekday-6-long":"শনিবার","weekday-0-short":"রবি","weekday-1-short":"সোম","weekday-2-short":"মঙ্গল","weekday-3-short":"বুধ","weekday-4-short":"বৃহঃ","weekday-5-short":"শুক্র","weekday-6-short":"শনি","month-0-long":"জানুয়ারি","month-1-long":"ফেব্রুয়ারি","month-2-long":"মার্চ","month-3-long":"এপ্রিল","month-4-long":"মে","month-5-long":"জুন","month-6-long":"জুলাই","month-7-long":"আগস্ট","month-8-long":"সেপ্টেম্বর","month-9-long":"অক্টোবর","month-10-long":"নভেম্বর","month-11-long":"ডিসেম্বর","month-0-genitive":"জানুয়ারি","month-1-genitive":"ফেব্রুয়ারি","month-2-genitive":"মার্চ","month-3-genitive":"এপ্রিল","month-4-genitive":"মে","month-5-genitive":"জুন","month-6-genitive":"জুলাই","month-7-genitive":"আগস্ট","month-8-genitive":"সেপ্টেম্বর","month-9-genitive":"অক্টোবর","month-10-genitive":"নভেম্বর","month-11-genitive":"ডিসেম্বর","month-0-short":"জানু","month-1-short":"ফেব্রু","month-2-short":"মার্চ","month-3-short":"এপ্রিল","month-4-short":"মে","month-5-short":"জুন","month-6-short":"জুলাই","month-7-short":"আগস্ট","month-8-short":"সেপ্ট","month-9-short":"অক্টো","month-10-short":"নভে","month-11-short":"ডিসে","minutes-ago-long":{"_index":["plural","value"],"_":{"zero":"এইমাত্র","one":"১ মিনিট পূর্বে","two":"{{value}} মিনিট পূর্বে","few":"{{value}} মিনিট পূর্বে","many":"{{value}} মিনিট পূর্বে","other":"{{value}} মিনিট পূর্বে"}},"hours-ago-long":{"_index":["plural","value"],"_":{"zero":"এইমাত্র","one":"১ ঘন্টা পূর্বে","two":"{{value}} ঘন্টা পূর্বে","few":"{{value}} ঘন্টা পূর্বে","many":"{{value}} ঘন্টা পূর্বে","other":"{{value}} ঘন্টা পূর্বে"}},"days-ago-long":{"_index":["plural","value"],"_":{"zero":"আজ","one":"গতকাল","two":"{{value}} দিন পূর্বে","few":"{{value}} দিন পূর্বে","many":"{{value}} দিন পূর্বে","other":"{{value}} দিন পূর্বে"}},"weeks-ago-long":{"_index":["plural","value"],"_":{"zero":"এই সপ্তাহে","one":"গত সপ্তাহ","two":"{{value}} সপ্তাহ পূর্বে","few":"{{value}} সপ্তাহ পূর্বে","many":"{{value}} সপ্তাহ পূর্বে","other":"{{value}} সপ্তাহ পূর্বে"}},"months-ago-long":{"_index":["plural","value"],"_":{"zero":"চলতি মাস","one":"গত মাস","two":"{{value}} মাস পূর্বে","few":"{{value}} মাস পূর্বে","many":"{{value}} মাস পূর্বে","other":"{{value}} মাস পূর্বে"}},"years-ago-long":{"_index":["plural","value"],"_":{"zero":"এই বছর","one":"গত বছর","two":"{{value}} বছর আগে","few":"{{value}} বছর পূর্বে","many":"{{value}} বছর পূর্বে","other":"{{value}} বছর পূর্বে"}},"minutes-until-long":{"_index":["plural","value"],"_":{"zero":"এখন","one":"এক মিনিটের মধ্যে","two":"{{value}} মিনিটের মধ্যে","few":"{{value}} মিনিটের মধ্যে","many":"{{value}} মিনিটের মধ্যে","other":"{{value}} মিনিটের মধ্যে"}},"hours-until-long":{"_index":["plural","value"],"_":{"zero":"এখন","one":"এক ঘন্টার মধ্যে","two":"{{value}} ঘন্টার মধ্যে","few":"{{value}} ঘন্টার মধ্যে","many":"{{value}} ঘন্টার মধ্যে","other":"{{value}} ঘন্টার মধ্যে"}},"days-until-long":{"_index":["plural","value"],"_":{"zero":"আজ","one":"আগামীকাল","two":"{{value}} দিনের মধ্যে","few":"{{value}} দিনের মধ্যে","many":"{{value}} দিনের মধ্যে","other":"{{value}} দিনের মধ্যে"}},"weeks-until-long":{"_index":["plural","value"],"_":{"zero":"এই সপ্তাহ","one":"পরবর্তী সপ্তাহ","two":"{{value}} সপ্তাহের মধ্যে","few":"{{value}} সপ্তাহের মধ্যে","many":"{{value}} সপ্তাহের মধ্যে","other":"{{value}} সপ্তাহের মধ্যে"}},"months-until-long":{"_index":["plural","value"],"_":{"zero":"এই মাস","one":"পরবর্তী মাস","two":"{{value}} মাসের মধ্যে","few":"{{value}} মাসের মধ্যে","many":"{{value}} মাসের মধ্যে","other":"{{value}} মাসের মধ্যে"}},"years-until-long":{"_index":["plural","value"],"_":{"zero":"এই বছর","one":"আগামী বছর","two":"{{value}} বছরের মধ্যে","few":"{{value}} বছরের মধ্যে","many":"{{value}} বছরের মধ্যে","other":"{{value}} বছরের মধ্যে"}},"minutes-ago-short":{"_index":["plural","value"],"_":{"zero":"এইমাত্র","other":"{{value}}মি. পূর্বে"}},"hours-ago-short":{"_index":["plural","value"],"_":{"zero":"এইমাত্র","other":"{{value}}ঘন্টা পূর্বে"}},"days-ago-short":{"_index":["plural","value"],"_":{"zero":"আজ","other":"{{value}}দিন পূর্বে"}},"minutes-until-short":{"_index":["plural","value"],"_":{"zero":"এখন","other":"{{value}} মিনিটের মধ্যে"}},"hours-until-short":{"_index":["plural","value"],"_":{"zero":"এখন","other":"{{value}}ঘন্টার মধ্যে"}},"days-until-short":{"_index":["plural","value"],"_":{"zero":"আজ","other":"{{value}}দিনের মধ্যে"}},"incorrectDate":"(ভুল তারিখ)","dateTimeFormat_%c":"%a %b %e %Y %I:%M:%S %p","dateTimeFormat_%x":"%m/%d/%Y","dateTimeFormat_%X":"%I:%M:%S %p","shortTimeFormat":"%I:%M %p","shortDateTimeFormat":"%x %I:%M %p","weekStartsOnMonday":"0","time_am":"AM","time_pm":"PM"}