{"nospace2-title":"No hi ha prou espai a la targeta de memòria","nospace2-text":"Proveu d'alliberar espai eliminant fitxers multimèdia.","error-saving-title":"No s'ha desat la imatge","error-saving-text":"Un error ha impedit que la càmera desés la imatge.","error-recording-title":"No s'ha enregistrat el vídeo","error-recording-text":"Un error ha impedit que la càmera enregistrés el vídeo.","nocard2-title":"No s'ha trobat cap targeta de memòria","nocard3-text":"Inseriu una targeta de memòria per fer fotos.","pluggedin2-title":"No es pot utilitzar la càmera mentre el telèfon està connectat","pluggedin2-text":"Desconnecteu el telèfon per fer fotografies o vídeos","storage-size-limit-reached":"S'ha esgotat l'espai d'emmagatzematge per a multimèdia.","activity-size-limit-reached":"Heu arribat a la mida de fitxer màxima permesa per adjuntar.","retake-button":"Refés","select-button":"Tria","close-button":"Tanca","delete-photo?":"Voleu eliminar la foto?","delete-video?":"Voleu eliminar el vídeo?","cancel":"Cancel·la","delete":"Elimina","mp":"Mp","camera-resolution":"Resolució de la càmera","camera-resolution-header":"{{camera-resolution}}","video-resolution":"Resolució del vídeo","video-resolution-header":"{{video-resolution}}","scene-mode":"Mode d'escena","scene-mode-header":"{{scene-mode}}","self-timer":"Autodisparador","self-timer-header":"{{self-timer}}","self-timer-off":"Desactivat","self-timer-2-seconds":"2 segons","self-timer-5-seconds":"5 segons","self-timer-10-seconds":"10 segons","battery-shutdown-title":"Queda poca bateria","battery-shutdown-text":"No queda prou bateria per utilitzar la càmera.","battery-critical-text":"Queda molt poca bateria","battery-verylow-text":"10% de bateria restant","battery-low-text":"15% de bateria restant","hdr":"HDR","hdr-header":"{{hdr}}","hdr-on":"Activat","hdr-off":"Desactivat","hdr-deactivated":"(HDR desactivat)","grid":"Quadrícula","grid-header":"{{grid}}","grid-on":"Activada","grid-off":"Desactivada","flash":"Flaix","flash-on":"Activat","flash-off":"Desactivat","flash-auto":"Automàtic","flash-deactivated":"(Flaix desactivat)","options":"Opcions","open-gallery":"Obre la galeria","preview":"Previsualització","weekday-0-long":"diumenge","weekday-1-long":"dilluns","weekday-2-long":"dimarts","weekday-3-long":"dimecres","weekday-4-long":"dijous","weekday-5-long":"divendres","weekday-6-long":"dissabte","weekday-0-short":"dg","weekday-1-short":"dl","weekday-2-short":"dt","weekday-3-short":"dc","weekday-4-short":"dj","weekday-5-short":"dv","weekday-6-short":"ds","month-0-long":"gener","month-1-long":"febrer","month-2-long":"març","month-3-long":"abril","month-4-long":"maig","month-5-long":"juny","month-6-long":"juliol","month-7-long":"agost","month-8-long":"setembre","month-9-long":"octubre","month-10-long":"novembre","month-11-long":"desembre","month-0-genitive":"de gener","month-1-genitive":"de febrer","month-2-genitive":"de març","month-3-genitive":"d'abril","month-4-genitive":"de maig","month-5-genitive":"de juny","month-6-genitive":"de juliol","month-7-genitive":"d'agost","month-8-genitive":"de setembre","month-9-genitive":"d'octubre","month-10-genitive":"de novembre","month-11-genitive":"de desembre","month-0-short":"gen","month-1-short":"febr","month-2-short":"març","month-3-short":"abr","month-4-short":"maig","month-5-short":"juny","month-6-short":"jul","month-7-short":"ag","month-8-short":"set","month-9-short":"oct","month-10-short":"nov","month-11-short":"des","minutes-ago-long":{"_index":["plural","value"],"_":{"zero":"ara","one":"fa un minut","two":"fa {{value}} minuts","few":"fa {{value}} minuts","many":"fa {{value}} minuts","other":"fa {{value}} minuts"}},"hours-ago-long":{"_index":["plural","value"],"_":{"zero":"ara","one":"fa una hora","two":"fa {{value}} hores","few":"fa {{value}} hores","many":"fa {{value}} hores","other":"fa {{value}} hores"}},"days-ago-long":{"_index":["plural","value"],"_":{"zero":"avui","one":"ahir","two":"fa {{value}} dies","few":"fa {{value}} dies","many":"fa {{value}} dies","other":"fa {{value}} dies"}},"weeks-ago-long":{"_index":["plural","value"],"_":{"zero":"aquesta setmana","one":"la setmana passada","two":"fa {{value}} setmanes","few":"fa {{value}} setmanes","many":"fa {{value}} setmanes","other":"fa {{value}} setmanes"}},"months-ago-long":{"_index":["plural","value"],"_":{"zero":"aquest mes","one":"el mes passat","two":"fa {{value}} mesos","few":"fa {{value}} mesos","many":"fa {{value}} mesos","other":"fa {{value}} mesos"}},"years-ago-long":{"_index":["plural","value"],"_":{"zero":"enguany","one":"l'any passat","two":"fa {{value}} anys","few":"fa {{value}} anys","many":"fa {{value}} anys","other":"fa {{value}} anys"}},"minutes-until-long":{"_index":["plural","value"],"_":{"zero":"ara","one":"d'aquí un minut","two":"d'aquí {{value}} minuts","few":"d'aquí {{value}} minuts","many":"d'aquí {{value}} minuts","other":"d'aquí {{value}} minuts"}},"hours-until-long":{"_index":["plural","value"],"_":{"zero":"ara","one":"d'aquí una hora","two":"d'aquí {{value}} hores","few":"d'aquí {{value}} hores","many":"d'aquí {{value}} hores","other":"d'aquí {{value}} hores"}},"days-until-long":{"_index":["plural","value"],"_":{"zero":"avui","one":"demà","two":"d'aquí {{value}} dies","few":"d'aquí {{value}} dies","many":"d'aquí {{value}} dies","other":"d'aquí {{value}} dies"}},"weeks-until-long":{"_index":["plural","value"],"_":{"zero":"aquesta setmana","one":"la setmana que ve","two":"d'aquí {{value}} setmanes","few":"d'aquí {{value}} setmanes","many":"d'aquí {{value}} setmanes","other":"d'aquí {{value}} setmanes"}},"months-until-long":{"_index":["plural","value"],"_":{"zero":"aquest mes","one":"el mes que ve","two":"d'aquí {{value}} mesos","few":"d'aquí {{value}} mesos","many":"d'aquí {{value}} mesos","other":"d'aquí {{value}} mesos"}},"years-until-long":{"_index":["plural","value"],"_":{"zero":"enguany","one":"l'any que ve","two":"d'aquí {{value}} anys","few":"d'aquí {{value}} anys","many":"d'aquí {{value}} anys","other":"d'aquí {{value}} anys"}},"minutes-ago-short":{"_index":["plural","value"],"_":{"zero":"ara","other":"fa {{value}} m"}},"hours-ago-short":{"_index":["plural","value"],"_":{"zero":"ara","other":"fa {{value}} h"}},"days-ago-short":{"_index":["plural","value"],"_":{"zero":"avui","other":"fa {{value}} d"}},"minutes-until-short":{"_index":["plural","value"],"_":{"zero":"ara","other":"d'aquí {{value}} m"}},"hours-until-short":{"_index":["plural","value"],"_":{"zero":"ara","other":"d'aquí {{value}} h"}},"days-until-short":{"_index":["plural","value"],"_":{"zero":"avui","other":"d'aquí {{value}} d"}},"incorrectDate":"(data no vàlida)","dateTimeFormat_%c":"%a %e %Eb, %Y %H:%M:%S","dateTimeFormat_%x":"%d/%m/%Y","dateTimeFormat_%X":"%H:%M:%S","shortTimeFormat":"%H:%M","shortDateTimeFormat":"%x %H:%M","weekStartsOnMonday":"1","time_am":"am","time_pm":"pm"}