{"nospace2-title":"Der er ikke plads nok på hukommelseskortet","nospace2-text":"Prøv at frigøre plads ved at slette indhold.","error-saving-title":"Billede ikke gemt","error-saving-text":"En fejl forhindrede kameraet i at gemme billedet.","error-recording-title":"Video ikke optaget","error-recording-text":"En fejl forhindrede kameraet i at optage videoen.","nocard2-title":"Hukommelseskort ikke fundet","nocard3-text":"Indsæt hukommelseskort for at tage billeder.","pluggedin2-title":"Kameraet kan ikke bruges, mens telefonen er tilsluttet","pluggedin2-text":"Afkobl telefonen for at tage billeder eller optage video","storage-size-limit-reached":"Du har ikke mere plads på hukommelseskortet.","activity-size-limit-reached":"Du har nået den maksimale filstørrelse for denne vedhæftede fil.","retake-button":"Tag igen","select-button":"Vælg","close-button":"Luk","delete-photo?":"Slet billede?","delete-video?":"Slet video?","cancel":"Annuller","delete":"Slet","mp":"MP","camera-resolution":"Kameraets opløsning","camera-resolution-header":"{{camera-resolution}}","video-resolution":"Video-opløsning","video-resolution-header":"{{video-resolution}}","scene-mode":"Scenetilstand","scene-mode-header":"{{scene-mode}}","self-timer":"Selvudløser","self-timer-header":"{{self-timer}}","self-timer-off":"Fra","self-timer-2-seconds":"2 sekunder","self-timer-5-seconds":"5 sekunder","self-timer-10-seconds":"10 sekunder","battery-shutdown-title":"Lavt batteri","battery-shutdown-text":"Batteriet er for lavt til, at kameraet kan bruges.","battery-critical-text":"Kritisk lavt batteri","battery-verylow-text":"10% batteri tilbage","battery-low-text":"15% batteri tilbage","hdr":"HDR","hdr-header":"{{hdr}}","hdr-on":"Til","hdr-off":"Fra","hdr-deactivated":"(HDR deaktiveret)","grid":"Hjælpelinjer","grid-header":"{{grid}}","grid-on":"Til","grid-off":"Fra","flash":"Blitz","flash-on":"Til","flash-off":"Fra","flash-auto":"Auto","flash-deactivated":"(Blitz deaktiveret)","options":"Indstillinger","open-gallery":"Åbn Galleri","preview":"Vis prøve","weekday-0-long":"Søndag","weekday-1-long":"Mandag","weekday-2-long":"Tirsdag","weekday-3-long":"Onsdag","weekday-4-long":"Torsdag","weekday-5-long":"Fredag","weekday-6-long":"Lørdag","weekday-0-short":"Søn","weekday-1-short":"Man","weekday-2-short":"Tir","weekday-3-short":"Ons","weekday-4-short":"Tor","weekday-5-short":"Fre","weekday-6-short":"Lør","month-0-long":"Januar","month-1-long":"Februar","month-2-long":"Marts","month-3-long":"April","month-4-long":"Maj","month-5-long":"Juni","month-6-long":"Juli","month-7-long":"August","month-8-long":"September","month-9-long":"Oktober","month-10-long":"November","month-11-long":"December","month-0-genitive":"januar","month-1-genitive":"februar","month-2-genitive":"marts","month-3-genitive":"april","month-4-genitive":"maj","month-5-genitive":"juni","month-6-genitive":"juli","month-7-genitive":"august","month-8-genitive":"september","month-9-genitive":"oktober","month-10-genitive":"november","month-11-genitive":"december","month-0-short":"Jan","month-1-short":"Feb","month-2-short":"Mar","month-3-short":"Apr","month-4-short":"Maj","month-5-short":"Jun","month-6-short":"Jul","month-7-short":"Aug","month-8-short":"Sep","month-9-short":"Okt","month-10-short":"Nov","month-11-short":"Dec","minutes-ago-long":{"_index":["plural","value"],"_":{"zero":"nu","one":"for et minut siden","two":"for {{value}} minutter siden","few":"for {{value}} minutter siden","many":"for {{value}} minutter siden","other":"for {{value}} minutter siden"}},"hours-ago-long":{"_index":["plural","value"],"_":{"zero":"nu","one":"for en time siden","two":"for {{value}} timer siden","few":"for {{value}} timer siden","many":"for {{value}} timer siden","other":"for {{value}} timer siden"}},"days-ago-long":{"_index":["plural","value"],"_":{"zero":"i dag","one":"i går","two":"for {{value}} dage siden","few":"for {{value}} dage siden","many":"for {{value}} dage siden","other":"for {{value}} dage siden"}},"weeks-ago-long":{"_index":["plural","value"],"_":{"zero":"denne uge","one":"sidste uge","two":"for {{value}} uger siden","few":"for {{value}} uger siden","many":"for {{value}} uger siden","other":"for {{value}} uger siden"}},"months-ago-long":{"_index":["plural","value"],"_":{"zero":"denne måned","one":"sidste måned","two":"for {{value}} måneder siden","few":"for {{value}} måneder siden","many":"for {{value}} måneder siden","other":"for {{value}} måneder siden"}},"years-ago-long":{"_index":["plural","value"],"_":{"zero":"dette år","one":"sidste år","two":"for {{value}} år siden","few":"for {{value}} år siden","many":"for {{value}} år siden","other":"for {{value}} år siden"}},"minutes-until-long":{"_index":["plural","value"],"_":{"zero":"nu","one":"om et minut","two":"om {{value}} minutter","few":"om {{value}} minutter","many":"om {{value}} minutter","other":"om {{value}} minutter"}},"hours-until-long":{"_index":["plural","value"],"_":{"zero":"nu","one":"om en time","two":"om {{value}} timer","few":"om {{value}} timer","many":"om {{value}} timer","other":"om {{value}} timer"}},"days-until-long":{"_index":["plural","value"],"_":{"zero":"i dag","one":"i morgen","two":"om {{value}} dage","few":"om {{value}} dage","many":"om {{value}} dage","other":"om {{value}} dage"}},"weeks-until-long":{"_index":["plural","value"],"_":{"zero":"denne uge","one":"næste uge","two":"om {{value}} uger","few":"om {{value}} uger","many":"om {{value}} uger","other":"om {{value}} uger"}},"months-until-long":{"_index":["plural","value"],"_":{"zero":"denne måned","one":"næste måned","two":"om {{value}} måneder","few":"om {{value}} måneder","many":"om {{value}} måneder","other":"om {{value}} måneder"}},"years-until-long":{"_index":["plural","value"],"_":{"zero":"i år","one":"næste år","two":"om {{value}} år","few":"om {{value}} år","many":"om {{value}} år","other":"om {{value}} år"}},"minutes-ago-short":{"_index":["plural","value"],"_":{"zero":"nu","other":"{{value}}m siden"}},"hours-ago-short":{"_index":["plural","value"],"_":{"zero":"nu","other":"{{value}}t siden"}},"days-ago-short":{"_index":["plural","value"],"_":{"zero":"i dag","other":"{{value}}d siden"}},"minutes-until-short":{"_index":["plural","value"],"_":{"zero":"nu","other":"om {{value}}m"}},"hours-until-short":{"_index":["plural","value"],"_":{"zero":"nu","other":"om {{value}}t"}},"days-until-short":{"_index":["plural","value"],"_":{"zero":"i dag","other":"om {{value}}d"}},"incorrectDate":"(forkert dato)","dateTimeFormat_%c":"%a d. %e. %b %Y %H:%M:%S","dateTimeFormat_%x":"%d-%m-%Y","dateTimeFormat_%X":"%H:%M:%S","shortTimeFormat":"%H:%M","shortDateTimeFormat":"%x %H:%M","weekStartsOnMonday":"1","time_am":"AM","time_pm":"PM"}