{"nospace2-title":"メモリーカードに十分な空き領域がありません","nospace2-text":"メディアを削除して空きを増やしてください。","error-saving-title":"写真の保存に失敗しました","error-saving-text":"エラーが発生したため写真を保存できませんでした。","error-recording-title":"動画の録画に失敗しました","error-recording-text":"エラーが発生したため動画を録画できませんでした。","nocard2-title":"メモリーカードが見つかりません","nocard3-text":"写真を撮影するにはメモリーカードを挿入してください。","pluggedin2-title":"ケーブル接続中はカメラを使用できません","pluggedin2-text":"写真や動画を撮影するにはケーブルを抜いてください。","storage-size-limit-reached":"メディアストレージの空き領域が無くなりました。","activity-size-limit-reached":"録画ファイルが制限サイズに達しました。","retake-button":"撮り直す","select-button":"選択","close-button":"閉じる","delete-photo?":"写真を削除しますか？","delete-video?":"動画を削除しますか？","cancel":"キャンセル","delete":"削除","mp":"MP","camera-resolution":"カメラの解像度","camera-resolution-header":"{{camera-resolution}}","video-resolution":"動画の解像度","video-resolution-header":"{{video-resolution}}","scene-mode":"撮影モード","scene-mode-header":"{{scene-mode}}","self-timer":"セルフタイマ","self-timer-header":"{{self-timer}}","self-timer-off":"OFF","self-timer-2-seconds":"2秒","self-timer-5-seconds":"5秒","self-timer-10-seconds":"10秒","battery-shutdown-title":"電池残量不足","battery-shutdown-text":"カメラの使用に必要な電池残量が少なくなっています。","battery-critical-text":"電池残量が足りません。","battery-verylow-text":"電池残量 10%","battery-low-text":"電池残量 15%","hdr":"HDR","hdr-header":"{{hdr}}","hdr-on":"ON","hdr-off":"OFF","hdr-deactivated":"(HDR 無効)","grid":"グリッド線","grid-header":"{{grid}}","grid-on":"ON","grid-off":"OFF","flash":"フラッシュ","flash-on":"ON","flash-off":"OFF","flash-auto":"自動","flash-deactivated":"(フラッシュ無効)","options":"オプション","open-gallery":"ギャラリーを開く","preview":"プレビュー","weekday-0-long":"日曜日","weekday-1-long":"月曜日","weekday-2-long":"火曜日","weekday-3-long":"水曜日","weekday-4-long":"木曜日","weekday-5-long":"金曜日","weekday-6-long":"土曜日","weekday-0-short":"日","weekday-1-short":"月","weekday-2-short":"火","weekday-3-short":"水","weekday-4-short":"木","weekday-5-short":"金","weekday-6-short":"土","month-0-long":"1月","month-1-long":"2月","month-2-long":"3月","month-3-long":"4月","month-4-long":"5月","month-5-long":"6月","month-6-long":"7月","month-7-long":"8月","month-8-long":"9月","month-9-long":"10月","month-10-long":"11月","month-11-long":"12月","month-0-genitive":"1月","month-1-genitive":"2月","month-2-genitive":"3月","month-3-genitive":"4月","month-4-genitive":"5月","month-5-genitive":"6月","month-6-genitive":"7月","month-7-genitive":"8月","month-8-genitive":"9月","month-9-genitive":"10月","month-10-genitive":"11月","month-11-genitive":"12月","month-0-short":"1月","month-1-short":"2月","month-2-short":"3月","month-3-short":"4月","month-4-short":"5月","month-5-short":"6月","month-6-short":"7月","month-7-short":"8月","month-8-short":"9月","month-9-short":"10月","month-10-short":"11月","month-11-short":"12月","minutes-ago-long":{"_index":["plural","value"],"_":{"zero":"1分以内","one":"1分前","two":"{{value}}分前","few":"{{value}}分前","many":"{{value}}分前","other":"{{value}}分前"}},"hours-ago-long":{"_index":["plural","value"],"_":{"zero":"1時間以内","one":"1時間前","two":"{{value}}時間前","few":"{{value}}時間前","many":"{{value}}時間前","other":"{{value}}時間前"}},"days-ago-long":{"_index":["plural","value"],"_":{"zero":"今日","one":"昨日","two":"{{value}}日前","few":"{{value}}日前","many":"{{value}}日前","other":"{{value}}日前"}},"weeks-ago-long":{"_index":["plural","value"],"_":{"zero":"今週","one":"先週","two":"{{value}}週間前","few":"{{value}}週間前","many":"{{value}}週間前","other":"{{value}}週間前"}},"months-ago-long":{"_index":["plural","value"],"_":{"zero":"今月","one":"先月","two":"{{value}}か月前","few":"{{value}}か月前","many":"{{value}}か月前","other":"{{value}}か月前"}},"years-ago-long":{"_index":["plural","value"],"_":{"zero":"今年","one":"昨年","two":"{{value}}年前","few":"{{value}}年前","many":"{{value}}年前","other":"{{value}}年前"}},"minutes-until-long":{"_index":["plural","value"],"_":{"zero":"1分以内","one":"1分後","two":"{{value}}分後","few":"{{value}}分後","many":"{{value}}分後","other":"{{value}}分後"}},"hours-until-long":{"_index":["plural","value"],"_":{"zero":"1時間以内","one":"1時間後","two":"{{value}}時間後","few":"{{value}}時間後","many":"{{value}}時間後","other":"{{value}}時間後"}},"days-until-long":{"_index":["plural","value"],"_":{"zero":"今日","one":"明日","two":"{{value}}日後","few":"{{value}}日後","many":"{{value}}日後","other":"{{value}}日後"}},"weeks-until-long":{"_index":["plural","value"],"_":{"zero":"今週","one":"来週","two":"{{value}}週間後","few":"{{value}}週間後","many":"{{value}}週間後","other":"{{value}}週間後"}},"months-until-long":{"_index":["plural","value"],"_":{"zero":"今月","one":"来月","two":"{{value}}か月後","few":"{{value}}か月後","many":"{{value}}か月後","other":"{{value}}か月後"}},"years-until-long":{"_index":["plural","value"],"_":{"zero":"今年","one":"来年","two":"{{value}}年後","few":"{{value}}年後","many":"{{value}}年後","other":"{{value}}年後"}},"minutes-ago-short":{"_index":["plural","value"],"_":{"zero":"直前","other":"{{value}}分前"}},"hours-ago-short":{"_index":["plural","value"],"_":{"zero":"数分前","other":"{{value}}時間前"}},"days-ago-short":{"_index":["plural","value"],"_":{"zero":"今日","other":"{{value}}日前"}},"minutes-until-short":{"_index":["plural","value"],"_":{"zero":"直後","other":"{{value}}分後"}},"hours-until-short":{"_index":["plural","value"],"_":{"zero":"数分後","other":"{{value}}時間後"}},"days-until-short":{"_index":["plural","value"],"_":{"zero":"今日","other":"{{value}}日後"}},"incorrectDate":"(日付が不正です)","dateTimeFormat_%c":"%Y年%b%e日(%a) %p%I:%M:%S","dateTimeFormat_%x":"%Y/%m/%d","dateTimeFormat_%X":"%p%I:%M:%S","shortTimeFormat":"%p%I:%M","shortDateTimeFormat":"%x %p%I:%M","weekStartsOnMonday":"0","time_am":"午前","time_pm":"午後"}