{"nospace2-title":"메모리 카드에 공간 없음","nospace2-text":"미디어를 삭제해서 공간을 늘려 보십시오.","error-saving-title":"사진을 저장할 수 없음","error-saving-text":"오류가 발생해 카메라에서 사진을 저장할 수 없습니다.","error-recording-title":"동영상을 녹화할 수 없음","error-recording-text":"오류가 발생해 카메라에서 동영상을 녹화할 수 없습니다.","nocard2-title":"메모리 카드를 찾지 못함","nocard3-text":"사진을 찍기 위해 메모리 카드를 삽입하십시오.","pluggedin2-title":"폰이 연결되어 있으면 카메라를 쓸 수 없음","pluggedin2-text":"사진이나 비디오를 찍으려면 폰 연결을 빼십시오.","storage-size-limit-reached":"저장 장소가 거의 다 찼습니다.","activity-size-limit-reached":"첨부할 수 있는 최대 크기를 초과하였습니다.","retake-button":"재촬영","select-button":"선택","close-button":"닫기","delete-photo?":"사진을 삭제하시겠습니까?","delete-video?":"동영상을 삭제하시겠습니까?","cancel":"취소","delete":"삭제","mp":"MP","camera-resolution":"카메라 해상도","camera-resolution-header":"{{camera-resolution}}","video-resolution":"동영상 해상도","video-resolution-header":"{{video-resolution}}","scene-mode":"장면 모드","scene-mode-header":"{{scene-mode}}","self-timer":"타이머","self-timer-header":"{{self-timer}}","self-timer-off":"사용안함","self-timer-2-seconds":"2초","self-timer-5-seconds":"5초","self-timer-10-seconds":"10초","battery-shutdown-title":"배터리 부족","battery-shutdown-text":"카메라를 구동할 수 없을 정도로 배터리가 없습니다.","battery-critical-text":"배터리 위험 수준","battery-verylow-text":"배터리 10% 남음","battery-low-text":"배터리 15% 남음","hdr":"HDR","hdr-header":"{{hdr}}","hdr-on":"켜기","hdr-off":"끄기","hdr-deactivated":"(HDR 비활성화)","grid":"격자","grid-header":"{{grid}}","grid-on":"보이기","grid-off":"보이지 않기","flash":"플래시","flash-on":"켜기","flash-off":"끄기","flash-auto":"자동","flash-deactivated":"(플래시 비활성화)","options":"카메라 설정","open-gallery":"갤러리 열기","preview":"미리 보기","weekday-0-long":"일요일","weekday-1-long":"월요일","weekday-2-long":"화요일","weekday-3-long":"수요일","weekday-4-long":"목요일","weekday-5-long":"금요일","weekday-6-long":"토요일","weekday-0-short":"일","weekday-1-short":"월","weekday-2-short":"화","weekday-3-short":"수","weekday-4-short":"목","weekday-5-short":"금","weekday-6-short":"토","month-0-long":"1월","month-1-long":"2월","month-2-long":"3월","month-3-long":"4월","month-4-long":"5월","month-5-long":"6월","month-6-long":"7월","month-7-long":"8월","month-8-long":"9월","month-9-long":"10월","month-10-long":"11월","month-11-long":"12월","month-0-genitive":"1월","month-1-genitive":"2월","month-2-genitive":"3월","month-3-genitive":"4월","month-4-genitive":"5월","month-5-genitive":"6월","month-6-genitive":"7월","month-7-genitive":"8월","month-8-genitive":"9월","month-9-genitive":"10월","month-10-genitive":"11월","month-11-genitive":"12월","month-0-short":"1월","month-1-short":"2월","month-2-short":"3월","month-3-short":"4월","month-4-short":"5월","month-5-short":"6월","month-6-short":"7월","month-7-short":"8월","month-8-short":"9월","month-9-short":"10월","month-10-short":"11월","month-11-short":"12월","minutes-ago-long":{"_index":["plural","value"],"_":{"zero":"지금","one":"1분 전","two":"{{value}}분 전","few":"{{value}}분 전","many":"{{value}}분 전","other":"{{value}}분 전"}},"hours-ago-long":{"_index":["plural","value"],"_":{"zero":"지금","one":"1시간 전","two":"{{value}}시간 전","few":"{{value}}시간 전","many":"{{value}}시간 전","other":"{{value}}시간 전"}},"days-ago-long":{"_index":["plural","value"],"_":{"zero":"오늘","one":"어제","two":"{{value}}일 전","few":"{{value}}일 전","many":"{{value}}일 전","other":"{{value}}일 전"}},"weeks-ago-long":{"_index":["plural","value"],"_":{"zero":"이번 주","one":"지난 주","two":"{{value}}주 전","few":"{{value}}주 전","many":"{{value}}주 전","other":"{{value}}주 전"}},"months-ago-long":{"_index":["plural","value"],"_":{"zero":"이번 달","one":"지난 달","two":"{{value}}개월 전","few":"{{value}}개월 전","many":"{{value}}개월 전","other":"{{value}}개월 전"}},"years-ago-long":{"_index":["plural","value"],"_":{"zero":"올해","one":"작년","two":"{{value}}년 전","few":"{{value}}년 전","many":"{{value}}년 전","other":"{{value}}년 전"}},"minutes-until-long":{"_index":["plural","value"],"_":{"zero":"지금","one":"1분 후","two":"{{value}}분 후","few":"{{value}}분 후","many":"{{value}}분 후","other":"{{value}}분 후"}},"hours-until-long":{"_index":["plural","value"],"_":{"zero":"지금","one":"한 시간 후","two":"{{value}}시간 후","few":"{{value}}시간 후","many":"{{value}}시간 후","other":"{{value}}시간 후"}},"days-until-long":{"_index":["plural","value"],"_":{"zero":"오늘","one":"내일","two":"{{value}}일 후","few":"{{value}}일 후","many":"{{value}}일 후","other":"{{value}}일 후"}},"weeks-until-long":{"_index":["plural","value"],"_":{"zero":"이번 주","one":"다음 주","two":"{{value}}주 후","few":"{{value}}주 후","many":"{{value}}주 후","other":"{{value}}주 후"}},"months-until-long":{"_index":["plural","value"],"_":{"zero":"이번 달","one":"다음 달","two":"{{value}}개월 후","few":"{{value}}개월 후","many":"{{value}}개월 후","other":"{{value}}개월 후"}},"years-until-long":{"_index":["plural","value"],"_":{"zero":"올해","one":"내년","two":"{{value}}년 후","few":"{{value}}년 후","many":"{{value}}년 후","other":"{{value}}년 후"}},"minutes-ago-short":{"_index":["plural","value"],"_":{"zero":"지금","other":"{{value}}분 전"}},"hours-ago-short":{"_index":["plural","value"],"_":{"zero":"지금","other":"{{value}}시간 전"}},"days-ago-short":{"_index":["plural","value"],"_":{"zero":"오늘","other":"{{value}}일 전"}},"minutes-until-short":{"_index":["plural","value"],"_":{"zero":"지금","other":"{{value}}분 후"}},"hours-until-short":{"_index":["plural","value"],"_":{"zero":"지금","other":"{{value}}시간 후"}},"days-until-short":{"_index":["plural","value"],"_":{"zero":"오늘","other":"{{value}}일 후"}},"incorrectDate":"(잘못된 날짜)","dateTimeFormat_%c":"%Y년 %B %e일 %a %I:%M:%S %p","dateTimeFormat_%x":"%Y/%m/%d","dateTimeFormat_%X":"%I:%M:%S %p","shortTimeFormat":"%I:%M %p","shortDateTimeFormat":"%x %I:%M %p","weekStartsOnMonday":"0","time_am":"오전","time_pm":"오후"}