{"nospace2-title":"Atminties kortelėje nepakanka vietos","nospace2-text":"Pamėginkite atlaisvinti daugiau vietos, ištrindami dalį failų.","error-saving-title":"Nuotrauka neįrašyta","error-saving-text":"Nuotraukos nepavyko įrašyti, nes įvyko klaida.","error-recording-title":"Vaizdo įrašas neįrašytas","error-recording-text":"Vaizdo įrašo nepavyko įrašyti, nes įvyko klaida.","nocard2-title":"Neaptikta atminties kortelė","nocard3-text":"Norėdami daryti nuotraukas, įdėkite atminties kortelę.","pluggedin2-title":"Kamera negalima naudotis, kol įrenginys prijungtas","pluggedin2-text":"Jeigu norite fotografuoti ar filmuoti, atjunkite šį įrenginį nuo kitų","storage-size-limit-reached":"Medijos atmintinėje neliko laisvos vietos.","activity-size-limit-reached":"Pasiekta pridedamo failo dydžio riba.","retake-button":"Iš naujo","select-button":"Rinktis","close-button":"Užverti","delete-photo?":"Šalinti nuotrauką?","delete-video?":"Šalinti vaizdo įrašą?","cancel":"Atsisakyti","delete":"Šalinti","mp":"MP","camera-resolution":"Nuotraukos raiška","camera-resolution-header":"{{camera-resolution}}","video-resolution":"Vaizdo įrašo raiška","video-resolution-header":"{{video-resolution}}","scene-mode":"Panoraminė nuotrauka","scene-mode-header":"{{scene-mode}}","self-timer":"Automatinis laikmatis","self-timer-header":"{{self-timer}}","self-timer-off":"Išjungtas","self-timer-2-seconds":"2 sekundės","self-timer-5-seconds":"5 sekundės","self-timer-10-seconds":"10 sekundžių","battery-shutdown-title":"Akumuliatorius išsekęs","battery-shutdown-text":"Akumuliatoriaus įkrova per žema naudojimuisi kamera.","battery-critical-text":"Akumuliatorius išsekęs","battery-verylow-text":"Akumuliatoriaus įkrova – tik 10%","battery-low-text":"Akumuliatoriaus įkrova – tik 15%","hdr":"HDR","hdr-header":"{{hdr}}","hdr-on":"Įjungta","hdr-off":"Išjungta","hdr-deactivated":"(HDR išjungta)","grid":"Tinklelis","grid-header":"{{grid}}","grid-on":"Įjungtas","grid-off":"Išjungtas","flash":"Blykstė","flash-on":"Įjungta","flash-off":"Išjungta","flash-auto":"Automatinė","flash-deactivated":"(Blykstė išjungta)","options":"Nuostatos","open-gallery":"Atverti galeriją","preview":"Peržiūrėti","weekday-0-long":"Sekmadienis","weekday-1-long":"Pirmadienis","weekday-2-long":"Antradienis","weekday-3-long":"Trečiadienis","weekday-4-long":"Ketvirtadienis","weekday-5-long":"Penktadienis","weekday-6-long":"Šeštadienis","weekday-0-short":"Sk","weekday-1-short":"Pr","weekday-2-short":"An","weekday-3-short":"Tr","weekday-4-short":"Kt","weekday-5-short":"Pn","weekday-6-short":"Št","month-0-long":"sausis","month-1-long":"vasaris","month-2-long":"kovas","month-3-long":"balandis","month-4-long":"gegužė","month-5-long":"birželis","month-6-long":"liepa","month-7-long":"rugpjūtis","month-8-long":"rugsėjis","month-9-long":"spalis","month-10-long":"lapkritis","month-11-long":"gruodis","month-0-genitive":"sausio","month-1-genitive":"vasario","month-2-genitive":"kovo","month-3-genitive":"balandžio","month-4-genitive":"gegužės","month-5-genitive":"birželio","month-6-genitive":"liepos","month-7-genitive":"rugpjūčio","month-8-genitive":"rugsėjo","month-9-genitive":"spalio","month-10-genitive":"lapkričio","month-11-genitive":"gruodžio","month-0-short":"Sau","month-1-short":"Vas","month-2-short":"Kov","month-3-short":"Bal","month-4-short":"Geg","month-5-short":"Bir","month-6-short":"Lie","month-7-short":"Rgp","month-8-short":"Rgs","month-9-short":"Spa","month-10-short":"Lap","month-11-short":"Grd","minutes-ago-long":{"_index":["plural","value"],"_":{"zero":"ką tik","one":"prieš {{value}} minutę","two":"prieš {{value}} minutes","few":"prieš {{value}} minutes","many":"prieš {{value}} minučių","other":"prieš {{value}} minučių"}},"hours-ago-long":{"_index":["plural","value"],"_":{"zero":"ką tik","one":"prieš {{value}} valandą","two":"prieš {{value}} valandas","few":"prieš {{value}} valandas","many":"prieš {{value}} valandų","other":"prieš {{value}} valandų"}},"days-ago-long":{"_index":["plural","value"],"_":{"zero":"šiandien","one":"vakar","two":"prieš {{value}} dienas","few":"prieš {{value}} dienas","many":"prieš {{value}} dienų","other":"prieš {{value}} dienų"}},"weeks-ago-long":{"_index":["plural","value"],"_":{"zero":"šią savaitę","one":"praėjusią savaitę","two":"prieš {{value}} savaites","few":"prieš {{value}} savaites","many":"prieš {{value}} savaičių","other":"prieš {{value}} savaičių"}},"months-ago-long":{"_index":["plural","value"],"_":{"zero":"šį mėnesį","one":"praėjusį mėnesį","two":"prieš {{value}} mėnesius","few":"prieš {{value}} mėnesius","many":"prieš {{value}} mėnesių","other":"prieš {{value}} mėnesių"}},"years-ago-long":{"_index":["plural","value"],"_":{"zero":"šiemet","one":"prieš {{value}} metus","two":"prieš {{value}} metus","few":"prieš {{value}} metus","many":"prieš {{value}} metų","other":"prieš {{value}} metų"}},"minutes-until-long":{"_index":["plural","value"],"_":{"zero":"dabar","one":"už {{value}} minutės","two":"už {{value}} minučių","few":"už {{value}} minučių","many":"už {{value}} minučių","other":"už {{value}} minučių"}},"hours-until-long":{"_index":["plural","value"],"_":{"zero":"dabar","one":"už {{value}} valandos","two":"už {{value}} valandų","few":"už {{value}} valandų","many":"už {{value}} valandų","other":"už {{value}} valandų"}},"days-until-long":{"_index":["plural","value"],"_":{"zero":"šiandien","one":"rytoj","two":"už {{value}} dienų","few":"už {{value}} dienų","many":"už {{value}} dienų","other":"už {{value}} dienų"}},"weeks-until-long":{"_index":["plural","value"],"_":{"zero":"šią savaitę","one":"kitą savaitę","two":"už {{value}} savaičių","few":"už {{value}} savaičių","many":"už {{value}} savaičių","other":"už {{value}} savaičių"}},"months-until-long":{"_index":["plural","value"],"_":{"zero":"šį mėnesį","one":"kitą mėnesį","two":"už {{value}} mėnesių","few":"už {{value}} mėnesių","many":"už {{value}} mėnesių","other":"už {{value}} mėnesių"}},"years-until-long":{"_index":["plural","value"],"_":{"zero":"šiemet","one":"kitais metais","two":"už {{value}} metų","few":"už {{value}} metų","many":"už {{value}} metų","other":"už {{value}} metų"}},"minutes-ago-short":{"_index":["plural","value"],"_":{"zero":"ką tik","other":"prieš {{value}} min."}},"hours-ago-short":{"_index":["plural","value"],"_":{"zero":"ką tik","other":"prieš {{value}} val."}},"days-ago-short":{"_index":["plural","value"],"_":{"zero":"šiandien","other":"prieš {{value}} d."}},"minutes-until-short":{"_index":["plural","value"],"_":{"zero":"dabar","other":"už {{value}} min."}},"hours-until-short":{"_index":["plural","value"],"_":{"zero":"dabar","other":"už {{value}} val."}},"days-until-short":{"_index":["plural","value"],"_":{"zero":"šiandien","other":"už {{value}} d."}},"incorrectDate":"(negalima data)","dateTimeFormat_%c":"%Y m. %Eb %e d. %H:%M:%S","dateTimeFormat_%x":"%Y-%m-%d","dateTimeFormat_%X":"%H:%M:%S","shortTimeFormat":"%H:%M","shortDateTimeFormat":"%x %H:%M","weekStartsOnMonday":"1","time_am":"priešpiet","time_pm":"popiet"}