{"nospace2-title":"मेमोरी कार्डमा पर्याप्त स्थान छैन","nospace2-text":"मिडिया मेटाइ खाली ठाउँ स्वतन्त्र गर्ने प्रयास गर्नुहोस्।","error-saving-title":"तस्विर बचत भएकोछैन","error-saving-text":"एउटा त्रुटिको कारण क्यामेराले तस्विर बचत गर्नसकेन।","error-recording-title":"भिडियो रेकर्ड भएकोछैन","error-recording-text":"एउटा त्रुटिको कारण क्यामेराले भिडियो रेकर्ड गर्नसकेन।","nocard2-title":"कुनै मेमोरी कार्ड भेटिएन","nocard3-text":"तस्विर लिन मेमोरी कार्ड घुसाउनुहोस्।","pluggedin2-title":"फोन जोडिएको बेला क्यामेरा प्रयोग गर्न मिल्दैन","pluggedin2-text":"फोटो र भिडियो खिच्नलाई फोन छुटाउनुहोस्","storage-size-limit-reached":"भण्डारन स्थान भरियो।","activity-size-limit-reached":"यस सङ्लग्नका लागि तपाईँले अधिकतम फाइल साइज पुग्नुभयो।","retake-button":"रि-टेक - बटन","select-button":"चयन गर्नुहोस्","close-button":"बन्द गर्नुहोस्","delete-photo?":"तस्विर मेटाउनुहुन्छ ?","delete-video?":"भिडियो मेटाउनुहुन्छ ?","cancel":"रद्द गर्नुहोस्","delete":"मेटाउनुहोस्","mp":"MP","camera-resolution":"क्यामेरा रिजोल्युसन","camera-resolution-header":"{{camera-resolution}}","video-resolution":"भिडियो रिजोल्युसन","video-resolution-header":"{{video-resolution}}","scene-mode":"दृश्य मोड","scene-mode-header":"{{scene-mode}}","self-timer":"स्वयम-समयसूचक","self-timer-header":"{{self-timer}}","self-timer-off":"बन्द गर्नुहोस्","self-timer-2-seconds":"२ सेकेन्ड","self-timer-5-seconds":"५ सेकेन्ड","self-timer-10-seconds":"१० सेकेन्ड","battery-shutdown-title":"ब्याट्री कम","battery-shutdown-text":"क्यामेरा चलाउन पुग्ने ब्याट्री छैन|","battery-critical-text":"ब्याट्री साह्रै कम भयो","battery-verylow-text":"ब्याट्री १०% मात्र बाकी छ","battery-low-text":"ब्याट्री १५% मात्र बाकी छ","hdr":"HDR","hdr-header":"{{hdr}}","hdr-on":"खोल्नुहोस्","hdr-off":"बन्द गर्नुहोस्","hdr-deactivated":"(HDR निस्क्रिय्)","grid":"ग्रिड रेखाहरू","grid-header":"{{grid}}","grid-on":"खोल्नुहोस्","grid-off":"बन्द गर्नुहोस्","flash":"फ्ल्यास","flash-on":"खोल्नुहोस्","flash-off":"बन्द गर्नुहोस्","flash-auto":"स्वत:","flash-deactivated":"(फ्ल्यास निस्क्रिय्)","options":"विकल्पहरू","open-gallery":"सङ्ग्रहालय खोल्नुहोस्","preview":"Preview","weekday-0-long":"आइतबार","weekday-1-long":"सोमबार","weekday-2-long":"मंगलबार","weekday-3-long":"बुधबार","weekday-4-long":"बिहिबार","weekday-5-long":"शुक्रबार","weekday-6-long":"शनिबार","weekday-0-short":"आइत","weekday-1-short":"सोम","weekday-2-short":"मङ्गल","weekday-3-short":"बुध","weekday-4-short":"बिहि","weekday-5-short":"शुक्र","weekday-6-short":"शनि","month-0-long":"जनवरी","month-1-long":"फेब्रुअरी","month-2-long":"ंमार्च","month-3-long":"अप्रिल","month-4-long":"मे","month-5-long":"जुन","month-6-long":"जुलाई","month-7-long":"अगस्ट","month-8-long":"सेप्टेम्बर","month-9-long":"अक्टोबर","month-10-long":"नोभेम्बर","month-11-long":"डिसेम्बर","month-0-genitive":"जनवरी","month-1-genitive":"फेब्रुअरी","month-2-genitive":"ंमार्च","month-3-genitive":"अप्रिल","month-4-genitive":"मे","month-5-genitive":"जुन","month-6-genitive":"जुलाई","month-7-genitive":"अगस्ट","month-8-genitive":"सेप्टेम्बर","month-9-genitive":"अक्टोबर","month-10-genitive":"नोभेम्बर","month-11-genitive":"डिसेम्बर","month-0-short":"जन","month-1-short":"फेब","month-2-short":"मार्च","month-3-short":"अप्रिल","month-4-short":"मे","month-5-short":"जुन","month-6-short":"जुलाई","month-7-short":"अगस्ट","month-8-short":"सेप्टेम्वर","month-9-short":"अक्टुवर","month-10-short":"नोभेम्वर","month-11-short":"डिसेम्वर","minutes-ago-long":{"_index":["plural","value"],"_":{"zero":"भर्खरै","one":"एक मिनेट अगाडि","two":"{{value}} मिनेट अगाडि","few":"{{value}} मिनेट अगाडि","many":"{{value}} मिनेट अगाडि","other":"{{value}} मिनेट अगाडि"}},"hours-ago-long":{"_index":["plural","value"],"_":{"zero":"भर्खरै","one":"एक घन्टा अगाडि","two":"{{value}} घण्टा अगाडि","few":"{{value}} घण्टा अगाडि","many":"{{value}} घण्टा अगाडि","other":"{{value}} घण्टा अगाडि"}},"days-ago-long":{"_index":["plural","value"],"_":{"zero":"आज","one":"हिजो","two":"{{value}} दिन अगाडि","few":"{{value}} दिन अगाडि","many":"{{value}} दिन अगाडि","other":"{{value}} दिन अगाडि"}},"weeks-ago-long":{"_index":["plural","value"],"_":{"zero":"यो हप्ता","one":"गएको हप्ता","two":"{{value}} हप्ता अगाडि","few":"{{value}} हप्ता अगाडि","many":"{{value}} हप्ता अगाडि","other":"{{value}} हप्ता अगाडि"}},"months-ago-long":{"_index":["plural","value"],"_":{"zero":"यो महिना","one":"गएको महिना","two":"{{value}} महिना अगाडि","few":"{{value}} महिना अगाडि","many":"{{value}} महिना अगाडि","other":"{{value}} महिना अगाडि"}},"years-ago-long":{"_index":["plural","value"],"_":{"zero":"यो वर्ष","one":"अघिल्लो वर्ष","two":"{{value}} वर्ष अगाडि","few":"{{value}} वर्ष अगाडि","many":"{{value}} वर्ष अगाडि","other":"{{value}} वर्ष अगाडि"}},"minutes-until-long":{"_index":["plural","value"],"_":{"zero":"अहिले","one":"एक मिनेटमा","two":"{{value}} मिनेटमा","few":"{{value}} मिनेटमा","many":"{{value}} मिनेटमा","other":"{{value}} मिनेटमा"}},"hours-until-long":{"_index":["plural","value"],"_":{"zero":"अहिले","one":"एक घण्टामा","two":"{{value}} घण्टामा","few":"{{value}} घण्टामा","many":"{{value}} घण्टामा","other":"{{value}} घण्टामा"}},"days-until-long":{"_index":["plural","value"],"_":{"zero":"आज","one":"भोलि","two":"{{value}} दिनमा","few":"{{value}} दिनमा","many":"{{value}} दिनमा","other":"{{value}} दिनमा"}},"weeks-until-long":{"_index":["plural","value"],"_":{"zero":"यो हप्ता","one":"पछिल्लो हप्ता","two":"{{value}} हप्तामा","few":"{{value}} हप्तामा","many":"{{value}} हप्तामा","other":"{{value}} हप्तामा"}},"months-until-long":{"_index":["plural","value"],"_":{"zero":"यस महिना","one":"पछिल्लो महिना","two":"{{value}} महिनामा","few":"{{value}} महिनामा","many":"{{value}} महिनामा","other":"{{value}} महिनामा"}},"years-until-long":{"_index":["plural","value"],"_":{"zero":"यस बर्ष","one":"आर्को बर्ष","two":"{{value}} बर्षमा","few":"{{value}} बर्षमा","many":"{{value}} वर्षमा","other":"{{value}} वर्षमा"}},"minutes-ago-short":{"_index":["plural","value"],"_":{"zero":"भर्खरै","other":"{{value}}मिनेट अघि"}},"hours-ago-short":{"_index":["plural","value"],"_":{"zero":"भर्खरै","other":"{{value}}घण्टा अघि"}},"days-ago-short":{"_index":["plural","value"],"_":{"zero":"आज","other":"{{value}}दिन अघि"}},"minutes-until-short":{"_index":["plural","value"],"_":{"zero":"अहिले","other":"{{value}}मिनेटमा"}},"hours-until-short":{"_index":["plural","value"],"_":{"zero":"अहिले","other":"{{value}}घण्टामा"}},"days-until-short":{"_index":["plural","value"],"_":{"zero":"आज","other":"{{value}}दिनमा"}},"incorrectDate":"(गलत मिति)","dateTimeFormat_%c":"%a %b %e %Y %I:%M:%S %p","dateTimeFormat_%x":"%m/%d/%Y","dateTimeFormat_%X":"%I:%M:%S %p","shortTimeFormat":"%I:%M %p","shortDateTimeFormat":"%x %I:%M %p","weekStartsOnMonday":"0","time_am":"ए एम","time_pm":"पी एम"}