{"nospace2-title":"ਮੈਮੋਰੀ ਕਾਰਡ ਉੱਤੇ ਲੋੜੀਂਦੀ ਥਾਂ ਨਹੀਂ ਹੈ","nospace2-text":"ਮੀਡਿਆ ਹਟਾ ਕੇ ਥਾਂ ਖਾਲੀ ਕਰਨ ਦੀ ਕੋਸ਼ਿਸ਼ ਕਰੋ","error-saving-title":"ਤਸਵੀਰ ਨਹੀਂ ਸੰਭਾਲੀ ਗਈ","error-saving-text":"ਇੱਕ ਗਲਤੀ ਕੈਮਰੇ ਨੂੰ ਤਸਵੀਰ ਸੰਭਾਲਣ ਤੋਂ ਰੋਕਦੀ ਹੈ।","error-recording-title":"ਵੀਡੀਓ ਰਿਕਾਰਡ ਨਹੀਂ ਹੋਈ","error-recording-text":"ਇੱਕ ਗਲਤੀ ਕੈਮਰੇ ਨੂੰ ਵੀਡਿਓ ਰਿਕਾਰਡ ਕਰਨ ਤੋਂ ਰੋਕ ਰਹੀ ਹੈ","nocard2-title":"ਮੈਮੋਰੀ ਕਾਰਡ ਨਹੀਂ ਲੱਭਿਆ","nocard3-text":"ਤਸਵੀਰ ਲੈਣ ਲਈ ਮੈਮੋਰੀ ਕਾਰਡ ਪਾਉ।","pluggedin2-title":"ਜਦੋਂ ਫੋਨ ਦਾ ਪਲੱਗ ਲੱਗਾ ਹੋਵੇ ਤਾਂ ਕੈਮਰਾ ਨਹੀਂ ਵਰਤਿਆ ਜਾ ਸਕਦਾ","pluggedin2-text":"ਫੋਟੋ ਤੇ ਵੀਡਿਓ ਲੈਣ ਲਈ ਫੋਨ ਦਾ ਪਲੱਗ ਕੱਢੋ","storage-size-limit-reached":"ਤੁਹਾਡੀ ਮੀਡਿਆ ਸਟੋਰੇਜ਼ ਭਰ ਗਈ ਹੈ।","activity-size-limit-reached":"ਤੁਸੀਂ ਇਹ ਅਟੈਚਮੈਂਟ ਲਈ ਵੱਧ ਤੋਂ ਵੱਧ ਆਕਾਰ ਦੀ ਹੱਦ ਤੱਕ ਅੱਪੜ ਗਏ ਹੋ।","retake-button":"ਮੁੜ-ਖਿੱਚੋ","select-button":"ਚੁਣੋ","close-button":"ਬੰਦ ਕਰੋ","delete-photo?":"ਫੋਟੋ ਹਟਾਉਣੀ ਹੈ?","delete-video?":"ਵੀਡਿਓ ਹਟਾਉਣੀ ਹੈ?","cancel":"ਰੱਦ ਕਰੋ","delete":"ਹਟਾਓ","mp":"MP","camera-resolution":"ਕੈਮਰਾ ਰੋਜ਼ੋਲੂਸ਼ਨ","camera-resolution-header":"{{camera-resolution}}","video-resolution":"ਵੀਡਿਓ ਰੋਜ਼ੋਲੂਸ਼ਨ","video-resolution-header":"{{video-resolution}}","scene-mode":"ਸੀਨ ਮੋਡ","scene-mode-header":"{{scene-mode}}","self-timer":"ਸਵੈ-ਟਾਈਮਰ","self-timer-header":"{{self-timer}}","self-timer-off":"ਬੰਦ","self-timer-2-seconds":"2 ਸਕਿੰਟ","self-timer-5-seconds":"5 ਸਕਿੰਟ","self-timer-10-seconds":"10 ਸਕਿੰਟ","battery-shutdown-title":"ਘੱਟ ਬੈਟਰੀ","battery-shutdown-text":"ਕੈਮਰਾ ਵਰਤਣ ਲਈ ਬੈਟਰੀ ਬਹੁਤ ਘੱਟ ਹੈ।","battery-critical-text":"ਬੈਟਰੀ ਨਾਜ਼ਕ ਰੂਪ ਵਿੱਚ ਘੱਟ","battery-verylow-text":"10% ਬੈਟਰੀ ਬਾਕੀ ਹੈ","battery-low-text":"15% ਬੈਟਰੀ ਬਾਕੀ ਹੈ","hdr":"HDR","hdr-header":"{{hdr}}","hdr-on":"ਚਾਲੂ","hdr-off":"ਬੰਦ","hdr-deactivated":"(HDR ਨਾ-ਸਰਗਰਮ ਹੈ)","grid":"ਗਰਿੱਡ ਲਾਈਨਜ਼","grid-header":"{{grid}}","grid-on":"ਚਾਲੂ","grid-off":"ਬੰਦ","flash":"ਫਲੈਸ਼","flash-on":"ਚਾਲੂ","flash-off":"ਬੰਦ","flash-auto":"ਆਟੋ","flash-deactivated":"(ਫਲੈਸ਼ ਨਾ-ਸਰਗਰਮ ਹੈ)","options":"ਚੋਣਾਂ","open-gallery":"ਗੈਲਰੀ ਖੋਲ੍ਹੋ","preview":"ਝਲਕ","weekday-0-long":"ਐਤਵਾਰ","weekday-1-long":"ਸੋਮਵਾਰ","weekday-2-long":"ਮੰਗਲਵਾਰ","weekday-3-long":"ਬੁੱਧਵਾਰ","weekday-4-long":"ਵੀਰਵਾਰ","weekday-5-long":"ਸ਼ੁੱਕਰਵਾਰ","weekday-6-long":"ਸ਼ਨਿੱਚਰਵਾਰ","weekday-0-short":"ਐਤ","weekday-1-short":"ਸੋਮ","weekday-2-short":"ਮੰਗਲ","weekday-3-short":"ਬੁੱਧ","weekday-4-short":"ਵੀਰ","weekday-5-short":"ਸ਼ੁੱਕਰ","weekday-6-short":"ਸ਼ਨਿੱ","month-0-long":"ਜਨਵਰੀ","month-1-long":"ਫਰਵਰੀ","month-2-long":"ਮਾਰਚ","month-3-long":"ਅਪਰੈਲ","month-4-long":"ਮਈ","month-5-long":"ਜੂਨ","month-6-long":"ਜੁਲਾਈ","month-7-long":"ਅਗਸਤ","month-8-long":"ਸਤੰਬਰ","month-9-long":"ਅਕਤੂਬਰ","month-10-long":"ਨਵੰਬਰ","month-11-long":"ਦਸੰਬਰ","month-0-genitive":"ਜਨਵਰੀ","month-1-genitive":"ਫਰਵਰੀ","month-2-genitive":"ਮਾਰਚ","month-3-genitive":"ਅਪਰੈਲ","month-4-genitive":"ਮਈ","month-5-genitive":"ਜੂਨ","month-6-genitive":"ਜੁਲਾਈ","month-7-genitive":"ਅਗਸਤ","month-8-genitive":"ਸਤੰਬਰ","month-9-genitive":"ਅਕਤੂਬਰ","month-10-genitive":"ਨਵੰਬਰ","month-11-genitive":"ਦਸੰਬਰ","month-0-short":"ਜਨ","month-1-short":"ਫਰ","month-2-short":"ਮਾਰ","month-3-short":"ਅਪ","month-4-short":"ਮਈ","month-5-short":"ਜੂਨ","month-6-short":"ਜੁਲਾ","month-7-short":"ਅਗ","month-8-short":"ਸਤੰ","month-9-short":"ਅਕਤੂ","month-10-short":"ਨਵੰ","month-11-short":"ਦਸੰ","minutes-ago-long":{"_index":["plural","value"],"_":{"zero":"ਹੁਣੇ ਹੀਂ","one":"ਮਿੰਟ ਕੁ ਪਹਿਲਾਂ","two":"{{value}} ਮਿੰਟ ਪਹਿਲਾਂ","few":"{{value}} ਮਿੰਟ ਪਹਿਲਾਂ","many":"{{value}} ਮਿੰਟ ਪਹਿਲਾਂ","other":"{{value}}  ਮਿੰਟ ਪਹਿਲਾਂ"}},"hours-ago-long":{"_index":["plural","value"],"_":{"zero":"ਹੁਣੇ ਹੀ","one":"ਘੰਟਾ ਪਹਿਲਾਂ","two":"{{value}} ਘੰਟੇ ਪਹਿਲਾਂ","few":"{{value}} ਘੰਟੇ ਪਹਿਲਾਂ","many":"{{value}} ਘੰਟੇ ਪਹਿਲਾਂ","other":"{{value}} ਘੰਟੇ ਪਹਿਲਾਂ"}},"days-ago-long":{"_index":["plural","value"],"_":{"zero":"ਅੱਜ","one":"ਕੱਲ੍ਹ","two":"{{value}} ਦਿਨ ਪਹਿਲਾਂ","few":"{{value}} ਦਿਨ ਪਹਿਲਾਂ","many":"{{value}} ਦਿਨ ਪਹਿਲਾਂ","other":"{{value}} ਦਿਨ ਪਹਿਲਾਂ"}},"weeks-ago-long":{"_index":["plural","value"],"_":{"zero":"ਇਹ ਹਫ਼ਤੇ","one":"ਪਿਛਲੇ ਹਫ਼ਤੇ","two":"{{value}} ਹਫ਼ਤੇ ਪਹਿਲਾਂ","few":"{{value}} ਹਫ਼ਤੇ ਪਹਿਲਾਂ","many":"{{value}} ਹਫ਼ਤੇ ਪਹਿਲਾਂ","other":"{{value}} ਹਫ਼ਤੇ ਪਹਿਲਾਂ"}},"months-ago-long":{"_index":["plural","value"],"_":{"zero":"ਇਹ ਮਹੀਨੇ","one":"ਪਿਛਲੇ ਮਹੀਨੇ","two":"{{value}} ਮਹੀਨੇ ਪਹਿਲਾਂ","few":"{{value}} ਮਹੀਨੇ ਪਹਿਲਾਂ","many":"{{value}} ਮਹੀਨੇ ਪਹਿਲਾਂ","other":"{{value}} ਮਹੀਨੇ ਪਹਿਲਾਂ"}},"years-ago-long":{"_index":["plural","value"],"_":{"zero":"ਇਹ ਸਾਲ","one":"ਪਿਛਲੇ ਸਾਲ","two":"{{value}} ਸਾਲ ਪਹਿਲਾਂ","few":"{{value}} ਸਾਲ ਪਹਿਲਾਂ","many":"{{value}} ਸਾਲ ਪਹਿਲਾਂ","other":"{{value}} ਸਾਲ ਪਹਿਲਾਂ"}},"minutes-until-long":{"_index":["plural","value"],"_":{"zero":"ਹੁਣ","one":"ਮਿੰਟ ਵਿੱਚ","two":"{{value}} ਮਿੰਟਾਂ ਵਿੱਚ","few":"{{value}} ਮਿੰਟਾਂ ਵਿੱਚ","many":"{{value}} ਮਿੰਟਾਂ ਵਿੱਚ","other":"{{value}} ਮਿੰਟਾਂ ਵਿੱਚ"}},"hours-until-long":{"_index":["plural","value"],"_":{"zero":"ਹੁਣ","one":"ਇੱਕ ਘੰਟੇ ਵਿੱਚ","two":"{{value}} ਘੰਟਿਆਂ ਵਿੱਚ","few":"{{value}} ਘੰਟਿਆਂ ਵਿੱਚ","many":"{{value}} ਘੰਟਿਆਂ ਵਿੱਚ","other":"{{value}} ਘੰਟਿਆਂ ਵਿੱਚ"}},"days-until-long":{"_index":["plural","value"],"_":{"zero":"ਅੱਜ","one":"ਭਲਕੇ","two":"{{value}} ਦਿਨਾਂ ਵਿੱਚ","few":"{{value}} ਦਿਨਾਂ ਵਿੱਚ","many":"{{value}} ਦਿਨਾਂ ਵਿੱਚ","other":"{{value}} ਦਿਨਾਂ ਵਿੱਚ"}},"weeks-until-long":{"_index":["plural","value"],"_":{"zero":"ਇਸ ਹਫ਼ਤੇ","one":"ਅਗਲੇ ਹਫ਼ਤੇ","two":"{{value}} ਹਫ਼ਤਿਆਂ ਵਿੱਚ","few":"{{value}} ਹਫ਼ਤਿਆਂ ਵਿੱਚ","many":"{{value}} ਹਫ਼ਤਿਆਂ ਵਿੱਚ","other":"{{value}} ਹਫ਼ਤਿਆਂ ਵਿੱਚ"}},"months-until-long":{"_index":["plural","value"],"_":{"zero":"ਇਸ ਮਹੀਨੇ","one":"ਅਗਲੇ ਮਹੀਨੇ","two":"{{value}} ਮਹੀਨਿਆਂ ਵਿੱਚ","few":"{{value}} ਮਹੀਨਿਆਂ ਵਿੱਚ","many":"{{value}} ਮਹੀਨਿਆਂ ਵਿੱਚ","other":"{{value}} ਮਹੀਨਿਆਂ ਵਿੱਚ"}},"years-until-long":{"_index":["plural","value"],"_":{"zero":"ਇਸ ਸਾਲ","one":"ਅਗਲੇ ਸਾਲ","two":"{{value}} ਸਾਲਾਂ ਵਿੱਚ","few":"{{value}} ਸਾਲਾਂ ਵਿੱਚ","many":"{{value}} ਸਾਲਾਂ ਵਿੱਚ","other":"{{value}} ਸਾਲਾਂ ਵਿੱਚ"}},"minutes-ago-short":{"_index":["plural","value"],"_":{"zero":"ਹੁਣੇ ਹੀ","other":"{{value}}ਮਿੰ ਪਹਿਲਾਂ"}},"hours-ago-short":{"_index":["plural","value"],"_":{"zero":"ਹੁਣੇ ਹੀਂ","other":"{{value}}ਘੰ ਪਹਿਲਾਂ"}},"days-ago-short":{"_index":["plural","value"],"_":{"zero":"ਅੱਜ","other":"{{value}}ਦਿ ਪਹਿਲਾਂ"}},"minutes-until-short":{"_index":["plural","value"],"_":{"zero":"ਹੁਣ","other":"{{value}}ਮਿੰ ਵਿੱਚ"}},"hours-until-short":{"_index":["plural","value"],"_":{"zero":"ਹੁਣ","other":"{{value}}ਘੰ ਵਿੱਚ"}},"days-until-short":{"_index":["plural","value"],"_":{"zero":"ਅੱਜ","other":"{{value}}ਦਿ ਵਿੱਚ"}},"incorrectDate":"(ਗਲਤ ਮਿਤੀ)","dateTimeFormat_%c":"%a %e %b  %Y %I:%M:%S %p","dateTimeFormat_%x":"%d/%m/%Y","dateTimeFormat_%X":"%I:%M:%S %p","shortTimeFormat":"%I:%M %p","shortDateTimeFormat":"%x %I:%M %p","weekStartsOnMonday":"1","time_am":"ਸਵੇਰੇ","time_pm":"ਸ਼ਾਮ"}