{"nospace2-title":"Não há espaço suficiente no cartão de memória","nospace2-text":"Tente liberar espaço apagando arquivos de mídia.","error-saving-title":"A foto não foi salva","error-saving-text":"Um erro impediu a Câmera de salvar a foto.","error-recording-title":"O vídeo não foi gravado","error-recording-text":"Um erro impediu a Câmera de gravar o vídeo.","nocard2-title":"Nenhum cartão de memória encontrado","nocard3-text":"Insira um cartão de memória para tirar fotos.","pluggedin2-title":"A câmera não pode ser usada enquanto o aparelho estiver conectado","pluggedin2-text":"Desconecte seu aparelho para capturar fotos e vídeos.","storage-size-limit-reached":"Você não tem espaço livre para armazenamento de mídia.","activity-size-limit-reached":"Esse arquivo atingiu o tamanho máximo para ser anexado.","retake-button":"Tirar novamente","select-button":"Selecionar","close-button":"Fechar","delete-photo?":"Apagar foto?","delete-video?":"Apagar vídeo?","cancel":"Cancelar","delete":"Apagar","mp":"MP","camera-resolution":"Resolução da câmera","camera-resolution-header":"Res. da câmera","video-resolution":"Resolução do vídeo","video-resolution-header":"Res. do vídeo","scene-mode":"Modo cenário","scene-mode-header":"{{scene-mode}}","self-timer":"Temporizador","self-timer-header":"{{self-timer}}","self-timer-off":"Desativado","self-timer-2-seconds":"2 segundos","self-timer-5-seconds":"5 segundos","self-timer-10-seconds":"10 segundos","battery-shutdown-title":"Bateria baixa","battery-shutdown-text":"A bateria está muito baixa para usar a câmera.","battery-critical-text":"Bateria em nível crítico","battery-verylow-text":"10% da bateria restante","battery-low-text":"15% da bateria restante","hdr":"HDR","hdr-header":"{{hdr}}","hdr-on":"Ativado","hdr-off":"Desativado","hdr-deactivated":"(HDR desativado)","grid":"Linhas de grid","grid-header":"{{grid}}","grid-on":"Ativado","grid-off":"Desativado","flash":"Flash","flash-on":"Ativado","flash-off":"Desativado","flash-auto":"Automático","flash-deactivated":"(Flash desativado)","options":"Opções","open-gallery":"Abrir Galeria","preview":"Pré-visualização","weekday-0-long":"Domingo","weekday-1-long":"Segunda-feira","weekday-2-long":"Terça-feira","weekday-3-long":"Quarta-feira","weekday-4-long":"Quinta-feira","weekday-5-long":"Sexta-feira","weekday-6-long":"Sábado","weekday-0-short":"Dom","weekday-1-short":"Seg","weekday-2-short":"Ter","weekday-3-short":"Qua","weekday-4-short":"Qui","weekday-5-short":"Sex","weekday-6-short":"Sáb","month-0-long":"Janeiro","month-1-long":"Fevereiro","month-2-long":"Março","month-3-long":"Abril","month-4-long":"Maio","month-5-long":"Junho","month-6-long":"Julho","month-7-long":"Agosto","month-8-long":"Setembro","month-9-long":"Outubro","month-10-long":"Novembro","month-11-long":"Dezembro","month-0-genitive":"Janeiro","month-1-genitive":"Fevereiro","month-2-genitive":"Março","month-3-genitive":"Abril","month-4-genitive":"Maio","month-5-genitive":"Junho","month-6-genitive":"Julho","month-7-genitive":"Agosto","month-8-genitive":"Setembro","month-9-genitive":"Outubro","month-10-genitive":"Novembro","month-11-genitive":"Dezembro","month-0-short":"Jan","month-1-short":"Fev","month-2-short":"Mar","month-3-short":"Abr","month-4-short":"Mai","month-5-short":"Jun","month-6-short":"Jul","month-7-short":"Ago","month-8-short":"Set","month-9-short":"Out","month-10-short":"Nov","month-11-short":"Dez","minutes-ago-long":{"_index":["plural","value"],"_":{"zero":"há pouco","one":"um minuto atrás","two":"{{value}} minutos atrás","few":"{{value}} minutos atrás","many":"{{value}} minutos atrás","other":"{{value}} minutos atrás"}},"hours-ago-long":{"_index":["plural","value"],"_":{"zero":"há pouco","one":"uma hora atrás","two":"{{value}} horas atrás","few":"{{value}} horas atrás","many":"{{value}} horas atrás","other":"{{value}} horas atrás"}},"days-ago-long":{"_index":["plural","value"],"_":{"zero":"hoje","one":"ontem","two":"{{value}} dias atrás","few":"{{value}} dias atrás","many":"{{value}} dias atrás","other":"{{value}} dias atrás"}},"weeks-ago-long":{"_index":["plural","value"],"_":{"zero":"esta semana","one":"semana passada","two":"{{value}} semanas atrás","few":"{{value}} semanas atrás","many":"{{value}} semanas atrás","other":"{{value}} semanas atrás"}},"months-ago-long":{"_index":["plural","value"],"_":{"zero":"este mês","one":"mês passado","two":"{{value}} meses atrás","few":"{{value}} meses atrás","many":"{{value}} meses atrás","other":"{{value}} meses atrás"}},"years-ago-long":{"_index":["plural","value"],"_":{"zero":"este ano","one":"ano passado","two":"{{value}} anos atrás","few":"{{value}} anos atrás","many":"{{value}} anos atrás","other":"{{value}} anos atrás"}},"minutes-until-long":{"_index":["plural","value"],"_":{"zero":"agora","one":"em um minuto","two":"em {{value}} minutos","few":"em {{value}} minutos","many":"em {{value}} minutos","other":"em {{value}} minutos"}},"hours-until-long":{"_index":["plural","value"],"_":{"zero":"agora","one":"em uma hora","two":"em {{value}} horas","few":"em {{value}} horas","many":"em {{value}} horas","other":"em {{value}} horas"}},"days-until-long":{"_index":["plural","value"],"_":{"zero":"hoje","one":"amanhã","two":"em {{value}} dias","few":"em {{value}} dias","many":"em {{value}} dias","other":"em {{value}} dias"}},"weeks-until-long":{"_index":["plural","value"],"_":{"zero":"esta semana","one":"semana que vem","two":"em {{value}} semanas","few":"em {{value}} semanas","many":"em {{value}} semanas","other":"em {{value}} semanas"}},"months-until-long":{"_index":["plural","value"],"_":{"zero":"este mês","one":"mês que vem","two":"em {{value}} meses","few":"em {{value}} meses","many":"em {{value}} meses","other":"em {{value}} meses"}},"years-until-long":{"_index":["plural","value"],"_":{"zero":"este ano","one":"ano que vem","two":"em {{value}} anos","few":"em {{value}} anos","many":"em {{value}} anos","other":"em {{value}} anos"}},"minutes-ago-short":{"_index":["plural","value"],"_":{"zero":"há pouco","other":"{{value}}min atrás"}},"hours-ago-short":{"_index":["plural","value"],"_":{"zero":"há pouco","other":"{{value}}h atrás"}},"days-ago-short":{"_index":["plural","value"],"_":{"zero":"hoje","other":"{{value}}d atrás"}},"minutes-until-short":{"_index":["plural","value"],"_":{"zero":"agora","other":"em {{value}}min"}},"hours-until-short":{"_index":["plural","value"],"_":{"zero":"agora","other":"em {{value}}h"}},"days-until-short":{"_index":["plural","value"],"_":{"zero":"hoje","other":"em {{value}}d"}},"incorrectDate":"(data incorreta)","dateTimeFormat_%c":"%A, %e de %B de %Y %Hh %Mmin %Ss","dateTimeFormat_%x":"%d/%m/%Y","dateTimeFormat_%X":"%Hh %Mmin %Ss","shortTimeFormat":"%Hh%M","shortDateTimeFormat":"%x %Hh%M","weekStartsOnMonday":"0","time_am":"AM","time_pm":"PM"}