{"nospace2-title":"Spațiu insuficient pe cardul de memorie","nospace2-text":"Încearcă să eliberezi spațiu ștergând conținut media.","error-saving-title":"Fotografie nesalvată","error-saving-text":"O eroare a împiedicat camera să salveze fotografia.","error-recording-title":"Videoclip neînregistrat","error-recording-text":"O eroare a împiedicat camera să înregistreze videoclipul.","nocard2-title":"Niciun card de memorie găsit","nocard3-text":"Inserează un card de memorie pentru a realiza fotografii.","pluggedin2-title":"Camera can not be used while phone is plugged in","pluggedin2-text":"Unplug the phone to capture photos and videos","storage-size-limit-reached":"Ai rămas fără spațiu de stocare media.","activity-size-limit-reached":"Ai atins mărimea maximă a fișierului pentru acest atașament.","retake-button":"Refotografiază","select-button":"Selectează","close-button":"Închide","delete-photo?":"Ștergi fotografia?","delete-video?":"Ștergi videoclipul?","cancel":"Renunță","delete":"Șterge","mp":"MP","camera-resolution":"Rezoluția camerei","camera-resolution-header":"{{camera-resolution}}","video-resolution":"Rezoluția video","video-resolution-header":"{{video-resolution}}","scene-mode":"Mod pt. scenă","scene-mode-header":"{{scene-mode}}","self-timer":"Autodeclanșator","self-timer-header":"{{self-timer}}","self-timer-off":"Dezactivat","self-timer-2-seconds":"2 seconds","self-timer-5-seconds":"5 secunde","self-timer-10-seconds":"10 secunde","battery-shutdown-title":"Baterie descărcată","battery-shutdown-text":"Bateria este prea slabă pentru a folosi camera.","battery-critical-text":"Baterie extrem de descărcată","battery-verylow-text":"10% baterie rămasă","battery-low-text":"15% baterie rămasă","hdr":"HDR","hdr-header":"{{hdr}}","hdr-on":"Activat","hdr-off":"Dezactivat","hdr-deactivated":"(HDR dezactivat)","grid":"Linii de grilă","grid-header":"{{grid}}","grid-on":"Activat","grid-off":"Dezactivat","flash":"Bliț","flash-on":"Activat","flash-off":"Dezactivat","flash-auto":"Automat","flash-deactivated":"(Bliț dezactivat)","options":"Opțiuni","open-gallery":"Deschide Galerie","preview":"Previzualizează","weekday-0-long":"duminică","weekday-1-long":"luni","weekday-2-long":"marți","weekday-3-long":"miercuri","weekday-4-long":"joi","weekday-5-long":"vineri","weekday-6-long":"sâmbătă","weekday-0-short":"dum","weekday-1-short":"lun","weekday-2-short":"mar","weekday-3-short":"mie","weekday-4-short":"joi","weekday-5-short":"vin","weekday-6-short":"sâm","month-0-long":"ianuarie","month-1-long":"februarie","month-2-long":"martie","month-3-long":"aprilie","month-4-long":"mai","month-5-long":"iunie","month-6-long":"iulie","month-7-long":"august","month-8-long":"septembrie","month-9-long":"octombrie","month-10-long":"noiembrie","month-11-long":"decembrie","month-0-genitive":"ianuarie","month-1-genitive":"februarie","month-2-genitive":"martie","month-3-genitive":"aprilie","month-4-genitive":"mai","month-5-genitive":"iunie","month-6-genitive":"iulie","month-7-genitive":"august","month-8-genitive":"septembrie","month-9-genitive":"octombrie","month-10-genitive":"noiembrie","month-11-genitive":"decembrie","month-0-short":"ian","month-1-short":"feb","month-2-short":"mar","month-3-short":"apr","month-4-short":"mai","month-5-short":"iun","month-6-short":"iul","month-7-short":"aug","month-8-short":"sep","month-9-short":"oct","month-10-short":"noi","month-11-short":"dec","minutes-ago-long":{"_index":["plural","value"],"_":{"zero":"chiar acum","one":"acum un minut","two":"acum {{value}} minute","few":"acum {{value}} minute","many":"acum {{value}} minute","other":"acum {{value}} minute"}},"hours-ago-long":{"_index":["plural","value"],"_":{"zero":"chiar acum","one":"acum cu o oră","two":"acum {{value}} ore","few":"acum {{value}} ore","many":"acum {{value}} ore","other":"acum {{value}} ore"}},"days-ago-long":{"_index":["plural","value"],"_":{"zero":"astăzi","one":"ieri","two":"acum {{value}} zile","few":"acum {{value}} zile","many":"acum {{value}} zile","other":"acum {{value}} zile"}},"weeks-ago-long":{"_index":["plural","value"],"_":{"zero":"săptămâna aceasta","one":"săptămâna trecută","two":"acum {{value}} săptămâni","few":"acum {{value}} săptămâni","many":"acum {{value}} săptămâni","other":"acum {{value}} săptămâni"}},"months-ago-long":{"_index":["plural","value"],"_":{"zero":"luna aceasta","one":"luna trecută","two":"acum {{value}} luni","few":"acum {{value}} luni","many":"acum {{value}} luni","other":"acum {{value}} luni"}},"years-ago-long":{"_index":["plural","value"],"_":{"zero":"anul acesta","one":"anul trecut","two":"acum {{value}} ani","few":"acum {{value}} ani","many":"acum {{value}} ani","other":"acum {{value}} ani"}},"minutes-until-long":{"_index":["plural","value"],"_":{"zero":"acum","one":"într-un minut","two":"în {{value}} minute","few":"în {{value}} minute","many":"în {{value}} minute","other":"în {{value}} minute"}},"hours-until-long":{"_index":["plural","value"],"_":{"zero":"acum","one":"într-o oră","two":"în {{value}} ore","few":"în {{value}} ore","many":"în {{value}} ore","other":"în {{value}} ore"}},"days-until-long":{"_index":["plural","value"],"_":{"zero":"astăzi","one":"mâine","two":"în {{value}} zile","few":"în {{value}} zile","many":"în {{value}} zile","other":"în {{value}} zile"}},"weeks-until-long":{"_index":["plural","value"],"_":{"zero":"săptămâna aceasta","one":"săptămâna următoare","two":"în {{value}} săptămâni","few":"în {{value}} săptămâni","many":"în {{value}} săptămâni","other":"în {{value}} săptămâni"}},"months-until-long":{"_index":["plural","value"],"_":{"zero":"luna aceasta","one":"luna următoare","two":"în {{value}} luni","few":"în {{value}} luni","many":"în {{value}} luni","other":"în {{value}} luni"}},"years-until-long":{"_index":["plural","value"],"_":{"zero":"anul acesta","one":"anul următor","two":"în {{value}} ani","few":"în {{value}} ani","many":"în {{value}} ani","other":"în {{value}} ani"}},"minutes-ago-short":{"_index":["plural","value"],"_":{"zero":"chiar acum","other":"acum {{value}} min."}},"hours-ago-short":{"_index":["plural","value"],"_":{"zero":"chiar acum","other":"acum {{value}}h"}},"days-ago-short":{"_index":["plural","value"],"_":{"zero":"astăzi","other":"acum {{value}}z"}},"minutes-until-short":{"_index":["plural","value"],"_":{"zero":"acum","other":"în {{value}}m"}},"hours-until-short":{"_index":["plural","value"],"_":{"zero":"acum","other":"în {{value}}h"}},"days-until-short":{"_index":["plural","value"],"_":{"zero":"astăzi","other":"în {{value}}z"}},"incorrectDate":"(dată incorectă)","dateTimeFormat_%c":"%a, %e %b %Y %H:%M:%S","dateTimeFormat_%x":"%d/%m/%Y","dateTimeFormat_%X":"%H:%M:%S","shortTimeFormat":"%H:%M","shortDateTimeFormat":"%x %H:%M","weekStartsOnMonday":"0","time_am":"AM","time_pm":"PM"}