{"nospace2-title":"Pa hapësirë të mjaftë te karta e kujtesës","nospace2-text":"Provoni të lironi vend duke fshirë media.","error-saving-title":"Fotoja nuk u ruajt","error-saving-text":"Një gabim nuk e la Kamerën të ruajë foton.","error-recording-title":"Videoja nuk u regjistrua","error-recording-text":"Një gabim nuk e la Kamerën të regjistrojë videon.","nocard2-title":"Nuk u gjet kartë kujtese","nocard3-text":"Që të bëni foto, futni një kartë kujtese.","pluggedin2-title":"Kamera nuk përdoret dot, kur telefoni është në prizë","pluggedin2-text":"Hiqeni telefonin nga priza që të bëni foto dhe video","storage-size-limit-reached":"Ju është mbaruar hapësira për depozitim mediash.","activity-size-limit-reached":"Keni mbërritur te madhësia maksimum e kartelës për këtë bashkëngjitje.","retake-button":"Rishkrepe","select-button":"Përzgjidhni","close-button":"Mbylle","delete-photo?":"Të fshihet fotoja?","delete-video?":"Të fshihet videoja?","cancel":"Anuloje","delete":"Fshije","mp":"MP","camera-resolution":"Qartësi Kamere","camera-resolution-header":"{{camera-resolution}}","video-resolution":"Qartësi Videoje","video-resolution-header":"{{video-resolution}}","scene-mode":"Mënyra Skenë","scene-mode-header":"{{scene-mode}}","self-timer":"Vetëshkrepje","self-timer-header":"{{self-timer}}","self-timer-off":"Off","self-timer-2-seconds":"2 sekonda","self-timer-5-seconds":"5 sekonda","self-timer-10-seconds":"10 sekonda","battery-shutdown-title":"Pak Bateri","battery-shutdown-text":"Bateria është shumë e shkarkuar për të përdorur kamerën.","battery-critical-text":"Shumë pak bateri","battery-verylow-text":"Edhe 10% bateri","battery-low-text":"Edhe 15% bateri","hdr":"HDR","hdr-header":"{{hdr}}","hdr-on":"Me","hdr-off":"Pa","hdr-deactivated":"(HDR i çaktivizuar)","grid":"Vija Rrjete","grid-header":"{{grid}}","grid-on":"Me","grid-off":"Pa","flash":"Flash","flash-on":"Me","flash-off":"Pa","flash-auto":"Auto","flash-deactivated":"(Flash i çaktivizuar)","options":"Mundësi","open-gallery":"Hapni Galerinë","preview":"Paraparje","weekday-0-long":"E diel","weekday-1-long":"E hënë","weekday-2-long":"E martë","weekday-3-long":"E mërkurë","weekday-4-long":"E enjte","weekday-5-long":"E premte","weekday-6-long":"E shtunë","weekday-0-short":"Die","weekday-1-short":"Hën","weekday-2-short":"Mar","weekday-3-short":"Mër","weekday-4-short":"Enj","weekday-5-short":"Pre","weekday-6-short":"Sht","month-0-long":"Janar","month-1-long":"Shkurt","month-2-long":"Mars","month-3-long":"Prill","month-4-long":"Maj","month-5-long":"Qershor","month-6-long":"Korrik","month-7-long":"Gusht","month-8-long":"Shtator","month-9-long":"Tetor","month-10-long":"Nëntor","month-11-long":"Dhjetor","month-0-genitive":"të Janarit","month-1-genitive":"të Shkurtit","month-2-genitive":"të Marsit","month-3-genitive":"të Prillit","month-4-genitive":"të Majit","month-5-genitive":"të Qershorit","month-6-genitive":"të Korrikut","month-7-genitive":"të Gushtit","month-8-genitive":"të Shtatorit","month-9-genitive":"të Tetorit","month-10-genitive":"të Nëntorit","month-11-genitive":"të Dhjetorit","month-0-short":"Jan","month-1-short":"Shk","month-2-short":"Mar","month-3-short":"Pri","month-4-short":"Maj","month-5-short":"Qer","month-6-short":"Kor","month-7-short":"Gus","month-8-short":"Sht","month-9-short":"Tet","month-10-short":"Nën","month-11-short":"Dhj","minutes-ago-long":{"_index":["plural","value"],"_":{"zero":"mu tani","one":"një minutë më parë","two":"{{value}} minuta më parë","few":"{{value}} minuta më parë","many":"{{value}} minuta më parë","other":"{{value}} minuta më parë"}},"hours-ago-long":{"_index":["plural","value"],"_":{"zero":"mu tani","one":"një orë më parë","two":"{{value}} orë më parë","few":"{{value}} orë më parë","many":"{{value}} orë më parë","other":"{{value}} orë më parë"}},"days-ago-long":{"_index":["plural","value"],"_":{"zero":"sot","one":"dje","two":"{{value}} ditë më parë","few":"{{value}} ditë më parë","many":"{{value}} ditë më parë","other":"{{value}} ditë më parë"}},"weeks-ago-long":{"_index":["plural","value"],"_":{"zero":"këtë javë","one":"javën e kaluar","two":"{{value}} javë më parë","few":"{{value}} javë më parë","many":"{{value}} javë më parë","other":"{{value}} javë më parë"}},"months-ago-long":{"_index":["plural","value"],"_":{"zero":"këtë muaj","one":"muajin e kaluar","two":"{{value}} muaj më parë","few":"{{value}} muaj më parë","many":"{{value}} muaj më parë","other":"{{value}} muaj më parë"}},"years-ago-long":{"_index":["plural","value"],"_":{"zero":"këtë vit","one":"vitin e kaluar","two":"{{value}} vite më parë","few":"{{value}} vite më parë","many":"{{value}} vite më parë","other":"{{value}} vite më parë"}},"minutes-until-long":{"_index":["plural","value"],"_":{"zero":"tani","one":"për një minutë","two":"për {{value}} minuta","few":"për {{value}} minuta","many":"për {{value}} minuta","other":"për {{value}} minuta"}},"hours-until-long":{"_index":["plural","value"],"_":{"zero":"tani","one":"për një orë","two":"për {{value}} orë","few":"për {{value}} orë","many":"për {{value}} orë","other":"për {{value}} orë"}},"days-until-long":{"_index":["plural","value"],"_":{"zero":"sot","one":"nesër","two":"për {{value}} ditë","few":"për {{value}} ditë","many":"për {{value}} ditë","other":"për {{value}} ditë"}},"weeks-until-long":{"_index":["plural","value"],"_":{"zero":"këtë javë","one":"javën pasuese","two":"për {{value}} javë","few":"për {{value}} javë","many":"për {{value}} javë","other":"për {{value}} javë"}},"months-until-long":{"_index":["plural","value"],"_":{"zero":"këtë muaj","one":"muajin pasues","two":"për {{value}} muaj","few":"për {{value}} muaj","many":"për {{value}} muaj","other":"për {{value}} muaj"}},"years-until-long":{"_index":["plural","value"],"_":{"zero":"këtë vit","one":"vitin pasues","two":"për {{value}} vjet","few":"për {{value}} vjet","many":"për {{value}} vjet","other":"për {{value}} vjet"}},"minutes-ago-short":{"_index":["plural","value"],"_":{"zero":"mu tani","other":"{{value}}m më parë"}},"hours-ago-short":{"_index":["plural","value"],"_":{"zero":"mu tani","other":"{{value}}h më parë"}},"days-ago-short":{"_index":["plural","value"],"_":{"zero":"sot","other":"{{value}}d më parë"}},"minutes-until-short":{"_index":["plural","value"],"_":{"zero":"tani","other":"për {{value}}m"}},"hours-until-short":{"_index":["plural","value"],"_":{"zero":"tani","other":"për {{value}}h"}},"days-until-short":{"_index":["plural","value"],"_":{"zero":"sot","other":"për {{value}}d"}},"incorrectDate":"(datë e pasaktë)","dateTimeFormat_%c":"%a %e %b %Y %I:%M:%S %p","dateTimeFormat_%x":"%m/%d/%Y","dateTimeFormat_%X":"%I:%M:%S %p","shortTimeFormat":"%I:%M %p","shortDateTimeFormat":"%x %I:%M %p","weekStartsOnMonday":"0","time_am":"AM","time_pm":"PM"}