{"nospace2-title":"記憶卡的空間不足","nospace2-text":"刪除媒體檔案以釋放可用空間。","error-saving-title":"相片未儲存","error-saving-text":"發生錯誤，相機無法儲存相片。","error-recording-title":"未錄影","error-recording-text":"有錯誤發生使相機無法錄製影片。","nocard2-title":"找不到記憶卡","nocard3-text":"插入記憶卡以拍照。","pluggedin2-title":"無法在連接傳輸線時使用相機","pluggedin2-text":"請拔除傳輸線再拍攝相片或影片","storage-size-limit-reached":"您的媒體儲存空間不足。","activity-size-limit-reached":"您已超過了此附件的最大檔案大小。","retake-button":"重拍","select-button":"選取","close-button":"關閉","delete-photo?":"刪除相片？","delete-video?":"刪除影片？","cancel":"取消","delete":"刪除","mp":"百萬畫素","camera-resolution":"相機解析度","camera-resolution-header":"{{camera-resolution}}","video-resolution":"攝影解析度","video-resolution-header":"{{video-resolution}}","scene-mode":"場景模式","scene-mode-header":"{{scene-mode}}","self-timer":"自拍計時器","self-timer-header":"{{self-timer}}","self-timer-off":"關閉","self-timer-2-seconds":"2 秒","self-timer-5-seconds":"5 秒","self-timer-10-seconds":"10 秒","battery-shutdown-title":"電量不足","battery-shutdown-text":"電量不足，無法使用相機。","battery-critical-text":"電量非常不足","battery-verylow-text":"剩餘 10% 電力","battery-low-text":"剩餘 15% 電力","hdr":"HDR","hdr-header":"{{hdr}}","hdr-on":"開啟","hdr-off":"關閉","hdr-deactivated":"（已停用 HDR）","grid":"格線","grid-header":"{{grid}}","grid-on":"開啟","grid-off":"關閉","flash":"閃光燈","flash-on":"開啟","flash-off":"關閉","flash-auto":"自動","flash-deactivated":"（已停用閃光燈）","options":"選項","open-gallery":"開啟圖片庫","preview":"預覽","weekday-0-long":"星期日","weekday-1-long":"星期一","weekday-2-long":"星期二","weekday-3-long":"星期三","weekday-4-long":"星期四","weekday-5-long":"星期五","weekday-6-long":"星期六","weekday-0-short":"日","weekday-1-short":"一","weekday-2-short":"二","weekday-3-short":"三","weekday-4-short":"四","weekday-5-short":"五","weekday-6-short":"六","month-0-long":"一月","month-1-long":"二月","month-2-long":"三月","month-3-long":"四月","month-4-long":"五月","month-5-long":"六月","month-6-long":"七月","month-7-long":"八月","month-8-long":"九月","month-9-long":"十月","month-10-long":"十一月","month-11-long":"十二月","month-0-genitive":"1 月","month-1-genitive":"2 月","month-2-genitive":"3 月","month-3-genitive":"4 月","month-4-genitive":"5 月","month-5-genitive":"6 月","month-6-genitive":"7 月","month-7-genitive":"8 月","month-8-genitive":"9 月","month-9-genitive":"10 月","month-10-genitive":"11 月","month-11-genitive":"12 月","month-0-short":"1 月","month-1-short":"2 月","month-2-short":"3 月","month-3-short":"4 月","month-4-short":"5 月","month-5-short":"6 月","month-6-short":"7 月","month-7-short":"8 月","month-8-short":"9 月","month-9-short":"10 月","month-10-short":"11 月","month-11-short":"12 月","minutes-ago-long":{"_index":["plural","value"],"_":{"zero":"剛剛","one":"1 分鐘前","two":"{{value}} 分鐘前","few":"{{value}} 分鐘前","many":"{{value}} 分鐘前","other":"{{value}} 分鐘前"}},"hours-ago-long":{"_index":["plural","value"],"_":{"zero":"剛剛","one":"1 小時前","two":"{{value}} 小時前","few":"{{value}} 小時前","many":"{{value}} 小時前","other":"{{value}} 小時前"}},"days-ago-long":{"_index":["plural","value"],"_":{"zero":"今天","one":"昨天","two":"{{value}} 天前","few":"{{value}} 天前","many":"{{value}} 天前","other":"{{value}} 天前"}},"weeks-ago-long":{"_index":["plural","value"],"_":{"zero":"本週","one":"上週","two":"{{value}} 週前","few":"{{value}} 週前","many":"{{value}} 週前","other":"{{value}} 週前"}},"months-ago-long":{"_index":["plural","value"],"_":{"zero":"本月","one":"上月","two":"{{value}} 月前","few":"{{value}} 月前","many":"{{value}} 月前","other":"{{value}} 月前"}},"years-ago-long":{"_index":["plural","value"],"_":{"zero":"今年","one":"去年","two":"{{value}} 年前","few":"{{value}} 年前","many":"{{value}} 年前","other":"{{value}} 年前"}},"minutes-until-long":{"_index":["plural","value"],"_":{"zero":"現在","one":"1 分鐘內","two":"{{value}} 分鐘內","few":"{{value}} 分鐘內","many":"{{value}} 分鐘內","other":"{{value}} 分鐘內"}},"hours-until-long":{"_index":["plural","value"],"_":{"zero":"現在","one":"1 小時內","two":"{{value}} 小時前","few":"{{value}} 小時前","many":"{{value}} 小時前","other":"{{value}} 小時前"}},"days-until-long":{"_index":["plural","value"],"_":{"zero":"今天","one":"明天","two":"{{value}} 天內","few":"{{value}} 天內","many":"{{value}} 天內","other":"{{value}} 天內"}},"weeks-until-long":{"_index":["plural","value"],"_":{"zero":"本週","one":"下週","two":"{{value}} 週內","few":"{{value}} 週內","many":"{{value}} 週內","other":"{{value}} 週內"}},"months-until-long":{"_index":["plural","value"],"_":{"zero":"本月","one":"下月","two":"{{value}} 月內","few":"{{value}} 月內","many":"{{value}} 月內","other":"{{value}} 月內"}},"years-until-long":{"_index":["plural","value"],"_":{"zero":"今年","one":"明年","two":"{{value}} 年內","few":"{{value}} 年內","many":"{{value}} 年內","other":"{{value}} 年內"}},"minutes-ago-short":{"_index":["plural","value"],"_":{"zero":"剛剛","other":"{{value}} 分鐘前"}},"hours-ago-short":{"_index":["plural","value"],"_":{"zero":"剛剛","other":"{{value}} 小時前"}},"days-ago-short":{"_index":["plural","value"],"_":{"zero":"今天","other":"{{value}} 天前"}},"minutes-until-short":{"_index":["plural","value"],"_":{"zero":"現在","other":"{{value}} 分內"}},"hours-until-short":{"_index":["plural","value"],"_":{"zero":"現在","other":"{{value}} 時內"}},"days-until-short":{"_index":["plural","value"],"_":{"zero":"今天","other":"{{value}} 天內"}},"incorrectDate":"（日期不正確）","dateTimeFormat_%c":"%Y年%b%d日 %a %p %I:%M:%S","dateTimeFormat_%x":"%Y/%m/%d","dateTimeFormat_%X":"%p %I:%M:%S","shortTimeFormat":"%p %I:%M","shortDateTimeFormat":"%x %p %I:%M","weekStartsOnMonday":"1","time_am":"上午","time_pm":"下午"}