{"firefox-accounts-title":"حسابات فيرفكس","fxa-next":"التالي","fxa-back":"الرجوع","fxa-done":"تمّ","fxa-ok":"موافق","fxa-connection-error-title":"تعذّر الاتصال","fxa-connection-error-message":"يمكنك إنشاء حساب أو تسجل الدخول من الإعدادات.","fxa-reset-password-error-title":"إعادة تعيين كلمة المرور","fxa-reset-password-error-message":"يمكنك إعادة تعيين كلمة المرور من الإعدادات.","fxa-coppa-failure-error-title":"لا يمكن إنشاء حساب","fxa-coppa-failure-error-message":"يجب عليك أن تستوفي متطلبات عمرية معينة لإنشاء حساب فيرفكس. {{learnmore}}","fxa-learn-more":"إعرف المزيد","fxa-offline-error-title":"تعذّر الاتصال","fxa-offline-error-message":"يرجى الإتصال بالشبكة من الإعدادات.","fxa-invalid-email-title":"خطأ","fxa-invalid-email-message":"الرجاء إدخال بريد إلكتروني صالح","fxa-invalid-password-title":"كلمة المرور غير صحيحة","fxa-invalid-password-message":"يرجى التحقق من كلمة المرور الخاصة بك والمحاولة مرة أخرى.","fxa-unknown-error-title":"تعذّر الاتصال","fxa-unknown-error-message":"النظام غير متوفر، حاول مرة أخرى في وقت قريب.","fxa-connecting":"جارِ الاتصال","fxa-enter-email-input":{"placeholder":"أدخل بريدك الإلكتروني"},"fxa-use-email-to-sign-in":"إستخدم عنوان بريدك الإلكتروني لإنشاء حساب أو تسجيل الدخول.","fxa-notice":"قبل المتابعة، أنا أوافق على {{tos}} و {{pn}} لخدمات فيرفوكس السحابية.","fxa-tos":"بنود الخدمة","fxa-pn":"الخصوصية","fxa-create-password-title":"إنشاء كلمة المرور","fxa-enter-password-title":"أدخل كلمة المرور الخاصة بك","fxa-hello-user":"مرحبا, {{email}}","fxa-password-refresh":"يرجى إدخال كلمة المرور لحساب فيرفكس الخاص بك للمتابعة.","fxa-password":{"placeholder":"كلمة المرور"},"fxa-forgot-your-password":"نسيت كلمة المرور؟","fxa-show-password":"إظهار كلمة السر","fxa-password-length-requirement":"يجب أن يكون طول كلمة السر 8 أحرف على الأقل.","fxa-success":"نجاح!","fxa-ready-to-go":"حساب فايرفكس الخاص بك جاهز!","fxa-use-features":"الآن يمكنك إستخدام ميزات مثل \" إبحث عن جهازي \" وتطبيقات مثل \" متجر التطبيقات \".","fxa-access-manage-account-settings":"في المستقبل، يمكنك الوصول إلى حسابك وإدارته من الإعدادات.","fxa-confirm-account":"تأكيد حسابك الخاص","fxa-will-send-email":"سنقوم بإرسال رسالة بريد إلكتروني إلى : {{email}}","fxa-signup-click-verification-link-in-email":"في المرة القادمة التي تفحص فيها بريدك الإلكتروني، أنقر على رابط التحقق لتأكيد حساب فايرفكس الخاص بك.","fxa-age-verification":"التحقق من العمر","fxa-age-1990-earlier":"1990 أو أقدم","fxa-year-of-birth":"سنة الميلاد","brandShortName":"B2G OS","browserBrandShortName":"متصفح","browserBrandFullName":"مُتصفح موزيلا","accessibility-enableScreenReaderSteps":"To enable screen reader, press volume up then volume down buttons three more times","accessibility-disableScreenReaderSteps":"To disable screen reader, press volume up then volume down buttons three more times","accessibility-screenReaderStarted":"Screen reader started","accessibility-screenReaderStopped":"Screen reader stopped","accessibility-menubar":"menu bar","accessibility-scrollbar":"scroll bar","accessibility-grip":"grip","accessibility-alert":"alert","accessibility-menupopup":"menu popup","accessibility-document":"document","accessibility-pane":"pane","accessibility-dialog":"dialog","accessibility-separator":"separator","accessibility-toolbar":"toolbar","accessibility-statusbar":"status bar","accessibility-table":"table","accessibility-columnheader":"column header","accessibility-rowheader":"row header","accessibility-column":"column","accessibility-row":"row","accessibility-cell":"cell","accessibility-link":"link","accessibility-list":"list","accessibility-listitem":"list item","accessibility-outline":"outline","accessibility-outlineitem":"outline item","accessibility-pagetab":"tab","accessibility-propertypage":"property page","accessibility-graphic":"graphic","accessibility-pushbutton":"button","accessibility-checkbutton":"check button","accessibility-radiobutton":"radio button","accessibility-combobox":"combo box","accessibility-progressbar":"progress bar","accessibility-slider":"slider","accessibility-spinbutton":"spin button","accessibility-diagram":"diagram","accessibility-animation":"animation","accessibility-equation":"equation","accessibility-buttonmenu":"button menu","accessibility-whitespace":"white space","accessibility-pagetablist":"tab list","accessibility-canvas":"canvas","accessibility-checkmenuitem":"check menu item","accessibility-label":"label","accessibility-passwordtext":"password text","accessibility-radiomenuitem":"radio menu item","accessibility-textcontainer":"text container","accessibility-togglebutton":"toggle button","accessibility-treetable":"tree table","accessibility-header":"header","accessibility-footer":"footer","accessibility-paragraph":"paragraph","accessibility-entry":"entry","accessibility-caption":"caption","accessibility-heading":"heading","accessibility-section":"section","accessibility-form":"form","accessibility-comboboxlist":"combo box list","accessibility-comboboxoption":"combo box option","accessibility-imagemap":"image map","accessibility-listboxoption":"option","accessibility-listbox":"list box","accessibility-flatequation":"flat equation","accessibility-gridcell":"gridcell","accessibility-note":"note","accessibility-figure":"figure","accessibility-definitionlist":"definition list","accessibility-term":"term","accessibility-definition":"definition","accessibility-textarea":"text area","accessibility-textInputType_date":"date","accessibility-textInputType_email":"e-mail","accessibility-textInputType_search":"search","accessibility-textInputType_tel":"telephone","accessibility-textInputType_url":"URL","accessibility-headingLevel":"heading level {{0}}","accessibility-listStart":"First item","accessibility-listEnd":"Last item","accessibility-listItemsCount":{"_index":["plural","count"],"_":{"zero":"{{count}} items","one":"{{count}} item","two":"{{count}} items","few":"{{count}} items","many":"{{count}} items","other":"{{count}} items"}},"accessibility-objItemOfN":"{{0}} of {{1}}","accessibility-banner":"banner","accessibility-complementary":"complementary","accessibility-contentinfo":"content info","accessibility-main":"main","accessibility-navigation":"navigation","accessibility-search":"search","accessibility-tblColumnInfo":{"_index":["plural","count"],"_":{"zero":"with {{count}} columns","one":"with {{count}} column","two":"with {{count}} columns","few":"with {{count}} columns","many":"with {{count}} columns","other":"with {{count}} columns"}},"accessibility-tblRowInfo":{"_index":["plural","count"],"_":{"zero":"and {{count}} rows","one":"and {{count}} row","two":"and {{count}} rows","few":"and {{count}} rows","many":"and {{count}} rows","other":"and {{count}} rows"}},"accessibility-columnInfo":"Column {{0}}","accessibility-rowInfo":"Row {{0}}","accessibility-spansColumns":{"_index":["plural","0"],"_":{"zero":"spans {{0}} columns","one":"spans {{0}} column","two":"spans {{0}} columns","few":"spans {{0}} columns","many":"spans {{0}} columns","other":"spans {{0}} columns"}},"accessibility-spansRows":{"_index":["plural","0"],"_":{"zero":"spans {{0}} rows","one":"spans {{0}} row","two":"spans {{0}} rows","few":"spans {{0}} rows","many":"spans {{0}} rows","other":"spans {{0}} rows"}},"accessibility-jumpAction":"jumped","accessibility-pressAction":"pressed","accessibility-checkAction":"checked","accessibility-uncheckAction":"unchecked","accessibility-selectAction":"selected","accessibility-unselectAction":"unselected","accessibility-openAction":"opened","accessibility-closeAction":"closed","accessibility-switchAction":"switched","accessibility-clickAction":"clicked","accessibility-collapseAction":"collapsed","accessibility-expandAction":"expanded","accessibility-activateAction":"activated","accessibility-cycleAction":"cycled","accessibility-hidden":"hidden","accessibility-tabLoading":"loading","accessibility-tabLoaded":"loaded","accessibility-tabNew":"new tab","accessibility-tabLoadStopped":"loading stopped","accessibility-tabReload":"reloading","accessibility-stateChecked":"checked","accessibility-stateNotChecked":"not checked","accessibility-statePressed":"pressed","accessibility-stateExpanded":"expanded","accessibility-stateCollapsed":"collapsed","accessibility-stateUnavailable":"unavailable","accessibility-stateRequired":"required","accessibility-stateTraversed":"visited","accessibility-stateHasPopup":"has pop up","accessibility-stateSelected":"selected","accessibility-editingMode":"editing","accessibility-navigationMode":"navigating","accessibility-quicknav_Simple":"Default","accessibility-quicknav_Anchor":"Anchors","accessibility-quicknav_Button":"Buttons","accessibility-quicknav_Combobox":"Combo boxes","accessibility-quicknav_Landmark":"Landmarks","accessibility-quicknav_Entry":"Entries","accessibility-quicknav_FormElement":"Form elements","accessibility-quicknav_Graphic":"Images","accessibility-quicknav_Heading":"Headings","accessibility-quicknav_ListItem":"List items","accessibility-quicknav_Link":"Links","accessibility-quicknav_List":"Lists","accessibility-quicknav_PageTab":"Page tabs","accessibility-quicknav_RadioButton":"Radio buttons","accessibility-quicknav_Separator":"Separators","accessibility-quicknav_Table":"Tables","accessibility-quicknav_Checkbox":"Check boxes","accessibility-menubarAbbr":"menu bar","accessibility-scrollbarAbbr":"scroll bar","accessibility-gripAbbr":"grip","accessibility-alertAbbr":"alert","accessibility-menupopupAbbr":"menu popup","accessibility-documentAbbr":"document","accessibility-paneAbbr":"pane","accessibility-dialogAbbr":"dialog","accessibility-separatorAbbr":"separator","accessibility-toolbarAbbr":"toolbar","accessibility-statusbarAbbr":"status bar","accessibility-tableAbbr":"tbl","accessibility-columnheaderAbbr":"column header","accessibility-rowheaderAbbr":"row header","accessibility-columnAbbr":"column","accessibility-rowAbbr":"row","accessibility-cellAbbr":"cell","accessibility-linkAbbr":"lnk","accessibility-listAbbr":"list","accessibility-listitemAbbr":"list item","accessibility-outlineAbbr":"outline","accessibility-outlineitemAbbr":"outline item","accessibility-pagetabAbbr":"tab","accessibility-propertypageAbbr":"property page","accessibility-graphicAbbr":"graphic","accessibility-pushbuttonAbbr":"btn","accessibility-checkbuttonAbbr":"check button","accessibility-radiobuttonAbbr":"radio button","accessibility-comboboxAbbr":"combo box","accessibility-progressbarAbbr":"progress bar","accessibility-sliderAbbr":"slider","accessibility-spinbuttonAbbr":"spin button","accessibility-diagramAbbr":"diagram","accessibility-animationAbbr":"animation","accessibility-equationAbbr":"equation","accessibility-buttonmenuAbbr":"button menu","accessibility-whitespaceAbbr":"white space","accessibility-pagetablistAbbr":"tab list","accessibility-canvasAbbr":"canvas","accessibility-checkmenuitemAbbr":"check menu item","accessibility-labelAbbr":"label","accessibility-passwordtextAbbr":"passwdtxt","accessibility-radiomenuitemAbbr":"radio menu item","accessibility-textcontainerAbbr":"text container","accessibility-togglebuttonAbbr":"toggle button","accessibility-treetableAbbr":"tree table","accessibility-headerAbbr":"header","accessibility-footerAbbr":"footer","accessibility-paragraphAbbr":"paragraph","accessibility-entryAbbr":"entry","accessibility-captionAbbr":"caption","accessibility-headingAbbr":"heading","accessibility-sectionAbbr":"section","accessibility-formAbbr":"form","accessibility-comboboxlistAbbr":"combo box list","accessibility-comboboxoptionAbbr":"combo box option","accessibility-imagemapAbbr":"imgmap","accessibility-listboxoptionAbbr":"option","accessibility-listboxAbbr":"list box","accessibility-flatequationAbbr":"flat equation","accessibility-gridcellAbbr":"gridcell","accessibility-noteAbbr":"note","accessibility-figureAbbr":"fig","accessibility-definitionlistAbbr":"definition list","accessibility-termAbbr":"term","accessibility-definitionAbbr":"definition","accessibility-textareaAbbr":"txtarea","accessibility-tblColumnInfoAbbr":{"_index":["plural","count"],"_":{"one":"{{count}}c","two":"{{count}}c","few":"{{count}}c","many":"{{count}}c","other":"{{count}}c"}},"accessibility-tblRowInfoAbbr":{"_index":["plural","count"],"_":{"one":"{{count}}r","two":"{{count}}r","few":"{{count}}r","many":"{{count}}r","other":"{{count}}r"}},"accessibility-cellInfoAbbr":"c{{0}}r{{1}}","accessibility-stateCheckedAbbr":"(x)","accessibility-stateUncheckedAbbr":"( )","accessibility-statePressedAbbr":"(x)","accessibility-stateUnpressedAbbr":"( )","ok":"موافق","back":"العودة","help":"مساعدة","cancel":"ألغِ","close":"إغلاق","skip":"تخطّي","clear":{"ariaLabel":"Clear"},"undo":{"ariaLabel":"تراجع"},"airplaneMode":"وضع الطيران","searching":"جارِ البحث...","noNetwork":"لا يوجد شبكة","roaming":"{{operator}} (تجوال) ","operator-info":"{{carrier}} {{region}}","emergencyCallsOnly":"مكالمات الطوارئ فقط","emergencyCallsOnly-unknownSIMState":"(حالة الـ SIM غير معروفة)","emergencyCallsOnly-noSIM":"(لايوجد SIM)","emergencyCallsOnly-pinRequired":"(مطلوب كود PIN)","emergencyCallsOnly-pukRequired":"(مطلوب كود PUK)","emergencyCallsOnly-networkLocked":"(الشبكة مُغلقة)","emergencyCallsOnly-serviceProviderLocked":"(مُغلَق من المزود)","emergencyCallsOnly-corporateLocked":"(مُغلَق من الشركة)","emergencyCallsOnly-network1Locked":"(الشبكة1 مُغلقة)","emergencyCallsOnly-network2Locked":"(الشبكة2 مُغلقة)","emergencyCallsOnly-hrpdNetworkLocked":"(hrpd الشبكة مُغلقة)","emergencyCallsOnly-ruimCorporateLocked":"(مُغلَق من الشركة)","emergencyCallsOnly-ruimServiceProviderLocked":"(مُغلَق من المزود)","enterPIN":"أدخل كود PIN","mediaPlaybackTitle":{"ariaLabel":"العنوان"},"mediaPlaybackArtist":{"ariaLabel":"المغنّي"},"mediaPlaybackControls":{"ariaLabel":"التحكم في التشغيل"},"mediaPlaybackPrevious":{"ariaLabel":"السابق"},"mediaPlaybackPlay":"تشغيل","mediaPlaybackPause":"إيقاف","mediaPlaybackNext":{"ariaLabel":"التالي"},"wifiButton-on":"الانترنت اللاسلكي مُفعّل","wifiButton-on-initializing":"تهيئة الـ Wi-Fi ","wifiButton-off":"الواي فاي غير فعّال","dataButton-on":"البيانات  {{type}} فعّالة","dataButton-off":"البيانات {{type}} غير فعالة","bluetoothButton-on":"بلوتوث فعال","bluetoothButton-on-initializing":"البلوتوث فعّال ، تتم تهيئته","bluetoothButton-off":"بلوتوث غير فعال","airplaneMode-on":"وضع الطيران مُفعّل","airplaneMode-off":"وضع الطيران مُطفأ","settingsButton":{"ariaLabel":"الإعدادات"},"utilityTrayGrippy":{"ariaLabel":"أغلق شريط التنبيهات"},"statusbarLabel":"{{operator}} ،{{date}}","statusbarDateFormat":"%b %e","statusbar":{"ariaLabel":"شريط التنبيهات"},"statusbarBattery":"البطارية {{level}} بالمئة.","statusbarBatteryCharging":"البطارية {{level}} بالمئة، جار الشحن","statusbarFlightMode":{"ariaLabel":"وضع الطيران مُفعّل"},"statusbarWiFiConnecting":"واي فاي: جاري الربط","statusbarWiFiConnected":"واي فاي : {{level}} من أصل أربع مستويات","statusbarSignal":"شبكة {{operator}}, {{level}} من أصل 5 مستويات","statusbarSignalRoaming":"شبكة {{operator}} (تجوال), {{level}} من أصل 5 مستويات","statusbarSignalNoneSearching":"جاري البحث... مكالمات الطوارئ فقط ","statusbarHeadphones":{"ariaLabel":"السماعات مفعلة"},"statusbarBluetoothHeadphones":{"ariaLabel":"سماعات البلوتوث فعالة"},"statusbarBluetoothTransferring":{"ariaLabel":"النقل عبر البلوتوث فعّال"},"statusbarIconOn-tethering":"مشاركة الأنترنت","statusbarIconOnActive-tethering":"مشاركة الأنترنت, فعّالة","statusbarAlarm":{"ariaLabel":"المنبه فعال"},"statusbarIconOn-bluetooth":"البلوتوث مفعل","statusbarIconOnActive-bluetooth":"البلوتوث فعّال","statusbarIconOn-mute":"كتم الصوت يعمل","statusbarIconOn-vibration":"الهزّاز يعمل","statusbarRecording":{"ariaLabel":"التسجيل مفعل"},"statusbarGeolocation":{"ariaLabel":"تحديد الموقع الجغرافي فعّال"},"statusbarUsb":{"ariaLabel":"USB فعّال"},"statusbarForwarding":"تحويل المكالمات فعّال","statusbarPlaying":{"ariaLabel":"تشغيل الوسائط المتعددة"},"statusbarNfc":{"ariaLabel":"NFC فعال"},"statusbarDownloads":{"ariaLabel":"جارِ التحميل ..."},"statusbarNetworkActivity":{"ariaLabel":"الشبكات تعمل"},"statusbarEmergencyCBNotification":{"ariaLabel":"وضع الإتصال بالطوارئ"},"statusbarNotifications":{"_index":["plural","n"],"_":{"one":"تنبيه واحد","two":"تنبيهان","few":"{{n}} تنبيهات","many":"{{n}} تنبيه","other":"{{n}} تنبيه"}},"statusbarNotifications-unread":{"_index":["plural","n"],"_":{"one":"تنبيه واحد غير مقروء","two":"تنبيهان غير مقروءان","few":"{{n}} غير مقروءة","many":"{{n}} غير مقروء","other":"{{n}} غير مقروء"}},"notifications":"التنبيهات","clear-all":"إزالة الكل","attentionScreen-tapToShow":"أنقر للإظهار","newVoicemails":{"_index":["plural","n"],"_":{"zero":"لا يوجد بريد صوتي جديد","one":"رسالة صوتية جديدة","two":"{{n}} رسائل صوتية جديدة","few":"{{n}} رسائل صوتية جديدة","many":"{{n}} رسائل صوتية جديدة","other":"{{n}} رسائل صوتية جديدة"}},"newVoicemailsUnknown":"رسالة صوتية جديدة","dialNumber":"إتصال ب  {{number}}","voicemailNotificationMultiSim":"(SIM {{n}}) {{title}}","confirmNFCConnectBTenabledNameUnknown":"هل أنت متأكد من أنك تريد الإتصال بهذا الجهاز؟","confirmNFCConnectBTdisabledNameUnknown":"تشغيل البلوتوث و الإتصال مع الجهاز ؟","confirmNFCConnectBTenabledNameKnown":"هل أنت متأكد من أنك ترغب بالإتصال ب {{deviceName}} ؟","confirmNFCConnectBTdisabledNameKnown":"تشغيل البلوتوث و الإتصال ب {{deviceName}} ؟","confirmNFCConnectBTdisabled":"تشغيل","dismissNFCConnectBTdisabled":"إلغاء","confirmation":"التأكيد","deviceMenu":"الهاتف","airplane":"تفعيل وضع الطيران","airplaneOff":"تعطيل وضع الطيران","silent":"إسكات المكالمات الواردة","normal":"رنين المكالمات الواردة","restart":"إعادة التشغيل","power":"إيقاف التشغيل","no-recent-apps":"لا يوجد تطبيقات اخيرة","yes":"نعم","no":"لا","dontallow":"لا تسمح","allow":"سماح","dontshare-geolocation":"لا تُشارك","share-geolocation":"مُشاركة","dontshare-audio-capture":"لا تُشارك","share-audio-capture":"مُشاركة","dontshare-video-capture":"لا تُشارك","share-video-capture":"مُشاركة","dontshare-media-capture":"لا تُشارك","share-media-capture":"مُشاركة","device-front":"الكاميرا الأمامية","device-back":"الكاميرا الخلفية","remember-my-choice":"تذكر إختياري","more-info":"مزيد من المعلومات","hide-info":"أخفِ المعلومات","install-app":"تثبيت {{name}}?","size":"الحجم","author":"المُبرمج","size-unknown":"غير معرف","author-unknown":"غير معرف","install":"ثبِّت","bytes":"بايت","kB":"كيلوبايت","MB":"ميجا بايت","GB":"جيجا بايت","TB":"تيرا بايت","PB":"بيتا بايت","app-install-generic-error":"توقف تنزيل {{&nbsp;appName }} ","app-install-download-failed":"فشل في تنزيل {{ appName }}","app-install-install-failed":"فشل في تثبيت {{ appName }} ","cancelling-will-not-refund":"الالغاء لن يعيد النقود للمشترى. إعادة النقود للمحتوى المُشترى فقط من خلال البائع الاصلي.","apps-can-be-installed-later":"يمكن تثبيت التطبيقات لاحقا من مصدر التثبيت الاصلي.","are-you-sure-you-want-to-cancel":"هل أنت متأكد من إلغاء التثبيت؟","cancel-install":"إلغاء التثبيت","cancel-install-button":"إلغاء التثبيت","resume":"إستئناف","continue":"إستمرار","stopDownloading":"إيقاف تنزيل {{ app }}؟","app-download-can-be-restarted":"يمكنك إعادة بدء التنزيل لاحقا.","app-download-stop-button":"إيقاف التنزيل","not-enough-space":"لا توجد مساحة كافية ","not-enough-space-message":"لا توجد مساحة كافية. اخذف التطبيقات القديمة أو الوسائط لتوفير مساحة وحاول التنزيل مرة اخرى من المصدر الرئيسي.","app-install-success":"{{ appName }} تم تثبيته","setup":"الإعداد","ime-addkeyboards":"إضافة لوحة مفاتيح","later":"لاحقاً","download":"تنزيل","wantToDownload":"تنزيل التحديث الآن؟","wantToInstall":"تثبيت التحديث الأن؟","installNow":"التثبيت الآن","notNow":"ليس الآن","downloadingUpdateMessage":{"innerHTML":"جارِ تنزيل التحديثات...<span>{{ progress }} تم تنزيله.</span>"},"downloadingAppMessage":"جاري تنزيل {{ appName }}","downloadingAppProgressNoMax":"تم تنزيل {{ progress }}","downloadingAppProgressIndeterminate":"جاري التنزيل","downloadingAppProgress":"تم تنزيل {{ progress }} / {{ max }} ","cancelAllDownloads":"إلغاء جميع التنزيلات","wantToCancelAll":"هل أنت متأكد من إلغاء جميع التنزيلات؟","downloadError":"حدث خطأ عند تنزيل التحديثات.","updateAvailableInfo":{"innerHTML":{"_index":["plural","n"],"_":{"one":"{{ n }} تحديثات متاحة. <span> اضغط للتحميل.</span>","two":"{{ n }} تحديثات متاحة. <span> اضغط لمزيد من المعلومات.</span>","few":"{{ n }} تحديثات متاحة. <span> اضغط لمزيد من المعلومات.</span>","many":"{{ n }} تحديثات متاحة. <span> اضغط لمزيد من المعلومات.</span>","other":"{{ n }} تحديثات متاحة. <span> اضغط لمزيد من المعلومات.</span>"}}},"numberOfUpdates":{"_index":["plural","n"],"_":{"one":"متوفر {{ n }} تحديث","two":"متوفر {{ n }} تحديثات","few":"متوفر {{ n }} تحديثات","many":"متوفر {{ n }} تحديثات","other":"متوفر {{ n }} تحديثات"}},"systemUpdate":"تحديث النظام","systemUpdateReady":"تحديث النظام جاهز","systemUpdateLowBatteryThreshold":"You need at least {{ threshold }}% battery level to install the update.","required":"مطلوب","uncompressingMessage":{"innerHTML":"جارِ فك الضغط… <span>ربما يحتاج لبضعة دقائق.</span>"},"downloadNoWifiWarning":"اللاسلكي غير متاح. التحديث باستخدام هذه الشبكة ربما سيترتب عليه رسوم اضافية.","downloadOfflineWarning":"لا يوجد اتصال. اتصل بشبكة لتنزيل التحديثات.","downloadDataConnectionWarning":"يتم تنزيل التحديثات عبر وصلة البيانات عند عدم توفر وصلة اللاسلكي. قد يتم اضافة رسوم اخرى.","downloadUpdatesViaDataConnection":"تنزيل التحديثات عن طريق وصلة البيانات؟","downloadUpdatesViaDataConnectionMessage":"يتم تنزيل التحديثات عبر وصلة البيانات عند عدم توفر وصلة اللاسلكي. قد يتم اضافة رسوم اخرى. عند استخدام وصلة البيانات، ربما سيتم حجب المكالمات ويتم اضافة رسوم اخرى.","downloadUpdatesVia2GForbidden2":"Downloading updates is not possible on slow connections (2G). Please connect via Wi-Fi or 3G (if available) and try again.","screenshotSaved":"تم حفظ لقطة الشاشة في الأستوديو","screenshotFailed":"لم يتم حفظ لقطة الشاشة","screenshotNoSDCard":"لم يتم العثور على بطاقة ذاكرة","screenshotSDCardInUse":"بطاقة الذاكرة قيد الاستعمال","screenshotSDCardLow":"لا توجد مساحة كافية على بطاقة الذاكرة","emergency-call-button":"مكالمة الطوارئ","emergency-call":"مكالمة الطوارئ","unlock-a11y-button":{"ariaLabel":"فتح القفل"},"camera-a11y-button":{"ariaLabel":"الكاميرا"},"longDateFormat":"%A, %B %e","panel-passcode":{"ariaLabel":"لوحة رمز المرور"},"lockscreen-sim-id":"SIM {{ n }}","softwareHomeButton":{"ariaLabel":"الرئيسية"},"login":"تسجيل الدخول","username":"اسم المستخدم","password":"كلمة السِّر","http-authentication-message":"تم طلب اسم مستخدم وكلمة سِّر من قبل {{host}}. الموقع يقول: \"{{realm}}\"","error-message":"لم يتم تحميل التطبيق {{name}} صورة صحيحة","error-title":"يواجه التطبيق {{name}} مشاكل","airplane-is-on":"وضع الطيران مُفعّل","airplane-is-turned-on":"{{name}}  يتطلب اتصال بالشبكة. أوقف وضعية الطيران من الاعدادات واتصل إما بالواي فاي أو بشبكة بيانات الجواّل.","server-not-found":"الخادم غير موجود","server-not-found-error":"لا يتم العثور على الخادم {{name}}","file-not-found":"الملف غير موجود","file-not-found-error":"الجهاز لا يستطيع عرض هذه الصفحة لان الملف غير موجود.","connection-failed":"تعذّر الاتصال","connection-failed-error":"حدث خطأ في الشبكة أثناء محاولة الوصول إلى الموقع.","invalid-connection":"تعذّر الاتصال","invalid-connection-error":"حدث خطأ أثناء المحاولة للوصول للموقع.","malformed-uri":"URL غير صحيح","malformed-uri-error":"العنوان غير صالح و تعذّر تحميله.","redirect-loop":"لا يستطيع عرض الصفحة","redirect-loop-error":"الجهاز لم يستطع عرض الصفحة لان الصفحة من المحتمل انها غير موجهة, حاول بهذه الصفحة بوقت لاحق.","not-cached":"صفحة منتهية الصلاحية","not-cached-error":"كإجراء إحتراز أمني، لا يمكن عرض هذه الصفحة على الجهاز لأن صلاحيتها إنتهت.","is-printing-error":"لا يمكن تغيير المستند أثناء الطّباعة أو معاينة الطّباعة.","denied-port-access":"العنوان ممنوع","denied-port-access-error":"يستخدم هذا العنوان منفذ شبكة مستخدم عادة لأغراض غير تصفّح الوِب.الجهاز ألغى الطلب لحمايتك.","proxy-resolve-failure":"خطأ في خادم الوكيل","proxy-resolve-failure-error":"الجهاز مضبوط على استخدام خادوم وسيط يتعذر إيجاده.","proxy-connect-failure":"خطأ في خادم التوكيل","proxy-connect-failure-error":"الجهاز مضبوط ليستخدم خادومًا وسيطًا يرفض الاتصالات.","content-encoding":"لا يستطيع عرض الصفحة","content-encoding-error":"الجهاز لا يمكن عرض هذه الصفحة بسبب حدوث خطأ ترميز المحتوى.","remote-xul":"الصفحة غير مدعومة","remote-xul-error":"هذه الصفحة لا يمكن عرضها لأنها تستخدم تكنولوجيا غير معتمدة على الجهاز.","phishing-blocked":"تحذير","phishing-blocked-error":"تم الإبلاغ عن الموقع واعتبرتها مزورة على شبكة الإنترنت مصممة لخداع المستخدمين إلى تقاسم معلومات شخصية أو مالية.","malware-blocked":"ُمنع هجوم البرمجيات الخبيثة","malware-blocked-error":"تم الإبلاغ عن الموقع كموقع هجوم وتم حظره.","unsafe-content-type":"محتوى غير آمن","unsafe-content-type-error":"الصفحة لا يمكن عرضها لأنها قد لا تكون آمنة للفتح.","corrupted-content":"لا يستطيع عرض الصفحة","corrupted-content-error":"الصفحة لا يمكن أن تظهر لأنه تم الكشف عن خطأ في نقل البيانات.","network-connection-unavailable":"لا يوجد اتصال بالشبكة ","network-error":"{{name}} يتطلب اتصال بالشبكة. حاول الاتصال بالواي فاي او شبكة بيانات الجوّال.","network-error-launching":"{{name}} يتطلب الإتصال بالإنترنت.","network-error-in-app":"لا يمكن الوصول إلى الإنترنت في الوقت الحالي.","unable-to-connect":"تعذّر الإتصال","try-again":"حاول مرة أخرى","check-settings":"تفقد الإعدادات","tap-to-check-settings":"اضغط للتحقق من إعدادات","select-time":"حدد وقت","choose-option":"حدد","choose-options":"حدد","select-day":"حدد يوم","battery-almost-empty":"البطارية فارغة تقريبا","add-to-home-screen":"أضف إلى الشاشة الرئيسية","share":"مُشاركة","crash-dialog2-os":"{{brandShortName}} تم استرجاعه من الانهيار","crash-dialog-app":"{{name}} توقف عن العمل","crash-dialog-message":"هل ترغب في ارسال تقرير عن الانهيار لموزيلا للمساعدة في حل المشكلة؟ (ترسل التقارير عبر الواي فاي فقط.)","crash-info-link":"ماذا يحتوي تقرير الحادث؟","crash-always-report":"دائما قم بإرسال تقرير لموزيلا عند حدوث انهيار.","crash-dont-send":"لا ترسل","crash-end":"أرسل التقرير","crashReports":"تقارير الانهيارات","done":"تم","crash-reports-description-1":"تقرير الانهيار يحتوي على تفاصيل الانهيار و جوّالك ولمحة عن حالة جوّالك لحظه حدوث الانهيار.","crash-reports-description-2":"ربما يحتوي على الصفحات المفتوحة والتطبيقات، بعض النصوص المطبوعة ومحتوى الرسائل المفتوحة، اخر تأريخ التصفح أو موقعك الجغرافي المستخدم في التطبيق المفتوح.","crash-reports-description-3-start":"نستخدم تقارير الأعطال في محاولة لإصلاح المشاكل وتحسين منتجاتنا. نتعامل مع المعلومات الخاصة بك كما هو موضح في ","crash-reports-description-3-privacy":"سياسة الخصوصية","crash-reports-description-3-end":".","crash-banner-os2":"{{brandShortName}} انهار الآن.","crash-banner-app":"{{name}} توقف عن العمل .","crash-banner-report":"التقرير","bluetooth-sending-progress":"جاري الإرسال عبر البلوتوث…","bluetooth-receiving-progress":"جارِ الاستلام عن طريق البلوتوث..","acceptFileTransfer":"قبول نقل الملف عبر البلوتوث؟","wantToReceiveFile":"يرغب {{deviceName}}  بنقل {{fileName}} ({{fileSize}}).","transfer-confirmation-title":"{{deviceName}}","transfer-confirmation-description":"إعدة النظر في طلب التحويل.","byteUnit-B":"بايت","byteUnit-KB":"كيلوبايت","byteUnit-MB":"ميجا بايت","byteUnit-GB":"جيجا بايت","byteUnit-TB":"تيرا بايت","byteUnit-PB":"PB","byteUnit-EB":"EB","byteUnit-ZB":"ZB","byteUnit-YB":"YB","fileSize":"{{size}} {{unit}}","deny":"ارفض","transfer":"نقل","cancelFileTransfer":"إلغاء نقل الملف عبر البلوتوث؟","continueFileTransfer":"إستمِرّ","transfer-has-started-title":"بدء عملية التحويل","transfer-has-started-description":"تفحص العملية في مركز التنبيهات","transferFinished-sentSuccessful-title":"أُرسِل الملف","transferFinished-receivedSuccessful-title":"أُستُقبِل الملف","transferFinished-sentFailed-title":"لم يتم ارسال الملف","transferFinished-receivedFailed-title":"لم بتم استقبال الملف","transferReport-title":"حوِّل التقرير:","transferReport-description":"{{numSuccessful}}ملفات بنجاح , {{numUnsuccessful}} ملفات بفشل","unknown-file":"ملف غير مُعرَّف","unknown-device":"جهاز مجهول","cannotOpenFile":"لايمكن فتح الملف المُستلم","unknownMediaTypeToOpen":"لا يمكن فتح نوع وسائط غير مُعرَّف: ","cannotReceiveFile":"لا يمكن استلام الملف","cannotGetStorageState":"لايمكن الوصول الى حالة أجهزة التخزين.","sdcard-not-exist2":"لم يتم العثور على بطاقة الذاكرة. الرجاءإدخال بطاقة الذاكرة.","sdcard-in-use":"لا يمكن استعمال البلوتوث يبنما الجوَّال موصول. افصل الجوّال لاستلام الملف او الملفات.","sdcard-no-space2":"لا يمكن اتمام عملية النقل: بطاقة الذاكرة ملىء","unknown-error":"خطأ غير معروف","confirm":"تأكيد","microphone-is-on":"الميكرفون يعمل","camera-is-on":"الكمرة مُشغّلة","media-is-on":"الكاميرا والميكرفون يعملان","noSimCard":"لا توجد بطاقة SIM","simPin":"كود SIM PIN","pukCode":"كود PUK ","nckCode":"كود NCK","cckCode":"كود CCK","spckCode":"كود SPCK","nck1code":"رمز NCK1","nck2code":"رمز NCK2","hnckcode":"رمز HNCKNCK","rcckcode":"رمز RCCK","rspckcode":"رمز RSPCK","whatIsSimPin":"ماهو كود SIM PIN؟","simPinIntro1":"كود SIM PIN يمنع الوصول إلى شبكات البيانات الخلوية لبطاقة SIM. عندما تكون مفعلة، أي جهاز يحتوي على بطاقة SIM سوف يطلب كود PIN عند إعادة التشغيل.","simPinIntro2":"كود SIM PIN ليس هو نفسه رمز المرور المستخدم لفتح الجهاز.","changeSimPin":"تغيير كود PIN","pinTitle":"أدخل الكود SIM PIN","multiSIMpinTitle":"أدخل SIM {{n}} PIN","pukTitle":"أدخل كود PUK ","nckTitle":"ادخل كود NCK","cckTitle":"ادخل كود CCK","spckTitle":"ادخل كود SPCK","nck1Title":"ادخل رمز NCK1","nck2Title":"ادخل كود NCK2","hnckTitle":"ادخل كود HNCK","rcckTitle":"ادخل كود RCCK","rspckTitle":"ادخل كود RSPCK","newpinTitle":"كود PIN جديد","inputCodeRetriesLeft":{"_index":["plural","n"],"_":{"one":"آخر محاولة","two":"{{n}} محاولة متبقية .","few":"{{n}} محاولة متبقية .","many":"{{n}} محاولة متبقية .","other":"{{n}} محاولة متبقية ."}},"pinErrorMsg":"كود PIN خاطئ.","pinAttemptMsg2":{"_index":["plural","n"],"_":{"one":"لديك محاوله واحدة متبقية لادخال الكود الصحيح قبل اغلاق بطاقة SIM.","two":"لديك {{n}} محاولات متبقية لادخال الكود الصحيح قبل اغلاق بطاقة SIM.","few":"لديك {{n}} محاولات متبقية لادخال الكود الصحيح قبل اغلاق بطاقة SIM.","many":"لديك {{n}} محاولات متبقية لادخال الكود الصحيح قبل اغلاق بطاقة SIM.","other":"لديك {{n}} محاولات متبقية لادخال الكود الصحيح قبل اغلاق بطاقة SIM."}},"pinLastChanceMsg":"هذه آخر فرصة لك لإدخال رقم التعريف الشخصي الصحيح. خلاف ذلك، يجب عليك إدخال مفتاح إلغاء التأمين الشخصي (PUK) لإستخدام هذه الشريحة.","simCardLockedMsg":"بطاقة SIM مقفلة.","enterPukMsg":"يجب عليك إدخال مفتاح إلغاء التأمين الشخصي (PUK) للشريحة. ارجع إلى وثائق الشريحة أو اتصل بالناقل الخاص بك للحصول على مزيد من المعلومات.","pukErrorMsg":"كود PUK غير صحيح.","pukAttemptMsg2":{"_index":["plural","n"],"_":{"one":"لديك محاولة واحدة متبقية لإدخال الرمز الصحيح قبل أن تصبح هذه الشريحة غير صالحة للإستعمال بشكل دائم. ارجع إلى وثائق الشريحة أو اتصل بالمزود الخاص بك للحصول على مزيد من المعلومات.","two":"لديك {{n}} محاولة لإدخال الرمز الصحيح قبل أن تصبح هذه الشريحة غير صالحة للإستعمال بشكل دائم. ارجع إلى وثائق الشريحة أو اتصل بالناقل الخاص بك للحصول على مزيد من المعلومات.","few":"لديك {{n}} محاولة لإدخال الرمز الصحيح قبل أن تصبح هذه الشريحة غير صالحة للإستعمال بشكل دائم. ارجع إلى وثائق الشريحة أو اتصل بالناقل الخاص بك للحصول على مزيد من المعلومات.","many":"لديك {{n}} محاولة لإدخال الرمز الصحيح قبل أن تصبح هذه الشريحة غير صالحة للإستعمال بشكل دائم. ارجع إلى وثائق الشريحة أو اتصل بالناقل الخاص بك للحصول على مزيد من المعلومات.","other":"لديك {{n}} محاولة لإدخال الرمز الصحيح قبل أن تصبح هذه الشريحة غير صالحة للإستعمال بشكل دائم. ارجع إلى وثائق الشريحة أو اتصل بالناقل الخاص بك للحصول على مزيد من المعلومات."}},"pukLastChanceMsg":"آخر فرصة لإدخال مفتاح إلغاء التأمين الشخصي (PUK) الصحيح. شريحتك ستصبح غير صالحة للإستعمال بشكل دائم إذا أدخلت مفتاح إلغاء تأمين شخصي (PUK) خاطىء. ارجع إلى وثائق الشريحة أو اتصل بالناقل الخاص بك للحصول على مزيد من المعلومات.","newSimPinMsg":"أنشىء رقم تعريف شخصي (يجب أن يحتوي من 4 إلى 8 أرقام)","confirmNewSimPinMsg":"قم بتأكيد كود PIN","newPinErrorMsg":"كودين PIN غير متطابقين","nckErrorMsg":"كود NCK غير صحيح.","nckAttemptMsg2":{"_index":["plural","n"],"_":{"one":"فشل طلب عدم تخصيص الشبكة. لديك محاوله واحدة متبقية لادخال الكود الصحيح. راجع وثائق جهازك أو اتصل مع مزود الخدمة لمعلومات اضافية.","two":"فشل طلب عدم تخصيص الشبكة. لديك {{n}} محاولات متبقية لادخال الكود الصحيح. راجع وثائق جهازك أو اتصل مع مزود الخدمة لمعلومات اضافية.","few":"فشل طلب عدم تخصيص الشبكة. لديك {{n}} محاولات متبقية لادخال الكود الصحيح. راجع وثائق جهازك أو اتصل مع مزود الخدمة لمعلومات اضافية.","many":"فشل طلب عدم تخصيص الشبكة. لديك {{n}} محاولات متبقية لادخال الكود الصحيح. راجع وثائق جهازك أو اتصل مع مزود الخدمة لمعلومات اضافية.","other":"فشل طلب عدم تخصيص الشبكة. لديك {{n}} محاولات متبقية لادخال الكود الصحيح. راجع وثائق جهازك أو اتصل مع مزود الخدمة لمعلومات اضافية."}},"nckLastChanceMsg":"فشل طلب عدم تخصيص الشبكة. لديك محاولة اخيرة لادخال كود NCL. راجع وثائق جهازك أو اتصل مع مزود الخدمة لمعلومات اضافية.","activity-pick":"اختر من:","activity-view":"شاهد بـ:","activity-test":"افحص بـ:","activity-share":"شارك بـ:","activity-new":"انشىء بـ:","activity-open":"افتح بـ:","activity-save-bookmark":"مرجعية إلى:","activity-record":"سجِّل من:","activity-browse":"تصفح بـ:","activity-configure":"ضبط بـ:","activity-dial":"اتصل من:","persona-signin":"تسجيل الدخول","payment-flow":"اشتري","remoteDebuggerMessage":"تم الكشف عن طلب اتصال للتدقيق البعيد . هل تسمح بالاتصال؟","fullscreen-request":"{{origin}} الآن ملء الشاشة.","captive-wifi-available":"تم العثور على الشبكة {{networkName}} هل تريد الانضمام اليها؟","ceWarningtitle":"تحذير الصوت","ceWarningcontent":"لتجنب اي اصابة سمعية، لا تستمع لفترات طويلة والصوت مرتفع.","notification-powersaving-mode-on-title":"وضع توفير الطاقة","notification-powersaving-mode-on-description":"وضع توفير الطاقة مُفعّل","low-device-storage":"المساحة الفارغة صغيرة\\n","free-space":{"_index":["plural","value"],"_":{"zero":"لا توجد مساحة فارغة","one":"أقل من {{value}} {{unit}}  متبقية.","two":"أقل من {{value}} {{unit}}  متبقية.","few":"أقل من {{value}} {{unit}}  متبقية.","many":"أقل من {{value}} {{unit}}  متبقية.","other":"أقل من {{value}} {{unit}}  متبقية."}},"unknown-free-space":"المساحة الفارغة غير معروفة.","system-alert":"تنبيه النظام","cb-channel":"قناة {{channel}}","cb-etws-warningType-earthquake":"تحذير زلزال!","cb-etws-warningType-tsunami":"تحذير تسونامي!","cb-etws-warningType-earthquake-tsunami":"تحذير زلزال - تسونامي!","cb-etws-warningType-test":"نظام الإنذار قيد الإختبار.","cb-etws-warningType-other":"إنذار طوارئ!","icc-message-maintitle":"Operator message","icc-message-subtitle":"SIM {{id}}","icc-confirmCall-defaultmessage":"أأتصال بـ {{number}}؟","icc-alertMessage-defaultmessage":"جارِ إرسال الرسالة","icc-confirmMessage-defaultmessage":"أأرسال رسالة؟","icc-inputbox-maintitle":"STK Query","icc-inputbox-subtitle":"SIM {{id}}","emergency-callback-mode":"وضع الإتصال بالطوارئ","emergency-callback-message":"لا يمكنك إجراء المكالمات، وإرسال الرسائل أو الذهاب على الانترنت لتمكين وضع الاتصال بالطوارئ. هل ترغب في إيقاف تشغيله؟","cdma-record-info":"CDMA تسجيل معلومات","ime-switching-title":"{{appName}}: {{name}}","ime-switching-tip":"انقر بثبات لتبديل طريقة الكتابة","shrinking-tip":"مرِّر للمشاركة","download_started":"بدأ التنزيل","download_stopped":"توقف التنزيل","download_downloading":"جارِ التحميل...","download_succeeded":"اكتمل التنزيل","download_failed":"فشل التنزيل","download_text_by_default":"{{name}}","download_downloading_text_2":"{{percentage}}% - {{name}}","search-or-enter-address":{"_":"إبحث أو أدخل عنوانا","placeholder":"إبحث أو أدخل عنوانا"},"noSIMCardInHotspot":"بطاقة SIM غير موجودة أوتم إدراجها بشكل غير صحيح، و إيقاف هوت سبوت","noHopspotWhenAPMisOn":"أطفئ وضع الطيران لإسخدام ميزة مشاركة الأنترنت","apmActivated":"تم تفعيل وضع الطيران","open-in-new-tab":"فتح الرابط في علامة تبويب جديدة","add-link-to-home-screen":"إضافة وصلة إلى الشاشة الرئيسية","share-link":"شارك الرابط","save-image":"حفظ الصورة","save-video":"حفظ الفديو","save-audio":"Save Audio","save-link":"Save linked file","share-image":"Share Image","share-video":"Share Video","share-audio":"Share Audio","weekday-0-long":"الأحد","weekday-1-long":"الإثنين","weekday-2-long":"الثلاثاء","weekday-3-long":"الأربعاء","weekday-4-long":"الخميس","weekday-5-long":"الجمعة","weekday-6-long":"السبت","weekday-0-short":"أحد","weekday-1-short":"إثنين","weekday-2-short":"ثلاثاء","weekday-3-short":"أربعاء","weekday-4-short":"خميس","weekday-5-short":"جمعة","weekday-6-short":"سبت","month-0-long":"يناير","month-1-long":"فبراير","month-2-long":"مارس","month-3-long":"أبريل","month-4-long":"مايو","month-5-long":"يونيو","month-6-long":"يوليو","month-7-long":"أغسطس","month-8-long":"سبتمبر","month-9-long":"أكتوبر","month-10-long":"نوفمبر","month-11-long":"ديسمبر","month-0-genitive":"يناير","month-1-genitive":"فبراير","month-2-genitive":"مارس","month-3-genitive":"أبريل","month-4-genitive":"مايو","month-5-genitive":"يونيو","month-6-genitive":"يوليو","month-7-genitive":"أغسطس","month-8-genitive":"سبتمبر","month-9-genitive":"أكتوبر","month-10-genitive":"نوفمبر","month-11-genitive":"ديسمبر","month-0-short":"يناير","month-1-short":"فبراير","month-2-short":"مارس","month-3-short":"ابريل","month-4-short":"مايو","month-5-short":"يونيو","month-6-short":"يوليو","month-7-short":"أغسطس","month-8-short":"سبتمبر","month-9-short":"أكتوبر","month-10-short":"نوفمبر","month-11-short":"ديسمبر","minutes-ago-long":{"_index":["plural","value"],"_":{"zero":"الآن","one":"منذ دقيقة","two":"منذ دقيقتين","few":"منذ {{value}} دقائق","many":"منذ {{value}} دقيقة","other":"منذ {{value}} دقيقة"}},"hours-ago-long":{"_index":["plural","value"],"_":{"zero":"الآن","one":"منذ ساعة","two":"منذ ساعتين","few":"قبل {{value}} ساعات","many":"قبل {{value}} ساعة","other":"قبل {{value}} ساعة"}},"days-ago-long":{"_index":["plural","value"],"_":{"zero":"اليوم","one":"الأمس","two":"منذ يومين","few":"منذ {{value}} أيام","many":"منذ {{value}} يوم","other":"منذ {{value}} يوم"}},"weeks-ago-long":{"_index":["plural","value"],"_":{"zero":"هذا الأسبوع","one":"الأسبوع الماضي","two":"منذ أسبوعين","few":"منذ {{value}} أسابيع","many":"منذ {{value}} أسبوع","other":"منذ {{value}} أسبوع"}},"months-ago-long":{"_index":["plural","value"],"_":{"zero":"هذا الشهر","one":"الشهر الماضي","two":"منذ شهرين","few":"منذ {{value}} أشهر","many":"منذ {{value}} شهر","other":"منذ {{value}} شهر"}},"years-ago-long":{"_index":["plural","value"],"_":{"zero":"هذه السنة","one":"السنة الماضية","two":"منذ سنتين","few":"منذ {{value}} سنوات","many":"منذ {{value}} سنة","other":"منذ {{value}} سنة"}},"minutes-until-long":{"_index":["plural","value"],"_":{"zero":"الآن","one":"خلال دقيقة","two":"خلال دقيقتين","few":"خلال {{value}} دقائق","many":"خلال {{value}} دقيقة","other":"خلال {{value}} دقيقة"}},"hours-until-long":{"_index":["plural","value"],"_":{"zero":"الآن","one":"خلال ساعة","two":"خلال ساعتين","few":"خلال {{value}} ساعات","many":"خلال {{value}} ساعة","other":"خلال {{value}} ساعة"}},"days-until-long":{"_index":["plural","value"],"_":{"zero":"اليوم","one":"غداً","two":"خلال يومين","few":"خلال {{value}} أيام","many":"خلال {{value}} يوم","other":"خلال {{value}} يوم"}},"weeks-until-long":{"_index":["plural","value"],"_":{"zero":"هذا الأسبوع","one":"الأسبوع القادم","two":"خلال أسبوعين","few":"خلال {{value}} أسابيع","many":"خلال {{value}} أسبوع","other":"خلال {{value}} أسبوع"}},"months-until-long":{"_index":["plural","value"],"_":{"zero":"هذا الشهر","one":"الشهر القادم","two":"خلال شهرين","few":"خلال {{value}} أشهر","many":"خلال {{value}} شهر","other":"خلال {{value}} شهر"}},"years-until-long":{"_index":["plural","value"],"_":{"zero":"هذه السنة","one":"السنة القادمة","two":"خلال سنتين","few":"خلال {{value}} سنوات","many":"خلال {{value}} سنة","other":"خلال {{value}} سنة"}},"minutes-ago-short":{"_index":["plural","value"],"_":{"zero":"الآن","other":"منذ {{value}} دقيقة"}},"hours-ago-short":{"_index":["plural","value"],"_":{"zero":"الآن","other":"منذ {{value}} س"}},"days-ago-short":{"_index":["plural","value"],"_":{"zero":"اليوم","other":"منذ {{value}} ي"}},"minutes-until-short":{"_index":["plural","value"],"_":{"zero":"الآن","other":"خلال {{value}} د"}},"hours-until-short":{"_index":["plural","value"],"_":{"zero":"الآن","other":"خلال {{value}} س"}},"days-until-short":{"_index":["plural","value"],"_":{"zero":"اليوم","other":"خلال {{value}} ي"}},"incorrectDate":"(تاريخ غير صحيح)","dateTimeFormat_%c":"%a %b %e %Y %I:%M:%S %p","dateTimeFormat_%x":"%m/%d/%Y","dateTimeFormat_%X":"%I:%M:%S %p","shortTimeFormat":"%I:%M %p","shortDateTimeFormat":"%x %I:%M %p","weekStartsOnMonday":"0","time_am":"ص","time_pm":"م","title-app":"صلاحية التطبيق","title-web":"صلاحية الموقع الإلكتروني","title-cam":"اختيار الكاميرا","perm-contacts":"جهات الاتصال","perm-contacts-appRequest":"{{app}} يريد الوصول الى قائمة جهات اتصالك.","perm-contacts-webRequest":"{{site}} يريد الوصول الى قائمة جهات اتصالك.","perm-desktop-notification":"التنبيهات","perm-desktop-notification-appRequest":"{{app}} يريد ان يُظهر تنبيهات.","perm-desktop-notification-webRequest":"{{site}} يريد ان يُظهر تنبيهات.","perm-device-storage-music":"سعة الصوتيات","perm-device-storage-music-appRequest":"{{app}} يريد الوصول الى صوتياتك.","perm-device-storage-music-webRequest":"{{site}} يريد الوصول الى صوتياتك.","perm-device-storage-pictures":"سعة الصور","perm-device-storage-pictures-appRequest":"{{app}} يريد الوصول الى صورك.","perm-device-storage-pictures-webRequest":"{{site}} يريد الوصول الى صورك.","perm-device-storage-sdcard":"سعة بطاقة الذاكرة","perm-device-storage-sdcard-appRequest":"{{app}}  يريد الوصول الى بطاقة الذاكرة.","perm-device-storage-sdcard-webRequest":"{{site}} يريد الوصول الى بطاقة الذاكرة.","perm-device-storage-videos":"سعة الفيديو","perm-device-storage-videos-appRequest":"{{app}} يريد الوصول الى فيديوهاتك.","perm-device-storage-videos-webRequest":"{{site}} يريد الوصول الى فيديوهاتك.","perm-fmradio":"راديو FM","perm-fmradio-appRequest":"{{app}}  يريد ان يستخدم الراديو.","perm-fmradio-webRequest":"{{site}} يريد ان يستخدم الراديو.","perm-geolocation":"تحديد الموقع الجغرافي","perm-geolocation-appRequest":"{{app}} يريد أن يعرف موقعك.","perm-geolocation-webRequest":"{{site}} يريد أن يعرف موقعك.","perm-geolocation-more-info":"{{brandShortName}} يستخدم بيانات من شبكات موبايل وواي فاي وجي بي اس قريبة منك لتحديد موقعك تقريبيا. يتم إرسال هذه البيانات لموزيلا وغيرها من مقدمي الخدمات ليتم استخدامها في تحسين قواعد البيانات الجغرافيّة. قد يتم تخزين هذه البيانات على جهازك وقد يتم تجميع هذه البيانات حتى إن لم تشغيل أي تطبيق.","perm-video-capture":"الكاميرا","perm-video-capture-appRequest":"هل تريد السماح لـ {{app}} باستخدام الكاميرا؟","perm-video-capture-webRequest":"هل تريد السماح لـ {{site}} باستخدام الكاميرا؟","perm-audio-capture":"ميكروفون","perm-audio-capture-appRequest":"هل تريد السماح لـ {{app}} باستخدام الميكروفون؟","perm-audio-capture-webRequest":"هل تريد السماح لـ {{site}} باستخدام الميكروفون؟","perm-media-capture":"الكاميرا والميكروفون","perm-media-capture-appRequest":"هل تريد السماح ل {{app}} باستخدام الكاميرا والميكروفون؟","perm-media-capture-webRequest":"هل تريد السماح ل {{site}} باستخدام الكاميرا والميكروفون؟","perm-camera-selector-appRequest":"إختيار الكاميرا من {{app}}.","perm-camera-selector-webRequest":"إختيار الكامير من {{site}}.","perm-mobileid":"Mobile Identity","stopped_download_title":"لقد توقف التنزيل","stopped_download_message":"لقد توقف التنزيل, حاول مرة اخرى ؟","stopped_download_left_button":"ألغِ","stopped_download_right_button":"أعِد المحاولة","failed_download_title":"فشل التنزيل","failed_download_message":"فشل تنزيل {{name}}. هل تريد إعادة المحاولة مرة أخرى؟","failed_download_left_button":"ألغِ","failed_download_right_button":"أعِد المحاولة","stop_download_title":"أوقف التنزيل","stop_download_message":"هل أنت متأكد أنك تريد إيقاف التنزيل؟","stop_download_left_button":"لا","stop_download_right_button":"نعم","delete_download_title":"احذف","delete_download_message":"حذف {{name}}؟","delete_download_left_button":"ألغِ","delete_download_right_button":"حذف","delete_all_download_title":"احذف","delete_all_download_left_button":"ألغِ","delete_all_download_right_button":"احذف","delete_all_download_message":{"_index":["plural","number"],"_":{"zero":"حذف أي ملفات؟","one":"حذف ملف واحد؟","two":"حذف ملفين؟","few":"حذف {{number}} ملفات؟","many":"حذف {{number}} ملف؟","other":"حذف {{number}} ملف؟"}},"unsupported_file_type_download_title":"تعذر فتح","unsupported_file_type_download_message":"لا يوجد برنامج يمكنه فتح {{name}}. هل تريد حفظ الملف أم حذفه؟","unsupported_file_type_download_left_button":"إبقاء الملف","unsupported_file_type_download_right_button":"احذف","file_not_found_download_title":"الملف غير موجود","file_not_found_download_message":"الملف غير موجود على الجهاز","file_not_found_download_right_button":"موافق","unmounted_sdcard_2_download_title":"بطاقة الذاكرة مستخدمة","unmounted_sdcard_2_download_message":"قم بفصل الهاتف","unmounted_sdcard_2_download_right_button":"موافق","no_provider_download_title":"غير قادر على مشاركة","no_provider_download_message":"لم يتم العثور على مزود","no_provider_download_right_button":"موافق","no_memory_download_title":"بطاقة الذاكرة ممتلئة","no_memory_download_message":"لايوجد مساحة كافية على بطاقة الذاكرة لحفظ التحميل. الرجاء حذف بعض الملفات قبل إعادة التحميل.","no_memory_download_right_button":"موافق","no_sdcard_found_2_download_title":"بطاقة الذاكرة غير موجودة","no_sdcard_found_2_download_message":"ادخل بطاقة الذاكرة أو حدد موقع الوسائط الافتراضي في الإعدادات","no_sdcard_found_2_download_right_button":"موافق","file_open_error_download_title":"غير قابل للفتح","file_open_error_download_message":"هناك مشكلة في فتح {{name}}. هل تريد حفظ الملف أم حذفه؟","file_open_error_download_left_button":"الإحتفاظ بالملف","file_open_error_download_right_button":"احذف","restart_download_error":"حدث خطأ عند إعادة بدأ التنزيل. من فضلك أعد التنزيل مرة أخرى.","no-downloads":"لا يوجد تنزيلات","percentage":"{{percentage}} %","partialResult":"{{partial}} من {{total}}","summary":"{{date}} - {{status}}","download-stopped":"متوقف","download-failed":"فشل التنزيل","open_downloaded_file":"افتح","share_downloaded_file":"مُشاركة","wallpaper_downloaded_file":"تعيين كخلفية","ringtone_downloaded_file":"تعيين كنغمة رنين","cancel_downloaded_file":"ألغِ","voicemailNoNumberTitle":"رقم البريد الصوتي غير متاح","voicemailNoNumberText":"غير قادر على الإتصال بالبريد الصوتي. اضبط رقم البريد الصوتي لإجراء المكالمة.","voicemailNoNumberSettings":"الإعدادات","voicemailNoNumberCancel":"ألغِ","resend":"إعادة إرسال","connecting":"جار الاتصال","verify":"أكد","verifying":"جار التأكيد","verified":"تم التأكيد","mobileIDExplanation":"{{app_name}} يريد معرفة والتأكد من رقم الهاتف. الرجاء اختيار ما تريد مشاركته أو أدخل واحدة جديدة.","verificationCodeExplanation":"لقد تم إرسال الرمز إلى {{phone_number}}. سنجرب الاختيار الأوتوماتيكي , ولكن عليك إدخاله يدوياً إذا لم يكن مستخدماً في هذا الجهاز.","successMessage":"رائع! رقم الهاتف {{phone_number}} تم التحقق منه والان هو متاح على {{app_name}}.","serverErrorMessage":"خادم التحقق غير متوفر في هذا الوقت. الرجاء التحقق من اتصال الإنترنت الخاص بك، حاول مرة أخرى أو الانتظار بضع دقائق.","timeoutErrorMessage":"يبدو أن هناك مشكلة مع رمز التحقق. حاول مرة أخرى!","errorTitle":"هوية الهاتف","addPhoneNumber":"أو إضافة رقم هاتفك","selectPhoneNumber":"أو إختار رقم هاتف من القائمة"}