{"firefox-accounts-title":"Firefox Accounts","fxa-next":"Next","fxa-back":"Back","fxa-done":"Done","fxa-ok":"OK","fxa-connection-error-title":"Unable to Connect","fxa-connection-error-message":"You can create an account or sign in from Settings.","fxa-reset-password-error-title":"Reset Password","fxa-reset-password-error-message":"You can reset your password from Settings.","fxa-coppa-failure-error-title":"Cannot Create Account","fxa-coppa-failure-error-message":"You must meet certain age requirements to create a Firefox Account. {{learnmore}}","fxa-learn-more":"Learn more","fxa-offline-error-title":"Unable to Connect","fxa-offline-error-message":"Please connect to a network from Settings.","fxa-invalid-email-title":"Error","fxa-invalid-email-message":"Please enter a valid email.","fxa-invalid-password-title":"Invalid Password","fxa-invalid-password-message":"Please check your password and try again.","fxa-unknown-error-title":"Unable to Connect","fxa-unknown-error-message":"System unavailable, try again soon.","fxa-connecting":"Connecting","fxa-enter-email-input":{"placeholder":"Enter your email"},"fxa-use-email-to-sign-in":"Use your email address to create an account or sign in.","fxa-notice":"By proceeding, I agree to the {{tos}} and {{pn}} of Firefox cloud services.","fxa-tos":"Terms of Service","fxa-pn":"Privacy Notice","fxa-create-password-title":"Create a Password","fxa-enter-password-title":"Enter Your Password","fxa-hello-user":"Hello, {{email}}","fxa-password-refresh":"Please enter your Firefox Account password to continue.","fxa-password":{"placeholder":"Password"},"fxa-forgot-your-password":"Forgot your password?","fxa-show-password":"Show password","fxa-password-length-requirement":"Your password must be at least 8 characters long.","fxa-success":"Success!","fxa-ready-to-go":"Your Firefox Account is ready to go! ","fxa-use-features":"Now you can use features like Find My Device and apps like the Firefox Marketplace.","fxa-access-manage-account-settings":"In the future, you can access and manage your account from Settings.","fxa-confirm-account":"Confirm Your Account","fxa-will-send-email":"We will send an email to: {{email}}","fxa-signup-click-verification-link-in-email":"Next time you check your email, click the verification link to confirm your Firefox Account.","fxa-age-verification":"Age Verification","fxa-age-1990-earlier":"1990 or earlier","fxa-year-of-birth":"Year of Birth","brandShortName":"B2G OS","browserBrandShortName":"Уеб браузър","browserBrandFullName":"Mozilla Уеб браузър","accessibility-enableScreenReaderSteps":"To enable screen reader, press volume up then volume down buttons three more times","accessibility-disableScreenReaderSteps":"To disable screen reader, press volume up then volume down buttons three more times","accessibility-screenReaderStarted":"Screen reader started","accessibility-screenReaderStopped":"Screen reader stopped","accessibility-menubar":"menu bar","accessibility-scrollbar":"scroll bar","accessibility-grip":"grip","accessibility-alert":"alert","accessibility-menupopup":"menu popup","accessibility-document":"document","accessibility-pane":"pane","accessibility-dialog":"dialog","accessibility-separator":"separator","accessibility-toolbar":"toolbar","accessibility-statusbar":"status bar","accessibility-table":"table","accessibility-columnheader":"column header","accessibility-rowheader":"row header","accessibility-column":"column","accessibility-row":"row","accessibility-cell":"cell","accessibility-link":"link","accessibility-list":"list","accessibility-listitem":"list item","accessibility-outline":"outline","accessibility-outlineitem":"outline item","accessibility-pagetab":"tab","accessibility-propertypage":"property page","accessibility-graphic":"graphic","accessibility-pushbutton":"button","accessibility-checkbutton":"check button","accessibility-radiobutton":"radio button","accessibility-combobox":"combo box","accessibility-progressbar":"progress bar","accessibility-slider":"slider","accessibility-spinbutton":"spin button","accessibility-diagram":"diagram","accessibility-animation":"animation","accessibility-equation":"equation","accessibility-buttonmenu":"button menu","accessibility-whitespace":"white space","accessibility-pagetablist":"tab list","accessibility-canvas":"canvas","accessibility-checkmenuitem":"check menu item","accessibility-label":"label","accessibility-passwordtext":"password text","accessibility-radiomenuitem":"radio menu item","accessibility-textcontainer":"text container","accessibility-togglebutton":"toggle button","accessibility-treetable":"tree table","accessibility-header":"header","accessibility-footer":"footer","accessibility-paragraph":"paragraph","accessibility-entry":"entry","accessibility-caption":"caption","accessibility-heading":"heading","accessibility-section":"section","accessibility-form":"form","accessibility-comboboxlist":"combo box list","accessibility-comboboxoption":"combo box option","accessibility-imagemap":"image map","accessibility-listboxoption":"option","accessibility-listbox":"list box","accessibility-flatequation":"flat equation","accessibility-gridcell":"gridcell","accessibility-note":"note","accessibility-figure":"figure","accessibility-definitionlist":"definition list","accessibility-term":"term","accessibility-definition":"definition","accessibility-textarea":"text area","accessibility-textInputType_date":"date","accessibility-textInputType_email":"e-mail","accessibility-textInputType_search":"search","accessibility-textInputType_tel":"telephone","accessibility-textInputType_url":"URL","accessibility-headingLevel":"heading level {{0}}","accessibility-listStart":"First item","accessibility-listEnd":"Last item","accessibility-listItemsCount":{"_index":["plural","count"],"_":{"zero":"{{count}} items","one":"{{count}} item","two":"{{count}} items","few":"{{count}} items","many":"{{count}} items","other":"{{count}} items"}},"accessibility-objItemOfN":"{{0}} of {{1}}","accessibility-banner":"banner","accessibility-complementary":"complementary","accessibility-contentinfo":"content info","accessibility-main":"main","accessibility-navigation":"navigation","accessibility-search":"search","accessibility-tblColumnInfo":{"_index":["plural","count"],"_":{"zero":"with {{count}} columns","one":"with {{count}} column","two":"with {{count}} columns","few":"with {{count}} columns","many":"with {{count}} columns","other":"with {{count}} columns"}},"accessibility-tblRowInfo":{"_index":["plural","count"],"_":{"zero":"and {{count}} rows","one":"and {{count}} row","two":"and {{count}} rows","few":"and {{count}} rows","many":"and {{count}} rows","other":"and {{count}} rows"}},"accessibility-columnInfo":"Column {{0}}","accessibility-rowInfo":"Row {{0}}","accessibility-spansColumns":{"_index":["plural","0"],"_":{"zero":"spans {{0}} columns","one":"spans {{0}} column","two":"spans {{0}} columns","few":"spans {{0}} columns","many":"spans {{0}} columns","other":"spans {{0}} columns"}},"accessibility-spansRows":{"_index":["plural","0"],"_":{"zero":"spans {{0}} rows","one":"spans {{0}} row","two":"spans {{0}} rows","few":"spans {{0}} rows","many":"spans {{0}} rows","other":"spans {{0}} rows"}},"accessibility-jumpAction":"jumped","accessibility-pressAction":"pressed","accessibility-checkAction":"checked","accessibility-uncheckAction":"unchecked","accessibility-selectAction":"selected","accessibility-unselectAction":"unselected","accessibility-openAction":"opened","accessibility-closeAction":"closed","accessibility-switchAction":"switched","accessibility-clickAction":"clicked","accessibility-collapseAction":"collapsed","accessibility-expandAction":"expanded","accessibility-activateAction":"activated","accessibility-cycleAction":"cycled","accessibility-hidden":"hidden","accessibility-tabLoading":"loading","accessibility-tabLoaded":"loaded","accessibility-tabNew":"new tab","accessibility-tabLoadStopped":"loading stopped","accessibility-tabReload":"reloading","accessibility-stateChecked":"checked","accessibility-stateNotChecked":"not checked","accessibility-statePressed":"pressed","accessibility-stateExpanded":"expanded","accessibility-stateCollapsed":"collapsed","accessibility-stateUnavailable":"unavailable","accessibility-stateRequired":"required","accessibility-stateTraversed":"visited","accessibility-stateHasPopup":"has pop up","accessibility-stateSelected":"selected","accessibility-editingMode":"editing","accessibility-navigationMode":"navigating","accessibility-quicknav_Simple":"Default","accessibility-quicknav_Anchor":"Anchors","accessibility-quicknav_Button":"Buttons","accessibility-quicknav_Combobox":"Combo boxes","accessibility-quicknav_Landmark":"Landmarks","accessibility-quicknav_Entry":"Entries","accessibility-quicknav_FormElement":"Form elements","accessibility-quicknav_Graphic":"Images","accessibility-quicknav_Heading":"Headings","accessibility-quicknav_ListItem":"List items","accessibility-quicknav_Link":"Links","accessibility-quicknav_List":"Lists","accessibility-quicknav_PageTab":"Page tabs","accessibility-quicknav_RadioButton":"Radio buttons","accessibility-quicknav_Separator":"Separators","accessibility-quicknav_Table":"Tables","accessibility-quicknav_Checkbox":"Check boxes","accessibility-menubarAbbr":"menu bar","accessibility-scrollbarAbbr":"scroll bar","accessibility-gripAbbr":"grip","accessibility-alertAbbr":"alert","accessibility-menupopupAbbr":"menu popup","accessibility-documentAbbr":"document","accessibility-paneAbbr":"pane","accessibility-dialogAbbr":"dialog","accessibility-separatorAbbr":"separator","accessibility-toolbarAbbr":"toolbar","accessibility-statusbarAbbr":"status bar","accessibility-tableAbbr":"tbl","accessibility-columnheaderAbbr":"column header","accessibility-rowheaderAbbr":"row header","accessibility-columnAbbr":"column","accessibility-rowAbbr":"row","accessibility-cellAbbr":"cell","accessibility-linkAbbr":"lnk","accessibility-listAbbr":"list","accessibility-listitemAbbr":"list item","accessibility-outlineAbbr":"outline","accessibility-outlineitemAbbr":"outline item","accessibility-pagetabAbbr":"tab","accessibility-propertypageAbbr":"property page","accessibility-graphicAbbr":"graphic","accessibility-pushbuttonAbbr":"btn","accessibility-checkbuttonAbbr":"check button","accessibility-radiobuttonAbbr":"radio button","accessibility-comboboxAbbr":"combo box","accessibility-progressbarAbbr":"progress bar","accessibility-sliderAbbr":"slider","accessibility-spinbuttonAbbr":"spin button","accessibility-diagramAbbr":"diagram","accessibility-animationAbbr":"animation","accessibility-equationAbbr":"equation","accessibility-buttonmenuAbbr":"button menu","accessibility-whitespaceAbbr":"white space","accessibility-pagetablistAbbr":"tab list","accessibility-canvasAbbr":"canvas","accessibility-checkmenuitemAbbr":"check menu item","accessibility-labelAbbr":"label","accessibility-passwordtextAbbr":"passwdtxt","accessibility-radiomenuitemAbbr":"radio menu item","accessibility-textcontainerAbbr":"text container","accessibility-togglebuttonAbbr":"toggle button","accessibility-treetableAbbr":"tree table","accessibility-headerAbbr":"header","accessibility-footerAbbr":"footer","accessibility-paragraphAbbr":"paragraph","accessibility-entryAbbr":"entry","accessibility-captionAbbr":"caption","accessibility-headingAbbr":"heading","accessibility-sectionAbbr":"section","accessibility-formAbbr":"form","accessibility-comboboxlistAbbr":"combo box list","accessibility-comboboxoptionAbbr":"combo box option","accessibility-imagemapAbbr":"imgmap","accessibility-listboxoptionAbbr":"option","accessibility-listboxAbbr":"list box","accessibility-flatequationAbbr":"flat equation","accessibility-gridcellAbbr":"gridcell","accessibility-noteAbbr":"note","accessibility-figureAbbr":"fig","accessibility-definitionlistAbbr":"definition list","accessibility-termAbbr":"term","accessibility-definitionAbbr":"definition","accessibility-textareaAbbr":"txtarea","accessibility-tblColumnInfoAbbr":{"_index":["plural","count"],"_":{"one":"{{count}}c","two":"{{count}}c","few":"{{count}}c","many":"{{count}}c","other":"{{count}}c"}},"accessibility-tblRowInfoAbbr":{"_index":["plural","count"],"_":{"one":"{{count}}r","two":"{{count}}r","few":"{{count}}r","many":"{{count}}r","other":"{{count}}r"}},"accessibility-cellInfoAbbr":"c{{0}}r{{1}}","accessibility-stateCheckedAbbr":"(x)","accessibility-stateUncheckedAbbr":"( )","accessibility-statePressedAbbr":"(x)","accessibility-stateUnpressedAbbr":"( )","ok":"Добре","back":"Назад","help":"Помощ","cancel":"Отказ","close":"Затваряне","skip":"Пропускане","clear":{"ariaLabel":"Clear"},"undo":{"ariaLabel":"Undo"},"airplaneMode":"Самолетен режим","searching":"Търсене…","noNetwork":"Липсва мрежа","roaming":"{{operator}} (Роуминг)","operator-info":"{{carrier}} {{region}}","emergencyCallsOnly":"Само спешни обаждания","emergencyCallsOnly-unknownSIMState":"(непознато състояние на SIM картата)","emergencyCallsOnly-noSIM":"(липсва SIM карта)","emergencyCallsOnly-pinRequired":"(нужен е SIM PIN код)","emergencyCallsOnly-pukRequired":"(нужен е SIM PUK код)","emergencyCallsOnly-networkLocked":"(заключена мрежа)","emergencyCallsOnly-serviceProviderLocked":"(заключен оператор)","emergencyCallsOnly-corporateLocked":"(корпоративно заключен)","emergencyCallsOnly-network1Locked":"(network1 locked)","emergencyCallsOnly-network2Locked":"(network2 locked)","emergencyCallsOnly-hrpdNetworkLocked":"(hrpd network locked)","emergencyCallsOnly-ruimCorporateLocked":"(ruim corporate locked)","emergencyCallsOnly-ruimServiceProviderLocked":"(ruim service provider locked)","enterPIN":"Въведете PIN","mediaPlaybackTitle":{"ariaLabel":"Title"},"mediaPlaybackArtist":{"ariaLabel":"Artist"},"mediaPlaybackControls":{"ariaLabel":"Playback controls"},"mediaPlaybackPrevious":{"ariaLabel":"Previous"},"mediaPlaybackPlay":"Play","mediaPlaybackPause":"Pause","mediaPlaybackNext":{"ariaLabel":"Next"},"wifiButton-on":"Wi-Fi on","wifiButton-on-initializing":"Wi-Fi on, initializing","wifiButton-off":"Wi-Fi off","dataButton-on":"Data {{type}} on","dataButton-off":"Data {{type}} off","bluetoothButton-on":"Bluetooth on","bluetoothButton-on-initializing":"Bluetooth on, initializing","bluetoothButton-off":"Bluetooth off","airplaneMode-on":"Airplane mode on","airplaneMode-off":"Airplane mode off","settingsButton":{"ariaLabel":"Settings"},"utilityTrayGrippy":{"ariaLabel":"Close utility tray"},"statusbarLabel":"{{date}}, {{operator}}","statusbarDateFormat":"%e %b.","statusbar":{"ariaLabel":"Status Bar"},"statusbarBattery":"Battery {{level}} percent","statusbarBatteryCharging":"Battery {{level}} percent, charging","statusbarFlightMode":{"ariaLabel":"Airplane mode on"},"statusbarWiFiConnecting":"Wi-Fi: connecting","statusbarWiFiConnected":"Wi-Fi: {{level}} of 4 bars","statusbarSignal":"{{operator}} network, {{level}} of 5 bars","statusbarSignalRoaming":"{{operator}} network (roaming), {{level}} of 5 bars","statusbarSignalNoneSearching":"Searching… Emergency calls only","statusbarHeadphones":{"ariaLabel":"Headphones on"},"statusbarBluetoothHeadphones":{"ariaLabel":"Bluetooth headphones on"},"statusbarBluetoothTransferring":{"ariaLabel":"Bluetooth transfer active"},"statusbarIconOn-tethering":"Tethering on","statusbarIconOnActive-tethering":"Tethering on, active","statusbarAlarm":{"ariaLabel":"Alarm on"},"statusbarIconOn-bluetooth":"Bluetooth on","statusbarIconOnActive-bluetooth":"Bluetooth on, active","statusbarIconOn-mute":"Mute on","statusbarIconOn-vibration":"Vibration on","statusbarRecording":{"ariaLabel":"Recording on"},"statusbarGeolocation":{"ariaLabel":"Geolocation on"},"statusbarUsb":{"ariaLabel":"USB on"},"statusbarForwarding":"Call forwarding on","statusbarPlaying":{"ariaLabel":"Media playing"},"statusbarNfc":{"ariaLabel":"NFC on"},"statusbarDownloads":{"ariaLabel":"Downloading…"},"statusbarNetworkActivity":{"ariaLabel":"Networking on"},"statusbarEmergencyCBNotification":{"ariaLabel":"Emergency callback"},"statusbarNotifications":{"_index":["plural","n"],"_":{"one":"{{n}} notification","two":"{{n}} notifications","few":"{{n}} notifications","many":"{{n}} notifications","other":"{{n}} notifications"}},"statusbarNotifications-unread":{"_index":["plural","n"],"_":{"one":"{{n}} unread notification","two":"{{n}} unread notifications","few":"{{n}} unread notifications","many":"{{n}} unread notifications","other":"{{n}} unread notifications"}},"notifications":"Известия","clear-all":"Изчистване","attentionScreen-tapToShow":"Tap to show","newVoicemails":{"_index":["plural","n"],"_":{"zero":"Няма нова гласова поща","one":"Една нова гласова поща","two":"{{n}} нови гласови пощи","few":"{{n}} нови гласови пощи","many":"{{n}} нови гласови пощи","other":"{{n}} нови гласови пощи"}},"newVoicemailsUnknown":"Нова гласова поща","dialNumber":"Набиране на {{number}}","voicemailNotificationMultiSim":"(SIM {{n}}) {{title}}","confirmNFCConnectBTenabledNameUnknown":"Are you sure you want to connect to the device?","confirmNFCConnectBTdisabledNameUnknown":"Turn on Bluetooth and connect to the device?","confirmNFCConnectBTenabledNameKnown":"Are you sure you want to connect to {{deviceName}}?","confirmNFCConnectBTdisabledNameKnown":"Turn on Bluetooth and connect to {{deviceName}}?","confirmNFCConnectBTdisabled":"Turn on","dismissNFCConnectBTdisabled":"Cancel","confirmation":"Confirmation","deviceMenu":"Телефон","airplane":"Включване на самолетен режим","airplaneOff":"Изключване на самолетен режим","silent":"Заглушаване на входящите обаждания","normal":"Звънене на входящите обаждания","restart":"Рестартиране","power":"Изключване","no-recent-apps":"No recent apps","yes":"Да","no":"Не","dontallow":"Don’t allow","allow":"Разрешено","dontshare-geolocation":"Отказ","share-geolocation":"Споделяне","dontshare-audio-capture":"Отказ","share-audio-capture":"Споделяне","dontshare-video-capture":"Отказ","share-video-capture":"Споделяне","dontshare-media-capture":"Отказ","share-media-capture":"Споделяне","device-front":"Предна камера","device-back":"Задна камера","remember-my-choice":"Запомняне на избора","more-info":"Повече информация…","hide-info":"Hide info","install-app":"Инсталиране на {{name}}?","size":"Размер","author":"Автор","size-unknown":"Неизвестна","author-unknown":"Неизвестен","install":"Инсталиране","bytes":"байта","kB":"KB","MB":"MB","GB":"GB","TB":"TB","PB":"PB","app-install-generic-error":"Свалянето на {{ appName }} е спряно","app-install-download-failed":"Свалянето на {{ appName }} е неуспешно","app-install-install-failed":"Инсталирането на {{ appName }} е неуспешно","cancelling-will-not-refund":"Отказът няма да възстанови сумата за покупката. Възстановяване на платени суми става от оригиналния продавач.","apps-can-be-installed-later":"Приложения могат да бъдат инсталирани по-късно, от оригиналния източник.","are-you-sure-you-want-to-cancel":"Сигурни ли сте, че искате да откажете тази инсталация?","cancel-install":"Отказ на инсталация","cancel-install-button":"Cancel Install","resume":"Възобновяване","continue":"Продължаване","stopDownloading":"Спиране на свалянето на {{ app }}?","app-download-can-be-restarted":"Свалянето може да бъде пуснато пак по-късно.","app-download-stop-button":"Спиране на свалянето","not-enough-space":"Няма достатъчно място","not-enough-space-message":"Няма достатъчно място за инсталирането на това приложение. Освободете място, като изтриете стари приложения или медия, и опитайте да инсталирате отново.","app-install-success":"Успешно инсталиране на {{ appName }}","setup":"Настройване","ime-addkeyboards":"Добавяне на клавиатури","later":"По-късно","download":"Сваляне","wantToDownload":"Да бъде ли свалено обновяването сега?","wantToInstall":"Да бъде ли инсталирано обновяването сега?","installNow":"Инсталиране сега","notNow":"Не сега","downloadingUpdateMessage":{"innerHTML":"Сваляне на обновявания… <span>{{ progress }} свалени.</span>"},"downloadingAppMessage":"Сваляне на {{ appName }}","downloadingAppProgressNoMax":"{{ progress }} свалени","downloadingAppProgressIndeterminate":"Сваляне","downloadingAppProgress":"{{ progress }} / {{ max }} свалени","cancelAllDownloads":"Отказване на всички сваляния","wantToCancelAll":"Сигурни ли сте, че искате да откажете всички сваляния?","downloadError":"Възникна грешка при свалянето на обновяванията.","updateAvailableInfo":{"innerHTML":{"_index":["plural","n"],"_":{"one":"{{ n }} обновяване е налично. <span>Натиснете за повече информация.</span>","two":"{{ n }} обновявания са налични. <span>Натиснете за повече информация.</span>","few":"{{ n }} обновявания са налични. <span>Натиснете за повече информация.</span>","many":"{{ n }} обновявания са налични. <span>Натиснете за повече информация.</span>","other":"{{ n }} обновявания са налични. <span>Натиснете за повече информация.</span>"}}},"numberOfUpdates":{"_index":["plural","n"],"_":{"one":"{{ n }} обновяване е налично","two":"{{ n }} обновявания са налични","few":"{{ n }} обновявания са налични","many":"{{ n }} обновявания са налични","other":"{{ n }} обновявания са налични"}},"systemUpdate":"Системно обновяване","systemUpdateReady":"Системното обновяване е готово","systemUpdateLowBatteryThreshold":"You need at least {{ threshold }}% battery level to install the update.","required":"Задължително","uncompressingMessage":{"innerHTML":"Разкомпресиране… <span>Може да отнеме няколко минути.</span>"},"downloadNoWifiWarning":"Липсва Wi-Fi. Обновяване чрез сегашната връзка може да доведе до допълнителни такси.","downloadOfflineWarning":"Липсва връзка. Свържете се към мрежа, за да свалите обновявания.","downloadDataConnectionWarning":"Обновяванията се свалят през връзката за данни, когато липсва Wi-Fi. Може да доведе до допълнителни такси.","downloadUpdatesViaDataConnection":"Да бъдат ли свалени обновяванията през връзката за данни?","downloadUpdatesViaDataConnectionMessage":"Обновяванията се свалят през връзката за данни, когато липсва Wi-Fi. Когато се използва връзка за данни, може да бъдат пропуснати обаждания и може да има допълнителни такси.","downloadUpdatesVia2GForbidden2":"Downloading updates is not possible on slow connections (2G). Please connect via Wi-Fi or 3G (if available) and try again.","screenshotSaved":"Екранната снимка е запазена","screenshotFailed":"Грешка при запазването на екранната снимка","screenshotNoSDCard":"Липсва карта памет","screenshotSDCardInUse":"Картата памет се използва","screenshotSDCardLow":"Няма достатъчно място на картата памет","emergency-call-button":"Спешно повикване","emergency-call":"Спешно повикване","unlock-a11y-button":{"ariaLabel":"Отключване"},"camera-a11y-button":{"ariaLabel":"Камера"},"longDateFormat":"%A, %e %B","panel-passcode":{"ariaLabel":"Passcode panel"},"lockscreen-sim-id":"SIM {{ n }}","softwareHomeButton":{"ariaLabel":"Начален екран"},"login":"Вписване","username":"Потребителско име","password":"Парола","http-authentication-message":"{{host}} изисква потребителско име и парола. Сайтът казва: “{{realm}}”","error-message":"{{name}} не зарежда правилно","error-title":"{{name}} има проблеми","airplane-is-on":"Самолетният режим е включен","airplane-is-turned-on":"{{name}} има нужда от мрежа. Изключете самолетния режим от Настройки и се свържете към Wi-Fi или мобилна мрежа.","server-not-found":"Сървърът не е намерен","server-not-found-error":"Не може да бъде намерен сървър на {{name}}.","file-not-found":"File not found","file-not-found-error":"The device can’t display this page because the file cannot be found.","connection-failed":"Unable to connect","connection-failed-error":"A network error occurred while trying to reach the site.","invalid-connection":"Unable to connect","invalid-connection-error":"A network error occurred while trying to reach the site.","malformed-uri":"URL not valid","malformed-uri-error":"The URL entered is not valid and cannot be loaded.","redirect-loop":"Can’t display page","redirect-loop-error":"The device can’t display this page because the page is not redirecting properly. Try this page again at a later time.","not-cached":"Page expired","not-cached-error":"As a security precaution, this page cannot be displayed by the device because it has expired.","is-printing-error":"The document cannot change while Printing or in Print Preview.","denied-port-access":"This address is restricted","denied-port-access-error":"This address uses a network port which is normally used for purposes other than Web browsing. The device has cancelled the request for your protection.","proxy-resolve-failure":"Proxy Server Error","proxy-resolve-failure-error":"The device is configured to use a proxy server that can’t be found.","proxy-connect-failure":"Proxy Server Error","proxy-connect-failure-error":"The device is configured to use a proxy server that is refusing connections.","content-encoding":"Can’t display page","content-encoding-error":"The device can’t display this page because a content encoding error occurred.","remote-xul":"Page unsupported","remote-xul-error":"This page can’t be displayed because it uses a technology that is not supported on the device.","phishing-blocked":"Warning","phishing-blocked-error":"The website has been reported as a web forgery designed to trick users into sharing personal or financial information.","malware-blocked":"Malware attack blocked","malware-blocked-error":"The site at has been reported as an attack site and has been blocked.","unsafe-content-type":"Unsafe content","unsafe-content-type-error":"The page cannot be shown because it may not be safe to open.","corrupted-content":"Can’t display page","corrupted-content-error":"The page cannot be shown because an error in the data transmission was detected.","network-connection-unavailable":"Липсва мрежова връзка","network-error":"{{name}} има нужда от мрежа. Опитайте да се свържете към Wi-Fi или мобилна мрежа.","network-error-launching":"{{name}} requires an Internet connection.","network-error-in-app":"No access to the Internet right now.","unable-to-connect":"Неуспешно свързване","try-again":"Опитай отново","check-settings":"Check settings","tap-to-check-settings":"Tap to check settings","select-time":"Избиране на час","choose-option":"Избиране","choose-options":"Избиране","select-day":"Избиране на ден","battery-almost-empty":"Батерията е почти празна","add-to-home-screen":"Добавяне на началния екран","share":"Share","crash-dialog2-os":"{{brandShortName}} току що се възстанови от срив","crash-dialog-app":"{{name}} току що се срина","crash-dialog-message":"Искате ли да изпратите на Mozilla отчет за срива, за да ни помогнете да поправим проблема? (Отчетите се изпращат само по Wi-Fi.)","crash-info-link":"Какво има в отчета за срива?","crash-always-report":"При срив, винаги да бъде изпращан отчет на Mozilla.","crash-dont-send":"Отказване","crash-end":"Изпращане","crashReports":"Отчети за срив","done":"Готово","crash-reports-description-1":"Отчетите за сривове съдържат някои детайли за срива и устройството Ви, както и моментното състояние на устройството по време на срива.","crash-reports-description-2":"Това може да включва неща като отворени страници и приложения, текст въведен във форми, съдържанието на отворени съобщения, скорошна история на сърфиране или геолокация използвана от отворено приложение.","crash-reports-description-3-start":"Използваме отчетите за сривове, за да се опитаме да оправим проблемите и да подобрим продуктите си. Управляваме информацията Ви, както сме описали в нашата","crash-reports-description-3-privacy":"политика за лични данни","crash-reports-description-3-end":".","crash-banner-os2":"{{brandShortName}} току що се срина.","crash-banner-app":"{{name}} току що се срина.","crash-banner-report":"Отчет","bluetooth-sending-progress":"Изпращане на Bluetooth трансфер.","bluetooth-receiving-progress":"Получаване на Bluetooth трансфер.","acceptFileTransfer":"Да бъде ли приет Bluetooth файл трансфера?","wantToReceiveFile":"{{deviceName}} иска да изпрати {{fileName}} ({{fileSize}}).","transfer-confirmation-title":"{{deviceName}}","transfer-confirmation-description":"Преглеждане на запитването за трансфер.","byteUnit-B":"Bytes","byteUnit-KB":"KB","byteUnit-MB":"MB","byteUnit-GB":"GB","byteUnit-TB":"TB","byteUnit-PB":"PB","byteUnit-EB":"EB","byteUnit-ZB":"ZB","byteUnit-YB":"YB","fileSize":"{{size}} {{unit}}","deny":"Отказване","transfer":"Трансфер","cancelFileTransfer":"Да бъде ли отказан Bluetooth файловия трансфер?","continueFileTransfer":"Continue","transfer-has-started-title":"Трансферът беше стартиран","transfer-has-started-description":"Проверете прогреса в Центъра за нотификации","transferFinished-sentSuccessful-title":"Файлът е изпратен","transferFinished-receivedSuccessful-title":"Файлът е получен","transferFinished-sentFailed-title":"Файлът не може да бъде изпратен","transferFinished-receivedFailed-title":"Файлът не може да бъде получен","transferReport-title":"Резултат от трансфера:","transferReport-description":"{{numSuccessful}} файла прехвърлени, {{numUnsuccessful}} неуспешно прехвърлени файла","unknown-file":"Непознат файл","unknown-device":"Непознато устройство","cannotOpenFile":"Полученият файл не може да бъде отворен","unknownMediaTypeToOpen":"Не може да бъде отворен непознат медия тип:","cannotReceiveFile":"Файлът не може да бъде получен","cannotGetStorageState":"Състоянието на паметта не може да бъде получено","sdcard-not-exist2":"Липсва карта памет. Моля, сложете карта памет.","sdcard-in-use":"Bluetooth не може да бъде използван, докато телефонът е включен към кабел. Моля изключете телефона от кабела, за да получите файл(ове).","sdcard-no-space2":"Трансферът не може да бъде завършен: картата памет е пълна.","unknown-error":"Непозната грешка","confirm":"Потвърждение","microphone-is-on":"Микрофонът е включен","camera-is-on":"Камерата е включена","media-is-on":"Камерата и микрофонът са включени","noSimCard":"Липсва SIM карта","simPin":"PIN код","pukCode":"PUK код","nckCode":"NCK код","cckCode":"CCK код","spckCode":"SPCK код","nck1code":"NCK1 code","nck2code":"NCK2 code","hnckcode":"HNCK code","rcckcode":"RCCK code","rspckcode":"RSPCK code","whatIsSimPin":"Какво представлява PIN кодът?","simPinIntro1":"PIN кодът предотвратява достъпа до мобилната мрежа на SIM картата. Когато е включен, всяко устройство, в което е сложена SIM картата, ще изисква PIN-а при рестартиране.","simPinIntro2":"PIN кодът не е същото като паролата за отключване на устройството.","changeSimPin":"Смяна на PIN","pinTitle":"Въведете PIN","multiSIMpinTitle":"Въвеждане на SIM {{n}} PIN","pukTitle":"Въведете PUK","nckTitle":"Въведете NCK","cckTitle":"Въведете CCK","spckTitle":"Въведете SPCK","nck1Title":"Enter NCK1 code","nck2Title":"Enter NCK2 code","hnckTitle":"Enter HNCK code","rcckTitle":"Enter RCCK code","rspckTitle":"Enter RSPCK code","newpinTitle":"Нов PIN","inputCodeRetriesLeft":{"_index":["plural","n"],"_":{"one":"последен опит.","two":"{{n}} оставащи опита.","few":"{{n}} оставащи опита.","many":"{{n}} оставащи опита.","other":"{{n}} оставащи опита."}},"pinErrorMsg":"Грешен PIN.","pinAttemptMsg2":{"_index":["plural","n"],"_":{"one":"Имате един опит, да вкарате правилен код, преди да заключите SIM картата.","two":"Имате {{n}} опита, да вкарате правилен код, преди да заключите SIM картата.","few":"Имате {{n}} опита, да вкарате правилен код, преди да заключите SIM картата.","many":"Имате {{n}} опита, да вкарате правилен код, преди да заключите SIM картата.","other":"Имате {{n}} опита, да вкарате правилен код, преди да заключите SIM картата."}},"pinLastChanceMsg":"Това е последният шанс да вкарате правилния PIN. В противен случай трябва да вкарате PUK кода, за да използвате тази SIM карта.","simCardLockedMsg":"Заключена SIM.","enterPukMsg":"Трябва да въведете Personal Unlocking Key (PUK) код за SIM картата. Прегледайте документацията към Вашата SIM карта или се свържете с оператор, за повече информация.","pukErrorMsg":"PUK кодът е грешен.","pukAttemptMsg2":{"_index":["plural","n"],"_":{"one":"Имате един опит да въведете правилен код, преди тази SIM карта да стане неизползваема. Прегледайте документацията към Вашата SIM карта или се свържете с оператор, за повече информация.","two":"Имате {{n}} опита да въведете правилен код, преди тази SIM карта да стане неизползваема. Прегледайте документацията към Вашата SIM карта или се свържете с оператор, за повече информация.","few":"Имате {{n}} опита да въведете правилен код, преди тази SIM карта да стане неизползваема. Прегледайте документацията към Вашата SIM карта или се свържете с оператор, за повече информация.","many":"Имате {{n}} опита да въведете правилен код, преди тази SIM карта да стане неизползваема. Прегледайте документацията към Вашата SIM карта или се свържете с оператор, за повече информация.","other":"Имате {{n}} опита да въведете правилен код, преди тази SIM карта да стане неизползваема. Прегледайте документацията към Вашата SIM карта или се свържете с оператор, за повече информация."}},"pukLastChanceMsg":"Това е последният опит да въведете правилен PUK код. Вашата SIM карта ще стане неизползваема, ако вкарате грешен PUK код. Прегледайте документацията към Вашата SIM карта или се свържете с оператор, за повече информация.","newSimPinMsg":"Създаване на PIN (4 до 8 цифри)","confirmNewSimPinMsg":"Потвърждаване на новия PIN","newPinErrorMsg":"PIN кодовете са различни.","nckErrorMsg":"The NCK кодът е грешен.","nckAttemptMsg2":{"_index":["plural","n"],"_":{"one":"Запитването за мрежово обезличаване е неуспешно. Имате един опит да вкарате правилен код. Прегледайте документацията към Вашето устройство или се свържете с оператор, за повече информация.","two":"Запитването за мрежово обезличаване е неуспешно. Имате {{n}} опита да вкарате правилен код. Прегледайте документацията към Вашето устройство или се свържете с оператор, за повече информация.","few":"Запитването за мрежово обезличаване е неуспешно. Имате {{n}} опита да вкарате правилен код. Прегледайте документацията към Вашето устройство или се свържете с оператор, за повече информация.","many":"Запитването за мрежово обезличаване е неуспешно. Имате {{n}} опита да вкарате правилен код. Прегледайте документацията към Вашето устройство или се свържете с оператор, за повече информация.","other":"Запитването за мрежово обезличаване е неуспешно. Имате {{n}} опита да вкарате правилен код. Прегледайте документацията към Вашето устройство или се свържете с оператор, за повече информация."}},"nckLastChanceMsg":"Запитването за мрежово обезличаване е неуспешно. Последен опит да вкарате правилен NCK код. Прегледайте документацията към Вашето устройство или се свържете с оператор, за повече информация.","activity-pick":"Избиране от:","activity-view":"Преглеждане с:","activity-test":"Тестване с:","activity-share":"Споделяне с:","activity-new":"Създаване с:","activity-open":"Отваряне с:","activity-save-bookmark":"Запазване на отметка към:","activity-record":"Записване от:","activity-browse":"Сърфиране с:","activity-configure":"Конфигуриране с:","activity-dial":"Набиране от:","persona-signin":"Вписване","payment-flow":"Покупка","remoteDebuggerMessage":"Има входящо запитване за позволение на отдалечена debugging връзка. Да бъде ли позволена?","fullscreen-request":"{{origin}} е вече на цял екран.","captive-wifi-available":"Беше намерена мрежа {{networkName}}. Да бъде ли присъединена?","ceWarningtitle":"Предупреждение за нивото на звука","ceWarningcontent":"За да предотвратите повреда на слуха, не използвайте високо ниво на звука, за дълги периоди.","notification-powersaving-mode-on-title":"Режим за пестене на енергия","notification-powersaving-mode-on-description":"Включен е режимът за пестене на енергия.","low-device-storage":"Малко останало пространство на устройството.\\n","free-space":{"_index":["plural","value"],"_":{"zero":"Липсва свободно място.","one":"Остават по-малко от {{value}} {{unit}}.","two":"Остават по-малко от {{value}} {{unit}}.","few":"Остават по-малко от {{value}} {{unit}}.","many":"Остават по-малко от {{value}} {{unit}}.","other":"Остават по-малко от {{value}} {{unit}}."}},"unknown-free-space":"Неизвестно колко място остава.","system-alert":"Системно предупреждение","cb-channel":"Канал {{channel}}","cb-etws-warningType-earthquake":"Earthquake warning!","cb-etws-warningType-tsunami":"Tsunami warning!","cb-etws-warningType-earthquake-tsunami":"Earthquake-tsunami warning!","cb-etws-warningType-test":"Alert system is being tested.","cb-etws-warningType-other":"Emergency warning!","icc-message-maintitle":"Operator message","icc-message-subtitle":"SIM {{id}}","icc-confirmCall-defaultmessage":"Да бъде ли набран {{number}}?","icc-alertMessage-defaultmessage":"Изпращане на съобщение","icc-confirmMessage-defaultmessage":"Да бъде ли изпратено съобщение?","icc-inputbox-maintitle":"STK Query","icc-inputbox-subtitle":"SIM {{id}}","emergency-callback-mode":"Режим на спешно обратно повикване","emergency-callback-message":"You can not make calls, send messages or go online because emergency callback mode is enabled. Would you like to turn it off?","cdma-record-info":"CDMA информация","ime-switching-title":"{{appName}}: {{name}}","ime-switching-tip":"Натиснете за да смените метода за вкарване","shrinking-tip":"Плъзнете, за да споделите","download_started":"Download started","download_stopped":"Download stopped","download_downloading":"Downloading…","download_succeeded":"Download complete","download_failed":"Download failed","download_text_by_default":"{{name}}","download_downloading_text_2":"{{percentage}}% - {{name}}","search-or-enter-address":{"_":"Search or enter address","placeholder":"Search or enter address"},"noSIMCardInHotspot":"SIM card is absent or inserted incorrectly, so turn off hotspot","noHopspotWhenAPMisOn":"Turn off airplane mode to use Wi-Fi hotspot","apmActivated":"Airplane mode activated","open-in-new-tab":"Open link in new tab","add-link-to-home-screen":"Add link to home screen","share-link":"Share link","save-image":"Save Image","save-video":"Save Video","save-audio":"Save Audio","save-link":"Save linked file","share-image":"Share Image","share-video":"Share Video","share-audio":"Share Audio","weekday-0-long":"Неделя","weekday-1-long":"Понеделник","weekday-2-long":"Вторник","weekday-3-long":"Сряда","weekday-4-long":"Четвъртък","weekday-5-long":"Петък","weekday-6-long":"Събота","weekday-0-short":"Нед","weekday-1-short":"Пон","weekday-2-short":"Вт","weekday-3-short":"Ср","weekday-4-short":"Чет","weekday-5-short":"Пет","weekday-6-short":"Съб","month-0-long":"Януари","month-1-long":"Февруари","month-2-long":"Maрт","month-3-long":"Aприл","month-4-long":"Май","month-5-long":"Юни","month-6-long":"Юли","month-7-long":"Август","month-8-long":"Септември","month-9-long":"Oктомври","month-10-long":"Ноември","month-11-long":"Декември","month-0-genitive":"Януари","month-1-genitive":"Февруари","month-2-genitive":"Maрт","month-3-genitive":"Aприл","month-4-genitive":"Май","month-5-genitive":"Юни","month-6-genitive":"Юли","month-7-genitive":"Август","month-8-genitive":"Септември","month-9-genitive":"Oктомври","month-10-genitive":"Ноември","month-11-genitive":"Декември","month-0-short":"Ян","month-1-short":"Фев","month-2-short":"Мар","month-3-short":"Апр","month-4-short":"Май","month-5-short":"Юни","month-6-short":"Юли","month-7-short":"Авг","month-8-short":"Сеп","month-9-short":"Окт","month-10-short":"Ное","month-11-short":"Дек","minutes-ago-long":{"_index":["plural","value"],"_":{"zero":"в момента","one":"преди минута","two":"преди {{value}} минути","few":"преди {{value}} минути","many":"преди {{value}} минути","other":"преди {{value}} минути"}},"hours-ago-long":{"_index":["plural","value"],"_":{"zero":"в момента","one":"преди час","two":"преди {{value}} часа","few":"преди {{value}} часа","many":"преди {{value}} часа","other":"преди {{value}} часа"}},"days-ago-long":{"_index":["plural","value"],"_":{"zero":"днес","one":"вчера","two":"преди {{value}} дни","few":"преди {{value}} дни","many":"преди {{value}} дни","other":"преди {{value}} дни"}},"weeks-ago-long":{"_index":["plural","value"],"_":{"zero":"тази седмица","one":"миналата седмица","two":"преди {{value}} седмици","few":"преди {{value}} седмици","many":"преди {{value}} седмици","other":"преди {{value}} седмици"}},"months-ago-long":{"_index":["plural","value"],"_":{"zero":"този месец","one":"миналия месец","two":"преди {{value}} месеца","few":"преди {{value}} месеца","many":"преди {{value}} месеца","other":"преди {{value}} месеца"}},"years-ago-long":{"_index":["plural","value"],"_":{"zero":"тази година","one":"миналата година","two":"преди {{value}} години","few":"преди {{value}} години","many":"преди {{value}} години","other":"преди {{value}} години"}},"minutes-until-long":{"_index":["plural","value"],"_":{"zero":"now","one":"in a minute","two":"in {{value}} minutes","few":"in {{value}} minutes","many":"in {{value}} minutes","other":"in {{value}} minutes"}},"hours-until-long":{"_index":["plural","value"],"_":{"zero":"сега","one":"до един час","two":"след {{value}} часа","few":"след {{value}} часа","many":"след {{value}} часа","other":"след {{value}} часа"}},"days-until-long":{"_index":["plural","value"],"_":{"zero":"днес","one":"утре","two":"след {{value}} дни","few":"след {{value}} дни","many":"след {{value}} дни","other":"след {{value}} дни"}},"weeks-until-long":{"_index":["plural","value"],"_":{"zero":"тази седмица","one":"другата седмица","two":"след {{value}} седмици","few":"след {{value}} седмици","many":"след {{value}} седмици","other":"след {{value}} седмици"}},"months-until-long":{"_index":["plural","value"],"_":{"zero":"този месец","one":"другия месец","two":"след {{value}} месеца","few":"след {{value}} месеца","many":"след {{value}} месеца","other":"след {{value}} месеца"}},"years-until-long":{"_index":["plural","value"],"_":{"zero":"тази година","one":"следващата година","two":"след {{value}} години","few":"след {{value}} години","many":"след {{value}} години","other":"след {{value}} години"}},"minutes-ago-short":{"_index":["plural","value"],"_":{"zero":"в момента","other":"преди {{value}}мин."}},"hours-ago-short":{"_index":["plural","value"],"_":{"zero":"в момента","other":"преди {{value}}ч."}},"days-ago-short":{"_index":["plural","value"],"_":{"zero":"днес","other":"преди {{value}}дни"}},"minutes-until-short":{"_index":["plural","value"],"_":{"zero":"сега","other":"след {{value}}мин."}},"hours-until-short":{"_index":["plural","value"],"_":{"zero":"сега","other":"след {{value}}ч."}},"days-until-short":{"_index":["plural","value"],"_":{"zero":"днес","other":"след {{value}}дни"}},"incorrectDate":"(невалидна дата)","dateTimeFormat_%c":"%a, %e %b %Y %H:%M:%S","dateTimeFormat_%x":"%d %m %Y","dateTimeFormat_%X":"%H:%M:%S","shortTimeFormat":"%H:%M","shortDateTimeFormat":"%x %H:%M","weekStartsOnMonday":"1","time_am":"AM","time_pm":"PM","title-app":"App Permission","title-web":"Website Permission","title-cam":"Select Camera","perm-contacts":"Contacts","perm-contacts-appRequest":"{{app}} иска да има достъп до списъкът с контакти.","perm-contacts-webRequest":"{{site}} иска да има достъп до списъкът с контакти.","perm-desktop-notification":"Notifications","perm-desktop-notification-appRequest":"{{app}} иска да показва известия.","perm-desktop-notification-webRequest":"{{site}} иска да показва известия.","perm-device-storage-music":"Music Storage","perm-device-storage-music-appRequest":"{{app}} иска да има достъп до музиката ви.","perm-device-storage-music-webRequest":"{{site}} иска да има достъп до музиката ви.","perm-device-storage-pictures":"Image Storage","perm-device-storage-pictures-appRequest":"{{app}} иска да има достъп до изображенията ви.","perm-device-storage-pictures-webRequest":"{{site}} иска да има достъп до изображенията ви.","perm-device-storage-sdcard":"Memory Card Storage","perm-device-storage-sdcard-appRequest":"{{app}} иска да има достъп до картата с памет.","perm-device-storage-sdcard-webRequest":"{{site}} иска да има достъп до картата с памет.","perm-device-storage-videos":"Video Storage","perm-device-storage-videos-appRequest":"{{app}} иска да има достъп до видеата.","perm-device-storage-videos-webRequest":"{{site}} иска да има достъп до видеата.","perm-fmradio":"FM Radio","perm-fmradio-appRequest":"{{app}} иска да има достъп до FM радиото.","perm-fmradio-webRequest":"{{site}} иска да има достъп до FM радиото.","perm-geolocation":"Geolocation","perm-geolocation-appRequest":"{{app}} иска да има достъп до местоположението ви.","perm-geolocation-webRequest":"{{site}} иска да има достъп до местоположението ви.","perm-geolocation-more-info":"{{brandShortName}} използва данни като GPS, Wi-Fi и близки мобилни мрежи, за да определи приблизително местоположението Ви. Изпращат се общо данни на Mozilla и други доставчици на услуги, които ще бъдат използвани за подобряване на тези бази. Данни може да бъдат запазени на вашето устройство, а също така събиране на данни може да бъде осъществено дори, когато не са пуснати приложения.","perm-video-capture":"Камера","perm-video-capture-appRequest":"Искате ли споделите камерата си с {{app}}?","perm-video-capture-webRequest":"Искате ли споделите камерата си с {{site}}?","perm-audio-capture":"Микрофон","perm-audio-capture-appRequest":"Искате ли споделите микрофона си с {{app}}?","perm-audio-capture-webRequest":"Искате ли споделите микрофона си с {{site}}?","perm-media-capture":"Камера и микрофон","perm-media-capture-appRequest":"Искате ли споделите камерата и микрофона си с {{app}}?","perm-media-capture-webRequest":"Искате ли споделите камерата и микрофона си с {{site}}?","perm-camera-selector-appRequest":"Select a camera for {{app}}.","perm-camera-selector-webRequest":"Select a camera for {{site}}.","perm-mobileid":"Mobile Identity","stopped_download_title":"Download stopped","stopped_download_message":"Download was stopped. Try downloading again?","stopped_download_left_button":"Cancel","stopped_download_right_button":"Try again","failed_download_title":"Download failed","failed_download_message":"{{name}} failed to download. Try downloading again?","failed_download_left_button":"Cancel","failed_download_right_button":"Try again","stop_download_title":"Stop download","stop_download_message":"Are you sure you want to stop the download?","stop_download_left_button":"No","stop_download_right_button":"Yes","delete_download_title":"Delete","delete_download_message":"Delete {{name}}?","delete_download_left_button":"Cancel","delete_download_right_button":"Delete","delete_all_download_title":"Delete","delete_all_download_left_button":"Cancel","delete_all_download_right_button":"Delete","delete_all_download_message":{"_index":["plural","number"],"_":{"zero":"Delete no files?","one":"Delete one file?","two":"Delete {{number}} files?","few":"Delete {{number}} files?","many":"Delete {{number}} files?","other":"Delete {{number}} files?"}},"unsupported_file_type_download_title":"Unable to open","unsupported_file_type_download_message":"There isn’t an app that can open {{name}}. Would you like to save the file or delete it?","unsupported_file_type_download_left_button":"Keep File","unsupported_file_type_download_right_button":"Delete","file_not_found_download_title":"File not found","file_not_found_download_message":"The file wasn’t found on the device","file_not_found_download_right_button":"OK","unmounted_sdcard_2_download_title":"Memory card in use","unmounted_sdcard_2_download_message":"Unplug the phone","unmounted_sdcard_2_download_right_button":"OK","no_provider_download_title":"Unable to share","no_provider_download_message":"No provider found","no_provider_download_right_button":"OK","no_memory_download_title":"SD Card is full","no_memory_download_message":"There is no more room on your SD card to save your download. Please remove some files before restarting the download.","no_memory_download_right_button":"OK","no_sdcard_found_2_download_title":"No memory card found","no_sdcard_found_2_download_message":"Insert a memory card or select an alternate default media location in settings","no_sdcard_found_2_download_right_button":"OK","file_open_error_download_title":"Unable to open","file_open_error_download_message":"There is a problem opening {{name}}. Would you like to save the file or delete it?","file_open_error_download_left_button":"Keep File","file_open_error_download_right_button":"Delete","restart_download_error":"There was an error while restarting the download. Please try to download again.","no-downloads":"No downloads","percentage":"{{percentage}} %","partialResult":"{{partial}} of {{total}}","summary":"{{date}} - {{status}}","download-stopped":"Stopped","download-failed":"Download failed","open_downloaded_file":"Open","share_downloaded_file":"Share","wallpaper_downloaded_file":"Set as wallpaper","ringtone_downloaded_file":"Set as ringtone","cancel_downloaded_file":"Cancel","voicemailNoNumberTitle":"Voicemail number is unavailable","voicemailNoNumberText":"Unable to call the voicemail. Set up the voicemail number to place the call.","voicemailNoNumberSettings":"Settings","voicemailNoNumberCancel":"Cancel","resend":"Resend","connecting":"Connecting","verify":"Verify","verifying":"Verifying","verified":"Verified","mobileIDExplanation":"{{app_name}} would like to know and verify your phone number. Please choose which one you want to share or enter a new one.","verificationCodeExplanation":"We’ve sent a code to {{phone_number}}. We’ll try to pick it up automatically, but you’ll have to enter it manually if it’s not in use in this device.","successMessage":"Awesome! Your number {{phone_number}} is now verified and available to {{app_name}}.","serverErrorMessage":"The verification server is unavailable at this time. Please check your Internet connection, try again or wait a few minutes.","timeoutErrorMessage":"There seems to be a problem with your verification code. Let's try once again!","errorTitle":"Mobile identity","addPhoneNumber":"Or add your phone number","selectPhoneNumber":"Or select a phone number from the list"}