{"firefox-accounts-title":"ফায়ারফক্স অ্যাকাউন্ট","fxa-next":"পরবর্তী","fxa-back":"পূর্ববর্তী","fxa-done":"সম্পন্ন","fxa-ok":"ঠিক আছে","fxa-connection-error-title":"সংযোগ করতে ব্যর্থ","fxa-connection-error-message":"অাপনি সেটিং থেকে অ্যাকাউন্ট তৈরি করতে অথবা সাইন ইন করতে পারেন।","fxa-reset-password-error-title":"পাসওয়ার্ড পুনরায় নির্ধারণ করুন","fxa-reset-password-error-message":"সেটিং থেকে পাসওয়ার্ড পুনরায় নির্ধারন করুন।","fxa-coppa-failure-error-title":"অ্যাকাউন্ট তৈরি করা যায়নি","fxa-coppa-failure-error-message":"একটি ফায়ারফক্স অ্যাকাউন্ট তৈরি করতে হলে আপনাকে একটি নির্দিষ্ট বয়সের সীমা পার হতে হবে। {{learnmore}}","fxa-learn-more":"আরও জানুন","fxa-offline-error-title":"সংযোগ করতে ব্যর্থ","fxa-offline-error-message":"অনুগ্রহ করে সেটিং থেকে নেটওয়ার্কে সংযোগ করুন।","fxa-invalid-email-title":"ত্রুটি","fxa-invalid-email-message":"অনুগ্রহ করে সঠিক ই-মেইল লিখুন।","fxa-invalid-password-title":"ভুল পাসওয়ার্ড","fxa-invalid-password-message":"অনুগ্রহ করে পাসওয়ার্ড পরীক্ষা করে পুনরায় চেষ্টা করুন।","fxa-unknown-error-title":"সংযোগ করতে ব্যর্থ","fxa-unknown-error-message":"সিস্টেম বিদ্যমান নয়, একটু পরে চেষ্টা করুন।","fxa-connecting":"সংযোগ স্থাপন করা হচ্ছে","fxa-enter-email-input":{"placeholder":"আপনার ই-মেইল লিখুন"},"fxa-use-email-to-sign-in":"একটি নতুন অ্যাকাউন্ট তৈরি করতে অথবা লগ ইন করতে হলে আপনার ইমেইল ঠিকানা ব্যবহার করুন ।","fxa-notice":"ফায়ারফক্সের ক্লাউড পরিষেবার {{tos}} এবং {{pn}} এর সাথে সম্মত হয়েই আমি অগ্রসর হচ্ছি।","fxa-tos":"সেবা প্রদানের শর্তসমূহ","fxa-pn":"গোপনীয়তার নীতি","fxa-create-password-title":"পাসওয়ার্ড তৈরি করুন","fxa-enter-password-title":"পাসওয়ার্ড লিখুন","fxa-hello-user":"স্বাগতম, {{email}}","fxa-password-refresh":"চালিয়ে যেতে আপনার ফায়ারফক্স অ্যাকাউন্টের পাসওয়ার্ড টি প্রবেশ করান।","fxa-password":{"placeholder":"পাসওয়ার্ড"},"fxa-forgot-your-password":"পাসওয়ার্ড ভুলে গেছেন?","fxa-show-password":"পাসওয়ার্ড দেখান","fxa-password-length-requirement":"পাসওয়ার্ড অন্তত ৮ অক্ষরের হতে হবে।","fxa-success":"সফল!","fxa-ready-to-go":"অাপনার ফায়ারফক্স অ্যাকাউন্ট প্রস্তুত হয়েছে! ","fxa-use-features":"এখন আপনি Find My Device এবং ফায়ারফক্স মার্কেটপ্লেসের মত অ্যাপ্লিকেশন এবং বৈশিষ্ট্য ব্যবহার করতে পারেন।","fxa-access-manage-account-settings":"ভবিষ্যতে, আপনি সেটিং থেকে আপনার অ্যাকাউন্টে প্রবেশ এবং তা পরিচালনা করতে পারেন।","fxa-confirm-account":"অ্যাকাউন্ট নিশ্চিত করুন","fxa-will-send-email":"আমরা একটি মেইল পাঠাবো: {{email}}","fxa-signup-click-verification-link-in-email":"পরবর্তীকালে আপনি যখন আপনার ইমেইল দেখবেন, আপনার ফায়ারফক্স অ্যাকাউন্ট যাচাইকারী লিঙ্কটি ক্লিক করবেন।","fxa-age-verification":"বয়স যাচাইকরণ","fxa-age-1990-earlier":"1990 অথবা অাগে","fxa-year-of-birth":"জন্মের সাল","brandShortName":"B2G ওএস","browserBrandShortName":"ওয়েব ব্রাউজার","browserBrandFullName":"মজিলা ওয়েব ব্রাউজার","accessibility-enableScreenReaderSteps":"To enable screen reader, press volume up then volume down buttons three more times","accessibility-disableScreenReaderSteps":"To disable screen reader, press volume up then volume down buttons three more times","accessibility-screenReaderStarted":"Screen reader started","accessibility-screenReaderStopped":"Screen reader stopped","accessibility-menubar":"menu bar","accessibility-scrollbar":"scroll bar","accessibility-grip":"grip","accessibility-alert":"alert","accessibility-menupopup":"menu popup","accessibility-document":"document","accessibility-pane":"pane","accessibility-dialog":"dialog","accessibility-separator":"separator","accessibility-toolbar":"toolbar","accessibility-statusbar":"status bar","accessibility-table":"table","accessibility-columnheader":"column header","accessibility-rowheader":"row header","accessibility-column":"column","accessibility-row":"row","accessibility-cell":"cell","accessibility-link":"link","accessibility-list":"list","accessibility-listitem":"list item","accessibility-outline":"outline","accessibility-outlineitem":"outline item","accessibility-pagetab":"tab","accessibility-propertypage":"property page","accessibility-graphic":"graphic","accessibility-pushbutton":"button","accessibility-checkbutton":"check button","accessibility-radiobutton":"radio button","accessibility-combobox":"combo box","accessibility-progressbar":"progress bar","accessibility-slider":"slider","accessibility-spinbutton":"spin button","accessibility-diagram":"diagram","accessibility-animation":"animation","accessibility-equation":"equation","accessibility-buttonmenu":"button menu","accessibility-whitespace":"white space","accessibility-pagetablist":"tab list","accessibility-canvas":"canvas","accessibility-checkmenuitem":"check menu item","accessibility-label":"label","accessibility-passwordtext":"password text","accessibility-radiomenuitem":"radio menu item","accessibility-textcontainer":"text container","accessibility-togglebutton":"toggle button","accessibility-treetable":"tree table","accessibility-header":"header","accessibility-footer":"footer","accessibility-paragraph":"paragraph","accessibility-entry":"entry","accessibility-caption":"caption","accessibility-heading":"heading","accessibility-section":"section","accessibility-form":"form","accessibility-comboboxlist":"combo box list","accessibility-comboboxoption":"combo box option","accessibility-imagemap":"image map","accessibility-listboxoption":"option","accessibility-listbox":"list box","accessibility-flatequation":"flat equation","accessibility-gridcell":"gridcell","accessibility-note":"note","accessibility-figure":"figure","accessibility-definitionlist":"definition list","accessibility-term":"term","accessibility-definition":"definition","accessibility-textarea":"text area","accessibility-textInputType_date":"date","accessibility-textInputType_email":"e-mail","accessibility-textInputType_search":"search","accessibility-textInputType_tel":"telephone","accessibility-textInputType_url":"URL","accessibility-headingLevel":"heading level {{0}}","accessibility-listStart":"First item","accessibility-listEnd":"Last item","accessibility-listItemsCount":{"_index":["plural","count"],"_":{"zero":"{{count}} items","one":"{{count}} item","two":"{{count}} items","few":"{{count}} items","many":"{{count}} items","other":"{{count}} items"}},"accessibility-objItemOfN":"{{0}} of {{1}}","accessibility-banner":"banner","accessibility-complementary":"complementary","accessibility-contentinfo":"content info","accessibility-main":"main","accessibility-navigation":"navigation","accessibility-search":"search","accessibility-tblColumnInfo":{"_index":["plural","count"],"_":{"zero":"with {{count}} columns","one":"with {{count}} column","two":"with {{count}} columns","few":"with {{count}} columns","many":"with {{count}} columns","other":"with {{count}} columns"}},"accessibility-tblRowInfo":{"_index":["plural","count"],"_":{"zero":"and {{count}} rows","one":"and {{count}} row","two":"and {{count}} rows","few":"and {{count}} rows","many":"and {{count}} rows","other":"and {{count}} rows"}},"accessibility-columnInfo":"Column {{0}}","accessibility-rowInfo":"Row {{0}}","accessibility-spansColumns":{"_index":["plural","0"],"_":{"zero":"spans {{0}} columns","one":"spans {{0}} column","two":"spans {{0}} columns","few":"spans {{0}} columns","many":"spans {{0}} columns","other":"spans {{0}} columns"}},"accessibility-spansRows":{"_index":["plural","0"],"_":{"zero":"spans {{0}} rows","one":"spans {{0}} row","two":"spans {{0}} rows","few":"spans {{0}} rows","many":"spans {{0}} rows","other":"spans {{0}} rows"}},"accessibility-jumpAction":"jumped","accessibility-pressAction":"pressed","accessibility-checkAction":"checked","accessibility-uncheckAction":"unchecked","accessibility-selectAction":"selected","accessibility-unselectAction":"unselected","accessibility-openAction":"opened","accessibility-closeAction":"closed","accessibility-switchAction":"switched","accessibility-clickAction":"clicked","accessibility-collapseAction":"collapsed","accessibility-expandAction":"expanded","accessibility-activateAction":"activated","accessibility-cycleAction":"cycled","accessibility-hidden":"hidden","accessibility-tabLoading":"loading","accessibility-tabLoaded":"loaded","accessibility-tabNew":"new tab","accessibility-tabLoadStopped":"loading stopped","accessibility-tabReload":"reloading","accessibility-stateChecked":"checked","accessibility-stateNotChecked":"not checked","accessibility-statePressed":"pressed","accessibility-stateExpanded":"expanded","accessibility-stateCollapsed":"collapsed","accessibility-stateUnavailable":"unavailable","accessibility-stateRequired":"required","accessibility-stateTraversed":"visited","accessibility-stateHasPopup":"has pop up","accessibility-stateSelected":"selected","accessibility-editingMode":"editing","accessibility-navigationMode":"navigating","accessibility-quicknav_Simple":"Default","accessibility-quicknav_Anchor":"Anchors","accessibility-quicknav_Button":"Buttons","accessibility-quicknav_Combobox":"Combo boxes","accessibility-quicknav_Landmark":"Landmarks","accessibility-quicknav_Entry":"Entries","accessibility-quicknav_FormElement":"Form elements","accessibility-quicknav_Graphic":"Images","accessibility-quicknav_Heading":"Headings","accessibility-quicknav_ListItem":"List items","accessibility-quicknav_Link":"Links","accessibility-quicknav_List":"Lists","accessibility-quicknav_PageTab":"Page tabs","accessibility-quicknav_RadioButton":"Radio buttons","accessibility-quicknav_Separator":"Separators","accessibility-quicknav_Table":"Tables","accessibility-quicknav_Checkbox":"Check boxes","accessibility-menubarAbbr":"menu bar","accessibility-scrollbarAbbr":"scroll bar","accessibility-gripAbbr":"grip","accessibility-alertAbbr":"alert","accessibility-menupopupAbbr":"menu popup","accessibility-documentAbbr":"document","accessibility-paneAbbr":"pane","accessibility-dialogAbbr":"dialog","accessibility-separatorAbbr":"separator","accessibility-toolbarAbbr":"toolbar","accessibility-statusbarAbbr":"status bar","accessibility-tableAbbr":"tbl","accessibility-columnheaderAbbr":"column header","accessibility-rowheaderAbbr":"row header","accessibility-columnAbbr":"column","accessibility-rowAbbr":"row","accessibility-cellAbbr":"cell","accessibility-linkAbbr":"lnk","accessibility-listAbbr":"list","accessibility-listitemAbbr":"list item","accessibility-outlineAbbr":"outline","accessibility-outlineitemAbbr":"outline item","accessibility-pagetabAbbr":"tab","accessibility-propertypageAbbr":"property page","accessibility-graphicAbbr":"graphic","accessibility-pushbuttonAbbr":"btn","accessibility-checkbuttonAbbr":"check button","accessibility-radiobuttonAbbr":"radio button","accessibility-comboboxAbbr":"combo box","accessibility-progressbarAbbr":"progress bar","accessibility-sliderAbbr":"slider","accessibility-spinbuttonAbbr":"spin button","accessibility-diagramAbbr":"diagram","accessibility-animationAbbr":"animation","accessibility-equationAbbr":"equation","accessibility-buttonmenuAbbr":"button menu","accessibility-whitespaceAbbr":"white space","accessibility-pagetablistAbbr":"tab list","accessibility-canvasAbbr":"canvas","accessibility-checkmenuitemAbbr":"check menu item","accessibility-labelAbbr":"label","accessibility-passwordtextAbbr":"passwdtxt","accessibility-radiomenuitemAbbr":"radio menu item","accessibility-textcontainerAbbr":"text container","accessibility-togglebuttonAbbr":"toggle button","accessibility-treetableAbbr":"tree table","accessibility-headerAbbr":"header","accessibility-footerAbbr":"footer","accessibility-paragraphAbbr":"paragraph","accessibility-entryAbbr":"entry","accessibility-captionAbbr":"caption","accessibility-headingAbbr":"heading","accessibility-sectionAbbr":"section","accessibility-formAbbr":"form","accessibility-comboboxlistAbbr":"combo box list","accessibility-comboboxoptionAbbr":"combo box option","accessibility-imagemapAbbr":"imgmap","accessibility-listboxoptionAbbr":"option","accessibility-listboxAbbr":"list box","accessibility-flatequationAbbr":"flat equation","accessibility-gridcellAbbr":"gridcell","accessibility-noteAbbr":"note","accessibility-figureAbbr":"fig","accessibility-definitionlistAbbr":"definition list","accessibility-termAbbr":"term","accessibility-definitionAbbr":"definition","accessibility-textareaAbbr":"txtarea","accessibility-tblColumnInfoAbbr":{"_index":["plural","count"],"_":{"one":"{{count}}c","two":"{{count}}c","few":"{{count}}c","many":"{{count}}c","other":"{{count}}c"}},"accessibility-tblRowInfoAbbr":{"_index":["plural","count"],"_":{"one":"{{count}}r","two":"{{count}}r","few":"{{count}}r","many":"{{count}}r","other":"{{count}}r"}},"accessibility-cellInfoAbbr":"c{{0}}r{{1}}","accessibility-stateCheckedAbbr":"(x)","accessibility-stateUncheckedAbbr":"( )","accessibility-statePressedAbbr":"(x)","accessibility-stateUnpressedAbbr":"( )","ok":"ঠিক আছে","back":"পিছনে","help":"সহায়তা","cancel":"বাতিল","close":"বন্ধ","skip":"উপেক্ষা করুন","clear":{"ariaLabel":"পরিষ্কার"},"undo":{"ariaLabel":"পূর্বাবস্থা"},"airplaneMode":"বিমান মোড","searching":"অনুসন্ধান চলছে...","noNetwork":"কোন নেটওয়ার্ক নাই","roaming":"{{operator}} (রোমিং)","operator-info":"{{carrier}} {{region}}","emergencyCallsOnly":"শুধুমাত্র জরুরী কল","emergencyCallsOnly-unknownSIMState":"(সিম পাওয়া যায়নি)","emergencyCallsOnly-noSIM":"(কোন সিম কার্ড নেই)","emergencyCallsOnly-pinRequired":"(সিম পিন আবশ্যক)","emergencyCallsOnly-pukRequired":"(সিম PUK আবশ্যক)","emergencyCallsOnly-networkLocked":"(নেটওয়ার্ক লক করা)","emergencyCallsOnly-serviceProviderLocked":"(সার্ভিস প্রোভাইডার লক করা)","emergencyCallsOnly-corporateLocked":"(কর্পোরেট লক)","emergencyCallsOnly-network1Locked":"(নেটওয়ার্ক১ লক করা)","emergencyCallsOnly-network2Locked":"(নেটওয়ার্ক২ লক করা)","emergencyCallsOnly-hrpdNetworkLocked":"(hrpd নেটওয়ার্ক লক করা)","emergencyCallsOnly-ruimCorporateLocked":"(ruim কর্পোরেট লক হয়ে গেছে)","emergencyCallsOnly-ruimServiceProviderLocked":"(ruim সার্ভিস প্রোভাইডার লক হয়ে গেছে)","enterPIN":"পিন প্রবেশ করুন","mediaPlaybackTitle":{"ariaLabel":"শিরোনাম"},"mediaPlaybackArtist":{"ariaLabel":"শিল্পী"},"mediaPlaybackControls":{"ariaLabel":"প্লেব্যাক কন্ট্রোল"},"mediaPlaybackPrevious":{"ariaLabel":"পূর্ববর্তী"},"mediaPlaybackPlay":"চালানো","mediaPlaybackPause":"বিরতি","mediaPlaybackNext":{"ariaLabel":"পরবর্তী"},"wifiButton-on":"ওয়াই-ফাই চালু","wifiButton-on-initializing":"ওয়াই-ফাই চালু, সক্রিয় হচ্ছে","wifiButton-off":"ওয়াই-ফাই বন্ধ","dataButton-on":"ডেটা {{type}} চালু","dataButton-off":"ডেটা {{type}} বন্ধ","bluetoothButton-on":"ব্লু-টুথ সক্রিয়","bluetoothButton-on-initializing":"ব্লু-টুথ চালু, সক্রিয় হচ্ছে","bluetoothButton-off":"ব্লু-টুথ নিষ্ক্রিয়","airplaneMode-on":"বিমান মোড চালু","airplaneMode-off":"বিমান মোড বন্ধ","settingsButton":{"ariaLabel":"সেটিং"},"utilityTrayGrippy":{"ariaLabel":"ইউটিলিটি ট্রে বন্ধ"},"statusbarLabel":"{{date}}, {{operator}}","statusbarDateFormat":"%b %e","statusbar":{"ariaLabel":"স্ট্যাটাস বার"},"statusbarBattery":"ব্যাটারি {{level}} শতাংশ","statusbarBatteryCharging":"ব্যাটারি {{level}} শতাংশ, চার্জ হচ্ছে","statusbarFlightMode":{"ariaLabel":"বিমান মোড চালু"},"statusbarWiFiConnecting":"ওয়াই-ফাই: সংযোগ হচ্ছে","statusbarWiFiConnected":"ওয়াই-ফাই: ৪টির মধ্যে {{level}} বার","statusbarSignal":"{{operator}} নেটওয়ার্ক, ৫টির মধ্যে {{level}} বার","statusbarSignalRoaming":"{{operator}} নেটওয়ার্ক (roaming), ৫টির মধ্যে {{level}} বার","statusbarSignalNoneSearching":"অনুসন্ধান হচ্ছে...শুধুমাত্র জরুরী কল","statusbarHeadphones":{"ariaLabel":"হেডফোন চালু"},"statusbarBluetoothHeadphones":{"ariaLabel":"ব্লুটুথ হেডফোন চালু"},"statusbarBluetoothTransferring":{"ariaLabel":"ব্লুটুথ ট্রান্সফার সক্রিয়"},"statusbarIconOn-tethering":"টিথারিং চালু","statusbarIconOnActive-tethering":"টিথারিং চালু, সক্রিয়","statusbarAlarm":{"ariaLabel":"এলার্ম চালু"},"statusbarIconOn-bluetooth":"ব্লুটুথ চালু","statusbarIconOnActive-bluetooth":"ব্লুটুথ চালু, সক্রিয়","statusbarIconOn-mute":"নিঃশব্দ করুন","statusbarIconOn-vibration":"কম্পন চালু","statusbarRecording":{"ariaLabel":"রেকর্ড চালু"},"statusbarGeolocation":{"ariaLabel":"ভৌগলিক-অবস্থান চালু"},"statusbarUsb":{"ariaLabel":"USB চালু"},"statusbarForwarding":"কল ফরোয়ার্ড চালু","statusbarPlaying":{"ariaLabel":"মিডিয়া চলছে"},"statusbarNfc":{"ariaLabel":"NFC চালু"},"statusbarDownloads":{"ariaLabel":"ডাউনলোড করা হচ্ছে…"},"statusbarNetworkActivity":{"ariaLabel":"নেটওয়ার্কিং চালু"},"statusbarEmergencyCBNotification":{"ariaLabel":"জরুরী কলব্যাক"},"statusbarNotifications":{"_index":["plural","n"],"_":{"one":"{{n}}টি নোটিফিকেশন","two":"{{n}}টি নোটিফিকেশন","few":"{{n}}টি নোটিফিকেশন","many":"{{n}}টি নোটিফিকেশন","other":"{{n}}টি নোটিফিকেশন"}},"statusbarNotifications-unread":{"_index":["plural","n"],"_":{"one":"{{n}}টি অপঠিত নোটিফিকেশন","two":"{{n}}টি অপঠিত নোটিফিকেশন","few":"{{n}}টি অপঠিত নোটিফিকেশন","many":"{{n}}টি অপঠিত নোটিফিকেশন","other":"{{n}}টি অপঠিত নোটিফিকেশন"}},"notifications":"বিজ্ঞপ্তি","clear-all":"সব পরিষ্কার","attentionScreen-tapToShow":"প্রদর্শন করতে ট্যাপ করুন","newVoicemails":{"_index":["plural","n"],"_":{"zero":"নতুন কোন ভয়েস মেইল নেই","one":"একটি নতুন ভয়েস মেইল","two":"{{n}} নতুন ভয়েস মেইল","few":"{{n}} টি নতুন ভয়েস মেইল","many":"{{n}} টি নতুন ভয়েস মেইল","other":"{{n}} টি নতুন ভয়েস মেইল"}},"newVoicemailsUnknown":"নতুন ভয়েস মেইল","dialNumber":"{{number}} ডায়াল করুন","voicemailNotificationMultiSim":"(সিম {{n}}) {{title}}","confirmNFCConnectBTenabledNameUnknown":"আপনি কি নিশ্চিতরূপে ডিভাইসটির সাথে যুক্ত হতে ইচ্ছুক?","confirmNFCConnectBTdisabledNameUnknown":"ব্লুটুথ চালু করে ডিভাইসটির সাথে সংযোগ স্থাপন করতে চান?","confirmNFCConnectBTenabledNameKnown":"আপনি কি সংযোগ স্থাপন করার ব্যাপারে নিশ্চিত {{deviceName}}?","confirmNFCConnectBTdisabledNameKnown":"ব্লুটুথ চালু করে {{deviceName}} এর সাথে সংযোগ স্থাপন করতে চান?","confirmNFCConnectBTdisabled":"চালু করুন","dismissNFCConnectBTdisabled":"বাতিল","confirmation":"নিশ্চিতকরণ","deviceMenu":"ফোন","airplane":"বিমান মোড চালু করুন","airplaneOff":"বিমান মোড বন্ধ করুন","silent":"ইনকামিং কল নিঃশব্দ করুন","normal":"ইনকামিং কলের সময় রিং বাজবে","restart":"পুনরায় চালু করুন","power":"বন্ধ করুন","no-recent-apps":"কোন সাম্প্রতিক অ্যাপ নেই","yes":"হ্যাঁ","no":"না","dontallow":"অনুমোদন করবেন না","allow":"অনুমোদন","dontshare-geolocation":"শেয়ার করবেন না","share-geolocation":"শেয়ার","dontshare-audio-capture":"শেয়ার করবেন না","share-audio-capture":"শেয়ার","dontshare-video-capture":"শেয়ার করবেন না","share-video-capture":"শেয়ার","dontshare-media-capture":"শেয়ার করবেন না","share-media-capture":"শেয়ার","device-front":"সামনের ক্যামেরা","device-back":"পেছনের ক্যামেরা","remember-my-choice":"আমার পছন্দ মনে রাখুন","more-info":"আরও তথ্য...","hide-info":"তথ্য আড়াল করুন","install-app":"{{name}} ইনস্টল করতে চান?","size":"আকার","author":"লেখক","size-unknown":"অজানা","author-unknown":"অজানা","install":"ইনস্টল","bytes":"বাইট","kB":"KB","MB":"MB","GB":"GB","TB":"টেরাবাইট","PB":"পেটাবাইট","app-install-generic-error":"{{ appName }} ডাউনলোড বন্ধ হয়ে গিয়েছে","app-install-download-failed":"{{ appName }} ডাউনলোড ব্যর্থ হয়েছে","app-install-install-failed":"{{ appName }} ইনস্টল ব্যর্থ হয়েছে","cancelling-will-not-refund":"বাতিল করলে কেনাকাটার টাকা ফেরত দেয়া হবে না। মূল্য পরিশোধকৃত জিনিসের টাকা আসল বিক্রেতা ফেরত দিবে।","apps-can-be-installed-later":"আসল ইনস্টলেশন সোর্স থেকে পরেও অ্যাপ ইনস্টল করা যাবে।","are-you-sure-you-want-to-cancel":"আপনি কি নিশ্চিত যে এই ইনস্টল বাতিল করবেন?","cancel-install":"ইনস্টল বাতিল","cancel-install-button":"ইনস্টল বাতিল","resume":"পুনরায় শুরু","continue":"চালিয়ে যান","stopDownloading":"{{ app }} ডাউনলোড বন্ধ করবেন?","app-download-can-be-restarted":"ডাউনলোড পরেও পুনরায় করা যাবে।","app-download-stop-button":"ডাউনলোড বন্ধ","not-enough-space":"যথেষ্ট পরিমাণ জায়গা নেই","not-enough-space-message":"অ্যাপ ইনস্টল করার জন্য প্রয়োজনীয় জায়গা নেই। পুরাতন অ্যাপ বা মিডিয়া অপসারণ করে জায়গা খালি করুন এবং আবার আসল সোর্স থেকে ইনস্টল করার চেষ্টা করুন।","app-install-success":"{{ appName }} ইনস্টল হয়েছে","setup":"সেটআপ","ime-addkeyboards":"কীবোর্ড যোগ করুন","later":"পরে","download":"ডাউনলোড","wantToDownload":"এখন ডাউনলোড আপডেট করবেন?","wantToInstall":"এখন আপডেট ইনস্টল করবেন?","installNow":"এখন ইনস্টল করুন","notNow":"এখন না","downloadingUpdateMessage":{"innerHTML":"হালনাগাদ ডাউনলোড হচ্ছে… <span>{{ progress }} ডাউনলোড সম্পন্ন হয়েছে।</span>"},"downloadingAppMessage":"{{ appName }} ডাউনলোড হচ্ছে","downloadingAppProgressNoMax":"{{ progress }} ডাউনলোড হয়েছে","downloadingAppProgressIndeterminate":"ডাউনলোড করা হচ্ছে","downloadingAppProgress":"{{ progress }} / {{ max }} ডাউনলোড হয়েছে","cancelAllDownloads":"সব ডাউনলোড বাতিল","wantToCancelAll":"আপনি কি সব ডাউনলোড বাতিল করার ব্যাপারে নিশ্চিত?","downloadError":"হালনাগাদ ডাউনলোড করার সময় ত্রুটি পাওয়া গেছে।","updateAvailableInfo":{"innerHTML":{"_index":["plural","n"],"_":{"one":"{{ n }} টি হালনাগাদ পাওয়া গেছে। <span>আরও তথ্যের জন্য এখানে চাপুন।</span>","two":"{{ n }} টি হালনাগাদ পাওয়া গেছে। <span>আরও তথ্যের জন্য এখানে চাপুন।</span>","few":"{{ n }} টি হালনাগাদ পাওয়া গেছে। <span>আরও তথ্যের জন্য এখানে চাপুন।</span>","many":"{{ n }} টি হালনাগাদ পাওয়া গেছে। <span>আরও তথ্যের জন্য এখানে চাপুন।</span>","other":"{{ n }} টি হালনাগাদ পাওয়া গিয়েছে। <span>আরও তথ্যের জন্য এখানে চাপুন।</span>"}}},"numberOfUpdates":{"_index":["plural","n"],"_":{"one":"{{ n }} টি হালনাগাদ বিদ্যমান","two":"{{ n }} টি হালনাগাদ বিদ্যমান","few":"{{ n }} টি হালনাগাদ পাওয়া গিয়েছে","many":"{{ n }} টি হালনাগাদ বিদ্যমান","other":"{{ n }} টি হালনাগাদ বিদ্যমান"}},"systemUpdate":"সিস্টেম হালনাগাদ","systemUpdateReady":"সিস্টেমের হালনাগাদ প্রস্তুত","systemUpdateLowBatteryThreshold":"আপডেট ইনস্টল করতে {{ threshold }}% ব্যাটারি থাকতে হবে।","required":"প্রয়োজনীয়","uncompressingMessage":{"innerHTML":"অসংকুচিত করা হচ্ছে... <span>এই কাজের জন্য কিছু সময় প্রয়োজন।</span>"},"downloadNoWifiWarning":"ওয়াই-ফাই উপলব্ধ নেই। বর্তমান সংযোগের মাধ্যমে হালনাগাদ করা হলে অতিরিক্ত চার্জ প্রযোজ্য হতে পারে।","downloadOfflineWarning":"সংযোগ উপলব্ধ নেই। হালনাগাদ ডাউনলোড করার জন্য একটি নেটওয়ার্কে সংযুক্ত হোন।","downloadDataConnectionWarning":"যেহেতু ওয়াই-ফাই উপলব্ধ ছিলো না তাই ডাটা সংযোগের মাধ্যমে হালনাগাদ ডাউনলোড হয়েছে। অতিরিক্ত চার্জ প্রযোজ্য হতে পারে।","downloadUpdatesViaDataConnection":"ডাটা সংযোগের মাধ্যমে হালনাগাদ ডাউনলোড করবেন?","downloadUpdatesViaDataConnectionMessage":"ওয়াই-ফাই না থাকায় ডাটা সংযোগের মাধ্যমে হালনাগাদ ডাউনলোড হয়েছে। যখন ডাটা সংযোগ ব্যবহার করা হয়, তখন ফোন কল ব্লক হয়ে যেতে পারে এবং অতিরিক্ত চার্জও প্রযোজ্য হতে পারে।","downloadUpdatesVia2GForbidden2":"Downloading updates is not possible on slow connections (2G). Please connect via Wi-Fi or 3G (if available) and try again.","screenshotSaved":"স্ক্রিনশট সংরক্ষিত হয়েছে","screenshotFailed":"স্ক্রিনশট সংরক্ষিত হয়নি","screenshotNoSDCard":"কোন মেমোরি কার্ড খুজেঁ পায়নি","screenshotSDCardInUse":"মেমরি কার্ডটি ব্যবহার করা হচ্ছে","screenshotSDCardLow":"মেমোরি কার্ডে যথেষ্ঠ পরিমাণ জায়গা নেই","emergency-call-button":"জরুরি কল","emergency-call":"জরুরী কল","unlock-a11y-button":{"ariaLabel":"লক খুলুন"},"camera-a11y-button":{"ariaLabel":"ক্যামেরা"},"longDateFormat":"%A, %B %e","panel-passcode":{"ariaLabel":"পাসকোড প্যানেল"},"lockscreen-sim-id":"SIM {{ n }}","softwareHomeButton":{"ariaLabel":"হোম"},"login":"সাইন ইন","username":"ব্যবহারকারীর নাম","password":"গোপনশব্দ","http-authentication-message":"{{host}} ইউজারনেম ও পাসওয়ার্ড চাচ্ছে। সাইটটি বলছে: “{{realm}}”","error-message":"{{name}} ঠিকমতো লোড হচ্ছে না","error-title":"{{name}} এ সমস্যা হচ্ছে","airplane-is-on":"বিমান মোড চালু","airplane-is-turned-on":"{{name}} নেটওয়ার্ক সংযোগ চাচ্ছে। সেটিং থেকে বিমান মোড বন্ধ করুন এবং ওয়াই-ফাই অথবা মোবাইল ডাটা নেটওয়ার্কে সংযুক্ত হোন।","server-not-found":"সার্ভার পাওয়া যায়নি","server-not-found-error":"{{name}} এ সার্ভার পাওয়া যায়নি।","file-not-found":"ফাইল পাওয়া যায়নি","file-not-found-error":"ডিভাইস এই পেজটি দেখাতে পারছে না কারণ ফাইলটি খুঁজে পাওয়া যায় নি।","connection-failed":"সংযোগ করতে ব্যর্থ","connection-failed-error":"‌সাইটে পৌঁছানোর সময়, একটি নেটওয়ার্ক সমস্যা হয়েছে।","invalid-connection":"সংযোগ করতে ব্যর্থ","invalid-connection-error":"সাইট পৌঁছানোর চেষ্টা করার সময় একটি নেটওয়ার্ক সমস্যা হয়েছে।","malformed-uri":"URL সঠিক নয়","malformed-uri-error":"আপনি যে URL দিয়েছেন তা কার্যকর নয় এবং লোড করা যাবে না।","redirect-loop":"পৃষ্ঠা প্রদর্শন করা যাবে না","redirect-loop-error":"ডিভাইসটি পেজ প্রদর্শন করতে পারবে না কারণ এটা সঠিক ভাবে রিডাইরেক্ট হয়নি। কিছু সময় পরে আবার চেষ্টা করুন।","not-cached":"পেজের মেয়াদ শেষ","not-cached-error":"নিরাপত্তা সতর্কতা হিসেবে, এই ডিভাইস পাতাটি প্রদর্শন করবে না। কারণ এটির মেয়াদ শেষ।","is-printing-error":"প্রিন্ট হওয়া বা প্রিন্ট প্রিভিও এর সময় এই ডকুমেন্টটি পরিবর্তন করা যাবেনা।","denied-port-access":"এই ঠিকানাটি নিষিদ্ধ","denied-port-access-error":"এই ঠিকানাটি এমন একটি নেটওয়ার্ক পোর্ট ব্যবহার করে যা সাধারণত ওয়েব ব্রাউজিং এর জন্য ব্যবহার করা হয় না। আপনার নিরাপত্তার জন্য ডিভাইসটি এই অনুরোধ বাতিল করে দিয়েছে।","proxy-resolve-failure":"প্রক্সি সার্ভার সমস্যা","proxy-resolve-failure-error":"ডিভাইসটি এমন এক প্রক্সি সার্ভার ব্যবহারের জন্য কনফিগার করা হয়েছে যা খুজে পাওয়া যাচ্ছে না।","proxy-connect-failure":"প্রক্সি সার্ভার সমস্যা","proxy-connect-failure-error":"ডিভাইসটি এমন এক প্রক্সি সার্ভার ব্যবহারের জন্য কনফিগার করা হয়েছে যা সংযুক্ত হতে বাধা দিচ্ছে।","content-encoding":"পৃষ্ঠা প্রদর্শন করা যাবে না","content-encoding-error":"একটি কন্টেন্ট এনকোডিং ত্রুটির কারণে ডিভাইসটি এই পেইজটিকে প্রদর্শন করতে পারছে না।","remote-xul":"অসমর্থিত পাতা","remote-xul-error":"এই পেজটি প্রদর্শন করা যাবে না কারণ এটা এমন এক প্রযুক্তি ব্যবহার করে যা আপনার ডিভাইস সমর্থন করে না।","phishing-blocked":"সতর্কতা","phishing-blocked-error":"ওয়েবসাইটটি ব্যক্তিগত ও আর্থিক তথ্য ভাগাভাগি করে পরিকল্পিত একটি ওয়েব জালিয়াতি করে ব্যবহারকারীদের সঙ্গে।","malware-blocked":"ম্যালওয়্যার আক্রমণে বাধা দেওয়া হয়েছে","malware-blocked-error":"সাইটটিকে আক্রমণ সাইট হিসেবে অভিযোগ করা হয়েছে এবং তাই এটাকে ব্লক করে দেওয়া হয়েছে।","unsafe-content-type":"অনিরাপদ কন্টেন্ট","unsafe-content-type-error":"পাতাটি দেখানো যাবে না, কারণ এটি খোলা নিরাপদ নাও হতে পারে।","corrupted-content":"পাতাটি প্রদর্শন করা যাবে না","corrupted-content-error":"তথ্য আদান-প্রদান করায় ত্রুটি থাকায় আপনি যে পৃষ্ঠাটি প্রদর্শন করতে চাচ্ছেন তা দেখানো যাচ্ছে না","network-connection-unavailable":"নেটওয়ার্ক সংযোগ উপলব্ধ নেই","network-error":"{{name}} নেটওয়ার্ক সংযোগ চাচ্ছে। ওয়াই-ফাই অথবা মোবাইল ডাটা নেটওয়ার্কে সংযুক্ত হতে চেষ্টা করুন।","network-error-launching":"{{name}} এর ইন্টারনেট প্রয়োজন।","network-error-in-app":"এখন ইন্টারনেট সংযোগ নাই।","unable-to-connect":"সংযোগ করতে ব্যর্থ","try-again":"পুনরায় চেষ্টা করুন","check-settings":"সেটিং পরীক্ষা করুন","tap-to-check-settings":"সেটিং দেখতে ট্যাপ করুন।","select-time":"সময় নির্বাচন করুন","choose-option":"নির্বাচন করুন","choose-options":"নির্বাচন","select-day":"দিন নির্বাচন করুন","battery-almost-empty":"ব্যাটারি প্রায় শেষ","add-to-home-screen":"নীড় পাতায় যোগ করুন","share":"শেয়ার","crash-dialog2-os":"{{brandShortName}} মাত্র একটি ক্র্যাশ থেকে পুনরুদ্ধার হয়েছে","crash-dialog-app":"{{name}} এইমাত্র ক্র্যাশ হলো","crash-dialog-message":"এই ক্র্যাশ সম্পর্কে আপনি কি মজিলাকে একটি রিপোর্ট প্রেরণ করবেন যাতে তা সমাধান করা যায়? (রিপোর্ট শুধুমাত্র ওয়াই-ফাই এর মাধ্যমে পাঠানো হবে।)","crash-info-link":"একটি ক্র্যাশ রিপোর্টে কি থাকবে?","crash-always-report":"যখনই একটি ক্র্যাশ ঘটবে তখনই মজিলাকে রিপোর্ট পাঠান।","crash-dont-send":"প্রেরন করবেন না","crash-end":"রিপোর্ট পাঠান","crashReports":"ক্র্যাশ রিপোর্ট","done":"সম্পন্ন","crash-reports-description-1":"একটি ক্র্যাশ রিপোর্ট ক্র্যাশটির ও আপনার ডিভাইসের কিছু তথ্য ধারন করে , এবং ক্র্যাশের সময় আপনার ডিভাইসের অবস্থার একটা স্ন্যাপশটও।","crash-reports-description-2":"খোলা পেজ এবং অ্যাপ, ফর্মে লিখিত লেখা এবং খোলা বার্তার বিষয়বস্তু, সাম্প্রতিক ব্রাউজিং এর ইতিহাস অথবা অ্যাপ দ্বারা ব্যবহৃত ভুঅবস্থান এতে অন্তর্ভুক্ত থাকে।","crash-reports-description-3-start":"সমস্যা সমাধান এবং আমাদের প্রোডাক্টের উন্নয়ন করতে ক্র্যাশ রিপোর্ট ব্যবহার করি। আমরা আপনার তথ্য এমনভাবে গ্রহন করি যেমনটা বর্ননা করি আমাদের ","crash-reports-description-3-privacy":"গোপনীয়তা নীতি","crash-reports-description-3-end":"।","crash-banner-os2":"{{brandShortName}} এই মাত্র ক্র্যাস করল","crash-banner-app":"{{name}} এইমাত্র ক্র্যাশ করল","crash-banner-report":"রিপোর্ট","bluetooth-sending-progress":"ব্লুটুথ স্থানান্তর পাঠানো হচ্ছে…","bluetooth-receiving-progress":"ব্লুটুথ স্থানান্তর গ্রহন করা হচ্ছে…","acceptFileTransfer":"ব্লুটুথ দ্বারা আসন্ন ফাইল গ্রহন করবেন?","wantToReceiveFile":"{{deviceName}}, {{fileName}} ({{fileSize}}) স্থানান্তর করতে চাচ্ছে।","transfer-confirmation-title":"{{deviceName}}","transfer-confirmation-description":"স্থানান্তরের অনুরোধ পর্যালোচনা করুন।","byteUnit-B":"বাইট","byteUnit-KB":"KB","byteUnit-MB":"মেগাবাইট","byteUnit-GB":"গিগাবাইট","byteUnit-TB":"টেরাবাইট","byteUnit-PB":"পেটাবাইট","byteUnit-EB":"এক্সাবাইট","byteUnit-ZB":"জেটাবাইট","byteUnit-YB":"ইয়ট্টাবাইট","fileSize":"{{size}} {{unit}}","deny":"প্রত্যাখ্যান","transfer":"স্থানান্তর","cancelFileTransfer":"ব্লুটুথ ফাইল ট্রান্সফার বন্ধ করবেন?","continueFileTransfer":"চালিয়ে যান","transfer-has-started-title":"স্থানান্তর শুরু হয়েছে","transfer-has-started-description":"নোটিফিকেশন সেন্টারে অগ্রগতি দেখুন","transferFinished-sentSuccessful-title":"ফাইল পাঠান হয়েছে","transferFinished-receivedSuccessful-title":"ফাইল গ্রহণ করা হয়েছে","transferFinished-sentFailed-title":"ফাইল পাঠানো সম্ভব হয়নি","transferFinished-receivedFailed-title":"ফাইল গ্রহণ করা সম্ভব হয়নি","transferReport-title":"স্থানান্তর রিপোর্ট:","transferReport-description":"{{numSuccessful}} টি ফাইল সফল, {{numUnsuccessful}} টি ফাইল বিফল","unknown-file":"অজানা ফাইল","unknown-device":"অজানা ধরনের ডিভাইস","cannotOpenFile":"প্রাপ্ত ফাইলটি খোলা যাচ্ছে না","unknownMediaTypeToOpen":"অজ্ঞাত ধরনের মিডিয়া খোলা যাচ্ছে না:","cannotReceiveFile":"ফাইলটি গ্রহন করা যাচ্ছে না","cannotGetStorageState":"ডিভাইসের স্টোরেজ অবস্থা পাওয়া যাচ্ছেনা।","sdcard-not-exist2":"কোনো মেমোরি কার্ড নেই। দয়া করে মেমোরি কার্ড প্রবেশ করান।","sdcard-in-use":"ইউএসবি লাগানো অবস্থায় ব্লুটুথ ব্যবহার করা যাবে না। ফাইল গ্রহন করতে ফোন থেকে ইউএসবি খুলে ফেলুন।","sdcard-no-space2":"স্থানান্তর সম্পন্ন হয়নি: মেমরি কার্ডে খালি জায়গা নেই।","unknown-error":"অজ্ঞাত ত্রুটি","confirm":"নিশ্চিত করুন","microphone-is-on":"মাইক চালু আছে","camera-is-on":"ক্যামেরা চালু আছে","media-is-on":"ক্যামেরা ও মাইক চালু আছে","noSimCard":"কোন সিম কার্ড নেই","simPin":"সিমের পিন","pukCode":"পাক কোড","nckCode":"NCK কোড","cckCode":"CCK কোড","spckCode":"SPCK কোড","nck1code":"NCK1 কোড","nck2code":"NCK2 কোড","hnckcode":"HNCK কোড","rcckcode":"RCCK কোড","rspckcode":"RSPCK কোড","whatIsSimPin":"সিম পিন কি?","simPinIntro1":"সিম পিন হচ্ছে সেটা যেটি আপনাকে সেলুলার ডাটা নেটওয়ার্কে সিম কার্ড ব্যবহার করতে দেবে না। যখন এটি চালু থাকবে তখন এই সিম কার্ড লাগানো যেকোনো ডিভাইস রিস্টার্ট দিলে পিন চাবে।","simPinIntro2":"ডিভাইস আনলক করতে সিম পিন আর পাসকোড একই হবে না।","changeSimPin":"PIN পরিবর্তন","pinTitle":"সিমের PIN প্রবেশ করান","multiSIMpinTitle":"সিম {{n}} পিন লিখুন","pukTitle":"PUK কোড প্রবেশ করান","nckTitle":"NCK কোড প্রবেশ করান","cckTitle":"CCK কোড প্রবেশ করান","spckTitle":"SPCK কোড প্রবেশ করান","nck1Title":"NCK1 কোড প্রবেশ করান","nck2Title":"NCK2 কোড প্রবেশ করান","hnckTitle":"HNCK কোড লিখুন","rcckTitle":"RCCK কোড লিখুন","rspckTitle":"RSPCK কোড লিখুন","newpinTitle":"নতুন PIN","inputCodeRetriesLeft":{"_index":["plural","n"],"_":{"one":"শেষ চেষ্টা।","two":"{{n}} বার চেষ্টা বাকী আছে।","few":"{{n}} বার চেষ্টা বাকী আছে।","many":"{{n}} বার চেষ্টা বাকী আছে।","other":"{{n}} বার চেষ্টা বাকী আছে।"}},"pinErrorMsg":"PIN টি ভুল ছিল।","pinAttemptMsg2":{"_index":["plural","n"],"_":{"one":"সিম কার্ড লক হয়ে যাওয়ার আগে সঠিক কোড প্রবেশের জন্য আপনার আর একটি সুযোগ বাকি আছে।","two":"সিম কার্ড লক হয়ে যাওয়ার আগে সঠিক কোড প্রবেশের জন্য আপনার আরও {{n}} টি সুযোগ বাকি আছে।","few":"সিম কার্ড লক হয়ে যাওয়ার আগে সঠিক কোড প্রবেশের জন্য আপনার আরও {{n}} টি সুযোগ বাকি আছে।","many":"সিম কার্ড লক হয়ে যাওয়ার আগে সঠিক কোড প্রবেশের জন্য আপনার আরও {{n}} টি সুযোগ বাকি আছে।","other":"সিম কার্ড লক হয়ে যাওয়ার আগে সঠিক কোড প্রবেশের জন্য আপনার আরও {{n}} টি সুযোগ বাকি আছে।"}},"pinLastChanceMsg":"সঠিক পিনটি প্রবেশ করানোর এটিই আপনার শেষ সুযোগ। অন্যথায়, এই সিম কার্ডটি ব্যবহার করার জন্য আপনাকে অবশ্যই পাক কোড প্রবেশ করাতে হবে।","simCardLockedMsg":"সিম কার্ডটি লক হয়ে গেছে।","enterPukMsg":"আপনাকে অবশ্যই এই সিম কার্ডটির ব্যাক্তিগত বন্ধ খোলার চাবি (PUK) কোড প্রবেশ করাতে হবে। আরও তথ্যের জন্য আপনার সিম কার্ডের নথিপত্র খুজুন অথবা আপনার ক্যারিয়ার এর সাথে যোগাযোগ করুন।","pukErrorMsg":"PUK কোডটি সঠিক নয়।","pukAttemptMsg2":{"_index":["plural","n"],"_":{"one":"সিম কার্ডটি স্থায়ীভাবে আব্যাবহারযোগ্য হওয়ার পূর্বে সঠিক কোডটি প্রবেশ করানোর জন্য আপনার কাছে শুধুমাত্র একটি সুযোগ বাকি রয়েছে। আরও তথ্যের জন্য আপনার সিম কার্ডের নথিপত্র দেখুন অথবা আপনার ক্যারিয়ার এর সাথে যোগাযোগ করুন।","two":"সিম কার্ডটি স্থায়ীভাবে আব্যাবহারযোগ্য হওয়ার পূর্বে সঠিক কোডটি প্রবেশ করানোর জন্য আপনার কাছে {{n}} টি সুযোগ বাকি রয়েছে। আরও তথ্যের জন্য আপনার সিম কার্ডের নথিপত্র দেখুন অথবা আপনার ক্যারিয়ার এর সাথে যোগাযোগ করুন।","few":"সিম কার্ডটি স্থায়ীভাবে আব্যাবহারযোগ্য হওয়ার পূর্বে সঠিক কোডটি প্রবেশ করানোর জন্য আপনার কাছে {{n}} টি সুযোগ বাকি রয়েছে। আরও তথ্যের জন্য আপনার সিম কার্ডের নথিপত্র দেখুন অথবা আপনার ক্যারিয়ার এর সাথে যোগাযোগ করুন।","many":"সিম কার্ডটি স্থায়ীভাবে আব্যাবহারযোগ্য হওয়ার পূর্বে সঠিক কোডটি প্রবেশ করানোর জন্য আপনার কাছে {{n}} টি সুযোগ বাকি রয়েছে। আরও তথ্যের জন্য আপনার সিম কার্ডের নথিপত্র দেখুন অথবা আপনার ক্যারিয়ার এর সাথে যোগাযোগ করুন।","other":"সিম কার্ডটি স্থায়ীভাবে আব্যাবহারযোগ্য হওয়ার পূর্বে সঠিক কোডটি প্রবেশ করানোর জন্য আপনার কাছে {{n}} টি সুযোগ বাকি রয়েছে। আরও তথ্যের জন্য আপনার সিম কার্ডের নথিপত্র দেখুন অথবা আপনার ক্যারিয়ার এর সাথে যোগাযোগ করুন।"}},"pukLastChanceMsg":"সঠিক পাক কোড প্রবেশ করানোর সর্বশেষ সুযোগ। আপনার সিম কার্ডটি স্থায়ীভাবে অচল হয়ে যাবে যদি আপনি ভুল পাক কোড প্রবেশ করান। আরও তথ্যের জন্য আপনার সিম কার্ডের নথিপত্র দেখুন অথবা আপনার ক্যারিয়ার এর সাথে যোগাযোগ করুন।","newSimPinMsg":"একটি পিন তৈরী করুন (অবশ্যই ৪ থেকে ৮টি সংখ্যা থাকতে হবে)","confirmNewSimPinMsg":"নতুন PIN নিশ্চিত করুন","newPinErrorMsg":"PIN গুলো মিলেনি।","nckErrorMsg":"NCK কোডটি সঠিক নয়।","nckAttemptMsg2":{"_index":["plural","n"],"_":{"one":"নেটওয়ার্ক ডিস্পার্সোনালাইজেশন অনুরোধ ব্যর্থ। সঠিক কোড প্রবেশ করানোর জন্য আর একটি মাত্র সুযোগ আছে আপনার। আপনার ডিভাইস নথিপত্র পড়ুন অথবা অধিক বিবরণের জন্য আপনার ক্যারিয়ার সাথে যোগাযোগ করুন।","two":"নেটওয়ার্ক ডিস্পার্সোনালাইজেশন অনুরোধ ব্যর্থ। সঠিক কোড প্রবেশ করানোর জন্য আর {{n}} টি মাত্র সুযোগ আছে আপনার। আপনার ডিভাইস নথিপত্র পড়ুন অথবা অধিক বিবরণের জন্য আপনার ক্যারিয়ার সাথে যোগাযোগ করুন।","few":"নেটওয়ার্ক ডিস্পার্সোনালাইজেশন অনুরোধ ব্যর্থ। সঠিক কোড প্রবেশ করানোর জন্য আর {{n}} টি মাত্র সুযোগ আছে আপনার। আপনার ডিভাইস নথিপত্র পড়ুন অথবা অধিক বিবরণের জন্য আপনার ক্যারিয়ার সাথে যোগাযোগ করুন।","many":"নেটওয়ার্ক ডিস্পার্সোনালাইজেশন অনুরোধ ব্যর্থ। সঠিক কোড প্রবেশ করানোর জন্য আর {{n}} টি মাত্র সুযোগ আছে আপনার। আপনার ডিভাইস নথিপত্র পড়ুন অথবা অধিক বিবরণের জন্য আপনার ক্যারিয়ার সাথে যোগাযোগ করুন।","other":"নেটওয়ার্ক ডিস্পার্সোনালাইজেশন অনুরোধ ব্যর্থ। সঠিক কোড প্রবেশ করানোর জন্য আর {{n}} টি মাত্র সুযোগ আছে আপনার। আপনার ডিভাইস নথিপত্র পড়ুন অথবা অধিক বিবরণের জন্য আপনার ক্যারিয়ার সাথে যোগাযোগ করুন।"}},"nckLastChanceMsg":"নেটওয়ার্ক ডিস্পার্সোনালাইজেশন অনুরোধ ব্যর্থ। সঠিক NCK কোড প্রবেশ করানোর এটি-ই শেষ সুযোগ। আপনার ডিভাইস নথিপত্র পড়ুন অথবা অধিক বিবরণের জন্য আপনার ক্যারিয়ার সাথে যোগাযোগ করুন।","activity-pick":"যেখান থেকে নির্বাচন করবেন:","activity-view":"যা দিয়ে দেখবেন:","activity-test":"যা দিয়ে পরিক্ষা করবেন:","activity-share":"যাদের সাথে শেয়ার করবেন:","activity-new":"যা দিয়ে তৈরি করবেন:","activity-open":"খুলতে ব্যবহার করুন:","activity-save-bookmark":"বুকমার্ক করুন:","activity-record":"রেকর্ড করুন এটা থেকে:","activity-browse":"ব্রাউজ করুন এটা দিয়ে:","activity-configure":"কনফিগার করুন এটা দিয়ে:","activity-dial":"ডায়াল করুন এটা থেকে:","persona-signin":"সাইন ইন","payment-flow":"ক্রয়","remoteDebuggerMessage":"দূরবর্তী ডিবাগিং সংযোগের অনুমতির জন্য একটি অন্তর্মুখী অনুরোধ পাওয়া গেছে। সংযোগের অনুমতি প্রদান করা হবে?","fullscreen-request":"{{origin}} এখন পূর্ণ পর্দা জুড়ে আছে।","captive-wifi-available":"{{networkName}} নেটওয়ার্কটি পাওয়া গিয়েছে। নেটওয়ার্কটিতে যোগ দিবেন?","ceWarningtitle":"ভলিউম সতর্কবার্তা","ceWarningcontent":"শ্রবণশক্তির সম্ভাব্য ক্ষতি প্রতিরোধ করার জন্য, দীর্ঘ সময় ধরে জন্য উচ্চ ভলিউমে শুনবেন না।","notification-powersaving-mode-on-title":"বিদ্যুৎ সংরক্ষণ মোড","notification-powersaving-mode-on-description":"বিদ্যুৎ সংরক্ষণ মোড চালু।","low-device-storage":"ডিভাইসে জায়গা কম।\\n","free-space":{"_index":["plural","value"],"_":{"zero":"কোন খালি যায়গা নেই।","one":"{{value}} {{unit}} এরও কম জায়গা রয়েছে।","two":"{{value}} {{unit}} এরও কম জায়গা রয়েছে।","few":"{{value}} {{unit}} এরও কম জায়গা রয়েছে।","many":"{{value}} {{unit}} এরও কম জায়গা রয়েছে।","other":"{{value}} {{unit}} এরও কম জায়গা রয়েছে।"}},"unknown-free-space":"অজানা জায়গা রয়েছে।","system-alert":"সিস্টেমের সতর্কবার্তা","cb-channel":"চ্যানেল {{channel}}","cb-etws-warningType-earthquake":"ভূমিকম্প সতর্কতা!","cb-etws-warningType-tsunami":"সুনামি সতর্কতা!","cb-etws-warningType-earthquake-tsunami":"ভূমিকম্প-সুনামি সতর্কতা!","cb-etws-warningType-test":"সতর্কতা পদ্ধতি পরীক্ষা করা হচ্ছে।","cb-etws-warningType-other":"জরুরী সতর্কতা!","icc-message-maintitle":"অপারেটরের বার্তা","icc-message-subtitle":"SIM {{id}}","icc-confirmCall-defaultmessage":"ডায়াল {{number}}?","icc-alertMessage-defaultmessage":"বার্তা পাঠানো হচ্ছে","icc-confirmMessage-defaultmessage":"বার্তা পাঠাবেন?","icc-inputbox-maintitle":"STK অনুসন্ধান","icc-inputbox-subtitle":"SIM {{id}}","emergency-callback-mode":"জরুরী কলব্যাক মোড","emergency-callback-message":"আপনি কল করতে, বার্তা পাঠাতে বা অনলাইন যেতে পারবেন না কারন জরুরী কলব্যাক মোড সক্রিয় করা আছে। আপনি কি এটা বন্ধ করতে চান?","cdma-record-info":"CDMA রেকর্ড তথ্য","ime-switching-title":"{{appName}}: {{name}}","ime-switching-tip":"ইনপুট পদ্ধতি পরিবর্তনের জন্য চাপুন","shrinking-tip":"শেয়ার করার জন্য সুইপ করুন","download_started":"ডাউনলোড শুরু হয়েছে","download_stopped":"ডাউনলোড বন্ধ হয়েছে","download_downloading":"ডাউনলোড করা হচ্ছে…","download_succeeded":"ডাউনলোড শেষ","download_failed":"ডাউনলোড ব্যর্থ হয়েছে","download_text_by_default":"{{name}}","download_downloading_text_2":"{{percentage}}% - {{name}}","search-or-enter-address":{"_":"ঠিকানা দিন অথবা অনুসন্ধান করুন","placeholder":"ঠিকানা দিন অথবা অনুসন্ধান করুন"},"noSIMCardInHotspot":"সিম কার্ড অনুপস্থিত বা ঠিক করে লাগানো হ​য় নি, তাই হটস্পট বন্ধ করুন","noHopspotWhenAPMisOn":"ওয়াই ফাই হটস্পট ব্যবহার করার জন্য বিমান মোড বন্ধ করুন","apmActivated":"বিমান মোড সক্রিয়","open-in-new-tab":"নতুন ট্যাবে লিংক খুলুন","add-link-to-home-screen":"হোম স্ক্রীনে লিংক যোগ করুন","share-link":"লিংক শেয়ার করুন","save-image":"ছবি সংরক্ষণ","save-video":"ভিডিও সংরক্ষণ","save-audio":"অডিও সংরক্ষণ","save-link":"লিঙ্ক করা ফাইল সংরক্ষণ","share-image":"ছবি শেয়ার","share-video":"ভিডিও শেয়ার","share-audio":"অডিও শেয়ার","weekday-0-long":"রবিবার","weekday-1-long":"সোমবার","weekday-2-long":"মঙ্গলবার","weekday-3-long":"বুধবার","weekday-4-long":"বৃহস্পতিবার","weekday-5-long":"শুক্রবার","weekday-6-long":"শনিবার","weekday-0-short":"রবি","weekday-1-short":"সোম","weekday-2-short":"মঙ্গল","weekday-3-short":"বুধ","weekday-4-short":"বৃহঃ","weekday-5-short":"শুক্র","weekday-6-short":"শনি","month-0-long":"জানুয়ারি","month-1-long":"ফেব্রুয়ারি","month-2-long":"মার্চ","month-3-long":"এপ্রিল","month-4-long":"মে","month-5-long":"জুন","month-6-long":"জুলাই","month-7-long":"আগস্ট","month-8-long":"সেপ্টেম্বর","month-9-long":"অক্টোবর","month-10-long":"নভেম্বর","month-11-long":"ডিসেম্বর","month-0-genitive":"জানুয়ারি","month-1-genitive":"ফেব্রুয়ারি","month-2-genitive":"মার্চ","month-3-genitive":"এপ্রিল","month-4-genitive":"মে","month-5-genitive":"জুন","month-6-genitive":"জুলাই","month-7-genitive":"আগস্ট","month-8-genitive":"সেপ্টেম্বর","month-9-genitive":"অক্টোবর","month-10-genitive":"নভেম্বর","month-11-genitive":"ডিসেম্বর","month-0-short":"জানু","month-1-short":"ফেব্রু","month-2-short":"মার্চ","month-3-short":"এপ্রিল","month-4-short":"মে","month-5-short":"জুন","month-6-short":"জুলাই","month-7-short":"আগস্ট","month-8-short":"সেপ্ট","month-9-short":"অক্টো","month-10-short":"নভে","month-11-short":"ডিসে","minutes-ago-long":{"_index":["plural","value"],"_":{"zero":"এইমাত্র","one":"১ মিনিট পূর্বে","two":"{{value}} মিনিট পূর্বে","few":"{{value}} মিনিট পূর্বে","many":"{{value}} মিনিট পূর্বে","other":"{{value}} মিনিট পূর্বে"}},"hours-ago-long":{"_index":["plural","value"],"_":{"zero":"এইমাত্র","one":"১ ঘন্টা পূর্বে","two":"{{value}} ঘন্টা পূর্বে","few":"{{value}} ঘন্টা পূর্বে","many":"{{value}} ঘন্টা পূর্বে","other":"{{value}} ঘন্টা পূর্বে"}},"days-ago-long":{"_index":["plural","value"],"_":{"zero":"আজ","one":"গতকাল","two":"{{value}} দিন পূর্বে","few":"{{value}} দিন পূর্বে","many":"{{value}} দিন পূর্বে","other":"{{value}} দিন পূর্বে"}},"weeks-ago-long":{"_index":["plural","value"],"_":{"zero":"এই সপ্তাহে","one":"গত সপ্তাহ","two":"{{value}} সপ্তাহ পূর্বে","few":"{{value}} সপ্তাহ পূর্বে","many":"{{value}} সপ্তাহ পূর্বে","other":"{{value}} সপ্তাহ পূর্বে"}},"months-ago-long":{"_index":["plural","value"],"_":{"zero":"চলতি মাস","one":"গত মাস","two":"{{value}} মাস পূর্বে","few":"{{value}} মাস পূর্বে","many":"{{value}} মাস পূর্বে","other":"{{value}} মাস পূর্বে"}},"years-ago-long":{"_index":["plural","value"],"_":{"zero":"এই বছর","one":"গত বছর","two":"{{value}} বছর আগে","few":"{{value}} বছর পূর্বে","many":"{{value}} বছর পূর্বে","other":"{{value}} বছর পূর্বে"}},"minutes-until-long":{"_index":["plural","value"],"_":{"zero":"এখন","one":"এক মিনিটের মধ্যে","two":"{{value}} মিনিটের মধ্যে","few":"{{value}} মিনিটের মধ্যে","many":"{{value}} মিনিটের মধ্যে","other":"{{value}} মিনিটের মধ্যে"}},"hours-until-long":{"_index":["plural","value"],"_":{"zero":"এখন","one":"এক ঘন্টার মধ্যে","two":"{{value}} ঘন্টার মধ্যে","few":"{{value}} ঘন্টার মধ্যে","many":"{{value}} ঘন্টার মধ্যে","other":"{{value}} ঘন্টার মধ্যে"}},"days-until-long":{"_index":["plural","value"],"_":{"zero":"আজ","one":"আগামীকাল","two":"{{value}} দিনের মধ্যে","few":"{{value}} দিনের মধ্যে","many":"{{value}} দিনের মধ্যে","other":"{{value}} দিনের মধ্যে"}},"weeks-until-long":{"_index":["plural","value"],"_":{"zero":"এই সপ্তাহ","one":"পরবর্তী সপ্তাহ","two":"{{value}} সপ্তাহের মধ্যে","few":"{{value}} সপ্তাহের মধ্যে","many":"{{value}} সপ্তাহের মধ্যে","other":"{{value}} সপ্তাহের মধ্যে"}},"months-until-long":{"_index":["plural","value"],"_":{"zero":"এই মাস","one":"পরবর্তী মাস","two":"{{value}} মাসের মধ্যে","few":"{{value}} মাসের মধ্যে","many":"{{value}} মাসের মধ্যে","other":"{{value}} মাসের মধ্যে"}},"years-until-long":{"_index":["plural","value"],"_":{"zero":"এই বছর","one":"আগামী বছর","two":"{{value}} বছরের মধ্যে","few":"{{value}} বছরের মধ্যে","many":"{{value}} বছরের মধ্যে","other":"{{value}} বছরের মধ্যে"}},"minutes-ago-short":{"_index":["plural","value"],"_":{"zero":"এইমাত্র","other":"{{value}}মি. পূর্বে"}},"hours-ago-short":{"_index":["plural","value"],"_":{"zero":"এইমাত্র","other":"{{value}}ঘন্টা পূর্বে"}},"days-ago-short":{"_index":["plural","value"],"_":{"zero":"আজ","other":"{{value}}দিন পূর্বে"}},"minutes-until-short":{"_index":["plural","value"],"_":{"zero":"এখন","other":"{{value}} মিনিটের মধ্যে"}},"hours-until-short":{"_index":["plural","value"],"_":{"zero":"এখন","other":"{{value}}ঘন্টার মধ্যে"}},"days-until-short":{"_index":["plural","value"],"_":{"zero":"আজ","other":"{{value}}দিনের মধ্যে"}},"incorrectDate":"(ভুল তারিখ)","dateTimeFormat_%c":"%a %b %e %Y %I:%M:%S %p","dateTimeFormat_%x":"%m/%d/%Y","dateTimeFormat_%X":"%I:%M:%S %p","shortTimeFormat":"%I:%M %p","shortDateTimeFormat":"%x %I:%M %p","weekStartsOnMonday":"0","time_am":"AM","time_pm":"PM","title-app":"অ্যাপের অনুমতি","title-web":"ওয়েবসাইটের অনুমতি","title-cam":"ক্যামেরা নির্বাচন করুন","perm-contacts":"ফোনবুক","perm-contacts-appRequest":"{{app}} আপনার ফোনবুকে প্রবেশাধিকার চাচ্ছে।","perm-contacts-webRequest":"{{site}} আপনার ফোনবুকে প্রবেশাধিকার চাচ্ছে।","perm-desktop-notification":"বিজ্ঞপ্তি","perm-desktop-notification-appRequest":"{{app}} আপনার বিজ্ঞপ্তি প্রদর্শন করতে চাচ্ছে।","perm-desktop-notification-webRequest":"{{site}} আপনার বিজ্ঞপ্তি প্রদর্শন করতে চাচ্ছে।","perm-device-storage-music":"মিউজিক স্টোরেজ","perm-device-storage-music-appRequest":"{{app}} আপনার সংগীত এ প্রবেশ করতে চাচ্ছে।","perm-device-storage-music-webRequest":"{{site}} আপনার সংগীত এ প্রবেশ করতে চাচ্ছে।","perm-device-storage-pictures":"ছবি স্টোরেজ","perm-device-storage-pictures-appRequest":"{{app}} আপনার ছবিগুলোতে প্রবেশ করতে চাচ্ছে।","perm-device-storage-pictures-webRequest":"{{site}} আপনার ছবিগুলোতে প্রবেশ করতে চাচ্ছে।","perm-device-storage-sdcard":"মেমরি কার্ড স্টোরেজ","perm-device-storage-sdcard-appRequest":"{{app}} আপনার মেমরি কার্ডে প্রবেশ করতে চাচ্ছে।","perm-device-storage-sdcard-webRequest":"{{site}} আপনার মেমরি কার্ডে প্রবেশ করতে চাচ্ছে।","perm-device-storage-videos":"ভিডিও স্টোরেজ","perm-device-storage-videos-appRequest":"{{app}} আপনার ভিডিওগুলোতে প্রবেশ করতে চাচ্ছে।","perm-device-storage-videos-webRequest":"{{site}} আপনার ভিডিওগুলোতে প্রবেশ করতে চাচ্ছে।","perm-fmradio":"এফএম রেডিও","perm-fmradio-appRequest":"{{app}} আপনার এফএম রেডিও ব্যবহার করতে চাচ্ছে।","perm-fmradio-webRequest":"{{site}} আপনার এফএম রেডিও ব্যবহার করতে চাচ্ছে।","perm-geolocation":"ভুঅবস্থান","perm-geolocation-appRequest":"{{app}} আপনার ভূ-অবস্থান জানতে চাচ্ছে।","perm-geolocation-webRequest":"{{site}} আপনার ভূ-অবস্থান জানতে চাচ্ছে।","perm-geolocation-more-info":"{{brandShortName}} আপনার অবস্থান নির্ণয়ে জিপিএস, ওয়াইফাই এবং মোবাইল নেটওয়ার্ক এর ডাটা ব্যবহার করে। অবস্থান নির্ণয়ের ডাটাবেজ উন্নতিকল্পে সংগৃহীত ডাটা মজিলা ও অন্য সেবা দানকারীদের নিকট পাঠানো হয়।  ডাটা আপনার ডিভাইসে সঞ্চয় করা হতে পারে এবং ডাটা সংগ্রহ হতে পারে কোন অ্যাপ না চললেও।","perm-video-capture":"ক্যামেরা","perm-video-capture-appRequest":"আপনি কি {{app}} এর সাথে আপনার ক্যামেরা শেয়ার করতে চান?","perm-video-capture-webRequest":"আপনি কি {{site}} এর সাথে আপনার ক্যামেরা শেয়ার করতে চান?","perm-audio-capture":"মাইক্রোফোন","perm-audio-capture-appRequest":"আপনি কি {{app}} এর সাথে আপনার মাইক্রোফোন শেয়ার করতে চান?","perm-audio-capture-webRequest":"{{site}} এর সাথে আপনি মাইক্রোফোন শেয়ার করতে চান?","perm-media-capture":"ক্যামেরা ও মাইক্রোফোন","perm-media-capture-appRequest":"আপনি কি {{app}} এর সাথে ক্যামেরা এবং মাইক্রোফোন শেয়ার করতে চান?","perm-media-capture-webRequest":"আপনি কি {{site}} এর সাথে ক্যামেরা এবং মাইক্রোফোন শেয়ার করতে চান?","perm-camera-selector-appRequest":"{{app}} এর জন্য ক্যামেরা নির্বাচন করুন।","perm-camera-selector-webRequest":"{{site}} এর জন্য ক্যামেরা নির্বাচন করুন।","perm-mobileid":"মোবাইলের পরিচিতি","stopped_download_title":"ডাউনলোড শেষ হয়েছে","stopped_download_message":"ডাউনলোড বন্ধ হয়েছে। পুনরায় ডাউনলোড করার জন্য চেষ্টা করবেন?","stopped_download_left_button":"বাতিল","stopped_download_right_button":"পুনরায় চেষ্টা করুন","failed_download_title":"ডাউনলোড ব্যর্থ হয়েছে","failed_download_message":"{{name}} ডাউনলোড ব্যর্থ হয়েছে। আবার চেষ্টা করবেন?","failed_download_left_button":"বাতিল","failed_download_right_button":"পুনরায় চেষ্টা করুন","stop_download_title":"ডাউনলোড বন্ধ করুন","stop_download_message":"আপনি কি নিশ্চিত যে আপনি ডাউনলোড বন্ধ করতে চান?","stop_download_left_button":"না","stop_download_right_button":"হ্যাঁ","delete_download_title":"অপসারণ","delete_download_message":"{{name}} অপসারণ করবেন?","delete_download_left_button":"বাতিল","delete_download_right_button":"অপসারণ","delete_all_download_title":"অপসারণ","delete_all_download_left_button":"বাতিল","delete_all_download_right_button":"অপসারণ","delete_all_download_message":{"_index":["plural","number"],"_":{"zero":"কোনো ফাইল অপসারণ হবে না?","one":"একটি ফাইল অপসারণ করবেন?","two":"{{number}} টি ফাইল অপসারণ করবেন?","few":"{{number}} টি ফাইল অপসারণ করবেন?","many":"{{number}} টি ফাইল অপসারণ করবেন?","other":"{{number}} টি ফাইল অপসারণ করবেন?"}},"unsupported_file_type_download_title":"খুলতে ব্যর্থ","unsupported_file_type_download_message":"{{name}} অ্যাপটি চালু করা যাবে না। আপনি কি ফাইলটি সংরক্ষণ করতে চান, অথবা অপসারণ করবেন?","unsupported_file_type_download_left_button":"ফাইলটি রাখুন","unsupported_file_type_download_right_button":"অপসারণ","file_not_found_download_title":"ফাইলটি খুঁজে পাওয়া যায়নি","file_not_found_download_message":"ফাইলটি এই ডিভাইসে খুঁজে পাওয়া যায়নি","file_not_found_download_right_button":"ঠিক আছে","unmounted_sdcard_2_download_title":"মেমরি কার্ড ব্যবহার করা হচ্ছে","unmounted_sdcard_2_download_message":"মোবাইল আনপ্লাগ করুন","unmounted_sdcard_2_download_right_button":"ঠিক আছে","no_provider_download_title":"শেয়ার করতে ব্যর্থ","no_provider_download_message":"সরবরাহকারী পাওয়া যায় নি","no_provider_download_right_button":"ঠিক আছে","no_memory_download_title":"এসডি কার্ড পূর্ণ","no_memory_download_message":"আপনার ডাউনলোড সংরক্ষণ করার জন্য এসডি কার্ডে জায়গা নেই। ডাউনলোড পুনরায় চালু করার অনুগ্রহ করে কিছু ফাইল অপসারণ করুন।","no_memory_download_right_button":"ঠিক আছে","no_sdcard_found_2_download_title":"কোন মেমরি কার্ড পাওয়া যায় নি","no_sdcard_found_2_download_message":"মেমরি কার্ড প্রবেশ করান অথবা সেটিংস থেকে কোনো বিকল্প মাধ্যমের জন্য স্থান নির্বাচন করুন","no_sdcard_found_2_download_right_button":"ঠিক আছে","file_open_error_download_title":"খুলতে ব্যর্থ","file_open_error_download_message":"{{name}} খুলতে সমস্যা হচ্ছে। আপনি কি সংরক্ষণ করতে চান, অথবা অপসারণ করবেন?","file_open_error_download_left_button":"ফাইলটি রাখুন","file_open_error_download_right_button":"অপসারণ","restart_download_error":"পুনরায় ডাউনলোড করতে গিয়ে ত্রুটি পাওয়া গিয়েছে। অনুগ্রহ করে আবার ডাউনলোড করুন।","no-downloads":"কোন ডাউনলোড নেই","percentage":"{{percentage}} %","partialResult":"{{total}} এর {{partial}}","summary":"{{date}} - {{status}}","download-stopped":"বন্ধ হয়ে গেছে","download-failed":"ডাউনলোড ব্যর্থ হয়েছে","open_downloaded_file":"খুলুন","share_downloaded_file":"শেয়ার","wallpaper_downloaded_file":"ওয়ালপেপার হিসেবে নির্বাচন করুন","ringtone_downloaded_file":"রিংটোন হিসাবে নির্বাচন করুন","cancel_downloaded_file":"বাতিল","voicemailNoNumberTitle":"ভয়েসমেইল নম্বরটি পাওয়া যাচ্ছে না","voicemailNoNumberText":"ভয়েসমেইল এ কল করতে ব্যর্থ। কল স্থাপন করতে ভয়েসমেইল নম্বর সেট আপ করুন।","voicemailNoNumberSettings":"সেটিং","voicemailNoNumberCancel":"বাতিল","resend":"পুনরায় পাঠানো হবে","connecting":"সংযোগ স্থাপন করা হচ্ছে","verify":"যাঁচাই","verifying":"যাচাই করা হচ্ছে","verified":"যাচাই করা হয়েছে","mobileIDExplanation":"{{app_name}} আপনার ফোন নাম্বার জানতে চায় এবং যাঁচাই করতে চায়। আপনি যেটি শেয়ার করতে চান সেটি নির্বাচন করুন অথবা নতুন করে একটি দিন।","verificationCodeExplanation":"আমরা {{phone_number}} তে একটি কোড পাঠিয়েছি। আমরাই এটি নেওয়ার চেষ্টা করবো, কিন্তু আপনাকে এটি দিতে হবে যদি এই ডিভাইসে সেটি ব্যবহার করা না হয়।","successMessage":"দারুন! আপনার {{phone_number}} যাচাইকৃত হয়েছে এবং {{app_name}} এ ব্যবহার করা যাবে।","serverErrorMessage":"যাচাইকারী সার্ভার এই মুহূর্তে উপলব্ধ নয়। আপনার ইন্টারনেট কানেকশন চেক করুন, আবার চেষ্টা করুন নাহলে এক মিনিট অপেক্ষা করুন।","timeoutErrorMessage":"আপনার যাচাইকারী কোডে ত্রুটি আছে। আরেকবার চেষ্টা করা যাক!","errorTitle":"মোবাইল পরিচয়","addPhoneNumber":"অথবা অাপনার ফোন নম্বর যোগ করুন","selectPhoneNumber":"অথবা তালিকা থেকে একটি ফোন নাম্বার নির্বাচন করুন"}