{"firefox-accounts-title":"Účet Firefox","fxa-next":"Další","fxa-back":"Zpět","fxa-done":"Hotovo","fxa-ok":"OK","fxa-connection-error-title":"Nepodařilo se připojit","fxa-connection-error-message":"Můžete se přihlásit v Nastavení či si vytvořit nový účet.","fxa-reset-password-error-title":"Obnova hesla","fxa-reset-password-error-message":"Heslo můžete obnovit v Nastavení.","fxa-coppa-failure-error-title":"Účet není možné vytvořit","fxa-coppa-failure-error-message":"Pokud si chcete vytvořit Účet Firefox, musíte splňovat požadavky na věk. {{learnmore}}","fxa-learn-more":"Zjistit více","fxa-offline-error-title":"Nepodařilo se připojit","fxa-offline-error-message":"Připojte se k síti v Nastavení.","fxa-invalid-email-title":"Chyba","fxa-invalid-email-message":"Zadejte prosím platný e-mail.","fxa-invalid-password-title":"Neplatné heslo","fxa-invalid-password-message":"Ověřte svoje heslo a zkuste to znovu.","fxa-unknown-error-title":"Nepodařilo se připojit","fxa-unknown-error-message":"Systém je nedostupný, zkuste to prosím později.","fxa-connecting":"Připojování","fxa-enter-email-input":{"placeholder":"Zadejte svoji e-mailovou adresu"},"fxa-use-email-to-sign-in":"Použijte svoji e-mailovou adresu pro vytvoření účtu či pro přihlášení.","fxa-notice":"Pokračováním souhlasím s {{tos}} a {{pn}} Firefox cloud services.","fxa-tos":"Podmínkami používání služby","fxa-pn":"Zásadami ochrany soukromí","fxa-create-password-title":"Vytvoření hesla","fxa-enter-password-title":"Zadejte své heslo","fxa-hello-user":"Vítejte, {{email}}","fxa-password-refresh":"Pokračujte zadáním hesla k účtu Firefox.","fxa-password":{"placeholder":"Heslo"},"fxa-forgot-your-password":"Zapomněli jste své heslo?","fxa-show-password":"Ukázat heslo","fxa-password-length-requirement":"Heslo musí být alespoň 8 znaků dlouhé.","fxa-success":"Hotovo!","fxa-ready-to-go":"Váš účet Firefox je připraven! ","fxa-use-features":"Nyní můžete využívat služby jako je Nalézt mé zařízení a aplikace jako Firefox Marketplace.","fxa-access-manage-account-settings":"V budoucnu bude možné spravovat účet přímo v Nastavení","fxa-confirm-account":"Potvrzení účtu","fxa-will-send-email":"Na adresu {{email}} bude odeslán e-mail.","fxa-signup-click-verification-link-in-email":"Zkontrolujte si své e-maily, klepněte na ověřovací odkaz a potvrďte vytvoření svého účtu Firefox.","fxa-age-verification":"Ověření věku","fxa-age-1990-earlier":"1990 nebo dříve","fxa-year-of-birth":"Rok narození","brandShortName":"B2G OS","browserBrandShortName":"Webový prohlížeč","browserBrandFullName":"Webový prohlížeč Mozilla","accessibility-enableScreenReaderSteps":"To enable screen reader, press volume up then volume down buttons three more times","accessibility-disableScreenReaderSteps":"To disable screen reader, press volume up then volume down buttons three more times","accessibility-screenReaderStarted":"Screen reader started","accessibility-screenReaderStopped":"Screen reader stopped","accessibility-menubar":"menu bar","accessibility-scrollbar":"scroll bar","accessibility-grip":"grip","accessibility-alert":"alert","accessibility-menupopup":"menu popup","accessibility-document":"document","accessibility-pane":"pane","accessibility-dialog":"dialog","accessibility-separator":"separator","accessibility-toolbar":"toolbar","accessibility-statusbar":"status bar","accessibility-table":"table","accessibility-columnheader":"column header","accessibility-rowheader":"row header","accessibility-column":"column","accessibility-row":"row","accessibility-cell":"cell","accessibility-link":"link","accessibility-list":"list","accessibility-listitem":"list item","accessibility-outline":"outline","accessibility-outlineitem":"outline item","accessibility-pagetab":"tab","accessibility-propertypage":"property page","accessibility-graphic":"graphic","accessibility-pushbutton":"button","accessibility-checkbutton":"check button","accessibility-radiobutton":"radio button","accessibility-combobox":"combo box","accessibility-progressbar":"progress bar","accessibility-slider":"slider","accessibility-spinbutton":"spin button","accessibility-diagram":"diagram","accessibility-animation":"animation","accessibility-equation":"equation","accessibility-buttonmenu":"button menu","accessibility-whitespace":"white space","accessibility-pagetablist":"tab list","accessibility-canvas":"canvas","accessibility-checkmenuitem":"check menu item","accessibility-label":"label","accessibility-passwordtext":"password text","accessibility-radiomenuitem":"radio menu item","accessibility-textcontainer":"text container","accessibility-togglebutton":"toggle button","accessibility-treetable":"tree table","accessibility-header":"header","accessibility-footer":"footer","accessibility-paragraph":"paragraph","accessibility-entry":"entry","accessibility-caption":"caption","accessibility-heading":"heading","accessibility-section":"section","accessibility-form":"form","accessibility-comboboxlist":"combo box list","accessibility-comboboxoption":"combo box option","accessibility-imagemap":"image map","accessibility-listboxoption":"option","accessibility-listbox":"list box","accessibility-flatequation":"flat equation","accessibility-gridcell":"gridcell","accessibility-note":"note","accessibility-figure":"figure","accessibility-definitionlist":"definition list","accessibility-term":"term","accessibility-definition":"definition","accessibility-textarea":"text area","accessibility-textInputType_date":"date","accessibility-textInputType_email":"e-mail","accessibility-textInputType_search":"search","accessibility-textInputType_tel":"telephone","accessibility-textInputType_url":"URL","accessibility-headingLevel":"heading level {{0}}","accessibility-listStart":"First item","accessibility-listEnd":"Last item","accessibility-listItemsCount":{"_index":["plural","count"],"_":{"zero":"{{count}} items","one":"{{count}} item","two":"{{count}} items","few":"{{count}} items","many":"{{count}} items","other":"{{count}} items"}},"accessibility-objItemOfN":"{{0}} of {{1}}","accessibility-banner":"banner","accessibility-complementary":"complementary","accessibility-contentinfo":"content info","accessibility-main":"main","accessibility-navigation":"navigation","accessibility-search":"search","accessibility-tblColumnInfo":{"_index":["plural","count"],"_":{"zero":"with {{count}} columns","one":"with {{count}} column","two":"with {{count}} columns","few":"with {{count}} columns","many":"with {{count}} columns","other":"with {{count}} columns"}},"accessibility-tblRowInfo":{"_index":["plural","count"],"_":{"zero":"and {{count}} rows","one":"and {{count}} row","two":"and {{count}} rows","few":"and {{count}} rows","many":"and {{count}} rows","other":"and {{count}} rows"}},"accessibility-columnInfo":"Column {{0}}","accessibility-rowInfo":"Row {{0}}","accessibility-spansColumns":{"_index":["plural","0"],"_":{"zero":"spans {{0}} columns","one":"spans {{0}} column","two":"spans {{0}} columns","few":"spans {{0}} columns","many":"spans {{0}} columns","other":"spans {{0}} columns"}},"accessibility-spansRows":{"_index":["plural","0"],"_":{"zero":"spans {{0}} rows","one":"spans {{0}} row","two":"spans {{0}} rows","few":"spans {{0}} rows","many":"spans {{0}} rows","other":"spans {{0}} rows"}},"accessibility-jumpAction":"jumped","accessibility-pressAction":"pressed","accessibility-checkAction":"checked","accessibility-uncheckAction":"unchecked","accessibility-selectAction":"selected","accessibility-unselectAction":"unselected","accessibility-openAction":"opened","accessibility-closeAction":"closed","accessibility-switchAction":"switched","accessibility-clickAction":"clicked","accessibility-collapseAction":"collapsed","accessibility-expandAction":"expanded","accessibility-activateAction":"activated","accessibility-cycleAction":"cycled","accessibility-hidden":"hidden","accessibility-tabLoading":"loading","accessibility-tabLoaded":"loaded","accessibility-tabNew":"new tab","accessibility-tabLoadStopped":"loading stopped","accessibility-tabReload":"reloading","accessibility-stateChecked":"checked","accessibility-stateNotChecked":"not checked","accessibility-statePressed":"pressed","accessibility-stateExpanded":"expanded","accessibility-stateCollapsed":"collapsed","accessibility-stateUnavailable":"unavailable","accessibility-stateRequired":"required","accessibility-stateTraversed":"visited","accessibility-stateHasPopup":"has pop up","accessibility-stateSelected":"selected","accessibility-editingMode":"editing","accessibility-navigationMode":"navigating","accessibility-quicknav_Simple":"Default","accessibility-quicknav_Anchor":"Anchors","accessibility-quicknav_Button":"Buttons","accessibility-quicknav_Combobox":"Combo boxes","accessibility-quicknav_Landmark":"Landmarks","accessibility-quicknav_Entry":"Entries","accessibility-quicknav_FormElement":"Form elements","accessibility-quicknav_Graphic":"Images","accessibility-quicknav_Heading":"Headings","accessibility-quicknav_ListItem":"List items","accessibility-quicknav_Link":"Links","accessibility-quicknav_List":"Lists","accessibility-quicknav_PageTab":"Page tabs","accessibility-quicknav_RadioButton":"Radio buttons","accessibility-quicknav_Separator":"Separators","accessibility-quicknav_Table":"Tables","accessibility-quicknav_Checkbox":"Check boxes","accessibility-menubarAbbr":"menu bar","accessibility-scrollbarAbbr":"scroll bar","accessibility-gripAbbr":"grip","accessibility-alertAbbr":"alert","accessibility-menupopupAbbr":"menu popup","accessibility-documentAbbr":"document","accessibility-paneAbbr":"pane","accessibility-dialogAbbr":"dialog","accessibility-separatorAbbr":"separator","accessibility-toolbarAbbr":"toolbar","accessibility-statusbarAbbr":"status bar","accessibility-tableAbbr":"tbl","accessibility-columnheaderAbbr":"column header","accessibility-rowheaderAbbr":"row header","accessibility-columnAbbr":"column","accessibility-rowAbbr":"row","accessibility-cellAbbr":"cell","accessibility-linkAbbr":"lnk","accessibility-listAbbr":"list","accessibility-listitemAbbr":"list item","accessibility-outlineAbbr":"outline","accessibility-outlineitemAbbr":"outline item","accessibility-pagetabAbbr":"tab","accessibility-propertypageAbbr":"property page","accessibility-graphicAbbr":"graphic","accessibility-pushbuttonAbbr":"btn","accessibility-checkbuttonAbbr":"check button","accessibility-radiobuttonAbbr":"radio button","accessibility-comboboxAbbr":"combo box","accessibility-progressbarAbbr":"progress bar","accessibility-sliderAbbr":"slider","accessibility-spinbuttonAbbr":"spin button","accessibility-diagramAbbr":"diagram","accessibility-animationAbbr":"animation","accessibility-equationAbbr":"equation","accessibility-buttonmenuAbbr":"button menu","accessibility-whitespaceAbbr":"white space","accessibility-pagetablistAbbr":"tab list","accessibility-canvasAbbr":"canvas","accessibility-checkmenuitemAbbr":"check menu item","accessibility-labelAbbr":"label","accessibility-passwordtextAbbr":"passwdtxt","accessibility-radiomenuitemAbbr":"radio menu item","accessibility-textcontainerAbbr":"text container","accessibility-togglebuttonAbbr":"toggle button","accessibility-treetableAbbr":"tree table","accessibility-headerAbbr":"header","accessibility-footerAbbr":"footer","accessibility-paragraphAbbr":"paragraph","accessibility-entryAbbr":"entry","accessibility-captionAbbr":"caption","accessibility-headingAbbr":"heading","accessibility-sectionAbbr":"section","accessibility-formAbbr":"form","accessibility-comboboxlistAbbr":"combo box list","accessibility-comboboxoptionAbbr":"combo box option","accessibility-imagemapAbbr":"imgmap","accessibility-listboxoptionAbbr":"option","accessibility-listboxAbbr":"list box","accessibility-flatequationAbbr":"flat equation","accessibility-gridcellAbbr":"gridcell","accessibility-noteAbbr":"note","accessibility-figureAbbr":"fig","accessibility-definitionlistAbbr":"definition list","accessibility-termAbbr":"term","accessibility-definitionAbbr":"definition","accessibility-textareaAbbr":"txtarea","accessibility-tblColumnInfoAbbr":{"_index":["plural","count"],"_":{"one":"{{count}}c","two":"{{count}}c","few":"{{count}}c","many":"{{count}}c","other":"{{count}}c"}},"accessibility-tblRowInfoAbbr":{"_index":["plural","count"],"_":{"one":"{{count}}r","two":"{{count}}r","few":"{{count}}r","many":"{{count}}r","other":"{{count}}r"}},"accessibility-cellInfoAbbr":"c{{0}}r{{1}}","accessibility-stateCheckedAbbr":"(x)","accessibility-stateUncheckedAbbr":"( )","accessibility-statePressedAbbr":"(x)","accessibility-stateUnpressedAbbr":"( )","ok":"OK","back":"Zpět","help":"Nápověda","cancel":"Zrušit","close":"Zavřít","skip":"Přeskočit","clear":{"ariaLabel":"Clear"},"undo":{"ariaLabel":"Zpět"},"airplaneMode":"Režim V letadle","searching":"Vyhledání…","noNetwork":"Síť je nedostupná","roaming":"{{operator}} (roaming)","operator-info":"{{carrier}} {{region}}","emergencyCallsOnly":"Pouze tísňová volání","emergencyCallsOnly-unknownSIMState":"(neznámý stav SIM)","emergencyCallsOnly-noSIM":"(není SIM)","emergencyCallsOnly-pinRequired":"(vyžadován PIN)","emergencyCallsOnly-pukRequired":"(vyžadován PUK)","emergencyCallsOnly-networkLocked":"(uzamčená síť)","emergencyCallsOnly-serviceProviderLocked":"(uzamčená služba operátora)","emergencyCallsOnly-corporateLocked":"(uzamčena organizací)","emergencyCallsOnly-network1Locked":"(síť 1 uzamčena)","emergencyCallsOnly-network2Locked":"(síť 2 uzamčena)","emergencyCallsOnly-hrpdNetworkLocked":"(síť hrpd uzamčena)","emergencyCallsOnly-ruimCorporateLocked":"(síť ruim uzamčena)","emergencyCallsOnly-ruimServiceProviderLocked":"(síť ruim uzamčena operátorem)","enterPIN":"Zadejte PIN","mediaPlaybackTitle":{"ariaLabel":"Název"},"mediaPlaybackArtist":{"ariaLabel":"Umělec"},"mediaPlaybackControls":{"ariaLabel":"Ovládací prvky přehrávání"},"mediaPlaybackPrevious":{"ariaLabel":"Předchozí"},"mediaPlaybackPlay":"Přehrát","mediaPlaybackPause":"Pozastavit","mediaPlaybackNext":{"ariaLabel":"Další"},"wifiButton-on":"Zapnout Wi-Fi","wifiButton-on-initializing":"Wi-Fi zapnuta, inicializace","wifiButton-off":"Vypnout Wi-Fi","dataButton-on":"Data {{type}} on","dataButton-off":"Data {{type}} off","bluetoothButton-on":"Zapnout Bluetooth","bluetoothButton-on-initializing":"Bluetooth zapnuto, inicializace","bluetoothButton-off":"Vypnout Bluetooth","airplaneMode-on":"Režim V letadle zapnut","airplaneMode-off":"Režim V letadle vypnut","settingsButton":{"ariaLabel":"Nastavení"},"utilityTrayGrippy":{"ariaLabel":"Zavřít obrazovku upozornění"},"statusbarLabel":"{{date}}, {{operator}}","statusbarDateFormat":"%e. %b","statusbar":{"ariaLabel":"Stavový řádek"},"statusbarBattery":"Úroveň nabití baterie je {{level}} procent","statusbarBatteryCharging":"Úroveň nabití baterie je {{level}} procent, nabíjení","statusbarFlightMode":{"ariaLabel":"Režim V letadle zapnut"},"statusbarWiFiConnecting":"Wi-Fi: Připojování","statusbarWiFiConnected":"Wi-Fi: {{level}} ze 4 stupňů intenzity","statusbarSignal":"síť {{operator}}, {{level}} z 5 stupňů intenzity ","statusbarSignalRoaming":"síť {{operator}} (roaming), {{level}} z 5 stupňů intenzity","statusbarSignalNoneSearching":"Vyhledávání; Pouze tísňové hovory","statusbarHeadphones":{"ariaLabel":"Sluchátka připojena"},"statusbarBluetoothHeadphones":{"ariaLabel":"Bluetooth sluchátka připojena"},"statusbarBluetoothTransferring":{"ariaLabel":"Probíhá datový přenos přes Bluetooth"},"statusbarIconOn-tethering":"Tethering zapnut","statusbarIconOnActive-tethering":"Tethering zapnut, aktivní","statusbarAlarm":{"ariaLabel":"Budík aktivní"},"statusbarIconOn-bluetooth":"Bluetooth zapnuto","statusbarIconOnActive-bluetooth":"Bluetooth zapnuto, aktivní","statusbarIconOn-mute":"Tichý režim zapnut","statusbarIconOn-vibration":"Vibrace zapnuty","statusbarRecording":{"ariaLabel":"Nahrávání zapnuto"},"statusbarGeolocation":{"ariaLabel":"Geolokace zapnuta"},"statusbarUsb":{"ariaLabel":"USB zapnuto"},"statusbarForwarding":"Přesměrování hovorů zapnuto","statusbarPlaying":{"ariaLabel":"Přehrávání médií"},"statusbarNfc":{"ariaLabel":"NFC zapnuto"},"statusbarDownloads":{"ariaLabel":"Stahování"},"statusbarNetworkActivity":{"ariaLabel":"Připojení zapnuto"},"statusbarEmergencyCBNotification":{"ariaLabel":"Nouzové zpětné volání"},"statusbarNotifications":{"_index":["plural","n"],"_":{"one":"{{n}} upozornění","two":"{{n}} upozornění","few":"{{n}} upozornění","many":"{{n}} upozornění","other":"{{n}} upozornění"}},"statusbarNotifications-unread":{"_index":["plural","n"],"_":{"one":"{{n}} nepřečtené upozornění","two":"{{n}} nepřečtená upozornění","few":"{{n}} nepřečtená upozornění","many":"{{n}} nepřečtených upozornění","other":"{{n}} nepřečtených upozornění"}},"notifications":"Upozornění","clear-all":"Vymazat vše","attentionScreen-tapToShow":"Pro zobrazení klepněte","newVoicemails":{"_index":["plural","n"],"_":{"zero":"Žádná hlasová zpráva","one":"Jedna hlasová zpráva","two":"Dvě hlasové zprávy","few":"{{n}} hlasové zprávy","many":"{{n}} hlasových zpráv","other":"{{n}} hlasových zpráv"}},"newVoicemailsUnknown":"Nová hlasová zpráva","dialNumber":"Vytočit {{number}}","voicemailNotificationMultiSim":"{{title}} (SIM {{n}}) ","confirmNFCConnectBTenabledNameUnknown":"Spárovat s zařízením?","confirmNFCConnectBTdisabledNameUnknown":"Zapnout Bluetooth a spárovat s zařízením?","confirmNFCConnectBTenabledNameKnown":"Určitě se chcete spárovat s {{deviceName}}?","confirmNFCConnectBTdisabledNameKnown":"Zapnout Bluetooth a spárovat s {{deviceName}}?","confirmNFCConnectBTdisabled":"Zapnout","dismissNFCConnectBTdisabled":"Zrušit","confirmation":"Potvrzení","deviceMenu":"Telefon","airplane":"Zapnout režim V letadle","airplaneOff":"Vypnout režim V letadle","silent":"Tiché příchozí hovory","normal":"Normální příchozí hovory","restart":"Restartovat","power":"Vypnout","no-recent-apps":"Žádné nedávné aplikace","yes":"Ano","no":"Ne","dontallow":"Nepovolit","allow":"Povolit","dontshare-geolocation":"Nesdílet","share-geolocation":"Sdílet","dontshare-audio-capture":"Nesdílet","share-audio-capture":"Sdílet","dontshare-video-capture":"Nesdílet","share-video-capture":"Sdílet","dontshare-media-capture":"Nesdílet","share-media-capture":"Sdílet","device-front":"Přední fotoaparát","device-back":"Zadní fotoaparát","remember-my-choice":"Pamatovat si volbu","more-info":"Více informací…","hide-info":"Skrýt více informací","install-app":"Instalovat {{name}}?","size":"Velikost","author":"Autor","size-unknown":"Neznámá","author-unknown":"Neznámý","install":"Instalovat","bytes":"bajtů","kB":"kB","MB":"MB","GB":"GB","TB":"TB","PB":"PB","app-install-generic-error":"Stahování {{ appName }} zastaveno","app-install-download-failed":"Stahování {{ appName }} skončilo chybou","app-install-install-failed":"Instalace {{ appName }} skončila chybou","cancelling-will-not-refund":"Zrušením instalace se nevrátí peníze za nákup. Vrácení peněz za placený obsah je poskytováno původním prodejcem.","apps-can-be-installed-later":"Aplikaci je možné nainstalovat později z původního instalačního zdroje.","are-you-sure-you-want-to-cancel":"Opravdu chcete zrušit instalaci?","cancel-install":"Zrušit","cancel-install-button":"Zrušit","resume":"Začít znovu","continue":"Pokračovat","stopDownloading":"Zastavit stahování {{ app }}?","app-download-can-be-restarted":"Stahování může být obnoveno později.","app-download-stop-button":"Zastavit stahování","not-enough-space":"Nedostatek místa","not-enough-space-message":"Pro instalaci této aplikace není dostatek místa. Uvolněte místo smazáním nepoužívaných aplikací nebo médií a instalaci opakujte z původního zdroje.","app-install-success":"Aplikace {{ appName }} nainstalována","setup":"Nastavení","ime-addkeyboards":"Přidat klávesnice","later":"Později","download":"Stáhnout","wantToDownload":"Stáhnout aktualizaci?","wantToInstall":"Instalovat aktualizaci?","installNow":"Instalovat","notNow":"Nyní ne","downloadingUpdateMessage":{"innerHTML":"Stahování aktualizací… <span>{{ progress }} staženo.</span>          "},"downloadingAppMessage":"Stahování {{ appName }}","downloadingAppProgressNoMax":"{{ progress }} staženo","downloadingAppProgressIndeterminate":"Stahování","downloadingAppProgress":"{{ progress }} / {{ max }} staženo","cancelAllDownloads":"Zrušit všechna stahování","wantToCancelAll":"Opravdu chcete zrušit všechna stahování?","downloadError":"Při stahování aktualizací nastala chyba.","updateAvailableInfo":{"innerHTML":{"_index":["plural","n"],"_":{"one":"K dispozici {{ n }} aktualizace. <span>Klepněte pro více informací.</span>","two":"K dispozici {{ n }} aktualizace. <span>Klepněte pro více informací.</span>","few":"K dispozici {{ n }} aktualizace. <span>Klepněte pro více informací.</span>","many":"K dispozici {{ n }} aktualizací. <span>Klepněte pro více informací.</span>","other":"K dispozici {{ n }} aktualizací. <span>Klepněte pro více informací.</span>"}}},"numberOfUpdates":{"_index":["plural","n"],"_":{"one":"Jedna dostupná aktualizace","two":"Dvě dostupné aktualizace","few":"{{ n }} dostupné aktualizace","many":"{{ n }} dostupných aktualizací","other":"{{ n }} dostupných aktualizací"}},"systemUpdate":"Aktualizace systému","systemUpdateReady":"Aktualizace systému připravena","systemUpdateLowBatteryThreshold":"You need at least {{ threshold }}% battery level to install the update.","required":"Vyžadováno","uncompressingMessage":{"innerHTML":"Dekomprimace… <span>Ta může trvat několik minut.</span>"},"downloadNoWifiWarning":"Wi-Fi není dostupná. Při aktualizaci pomocí současného připojení mohou být účtovány další poplatky.","downloadOfflineWarning":"Připojení není dostupné. Pro stažení aktualizací se připojte k síti.","downloadDataConnectionWarning":"Aktualizace jsou v situaci, kdy není dostupná Wi-Fi, stahovány přes datové připojení. Tato data mohou být zpoplatněna.","downloadUpdatesViaDataConnection":"Stáhnout aktualizace přes datové připojení?","downloadUpdatesViaDataConnectionMessage":"Aktualizace jsou v situaci, kdy není dostupná Wi-Fi, stahovány přes datové připojení. Používáním datového připojení mohou být telefonní hovory blokovány a data mohou být zpoplatněna.","downloadUpdatesVia2GForbidden2":"Downloading updates is not possible on slow connections (2G). Please connect via Wi-Fi or 3G (if available) and try again.","screenshotSaved":"Náhled uložen do galerie","screenshotFailed":"Náhled se nepodařilo uložit","screenshotNoSDCard":"Paměťová karta nebyla nalezena","screenshotSDCardInUse":"Paměťová karta je používána","screenshotSDCardLow":"Na paměťové kartě není dostatek místa","emergency-call-button":"Tísňové volání","emergency-call":"Tísňové volání","unlock-a11y-button":{"ariaLabel":"Odemknout"},"camera-a11y-button":{"ariaLabel":"Kamera"},"longDateFormat":"%A %e. %B","panel-passcode":{"ariaLabel":"Panel s heslem"},"lockscreen-sim-id":"SIM {{ n }}","softwareHomeButton":{"ariaLabel":"Domů"},"login":"Přihlásit","username":"Uživatel","password":"Heslo","http-authentication-message":"{{host}} požaduje uživatelské jméno a heslo se sdělením „{{realm}}“","error-message":"Při nahrávání aplikace {{name}} nastala chyba","error-title":"Chyba v aplikaci {{name}} ","airplane-is-on":"Režim V letadle je zapnutý","airplane-is-turned-on":"{{name}} vyžaduje připojení k síti. Vypněte v nastavení režim V letadle a připojte se k Wi-Fi nebo mobilní datové síti.","server-not-found":"Server nenalezen","server-not-found-error":"Nepodařilo se nalézt server {{name}}.","file-not-found":"Složka nenalezena","file-not-found-error":"Zařízení nemůže zobrazit tuto stránku, protože složka nebyla nalezena.","connection-failed":"Nepodařilo se připojit","connection-failed-error":"Během načítání stránky nastal problém s připojením.","invalid-connection":"Nepodařilo se připojit","invalid-connection-error":"Během načítání stránky nastal problém s připojením.","malformed-uri":"Neplatná URL","malformed-uri-error":"Vložená URL je neplatná, a nemůže být načtena","redirect-loop":"Stránku nelze zobrazit","redirect-loop-error":"Zařízení nemůže otevřít tuto stránku, protože přesměrování není v pořádku. Zkuste to prosím později","not-cached":"Platnost stránky vypršela","not-cached-error":"Z bezpečnostních důvodů není možné otevřít tuto stránku, neboť vypršela její platnost","is-printing-error":"Dokument nemůže být měněn během tisku nebo předtiskového náhledu.","denied-port-access":"Tato adresa je omezena","denied-port-access-error":"Tato adresa používá síťový port, který se běžně používá k jiným účelům, než k prohlížení webových stránek. Z bezpečnostních důvodů zařízení zrušilo požadavek","proxy-resolve-failure":"Chyba proxy serveru","proxy-resolve-failure-error":"Zařízení je nastaveno na použití proxy serveru který nelze najít.","proxy-connect-failure":"Chyba proxy serveru","proxy-connect-failure-error":"Zařízení je nastaveno na použití proxy serveru který odmítá připojení.","content-encoding":"Stránku nelze zobrazit","content-encoding-error":"Zařízení nemůže zobrazit tuto stránku, protože došlo k chybě kódování obsahu.","remote-xul":"Stránka nepodporována","remote-xul-error":"Stránka nemůže být zobrazena, protože používá technologii, kterou toto zařízení nepodporuje.","phishing-blocked":"Varování","phishing-blocked-error":"Stránka byla označena jako podvodná tak, aby oklamala uživatele za účelem sdílení osobních nebo finančních údajů.","malware-blocked":"Zablokován útok malware","malware-blocked-error":"Tato stránka byla označena jako nebezpečná a byla zablokována.","unsafe-content-type":"Nebezpečný obsah","unsafe-content-type-error":"Tato stránka nemůže být otevřena, protože její obsah není bezpečný.","corrupted-content":"Stránku nelze zobrazit","corrupted-content-error":"Stránku nelze zobrazit, protože byla zjištěna chyba v přenosu dat.","network-connection-unavailable":"Připojení k síti je nedostupné","network-error":"{{name}} vyžaduje připojení k síti. Zkuste se připojit k Wi-Fi nebo mobilní datové síti.","network-error-launching":"{{name}} vyžaduje připojení k Internetu","network-error-in-app":"V současné chvíli není k dispozici připojení k Internetu","unable-to-connect":"Chyba spojení","try-again":"Zkuste znovu","check-settings":"Zkontrolovat nastavení","tap-to-check-settings":"Klepněte pro kontrolu nastavení","select-time":"Volba času","choose-option":"Volba","choose-options":"Volba","select-day":"Volba dne","battery-almost-empty":"Baterie je téměř prázdná","add-to-home-screen":"Přidat na domovskou obrazovku","share":"Sdílet","crash-dialog2-os":"Systém {{brandShortName}} byl obnoven po pádu","crash-dialog-app":"Aplikace {{name}} spadla","crash-dialog-message":"Chcete odeslat Mozille hlášení o pádu a pomoci nám opravit problém? (Hlášení je posíláno pouze pomocí Wi-Fi.)","crash-info-link":"Co obsahuje hlášení o pádu?","crash-always-report":"Pokud dojde k pádu, vždy odeslat Mozille hlášení.","crash-dont-send":"Neposílat","crash-end":"Poslat hlášení","crashReports":"Hlášení o pádu","done":"Hotovo","crash-reports-description-1":"Hlášení o pádu obsahuje některé detaily o pádu a vašem zařízení. Stejně tak obsahuje snímek stavu vašeho zařízení v době pádu.","crash-reports-description-2":"Může se jednat o otevřené stránky, aplikace, text zadaný do formulářů, obsah otevřených zpráv, nedávná historie prohlížení či informace o umístění používané otevřenou aplikací.","crash-reports-description-3-start":"Hlášení o pádech používáme pro opravy problémů a vylepšování našich produktů. S vašimi informacemi pracujeme tak, jak je popsáno v našich","crash-reports-description-3-privacy":"zásadách soukromí","crash-reports-description-3-end":".","crash-banner-os2":"{{brandShortName}} spadl.","crash-banner-app":"Aplikace {{name}} spadla.","crash-banner-report":"Hlášení o pádu","bluetooth-sending-progress":"Odchozí přenos Bluetooth","bluetooth-receiving-progress":"Příchozí přenos Bluetooth","acceptFileTransfer":"Přijmout přenos souboru pomocí Bluetooth?","wantToReceiveFile":"Zařízení {{deviceName}} by rádo přeneslo soubor {{fileName}} ({{fileSize}}).","transfer-confirmation-title":"{{deviceName}}","transfer-confirmation-description":"Požadavek na přenesení souboru.","byteUnit-B":"bajtů","byteUnit-KB":"KB","byteUnit-MB":"MB","byteUnit-GB":"GB","byteUnit-TB":"TB","byteUnit-PB":"PB","byteUnit-EB":"EB","byteUnit-ZB":"ZB","byteUnit-YB":"YB","fileSize":"{{size}} {{unit}}","deny":"Odmítnout","transfer":"Přenést","cancelFileTransfer":"Zrušit přenos souboru pomocí Bluetooth?","continueFileTransfer":"Pokračovat","transfer-has-started-title":"Přenos byl zahájen","transfer-has-started-description":"Stav zjistíte v panelu upozornění","transferFinished-sentSuccessful-title":"Odesílání dokončeno","transferFinished-receivedSuccessful-title":"Přenesený soubor","transferFinished-sentFailed-title":"Odesílání souboru selhalo","transferFinished-receivedFailed-title":"Soubor nemůže být přijat","transferReport-title":"Stav přenosu:","transferReport-description":"{{numSuccessful}} souborů úspěšně, {{numUnsuccessful}} neúspěšně","unknown-file":"Neznámý soubor","unknown-device":"Neznámé zařízení","cannotOpenFile":"Nelze otevřít přenesený soubor","unknownMediaTypeToOpen":"Nelze otevřít neznámý typ média:","cannotReceiveFile":"Nelze přijmout soubor","cannotGetStorageState":"Nelze zjistit stav úložiště","sdcard-not-exist2":"Paměťová karta nebyla nalezena. Vložte prosím paměťovou kartu.","sdcard-in-use":"Bluetooth nelze použít při připojeném telefonu. Pro přijetí souboru odpojte prosím telefon.","sdcard-no-space2":"Přenos se nepodařilo dokončit: paměťová karta je plná.","unknown-error":"Neznámá chyba","confirm":"Potvrdit","microphone-is-on":"Mikrofon je zapnut","camera-is-on":"Kamera je zapnuta","media-is-on":"Kamera a mikrofon jsou zapnuty","noSimCard":"Není SIM karta","simPin":"PIN","pukCode":"Kód PUK","nckCode":"Kód NCK","cckCode":"Kód CCK","spckCode":"Kód SPCK","nck1code":"Kód NCK1","nck2code":"Kód NCK2","hnckcode":"Kód HNCK","rcckcode":"Kód RCCK","rspckcode":"Kód RSPCK","whatIsSimPin":"Co je PIN?","simPinIntro1":"PIN zamezuje přístup SIM karty k mobilním datovým sítím. Když je povolen, pak jakékoliv zařízení se SIM kartou bude po restartu vyžadovat PIN.","simPinIntro2":"PIN není to samé jako heslo používané pro odblokování zařízení.","changeSimPin":"Změnit PIN","pinTitle":"Vložení PIN","multiSIMpinTitle":"Vložení PIN SIM {{n}}","pukTitle":"Vložení kódu PUK","nckTitle":"Vložení kódu NCK","cckTitle":"Vložení kódu CCK","spckTitle":"Vložení kódu SPCK","nck1Title":"Vložení kódu NCK1","nck2Title":"Vložení kódu NCK2","hnckTitle":"Vložení kódu HNCK","rcckTitle":"Vložení kódu RCCK","rspckTitle":"Vložení kódu RSPCK","newpinTitle":"Nový PIN","inputCodeRetriesLeft":{"_index":["plural","n"],"_":{"one":"poslední pokus","two":"Zbývají {{n}} pokusy.","few":"Zbývají {{n}} pokusy.","many":"Zbývá {{n}} pokusů.","other":"Zbývá {{n}} pokusů."}},"pinErrorMsg":"PIN není správný.","pinAttemptMsg2":{"_index":["plural","n"],"_":{"one":"Zbývá vám jeden pokus o vložení správného kódu než bude SIM karta zablokována.","two":"Zbývají vám {{n}} pokusy o vložení správného kódu než bude SIM karta zablokována.","few":"Zbývají vám {{n}} pokusy o vložení správného kódu než bude SIM karta zablokována.","many":"Zbývá vám {{n}} pokusů o vložení správného kódu než bude SIM karta zablokována.","other":"Zbývá vám {{n}} pokusů o vložení správného kódu než bude SIM karta zablokována."}},"pinLastChanceMsg":"Toto je poslední možnost zadání správného PIN. Příště již budete muset pro použití karty SIM zadat PUK kód.","simCardLockedMsg":"SIM karta je zablokovaná.","enterPukMsg":"Musíte zadat Personal Unlocking Key (PUK) pro vaši SIM kartu. Nahlédněte do dokumentace ke své SIM kartě nebo pro více informací kontaktujte operátora.","pukErrorMsg":"PUK kód je neplatný.","pukAttemptMsg2":{"_index":["plural","n"],"_":{"one":"Máte ještě jeden pokus o vložení správného kódu předtím než bude karta SIM trvale nepoužitelná. Nahlédněte do dokumentace ke své SIM kartě nebo pro více informací kontaktujte operátora.","two":"Máte ještě {{n}} pokusy o vložení správného kódu předtím než bude karta SIM trvale nepoužitelná. Nahlédněte do dokumentace ke své SIM kartě nebo pro více informací kontaktujte operátora.","few":"Máte ještě {{n}} pokusy o vložení správného kódu předtím než bude karta SIM trvale nepoužitelná. Nahlédněte do dokumentace ke své SIM kartě nebo pro více informací kontaktujte operátora.","many":"Máte ještě {{n}} pokusů o vložení správného kódu předtím než bude karta SIM trvale nepoužitelná. Nahlédněte do dokumentace ke své SIM kartě nebo pro více informací kontaktujte operátora.","other":"Máte ještě {{n}} pokusů o vložení správného kódu předtím než bude karta SIM trvale nepoužitelná. Nahlédněte do dokumentace ke své SIM kartě nebo pro více informací kontaktujte operátora."}},"pukLastChanceMsg":"Poslední možnost vložit správný PUK kód. Pokud vložíte chybný PUK kód, bude vaše SIM karta trvale nepoužitelná. Nahlédněte do dokumentace ke své SIM kartě nebo pro více informací kontaktujte operátora. ","newSimPinMsg":"Vytvoření PIN (musí obsahovat 4 až 8 čísel)","confirmNewSimPinMsg":"Potvrzení nového PIN","newPinErrorMsg":"Zadané kódy PIN si neodpovídají.","nckErrorMsg":"NCK kód je neplatný.","nckAttemptMsg2":{"_index":["plural","n"],"_":{"one":"Požadavek na změnu sítě selhal. Máte ještě jeden pokus o vložení správného kódu. Nahlédněte do dokumentace ke své SIM kartě nebo pro více informací kontaktujte operátora.","two":"Požadavek na změnu sítě selhal. Máte ještě {{n}} pokusy o vložení správného kódu. Nahlédněte do dokumentace ke své SIM kartě nebo pro více informací kontaktujte operátora.","few":"Požadavek na změnu sítě selhal. Máte ještě {{n}} pokusy o vložení správného kódu. Nahlédněte do dokumentace ke své SIM kartě nebo pro více informací kontaktujte operátora.","many":"Požadavek na změnu sítě selhal. Máte ještě {{n}} pokusů o vložení správného kódu. Nahlédněte do dokumentace ke své SIM kartě nebo pro více informací kontaktujte operátora.","other":"Požadavek na změnu sítě selhal. Máte ještě {{n}} pokusů o vložení správného kódu. Nahlédněte do dokumentace ke své SIM kartě nebo pro více informací kontaktujte operátora."}},"nckLastChanceMsg":"Požadavek na změnu sítě selhal. Poslední změna pro vložení správného NCK kódu. Nahlédněte do dokumentace ke své SIM kartě nebo pro více informací kontaktujte operátora.  ","activity-pick":"Výběr z:","activity-view":"Zobrazit pomocí:","activity-test":"Otestovat pomocí:","activity-share":"Sdílet pomocí:","activity-new":"Vytvořit pomocí:","activity-open":"Otevřít pomocí:","activity-save-bookmark":"Přidat do záložek v:","activity-record":"Nahrát z:","activity-browse":"Prohlížet pomocí:","activity-configure":"Nastavit pomocí:","activity-dial":"Zavolat z:","persona-signin":"Přihlásit","payment-flow":"Koupit","remoteDebuggerMessage":"Byl zaznamenán požadavek na vzdálené připojení debuggeru. Povolit připojení?","fullscreen-request":"{{origin}} je nyní v režimu celé obrazovky.","captive-wifi-available":"Byla nalezena síť {{networkName}}. Připojit se?","ceWarningtitle":"Varování o hlasitosti","ceWarningcontent":"Jako prevenci před poškozením sluchu neposlouchejte po delší čas hudbu hlasitě.","notification-powersaving-mode-on-title":"Úsporný režim","notification-powersaving-mode-on-description":"Úsporný režim je zapnut","low-device-storage":"Málo volného místa.\\n","free-space":{"_index":["plural","value"],"_":{"zero":"Žádné zbývající volné místo.","one":"Zbývá méně než {{value}} {{unit}}.","two":"Zbývá méně než {{value}} {{unit}}.","few":"Zbývá méně než {{value}} {{unit}}.","many":"Zbývá méně než {{value}} {{unit}}.","other":"Zbývá méně než {{value}} {{unit}}."}},"unknown-free-space":"Neznámý stav zbývajícího místa.","system-alert":"Systémové upozornění","cb-channel":"Kanál {{channel}}","cb-etws-warningType-earthquake":"Varování před zemětřesením!","cb-etws-warningType-tsunami":"Varování přes tsunami!","cb-etws-warningType-earthquake-tsunami":"Varování před zemětřesením a tsunami!","cb-etws-warningType-test":"Testuje se systém varování.","cb-etws-warningType-other":"Nouzové varování!","icc-message-maintitle":"Operator message","icc-message-subtitle":"SIM {{id}}","icc-confirmCall-defaultmessage":"Vytočit {{number}}?","icc-alertMessage-defaultmessage":"Poslání zprávy","icc-confirmMessage-defaultmessage":"Poslat zprávu?","icc-inputbox-maintitle":"STK Query","icc-inputbox-subtitle":"SIM {{id}}","emergency-callback-mode":"Režim nouzového zpětného volání","emergency-callback-message":"Nemůžete uskutečnit hovory, poslat zprávy či být online, protože je aktivován režim nouzového volání. Chcete tento režim vypnout?","cdma-record-info":"Informace o záznamu CDMA","ime-switching-title":"{{appName}}: {{name}}","ime-switching-tip":"Klepněte pro přepnutí metody vstupu","shrinking-tip":"Přejetím sdílet","download_started":"Stahování zahájeno","download_stopped":"Stahování ukončeno","download_downloading":"Stahování…","download_succeeded":"Stahování dokončeno","download_failed":"Stahování selhalo","download_text_by_default":"{{name}}","download_downloading_text_2":"{{percentage}}% - {{name}}","search-or-enter-address":{"_":"Zadejte hledání nebo adresu","placeholder":"Zadejte hledání nebo adresu"},"noSIMCardInHotspot":"Chybí karta SIM nebo není vložena správně. Hotspot bude vypnutý.","noHopspotWhenAPMisOn":"Pro použití wi-fi hotspotu vypněte režim V letadle","apmActivated":"Režim V letadle je aktivován","open-in-new-tab":"Otevřít odkaz v novém panelu","add-link-to-home-screen":"Přidat odkaz na úvodní obrazovku","share-link":"Sdílet odkaz","save-image":"Uložit obrázek","save-video":"Uložit video","save-audio":"Uložit audio","save-link":"Save linked file","share-image":"Share Image","share-video":"Share Video","share-audio":"Share Audio","weekday-0-long":"Neděle","weekday-1-long":"Pondělí","weekday-2-long":"Úterý","weekday-3-long":"Středa","weekday-4-long":"Čtvrtek","weekday-5-long":"Pátek","weekday-6-long":"Sobota","weekday-0-short":"Ne","weekday-1-short":"Po","weekday-2-short":"Út","weekday-3-short":"St","weekday-4-short":"Čt","weekday-5-short":"Pá","weekday-6-short":"So","month-0-long":"Leden","month-1-long":"Únor","month-2-long":"Březen","month-3-long":"Duben","month-4-long":"Květen","month-5-long":"Červen","month-6-long":"Červenec","month-7-long":"Srpen","month-8-long":"Září","month-9-long":"Říjen","month-10-long":"Listopad","month-11-long":"Prosinec","month-0-genitive":"Leden","month-1-genitive":"Únor","month-2-genitive":"Březen","month-3-genitive":"Duben","month-4-genitive":"Květen","month-5-genitive":"Červen","month-6-genitive":"Červenec","month-7-genitive":"Srpen","month-8-genitive":"Září","month-9-genitive":"Říjen","month-10-genitive":"Listopad","month-11-genitive":"Prosinec","month-0-short":"leden","month-1-short":"únor","month-2-short":"březen","month-3-short":"duben","month-4-short":"květen","month-5-short":"červen","month-6-short":"červenec","month-7-short":"srpen","month-8-short":"září","month-9-short":"říjen","month-10-short":"listopad","month-11-short":"prosinec","minutes-ago-long":{"_index":["plural","value"],"_":{"zero":"právě teď","one":"před minutou","two":"před 2 minutami","few":"před {{value}} minutami","many":"před {{value}} minutami","other":"před {{value}} minutami"}},"hours-ago-long":{"_index":["plural","value"],"_":{"zero":"právě teď","one":"před hodinou","two":"před 2 hodinami","few":"před {{value}} hodinami","many":"před {{value}} hodinami","other":"před {{value}} hodinami"}},"days-ago-long":{"_index":["plural","value"],"_":{"zero":"dnes","one":"včera","two":"předevčírem","few":"před {{value}} dny","many":"před {{value}} dny","other":"před {{value}} dny"}},"weeks-ago-long":{"_index":["plural","value"],"_":{"zero":"tento týden","one":"minutý týden","two":"před {{value}} týdny","few":"před {{value}} týdny","many":"před {{value}} týdny","other":"před {{value}} týdny"}},"months-ago-long":{"_index":["plural","value"],"_":{"zero":"tento měsíc","one":"minulý měsíc","two":"před {{value}} měsíci","few":"před {{value}} měsíci","many":"před {{value}} měsíci","other":"před {{value}} měsíci"}},"years-ago-long":{"_index":["plural","value"],"_":{"zero":"tento rok","one":"minulý rok","two":"před {{value}} roky","few":"před {{value}} roky","many":"před {{value}} roky","other":"před {{value}} roky"}},"minutes-until-long":{"_index":["plural","value"],"_":{"zero":"nyní","one":"za minutu","two":"za 2 minuty","few":"za {{value}} minuty","many":"za {{value}} minut","other":"za {{value}} minut"}},"hours-until-long":{"_index":["plural","value"],"_":{"zero":"nyní","one":"za hodinu","two":"za 2 hodiny","few":"za {{value}} hodiny","many":"za {{value}} hodin","other":"za {{value}} hodin"}},"days-until-long":{"_index":["plural","value"],"_":{"zero":"dnes","one":"zítra","two":"pozítří","few":"za {{value}} dny","many":"za {{value}} dnů","other":"za {{value}} dnů"}},"weeks-until-long":{"_index":["plural","value"],"_":{"zero":"tento týden","one":"příští týden","two":"za {{value}} týdny","few":"za {{value}} týdny","many":"za {{value}} týdnů","other":"za {{value}} týdnů"}},"months-until-long":{"_index":["plural","value"],"_":{"zero":"tento měsíc","one":"příští měsíc","two":"za {{value}} měsíce","few":"za {{value}} měsíce","many":"za {{value}} měsíců","other":"za {{value}} měsíců"}},"years-until-long":{"_index":["plural","value"],"_":{"zero":"tento rok","one":"příští rok","two":"za {{value}} roky","few":"za {{value}} roky","many":"za {{value}} roků","other":"za {{value}} roků"}},"minutes-ago-short":{"_index":["plural","value"],"_":{"zero":"právě teď","other":"před {{value}} min"}},"hours-ago-short":{"_index":["plural","value"],"_":{"zero":"právě teď","other":"před {{value}} hod"}},"days-ago-short":{"_index":["plural","value"],"_":{"zero":"dnes","other":"před {{value}} dny"}},"minutes-until-short":{"_index":["plural","value"],"_":{"zero":"nyní","other":"za {{value}} min"}},"hours-until-short":{"_index":["plural","value"],"_":{"zero":"nyní","other":"za {{value}} hod"}},"days-until-short":{"_index":["plural","value"],"_":{"zero":"dnes","other":"za {{value}} dny"}},"incorrectDate":"(neplatné datum)","dateTimeFormat_%c":"%a %e. %b %Y %H:%M:%S","dateTimeFormat_%x":"%e. %m. %Y","dateTimeFormat_%X":"%H:%M:%S","shortTimeFormat":"%H:%M","shortDateTimeFormat":"%x %H:%M","weekStartsOnMonday":"1","time_am":"AM","time_pm":"PM","title-app":"Práva aplikace","title-web":"Práva webové stránky","title-cam":"Volba kamery","perm-contacts":"Kontakty","perm-contacts-appRequest":"Aplikace {{app}} požaduje přístup k vašim kontaktům.","perm-contacts-webRequest":"Stránka {{site}} požaduje přístup k vašim kontaktům.","perm-desktop-notification":"Upozornění","perm-desktop-notification-appRequest":"Aplikace {{app}} požaduje zobrazování upozornění.","perm-desktop-notification-webRequest":"Stránka {{site}} požaduje zobrazování upozornění.","perm-device-storage-music":"Úložiště hudby","perm-device-storage-music-appRequest":"Aplikace {{app}} požaduje přístup k vaší hudbě.","perm-device-storage-music-webRequest":"Stránka {{site}} požaduje přístup k vaší hudbě.","perm-device-storage-pictures":"Úložiště obrázků","perm-device-storage-pictures-appRequest":"Aplikace {{app}} požaduje přístup k vašim obrázkům.","perm-device-storage-pictures-webRequest":"Stránka {{site}} požaduje přístup k vašim obrázkům.","perm-device-storage-sdcard":"Úložiště na paměťové kartě","perm-device-storage-sdcard-appRequest":"Aplikace {{app}} požaduje přístup k vaší paměťové kartě.","perm-device-storage-sdcard-webRequest":"Stránka {{site}} požaduje přístup k vaší paměťové kartě.","perm-device-storage-videos":"Úložiště videa","perm-device-storage-videos-appRequest":"Aplikace {{app}} požaduje přístup k vašim videům.","perm-device-storage-videos-webRequest":"Stránka {{site}} požaduje přístup k vašim videům.","perm-fmradio":"FM rádio","perm-fmradio-appRequest":"Aplikace {{app}} požaduje užít FM rádio.","perm-fmradio-webRequest":"Stránka {{site}} požaduje užít FM rádio.","perm-geolocation":"Geolokace","perm-geolocation-appRequest":"Aplikace {{app}} požaduje přístup k vaší poloze.","perm-geolocation-webRequest":"Stránka {{site}} požaduje přístup k vaší poloze.","perm-geolocation-more-info":"{{brandShortName}} používá data z GPS, Wi-Fi a mobilních sítí okolo vás pro přibližné určení vaší polohy. Tato data jsou posílána Mozille a dalším poskytovatelům služeb, kteří je používají k vylepšování informací o umístění. Data mohou být uložena na vašem zařízení a sbírání dat může probíhat i tehdy, když není žádná aplikace spuštěna.","perm-video-capture":"Fotoaparát","perm-video-capture-appRequest":"Chcete sdílet svůj fotoaparát s aplikací {{app}}?","perm-video-capture-webRequest":"Chcete sdílet svůj fotoaparát se stránou {{site}}?","perm-audio-capture":"Mikrofón","perm-audio-capture-appRequest":"Chcete sdílet svůj mikrofón s aplikací {{app}}?","perm-audio-capture-webRequest":"Chcete sdílet svůj mikrofón se stránou {{site}}? ","perm-media-capture":"Fotoaparát a mikrofón","perm-media-capture-appRequest":"Chcete sdílet svůj fotoaparát a mikrofón s aplikací {{app}}?","perm-media-capture-webRequest":"Chcete sdílet svůj fotoaparát a mikrofón se stránkou {{site}}?","perm-camera-selector-appRequest":"Zvolte kameru pro {{app}}.","perm-camera-selector-webRequest":"Zvolte kameru pro {{site}}.","perm-mobileid":"Mobilní identita","stopped_download_title":"Stahování přerušeno","stopped_download_message":"Stahování bylo přerušeno. Chcete jej znovu zahájit?","stopped_download_left_button":"Zrušit","stopped_download_right_button":"Znovu zahájit","failed_download_title":"Stahování selhalo","failed_download_message":"Stahování {{name}} se nezdařilo. Chcete jej zahájit znovu?","failed_download_left_button":"Zrušit","failed_download_right_button":"Znovu zahájit","stop_download_title":"Přerušit stahování","stop_download_message":"Opravdu chcete přerušit toto stahování?","stop_download_left_button":"Ne","stop_download_right_button":"Ano","delete_download_title":"Smazat","delete_download_message":"Smazat {{name}}?","delete_download_left_button":"Zrušit","delete_download_right_button":"Smazat","delete_all_download_title":"Smazat","delete_all_download_left_button":"Zrušit","delete_all_download_right_button":"Smazat","delete_all_download_message":{"_index":["plural","number"],"_":{"zero":"Smazat žádné soubory?","one":"Smazat jeden soubor?","two":"Smazat {{number}} soubory?","few":"Smazat {{number}} souborů?","many":"Smazat {{number}} souborů?","other":"Smazat {{number}} souborů?"}},"unsupported_file_type_download_title":"Soubor nelze otevřít","unsupported_file_type_download_message":"Nebyla nalezena žádná aplikace pro otevření {{name}}. Chcete tento soubor uložit nebo smazat?","unsupported_file_type_download_left_button":"Uchovat soubor","unsupported_file_type_download_right_button":"Smazat","file_not_found_download_title":"Soubor nenalezen","file_not_found_download_message":"Soubor nebyl v zařízení nalezen","file_not_found_download_right_button":"OK","unmounted_sdcard_2_download_title":"Paměťová karta je využívána","unmounted_sdcard_2_download_message":"Odpojte telefon","unmounted_sdcard_2_download_right_button":"OK","no_provider_download_title":"Nelze sdílet","no_provider_download_message":"Nebyl nalezen žádný poskytovatel","no_provider_download_right_button":"OK","no_memory_download_title":"SD karta je plná","no_memory_download_message":"Na vaší SD kartě není dostatek prostoru pro uložení stahovaného souboru. Před opakování pokusu o stažení prosím vymažte některé jiné soubory.","no_memory_download_right_button":"OK","no_sdcard_found_2_download_title":"Paměťová karta nebyla nalezena","no_sdcard_found_2_download_message":"Vložte paměťovou kartu nebo vyberte v Nastavení jiné výchozí umístění médií","no_sdcard_found_2_download_right_button":"OK","file_open_error_download_title":"Soubor nelze otevřít","file_open_error_download_message":"Při otevírání {{name}} došlo k chybě. Chcete tento soubor uložit nebo smazat?","file_open_error_download_left_button":"Uchovat soubor","file_open_error_download_right_button":"Smazat","restart_download_error":"Při opětovném zahájení stahování došli k chybě. Zkuste to prosím později.","no-downloads":"Žádná stahování","percentage":"{{percentage}} %","partialResult":"{{partial}} z {{total}}","summary":"{{date}} - {{status}}","download-stopped":"Přerušeno","download-failed":"Stahování selhalo","open_downloaded_file":"Otevřít","share_downloaded_file":"Sdílet","wallpaper_downloaded_file":"Nastavit jako tapetu","ringtone_downloaded_file":"Nastavit jako vyzvánění","cancel_downloaded_file":"Zrušit","voicemailNoNumberTitle":"Číslo hlasové zprávy není dostupné","voicemailNoNumberText":"Nelze zavolat hlasovou schránku. Nejprve prosím nastavte číslo své hlasové schránky.","voicemailNoNumberSettings":"Nastavení","voicemailNoNumberCancel":"Zrušit","resend":"Znovu odeslat","connecting":"Připojování","verify":"Ověřit","verifying":"Ověřování","verified":"Ověřeno","mobileIDExplanation":"Aplikace {{app_name}} by chtěla zjistit a ověřit vaše telefonní číslo. Zvolte číslo, které chcete sdílet nebo zadejte číslo jiné.","verificationCodeExplanation":"Na telefonní číslo {{phone_number}} byl odeslán ověřovací kód. Pokusíme se ho zachytit automaticky, ale pokud nebude kód zachycen, bude nutné jej zadat ručně.","successMessage":"Úžasné! Vaše telefonní číslo {{phone_number}} je nyní ověřené a dostupné pro aplikaci {{app_name}}.","serverErrorMessage":"Ověřovací server není momentálně dostupný. Zkontrolujte připojení k Internetu, zkuste to znovu a nebo počkejte pár minut.","timeoutErrorMessage":"Zdá se, že se vyskytl problém s ověřovacím kódem. Zkusme to znovu!","errorTitle":"Mobilní identita","addPhoneNumber":"Nebo zadejte nové telefonní číslo","selectPhoneNumber":"Nebo vyberte telefonní číslo ze seznamu"}