{"firefox-accounts-title":"Firefox-konti","fxa-next":"Næste","fxa-back":"Tilbage","fxa-done":"Færdig","fxa-ok":"OK","fxa-connection-error-title":"Kunne ikke forbinde","fxa-connection-error-message":"Du kan oprette en konto eller logge ind fra Indstillinger.","fxa-reset-password-error-title":"Nulstil adgangskode","fxa-reset-password-error-message":"Du kan nulstille din adgangskode fra Indstillinger.","fxa-coppa-failure-error-title":"Kan ikke oprette konto","fxa-coppa-failure-error-message":"Du skal være over en vis alder for at kunne oprette en konto. {{learnmore}}","fxa-learn-more":"Læs mere","fxa-offline-error-title":"Kunne ikke forbinde","fxa-offline-error-message":"Forbind til et netværk fra Indstillinger.","fxa-invalid-email-title":"Fejl","fxa-invalid-email-message":"Indtast en gyldig mailadresse.","fxa-invalid-password-title":"Ugyldig adgangskode","fxa-invalid-password-message":"Kontroller din adgangskode og prøv igen.","fxa-unknown-error-title":"Kunne ikke forbinde","fxa-unknown-error-message":"Systemet er ikke tilgængeligt, prøv igen om lidt.","fxa-connecting":"Forbinder","fxa-enter-email-input":{"placeholder":"Indtast mailadresse"},"fxa-use-email-to-sign-in":"Brug din mailadresse til at oprette en konto eller log ind.","fxa-notice":"Fortsætter du, accepterer du {{tos}} og {{pn}} for Firefox online-tjenester.","fxa-tos":"Tjenestevilkår","fxa-pn":"Privatlivspolitik","fxa-create-password-title":"Opret en adgangskode","fxa-enter-password-title":"Indtast din adgangskode","fxa-hello-user":"Hej {{email}}","fxa-password-refresh":"Indtast adgangskoden til din Firefox-konto for at fortsætte.","fxa-password":{"placeholder":"Adgangskode"},"fxa-forgot-your-password":"Glemt adgangskoden?","fxa-show-password":"Vis adgangskode","fxa-password-length-requirement":"Din adgangskode skal være mindst 8 tegn lang.","fxa-success":"Det lykkedes!","fxa-ready-to-go":"Din Firefox-konto er klar!","fxa-use-features":"Du kan nu bruge funktioner som fx Find min enhed og apps som fx Firefox Marketplace.","fxa-access-manage-account-settings":"Du kan fremover få adgang til og håndtere din konto fra Indstillinger.","fxa-confirm-account":"Bekræft din konto","fxa-will-send-email":"Vi sender en mail til: {{email}}","fxa-signup-click-verification-link-in-email":"Tjek din mail, og klik på bekræftelseslinket for at bekræfte din Firefox-konto.","fxa-age-verification":"Bekræftelse af alder","fxa-age-1990-earlier":"1990 eller tidligere","fxa-year-of-birth":"Fødselsår","brandShortName":"B2G OS","browserBrandShortName":"Webbrowser","browserBrandFullName":"Mozilla Webbrowser","accessibility-enableScreenReaderSteps":"Tryk på lydstyrke op og herefter tre gange på lydstyrke ned for at aktivere skærmlæseren","accessibility-disableScreenReaderSteps":"Tryk på lydstyrke op og herefter tre gange på lydstyrke ned for at deaktivere skærmlæseren","accessibility-screenReaderStarted":"Skærmlæser startet","accessibility-screenReaderStopped":"Skærmlæser stoppet","accessibility-menubar":"menulinje","accessibility-scrollbar":"rullepanel","accessibility-grip":"greb","accessibility-alert":"besked","accessibility-menupopup":"pop op-menu","accessibility-document":"dokument","accessibility-pane":"rude","accessibility-dialog":"dialog","accessibility-separator":"separator","accessibility-toolbar":"værktøjslinje","accessibility-statusbar":"statuslinje","accessibility-table":"tabel","accessibility-columnheader":"kolonneoverskrift","accessibility-rowheader":"rækkeoverskrift","accessibility-column":"kolonne","accessibility-row":"række","accessibility-cell":"celle","accessibility-link":"link","accessibility-list":"liste","accessibility-listitem":"listepunkt","accessibility-outline":"oversigt","accessibility-outlineitem":"oversigtspunkt","accessibility-pagetab":"faneblad","accessibility-propertypage":"egenskabsside","accessibility-graphic":"grafik","accessibility-pushbutton":"knap","accessibility-checkbutton":"afkrydsningsfelt","accessibility-radiobutton":"alternativknap","accessibility-combobox":"kombinationsboks","accessibility-progressbar":"aktivitetslinje","accessibility-slider":"forskyder","accessibility-spinbutton":"rotationsknap","accessibility-diagram":"diagram","accessibility-animation":"animation","accessibility-equation":"ligning","accessibility-buttonmenu":"knapmenu","accessibility-whitespace":"mellemrum","accessibility-pagetablist":"fanebladsliste","accessibility-canvas":"lærred","accessibility-checkmenuitem":"afkrydsningsmenupunkt","accessibility-label":"etiket","accessibility-passwordtext":"adgangskodetekst","accessibility-radiomenuitem":"valgmulighedsmenupunkt","accessibility-textcontainer":"tekstboks","accessibility-togglebutton":"skifteknap","accessibility-treetable":"trætabel","accessibility-header":"hoved","accessibility-footer":"fod","accessibility-paragraph":"afsnit","accessibility-entry":"inddatering","accessibility-caption":"figurtekst","accessibility-heading":"overskrift","accessibility-section":"sektion","accessibility-form":"formular","accessibility-comboboxlist":"liste til kombinationsboks","accessibility-comboboxoption":"valgmulighed i kombinationsboks","accessibility-imagemap":"billedkort","accessibility-listboxoption":"punkt i valgmulighedsliste","accessibility-listbox":"valgmulighedsliste","accessibility-flatequation":"flad ligning","accessibility-gridcell":"celle i tern","accessibility-note":"note","accessibility-figure":"figur","accessibility-definitionlist":"definitionsliste","accessibility-term":"term","accessibility-definition":"definition","accessibility-textarea":"tekstfelt","accessibility-textInputType_date":"dato","accessibility-textInputType_email":"mail","accessibility-textInputType_search":"søg","accessibility-textInputType_tel":"telefon","accessibility-textInputType_url":"URL","accessibility-headingLevel":"overskrift niveau {{0}}","accessibility-listStart":"Første objekt","accessibility-listEnd":"Sidste objekt","accessibility-listItemsCount":{"_index":["plural","count"],"_":{"zero":"{{count}} objekt","one":"{{count}} objekt","two":"{{count}} objekter","few":"{{count}} objekter","many":"{{count}} objekter","other":"{{count}} objekter"}},"accessibility-objItemOfN":"{{0}} af {{1}}","accessibility-banner":"banner","accessibility-complementary":"komplementær","accessibility-contentinfo":"indholdsinformation","accessibility-main":"hoveddel","accessibility-navigation":"navigation","accessibility-search":"søg","accessibility-tblColumnInfo":{"_index":["plural","count"],"_":{"zero":"med {{count}} kolonne","one":"med {{count}} kolonne","two":"med {{count}} kolonner","few":"med {{count}} kolonner","many":"med {{count}} kolonner","other":"med {{count}} kolonner"}},"accessibility-tblRowInfo":{"_index":["plural","count"],"_":{"zero":"og {{count}} rækker","one":"og {{count}} række","two":"og {{count}} rækker","few":"og {{count}} rækker","many":"og {{count}} rækker","other":"og {{count}} rækker"}},"accessibility-columnInfo":"Kolonne {{0}}","accessibility-rowInfo":"Række {{0}}","accessibility-spansColumns":{"_index":["plural","0"],"_":{"zero":"fylder {{0}} kolonne","one":"fylder {{0}} kolonne","two":"fylder {{0}} kolonner","few":"fylder {{0}} kolonner","many":"fylder {{0}} kolonner","other":"fylder {{0}} kolonner"}},"accessibility-spansRows":{"_index":["plural","0"],"_":{"zero":"fylder {{0}} rækker","one":"fylder {{0}} række","two":"fylder {{0}} rækker","few":"fylder {{0}} rækker","many":"fylder {{0}} rækker","other":"fylder {{0}} rækker"}},"accessibility-jumpAction":"hoppede","accessibility-pressAction":"trykkede","accessibility-checkAction":"markerede","accessibility-uncheckAction":"afmarkerede","accessibility-selectAction":"valgte","accessibility-unselectAction":"ikke-valgte","accessibility-openAction":"åbnede","accessibility-closeAction":"lukkede","accessibility-switchAction":"skiftede","accessibility-clickAction":"klikkede","accessibility-collapseAction":"sammenfoldede","accessibility-expandAction":"udfoldede","accessibility-activateAction":"aktiverede","accessibility-cycleAction":"cyklede","accessibility-hidden":"skjult","accessibility-tabLoading":"indlæser","accessibility-tabLoaded":"indlæst","accessibility-tabNew":"ny fane","accessibility-tabLoadStopped":"Indlæsning stoppet","accessibility-tabReload":"genindlæser","accessibility-stateChecked":"markeret","accessibility-stateNotChecked":"ikke markeret","accessibility-statePressed":"trykket","accessibility-stateExpanded":"udvidet","accessibility-stateCollapsed":"sammenfoldet","accessibility-stateUnavailable":"ikke tilgængelig","accessibility-stateRequired":"påkrævet","accessibility-stateTraversed":"besøgt","accessibility-stateHasPopup":"har pop op","accessibility-stateSelected":"markeret","accessibility-editingMode":"redigering","accessibility-navigationMode":"navigering","accessibility-quicknav_Simple":"Standard","accessibility-quicknav_Anchor":"Ankre","accessibility-quicknav_Button":"Knapper","accessibility-quicknav_Combobox":"Kombinationsboks","accessibility-quicknav_Landmark":"Områder","accessibility-quicknav_Entry":"Punkter","accessibility-quicknav_FormElement":"Formularelementer","accessibility-quicknav_Graphic":"Billeder","accessibility-quicknav_Heading":"Overskrifter","accessibility-quicknav_ListItem":"Listeelementer","accessibility-quicknav_Link":"Links","accessibility-quicknav_List":"Lister","accessibility-quicknav_PageTab":"Faneblade","accessibility-quicknav_RadioButton":"Radioknapper","accessibility-quicknav_Separator":"Separatorer","accessibility-quicknav_Table":"Tabeller","accessibility-quicknav_Checkbox":"Afkrydsningsfelter","accessibility-menubarAbbr":"menu bar","accessibility-scrollbarAbbr":"rullepanel","accessibility-gripAbbr":"greb","accessibility-alertAbbr":"besked","accessibility-menupopupAbbr":"pop op-menu","accessibility-documentAbbr":"dokument","accessibility-paneAbbr":"rude","accessibility-dialogAbbr":"dialog","accessibility-separatorAbbr":"separator","accessibility-toolbarAbbr":"værktøjslinje","accessibility-statusbarAbbr":"statuslinje","accessibility-tableAbbr":"tbl","accessibility-columnheaderAbbr":"kolonneoverskrift","accessibility-rowheaderAbbr":"rækkeoverskrift","accessibility-columnAbbr":"kolonne","accessibility-rowAbbr":"række","accessibility-cellAbbr":"celle","accessibility-linkAbbr":"lnk","accessibility-listAbbr":"liste","accessibility-listitemAbbr":"listepunkt","accessibility-outlineAbbr":"oversigt","accessibility-outlineitemAbbr":"oversigtspunkt","accessibility-pagetabAbbr":"faneblad","accessibility-propertypageAbbr":"egenskabsside","accessibility-graphicAbbr":"grafik","accessibility-pushbuttonAbbr":"btn","accessibility-checkbuttonAbbr":"afkrydsningsfelt","accessibility-radiobuttonAbbr":"alternativknap","accessibility-comboboxAbbr":"kombinationsboks","accessibility-progressbarAbbr":"aktivitetslinje","accessibility-sliderAbbr":"forskyder","accessibility-spinbuttonAbbr":"rotationsknap","accessibility-diagramAbbr":"diagram","accessibility-animationAbbr":"animation","accessibility-equationAbbr":"ligning","accessibility-buttonmenuAbbr":"knapmenu","accessibility-whitespaceAbbr":"mellemrum","accessibility-pagetablistAbbr":"fanebladsliste","accessibility-canvasAbbr":"lærred","accessibility-checkmenuitemAbbr":"afkrydsningsmenupunkt","accessibility-labelAbbr":"etiket","accessibility-passwordtextAbbr":"passwdtxt","accessibility-radiomenuitemAbbr":"valgmulighedsmenupunkt","accessibility-textcontainerAbbr":"tekstboks","accessibility-togglebuttonAbbr":"skifteknap","accessibility-treetableAbbr":"trætabel","accessibility-headerAbbr":"hoved","accessibility-footerAbbr":"fod","accessibility-paragraphAbbr":"afsnit","accessibility-entryAbbr":"inddatering","accessibility-captionAbbr":"figurtekst","accessibility-headingAbbr":"overskrift","accessibility-sectionAbbr":"sektion","accessibility-formAbbr":"formular","accessibility-comboboxlistAbbr":"liste til kombinationsboks","accessibility-comboboxoptionAbbr":"valgmulighed i kombinationsboks","accessibility-imagemapAbbr":"imgmap","accessibility-listboxoptionAbbr":"option","accessibility-listboxAbbr":"valgmulighedsliste","accessibility-flatequationAbbr":"flad ligning","accessibility-gridcellAbbr":"celle i tern","accessibility-noteAbbr":"note","accessibility-figureAbbr":"fig","accessibility-definitionlistAbbr":"definitionsliste","accessibility-termAbbr":"term","accessibility-definitionAbbr":"definition","accessibility-textareaAbbr":"txtarea","accessibility-tblColumnInfoAbbr":{"_index":["plural","count"],"_":{"one":"{{count}}k","two":"{{count}}k","few":"{{count}}k","many":"{{count}}k","other":"{{count}}k"}},"accessibility-tblRowInfoAbbr":{"_index":["plural","count"],"_":{"one":"{{count}}r","two":"{{count}}r","few":"{{count}}r","many":"{{count}}r","other":"{{count}}r"}},"accessibility-cellInfoAbbr":"k{{0}}r{{1}}","accessibility-stateCheckedAbbr":"(x)","accessibility-stateUncheckedAbbr":"( )","accessibility-statePressedAbbr":"(x)","accessibility-stateUnpressedAbbr":"( )","ok":"OK","back":"Tilbage","help":"Hjælp","cancel":"Annuller","close":"Luk","skip":"Spring over","clear":{"ariaLabel":"Ryd"},"undo":{"ariaLabel":"Fortryd"},"airplaneMode":"Flytilstand","searching":"Søger…","noNetwork":"Intet netværk","roaming":"{{operator}} (Roaming)","operator-info":"{{carrier}} {{region}}","emergencyCallsOnly":"Kun nødopkald","emergencyCallsOnly-unknownSIMState":"(ukendt simtilstand)","emergencyCallsOnly-noSIM":"(intet simkort)","emergencyCallsOnly-pinRequired":"(pinkode for simkort påkrævet)","emergencyCallsOnly-pukRequired":"(PUK-kode for simkort påkrævet)","emergencyCallsOnly-networkLocked":"(netværket er låst)","emergencyCallsOnly-serviceProviderLocked":"(operatøren er låst)","emergencyCallsOnly-corporateLocked":"(låst af operatøren)","emergencyCallsOnly-network1Locked":"(netværk1 låst)","emergencyCallsOnly-network2Locked":"(netværk2 låst)","emergencyCallsOnly-hrpdNetworkLocked":"(hrpd-netværk låst)","emergencyCallsOnly-ruimCorporateLocked":"(ruim-kort låst)","emergencyCallsOnly-ruimServiceProviderLocked":"(ruim-operatør låst)","enterPIN":"Indtast pinkode","mediaPlaybackTitle":{"ariaLabel":"Titel"},"mediaPlaybackArtist":{"ariaLabel":"Kunstner"},"mediaPlaybackControls":{"ariaLabel":"Afspilningsknapper"},"mediaPlaybackPrevious":{"ariaLabel":"Forrige"},"mediaPlaybackPlay":"Afspil","mediaPlaybackPause":"Pause","mediaPlaybackNext":{"ariaLabel":"Næste"},"wifiButton-on":"Wi-Fi aktiveret","wifiButton-on-initializing":"Wi-Fi aktiveret, initialiserer","wifiButton-off":"Wi-Fi deaktiveret","dataButton-on":"{{type}}-data aktiveret","dataButton-off":"{{type}}-data deaktiveret","bluetoothButton-on":"Bluetooth aktiveret","bluetoothButton-on-initializing":"Bluetooth aktiveret, initialiserer","bluetoothButton-off":"Bluetooth deaktiveret","airplaneMode-on":"Flytilstand aktiveret","airplaneMode-off":"Flytilstand deaktiveret","settingsButton":{"ariaLabel":"Indstillinger"},"utilityTrayGrippy":{"ariaLabel":"Luk funktionsbakken"},"statusbarLabel":"{{date}}, {{operator}}","statusbarDateFormat":"%e. %b","statusbar":{"ariaLabel":"Statuslinje"},"statusbarBattery":"Batteri {{level}} procent","statusbarBatteryCharging":"Batteri {{level}} procent, oplader","statusbarFlightMode":{"ariaLabel":"Flytilstand er slået til"},"statusbarWiFiConnecting":"Wi-Fi: forbinder","statusbarWiFiConnected":"Wi-Fi: {{level}} af 4 streger","statusbarSignal":"{{operator}}-netværk, {{level}} af 5 streger","statusbarSignalRoaming":"{{operator}}-netværk (roaming), {{level}} af 5 streger","statusbarSignalNoneSearching":"Søger… Kun nødopkald","statusbarHeadphones":{"ariaLabel":"Hovedtelefon er slået til"},"statusbarBluetoothHeadphones":{"ariaLabel":"Bluetooth-hovedtelefon er slået til"},"statusbarBluetoothTransferring":{"ariaLabel":"Bluetooth-overførsel er aktiv"},"statusbarIconOn-tethering":"Tethering er slået til","statusbarIconOnActive-tethering":"Tethering er slået til og aktiv","statusbarAlarm":{"ariaLabel":"Alarm er slået til"},"statusbarIconOn-bluetooth":"Bluetooth er slået til","statusbarIconOnActive-bluetooth":"Bluetooth er slået til og aktiv","statusbarIconOn-mute":"Lydløs er slået til","statusbarIconOn-vibration":"Vibrer er slået til","statusbarRecording":{"ariaLabel":"Optager er slået til"},"statusbarGeolocation":{"ariaLabel":"Position er slået til"},"statusbarUsb":{"ariaLabel":"USB er slået til"},"statusbarForwarding":"Viderestilling er slået til","statusbarPlaying":{"ariaLabel":"Medie afspilles"},"statusbarNfc":{"ariaLabel":"NFC er slået til"},"statusbarDownloads":{"ariaLabel":"Henter…"},"statusbarNetworkActivity":{"ariaLabel":"Netværk er slået til"},"statusbarEmergencyCBNotification":{"ariaLabel":"Nødopkaldsfunktion"},"statusbarNotifications":{"_index":["plural","n"],"_":{"one":"{{n}} meddelelse","two":"{{n}} meddelelser","few":"{{n}} meddelelser","many":"{{n}} meddelelser","other":"{{n}} meddelelser"}},"statusbarNotifications-unread":{"_index":["plural","n"],"_":{"one":"{{n}} ulæst meddelelse","two":"{{n}} ulæste meddelelser","few":"{{n}} ulæste meddelelser","many":"{{n}} ulæste meddelelser","other":"{{n}} ulæste meddelelser"}},"notifications":"Meddelelser","clear-all":"Ryd alle","attentionScreen-tapToShow":"Tryk for at vise","newVoicemails":{"_index":["plural","n"],"_":{"zero":"Ingen nye telefonbeskeder","one":"1 ny telefonbesked","two":"{{n}} nye telefonbeskeder","few":"{{n}} nye telefonbeskeder","many":"{{n}} nye telefonbeskeder","other":"{{n}} nye telefonbeskeder"}},"newVoicemailsUnknown":"Nye telefonbeskeder","dialNumber":"Ring til {{number}}","voicemailNotificationMultiSim":"(Simkort {{n}}) {{title}}","confirmNFCConnectBTenabledNameUnknown":"Er du sikker på, at du vil forbindes med enheden?","confirmNFCConnectBTdisabledNameUnknown":"Aktiver Bluetooth og forbind med enheden?","confirmNFCConnectBTenabledNameKnown":"Er du sikker på, at du vil forbindes med {{deviceName}}?","confirmNFCConnectBTdisabledNameKnown":"Aktiver Bluetooth og forbind med {{deviceName}}?","confirmNFCConnectBTdisabled":"Aktiver","dismissNFCConnectBTdisabled":"Annuller","confirmation":"Bekræftelse","deviceMenu":"Telefon","airplane":"Aktiver flytilstand","airplaneOff":"Deaktiver flytilstand","silent":"Lydløs ved indkommende opkald","normal":"Ring ved indkommende opkald","restart":"Genstart","power":"Sluk","no-recent-apps":"Ingen seneste apps","yes":"Ja","no":"Nej","dontallow":"Tillad ikke","allow":"Tillad","dontshare-geolocation":"Del ikke","share-geolocation":"Del","dontshare-audio-capture":"Del ikke","share-audio-capture":"Del","dontshare-video-capture":"Del ikke","share-video-capture":"Del","dontshare-media-capture":"Del ikke","share-media-capture":"Del","device-front":"Frontkamera","device-back":"Bagsidekamera","remember-my-choice":"Husk mit valg","more-info":"Læs mere…","hide-info":"Skjul info","install-app":"Installer {{name}}?","size":"Størrelse","author":"Udvikler","size-unknown":"Ukendt","author-unknown":"Ukendt","install":"Installer","bytes":"bytes","kB":"kB","MB":"MB","GB":"GB","TB":"TB","PB":"PB","app-install-generic-error":"Hentning af {{ appName }} er stoppet","app-install-download-failed":"Hentning af {{ appName }} mislykkedes","app-install-install-failed":"Installation af {{ appName }} mislykkedes","cancelling-will-not-refund":"Du får ikke pengene tilbage, hvis du annullerer. Hvis du vil have penge tilbage, skal du have dem af sælgeren.","apps-can-be-installed-later":"Apps kan installeres senere fra den oprindelige installationskilde.","are-you-sure-you-want-to-cancel":"Er du sikker på, at du vil annullere denne installation?","cancel-install":"Annuller","cancel-install-button":"Annuller","resume":"Genoptag","continue":"Fortsæt","stopDownloading":"Stop hentning af {{ app }}?","app-download-can-be-restarted":"Hentningen kan genstartes senere.","app-download-stop-button":"Stop hentning","not-enough-space":"Der er ikke plads nok","not-enough-space-message":"Der er ikke plads nok til at installere denne app. Frigør plads ved at afinstallere ældre apps eller filer, og prøv derefter at installere igen.","app-install-success":"{{ appName }} installeret","setup":"Indstillinger","ime-addkeyboards":"Tilføj tastaturer","later":"Senere","download":"Hent","wantToDownload":"Hent opdatering nu?","wantToInstall":"Installer opdatering nu?","installNow":"Installer nu","notNow":"Ikke nu","downloadingUpdateMessage":{"innerHTML":"Henter opdateringer… <span>{{ progress }} hentet.</span>"},"downloadingAppMessage":"Henter {{ appName }}","downloadingAppProgressNoMax":"{{ progress }} hentet","downloadingAppProgressIndeterminate":"Henter","downloadingAppProgress":"{{ progress }} / {{ max }} hentet","cancelAllDownloads":"Annuller alle filhentninger","wantToCancelAll":"Er du sikker på, at du vil annullere alle filhentninger?","downloadError":"Der opstod en fejl ved hentning af opdateringer.","updateAvailableInfo":{"innerHTML":{"_index":["plural","n"],"_":{"one":"{{ n }} opdatering er tilgængelig. <span>Tryk for mere info.</span>","two":"{{ n }} opdateringer er tilgængelige. <span>Tryk for mere info.</span>","few":"{{ n }} opdateringer er tilgængelige. <span>Tryk for mere info.</span>","many":"{{ n }} opdateringer er tilgængelige. <span>Tryk for mere info.</span>","other":"{{ n }} opdateringer er tilgængelige. <span>Tryk for mere info.</span>"}}},"numberOfUpdates":{"_index":["plural","n"],"_":{"one":"{{ n }} opdatering er tilgængelig","two":"{{ n }} opdateringer er tilgængelige","few":"{{ n }} opdateringer er tilgængelige","many":"{{ n }} opdateringer er tilgængelige","other":"{{ n }} opdateringer er tilgængelige"}},"systemUpdate":"Systemopdatering","systemUpdateReady":"Systemopdatering er klar","systemUpdateLowBatteryThreshold":"Du skal have mindst {{ threshold }} procent batteri tilbage for at kunne installere opdateringen.","required":"Påkrævet","uncompressingMessage":{"innerHTML":"Udpakker… <span>Dette kan tage nogle minutter.</span>"},"downloadNoWifiWarning":"Wi-Fi er ikke tilgængelig. Opdatering over din nuværende forbindelse kan resultere i dataafgifter.","downloadOfflineWarning":"Forbindelse er ikke tilgængelig. Du skal forbinde til et netværk for at hente opdateringer.","downloadDataConnectionWarning":"Opdateringer hentes via dataforbindelsen, hvis Wi-Fi ikke er tilgængelig. Dette kan resultere i dataafgifter.","downloadUpdatesViaDataConnection":"Hent opdateringer via dataforbindelsen?","downloadUpdatesViaDataConnectionMessage":"Opdateringer hentes via dataforbindelsen, hvis Wi-Fi ikke er tilgængelig. Når du bruger dataforbindelsen, kan telefonopkald blokeres, og det kan resultere i dataafgifter.","downloadUpdatesVia2GForbidden2":"Downloading updates is not possible on slow connections (2G). Please connect via Wi-Fi or 3G (if available) and try again.","screenshotSaved":"Billede gemt til galleriet","screenshotFailed":"Billedet kunne ikke gemmes","screenshotNoSDCard":"Intet hukommelseskort fundet","screenshotSDCardInUse":"Hukommelseskortet er i brug","screenshotSDCardLow":"For lidt plads på hukommelseskortet","emergency-call-button":"Nødopkald","emergency-call":"Nødopkald","unlock-a11y-button":{"ariaLabel":"Lås op"},"camera-a11y-button":{"ariaLabel":"Kamera"},"longDateFormat":"%A d. %e. %B","panel-passcode":{"ariaLabel":"Panel til adgangskode"},"lockscreen-sim-id":"Simkort {{ n }}","softwareHomeButton":{"ariaLabel":"Hjem"},"login":"Log ind","username":"Brugernavn","password":"Adgangskode","http-authentication-message":"{{host}} kræver et brugernavn og en adgangskode. Webstedet siger: “{{realm}}”","error-message":"{{name}} indlæses ikke korrekt","error-title":"{{name}} har problemer","airplane-is-on":"Flytilstand er aktiveret","airplane-is-turned-on":"{{name}} kræver en netværksforbindelse. Deaktiver flytilstand og forbind til Wi-Fi eller et datanetværk.","server-not-found":"Server ikke fundet","server-not-found-error":"Kan ikke finde serveren på {{name}}.","file-not-found":"Filen blev ikke fundet","file-not-found-error":"Enheden kan ikke vise denne side, fordi filen ikke kan findes.","connection-failed":"Kan ikke forbinde","connection-failed-error":"Der opstod en netværksfejl ved indlæsning af webstedet.","invalid-connection":"Kan ikke forbinde","invalid-connection-error":"Der opstod en netværksfejl ved indlæsning af webstedet.","malformed-uri":"Ugyldig URL","malformed-uri-error":"Den angivne URL er ugyldig og kan ikke indlæses.","redirect-loop":"Kan ikke vise side","redirect-loop-error":"Enheden kan ikke vise denne side, fordi siden ikke viderestiller korrekt. Prøv igen senere.","not-cached":"Siden er udløbet","not-cached-error":"Af sikkerhedsgrunde kan siden ikke vises af enheden, fordi siden er udløbet.","is-printing-error":"Dokumentet kan ikke ændres, mens der udskrives eller funktionen vis udskrift er aktiv.","denied-port-access":"Adressen er blokeret","denied-port-access-error":"Denne adresse benytter en netværksport, der normalt er forbeholdt andre formål. Enheden har annulleret forespørgslen for at beskytte dig.","proxy-resolve-failure":"Fejl på proxyserver","proxy-resolve-failure-error":"Enheden er konfigureret til at benytte en proxyserver, der ikke kan findes.","proxy-connect-failure":"Fejl på proxyserver","proxy-connect-failure-error":"Enheden er konfigureret til at benytte en proxyserver, der ikke tillader forbindelser.","content-encoding":"Siden kan ikke vises","content-encoding-error":"Enheden kan ikke vise siden, fordi der opstod en indholdskodningsfejl.","remote-xul":"Ikke understøttet side","remote-xul-error":"Siden kan ikke vises, fordi den bruger en teknologi, som ikke er understøttet på denne enhed.","phishing-blocked":"Advarsel","phishing-blocked-error":"Dette websted er blevet rapporteret som en forfalskning med henblik på at narre folk til at oplyse deres personlige eller økonomiske informationer.","malware-blocked":"Malware-angreb blokeret","malware-blocked-error":"Dette websted er blevet identificeret som indeholdende malware, og er blevet blokeret af hensyn til din sikkerhed.","unsafe-content-type":"Farligt indhold","unsafe-content-type-error":"Denne side kan ikke vises, da det kan være farligt at åbne den.","corrupted-content":"Siden kan ikke vises","corrupted-content-error":"Siden kan ikke vises, da der opstod en fejl i overførslen.","network-connection-unavailable":"Netværksforbindelse er ikke tilgængelig","network-error":"{{name}} kræver en netværksforbindelse. Prøv at forbinde til Wi-Fi eller et datanetværk.","network-error-launching":"{{name}} kræver en internetforbindelse.","network-error-in-app":"Der er ikke forbindelse til internettet.","unable-to-connect":"Kan ikke oprette forbindelse","try-again":"Prøv igen","check-settings":"Kontroller indstillingerne","tap-to-check-settings":"Tryk for at kontrollere indstillingerne","select-time":"Vælg klokkeslæt","choose-option":"Vælg","choose-options":"Vælg","select-day":"Vælg dato","battery-almost-empty":"Batteriet er næsten tomt","add-to-home-screen":"Føj til startskærm","share":"Del","crash-dialog2-os":"{{brandShortName}} blev genstartet efter en fejl","crash-dialog-app":"{{name}} gik ned","crash-dialog-message":"Vil du sende en fejlrapport til Mozilla, så du kan hjælpe os med at rette fejlen? (Rapporter sendes kun over Wi-Fi).","crash-info-link":"Hvad er der i en fejlrapport?","crash-always-report":"Send altid en fejlrapport til Mozilla ved fejl.","crash-dont-send":"Send ikke","crash-end":"Send fejlrapport","crashReports":"Fejlrapporter","done":"Færdig","crash-reports-description-1":"En fejlrapport indeholder oplysninger om fejlen og din enhed samt et øjebliksbillede af din enhed da fejlen opstod.","crash-reports-description-2":"Dette kan inkludere ting som åbne sider og apps, tekst indtastet i formularer og indhold i åbne mails og beskeder, nylig historik fra browseren eller position som bruges i en åben app.","crash-reports-description-3-start":"Vi bruger fejlrapporter til at forbedre vores produkter. Du kan læse, hvordan vi behandler dine informationer, i vores ","crash-reports-description-3-privacy":"privatlivspolitik","crash-reports-description-3-end":".","crash-banner-os2":"{{brandShortName}} gik ned.","crash-banner-app":"{{name}} gik ned.","crash-banner-report":"Rapporter","bluetooth-sending-progress":"Sender Bluetooth-overførsel…","bluetooth-receiving-progress":"Modtager Bluetooth-overførsel…","acceptFileTransfer":"Accepter Bluetooth-filoverførsel?","wantToReceiveFile":"{{deviceName}} vil overføre {{fileName}} ({{fileSize}}).","transfer-confirmation-title":"{{deviceName}}","transfer-confirmation-description":"Gennemgå overførselsforespørgslen.","byteUnit-B":"Bytes","byteUnit-KB":"KB","byteUnit-MB":"MB","byteUnit-GB":"GB","byteUnit-TB":"TB","byteUnit-PB":"PB","byteUnit-EB":"EB","byteUnit-ZB":"ZB","byteUnit-YB":"YB","fileSize":"{{size}} {{unit}}","deny":"Afvis","transfer":"Overfør","cancelFileTransfer":"Annuller Bluetooth-filoverførsel?","continueFileTransfer":"Fortsæt","transfer-has-started-title":"Overførsel startet","transfer-has-started-description":"Se fremgangen i meddelelsescenteret","transferFinished-sentSuccessful-title":"Fil sendt","transferFinished-receivedSuccessful-title":"Fil modtaget","transferFinished-sentFailed-title":"Filen kunne ikke sendes","transferFinished-receivedFailed-title":"Filen kunne ikke modtages","transferReport-title":"Overførselsrapport:","transferReport-description":"{{numSuccessful}} filer overført, {{numUnsuccessful}} filer ikke overført","unknown-file":"Ukendt fil","unknown-device":"Ukendt enhed","cannotOpenFile":"Kan ikke åbne den modtagede fil","unknownMediaTypeToOpen":"Kan ikke åbne den ukendte filtype:","cannotReceiveFile":"Kan ikke modtage fil","cannotGetStorageState":"Kan ikke hente enhedens lagerstatus.","sdcard-not-exist2":"Hukommelseskort ikke fundet. Indsæt et hukommelseskort.","sdcard-in-use":"Bluetooth kan ikke bruges, mens telefonen er tilsluttet. Frakobl telefonen for at modtage fil(er).","sdcard-no-space2":"Kan ikke afslutte overførsel. Hukommelseskortet er fyldt op.","unknown-error":"Ukendt fejl","confirm":"Bekræft","microphone-is-on":"Mikrofon er tændt","camera-is-on":"Kamera er tændt","media-is-on":"Kamera og mikrofon er tændt","noSimCard":"Intet simkort","simPin":"Pinkode til simkort","pukCode":"PUK-kode","nckCode":"NCK-kode","cckCode":"CCK-kode","spckCode":"SPCK-kode","nck1code":"NCK1-kode","nck2code":"NCK2-kode","hnckcode":"HNCK-kode","rcckcode":"RCCK-kode","rspckcode":"RSPCK-kode","whatIsSimPin":"Hvad er en pinkode til simkortet?","simPinIntro1":"Pinkoden til simkortet forhindrer uvedkommende at bruge simkortet til at gå på netværket. Når pinkoden er aktiveret, skal koden indtastes ved start, før enheden kan bruges - uanset hvilken enhed kortet indsættes i.","simPinIntro2":"En pinkode til simkortet er ikke det samme som en adgangskode til at låse en enhed op.","changeSimPin":"Skift pinkode","pinTitle":"Pinkode til simkort","multiSIMpinTitle":"Pinkode til simkort {{n}}","pukTitle":"Indtast PUK-kode","nckTitle":"Indtast NCK-kode","cckTitle":"Indtast CCK-kode","spckTitle":"Indtast SPCK-kode","nck1Title":"Indtast NCK1-kode","nck2Title":"Indtast NCK2-kode","hnckTitle":"Indtast HNCK-kode","rcckTitle":"Indtast RCCK-kode","rspckTitle":"Indtast RSPCK-kode","newpinTitle":"Ny pinkode","inputCodeRetriesLeft":{"_index":["plural","n"],"_":{"one":"Sidste forsøg.","two":"{{n}} forsøg tilbage.","few":"{{n}} forsøg tilbage.","many":"{{n}} forsøg tilbage.","other":"{{n}} forsøg tilbage."}},"pinErrorMsg":"Forkert pinkode.","pinAttemptMsg2":{"_index":["plural","n"],"_":{"one":"Du har 1 forsøg tilbage til at indtaste den korrekte kode, før simkortet låses.","two":"Du har {{n}} forsøg tilbage til at indtaste den korrekte kode, før simkortet låses.","few":"Du har {{n}} forsøg tilbage til at indtaste den korrekte kode, før simkortet låses.","many":"Du har {{n}} forsøg tilbage til at indtaste den korrekte kode, før simkortet låses.","other":"Du har {{n}} forsøg tilbage til at indtaste den korrekte kode, før simkortet låses."}},"pinLastChanceMsg":"Dette er din sidste mulighed for at indtaste den korrekte kode. Ellers låses simkortet, og du skal indtaste PUK-koden for atter at kunne bruge simkortet.","simCardLockedMsg":"Simkortet er låst.","enterPukMsg":"Du skal indtaste din Personal Unlocking Key (PUK-kode) til simkortet. Tjek dokumentationen for dit simkort, eller kontakt din operatør for yderligere information.","pukErrorMsg":"Forkert PUK-kode.","pukAttemptMsg2":{"_index":["plural","n"],"_":{"one":"Du har 1 forsøg tilbage til at indtaste den korrekte PUK-kode til dette simkort, før kortet låses for bestandigt. Tjek dokumentationen for dit simkort, eller kontakt din operatør for yderligere information.","two":"Du har {{n}} forsøg tilbage til at indtaste den korrekte PUK-kode til dette simkort, før kortet låses for bestandigt. Tjek dokumentationen for dit simkort, eller kontakt din operatør for yderligere information.","few":"Du har {{n}} forsøg tilbage til at indtaste den korrekte PUK-kode til dette simkort, før kortet låses for bestandigt. Tjek dokumentationen for dit simkort, eller kontakt din operatør for yderligere information.","many":"Du har {{n}} forsøg tilbage til at indtaste den korrekte PUK-kode til dette simkort, før kortet låses for bestandigt. Tjek dokumentationen for dit simkort, eller kontakt din operatør for yderligere information.","other":"Du har {{n}} forsøg tilbage til at indtaste den korrekte PUK-kode til dette simkort, før kortet låses for bestandigt. Tjek dokumentationen for dit simkort, eller kontakt din operatør for yderligere information."}},"pukLastChanceMsg":"Dette er din sidste mulighed for at indtaste en korrekt PUK-kode. Hvis du indtaster en forkert PUK-kode, vil dit simkort blive låst for bestandigt. Tjek dokumentationen for dit simkort, eller kontakt din operatør for yderligere information.","newSimPinMsg":"Opret en ny pinkode (4 til 8 cifre)","confirmNewSimPinMsg":"Bekræft ny pinkode","newPinErrorMsg":"Pinkoderne er ikke ens.","nckErrorMsg":"Forkert NCK-kode.","nckAttemptMsg2":{"_index":["plural","n"],"_":{"one":"Unlock mislykkedes. Du har 1 forsøg tilbage til at indtaste den korrekte NCK-kode. Tjek dokumentationen for dit simkort, eller kontakt din operatør for yderligere information.","two":"Unlock mislykkedes. Du har {{n}} forsøg tilbage til at indtaste den korrekte NCK-kode. Tjek dokumentationen for dit simkort, eller kontakt din operatør for yderligere information.","few":"Unlock mislykkedes. Du har {{n}} forsøg tilbage til at indtaste den korrekte NCK-kode. Tjek dokumentationen for dit simkort, eller kontakt din operatør for yderligere information.","many":"Unlock mislykkedes. Du har {{n}} forsøg tilbage til at indtaste den korrekte NCK-kode. Tjek dokumentationen for dit simkort, eller kontakt din operatør for yderligere information.","other":"Unlock mislykkedes. Du har {{n}} forsøg tilbage til at indtaste den korrekte NCK-kode. Tjek dokumentationen for dit simkort, eller kontakt din operatør for yderligere information."}},"nckLastChanceMsg":"Unlock mislykkedes. Dette er din sidste mulighed for at indtaste den korrekte NCK-kode. Tjek dokumentationen for dit simkort, eller kontakt din operatør for yderligere information.","activity-pick":"Vælg fra:","activity-view":"Vis med:","activity-test":"Test med:","activity-share":"Del med:","activity-new":"Opret med:","activity-open":"Åbn med:","activity-save-bookmark":"Genvej til:","activity-record":"Optag fra:","activity-browse":"Browse med:","activity-configure":"Indstil med:","activity-dial":"Ring fra:","persona-signin":"Log ind","payment-flow":"Køb","remoteDebuggerMessage":"Der er modtaget en anmodning om tilladelse til fjernbetjent fejlfinding. Acceptér anmodningen?","fullscreen-request":"{{origin}} vises nu i fuldskærm.","captive-wifi-available":"Netværket {{networkName}} blev fundet. Kobl på netværket?","ceWarningtitle":"Advarsel om lydstyrke","ceWarningcontent":"Undlad at benytte høj lydstyrke i længere tid ad gangen, da det kan forårsage høreskader.","notification-powersaving-mode-on-title":"Strømbesparende tilstand","notification-powersaving-mode-on-description":"Strømbesparende tilstand er aktiveret.","low-device-storage":"Enhedens lagerplads.\\n","free-space":{"_index":["plural","value"],"_":{"zero":"Der er ingen ledig lagerplads.","one":"Mindre end {{value}} {{unit}} tilbage.","two":"Mindre end {{value}} {{unit}} tilbage.","few":"Mindre end {{value}} {{unit}} tilbage.","many":"Mindre end {{value}} {{unit}} tilbage.","other":"Mindre end {{value}} {{unit}} tilbage."}},"unknown-free-space":"Ukendt ledig lagerplads.","system-alert":"System-advarsel","cb-channel":"Kanal {{channel}}","cb-etws-warningType-earthquake":"Advarsel, jordskælv!","cb-etws-warningType-tsunami":"Advarsel, tsunami!","cb-etws-warningType-earthquake-tsunami":"Advarsel, jordskælv med tsunami!","cb-etws-warningType-test":"Advarselssystemet testes.","cb-etws-warningType-other":"Advarsel, nødsituation!","icc-message-maintitle":"Operatørbesked","icc-message-subtitle":"simkort {{id}}","icc-confirmCall-defaultmessage":"Ring til {{number}}?","icc-alertMessage-defaultmessage":"Sender besked","icc-confirmMessage-defaultmessage":"Send besked?","icc-inputbox-maintitle":"STK-forespørgsel","icc-inputbox-subtitle":"simkort {{id}}","emergency-callback-mode":"Nødopkaldsfunktion","emergency-callback-message":"Du kan ikke foretage opkald, sende beskeder eller gå på internettet, fordi nødopkaldsfunktion er aktiveret. Vil du deaktivere nødopkaldsfunktion?","cdma-record-info":"CDMA-information","ime-switching-title":"{{appName}}: {{name}}","ime-switching-tip":"Tryk for at skifte indput-metode","shrinking-tip":"Stryg for at dele","download_started":"Hentning startet","download_stopped":"Hentning stoppet","download_downloading":"Henter…","download_succeeded":"Hentning fuldført","download_failed":"Hentning mislykkedes","download_text_by_default":"{{name}}","download_downloading_text_2":"{{percentage}}% - {{name}}","search-or-enter-address":{"_":"Søg eller indtast adresse","placeholder":"Søg eller indtast adresse"},"noSIMCardInHotspot":"Der er intet simkort, eller det er isat forkert. Slå hotspot fra","noHopspotWhenAPMisOn":"Du skal deaktivere flytilstand for at kunne bruge wi-fi-hotspot","apmActivated":"Flytilstand aktiveret","open-in-new-tab":"Åbn link i nyt faneblad","add-link-to-home-screen":"Føj link til startskærm","share-link":"Del link","save-image":"Gem billede","save-video":"Gem video","save-audio":"Gem lyd","save-link":"Gem linket fil","share-image":"Del billede","share-video":"Del video","share-audio":"Del lyd","weekday-0-long":"Søndag","weekday-1-long":"Mandag","weekday-2-long":"Tirsdag","weekday-3-long":"Onsdag","weekday-4-long":"Torsdag","weekday-5-long":"Fredag","weekday-6-long":"Lørdag","weekday-0-short":"Søn","weekday-1-short":"Man","weekday-2-short":"Tir","weekday-3-short":"Ons","weekday-4-short":"Tor","weekday-5-short":"Fre","weekday-6-short":"Lør","month-0-long":"Januar","month-1-long":"Februar","month-2-long":"Marts","month-3-long":"April","month-4-long":"Maj","month-5-long":"Juni","month-6-long":"Juli","month-7-long":"August","month-8-long":"September","month-9-long":"Oktober","month-10-long":"November","month-11-long":"December","month-0-genitive":"januar","month-1-genitive":"februar","month-2-genitive":"marts","month-3-genitive":"april","month-4-genitive":"maj","month-5-genitive":"juni","month-6-genitive":"juli","month-7-genitive":"august","month-8-genitive":"september","month-9-genitive":"oktober","month-10-genitive":"november","month-11-genitive":"december","month-0-short":"Jan","month-1-short":"Feb","month-2-short":"Mar","month-3-short":"Apr","month-4-short":"Maj","month-5-short":"Jun","month-6-short":"Jul","month-7-short":"Aug","month-8-short":"Sep","month-9-short":"Okt","month-10-short":"Nov","month-11-short":"Dec","minutes-ago-long":{"_index":["plural","value"],"_":{"zero":"nu","one":"for et minut siden","two":"for {{value}} minutter siden","few":"for {{value}} minutter siden","many":"for {{value}} minutter siden","other":"for {{value}} minutter siden"}},"hours-ago-long":{"_index":["plural","value"],"_":{"zero":"nu","one":"for en time siden","two":"for {{value}} timer siden","few":"for {{value}} timer siden","many":"for {{value}} timer siden","other":"for {{value}} timer siden"}},"days-ago-long":{"_index":["plural","value"],"_":{"zero":"i dag","one":"i går","two":"for {{value}} dage siden","few":"for {{value}} dage siden","many":"for {{value}} dage siden","other":"for {{value}} dage siden"}},"weeks-ago-long":{"_index":["plural","value"],"_":{"zero":"denne uge","one":"sidste uge","two":"for {{value}} uger siden","few":"for {{value}} uger siden","many":"for {{value}} uger siden","other":"for {{value}} uger siden"}},"months-ago-long":{"_index":["plural","value"],"_":{"zero":"denne måned","one":"sidste måned","two":"for {{value}} måneder siden","few":"for {{value}} måneder siden","many":"for {{value}} måneder siden","other":"for {{value}} måneder siden"}},"years-ago-long":{"_index":["plural","value"],"_":{"zero":"dette år","one":"sidste år","two":"for {{value}} år siden","few":"for {{value}} år siden","many":"for {{value}} år siden","other":"for {{value}} år siden"}},"minutes-until-long":{"_index":["plural","value"],"_":{"zero":"nu","one":"om et minut","two":"om {{value}} minutter","few":"om {{value}} minutter","many":"om {{value}} minutter","other":"om {{value}} minutter"}},"hours-until-long":{"_index":["plural","value"],"_":{"zero":"nu","one":"om en time","two":"om {{value}} timer","few":"om {{value}} timer","many":"om {{value}} timer","other":"om {{value}} timer"}},"days-until-long":{"_index":["plural","value"],"_":{"zero":"i dag","one":"i morgen","two":"om {{value}} dage","few":"om {{value}} dage","many":"om {{value}} dage","other":"om {{value}} dage"}},"weeks-until-long":{"_index":["plural","value"],"_":{"zero":"denne uge","one":"næste uge","two":"om {{value}} uger","few":"om {{value}} uger","many":"om {{value}} uger","other":"om {{value}} uger"}},"months-until-long":{"_index":["plural","value"],"_":{"zero":"denne måned","one":"næste måned","two":"om {{value}} måneder","few":"om {{value}} måneder","many":"om {{value}} måneder","other":"om {{value}} måneder"}},"years-until-long":{"_index":["plural","value"],"_":{"zero":"i år","one":"næste år","two":"om {{value}} år","few":"om {{value}} år","many":"om {{value}} år","other":"om {{value}} år"}},"minutes-ago-short":{"_index":["plural","value"],"_":{"zero":"nu","other":"{{value}}m siden"}},"hours-ago-short":{"_index":["plural","value"],"_":{"zero":"nu","other":"{{value}}t siden"}},"days-ago-short":{"_index":["plural","value"],"_":{"zero":"i dag","other":"{{value}}d siden"}},"minutes-until-short":{"_index":["plural","value"],"_":{"zero":"nu","other":"om {{value}}m"}},"hours-until-short":{"_index":["plural","value"],"_":{"zero":"nu","other":"om {{value}}t"}},"days-until-short":{"_index":["plural","value"],"_":{"zero":"i dag","other":"om {{value}}d"}},"incorrectDate":"(forkert dato)","dateTimeFormat_%c":"%a d. %e. %b %Y %H:%M:%S","dateTimeFormat_%x":"%d-%m-%Y","dateTimeFormat_%X":"%H:%M:%S","shortTimeFormat":"%H:%M","shortDateTimeFormat":"%x %H:%M","weekStartsOnMonday":"1","time_am":"AM","time_pm":"PM","title-app":"App-tilladelser","title-web":"Webstedstilladelser","title-cam":"Vælg kamera","perm-contacts":"Kontakter","perm-contacts-appRequest":"{{app}} vil have adgang til dine kontakter.","perm-contacts-webRequest":"{{site}} vil have adgang til dine kontakter.","perm-desktop-notification":"Meddelelser","perm-desktop-notification-appRequest":"{{app}} vil have lov at vise meddelelser.","perm-desktop-notification-webRequest":"{{site}} vil have lov at vise meddelelser.","perm-device-storage-music":"Musik","perm-device-storage-music-appRequest":"{{app}} vil have adgang til din musik.","perm-device-storage-music-webRequest":"{{site}} vil have adgang til din musik.","perm-device-storage-pictures":"Billeder","perm-device-storage-pictures-appRequest":"{{app}} vil have adgang til dine billeder.","perm-device-storage-pictures-webRequest":"{{site}} vil have adgang til dine billeder.","perm-device-storage-sdcard":"Hukommelseskort","perm-device-storage-sdcard-appRequest":"{{app}} vil have adgang til dit hukommelseskort.","perm-device-storage-sdcard-webRequest":"{{site}} vil have adgang til dit hukommelseskort.","perm-device-storage-videos":"Video","perm-device-storage-videos-appRequest":"{{app}} vil have adgang til dine videoer.","perm-device-storage-videos-webRequest":"{{site}} vil have adgang til dine videoer.","perm-fmradio":"FM-radio","perm-fmradio-appRequest":"{{app}} vil have adgang til din FM-radio.","perm-fmradio-webRequest":"{{site}} vil have adgang til din FM-radio.","perm-geolocation":"Position","perm-geolocation-appRequest":"Vil du dele din position med {{app}}?","perm-geolocation-webRequest":"Vil du dele din position med {{site}}?","perm-geolocation-more-info":"{{brandShortName}} bruger data som fx GPS, Wi-Fi og mobile netværk i nærheden til at fastsætte din omtrentlige position. Data sendes til Mozilla og andre tjenesteudbydere og vil blive brugt til at forbedre positionsdatabaserne. Data kan blive gemt på din enhed og indsamling af data kan ske, selvom du ikke har apps kørende.","perm-video-capture":"Kamera","perm-video-capture-appRequest":"Vil du dele dit kamera med {{app}}?","perm-video-capture-webRequest":"Vil du dele dit kamera med {{site}}?","perm-audio-capture":"Mikrofon","perm-audio-capture-appRequest":"Vil du dele din mikrofon med {{app}}?","perm-audio-capture-webRequest":"Vil du dele din mikrofon med {{site}}?","perm-media-capture":"Kamera og mikrofon","perm-media-capture-appRequest":"Vil du dele dit kamera og din mikrofon med {{app}}?","perm-media-capture-webRequest":"Vil du dele dit kamera og din mikrofon med {{site}}?","perm-camera-selector-appRequest":"Vælg kamera til {{app}}.","perm-camera-selector-webRequest":"Vælg kamera til {{site}}.","perm-mobileid":"Mobil-identitet","stopped_download_title":"Hentning stoppet","stopped_download_message":"Hentning blev stoppet. Prøv at hente igen?","stopped_download_left_button":"Annuller","stopped_download_right_button":"Prøv igen","failed_download_title":"Hentning mislykkedes","failed_download_message":"{{name}} kunne ikke hentes. Prøv at hente igen?","failed_download_left_button":"Annuller","failed_download_right_button":"Prøv igen","stop_download_title":"Stop hentning","stop_download_message":"Er du sikker på, at du vil stoppe hentningen?","stop_download_left_button":"Nej","stop_download_right_button":"Ja","delete_download_title":"Slet","delete_download_message":"Slet {{name}}?","delete_download_left_button":"Annuller","delete_download_right_button":"Slet","delete_all_download_title":"Slet","delete_all_download_left_button":"Annuller","delete_all_download_right_button":"Slet","delete_all_download_message":{"_index":["plural","number"],"_":{"zero":"Slet ikke nogen filer?","one":"Slet 1 fil?","two":"Slet {{number}} filer?","few":"Slet {{number}} filer?","many":"Slet {{number}} filer?","other":"Slet {{number}} filer?"}},"unsupported_file_type_download_title":"Kunne ikke åbnes","unsupported_file_type_download_message":"Der er ikke nogen app der kan åbne {{name}}. Vil du beholde filen eller slette den?","unsupported_file_type_download_left_button":"Behold fil","unsupported_file_type_download_right_button":"Slet","file_not_found_download_title":"Fil ikke fundet","file_not_found_download_message":"Filen blev ikke fundet på enheden","file_not_found_download_right_button":"OK","unmounted_sdcard_2_download_title":"Hukommelseskortet er i brug","unmounted_sdcard_2_download_message":"Afkobl enheden","unmounted_sdcard_2_download_right_button":"OK","no_provider_download_title":"Kunne ikke dele","no_provider_download_message":"Operatør ikke fundet","no_provider_download_right_button":"OK","no_memory_download_title":"SD-kortet er fuldt","no_memory_download_message":"Der er ikke mere plads på SD-kortet til at gemme din filhentning. Slet nogle filer, før du genstarter filhentningen.","no_memory_download_right_button":"OK","no_sdcard_found_2_download_title":"Hukommelseskort ikke fundet","no_sdcard_found_2_download_message":"Indsæt hukommelseskort eller vælg en anden standardplacering af mediefiler under indstillinger","no_sdcard_found_2_download_right_button":"OK","file_open_error_download_title":"Kunne ikke åbnes","file_open_error_download_message":"Der er et problem med at åbne {{name}}. Vil du beholde filen eller slette den?","file_open_error_download_left_button":"Behold fil","file_open_error_download_right_button":"Slet","restart_download_error":"Der opstod en fejl under genstart af hentningen. Prøv at hente igen.","no-downloads":"Ingen filhentninger","percentage":"{{percentage}} %","partialResult":"{{partial}} af {{total}}","summary":"{{date}} - {{status}}","download-stopped":"Stoppet","download-failed":"Hentning mislykkedes","open_downloaded_file":"Åbn","share_downloaded_file":"Del","wallpaper_downloaded_file":"Brug som baggrundsbillede","ringtone_downloaded_file":"Brug som ringetone","cancel_downloaded_file":"Annuller","voicemailNoNumberTitle":"Telefonsvarerens nummer findes ikke","voicemailNoNumberText":"Kan ikke ringe til telefonsvareren. Du skal angive et nummer til telefonsvareren for at kunne ringe til den.","voicemailNoNumberSettings":"Indstillinger","voicemailNoNumberCancel":"Annuller","resend":"Videresend","connecting":"Forbinder","verify":"Bekræft","verifying":"Bekræfter","verified":"Bekræftet","mobileIDExplanation":"{{app_name}} ønsker at kende og bekræfte dit telefonnummer. Vælg hvilket du vil dele eller indtast et nyt nummer.","verificationCodeExplanation":"Vi har sendt en kode til {{phone_number}}. Vi vil prøve at besvare automatisk. Hvis nummeret ikke er i brug på denne enhed, skal du indtaste koden manuelt.","successMessage":"Telefonnummeret {{phone_number}} er nu bekræftet og tilgængelig for {{app_name}}.","serverErrorMessage":"Serveren til bekræftelse er ikke tilgængelig i øjeblikket. Kontroller din internetforbindelse og prøv igen, eller vent nogle få minutter.","timeoutErrorMessage":"Der er tilsyneladende problemer med din bekræftelseskode. Prøv igen.","errorTitle":"Mobil-identitet","addPhoneNumber":"Eller tilføj dit telefonnummer","selectPhoneNumber":"Eller vælg et telefonnummer på listen"}