{"firefox-accounts-title":"Firefox-Konten","fxa-next":"Weiter","fxa-back":"Zurück","fxa-done":"Fertig","fxa-ok":"OK","fxa-connection-error-title":"Verbindung fehlgeschlagen","fxa-connection-error-message":"Die Erstellung eines Kontos oder Anmeldung mit einem Konto kann in \"Einstellungen\" vorgenommen werden.","fxa-reset-password-error-title":"Passwort zurücksetzen","fxa-reset-password-error-message":"Das Passwort kann in \"Einstellungen\" zurückgesetzt werden.","fxa-coppa-failure-error-title":"Konto kann nicht erstellt werden","fxa-coppa-failure-error-message":"Sie müssen bestimmte Altersanforderungen erfüllen, um ein Firefox-Konto zu erstellen. {{learnmore}}","fxa-learn-more":"Weitere Informationen","fxa-offline-error-title":"Verbindung fehlgeschlagen","fxa-offline-error-message":"Bitte mittels \"Einstellungen\" mit einem Netzwerk verbinden.","fxa-invalid-email-title":"Fehler","fxa-invalid-email-message":"Bitte geben Sie eine gültige E-Mail-Adresse ein.","fxa-invalid-password-title":"Falsches Passwort","fxa-invalid-password-message":"Bitte überprüfen Sie das Passwort und versuchen Sie es erneut.","fxa-unknown-error-title":"Verbindung fehlgeschlagen","fxa-unknown-error-message":"System nicht verfügbar, bitte versuchen Sie es später noch einmal.","fxa-connecting":"Verbindung wird hergestellt…","fxa-enter-email-input":{"placeholder":"E-Mail-Adresse eingeben"},"fxa-use-email-to-sign-in":"Verwenden Sie Ihre E-Mail-Adresse zum Erstellen eines Kontos oder zum Anmelden mit einem Konto.","fxa-notice":"Mit dem Fortfahren erklären Sie sich mit den {{tos}} und den {{pn}} der Firefox-Online-Dienste einverstanden.","fxa-tos":"Nutzungsbedingungen","fxa-pn":"Datenschutzhinweis","fxa-create-password-title":"Passwort erstellen","fxa-enter-password-title":"Passwort eingeben","fxa-hello-user":"Willkommen {{email}}","fxa-password-refresh":"Bitte geben Sie das Passwort für Ihr Firefox-Konto ein, um fortzufahren.","fxa-password":{"placeholder":"Passwort"},"fxa-forgot-your-password":"Passwort vergessen?","fxa-show-password":"Passwort anzeigen","fxa-password-length-requirement":"Das Passwort muss mindestens 8 Zeichen lang sein.","fxa-success":"Fertig!","fxa-ready-to-go":"Ihr Firefox-Konto ist bereit zur Verwendung! ","fxa-use-features":"Sie können jetzt Funktionen wie \"Mein Gerät finden\" und Apps wie \"Firefox Marketplace\" verwenden.","fxa-access-manage-account-settings":"In Zukunft können Sie über \"Einstellungen\" auf Ihr Konto zugreifen und es verwalten.","fxa-confirm-account":"Konto bestätigen","fxa-will-send-email":"Es wird eine E-Mail an {{email}} gesendet.","fxa-signup-click-verification-link-in-email":"Rufen Sie als Nächstes Ihre E-Mail ab und klicken Sie auf den Verifizierungslink, um Ihr Firefox-Konto zu bestätigen.","fxa-age-verification":"Altersüberprüfung","fxa-age-1990-earlier":"1990 oder früher","fxa-year-of-birth":"Geburtsjahr","brandShortName":"B2G OS","browserBrandShortName":"Internet-Browser","browserBrandFullName":"Mozilla-Internet-Browser","accessibility-enableScreenReaderSteps":"Um die Sprachausgabe zu aktivieren, drücken Sie die Tasten \"lauter\" und \"leiser\" abwechselnd je drei Mal.","accessibility-disableScreenReaderSteps":"Um die Sprachausgabe zu deaktivieren, drücken Sie die Tasten \"lauter\" und \"leiser\" abwechselnd je drei Mal.","accessibility-screenReaderStarted":"Sprachausgabe gestartet","accessibility-screenReaderStopped":"Sprachausgabe beendet","accessibility-menubar":"Menüleiste","accessibility-scrollbar":"Bildlaufleiste","accessibility-grip":"Griff","accessibility-alert":"Benachrichtigung","accessibility-menupopup":"Menü-Popup","accessibility-document":"Dokument","accessibility-pane":"Bereich","accessibility-dialog":"Dialog","accessibility-separator":"Trenner","accessibility-toolbar":"Symbolleiste","accessibility-statusbar":"Statusleiste","accessibility-table":"Tabelle","accessibility-columnheader":"Spaltenkopf","accessibility-rowheader":"Zeilenkopf","accessibility-column":"Spalte","accessibility-row":"Zeile","accessibility-cell":"Zelle","accessibility-link":"Link","accessibility-list":"Liste","accessibility-listitem":"Listeneintrag","accessibility-outline":"Gliederung","accessibility-outlineitem":"Gliederungseintrag","accessibility-pagetab":"Tab","accessibility-propertypage":"Eigenschaftsseite","accessibility-graphic":"Grafik","accessibility-pushbutton":"Schaltfläche","accessibility-checkbutton":"Kontrollfeld","accessibility-radiobutton":"Auswahl-Schaltfläche","accessibility-combobox":"Kombinationsfeld","accessibility-progressbar":"Fortschrittsleiste","accessibility-slider":"Schieber","accessibility-spinbutton":"Schritt-Schaltfläche","accessibility-diagram":"Diagramm","accessibility-animation":"Animation","accessibility-equation":"Gleichung","accessibility-buttonmenu":"Schaltflächen-Menü","accessibility-whitespace":"Freiraum","accessibility-pagetablist":"Tab-Liste","accessibility-canvas":"Canvas","accessibility-checkmenuitem":"Ein/Aus-Menüeintrag","accessibility-label":"Beschriftung","accessibility-passwordtext":"Passwort-Text","accessibility-radiomenuitem":"Auswahlmenüeintrag","accessibility-textcontainer":"Textbehälter","accessibility-togglebutton":"Umschaltfläche","accessibility-treetable":"Baum-Tabelle","accessibility-header":"Kopfzeile","accessibility-footer":"Fußzeile","accessibility-paragraph":"Absatz","accessibility-entry":"Eintrag","accessibility-caption":"Legende","accessibility-heading":"Überschrift","accessibility-section":"Abschnitt","accessibility-form":"Formular","accessibility-comboboxlist":"Kombinationsfeld-Liste","accessibility-comboboxoption":"Kombinationsfeld-Option","accessibility-imagemap":"Image-Map","accessibility-listboxoption":"Option","accessibility-listbox":"Auswahlliste","accessibility-flatequation":"Einfache Gleichung","accessibility-gridcell":"Rasterzelle","accessibility-note":"Anmerkung","accessibility-figure":"Abbildung","accessibility-definitionlist":"Definitionsliste","accessibility-term":"Begriff","accessibility-definition":"Definition","accessibility-textarea":"Textfeld","accessibility-textInputType_date":"Datum","accessibility-textInputType_email":"E-Mail","accessibility-textInputType_search":"Suchen","accessibility-textInputType_tel":"Telefon","accessibility-textInputType_url":"URL","accessibility-headingLevel":"Überschrift Ebene {{0}}","accessibility-listStart":"Erster Eintrag","accessibility-listEnd":"Letzter Eintrag","accessibility-listItemsCount":{"_index":["plural","count"],"_":{"zero":"{{count}} Einträge","one":"{{count}} Eintrag","two":"{{count}} Einträge","few":"{{count}} Einträge","many":"{{count}} Einträge","other":"{{count}} Einträge"}},"accessibility-objItemOfN":"{{0}} von {{1}}","accessibility-banner":"Banner","accessibility-complementary":"Ergänzung","accessibility-contentinfo":"Inhaltsinfo","accessibility-main":"Haupt-","accessibility-navigation":"Navigation","accessibility-search":"Suche","accessibility-tblColumnInfo":{"_index":["plural","count"],"_":{"zero":"mit {{count}} Spalten","one":"mit {{count}} Spalte","two":"mit {{count}} Spalten","few":"mit {{count}} Spalten","many":"mit {{count}} Spalten","other":"mit {{count}} Spalten"}},"accessibility-tblRowInfo":{"_index":["plural","count"],"_":{"zero":"und {{count}} Zeilen","one":"und {{count}} Zeile","two":"und {{count}} Zeilen","few":"und {{count}} Zeilen","many":"und {{count}} Zeilen","other":"und {{count}} Zeilen"}},"accessibility-columnInfo":"Spalte {{0}}","accessibility-rowInfo":"Zeile {{0}}","accessibility-spansColumns":{"_index":["plural","0"],"_":{"zero":"überspannt {{0}} Spalten","one":"überspannt {{0}} Spalte","two":"überspannt {{0}} Spalten","few":"überspannt {{0}} Spalten","many":"überspannt {{0}} Spalten","other":"überspannt {{0}} Spalten"}},"accessibility-spansRows":{"_index":["plural","0"],"_":{"zero":"überspannt {{0}} Zeilen","one":"überspannt {{0}} Zeile","two":"überspannt {{0}} Zeilen","few":"überspannt {{0}} Zeilen","many":"überspannt {{0}} Zeilen","other":"überspannt {{0}} Zeilen"}},"accessibility-jumpAction":"gesprungen","accessibility-pressAction":"gedrückt","accessibility-checkAction":"angewählt","accessibility-uncheckAction":"abgewählt","accessibility-selectAction":"ausgewählt","accessibility-unselectAction":"Auswahl aufgehoben","accessibility-openAction":"geöffnet","accessibility-closeAction":"geschlossen","accessibility-switchAction":"(um)geschaltet","accessibility-clickAction":"angeklickt","accessibility-collapseAction":"zugeklappt","accessibility-expandAction":"ausgeklappt","accessibility-activateAction":"aktiviert","accessibility-cycleAction":"umgeschaltet","accessibility-hidden":"versteckt","accessibility-tabLoading":"laden","accessibility-tabLoaded":"geladen","accessibility-tabNew":"neuer Tab","accessibility-tabLoadStopped":"Laden angehalten","accessibility-tabReload":"neu laden","accessibility-stateChecked":"angewählt","accessibility-stateNotChecked":"nicht angewählt","accessibility-statePressed":"gedrückt","accessibility-stateExpanded":"ausgeklappt","accessibility-stateCollapsed":"zugeklappt","accessibility-stateUnavailable":"nicht verfügbar","accessibility-stateRequired":"benötigt","accessibility-stateTraversed":"besucht","accessibility-stateHasPopup":"hat Popup","accessibility-stateSelected":"ausgewählt","accessibility-editingMode":"Bearbeiten","accessibility-navigationMode":"Navigieren","accessibility-quicknav_Simple":"Standard","accessibility-quicknav_Anchor":"Anker","accessibility-quicknav_Button":"Schaltflächen","accessibility-quicknav_Combobox":"Kombinationsfelder","accessibility-quicknav_Landmark":"Orientierungspunkte","accessibility-quicknav_Entry":"Einträge","accessibility-quicknav_FormElement":"Formularelemente","accessibility-quicknav_Graphic":"Grafiken","accessibility-quicknav_Heading":"Überschriften","accessibility-quicknav_ListItem":"Listeneinträge","accessibility-quicknav_Link":"Links","accessibility-quicknav_List":"Listen","accessibility-quicknav_PageTab":"Seiten-Tabs","accessibility-quicknav_RadioButton":"Auswahl-Schaltflächen","accessibility-quicknav_Separator":"Trenner","accessibility-quicknav_Table":"Tabellen","accessibility-quicknav_Checkbox":"Kontrollfelder","accessibility-menubarAbbr":"Menüleiste","accessibility-scrollbarAbbr":"Bildlaufleiste","accessibility-gripAbbr":"Griff","accessibility-alertAbbr":"Benachrichtigung","accessibility-menupopupAbbr":"Menü-Popup","accessibility-documentAbbr":"Dokument","accessibility-paneAbbr":"Bereich","accessibility-dialogAbbr":"Dialog","accessibility-separatorAbbr":"Trenner","accessibility-toolbarAbbr":"Symbolleiste","accessibility-statusbarAbbr":"Statusleiste","accessibility-tableAbbr":"Tbll","accessibility-columnheaderAbbr":"Spaltenkopf","accessibility-rowheaderAbbr":"Zeilenkopf","accessibility-columnAbbr":"Spalte","accessibility-rowAbbr":"Zeile","accessibility-cellAbbr":"Zelle","accessibility-linkAbbr":"Lnk","accessibility-listAbbr":"Liste","accessibility-listitemAbbr":"Listeneintrag","accessibility-outlineAbbr":"Gliederung","accessibility-outlineitemAbbr":"Gliederungseintrag","accessibility-pagetabAbbr":"Tab","accessibility-propertypageAbbr":"Eigenschaftsseite","accessibility-graphicAbbr":"Grafik","accessibility-pushbuttonAbbr":"Schltflch","accessibility-checkbuttonAbbr":"Kontrollfeld","accessibility-radiobuttonAbbr":"Auswahl-Schaltfläche","accessibility-comboboxAbbr":"Kombinationsfeld","accessibility-progressbarAbbr":"Fortschrittsleiste","accessibility-sliderAbbr":"Schieber","accessibility-spinbuttonAbbr":"Schritt-Schaltfläche","accessibility-diagramAbbr":"Diagramm","accessibility-animationAbbr":"Animation","accessibility-equationAbbr":"Gleichung","accessibility-buttonmenuAbbr":"Schaltflächen-Menü","accessibility-whitespaceAbbr":"Freiraum","accessibility-pagetablistAbbr":"Tab-Liste","accessibility-canvasAbbr":"Canvas","accessibility-checkmenuitemAbbr":"Ein/Aus-Menüeintrag","accessibility-labelAbbr":"Beschriftung","accessibility-passwordtextAbbr":"Passwttxt","accessibility-radiomenuitemAbbr":"Auswahlmenüeintrag","accessibility-textcontainerAbbr":"Textbehälter","accessibility-togglebuttonAbbr":"Umschaltfläche","accessibility-treetableAbbr":"Baum-Tabelle","accessibility-headerAbbr":"Kopfzeile","accessibility-footerAbbr":"Fußzeile","accessibility-paragraphAbbr":"Absatz","accessibility-entryAbbr":"Eintrag","accessibility-captionAbbr":"Legende","accessibility-headingAbbr":"Überschrift","accessibility-sectionAbbr":"Abschnitt","accessibility-formAbbr":"Formular","accessibility-comboboxlistAbbr":"Kombinationsfeld-Liste","accessibility-comboboxoptionAbbr":"Kombinationsfeld-Option","accessibility-imagemapAbbr":"Imgmap","accessibility-listboxoptionAbbr":"Option","accessibility-listboxAbbr":"Auswahlliste","accessibility-flatequationAbbr":"Einfache Gleichung","accessibility-gridcellAbbr":"Rasterzelle","accessibility-noteAbbr":"Anmerkung","accessibility-figureAbbr":"Abbldg","accessibility-definitionlistAbbr":"Definitionsliste","accessibility-termAbbr":"Begriff","accessibility-definitionAbbr":"Definition","accessibility-textareaAbbr":"Txtfeld","accessibility-tblColumnInfoAbbr":{"_index":["plural","count"],"_":{"one":"{{count}}c","two":"{{count}}c","few":"{{count}}c","many":"{{count}}c","other":"{{count}}c"}},"accessibility-tblRowInfoAbbr":{"_index":["plural","count"],"_":{"one":"{{count}}r","two":"{{count}}r","few":"{{count}}r","many":"{{count}}r","other":"{{count}}r"}},"accessibility-cellInfoAbbr":"c{{0}}r{{1}}","accessibility-stateCheckedAbbr":"(x)","accessibility-stateUncheckedAbbr":"( )","accessibility-statePressedAbbr":"(x)","accessibility-stateUnpressedAbbr":"( )","ok":"OK","back":"Zurück","help":"Hilfe","cancel":"Abbrechen","close":"Schließen","skip":"Überspringen","clear":{"ariaLabel":"Leeren"},"undo":{"ariaLabel":"Rückgängig machen"},"airplaneMode":"Flugmodus","searching":"Suche läuft…","noNetwork":"Kein Mobilfunknetz","roaming":"{{operator}} (Roaming)","operator-info":"{{carrier}} ({{region}})","emergencyCallsOnly":"Nur Notrufe","emergencyCallsOnly-unknownSIMState":"(unbekannter Zustand der SIM-Karte)","emergencyCallsOnly-noSIM":"(keine SIM-Karte)","emergencyCallsOnly-pinRequired":"(SIM-PIN benötigt)","emergencyCallsOnly-pukRequired":"(SIM-PUK benötigt)","emergencyCallsOnly-networkLocked":"(Mobilfunknetz gesperrt)","emergencyCallsOnly-serviceProviderLocked":"(Mobilfunkanbieter gesperrt)","emergencyCallsOnly-corporateLocked":"(Unternehmen gesperrt)","emergencyCallsOnly-network1Locked":"(Netzwerk 1 gesperrt)","emergencyCallsOnly-network2Locked":"(Netzwerk 2 gesperrt)","emergencyCallsOnly-hrpdNetworkLocked":"(HRPD-Netzwerk gesperrt)","emergencyCallsOnly-ruimCorporateLocked":"(RUIM-Unternehmen gesperrt)","emergencyCallsOnly-ruimServiceProviderLocked":"(RUIM-Dienstanbieter gesperrt)","enterPIN":"PIN eingeben","mediaPlaybackTitle":{"ariaLabel":"Lied"},"mediaPlaybackArtist":{"ariaLabel":"Interpret"},"mediaPlaybackControls":{"ariaLabel":"Wiedergabesteuerung"},"mediaPlaybackPrevious":{"ariaLabel":"Vorheriges"},"mediaPlaybackPlay":"Wiedergeben","mediaPlaybackPause":"Anhalten","mediaPlaybackNext":{"ariaLabel":"Nächstes"},"wifiButton-on":"WLAN aktiviert","wifiButton-on-initializing":"WLAN aktiviert, wird initialisiert","wifiButton-off":"WLAN deaktiviert","dataButton-on":"Datenverbindung vom Typ {{type}} aktiviert","dataButton-off":"Datenverbindung vom Typ {{type}} deaktiviert","bluetoothButton-on":"Bluetooth aktiviert","bluetoothButton-on-initializing":"Bluetooth aktiviert, wird initialisiert","bluetoothButton-off":"Bluetooth deaktiviert","airplaneMode-on":"Flugmodus aktiviert","airplaneMode-off":"Flugmodus deaktiviert","settingsButton":{"ariaLabel":"Einstellungen"},"utilityTrayGrippy":{"ariaLabel":"Benachrichtigungsbildschirm schließen"},"statusbarLabel":"{{date}}, {{operator}}","statusbarDateFormat":"%e. %B","statusbar":{"ariaLabel":"Statusleiste"},"statusbarBattery":"Batterie bei {{level}} Prozent","statusbarBatteryCharging":"Batterie bei {{level}} Prozent, wird geladen","statusbarFlightMode":{"ariaLabel":"Flugmodus aktiviert"},"statusbarWiFiConnecting":"WLAN: Verbindung wird hergestellt","statusbarWiFiConnected":"WLAN: {{level}} von 4 Balken","statusbarSignal":"Mobilfunknetz {{operator}}, {{level}} von 5 Balken","statusbarSignalRoaming":"Mobilfunknetz {{operator}} (Roaming), {{level}} von 5 Balken","statusbarSignalNoneSearching":"Es wird gesucht… Nur Notrufe möglich","statusbarHeadphones":{"ariaLabel":"Kopfhörer angeschlossen"},"statusbarBluetoothHeadphones":{"ariaLabel":"Bluetooth-Kopfhörer verbunden"},"statusbarBluetoothTransferring":{"ariaLabel":"Bluetooth-Übertragung wird durchgeführt"},"statusbarIconOn-tethering":"Tethering aktiviert","statusbarIconOnActive-tethering":"Tethering aktiviert und in Verwendung","statusbarAlarm":{"ariaLabel":"Alarm aktiviert"},"statusbarIconOn-bluetooth":"Bluetooth aktiviert","statusbarIconOnActive-bluetooth":"Bluetooth aktiviert und in Verwendung","statusbarIconOn-mute":"Stummschaltung aktiviert","statusbarIconOn-vibration":"Vibration aktiviert","statusbarRecording":{"ariaLabel":"Aufnahme wird durchgeführt"},"statusbarGeolocation":{"ariaLabel":"Standortbestimmung aktiviert"},"statusbarUsb":{"ariaLabel":"USB aktiviert"},"statusbarForwarding":"Anrufweiterleitung aktiviert","statusbarPlaying":{"ariaLabel":"Medienwiedergabe aktiv"},"statusbarNfc":{"ariaLabel":"NFC aktiviert"},"statusbarDownloads":{"ariaLabel":"Download wird durchgeführt…"},"statusbarNetworkActivity":{"ariaLabel":"Netzwerkübertragung wird durchgeführt"},"statusbarEmergencyCBNotification":{"ariaLabel":"Notrufrückruf"},"statusbarNotifications":{"_index":["plural","n"],"_":{"one":"{{n}} Benachrichtigung","two":"{{n}} Benachrichtigungen","few":"{{n}} Benachrichtigungen","many":"{{n}} Benachrichtigungen","other":"{{n}} Benachrichtigungen"}},"statusbarNotifications-unread":{"_index":["plural","n"],"_":{"one":"{{n}} ungelesene Benachrichtigung","two":"{{n}} ungelesene Benachrichtigungen","few":"{{n}} ungelesene Benachrichtigungen","many":"{{n}} ungelesene Benachrichtigungen","other":"{{n}} ungelesene Benachrichtigungen"}},"notifications":"Benachrichtigungen","clear-all":"Alle löschen","attentionScreen-tapToShow":"Zum Anzeigen antippen","newVoicemails":{"_index":["plural","n"],"_":{"zero":"Keine neuen Mailbox-Nachrichten","one":"Eine neue Mailbox-Nachricht","two":"{{n}} neue Mailbox-Nachrichten","few":"{{n}} neue Mailbox-Nachrichten","many":"{{n}} neue Mailbox-Nachrichten","other":"{{n}} neue Mailbox-Nachrichten"}},"newVoicemailsUnknown":"Neue Mailbox-Nachrichten","dialNumber":"{{number}} wählen","voicemailNotificationMultiSim":"(SIM {{n}}) {{title}}","confirmNFCConnectBTenabledNameUnknown":"Soll wirklich eine Verbindung mit dem Gerät hergestellt werden?","confirmNFCConnectBTdisabledNameUnknown":"Soll Bluetooth aktiviert und eine Verbindung mit dem Gerät hergestellt werden?","confirmNFCConnectBTenabledNameKnown":"Soll wirklich eine Verbindung mit {{deviceName}} hergestellt werden?","confirmNFCConnectBTdisabledNameKnown":"Soll Bluetooth aktiviert und eine Verbindung mit {{deviceName}} hergestellt werden?","confirmNFCConnectBTdisabled":"Aktivieren","dismissNFCConnectBTdisabled":"Abbrechen","confirmation":"Bestätigung","deviceMenu":"Telefon","airplane":"Flugmodus starten","airplaneOff":"Flugmodus beenden","silent":"Lautlos schalten","normal":"Ton einschalten","restart":"Neu starten","power":"Ausschalten","no-recent-apps":"Keine kürzlich verwendeten Apps","yes":"Ja","no":"Nein","dontallow":"Nicht erlauben","allow":"Erlauben","dontshare-geolocation":"Nicht teilen","share-geolocation":"Teilen","dontshare-audio-capture":"Nicht teilen","share-audio-capture":"Teilen","dontshare-video-capture":"Nicht teilen","share-video-capture":"Teilen","dontshare-media-capture":"Nicht teilen","share-media-capture":"Teilen","device-front":"Kamera Vorderseite","device-back":"Kamera Rückseite","remember-my-choice":"Entscheidung merken","more-info":"Weitere Informationen…","hide-info":"Informationen ausblenden","install-app":"{{name}} installieren?","size":"Größe","author":"Autor","size-unknown":"Unbekannt","author-unknown":"Unbekannt","install":"Installieren","bytes":"Bytes","kB":"kB","MB":"MB","GB":"GB","TB":"TB","PB":"PB","app-install-generic-error":"Download von {{ appName }} angehalten","app-install-download-failed":"Download von {{ appName }} fehlgeschlagen","app-install-install-failed":"Installation von {{ appName }} fehlgeschlagen","cancelling-will-not-refund":"Das Abbrechen führt nicht zur Rückzahlung eines Einkaufs. Rückzahlungen für Bezahlinhalte werden durch den ursprünglichen Verkäufer geregelt.","apps-can-be-installed-later":"Apps können später von der ursprünglichen Installationsquelle installiert werden.","are-you-sure-you-want-to-cancel":"Soll diese Installation wirklich abgebrochen werden?","cancel-install":"Installation abbrechen","cancel-install-button":"Abbrechen","resume":"Fortsetzen","continue":"Weiter","stopDownloading":"Download von {{ app }} anhalten?","app-download-can-be-restarted":"Der Download kann später neu gestartet werden.","app-download-stop-button":"Download anhalten","not-enough-space":"Nicht genügend Speicherplatz","not-enough-space-message":"Für die Installation dieser App steht nicht genügend Speicherplatz zur Verfügung. Bitte stellen Sie durch das Löschen alter Apps oder Mediendateien Speicherplatz zur Verfügung und versuchen Sie anschließend erneut die Installation von der ursprünglichen Quelle.","app-install-success":"{{ appName }} wurde installiert","setup":"Einrichtung","ime-addkeyboards":"Tastaturen hinzufügen","later":"Später","download":"Herunterladen","wantToDownload":"Update jetzt herunterladen?","wantToInstall":"Update jetzt installieren?","installNow":"Jetzt installieren","notNow":"Nicht jetzt","downloadingUpdateMessage":{"innerHTML":"Updates werden heruntergeladen…<span>{{ progress }} heruntergeladen</span>"},"downloadingAppMessage":"{{ appName }} wird heruntergeladen","downloadingAppProgressNoMax":"{{ progress }} heruntergeladen","downloadingAppProgressIndeterminate":"Wird heruntergeladen","downloadingAppProgress":"{{ progress }} / {{ max }} heruntergeladen","cancelAllDownloads":"Alle Downloads abbrechen","wantToCancelAll":"Sollen wirklich alle Downloads abgebrochen werden?","downloadError":"Beim Herunterladen der Updates trat ein Fehler auf.","updateAvailableInfo":{"innerHTML":{"_index":["plural","n"],"_":{"one":"{{ n }} Update verfügbar <span>Für weitere Informationen antippen</span>","two":"{{ n }} Updates verfügbar <span>Für weitere Informationen antippen</span>","few":"{{ n }} Updates verfügbar <span>Für weitere Informationen antippen</span>","many":"{{ n }} Updates verfügbar <span>Für weitere Informationen antippen</span>","other":"{{ n }} Updates verfügbar <span>Für weitere Informationen antippen</span>"}}},"numberOfUpdates":{"_index":["plural","n"],"_":{"one":"{{ n }} Update verfügbar","two":"{{ n }} Updates verfügbar","few":"{{ n }} Updates verfügbar","many":"{{ n }} Updates verfügbar","other":"{{ n }} Updates verfügbar"}},"systemUpdate":"Systemupdate","systemUpdateReady":"Systemupdate bereit","systemUpdateLowBatteryThreshold":"Die Batterie muss mindestens zu {{ threshold }}% geladen sein, damit das Update installiert werden kann.","required":"Benötigt","uncompressingMessage":{"innerHTML":"Wird entpackt…<span>Dies kann einige Minuten dauern.</span>"},"downloadNoWifiWarning":"WLAN nicht verfügbar. Update über derzeitige Verbindung kann zusätzliche Gebühren verursachen.","downloadOfflineWarning":"Verbindung nicht verfügbar. Stellen Sie eine Verbindung mit einem Netzwerk her, um Updates herunterzuladen.","downloadDataConnectionWarning":"Updates werden über eine Datenverbindung heruntergeladen, falls kein WLAN verfügbar ist. Es können zusätzliche Kosten anfallen.","downloadUpdatesViaDataConnection":"Updates über Datenverbindung herunterladen?","downloadUpdatesViaDataConnectionMessage":"Updates werden über eine Datenverbindung heruntergeladen, falls kein WLAN verfügbar ist. Während der Nutzung einer Datenverbindung werden Anrufe eventuell abgewiesen und es können zusätzliche Kosten anfallen.","downloadUpdatesVia2GForbidden2":"Downloading updates is not possible on slow connections (2G). Please connect via Wi-Fi or 3G (if available) and try again.","screenshotSaved":"Bildschirmfoto in Galerie gespeichert","screenshotFailed":"Bildschirmfoto konnte nicht gespeichert werden","screenshotNoSDCard":"Keine Speicherkarte eingelegt","screenshotSDCardInUse":"Speicherkarte in Benutzung","screenshotSDCardLow":"Nicht genügend Speicher auf der Speicherkarte","emergency-call-button":"Notruf","emergency-call":"Notruf","unlock-a11y-button":{"ariaLabel":"Entsperren"},"camera-a11y-button":{"ariaLabel":"Kamera"},"longDateFormat":"%A, %e. %B","panel-passcode":{"ariaLabel":"Eingabefeld für Entsperrcode"},"lockscreen-sim-id":"SIM {{ n }}","softwareHomeButton":{"ariaLabel":"Startbildschirm"},"login":"Anmelden","username":"Benutzername","password":"Passwort","http-authentication-message":"{{host}} verlangt einen Benutzernamen und ein Passwort. Die Seite sagt: „{{realm}}“","error-message":"\"{{name}}\" konnte nicht korrekt geladen werden.","error-title":"\"{{name}\" hat Probleme.","airplane-is-on":"Flugmodus ist aktiv","airplane-is-turned-on":"{{name}} erfordert eine Netzverbindung. Deaktivieren Sie den Flugmodus in den Einstellungen und verbinden Sie über WLAN oder ein Mobilfunknetz.","server-not-found":"Server nicht gefunden","server-not-found-error":"Server {{name}} wurde nicht gefunden.","file-not-found":"Datei nicht gefunden","file-not-found-error":"Das Gerät kann die Seite nicht anzeigen, da die Datei nicht gefunden wurde.","connection-failed":"Fehler: Verbindung fehlgeschlagen","connection-failed-error":"Beim Aufrufen der Seite trat ein Netzwerkfehler auf.","invalid-connection":"Fehler: Verbindung fehlgeschlagen","invalid-connection-error":"Beim Aufrufen der Seite trat ein Netzwerkfehler auf.","malformed-uri":"Ungültige Adresse","malformed-uri-error":"Die eingegebene Adresse ist ungültig und kann nicht geladen werden.","redirect-loop":"Seite kann nicht angezeigt werden","redirect-loop-error":"Die Seite kann nicht angezeigt werden, weil sie nicht ordnungsgemäßg weiterleitet. Rufen Sie diese Seite später erneut auf.","not-cached":"Seite erloschen","not-cached-error":"Die Seite kann als Vorsichtsmaßnahme nicht angezeigt werden, da sie abgelaufen ist.","is-printing-error":"Das Dokument kann nicht verändert werden, während es gedruckt wird oder die Druckvorschau angezeigt wird.","denied-port-access":"Fehler: Port aus Sicherheitsgründen blockiert","denied-port-access-error":"Die aufgerufene Adresse fordert einen Port, der normalerweise nicht zum Browsen im Web verwendet wird. Die Anfrage wurde vom Gerät zu Ihrem Schutz abgebrochen.","proxy-resolve-failure":"Proxy-Server-Fehler","proxy-resolve-failure-error":"Das Gerät wurde konfiguriert, einen Proxy-Server zu verwenden, der aber nicht gefunden werden kann.","proxy-connect-failure":"Proxy-Server-Fehler","proxy-connect-failure-error":"Das Gerät wurde konfiguriert, einen Proxy-Server zu verwenden, der aber Verbindungen ablehnt.","content-encoding":"Seite kann nicht angezeigt werden","content-encoding-error":"Das Gerät kann die Seite nicht anzeigen, da beim Kodieren des Inhalts ein Fehler auftrat.","remote-xul":"Seite nicht unterstützt","remote-xul-error":"Die Seite verwendet eine Methode (Remote-XUL), welche von diesem Gerät nicht unterstützt wird.","phishing-blocked":"Warnung","phishing-blocked-error":"Die Webseite wurde als Betrugsversuch gemeldet, die erstellt wurde, um Anwender dazu zu bringen, persönliche bzw. finanzielle Daten preiszugeben.","malware-blocked":"Attackierende Seite blockiert","malware-blocked-error":"Die Webseite wurde als attackierende Seite (Malware) gemeldet und daher blockiert.","unsafe-content-type":"Nicht sicherer Inhalt","unsafe-content-type-error":"Der Inhalt dieser Seite kann nicht angezeigt werden, da es nicht sicher ist, ihn zu öffnen.","corrupted-content":"Seite kann nicht angezeigt werden","corrupted-content-error":"Die Seite kann nicht angezeigt werden, da ein Fehler in der Datenübertragung festgestellt wurde.","network-connection-unavailable":"Kein Netz verfügbar","network-error":"{{name}} erfordert eine Netzverbindung. Versuchen Sie mit einem WLAN-Netzwerk oder einem Mobilfunknetz zu verbinden.","network-error-launching":"{{name}} benötigt eine Internetverbindung.","network-error-in-app":"Derzeit keine Verbindung zum Internet.","unable-to-connect":"Verbindung fehlgeschlagen","try-again":"Neu versuchen","check-settings":"Einstellungen überprüfen","tap-to-check-settings":"Zum Überprüfen der Einstellungen antippen","select-time":"Zeit auswählen","choose-option":"Auswählen","choose-options":"Auswählen","select-day":"Tag auswählen","battery-almost-empty":"Batterie fast leer","add-to-home-screen":"Zum Startbildschirm hinzufügen","share":"Weitergeben","crash-dialog2-os":"{{brandShortName}} wurde gerade nach einem Absturz neu gestartet","crash-dialog-app":"{{name}} stürzte eben ab","crash-dialog-message":"Wollen Sie einen Absturzbericht an Mozilla senden, um uns beim Beheben des Problems zu helfen? (Absturzberichte werden nur über WLAN versandt.)","crash-info-link":"Was befindet sich in einem Absturzbericht?","crash-always-report":"Bei einem Absturz immer einen Bericht an Mozilla senden","crash-dont-send":"Nicht senden","crash-end":"Bericht senden","crashReports":"Absturzberichte","done":"Fertig","crash-reports-description-1":"Ein Absturzbericht enthält einige Informationen über den Absturz und Ihr Gerät sowie eine Abbildung des Softwarezustandes Ihres Geräts während des Absturzes.","crash-reports-description-2":"Dies können Informationen wie offene Internetseiten und Anwendungen, in Formulare getippter Text und der Inhalt geöffneter Nachrichten, die neueste Chronik oder Ihr Standpunkt sein, falls dieser von einer geöffneten App abgerufen wurde.","crash-reports-description-3-start":"Wir verwenden Absturzberichte um zu versuchen, diese Probleme zu beheben und unsere Produkte zu verbessern. Wir verwenden die Informationen wie in unserer ","crash-reports-description-3-privacy":"Datenschutzerklärung ","crash-reports-description-3-end":"beschrieben.","crash-banner-os2":"{{brandShortName}} ist eben abgestürzt.","crash-banner-app":"{{name}} ist eben abgestürzt.","crash-banner-report":"Bericht","bluetooth-sending-progress":"Ausgehender Bluetooth-Dateitransfer…","bluetooth-receiving-progress":"Eingehender Bluetooth-Dateitransfer…","acceptFileTransfer":"Bluetooth-Dateitransfer annehmen?","wantToReceiveFile":"{{deviceName}} will {{fileName}} ({{fileSize}}) übertragen.","transfer-confirmation-title":"{{deviceName}}","transfer-confirmation-description":"Übertragungsanfrage ansehen","byteUnit-B":"Bytes","byteUnit-KB":"KB","byteUnit-MB":"MB","byteUnit-GB":"GB","byteUnit-TB":"TB","byteUnit-PB":"PB","byteUnit-EB":"EB","byteUnit-ZB":"ZB","byteUnit-YB":"YB","fileSize":"{{size}} {{unit}}","deny":"Ablehnen","transfer":"Übertragen","cancelFileTransfer":"Bluetooth-Dateitransfers abbrechen?","continueFileTransfer":"Fortsetzen","transfer-has-started-title":"Die Übertragung wurde gestartet","transfer-has-started-description":"Fortschritt ansehen","transferFinished-sentSuccessful-title":"Datei gesendet","transferFinished-receivedSuccessful-title":"Datei empfangen","transferFinished-sentFailed-title":"Datei konnte nicht gespeichert werden","transferFinished-receivedFailed-title":"Datei konnte nicht empfangen werden","transferReport-title":"Übertragungsbericht:","transferReport-description":"{{numSuccessful}} Dateien erfolgreich, {{numUnsuccessful}} Dateien fehlgeschlagen","unknown-file":"Unbekannte Datei","unknown-device":"Unbekanntes Gerät","cannotOpenFile":"Kann Datei nicht öffnen","unknownMediaTypeToOpen":"Kann unbekannten Medientyp nicht öffnen:","cannotReceiveFile":"Kann Datei nicht empfangen","cannotGetStorageState":"Kann den Zustand des Gerätespeichers nicht abrufen","sdcard-not-exist2":"Keine Speicherkarte gefunden. Bitte legen Sie eine Speicherkarte ein.","sdcard-in-use":"Bluetooth kann nicht verwendet werden, während das Telefon angesteckt ist. Bitte ziehen Sie das Telefon ab, um Dateien zu empfangen.","sdcard-no-space2":"Dateitransfer konnte nicht fertiggestellt werden: Speicherkarte ist voll.","unknown-error":"Unbekannter Fehler","confirm":"OK","microphone-is-on":"Mikrofon ist aktiv","camera-is-on":"Kamera ist aktiv","media-is-on":"Kamera & Mikrofon sind aktiv","noSimCard":"Keine SIM-Karte","simPin":"SIM-PIN","pukCode":"PUK-Code","nckCode":"NCK-Code","cckCode":"CCK-Code","spckCode":"SPCK-Code","nck1code":"NCK1-Code","nck2code":"NCK2-Code","hnckcode":"HNCK-Code","rcckcode":"RCCK-Code","rspckcode":"RSPCK-Code","whatIsSimPin":"Was ist eine SIM-PIN?","simPinIntro1":"Eine SIM-PIN verhindert den Zugriff auf die SIM-Karte von Mobilfunknetzen. Wenn sie aktiviert ist, wird jedes Gerät mit dieser SIM-Karte beim Neustart die PIN abfragen.","simPinIntro2":"Eine SIM-PIN ist etwas anderes als der Zugangscode, mit dem das Gerät entsperrt wird.","changeSimPin":"PIN ändern","pinTitle":"SIM-PIN eingeben","multiSIMpinTitle":"SIM-{{n}}-PIN eingeben","pukTitle":"PUK eingeben","nckTitle":"NCK-Code eingeben","cckTitle":"CCK-Code eingeben","spckTitle":"SPCK-Code eingeben","nck1Title":"NCK1-Code eingeben","nck2Title":"NCK2-Code eingeben","hnckTitle":"HNCK-Code eingeben","rcckTitle":"RCCK-Code eingeben","rspckTitle":"RSPCK-Code eingeben","newpinTitle":"Neue PIN","inputCodeRetriesLeft":{"_index":["plural","n"],"_":{"one":"Letzter Versuch","two":"{{n}} Versuche verbleibend","few":"{{n}} Versuche verbleibend","many":"{{n}} Versuche verbleibend","other":"{{n}} Versuche verbleibend"}},"pinErrorMsg":"Die PIN war falsch.","pinAttemptMsg2":{"_index":["plural","n"],"_":{"one":"Sie haben noch einen Versuch, um den richtigen Code einzugeben, bevor die SIM-Karte gesperrt wird.","two":"Sie haben noch {{n}} Versuche, um den richtigen Code einzugeben, bevor die SIM-Karte gesperrt wird.","few":"Sie haben noch {{n}} Versuche, um den richtigen Code einzugeben, bevor die SIM-Karte gesperrt wird.","many":"Sie haben noch {{n}} Versuche, um den richtigen Code einzugeben, bevor die SIM-Karte gesperrt wird.","other":"Sie haben noch {{n}} Versuche, um den richtigen Code einzugeben, bevor die SIM-Karte gesperrt wird."}},"pinLastChanceMsg":"Dies ist Ihre letzte Möglichkeit, die korrekte PIN einzugeben. Ansonsten müssen Sie den PUK-Code eingeben, um diese SIM-Karte zu verwenden.","simCardLockedMsg":"Die SIM-Karte ist gesperrt.","enterPukMsg":"Sie müssen den persönlichen Entsperrschlüssel (PUK-Code) für die SIM-Karte eingeben. Sehen Sie in der Dokumentation Ihrer SIM-Karte nach oder wenden Sie sich an Ihren Mobilfunkbetreiber, um weitere Informationen zu erhalten.","pukErrorMsg":"Der PUK-Code ist falsch.","pukAttemptMsg2":{"_index":["plural","n"],"_":{"one":"Sie haben noch einen Versuch, um den richtigen Code einzugeben, bevor diese SIM-Karte dauerhaft unbenutzbar wird. Sehen Sie in Ihrer SIM-Karten-Dokumentation nach oder wenden Sie sich an Ihren Mobilfunkbetreiber, um weitere Informationen zu erhalten.","two":"Sie haben noch {{n}} Versuche, um den richtigen Code einzugeben, bevor diese SIM-Karte dauerhaft unbenutzbar wird. Sehen Sie in Ihrer SIM-Karten-Dokumentation nach oder wenden Sie sich an Ihren Mobilfunkbetreiber, um weitere Informationen zu erhalten.","few":"Sie haben noch {{n}} Versuche, um den richtigen Code einzugeben, bevor diese SIM-Karte dauerhaft unbenutzbar wird. Sehen Sie in Ihrer SIM-Karten-Dokumentation nach oder wenden Sie sich an Ihren Mobilfunkbetreiber, um weitere Informationen zu erhalten.","many":"Sie haben noch {{n}} Versuche, um den richtigen Code einzugeben, bevor diese SIM-Karte dauerhaft unbenutzbar wird. Sehen Sie in Ihrer SIM-Karten-Dokumentation nach oder wenden Sie sich an Ihren Mobilfunkbetreiber, um weitere Informationen zu erhalten.","other":"Sie haben noch {{n}} Versuche, um den richtigen Code einzugeben, bevor diese SIM-Karte dauerhaft unbenutzbar wird. Sehen Sie in Ihrer SIM-Karten-Dokumentation nach oder wenden Sie sich an Ihren Mobilfunkbetreiber, um weitere Informationen zu erhalten."}},"pukLastChanceMsg":"Letzte Chance, um den korrekten PUK-Code einzugeben. Ihre SIM-Karte wird dauerhaft unbenutzbar, wenn Sie einen falschen PUK-Code eingeben. Sehen Sie in Ihrer SIM-Karten-Dokumentation nach oder wenden Sie sich an Ihren Mobilfunkbetreiber, um weitere Informationen zu erhalten.","newSimPinMsg":"PIN erstellen (muss zwischen 4 und 8 Zeichen enthalten)","confirmNewSimPinMsg":"Neue PIN bestätigen","newPinErrorMsg":"PINs stimmen nicht überein.","nckErrorMsg":"Der NCK-Code ist falsch.","nckAttemptMsg2":{"_index":["plural","n"],"_":{"one":"Netzwerkdepersonalisierungsanfrage schlug fehl. Sie haben einen Versuch, um den richtigen Code einzugeben. Sehen Sie in der Dokumentation Ihre Gerätes nach oder wenden Sie sich an Ihren Mobilfunkbetreiber.","two":"Netzwerkdepersonalisierungsanfrage schlug fehl. Sie haben {{n}} Versuche, um den richtigen Code einzugeben. Sehen Sie in der Dokumentation Ihre Gerätes nach oder wenden Sie sich an Ihren Mobilfunkbetreiber.","few":"Netzwerkdepersonalisierungsanfrage schlug fehl. Sie haben {{n}} Versuche, um den richtigen Code einzugeben. Sehen Sie in der Dokumentation Ihre Gerätes nach oder wenden Sie sich an Ihren Mobilfunkbetreiber.","many":"Netzwerkdepersonalisierungsanfrage schlug fehl. Sie haben {{n}} Versuche, um den richtigen Code einzugeben. Sehen Sie in der Dokumentation Ihre Gerätes nach oder wenden Sie sich an Ihren Mobilfunkbetreiber.","other":"Netzwerkdepersonalisierungsanfrage schlug fehl. Sie haben {{n}} Versuche, um den richtigen Code einzugeben. Sehen Sie in der Dokumentation Ihre Gerätes nach oder wenden Sie sich an Ihren Mobilfunkbetreiber."}},"nckLastChanceMsg":"Aufheben der Mobilfunknetzvorgabe war nicht erfolgreich. Dies ist der letzte Versuch, um den richtigen Code einzugeben. Sehen Sie in der Dokumentation Ihre Gerätes nach oder wenden Sie sich an Ihren Mobilfunkbetreiber.","activity-pick":"Auswählen:","activity-view":"Anzeigen mit","activity-test":"Testen mit","activity-share":"Teilen mit","activity-new":"Erstellen mit","activity-open":"Öffnen mit","activity-save-bookmark":"Als Lesezeichen hinzufügen mit","activity-record":"Aufnehmen mit","activity-browse":"Durchsuchen mit","activity-configure":"Konfigurieren mit","activity-dial":"Anrufen aus","persona-signin":"Anmelden","payment-flow":"Kaufen","remoteDebuggerMessage":"Es wurde eine eingehende Verbindung mit einer Anfrage für Netzwerk-Debugging erkannt. Verbindung erlauben?","fullscreen-request":"{{origin}} ist jetzt im Vollbildmodus.","captive-wifi-available":"Es wurde das WLAN {{networkName}} gefunden. Verbinden?","ceWarningtitle":"Lautstärkewarnung","ceWarningcontent":"Um Hörschäden zu vermeiden, sollten Sie hohe Lautstärken nicht zu lang verwenden.","notification-powersaving-mode-on-title":"Energiesparmodus","notification-powersaving-mode-on-description":"Energiesparmodus ist aktiv","low-device-storage":"Wenig Speicherplatz frei.\\n","free-space":{"_index":["plural","value"],"_":{"zero":"Kein freier Speicherplatz","one":"Weniger als {{value}} {{unit}} verbleibend","two":"Weniger als {{value}} {{unit}} verbleibend","few":"Weniger als {{value}} {{unit}} verbleibend","many":"Weniger als {{value}} {{unit}} verbleibend","other":"Weniger als {{value}} {{unit}} verbleibend"}},"unknown-free-space":"Verbleibender Speicherplatz unbekannt","system-alert":"Systemalarm","cb-channel":"Kanal {{channel}}","cb-etws-warningType-earthquake":"Erdbebenwarnung!","cb-etws-warningType-tsunami":"Tsunami-Warnung!","cb-etws-warningType-earthquake-tsunami":"Erdbeben- und Tsunami-Warnung!","cb-etws-warningType-test":"Alarmsystem wird getestet.","cb-etws-warningType-other":"Katastrophenwarnung!","icc-message-maintitle":"Betreibernachricht","icc-message-subtitle":"SIM {{id}}","icc-confirmCall-defaultmessage":"{{number}} anrufen?","icc-alertMessage-defaultmessage":"Nachricht wird gesendet…","icc-confirmMessage-defaultmessage":"Nachricht senden?","icc-inputbox-maintitle":"STK-Anfrage","icc-inputbox-subtitle":"SIM {{id}}","emergency-callback-mode":"Notrufrückrufmodus","emergency-callback-message":"Sie können keine Anrufe durchführen, Nachrichten senden und nicht online gehen, da der Notrufrückrufmodus aktiv ist. Soll der Modus deaktiviert werden?","cdma-record-info":"CDMA-Informationen","ime-switching-title":"{{appName}}: {{name}}","ime-switching-tip":"Zum Wechseln der Eingabemethode antippen","shrinking-tip":"Zum Teilen zur Seite wischen","download_started":"Download gestartet","download_stopped":"Download angehalten","download_downloading":"Download wird durchgeführt…","download_succeeded":"Download abgeschlossen","download_failed":"Download fehlgeschlagen","download_text_by_default":"{{name}}","download_downloading_text_2":"{{percentage}}% - {{name}}","search-or-enter-address":{"_":"Suche oder Adresse","placeholder":"Suche oder Adresse"},"noSIMCardInHotspot":"Es ist keine SIM-Karte vorhanden oder sie wurde nicht korrekt eingelegt. Der Hotspot wird daher deaktiviert.","noHopspotWhenAPMisOn":"Zur Verwendung des WLAN-Hotspots muss der Flugmodus deaktiviert werden.","apmActivated":"Flugmodus aktiv","open-in-new-tab":"Link in neuem Tab öffnen","add-link-to-home-screen":"Link zum Startbildschirm hinzufügen","share-link":"Link weitergeben","save-image":"Grafik speichern","save-video":"Video speichern","save-audio":"Audio speichern","save-link":"Ziel speichern","share-image":"Grafik weitergeben","share-video":"Video weitergeben","share-audio":"Audio weitergeben","weekday-0-long":"Sonntag","weekday-1-long":"Montag","weekday-2-long":"Dienstag","weekday-3-long":"Mittwoch","weekday-4-long":"Donnerstag","weekday-5-long":"Freitag","weekday-6-long":"Samstag","weekday-0-short":"So","weekday-1-short":"Mo","weekday-2-short":"Di","weekday-3-short":"Mi","weekday-4-short":"Do","weekday-5-short":"Fr","weekday-6-short":"Sa","month-0-long":"Januar","month-1-long":"Februar","month-2-long":"März","month-3-long":"April","month-4-long":"Mai","month-5-long":"Juni","month-6-long":"Juli","month-7-long":"August","month-8-long":"September","month-9-long":"Oktober","month-10-long":"November","month-11-long":"Dezember","month-0-genitive":"Januar","month-1-genitive":"Februar","month-2-genitive":"März","month-3-genitive":"April","month-4-genitive":"Mai","month-5-genitive":"Juni","month-6-genitive":"Juli","month-7-genitive":"August","month-8-genitive":"September","month-9-genitive":"Oktober","month-10-genitive":"November","month-11-genitive":"Dezember","month-0-short":"Jan","month-1-short":"Feb","month-2-short":"Mär","month-3-short":"Apr","month-4-short":"Mai","month-5-short":"Jun","month-6-short":"Jul","month-7-short":"Aug","month-8-short":"Sep","month-9-short":"Okt","month-10-short":"Nov","month-11-short":"Dez","minutes-ago-long":{"_index":["plural","value"],"_":{"zero":"gerade eben","one":"vor 1 Minute","two":"vor {{value}} Minuten","few":"vor {{value}} Minuten","many":"vor {{value}} Minuten","other":"vor {{value}} Minuten"}},"hours-ago-long":{"_index":["plural","value"],"_":{"zero":"gerade eben","one":"vor 1 Stunde","two":"vor {{value}} Stunden","few":"vor {{value}} Stunden","many":"vor {{value}} Stunden","other":"vor {{value}} Stunden"}},"days-ago-long":{"_index":["plural","value"],"_":{"zero":"heute","one":"gestern","two":"vor {{value}} Tagen","few":"vor {{value}} Tagen","many":"vor {{value}} Tagen","other":"vor {{value}} Tagen"}},"weeks-ago-long":{"_index":["plural","value"],"_":{"zero":"diese Woche","one":"letzte Woche","two":"vor {{value}} Wochen","few":"vor {{value}} Wochen","many":"vor {{value}} Wochen","other":"vor {{value}} Wochen"}},"months-ago-long":{"_index":["plural","value"],"_":{"zero":"diesen Monat","one":"letzten Monat","two":"vor {{value}} Monaten","few":"vor {{value}} Monaten","many":"vor {{value}} Monaten","other":"vor {{value}} Monaten"}},"years-ago-long":{"_index":["plural","value"],"_":{"zero":"dieses Jahr","one":"letztes Jahr","two":"vor {{value}} Jahren","few":"vor {{value}} Jahren","many":"vor {{value}} Jahren","other":"vor {{value}} Jahren"}},"minutes-until-long":{"_index":["plural","value"],"_":{"zero":"jetzt","one":"in 1 Minute","two":"in {{value}} Minuten","few":"in {{value}} Minuten","many":"in {{value}} Minuten","other":"in {{value}} Minuten"}},"hours-until-long":{"_index":["plural","value"],"_":{"zero":"jetzt","one":"in einer Stunde","two":"in {{value}} Stunden","few":"in {{value}} Stunden","many":"in {{value}} Stunden","other":"in {{value}} Stunden"}},"days-until-long":{"_index":["plural","value"],"_":{"zero":"heute","one":"morgen","two":"in {{value}} Tagen","few":"in {{value}} Tagen","many":"in {{value}} Tagen","other":"in {{value}} Tagen"}},"weeks-until-long":{"_index":["plural","value"],"_":{"zero":"diese Woche","one":"nächste Woche","two":"in {{value}} Wochen","few":"in {{value}} Wochen","many":"in {{value}} Wochen","other":"in {{value}} Wochen"}},"months-until-long":{"_index":["plural","value"],"_":{"zero":"diesen Monat","one":"nächsten Monat","two":"in {{value}} Monaten","few":"in {{value}} Monaten","many":"in {{value}} Monaten","other":"in {{value}} Monaten"}},"years-until-long":{"_index":["plural","value"],"_":{"zero":"dieses Jahr","one":"nächstes Jahr","two":"in {{value}} Jahren","few":"in {{value}} Jahren","many":"in {{value}} Jahren","other":"in {{value}} Jahren"}},"minutes-ago-short":{"_index":["plural","value"],"_":{"zero":"jetzt","other":"vor {{value}} m"}},"hours-ago-short":{"_index":["plural","value"],"_":{"zero":"jetzt","other":"vor {{value}} h"}},"days-ago-short":{"_index":["plural","value"],"_":{"zero":"heute","other":"vor {{value}} d"}},"minutes-until-short":{"_index":["plural","value"],"_":{"zero":"jetzt","other":"in {{value}} m"}},"hours-until-short":{"_index":["plural","value"],"_":{"zero":"jetzt","other":"in {{value}} h"}},"days-until-short":{"_index":["plural","value"],"_":{"zero":"heute","other":"in {{value}} d"}},"incorrectDate":"(ungültiges Datum)","dateTimeFormat_%c":"%a, %e. %b %Y %H:%M:%S","dateTimeFormat_%x":"%d.%m.%Y","dateTimeFormat_%X":"%H:%M:%S","shortTimeFormat":"%H:%M","shortDateTimeFormat":"%x %H:%M","weekStartsOnMonday":"1","time_am":"AM","time_pm":"PM","title-app":"App-Berechtigung","title-web":"Website-Berechtigung","title-cam":"Kamera auswählen","perm-contacts":"Kontakte","perm-contacts-appRequest":"{{app}} will auf Ihre Kontakte zugreifen.","perm-contacts-webRequest":"{{site}} will auf Ihre Kontakte zugreifen.","perm-desktop-notification":"Benachrichtigungen","perm-desktop-notification-appRequest":"{{app}} will Benachrichtigungen anzeigen.","perm-desktop-notification-webRequest":"{{site}} will Benachrichtigungen anzeigen.","perm-device-storage-music":"Musikspeicher","perm-device-storage-music-appRequest":"{{app}} will auf Ihre Musik zugreifen.","perm-device-storage-music-webRequest":"{{site}} will auf Ihre Musik zugreifen.","perm-device-storage-pictures":"Bilderspeicher","perm-device-storage-pictures-appRequest":"{{app}} will auf Ihre Bilder zugreifen.","perm-device-storage-pictures-webRequest":"{{site}} will auf Ihre Bilder zugreifen.","perm-device-storage-sdcard":"SD-Karten-Speicher","perm-device-storage-sdcard-appRequest":"{{app}} will auf Ihre SD-Karte zugreifen.","perm-device-storage-sdcard-webRequest":"{{site}} will auf Ihre SD-Karte zugreifen.","perm-device-storage-videos":"Videospeicher","perm-device-storage-videos-appRequest":"{{app}} will auf Ihre Videos zugreifen.","perm-device-storage-videos-webRequest":"{{site}} will auf Ihre Videos zugreifen.","perm-fmradio":"UKW-Radio","perm-fmradio-appRequest":"{{app}} will das UKW-Radio benutzen.","perm-fmradio-webRequest":"{{site}} will das UKW-Radio benutzen.","perm-geolocation":"Standort","perm-geolocation-appRequest":"{{app}} will Ihren Standort wissen.","perm-geolocation-webRequest":"{{site}} will Ihren Standort wissen.","perm-geolocation-more-info":"{{brandShortName}} verwendet Daten wie GPS sowie WLAN-Netzwerke und Mobilfunknetze in Ihrer Nähe für eine ungefähre Standortbestimmung. Es werden Daten an Mozilla und andere Diensteanbieter gesendet, um mit allen zur Verfügung stehenden Daten diese Datenbanken zu verbessern. Dabei können Daten auf Ihrem Gerät gespeichert werden und die Datenerfassung kann auch stattfinden, während keine Apps laufen.","perm-video-capture":"Kamera","perm-video-capture-appRequest":"Soll {{app}} auf Ihre Kamera zugreifen dürfen?","perm-video-capture-webRequest":"Soll {{site}} auf Ihre Kamera zugreifen dürfen?","perm-audio-capture":"Mikrofon","perm-audio-capture-appRequest":"Soll {{app}} auf Ihr Mikrofon zugreifen dürfen?","perm-audio-capture-webRequest":"Soll {{site}} auf Ihr Mikrofon zugreifen dürfen?","perm-media-capture":"Kamera und Mikrofon","perm-media-capture-appRequest":"Soll {{app}} auf Ihre Kamera und Ihr Mikrofon zugreifen dürfen?","perm-media-capture-webRequest":"Soll {{site}} auf Ihre Kamera und Ihr Mikrofon zugreifen dürfen?","perm-camera-selector-appRequest":"Kamera auswählen für {{app}}","perm-camera-selector-webRequest":"Kamera auswählen für {{site}}","perm-mobileid":"Mobile Identität","stopped_download_title":"Download angehalten","stopped_download_message":"Download wurde angehalten. Download erneut versuchen?","stopped_download_left_button":"Abbrechen","stopped_download_right_button":"Erneut versuchen","failed_download_title":"Download fehlgeschlagen","failed_download_message":"Der Download von {{name}} schlug fehl. Erneut versuchen?","failed_download_left_button":"Abbrechen","failed_download_right_button":"Erneut versuchen","stop_download_title":"Download anhalten","stop_download_message":"Soll der Download wirklich angehalten werden?","stop_download_left_button":"Nein","stop_download_right_button":"Ja","delete_download_title":"Löschen","delete_download_message":"{{name}} löschen?","delete_download_left_button":"Abbrechen","delete_download_right_button":"Löschen","delete_all_download_title":"Löschen","delete_all_download_left_button":"Abbrechen","delete_all_download_right_button":"Löschen","delete_all_download_message":{"_index":["plural","number"],"_":{"zero":"Keine Datei löschen?","one":"Eine Datei löschen?","two":"{{number}} Dateien löschen?","few":"{{number}} Dateien löschen?","many":"{{number}} Dateien löschen?","other":"{{number}} Dateien löschen?"}},"unsupported_file_type_download_title":"Kann nicht geöffnet werden","unsupported_file_type_download_message":"Keine App kann {{name}} öffnen. Soll die Datei gespeichert oder gelöscht werden?","unsupported_file_type_download_left_button":"Datei behalten","unsupported_file_type_download_right_button":"Löschen","file_not_found_download_title":"Datei nicht gefunden","file_not_found_download_message":"Die Datei wurde auf dem Gerät nicht gefunden.","file_not_found_download_right_button":"OK","unmounted_sdcard_2_download_title":"Speicherkarte wird benutzt","unmounted_sdcard_2_download_message":"Ziehen Sie das Telefon ab.","unmounted_sdcard_2_download_right_button":"OK","no_provider_download_title":"Weitergabe nicht möglich","no_provider_download_message":"Kein Anbieter gefunden","no_provider_download_right_button":"OK","no_memory_download_title":"Speicherkarte voll","no_memory_download_message":"Der freie Platz auf der Speicherkarte reicht nicht aus, um den Download abzuspeichern. Löschen Sie einige Dateien, bevor Sie den Download neu starten.","no_memory_download_right_button":"OK","no_sdcard_found_2_download_title":"Keine Speicherkarte gefunden","no_sdcard_found_2_download_message":"Legen Sie eine Speicherkarte ein oder wählen Sie einen anderen Standard-Medienspeicher in den Einstellungen.","no_sdcard_found_2_download_right_button":"OK","file_open_error_download_title":"Kann nicht geöffnet werden","file_open_error_download_message":"Beim Öffnen von {{name}} trat ein Problem auf. Soll die Datei gespeichert oder gelöscht werden?","file_open_error_download_left_button":"Datei behalten","file_open_error_download_right_button":"Löschen","restart_download_error":"Beim Fortfahren des Downloads trat ein Fehler auf. Bitte starten Sie den Donwload neu.","no-downloads":"Keine Downloads","percentage":"{{percentage}} %","partialResult":"{{partial}} von {{total}}","summary":"{{date}} - {{status}}","download-stopped":"Angehalten","download-failed":"Download fehlgeschlagen","open_downloaded_file":"Öffnen","share_downloaded_file":"Weitergeben","wallpaper_downloaded_file":"Als Hintergrund verwenden","ringtone_downloaded_file":"Als Klingelton verwenden","cancel_downloaded_file":"Abbrechen","voicemailNoNumberTitle":"Mailbox-Nummer ist nicht erreichbar","voicemailNoNumberText":"Mailbox kann nicht angerufen werden. Richten Sie die Mailbox-Nummer ein, um den Anruf durchzuführen.","voicemailNoNumberSettings":"Einstellungen","voicemailNoNumberCancel":"Abbrechen","resend":"Erneut senden","connecting":"Verbindung wird hergestellt…","verify":"Verifizieren","verifying":"Verifizierung wird durchgeführt…","verified":"Verifiziert","mobileIDExplanation":"{{app_name}} will Ihre Telefonnummer wissen und verifizieren. Bitte wählen Sie die zu verwendende Telefonnummer oder geben Sie eine neue ein.","verificationCodeExplanation":"Es wurde ein Code an {{phone_number}} gesendet. Es wird versucht, ihn automatisch zu erkennen, aber Sie müssen ihn selbst eingeben, falls er nicht auf diesem Gerät empfangen wird.","successMessage":"Fertig! Ihre Telefonnummer {{phone_number}} ist jetzt verifiziert und für {{app_name}} verfügbar.","serverErrorMessage":"Der Verifizierungsserver ist derzeit nicht verfügbar. Bitte überprüfen Sie Ihre Internetverbindung, versuchen Sie es erneut oder warten Sie einige Minuten.","timeoutErrorMessage":"Es gibt ein Problem mit Ihrem Verifizierungscode. Bitte versuchen Sie es noch einmal.","errorTitle":"Mobile Identität","addPhoneNumber":"Oder fügen Sie Ihre Telefonnummer ein","selectPhoneNumber":"Oder wählen Sie eine Telefonnummer aus der Liste"}