{"firefox-accounts-title":"Firefox Accounts","fxa-next":"Siguiente","fxa-back":"Atrás","fxa-done":"Hecho","fxa-ok":"Aceptar","fxa-connection-error-title":"Imposible conectar","fxa-connection-error-message":"Puede crear una cuenta o conectarse desde Ajustes.","fxa-reset-password-error-title":"Restablecer contraseña","fxa-reset-password-error-message":"Puede restablecer su contraseña desde Ajustes.","fxa-coppa-failure-error-title":"No se pude crear la cuenta","fxa-coppa-failure-error-message":"Debe tener cierta edad para crear una cuenta de Firefox. {{learnmore}}","fxa-learn-more":"Saber más","fxa-offline-error-title":"Imposible conectar","fxa-offline-error-message":"Por favor, conéctese a una red desde Ajustes.","fxa-invalid-email-title":"Error","fxa-invalid-email-message":"Por favor, escriba un correo válido","fxa-invalid-password-title":"Contraseña incorrecta","fxa-invalid-password-message":"Por favor, compruebe su contraseña y pruebe de nuevo.","fxa-unknown-error-title":"Imposible conectar","fxa-unknown-error-message":"Sistema no disponible, pruebe más tarde","fxa-connecting":"Conectando","fxa-enter-email-input":{"placeholder":"Escriba su correo"},"fxa-use-email-to-sign-in":"Use su dirección de correo para crear una cuenta o conectarse.","fxa-notice":"Si continúa, acepta los {{tos}} y las {{pn}} de los servicios en la nube de Firefox.","fxa-tos":"términos del servicio","fxa-pn":"notas de privacidad","fxa-create-password-title":"Crear contraseña","fxa-enter-password-title":"Escriba su contraseña","fxa-hello-user":"Hola, {{email}}","fxa-password-refresh":"Por favor, escriba su contraseña de la cuenta de Firefox para continuar.","fxa-password":{"placeholder":"Contraseña"},"fxa-forgot-your-password":"¿Ha perdido la contraseña?","fxa-show-password":"Mostrar contraseña","fxa-password-length-requirement":"La contraseña debe tener al menos 8 caracteres.","fxa-success":"¡Correcto!","fxa-ready-to-go":"¡Su cuenta de Firefox está lista!","fxa-use-features":"Ahora puede usar características interesantes como \"Encontrar mi dispositivo\" y aplicaciones como el Firefox Marketplace.","fxa-access-manage-account-settings":"En el futuro, podrá acceder y administrar su cuenta desde Ajustes.","fxa-confirm-account":"Confirme su cuenta","fxa-will-send-email":"Enviaremos un correo a: {{email}}","fxa-signup-click-verification-link-in-email":"La siguiente vez que compruebe su correo, pulse en el enlace de verificación para confirmar su cuenta de Firefox.","fxa-age-verification":"Verificación de edad","fxa-age-1990-earlier":"1990 o antes","fxa-year-of-birth":"Año de nacimiento","brandShortName":"B2G OS","browserBrandShortName":"Navegador","browserBrandFullName":"Navegador de Mozilla","accessibility-enableScreenReaderSteps":"To enable screen reader, press volume up then volume down buttons three more times","accessibility-disableScreenReaderSteps":"To disable screen reader, press volume up then volume down buttons three more times","accessibility-screenReaderStarted":"Screen reader started","accessibility-screenReaderStopped":"Screen reader stopped","accessibility-menubar":"menu bar","accessibility-scrollbar":"scroll bar","accessibility-grip":"grip","accessibility-alert":"alert","accessibility-menupopup":"menu popup","accessibility-document":"document","accessibility-pane":"pane","accessibility-dialog":"dialog","accessibility-separator":"separator","accessibility-toolbar":"toolbar","accessibility-statusbar":"status bar","accessibility-table":"table","accessibility-columnheader":"column header","accessibility-rowheader":"row header","accessibility-column":"column","accessibility-row":"row","accessibility-cell":"cell","accessibility-link":"link","accessibility-list":"list","accessibility-listitem":"list item","accessibility-outline":"outline","accessibility-outlineitem":"outline item","accessibility-pagetab":"tab","accessibility-propertypage":"property page","accessibility-graphic":"graphic","accessibility-pushbutton":"button","accessibility-checkbutton":"check button","accessibility-radiobutton":"radio button","accessibility-combobox":"combo box","accessibility-progressbar":"progress bar","accessibility-slider":"slider","accessibility-spinbutton":"spin button","accessibility-diagram":"diagram","accessibility-animation":"animation","accessibility-equation":"equation","accessibility-buttonmenu":"button menu","accessibility-whitespace":"white space","accessibility-pagetablist":"tab list","accessibility-canvas":"canvas","accessibility-checkmenuitem":"check menu item","accessibility-label":"label","accessibility-passwordtext":"password text","accessibility-radiomenuitem":"radio menu item","accessibility-textcontainer":"text container","accessibility-togglebutton":"toggle button","accessibility-treetable":"tree table","accessibility-header":"header","accessibility-footer":"footer","accessibility-paragraph":"paragraph","accessibility-entry":"entry","accessibility-caption":"caption","accessibility-heading":"heading","accessibility-section":"section","accessibility-form":"form","accessibility-comboboxlist":"combo box list","accessibility-comboboxoption":"combo box option","accessibility-imagemap":"image map","accessibility-listboxoption":"option","accessibility-listbox":"list box","accessibility-flatequation":"flat equation","accessibility-gridcell":"gridcell","accessibility-note":"note","accessibility-figure":"figure","accessibility-definitionlist":"definition list","accessibility-term":"term","accessibility-definition":"definition","accessibility-textarea":"text area","accessibility-textInputType_date":"date","accessibility-textInputType_email":"e-mail","accessibility-textInputType_search":"search","accessibility-textInputType_tel":"telephone","accessibility-textInputType_url":"URL","accessibility-headingLevel":"heading level {{0}}","accessibility-listStart":"First item","accessibility-listEnd":"Last item","accessibility-listItemsCount":{"_index":["plural","count"],"_":{"zero":"{{count}} items","one":"{{count}} item","two":"{{count}} items","few":"{{count}} items","many":"{{count}} items","other":"{{count}} items"}},"accessibility-objItemOfN":"{{0}} of {{1}}","accessibility-banner":"banner","accessibility-complementary":"complementary","accessibility-contentinfo":"content info","accessibility-main":"main","accessibility-navigation":"navigation","accessibility-search":"search","accessibility-tblColumnInfo":{"_index":["plural","count"],"_":{"zero":"with {{count}} columns","one":"with {{count}} column","two":"with {{count}} columns","few":"with {{count}} columns","many":"with {{count}} columns","other":"with {{count}} columns"}},"accessibility-tblRowInfo":{"_index":["plural","count"],"_":{"zero":"and {{count}} rows","one":"and {{count}} row","two":"and {{count}} rows","few":"and {{count}} rows","many":"and {{count}} rows","other":"and {{count}} rows"}},"accessibility-columnInfo":"Column {{0}}","accessibility-rowInfo":"Row {{0}}","accessibility-spansColumns":{"_index":["plural","0"],"_":{"zero":"spans {{0}} columns","one":"spans {{0}} column","two":"spans {{0}} columns","few":"spans {{0}} columns","many":"spans {{0}} columns","other":"spans {{0}} columns"}},"accessibility-spansRows":{"_index":["plural","0"],"_":{"zero":"spans {{0}} rows","one":"spans {{0}} row","two":"spans {{0}} rows","few":"spans {{0}} rows","many":"spans {{0}} rows","other":"spans {{0}} rows"}},"accessibility-jumpAction":"jumped","accessibility-pressAction":"pressed","accessibility-checkAction":"checked","accessibility-uncheckAction":"unchecked","accessibility-selectAction":"selected","accessibility-unselectAction":"unselected","accessibility-openAction":"opened","accessibility-closeAction":"closed","accessibility-switchAction":"switched","accessibility-clickAction":"clicked","accessibility-collapseAction":"collapsed","accessibility-expandAction":"expanded","accessibility-activateAction":"activated","accessibility-cycleAction":"cycled","accessibility-hidden":"hidden","accessibility-tabLoading":"loading","accessibility-tabLoaded":"loaded","accessibility-tabNew":"new tab","accessibility-tabLoadStopped":"loading stopped","accessibility-tabReload":"reloading","accessibility-stateChecked":"checked","accessibility-stateNotChecked":"not checked","accessibility-statePressed":"pressed","accessibility-stateExpanded":"expanded","accessibility-stateCollapsed":"collapsed","accessibility-stateUnavailable":"unavailable","accessibility-stateRequired":"required","accessibility-stateTraversed":"visited","accessibility-stateHasPopup":"has pop up","accessibility-stateSelected":"selected","accessibility-editingMode":"editing","accessibility-navigationMode":"navigating","accessibility-quicknav_Simple":"Default","accessibility-quicknav_Anchor":"Anchors","accessibility-quicknav_Button":"Buttons","accessibility-quicknav_Combobox":"Combo boxes","accessibility-quicknav_Landmark":"Landmarks","accessibility-quicknav_Entry":"Entries","accessibility-quicknav_FormElement":"Form elements","accessibility-quicknav_Graphic":"Images","accessibility-quicknav_Heading":"Headings","accessibility-quicknav_ListItem":"List items","accessibility-quicknav_Link":"Links","accessibility-quicknav_List":"Lists","accessibility-quicknav_PageTab":"Page tabs","accessibility-quicknav_RadioButton":"Radio buttons","accessibility-quicknav_Separator":"Separators","accessibility-quicknav_Table":"Tables","accessibility-quicknav_Checkbox":"Check boxes","accessibility-menubarAbbr":"menu bar","accessibility-scrollbarAbbr":"scroll bar","accessibility-gripAbbr":"grip","accessibility-alertAbbr":"alert","accessibility-menupopupAbbr":"menu popup","accessibility-documentAbbr":"document","accessibility-paneAbbr":"pane","accessibility-dialogAbbr":"dialog","accessibility-separatorAbbr":"separator","accessibility-toolbarAbbr":"toolbar","accessibility-statusbarAbbr":"status bar","accessibility-tableAbbr":"tbl","accessibility-columnheaderAbbr":"column header","accessibility-rowheaderAbbr":"row header","accessibility-columnAbbr":"column","accessibility-rowAbbr":"row","accessibility-cellAbbr":"cell","accessibility-linkAbbr":"lnk","accessibility-listAbbr":"list","accessibility-listitemAbbr":"list item","accessibility-outlineAbbr":"outline","accessibility-outlineitemAbbr":"outline item","accessibility-pagetabAbbr":"tab","accessibility-propertypageAbbr":"property page","accessibility-graphicAbbr":"graphic","accessibility-pushbuttonAbbr":"btn","accessibility-checkbuttonAbbr":"check button","accessibility-radiobuttonAbbr":"radio button","accessibility-comboboxAbbr":"combo box","accessibility-progressbarAbbr":"progress bar","accessibility-sliderAbbr":"slider","accessibility-spinbuttonAbbr":"spin button","accessibility-diagramAbbr":"diagram","accessibility-animationAbbr":"animation","accessibility-equationAbbr":"equation","accessibility-buttonmenuAbbr":"button menu","accessibility-whitespaceAbbr":"white space","accessibility-pagetablistAbbr":"tab list","accessibility-canvasAbbr":"canvas","accessibility-checkmenuitemAbbr":"check menu item","accessibility-labelAbbr":"label","accessibility-passwordtextAbbr":"passwdtxt","accessibility-radiomenuitemAbbr":"radio menu item","accessibility-textcontainerAbbr":"text container","accessibility-togglebuttonAbbr":"toggle button","accessibility-treetableAbbr":"tree table","accessibility-headerAbbr":"header","accessibility-footerAbbr":"footer","accessibility-paragraphAbbr":"paragraph","accessibility-entryAbbr":"entry","accessibility-captionAbbr":"caption","accessibility-headingAbbr":"heading","accessibility-sectionAbbr":"section","accessibility-formAbbr":"form","accessibility-comboboxlistAbbr":"combo box list","accessibility-comboboxoptionAbbr":"combo box option","accessibility-imagemapAbbr":"imgmap","accessibility-listboxoptionAbbr":"option","accessibility-listboxAbbr":"list box","accessibility-flatequationAbbr":"flat equation","accessibility-gridcellAbbr":"gridcell","accessibility-noteAbbr":"note","accessibility-figureAbbr":"fig","accessibility-definitionlistAbbr":"definition list","accessibility-termAbbr":"term","accessibility-definitionAbbr":"definition","accessibility-textareaAbbr":"txtarea","accessibility-tblColumnInfoAbbr":{"_index":["plural","count"],"_":{"one":"{{count}}c","two":"{{count}}c","few":"{{count}}c","many":"{{count}}c","other":"{{count}}c"}},"accessibility-tblRowInfoAbbr":{"_index":["plural","count"],"_":{"one":"{{count}}r","two":"{{count}}r","few":"{{count}}r","many":"{{count}}r","other":"{{count}}r"}},"accessibility-cellInfoAbbr":"c{{0}}r{{1}}","accessibility-stateCheckedAbbr":"(x)","accessibility-stateUncheckedAbbr":"( )","accessibility-statePressedAbbr":"(x)","accessibility-stateUnpressedAbbr":"( )","ok":"Aceptar","back":"Atrás","help":"Ayuda","cancel":"Cancelar","close":"Cerrar","skip":"Omitir","clear":{"ariaLabel":"Clear"},"undo":{"ariaLabel":"Deshacer"},"airplaneMode":"Modo avión","searching":"Buscando…","noNetwork":"Sin servicio","roaming":"{{operator}} (itinerancia)","operator-info":"{{carrier}} {{region}}","emergencyCallsOnly":"Sólo llamadas de emergencia","emergencyCallsOnly-unknownSIMState":"(estado SIM desconocido)","emergencyCallsOnly-noSIM":"(sin SIM)","emergencyCallsOnly-pinRequired":"(se requiere PIN)","emergencyCallsOnly-pukRequired":"(se requiere PUK)","emergencyCallsOnly-networkLocked":"(restringido a la red)","emergencyCallsOnly-serviceProviderLocked":"(restringido al proveedor de servicios)","emergencyCallsOnly-corporateLocked":"(restringido a la organización)","emergencyCallsOnly-network1Locked":"(restringido a la red1)","emergencyCallsOnly-network2Locked":"(restringido a la red2)","emergencyCallsOnly-hrpdNetworkLocked":"(restringido a la red hrpd)","emergencyCallsOnly-ruimCorporateLocked":"(ruim bloqueada por compañía)","emergencyCallsOnly-ruimServiceProviderLocked":"(ruim bloqueada por proveedor de servicio)","enterPIN":"Escribir PIN","mediaPlaybackTitle":{"ariaLabel":"Título"},"mediaPlaybackArtist":{"ariaLabel":"Artista"},"mediaPlaybackControls":{"ariaLabel":"Controles de música"},"mediaPlaybackPrevious":{"ariaLabel":"Anterior"},"mediaPlaybackPlay":"Reproducir","mediaPlaybackPause":"Pausar","mediaPlaybackNext":{"ariaLabel":"Siguiente"},"wifiButton-on":"Wifi activado","wifiButton-on-initializing":"Wifi activado, iniciando","wifiButton-off":"Wifi desactivado","dataButton-on":"Datos {{type}} activados","dataButton-off":"Datos {{type}} desactivados","bluetoothButton-on":"Bluetooth activado","bluetoothButton-on-initializing":"Bluetooth activado, iniciando","bluetoothButton-off":"Bluetooth desactivado","airplaneMode-on":"Modo avión activado","airplaneMode-off":"Modo avión apagado","settingsButton":{"ariaLabel":"Ajustes"},"utilityTrayGrippy":{"ariaLabel":"Cerrar bandeja de utilidades"},"statusbarLabel":"{{date}} {{operator}}","statusbarDateFormat":"%e de %b","statusbar":{"ariaLabel":"Barra de estado"},"statusbarBattery":"Batería: {{level}} por ciento","statusbarBatteryCharging":"Batería: {{level}} por ciento, cargando","statusbarFlightMode":{"ariaLabel":"Modo avión activado"},"statusbarWiFiConnecting":"Wifi: conectando","statusbarWiFiConnected":"Wifi: {{level}} sobre 4 barras","statusbarSignal":"Red de {{operator}}: {{level}} sobre 5 barras","statusbarSignalRoaming":"Red de {{operator}} (en itinerancia): {{level}} sobre 5 barras","statusbarSignalNoneSearching":"Buscando… Sólo llamadas de emergencia","statusbarHeadphones":{"ariaLabel":"Auriculares conectados"},"statusbarBluetoothHeadphones":{"ariaLabel":"Auriculares Bluetooth conectados"},"statusbarBluetoothTransferring":{"ariaLabel":"Transferencia Bluetooth activa"},"statusbarIconOn-tethering":"Tethering activado","statusbarIconOnActive-tethering":"Tethering activado, funcionando","statusbarAlarm":{"ariaLabel":"Alarma activada"},"statusbarIconOn-bluetooth":"Bluetooth activado","statusbarIconOnActive-bluetooth":"Bluetooth activado, funcionando","statusbarIconOn-mute":"Silencio activado","statusbarIconOn-vibration":"Vibración activada","statusbarRecording":{"ariaLabel":"Grabación activada"},"statusbarGeolocation":{"ariaLabel":"Geolocalización activada"},"statusbarUsb":{"ariaLabel":"USB activado"},"statusbarForwarding":"Desvío de llamadas activado","statusbarPlaying":{"ariaLabel":"Media reproduciéndose"},"statusbarNfc":{"ariaLabel":"NFC activado"},"statusbarDownloads":{"ariaLabel":"Descargando…"},"statusbarNetworkActivity":{"ariaLabel":"Redes activadas"},"statusbarEmergencyCBNotification":{"ariaLabel":"Aviso de emergencia"},"statusbarNotifications":{"_index":["plural","n"],"_":{"one":"{{n}} notificación","two":"{{n}} notificaciones","few":"{{n}} notificaciones","many":"{{n}} notificaciones","other":"{{n}} notificaciones"}},"statusbarNotifications-unread":{"_index":["plural","n"],"_":{"one":"{{n}} notificación sin leer","two":"{{n}} notificaciones sin leer","few":"{{n}} notificaciones sin leer","many":"{{n}} notificaciones sin leer","other":"{{n}} notificaciones sin leer"}},"notifications":"Notificaciones","clear-all":"Borrar todo","attentionScreen-tapToShow":"Pulsar para mostrar","newVoicemails":{"_index":["plural","n"],"_":{"zero":"No hay mensajes de voz nuevos","one":"Un nuevo mensaje de voz","two":"{{n}} nuevos mensajes de voz","few":"{{n}} nuevos mensajes de voz","many":"{{n}} nuevos mensajes de voz","other":"{{n}} nuevos mensajes de voz"}},"newVoicemailsUnknown":"Nuevo mensaje de voz","dialNumber":"Marcar {{number}}","voicemailNotificationMultiSim":"(SIM {{n}}) {{title}}","confirmNFCConnectBTenabledNameUnknown":"¿Seguro que desea conectarse al dispositivo?","confirmNFCConnectBTdisabledNameUnknown":"¿Activar Bluetooth y conectarse al dispositivo?","confirmNFCConnectBTenabledNameKnown":"¿Seguro que desea conectarse a {{deviceName}}?","confirmNFCConnectBTdisabledNameKnown":"¿Activar Bluetooth y conectarse a {{deviceName}}?","confirmNFCConnectBTdisabled":"Activar","dismissNFCConnectBTdisabled":"Cancelar","confirmation":"Confirmación","deviceMenu":"Teléfono","airplane":"Activar modo avión","airplaneOff":"Desactivar modo avión","silent":"Silenciar llamadas","normal":"Sonar llamadas","restart":"Reiniciar","power":"Apagar","no-recent-apps":"No hay aps. recientes","yes":"Sí","no":"No","dontallow":"No permitir","allow":"Permitir","dontshare-geolocation":"No compartir","share-geolocation":"Compartir","dontshare-audio-capture":"No compartir","share-audio-capture":"Compartir","dontshare-video-capture":"No compartir","share-video-capture":"Compartir","dontshare-media-capture":"No compartir","share-media-capture":"Compartir","device-front":"Cámara delantera","device-back":"Cámara trasera","remember-my-choice":"Recordar mi elección","more-info":"Más información…","hide-info":"Ocultar información","install-app":"¿Instalar {{name}}?","size":"Tamaño","author":"Autor","size-unknown":"Desconocido","author-unknown":"Desconocido","install":"Instalar","bytes":"bytes","kB":"Kb","MB":"Mb","GB":"Gb","TB":"Tb","PB":"Pb","app-install-generic-error":"Se detuvo la descarga de {{ appName }}","app-install-download-failed":"Se interrumpió la descarga de {{ appName }}","app-install-install-failed":"Se interrumpió la instalación de {{ appName }}","cancelling-will-not-refund":"La cancelación no devolverá el importe de la compra. Las devoluciones para contenido de pago son provistas por el vendedor original.","apps-can-be-installed-later":"Las aplicaciones pueden instalarse posteriormente desde el origen de la instalación.","are-you-sure-you-want-to-cancel":"¿Seguro que desea cancelar esta instalación?","cancel-install":"Cancelar instalación","cancel-install-button":"Cancelar instalación","resume":"Reanudar","continue":"Continuar","stopDownloading":"¿Parar la descarga de {{app}}?","app-download-can-be-restarted":"La descarga puede reiniciarse más tarde.","app-download-stop-button":"Parar descarga","not-enough-space":"No hay suficiente espacio","not-enough-space-message":"No hay suficiente espacio para instalar esta aplicación. Libere espacio eliminando aplicaciones o archivos multimedia antiguos, y pruebe de nuevo a instalar desde la ubicación original.","app-install-success":"{{ appName }} instalada","setup":"Configuración","ime-addkeyboards":"Agregar teclados","later":"Después","download":"Descargar","wantToDownload":"¿Descargar la actualización ahora?","wantToInstall":"¿Instalar la actualización ahora?","installNow":"Instalar ahora","notNow":"Ahora no","downloadingUpdateMessage":{"innerHTML":"Descargando actualizaciones… <span>{{ progress }} descargados.</span>"},"downloadingAppMessage":"Descargando {{ appName }}","downloadingAppProgressNoMax":"{{ progress }} descargados","downloadingAppProgressIndeterminate":"Descargando","downloadingAppProgress":"{{ progress }} / {{ max }} descargados","cancelAllDownloads":"Cancelar todas las descargas","wantToCancelAll":"¿Seguro que desea cancelar todas las descargas?","downloadError":"Hubo un error mientras se descargaban las actualizaciones.","updateAvailableInfo":{"innerHTML":{"_index":["plural","n"],"_":{"one":"{{ n }} actualización disponible. <span>Pulse para más información.</span>","two":"{{ n }} actualizaciones disponibles. <span>Pulse para más información.</span>","few":"{{ n }} actualizaciones disponibles. <span>Pulse para más información.</span>","many":"{{ n }} actualizaciones disponibles. <span>Pulse para más información.</span>","other":"{{ n }} actualizaciones disponibles. <span>Pulse para más información.</span>"}}},"numberOfUpdates":{"_index":["plural","n"],"_":{"one":"{{ n }} actualización disponible","two":"{{ n }} actualizaciones disponibles","few":"{{ n }} actualizaciones disponibles","many":"{{ n }} actualizaciones disponibles","other":"{{ n }} actualizaciones disponibles"}},"systemUpdate":"Actualización del sistema","systemUpdateReady":"Actualización de sistema lista","systemUpdateLowBatteryThreshold":"You need at least {{ threshold }}% battery level to install the update.","required":"Requerida","uncompressingMessage":{"innerHTML":"Descomprimiendo… <span>Puede tardar unos minutos.</span>"},"downloadNoWifiWarning":"La red wifi no está disponible. Actualizar bajo su conexión actual podría incurrir en cargos adicionales.","downloadOfflineWarning":"La conexión no está disponible. Conéctese a una red para descargar actualizaciones.","downloadDataConnectionWarning":"Las actualizaciones se descargan a través de una conexión de datos cuando no hay una conexión wifi disponible.","downloadUpdatesViaDataConnection":"¿Descargar bajo una conexión de datos?","downloadUpdatesViaDataConnectionMessage":"Las actualizaciones se descargan a través de una conexión de datos cuando no hay una conexión wifi. Usar esta conexión puede bloquear las llamadas telefónicas y suponer la aplicación de cargos adicionales.","downloadUpdatesVia2GForbidden2":"Downloading updates is not possible on slow connections (2G). Please connect via Wi-Fi or 3G (if available) and try again.","screenshotSaved":"Captura guardada en Galería","screenshotFailed":"No se guardó la captura","screenshotNoSDCard":"No se encuentra la tarjeta de memoria","screenshotSDCardInUse":"Tarjeta de memoria en uso","screenshotSDCardLow":"No hay suficiente espacio en la tarjeta de memoria","emergency-call-button":"Llamada de emergencia","emergency-call":"Llamada de emergencia","unlock-a11y-button":{"ariaLabel":"Desbloquear"},"camera-a11y-button":{"ariaLabel":"Cámara"},"longDateFormat":"%A, %e de %B","panel-passcode":{"ariaLabel":"Panel de código"},"lockscreen-sim-id":"SIM {{ n }}","softwareHomeButton":{"ariaLabel":"Inicio"},"login":"Identificarse","username":"Usuario/a","password":"Contraseña","http-authentication-message":"{{host}} requiere un nombre de usuario y contraseña. El sitio dice: “{{realm}}”","error-message":"{{name}} no está cargando correctamente","error-title":"{{name}} está teniendo problemas","airplane-is-on":"El modo avión está activado","airplane-is-turned-on":"{{name}} requiere una conexión a la red. Desactive el modo avión desde Ajustes y conéctese a una red wifi o de datos.","server-not-found":"Servidor no encontrado","server-not-found-error":"No se puede encontrar el servidor en {{name}}.","file-not-found":"Archivo no encontrado","file-not-found-error":"El dispositivo no puede mostrar esta página porque no se puede encontrar el archivo.","connection-failed":"Imposible conectar","connection-failed-error":"Se produjo un error en la red al intentar acceder al sitio.","invalid-connection":"Imposible conectar","invalid-connection-error":"Se produjo un error en la red al intentar acceder al sitio.","malformed-uri":"URL no válida","malformed-uri-error":"La URL que ha escrito no es válida y no puede cargarse.","redirect-loop":"No se puede mostrar la página","redirect-loop-error":"El dispositivo no puede mostrar la página porque ésta no redirige correctamente. Pruebe de nuevo pasados unos minutos.","not-cached":"Página expirada","not-cached-error":"Como medida de precaución, el dispositivo no muestra esta página porque ha caducado.","is-printing-error":"El documento no puede modificarse mientras esté en vista previa o imprimiéndose.","denied-port-access":"Esta dirección está restringida","denied-port-access-error":"Esta dirección usa un puerto de red que normalmente no se utiliza para navegar en la Web. El dispositivo ha cancelado la solicitud para garantizar su seguridad.","proxy-resolve-failure":"Error del servidor proxy","proxy-resolve-failure-error":"El dispositivo está configurado para usar un servidor proxy que no puede encontrarse.","proxy-connect-failure":"Error del servidor proxy","proxy-connect-failure-error":"El dispositivo está configurado para usar un servidor proxy que está rechazando las conexiones.","content-encoding":"No se puede mostrar la página","content-encoding-error":"El dispositivo no puede mostrar esta página porque se produjo un error de codificación del contenido.","remote-xul":"Página no soportada","remote-xul-error":"Esta página no puede mostrarse porque usa una tecnología que es incompatible con el dispositivo.","phishing-blocked":"Advertencia","phishing-blocked-error":"El sitio web ha sido denunciado como una falsificación diseñada con el fin de engañar a los usuarios para que compartan información financiera y personal.","malware-blocked":"Ataque de malware bloqueado","malware-blocked-error":"El sito ha sido denunciado como atacante y ha sido bloqueado.","unsafe-content-type":"Contenido inseguro","unsafe-content-type-error":"La página no puede mostrarse porque puede que no sea seguro abrirla.","corrupted-content":"No se puede mostrar la página","corrupted-content-error":"La página no puede mostrarse porque se detectó un error en la trasmisión de datos.","network-connection-unavailable":"La conexión a la red no está disponible","network-error":"{{name}} requiere una conexión a la red. Intente conectarse a una red wifi o de datos.","network-error-launching":"{{name}} requiree una conexión a internet.","network-error-in-app":"No hay acceso a internet ahora mismo.","unable-to-connect":"Imposible conectar","try-again":"Probar de nuevo","check-settings":"Comprobar ajustes","tap-to-check-settings":"Pulse para ver ajustes","select-time":"Seleccionar hora","choose-option":"Seleccionar","choose-options":"Seleccionar","select-day":"Seleccionar día","battery-almost-empty":"Batería casi agotada","add-to-home-screen":"Agregar a pant. inicio","share":"Compartir","crash-dialog2-os":"{{brandShortName}} se ha recuperado de un fallo","crash-dialog-app":"{{name}} acaba de fallar","crash-dialog-message":"¿Desea enviar a Mozilla un informe acerca de este fallo y ayudarnos a solucionar el problema? (Solo se envían bajo wifi).","crash-info-link":"¿Qué contiene un informe de error?","crash-always-report":"Mandar siempre un informe a Mozilla cuando ocurra un fallo.","crash-dont-send":"No enviar","crash-end":"Enviar informe","crashReports":"Informes de error","done":"Aceptar","crash-reports-description-1":"Un informe de error contiene una serie de datos que describen el fallo y su dispositivo, así como una instantánea del estado en el que se encontraba su dispositivo cuando ocurrió el fallo.","crash-reports-description-2":"Incluirá cosas como páginas y aplicaciones abiertas, texto escrito en formularios, el contenido de mensajes abiertos, el historial reciente de navegación o la ubicación que la aplicación abierta utilizó.","crash-reports-description-3-start":"Utilizamos los informes de error para solucionar problemas y mejorar nuestros productos. Gestionamos su información según se describe en nuestra","crash-reports-description-3-privacy":"política de privacidad","crash-reports-description-3-end":".","crash-banner-os2":"{{brandShortName}} acaba de fallar.","crash-banner-app":"{{name}} acaba de fallar.","crash-banner-report":"Informar","bluetooth-sending-progress":"Enviando transferencia Bluetooth…","bluetooth-receiving-progress":"Recibiendo transferencia Bluetooth…","acceptFileTransfer":"¿Aceptar una transferencia Bluetooth?","wantToReceiveFile":"A {{deviceName}} le gustaría transferir {{fileName}} ({{fileSize}}).","transfer-confirmation-title":"{{deviceName}}","transfer-confirmation-description":"Revise la petición de transferencia.","byteUnit-B":"Bytes","byteUnit-KB":"Kb","byteUnit-MB":"Mb","byteUnit-GB":"Gb","byteUnit-TB":"Tb","byteUnit-PB":"Pb","byteUnit-EB":"Eb","byteUnit-ZB":"Zb","byteUnit-YB":"Yb","fileSize":"{{size}} {{unit}}","deny":"Denegar","transfer":"Transferir","cancelFileTransfer":"¿Cancelar la transferencia Bluetooth?","continueFileTransfer":"Continuar","transfer-has-started-title":"La transferencia ha comenzado","transfer-has-started-description":"Vea progreso en centro de actividades","transferFinished-sentSuccessful-title":"Archivo enviado","transferFinished-receivedSuccessful-title":"Archivo recibido","transferFinished-sentFailed-title":"No se envió el archivo","transferFinished-receivedFailed-title":"No se recibió el archivo","transferReport-title":"Informe de la transferencia:","transferReport-description":"{{numSuccessful}} archivos transferidos, {{numUnsuccessful}} archivos no transferidos","unknown-file":"Archivo desconocido","unknown-device":"Dispositivo desconocido","cannotOpenFile":"No se puede abrir fichero recibido","unknownMediaTypeToOpen":"No se puede abrir tipo de archivo multimedia desconocido:","cannotReceiveFile":"No se puede recibir archivo","cannotGetStorageState":"No se puede obtener estado de almacenamiento del dispositivo.","sdcard-not-exist2":"No se encuentra la tarjeta de memoria. Por favor, inserte una.","sdcard-in-use":"No se puede usar Bluetooth mientras el teléfono esté conectado. Desconecte el teléfono para recibir archivo(s).","sdcard-no-space2":"No se puede completar la transferencia: la tarjeta de memoria está llena.","unknown-error":"Error desconocido","confirm":"Confirmar","microphone-is-on":"Micro está activado","camera-is-on":"Cámara está activada","media-is-on":"Cámara y micro están activados","noSimCard":"No hay tarjeta SIM","simPin":"PIN de SIM","pukCode":"Código PUK","nckCode":"Código NCK","cckCode":"Código CCK","spckCode":"Código SPCK","nck1code":"Código NCK1","nck2code":"Código NCK2","hnckcode":"Código HNCK","rcckcode":"Código RCCK","rspckcode":"Código RSPCK","whatIsSimPin":"¿Qué es el número PIN de la tarjeta SIM?","simPinIntro1":"Un PIN evita el acceso a las redes móviles de datos de la tarjeta SIM. Cuando está activo, cualquier dispositivo con SIM pide el PIN al reiniciar.","simPinIntro2":"El número PIN de la tarjeta SIM no es el mismo código que se usa para desbloquear el dispositivo.","changeSimPin":"Cambiar PIN","pinTitle":"Escribir PIN","multiSIMpinTitle":"Escribir PIN de la SIM {{n}}","pukTitle":"Escribir PUK","nckTitle":"Escribir NCK","cckTitle":"Escribir CCK","spckTitle":"Escribir SPCK","nck1Title":"Escribir NCK1","nck2Title":"Escribir NCK2","hnckTitle":"Escribir HNCK","rcckTitle":"Escribir RCCK","rspckTitle":"Escribir RSPCK","newpinTitle":"Nuevo PIN","inputCodeRetriesLeft":{"_index":["plural","n"],"_":{"one":"último intento.","two":"quedan {{n}} intentos.","few":"quedan {{n}} intentos.","many":"quedan {{n}} intentos.","other":"quedan {{n}} intentos."}},"pinErrorMsg":"El PIN no es correcto.","pinAttemptMsg2":{"_index":["plural","n"],"_":{"one":"Sólo le queda un intento para escribir el código correcto antes de bloquear la SIM.","two":"Le quedan {{n}} intentos para escribir el código correcto antes de bloquear la SIM.","few":"Le quedan {{n}} intentos para escribir el código correcto antes de bloquear la SIM.","many":"Le quedan {{n}} intentos para escribir el código correcto antes de bloquear la SIM.","other":"Le quedan {{n}} intentos para escribir el código correcto antes de bloquear la SIM."}},"pinLastChanceMsg":"Esta es su última oportunidad para escribir el PIN correcto. Si comete otro error, deberá escribir el código PUK para usar la tarjeta SIM.","simCardLockedMsg":"La tarjeta SIM está bloqueada.","enterPukMsg":"Debe escribir la Clave Personal de Desbloqueo (PUK) para la tarjeta SIM. Consulte la documentación de su tarjeta SIM o contacte con su operador para más información.","pukErrorMsg":"El código PUK no es correcto.","pukAttemptMsg2":{"_index":["plural","n"],"_":{"one":"Sólo le queda un intento para escribir el código correcto antes de que la tarjeta SIM quede definitivamente inutilizable. Consulte la documentación de su tarjeta SIM o contacte con su operador para tener más información.","two":"Le quedan {{n}} intentos para escribir el código correcto antes de que la tarjeta SIM quede definitivamente inutilizable. Consulte la documentación de su tarjeta SIM o contacte con su operador para tener más información.","few":"Le quedan {{n}} intentos para escribir el código correcto antes de que la tarjeta SIM quede definitivamente inutilizable. Consulte la documentación de su tarjeta SIM o contacte con su operador para tener más información.","many":"Le quedan {{n}} intentos para escribir el código correcto antes de que la tarjeta SIM quede definitivamente inutilizable. Consulte la documentación de su tarjeta SIM o contacte con su operador para tener más información.","other":"Le quedan {{n}} intentos para escribir el código correcto antes de que la tarjeta SIM quede definitivamente inutilizable. Consulte la documentación de su tarjeta SIM o contacte con su operador para tener más información."}},"pukLastChanceMsg":"Última oportunidad para escribir el código PUK correcto. Su tarjeta SIM quedará inutilizable si escribe un código PUK incorrecto. Consulte la documentación de su tarjeta SIM o contacte con su operador para tener más información.","newSimPinMsg":"Crear nuevo número PIN (debe tener entre 4 a 8 dígitos)","confirmNewSimPinMsg":"Confirmar nuevo PIN","newPinErrorMsg":"Los PIN no coinciden.","nckErrorMsg":"El código NCK no es correcto.","nckAttemptMsg2":{"_index":["plural","n"],"_":{"one":"La despersonalización de red falló. Sólo le queda un intento para escribir el código correcto. Consulte la documentación de su dispositivo o contacte con su operador para tener más información.","two":"La despersonalización de red falló. Le quedan {{n}} intentos para escribir el código correcto. Consulte la documentación de su dispositivo o contacte con su operador para tener más información.","few":"La despersonalización de red falló. Le quedan {{n}} intentos para escribir el código correcto. Consulte la documentación de su dispositivo o contacte con su operador para tener más información.","many":"La despersonalización de red falló. Le quedan {{n}} intentos para escribir el código correcto. Consulte la documentación de su dispositivo o contacte con su operador para tener más información.","other":"La despersonalización de red falló. Le quedan {{n}} intentos para escribir el código correcto. Consulte la documentación de su dispositivo o contacte con su operador para tener más información."}},"nckLastChanceMsg":"La despersonalización de red falló. Es el último intento para escribir el código correcto. Consulte la documentación de su dispositivo o contacte con su operador para tener más información.","activity-pick":"Seleccionar de:","activity-view":"Ver con:","activity-test":"Probar con:","activity-share":"Compartir con:","activity-new":"Crear con:","activity-open":"Abrir con:","activity-save-bookmark":"Agregar a marcadores a:","activity-record":"Grabar de:","activity-browse":"Navegar con:","activity-configure":"Configurar con:","activity-dial":"Llamar desde:","persona-signin":"Identificarse","payment-flow":"Comprar","remoteDebuggerMessage":"Se detectó una petición entrante para permitir depuración remota. ¿Permitir conexión?","fullscreen-request":"{{origin}} está ahora en modo pantalla completa.","captive-wifi-available":"Se encontró la red {{networkName}}. ¿Unirse?","ceWarningtitle":"Aviso de volumen","ceWarningcontent":"Para prevenir posibles daños auditivos, no escuche sonido a un volumen excesivo durante mucho tiempo.","notification-powersaving-mode-on-title":"Modo ahorro de energía","notification-powersaving-mode-on-description":"El modo de ahorro de energía está activado.","low-device-storage":"Poco espacio en disco.\\n","free-space":{"_index":["plural","value"],"_":{"zero":"No queda espacio libre.","one":"Menos de {{value}} {{unit}} disponible.","two":"Menos de {{value}} {{unit}} disponibles.","few":"Menos de {{value}} {{unit}} disponibles.","many":"Menos de {{value}} {{unit}} disponibles.","other":"Menos de {{value}} {{unit}} disponibles."}},"unknown-free-space":"Espacio disponible desconocido.","system-alert":"Alerta del sistema","cb-channel":"Canal {{channel}}","cb-etws-warningType-earthquake":"¡Aviso de terremoto!","cb-etws-warningType-tsunami":"¡Aviso de tsunami!","cb-etws-warningType-earthquake-tsunami":"¡Aviso de terremoto y tsunami!","cb-etws-warningType-test":"El sistema de alarmas se está probando.","cb-etws-warningType-other":"¡Aviso de emergencia!","icc-message-maintitle":"Operator message","icc-message-subtitle":"SIM {{id}}","icc-confirmCall-defaultmessage":"¿Llamar a {{number}}?","icc-alertMessage-defaultmessage":"Enviando mensaje","icc-confirmMessage-defaultmessage":"¿Enviar mensaje?","icc-inputbox-maintitle":"STK Query","icc-inputbox-subtitle":"SIM {{id}}","emergency-callback-mode":"Modo de llamada de respuesta de emergencia","emergency-callback-message":"No puede hacer llamadas, enviar mensajes ni conectarse a internet porque tiene activado el modo de llamada de respuesta de emergencia. ¿Desea desactivarlo?","cdma-record-info":"Información de registro CDMA","ime-switching-title":"{{appName}}: {{name}}","ime-switching-tip":"Pulse para cambiar de método de entrada","shrinking-tip":"Deslice para compartir","download_started":"Descarga iniciada","download_stopped":"Descarga detenida","download_downloading":"Descargando…","download_succeeded":"Descarga completa","download_failed":"Descarga fallida","download_text_by_default":"{{name}}","download_downloading_text_2":"{{percentage}}% - {{name}}","search-or-enter-address":{"_":"Busque o escriba dirección","placeholder":"Busque o escriba dirección"},"noSIMCardInHotspot":"No se encuentra la tarjeta SIM o no está insertada correctamente, desactive el punto de acceso","noHopspotWhenAPMisOn":"Desactive el modo avión para activar el hotspot wifi.","apmActivated":"Modo avión activado","open-in-new-tab":"Abrir enlace en una nueva pestaña","add-link-to-home-screen":"Añadir enlace a la pantalla de inicio","share-link":"Compartir enlace","save-image":"Guardar imagen","save-video":"Guardar vídeo","save-audio":"Save Audio","save-link":"Save linked file","share-image":"Share Image","share-video":"Share Video","share-audio":"Share Audio","weekday-0-long":"domingo","weekday-1-long":"lunes","weekday-2-long":"martes","weekday-3-long":"miércoles","weekday-4-long":"jueves","weekday-5-long":"viernes","weekday-6-long":"sábado","weekday-0-short":"do.","weekday-1-short":"lu.","weekday-2-short":"ma.","weekday-3-short":"mi.","weekday-4-short":"ju.","weekday-5-short":"vi.","weekday-6-short":"sá.","month-0-long":"enero","month-1-long":"febrero","month-2-long":"marzo","month-3-long":"abril","month-4-long":"mayo","month-5-long":"junio","month-6-long":"julio","month-7-long":"agosto","month-8-long":"septiembre","month-9-long":"octubre","month-10-long":"noviembre","month-11-long":"diciembre","month-0-genitive":"enero","month-1-genitive":"febrero","month-2-genitive":"marzo","month-3-genitive":"abril","month-4-genitive":"mayo","month-5-genitive":"junio","month-6-genitive":"julio","month-7-genitive":"agosto","month-8-genitive":"septiembre","month-9-genitive":"octubre","month-10-genitive":"noviembre","month-11-genitive":"diciembre","month-0-short":"ene.","month-1-short":"feb.","month-2-short":"mar.","month-3-short":"abr.","month-4-short":"may.","month-5-short":"jun.","month-6-short":"jul.","month-7-short":"ago.","month-8-short":"sep.","month-9-short":"oct.","month-10-short":"nov.","month-11-short":"dic.","minutes-ago-long":{"_index":["plural","value"],"_":{"zero":"ahora","one":"hace un minuto","two":"hace {{value}} minutos","few":"hace {{value}} minutos","many":"hace {{value}} minutos","other":"hace {{value}} minutos"}},"hours-ago-long":{"_index":["plural","value"],"_":{"zero":"ahora","one":"hace una hora","two":"hace {{value}} horas","few":"hace {{value}} horas","many":"hace {{value}} horas","other":"hace {{value}} horas"}},"days-ago-long":{"_index":["plural","value"],"_":{"zero":"hoy","one":"ayer","two":"hace {{value}} días","few":"hace {{value}} días","many":"hace {{value}} días","other":"hace {{value}} días"}},"weeks-ago-long":{"_index":["plural","value"],"_":{"zero":"esta semana","one":"la semana pasada","two":"hace {{value}} semanas","few":"hace {{value}} semanas","many":"hace {{value}} semanas","other":"hace {{value}} semanas"}},"months-ago-long":{"_index":["plural","value"],"_":{"zero":"este mes","one":"el último mes","two":"hace {{value}} meses","few":"hace {{value}} meses","many":"hace {{value}} meses","other":"hace {{value}} meses"}},"years-ago-long":{"_index":["plural","value"],"_":{"zero":"este año","one":"último año","two":"hace {{value}} años","few":"hace {{value}} años","many":"hace {{value}} años","other":"hace {{value}} años"}},"minutes-until-long":{"_index":["plural","value"],"_":{"zero":"ahora","one":"en un minuto","two":"en {{value}} minutos","few":"en {{value}} minutos","many":"en {{value}} minutos","other":"en {{value}} minutos"}},"hours-until-long":{"_index":["plural","value"],"_":{"zero":"ahora","one":"en una hora","two":"en {{value}} horas","few":"en {{value}} horas","many":"en {{value}} horas","other":"en {{value}} horas"}},"days-until-long":{"_index":["plural","value"],"_":{"zero":"hoy","one":"mañana","two":"en {{value}} días","few":"en {{value}} días","many":"en {{value}} días","other":"en {{value}} días"}},"weeks-until-long":{"_index":["plural","value"],"_":{"zero":"esta semana","one":"la próxima semana","two":"en {{value}} semanas","few":"en {{value}} semanas","many":"en {{value}} semanas","other":"en {{value}} semanas"}},"months-until-long":{"_index":["plural","value"],"_":{"zero":"este mes","one":"próximo mes","two":"en {{value}} meses","few":"en {{value}} meses","many":"en {{value}} meses","other":"en {{value}} meses"}},"years-until-long":{"_index":["plural","value"],"_":{"zero":"este año","one":"próximo año","two":"en {{value}} años","few":"en {{value}} años","many":"en {{value}} años","other":"en {{value}} años"}},"minutes-ago-short":{"_index":["plural","value"],"_":{"zero":"ahora","other":"hace {{value}} m"}},"hours-ago-short":{"_index":["plural","value"],"_":{"zero":"ahora","other":"hace {{value}} h"}},"days-ago-short":{"_index":["plural","value"],"_":{"zero":"hoy","other":"hace {{value}} d"}},"minutes-until-short":{"_index":["plural","value"],"_":{"zero":"ahora","other":"en {{value}} m"}},"hours-until-short":{"_index":["plural","value"],"_":{"zero":"ahora","other":"en {{value}} h"}},"days-until-short":{"_index":["plural","value"],"_":{"zero":"hoy","other":"en {{value}} d"}},"incorrectDate":"(fecha incorrecta)","dateTimeFormat_%c":"%a, %e de %b, %Y %H:%M:%S","dateTimeFormat_%x":"%d/%m/%Y","dateTimeFormat_%X":"%H:%M:%S","shortTimeFormat":"%H:%M","shortDateTimeFormat":"%x %H:%M %p","weekStartsOnMonday":"1","time_am":"AM","time_pm":"PM","title-app":"Permisos de aplicación","title-web":"Permisos de sitio web","title-cam":"Seleccione cámara","perm-contacts":"Contactos","perm-contacts-appRequest":"A la aplicación {{app}} le gustaría acceder a su lista de contactos.","perm-contacts-webRequest":"Al sitio {{site}} le gustaría acceder a su lista de contactos.","perm-desktop-notification":"Notificaciones","perm-desktop-notification-appRequest":"A la aplicación {{app}} le gustaría mostrar notificaciones.","perm-desktop-notification-webRequest":"Al sitio {{site}} le gustaría mostrar notificaciones.","perm-device-storage-music":"Archivos de música","perm-device-storage-music-appRequest":"A la aplicación {{app}} le gustaría acceder a su música.","perm-device-storage-music-webRequest":"Al sitio {{site}} le gustaría acceder a su música.","perm-device-storage-pictures":"Archivos de imágenes","perm-device-storage-pictures-appRequest":"A la aplicación {{app}} le gustaría acceder a sus imágenes.","perm-device-storage-pictures-webRequest":"Al sitio {{site}} le gustaría acceder a sus imágenes.","perm-device-storage-sdcard":"Tarjeta de memoria","perm-device-storage-sdcard-appRequest":"A la aplicación {{app}} le gustaría acceder a su tarjeta de memoria.","perm-device-storage-sdcard-webRequest":"Al sitio {{site}} le gustaría acceder a su tarjeta de memoria.","perm-device-storage-videos":"Archivos de vídeo","perm-device-storage-videos-appRequest":"A la aplicación {{app}} le gustaría acceder a sus vídeos.","perm-device-storage-videos-webRequest":"Al sitio {{site}} le gustaría acceder a sus vídeos.","perm-fmradio":"Radio FM","perm-fmradio-appRequest":"A la aplicación {{app}} le gustaría acceder a Radio FM.","perm-fmradio-webRequest":"Al sitio {{site}} le gustaría acceder a Radio FM.","perm-geolocation":"Geolocalización","perm-geolocation-appRequest":"A la aplicación {{app}} le gustaría conocer su ubicación.","perm-geolocation-webRequest":"Al sitio {{site}} le gustaría conocer su ubicación.","perm-geolocation-more-info":"{{brandShortName}} utiliza datos como GPS, wifi y redes móviles próximas a usted para determinar su ubicación aproximada. Los datos se envían a Mozilla y otros proveedores de servicios, y se usarán agregados con el fin de mejorar las bases de datos sobre ubicaciones. Los datos se guardarán en su dispositivo y la recopilación de los mismos se efectuará incluso cuando no se esté ejecutando ninguna aplicación.","perm-video-capture":"Cámara","perm-video-capture-appRequest":"¿Le gustaría compartir su cámara con la aplicación {{app}}?","perm-video-capture-webRequest":"¿Le gustaría compartir su cámara con el sitio {{site}}?","perm-audio-capture":"Micrófono","perm-audio-capture-appRequest":"¿Le gustaría compartir su micrófono con la aplicación {{app}}?","perm-audio-capture-webRequest":"¿Le gustaría compartir su micrófono con el sitio {{site}}?","perm-media-capture":"Cámara y micrófono","perm-media-capture-appRequest":"¿Le gustaría compartir su cámara y su micrófono con la aplicación {{app}}?","perm-media-capture-webRequest":"¿Le gustaría compartir su cámara y su micrófono con el sitio {{site}}?","perm-camera-selector-appRequest":"Seleccione cámara para {{app}}.","perm-camera-selector-webRequest":"Seleccione cámara para {{site}}.","perm-mobileid":"Identidad móvil","stopped_download_title":"Descarga parada","stopped_download_message":"Se detuvo la descarga. ¿Probar de nuevo a descargar?","stopped_download_left_button":"Cancelar","stopped_download_right_button":"Probar de nuevo","failed_download_title":"Error en la descarga","failed_download_message":"{{name}} interrumpió la descarga. ¿Probar de nuevo a descargar?","failed_download_left_button":"Cancelar","failed_download_right_button":"Probar de nuevo","stop_download_title":"Parar descarga","stop_download_message":"¿Seguro que desea parar la descarga?","stop_download_left_button":"No","stop_download_right_button":"Sí","delete_download_title":"Borrar","delete_download_message":"¿Borrar {{name}}?","delete_download_left_button":"Cancelar","delete_download_right_button":"Borrar","delete_all_download_title":"Borrar","delete_all_download_left_button":"Cancelar","delete_all_download_right_button":"Borrar","delete_all_download_message":{"_index":["plural","number"],"_":{"zero":"¿No eliminar ficheros?","one":"¿Eliminar un fichero?","two":"¿Eliminar {{number}} ficheros?","few":"¿Eliminar {{number}} ficheros?","many":"¿Eliminar {{number}} ficheros?","other":"¿Eliminar {{number}} ficheros?"}},"unsupported_file_type_download_title":"Imposible abrir","unsupported_file_type_download_message":"No hay ninguna aplicación que pueda abrir {{name}}. ¿Desea guardar el archivo o borrarlo?","unsupported_file_type_download_left_button":"Guardar archivo","unsupported_file_type_download_right_button":"Borrar","file_not_found_download_title":"No se encontró ningún archivo","file_not_found_download_message":"No se encontró el archivo en el dispositivo","file_not_found_download_right_button":"Aceptar","unmounted_sdcard_2_download_title":"Tarjeta de memoria en uso","unmounted_sdcard_2_download_message":"Desconecte el teléfono","unmounted_sdcard_2_download_right_button":"Aceptar","no_provider_download_title":"Imposible compartir","no_provider_download_message":"No se encontró proveedor","no_provider_download_right_button":"Aceptar","no_memory_download_title":"La tarjeta SD está llena","no_memory_download_message":"No hay más espacio en la tarjeta SD para guardar la descarga. Elimine algunos archivos antes de reiniciarla.","no_memory_download_right_button":"Aceptar","no_sdcard_found_2_download_title":"No se encontró ninguna tarjeta de memoria","no_sdcard_found_2_download_message":"Inserte una tarjeta de memoria o seleccione en Ajustes una ubicación predeterminada alternativa para los archivos multimedia","no_sdcard_found_2_download_right_button":"Aceptar","file_open_error_download_title":"Imposible abrir","file_open_error_download_message":"Hubo un problema al abrir {{name}}. ¿Desea guardar el archivo o borrarlo?","file_open_error_download_left_button":"Guardar archivo","file_open_error_download_right_button":"Borrar","restart_download_error":"Hubo un error al reiniciar la descarga. Pruebe de nuevo a descargar.","no-downloads":"No hay descargas","percentage":"{{percentage}} %","partialResult":"{{partial}} de {{total}}","summary":"{{date}} - {{status}}","download-stopped":"Parada","download-failed":"Descarga fallida","open_downloaded_file":"Abierta","share_downloaded_file":"Compartir","wallpaper_downloaded_file":"Usar como fondo de pantalla","ringtone_downloaded_file":"Usar como tono de llamada","cancel_downloaded_file":"Cancelar","voicemailNoNumberTitle":"El número del buzón de voz no está disponible","voicemailNoNumberText":"Imposible llamar al buzón de voz. Configure un número para el buzón de voz para realizar la llamada.","voicemailNoNumberSettings":"Ajustes","voicemailNoNumberCancel":"Cancelar","resend":"Reenviar","connecting":"Conectando","verify":"Verificar","verifying":"Verificando","verified":"Verificado","mobileIDExplanation":"A {{app_name}} le gustaría conocer y verificar su número de teléfono. Por favor, elija una de las opciones que le gustaría compartir o introduzca una nueva.","verificationCodeExplanation":"Le hemos enviado un código a {{phone_number}}. Intentaremos leerlo automáticamente, pero podría tener que introducirlo manualmente si no está en uso en este dispositivo.","successMessage":"¡Genial! Su número {{phone_number}} está ahora verificado y disponible para {{app_name}}.","serverErrorMessage":"El servidor de verificación no está disponible ahora mismo. Por favor, compruebe su conexión a internet y pruebe de nuevo, o espere unos minutos.","timeoutErrorMessage":"Parece que hay un problema con el código de verificación. ¡Intentémoslo de nuevo!","errorTitle":"Identidad móvil","addPhoneNumber":"O añada su número de teléfono","selectPhoneNumber":"O seleccione un número de la lista"}