{"firefox-accounts-title":"Firefoxeko kontuak","fxa-next":"Hurrengoa","fxa-back":"Atzera","fxa-done":"Eginda","fxa-ok":"Ados","fxa-connection-error-title":"Ezin da konektatu","fxa-connection-error-message":"Ezarpenetatik sor dezakezu kontua edo saioa hasi.","fxa-reset-password-error-title":"Berrezarri pasahitza","fxa-reset-password-error-message":"Ezarpenetatik berrezar dezakezu zure pasahitza.","fxa-coppa-failure-error-title":"Ezin da kontua sortu","fxa-coppa-failure-error-message":"Adinaren eskakizunak bete behar dituzu Firefoxeko kontua sortu ahal izateko. {{learnmore}}","fxa-learn-more":"Argibide gehiago","fxa-offline-error-title":"Ezin da konektatu","fxa-offline-error-message":"Konektatu sare batera ezarpenetatik.","fxa-invalid-email-title":"Errorea","fxa-invalid-email-message":"Sartu baliozko helbide elektronikoa.","fxa-invalid-password-title":"Pasahitz baliogabea","fxa-invalid-password-message":"Egiaztatu pasahitza eta saiatu berriro.","fxa-unknown-error-title":"Ezin da konektatu","fxa-unknown-error-message":"Sistema ez dago erabilgarri, saiatu berriro geroago.","fxa-connecting":"Konektatzen","fxa-enter-email-input":{"placeholder":"Sartu zure posta-helbidea"},"fxa-use-email-to-sign-in":"Erabili zure posta-helbidea kontu bat sortzeko edo saioa hasteko.","fxa-notice":"Jarraituz gero, Firefoxen hodei-zerbitzuen {{tos}} eta {{pn}} onartzen ditut.","fxa-tos":"Erabilera-baldintzak","fxa-pn":"Pribatutasun-oharra","fxa-create-password-title":"Sortu pasahitza","fxa-enter-password-title":"Sartu zure pasahitza","fxa-hello-user":"Kaixo, {{email}}","fxa-password-refresh":"Jarraitzeko, sartu zure Firefox kontuaren pasahitza.","fxa-password":{"placeholder":"Pasahitza"},"fxa-forgot-your-password":"Pasahitza ahaztu duzu?","fxa-show-password":"Erakutsi pasahitza","fxa-password-length-requirement":"Pasahitzak gutxienez 8 karaktereko luzera izan behar du.","fxa-success":"Ondo!","fxa-ready-to-go":"Zure Firefoxeko kontua prest dago! ","fxa-use-features":"'Aurkitu nire gailua' bezalako aukerak eta Firefox Marketplace bezalako aplikazioak erabil ditzakezu orain.","fxa-access-manage-account-settings":"Etorkizunean, zure kontua Ezarpenak ataletik ikusi eta kudeatu ahal duzu.","fxa-confirm-account":"Berretsi zure kontua","fxa-will-send-email":"Helbide honetara bidaliko dugu mezua: {{email}}","fxa-signup-click-verification-link-in-email":"Posta begiratzen duzun hurrengo aldian, egin klik egiaztapen-loturan zure Firefoxeko kontua berresteko.","fxa-age-verification":"Adin-egiaztapena","fxa-age-1990-earlier":"1990 edo lehenago","fxa-year-of-birth":"Jaiotze-urtea","brandShortName":"B2G SEa","browserBrandShortName":"Web nabigatzailea","browserBrandFullName":"Mozilla web nabigatzailea","accessibility-enableScreenReaderSteps":"To enable screen reader, press volume up then volume down buttons three more times","accessibility-disableScreenReaderSteps":"To disable screen reader, press volume up then volume down buttons three more times","accessibility-screenReaderStarted":"Screen reader started","accessibility-screenReaderStopped":"Screen reader stopped","accessibility-menubar":"menu bar","accessibility-scrollbar":"scroll bar","accessibility-grip":"grip","accessibility-alert":"alert","accessibility-menupopup":"menu popup","accessibility-document":"document","accessibility-pane":"pane","accessibility-dialog":"dialog","accessibility-separator":"separator","accessibility-toolbar":"toolbar","accessibility-statusbar":"status bar","accessibility-table":"table","accessibility-columnheader":"column header","accessibility-rowheader":"row header","accessibility-column":"column","accessibility-row":"row","accessibility-cell":"cell","accessibility-link":"link","accessibility-list":"list","accessibility-listitem":"list item","accessibility-outline":"outline","accessibility-outlineitem":"outline item","accessibility-pagetab":"tab","accessibility-propertypage":"property page","accessibility-graphic":"graphic","accessibility-pushbutton":"button","accessibility-checkbutton":"check button","accessibility-radiobutton":"radio button","accessibility-combobox":"combo box","accessibility-progressbar":"progress bar","accessibility-slider":"slider","accessibility-spinbutton":"spin button","accessibility-diagram":"diagram","accessibility-animation":"animation","accessibility-equation":"equation","accessibility-buttonmenu":"button menu","accessibility-whitespace":"white space","accessibility-pagetablist":"tab list","accessibility-canvas":"canvas","accessibility-checkmenuitem":"check menu item","accessibility-label":"label","accessibility-passwordtext":"password text","accessibility-radiomenuitem":"radio menu item","accessibility-textcontainer":"text container","accessibility-togglebutton":"toggle button","accessibility-treetable":"tree table","accessibility-header":"header","accessibility-footer":"footer","accessibility-paragraph":"paragraph","accessibility-entry":"entry","accessibility-caption":"caption","accessibility-heading":"heading","accessibility-section":"section","accessibility-form":"form","accessibility-comboboxlist":"combo box list","accessibility-comboboxoption":"combo box option","accessibility-imagemap":"image map","accessibility-listboxoption":"option","accessibility-listbox":"list box","accessibility-flatequation":"flat equation","accessibility-gridcell":"gridcell","accessibility-note":"note","accessibility-figure":"figure","accessibility-definitionlist":"definition list","accessibility-term":"term","accessibility-definition":"definition","accessibility-textarea":"text area","accessibility-textInputType_date":"date","accessibility-textInputType_email":"e-mail","accessibility-textInputType_search":"search","accessibility-textInputType_tel":"telephone","accessibility-textInputType_url":"URL","accessibility-headingLevel":"heading level {{0}}","accessibility-listStart":"First item","accessibility-listEnd":"Last item","accessibility-listItemsCount":{"_index":["plural","count"],"_":{"zero":"{{count}} items","one":"{{count}} item","two":"{{count}} items","few":"{{count}} items","many":"{{count}} items","other":"{{count}} items"}},"accessibility-objItemOfN":"{{0}} of {{1}}","accessibility-banner":"banner","accessibility-complementary":"complementary","accessibility-contentinfo":"content info","accessibility-main":"main","accessibility-navigation":"navigation","accessibility-search":"search","accessibility-tblColumnInfo":{"_index":["plural","count"],"_":{"zero":"with {{count}} columns","one":"with {{count}} column","two":"with {{count}} columns","few":"with {{count}} columns","many":"with {{count}} columns","other":"with {{count}} columns"}},"accessibility-tblRowInfo":{"_index":["plural","count"],"_":{"zero":"and {{count}} rows","one":"and {{count}} row","two":"and {{count}} rows","few":"and {{count}} rows","many":"and {{count}} rows","other":"and {{count}} rows"}},"accessibility-columnInfo":"Column {{0}}","accessibility-rowInfo":"Row {{0}}","accessibility-spansColumns":{"_index":["plural","0"],"_":{"zero":"spans {{0}} columns","one":"spans {{0}} column","two":"spans {{0}} columns","few":"spans {{0}} columns","many":"spans {{0}} columns","other":"spans {{0}} columns"}},"accessibility-spansRows":{"_index":["plural","0"],"_":{"zero":"spans {{0}} rows","one":"spans {{0}} row","two":"spans {{0}} rows","few":"spans {{0}} rows","many":"spans {{0}} rows","other":"spans {{0}} rows"}},"accessibility-jumpAction":"jumped","accessibility-pressAction":"pressed","accessibility-checkAction":"checked","accessibility-uncheckAction":"unchecked","accessibility-selectAction":"selected","accessibility-unselectAction":"unselected","accessibility-openAction":"opened","accessibility-closeAction":"closed","accessibility-switchAction":"switched","accessibility-clickAction":"clicked","accessibility-collapseAction":"collapsed","accessibility-expandAction":"expanded","accessibility-activateAction":"activated","accessibility-cycleAction":"cycled","accessibility-hidden":"hidden","accessibility-tabLoading":"loading","accessibility-tabLoaded":"loaded","accessibility-tabNew":"new tab","accessibility-tabLoadStopped":"loading stopped","accessibility-tabReload":"reloading","accessibility-stateChecked":"checked","accessibility-stateNotChecked":"not checked","accessibility-statePressed":"pressed","accessibility-stateExpanded":"expanded","accessibility-stateCollapsed":"collapsed","accessibility-stateUnavailable":"unavailable","accessibility-stateRequired":"required","accessibility-stateTraversed":"visited","accessibility-stateHasPopup":"has pop up","accessibility-stateSelected":"selected","accessibility-editingMode":"editing","accessibility-navigationMode":"navigating","accessibility-quicknav_Simple":"Default","accessibility-quicknav_Anchor":"Anchors","accessibility-quicknav_Button":"Buttons","accessibility-quicknav_Combobox":"Combo boxes","accessibility-quicknav_Landmark":"Landmarks","accessibility-quicknav_Entry":"Entries","accessibility-quicknav_FormElement":"Form elements","accessibility-quicknav_Graphic":"Images","accessibility-quicknav_Heading":"Headings","accessibility-quicknav_ListItem":"List items","accessibility-quicknav_Link":"Links","accessibility-quicknav_List":"Lists","accessibility-quicknav_PageTab":"Page tabs","accessibility-quicknav_RadioButton":"Radio buttons","accessibility-quicknav_Separator":"Separators","accessibility-quicknav_Table":"Tables","accessibility-quicknav_Checkbox":"Check boxes","accessibility-menubarAbbr":"menu bar","accessibility-scrollbarAbbr":"scroll bar","accessibility-gripAbbr":"grip","accessibility-alertAbbr":"alert","accessibility-menupopupAbbr":"menu popup","accessibility-documentAbbr":"document","accessibility-paneAbbr":"pane","accessibility-dialogAbbr":"dialog","accessibility-separatorAbbr":"separator","accessibility-toolbarAbbr":"toolbar","accessibility-statusbarAbbr":"status bar","accessibility-tableAbbr":"tbl","accessibility-columnheaderAbbr":"column header","accessibility-rowheaderAbbr":"row header","accessibility-columnAbbr":"column","accessibility-rowAbbr":"row","accessibility-cellAbbr":"cell","accessibility-linkAbbr":"lnk","accessibility-listAbbr":"list","accessibility-listitemAbbr":"list item","accessibility-outlineAbbr":"outline","accessibility-outlineitemAbbr":"outline item","accessibility-pagetabAbbr":"tab","accessibility-propertypageAbbr":"property page","accessibility-graphicAbbr":"graphic","accessibility-pushbuttonAbbr":"btn","accessibility-checkbuttonAbbr":"check button","accessibility-radiobuttonAbbr":"radio button","accessibility-comboboxAbbr":"combo box","accessibility-progressbarAbbr":"progress bar","accessibility-sliderAbbr":"slider","accessibility-spinbuttonAbbr":"spin button","accessibility-diagramAbbr":"diagram","accessibility-animationAbbr":"animation","accessibility-equationAbbr":"equation","accessibility-buttonmenuAbbr":"button menu","accessibility-whitespaceAbbr":"white space","accessibility-pagetablistAbbr":"tab list","accessibility-canvasAbbr":"canvas","accessibility-checkmenuitemAbbr":"check menu item","accessibility-labelAbbr":"label","accessibility-passwordtextAbbr":"passwdtxt","accessibility-radiomenuitemAbbr":"radio menu item","accessibility-textcontainerAbbr":"text container","accessibility-togglebuttonAbbr":"toggle button","accessibility-treetableAbbr":"tree table","accessibility-headerAbbr":"header","accessibility-footerAbbr":"footer","accessibility-paragraphAbbr":"paragraph","accessibility-entryAbbr":"entry","accessibility-captionAbbr":"caption","accessibility-headingAbbr":"heading","accessibility-sectionAbbr":"section","accessibility-formAbbr":"form","accessibility-comboboxlistAbbr":"combo box list","accessibility-comboboxoptionAbbr":"combo box option","accessibility-imagemapAbbr":"imgmap","accessibility-listboxoptionAbbr":"option","accessibility-listboxAbbr":"list box","accessibility-flatequationAbbr":"flat equation","accessibility-gridcellAbbr":"gridcell","accessibility-noteAbbr":"note","accessibility-figureAbbr":"fig","accessibility-definitionlistAbbr":"definition list","accessibility-termAbbr":"term","accessibility-definitionAbbr":"definition","accessibility-textareaAbbr":"txtarea","accessibility-tblColumnInfoAbbr":{"_index":["plural","count"],"_":{"one":"{{count}}c","two":"{{count}}c","few":"{{count}}c","many":"{{count}}c","other":"{{count}}c"}},"accessibility-tblRowInfoAbbr":{"_index":["plural","count"],"_":{"one":"{{count}}r","two":"{{count}}r","few":"{{count}}r","many":"{{count}}r","other":"{{count}}r"}},"accessibility-cellInfoAbbr":"c{{0}}r{{1}}","accessibility-stateCheckedAbbr":"(x)","accessibility-stateUncheckedAbbr":"( )","accessibility-statePressedAbbr":"(x)","accessibility-stateUnpressedAbbr":"( )","ok":"Ados","back":"Atzera","help":"Laguntza","cancel":"Utzi","close":"Itxi","skip":"Saltatu","clear":{"ariaLabel":"Clear"},"undo":{"ariaLabel":"Desegin"},"airplaneMode":"Hegazkin modua","searching":"Bilatzen…","noNetwork":"Sarerik ez","roaming":"{{operator}} (ibiltaritza)","operator-info":"{{carrier}} {{region}}","emergencyCallsOnly":"Larrialdi-deiak soilik","emergencyCallsOnly-unknownSIMState":"(SIMaren egoera ezezaguna)","emergencyCallsOnly-noSIM":"(SIMik ez)","emergencyCallsOnly-pinRequired":"(SIM PINa beharrezkoa)","emergencyCallsOnly-pukRequired":"(SIM PUKa beharrezkoa)","emergencyCallsOnly-networkLocked":"(sarea blokeatuta)","emergencyCallsOnly-serviceProviderLocked":"(zerbitzu-hornitzaileak blokeatuta)","emergencyCallsOnly-corporateLocked":"(enpresak blokeatuta)","emergencyCallsOnly-network1Locked":"(1sarea blokeatuta)","emergencyCallsOnly-network2Locked":"(2sarea blokeatuta)","emergencyCallsOnly-hrpdNetworkLocked":"(hrpd sarea blokeatuta)","emergencyCallsOnly-ruimCorporateLocked":"(ruim enpresak blokeatuta)","emergencyCallsOnly-ruimServiceProviderLocked":"(ruim zerbitzu-hornitzaileak blokeatuta)","enterPIN":"Sartu PINa","mediaPlaybackTitle":{"ariaLabel":"Titulua"},"mediaPlaybackArtist":{"ariaLabel":"Artista"},"mediaPlaybackControls":{"ariaLabel":"Erreprodukzio-kontrolak"},"mediaPlaybackPrevious":{"ariaLabel":"Aurrekoa"},"mediaPlaybackPlay":"Erreproduzitu","mediaPlaybackPause":"Pausatu","mediaPlaybackNext":{"ariaLabel":"Hurrengoa"},"wifiButton-on":"Wi-Fia piztuta","wifiButton-on-initializing":"Wi-Fia piztuta, hasieratzen","wifiButton-off":"Wi-Fia itzalita","dataButton-on":"{{type}} datua piztuta","dataButton-off":"{{type}} datua itzalita","bluetoothButton-on":"Bluetooth-a piztuta","bluetoothButton-on-initializing":"Bluetooth-a piztuta, hasieratzen","bluetoothButton-off":"Bluetooth-a itzalita","airplaneMode-on":"Hegazkin modua piztuta","airplaneMode-off":"Hegazkin modua itzalita","settingsButton":{"ariaLabel":"Ezarpenak"},"utilityTrayGrippy":{"ariaLabel":"Itxi utilitate-erretilua"},"statusbarLabel":"{{date}}, {{operator}}","statusbarDateFormat":"%Bk %e","statusbar":{"ariaLabel":"Egoera-barra"},"statusbarBattery":"Bateria ehuneko {{level}}","statusbarBatteryCharging":"Bateria ehuneko {{level}}, kargatzen","statusbarFlightMode":{"ariaLabel":"Hegazkin modua piztuta"},"statusbarWiFiConnecting":"Wi-Fia: konektatzen","statusbarWiFiConnected":"Wi-Fia: 4 barratik {{level}}","statusbarSignal":"{{operator}} sarea, 5 barratik {{level}}","statusbarSignalRoaming":"{{operator}} sarea (ibiltaritza), 5 barratik {{level}}","statusbarSignalNoneSearching":"Bilatzen… Larrialdi-deiak soilik","statusbarHeadphones":{"ariaLabel":"Entzungailuak piztuta"},"statusbarBluetoothHeadphones":{"ariaLabel":"Bluetooth entzungailuak piztuta"},"statusbarBluetoothTransferring":{"ariaLabel":"Bluetooth transferentzia aktibatuta"},"statusbarIconOn-tethering":"Tethering-a piztuta","statusbarIconOnActive-tethering":"Tethering-a piztuta, aktibo","statusbarAlarm":{"ariaLabel":"Alarma piztuta"},"statusbarIconOn-bluetooth":"Bluetooth-a piztuta","statusbarIconOnActive-bluetooth":"Bluetooth-a piztuta, aktibo","statusbarIconOn-mute":"Mututzea piztuta","statusbarIconOn-vibration":"Bibrazioa piztuta","statusbarRecording":{"ariaLabel":"Grabatzea piztuta"},"statusbarGeolocation":{"ariaLabel":"Geokokapena piztuta"},"statusbarUsb":{"ariaLabel":"USBa piztuta"},"statusbarForwarding":"Deia birbidaltzea piztuta","statusbarPlaying":{"ariaLabel":"Multimedia erreproduzitzen"},"statusbarNfc":{"ariaLabel":"NFC piztuta"},"statusbarDownloads":{"ariaLabel":"Deskargatzen…"},"statusbarNetworkActivity":{"ariaLabel":"Sarea piztuta"},"statusbarEmergencyCBNotification":{"ariaLabel":"Larrialdi-atzeradeia"},"statusbarNotifications":{"_index":["plural","n"],"_":{"one":"Jakinarazpen bat","two":"{{n}} jakinarazpen","few":"{{n}} jakinarazpen","many":"{{n}} jakinarazpen","other":"{{n}} jakinarazpen"}},"statusbarNotifications-unread":{"_index":["plural","n"],"_":{"one":"Irakurri gabeko jakinarazpen bat","two":"Irakurri gabeko {{n}} jakinarazpen","few":"Irakurri gabeko {{n}} jakinarazpen","many":"Irakurri gabeko {{n}} jakinarazpen","other":"Irakurri gabeko {{n}} jakinarazpen"}},"notifications":"Jakinarazpenak","clear-all":"Garbitu dena","attentionScreen-tapToShow":"Sakatu erakusteko","newVoicemails":{"_index":["plural","n"],"_":{"zero":"Ahots-mezu berririk ez","one":"Ahots-mezu berri bat","two":"{{n}} ahots-mezu berri","few":"{{n}} ahots-mezu berri","many":"{{n}} ahots-mezu berri","other":"{{n}} ahots-mezu berri"}},"newVoicemailsUnknown":"Ahots-mezu berria","dialNumber":"Markatu {{number}}","voicemailNotificationMultiSim":"({{n}}. SIMa) {{title}}","confirmNFCConnectBTenabledNameUnknown":"Ziur zaude gailura konektatu nahi duzula?","confirmNFCConnectBTdisabledNameUnknown":"Bluetooth-a piztu eta gailuarekin konektatu?","confirmNFCConnectBTenabledNameKnown":"Ziur zaude {{deviceName}} gailuarekin konektatu nahi duzula?","confirmNFCConnectBTdisabledNameKnown":"Bluetooth-a piztu eta {{deviceName}} gailuarekin konektatu?","confirmNFCConnectBTdisabled":"Piztu","dismissNFCConnectBTdisabled":"Utzi","confirmation":"Berrespena","deviceMenu":"Telefonoa","airplane":"Piztu hegazkin modua","airplaneOff":"Itzali hegazkin modua","silent":"Isilarazi sarrerako deiak","normal":"Jo sarrerako deiak","restart":"Berrabiarazi","power":"Itzali","no-recent-apps":"Azken aplikaziorik ez","yes":"Bai","no":"Ez","dontallow":"Ez baimendu","allow":"Baimendu","dontshare-geolocation":"Ez partekatu","share-geolocation":"Partekatu","dontshare-audio-capture":"Ez partekatu","share-audio-capture":"Partekatu","dontshare-video-capture":"Ez partekatu","share-video-capture":"Partekatu","dontshare-media-capture":"Ez partekatu","share-media-capture":"Partekatu","device-front":"Aurreko kamera","device-back":"Atzeko kamera","remember-my-choice":"Gogoratu nire aukera","more-info":"Informazio gehiago…","hide-info":"Ezkutatu informazioa","install-app":"Instalatu {{name}}?","size":"Tamaina","author":"Egilea","size-unknown":"Ezezaguna","author-unknown":"Ezezaguna","install":"Instalatu","bytes":"byte","kB":"KB","MB":"MB","GB":"GB","TB":"TB","PB":"PB","app-install-generic-error":"{{ appName }}: deskarga geldituta","app-install-download-failed":"{{ appName }}: deskargak huts egin du","app-install-install-failed":"{{ appName }}: instalazioak huts egin du","cancelling-will-not-refund":"Utziz gero ez da dirurik bueltatuko. Ordaindutako edukiarengatik jatorrizko saltzaileak itzultzen du dirua.","apps-can-be-installed-later":"Aplikazioak geroago instala daitezke jatorrizko instalazio-iturburutik.","are-you-sure-you-want-to-cancel":"Ziur zaude instalazioa utzi nahi duzula?","cancel-install":"Utzi instalazioa","cancel-install-button":"Utzi instalazioa","resume":"Berrabiarazi","continue":"Jarraitu","stopDownloading":"Gelditu {{ app }} deskargatzen?","app-download-can-be-restarted":"Deskarga geroago berrekin daiteke.","app-download-stop-button":"Gelditu deskarga","not-enough-space":"Toki librerik ez","not-enough-space-message":"Ez dago toki librerik aplikazio hau instalatzeko. Hustu tokia aplikazio edo multimedia zaharrak ezabatuz, eta saiatu berriro instalatzen jatorrizko iturburutik.","app-install-success":"{{ appName }} instalatuta","setup":"Konfiguratu","ime-addkeyboards":"Gehitu teklatuak","later":"Geroago","download":"Deskargatu","wantToDownload":"Eguneraketa orain deskargatu?","wantToInstall":"Eguneraketa orain instalatu?","installNow":"Instalatu orain","notNow":"Orain ez","downloadingUpdateMessage":{"innerHTML":"Eguneraketak deskargatzen… <span>{{ progress }} deskargatuta.</span>"},"downloadingAppMessage":"{{ appName }} deskargatzen","downloadingAppProgressNoMax":"{{ progress }} deskargatuta","downloadingAppProgressIndeterminate":"Deskargatzen","downloadingAppProgress":"{{ max }} / {{ progress }} deskargatuta","cancelAllDownloads":"Utzi deskarga guztiak","wantToCancelAll":"Ziur zaude deskarga guztiak utzi nahi dituzula?","downloadError":"Errorea gertatu da eguneraketak deskargatzean.","updateAvailableInfo":{"innerHTML":{"_index":["plural","n"],"_":{"one":"Eguneraketa {{ n }} erabilgarri. <span>Sakatu informazio gehiagorako.</span>","two":"{{ n }} eguneraketa erabilgarri <span>Sakatu informazio gehiagorako.</span>","few":"{{ n }} eguneraketa erabilgarri <span>Sakatu informazio gehiagorako.</span>","many":"{{ n }} eguneraketa erabilgarri <span>Sakatu informazio gehiagorako.</span>","other":"{{ n }} eguneraketa erabilgarri <span>Sakatu informazio gehiagorako.</span>"}}},"numberOfUpdates":{"_index":["plural","n"],"_":{"one":"Eguneraketa bat erabilgarri","two":"{{ n }} eguneraketa erabilgarri","few":"{{ n }} eguneraketa erabilgarri","many":"{{ n }} eguneraketa erabilgarri","other":"{{ n }} eguneraketa erabilgarri"}},"systemUpdate":"Sistemaren eguneraketa","systemUpdateReady":"Sistemaren eguneraketa prest","systemUpdateLowBatteryThreshold":"You need at least {{ threshold }}% battery level to install the update.","required":"Beharrezkoa","uncompressingMessage":{"innerHTML":"Deskonprimitzen… <span>Minutu batzuk har ditzake.</span>"},"downloadNoWifiWarning":"Wi-Fia ez dago erabilgarri. Updating over current connection may incur additional charges.","downloadOfflineWarning":"Konexioa ez dago erabilgarri. Konektatu sare batekin eguneraketak deskargatzeko.","downloadDataConnectionWarning":"Updates are downloaded via data connection when Wi-Fi is not available. Datu-tarifa gehigarriak aplika daitezke.","downloadUpdatesViaDataConnection":"Deskargatu eguneraketak datu-konexio bidez?","downloadUpdatesViaDataConnectionMessage":"Eguneraketak datu-konexio bidez deskargatzen dira Wi-Fia ez dagoenean erabilgarri. Datu-konexioa erabiltzean, telefono-deiak blokea litezke eta tarifa gehigarriak ere aplika litezke.","downloadUpdatesVia2GForbidden2":"Downloading updates is not possible on slow connections (2G). Please connect via Wi-Fi or 3G (if available) and try again.","screenshotSaved":"Pantaila-argazkia gordeta","screenshotFailed":"Ezin pantaila-argazkia gorde","screenshotNoSDCard":"Ez da memoria-txartelik aurkitu","screenshotSDCardInUse":"Memoria-txartela erabiltzen ari da","screenshotSDCardLow":"Toki librerik ez memoria-txartelean","emergency-call-button":"Larrialdi-deia","emergency-call":"Larrialdi-deia","unlock-a11y-button":{"ariaLabel":"Desblokeatu"},"camera-a11y-button":{"ariaLabel":"Kamera"},"longDateFormat":"%A, %Bk %e","panel-passcode":{"ariaLabel":"Pasakodearen panela"},"lockscreen-sim-id":"SIM {{ n }}","softwareHomeButton":{"ariaLabel":"Nagusia"},"login":"Hasi saioa","username":"Erabiltzaile-izena","password":"Pasahitza","http-authentication-message":"{{host}} ostalariak erabiltzaile-izen eta pasahitza eskatzen ditu. Guneak hau dio: “{{realm}}”","error-message":"{{name}} ez da ari ondo kargatzen","error-title":"{{name}} arazoak izaten ari da","airplane-is-on":"Hegazkin modua piztuta dago","airplane-is-turned-on":"{{name}} aplikazioak sareko konexioa behar du. Itzali hegazkin modua ezarpenetan eta konektatu Wi-Fi batera edo datuen sare batera.","server-not-found":"Ez da zerbitzaria aurkitu","server-not-found-error":"Ezin da zerbitzaria aurkitu {{name}} helbidean.","file-not-found":"Ez da fitxategia aurkitu","file-not-found-error":"Gailuak ezin du orri hau erakutsi fitxategia ez delako aurkitu.","connection-failed":"Ezin da konektatu","connection-failed-error":"Sare-errore bat gertatu da gunea atzitzen saiatzean.","invalid-connection":"Ezin da konektatu","invalid-connection-error":"Sare-errore bat gertatu da gunea atzitzen saiatzean.","malformed-uri":"URLa baiogabea da","malformed-uri-error":"Idatzitako URLa ez da baliozkoa eta ezin da kargatu.","redirect-loop":"Ezin da orria bistaratu","redirect-loop-error":"Gailuak ezin du orri hau erakutsi orria ez delako behar den bezala berbideratzen. Saiatu berriro geroago.","not-cached":"Orria iraungita","not-cached-error":"Orri hau iraungita dagoenez, ez da gailuan erakutsiko segurtasun-neurri gisa.","is-printing-error":"Dokumentua ezin da aldatu inprimatzen edo inprimatze-aurrebistan dagoenean.","denied-port-access":"Helbide hau murriztuta dago","denied-port-access-error":"Helbide honek weba nabigatzeko ez den ataka bat erabiltzen du. Gailuak bertan behera utzi du eskaera zure babeserako.","proxy-resolve-failure":"Proxy-zerbitzariaren errorea","proxy-resolve-failure-error":"Aurkitu ezin daitekeen proxy-zerbitzari bat erabiltzeko dago konfiguratuta gailua.","proxy-connect-failure":"Proxy-zerbitzariaren errorea","proxy-connect-failure-error":"Konexioak ukatzen ari den proxy-zerbitzari bat erabiltzeko dago konfiguratuta gailua.","content-encoding":"Ezin da orria bistaratu","content-encoding-error":"Gailuak ezin du orri hau bistaratu edukiaren kodeketa-errore bat gertatu delako.","remote-xul":"Euskarririk gabeko orria","remote-xul-error":"Ezin da orria bistaratu gailuan euskarririk ez duen teknologia bat erabiltzen duelako.","phishing-blocked":"Abisua","phishing-blocked-error":"Webgunea informazio pertsonala edo finantza-informazioa osteko web iruzur bezala salatua dago.","malware-blocked":"Malware erasoa blokeatuta","malware-blocked-error":"Gune hau gune erasotzaile bezala dago salatuta eta blokeatu egin da.","unsafe-content-type":"Eduki ez-segurua","unsafe-content-type-error":"Ezin da orria erakutsi irekitzeko ez-segurua izan daitekeelako.","corrupted-content":"Ezin da orria bistaratu","corrupted-content-error":"Ezin da orria erakutsi datu-transmisioan errore bat detektatu delako.","network-connection-unavailable":"Sareko konexioa ez dago erabilgarri","network-error":"{{name}} aplikazioak sareko konexioa behar du. Saiatu Wi-Fi batera edo datuen sare batera konektatzen.","network-error-launching":"{{name}}(e)k Internet-konexioa behar du.","network-error-in-app":"Internet-sarbiderik ez une honetan.","unable-to-connect":"Ezin da konektatu","try-again":"Saiatu berriro","check-settings":"Egiaztatu ezarpenak","tap-to-check-settings":"Sakatu ezarpenak egiaztatzeko","select-time":"Hautatu ordua","choose-option":"Hautatu","choose-options":"Hautatu","select-day":"Hautatu eguna","battery-almost-empty":"Bateria ia hutsik","add-to-home-screen":"Gehitu hasierako pantailara","share":"Partekatu","crash-dialog2-os":"{{brandShortName}} hutsegite batetik berreskuratu berri da","crash-dialog-app":"{{name}} aplikazioak huts egin du","crash-dialog-message":"Nahi duzu hutsegiteari buruzko txostena Mozillara bidaltzea arazoa konpontzen laguntzeko? (Txostenak Wi-Fi bidez soilik bidaltzen dira)","crash-info-link":"Zer dago hutsegite-txosten batean?","crash-always-report":"Bidali beti txostena Mozillara hutsegite bat gertatzen denean.","crash-dont-send":"Ez bidali","crash-end":"Bidali txostena","crashReports":"Hutsegite-txostenak","done":"Eginda","crash-reports-description-1":"Hutsegite-txosten batek hutsegiteari eta zure gailuari buruzko xehetasunak ditu; horrez gain, gailuak huts egin zuen momentuko egoeraren argazkia ere badu.","crash-reports-description-2":"Irekitako orri eta aplikazioak, inprimakietan idatzitako testua eta bestelako edukia izan lezake honek (irekitako aplikazio batek erabilitako mezuak, azken nabigazio-historia edo geokokapena).","crash-reports-description-3-start":"Arazoak konpondu eta gure produktuak hobetzeko erabiltzen ditugu hutsegite-txostenak. Zure informazioa gure ","crash-reports-description-3-privacy":"pribatutasun-politika","crash-reports-description-3-end":"n.","crash-banner-os2":"{{brandShortName}}(e)k huts egin du.","crash-banner-app":"{{name}} aplikazioak huts egin du.","crash-banner-report":"Txostena","bluetooth-sending-progress":"Bluetooth-transferentzia bidaltzen..","bluetooth-receiving-progress":"Bluetooth-transferentzia jasotzen..","acceptFileTransfer":"Onartu Bluetooth fitxategi-transferentzia?","wantToReceiveFile":"{{deviceName}} gailuak {{fileName}} transferitu nahi du ({{fileSize}}).","transfer-confirmation-title":"{{deviceName}}","transfer-confirmation-description":"Berrikusi transferentzia-eskaera.","byteUnit-B":"Byte","byteUnit-KB":"KB","byteUnit-MB":"MB","byteUnit-GB":"GB","byteUnit-TB":"TB","byteUnit-PB":"PB","byteUnit-EB":"EB","byteUnit-ZB":"ZB","byteUnit-YB":"YB","fileSize":"{{size}} {{unit}}","deny":"Ukatu","transfer":"Transferitu","cancelFileTransfer":"Utzi Bluetooth fitxategi-transferentzia?","continueFileTransfer":"Jarraitu","transfer-has-started-title":"Transferentzia hasi da","transfer-has-started-description":"Begiratu aurrerapena jakinarazpen-zentroan","transferFinished-sentSuccessful-title":"Fitxategia bidalita","transferFinished-receivedSuccessful-title":"Fitxategia jasota","transferFinished-sentFailed-title":"Ezin da fitxategia bidali","transferFinished-receivedFailed-title":"Ezin da fitxategia jaso","transferReport-title":"Transferentziaren txostena:","transferReport-description":"{{numSuccessful}} fitxategi ondo, {{numUnsuccessful}} fitxategi gaizki","unknown-file":"Izenburu ezezaguna","unknown-device":"Gailu ezezaguna","cannotOpenFile":"Ezin da jasotako fitxategia ireki","unknownMediaTypeToOpen":"Ezin da multimedia mota ezezaguna ireki:","cannotReceiveFile":"Ezin da fitxategia jaso","cannotGetStorageState":"Ezin da gailuaren biltegiratze-egoera eskuratu.","sdcard-not-exist2":"Ez da memoria-txartelik aurkitu. Txertatu memoria-txartel bat.","sdcard-in-use":"Ezin da Bluetooth-a erabili telefonoa entxufatuta dagoen bitartean. Desentxufatu telefonoa fitxategia(k) jasotzeko.","sdcard-no-space2":"Ezin da transferentzia burutu: memoria-txartela beteta dago.","unknown-error":"Errore ezezaguna","confirm":"Berretsi","microphone-is-on":"Mikrofonoa piztuta dago","camera-is-on":"Kamera piztuta dago","media-is-on":"Kamera eta mikrofonoa piztuta daude","noSimCard":"SIM txartelik ez","simPin":"SIM PINa","pukCode":"PUK kodea","nckCode":"NCK kodea","cckCode":"CCK kodea","spckCode":"SPCK kodea","nck1code":"NCK1 kodea","nck2code":"NCK2 kodea","hnckcode":"HNCK kodea","rcckcode":"RCCK kodea","rspckcode":"RSPCK kodea","whatIsSimPin":"Zer da SIM PINa?","simPinIntro1":"SIM txarteleko datu-sare mugikorretarako sarbidea eragozten du SIM PINak. Gaituta dagoenean, SIM txartela duen edozein gailuk PINa eskatuko du berrabiaraztean.","simPinIntro2":"SIMaren PINa ez da gailua desblokeatzeko erabilitako pasakodearen berdina.","changeSimPin":"Aldatu PINa","pinTitle":"Sartu SIM PINa","multiSIMpinTitle":"Sartu {{n}}. SIM PINa","pukTitle":"Sartu PUK kodea","nckTitle":"Sartu NCK kodea","cckTitle":"Sartu CCK kodea","spckTitle":"Sartu SPCK kodea","nck1Title":"Sartu NCK1 kodea","nck2Title":"Sartu NCK2 kodea","hnckTitle":"Sartu HNCK kodea","rcckTitle":"Sartu RCCK kodea","rspckTitle":"Sartu RSPCK kodea","newpinTitle":"PIN berria","inputCodeRetriesLeft":{"_index":["plural","n"],"_":{"one":"Azken aukera.","two":"{{n}} aukera falta dira.","few":"{{n}} aukera falta dira.","many":"{{n}} aukera falta dira.","other":"{{n}} aukera falta dira."}},"pinErrorMsg":"PINa okerra da.","pinAttemptMsg2":{"_index":["plural","n"],"_":{"one":"Azken aukera daukazu kode zuzena sartzeko SIM txartela blokeatu aurretik.","two":"{{n}} aukera dauzkazu kode zuzena sartzeko SIM txartela blokeatu aurretik.","few":"{{n}} aukera dauzkazu kode zuzena sartzeko SIM txartela blokeatu aurretik.","many":"{{n}} aukera dauzkazu kode zuzena sartzeko SIM txartela blokeatu aurretik.","other":"{{n}} aukera dauzkazu kode zuzena sartzeko SIM txartela blokeatu aurretik."}},"pinLastChanceMsg":"PIN zuzena sartzeko azken aukera duzu. Bestela, PUK kodea sartu beharko duzu SIM txartel hau erabiltzeko.","simCardLockedMsg":"SIM txartela blokeatuta dago.","enterPukMsg":"Personal Unlocking Key (PUK) kodea sartu behar duzu SIM txartel honetarako. Refer to your SIM card documentation or contact your carrier for more information.","pukErrorMsg":"PUK kodea okerra da.","pukAttemptMsg2":{"_index":["plural","n"],"_":{"one":"Aukera bat daukazu kode zuzena sartzeko SIM txartela betirako erabilgaitz geratu aurretik. Jo ezazu SIM txartelaren dokumentaziora edo jar zaitez harremanetan telefono-konpainiarekin informazio gehiagorako.","two":"{{n}} aukera dauzkazu kode zuzena sartzeko SIM txartela betirako erabilgaitz geratu aurretik. Jo ezazu SIM txartelaren dokumentaziora edo jar zaitez harremanetan telefono-konpainiarekin informazio gehiagorako.","few":"{{n}} aukera dauzkazu kode zuzena sartzeko SIM txartela betirako erabilgaitz geratu aurretik. Jo ezazu SIM txartelaren dokumentaziora edo jar zaitez harremanetan telefono-konpainiarekin informazio gehiagorako.","many":"{{n}} aukera dauzkazu kode zuzena sartzeko SIM txartela betirako erabilgaitz geratu aurretik. Jo ezazu SIM txartelaren dokumentaziora edo jar zaitez harremanetan telefono-konpainiarekin informazio gehiagorako.","other":"{{n}} aukera dauzkazu kode zuzena sartzeko SIM txartela betirako erabilgaitz geratu aurretik. Jo ezazu SIM txartelaren dokumentaziora edo jar zaitez harremanetan telefono-konpainiarekin informazio gehiagorako."}},"pukLastChanceMsg":"PUK kode zuzena sartzeko azken aukera. Ezin izango duzu zure SIM txartela berriro erabili PUK kode okerra sartzen baduzu. Refer to your SIM card documentation or contact your carrier for more information.","newSimPinMsg":"Sortu PINa (4 eta 8 digitu artean izan behar ditu)","confirmNewSimPinMsg":"Berretsi PIN berria","newPinErrorMsg":"PINak ez datoz bat.","nckErrorMsg":"NCK kodea okerra da.","nckAttemptMsg2":{"_index":["plural","n"],"_":{"one":"Sarearen despertsonalizazio-eskaeraren hutsegitea. Azken aukera daukazu kode zuzena sartzeko. Jo ezazu zure gailuaren dokumentaziora edo jar zaitez harremanetan telefono-konpainiarekin informazio gehiagorako.","two":"Sarearen despertsonalizazio-eskaeraren hutsegitea. {{n}} aukera dauzkazu kode zuzena sartzeko. Jo ezazu zure gailuaren dokumentaziora edo jar zaitez harremanetan telefono-konpainiarekin informazio gehiagorako.","few":"Sarearen despertsonalizazio-eskaeraren hutsegitea. {{n}} aukera dauzkazu kode zuzena sartzeko. Jo ezazu zure gailuaren dokumentaziora edo jar zaitez harremanetan telefono-konpainiarekin informazio gehiagorako.","many":"Sarearen despertsonalizazio-eskaeraren hutsegitea. {{n}} aukera dauzkazu kode zuzena sartzeko. Jo ezazu zure gailuaren dokumentaziora edo jar zaitez harremanetan telefono-konpainiarekin informazio gehiagorako.","other":"Sarearen despertsonalizazio-eskaeraren hutsegitea. {{n}} aukera dauzkazu kode zuzena sartzeko. Jo ezazu zure gailuaren dokumentaziora edo jar zaitez harremanetan telefono-konpainiarekin informazio gehiagorako."}},"nckLastChanceMsg":"Sarearen despertsonalizazio-eskaeraren hutsegitea. Azken aukera daukazu NCK kode zuzena sartzeko. Jo ezazu SIM txartelaren dokumentaziora edo jar zaitez harremanetan telefono-konpainiarekin informazio gehiagorako.","activity-pick":"Hautatu hauen artetik:","activity-view":"Ikusi honekin:","activity-test":"Probatu honekin:","activity-share":"Partekatu honekin:","activity-new":"Sortu honekin:","activity-open":"Ireki honekin:","activity-save-bookmark":"Egin laster-marka:","activity-record":"Grabatu hemendik:","activity-browse":"Arakatu honekin:","activity-configure":"Konfiguratu honekin:","activity-dial":"Markatu hemendik:","persona-signin":"Hasi saioa","payment-flow":"Erosi","remoteDebuggerMessage":"An incoming request to permit remote debugging connection was detected. Konexioa onartu?","fullscreen-request":"{{origin}} pantaila osoan dago orain.","captive-wifi-available":"{{networkName}} sarea aurkitu da. Batu sarearekin?","ceWarningtitle":"Bolumenaren abisua","ceWarningcontent":"Entzumenari kalte egitea saihesteko, ez entzun denbora luzez bolumen-maila altuetan.","notification-powersaving-mode-on-title":"Energia aurrezteko modua","notification-powersaving-mode-on-description":"Energia aurrezteko modua piztuta dago.","low-device-storage":"Gailuaren leku librea baxu.\\n","free-space":{"_index":["plural","value"],"_":{"zero":"Ez dago leku librerik.","one":"{{value}} {{unit}} baino gutxiago geratzen da.","two":"{{value}} {{unit}} baino gutxiago geratzen da.","few":"{{value}} {{unit}} baino gutxiago geratzen da.","many":"{{value}} {{unit}} baino gutxiago geratzen da.","other":"{{value}} {{unit}} baino gutxiago geratzen da."}},"unknown-free-space":"Leku libre ezezaguna.","system-alert":"Sistemaren abisua","cb-channel":"{{channel}} kanala","cb-etws-warningType-earthquake":"Lurrikara abisua!","cb-etws-warningType-tsunami":"Tsunami abisua!","cb-etws-warningType-earthquake-tsunami":"Lurrikara-tsunami abisua!","cb-etws-warningType-test":"Abisuen sistema probetan dago.","cb-etws-warningType-other":"Larrialdi-abisua!","icc-message-maintitle":"Operator message","icc-message-subtitle":"SIM {{id}}","icc-confirmCall-defaultmessage":"Deitu {{number}}?","icc-alertMessage-defaultmessage":"Mezua bidaltzen","icc-confirmMessage-defaultmessage":"Bidali mezua?","icc-inputbox-maintitle":"STK Query","icc-inputbox-subtitle":"SIM {{id}}","emergency-callback-mode":"Larrialdietan atzera deitzeko modua","emergency-callback-message":"Ezin duzu deirik egin, mezurik bidali edo linean jarri larrialdietan atzera deitzeko modua gaituta dagoelako. Itzali egin nahi duzu?","cdma-record-info":"CDMA erregistroaren informazioa","ime-switching-title":"{{appName}}: {{name}}","ime-switching-tip":"Sakatu sarrera-metodoa aldatzeko","shrinking-tip":"Pasatu hatza partekatzeko","download_started":"Deskarga hasita","download_stopped":"Deskarga geldituta","download_downloading":"Deskargatzen…","download_succeeded":"Deskarga burututa","download_failed":"Deskargak huts egin du","download_text_by_default":"{{name}}","download_downloading_text_2":"%{{percentage}} - {{name}}","search-or-enter-address":{"_":"Bilatu edo idatzi helbidea","placeholder":"Bilatu edo idatzi helbidea"},"noSIMCardInHotspot":"SIM txartela ez dago edo gaizki sartuta dago, beraz itzali wifigunea","noHopspotWhenAPMisOn":"Itzali hegazkin modua wifigunea erabiltzeko","apmActivated":"Hegazkin modua aktibatuta","open-in-new-tab":"Ireki lotura fitxa berrian","add-link-to-home-screen":"Gehitu lotura hasierako pantailan","share-link":"Partekatu lotura","save-image":"Gorde irudia","save-video":"Gorde bideoa","save-audio":"Gorde audioa","save-link":"Save linked file","share-image":"Share Image","share-video":"Share Video","share-audio":"Share Audio","weekday-0-long":"igandea","weekday-1-long":"astelehena","weekday-2-long":"asteartea","weekday-3-long":"asteazkena","weekday-4-long":"osteguna","weekday-5-long":"ostirala","weekday-6-long":"larunbata","weekday-0-short":"ig.","weekday-1-short":"al.","weekday-2-short":"ar.","weekday-3-short":"az.","weekday-4-short":"og.","weekday-5-short":"or.","weekday-6-short":"lr.","month-0-long":"urtarrila","month-1-long":"otsaila","month-2-long":"martxoa","month-3-long":"apirila","month-4-long":"maiatza","month-5-long":"ekaina","month-6-long":"uztaila","month-7-long":"abuztua","month-8-long":"iraila","month-9-long":"urria","month-10-long":"azaroa","month-11-long":"abendua","month-0-genitive":"urtarrila","month-1-genitive":"otsaila","month-2-genitive":"martxoa","month-3-genitive":"apirila","month-4-genitive":"maiatza","month-5-genitive":"ekaina","month-6-genitive":"uztaila","month-7-genitive":"abuztua","month-8-genitive":"iraila","month-9-genitive":"urria","month-10-genitive":"azaroa","month-11-genitive":"abendua","month-0-short":"urt","month-1-short":"ots","month-2-short":"mar","month-3-short":"api","month-4-short":"mai","month-5-short":"eka","month-6-short":"uzt","month-7-short":"abu","month-8-short":"ira","month-9-short":"urr","month-10-short":"aza","month-11-short":"abe","minutes-ago-long":{"_index":["plural","value"],"_":{"zero":"orain","one":"duela minutu bat","two":"duela {{value}} minutu","few":"duela {{value}} minutu","many":"duela {{value}} minutu","other":"duela {{value}} minutu"}},"hours-ago-long":{"_index":["plural","value"],"_":{"zero":"orain","one":"duela ordubete","two":"duela {{value}} ordu","few":"duela {{value}} ordu","many":"duela {{value}} ordu","other":"duela {{value}} ordu"}},"days-ago-long":{"_index":["plural","value"],"_":{"zero":"gaur","one":"atzo","two":"herenegun","few":"duela {{value}} egun","many":"duela {{value}} egun","other":"duela {{value}} egun"}},"weeks-ago-long":{"_index":["plural","value"],"_":{"zero":"aste honetan","one":"azken astean","two":"duela {{value}} aste","few":"duela {{value}} aste","many":"duela {{value}} aste","other":"duela {{value}} aste"}},"months-ago-long":{"_index":["plural","value"],"_":{"zero":"hilabete honetan","one":"azken hilabetean","two":"duela {{value}} hilabete","few":"duela {{value}} hilabete","many":"duela {{value}} hilabete","other":"duela {{value}} hilabete"}},"years-ago-long":{"_index":["plural","value"],"_":{"zero":"aurten","one":"iaz","two":"duela {{value}} urte","few":"duela {{value}} urte","many":"duela {{value}} urte","other":"duela {{value}} urte"}},"minutes-until-long":{"_index":["plural","value"],"_":{"zero":"orain","one":"minutu barru","two":"{{value}} minutu barru","few":"{{value}} minutu barru","many":"{{value}} minutu barru","other":"{{value}} minutu barru"}},"hours-until-long":{"_index":["plural","value"],"_":{"zero":"orain","one":"ordubete barru","two":"{{value}} ordu barru","few":"{{value}} ordu barru","many":"{{value}} ordu barru","other":"{{value}} ordu barru"}},"days-until-long":{"_index":["plural","value"],"_":{"zero":"gaur","one":"bihar","two":"etzi","few":"{{value}} egun barru","many":"{{value}} egun barru","other":"{{value}} egun barru"}},"weeks-until-long":{"_index":["plural","value"],"_":{"zero":"aste honetan","one":"hurrengo astean","two":"{{value}} aste barru","few":"{{value}} aste barru","many":"{{value}} aste barru","other":"{{value}} aste barru"}},"months-until-long":{"_index":["plural","value"],"_":{"zero":"hil honetan","one":"hurrengo hilean","two":"{{value}} hilabete barru","few":"{{value}} hilabete barru","many":"{{value}} hilabete barru","other":"{{value}} hilabete barru"}},"years-until-long":{"_index":["plural","value"],"_":{"zero":"aurten","one":"hurrengo urtean","two":"{{value}} urte barru","few":"{{value}} urte barru","many":"{{value}} urte barru","other":"{{value}} urte barru"}},"minutes-ago-short":{"_index":["plural","value"],"_":{"zero":"orain","other":"duela {{value}}m"}},"hours-ago-short":{"_index":["plural","value"],"_":{"zero":"orain","other":"duela {{value}}h"}},"days-ago-short":{"_index":["plural","value"],"_":{"zero":"gaur","other":"duela {{value}}eg."}},"minutes-until-short":{"_index":["plural","value"],"_":{"zero":"orain","other":"{{value}}m barru"}},"hours-until-short":{"_index":["plural","value"],"_":{"zero":"orain","other":"{{value}}h barru"}},"days-until-short":{"_index":["plural","value"],"_":{"zero":"gaur","other":"{{value}}eg. barru"}},"incorrectDate":"(data okerra)","dateTimeFormat_%c":"%a, %Y.eko %Bren %ea %H:%M:%S","dateTimeFormat_%x":"%Y/%m/%d","dateTimeFormat_%X":"%H:%M:%S","shortTimeFormat":"%H:%M","shortDateTimeFormat":"%x %H:%M","weekStartsOnMonday":"1","time_am":"AM","time_pm":"PM","title-app":"Aplikazioaren baimena","title-web":"Webgunearen baimena","title-cam":"Hautatu kamera","perm-contacts":"Kontaktuak","perm-contacts-appRequest":"{{app}} aplikazioak zure kontaktu-zerrendarako sarbidea nahi du.","perm-contacts-webRequest":"{{site}} guneak zure kontaktu-zerrendarako sarbidea nahi du.","perm-desktop-notification":"Jakinarazpenak","perm-desktop-notification-appRequest":"{{app}} aplikazioak jakinarazpenak bistaratu nahi ditu.","perm-desktop-notification-webRequest":"{{site}} guneak jakinarazpenak bistaratu nahi ditu.","perm-device-storage-music":"Musika-biltegiratzea","perm-device-storage-music-appRequest":"{{app}} aplikazioak zure musikarako sarbidea nahi du.","perm-device-storage-music-webRequest":"{{site}} guneak zure musikarako sarbidea nahi du.","perm-device-storage-pictures":"Irudi-biltegiratzea","perm-device-storage-pictures-appRequest":"{{app}} aplikazioak zure irudietarako sarbidea nahi du.","perm-device-storage-pictures-webRequest":"{{site}} guneak zure irudietarako sarbidea nahi du.","perm-device-storage-sdcard":"Memoria-txarteleko biltegiratzea","perm-device-storage-sdcard-appRequest":"{{app}} aplikazioak zure memoria-txartelerako sarbidea nahi du.","perm-device-storage-sdcard-webRequest":"{{site}} guneak zure memoria-txartelerako sarbidea nahi du.","perm-device-storage-videos":"Bideo-biltegiratzea","perm-device-storage-videos-appRequest":"{{app}} aplikazioak zure bideoetarako sarbidea nahi du.","perm-device-storage-videos-webRequest":"{{site}} guneak zure bideoetarako sarbidea nahi du.","perm-fmradio":"FM irratia","perm-fmradio-appRequest":"{{app}} aplikazioak FM irratia erabili nahi du.","perm-fmradio-webRequest":"{{site}} guneak FM irratia erabili nahi du.","perm-geolocation":"Geokokapena","perm-geolocation-appRequest":"{{app}} aplikazioak zure kokapena jakin nahi du.","perm-geolocation-webRequest":"{{site}} guneak zure kokapena jakin nahi du.","perm-geolocation-more-info":"GPSaren, Wi-Fiaren eta zure inguruko sare mugikorren datuak erabiltzen ditu {{brandShortName}}(e)k zure gutxi gorabeherako kokapena zehazteko. Datuak Mozillara eta bestelako zerbitzu-hornitzaileetara bidaltzen dira eta bere osotasunean erabiliko dira kokapenen datu-base horiek hobetzeko. Datuak zure gailuan biltegira daitezke eta datuen bilketa aplikaziorik exekuzioan izan gabe ere gerta liteke.","perm-video-capture":"Kamera","perm-video-capture-appRequest":"Zure kamera partekatu nahi duzu {{app}} aplikazioarekin?","perm-video-capture-webRequest":"Zure kamera partekatu nahi duzu {{site}} webgunearekin?","perm-audio-capture":"Mikrofonoa","perm-audio-capture-appRequest":"Zure mikrofonoa partekatu nahi duzu {{app}} aplikazioarekin?","perm-audio-capture-webRequest":"Zure mikrofonoa partekatu nahi duzu {{site}} webgunearekin?","perm-media-capture":"Kamera eta mikrofonoa","perm-media-capture-appRequest":"Zure kamera eta mikrofonoa partekatu nahi dituzu {{app}} aplikazioarekin?","perm-media-capture-webRequest":"Zure kamera eta mikrofonoa partekatu nahi dituzu {{site}} webgunearekin?","perm-camera-selector-appRequest":"Hautatu kamera {{app}} aplikazioarentzat.","perm-camera-selector-webRequest":"Hautatu kamera {{site}} gunearentzat.","perm-mobileid":"Mugikorreko identitatea","stopped_download_title":"Deskarga geldituta","stopped_download_message":"Deskarga gelditu egin da. Saiatu berriro deskargatzen?","stopped_download_left_button":"Utzi","stopped_download_right_button":"Saiatu berriro","failed_download_title":"Deskargak huts egin du","failed_download_message":"{{name}} deskargak huts egin du. Saiatu berriro deskargatzen?","failed_download_left_button":"Utzi","failed_download_right_button":"Saiatu berriro","stop_download_title":"Gelditu deskarga","stop_download_message":"Ziur zaude deskarga utzi nahi dituzula?","stop_download_left_button":"Ez","stop_download_right_button":"Bai","delete_download_title":"Ezabatu","delete_download_message":"Ezabatu {{name}}?","delete_download_left_button":"Utzi","delete_download_right_button":"Ezabatu","delete_all_download_title":"Ezabatu","delete_all_download_left_button":"Utzi","delete_all_download_right_button":"Ezabatu","delete_all_download_message":{"_index":["plural","number"],"_":{"zero":"Ez ezabatu fitxategirik?","one":"Ezabatu fitxategi bat?","two":"Ezabatu {{number}} fitxategi?","few":"Ezabatu {{number}} fitxategi?","many":"Ezabatu {{number}} fitxategi?","other":"Ezabatu {{number}} fitxategi?"}},"unsupported_file_type_download_title":"Ezin da ireki","unsupported_file_type_download_message":"Ez dago {{name}} ireki dezakeen aplikaziorik. Fitxategia gorde ala ezabatu egin nahi duzu?","unsupported_file_type_download_left_button":"Mantendu","unsupported_file_type_download_right_button":"Ezabatu","file_not_found_download_title":"Ez da fitxategia aurkitu","file_not_found_download_message":"Ez da fitxategia aurkitu gailuan","file_not_found_download_right_button":"Ados","unmounted_sdcard_2_download_title":"Memoria-txartela erabiltzen ari da","unmounted_sdcard_2_download_message":"Desentxufatu telefonoa","unmounted_sdcard_2_download_right_button":"Ados","no_provider_download_title":"Ezin da partekatu","no_provider_download_message":"Ez da hornitzailerik aurkitu","no_provider_download_right_button":"Ados","no_memory_download_title":"SD txartela beteta dago","no_memory_download_message":"Ez dago toki libre gehiago zure SD txartelean deskarga gordetzeko. Kendu fitxategi batzuk deskarga berrekin aurretik.","no_memory_download_right_button":"Ados","no_sdcard_found_2_download_title":"Ez da memoria-txartelik aurkitu","no_sdcard_found_2_download_message":"Sartu memoria-txartela edo hautatu bestelako multimedia-kokaleku lehenetsia ezarpenetan","no_sdcard_found_2_download_right_button":"Ados","file_open_error_download_title":"Ezin da ireki","file_open_error_download_message":"Arazo bat dago {{name}} irekitzen. Fitxategia gorde ala ezabatu egin nahi duzu?","file_open_error_download_left_button":"Mantendu","file_open_error_download_right_button":"Ezabatu","restart_download_error":"Errorea gertatu da deskarga berriro hastean. Saiatu berriro deskargatzen.","no-downloads":"Deskargarik ez","percentage":"% {{percentage}}","partialResult":"{{total}} / {{partial}}","summary":"{{date}} - {{status}}","download-stopped":"Geldituta","download-failed":"Deskargak huts egin du","open_downloaded_file":"Irekia","share_downloaded_file":"Partekatu","wallpaper_downloaded_file":"Ezarri horma-paper gisa","ringtone_downloaded_file":"Ezarri txirrin-tonu gisa","cancel_downloaded_file":"Utzi","voicemailNoNumberTitle":"Ahots-postaren zenbakia ez dago erabilgarri","voicemailNoNumberText":"Ezin da ahots-postara deitu. Konfiguratu ahots-postaren zenbakia deia egin ahal izateko.","voicemailNoNumberSettings":"Ezarpenak","voicemailNoNumberCancel":"Utzi","resend":"Birbidali","connecting":"Konektatzen","verify":"Egiaztatu","verifying":"Egiaztatzen","verified":"Egiaztatuta","mobileIDExplanation":"{{app_name}} aplikazioak zure telefono-zenbakia ezagutu eta egiaztatu nahi du. Hautatu zein partekatu nahi duzun edo sartu berri bat.","verificationCodeExplanation":"Kode bat bidali dugu {{phone_number}} zenbakira. Automatikoki hartzen saiatuko gara, baina eskuz sartu beharko duzu gailu honetan erabilgarri ez badago.","successMessage":"Bikain! {{phone_number}} zenbakia egiaztatu dugu eta erabilgarri dago {{app_name}} aplikazioarentzat.","serverErrorMessage":"Egiaztatze-zerbitzaria ez dago eskuragarri une honetan. Egiaztatu zure internet-konexioa, saiatu berriro edo itxaron minutu pare batez.","timeoutErrorMessage":"Zure egiaztatze-kodearekin arazoren bat dagoela dirudi. Saia gaitezen berriro!","errorTitle":"Mugikorreko identitatea","addPhoneNumber":"Edo gehitu zure telefono-zenbakia","selectPhoneNumber":"Edo hautatu telefono-zenbaki bat zerrendatik"}