{"firefox-accounts-title":"Comptes Firefox","fxa-next":"Suivant","fxa-back":"Précédent","fxa-done":"Terminé","fxa-ok":"OK","fxa-connection-error-title":"Connexion impossible","fxa-connection-error-message":"Vous devez créer un compte ou vous connecter depuis l’application Paramètres.","fxa-reset-password-error-title":"Réinitialisation du mot de passe","fxa-reset-password-error-message":"Vous pouvez réinitialiser votre mot de passe depuis l’application Paramètres.","fxa-coppa-failure-error-title":"Création du compte impossible","fxa-coppa-failure-error-message":"Vous devez avoir atteint l’âge requis pour pouvoir créer un compte Firefox. {{learnmore}}","fxa-learn-more":"En savoir plus","fxa-offline-error-title":"Connexion impossible","fxa-offline-error-message":"Veuillez vous connecter à un réseau depuis l’application Paramètres.","fxa-invalid-email-title":"Erreur","fxa-invalid-email-message":"Veuillez saisir une adresse électronique valide.","fxa-invalid-password-title":"Mot de passe incorrect","fxa-invalid-password-message":"Veuillez vérifier votre mot de passe puis réessayer.","fxa-unknown-error-title":"Connexion impossible","fxa-unknown-error-message":"Système indisponible, veuillez réessayer ultérieurement.","fxa-connecting":"Connexion en cours","fxa-enter-email-input":{"placeholder":"Adresse électronique"},"fxa-use-email-to-sign-in":"Utilisez votre adresse électronique pour créer un compte ou vous connecter.","fxa-notice":"En continuant, j’accepte les {{tos}} et la {{pn}} des services en ligne de Firefox.","fxa-tos":"conditions d’utilisation","fxa-pn":"politique de confidentialité","fxa-create-password-title":"Créer un mot de passe","fxa-enter-password-title":"Saisir le mot de passe","fxa-hello-user":"Bonjour, {{email}}","fxa-password-refresh":"Veuillez saisir le mot de passe de votre compte Firefox pour continuer.","fxa-password":{"placeholder":"Mot de passe"},"fxa-forgot-your-password":"Mot de passe oublié ?","fxa-show-password":"Afficher le mot de passe","fxa-password-length-requirement":"Votre mot de passe doit contenir au moins 8 caractères.","fxa-success":"Terminé","fxa-ready-to-go":"Votre compte Firefox est prêt. ","fxa-use-features":"Vous avez à présent accès à des fonctionnalités comme Localiser mon appareil et des applications comme le Firefox Marketplace.","fxa-access-manage-account-settings":"À partir de maintenant, vous pouvez configurer et accéder à votre compte depuis l’application Paramètres.","fxa-confirm-account":"Confirmer le compte","fxa-will-send-email":"Nous allons envoyer un message à : {{email}}","fxa-signup-click-verification-link-in-email":"La prochaine fois que vous consultez vos messages, cliquez sur le lien de vérification pour confirmer votre compte Firefox. ","fxa-age-verification":"Vérification de l’âge","fxa-age-1990-earlier":"1990 ou antérieur","fxa-year-of-birth":"Année de naissance","brandShortName":"B2G OS","browserBrandShortName":"Navigateur web","browserBrandFullName":"Navigateur web de Mozilla","accessibility-enableScreenReaderSteps":"Pour activer le lecteur d’écran, répétez à nouveau trois fois la séquence volume « plus » puis volume « moins »","accessibility-disableScreenReaderSteps":"Pour désactiver le lecteur d’écran, répétez à nouveau trois fois la séquence volume « plus » puis volume « moins »","accessibility-screenReaderStarted":"Lecteur d’écran lancé","accessibility-screenReaderStopped":"Lecteur d’écran arrêté","accessibility-menubar":"barre de menus","accessibility-scrollbar":"barre de défilement","accessibility-grip":"poignée","accessibility-alert":"alerte","accessibility-menupopup":"menu popup","accessibility-document":"document","accessibility-pane":"panneau","accessibility-dialog":"dialogue","accessibility-separator":"séparateur","accessibility-toolbar":"barre d’outils","accessibility-statusbar":"barre d’état","accessibility-table":"tableau","accessibility-columnheader":"en-tête de colonne","accessibility-rowheader":"en-tête de ligne","accessibility-column":"colonne","accessibility-row":"ligne","accessibility-cell":"cellule","accessibility-link":"lien","accessibility-list":"liste","accessibility-listitem":"élément de liste","accessibility-outline":"plan","accessibility-outlineitem":"élément de plan","accessibility-pagetab":"onglet","accessibility-propertypage":"propriété de page","accessibility-graphic":"graphique","accessibility-pushbutton":"bouton","accessibility-checkbutton":"case à cocher","accessibility-radiobutton":"bouton radio","accessibility-combobox":"liste déroulante","accessibility-progressbar":"barre de progression","accessibility-slider":"curseur","accessibility-spinbutton":"bouton à deux positions","accessibility-diagram":"diagramme","accessibility-animation":"animation","accessibility-equation":"équation","accessibility-buttonmenu":"bouton de menu","accessibility-whitespace":"espace","accessibility-pagetablist":"liste d’onglets","accessibility-canvas":"canvas","accessibility-checkmenuitem":"élément de menu à cocher","accessibility-label":"libellé","accessibility-passwordtext":"texte de mot de passe","accessibility-radiomenuitem":"élément de menu avec bouton radio","accessibility-textcontainer":"conteneur de texte","accessibility-togglebutton":"bouton à bascule","accessibility-treetable":"arborescence","accessibility-header":"en-tête","accessibility-footer":"pied de page","accessibility-paragraph":"paragraphe","accessibility-entry":"entrée","accessibility-caption":"légende","accessibility-heading":"titre","accessibility-section":"section","accessibility-form":"formulaire","accessibility-comboboxlist":"liste déroulante","accessibility-comboboxoption":"option de liste déroulante","accessibility-imagemap":"image découpée","accessibility-listboxoption":"option","accessibility-listbox":"liste","accessibility-flatequation":"équation","accessibility-gridcell":"cellule","accessibility-note":"note","accessibility-figure":"illustration","accessibility-definitionlist":"liste de définitions","accessibility-term":"terme","accessibility-definition":"définition","accessibility-textarea":"zone de texte","accessibility-textInputType_date":"date","accessibility-textInputType_email":"courriel","accessibility-textInputType_search":"recherche","accessibility-textInputType_tel":"téléphone","accessibility-textInputType_url":"URL","accessibility-headingLevel":"niveau de titre {{0}}","accessibility-listStart":"Premier élément","accessibility-listEnd":"Dernier élément","accessibility-listItemsCount":{"_index":["plural","count"],"_":{"zero":"{{count}} élément","one":"{{count}} élément","two":"{{count}} éléments","few":"{{count}} éléments","many":"{{count}} éléments","other":"{{count}} éléments"}},"accessibility-objItemOfN":"{{0}} sur {{1}}","accessibility-banner":"bannière","accessibility-complementary":"complément","accessibility-contentinfo":"infos contenu","accessibility-main":"principal","accessibility-navigation":"navigation","accessibility-search":"recherche","accessibility-tblColumnInfo":{"_index":["plural","count"],"_":{"zero":"avec {{count}} colonne","one":"avec {{count}} colonne","two":"avec {{count}} colonnes","few":"avec {{count}} colonnes","many":"avec {{count}} colonnes","other":"avec {{count}} colonnes"}},"accessibility-tblRowInfo":{"_index":["plural","count"],"_":{"zero":"et {{count}} ligne","one":"et {{count}} ligne","two":"et {{count}} lignes","few":"et {{count}} lignes","many":"et {{count}} lignes","other":"et {{count}} lignes"}},"accessibility-columnInfo":"Colonne {{0}}","accessibility-rowInfo":"Ligne {{0}}","accessibility-spansColumns":{"_index":["plural","0"],"_":{"zero":"s’étend sur {{0}} colonne","one":"s’étend sur {{0}} colonne","two":"s’étend sur {{0}} colonnes","few":"s’étend sur {{0}} colonnes","many":"s’étend sur {{0}} colonnes","other":"s’étend sur {{0}} colonnes"}},"accessibility-spansRows":{"_index":["plural","0"],"_":{"zero":"s’étend sur {{0}} ligne","one":"s’étend sur {{0}} ligne","two":"s’étend sur {{0}} lignes","few":"s’étend sur {{0}} lignes","many":"s’étend sur {{0}} lignes","other":"s’étend sur {{0}} lignes"}},"accessibility-jumpAction":"passé","accessibility-pressAction":"appuyé","accessibility-checkAction":"coché","accessibility-uncheckAction":"non coché","accessibility-selectAction":"sélectionné","accessibility-unselectAction":"désélectionné","accessibility-openAction":"ouvert","accessibility-closeAction":"fermé","accessibility-switchAction":"basculé","accessibility-clickAction":"cliqué","accessibility-collapseAction":"réduit","accessibility-expandAction":"développé","accessibility-activateAction":"activé","accessibility-cycleAction":"cycle","accessibility-hidden":"masqué","accessibility-tabLoading":"chargement","accessibility-tabLoaded":"chargé","accessibility-tabNew":"nouvel onglet","accessibility-tabLoadStopped":"arrêt du chargement","accessibility-tabReload":"rechargement","accessibility-stateChecked":"coché","accessibility-stateNotChecked":"non coché","accessibility-statePressed":"pressé","accessibility-stateExpanded":"développé","accessibility-stateCollapsed":"réduit","accessibility-stateUnavailable":"indisponible","accessibility-stateRequired":"requis","accessibility-stateTraversed":"visité","accessibility-stateHasPopup":"possède un popup","accessibility-stateSelected":"sélectionné","accessibility-editingMode":"édition","accessibility-navigationMode":"navigation","accessibility-quicknav_Simple":"Défaut","accessibility-quicknav_Anchor":"Ancres","accessibility-quicknav_Button":"Boutons","accessibility-quicknav_Combobox":"Listes déroulantes","accessibility-quicknav_Landmark":"Description des zones","accessibility-quicknav_Entry":"Entrées","accessibility-quicknav_FormElement":"Élements de formulaire","accessibility-quicknav_Graphic":"Images","accessibility-quicknav_Heading":"En-têtes","accessibility-quicknav_ListItem":"Liste d'éléments","accessibility-quicknav_Link":"Liens","accessibility-quicknav_List":"Listes","accessibility-quicknav_PageTab":"Onglets de la page","accessibility-quicknav_RadioButton":"Boutons radio","accessibility-quicknav_Separator":"Séparateurs","accessibility-quicknav_Table":"Tableaux","accessibility-quicknav_Checkbox":"Cases à cocher","accessibility-menubarAbbr":"barre de menus","accessibility-scrollbarAbbr":"barre de défilement","accessibility-gripAbbr":"poignée","accessibility-alertAbbr":"alerte","accessibility-menupopupAbbr":"menu popup","accessibility-documentAbbr":"document","accessibility-paneAbbr":"panneau","accessibility-dialogAbbr":"dialogue","accessibility-separatorAbbr":"séparateur","accessibility-toolbarAbbr":"barre d’outils","accessibility-statusbarAbbr":"barre d’état","accessibility-tableAbbr":"tabl","accessibility-columnheaderAbbr":"en-tête de colonne","accessibility-rowheaderAbbr":"en-tête de ligne","accessibility-columnAbbr":"colonne","accessibility-rowAbbr":"ligne","accessibility-cellAbbr":"cellule","accessibility-linkAbbr":"lien","accessibility-listAbbr":"liste","accessibility-listitemAbbr":"élément de liste","accessibility-outlineAbbr":"plan","accessibility-outlineitemAbbr":"élément de plan","accessibility-pagetabAbbr":"onglet","accessibility-propertypageAbbr":"propriété de page","accessibility-graphicAbbr":"graphique","accessibility-pushbuttonAbbr":"btn","accessibility-checkbuttonAbbr":"case à cocher","accessibility-radiobuttonAbbr":"bouton radio","accessibility-comboboxAbbr":"liste déroulante","accessibility-progressbarAbbr":"barre de progression","accessibility-sliderAbbr":"curseur","accessibility-spinbuttonAbbr":"bouton à deux positions","accessibility-diagramAbbr":"diagramme","accessibility-animationAbbr":"animation","accessibility-equationAbbr":"équation","accessibility-buttonmenuAbbr":"bouton de menu","accessibility-whitespaceAbbr":"espace","accessibility-pagetablistAbbr":"liste d’onglets","accessibility-canvasAbbr":"canvas","accessibility-checkmenuitemAbbr":"élément de menu à cocher","accessibility-labelAbbr":"libellé","accessibility-passwordtextAbbr":"txtmdpasse","accessibility-radiomenuitemAbbr":"élément de menu avec bouton radio","accessibility-textcontainerAbbr":"conteneur de texte","accessibility-togglebuttonAbbr":"bouton à bascule","accessibility-treetableAbbr":"arborescence","accessibility-headerAbbr":"en-tête","accessibility-footerAbbr":"pied de page","accessibility-paragraphAbbr":"paragraphe","accessibility-entryAbbr":"entrée","accessibility-captionAbbr":"légende","accessibility-headingAbbr":"titre","accessibility-sectionAbbr":"section","accessibility-formAbbr":"formulaire","accessibility-comboboxlistAbbr":"liste déroulante","accessibility-comboboxoptionAbbr":"option de liste déroulante","accessibility-imagemapAbbr":"imgmap","accessibility-listboxoptionAbbr":"option","accessibility-listboxAbbr":"liste","accessibility-flatequationAbbr":"équation","accessibility-gridcellAbbr":"cellule","accessibility-noteAbbr":"note","accessibility-figureAbbr":"fig","accessibility-definitionlistAbbr":"liste de définitions","accessibility-termAbbr":"terme","accessibility-definitionAbbr":"définition","accessibility-textareaAbbr":"zonetxt","accessibility-tblColumnInfoAbbr":{"_index":["plural","count"],"_":{"one":"{{count}}c","two":"{{count}}c","few":"{{count}}c","many":"{{count}}c","other":"{{count}}c"}},"accessibility-tblRowInfoAbbr":{"_index":["plural","count"],"_":{"one":"{{count}}l","two":"{{count}}l","few":"{{count}}l","many":"{{count}}l","other":"{{count}}l"}},"accessibility-cellInfoAbbr":"c{{0}}l{{1}}","accessibility-stateCheckedAbbr":"(x)","accessibility-stateUncheckedAbbr":"( )","accessibility-statePressedAbbr":"(x)","accessibility-stateUnpressedAbbr":"( )","ok":"OK","back":"Retour","help":"Aide","cancel":"Annuler","close":"Fermer","skip":"Passer","clear":{"ariaLabel":"Effacer"},"undo":{"ariaLabel":"Annuler"},"airplaneMode":"Mode avion","searching":"Recherche…","noNetwork":"Pas de réseau","roaming":"{{operator}} (itinérance)","operator-info":"{{carrier}} {{region}}","emergencyCallsOnly":"Appels d’urgence uniquement","emergencyCallsOnly-unknownSIMState":"(état SIM inconnu)","emergencyCallsOnly-noSIM":"(aucune carte SIM)","emergencyCallsOnly-pinRequired":"(code PIN requis)","emergencyCallsOnly-pukRequired":"(code PUK requis)","emergencyCallsOnly-networkLocked":"(verrouillage réseau)","emergencyCallsOnly-serviceProviderLocked":"(verrouillage opérateur)","emergencyCallsOnly-corporateLocked":"(verrouillage entreprise)","emergencyCallsOnly-network1Locked":"(verrouillage réseau1)","emergencyCallsOnly-network2Locked":"(verrouillage réseau2)","emergencyCallsOnly-hrpdNetworkLocked":"(verrouillage réseau hrpd)","emergencyCallsOnly-ruimCorporateLocked":"(verrouillage entreprise ruim)","emergencyCallsOnly-ruimServiceProviderLocked":"(verrouillage opérateur ruim)","enterPIN":"Code PIN","mediaPlaybackTitle":{"ariaLabel":"Titre"},"mediaPlaybackArtist":{"ariaLabel":"Artiste"},"mediaPlaybackControls":{"ariaLabel":"Contrôles de lecture"},"mediaPlaybackPrevious":{"ariaLabel":"Précédent"},"mediaPlaybackPlay":"Lecture","mediaPlaybackPause":"Pause","mediaPlaybackNext":{"ariaLabel":"Suivant"},"wifiButton-on":"Wi-Fi activé","wifiButton-on-initializing":"Wi-Fi activé, initialisation","wifiButton-off":"Wi-Fi désactivé","dataButton-on":"Données {{type}} activées","dataButton-off":"Données {{type}} désactivées","bluetoothButton-on":"Bluetooth activé","bluetoothButton-on-initializing":"Bluetooth activé, initialisation","bluetoothButton-off":"Bluetooth désactivé","airplaneMode-on":"Mode avion activé","airplaneMode-off":"Mode avion désactivé","settingsButton":{"ariaLabel":"Paramètres"},"utilityTrayGrippy":{"ariaLabel":"Fermer le centre de notifications"},"statusbarLabel":"{{date}}, {{operator}}","statusbarDateFormat":"%e %b","statusbar":{"ariaLabel":"Barre d’état"},"statusbarBattery":"Batterie {{level}} pourcents","statusbarBatteryCharging":"Batterie {{level}} pourcents, en charge","statusbarFlightMode":{"ariaLabel":"Mode avion activé"},"statusbarWiFiConnecting":"Wi-Fi : connexion en cours","statusbarWiFiConnected":"Wi-Fi : {{level}} barres sur 4","statusbarSignal":"Réseau {{operator}}, {{level}} barres sur 5","statusbarSignalRoaming":"Réseau {{operator}} (itinérance), {{level}} barres sur 5","statusbarSignalNoneSearching":"Recherche en cours… Appels d’urgence uniquement","statusbarHeadphones":{"ariaLabel":"Écouteurs activés"},"statusbarBluetoothHeadphones":{"ariaLabel":"Écouteurs Bluetooth activés"},"statusbarBluetoothTransferring":{"ariaLabel":"Transfert Bluetooth en cours"},"statusbarIconOn-tethering":"Point d’accès activé","statusbarIconOnActive-tethering":"Point d’accès activé et actif","statusbarAlarm":{"ariaLabel":"Alarme activée"},"statusbarIconOn-bluetooth":"Bluetooth activé","statusbarIconOnActive-bluetooth":"Bluetooth activé et actif","statusbarIconOn-mute":"Son désactivé","statusbarIconOn-vibration":"Mode vibration activé","statusbarRecording":{"ariaLabel":"Enregistrement activé"},"statusbarGeolocation":{"ariaLabel":"Géolocalisation activée"},"statusbarUsb":{"ariaLabel":"USB activé"},"statusbarForwarding":"Transfert d’appel activé","statusbarPlaying":{"ariaLabel":"Lecture média en cours"},"statusbarNfc":{"ariaLabel":"NFC activé"},"statusbarDownloads":{"ariaLabel":"Téléchargement en cours"},"statusbarNetworkActivity":{"ariaLabel":"Réseau téléphonique activé"},"statusbarEmergencyCBNotification":{"ariaLabel":"Rappel d’urgence"},"statusbarNotifications":{"_index":["plural","n"],"_":{"one":"{{n}} notification","two":"{{n}} notifications","few":"{{n}} notifications","many":"{{n}} notifications","other":"{{n}} notifications"}},"statusbarNotifications-unread":{"_index":["plural","n"],"_":{"one":"{{n}} notification non lue","two":"{{n}} notifications non lues","few":"{{n}} notifications non lues","many":"{{n}} notifications non lues","other":"{{n}} notifications non lues"}},"notifications":"Notifications","clear-all":"Tout effacer","attentionScreen-tapToShow":"Appuyer pour afficher","newVoicemails":{"_index":["plural","n"],"_":{"zero":"Aucun nouveau message vocal","one":"1 message vocal","two":"{{n}} messages vocaux","few":"{{n}} messages vocaux","many":"{{n}} messages vocaux","other":"{{n}} messages vocaux"}},"newVoicemailsUnknown":"Nouveau message vocal","dialNumber":"Appeler le {{number}}","voicemailNotificationMultiSim":"(SIM {{n}}) {{title}}","confirmNFCConnectBTenabledNameUnknown":"Voulez-vous vraiment vous connecter à l’appareil ?","confirmNFCConnectBTdisabledNameUnknown":"Activer le Bluetooth et se connecter à l’appareil ?","confirmNFCConnectBTenabledNameKnown":"Voulez-vous vraiment vous connecter à {{deviceName}} ?","confirmNFCConnectBTdisabledNameKnown":"Activer le Bluetooth et se connecter à {{deviceName}} ?","confirmNFCConnectBTdisabled":"Activer","dismissNFCConnectBTdisabled":"Annuler","confirmation":"Confirmation","deviceMenu":"Menu système","airplane":"Mode avion","airplaneOff":"Désactiver le mode avion","silent":"Mode silencieux","normal":"Mode sonore","restart":"Redémarrer","power":"Éteindre","no-recent-apps":"Aucune application ouverte","yes":"Oui","no":"Non","dontallow":"Ne pas autoriser","allow":"Autoriser","dontshare-geolocation":"Refuser","share-geolocation":"Autoriser","dontshare-audio-capture":"Ne pas partager","share-audio-capture":"Partager","dontshare-video-capture":"Ne pas partager","share-video-capture":"Partager","dontshare-media-capture":"Ne pas partager","share-media-capture":"Partager","device-front":"Caméra avant","device-back":"Caméra arrière","remember-my-choice":"Se souvenir de ce choix","more-info":"Détails…","hide-info":"Masquer","install-app":"Installer {{name}} ?","size":"Taille","author":"Auteur","size-unknown":"inconnue","author-unknown":"inconnu","install":"Installer","bytes":"octets","kB":"Ko","MB":"Mo","GB":"Go","TB":"To","PB":"Po","app-install-generic-error":"Téléchargement de {{ appName }} arrêté","app-install-download-failed":"Échec du téléchargement de {{ appName }}","app-install-install-failed":"Échec de l’installation de {{ appName }}","cancelling-will-not-refund":"Annuler ne remboursera pas un achat. Les remboursements de contenus payants sont effectués par le marchand d’origine.","apps-can-be-installed-later":"Les applications peuvent être installées plus tard depuis la source d’origine.","are-you-sure-you-want-to-cancel":"Voulez-vous vraiment annuler l’installation ?","cancel-install":"Annuler l’installation","cancel-install-button":"Annuler","resume":"Reprendre","continue":"Continuer","stopDownloading":"Arrêter le téléchargement de {{ app }} ?","app-download-can-be-restarted":"Le téléchargement pourra être redémarré plus tard.","app-download-stop-button":"Arrêter le téléch.","not-enough-space":"Espace insuffisant","not-enough-space-message":"Il n’y a pas assez d’espace pour installer cette application. Libérez de l’espace en supprimant des médias ou d’anciennes applications puis essayez à nouveau de l’installer depuis la source d’origine.","app-install-success":"{{ appName }} installé","setup":"Configurer","ime-addkeyboards":"Ajouter des claviers","later":"Plus tard","download":"Télécharger","wantToDownload":"Télécharger la mise à jour maintenant ?","wantToInstall":"Installer la mise à jour maintenant ?","installNow":"Installer","notNow":"Plus tard","downloadingUpdateMessage":{"innerHTML":"Téléchargement des mises à jour… <span>{{ progress }} téléchargés.</span>"},"downloadingAppMessage":"Téléchargement de {{ appName }}","downloadingAppProgressNoMax":"{{ progress }} téléchargés","downloadingAppProgressIndeterminate":"Téléchargement en cours","downloadingAppProgress":"{{ progress }} / {{ max }} téléchargés","cancelAllDownloads":"Annuler tous les téléchargements","wantToCancelAll":"Voulez-vous vraiment annuler tous les téléchargements ?","downloadError":"Une erreur s’est produite lors du téléchargement des mises à jour.","updateAvailableInfo":{"innerHTML":{"_index":["plural","n"],"_":{"one":"{{ n }} mise à jour disponible. <span>Appuyer pour plus d’informations.</span>","two":"{{ n }} mises à jour disponibles. <span>Appuyer pour plus d’informations.</span>","few":"{{ n }} mises à jour disponibles. <span>Appuyer pour plus d’informations.</span>","many":"{{ n }} mises à jour disponibles. <span>Appuyer pour plus d’informations.</span>","other":"{{ n }} mises à jour disponibles. <span>Appuyer pour plus d’informations.</span>"}}},"numberOfUpdates":{"_index":["plural","n"],"_":{"one":"{{ n }} mise à jour disponible","two":"{{ n }} mises à jour disponibles","few":"{{ n }} mises à jour disponibles","many":"{{ n }} mises à jour disponibles","other":"{{ n }} mises à jour disponibles"}},"systemUpdate":"Mise à jour système","systemUpdateReady":"Mise à jour système prête","systemUpdateLowBatteryThreshold":"Le niveau de charge de la batterie doit être d’au moins {{ threshold }} % pour installer la mise à jour.","required":"Requise","uncompressingMessage":{"innerHTML":"Décompression… <span>Cela peut prendre quelques minutes.</span>"},"downloadNoWifiWarning":"Wi-Fi non disponible. Mettre à jour depuis votre connexion actuelle pourra entraîner des frais supplémentaires.","downloadOfflineWarning":"Aucune connexion. Connectez-vous à un réseau pour télécharger les mises à jour.","downloadDataConnectionWarning":"Les mises à jour sont téléchargées par la connexion de données lorsque le Wi-Fi n’est pas disponible. Des frais supplémentaires liés aux données peuvent s’appliquer.","downloadUpdatesViaDataConnection":"Télécharger les mises à jour par la connexion de données ?","downloadUpdatesViaDataConnectionMessage":"Les mises à jour sont téléchargées par la connexion de données lorsque le Wi-Fi n’est pas disponible. Lorsque la connexion de données est utilisée, les appels peuvent être bloqués et des frais supplémentaires peuvent s’appliquer.","downloadUpdatesVia2GForbidden2":"Downloading updates is not possible on slow connections (2G). Please connect via Wi-Fi or 3G (if available) and try again.","screenshotSaved":"Capture d’écran enregistrée","screenshotFailed":"Enreg. capture impossible","screenshotNoSDCard":"Aucune carte mémoire","screenshotSDCardInUse":"Carte mémoire utilisée","screenshotSDCardLow":"Carte mémoire saturée","emergency-call-button":"Appel d’urgence","emergency-call":"Appel d’urgence","unlock-a11y-button":{"ariaLabel":"Déverrouiller"},"camera-a11y-button":{"ariaLabel":"Appareil photo"},"longDateFormat":"%A %e %Eb","panel-passcode":{"ariaLabel":"Panneau du code d’accès"},"lockscreen-sim-id":"SIM {{ n }}","softwareHomeButton":{"ariaLabel":"Accueil"},"login":"Connexion","username":"Utilisateur","password":"Mot de passe","http-authentication-message":"Un identifiant et un mot de passe sont demandés par {{host}}. Le site se présente comme : « {{realm}} »","error-message":"{{name}} ne se charge pas correctement.","error-title":"{{name}} rencontre des problèmes","airplane-is-on":"Le mode avion est activé","airplane-is-turned-on":"{{name}} nécessite une connexion réseau. Désactivez le mode avion dans les paramètres et connectez-vous à un réseau Wi-Fi ou à un réseau de données mobiles.","server-not-found":"Adresse introuvable","server-not-found-error":"Impossible de trouver le serveur à l’adresse {{name}}.","file-not-found":"Fichier introuvable","file-not-found-error":"L’appareil ne peut pas afficher cette page car le fichier est introuvable.","connection-failed":"Connexion impossible","connection-failed-error":"Une erreur réseau s’est produite lors de la connexion à ce site.","invalid-connection":"Connexion impossible","invalid-connection-error":"Une erreur réseau s’est produite lors de la connexion à ce site.","malformed-uri":"L’URL n’est pas valide","malformed-uri-error":"L’URL n’est pas valide et ne peut être chargée.","redirect-loop":"Impossible d’afficher la page","redirect-loop-error":"L’appareil ne peut pas afficher cette page car la page n’est pas redirigée correctement. Veuillez réessayer ultérieurement.","not-cached":"La page a expiré","not-cached-error":"Par mesure de sécurité, cette page ne peut pas être affichée par l’appareil car elle a expiré.","is-printing-error":"Le document ne peut pas être modifié pendant l’impression ou la prévisualisation.","denied-port-access":"Cette adresse est interdite","denied-port-access-error":"Cette adresse utilise un port réseau inhabituel pour la navigation web. Par mesure de sécurité, l’appareil a abandonné la requête.","proxy-resolve-failure":"Erreur de serveur proxy","proxy-resolve-failure-error":"L’appareil est configuré pour utiliser un serveur proxy mais celui-ci est introuvable.","proxy-connect-failure":"Erreur de serveur proxy","proxy-connect-failure-error":"L’appareil est configuré pour utiliser un serveur proxy mais celui-ci n’accepte pas les connexions.","content-encoding":"Impossible d’afficher la page","content-encoding-error":"L’appareil ne peut pas afficher la page à cause d’une erreur d’encodage.","remote-xul":"Page non prise en charge","remote-xul-error":"Cette page ne peut pas être affichée car elle utilise une technologie qui n’est pas prise en charge par l’appareil.","phishing-blocked":"Avertissement","phishing-blocked-error":"Le site web a été signalé comme étant une contrefaçon conçue pour piéger les utilisateurs pour qu’ils partagent des informations personnelles ou financières.","malware-blocked":"Site malveillant bloqué","malware-blocked-error":"Le site a été signalé comme étant malveillant et a été bloqué.","unsafe-content-type":"Contenu non sûr","unsafe-content-type-error":"La page ne peut pas être affichée car l’ouvrir peut comporter un risque.","corrupted-content":"Impossible d’afficher la page","corrupted-content-error":"La page ne peut pas être affichée car une erreur lors de la transmission des données a été détectée.","network-connection-unavailable":"Aucune connexion réseau","network-error":"{{name}} nécessite une connexion réseau. Essayez de vous connecter à un réseau Wi-Fi ou à un réseau de données mobiles.","network-error-launching":"{{name}} nécessite une connexion Internet.","network-error-in-app":"Aucun accès à Internet.","unable-to-connect":"Connexion impossible","try-again":"Réessayer","check-settings":"Vérifier les paramètres","tap-to-check-settings":"Appuyez pour vérifier les paramètres","select-time":"Sélectionner l’heure","choose-option":"Sélectionner","choose-options":"Sélectionner","select-day":"Sélectionner le jour","battery-almost-empty":"Batterie presque vide","add-to-home-screen":"Ajouter à l’écran d’accueil","share":"Partager","crash-dialog2-os":"{{brandShortName}} vient de se remettre d’un plantage","crash-dialog-app":"{{name}} a planté","crash-dialog-message":"Voulez-vous envoyer un rapport à Mozilla concernant ce plantage pour nous aider à résoudre ce problème ? (Les rapports ne sont envoyés que par Wi-Fi.)","crash-info-link":"Que contient un rapport de plantage ?","crash-always-report":"Toujours envoyer un rapport à Mozilla lorsqu’un plantage se produit.","crash-dont-send":"Ne pas envoyer","crash-end":"Envoyer rapport","crashReports":"Rapports de plantage","done":"Terminé","crash-reports-description-1":"Un rapport de plantage contient des détails concernant le plantage et votre appareil, ainsi qu’un instantané de l’état de votre appareil lors du plantage.","crash-reports-description-2":"Il peut inclure différentes choses comme les applications et pages ouvertes, le texte saisi dans les formulaires et le contenu des messages ouverts, l’historique de navigation récent, ou la géolocalisation utilisée par une application ouverte.","crash-reports-description-3-start":"Nous utilisons les rapports de plantage pour essayer de résoudre les problèmes et améliorer nos logiciels. Nous gérons vos informations comme décrit dans notre ","crash-reports-description-3-privacy":"politique de confidentialité","crash-reports-description-3-end":".","crash-banner-os2":"{{brandShortName}} a planté.","crash-banner-app":"{{name}} a planté.","crash-banner-report":"Rapporter","bluetooth-sending-progress":"Début d’un transfert Bluetooth…","bluetooth-receiving-progress":"Réception d’un transfert Bluetooth…","acceptFileTransfer":"Accepter le transfert de fichier par Bluetooth ?","wantToReceiveFile":"{{deviceName}} souhaite transférer {{fileName}} ({{fileSize}}).","transfer-confirmation-title":"{{deviceName}}","transfer-confirmation-description":"Répondre à la demande de transfert.","byteUnit-B":"octets","byteUnit-KB":"Ko","byteUnit-MB":"Mo","byteUnit-GB":"Go","byteUnit-TB":"To","byteUnit-PB":"Po","byteUnit-EB":"Eo","byteUnit-ZB":"Zo","byteUnit-YB":"Yo","fileSize":"{{size}} {{unit}}","deny":"Refuser","transfer":"Transférer","cancelFileTransfer":"Annuler le transfert de fichier par Bluetooth ?","continueFileTransfer":"Continuer","transfer-has-started-title":"Le transfert a été lancé","transfer-has-started-description":"Progression dans centre de notifications","transferFinished-sentSuccessful-title":"Fichier envoyé","transferFinished-receivedSuccessful-title":"Fichier reçu","transferFinished-sentFailed-title":"Envoi fichier impossible","transferFinished-receivedFailed-title":"Réception fichier impossible","transferReport-title":"Résultats du transfert :","transferReport-description":"{{numSuccessful}} succès, {{numUnsuccessful}} échecs","unknown-file":"Fichier inconnu","unknown-device":"Appareil inconnu","cannotOpenFile":"Impossible d’ouvrir le fichier reçu","unknownMediaTypeToOpen":"Impossible d’ouvrir le média au format inconnu :","cannotReceiveFile":"Réception fichier impossible","cannotGetStorageState":"Impossible de connaître l’état de l’espace de stockage.","sdcard-not-exist2":"Aucune carte mémoire détectée. Veuillez insérer une carte mémoire.","sdcard-in-use":"L’application Bluetooth ne peut pas être utilisée tant que le téléphone est branché. Débranchez le téléphone pour recevoir des fichiers.","sdcard-no-space2":"Impossible de terminer le transfert : la carte mémoire est pleine.","unknown-error":"Erreur inconnue","confirm":"Confirmer","microphone-is-on":"Micro activé","camera-is-on":"Caméra activée","media-is-on":"Caméra et micro activés","noSimCard":"Aucune carte SIM","simPin":"Code PIN carte SIM","pukCode":"Code PUK","nckCode":"Code NCK","cckCode":"Code CCK","spckCode":"Code SPCK","nck1code":"Code NCK1","nck2code":"Code NCK2","hnckcode":"Code HNCK","rcckcode":"Code RCCK","rspckcode":"Code RSPCK","whatIsSimPin":"Qu’est-ce qu’un code PIN ?","simPinIntro1":"Le code PIN de la carte SIM empêche l’accès aux données réseau de votre carte SIM. Quand il est activé, tout appareil équipé de cette carte SIM réclamera le code PIN au démarrage.","simPinIntro2":"Un code PIN de carte SIM est différent du code destiné à déverrouiller l’appareil.","changeSimPin":"Modifier le code PIN","pinTitle":"Saisir le code PIN","multiSIMpinTitle":"Saisir le code PIN de la SIM {{n}}","pukTitle":"Saisir le code PUK","nckTitle":"Saisir le code NCK","cckTitle":"Saisir le code CCK","spckTitle":"Saisir le code SPCK","nck1Title":"Saisir le code NCK1","nck2Title":"Saisir le code NCK2","hnckTitle":"Saisir le code HNCK","rcckTitle":"Saisir le code RCCK","rspckTitle":"Saisir le code RSPCK","newpinTitle":"Nouveau code PIN","inputCodeRetriesLeft":{"_index":["plural","n"],"_":{"one":"Dernier essai.","two":"{{n}} essais restants.","few":"{{n}} essais restants.","many":"{{n}} essais restants.","other":"{{n}} essais restants."}},"pinErrorMsg":"Le code PIN est incorrect.","pinAttemptMsg2":{"_index":["plural","n"],"_":{"one":"C’est votre dernier essai autorisé pour saisir le code correct avant de bloquer la carte SIM.","two":"Il vous reste {{n}} essais pour saisir le code correct avant de bloquer la carte SIM.","few":"Il vous reste {{n}} essais pour saisir le code correct avant de bloquer la carte SIM.","many":"Il vous reste {{n}} essais pour saisir le code correct avant de bloquer la carte SIM.","other":"Il vous reste {{n}} essais pour saisir le code correct avant de bloquer la carte SIM."}},"pinLastChanceMsg":"C’est votre dernier essai autorisé pour saisir le code PIN correct. Sinon, vous devrez saisir le code PUK pour utiliser cette carte SIM.","simCardLockedMsg":"La carte SIM est verrouillée.","enterPukMsg":"Vous devez saisir la Personal Unlocking Key (PUK, soit Clé personnelle de déblocage) pour la carte SIM. Veuillez vous référer à la documentation associée à votre carte SIM ou contacter votre opérateur pour en savoir plus.","pukErrorMsg":"Le code PUK est incorrect.","pukAttemptMsg2":{"_index":["plural","n"],"_":{"one":"C’est votre dernier essai autorisé pour saisir le code correct avant que cette carte SIM ne devienne définitivement inutilisable. Veuillez vous référer à la documentation associée à votre carte SIM ou contacter votre opérateur pour en savoir plus.","two":"Il vous reste {{n}} essais pour saisir le code correct avant que cette carte SIM ne devienne définitivement inutilisable. Veuillez vous référer à la documentation associée à votre carte SIM ou contacter votre opérateur pour en savoir plus.","few":"Il vous reste {{n}} essais pour saisir le code correct avant que cette carte SIM ne devienne définitivement inutilisable. Veuillez vous référer à la documentation associée à votre carte SIM ou contacter votre opérateur pour en savoir plus.","many":"Il vous reste {{n}} essais pour saisir le code correct avant que cette carte SIM ne devienne définitivement inutilisable. Veuillez vous référer à la documentation associée à votre carte SIM ou contacter votre opérateur pour en savoir plus.","other":"Il vous reste {{n}} essais pour saisir le code correct avant que cette carte SIM ne devienne définitivement inutilisable. Veuillez vous référer à la documentation associée à votre carte SIM ou contacter votre opérateur pour en savoir plus."}},"pukLastChanceMsg":"C’est votre dernier essai autorisé pour saisir le code PUK correct. Votre carte SIM deviendra définitivement inutilisable si vous saisissez un code PUK incorrect. Veuillez vous référer à la documentation associée à votre carte SIM ou contacter votre opérateur pour en savoir plus.","newSimPinMsg":"Nouveau code PIN (4 à 8 chiffres)","confirmNewSimPinMsg":"Confirmer le nouveau code PIN","newPinErrorMsg":"Les codes PIN ne correspondent pas.","nckErrorMsg":"Le code NCK est incorrect.","nckAttemptMsg2":{"_index":["plural","n"],"_":{"one":"La dépersonnalisation du réseau a échoué. C’est votre dernier essai autorisé pour saisir le code correct. Veuillez vous référer à la documentation de l’appareil ou contacter votre opérateur pour en savoir plus.","two":"La dépersonnalisation du réseau a échoué. Il vous reste {{n}} essais pour saisir le code correct. Veuillez vous référer à la documentation de l’appareil ou contacter votre opérateur pour en savoir plus.","few":"La dépersonnalisation du réseau a échoué. Il vous reste {{n}} essais pour saisir le code correct. Veuillez vous référer à la documentation de l’appareil ou contacter votre opérateur pour en savoir plus.","many":"La dépersonnalisation du réseau a échoué. Il vous reste {{n}} essais pour saisir le code correct. Veuillez vous référer à la documentation de l’appareil ou contacter votre opérateur pour en savoir plus.","other":"La dépersonnalisation du réseau a échoué. Il vous reste {{n}} essais pour saisir le code correct. Veuillez vous référer à la documentation de l’appareil ou contacter votre opérateur pour en savoir plus."}},"nckLastChanceMsg":"La dépersonnalisation du réseau a échoué. C’est votre dernier essai autorisé pour saisir le code NCK correct. Veuillez vous référer à la documentation de l’appareil ou contacter votre opérateur pour en savoir plus.","activity-pick":"Sélectionner depuis :","activity-view":"Afficher avec :","activity-test":"Tester avec :","activity-share":"Partager avec :","activity-new":"Créer avec :","activity-open":"Ouvrir avec :","activity-save-bookmark":"Ajouter marque-page pour :","activity-record":"Enregistrer depuis :","activity-browse":"Ouvrir avec :","activity-configure":"Configurer avec :","activity-dial":"Composer depuis :","persona-signin":"Identification","payment-flow":"Acheter","remoteDebuggerMessage":"Une requête entrante pour permettre une connexion de débogage à distance a été détectée. Autoriser la connexion ?","fullscreen-request":"{{origin}} est maintenant affiché en mode plein écran.","captive-wifi-available":"Réseau {{networkName}} détecté. Le rejoindre ?","ceWarningtitle":"Avertissement concernant le volume","ceWarningcontent":"Afin d’éviter d’éventuelles lésions auditives, n’écoutez pas de musique à un volume élevé pendant des périodes prolongées.","notification-powersaving-mode-on-title":"Mode économie d’énergie","notification-powersaving-mode-on-description":"Le mode économie d’énergie est activé.","low-device-storage":"L’espace libre sur l’appareil est faible.\\n","free-space":{"_index":["plural","value"],"_":{"zero":"Mémoire saturée.","one":"Moins de {{value}} {{unit}} restant.","two":"Moins de {{value}} {{unit}} restants.","few":"Moins de {{value}} {{unit}} restants.","many":"Moins de {{value}} {{unit}} restants.","other":"Moins de {{value}} {{unit}} restants."}},"unknown-free-space":"Espace libre inconnu.","system-alert":"Alerte système","cb-channel":"Canal {{channel}}","cb-etws-warningType-earthquake":"Alerte au tremblement de terre !","cb-etws-warningType-tsunami":"Alerte au tsunami !","cb-etws-warningType-earthquake-tsunami":"Alerte tremblement de terre et tsunami !","cb-etws-warningType-test":"Ceci est un test du système d’alerte.","cb-etws-warningType-other":"Alerte !","icc-message-maintitle":"Message opérateur","icc-message-subtitle":"SIM {{id}}","icc-confirmCall-defaultmessage":"Appeler le {{number}} ?","icc-alertMessage-defaultmessage":"Envoi du message","icc-confirmMessage-defaultmessage":"Envoyer le message ?","icc-inputbox-maintitle":"Requête STK","icc-inputbox-subtitle":"SIM {{id}}","emergency-callback-mode":"Mode de rappel d’urgence","emergency-callback-message":"Vous ne pouvez pouvez pas passer d’appels, envoyer de messages ou vous connecter car le mode de rappel d’urgence est activé. Souhaitez-vous le désactiver ?","cdma-record-info":"Informations d’enregistrement CDMA","ime-switching-title":"{{appName}} : {{name}}","ime-switching-tip":"Appuyer pour changer mode saisie","shrinking-tip":"Faire glisser pour partager","download_started":"Téléchargement démarré","download_stopped":"Téléchargement arrêté","download_downloading":"Téléchargement…","download_succeeded":"Téléchargement terminé","download_failed":"Le téléchargement a échoué","download_text_by_default":"{{name}}","download_downloading_text_2":"{{percentage}} % - {{name}}","search-or-enter-address":{"_":"Recherche ou adresse","placeholder":"Recherche ou adresse"},"noSIMCardInHotspot":"Point d’accès Wi-Fi désactivé car la carte SIM est absente ou mal insérée","noHopspotWhenAPMisOn":"Afin d’utiliser le point d’accès Wi-Fi, désactivez le mode avion","apmActivated":"Mode avion activé","open-in-new-tab":"Ouvrir le lien dans un nouvel onglet","add-link-to-home-screen":"Ajouter le lien à l’écran d’accueil","share-link":"Partager le lien","save-image":"Enregistrer l’image","save-video":"Enregistrer la vidéo","save-audio":"Enregistrer l’audio","save-link":"Enregistrer la cible du lien","share-image":"Partager l’image","share-video":"Partager la vidéo","share-audio":"Partager l’audio","weekday-0-long":"Dimanche","weekday-1-long":"Lundi","weekday-2-long":"Mardi","weekday-3-long":"Mercredi","weekday-4-long":"Jeudi","weekday-5-long":"Vendredi","weekday-6-long":"Samedi","weekday-0-short":"dim","weekday-1-short":"lun","weekday-2-short":"mar","weekday-3-short":"mer","weekday-4-short":"jeu","weekday-5-short":"ven","weekday-6-short":"sam","month-0-long":"Janvier","month-1-long":"Février","month-2-long":"Mars","month-3-long":"Avril","month-4-long":"Mai","month-5-long":"Juin","month-6-long":"Juillet","month-7-long":"Août","month-8-long":"Septembre","month-9-long":"Octobre","month-10-long":"Novembre","month-11-long":"Décembre","month-0-genitive":"janvier","month-1-genitive":"février","month-2-genitive":"mars","month-3-genitive":"avril","month-4-genitive":"mai","month-5-genitive":"juin","month-6-genitive":"juillet","month-7-genitive":"août","month-8-genitive":"septembre","month-9-genitive":"octobre","month-10-genitive":"novembre","month-11-genitive":"décembre","month-0-short":"jan.","month-1-short":"fév.","month-2-short":"mars","month-3-short":"avr.","month-4-short":"mai","month-5-short":"juin","month-6-short":"juil.","month-7-short":"août","month-8-short":"sep.","month-9-short":"oct.","month-10-short":"nov.","month-11-short":"déc.","minutes-ago-long":{"_index":["plural","value"],"_":{"zero":"à l’instant","one":"il y a {{value}} minute","two":"il y a {{value}} minutes","few":"il y a {{value}} minutes","many":"il y a {{value}} minutes","other":"il y a {{value}} minutes"}},"hours-ago-long":{"_index":["plural","value"],"_":{"zero":"à l’instant","one":"il y a {{value}} heure","two":"il y a {{value}} heures","few":"il y a {{value}} heures","many":"il y a {{value}} heures","other":"il y a {{value}} heures"}},"days-ago-long":{"_index":["plural","value"],"_":{"zero":"aujourd’hui","one":"hier","two":"il y a {{value}} jours","few":"il y a {{value}} jours","many":"il y a {{value}} jours","other":"il y a {{value}} jours"}},"weeks-ago-long":{"_index":["plural","value"],"_":{"zero":"cette semaine","one":"la semaine dernière","two":"il y a {{value}} semaines","few":"il y a {{value}} semaines","many":"il y a {{value}} semaines","other":"il y a {{value}} semaines"}},"months-ago-long":{"_index":["plural","value"],"_":{"zero":"ce mois-ci","one":"le mois dernier","two":"il y a {{value}} mois","few":"il y a {{value}} mois","many":"il y a {{value}} mois","other":"il y a {{value}} mois"}},"years-ago-long":{"_index":["plural","value"],"_":{"zero":"cette année","one":"l’année dernière","two":"il y a {{value}} ans","few":"il y a {{value}} ans","many":"il y a {{value}} ans","other":"il y a {{value}} ans"}},"minutes-until-long":{"_index":["plural","value"],"_":{"zero":"maintenant","one":"dans {{value}} minute","two":"dans {{value}} minutes","few":"dans {{value}} minutes","many":"dans {{value}} minutes","other":"dans {{value}} minutes"}},"hours-until-long":{"_index":["plural","value"],"_":{"zero":"maintenant","one":"dans {{value}} heure","two":"dans {{value}} heures","few":"dans {{value}} heures","many":"dans {{value}} heures","other":"dans {{value}} heures"}},"days-until-long":{"_index":["plural","value"],"_":{"zero":"aujourd’hui","one":"demain","two":"dans {{value}} jours","few":"dans {{value}} jours","many":"dans {{value}} jours","other":"dans {{value}} jours"}},"weeks-until-long":{"_index":["plural","value"],"_":{"zero":"cette semaine","one":"la semaine prochaine","two":"dans {{value}} semaines","few":"dans {{value}} semaines","many":"dans {{value}} semaines","other":"dans {{value}} semaines"}},"months-until-long":{"_index":["plural","value"],"_":{"zero":"ce mois-ci","one":"le mois prochain","two":"dans {{value}} mois","few":"dans {{value}} mois","many":"dans {{value}} mois","other":"dans {{value}} mois"}},"years-until-long":{"_index":["plural","value"],"_":{"zero":"cette année","one":"l’année prochaine","two":"dans {{value}} ans","few":"dans {{value}} ans","many":"dans {{value}} ans","other":"dans {{value}} ans"}},"minutes-ago-short":{"_index":["plural","value"],"_":{"zero":"à l’instant","other":"il y a {{value}} min"}},"hours-ago-short":{"_index":["plural","value"],"_":{"zero":"à l’instant","other":"il y a {{value}}h"}},"days-ago-short":{"_index":["plural","value"],"_":{"zero":"aujourd’hui","other":"il y a {{value}}j"}},"minutes-until-short":{"_index":["plural","value"],"_":{"zero":"maintenant","other":"dans {{value}}m"}},"hours-until-short":{"_index":["plural","value"],"_":{"zero":"maintenant","other":"dans {{value}}h"}},"days-until-short":{"_index":["plural","value"],"_":{"zero":"aujourd’hui","other":"dans {{value}}j"}},"incorrectDate":"(date incorrecte)","dateTimeFormat_%c":"%a %e %b %Y %H:%M:%S","dateTimeFormat_%x":"%d/%m/%Y","dateTimeFormat_%X":"%H:%M:%S","shortTimeFormat":"%H:%M","shortDateTimeFormat":"%x %H:%M","weekStartsOnMonday":"1","time_am":"AM","time_pm":"PM","title-app":"Permission d’application","title-web":"Permission de site web","title-cam":"Choix de la caméra","perm-contacts":"Contacts","perm-contacts-appRequest":"L’application {{app}} souhaite accéder à votre liste de contacts.","perm-contacts-webRequest":"{{site}} souhaite accéder à votre liste de contacts.","perm-desktop-notification":"Notifications","perm-desktop-notification-appRequest":"L’application {{app}} souhaite afficher des notifications.","perm-desktop-notification-webRequest":"{{site}} souhaite afficher des notifications.","perm-device-storage-music":"Stockage musique","perm-device-storage-music-appRequest":"L’application {{app}} souhaite accéder à votre musique.","perm-device-storage-music-webRequest":"{{site}} souhaite accéder à votre musique.","perm-device-storage-pictures":"Stockage images","perm-device-storage-pictures-appRequest":"L’application {{app}} souhaite accéder à vos images.","perm-device-storage-pictures-webRequest":"{{site}} souhaite accéder à vos images.","perm-device-storage-sdcard":"Stockage carte mémoire","perm-device-storage-sdcard-appRequest":"L’application {{app}} souhaite accéder à votre carte mémoire.","perm-device-storage-sdcard-webRequest":"{{site}} souhaite accéder à votre carte mémoire.","perm-device-storage-videos":"Stockage vidéos","perm-device-storage-videos-appRequest":"L’application {{app}} souhaite accéder à vos vidéos.","perm-device-storage-videos-webRequest":"{{site}} souhaite accéder à vos vidéos.","perm-fmradio":"Radio FM","perm-fmradio-appRequest":"L’application {{app}} souhaite utiliser la radio FM.","perm-fmradio-webRequest":"{{site}} souhaite utiliser la radio FM.","perm-geolocation":"Géolocalisation","perm-geolocation-appRequest":"L’application {{app}} souhaite connaître votre position.","perm-geolocation-webRequest":"{{site}} souhaite connaître votre position.","perm-geolocation-more-info":"{{brandShortName}} utilise les données du GPS, du Wi-Fi et des antennes de téléphonie mobile environnantes pour déterminer approximativement votre position. Les données sont envoyées à Mozilla ainsi qu’à d’autres fournisseurs de services et sont mises en commun afin d’améliorer la précision des positions. Les données peuvent être stockées sur votre appareil et des données peuvent être collectées même lorsqu’aucune application n’est exécutée.","perm-video-capture":"Caméra","perm-video-capture-appRequest":"Voulez-vous partager votre caméra avec l’application {{app}} ?","perm-video-capture-webRequest":"Voulez-vous partager votre caméra avec {{site}} ?","perm-audio-capture":"Microphone","perm-audio-capture-appRequest":"Voulez-vous partager votre microphone avec l’application {{app}} ?","perm-audio-capture-webRequest":"Voulez-vous partager votre microphone avec {{site}} ?","perm-media-capture":"Caméra et microphone","perm-media-capture-appRequest":"Voulez-vous partager votre caméra et votre microphone avec l’application {{app}} ?","perm-media-capture-webRequest":"Voulez-vous partager votre caméra et votre microphone avec {{site}} ?","perm-camera-selector-appRequest":"Veuillez sélectionner une caméra pour l’application {{app}}.","perm-camera-selector-webRequest":"Veuillez sélectionner une caméra pour {{site}}.","perm-mobileid":"Identité mobile","stopped_download_title":"Téléchargement arrêté","stopped_download_message":"Le téléchargement a été arrêté. Voulez-vous relancer le téléchargement ?","stopped_download_left_button":"Annuler","stopped_download_right_button":"Relancer","failed_download_title":"Le téléchargement a échoué","failed_download_message":"Le téléchargement de {{name}} a échoué. Voulez-vous relancer le téléchargement ?","failed_download_left_button":"Annuler","failed_download_right_button":"Relancer","stop_download_title":"Arrêter le téléchargement","stop_download_message":"Voulez-vous vraiment arrêter le téléchargement ?","stop_download_left_button":"Non","stop_download_right_button":"Oui","delete_download_title":"Suppression","delete_download_message":"Supprimer {{name}} ?","delete_download_left_button":"Annuler","delete_download_right_button":"Supprimer","delete_all_download_title":"Suppression","delete_all_download_left_button":"Annuler","delete_all_download_right_button":"Supprimer","delete_all_download_message":{"_index":["plural","number"],"_":{"zero":"Ne supprimer aucun fichier ?","one":"Supprimer le fichier ?","two":"Supprimer {{number}} fichiers ?","few":"Supprimer {{number}} fichiers ?","many":"Supprimer {{number}} fichiers ?","other":"Supprimer {{number}} fichiers ?"}},"unsupported_file_type_download_title":"Ouverture impossible","unsupported_file_type_download_message":"Aucune application n’est capable d’ouvrir {{name}}. Voulez-vous conserver le fichier ou le supprimer ?","unsupported_file_type_download_left_button":"Conserver","unsupported_file_type_download_right_button":"Supprimer","file_not_found_download_title":"Fichier introuvable","file_not_found_download_message":"Le fichier est introuvable sur l’appareil","file_not_found_download_right_button":"OK","unmounted_sdcard_2_download_title":"Carte mémoire utilisée","unmounted_sdcard_2_download_message":"Veuillez débrancher le téléphone","unmounted_sdcard_2_download_right_button":"OK","no_provider_download_title":"Partage impossible","no_provider_download_message":"Aucun service disponible","no_provider_download_right_button":"OK","no_memory_download_title":"Carte SD pleine","no_memory_download_message":"Il n’y a plus assez de place sur votre carte SD pour enregistrer votre téléchargement. Veuillez supprimer quelques fichiers avant de relancer le téléchargement.","no_memory_download_right_button":"OK","no_sdcard_found_2_download_title":"Aucune carte mémoire","no_sdcard_found_2_download_message":"Insérez une carte mémoire ou sélectionnez dans les paramètres un autre emplacement par défaut pour les médias","no_sdcard_found_2_download_right_button":"OK","file_open_error_download_title":"Ouverture impossible","file_open_error_download_message":"Un problème est survenu lors de l’ouverture de {{name}}. Voulez-vous conserver le fichier ou le supprimer ?","file_open_error_download_left_button":"Conserver","file_open_error_download_right_button":"Supprimer","restart_download_error":"Une erreur s’est produite lors de la reprise du téléchargement. Veuillez relancer le téléchargement.","no-downloads":"Aucun téléchargement","percentage":"{{percentage}} %","partialResult":"{{partial}} sur {{total}}","summary":"{{date}} - {{status}}","download-stopped":"Arrêté","download-failed":"Le téléchargement a échoué","open_downloaded_file":"Ouvrir","share_downloaded_file":"Partager","wallpaper_downloaded_file":"Définir comme fond d’écran","ringtone_downloaded_file":"Définir comme sonnerie","cancel_downloaded_file":"Annuler","voicemailNoNumberTitle":"Le numéro de la messagerie vocale est indisponible","voicemailNoNumberText":"Impossible d’appeler la messagerie vocale. Veuillez définir un numéro de messagerie afin de passer l’appel.","voicemailNoNumberSettings":"Paramètres","voicemailNoNumberCancel":"Annuler","resend":"Renvoyer","connecting":"Connexion en cours","verify":"Vérifier","verifying":"Vérification en cours","verified":"Vérifié","mobileIDExplanation":"{{app_name}} souhaiterait connaître et vérifier votre numéro de téléphone. Veuillez sélectionner le numéro que vous souhaitez partager ou en saisir un nouveau.","verificationCodeExplanation":"Nous avons envoyé un code à {{phone_number}}. Nous essaierons de le récupérer automatiquement, mais vous aurez à le saisir manuellement s’il n’est pas utilisé sur cet appareil.","successMessage":"Votre numéro {{phone_number}} est à présent vérifié et {{app_name}} peut y accéder.","serverErrorMessage":"Le serveur de vérification est actuellement indisponible. Veuillez vérifier votre connexion à Internet, réessayer ou attendre quelques minutes.","timeoutErrorMessage":"Il semble y avoir un problème avec votre code de vérification. Veuillez réessayer à nouveau.","errorTitle":"Identité mobile","addPhoneNumber":"Ou ajoutez votre numéro de téléphone","selectPhoneNumber":"Ou sélectionnez un numéro dans la liste"}