{"firefox-accounts-title":"Contas Firefox","fxa-next":"Seguinte","fxa-back":"Atrás","fxa-done":"Feito","fxa-ok":"Aceptar","fxa-connection-error-title":"Imposíbel conectarse","fxa-connection-error-message":"Pode crear unha conta ou identificarse dende os Axustes.","fxa-reset-password-error-title":"Restabelecer o contrasinal","fxa-reset-password-error-message":"Pode restabelecer o contrasinal dende os Axustes.","fxa-coppa-failure-error-title":"Imposíbel crear a conta","fxa-coppa-failure-error-message":"Para crear unha conta Firefox debe cumprir certos requisitos de idade. {{learnmore}}","fxa-learn-more":"Obter máis información","fxa-offline-error-title":"Imposíbel conectarse","fxa-offline-error-message":"Conéctese a unha rede dende os Axustes.","fxa-invalid-email-title":"Erro","fxa-invalid-email-message":"Escriba un correo correcto.","fxa-invalid-password-title":"Contrasinal incorrecto","fxa-invalid-password-message":"Comprobe o contrasinal e tente de novo.","fxa-unknown-error-title":"Imposíbel conectarse","fxa-unknown-error-message":"Sistema non dispoñíbel, tente máis tarde.","fxa-connecting":"Conectando","fxa-enter-email-input":{"placeholder":"Escriba o correo"},"fxa-use-email-to-sign-in":"Use o enderezo de correo para crear unha conta ou identificarse.","fxa-notice":"A continuación, acepte os {{tos}} e a {{pn}} dos servizos en liña de Firefox.","fxa-tos":"Termos do servizo","fxa-pn":"Política de privacidade","fxa-create-password-title":"Crear un contrasinal","fxa-enter-password-title":"Escriba o contrasinal","fxa-hello-user":"Benvida, {{email}}","fxa-password-refresh":"Escriba o contrasinal da conta Firefox para continuar.","fxa-password":{"placeholder":"Contrasinal"},"fxa-forgot-your-password":"Esqueceu o contrasinal?","fxa-show-password":"Amosar contrasinal","fxa-password-length-requirement":"O contrasinal debe ter como mínimo 8 caracteres.","fxa-success":"Rematou!","fxa-ready-to-go":"A súa conta Firefox está lista!","fxa-use-features":"Agora pode usar características como Atopa dispositivo e aplicativos como Firefox Marketplace.","fxa-access-manage-account-settings":"No futuro pode acceder e xestionar a súa conta dende os Axustes.","fxa-confirm-account":"Confirme a súa conta","fxa-will-send-email":"Enviaráselle un correo a: {{email}}","fxa-signup-click-verification-link-in-email":"A próxima vez que comprobe o correo, prema na ligazón de verificación para confirmar a súa conta Firefox.","fxa-age-verification":"Verificación da idade","fxa-age-1990-earlier":"1990 ou antes","fxa-year-of-birth":"Ano de nacemento","brandShortName":"B2G OS","browserBrandShortName":"Navegador web","browserBrandFullName":"Navegador web de Mozilla","accessibility-enableScreenReaderSteps":"To enable screen reader, press volume up then volume down buttons three more times","accessibility-disableScreenReaderSteps":"To disable screen reader, press volume up then volume down buttons three more times","accessibility-screenReaderStarted":"Screen reader started","accessibility-screenReaderStopped":"Screen reader stopped","accessibility-menubar":"menu bar","accessibility-scrollbar":"scroll bar","accessibility-grip":"grip","accessibility-alert":"alert","accessibility-menupopup":"menu popup","accessibility-document":"document","accessibility-pane":"pane","accessibility-dialog":"dialog","accessibility-separator":"separator","accessibility-toolbar":"toolbar","accessibility-statusbar":"status bar","accessibility-table":"table","accessibility-columnheader":"column header","accessibility-rowheader":"row header","accessibility-column":"column","accessibility-row":"row","accessibility-cell":"cell","accessibility-link":"link","accessibility-list":"list","accessibility-listitem":"list item","accessibility-outline":"outline","accessibility-outlineitem":"outline item","accessibility-pagetab":"tab","accessibility-propertypage":"property page","accessibility-graphic":"graphic","accessibility-pushbutton":"button","accessibility-checkbutton":"check button","accessibility-radiobutton":"radio button","accessibility-combobox":"combo box","accessibility-progressbar":"progress bar","accessibility-slider":"slider","accessibility-spinbutton":"spin button","accessibility-diagram":"diagram","accessibility-animation":"animation","accessibility-equation":"equation","accessibility-buttonmenu":"button menu","accessibility-whitespace":"white space","accessibility-pagetablist":"tab list","accessibility-canvas":"canvas","accessibility-checkmenuitem":"check menu item","accessibility-label":"label","accessibility-passwordtext":"password text","accessibility-radiomenuitem":"radio menu item","accessibility-textcontainer":"text container","accessibility-togglebutton":"toggle button","accessibility-treetable":"tree table","accessibility-header":"header","accessibility-footer":"footer","accessibility-paragraph":"paragraph","accessibility-entry":"entry","accessibility-caption":"caption","accessibility-heading":"heading","accessibility-section":"section","accessibility-form":"form","accessibility-comboboxlist":"combo box list","accessibility-comboboxoption":"combo box option","accessibility-imagemap":"image map","accessibility-listboxoption":"option","accessibility-listbox":"list box","accessibility-flatequation":"flat equation","accessibility-gridcell":"gridcell","accessibility-note":"note","accessibility-figure":"figure","accessibility-definitionlist":"definition list","accessibility-term":"term","accessibility-definition":"definition","accessibility-textarea":"text area","accessibility-textInputType_date":"date","accessibility-textInputType_email":"e-mail","accessibility-textInputType_search":"search","accessibility-textInputType_tel":"telephone","accessibility-textInputType_url":"URL","accessibility-headingLevel":"heading level {{0}}","accessibility-listStart":"First item","accessibility-listEnd":"Last item","accessibility-listItemsCount":{"_index":["plural","count"],"_":{"zero":"{{count}} items","one":"{{count}} item","two":"{{count}} items","few":"{{count}} items","many":"{{count}} items","other":"{{count}} items"}},"accessibility-objItemOfN":"{{0}} of {{1}}","accessibility-banner":"banner","accessibility-complementary":"complementary","accessibility-contentinfo":"content info","accessibility-main":"main","accessibility-navigation":"navigation","accessibility-search":"search","accessibility-tblColumnInfo":{"_index":["plural","count"],"_":{"zero":"with {{count}} columns","one":"with {{count}} column","two":"with {{count}} columns","few":"with {{count}} columns","many":"with {{count}} columns","other":"with {{count}} columns"}},"accessibility-tblRowInfo":{"_index":["plural","count"],"_":{"zero":"and {{count}} rows","one":"and {{count}} row","two":"and {{count}} rows","few":"and {{count}} rows","many":"and {{count}} rows","other":"and {{count}} rows"}},"accessibility-columnInfo":"Column {{0}}","accessibility-rowInfo":"Row {{0}}","accessibility-spansColumns":{"_index":["plural","0"],"_":{"zero":"spans {{0}} columns","one":"spans {{0}} column","two":"spans {{0}} columns","few":"spans {{0}} columns","many":"spans {{0}} columns","other":"spans {{0}} columns"}},"accessibility-spansRows":{"_index":["plural","0"],"_":{"zero":"spans {{0}} rows","one":"spans {{0}} row","two":"spans {{0}} rows","few":"spans {{0}} rows","many":"spans {{0}} rows","other":"spans {{0}} rows"}},"accessibility-jumpAction":"jumped","accessibility-pressAction":"pressed","accessibility-checkAction":"checked","accessibility-uncheckAction":"unchecked","accessibility-selectAction":"selected","accessibility-unselectAction":"unselected","accessibility-openAction":"opened","accessibility-closeAction":"closed","accessibility-switchAction":"switched","accessibility-clickAction":"clicked","accessibility-collapseAction":"collapsed","accessibility-expandAction":"expanded","accessibility-activateAction":"activated","accessibility-cycleAction":"cycled","accessibility-hidden":"hidden","accessibility-tabLoading":"loading","accessibility-tabLoaded":"loaded","accessibility-tabNew":"new tab","accessibility-tabLoadStopped":"loading stopped","accessibility-tabReload":"reloading","accessibility-stateChecked":"checked","accessibility-stateNotChecked":"not checked","accessibility-statePressed":"pressed","accessibility-stateExpanded":"expanded","accessibility-stateCollapsed":"collapsed","accessibility-stateUnavailable":"unavailable","accessibility-stateRequired":"required","accessibility-stateTraversed":"visited","accessibility-stateHasPopup":"has pop up","accessibility-stateSelected":"selected","accessibility-editingMode":"editing","accessibility-navigationMode":"navigating","accessibility-quicknav_Simple":"Default","accessibility-quicknav_Anchor":"Anchors","accessibility-quicknav_Button":"Buttons","accessibility-quicknav_Combobox":"Combo boxes","accessibility-quicknav_Landmark":"Landmarks","accessibility-quicknav_Entry":"Entries","accessibility-quicknav_FormElement":"Form elements","accessibility-quicknav_Graphic":"Images","accessibility-quicknav_Heading":"Headings","accessibility-quicknav_ListItem":"List items","accessibility-quicknav_Link":"Links","accessibility-quicknav_List":"Lists","accessibility-quicknav_PageTab":"Page tabs","accessibility-quicknav_RadioButton":"Radio buttons","accessibility-quicknav_Separator":"Separators","accessibility-quicknav_Table":"Tables","accessibility-quicknav_Checkbox":"Check boxes","accessibility-menubarAbbr":"menu bar","accessibility-scrollbarAbbr":"scroll bar","accessibility-gripAbbr":"grip","accessibility-alertAbbr":"alert","accessibility-menupopupAbbr":"menu popup","accessibility-documentAbbr":"document","accessibility-paneAbbr":"pane","accessibility-dialogAbbr":"dialog","accessibility-separatorAbbr":"separator","accessibility-toolbarAbbr":"toolbar","accessibility-statusbarAbbr":"status bar","accessibility-tableAbbr":"tbl","accessibility-columnheaderAbbr":"column header","accessibility-rowheaderAbbr":"row header","accessibility-columnAbbr":"column","accessibility-rowAbbr":"row","accessibility-cellAbbr":"cell","accessibility-linkAbbr":"lnk","accessibility-listAbbr":"list","accessibility-listitemAbbr":"list item","accessibility-outlineAbbr":"outline","accessibility-outlineitemAbbr":"outline item","accessibility-pagetabAbbr":"tab","accessibility-propertypageAbbr":"property page","accessibility-graphicAbbr":"graphic","accessibility-pushbuttonAbbr":"btn","accessibility-checkbuttonAbbr":"check button","accessibility-radiobuttonAbbr":"radio button","accessibility-comboboxAbbr":"combo box","accessibility-progressbarAbbr":"progress bar","accessibility-sliderAbbr":"slider","accessibility-spinbuttonAbbr":"spin button","accessibility-diagramAbbr":"diagram","accessibility-animationAbbr":"animation","accessibility-equationAbbr":"equation","accessibility-buttonmenuAbbr":"button menu","accessibility-whitespaceAbbr":"white space","accessibility-pagetablistAbbr":"tab list","accessibility-canvasAbbr":"canvas","accessibility-checkmenuitemAbbr":"check menu item","accessibility-labelAbbr":"label","accessibility-passwordtextAbbr":"passwdtxt","accessibility-radiomenuitemAbbr":"radio menu item","accessibility-textcontainerAbbr":"text container","accessibility-togglebuttonAbbr":"toggle button","accessibility-treetableAbbr":"tree table","accessibility-headerAbbr":"header","accessibility-footerAbbr":"footer","accessibility-paragraphAbbr":"paragraph","accessibility-entryAbbr":"entry","accessibility-captionAbbr":"caption","accessibility-headingAbbr":"heading","accessibility-sectionAbbr":"section","accessibility-formAbbr":"form","accessibility-comboboxlistAbbr":"combo box list","accessibility-comboboxoptionAbbr":"combo box option","accessibility-imagemapAbbr":"imgmap","accessibility-listboxoptionAbbr":"option","accessibility-listboxAbbr":"list box","accessibility-flatequationAbbr":"flat equation","accessibility-gridcellAbbr":"gridcell","accessibility-noteAbbr":"note","accessibility-figureAbbr":"fig","accessibility-definitionlistAbbr":"definition list","accessibility-termAbbr":"term","accessibility-definitionAbbr":"definition","accessibility-textareaAbbr":"txtarea","accessibility-tblColumnInfoAbbr":{"_index":["plural","count"],"_":{"one":"{{count}}c","two":"{{count}}c","few":"{{count}}c","many":"{{count}}c","other":"{{count}}c"}},"accessibility-tblRowInfoAbbr":{"_index":["plural","count"],"_":{"one":"{{count}}r","two":"{{count}}r","few":"{{count}}r","many":"{{count}}r","other":"{{count}}r"}},"accessibility-cellInfoAbbr":"c{{0}}r{{1}}","accessibility-stateCheckedAbbr":"(x)","accessibility-stateUncheckedAbbr":"( )","accessibility-statePressedAbbr":"(x)","accessibility-stateUnpressedAbbr":"( )","ok":"Aceptar","back":"Atrás","help":"Axuda","cancel":"Cancelar","close":"Pechar","skip":"Saltar","clear":{"ariaLabel":"Limpar"},"undo":{"ariaLabel":"Desfacer"},"airplaneMode":"Modo avión","searching":"Buscando…","noNetwork":"Sen rede","roaming":"{{operator}} (Itinerancia)","operator-info":"{{carrier}} {{region}}","emergencyCallsOnly":"Só chamadas de emerxencia","emergencyCallsOnly-unknownSIMState":"(estado da SIM descoñecido)","emergencyCallsOnly-noSIM":"(sen SIM)","emergencyCallsOnly-pinRequired":"(requírese o PIN da SIM)","emergencyCallsOnly-pukRequired":"(requírese o PUK da SIM)","emergencyCallsOnly-networkLocked":"(bloqueo da rede)","emergencyCallsOnly-serviceProviderLocked":"(bloqueo da operadora))","emergencyCallsOnly-corporateLocked":"(bloqueo da empresa)","emergencyCallsOnly-network1Locked":"(bloqueo de network1)","emergencyCallsOnly-network2Locked":"(bloqueo de network2)","emergencyCallsOnly-hrpdNetworkLocked":"(bloqueo da rede hrpd)","emergencyCallsOnly-ruimCorporateLocked":"(bloqueo da empresa da ruim)","emergencyCallsOnly-ruimServiceProviderLocked":"(bloqueo da operadora da ruim)","enterPIN":"Escriba o PIN","mediaPlaybackTitle":{"ariaLabel":"Título"},"mediaPlaybackArtist":{"ariaLabel":"Artista"},"mediaPlaybackControls":{"ariaLabel":"Controis de reprodución"},"mediaPlaybackPrevious":{"ariaLabel":"Anterior"},"mediaPlaybackPlay":"Reproducir","mediaPlaybackPause":"Pausa","mediaPlaybackNext":{"ariaLabel":"Seguinte"},"wifiButton-on":"Wi-Fi activa","wifiButton-on-initializing":"Wif-Fi activa, Inicializando","wifiButton-off":"Wi-Fi desactivada","dataButton-on":"Datos {{type}} activados","dataButton-off":"Datos {{type}} desactivados","bluetoothButton-on":"Bluetooth activo","bluetoothButton-on-initializing":"Bluetooth activo, Inicializando","bluetoothButton-off":"Bluetooth desactivado","airplaneMode-on":"Modo avión activo","airplaneMode-off":"Modo avión desactivado","settingsButton":{"ariaLabel":"Axustes"},"utilityTrayGrippy":{"ariaLabel":"Pechar área de notificacións"},"statusbarLabel":"{{date}}, {{operator}}","statusbarDateFormat":"%e de %b","statusbar":{"ariaLabel":"Barra de estado"},"statusbarBattery":"Batería {{level}} por cento","statusbarBatteryCharging":"Batería {{level}} por cento, cargando","statusbarFlightMode":{"ariaLabel":"Modo avión activo"},"statusbarWiFiConnecting":"Wi-Fi: conectando","statusbarWiFiConnected":"Wi-Fi: {{level}} de 4 barras","statusbarSignal":"Rede {{operator}}, {{level}} de 5 barras","statusbarSignalRoaming":"Rede {{operator}}(itinerancia), {{level}} de 5 barras","statusbarSignalNoneSearching":"Buscando… Só chamadas de emerxencia","statusbarHeadphones":{"ariaLabel":"Auriculares activos"},"statusbarBluetoothHeadphones":{"ariaLabel":"Auriculares Bluetooth activos"},"statusbarBluetoothTransferring":{"ariaLabel":"Transferencia Bluetooth activa"},"statusbarIconOn-tethering":"Tethering activo","statusbarIconOnActive-tethering":"Tethering activo, en uso","statusbarAlarm":{"ariaLabel":"Alarma activa"},"statusbarIconOn-bluetooth":"Bluetooth activo","statusbarIconOnActive-bluetooth":"Bluetooth activo, en uso","statusbarIconOn-mute":"Son desactivado","statusbarIconOn-vibration":"Vibración activa","statusbarRecording":{"ariaLabel":"Gravación activa"},"statusbarGeolocation":{"ariaLabel":"Xeolocalización activa"},"statusbarUsb":{"ariaLabel":"USB activo"},"statusbarForwarding":"Desvío de chamadas activo","statusbarPlaying":{"ariaLabel":"Reproducindo"},"statusbarNfc":{"ariaLabel":"NFC activo"},"statusbarDownloads":{"ariaLabel":"Descargando…"},"statusbarNetworkActivity":{"ariaLabel":"Rede activa"},"statusbarEmergencyCBNotification":{"ariaLabel":"Devolución chamada de emerxencia"},"statusbarNotifications":{"_index":["plural","n"],"_":{"one":"{{n}} notificación","two":"{{n}} notificacións","few":"{{n}} notificacións","many":"{{n}} notificacións","other":"{{n}} notificacións"}},"statusbarNotifications-unread":{"_index":["plural","n"],"_":{"one":"{{n}} notificación non lida","two":"{{n}} notificacións non lidas","few":"{{n}} notificacións non lidas","many":"{{n}} notificacións non lidas","other":"{{n}} notificacións non lidas"}},"notifications":"Notificacións","clear-all":"Limpar todo","attentionScreen-tapToShow":"Toque para amosar","newVoicemails":{"_index":["plural","n"],"_":{"zero":"Non hai mensaxes de voz","one":"Unha nova mensaxe de voz","two":"{{n}} novas mensaxes de voz","few":"{{n}} novas mensaxes de voz","many":"{{n}} novas mensaxes de voz","other":"{{n}} novas mensaxes de voz"}},"newVoicemailsUnknown":"Nova mensaxe de voz","dialNumber":"Marcar {{number}}","voicemailNotificationMultiSim":"(SIM {{n}}) {{title}}","confirmNFCConnectBTenabledNameUnknown":"Confirma que quere conectar ao dispositivo?","confirmNFCConnectBTdisabledNameUnknown":"Activar o Bluetooth e conectarse ao dispositivo?","confirmNFCConnectBTenabledNameKnown":"Confirma que quere conectarse a {{deviceName}}?","confirmNFCConnectBTdisabledNameKnown":"Activar o Bluetooth e conectarse a {{deviceName}}?","confirmNFCConnectBTdisabled":"Activar","dismissNFCConnectBTdisabled":"Cancelar","confirmation":"Confirmación","deviceMenu":"Teléfono","airplane":"Activar o modo avión","airplaneOff":"Desactivar o modo avión","silent":"Modo silencioso","normal":"Modo normal","restart":"Reiniciar","power":"Apagar","no-recent-apps":"Ningún aplicativo recente","yes":"Si","no":"Non","dontallow":"Non permitir","allow":"Permitir","dontshare-geolocation":"Non compartir","share-geolocation":"Compartir","dontshare-audio-capture":"Non compartir","share-audio-capture":"Compartir","dontshare-video-capture":"Non compartir","share-video-capture":"Compartir","dontshare-media-capture":"Non compartir","share-media-capture":"Compartir","device-front":"Cámara frontal","device-back":"Cámara posterior","remember-my-choice":"Lembrar a miña escolla","more-info":"Máis información…","hide-info":"Agochar","install-app":"Quere instalar {{name}}?","size":"Tamaño","author":"Autor","size-unknown":"Descoñecido","author-unknown":"Descoñecido","install":"Instalar","bytes":"bytes","kB":"KB","MB":"MB","GB":"GB","TB":"TB","PB":"PB","app-install-generic-error":"Detívose a descarga de {{ appName }}","app-install-download-failed":"Fallou a descarga de {{ appName }}","app-install-install-failed":"Fallou a instalación de {{ appName }}","cancelling-will-not-refund":"A cancelación non devolverá o importe da compra. As devolucións para o contido de pago son fornecidas polo vendedor orixinal.","apps-can-be-installed-later":"É posíbel instalar os aplicativos máis tarde dende a fonte orixinal da instalación.","are-you-sure-you-want-to-cancel":"Confirma que quere cancelar esta instalación?","cancel-install":"Cancelar","cancel-install-button":"Cancelar","resume":"Retomar","continue":"Continuar","stopDownloading":"Deter a descarga de {{ app }}?","app-download-can-be-restarted":"A descarga pode reiniciarse máis tarde.","app-download-stop-button":"Deter a descarga","not-enough-space":"Non hai suficiente espazo","not-enough-space-message":"Non hai suficiente espazo para instalar este aplicativo. Libere espazo eliminando aplicativos antigos ou ficheiros multimedia, e tente instalalo de novo dende a fonte orixinal.","app-install-success":"Instalouse {{ appName }}","setup":"Configurar","ime-addkeyboards":"Engadir teclados","later":"Despois","download":"Descargar","wantToDownload":"Descargar a actualización agora?","wantToInstall":"Instalar a actualización agora?","installNow":"Instalar agora","notNow":"Agora non","downloadingUpdateMessage":{"innerHTML":"Descargando actualizacións… <span>{{ progress }} descargados.</span>"},"downloadingAppMessage":"Descargando {{ appName }}","downloadingAppProgressNoMax":"{{ progress }} descargados","downloadingAppProgressIndeterminate":"Descargando","downloadingAppProgress":"{{ progress }} / {{ max }} descargados","cancelAllDownloads":"Cancelar todas as descargas","wantToCancelAll":"Confirma que quere cancelar todas as descargas?","downloadError":"Produciuse un erro ao descargar as actualizacións.","updateAvailableInfo":{"innerHTML":{"_index":["plural","n"],"_":{"one":"{{ n }} actualización dispoñíbel. <span>Toque para máis información.</span>","two":"{{ n }} actualizacións dispoñíbeis. <span>Toque para máis información.</span>","few":"{{ n }} actualizacións dispoñíbeis. <span>Toque para máis información.</span>","many":"{{ n }} actualizacións dispoñíbeis. <span>Toque para máis información.</span>","other":"{{ n }} actualizacións dispoñíbeis. <span>Toque para máis información.</span>"}}},"numberOfUpdates":{"_index":["plural","n"],"_":{"one":"{{ n }} actualización dispoñíbel","two":"{{ n }} actualizacións dispoñíbeis","few":"{{ n }} actualizacións dispoñíbeis","many":"{{ n }} actualizacións dispoñíbeis","other":"{{ n }} actualizacións dispoñíbeis"}},"systemUpdate":"Actualización do sistema","systemUpdateReady":"Actualización do sistema lista","systemUpdateLowBatteryThreshold":"Necesita ter como mínimo un {{ threshold }}% de batería para instalar a actualización.","required":"Requirida","uncompressingMessage":{"innerHTML":"Descomprimindo… <span>Isto pode levarlle uns poucos minutos.</span>"},"downloadNoWifiWarning":"Conexión Wi-Fi non dispoñíbel. A actualización dende a conexión actual pode supor cargos adicionais.","downloadOfflineWarning":"Conexión non dispoñíbel. Conéctese a unha rede para descargar actualizacións.","downloadDataConnectionWarning":"As actualizacións descárganse po la conexión de datos cando non hai unha conexión Wi-Fi dispoñíbel. Pode supor cargos adicionais.","downloadUpdatesViaDataConnection":"Descargar as actualizacións a través da conexión Wi-Fi?","downloadUpdatesViaDataConnectionMessage":"As actualizacións descárganse po la conexión de datos cando non hai unha conexión Wi-Fi dispoñíbel. Ao usar a conexión de datos, as chamadas do teléfono poden ser bloqueadas e tamén pode supor cargos adicionais.","downloadUpdatesVia2GForbidden2":"Downloading updates is not possible on slow connections (2G). Please connect via Wi-Fi or 3G (if available) and try again.","screenshotSaved":"Gardouse a captura","screenshotFailed":"Imposíbel gardar a captura","screenshotNoSDCard":"Non se atopou a tarxeta de memoria","screenshotSDCardInUse":"A tarxeta de memoria está en uso","screenshotSDCardLow":"Non hai suficiente espazo na tarxeta de memoria","emergency-call-button":"Chamada de emerxencia","emergency-call":"Chamada de emerxencia","unlock-a11y-button":{"ariaLabel":"Desbloquear"},"camera-a11y-button":{"ariaLabel":"Cámara"},"longDateFormat":"%A, %e de %B","panel-passcode":{"ariaLabel":"Panel código de acceso"},"lockscreen-sim-id":"SIM {{ n }}","softwareHomeButton":{"ariaLabel":"Casa"},"login":"Identificarse","username":"Nome de usuario","password":"Contrasinal","http-authentication-message":"{{host}} require un nome de usuario e contrasinal. O sitio di: “{{realm}}”","error-message":"{{name}} non se carga correctamente","error-title":"{{name}} está tendo problemas","airplane-is-on":"O modo avión está activo","airplane-is-turned-on":"{{name}} require unha conexión de rede. Desactive  o modo avión dende os Axustes e conéctese a unha rede de datos ou Wi-Fi.","server-not-found":"Non se atopou o servidor","server-not-found-error":"Non é posíbel atopar o servidor en {{name}}.","file-not-found":"Non se atopou o ficheiro","file-not-found-error":"Non é posíbel que o dispositivo amose esta páxina porque non se atopou o ficheiro.","connection-failed":"Imposíbel conectar","connection-failed-error":"Produciuse un erro na rede durante a conexión co sitio.","invalid-connection":"Imposíbel conectar","invalid-connection-error":"Produciuse un erro na rede durante a conexión co sitio.","malformed-uri":"URL incorrecto","malformed-uri-error":"O URL introducido é incorrecto e non é posíbel cargalo.","redirect-loop":"Páxina non dispoñíbel","redirect-loop-error":"Non é posíbel que o dispositivo amose esta páxina porque non está a redirixir correctamente. Tente de novo máis tarde.","not-cached":"Páxina caducada","not-cached-error":"Por razóns de seguranza non é posíbel amosar esta páxina porque caducou.","is-printing-error":"Non é posíbel modificar o documento mentres se imprime ou se visualiza na Previsualización da impresión.","denied-port-access":"Este enderezo está restrinxido","denied-port-access-error":"Este enderezo usa un porto de rede que normalmente se usa con fins diferentes á navegación web. Para a súa protección, o dispositivo cancelou a solicitude.","proxy-resolve-failure":"Erro do servidor proxy","proxy-resolve-failure-error":"O dispositivo configurouse para usar un servidor proxy que non é posíbel atopar.","proxy-connect-failure":"Erro do servidor proxy","proxy-connect-failure-error":"O dispositivo configurouse para usar un servidor proxy que está a rexeitar as conexións.","content-encoding":"Páxina non dispoñíbel","content-encoding-error":"Non é posíbel que o dispositivo amose esta páxina porque se produciu un erro coa codificación.","remote-xul":"Páxina non admitida","remote-xul-error":"Non é posíbel que se amose esta páxina porque usa unha tecnoloxía non compatíbel co dispositivo.","phishing-blocked":"Aviso","phishing-blocked-error":"Identificouse o sitio web como unha falsificación deseñada para enganar aos usuarios e obter información persoal ou financeira.","malware-blocked":"Bloqueouse o malware","malware-blocked-error":"Identificouse como un sitio atacante e bloqueouse.","unsafe-content-type":"Contido inseguro","unsafe-content-type-error":"Non é posíbel amosar a páxina porque abrila pode non ser seguro.","corrupted-content":"Páxina non dispoñíbel","corrupted-content-error":"Non é posíbel amosar a páxina porque se produciu un erro na transmisión dos datos.","network-connection-unavailable":"Conexión de rede non dispoñíbel","network-error":"{{name}} require unha conexión de rede. Tente conectarse a unha rede de datos ou Wi-Fi.","network-error-launching":"{{name}} require unha conexión á Internet.","network-error-in-app":"Ningún acceso á Internet dispoñíbel.","unable-to-connect":"Imposíbel conectar","try-again":"Tentar de novo","check-settings":"Comprobar axustes","tap-to-check-settings":"Toque para comprobar os axustes","select-time":"Seleccionar hora","choose-option":"Seleccionar","choose-options":"Seleccionar","select-day":"Seleccionar día","battery-almost-empty":"Batería case esgotada","add-to-home-screen":"Engadir á pantalla inicial","share":"Compartir","crash-dialog2-os":"{{brandShortName}} recuperouse dunha quebra","crash-dialog-app":"{{name}} acaba de quebrar","crash-dialog-message":"Desexa enviar a Mozilla un informe sobre a quebra para axudarnos a arranxar este problema? (Os informes só se envían por Wi-Fi).","crash-info-link":"Que contén un informe de erro?","crash-always-report":"Enviar sempre un informe a Mozilla cando se produza unha quebra.","crash-dont-send":"Non enviar","crash-end":"Enviar informe","crashReports":"Informes de erro","done":"Feito","crash-reports-description-1":"Un informe de erro contén algúns detalles sobre a quebra e o seu dispositivo, así como unha instantánea do estado do dispositivo cando quebrou.","crash-reports-description-2":"Este pode incluír cousas como as páxinas e os aplicativos abertos, o texto escrito nos formularios e o contido das mensaxes abertas, o historial de navegación recente, ou a xeolocalización usada por un aplicativo aberto.","crash-reports-description-3-start":"Usamos os informes de erro para arranxar problemas e mellorar os nosos produtos. Xestionamos a súa información como se describe na nosa ","crash-reports-description-3-privacy":"política de privacidade","crash-reports-description-3-end":".","crash-banner-os2":"{{brandShortName}} acaba de quebrar.","crash-banner-app":"{{name}} acaba de quebrar.","crash-banner-report":"Informe","bluetooth-sending-progress":"Enviando transferencia Bluetooth…","bluetooth-receiving-progress":"Recibindo transferencia Bluetooth…","acceptFileTransfer":"Aceptar a transferencia por Bluetooth?","wantToReceiveFile":"{{deviceName}} desexa transferir {{fileName}} ({{fileSize}}).","transfer-confirmation-title":"{{deviceName}}","transfer-confirmation-description":"Revise a solicitude de transferencia.","byteUnit-B":"Bytes","byteUnit-KB":"KB","byteUnit-MB":"MB","byteUnit-GB":"GB","byteUnit-TB":"TB","byteUnit-PB":"PB","byteUnit-EB":"EB","byteUnit-ZB":"ZB","byteUnit-YB":"YB","fileSize":"{{size}} {{unit}}","deny":"Denegar","transfer":"Transferir","cancelFileTransfer":"Cancelar a transferencia por Bluetooth?","continueFileTransfer":"Continuar","transfer-has-started-title":"Comezou a transferencia","transfer-has-started-description":"Ver progreso no centro de notificacións","transferFinished-sentSuccessful-title":"Ficheiro enviado","transferFinished-receivedSuccessful-title":"Ficheiro recibido","transferFinished-sentFailed-title":"Non se enviou o ficheiro","transferFinished-receivedFailed-title":"Non se recibiu o ficheiro","transferReport-title":"Informe da transferencia:","transferReport-description":"{{numSuccessful}} ficheiros transferidos, {{numUnsuccessful}} ficheiros non transferidos","unknown-file":"Ficheiro descoñecido","unknown-device":"Dispositivo descoñecido","cannotOpenFile":"Imposíbel abrir o ficheiro recibido","unknownMediaTypeToOpen":"Imposíbel abrir o tipo multimedia descoñecido:","cannotReceiveFile":"Imposíbel recibir o ficheiro","cannotGetStorageState":"Non é posíbel obter o estado de memoria do dispositivo.","sdcard-not-exist2":"Non se atopou a tarxeta de memoria. Insira unha tarxeta.","sdcard-in-use":"Non é posíbel usar o Bluetooth mentres o teléfono está conectado. Desconecte o teléfono para recibir ficheiro(s).","sdcard-no-space2":"Non é posíbel completar a transferencia: a tarxeta de memoria está chea.","unknown-error":"Erro descoñecido","confirm":"Confirmar","microphone-is-on":"Micro activado","camera-is-on":"Cámara activada","media-is-on":"Cámara e micro activados","noSimCard":"Sen tarxeta SIM","simPin":"PIN da SIM","pukCode":"Código PUK","nckCode":"Código NCK","cckCode":"Código CCK","spckCode":"Código SPCK","nck1code":"Código NCK1","nck2code":"Código NCK2","hnckcode":"Código HNCK","rcckcode":"Código RCCK","rspckcode":"Código RSPCK","whatIsSimPin":"Que é o código PIN da SIM?","simPinIntro1":"O código PIN da tarxeta SIM evita o acceso á rede da tarxeta SIM. Cando está activo, calquera dispositivo que conteña a tarxeta SIM solicitará o PIN cada vez que se reinicie.","simPinIntro2":"O PIN da tarxeta SIM non é o mesmo que o código de acceso que se usa para desbloquear o dispositivo.","changeSimPin":"Cambiar PIN","pinTitle":"Escriba o PIN da SIM","multiSIMpinTitle":"Escribir o PIN da SIM {{n}}","pukTitle":"Escriba o PUK","nckTitle":"Escribir código NCK","cckTitle":"Escribir código CCK","spckTitle":"Escribir código SPCK","nck1Title":"Escribir código NCK1","nck2Title":"Escribir código NCK2","hnckTitle":"Escribir código HNCK","rcckTitle":"Escribir código RCCK","rspckTitle":"Escribir código RSPCK","newpinTitle":"Novo PIN","inputCodeRetriesLeft":{"_index":["plural","n"],"_":{"one":"Último intento.","two":"Quedan{{n}} intentos.","few":"Quedan{{n}} intentos.","many":"Quedan{{n}} intentos.","other":"Quedan{{n}} intentos."}},"pinErrorMsg":"O PIN é incorrecto.","pinAttemptMsg2":{"_index":["plural","n"],"_":{"one":"Só lle queda un intento para escribir o código correcto antes de bloquear a tarxeta SIM.","two":"Quédanlle {{n}} intentos para escribir o código correcto antes de bloquear a tarxeta SIM.","few":"Quédanlle {{n}} intentos para escribir o código correcto antes de bloquear a tarxeta SIM.","many":"Quédanlle {{n}} intentos para escribir o código correcto antes de bloquear a tarxeta SIM.","other":"Quédanlle {{n}} intentos para escribir o código correcto antes de bloquear a tarxeta SIM."}},"pinLastChanceMsg":"Esta é a súa última oportunidade para escribir o PIN correcto. Se non o fai, debe escribir o código PUK para usar esta tarxeta SIM.","simCardLockedMsg":"A tarxeta SIM está bloqueada.","enterPukMsg":"Debe escribir a chave de desbloqueo persoal (código PUK) da tarxeta SIM. Consulte a documentación da súa tarxeta SIM ou contacte coa súa operadora de telefonía para obter máis información.","pukErrorMsg":"O código PUK é incorrecto.","pukAttemptMsg2":{"_index":["plural","n"],"_":{"one":"Só lle queda un intento para escribir o código correcto antes de que esta tarxeta SIM quede inservíbel. Consulte a documentación da súa tarxeta SIM ou contacte coa súa operadora de telefonía para obter máis información.","two":"Quédanlle {{n}} intentos para escribir o código correcto antes de que esta tarxeta SIM quede inservíbel. Consulte a documentación da súa tarxeta SIM ou contacte coa súa operadora de telefonía para obter máis información.","few":"Quédanlle {{n}} intentos para escribir o código correcto antes de que esta tarxeta SIM quede inservíbel. Consulte a documentación da súa tarxeta SIM ou contacte coa súa operadora de telefonía para obter máis información.","many":"Quédanlle {{n}} intentos para escribir o código correcto antes de que esta tarxeta SIM quede inservíbel. Consulte a documentación da súa tarxeta SIM ou contacte coa súa operadora de telefonía para obter máis información.","other":"Quédanlle {{n}} intentos para escribir o código correcto antes de que esta tarxeta SIM quede inservíbel. Consulte a documentación da súa tarxeta SIM ou contacte coa súa operadora de telefonía para obter máis información."}},"pukLastChanceMsg":"Esta é a súa última oportunidade para escribir o código PUK correcto. A súa tarxeta SIM quedará inservíbel se escribe un código PUK incorrecto. Consulte a documentación da súa tarxeta SIM ou contacte coa súa operadora de telefonía para obter máis información.","newSimPinMsg":"Crear PIN (debe conter de 4 a 8 díxitos)","confirmNewSimPinMsg":"Confirmar novo PIN","newPinErrorMsg":"Non coincide o PIN.","nckErrorMsg":"O código NCK é incorrecto.","nckAttemptMsg2":{"_index":["plural","n"],"_":{"one":"Fallou a solicitude de despersonalización da rede. Só lle queda un intento para escribir o código correcto. Consulte a documentación do seu dispositivo ou contacte coa súa operadora de telefonía para obter máis información.","two":"Fallou a solicitude de despersonalización da rede. Quédanlle {{n}} intentos para escribir o código correcto. Consulte a documentación do seu dispositivo ou contacte coa súa operadora de telefonía para obter máis información.","few":"Fallou a solicitude de despersonalización da rede. Quédanlle {{n}} intentos para escribir o código correcto. Consulte a documentación do seu dispositivo ou contacte coa súa operadora de telefonía para obter máis información.","many":"Fallou a solicitude de despersonalización da rede. Quédanlle {{n}} intentos para escribir o código correcto. Consulte a documentación do seu dispositivo ou contacte coa súa operadora de telefonía para obter máis información.","other":"Fallou a solicitude de despersonalización da rede. Quédanlle {{n}} intentos para escribir o código correcto. Consulte a documentación do seu dispositivo ou contacte coa súa operadora de telefonía para obter máis información."}},"nckLastChanceMsg":"Fallou a solicitude de despersonalización da rede. Esta é a súa última oportunidade para escribir o código NCK correcto. Consulte a documentación do seu dispositivo ou contacte coa súa operadora de telefonía para obter máis información.","activity-pick":"Seleccionar de:","activity-view":"Ver con:","activity-test":"Probar con:","activity-share":"Compartir con:","activity-new":"Crear con:","activity-open":"Abrir con:","activity-save-bookmark":"Engadir favorito para:","activity-record":"Gravar de:","activity-browse":"Examinar con:","activity-configure":"Configurar con:","activity-dial":"Chamar dende:","persona-signin":"Identificarse","payment-flow":"Comprar","remoteDebuggerMessage":"Detectouse unha solicitude entrante para permitir unha conexión de depuración remota. Autorizar a conexión?","fullscreen-request":"Agora {{origin}} está a pantalla completa.","captive-wifi-available":"Atopouse a rede {{networkName}}. Quere conectarse a ela? ","ceWarningtitle":"Aviso de volume","ceWarningcontent":"Para evitar posíbeis lesións auditivas, non escoite música a un volume alto durante períodos longos.","notification-powersaving-mode-on-title":"Modo aforro enerxético","notification-powersaving-mode-on-description":"O modo aforro enerxético está activo.","low-device-storage":"Pouco espazo no dispositivo.","free-space":{"_index":["plural","value"],"_":{"zero":"Non queda espazo libre.","one":"Queda menos de {{value}} {{unit}}.","two":"Queda menos de {{value}} {{unit}}.","few":"Queda menos de {{value}} {{unit}}.","many":"Queda menos de {{value}} {{unit}}.","other":"Queda menos de {{value}} {{unit}}."}},"unknown-free-space":"Espazo restante descoñecido.","system-alert":"Alerta do sistema","cb-channel":"Canle {{channel}}","cb-etws-warningType-earthquake":"Aviso de terremoto!","cb-etws-warningType-tsunami":"Aviso de tsunami!","cb-etws-warningType-earthquake-tsunami":"Aviso de terremoto-tsunami!","cb-etws-warningType-test":"Estase a probar o sistema de alerta.","cb-etws-warningType-other":"Aviso de emerxencia!","icc-message-maintitle":"Mensaxe da operadora","icc-message-subtitle":"SIM {{id}}","icc-confirmCall-defaultmessage":"Chamar a {{number}}?","icc-alertMessage-defaultmessage":"Enviando mensaxe","icc-confirmMessage-defaultmessage":"Enviar mensaxe?","icc-inputbox-maintitle":"Consulta STK","icc-inputbox-subtitle":"SIM {{id}}","emergency-callback-mode":"Modo de devolución de chamada de emerxencia","emergency-callback-message":"Non é posíbel que facer chamadas, enviar mensaxes ou navegar porque está activo o modo de devolución de chamada de emerxencia. Desexa desactivalo?","cdma-record-info":"Información de rexistro CDMA","ime-switching-title":"{{appName}}: {{name}}","ime-switching-tip":"Toque para cambiar o método de entrada","shrinking-tip":"Deslice o dedo para compartir","download_started":"Iniciouse a descarga","download_stopped":"Detívose a descarga","download_downloading":"Descargando…","download_succeeded":"Terminou a descarga","download_failed":"Fallou a descarga","download_text_by_default":"{{name}}","download_downloading_text_2":"{{percentage}}% - {{name}}","search-or-enter-address":{"_":"Buscar ou escribir enderezo","placeholder":"Buscar ou escribir enderezo"},"noSIMCardInHotspot":"Desactivouse o punto de acceso Wi-Fi porque non hai tarxeta SIM ou inseriuse incorrectamente.","noHopspotWhenAPMisOn":"Desactive o modo avión para usar o punto de acceso Wi-Fi","apmActivated":"Activouse o modo avión","open-in-new-tab":"Abrir a ligazón nunha nova lapela","add-link-to-home-screen":"Engadir ligazón á pantalla inicial","share-link":"Compartir ligazón","save-image":"Gardar imaxe","save-video":"Gardar vídeo","save-audio":"Gardar son","save-link":"Gardar ficheiro ligado","share-image":"Compartir imaxe","share-video":"Compartir vídeo","share-audio":"Compartir son","weekday-0-long":"Domingo","weekday-1-long":"Luns","weekday-2-long":"Martes","weekday-3-long":"Mércores","weekday-4-long":"Xoves","weekday-5-long":"Venres","weekday-6-long":"Sábado","weekday-0-short":"Dom","weekday-1-short":"Lun","weekday-2-short":"Mar","weekday-3-short":"Mer","weekday-4-short":"Xov","weekday-5-short":"Ven","weekday-6-short":"Sab","month-0-long":"Xaneiro","month-1-long":"Febreiro","month-2-long":"Marzo","month-3-long":"Abril","month-4-long":"Maio","month-5-long":"Xuño","month-6-long":"Xullo","month-7-long":"Agosto","month-8-long":"Setembro","month-9-long":"Outubro","month-10-long":"Novembro","month-11-long":"Decembro","month-0-genitive":"Xaneiro","month-1-genitive":"Febreiro","month-2-genitive":"Marzo","month-3-genitive":"Abril","month-4-genitive":"Maio","month-5-genitive":"Xuño","month-6-genitive":"Xullo","month-7-genitive":"Agosto","month-8-genitive":"Setembro","month-9-genitive":"Outubro","month-10-genitive":"Novembro","month-11-genitive":"Decembro","month-0-short":"Xan","month-1-short":"Feb","month-2-short":"Mar","month-3-short":"Abr","month-4-short":"Maio","month-5-short":"Xun","month-6-short":"Xul","month-7-short":"Ago","month-8-short":"Set","month-9-short":"Out","month-10-short":"Nov","month-11-short":"Dec","minutes-ago-long":{"_index":["plural","value"],"_":{"zero":"xusto agora","one":"hai un minuto","two":"hai {{value}} minutos","few":"hai {{value}} minutos","many":"hai {{value}} minutos","other":"hai {{value}} minutos"}},"hours-ago-long":{"_index":["plural","value"],"_":{"zero":"xusto agora","one":"hai unha hora","two":"hai {{value}} horas","few":"hai {{value}} horas","many":"hai {{value}} horas","other":"hai {{value}} horas"}},"days-ago-long":{"_index":["plural","value"],"_":{"zero":"hoxe","one":"onte","two":"hai {{value}} días","few":"hai {{value}} días","many":"hai {{value}} días","other":"hai {{value}} días"}},"weeks-ago-long":{"_index":["plural","value"],"_":{"zero":"esta semana","one":"a semana pasada","two":"hai {{value}} semanas","few":"hai {{value}} semanas","many":"hai {{value}} semanas","other":"hai {{value}} semanas"}},"months-ago-long":{"_index":["plural","value"],"_":{"zero":"Este mes","one":"o mes pasado","two":"hai {{value}} meses","few":"hai {{value}} meses","many":"hai {{value}} meses","other":"hai {{value}} meses"}},"years-ago-long":{"_index":["plural","value"],"_":{"zero":"este ano","one":"o ano pasado","two":"hai {{value}} anos","few":"hai {{value}} anos","many":"hai {{value}} anos","other":"hai {{value}} anos"}},"minutes-until-long":{"_index":["plural","value"],"_":{"zero":"agora","one":"nun minuto","two":"en {{value}} minutos","few":"en {{value}} minutos","many":"en {{value}} minutos","other":"en {{value}} minutos"}},"hours-until-long":{"_index":["plural","value"],"_":{"zero":"agora","one":"nunha hora","two":"en {{value}} horas","few":"en {{value}} horas","many":"en {{value}} horas","other":"en {{value}} horas"}},"days-until-long":{"_index":["plural","value"],"_":{"zero":"hoxe","one":"mañá","two":"en {{value}} días","few":"en {{value}} días","many":"en {{value}} días","other":"en {{value}} días"}},"weeks-until-long":{"_index":["plural","value"],"_":{"zero":"esta semana","one":"a semana que ven","two":"en {{value}} semanas","few":"en {{value}} semanas","many":"en {{value}} semanas","other":"en {{value}} semanas"}},"months-until-long":{"_index":["plural","value"],"_":{"zero":"Este mes","one":"o mes que ven","two":"en {{value}} meses","few":"en {{value}} meses","many":"en {{value}} meses","other":"en {{value}} meses"}},"years-until-long":{"_index":["plural","value"],"_":{"zero":"este ano","one":"o ano que ven","two":"en {{value}} anos","few":"en {{value}} anos","many":"en {{value}} anos","other":"en {{value}} anos"}},"minutes-ago-short":{"_index":["plural","value"],"_":{"zero":"xusto agora","other":"hai {{value}}min"}},"hours-ago-short":{"_index":["plural","value"],"_":{"zero":"xusto agora","other":"hai {{value}}h"}},"days-ago-short":{"_index":["plural","value"],"_":{"zero":"hoxe","other":"hai {{value}}d"}},"minutes-until-short":{"_index":["plural","value"],"_":{"zero":"agora","other":"en {{value}}min"}},"hours-until-short":{"_index":["plural","value"],"_":{"zero":"agora","other":"en {{value}}h"}},"days-until-short":{"_index":["plural","value"],"_":{"zero":"hoxe","other":"en {{value}}d"}},"incorrectDate":"(data incorrecta)","dateTimeFormat_%c":"%a, %e de %b, %Y %H:%M:%S","dateTimeFormat_%x":"%d/%m/%Y","dateTimeFormat_%X":"%H:%M:%S","shortTimeFormat":"%H:%M","shortDateTimeFormat":"%x %H:%M %p","weekStartsOnMonday":"1","time_am":"AM","time_pm":"PM","title-app":"Permisos aplicativos","title-web":"Permisos sitios web","title-cam":"Seleccionar cámara","perm-contacts":"Contactos","perm-contacts-appRequest":"O aplicativo {{app}} quere acceder a súa lista de contactos.","perm-contacts-webRequest":"{{site}} quere acceder a súa lista de contactos.","perm-desktop-notification":"Notificacións","perm-desktop-notification-appRequest":"O aplicativo {{app}} quere amosar notificacións.","perm-desktop-notification-webRequest":"{{site}} quere amosar notificacións.","perm-device-storage-music":"Almacenamento de música","perm-device-storage-music-appRequest":"O aplicativo {{app}} quere acceder a súa música.","perm-device-storage-music-webRequest":"{{site}} quere acceder a súa música.","perm-device-storage-pictures":"Almacenamento de imaxes","perm-device-storage-pictures-appRequest":"O aplicativo{{app}} quere acceder as súas imaxes.","perm-device-storage-pictures-webRequest":"{{site}} quere acceder as súas imaxes.","perm-device-storage-sdcard":"Almacenamento da tarxeta de memoria","perm-device-storage-sdcard-appRequest":"O aplicativo {{app}} quere acceder a súa tarxeta de memoria.","perm-device-storage-sdcard-webRequest":"{{site}} quere acceder a súa tarxeta de memoria.","perm-device-storage-videos":"Almacenamento de vídeos","perm-device-storage-videos-appRequest":"O aplicativo{{app}} quere acceder os seus vídeos.","perm-device-storage-videos-webRequest":"{{site}} quere acceder os seus vídeos.","perm-fmradio":"Radio FM","perm-fmradio-appRequest":"O aplicativo {{app}} quere usar a radio FM.","perm-fmradio-webRequest":"{{site}} quere usar a radio FM.","perm-geolocation":"Xeolocalización","perm-geolocation-appRequest":"O aplicativo {{app}} quere coñecer a súa localización.","perm-geolocation-webRequest":"{{site}} quere coñecer a súa localización.","perm-geolocation-more-info":"{{brandShortName}} usa os datos do GPS, Wi-Fi e de antenas de telefonía móbil que o rodean para determinar a súa localización aproximada. Os datos envíanse a Mozilla e a outros fornecedores de servizos e agrúpanse para mellorar a precisión das bases de datos de localización. Os datos almacénanse no seu dispositivo e poden recollerse incluso cando non se executa ningún aplicativo.","perm-video-capture":"Cámara","perm-video-capture-appRequest":"Desexa compartir a cámara co aplicativo {{app}}?","perm-video-capture-webRequest":"Desexa compartir a cámara con {{site}}?","perm-audio-capture":"Micrófono","perm-audio-capture-appRequest":"Desexa compartir o micrófono co aplicativo {{app}}?","perm-audio-capture-webRequest":"Desexa compartir o micrófono con {{site}}?","perm-media-capture":"Cámara e micrófono","perm-media-capture-appRequest":"Desexa compartir a cámara e o micrófono co aplicativo {{app}}?","perm-media-capture-webRequest":"Desexa compartir a cámara e o micrófono con {{site}}?","perm-camera-selector-appRequest":"Seleccionar unha cámara para {{app}}.","perm-camera-selector-webRequest":"Seleccionar unha cámara para {{site}}.","perm-mobileid":"Identidade móbil","stopped_download_title":"Detívose a descarga","stopped_download_message":"Detívose a descarga. Desexa reiniciar a descarga?","stopped_download_left_button":"Cancelar","stopped_download_right_button":"Tentar de novo","failed_download_title":"Fallou a descarga","failed_download_message":"Fallou a descarga de {{name}}. Desexa reiniciar a descarga?","failed_download_left_button":"Cancelar","failed_download_right_button":"Tentar de novo","stop_download_title":"Deter a descarga","stop_download_message":"Confirma que quere deter a descarga?","stop_download_left_button":"Non","stop_download_right_button":"Si","delete_download_title":"Eliminar","delete_download_message":"Eliminar {{name}}?","delete_download_left_button":"Cancelar","delete_download_right_button":"Eliminar","delete_all_download_title":"Eliminar","delete_all_download_left_button":"Cancelar","delete_all_download_right_button":"Eliminar","delete_all_download_message":{"_index":["plural","number"],"_":{"zero":"Non eliminar calquera ficheiro?","one":"Eliminar un ficheiro?","two":"Eliminar {{number}} ficheiros?","few":"Eliminar {{number}} ficheiros?","many":"Eliminar {{number}} ficheiros?","other":"Eliminar {{number}} ficheiros?"}},"unsupported_file_type_download_title":"Foi imposíbel abrir","unsupported_file_type_download_message":"Non hai un aplicativo que pode abrir {{name}}. Desexa gardar o ficheiro ou eliminalo?","unsupported_file_type_download_left_button":"Manter ficheiro","unsupported_file_type_download_right_button":"Eliminar","file_not_found_download_title":"Non se atopou o ficheiro","file_not_found_download_message":"Non se atopou o ficheiro no dispositivo","file_not_found_download_right_button":"Aceptar","unmounted_sdcard_2_download_title":"Tarxeta de memoria en uso","unmounted_sdcard_2_download_message":"Desconecte o teléfono","unmounted_sdcard_2_download_right_button":"Aceptar","no_provider_download_title":"Foi imposíbel compartir","no_provider_download_message":"Non se atoparon fornecedores","no_provider_download_right_button":"Aceptar","no_memory_download_title":"Tarxeta SD chea","no_memory_download_message":"Non hai máis espazo na súa tarxeta SD para gardar a descarga. Retire algúns ficheiros antes de reiniciar a descarga.","no_memory_download_right_button":"Aceptar","no_sdcard_found_2_download_title":"Non se atopou a tarxeta de memoria","no_sdcard_found_2_download_message":"Insira unha tarxeta de memoria ou seleccione unha localización alternativa predeterminada para o medios nos axustes","no_sdcard_found_2_download_right_button":"Aceptar","file_open_error_download_title":"Foi imposíbel abrir","file_open_error_download_message":"Produciuse un problema abrindo {{name}}. Desexa gardar o ficheiro ou eliminalo?","file_open_error_download_left_button":"Manter ficheiro","file_open_error_download_right_button":"Eliminar","restart_download_error":"Produciuse un erro ao reiniciar a descarga. Tente descargar de novo.","no-downloads":"Sen descargas","percentage":"{{percentage}} %","partialResult":"{{partial}} de {{total}}","summary":"{{date}} - {{status}}","download-stopped":"Detido","download-failed":"Fallou a descarga","open_downloaded_file":"Abrir","share_downloaded_file":"Compartir","wallpaper_downloaded_file":"Estabelecer como fondo","ringtone_downloaded_file":"Estabelecer como ton","cancel_downloaded_file":"Cancelar","voicemailNoNumberTitle":"O número do correo de voz non está dispoñíbel","voicemailNoNumberText":"Imposíbel chamar ao correo de voz. Configure o número do correo de voz para efectuar a chamada.","voicemailNoNumberSettings":"Axustes","voicemailNoNumberCancel":"Cancelar","resend":"Enviar de novo","connecting":"Conectando","verify":"Verificar","verifying":"Verificando","verified":"Verificado","mobileIDExplanation":"{{app_name}} desexa saber e verificar o seu número de teléfono. Escolla cal quere compartir ou escriba un novo.","verificationCodeExplanation":"Envióuselle un código ao {{phone_number}}. Tentárase recuperalo automaticamente, pero terá que introducilo manualmente se o número non está activo neste dispositivo.","successMessage":"O número {{phone_number}} está verificado e dispoñíbel para {{app_name}}.","serverErrorMessage":"Neste momento o servidor de verificación non está dispoñíbel. Comprobe a súa conexión á Internet, tente de novo ou agarde uns poucos minutos.","timeoutErrorMessage":"Parece que hai un problema co seu código de verificación. Tente de novo.","errorTitle":"Identidade móbil","addPhoneNumber":"Ou engada o seu número","selectPhoneNumber":"Ou seleccione un número da lista"}