{"firefox-accounts-title":"Firefox Accounts","fxa-next":"Next","fxa-back":"Back","fxa-done":"Done","fxa-ok":"OK","fxa-connection-error-title":"Unable to Connect","fxa-connection-error-message":"You can create an account or sign in from Settings.","fxa-reset-password-error-title":"Reset Password","fxa-reset-password-error-message":"You can reset your password from Settings.","fxa-coppa-failure-error-title":"Cannot Create Account","fxa-coppa-failure-error-message":"You must meet certain age requirements to create a Firefox Account. {{learnmore}}","fxa-learn-more":"Learn more","fxa-offline-error-title":"Unable to Connect","fxa-offline-error-message":"Please connect to a network from Settings.","fxa-invalid-email-title":"Error","fxa-invalid-email-message":"Please enter a valid email.","fxa-invalid-password-title":"Invalid Password","fxa-invalid-password-message":"Please check your password and try again.","fxa-unknown-error-title":"Unable to Connect","fxa-unknown-error-message":"System unavailable, try again soon.","fxa-connecting":"Connecting","fxa-enter-email-input":{"placeholder":"Enter your email"},"fxa-use-email-to-sign-in":"Use your email address to create an account or sign in.","fxa-notice":"By proceeding, I agree to the {{tos}} and {{pn}} of Firefox cloud services.","fxa-tos":"Terms of Service","fxa-pn":"Privacy Notice","fxa-create-password-title":"Create a Password","fxa-enter-password-title":"Enter Your Password","fxa-hello-user":"Hello, {{email}}","fxa-password-refresh":"Please enter your Firefox Account password to continue.","fxa-password":{"placeholder":"Password"},"fxa-forgot-your-password":"Forgot your password?","fxa-show-password":"Show password","fxa-password-length-requirement":"Your password must be at least 8 characters long.","fxa-success":"Success!","fxa-ready-to-go":"Your Firefox Account is ready to go! ","fxa-use-features":"Now you can use features like Find My Device and apps like the Firefox Marketplace.","fxa-access-manage-account-settings":"In the future, you can access and manage your account from Settings.","fxa-confirm-account":"Confirm Your Account","fxa-will-send-email":"We will send an email to: {{email}}","fxa-signup-click-verification-link-in-email":"Next time you check your email, click the verification link to confirm your Firefox Account.","fxa-age-verification":"Age Verification","fxa-age-1990-earlier":"1990 or earlier","fxa-year-of-birth":"Year of Birth","brandShortName":"B2G OS","browserBrandShortName":"Web preglednik","browserBrandFullName":"Mozilla web preglednik","accessibility-enableScreenReaderSteps":"To enable screen reader, press volume up then volume down buttons three more times","accessibility-disableScreenReaderSteps":"To disable screen reader, press volume up then volume down buttons three more times","accessibility-screenReaderStarted":"Screen reader started","accessibility-screenReaderStopped":"Screen reader stopped","accessibility-menubar":"menu bar","accessibility-scrollbar":"scroll bar","accessibility-grip":"grip","accessibility-alert":"alert","accessibility-menupopup":"menu popup","accessibility-document":"document","accessibility-pane":"pane","accessibility-dialog":"dialog","accessibility-separator":"separator","accessibility-toolbar":"toolbar","accessibility-statusbar":"status bar","accessibility-table":"table","accessibility-columnheader":"column header","accessibility-rowheader":"row header","accessibility-column":"column","accessibility-row":"row","accessibility-cell":"cell","accessibility-link":"link","accessibility-list":"list","accessibility-listitem":"list item","accessibility-outline":"outline","accessibility-outlineitem":"outline item","accessibility-pagetab":"tab","accessibility-propertypage":"property page","accessibility-graphic":"graphic","accessibility-pushbutton":"button","accessibility-checkbutton":"check button","accessibility-radiobutton":"radio button","accessibility-combobox":"combo box","accessibility-progressbar":"progress bar","accessibility-slider":"slider","accessibility-spinbutton":"spin button","accessibility-diagram":"diagram","accessibility-animation":"animation","accessibility-equation":"equation","accessibility-buttonmenu":"button menu","accessibility-whitespace":"white space","accessibility-pagetablist":"tab list","accessibility-canvas":"canvas","accessibility-checkmenuitem":"check menu item","accessibility-label":"label","accessibility-passwordtext":"password text","accessibility-radiomenuitem":"radio menu item","accessibility-textcontainer":"text container","accessibility-togglebutton":"toggle button","accessibility-treetable":"tree table","accessibility-header":"header","accessibility-footer":"footer","accessibility-paragraph":"paragraph","accessibility-entry":"entry","accessibility-caption":"caption","accessibility-heading":"heading","accessibility-section":"section","accessibility-form":"form","accessibility-comboboxlist":"combo box list","accessibility-comboboxoption":"combo box option","accessibility-imagemap":"image map","accessibility-listboxoption":"option","accessibility-listbox":"list box","accessibility-flatequation":"flat equation","accessibility-gridcell":"gridcell","accessibility-note":"note","accessibility-figure":"figure","accessibility-definitionlist":"definition list","accessibility-term":"term","accessibility-definition":"definition","accessibility-textarea":"text area","accessibility-textInputType_date":"date","accessibility-textInputType_email":"e-mail","accessibility-textInputType_search":"search","accessibility-textInputType_tel":"telephone","accessibility-textInputType_url":"URL","accessibility-headingLevel":"heading level {{0}}","accessibility-listStart":"First item","accessibility-listEnd":"Last item","accessibility-listItemsCount":{"_index":["plural","count"],"_":{"zero":"{{count}} items","one":"{{count}} item","two":"{{count}} items","few":"{{count}} items","many":"{{count}} items","other":"{{count}} items"}},"accessibility-objItemOfN":"{{0}} of {{1}}","accessibility-banner":"banner","accessibility-complementary":"complementary","accessibility-contentinfo":"content info","accessibility-main":"main","accessibility-navigation":"navigation","accessibility-search":"search","accessibility-tblColumnInfo":{"_index":["plural","count"],"_":{"zero":"with {{count}} columns","one":"with {{count}} column","two":"with {{count}} columns","few":"with {{count}} columns","many":"with {{count}} columns","other":"with {{count}} columns"}},"accessibility-tblRowInfo":{"_index":["plural","count"],"_":{"zero":"and {{count}} rows","one":"and {{count}} row","two":"and {{count}} rows","few":"and {{count}} rows","many":"and {{count}} rows","other":"and {{count}} rows"}},"accessibility-columnInfo":"Column {{0}}","accessibility-rowInfo":"Row {{0}}","accessibility-spansColumns":{"_index":["plural","0"],"_":{"zero":"spans {{0}} columns","one":"spans {{0}} column","two":"spans {{0}} columns","few":"spans {{0}} columns","many":"spans {{0}} columns","other":"spans {{0}} columns"}},"accessibility-spansRows":{"_index":["plural","0"],"_":{"zero":"spans {{0}} rows","one":"spans {{0}} row","two":"spans {{0}} rows","few":"spans {{0}} rows","many":"spans {{0}} rows","other":"spans {{0}} rows"}},"accessibility-jumpAction":"jumped","accessibility-pressAction":"pressed","accessibility-checkAction":"checked","accessibility-uncheckAction":"unchecked","accessibility-selectAction":"selected","accessibility-unselectAction":"unselected","accessibility-openAction":"opened","accessibility-closeAction":"closed","accessibility-switchAction":"switched","accessibility-clickAction":"clicked","accessibility-collapseAction":"collapsed","accessibility-expandAction":"expanded","accessibility-activateAction":"activated","accessibility-cycleAction":"cycled","accessibility-hidden":"hidden","accessibility-tabLoading":"loading","accessibility-tabLoaded":"loaded","accessibility-tabNew":"new tab","accessibility-tabLoadStopped":"loading stopped","accessibility-tabReload":"reloading","accessibility-stateChecked":"checked","accessibility-stateNotChecked":"not checked","accessibility-statePressed":"pressed","accessibility-stateExpanded":"expanded","accessibility-stateCollapsed":"collapsed","accessibility-stateUnavailable":"unavailable","accessibility-stateRequired":"required","accessibility-stateTraversed":"visited","accessibility-stateHasPopup":"has pop up","accessibility-stateSelected":"selected","accessibility-editingMode":"editing","accessibility-navigationMode":"navigating","accessibility-quicknav_Simple":"Default","accessibility-quicknav_Anchor":"Anchors","accessibility-quicknav_Button":"Buttons","accessibility-quicknav_Combobox":"Combo boxes","accessibility-quicknav_Landmark":"Landmarks","accessibility-quicknav_Entry":"Entries","accessibility-quicknav_FormElement":"Form elements","accessibility-quicknav_Graphic":"Images","accessibility-quicknav_Heading":"Headings","accessibility-quicknav_ListItem":"List items","accessibility-quicknav_Link":"Links","accessibility-quicknav_List":"Lists","accessibility-quicknav_PageTab":"Page tabs","accessibility-quicknav_RadioButton":"Radio buttons","accessibility-quicknav_Separator":"Separators","accessibility-quicknav_Table":"Tables","accessibility-quicknav_Checkbox":"Check boxes","accessibility-menubarAbbr":"menu bar","accessibility-scrollbarAbbr":"scroll bar","accessibility-gripAbbr":"grip","accessibility-alertAbbr":"alert","accessibility-menupopupAbbr":"menu popup","accessibility-documentAbbr":"document","accessibility-paneAbbr":"pane","accessibility-dialogAbbr":"dialog","accessibility-separatorAbbr":"separator","accessibility-toolbarAbbr":"toolbar","accessibility-statusbarAbbr":"status bar","accessibility-tableAbbr":"tbl","accessibility-columnheaderAbbr":"column header","accessibility-rowheaderAbbr":"row header","accessibility-columnAbbr":"column","accessibility-rowAbbr":"row","accessibility-cellAbbr":"cell","accessibility-linkAbbr":"lnk","accessibility-listAbbr":"list","accessibility-listitemAbbr":"list item","accessibility-outlineAbbr":"outline","accessibility-outlineitemAbbr":"outline item","accessibility-pagetabAbbr":"tab","accessibility-propertypageAbbr":"property page","accessibility-graphicAbbr":"graphic","accessibility-pushbuttonAbbr":"btn","accessibility-checkbuttonAbbr":"check button","accessibility-radiobuttonAbbr":"radio button","accessibility-comboboxAbbr":"combo box","accessibility-progressbarAbbr":"progress bar","accessibility-sliderAbbr":"slider","accessibility-spinbuttonAbbr":"spin button","accessibility-diagramAbbr":"diagram","accessibility-animationAbbr":"animation","accessibility-equationAbbr":"equation","accessibility-buttonmenuAbbr":"button menu","accessibility-whitespaceAbbr":"white space","accessibility-pagetablistAbbr":"tab list","accessibility-canvasAbbr":"canvas","accessibility-checkmenuitemAbbr":"check menu item","accessibility-labelAbbr":"label","accessibility-passwordtextAbbr":"passwdtxt","accessibility-radiomenuitemAbbr":"radio menu item","accessibility-textcontainerAbbr":"text container","accessibility-togglebuttonAbbr":"toggle button","accessibility-treetableAbbr":"tree table","accessibility-headerAbbr":"header","accessibility-footerAbbr":"footer","accessibility-paragraphAbbr":"paragraph","accessibility-entryAbbr":"entry","accessibility-captionAbbr":"caption","accessibility-headingAbbr":"heading","accessibility-sectionAbbr":"section","accessibility-formAbbr":"form","accessibility-comboboxlistAbbr":"combo box list","accessibility-comboboxoptionAbbr":"combo box option","accessibility-imagemapAbbr":"imgmap","accessibility-listboxoptionAbbr":"option","accessibility-listboxAbbr":"list box","accessibility-flatequationAbbr":"flat equation","accessibility-gridcellAbbr":"gridcell","accessibility-noteAbbr":"note","accessibility-figureAbbr":"fig","accessibility-definitionlistAbbr":"definition list","accessibility-termAbbr":"term","accessibility-definitionAbbr":"definition","accessibility-textareaAbbr":"txtarea","accessibility-tblColumnInfoAbbr":{"_index":["plural","count"],"_":{"one":"{{count}}c","two":"{{count}}c","few":"{{count}}c","many":"{{count}}c","other":"{{count}}c"}},"accessibility-tblRowInfoAbbr":{"_index":["plural","count"],"_":{"one":"{{count}}r","two":"{{count}}r","few":"{{count}}r","many":"{{count}}r","other":"{{count}}r"}},"accessibility-cellInfoAbbr":"c{{0}}r{{1}}","accessibility-stateCheckedAbbr":"(x)","accessibility-stateUncheckedAbbr":"( )","accessibility-statePressedAbbr":"(x)","accessibility-stateUnpressedAbbr":"( )","ok":"U redu","back":"Natrag","help":"Pomoć","cancel":"Otkaži","close":"Zatvori","skip":"Preskoči","clear":{"ariaLabel":"Clear"},"undo":{"ariaLabel":"Undo"},"airplaneMode":"Zrakoplovni način rada","searching":"Pretraživanje…","noNetwork":"Nema mreže","roaming":"{{operator}} (Roaming)","operator-info":"{{carrier}} {{region}}","emergencyCallsOnly":"Samo hitni pozivi","emergencyCallsOnly-unknownSIMState":"(nepoznato stanje SIM kartice)","emergencyCallsOnly-noSIM":"(nema SIM kartice)","emergencyCallsOnly-pinRequired":"(Potreban PIN SIM kartice)","emergencyCallsOnly-pukRequired":"(Potreban PUK SIM kartice)","emergencyCallsOnly-networkLocked":"(mreža zaključana)","emergencyCallsOnly-serviceProviderLocked":"(zaključan od strane pružatelja usluge)","emergencyCallsOnly-corporateLocked":"(zaključan od strane tvrtke)","emergencyCallsOnly-network1Locked":"(network1 locked)","emergencyCallsOnly-network2Locked":"(network2 locked)","emergencyCallsOnly-hrpdNetworkLocked":"(hrpd network locked)","emergencyCallsOnly-ruimCorporateLocked":"(ruim corporate locked)","emergencyCallsOnly-ruimServiceProviderLocked":"(ruim service provider locked)","enterPIN":"Upišite PIN","mediaPlaybackTitle":{"ariaLabel":"Title"},"mediaPlaybackArtist":{"ariaLabel":"Artist"},"mediaPlaybackControls":{"ariaLabel":"Playback controls"},"mediaPlaybackPrevious":{"ariaLabel":"Previous"},"mediaPlaybackPlay":"Play","mediaPlaybackPause":"Pause","mediaPlaybackNext":{"ariaLabel":"Next"},"wifiButton-on":"Wi-Fi on","wifiButton-on-initializing":"Wi-Fi on, initializing","wifiButton-off":"Wi-Fi off","dataButton-on":"Data {{type}} on","dataButton-off":"Data {{type}} off","bluetoothButton-on":"Bluetooth on","bluetoothButton-on-initializing":"Bluetooth on, initializing","bluetoothButton-off":"Bluetooth off","airplaneMode-on":"Airplane mode on","airplaneMode-off":"Airplane mode off","settingsButton":{"ariaLabel":"Settings"},"utilityTrayGrippy":{"ariaLabel":"Close utility tray"},"statusbarLabel":"{{date}}, {{operator}}","statusbarDateFormat":"%b %e","statusbar":{"ariaLabel":"Status Bar"},"statusbarBattery":"Battery {{level}} percent","statusbarBatteryCharging":"Battery {{level}} percent, charging","statusbarFlightMode":{"ariaLabel":"Airplane mode on"},"statusbarWiFiConnecting":"Wi-Fi: connecting","statusbarWiFiConnected":"Wi-Fi: {{level}} of 4 bars","statusbarSignal":"{{operator}} network, {{level}} of 5 bars","statusbarSignalRoaming":"{{operator}} network (roaming), {{level}} of 5 bars","statusbarSignalNoneSearching":"Searching… Emergency calls only","statusbarHeadphones":{"ariaLabel":"Headphones on"},"statusbarBluetoothHeadphones":{"ariaLabel":"Bluetooth headphones on"},"statusbarBluetoothTransferring":{"ariaLabel":"Bluetooth transfer active"},"statusbarIconOn-tethering":"Tethering on","statusbarIconOnActive-tethering":"Tethering on, active","statusbarAlarm":{"ariaLabel":"Alarm on"},"statusbarIconOn-bluetooth":"Bluetooth on","statusbarIconOnActive-bluetooth":"Bluetooth on, active","statusbarIconOn-mute":"Mute on","statusbarIconOn-vibration":"Vibration on","statusbarRecording":{"ariaLabel":"Recording on"},"statusbarGeolocation":{"ariaLabel":"Geolocation on"},"statusbarUsb":{"ariaLabel":"USB on"},"statusbarForwarding":"Call forwarding on","statusbarPlaying":{"ariaLabel":"Media playing"},"statusbarNfc":{"ariaLabel":"NFC on"},"statusbarDownloads":{"ariaLabel":"Downloading…"},"statusbarNetworkActivity":{"ariaLabel":"Networking on"},"statusbarEmergencyCBNotification":{"ariaLabel":"Emergency callback"},"statusbarNotifications":{"_index":["plural","n"],"_":{"one":"{{n}} notification","two":"{{n}} notifications","few":"{{n}} notifications","many":"{{n}} notifications","other":"{{n}} notifications"}},"statusbarNotifications-unread":{"_index":["plural","n"],"_":{"one":"{{n}} unread notification","two":"{{n}} unread notifications","few":"{{n}} unread notifications","many":"{{n}} unread notifications","other":"{{n}} unread notifications"}},"notifications":"Obavijesti","clear-all":"Očisti sve","attentionScreen-tapToShow":"Tap to show","newVoicemails":{"_index":["plural","n"],"_":{"zero":"Nema novih glasovnih poruka","one":"Jedna nova glasovna poruka","two":"{{n}} nove glasovne poruke","few":"{{n}} novih glasovnih poruka","many":"{{n}} novih glasovnih poruka","other":"{{n}} novih glasovnih poruka"}},"newVoicemailsUnknown":"New voicemail","dialNumber":"Biraj {{number}}","voicemailNotificationMultiSim":"(SIM {{n}}) {{title}}","confirmNFCConnectBTenabledNameUnknown":"Are you sure you want to connect to the device?","confirmNFCConnectBTdisabledNameUnknown":"Turn on Bluetooth and connect to the device?","confirmNFCConnectBTenabledNameKnown":"Are you sure you want to connect to {{deviceName}}?","confirmNFCConnectBTdisabledNameKnown":"Turn on Bluetooth and connect to {{deviceName}}?","confirmNFCConnectBTdisabled":"Turn on","dismissNFCConnectBTdisabled":"Cancel","confirmation":"Confirmation","deviceMenu":"Telefon","airplane":"Uključi zrak. način rada","airplaneOff":"Isključi zrak. način rada","silent":"Utišaj dolazne pozive","normal":"Zvoni kod dolaznih poziva","restart":"Ponovno pokretanje","power":"Isključivanje","no-recent-apps":"Nema nedavnih aplikacija","yes":"Da","no":"Ne","dontallow":"Don’t allow","allow":"Dopusti","dontshare-geolocation":"Don’t Share","share-geolocation":"Dijeli","dontshare-audio-capture":"Don’t Share","share-audio-capture":"Dijeli","dontshare-video-capture":"Don’t Share","share-video-capture":"Dijeli","dontshare-media-capture":"Don’t Share","share-media-capture":"Dijeli","device-front":"Prednja kamera","device-back":"Stražnja kamera","remember-my-choice":"Zapamti moj izbor","more-info":"Više informacija…","hide-info":"Hide info","install-app":"Instalirati {{name}}?","size":"Veličina","author":"Autor","size-unknown":"Nepoznata","author-unknown":"Nepoznat","install":"Instaliraj","bytes":"bajtova","kB":"kB","MB":"MB","GB":"GB","TB":"TB","PB":"PB","app-install-generic-error":"Preuzimanje {{ appName }} zaustavljeno","app-install-download-failed":"Preuzimanje {{ appName }} nije uspjelo","app-install-install-failed":"Instalacija {{ appName }} nije uspjela","cancelling-will-not-refund":"Otkazivanje neće refundirati kupovinu. Povrat sredstava za plaćeni sadržaj pruža izvorni prodavač.","apps-can-be-installed-later":"Aplikacije se mogu instalirati kasnije, iz prvobitnog instalacijskog izvora.","are-you-sure-you-want-to-cancel":"Jeste li sigurni da želite otkazati instalaciju?","cancel-install":"Otkaži instalaciju","cancel-install-button":"Cancel Install","resume":"Nastavi","continue":"Nastavi","stopDownloading":"Zaustaviti preuzimanje  {{ app }}?","app-download-can-be-restarted":"Preuzimanje se može ponovno pokrenuti kasnije.","app-download-stop-button":"Zaustavi preuzimanje","not-enough-space":"Nema dovoljno prostora","not-enough-space-message":"Nema dovoljno prostora za instalaciju ove aplikacije. Oslobodite prostor brisanjem starih aplikacija ili sadržaja, te pokušajte ponoviti instalaciju iz prvobitnog izvora.","app-install-success":"{{ appName }} instaliran","setup":"Konfiguracija","ime-addkeyboards":"Dodaj tipkovnice","later":"Kasnije","download":"Preuzmi","wantToDownload":"Preuzeti dopunu sada?","wantToInstall":"Instalirati dopunu sada?","installNow":"Instaliraj sada","notNow":"Ne sada","downloadingUpdateMessage":{"innerHTML":"Preuzimanje dopuna… <span>{{ progress }} preuzeto.</span>"},"downloadingAppMessage":"Preuzimanje {{ appName }}","downloadingAppProgressNoMax":"{{ progress }} preuzeto","downloadingAppProgressIndeterminate":"Preuzimanje","downloadingAppProgress":"{{ progress }} / {{ max }} preuzeto","cancelAllDownloads":"Otkaži sva preuzimanja","wantToCancelAll":"Jeste li sigurni da želite otkazati sva preuzimanja?","downloadError":"Došlo je do greške prilikom preuzimanja dopuna.","updateAvailableInfo":{"innerHTML":{"_index":["plural","n"],"_":{"one":"Dostupna {{ n }} dopuna. <span>Pritisnite za više informacija.</span>","two":"Dostupne su {{ n }} dopune. <span>Pritisnite za više informacija.</span>","few":"Dostupno {{ n }} dopuna. <span>Pritisnite za više informacija.</span>","many":"Dostupne {{ n }} dopuna. <span>Pritisnite za više informacija.</span>","other":"Dostupne {{ n }} dopuna. <span>Pritisnite za više informacija.</span>"}}},"numberOfUpdates":{"_index":["plural","n"],"_":{"one":"{{ n }} dopuna dostupna","two":"{{ n }} dostupne dopune","few":"{{ n }} dostupnih dopuna","many":"{{ n }} dostupnih dopuna","other":"{{ n }} dostupnih dopuna"}},"systemUpdate":"Ažuriranje sustava","systemUpdateReady":"Dopuna sustava spremna","systemUpdateLowBatteryThreshold":"You need at least {{ threshold }}% battery level to install the update.","required":"Obavezno","uncompressingMessage":{"innerHTML":"Raspakiravanje… <span>Ovo može potrajati nekoliko minuta.</span>"},"downloadNoWifiWarning":"Wi-Fi nije dostupan. Dopuna putem trenutne veze može rezultirati dodatnim troškovima.","downloadOfflineWarning":"Veza nije dostupna. Povežite se na mrežu da biste mogli preuzeti dopune.","downloadDataConnectionWarning":"Dopune se preuzimaju putem podatkovne veze kada Wi-Fi nije dostupan. Ovo može rezultirati dodatnim troškovima.","downloadUpdatesViaDataConnection":"Preuzeti dopune pute podatkovne veze?","downloadUpdatesViaDataConnectionMessage":"Dopune se preuzimaju putem podatkovne veze kada WiFi nije dostupan. Prilikom korištenja podatkovne veze, telefonski pozivi mogu biti blokirani, a potrošeni promet može rezultirati dodatnim troškovima.","downloadUpdatesVia2GForbidden2":"Downloading updates is not possible on slow connections (2G). Please connect via Wi-Fi or 3G (if available) and try again.","screenshotSaved":"Prikaz zaslona spremljen","screenshotFailed":"Slika se ne može spremiti","screenshotNoSDCard":"Memorijska kartica nije pronađena","screenshotSDCardInUse":"Memorijska kartica je u upotrebi","screenshotSDCardLow":"Nema dovoljno prostora na memorijskoj kartici","emergency-call-button":"Hitan poziv","emergency-call":"Hitan poziv","unlock-a11y-button":{"ariaLabel":"Otključaj"},"camera-a11y-button":{"ariaLabel":"Kamera"},"longDateFormat":"%A, %e %B","panel-passcode":{"ariaLabel":"Passcode panel"},"lockscreen-sim-id":"SIM {{ n }}","softwareHomeButton":{"ariaLabel":"Home"},"login":"Prijava","username":"Korisničko ime","password":"Lozinka","http-authentication-message":"{{host}} zahtijeva korisničko ime i lozinku. Stranica poručuje: “{{realm}}”","error-message":"{{name}} se ne učitava ispravno","error-title":"{{name}} ima poteškoća","airplane-is-on":"Uključen je zrakoplovni način rada","airplane-is-turned-on":"{{name}} zahtijeva mrežnu vezu. Isključite zrakoplovni način rada u Postavkama i povežite se na Wi-Fi ili podatkovnu mrežu.","server-not-found":"Poslužitelj nije pronađen","server-not-found-error":"Can’t find the server at {{name}}.","file-not-found":"File not found","file-not-found-error":"The device can’t display this page because the file cannot be found.","connection-failed":"Unable to connect","connection-failed-error":"A network error occurred while trying to reach the site.","invalid-connection":"Unable to connect","invalid-connection-error":"A network error occurred while trying to reach the site.","malformed-uri":"URL not valid","malformed-uri-error":"The URL entered is not valid and cannot be loaded.","redirect-loop":"Can’t display page","redirect-loop-error":"The device can’t display this page because the page is not redirecting properly. Try this page again at a later time.","not-cached":"Page expired","not-cached-error":"As a security precaution, this page cannot be displayed by the device because it has expired.","is-printing-error":"The document cannot change while Printing or in Print Preview.","denied-port-access":"This address is restricted","denied-port-access-error":"This address uses a network port which is normally used for purposes other than Web browsing. The device has cancelled the request for your protection.","proxy-resolve-failure":"Proxy Server Error","proxy-resolve-failure-error":"The device is configured to use a proxy server that can’t be found.","proxy-connect-failure":"Proxy Server Error","proxy-connect-failure-error":"The device is configured to use a proxy server that is refusing connections.","content-encoding":"Can’t display page","content-encoding-error":"The device can’t display this page because a content encoding error occurred.","remote-xul":"Page unsupported","remote-xul-error":"This page can’t be displayed because it uses a technology that is not supported on the device.","phishing-blocked":"Warning","phishing-blocked-error":"The website has been reported as a web forgery designed to trick users into sharing personal or financial information.","malware-blocked":"Malware attack blocked","malware-blocked-error":"The site at has been reported as an attack site and has been blocked.","unsafe-content-type":"Unsafe content","unsafe-content-type-error":"The page cannot be shown because it may not be safe to open.","corrupted-content":"Can’t display page","corrupted-content-error":"The page cannot be shown because an error in the data transmission was detected.","network-connection-unavailable":"Mrežna veza nije dostupna","network-error":"{{name}} zahtijeva mrežnu vezu. Pokušajte se povezati na Wi-Fi ili podatkovnu mrežu.","network-error-launching":"{{name}} requires an Internet connection.","network-error-in-app":"No access to the Internet right now.","unable-to-connect":"Povezivanje nije moguće","try-again":"Pokušaj ponovno","check-settings":"Check settings","tap-to-check-settings":"Tap to check settings","select-time":"Odaberite vrijeme","choose-option":"Odaberi","choose-options":"Odaberi","select-day":"Odaberite dan","battery-almost-empty":"Baterija gotovo prazna","add-to-home-screen":"Dodaj na početni zaslon","share":"Share","crash-dialog2-os":"{{brandShortName}} se upravo oporavio od rušenja","crash-dialog-app":"{{name}} se upravo srušio","crash-dialog-message":"Želite li poslati Mozilli izvješće o rušenju kako biste nam pomogli u riješavanju problema? (Izvještaji se šalju samo preko Wi-Fi veze)","crash-info-link":"What’s in a crash report?","crash-always-report":"Uvijek šalji izvještaj kada dođe do rušenja.","crash-dont-send":"Don’t Send","crash-end":"Pošalji izvještaj","crashReports":"Izvješt. rušenja","done":"Gotovo","crash-reports-description-1":"Izvještaj o rušenju sadrži detalje o rušenju i vašem uređaju, te snimak stanja vašeg uređaja u trenutku nastanka rušenja.","crash-reports-description-2":"To može uključivati stvari poput otvorenih stranica, aplikacija, teksta upisanog u obrasce, sadržaj otvorenih poruka, nedavnu povijest surfanja ili geolokacijske informacije koje je koristila aplikacija.","crash-reports-description-3-start":"We use crash reports to try to fix problems and improve our products. We handle your information as we describe in our ","crash-reports-description-3-privacy":"politici privatnosti","crash-reports-description-3-end":".","crash-banner-os2":"{{brandShortName}} se upravo srušio.","crash-banner-app":"{{name}} se upravo srušio.","crash-banner-report":"Izvještaj","bluetooth-sending-progress":"Slanje Bluetooth transfera..","bluetooth-receiving-progress":"Primanje Bluetooth transfera..","acceptFileTransfer":"Prihvatiti Bluetooth transfer datoteke?","wantToReceiveFile":"{{deviceName}} želi transferirati {{fileName}} ({{fileSize}}).","transfer-confirmation-title":"Prihvati datoteku?","transfer-confirmation-description":"Primanje datoteke s drugog uređaja","byteUnit-B":"Bajtova","byteUnit-KB":"KB","byteUnit-MB":"MB","byteUnit-GB":"GB","byteUnit-TB":"TB","byteUnit-PB":"PB","byteUnit-EB":"EB","byteUnit-ZB":"ZB","byteUnit-YB":"YB","fileSize":"{{size}} {{unit}}","deny":"Odbij","transfer":"Transferiraj","cancelFileTransfer":"Otkazati Bluetooth transfer datoteke?","continueFileTransfer":"Continue","transfer-has-started-title":"Prijenos je započeo","transfer-has-started-description":"Provjerite status u centru za obavijesti","transferFinished-sentSuccessful-title":"Datoteka poslana","transferFinished-receivedSuccessful-title":"Datoteka primljena","transferFinished-sentFailed-title":"Slanje datoteke nije uspjelo","transferFinished-receivedFailed-title":"Neuspješno primanje","transferReport-title":"Izvješće prijenosa:","transferReport-description":"{{numSuccessful}} datoteka uspješno, {{numUnsuccessful}} datoteka neuspješno","unknown-file":"Nepoznata datoteka","unknown-device":"Nepoznati uređaj","cannotOpenFile":"Nije moguće otvoriti primljenu datoteku","unknownMediaTypeToOpen":"Nije moguće otvoriti nepoznatu vrstu medija:","cannotReceiveFile":"Nije moguće primiti datoteku","cannotGetStorageState":"Nije moguće dobiti stanje memorije uređaja.","sdcard-not-exist2":"Memorijska kartica nije pronađena. Molim umetnite karticu.","sdcard-in-use":"Bluetooth se ne može koristiti dok je telefon priključen na punjač. Da biste mogli primati datoteke, trebate odspojiti uređaj s punjača.","sdcard-no-space2":"Transfer nije moguće dovršiti: memorijska kartica je puna.","unknown-error":"Nepoznata greška","confirm":"Potvrdi","microphone-is-on":"Mikrofon je uključen","camera-is-on":"Kamera je uključena","media-is-on":"Kamera i mikrofon su uključeni","noSimCard":"Nema SIM kartice","simPin":"PIN SIM kartice","pukCode":"PUK kôd","nckCode":"NCK kôd","cckCode":"CCK kôd","spckCode":"SPCK kôd","nck1code":"NCK1 code","nck2code":"NCK2 code","hnckcode":"HNCK code","rcckcode":"RCCK code","rspckcode":"RSPCK code","whatIsSimPin":"Što je PIN SIM kartice?","simPinIntro1":"PIN SIM kartice spriječava pristup mobilnim podatkovnim mrežama SIM kartice. Kad je omogućeno, bilo koji uređaj koji sadrži SIM karticu će zahtijevati PIN prilikom pokretanja uređaja.","simPinIntro2":"PIN SIM kartice nije isto što i lozinka za otključavanje zaslona uređaja.","changeSimPin":"Promijeni PIN","pinTitle":"Upišite PIN","multiSIMpinTitle":"Unesi SIM {{n}} PIN","pukTitle":"Upišite PUK kôd","nckTitle":"Upišite NCK kôd","cckTitle":"Upišite CCK kôd","spckTitle":"Upišite SPCK kôd","nck1Title":"Enter NCK1 code","nck2Title":"Enter NCK2 code","hnckTitle":"Enter HNCK code","rcckTitle":"Enter RCCK code","rspckTitle":"Enter RSPCK code","newpinTitle":"Novi PIN","inputCodeRetriesLeft":{"_index":["plural","n"],"_":{"two":"Preostala {{n}} pokušaja.","few":"Preostalo {{n}} pokušaja.","many":"Preostalo {{n}} pokušaja.","other":"Preostalo {{n}} pokušaja."}},"pinErrorMsg":"PIN nije ispravan.","pinAttemptMsg2":{"_index":["plural","n"],"_":{"one":"Imate još jedan pokušaj za unos ispravnog kôda prije zaključavanja SIM kartice.","two":"Imate još {{n}} pokušaja za unos ispravnog kôda prije zaključavanja SIM kartice.","few":"Imate još {{n}} pokušaja za unos ispravnog kôda prije zaključavanja SIM kartice.","many":"Imate još {{n}} pokušaja za unos ispravnog kôda prije zaključavanja SIM kartice.","other":"Imate još {{n}} triespokušaja za unos ispravnog kôda prije zaključavanja SIM kartice."}},"pinLastChanceMsg":"Ovo je vaša posljednja prilika za upisivanje točnog PIN-a. Ako pogriješite, za korištenje ove SIM kartice ćete trebati upisati PUK kôd.","simCardLockedMsg":"SIM kartica je zaključana.","enterPukMsg":"Morate upisati PUK (Personal Unlocking Key) kôd za SIM karticu. Konzultirajte se s dokumentacijom vaše SIM kartice ili se obratite pružatelju usluge za pomoć.","pukErrorMsg":"PUK kôd je neispravan.","pukAttemptMsg2":{"_index":["plural","n"],"_":{"one":"Imate još jedan pokušaj za upisivanje točnog kôda prije nego što SIM kartica postane trajno neupotrebljiva. Konzultirajte se s dokumentacijom vaše SIM kartice ili se obratite pružatelju usluge za pomoć.","two":"Imate još {{n}} pokušaja za upisivanje točnog kôda prije nego što SIM kartica postane trajno neupotrebljiva. Konzultirajte se s dokumentacijom vaše SIM kartice ili se obratite pružatelju usluge za pomoć.","few":"Imate još {{n}} pokušaja za upisivanje točnog kôda prije nego što SIM kartica postane trajno neupotrebljiva. Konzultirajte se s dokumentacijom vaše SIM kartice ili se obratite pružatelju usluge za pomoć.","many":"Imate još {{n}} pokušaja za upisivanje točnog kôda prije nego što SIM kartica postane trajno neupotrebljiva. Konzultirajte se s dokumentacijom vaše SIM kartice ili se obratite pružatelju usluge za pomoć.","other":"Imate još {{n}} pokušaja za upisivanje točnog kôda prije nego što SIM kartica postane trajno neupotrebljiva. Konzultirajte se s dokumentacijom vaše SIM kartice ili se obratite pružatelju usluge za pomoć."}},"pukLastChanceMsg":"Posljednja prilika za upisivanje točnog PUK kôda. Ako ponovno upišete krivi PUK, vaša će SIM kartica postati trajno neupotrebljiva. Konzultirajte se s dokumentacijom vaše SIM kartice ili se obratite pružatelju usluge za pomoć.","newSimPinMsg":"Stvori PIN (mora sadržavati između 4 i 8 znamenki)","confirmNewSimPinMsg":"Potvrdite novi PIN","newPinErrorMsg":"PIN-ovi se ne podudaraju","nckErrorMsg":"NCK kôd nije ispravan.","nckAttemptMsg2":{"_index":["plural","n"],"_":{"one":"Zahtjev depersonalizacije mreže nije uspio. Imate još jedan pokušaja za upisivanje ispravnog kôda. Konzultirajte se s dokumentacijom ili se obratite pružatelju usluge za pomoć.","two":"Zahtjev depersonalizacije mreže nije uspio. Imate još {{n}} pokušaja za upisivanje ispravnog kôda. Konzultirajte se s dokumentacijom ili se obratite pružatelju usluge za pomoć.","few":"Zahtjev depersonalizacije mreže nije uspio. Imate još {{n}} pokušaja za upisivanje ispravnog kôda. Konzultirajte se s dokumentacijom ili se obratite pružatelju usluge za pomoć.","many":"Zahtjev depersonalizacije mreže nije uspio. Imate još {{n}} pokušaja za upisivanje ispravnog kôda. Konzultirajte se s dokumentacijom ili se obratite pružatelju usluge za pomoć.","other":"Zahtjev depersonalizacije mreže nije uspio. Imate još {{n}} pokušaja za upisivanje ispravnog kôda. Konzultirajte se s dokumentacijom ili se obratite pružatelju usluge za pomoć."}},"nckLastChanceMsg":"Zahtjev depersonalizacije mreže nije uspio. Ovo je posljednja prilika za unos ispravnog NCK kôda. Konzultirajte se s dokumentacijom ili se obratite pružatelju usluge za pomoć.","activity-pick":"Odaberi iz:","activity-view":"Pregledaj sa:","activity-test":"Testiraj sa:","activity-share":"Podijeli sa:","activity-new":"Stvori sa:","activity-open":"Otvori sa:","activity-save-bookmark":"Zabilježi u:","activity-record":"Snimi iz:","activity-browse":"Pretraži sa:","activity-configure":"Podesi sa:","activity-dial":"Bira sa:","persona-signin":"Prijava","payment-flow":"Kupi","remoteDebuggerMessage":"Evidentiran je dolazni zahtjev za dopuštanje veze za riješavanje problema s udaljene lokacije. Dopustiti vezu?","fullscreen-request":"{{origin}} je sada u prikazu preko cijelog zaslona.","captive-wifi-available":"Pronađena je mreža {{networkName}}. Povezati se na mrežu?","ceWarningtitle":"Upozorenje glasnoće","ceWarningcontent":"Za spriječavanje eventualnog oštećenja sluha, preporuka je da ne služate glasne zvukove tijekom dužeg perioda.","notification-powersaving-mode-on-title":"Štedljivi način rada","notification-powersaving-mode-on-description":"Štedljivi način rada je uključen.","low-device-storage":"Ponestaje prostora na uređaju.\\n","free-space":{"_index":["plural","value"],"_":{"zero":"Nema slobodnog prostora.","one":"Preostalo je manje od {{value}} {{unit}}.","two":"Preostalo je manje od {{value}} {{unit}}.","few":"Preostalo je manje od {{value}} {{unit}}.","many":"Preostalo je manje od {{value}} {{unit}}.","other":"Preostalo je manje od {{value}} {{unit}}."}},"unknown-free-space":"Preostala je nepoznata količina prostora.","system-alert":"Sistemsko upozorenje","cb-channel":"Kanal {{channel}}","cb-etws-warningType-earthquake":"Earthquake warning!","cb-etws-warningType-tsunami":"Tsunami warning!","cb-etws-warningType-earthquake-tsunami":"Earthquake-tsunami warning!","cb-etws-warningType-test":"Alert system is being tested.","cb-etws-warningType-other":"Emergency warning!","icc-message-maintitle":"Operator message","icc-message-subtitle":"SIM {{id}}","icc-confirmCall-defaultmessage":"Pozvati {{number}}?","icc-alertMessage-defaultmessage":"Slanje poruke","icc-confirmMessage-defaultmessage":"Pošalji poruku?","icc-inputbox-maintitle":"STK Query","icc-inputbox-subtitle":"SIM {{id}}","emergency-callback-mode":"Način rada hitnog slučaja","emergency-callback-message":"You can not make calls, send messages or go online because emergency callback mode is enabled. Would you like to turn it off?","cdma-record-info":"Informacije CDMA zapisa","ime-switching-title":"{{appName}}: {{name}}","ime-switching-tip":"Pritisnite za promjenu metode unosa","shrinking-tip":"Povucite za dijeljenje","download_started":"Download started","download_stopped":"Download stopped","download_downloading":"Downloading…","download_succeeded":"Download complete","download_failed":"Download failed","download_text_by_default":"{{name}}","download_downloading_text_2":"{{percentage}}% - {{name}}","search-or-enter-address":{"_":"Search or enter address","placeholder":"Search or enter address"},"noSIMCardInHotspot":"SIM card is absent or inserted incorrectly, so turn off hotspot","noHopspotWhenAPMisOn":"Turn off airplane mode to use Wi-Fi hotspot","apmActivated":"Airplane mode activated","open-in-new-tab":"Open link in new tab","add-link-to-home-screen":"Add link to home screen","share-link":"Share link","save-image":"Save Image","save-video":"Save Video","save-audio":"Save Audio","save-link":"Save linked file","share-image":"Share Image","share-video":"Share Video","share-audio":"Share Audio","weekday-0-long":"Nedjelja","weekday-1-long":"Ponedjeljak","weekday-2-long":"Utorak","weekday-3-long":"Srijeda","weekday-4-long":"Četvrtak","weekday-5-long":"Petak","weekday-6-long":"Subota","weekday-0-short":"Ned","weekday-1-short":"Pon","weekday-2-short":"Uto","weekday-3-short":"Sri","weekday-4-short":"Čet","weekday-5-short":"Pet","weekday-6-short":"Sub","month-0-long":"Siječanj","month-1-long":"Veljača","month-2-long":"Ožujak","month-3-long":"Travanj","month-4-long":"Svibanj","month-5-long":"Lipanj","month-6-long":"Srpanj","month-7-long":"Kolovoz","month-8-long":"Rujan","month-9-long":"Listopad","month-10-long":"Studeni","month-11-long":"Prosinac","month-0-genitive":"Siječnja","month-1-genitive":"Veljače","month-2-genitive":"Ožujka","month-3-genitive":"Travnja","month-4-genitive":"Svibnja","month-5-genitive":"Lipnja","month-6-genitive":"Srpnja","month-7-genitive":"Kolovoza","month-8-genitive":"Rujna","month-9-genitive":"Listopada","month-10-genitive":"Studenoga","month-11-genitive":"Prosinca","month-0-short":"Sij","month-1-short":"Velj","month-2-short":"Ožu","month-3-short":"Tra","month-4-short":"Svi","month-5-short":"Lip","month-6-short":"Srp","month-7-short":"Kol","month-8-short":"Ruj","month-9-short":"Lis","month-10-short":"Stu","month-11-short":"Pro","minutes-ago-long":{"_index":["plural","value"],"_":{"zero":"upravo","one":"prije minutu","two":"prije {{value}} minute","few":"prije {{value}} minutes","many":"prije {{value}} minuta","other":"prije {{value}} minuta"}},"hours-ago-long":{"_index":["plural","value"],"_":{"zero":"upravo","one":"prije sat vremena","two":"prije {{value}} sata","few":"prije {{value}} sati","many":"prije {{value}} sati","other":"prije {{value}} sati"}},"days-ago-long":{"_index":["plural","value"],"_":{"zero":"danas","one":"jučer","two":"prije {{value}} dana","few":"prije {{value}} dana","many":"prije {{value}} dana","other":"prije {{value}} dana"}},"weeks-ago-long":{"_index":["plural","value"],"_":{"zero":"ovaj tjedan","one":"prošli tjedan","two":"prije {{value}} tjedna","few":"prije {{value}} tjedana","many":"prije {{value}} tjedana","other":"prije {{value}} tjedana"}},"months-ago-long":{"_index":["plural","value"],"_":{"zero":"ovaj mjesec","one":"prošli mjesec","two":"prije {{value}} mjeseca","few":"prije {{value}} mjeseci","many":"prije {{value}} mjeseci","other":"prije {{value}} mjeseci"}},"years-ago-long":{"_index":["plural","value"],"_":{"zero":"ove godine","one":"prošle godine","two":"prije {{value}} godine","few":"prije {{value}} godina","many":"prije {{value}} godina","other":"prije {{value}} godina"}},"minutes-until-long":{"_index":["plural","value"],"_":{"zero":"upravo","one":"za minutu","two":"za {{value}} minute","few":"za {{value}} minuta","many":"za {{value}} minuta","other":"za {{value}} minuta"}},"hours-until-long":{"_index":["plural","value"],"_":{"zero":"upravo","one":"za sat vremena","two":"za {{value}} sata","few":"za {{value}} sati","many":"za {{value}} sati","other":"za {{value}} sati"}},"days-until-long":{"_index":["plural","value"],"_":{"zero":"danas","one":"sutra","two":"za {{value}} dana","few":"za {{value}} dana","many":"za {{value}} dana","other":"za {{value}} dana"}},"weeks-until-long":{"_index":["plural","value"],"_":{"zero":"ovaj tjedan","one":"idući tjedan","two":"za {{value}} tjedna","few":"za {{value}} tjedana","many":"za {{value}} tjedana","other":"za {{value}} tjedana"}},"months-until-long":{"_index":["plural","value"],"_":{"zero":"ovaj mjesec","one":"idući mjesec","two":"za {{value}} mjeseca","few":"za {{value}} mjeseci","many":"za {{value}} mjeseci","other":"za {{value}} mjeseci"}},"years-until-long":{"_index":["plural","value"],"_":{"zero":"ove godine","one":"iduće godine","two":"za {{value}} godine","few":"za {{value}} godina","many":"za {{value}} godina","other":"za {{value}} godina"}},"minutes-ago-short":{"_index":["plural","value"],"_":{"zero":"upravo","other":"prije {{value}}m"}},"hours-ago-short":{"_index":["plural","value"],"_":{"zero":"upravo","other":"prije {{value}}s"}},"days-ago-short":{"_index":["plural","value"],"_":{"zero":"danas","other":"prije {{value}}d"}},"minutes-until-short":{"_index":["plural","value"],"_":{"zero":"sada","other":"za {{value}}m"}},"hours-until-short":{"_index":["plural","value"],"_":{"zero":"sada","other":"za {{value}}s"}},"days-until-short":{"_index":["plural","value"],"_":{"zero":"danas","other":"za {{value}}d"}},"incorrectDate":"(netočan datum)","dateTimeFormat_%c":"%a %e %b %Y %H:%M:%S","dateTimeFormat_%x":"%d.%m.%Y","dateTimeFormat_%X":"%H:%M:%S","shortTimeFormat":"%H:%M","shortDateTimeFormat":"%x %H:%M","weekStartsOnMonday":"1","time_am":"AM","time_pm":"PM","title-app":"App Permission","title-web":"Website Permission","title-cam":"Select Camera","perm-contacts":"Kontakti","perm-contacts-appRequest":"{{app}} želi pristupiti popisu vaših kontakata.","perm-contacts-webRequest":"{{site}} želi pristupiti popisu vaših kontakata.","perm-desktop-notification":"Obavijesti","perm-desktop-notification-appRequest":"{{app}} želi prikazivati obavijesti.","perm-desktop-notification-webRequest":"{{site}} želi prikazivati obavijesti.","perm-device-storage-music":"Prostor za glazbu","perm-device-storage-music-appRequest":"{{app}} želi pristupiti vašoj glazbi.","perm-device-storage-music-webRequest":"{{site}} želi pristupiti vašoj glazbi.","perm-device-storage-pictures":"Prostor za slike","perm-device-storage-pictures-appRequest":"{{app}} želi pristupiti vašim slikama.","perm-device-storage-pictures-webRequest":"{{site}} želi pristupiti vašim slikama.","perm-device-storage-sdcard":"Prostor na SD kartici","perm-device-storage-sdcard-appRequest":"{{app}} želi pristupiti vašoj memorijskoj kartici.","perm-device-storage-sdcard-webRequest":"{{site}} želi pristupiti vašoj memorijskoj kartici.","perm-device-storage-videos":"Prostor za video","perm-device-storage-videos-appRequest":"{{app}} želi pristupiti vašim video snimkama.","perm-device-storage-videos-webRequest":"{{site}} želi pristupiti vašim video snimkama.","perm-fmradio":"FM radio","perm-fmradio-appRequest":"{{app}} želi koristiti FM radio.","perm-fmradio-webRequest":"{{site}} želi koristiti FM radio.","perm-geolocation":"Geolokacija","perm-geolocation-appRequest":"{{app}} želi znati vašu trenutnu lokaciju.","perm-geolocation-webRequest":"{{site}} želi znati vašu trenutnu lokaciju.","perm-geolocation-more-info":"{{brandShortName}} koristi informacije od GPS-a, Wi-Fi-a i mobilnih mreža u važoj blizini kako bi lakše procijenio vašu lokaciju. Podaci se šalju Mozilli i ostalim pružateljima usluga, te se koriste za unaprijeđenje geolokacijskih baza podataka. Podaci se mogu spremati na vaš uređaj, a prikupljanje podataka se može obavljati čak i kad aplikacije nisu pokrenute.","perm-video-capture":"Kamera","perm-video-capture-appRequest":"Želite li dijeliti svoju kameru sa {{app}}?","perm-video-capture-webRequest":"Želite li dijeliti svoju kameru sa {{site}}?","perm-audio-capture":"Mikrofon","perm-audio-capture-appRequest":"Želite li dijeliti svoj mikrofon sa {{app}}?","perm-audio-capture-webRequest":"Želite li dijeliti svoj mikrofon sa {{site}}?","perm-media-capture":"Kamera i mikrofon","perm-media-capture-appRequest":"Želite li dijeliti svoju kameru i mikrofon sa {{app}}?","perm-media-capture-webRequest":"Želite li dijeliti svoju kameru i mikrofon sa {{site}}?","perm-camera-selector-appRequest":"Select a camera for {{app}}.","perm-camera-selector-webRequest":"Select a camera for {{site}}.","perm-mobileid":"Mobile Identity","stopped_download_title":"Download stopped","stopped_download_message":"Download was stopped. Try downloading again?","stopped_download_left_button":"Cancel","stopped_download_right_button":"Try again","failed_download_title":"Download failed","failed_download_message":"{{name}} failed to download. Try downloading again?","failed_download_left_button":"Cancel","failed_download_right_button":"Try again","stop_download_title":"Stop download","stop_download_message":"Are you sure you want to stop the download?","stop_download_left_button":"No","stop_download_right_button":"Yes","delete_download_title":"Delete","delete_download_message":"Delete {{name}}?","delete_download_left_button":"Cancel","delete_download_right_button":"Delete","delete_all_download_title":"Delete","delete_all_download_left_button":"Cancel","delete_all_download_right_button":"Delete","delete_all_download_message":{"_index":["plural","number"],"_":{"zero":"Delete no files?","one":"Delete one file?","two":"Delete {{number}} files?","few":"Delete {{number}} files?","many":"Delete {{number}} files?","other":"Delete {{number}} files?"}},"unsupported_file_type_download_title":"Unable to open","unsupported_file_type_download_message":"There isn’t an app that can open {{name}}. Would you like to save the file or delete it?","unsupported_file_type_download_left_button":"Keep File","unsupported_file_type_download_right_button":"Delete","file_not_found_download_title":"File not found","file_not_found_download_message":"The file wasn’t found on the device","file_not_found_download_right_button":"OK","unmounted_sdcard_2_download_title":"Memory card in use","unmounted_sdcard_2_download_message":"Unplug the phone","unmounted_sdcard_2_download_right_button":"OK","no_provider_download_title":"Unable to share","no_provider_download_message":"No provider found","no_provider_download_right_button":"OK","no_memory_download_title":"SD Card is full","no_memory_download_message":"There is no more room on your SD card to save your download. Please remove some files before restarting the download.","no_memory_download_right_button":"OK","no_sdcard_found_2_download_title":"No memory card found","no_sdcard_found_2_download_message":"Insert a memory card or select an alternate default media location in settings","no_sdcard_found_2_download_right_button":"OK","file_open_error_download_title":"Unable to open","file_open_error_download_message":"There is a problem opening {{name}}. Would you like to save the file or delete it?","file_open_error_download_left_button":"Keep File","file_open_error_download_right_button":"Delete","restart_download_error":"There was an error while restarting the download. Please try to download again.","no-downloads":"No downloads","percentage":"{{percentage}} %","partialResult":"{{partial}} of {{total}}","summary":"{{date}} - {{status}}","download-stopped":"Stopped","download-failed":"Download failed","open_downloaded_file":"Open","share_downloaded_file":"Share","wallpaper_downloaded_file":"Set as wallpaper","ringtone_downloaded_file":"Set as ringtone","cancel_downloaded_file":"Cancel","voicemailNoNumberTitle":"Voicemail number is unavailable","voicemailNoNumberText":"Unable to call the voicemail. Set up the voicemail number to place the call.","voicemailNoNumberSettings":"Settings","voicemailNoNumberCancel":"Cancel","resend":"Resend","connecting":"Connecting","verify":"Verify","verifying":"Verifying","verified":"Verified","mobileIDExplanation":"{{app_name}} would like to know and verify your phone number. Please choose which one you want to share or enter a new one.","verificationCodeExplanation":"We’ve sent a code to {{phone_number}}. We’ll try to pick it up automatically, but you’ll have to enter it manually if it’s not in use in this device.","successMessage":"Awesome! Your number {{phone_number}} is now verified and available to {{app_name}}.","serverErrorMessage":"The verification server is unavailable at this time. Please check your Internet connection, try again or wait a few minutes.","timeoutErrorMessage":"There seems to be a problem with your verification code. Let's try once again!","errorTitle":"Mobile identity","addPhoneNumber":"Or add your phone number","selectPhoneNumber":"Or select a phone number from the list"}