{"firefox-accounts-title":"Firefox fiókok","fxa-next":"Tovább","fxa-back":"Vissza","fxa-done":"Kész","fxa-ok":"OK","fxa-connection-error-title":"Nem lehet kapcsolódni","fxa-connection-error-message":"Létrehozhat egy fiókot, vagy bejelentkezhet a Beállítások appból.","fxa-reset-password-error-title":"Jelszó visszaállítása","fxa-reset-password-error-message":"Visszaállíthatja jelszavát a Beállítások appból.","fxa-coppa-failure-error-title":"Fiók létrehozása sikertelen","fxa-coppa-failure-error-message":"Meg kell felelnie bizonyos korkövetelményeknek a Firefox fiók létrehozásához. {{learnmore}}","fxa-learn-more":"További információk","fxa-offline-error-title":"Nem lehet kapcsolódni","fxa-offline-error-message":"Kapcsolódjon egy hálózathoz a Beállítások appból.","fxa-invalid-email-title":"Hiba","fxa-invalid-email-message":"Adjon meg egy érvényes e-mail címet.","fxa-invalid-password-title":"Érvénytelen jelszó","fxa-invalid-password-message":"Ellenőrizze jelszavát, és próbálja meg újra.","fxa-unknown-error-title":"Nem lehet kapcsolódni","fxa-unknown-error-message":"A szolgáltatás nem érhető el, próbálja meg később.","fxa-connecting":"Kapcsolódás","fxa-enter-email-input":{"placeholder":"Adja meg az e-mail címét"},"fxa-use-email-to-sign-in":"Hozzon létre egy fiókot, vagy jelentkezzen be e-mail címével.","fxa-notice":"A folytatással elfogadom a Firefox felhőszolgáltatások {{tos}} és az {{pn}}.","fxa-tos":"Felhasználási feltételeit","fxa-pn":"Adatvédelmi megjegyzést","fxa-create-password-title":"Jelszó létrehozása","fxa-enter-password-title":"Adja meg a jelszavát","fxa-hello-user":"Szia, {{email}}!","fxa-password-refresh":"A továbblépéshez adja meg a Firefox fiókja jelszavát.","fxa-password":{"placeholder":"Jelszó"},"fxa-forgot-your-password":"Elfelejtette a jelszavát?","fxa-show-password":"Jelszó megjelenítése","fxa-password-length-requirement":"Jelszavának legalább 8 karakter hosszúnak kell lennie.","fxa-success":"Sikerült!","fxa-ready-to-go":"Firefox fiókja használatra készen áll!","fxa-use-features":"Most már hozzáférhet olyan funkciókhoz, mint az Eszközkereső és a Firefox Marketplace.","fxa-access-manage-account-settings":"A későbbiekben a Beállítások appból érheti el és kezelheti fiókját.","fxa-confirm-account":"Fiók megerősítése","fxa-will-send-email":"A levelet ide küldjük ki: {{email}}","fxa-signup-click-verification-link-in-email":"Nézze meg postafiókját, kattintson az ellenőrzési hivatkozásra, és erősítse meg Firefox fiókját.","fxa-age-verification":"Korellenőrzés","fxa-age-1990-earlier":"1990 vagy korábbi","fxa-year-of-birth":"Születési év","brandShortName":"B2G OS","browserBrandShortName":"Webböngésző","browserBrandFullName":"Mozilla webböngésző","accessibility-enableScreenReaderSteps":"To enable screen reader, press volume up then volume down buttons three more times","accessibility-disableScreenReaderSteps":"To disable screen reader, press volume up then volume down buttons three more times","accessibility-screenReaderStarted":"Screen reader started","accessibility-screenReaderStopped":"Screen reader stopped","accessibility-menubar":"menu bar","accessibility-scrollbar":"scroll bar","accessibility-grip":"grip","accessibility-alert":"alert","accessibility-menupopup":"menu popup","accessibility-document":"document","accessibility-pane":"pane","accessibility-dialog":"dialog","accessibility-separator":"separator","accessibility-toolbar":"toolbar","accessibility-statusbar":"status bar","accessibility-table":"table","accessibility-columnheader":"column header","accessibility-rowheader":"row header","accessibility-column":"column","accessibility-row":"row","accessibility-cell":"cell","accessibility-link":"link","accessibility-list":"list","accessibility-listitem":"list item","accessibility-outline":"outline","accessibility-outlineitem":"outline item","accessibility-pagetab":"tab","accessibility-propertypage":"property page","accessibility-graphic":"graphic","accessibility-pushbutton":"button","accessibility-checkbutton":"check button","accessibility-radiobutton":"radio button","accessibility-combobox":"combo box","accessibility-progressbar":"progress bar","accessibility-slider":"slider","accessibility-spinbutton":"spin button","accessibility-diagram":"diagram","accessibility-animation":"animation","accessibility-equation":"equation","accessibility-buttonmenu":"button menu","accessibility-whitespace":"white space","accessibility-pagetablist":"tab list","accessibility-canvas":"canvas","accessibility-checkmenuitem":"check menu item","accessibility-label":"label","accessibility-passwordtext":"password text","accessibility-radiomenuitem":"radio menu item","accessibility-textcontainer":"text container","accessibility-togglebutton":"toggle button","accessibility-treetable":"tree table","accessibility-header":"header","accessibility-footer":"footer","accessibility-paragraph":"paragraph","accessibility-entry":"entry","accessibility-caption":"caption","accessibility-heading":"heading","accessibility-section":"section","accessibility-form":"form","accessibility-comboboxlist":"combo box list","accessibility-comboboxoption":"combo box option","accessibility-imagemap":"image map","accessibility-listboxoption":"option","accessibility-listbox":"list box","accessibility-flatequation":"flat equation","accessibility-gridcell":"gridcell","accessibility-note":"note","accessibility-figure":"figure","accessibility-definitionlist":"definition list","accessibility-term":"term","accessibility-definition":"definition","accessibility-textarea":"text area","accessibility-textInputType_date":"date","accessibility-textInputType_email":"e-mail","accessibility-textInputType_search":"search","accessibility-textInputType_tel":"telephone","accessibility-textInputType_url":"URL","accessibility-headingLevel":"heading level {{0}}","accessibility-listStart":"First item","accessibility-listEnd":"Last item","accessibility-listItemsCount":{"_index":["plural","count"],"_":{"zero":"{{count}} items","one":"{{count}} item","two":"{{count}} items","few":"{{count}} items","many":"{{count}} items","other":"{{count}} items"}},"accessibility-objItemOfN":"{{0}} of {{1}}","accessibility-banner":"banner","accessibility-complementary":"complementary","accessibility-contentinfo":"content info","accessibility-main":"main","accessibility-navigation":"navigation","accessibility-search":"search","accessibility-tblColumnInfo":{"_index":["plural","count"],"_":{"zero":"with {{count}} columns","one":"with {{count}} column","two":"with {{count}} columns","few":"with {{count}} columns","many":"with {{count}} columns","other":"with {{count}} columns"}},"accessibility-tblRowInfo":{"_index":["plural","count"],"_":{"zero":"and {{count}} rows","one":"and {{count}} row","two":"and {{count}} rows","few":"and {{count}} rows","many":"and {{count}} rows","other":"and {{count}} rows"}},"accessibility-columnInfo":"Column {{0}}","accessibility-rowInfo":"Row {{0}}","accessibility-spansColumns":{"_index":["plural","0"],"_":{"zero":"spans {{0}} columns","one":"spans {{0}} column","two":"spans {{0}} columns","few":"spans {{0}} columns","many":"spans {{0}} columns","other":"spans {{0}} columns"}},"accessibility-spansRows":{"_index":["plural","0"],"_":{"zero":"spans {{0}} rows","one":"spans {{0}} row","two":"spans {{0}} rows","few":"spans {{0}} rows","many":"spans {{0}} rows","other":"spans {{0}} rows"}},"accessibility-jumpAction":"jumped","accessibility-pressAction":"pressed","accessibility-checkAction":"checked","accessibility-uncheckAction":"unchecked","accessibility-selectAction":"selected","accessibility-unselectAction":"unselected","accessibility-openAction":"opened","accessibility-closeAction":"closed","accessibility-switchAction":"switched","accessibility-clickAction":"clicked","accessibility-collapseAction":"collapsed","accessibility-expandAction":"expanded","accessibility-activateAction":"activated","accessibility-cycleAction":"cycled","accessibility-hidden":"hidden","accessibility-tabLoading":"loading","accessibility-tabLoaded":"loaded","accessibility-tabNew":"new tab","accessibility-tabLoadStopped":"loading stopped","accessibility-tabReload":"reloading","accessibility-stateChecked":"checked","accessibility-stateNotChecked":"not checked","accessibility-statePressed":"pressed","accessibility-stateExpanded":"expanded","accessibility-stateCollapsed":"collapsed","accessibility-stateUnavailable":"unavailable","accessibility-stateRequired":"required","accessibility-stateTraversed":"visited","accessibility-stateHasPopup":"has pop up","accessibility-stateSelected":"selected","accessibility-editingMode":"editing","accessibility-navigationMode":"navigating","accessibility-quicknav_Simple":"Default","accessibility-quicknav_Anchor":"Anchors","accessibility-quicknav_Button":"Buttons","accessibility-quicknav_Combobox":"Combo boxes","accessibility-quicknav_Landmark":"Landmarks","accessibility-quicknav_Entry":"Entries","accessibility-quicknav_FormElement":"Form elements","accessibility-quicknav_Graphic":"Images","accessibility-quicknav_Heading":"Headings","accessibility-quicknav_ListItem":"List items","accessibility-quicknav_Link":"Links","accessibility-quicknav_List":"Lists","accessibility-quicknav_PageTab":"Page tabs","accessibility-quicknav_RadioButton":"Radio buttons","accessibility-quicknav_Separator":"Separators","accessibility-quicknav_Table":"Tables","accessibility-quicknav_Checkbox":"Check boxes","accessibility-menubarAbbr":"menu bar","accessibility-scrollbarAbbr":"scroll bar","accessibility-gripAbbr":"grip","accessibility-alertAbbr":"alert","accessibility-menupopupAbbr":"menu popup","accessibility-documentAbbr":"document","accessibility-paneAbbr":"pane","accessibility-dialogAbbr":"dialog","accessibility-separatorAbbr":"separator","accessibility-toolbarAbbr":"toolbar","accessibility-statusbarAbbr":"status bar","accessibility-tableAbbr":"tbl","accessibility-columnheaderAbbr":"column header","accessibility-rowheaderAbbr":"row header","accessibility-columnAbbr":"column","accessibility-rowAbbr":"row","accessibility-cellAbbr":"cell","accessibility-linkAbbr":"lnk","accessibility-listAbbr":"list","accessibility-listitemAbbr":"list item","accessibility-outlineAbbr":"outline","accessibility-outlineitemAbbr":"outline item","accessibility-pagetabAbbr":"tab","accessibility-propertypageAbbr":"property page","accessibility-graphicAbbr":"graphic","accessibility-pushbuttonAbbr":"btn","accessibility-checkbuttonAbbr":"check button","accessibility-radiobuttonAbbr":"radio button","accessibility-comboboxAbbr":"combo box","accessibility-progressbarAbbr":"progress bar","accessibility-sliderAbbr":"slider","accessibility-spinbuttonAbbr":"spin button","accessibility-diagramAbbr":"diagram","accessibility-animationAbbr":"animation","accessibility-equationAbbr":"equation","accessibility-buttonmenuAbbr":"button menu","accessibility-whitespaceAbbr":"white space","accessibility-pagetablistAbbr":"tab list","accessibility-canvasAbbr":"canvas","accessibility-checkmenuitemAbbr":"check menu item","accessibility-labelAbbr":"label","accessibility-passwordtextAbbr":"passwdtxt","accessibility-radiomenuitemAbbr":"radio menu item","accessibility-textcontainerAbbr":"text container","accessibility-togglebuttonAbbr":"toggle button","accessibility-treetableAbbr":"tree table","accessibility-headerAbbr":"header","accessibility-footerAbbr":"footer","accessibility-paragraphAbbr":"paragraph","accessibility-entryAbbr":"entry","accessibility-captionAbbr":"caption","accessibility-headingAbbr":"heading","accessibility-sectionAbbr":"section","accessibility-formAbbr":"form","accessibility-comboboxlistAbbr":"combo box list","accessibility-comboboxoptionAbbr":"combo box option","accessibility-imagemapAbbr":"imgmap","accessibility-listboxoptionAbbr":"option","accessibility-listboxAbbr":"list box","accessibility-flatequationAbbr":"flat equation","accessibility-gridcellAbbr":"gridcell","accessibility-noteAbbr":"note","accessibility-figureAbbr":"fig","accessibility-definitionlistAbbr":"definition list","accessibility-termAbbr":"term","accessibility-definitionAbbr":"definition","accessibility-textareaAbbr":"txtarea","accessibility-tblColumnInfoAbbr":{"_index":["plural","count"],"_":{"one":"{{count}}c","two":"{{count}}c","few":"{{count}}c","many":"{{count}}c","other":"{{count}}c"}},"accessibility-tblRowInfoAbbr":{"_index":["plural","count"],"_":{"one":"{{count}}r","two":"{{count}}r","few":"{{count}}r","many":"{{count}}r","other":"{{count}}r"}},"accessibility-cellInfoAbbr":"c{{0}}r{{1}}","accessibility-stateCheckedAbbr":"(x)","accessibility-stateUncheckedAbbr":"( )","accessibility-statePressedAbbr":"(x)","accessibility-stateUnpressedAbbr":"( )","ok":"OK","back":"Vissza","help":"Súgó","cancel":"Mégse","close":"Bezárás","skip":"Kihagyás","clear":{"ariaLabel":"Clear"},"undo":{"ariaLabel":"Visszavonás"},"airplaneMode":"Repülő mód","searching":"Keresés…","noNetwork":"Nincs hálózat","roaming":"{{operator}} (Roaming)","operator-info":"{{carrier}} {{region}}","emergencyCallsOnly":"Csak segélyhívások","emergencyCallsOnly-unknownSIMState":"(ismeretlen SIM állapot)","emergencyCallsOnly-noSIM":"(nincs SIM)","emergencyCallsOnly-pinRequired":"(SIM PIN kód szükséges)","emergencyCallsOnly-pukRequired":"(SIM PUK kód szükséges)","emergencyCallsOnly-networkLocked":"(hálózat zárolva)","emergencyCallsOnly-serviceProviderLocked":"(szolgáltató zárolta)","emergencyCallsOnly-corporateLocked":"(cég zárolta)","emergencyCallsOnly-network1Locked":"(hálózat1 zárolva)","emergencyCallsOnly-network2Locked":"(hálózat2 zárolva)","emergencyCallsOnly-hrpdNetworkLocked":"(hrpd hálózat zárolva)","emergencyCallsOnly-ruimCorporateLocked":"(ruim cég zárolva)","emergencyCallsOnly-ruimServiceProviderLocked":"(ruim szolgáltató zárolva)","enterPIN":"Írja be a PIN-t","mediaPlaybackTitle":{"ariaLabel":"Cím"},"mediaPlaybackArtist":{"ariaLabel":"Előadó"},"mediaPlaybackControls":{"ariaLabel":"Lejátszóvezérlők"},"mediaPlaybackPrevious":{"ariaLabel":"Előző"},"mediaPlaybackPlay":"Lejátszás","mediaPlaybackPause":"Szünet","mediaPlaybackNext":{"ariaLabel":"Tovább"},"wifiButton-on":"Wi-Fi be","wifiButton-on-initializing":"Wi-Fi be, előkészítés","wifiButton-off":"Wi-Fi kikapcsolva","dataButton-on":"Adat {{type}} be","dataButton-off":"Adat {{type}} ki","bluetoothButton-on":"Bluetooth be","bluetoothButton-on-initializing":"Bluetooth be, előkészítés","bluetoothButton-off":"Bluetooth kikapcsolva","airplaneMode-on":"Repülő mód be","airplaneMode-off":"Repülő mód kikapcsolva","settingsButton":{"ariaLabel":"Beállítások"},"utilityTrayGrippy":{"ariaLabel":"Segédeszköztár bezárása"},"statusbarLabel":"{{date}}, {{operator}}","statusbarDateFormat":"%b %e","statusbar":{"ariaLabel":"Állapotsor"},"statusbarBattery":"Akkumulátor: {{level}}%","statusbarBatteryCharging":"Akkumulátor: {{level}}% (töltés)","statusbarFlightMode":{"ariaLabel":"Repülő mód be"},"statusbarWiFiConnecting":"Wi-Fi: kapcsolódás","statusbarWiFiConnected":"Wi-Fi: {{level}} a 4 sávból","statusbarSignal":"{{operator}} hálózat, {{level}} az 5 sávból","statusbarSignalRoaming":"{{operator}} hálózat (roaming), {{level}} az 5 sávból","statusbarSignalNoneSearching":"Keresés... Kizárólag segélyhívások","statusbarHeadphones":{"ariaLabel":"Fülhallgató be"},"statusbarBluetoothHeadphones":{"ariaLabel":"Bluetooth fülhallgató bekapcsolva"},"statusbarBluetoothTransferring":{"ariaLabel":"Bluetooth adatátvitel aktív"},"statusbarIconOn-tethering":"Internetmegosztás be","statusbarIconOnActive-tethering":"Internetmegosztás be, aktív","statusbarAlarm":{"ariaLabel":"Ébresztő be"},"statusbarIconOn-bluetooth":"Bluetooth be","statusbarIconOnActive-bluetooth":"Bluetooth be, aktív","statusbarIconOn-mute":"Lenémítva","statusbarIconOn-vibration":"Rezgés be","statusbarRecording":{"ariaLabel":"Rögzítés be"},"statusbarGeolocation":{"ariaLabel":"Helymeghatározás be"},"statusbarUsb":{"ariaLabel":"USB be"},"statusbarForwarding":"Hívásátirányítás be","statusbarPlaying":{"ariaLabel":"Médialejátszás"},"statusbarNfc":{"ariaLabel":"NFC be"},"statusbarDownloads":{"ariaLabel":"Letöltés…"},"statusbarNetworkActivity":{"ariaLabel":"Hálózat be"},"statusbarEmergencyCBNotification":{"ariaLabel":"Vészvisszahívás"},"statusbarNotifications":{"_index":["plural","n"],"_":{"one":"{{n}} értesítés","two":"{{n}} értesítés","few":"{{n}} értesítés","many":"{{n}} értesítés","other":"{{n}} értesítés"}},"statusbarNotifications-unread":{"_index":["plural","n"],"_":{"one":"{{n}} olvasatlan értesítés","two":"{{n}} olvasatlan értesítés","few":"{{n}} olvasatlan értesítés","many":"{{n}} olvasatlan értesítés","other":"{{n}} olvasatlan értesítés"}},"notifications":"Értesítések","clear-all":"Összes törlése","attentionScreen-tapToShow":"Koppintson a megjelenítéshez","newVoicemails":{"_index":["plural","n"],"_":{"zero":"Nincs új hangpostaüzenet","one":"Egy új hangpostaüzenet","two":"{{n}} új hangpostaüzenet","few":"{{n}} új hangpostaüzenet","many":"{{n}} új hangpostaüzenet","other":"{{n}} új hangpostaüzenet"}},"newVoicemailsUnknown":"Új hangpostaüzenet","dialNumber":"{{number}} tárcsázása","voicemailNotificationMultiSim":"({{n}}. SIM) {{title}}","confirmNFCConnectBTenabledNameUnknown":"Biztosan csatlakozni kíván az eszközhöz?","confirmNFCConnectBTdisabledNameUnknown":"Bluetooth bekapcsolása és csatlakozás az eszközhöz?","confirmNFCConnectBTenabledNameKnown":"Biztosan csatlakozni kíván a következőhöz: {{deviceName}}?","confirmNFCConnectBTdisabledNameKnown":"Bluetooth bekapcsolása és csatlakozás a következőhöz: {{deviceName}}?","confirmNFCConnectBTdisabled":"Bekapcsolás","dismissNFCConnectBTdisabled":"Mégse","confirmation":"Megerősítés","deviceMenu":"Telefon","airplane":"Repülő mód bekapcsolása","airplaneOff":"Repülő mód kikapcsolása","silent":"Bejövő hívások némítása","normal":"Bejövő hívások jelzése","restart":"Újraindítás","power":"Kikapcsolás","no-recent-apps":"Nincs legutóbbi app","yes":"Igen","no":"Nem","dontallow":"Tiltás","allow":"Engedélyezés","dontshare-geolocation":"Ne ossza meg","share-geolocation":"Megosztás","dontshare-audio-capture":"Ne ossza meg","share-audio-capture":"Megosztás","dontshare-video-capture":"Ne ossza meg","share-video-capture":"Megosztás","dontshare-media-capture":"Ne ossza meg","share-media-capture":"Megosztás","device-front":"Elülső kamera","device-back":"Hátsó kamera","remember-my-choice":"Válasz megjegyzése","more-info":"Több információ…","hide-info":"Információ elrejtése","install-app":"Telepíti ezt: {{name}}?","size":"Méret","author":"Szerző","size-unknown":"Ismeretlen","author-unknown":"Ismeretlen","install":"Telepítés","bytes":"bájt","kB":"kB","MB":"MB","GB":"GB","TB":"TB","PB":"PB","app-install-generic-error":"{{ appName }} letöltése leállítva","app-install-download-failed":"{{ appName }} letöltése meghiúsult","app-install-install-failed":"{{ appName }} telepítése meghiúsult","cancelling-will-not-refund":"A telepítés megszakítása az app árát nem téríti vissza! Az\\tapp árát kizárólag az app értékesítője térítheti vissza Önnek.","apps-can-be-installed-later":"Az app a későbbiek folyamán is telepíthető.","are-you-sure-you-want-to-cancel":"Biztosan megszakítja az app telepítését?","cancel-install":"Telepítés megszakítása","cancel-install-button":"Telepítés megszakítása","resume":"Folytatás","continue":"Folytatás","stopDownloading":"Leállítja a(z) {{ app }} letöltését?","app-download-can-be-restarted":"A letöltés később újraindítható.","app-download-stop-button":"Letöltés leállítása","not-enough-space":"Nincs elég hely","not-enough-space-message":"Nincs elég hely az app telepítéséhez. Szabadítson fel helyet régi appok vagy médiafájlok törlésével, és próbálja újra telepíteni az eredeti forrásból.","app-install-success":"{{ appName }} telepítve","setup":"Beállítás","ime-addkeyboards":"Minden billentyűzet","later":"Később","download":"Letöltés","wantToDownload":"Letölti most a frissítést?","wantToInstall":"Telepíti most a frissítést?","installNow":"Telepítés most","notNow":"Most nem","downloadingUpdateMessage":{"innerHTML":"Frissítések letöltése… <span>{{ progress }} letöltve.</span>"},"downloadingAppMessage":"{{ appName }} letöltése","downloadingAppProgressNoMax":"{{ progress }} letöltve","downloadingAppProgressIndeterminate":"Letöltés","downloadingAppProgress":"{{ progress }} / {{ max }} letöltve","cancelAllDownloads":"Összes letöltés megszakítása","wantToCancelAll":"Biztos, hogy megszakít minden telepítést?","downloadError":"Hiba történt a frissítések letöltésekor.","updateAvailableInfo":{"innerHTML":{"_index":["plural","n"],"_":{"one":"{{ n }} frissítés érhető el. <span>Koppintson további információkért.</span>","two":"{{ n }} frissítés érhető el. <span>Koppintson további információkért.</span>","few":"{{ n }} frissítés érhető el. <span>Koppintson további információkért.</span>","many":"{{ n }} frissítés érhető el. <span>Koppintson további információkért.</span>","other":"{{ n }} frissítés érhető el. <span>Koppintson további információkért.</span>"}}},"numberOfUpdates":{"_index":["plural","n"],"_":{"one":"{{ n }} frissítés érhető el","two":"{{ n }} frissítés érhető el","few":"{{ n }} frissítés érhető el","many":"{{ n }} frissítés érhető el","other":"{{ n }} frissítés érhető el"}},"systemUpdate":"Rendszerfrissítés","systemUpdateReady":"A rendszer frissítésre kész","systemUpdateLowBatteryThreshold":"You need at least {{ threshold }}% battery level to install the update.","required":"Szükséges","uncompressingMessage":{"innerHTML":"Kibontás… <span>Ez eltarthat egy kis ideig.</span>"},"downloadNoWifiWarning":"Nem érhető el Wi-Fi. A frissítés a jelenlegi kapcsolaton további költségek felmerülését okozhatja.","downloadOfflineWarning":"Nincs kapcsolat. Kapcsolódjon egy hálózathoz a frissítések letöltéséhez.","downloadDataConnectionWarning":"A frissítések adatkapcsolaton keresztül kerülnek letöltésre, ha nem érhető el Wi-Fi. További költségek felmerülhetnek.","downloadUpdatesViaDataConnection":"Adatkapcsolaton tölti le a frissítéseket?","downloadUpdatesViaDataConnectionMessage":"A frissítések adatkapcsolaton keresztül kerülnek letöltésre, ha nem érhető el Wi-Fi. Adatkapcsolat használatakor a telefonhívások blokkolásra kerülhetnek, és további költségek is felmerülhetnek.","downloadUpdatesVia2GForbidden2":"Downloading updates is not possible on slow connections (2G). Please connect via Wi-Fi or 3G (if available) and try again.","screenshotSaved":"Kép mentve a Galériába","screenshotFailed":"A kép nem menthető","screenshotNoSDCard":"Nem található memóriakártya","screenshotSDCardInUse":"A memóriakártya használatban van","screenshotSDCardLow":"Nincs elég hely a memóriakártyán","emergency-call-button":"Segélyhívó","emergency-call":"Segélyhívó","unlock-a11y-button":{"ariaLabel":"Feloldás"},"camera-a11y-button":{"ariaLabel":"Kamera"},"longDateFormat":"%B %d. %A","panel-passcode":{"ariaLabel":"Jelkód panel"},"lockscreen-sim-id":"SIM {{ n }}","softwareHomeButton":{"ariaLabel":"Kezdőoldal"},"login":"Bejelentkezés","username":"Felhasználónév","password":"Jelszó","http-authentication-message":"{{host}} felhasználónevet és jelszót kér. A webhely üzenete: „{{realm}}”","error-message":"{{name}} nem töltődik be megfelelően","error-title":"{{name}} problémát tapasztalt","airplane-is-on":"Repülő mód bekapcsolva","airplane-is-turned-on":"{{name}} hálózati kapcsolatot igényel. Kapcsolja ki a repülő módot a Beállításokban, és csatlakozzon egy Wi-Fi-s vagy mobilos adathálózathoz.","server-not-found":"Kiszolgáló nem található","server-not-found-error":"Nem található a kiszolgáló itt: {{name}}.","file-not-found":"A fájl nem található","file-not-found-error":"Az eszköz nem tudja megjeleníteni az oldalt, mert a fájl nem található.","connection-failed":"Nem lehet kapcsolódni","connection-failed-error":"Hálózati hiba lépett fel az oldal elérése közben.","invalid-connection":"Nem lehet kapcsolódni","invalid-connection-error":"Hálózati hiba lépett fel az oldal elérése közben.","malformed-uri":"Érvénytelen URL","malformed-uri-error":"A megadott URL érvénytelen, ezért nem tölthető be.","redirect-loop":"Az oldal nem jeleníthető meg","redirect-loop-error":"Az eszköz nem tudja megjeleníteni az oldalt, mert az átirányítás nem megfelelő. Próbálja meg később.","not-cached":"Az oldal lejárt","not-cached-error":"Biztonsági elővigyázatosságból az oldal nem jeleníthető meg az eszközzel, mert lejárt.","is-printing-error":"A dokumentum nem változtatható meg nyomtatás vagy nyomtatási nézet közben.","denied-port-access":"Ez egy zárolt cím","denied-port-access-error":"Ez a cím egy olyan hálózati portot használ, amit normál esetben nem webböngészésre használnak. Az eszköz elutasította a kérést az Ön védelme érdekében.","proxy-resolve-failure":"Proxy kiszolgáló hiba","proxy-resolve-failure-error":"Az eszköz proxy kiszolgáló használatára lett beállítva, ami nem található.","proxy-connect-failure":"Proxy kiszolgáló hiba","proxy-connect-failure-error":"Az eszköz proxy kiszolgáló használatára lett beállítva, ami visszautasítja a kapcsolatokat.","content-encoding":"Az oldal nem jeleníthető meg","content-encoding-error":"Az eszköz nem tudja megjeleníteni az oldalt, mert tartalomkódolási hiba lépett fel.","remote-xul":"Az oldal nem támogatott","remote-xul-error":"Az oldal nem jeleníthető meg, mert az az eszköz által nem támogatott technológiát használ.","phishing-blocked":"Figyelmeztetés","phishing-blocked-error":"A weboldal hamisnak van bejelentve, amely megtévesztéssel személyes vagy pénzügyi adatok megosztására veszi rá a felhasználókat.","malware-blocked":"Malware támadás blokkolva","malware-blocked-error":"Ez az oldal támadóoldalként van bejelentve, ezért blokkolva lett.","unsafe-content-type":"Veszélyes tartalom","unsafe-content-type-error":"Az oldal nem jeleníthető meg, mert valószínűleg az nem biztonságos.","corrupted-content":"Az oldal nem jeleníthető meg","corrupted-content-error":"Az oldal nem jeleníthető meg, mert az adatátvitel közben hiba lépett fel.","network-connection-unavailable":"Nincs hálózati kapcsolat","network-error":"{{name}} hálózati kapcsolatot igényel. Próbáljon csatlakozni egy Wi-Fi-s vagy mobilos adathálózathoz.","network-error-launching":"{{name}} internetkapcsolatot igényel.","network-error-in-app":"Jelenleg nem érhető el az internet.","unable-to-connect":"Nem lehet kapcsolódni","try-again":"Próbálja újra","check-settings":"Beállítások ellenőrzése","tap-to-check-settings":"Koppintson a beállítások ellenőrzéséhez","select-time":"Válasszon időt","choose-option":"Válasszon","choose-options":"Válasszon","select-day":"Válasszon napot","battery-almost-empty":"Az akkumulátor majdnem üres","add-to-home-screen":"Kezdőképernyőre","share":"Megosztás","crash-dialog2-os":"{{brandShortName}} helyreállt az összeomlás után","crash-dialog-app":"{{name}} összeomlott","crash-dialog-message":"Szeretne jelentést küldeni a Mozillának a hibáról, hogy ezzel is segítsen javítani a problémát? (A jelentések csak Wi-Fi használatával kerülnek elküldésre.)","crash-info-link":"Mit tartalmaz a hibajelentés?","crash-always-report":"Minden hiba esetén küldjön jelentést a Mozillának.","crash-dont-send":"Ne küldjön","crash-end":"Jelentés küldése","crashReports":"Hibajelentések","done":"Kész","crash-reports-description-1":"A hibajelentés a hibával és az eszközével kapcsolatos részleteket, valamint az eszköz állapotának pillanatképét tartalmazza.","crash-reports-description-2":"Ebbe a megnyitott lapok és appok, űrlapokba gépelt szövegek és a nyitott üzenetek tartalma, a böngészési előzmények vagy egy nyitott app által használt földrajzi koordináták tartozhatnak.","crash-reports-description-3-start":"A hibajelentéseket a problémák javításához és termékeink tökéletesítéséhez használjuk. Információit az ","crash-reports-description-3-privacy":"adatvédelmi irányelvekben","crash-reports-description-3-end":"leírtaknak megfelelően kezeljük.","crash-banner-os2":"{{brandShortName}} összeomlott.","crash-banner-app":"{{name}} összeomlott.","crash-banner-report":"Jelentés","bluetooth-sending-progress":"Bluetooth átvitel küldése…","bluetooth-receiving-progress":"Bluetooth átvitel fogadása…","acceptFileTransfer":"Elfogadja a Bluetooth fájlátvitelt?","wantToReceiveFile":"{{deviceName}} szeretné átvinni ezt: {{fileName}} ({{fileSize}}).","transfer-confirmation-title":"{{deviceName}}","transfer-confirmation-description":"Átviteli kérés áttekintése.","byteUnit-B":"Bájt","byteUnit-KB":"KB","byteUnit-MB":"MB","byteUnit-GB":"GB","byteUnit-TB":"TB","byteUnit-PB":"PB","byteUnit-EB":"EB","byteUnit-ZB":"ZB","byteUnit-YB":"YB","fileSize":"{{size}} {{unit}}","deny":"Tiltás","transfer":"Átvitel","cancelFileTransfer":"Megszakítja a Bluetooth fájlátvitelt?","continueFileTransfer":"Folytatás","transfer-has-started-title":"Az átvitel megkezdődött","transfer-has-started-description":"Haladását lásd az értesítési központban","transferFinished-sentSuccessful-title":"Fájl elküldve","transferFinished-receivedSuccessful-title":"Fájl fogadva","transferFinished-sentFailed-title":"A fájl nem küldhető el","transferFinished-receivedFailed-title":"A fájl nem fogadható","transferReport-title":"Átviteli jelentés:","transferReport-description":"{{numSuccessful}} fájl sikeres, {{numUnsuccessful}} fájl sikertelen","unknown-file":"Ismeretlen fájl","unknown-device":"Ismeretlen eszköz","cannotOpenFile":"A kapott fájl nem nyitható meg","unknownMediaTypeToOpen":"Nem nyitható meg az ismeretlen médiatípus:","cannotReceiveFile":"A fájl nem fogadható","cannotGetStorageState":"Az eszköz tárhelyállapota nem kérhető le","sdcard-not-exist2":"Nem található memóriakártya. Helyezzen be egy memóriakártyát.","sdcard-in-use":"A Bluetooth nem használható, ha a telefon be van dugva. Húzza ki a telefont a fájlok fogadásához.","sdcard-no-space2":"Az átvitel nem fejezhető be: a memóriakártya megtelt.","unknown-error":"Ismeretlen hiba","confirm":"Megerősítés","microphone-is-on":"Mikrofon be","camera-is-on":"Kamera be","media-is-on":"Kamera és mikrofon be","noSimCard":"Nincs SIM kártya","simPin":"SIM PIN kód","pukCode":"PUK kód","nckCode":"NCK kód","cckCode":"CCK kód","spckCode":"SPCK kód","nck1code":"NCK1 kód","nck2code":"NCK2 kód","hnckcode":"HNCK kód","rcckcode":"RCCK kód","rspckcode":"RSPCK kód","whatIsSimPin":"Mi az a SIM PIN kód?","simPinIntro1":"A SIM PIN kód megakadályozza a SIM kártya mobil adathálózatainak elérését. Ha be van kapcsolva, a SIM kártyát tartalmazó bármely eszköz újraindításkor bekéri a PIN kódot.","simPinIntro2":"A SIM PIN kód nem azonos az eszköz feloldására használt jelkóddal.","changeSimPin":"PIN kód módosítása","pinTitle":"Írja be a SIM PIN-t","multiSIMpinTitle":"{{n}}. SIM PIN beírása","pukTitle":"Írja be a PUK kódot","nckTitle":"Írja be az NCK kódot","cckTitle":"Írja be a CCK kódot","spckTitle":"Írja be az SPCK kódot","nck1Title":"NCK1 kód megadása","nck2Title":"NCK2 kód megadása","hnckTitle":"HNCK kód megadása","rcckTitle":"RCCK kód megadása","rspckTitle":"RSPCK kód megadása","newpinTitle":"Új PIN kód","inputCodeRetriesLeft":{"_index":["plural","n"],"_":{"one":"Utolsó kísérlet.","two":"Még {{n}} kísérlete van.","few":"Még {{n}} kísérlete van.","many":"Még {{n}} kísérlete van.","other":"Még {{n}} kísérlete van."}},"pinErrorMsg":"A PIN kód helytelen volt.","pinAttemptMsg2":{"_index":["plural","n"],"_":{"one":"Egy kísérlete van a helyes kód megadására a SIM kártya zárolása előtt.","two":"{{n}} kísérlete van a helyes kód megadására a SIM kártya zárolása előtt.","few":"{{n}} kísérlete van a helyes kód megadására a SIM kártya zárolása előtt.","many":"{{n}} kísérlete van a helyes kód megadására a SIM kártya zárolása előtt.","other":"{{n}} kísérlete van a helyes kód megadására a SIM kártya zárolása előtt."}},"pinLastChanceMsg":"Ez az utolsó lehetősége a helyes PIN kód megadására. Ellenkező esetben a PUK kódot kell megadnia a SIM kártya használatához.","simCardLockedMsg":"A SIM kártya zárolva van.","enterPukMsg":"Meg kell adnia a SIM kártya PUK (személyes feloldókulcs) kódját. További információkért nézze meg a SIM kártya dokumentációját, vagy keresse meg szolgáltatóját.","pukErrorMsg":"A PUK kód helytelen.","pukAttemptMsg2":{"_index":["plural","n"],"_":{"one":"Még egy lehetősége van a helyes kód megadására, mielőtt a SIM kártya véglegesen használhatatlanná válik. További információkért nézze meg a SIM kártya dokumentációját, vagy keresse meg szolgáltatóját.","two":"Még {{n}} lehetősége van a helyes kód megadására, mielőtt a SIM kártya véglegesen használhatatlanná válik. További információkért nézze meg a SIM kártya dokumentációját, vagy keresse meg szolgáltatóját.","few":"Még {{n}} lehetősége van a helyes kód megadására, mielőtt a SIM kártya véglegesen használhatatlanná válik. További információkért nézze meg a SIM kártya dokumentációját, vagy keresse meg szolgáltatóját.","many":"Még {{n}} lehetősége van a helyes kód megadására, mielőtt a SIM kártya véglegesen használhatatlanná válik. További információkért nézze meg a SIM kártya dokumentációját, vagy keresse meg szolgáltatóját.","other":"Még {{n}} lehetősége van a helyes kód megadására, mielőtt a SIM kártya véglegesen használhatatlanná válik. További információkért nézze meg a SIM kártya dokumentációját, vagy keresse meg szolgáltatóját."}},"pukLastChanceMsg":"Ez az utolsó lehetősége a helyes PUK kód megadására. A SIM kártyája véglegesen használhatatlan lesz, ha rossz PUK kódot ad meg. További információkért nézze meg a SIM kártya dokumentációját, vagy keresse meg szolgáltatóját.","newSimPinMsg":"PIN kód létrehozása (4 -- 8 számjegyet tartalmazhat)","confirmNewSimPinMsg":"Új PIN kód megerősítése","newPinErrorMsg":"A PIN kódok nem egyeznek.","nckErrorMsg":"Az NCK kód helytelen.","nckAttemptMsg2":{"_index":["plural","n"],"_":{"one":"A hálózat személytelenítésére vonatkozó kérés sikertelen. Még egy lehetősége van a helyes kód megadására. Nézze meg az eszköz dokumentációját, vagy keresse meg szolgáltatóját.","two":"A hálózat személytelenítésére vonatkozó kérés sikertelen. Még {{n}} lehetősége van a helyes kód megadására. Nézze meg az eszköz dokumentációját, vagy keresse meg szolgáltatóját.","few":"A hálózat személytelenítésére vonatkozó kérés sikertelen. Még {{n}} lehetősége van a helyes kód megadására. Nézze meg az eszköz dokumentációját, vagy keresse meg szolgáltatóját.","many":"A hálózat személytelenítésére vonatkozó kérés sikertelen. Még {{n}} lehetősége van a helyes kód megadására. Nézze meg az eszköz dokumentációját, vagy keresse meg szolgáltatóját.","other":"A hálózat személytelenítésére vonatkozó kérés sikertelen. Még {{n}} lehetősége van a helyes kód megadására. Nézze meg az eszköz dokumentációját, vagy keresse meg szolgáltatóját."}},"nckLastChanceMsg":"A hálózat személytelenítésére vonatkozó kérés sikertelen. Ez az utolsó lehetősége a helyes NCK kód megadására. Nézze meg az eszköz dokumentációját, vagy keresse meg szolgáltatóját.","activity-pick":"Válasszon ezekből:","activity-view":"Megjelenítés ezzel:","activity-test":"Tesztelés ezzel:","activity-share":"Megosztás ezzel:","activity-new":"Létrehozás ezzel:","activity-open":"Megnyitás ezzel:","activity-save-bookmark":"Könyvjelző ebbe:","activity-record":"Rögzítés innen:","activity-browse":"Tallózás ezzel:","activity-configure":"Konfigurálás ezzel:","activity-dial":"Tárcsázás innen:","persona-signin":"Bejelentkezés","payment-flow":"Vásárlás","remoteDebuggerMessage":"Bejövő kérés érkezett távoli hibakereső kapcsolat engedélyezésére. Engedélyezi a kapcsolatot?","fullscreen-request":"{{origin}} teljes képernyős.","captive-wifi-available":"{{networkName}} hálózat elérhető. Kapcsolódik?","ceWarningtitle":"Hangerő-beállítás","ceWarningcontent":"A halláskárosodás megelőzése érdekében ne használjon sokáig nagy hangerőt.","notification-powersaving-mode-on-title":"Energiatakarékos mód","notification-powersaving-mode-on-description":"Energiatakarékos mód be.","low-device-storage":"Kevés a hely az eszközön.\\n","free-space":{"_index":["plural","value"],"_":{"zero":"Nincs több szabad hely.","one":"Kevesebb, mint {{value}} {{unit}} maradt.","two":"Kevesebb, mint {{value}} {{unit}} maradt.","few":"Kevesebb, mint {{value}} {{unit}} maradt.","many":"Kevesebb, mint {{value}} {{unit}} maradt.","other":"Kevesebb, mint {{value}} {{unit}} maradt."}},"unknown-free-space":"Ismeretlen maradék hely.","system-alert":"Rendszerértesítés","cb-channel":"{{channel}} csatorna","cb-etws-warningType-earthquake":"Földrengés veszély!","cb-etws-warningType-tsunami":"Szökőár veszély!","cb-etws-warningType-earthquake-tsunami":"Földrengés-szökőár veszély!","cb-etws-warningType-test":"Riasztórendszer tesztelve.","cb-etws-warningType-other":"Vészhelyzet!","icc-message-maintitle":"Operator message","icc-message-subtitle":"SIM {{id}}","icc-confirmCall-defaultmessage":"Felhívja: {{number}}?","icc-alertMessage-defaultmessage":"Üzenet küldése","icc-confirmMessage-defaultmessage":"Elküldi az üzenetet?","icc-inputbox-maintitle":"STK Query","icc-inputbox-subtitle":"SIM {{id}}","emergency-callback-mode":"Vészvisszahívás mód","emergency-callback-message":"Nem tud hívást kezdeményezni, üzenetet küldeni és internetezni a bekapcsolt vészvisszahívási mód miatt. Ki szeretné kapcsolni ezt a módot?","cdma-record-info":"CDMA rekordinformációk","ime-switching-title":"{{appName}}: {{name}}","ime-switching-tip":"Koppintson a bevitelimód-váltáshoz","shrinking-tip":"Csúsztasson a megosztáshoz","download_started":"Letöltés elindult","download_stopped":"Letöltés leállt","download_downloading":"Letöltés…","download_succeeded":"Letöltés befejeződött","download_failed":"Letöltés meghiúsult","download_text_by_default":"{{name}}","download_downloading_text_2":"{{percentage}}% - {{name}}","search-or-enter-address":{"_":"Keresés vagy cím","placeholder":"Keresés vagy cím"},"noSIMCardInHotspot":"A SIM kártya hiányzik vagy helytelenül van behelyezve, hotspot kikapcsolása","noHopspotWhenAPMisOn":"Kapcsolja ki a repülő módot a Wi-Fi hotspot használatához","apmActivated":"A repülő mód be van kapcsolva","open-in-new-tab":"Megnyitás új lapon","add-link-to-home-screen":"Link hozzáadása a kezdőképernyőhöz","share-link":"Link megosztása","save-image":"Kép mentése","save-video":"Videó mentése","save-audio":"Hang mentése","save-link":"Save linked file","share-image":"Share Image","share-video":"Share Video","share-audio":"Share Audio","weekday-0-long":"Vasárnap","weekday-1-long":"Hétfő","weekday-2-long":"Kedd","weekday-3-long":"Szerda","weekday-4-long":"Csütörtök","weekday-5-long":"Péntek","weekday-6-long":"Szombat","weekday-0-short":"Va.","weekday-1-short":"Hé.","weekday-2-short":"Ke.","weekday-3-short":"Sze.","weekday-4-short":"Csü.","weekday-5-short":"Pé.","weekday-6-short":"Szo.","month-0-long":"Január","month-1-long":"Február","month-2-long":"Március","month-3-long":"Április","month-4-long":"Május","month-5-long":"Június","month-6-long":"Július","month-7-long":"Augusztus","month-8-long":"Szeptember","month-9-long":"Október","month-10-long":"November","month-11-long":"December","month-0-genitive":"Január","month-1-genitive":"Február","month-2-genitive":"Március","month-3-genitive":"Április","month-4-genitive":"Május","month-5-genitive":"Június","month-6-genitive":"Július","month-7-genitive":"Augusztus","month-8-genitive":"Szeptember","month-9-genitive":"Október","month-10-genitive":"November","month-11-genitive":"December","month-0-short":"Jan","month-1-short":"Feb","month-2-short":"Már","month-3-short":"Ápr","month-4-short":"Máj","month-5-short":"Jún","month-6-short":"Júl","month-7-short":"Aug","month-8-short":"Szep","month-9-short":"Okt","month-10-short":"Nov","month-11-short":"Dec","minutes-ago-long":{"_index":["plural","value"],"_":{"zero":"épp most","one":"egy perccel ezelőtt","two":"{{value}} perccel ezelőtt","few":"{{value}} perccel ezelőtt","many":"{{value}} perccel ezelőtt","other":"{{value}} perccel ezelőtt"}},"hours-ago-long":{"_index":["plural","value"],"_":{"zero":"épp most","one":"egy órája","two":"{{value}} órával ezelőtt","few":"{{value}} órával ezelőtt","many":"{{value}} órával ezelőtt","other":"{{value}} órával ezelőtt"}},"days-ago-long":{"_index":["plural","value"],"_":{"zero":"ma","one":"tegnap","two":"{{value}} nappal ezelőtt","few":"{{value}} nappal ezelőtt","many":"{{value}} nappal ezelőtt","other":"{{value}} nappal ezelőtt"}},"weeks-ago-long":{"_index":["plural","value"],"_":{"zero":"ez a hét","one":"múlt hét","two":"{{value}} héttel ezelőtt","few":"{{value}} héttel ezelőtt","many":"{{value}} héttel ezelőtt","other":"{{value}} héttel ezelőtt"}},"months-ago-long":{"_index":["plural","value"],"_":{"zero":"ez a hónap","one":"előző hónap","two":"{{value}} hónappal ezelőtt","few":"{{value}} hónappal ezelőtt","many":"{{value}} hónappal ezelőtt","other":"{{value}} hónappal ezelőtt"}},"years-ago-long":{"_index":["plural","value"],"_":{"zero":"ez az év","one":"tavaly","two":"{{value}} évvel ezelőtt","few":"{{value}} évvel ezelőtt","many":"{{value}} évvel ezelőtt","other":"{{value}} évvel ezelőtt"}},"minutes-until-long":{"_index":["plural","value"],"_":{"zero":"most","one":"egy percen belül","two":"{{value}} percen belül","few":"{{value}} percen belül","many":"{{value}} percen belül","other":"{{value}} percen belül"}},"hours-until-long":{"_index":["plural","value"],"_":{"zero":"most","one":"egy órán belül","two":"{{value}} órán belül","few":"{{value}} órán belül","many":"{{value}} órán belül","other":"{{value}} órán belül"}},"days-until-long":{"_index":["plural","value"],"_":{"zero":"ma","one":"holnap","two":"{{value}} napon belül","few":"{{value}} napon belül","many":"{{value}} napon belül","other":"{{value}} napon belül"}},"weeks-until-long":{"_index":["plural","value"],"_":{"zero":"ez a hét","one":"következő hét","two":"{{value}} héten belül","few":"{{value}} héten belül","many":"{{value}} héten belül","other":"{{value}} héten belül"}},"months-until-long":{"_index":["plural","value"],"_":{"zero":"ez a hónap","one":"következő hónap","two":"{{value}} héten belül","few":"{{value}} héten belül","many":"{{value}} héten belül","other":"{{value}} héten belül"}},"years-until-long":{"_index":["plural","value"],"_":{"zero":"ez az év","one":"következő év","two":"{{value}} éven belül","few":"{{value}} éven belül","many":"{{value}} éven belül","other":"{{value}} éven belül"}},"minutes-ago-short":{"_index":["plural","value"],"_":{"zero":"épp most","other":"{{value}}p ezelőtt"}},"hours-ago-short":{"_index":["plural","value"],"_":{"zero":"épp most","other":"{{value}}ó ezelőtt"}},"days-ago-short":{"_index":["plural","value"],"_":{"zero":"ma","other":"{{value}}n ezelőtt"}},"minutes-until-short":{"_index":["plural","value"],"_":{"zero":"most","other":"{{value}} percen belül"}},"hours-until-short":{"_index":["plural","value"],"_":{"zero":"most","other":"{{value}} órán belül"}},"days-until-short":{"_index":["plural","value"],"_":{"zero":"ma","other":"{{value}} napon belül"}},"incorrectDate":"(helytelen dátum)","dateTimeFormat_%c":"%Y. %b %d %a %H:%M:%S","dateTimeFormat_%x":"%Y. %m. %d.","dateTimeFormat_%X":"%H:%M:%S","shortTimeFormat":"%H:%M","shortDateTimeFormat":"%x %H:%M","weekStartsOnMonday":"0","time_am":"DE","time_pm":"DU","title-app":"App jogosultságok","title-web":"Webhely jogosultságok","title-cam":"Kamera kiválasztása","perm-contacts":"Névjegyek","perm-contacts-appRequest":"{{app}} el szeretné érni a névjegyek listáját.","perm-contacts-webRequest":"{{site}} el szeretné érni a névjegyek listáját.","perm-desktop-notification":"Értesítések","perm-desktop-notification-appRequest":"{{app}} szeretne értesítéseket megjeleníteni.","perm-desktop-notification-webRequest":"{{site}} szeretne értesítéseket megjeleníteni.","perm-device-storage-music":"Zene tárhely","perm-device-storage-music-appRequest":"{{app}} el szeretné érni a zenéit.","perm-device-storage-music-webRequest":"{{site}} el szeretné érni a zenéit.","perm-device-storage-pictures":"Képek tárhely","perm-device-storage-pictures-appRequest":"{{app}} el szeretné érni a képeit.","perm-device-storage-pictures-webRequest":"{{site}} el szeretné érni a képeit.","perm-device-storage-sdcard":"SD-kártya tárhely","perm-device-storage-sdcard-appRequest":"{{app}} el szeretné érni a memóriakártyáját.","perm-device-storage-sdcard-webRequest":"{{site}} el szeretné érni a memóriakártyáját.","perm-device-storage-videos":"Videotárhely","perm-device-storage-videos-appRequest":"{{app}} el szeretné érni a videóit.","perm-device-storage-videos-webRequest":"{{site}} el szeretné érni a videóit.","perm-fmradio":"FM rádió","perm-fmradio-appRequest":"{{app}} szeretné használni az FM rádiót.","perm-fmradio-webRequest":"{{site}} szeretné használni az FM rádiót.","perm-geolocation":"Helymeghatározás","perm-geolocation-appRequest":"{{app}} szeretné tudni az Ön földrajzi helyzetét.","perm-geolocation-webRequest":"{{site}} szeretné tudni az Ön földrajzi helyzetét.","perm-geolocation-more-info":"A {{brandShortName}} a GPS, Wi-Fi és a közeli mobil hálózatok adatainak használatával határozza meg a megközelítő helyét. A Mozillának és más szolgáltatóknak adatok kerülnek elküldésre, amelyek összesítve azok helyadatbázisainak javítására lesznek felhasználva. Az eszközén adatok kerülhetnek tárolásra, és adatgyűjtés történhet akkor is, ha nem futnak appok.","perm-video-capture":"Kamera","perm-video-capture-appRequest":"Szeretné megosztani kameráját ezzel: {{app}}?","perm-video-capture-webRequest":"Szeretné megosztani kameráját ezzel: {{site}}?","perm-audio-capture":"Mikrofon","perm-audio-capture-appRequest":"Szeretné megosztani mikrofonját ezzel: {{app}}?","perm-audio-capture-webRequest":"Szeretné megosztani mikrofonját ezzel: {{site}}?","perm-media-capture":"Kamera és mikrofon","perm-media-capture-appRequest":"Szeretné megosztani kameráját és mikrofonját ezzel: {{app}}?","perm-media-capture-webRequest":"Szeretné megosztani kameráját és mikrofonját ezzel: {{site}}?","perm-camera-selector-appRequest":"Kamera kiválasztása ehhez: {{app}}.","perm-camera-selector-webRequest":"Kamera kiválasztása ehhez: {{site}}.","perm-mobileid":"Mobilazonosító","stopped_download_title":"A letöltés leállítva","stopped_download_message":"A letöltés le lett állítva. Megpróbálja újra?","stopped_download_left_button":"Mégse","stopped_download_right_button":"Újra","failed_download_title":"Letöltés sikertelen","failed_download_message":"{{name}} letöltése nem sikerült. Megpróbálja újra?","failed_download_left_button":"Mégse","failed_download_right_button":"Újra","stop_download_title":"Letöltés leállítása","stop_download_message":"Biztos, hogy leállítja a letöltést?","stop_download_left_button":"Nem","stop_download_right_button":"Igen","delete_download_title":"Törlés","delete_download_message":"Törli ezt: {{name}}?","delete_download_left_button":"Mégse","delete_download_right_button":"Törlés","delete_all_download_title":"Törlés","delete_all_download_left_button":"Mégse","delete_all_download_right_button":"Törlés","delete_all_download_message":{"_index":["plural","number"],"_":{"zero":"Egy fájlt sem töröl?","one":"Töröl egy fájlt?","two":"Töröl {{number}} fájlt?","few":"Töröl {{number}} fájlt?","many":"Töröl {{number}} fájlt?","other":"Töröl {{number}} fájlt?"}},"unsupported_file_type_download_title":"Nem lehet megnyitni","unsupported_file_type_download_message":"Nincs a(z) {{name}} megnyitására képes app. Menteni vagy törölni szeretné a fájlt?","unsupported_file_type_download_left_button":"Megtartás","unsupported_file_type_download_right_button":"Törlés","file_not_found_download_title":"A fájl nem található","file_not_found_download_message":"A fájl nem található az eszközön","file_not_found_download_right_button":"OK","unmounted_sdcard_2_download_title":"A memóriakártya használatban van","unmounted_sdcard_2_download_message":"Húzza ki a telefont","unmounted_sdcard_2_download_right_button":"OK","no_provider_download_title":"Nem lehet megosztani","no_provider_download_message":"Nem található szolgáltató","no_provider_download_right_button":"OK","no_memory_download_title":"Az SD-kártya tele","no_memory_download_message":"Nincs több szabad tárhely az SD-kártyán a letöltés tárolásához. A letöltés újraindítása előtt távolítson el néhány fájlt az SD-kártyáról.","no_memory_download_right_button":"OK","no_sdcard_found_2_download_title":"Nem található memóriakártya","no_sdcard_found_2_download_message":"Helyezzen be memóriakártyát, vagy válasszon másik alapértelmezett médiahelyet a beállításokban.","no_sdcard_found_2_download_right_button":"OK","file_open_error_download_title":"Nem lehet megnyitni","file_open_error_download_message":"Hiba a(z) {{name}} megnyitásakor. Menteni vagy törölni szeretné a fájlt?","file_open_error_download_left_button":"Megtartás","file_open_error_download_right_button":"Törlés","restart_download_error":"Hiba történt a letöltés újraindításakor. Próbálja újra letölteni.","no-downloads":"Nincs letöltés","percentage":"{{percentage}} %","partialResult":"{{partial}}/{{total}}","summary":"{{date}} - {{status}}","download-stopped":"Leállítva","download-failed":"A letöltés meghiúsult","open_downloaded_file":"Megnyitás","share_downloaded_file":"Megosztás","wallpaper_downloaded_file":"Beállítás háttérképként","ringtone_downloaded_file":"Beállítás csengőhangként","cancel_downloaded_file":"Mégse","voicemailNoNumberTitle":"A hangposta száma nem érhető el","voicemailNoNumberText":"A hangposta hívása sikertelen. Állítson be egy telefonszámot a híváshoz.","voicemailNoNumberSettings":"Beállítások","voicemailNoNumberCancel":"Mégse","resend":"Újraküldés","connecting":"Kapcsolódás","verify":"Ellenőrzés","verifying":"Ellenőrzés","verified":"Ellenőrizve","mobileIDExplanation":"A(z) {{app_name}} szeretné ismerni és ellenőrizni a telefonszámot. Válassza ki, melyiket szeretné megosztani, vagy adjon meg egy újat.","verificationCodeExplanation":"Elküldtünk egy kódot ennek: {{phone_number}}. Megpróbáljuk automatikusan észlelni, de ha nincs használatban a készüléken, akkor saját kezűleg kell megadnia.","successMessage":"Nagyszerű! A(z) {{phone_number}} szám mostantól ellenőrzött, és elérhető az {{app_name}} számára.","serverErrorMessage":"Az ellenőrzési kiszolgáló most nem érhető el. Ellenőrizze internetkapcsolatát, próbálja újra, vagy várjon pár percet.","timeoutErrorMessage":"Úgy tűnik, probléma van az ellenőrzési kóddal. Próbáljuk meg újra!","errorTitle":"Mobilazonosító","addPhoneNumber":"Vagy vegye fel telefonszámát","selectPhoneNumber":"Vagy válasszon egy telefonszámot a listából"}