{"firefox-accounts-title":"Firefox Account","fxa-next":"Avanti","fxa-back":"Indietro","fxa-done":"Fine","fxa-ok":"OK","fxa-connection-error-title":"Impossibile connettersi","fxa-connection-error-message":"È possibile creare un account o accedere da Impostazioni","fxa-reset-password-error-title":"Reimposta password","fxa-reset-password-error-message":"È possibile reimpostare la password da Impostazioni","fxa-coppa-failure-error-title":"Impossibile creare l’account","fxa-coppa-failure-error-message":"Per creare un account è necessario rispettare alcuni requisiti sull’età. {{learnmore}}.","fxa-learn-more":"Ulteriori informazioni","fxa-offline-error-title":"Impossibile connettersi","fxa-offline-error-message":"Attivare una connessione Internet in Impostazioni.","fxa-invalid-email-title":"Errore","fxa-invalid-email-message":"Inserire un indirizzo email valido.","fxa-invalid-password-title":"Password non corretta","fxa-invalid-password-message":"Verificare la password e riprovare","fxa-unknown-error-title":"Impossibile connettersi","fxa-unknown-error-message":"Sistema non disponibile, riprovare più tardi.","fxa-connecting":"Connessione…","fxa-enter-email-input":{"placeholder":"Indirizzo email"},"fxa-use-email-to-sign-in":"Utilizzare il proprio indirizzo email per creare un account o accedere.","fxa-notice":"Proseguendo si accettano i {{tos}} e l’{{pn}} dei servizi Firefox cloud.","fxa-tos":"termini di utilizzo","fxa-pn":"informativa sulla privacy","fxa-create-password-title":"Creazione password","fxa-enter-password-title":"Inserire una password","fxa-hello-user":"Benvenuto {{email}}","fxa-password-refresh":"Per proseguire inserire la password di Firefox Account.","fxa-password":{"placeholder":"Password"},"fxa-forgot-your-password":"Password dimenticata?","fxa-show-password":"Mostra password","fxa-password-length-requirement":"La password deve essere di almeno 8 caratteri.","fxa-success":"Operazione completata","fxa-ready-to-go":"Firefox Account è pronto per l’uso","fxa-use-features":"Ora è possibile utilizzare funzioni come Trova dispositivo e app come Firefox Marketplace.","fxa-access-manage-account-settings":"In futuro sarà possibile accedere e gestire l’account da Impostazioni.","fxa-confirm-account":"Conferma account","fxa-will-send-email":"Invieremo un’email a: {{email}}","fxa-signup-click-verification-link-in-email":"Fare clic sul link di verifica contenuto nell’email per attivare Firefox Account.","fxa-age-verification":"Verifica età","fxa-age-1990-earlier":"1990 o precedente","fxa-year-of-birth":"Anno di nascita","brandShortName":"B2G OS","browserBrandShortName":"Browser web","browserBrandFullName":"Browser web Mozilla","accessibility-enableScreenReaderSteps":"Per attivare il Lettore schermo premere per 3 volte volume su e volume giù","accessibility-disableScreenReaderSteps":"Per disattivare il Lettore schermo premere per 3 volte volume su e volume giù","accessibility-screenReaderStarted":"Utilità per la lettura dello schermo avviata","accessibility-screenReaderStopped":"Utilità per la lettura dello schermo interrotta","accessibility-menubar":"barra dei menu","accessibility-scrollbar":"barra di scorrimento","accessibility-grip":"presa","accessibility-alert":"avviso","accessibility-menupopup":"menu popup","accessibility-document":"documento","accessibility-pane":"riquadro","accessibility-dialog":"dialogo","accessibility-separator":"separatore","accessibility-toolbar":"barra degli strumenti","accessibility-statusbar":"barra di stato","accessibility-table":"tabella","accessibility-columnheader":"intestazione di colonna","accessibility-rowheader":"intestazione di riga","accessibility-column":"colonna","accessibility-row":"riga","accessibility-cell":"cella","accessibility-link":"link","accessibility-list":"elenco","accessibility-listitem":"elemento casella di riepilogo","accessibility-outline":"struttura ad albero","accessibility-outlineitem":"elemento struttura ad albero","accessibility-pagetab":"scheda","accessibility-propertypage":"pagina proprietà","accessibility-graphic":"grafica","accessibility-pushbutton":"pulsante","accessibility-checkbutton":"pulsante con segno di spunta","accessibility-radiobutton":"pulsante di opzione","accessibility-combobox":"casella combinata","accessibility-progressbar":"indicatore di stato","accessibility-slider":"dispositivo di scorrimento","accessibility-spinbutton":"pulsante di selezione","accessibility-diagram":"diagramma","accessibility-animation":"animazione","accessibility-equation":"equazione","accessibility-buttonmenu":"menu pulsante","accessibility-whitespace":"spazio bianco","accessibility-pagetablist":"elenco schede","accessibility-canvas":"canvas","accessibility-checkmenuitem":"elemento del menu con segno di spunta","accessibility-label":"etichetta","accessibility-passwordtext":"password","accessibility-radiomenuitem":"elemento pulsante di opzione","accessibility-textcontainer":"contenitore testo","accessibility-togglebutton":"interruttore","accessibility-treetable":"tabella ad albero","accessibility-header":"testata","accessibility-footer":"piede","accessibility-paragraph":"paragrafo","accessibility-entry":"voce","accessibility-caption":"didascalia","accessibility-heading":"titolo","accessibility-section":"sezione","accessibility-form":"modulo","accessibility-comboboxlist":"elenco casella combinata","accessibility-comboboxoption":"opzione casella combinata","accessibility-imagemap":"mappa immagine","accessibility-listboxoption":"opzione casella di riepilogo","accessibility-listbox":"casella di riepilogo","accessibility-flatequation":"equazione flat","accessibility-gridcell":"cella della griglia","accessibility-note":"nota","accessibility-figure":"figura","accessibility-definitionlist":"elenco definizioni","accessibility-term":"termine","accessibility-definition":"definizione","accessibility-textarea":"area di testo","accessibility-textInputType_date":"data","accessibility-textInputType_email":"email","accessibility-textInputType_search":"ricerca","accessibility-textInputType_tel":"telefono","accessibility-textInputType_url":"URL","accessibility-headingLevel":"titolo di livello {{0}}","accessibility-listStart":"Primo elemento","accessibility-listEnd":"Ultimo elemento","accessibility-listItemsCount":{"_index":["plural","count"],"_":{"zero":"{{count}} elementi","one":"{{count}} elemento","two":"{{count}} elementi","few":"{{count}} elementi","many":"{{count}} elementi","other":"{{count}} elementi"}},"accessibility-objItemOfN":"{{0}} di {{1}}","accessibility-banner":"banner","accessibility-complementary":"complementare","accessibility-contentinfo":"info contenuti","accessibility-main":"principale","accessibility-navigation":"navigazione","accessibility-search":"ricerca","accessibility-tblColumnInfo":{"_index":["plural","count"],"_":{"zero":"con {{count}} colonne","one":"con {{count}} colonna","two":"con {{count}} colonne","few":"con {{count}} colonne","many":"con {{count}} colonne","other":"con {{count}} colonne"}},"accessibility-tblRowInfo":{"_index":["plural","count"],"_":{"zero":"e {{count}} righe","one":"= e {{count}} riga","two":"e {{count}} righe","few":"e {{count}} righe","many":"e {{count}} righe","other":"e {{count}} righe"}},"accessibility-columnInfo":"Colonna {{0}}","accessibility-rowInfo":"Riga {{0}}","accessibility-spansColumns":{"_index":["plural","0"],"_":{"zero":"estesa a {{0}} colonne","one":"estesa a {{0}} colonna","two":"estesa a {{0}} colonne","few":"estesa a {{0}} colonne","many":"estesa a {{0}} colonne","other":"estesa a {{0}} colonne"}},"accessibility-spansRows":{"_index":["plural","0"],"_":{"zero":"estesa a {{0}} righe","one":"estesa a {{0}} riga","two":"estesa a {{0}} righe","few":"estesa a {{0}} righe","many":"estesa a {{0}} righe","other":"estesa a {{0}} righe"}},"accessibility-jumpAction":"saltato","accessibility-pressAction":"premuto","accessibility-checkAction":"selezionato","accessibility-uncheckAction":"non selezionato","accessibility-selectAction":"selezionato","accessibility-unselectAction":"non selezionato","accessibility-openAction":"aperto","accessibility-closeAction":"chiuso","accessibility-switchAction":"cambiato","accessibility-clickAction":"fatto clic","accessibility-collapseAction":"compresso","accessibility-expandAction":"espanso","accessibility-activateAction":"attivato","accessibility-cycleAction":"in ciclo","accessibility-hidden":"nascosto","accessibility-tabLoading":"caricamento in corso","accessibility-tabLoaded":"caricato","accessibility-tabNew":"nuova scheda","accessibility-tabLoadStopped":"caricamento interrotto","accessibility-tabReload":"aggiornamento in corso","accessibility-stateChecked":"selezionato","accessibility-stateNotChecked":"non selezionato","accessibility-statePressed":"premuto","accessibility-stateExpanded":"espanso","accessibility-stateCollapsed":"compresso","accessibility-stateUnavailable":"non disponibile","accessibility-stateRequired":"obbligatorio","accessibility-stateTraversed":"visitato","accessibility-stateHasPopup":"ha dei popup","accessibility-stateSelected":"selezionato","accessibility-editingMode":"in modifica","accessibility-navigationMode":"in navigazione","accessibility-quicknav_Simple":"Predefinito","accessibility-quicknav_Anchor":"Ancoraggi","accessibility-quicknav_Button":"Pulsanti","accessibility-quicknav_Combobox":"Caselle combinate","accessibility-quicknav_Landmark":"Riferimenti","accessibility-quicknav_Entry":"Voci","accessibility-quicknav_FormElement":"Elementi del modulo","accessibility-quicknav_Graphic":"Immagini","accessibility-quicknav_Heading":"Titoli","accessibility-quicknav_ListItem":"Voci dell’elenco","accessibility-quicknav_Link":"Collegamenti","accessibility-quicknav_List":"Elenchi","accessibility-quicknav_PageTab":"Schede pagina","accessibility-quicknav_RadioButton":"Pulsanti di opzione","accessibility-quicknav_Separator":"Separatori","accessibility-quicknav_Table":"Tabelle","accessibility-quicknav_Checkbox":"Caselle di controllo","accessibility-menubarAbbr":"barra menu","accessibility-scrollbarAbbr":"barra scorrimento","accessibility-gripAbbr":"presa","accessibility-alertAbbr":"avviso","accessibility-menupopupAbbr":"menu popup","accessibility-documentAbbr":"documento","accessibility-paneAbbr":"riquadro","accessibility-dialogAbbr":"dialogo","accessibility-separatorAbbr":"separatore","accessibility-toolbarAbbr":"barra strumenti","accessibility-statusbarAbbr":"barra stato","accessibility-tableAbbr":"tabella","accessibility-columnheaderAbbr":"intest. colonna","accessibility-rowheaderAbbr":"intest. riga","accessibility-columnAbbr":"colonna","accessibility-rowAbbr":"riga","accessibility-cellAbbr":"cella","accessibility-linkAbbr":"link","accessibility-listAbbr":"elenco","accessibility-listitemAbbr":"elem. elenco","accessibility-outlineAbbr":"albero","accessibility-outlineitemAbbr":"elem. albero","accessibility-pagetabAbbr":"scheda","accessibility-propertypageAbbr":"pag. proprietà","accessibility-graphicAbbr":"grafica","accessibility-pushbuttonAbbr":"pulsante","accessibility-checkbuttonAbbr":"casella controllo","accessibility-radiobuttonAbbr":"pulsante radio","accessibility-comboboxAbbr":"casella combin.","accessibility-progressbarAbbr":"indic. stato","accessibility-sliderAbbr":"disp. scorrimento","accessibility-spinbuttonAbbr":"pulsante selez.","accessibility-diagramAbbr":"diagramma","accessibility-animationAbbr":"animazion","accessibility-equationAbbr":"equazione","accessibility-buttonmenuAbbr":"pulsante menu","accessibility-whitespaceAbbr":"spazio vuoto","accessibility-pagetablistAbbr":"elenco schede","accessibility-canvasAbbr":"canvas","accessibility-checkmenuitemAbbr":"voce menu con spunta","accessibility-labelAbbr":"etichetta","accessibility-passwordtextAbbr":"testo password","accessibility-radiomenuitemAbbr":"elem. menu radio","accessibility-textcontainerAbbr":"contenitore testo","accessibility-togglebuttonAbbr":"interruttore","accessibility-treetableAbbr":"tabella albero","accessibility-headerAbbr":"intestaz.","accessibility-footerAbbr":"piede","accessibility-paragraphAbbr":"paragrafo","accessibility-entryAbbr":"voce","accessibility-captionAbbr":"didascalia","accessibility-headingAbbr":"titolo","accessibility-sectionAbbr":"sezione","accessibility-formAbbr":"modulo","accessibility-comboboxlistAbbr":"elenco casella combinata","accessibility-comboboxoptionAbbr":"elem. casella combinata","accessibility-imagemapAbbr":"mappa immag.","accessibility-listboxoptionAbbr":"opzione","accessibility-listboxAbbr":"casella riepilogo","accessibility-flatequationAbbr":"equazione flat","accessibility-gridcellAbbr":"cella della griglia","accessibility-noteAbbr":"nota","accessibility-figureAbbr":"fig","accessibility-definitionlistAbbr":"lista definizioni","accessibility-termAbbr":"term.","accessibility-definitionAbbr":"definiz.","accessibility-textareaAbbr":"area testo","accessibility-tblColumnInfoAbbr":{"_index":["plural","count"],"_":{"one":"{{count}}c","two":"{{count}}c","few":"{{count}}c","many":"{{count}}c","other":"{{count}}c"}},"accessibility-tblRowInfoAbbr":{"_index":["plural","count"],"_":{"one":"{{count}}r","two":"{{count}}r","few":"{{count}}r","many":"{{count}}r","other":"{{count}}r"}},"accessibility-cellInfoAbbr":"c{{0}}r{{1}}","accessibility-stateCheckedAbbr":"(x)","accessibility-stateUncheckedAbbr":"( )","accessibility-statePressedAbbr":"(x)","accessibility-stateUnpressedAbbr":"( )","ok":"OK","back":"Indietro","help":"Aiuto","cancel":"Annulla","close":"Chiudi","skip":"Ignora","clear":{"ariaLabel":"Cancella"},"undo":{"ariaLabel":"Annulla"},"airplaneMode":"Modalità aereo","searching":"Ricerca…","noNetwork":"Nessuna rete","roaming":"{{operator}} (roaming)","operator-info":"{{carrier}} {{region}}","emergencyCallsOnly":"Solo chiamate d’emergenza","emergencyCallsOnly-unknownSIMState":"(stato SIM sconosciuto)","emergencyCallsOnly-noSIM":"(SIM non presente)","emergencyCallsOnly-pinRequired":"(richiesto PIN SIM)","emergencyCallsOnly-pukRequired":"(richiesto PUK SIM)","emergencyCallsOnly-networkLocked":"(blocco rete)","emergencyCallsOnly-serviceProviderLocked":"(blocco gestore)","emergencyCallsOnly-corporateLocked":"(blocco aziendale)","emergencyCallsOnly-network1Locked":"(blocco network1)","emergencyCallsOnly-network2Locked":"(blocco network2)","emergencyCallsOnly-hrpdNetworkLocked":"(blocco rete hrpd)","emergencyCallsOnly-ruimCorporateLocked":"(blocco ruim aziendale)","emergencyCallsOnly-ruimServiceProviderLocked":"(blocco ruim gestore)","enterPIN":"Inserire PIN","mediaPlaybackTitle":{"ariaLabel":"Titolo"},"mediaPlaybackArtist":{"ariaLabel":"Artista"},"mediaPlaybackControls":{"ariaLabel":"Controlli esecuzione"},"mediaPlaybackPrevious":{"ariaLabel":"Precedente"},"mediaPlaybackPlay":"Avvia","mediaPlaybackPause":"Metti in pausa","mediaPlaybackNext":{"ariaLabel":"Successivo"},"wifiButton-on":"Wi-Fi attivo","wifiButton-on-initializing":"Wi-Fi attivo, inizializzazione","wifiButton-off":"Wi-Fi disattivato","dataButton-on":"Connessione dati {{type}} attiva","dataButton-off":"Connessione dati {{type}} disattivata","bluetoothButton-on":"Bluetooth attivo","bluetoothButton-on-initializing":"Bluetooth attivo, inizializzazione","bluetoothButton-off":"Bluetooth disattivato","airplaneMode-on":"Modalità aereo attiva","airplaneMode-off":"Modalità aereo disattivata","settingsButton":{"ariaLabel":"Impostazioni"},"utilityTrayGrippy":{"ariaLabel":"Chiudi area notifiche"},"statusbarLabel":"{{date}} {{operator}}","statusbarDateFormat":"%e %b.","statusbar":{"ariaLabel":"Barra di stato"},"statusbarBattery":"Batteria {{level}} per cento","statusbarBatteryCharging":"Batteria {{level}} per cento, in carica","statusbarFlightMode":{"ariaLabel":"Modalità aereo attiva"},"statusbarWiFiConnecting":"Wi-Fi: in connessione","statusbarWiFiConnected":"Wi-Fi: {{level}} di 4 barre","statusbarSignal":"Rete {{operator}}, {{level}} di 5 barre","statusbarSignalRoaming":"Rete {{operator}} (roaming), {{level}} di 5 barre","statusbarSignalNoneSearching":"In ricerca, solo chiamate di emergenza","statusbarHeadphones":{"ariaLabel":"Cuffie attive"},"statusbarBluetoothHeadphones":{"ariaLabel":"Cuffie Bluetooth attive"},"statusbarBluetoothTransferring":{"ariaLabel":"Trasferimento Bluetooth attivo"},"statusbarIconOn-tethering":"Tethering attivo","statusbarIconOnActive-tethering":"Tethering attivo, in trasferimento","statusbarAlarm":{"ariaLabel":"Allarme attivo"},"statusbarIconOn-bluetooth":"Bluetooth attivo","statusbarIconOnActive-bluetooth":"Bluetooth attivo, in trasferimento","statusbarIconOn-mute":"Audio disattivato","statusbarIconOn-vibration":"Vibrazione attiva","statusbarRecording":{"ariaLabel":"Registrazione attiva"},"statusbarGeolocation":{"ariaLabel":"Georilevazione attiva"},"statusbarUsb":{"ariaLabel":"USB attivo"},"statusbarForwarding":"Trasferimento chiamate attivo","statusbarPlaying":{"ariaLabel":"Esecuzione file multimediale in corso"},"statusbarNfc":{"ariaLabel":"NFC attivo"},"statusbarDownloads":{"ariaLabel":"Download in corso…"},"statusbarNetworkActivity":{"ariaLabel":"Rete attiva"},"statusbarEmergencyCBNotification":{"ariaLabel":"Modalità richiamata di emergenza"},"statusbarNotifications":{"_index":["plural","n"],"_":{"one":"{{n}} notifica","two":"{{n}} notifiche","few":"{{n}} notifiche","many":"{{n}} notifiche","other":"{{n}} notifiche"}},"statusbarNotifications-unread":{"_index":["plural","n"],"_":{"one":"{{n}} notifica non letta","two":"{{n}} notifiche non lette","few":"{{n}} notifiche non lette","many":"{{n}} notifiche non lette","other":"{{n}} notifiche non lette"}},"notifications":"Notifiche","clear-all":"Elimina tutto","attentionScreen-tapToShow":"Tocca per visualizzare","newVoicemails":{"_index":["plural","n"],"_":{"zero":"Segreteria: nessun nuovo mess.","one":"Segreteria: un nuovo mess.","two":"Segreteria: {{n}} nuovi mess.","few":"Segreteria: {{n}} nuovi mess.","many":"Segreteria: {{n}} nuovi mess.","other":"Segreteria: {{n}} nuovi mess."}},"newVoicemailsUnknown":"Segreteria: nuovo messaggio.","dialNumber":"Componi {{number}}","voicemailNotificationMultiSim":"(SIM {{n}}) {{title}}","confirmNFCConnectBTenabledNameUnknown":"Attivare la connessione con il dispositivo?","confirmNFCConnectBTdisabledNameUnknown":"Attivare Bluetooth e connettersi con il dispositivo?","confirmNFCConnectBTenabledNameKnown":"Attivare la connessione con {{deviceName}}?","confirmNFCConnectBTdisabledNameKnown":"Attivare Bluetooth e connettersi con {{deviceName}}?","confirmNFCConnectBTdisabled":"Attiva","dismissNFCConnectBTdisabled":"Annulla","confirmation":"Conferma","deviceMenu":"Telefono","airplane":"Attiva modalità aereo","airplaneOff":"Disattiva modalità aereo","silent":"Modalità silenziosa","normal":"Modalità normale","restart":"Riavvia","power":"Spegni","no-recent-apps":"Nessuna app recente","yes":"Sì","no":"No","dontallow":"Non permettere","allow":"Permetti","dontshare-geolocation":"Non condividere","share-geolocation":"Condividi","dontshare-audio-capture":"Non condividere","share-audio-capture":"Condividi","dontshare-video-capture":"Non condividere","share-video-capture":"Condividi","dontshare-media-capture":"Non condividere","share-media-capture":"Condividi","device-front":"Camera anteriore","device-back":"Camera posteriore","remember-my-choice":"Ricorda questa scelta","more-info":"Altre informazioni…","hide-info":"Nascondi","install-app":"Installare {{name}}?","size":"Dim.","author":"Autore","size-unknown":"Sconosciuto","author-unknown":"Sconosciuto","install":"Installa","bytes":"byte","kB":"kB","MB":"MB","GB":"GB","TB":"TB","PB":"PB","app-install-generic-error":"Download di {{ appName }} interrotto","app-install-download-failed":"Download di {{ appName }} non riuscito","app-install-install-failed":"Installazione di {{ appName }} non riuscita","cancelling-will-not-refund":"L’annullamento non comporta un rimborso. I rimborsi per i contenuti acquistati vengono gestiti direttamente dal venditore.","apps-can-be-installed-later":"È possibile installare successivamente le app dal percorso di installazione originale.","are-you-sure-you-want-to-cancel":"Annullare questa installazione?","cancel-install":"Annulla installazione","cancel-install-button":"Annulla","resume":"Riprendi","continue":"Continua","stopDownloading":"Interrompere il download di {{ app }}?","app-download-can-be-restarted":"Questo download può essere riavviato successivamente.","app-download-stop-button":"Interrompi download","not-enough-space":"Spazio insufficiente","not-enough-space-message":"Lo spazio disponibile non è sufficiente per l’installazione di questa app. Liberare spazio eliminando vecchie app o file multimediali e riprovare l’installazione dalla fonte originale.","app-install-success":"{{ appName }} installata","setup":"Configura","ime-addkeyboards":"Aggiungi tastiere","later":"Più tardi","download":"Download","wantToDownload":"Scaricarlo adesso?","wantToInstall":"Installare l’aggiornamento adesso?","installNow":"Installa adesso","notNow":"Non adesso","downloadingUpdateMessage":{"innerHTML":"Download degli aggiornamenti… <span>Scaricato {{ progress }}.</span>"},"downloadingAppMessage":"Download in corso di {{ appName }}","downloadingAppProgressNoMax":"{{ progress }} scaricato","downloadingAppProgressIndeterminate":"Download…","downloadingAppProgress":"{{ progress }} / {{ max }} scaricato","cancelAllDownloads":"Annulla tutti i download","wantToCancelAll":"Annullare tutti i download?","downloadError":"Si è verificato un errore durante il download degli aggiornamenti.","updateAvailableInfo":{"innerHTML":{"_index":["plural","n"],"_":{"one":"{{ n }} aggiornamento disponibile. <span>Tocca per ulteriori informazioni.</span>","two":"{{ n }} aggiornamenti disponibili. <span>Tocca per ulteriori informazioni.</span>","few":"{{ n }} aggiornamenti disponibili. <span>Tocca per ulteriori informazioni.</span>","many":"{{ n }} aggiornamenti disponibili. <span>Tocca per ulteriori informazioni.</span>","other":"{{ n }} aggiornamenti disponibili. <span>Tocca per ulteriori informazioni.</span>"}}},"numberOfUpdates":{"_index":["plural","n"],"_":{"one":"{{ n }} aggiornamento disponibile","two":"{{ n }} aggiornamenti disponibili","few":"{{ n }} aggiornamenti disponibili","many":"{{ n }} aggiornamenti disponibili","other":"{{ n }} aggiornamenti disponibili"}},"systemUpdate":"Aggiornamento di sistema","systemUpdateReady":"Disponibile aggiornamento di sistema","systemUpdateLowBatteryThreshold":"La batteria deve essere carica almeno al {{ threshold }}% per installare l’aggiornamento.","required":"Obbligatorio","uncompressingMessage":{"innerHTML":"Decompressione… <span>Potrebbe richiedere alcuni minuti.</span>"},"downloadNoWifiWarning":"Wi-Fi non disponibile. L’aggiornamento con la connessione corrente potrebbe comportare costi aggiuntivi.","downloadOfflineWarning":"Connessione non disponibile. Connettersi a una rete per scaricare gli aggiornamenti.","downloadDataConnectionWarning":"Gli aggiornamenti vengono scaricati tramite connessione dati quando il Wi-Fi non è disponibile. Questo potrebbe comportare addebiti aggiuntivi.","downloadUpdatesViaDataConnection":"Scaricare gli aggiornamenti utilizzando la connessione dati?","downloadUpdatesViaDataConnectionMessage":"Gli aggiornamenti vengono scaricati tramite connessione dati quando il Wi-Fi non è disponibile. Utilizzando la connessione dati potrebbero essere bloccate le telefonate e potrebbero risultare addebiti aggiuntivi.","downloadUpdatesVia2GForbidden2":"Downloading updates is not possible on slow connections (2G). Please connect via Wi-Fi or 3G (if available) and try again.","screenshotSaved":"Schermata salvata in Galleria","screenshotFailed":"Impossibile salvare la schermata","screenshotNoSDCard":"Scheda di memoria non disponibile","screenshotSDCardInUse":"Scheda di memoria in uso","screenshotSDCardLow":"Spazio insufficiente sulla scheda di memoria","emergency-call-button":"Chiamata di emergenza","emergency-call":"Chiamata di emergenza","unlock-a11y-button":{"ariaLabel":"Sblocca"},"camera-a11y-button":{"ariaLabel":"Fotocamera"},"longDateFormat":"%A %e %B","panel-passcode":{"ariaLabel":"Pannello codice di sblocco"},"lockscreen-sim-id":"SIM {{ n }}","softwareHomeButton":{"ariaLabel":"Schermata principale"},"login":"Accedi","username":"Nome utente","password":"Password","http-authentication-message":"Sono richiesti un nome utente e una password da {{host}}. Il messaggio è: “{{realm}}”","error-message":"Caricamento dell’applicazione {{name}} non corretto","error-title":"Si stanno verificando dei problemi con {{name}}","airplane-is-on":"Modalità aereo attiva","airplane-is-turned-on":"{{name}} richiede una connessione di rete. Disattivare la modalità aereo da Impostazioni e attivare una connessione dati o Wi-Fi.","server-not-found":"Impossibile contattare il server","server-not-found-error":"Impossibile contattare il server {{name}}.","file-not-found":"File non trovato","file-not-found-error":"Impossibile visualizzare questa pagina: file non trovato.","connection-failed":"Connessione non riuscita","connection-failed-error":"Si è verificato un errore di rete durante la connessione al sito.","invalid-connection":"Connessione non riuscita","invalid-connection-error":"Si è verificato un errore di rete durante la connessione al sito.","malformed-uri":"Indirizzo non valido","malformed-uri-error":"L’indirizzo (URL) inserito non è valido e non può essere caricato.","redirect-loop":"Pagina non disponibile","redirect-loop-error":"Impossibile visualizzare questa pagina a causa di un reindirizzamento errato. Riprovare più tardi.","not-cached":"Pagina scaduta","not-cached-error":"Per motivi di sicurezza questa pagina non può essere visualizzata in quanto scaduta.","is-printing-error":"Il documento non può essere modificato durante la stampa o l’anteprima.","denied-port-access":"Indirizzo bloccato","denied-port-access-error":"Questo indirizzo utilizza una porta di rete utilizzata normalmente per scopi differenti dalla navigazione web. La richiesta è stata annullata per proteggere l’utente.","proxy-resolve-failure":"Errore del server proxy","proxy-resolve-failure-error":"Il dispositivo è configurato per utilizzare un server proxy che non risulta raggiungibile.","proxy-connect-failure":"Errore del server proxy","proxy-connect-failure-error":"Il dispositivo è configurato per utilizzare un server proxy che sta rifiutando le connessioni.","content-encoding":"Pagina non disponibile","content-encoding-error":"Impossibile visualizzare questa pagina a causa di un errore con la codifica.","remote-xul":"Pagina non supportata","remote-xul-error":"Impossibile visualizzare la pagina in quanto utilizza una tecnologia non supportata dal dispositivo.","phishing-blocked":"Attenzione","phishing-blocked-error":"Questo sito è stato segnalato come sito contraffatto, realizzato per indurre gli utenti a rivelare informazioni personali o finanziarie.","malware-blocked":"Sito malevolo","malware-blocked-error":"Questo sito è stato segnalato come sito web malevolo ed è stato bloccato.","unsafe-content-type":"Contenuto non sicuro","unsafe-content-type-error":"Impossibile visualizzare la pagina in quanto non sicura.","corrupted-content":"Pagina non disponibile","corrupted-content-error":"Impossibile visualizzare la pagina a causa di un errore rilevato durante la trasmissione dei dati.","network-connection-unavailable":"Connessione di rete non disponibile","network-error":"{{name}} richiede una connessione di rete. Attivare una connessione dati o Wi-Fi.","network-error-launching":"{{name}} richiede una connessione a Internet.","network-error-in-app":"Accesso a Internet non disponibile.","unable-to-connect":"Impossibile connettersi","try-again":"Riprova","check-settings":"Verifica impostazioni","tap-to-check-settings":"Tocca per verificare le impostazioni","select-time":"Scegli data e ora","choose-option":"Scegli","choose-options":"Scegli","select-day":"Scegli il giorno","battery-almost-empty":"Batteria quasi esaurita","add-to-home-screen":"Aggiungi alla schermata principale","share":"Condividi","crash-dialog2-os":"{{brandShortName}} è stato ripristinato dopo un blocco","crash-dialog-app":"{{name}} si è bloccato","crash-dialog-message":"Inviare a Mozilla una segnalazione dell’arresto anomalo per aiutarci a trovare una soluzione? Le segnalazioni vengono inviate solo via Wi-Fi.","crash-info-link":"Che cosa c’è in questa segnalazione?","crash-always-report":"Invia sempre una segnalazione a Mozilla in caso di arresto anomalo","crash-dont-send":"Non inviare","crash-end":"Invia","crashReports":"Segnalazione errori","done":"Fatto","crash-reports-description-1":"Una segnalazione contiene alcuni dettagli sul blocco e sul dispositivo, così come una istantanea dello stato del dispositivo quando si è bloccato.","crash-reports-description-2":"Questo potrebbe includere informazioni quali pagine e applicazioni aperte, testo inserito in moduli e contenuto di messaggi aperti, cronologia di navigazione recente o informazioni sulla posizione utilizzate da un’applicazione aperta.","crash-reports-description-3-start":"Utilizziamo queste segnalazioni per risolvere i problemi e migliorare i nostri prodotti. Gestiamo queste informazioni come descritto nella nostra ","crash-reports-description-3-privacy":"informativa sulla privacy","crash-reports-description-3-end":".","crash-banner-os2":"{{brandShortName}} si è bloccato.","crash-banner-app":"{{name}} si è bloccato.","crash-banner-report":"Segnalazione","bluetooth-sending-progress":"Invio trasferimento bluetooth…","bluetooth-receiving-progress":"Ricezione trasferimento bluetooth…","acceptFileTransfer":"Accettare trasferimento file via bluetooth?","wantToReceiveFile":"Richiesta da {{deviceName}} per il trasferimento di {{fileName}} ({{fileSize}}).","transfer-confirmation-title":"{{deviceName}}","transfer-confirmation-description":"Esamina richiesta di trasferimento","byteUnit-B":"Byte","byteUnit-KB":"kB","byteUnit-MB":"MB","byteUnit-GB":"GB","byteUnit-TB":"TB","byteUnit-PB":"PB","byteUnit-EB":"EB","byteUnit-ZB":"ZB","byteUnit-YB":"YB","fileSize":"{{size}} {{unit}}","deny":"Nega","transfer":"Trasferisci","cancelFileTransfer":"Annullare il trasferimento file bluetooth?","continueFileTransfer":"Continua","transfer-has-started-title":"Trasferimento avviato","transfer-has-started-description":"Verificare lo stato nel centro notifiche","transferFinished-sentSuccessful-title":"File inviato","transferFinished-receivedSuccessful-title":"File ricevuto","transferFinished-sentFailed-title":"Impossibile inviare il file","transferFinished-receivedFailed-title":"Impossibile ricevere il file","transferReport-title":"Rapporto trasferimento","transferReport-description":"{{numSuccessful}} file completati, {{numUnsuccessful}} file non completati.","unknown-file":"File sconosciuto","unknown-device":"Dispositivo sconosciuto","cannotOpenFile":"Impossibile aprire il file ricevuto","unknownMediaTypeToOpen":"Impossibile aprire un tipo multimediale sconosciuto:","cannotReceiveFile":"Impossibile ricevere il file","cannotGetStorageState":"Impossibile ottenere stato archiviazione del dispositivo.","sdcard-not-exist2":"Nessuna scheda di memoria rilevata. Inserire una scheda.","sdcard-in-use":"Non è possibile utilizzare il bluetooth quando il telefono è collegato. Scollegare il telefono per ricevere file.","sdcard-no-space2":"Impossibile completare il trasferimento: spazio esaurito sulla scheda di memoria.","unknown-error":"Errore sconosciuto","confirm":"Conferma","microphone-is-on":"Microfono attivo","camera-is-on":"Fotocamera attiva","media-is-on":"Fotocamera e mic. attivi","noSimCard":"SIM non presente","simPin":"PIN SIM","pukCode":"Codice PUK","nckCode":"Codice NCK","cckCode":"Codice CCK","spckCode":"Codice SPCK","nck1code":"Codice NCK1","nck2code":"Codice NCK2","hnckcode":"Codice HNCK","rcckcode":"Codice RCCK","rspckcode":"Codice RSPCK","whatIsSimPin":"Che cos’è il PIN della SIM?","simPinIntro1":"Il PIN della SIM impedisce l’accesso alla rete della scheda SIM. Una volta impostato, ogni dispositivo contenente la scheda SIM richiederà il PIN a ogni riavvio.","simPinIntro2":"Il PIN della SIM non è legato al codice utilizzato per sbloccare il dispositivo.","changeSimPin":"Modifica PIN","pinTitle":"Inserire PIN","multiSIMpinTitle":"Inserire PIN per SIM {{n}}","pukTitle":"Inserire PUK","nckTitle":"Inserire codice NCK","cckTitle":"Inserire codice CCK","spckTitle":"Inserire codice SPCK","nck1Title":"Inserire codice NCK1","nck2Title":"Inserire codice NCK2","hnckTitle":"Inserire codice HNCK","rcckTitle":"Inserire codice RCCK","rspckTitle":"Inserire codice RSPCK","newpinTitle":"Nuovo PIN","inputCodeRetriesLeft":{"_index":["plural","n"],"_":{"one":"Ultimo tentativo.","two":"{{n}} tentativi rimasti.","few":"{{n}} tentativi rimasti.","many":"{{n}} tentativi rimasti.","other":"{{n}} tentativi rimasti."}},"pinErrorMsg":"Il PIN è errato.","pinAttemptMsg2":{"_index":["plural","n"],"_":{"one":"È rimasto un solo tentativo per inserire il codice corretto prima del blocco della SIM.","two":"Rimangono {{n}} tentativi per inserire il codice corretto prima del blocco della SIM.","few":"Rimangono {{n}} tentativi per inserire il codice corretto prima del blocco della SIM.","many":"Rimangono {{n}} tentativi per inserire il codice corretto prima del blocco della SIM.","other":"Rimangono {{n}} tentativi per inserire il codice corretto prima del blocco della SIM."}},"pinLastChanceMsg":"Ultima possibilità per inserire il PIN corretto. In caso contrario sarà necessario inserire il codice PUK per utilizzare questa scheda SIM.","simCardLockedMsg":"La scheda SIM è bloccata.","enterPukMsg":"È necessario inserire il codice PUK della scheda SIM. Fare riferimento alla documentazione rilasciata con la SIM o contattare il proprio gestore per ulteriori informazioni.","pukErrorMsg":"Il codice PUK è errato.","pukAttemptMsg2":{"_index":["plural","n"],"_":{"one":"È rimasto un solo tentativo per inserire il codice corretto prima che la SIM diventi completamente inutilizzabile. Per ulteriori informazioni fare riferimento alla documentazione o contattare il gestore.","two":"Rimangono {{n}} tentativi per inserire il codice corretto prima che la SIM diventi completamente inutilizzabile. Per ulteriori informazioni fare riferimento alla documentazione o contattare il gestore.","few":"Rimangono {{n}} tentativi per inserire il codice corretto prima che la SIM diventi completamente inutilizzabile. Per ulteriori informazioni fare riferimento alla documentazione o contattare il gestore.","many":"Rimangono {{n}} tentativi per inserire il codice corretto prima che la SIM diventi completamente inutilizzabile. Per ulteriori informazioni fare riferimento alla documentazione o contattare il gestore.","other":"Rimangono {{n}} tentativi per inserire il codice corretto prima che la SIM diventi completamente inutilizzabile. Per ulteriori informazioni fare riferimento alla documentazione o contattare il gestore."}},"pukLastChanceMsg":"Ultimo tentativo per inserire il codice PUK corretto. Se si inserisce un codice errato la scheda diventerà completamente inutilizzabile. Fare riferimento alla documentazione rilasciata con la SIM o contattare il proprio gestore per ulteriori informazioni.","newSimPinMsg":"Imposta PIN (da 4 a 8 cifre)","confirmNewSimPinMsg":"Conferma nuovo PIN","newPinErrorMsg":"I PIN non corrispondono.","nckErrorMsg":"Il codice NCK è errato.","nckAttemptMsg2":{"_index":["plural","n"],"_":{"one":"Richiesta di rimozione della personalizzazione di rete non riuscita. Rimane un tentativo per inserire il codice corretto. Fare riferimento alla documentazione del dispositivo o contattare il proprio gestore per ulteriori informazioni.","two":"Richiesta di rimozione della personalizzazione di rete non riuscita. Rimangono {{n}} tentativi per inserire il codice corretto. Fare riferimento alla documentazione del dispositivo o contattare il proprio gestore per ulteriori informazioni.","few":"Richiesta di rimozione della personalizzazione di rete non riuscita. Rimangono {{n}} tentativi per inserire il codice corretto. Fare riferimento alla documentazione del dispositivo o contattare il proprio gestore per ulteriori informazioni.","many":"Richiesta di rimozione della personalizzazione di rete non riuscita. Rimangono {{n}} tentativi per inserire il codice corretto. Fare riferimento alla documentazione del dispositivo o contattare il proprio gestore per ulteriori informazioni.","other":"Richiesta di rimozione della personalizzazione di rete non riuscita. Rimangono {{n}} tentativi per inserire il codice corretto. Fare riferimento alla documentazione del dispositivo o contattare il proprio gestore per ulteriori informazioni."}},"nckLastChanceMsg":"Richiesta di rimozione della personalizzazione di rete non riuscita. Rimane un solo tentativo per inserire il codice NCK corretto. Fare riferimento alla documentazione del dispositivo o contattare il proprio gestore per ulteriori informazioni.","activity-pick":"Seleziona da:","activity-view":"Visualizza con:","activity-test":"Test con:","activity-share":"Condividi con:","activity-new":"Crea con:","activity-open":"Apri con:","activity-save-bookmark":"Segnalibro in:","activity-record":"Registra da:","activity-browse":"Apri con:","activity-configure":"Configura con:","activity-dial":"Chiama da:","persona-signin":"Accedi","payment-flow":"Acquista","remoteDebuggerMessage":"È stata rilevata una richiesta di connessione per il debug remoto. Consentire la connessione?","fullscreen-request":"{{origin}} è ora a schermo intero.","captive-wifi-available":"Rilevata una rete {{networkName}}. Connettersi a questa rete?","ceWarningtitle":"Avviso volume","ceWarningcontent":"Per prevenire danni all’udito, non ascoltare ad alto volume per periodi di tempo prolungati.","notification-powersaving-mode-on-title":"Modalità risparmio energia","notification-powersaving-mode-on-description":"Risparmio energia è attivo.","low-device-storage":"Spazio sul dispositivo scarso.\n","free-space":{"_index":["plural","value"],"_":{"zero":"Spazio disponibile esaurito.","one":"Meno di {{value}} {{unit}} rimanente.","two":"Meno di {{value}} {{unit}} rimanenti.","few":"Meno di {{value}} {{unit}} rimanenti.","many":"Meno di {{value}} {{unit}} rimanenti.","other":"Meno di {{value}} {{unit}} rimanenti."}},"unknown-free-space":"Spazio rimanente sconosciuto.","system-alert":"Avviso di sistema","cb-channel":"Canale {{channel}}","cb-etws-warningType-earthquake":"Allarme terremoto","cb-etws-warningType-tsunami":"Allarme tsunami","cb-etws-warningType-earthquake-tsunami":"Allarme terremoto-tsunami","cb-etws-warningType-test":"Test del sistema di allarme.","cb-etws-warningType-other":"Segnalazione emergenza","icc-message-maintitle":"Messaggio operatore","icc-message-subtitle":"SIM {{id}}","icc-confirmCall-defaultmessage":"Chiamare {{number}}?","icc-alertMessage-defaultmessage":"Invio messaggio","icc-confirmMessage-defaultmessage":"Inviare il messaggio?","icc-inputbox-maintitle":"Richiesta STK","icc-inputbox-subtitle":"SIM {{id}}","emergency-callback-mode":"Modalità richiamata di emergenza","emergency-callback-message":"Impossibile effettuare chiamate, inviare messaggi o navigare in modalità richiamata di emergenza. Disattivarla?","cdma-record-info":"Record informazioni CDMA","ime-switching-title":"{{appName}}: {{name}}","ime-switching-tip":"Tocca per cambiare metodo di input","shrinking-tip":"Scorri con un dito per condividere","download_started":"Download avviato","download_stopped":"Download interrotto","download_downloading":"Download in corso…","download_succeeded":"Download completato","download_failed":"Download non riuscito","download_text_by_default":"{{name}}","download_downloading_text_2":"{{percentage}}% - {{name}}","search-or-enter-address":{"_":"Cerca o scrivi un indirizzo","placeholder":"Cerca o scrivi un indirizzo"},"noSIMCardInHotspot":"Scheda SIM non presente o inserita in modo scorretto, disattivare la funzione Hotspot","noHopspotWhenAPMisOn":"Disattivare la modalità aereo per utilizzare la funzione hotspot Wi-Fi","apmActivated":"Modalità aereo attiva","open-in-new-tab":"Apri link in nuova scheda","add-link-to-home-screen":"Aggiungi link alla schermata principale","share-link":"Condividi link","save-image":"Salva immagine","save-video":"Salva video","save-audio":"Salva audio","save-link":"Salva file collegato","share-image":"Condividi immagine","share-video":"Condividi video","share-audio":"Condividi audio","weekday-0-long":"domenica","weekday-1-long":"lunedì","weekday-2-long":"martedì","weekday-3-long":"mercoledì","weekday-4-long":"giovedì","weekday-5-long":"venerdì","weekday-6-long":"sabato","weekday-0-short":"dom","weekday-1-short":"lun","weekday-2-short":"mar","weekday-3-short":"mer","weekday-4-short":"gio","weekday-5-short":"ven","weekday-6-short":"sab","month-0-long":"gennaio","month-1-long":"febbraio","month-2-long":"marzo","month-3-long":"aprile","month-4-long":"maggio","month-5-long":"giugno","month-6-long":"luglio","month-7-long":"agosto","month-8-long":"settembre","month-9-long":"ottobre","month-10-long":"novembre","month-11-long":"dicembre","month-0-genitive":"gennaio","month-1-genitive":"febbraio","month-2-genitive":"marzo","month-3-genitive":"aprile","month-4-genitive":"maggio","month-5-genitive":"giugno","month-6-genitive":"luglio","month-7-genitive":"agosto","month-8-genitive":"settembre","month-9-genitive":"ottobre","month-10-genitive":"novembre","month-11-genitive":"dicembre","month-0-short":"gen","month-1-short":"feb","month-2-short":"mar","month-3-short":"apr","month-4-short":"mag","month-5-short":"giu","month-6-short":"lug","month-7-short":"ago","month-8-short":"set","month-9-short":"ott","month-10-short":"nov","month-11-short":"dic","minutes-ago-long":{"_index":["plural","value"],"_":{"zero":"adesso","one":"un minuto fa","two":"{{value}} minuti fa","few":"{{value}} minuti fa","many":"{{value}} minuti fa","other":"{{value}} minuti fa"}},"hours-ago-long":{"_index":["plural","value"],"_":{"zero":"adesso","one":"un’ora fa","two":"{{value}} ore fa","few":"{{value}} ore fa","many":"{{value}} ore fa","other":"{{value}} ore fa"}},"days-ago-long":{"_index":["plural","value"],"_":{"zero":"oggi","one":"ieri","two":"{{value}} giorni fa","few":"{{value}} giorni fa","many":"{{value}} giorni fa","other":"{{value}} giorni fa"}},"weeks-ago-long":{"_index":["plural","value"],"_":{"zero":"questa settimana","one":"settimana scorsa","two":"{{value}} settimane fa","few":"{{value}} settimane fa","many":"{{value}} settimane fa","other":"{{value}} settimane fa"}},"months-ago-long":{"_index":["plural","value"],"_":{"zero":"questo mese","one":"mese scorso","two":"{{value}} mesi fa","few":"{{value}} mesi fa","many":"{{value}} mesi fa","other":"{{value}} mesi fa"}},"years-ago-long":{"_index":["plural","value"],"_":{"zero":"quest’anno","one":"anno scorso","two":"{{value}} anni fa","few":"{{value}} anni fa","many":"{{value}} anni fa","other":"{{value}} anni fa"}},"minutes-until-long":{"_index":["plural","value"],"_":{"zero":"adesso","one":"tra un minuto","two":"tra {{value}} minuti","few":"tra {{value}} minuti","many":"tra {{value}} minuti","other":"tra {{value}} minuti"}},"hours-until-long":{"_index":["plural","value"],"_":{"zero":"adesso","one":"tra un’ora","two":"tra {{value}} ore","few":"tra {{value}} ore","many":"tra {{value}} ore","other":"tra {{value}} ore"}},"days-until-long":{"_index":["plural","value"],"_":{"zero":"oggi","one":"domani","two":"tra {{value}} giorni","few":"tra {{value}} giorni","many":"tra {{value}} giorni","other":"tra {{value}} giorni"}},"weeks-until-long":{"_index":["plural","value"],"_":{"zero":"questa settimana","one":"prossima settimana","two":"tra {{value}} settimane","few":"tra {{value}} settimane","many":"tra {{value}} settimane","other":"tra {{value}} settimane"}},"months-until-long":{"_index":["plural","value"],"_":{"zero":"questo mese","one":"prossimo mese","two":"in {{value}} mesi","few":"tra {{value}} mesi","many":"tra {{value}} mesi","other":"in {{value}} mesi"}},"years-until-long":{"_index":["plural","value"],"_":{"zero":"quest’anno","one":"prossimo anno","two":"tra {{value}} anni","few":"tra {{value}} anni","many":"tra {{value}} anni","other":"tra {{value}} anni"}},"minutes-ago-short":{"_index":["plural","value"],"_":{"zero":"adesso","other":"{{value}}m fa"}},"hours-ago-short":{"_index":["plural","value"],"_":{"zero":"adesso","other":"{{value}}h fa"}},"days-ago-short":{"_index":["plural","value"],"_":{"zero":"oggi","other":"{{value}}g fa"}},"minutes-until-short":{"_index":["plural","value"],"_":{"zero":"adesso","other":"tra {{value}}m"}},"hours-until-short":{"_index":["plural","value"],"_":{"zero":"adesso","other":"tra {{value}}h"}},"days-until-short":{"_index":["plural","value"],"_":{"zero":"oggi","other":"tra {{value}}d"}},"incorrectDate":"(data errata)","dateTimeFormat_%c":"%a %e %b %Y %H:%M:%S","dateTimeFormat_%x":"%d/%m/%Y","dateTimeFormat_%X":"%H:%M:%S","shortTimeFormat":"%H:%M","shortDateTimeFormat":"%x %H:%M","weekStartsOnMonday":"1","time_am":"AM","time_pm":"PM","title-app":"Permessi app","title-web":"Permessi siti web","title-cam":"Selezione fotocamera","perm-contacts":"Contatti","perm-contacts-appRequest":"{{app}} richiede accesso ai contatti.","perm-contacts-webRequest":"{{site}} richiede accesso ai contatti.","perm-desktop-notification":"Notifiche","perm-desktop-notification-appRequest":"{{app}} richiede di visualizzare notifiche.","perm-desktop-notification-webRequest":"{{site}} richiede di visualizzare notifiche.","perm-device-storage-music":"Archiviazione musica","perm-device-storage-music-appRequest":"{{app}} richiede accesso alla musica.","perm-device-storage-music-webRequest":"{{site}} richiede accesso alla musica.","perm-device-storage-pictures":"Archiviazione foto","perm-device-storage-pictures-appRequest":"{{app}} richiede accesso alle foto.","perm-device-storage-pictures-webRequest":"{{site}} richiede accesso alle foto.","perm-device-storage-sdcard":"Archiviazione scheda SD","perm-device-storage-sdcard-appRequest":"{{app}} richiede accesso alla scheda di memoria.","perm-device-storage-sdcard-webRequest":"{{site}} richiede accesso alla scheda di memoria.","perm-device-storage-videos":"Archiviazione video","perm-device-storage-videos-appRequest":"{{app}} richiede accesso ai video.","perm-device-storage-videos-webRequest":"{{site}} richiede accesso ai video.","perm-fmradio":"Radio FM","perm-fmradio-appRequest":"{{app}} richiede accesso alla radio FM.","perm-fmradio-webRequest":"{{site}} richiede accesso alla radio FM.","perm-geolocation":"Georilevazione","perm-geolocation-appRequest":"{{app}} richiede accesso alla posizione attuale.","perm-geolocation-webRequest":"{{site}} richiede accesso alla posizione attuale.","perm-geolocation-more-info":"{{brandShortName}} utilizza dati quali GPS, Wi-Fi e reti di connessione dati per stabilire una posizione approssimativa del dispositivo. I dati raccolti vengono inviati a Mozilla e altri fornitori di servizi e vengono utilizzati in forma aggregata per migliorare la funzione di georilevazione. Alcune informazioni potrebbero essere memorizzate sul dispositivo o rilevate anche quando non ci sono applicazioni in esecuzione.","perm-video-capture":"Fotocamera","perm-video-capture-appRequest":"Condividere la fotocamera con {{app}}?","perm-video-capture-webRequest":"Condividere la fotocamera con {{site}}?","perm-audio-capture":"Microfono","perm-audio-capture-appRequest":"Condividere il microfono con {{app}}?","perm-audio-capture-webRequest":"Condividere il microfono con {{site}}?","perm-media-capture":"Fotocamera e microfono","perm-media-capture-appRequest":"Condividere la fotocamera e il microfono con {{app}}?","perm-media-capture-webRequest":"Condividere la fotocamera e il microfono con {{site}}?","perm-camera-selector-appRequest":"Selezionare una fotocamera per {{app}}.","perm-camera-selector-webRequest":"Selezionare una fotocamera per {{site}}.","perm-mobileid":"Identificazione cellulare","stopped_download_title":"Download interrotto","stopped_download_message":"Download interrotto. Riprovare?","stopped_download_left_button":"Annulla","stopped_download_right_button":"Riprova","failed_download_title":"Download non riuscito","failed_download_message":"Impossibile scaricare {{name}}. Riprovare?","failed_download_left_button":"Annulla","failed_download_right_button":"Riprova","stop_download_title":"Interrompi download","stop_download_message":"interrompere il download?","stop_download_left_button":"No","stop_download_right_button":"Sì","delete_download_title":"Elimina","delete_download_message":"Eliminare {{name}}?","delete_download_left_button":"Annulla","delete_download_right_button":"Elimina","delete_all_download_title":"Elimina","delete_all_download_left_button":"Annulla","delete_all_download_right_button":"Elimina","delete_all_download_message":{"_index":["plural","number"],"_":{"zero":"Eliminare i file?","one":"Eliminare un file?","two":"Eliminare {{number}} file?","few":"Eliminare {{number}} file?","many":"Eliminare {{number}} file?","other":"Eliminare {{number}} file?"}},"unsupported_file_type_download_title":"Errore apertura","unsupported_file_type_download_message":"Non esiste un’app per aprire {{name}}. Salvare il file o eliminarlo?","unsupported_file_type_download_left_button":"Mantieni file","unsupported_file_type_download_right_button":"Elimina","file_not_found_download_title":"File non trovato","file_not_found_download_message":"File non trovato sul dispositivo","file_not_found_download_right_button":"OK","unmounted_sdcard_2_download_title":"Scheda di memoria in uso","unmounted_sdcard_2_download_message":"Disconnettere il telefono","unmounted_sdcard_2_download_right_button":"OK","no_provider_download_title":"Errore condivisione","no_provider_download_message":"Nessun fornitore disponibile","no_provider_download_right_button":"OK","no_memory_download_title":"Spazio insufficiente","no_memory_download_message":"Spazio disponibile sulla scheda di memoria insufficiente per salvare il download. Rimuovere dei file prima di riprovare l’operazione.","no_memory_download_right_button":"OK","no_sdcard_found_2_download_title":"Scheda di memoria non disponibile","no_sdcard_found_2_download_message":"Inserire una scheda di memoria o selezionare un diverso percorso predefinito di archiviazione nelle impostazioni.","no_sdcard_found_2_download_right_button":"OK","file_open_error_download_title":"Errore apertura","file_open_error_download_message":"Si è verificato un problema durante l’apertura di {{name}}. Salvare il file o eliminarlo?","file_open_error_download_left_button":"Mantieni file","file_open_error_download_right_button":"Elimina","restart_download_error":"Si è verificato un errore durante il riavvio del download. Riprovare nuovamente il download.","no-downloads":"Nessun download","percentage":"{{percentage}} %","partialResult":"{{partial}} di {{total}}","summary":"{{date}} - {{status}}","download-stopped":"Interrotto","download-failed":"Download non riuscito","open_downloaded_file":"Apri","share_downloaded_file":"Condividi","wallpaper_downloaded_file":"Usa come sfondo","ringtone_downloaded_file":"Usa come suoneria","cancel_downloaded_file":"Annulla","voicemailNoNumberTitle":"Numero della segreteria non disponibile","voicemailNoNumberText":"Impossibile chiamare la segreteria. Imposta il numero per effettuare la chiamata.","voicemailNoNumberSettings":"Impostazioni","voicemailNoNumberCancel":"Annulla","resend":"Invia nuovamente","connecting":"Connessione…","verify":"Verifica","verifying":"Verifica…","verified":"Verificato","mobileIDExplanation":"{{app_name}} richiede di conoscere e verificare il numero di telefono. Selezionare un numero da condividere o inserirne uno nuovo.","verificationCodeExplanation":"Un codice è stato inviato a {{phone_number}}. Verrà effettuato automaticamente un tentativo di recuperarlo, ma sarà necessario inserirlo manualmente se il numero non è attivo su questo dispositivo.","successMessage":"Il numero {{phone_number}} è ora verificato e disponibile per {{app_name}}.","serverErrorMessage":"Il server di verifica non è attualmente disponibile. Verificare la connessione a Internet, riprovare o attendere qualche minuto.","timeoutErrorMessage":"Sembra esserci un problema con il codice di verifica. Riprova.","errorTitle":"Identificazione cellulare","addPhoneNumber":"Aggiungi un numero","selectPhoneNumber":"Seleziona un numero dall’elenco"}