{"firefox-accounts-title":"Firefox アカウント","fxa-next":"次へ","fxa-back":"戻る","fxa-done":"完了","fxa-ok":"OK","fxa-connection-error-title":"接続できません","fxa-connection-error-message":"設定からアカウントを作成またはサインインできます。","fxa-reset-password-error-title":"パスワードリセット","fxa-reset-password-error-message":"設定からパスワードをリセットできます。","fxa-coppa-failure-error-title":"アカウントを作成できません","fxa-coppa-failure-error-message":"Firefox アカウントの作成には年齢制限があります。{{learnmore}}","fxa-learn-more":"詳細情報","fxa-offline-error-title":"接続できません","fxa-offline-error-message":"設定からネットワークに接続してください。","fxa-invalid-email-title":"エラー","fxa-invalid-email-message":"正しいメールアドレスを入力してください。","fxa-invalid-password-title":"パスワードが不正です","fxa-invalid-password-message":"パスワードをよく確認して再度試してください。","fxa-unknown-error-title":"接続できません","fxa-unknown-error-message":"システムが利用できません。後で再度試してください。","fxa-connecting":"接続中","fxa-enter-email-input":{"placeholder":"メールアドレスを入力してください"},"fxa-use-email-to-sign-in":"メールアドレスを入力してアカウントを作成またはサインインしてください。","fxa-notice":"手続きを進めると、Firefox クラウドサービスの {{tos}} および {{pn}} に同意したものとみなされます。","fxa-tos":"サービス利用規約","fxa-pn":"プライバシー通知","fxa-create-password-title":"パスワードの作成","fxa-enter-password-title":"パスワードを入力してください","fxa-hello-user":"{{email}} さん、こんにちは","fxa-password-refresh":"続けるには、Firefox アカウントのパスワードを入力してください。","fxa-password":{"placeholder":"パスワード"},"fxa-forgot-your-password":"パスワードをお忘れですか？","fxa-show-password":"パスワードを表示する","fxa-password-length-requirement":"パスワードは 8 文字以上の長さにする必要があります。","fxa-success":"登録完了！","fxa-ready-to-go":"Firefox アカウントの準備が整いました。","fxa-use-features":"Find My Device や Firefox Marketplace などの機能が利用できます。","fxa-access-manage-account-settings":"将来、設定からアカウントへのアクセスと管理ができるようになります。","fxa-confirm-account":"アカウントの確認","fxa-will-send-email":"次のメールアドレスに確認のメールを送信しました: {{email}}","fxa-signup-click-verification-link-in-email":"送信されたメールを確認し、メールに書かれたリンクをクリックして Firefox アカウントを認証してください。","fxa-age-verification":"年齢認証","fxa-age-1990-earlier":"1990 年以前","fxa-year-of-birth":"誕生年","brandShortName":"B2G OS","browserBrandShortName":"Web ブラウザ","browserBrandFullName":"Mozilla Web ブラウザ","accessibility-enableScreenReaderSteps":"To enable screen reader, press volume up then volume down buttons three more times","accessibility-disableScreenReaderSteps":"To disable screen reader, press volume up then volume down buttons three more times","accessibility-screenReaderStarted":"Screen reader started","accessibility-screenReaderStopped":"Screen reader stopped","accessibility-menubar":"menu bar","accessibility-scrollbar":"scroll bar","accessibility-grip":"grip","accessibility-alert":"alert","accessibility-menupopup":"menu popup","accessibility-document":"document","accessibility-pane":"pane","accessibility-dialog":"dialog","accessibility-separator":"separator","accessibility-toolbar":"toolbar","accessibility-statusbar":"status bar","accessibility-table":"table","accessibility-columnheader":"column header","accessibility-rowheader":"row header","accessibility-column":"column","accessibility-row":"row","accessibility-cell":"cell","accessibility-link":"link","accessibility-list":"list","accessibility-listitem":"list item","accessibility-outline":"outline","accessibility-outlineitem":"outline item","accessibility-pagetab":"tab","accessibility-propertypage":"property page","accessibility-graphic":"graphic","accessibility-pushbutton":"button","accessibility-checkbutton":"check button","accessibility-radiobutton":"radio button","accessibility-combobox":"combo box","accessibility-progressbar":"progress bar","accessibility-slider":"slider","accessibility-spinbutton":"spin button","accessibility-diagram":"diagram","accessibility-animation":"animation","accessibility-equation":"equation","accessibility-buttonmenu":"button menu","accessibility-whitespace":"white space","accessibility-pagetablist":"tab list","accessibility-canvas":"canvas","accessibility-checkmenuitem":"check menu item","accessibility-label":"label","accessibility-passwordtext":"password text","accessibility-radiomenuitem":"radio menu item","accessibility-textcontainer":"text container","accessibility-togglebutton":"toggle button","accessibility-treetable":"tree table","accessibility-header":"header","accessibility-footer":"footer","accessibility-paragraph":"paragraph","accessibility-entry":"entry","accessibility-caption":"caption","accessibility-heading":"heading","accessibility-section":"section","accessibility-form":"form","accessibility-comboboxlist":"combo box list","accessibility-comboboxoption":"combo box option","accessibility-imagemap":"image map","accessibility-listboxoption":"option","accessibility-listbox":"list box","accessibility-flatequation":"flat equation","accessibility-gridcell":"gridcell","accessibility-note":"note","accessibility-figure":"figure","accessibility-definitionlist":"definition list","accessibility-term":"term","accessibility-definition":"definition","accessibility-textarea":"text area","accessibility-textInputType_date":"date","accessibility-textInputType_email":"e-mail","accessibility-textInputType_search":"search","accessibility-textInputType_tel":"telephone","accessibility-textInputType_url":"URL","accessibility-headingLevel":"heading level {{0}}","accessibility-listStart":"First item","accessibility-listEnd":"Last item","accessibility-listItemsCount":{"_index":["plural","count"],"_":{"zero":"{{count}} items","one":"{{count}} item","two":"{{count}} items","few":"{{count}} items","many":"{{count}} items","other":"{{count}} items"}},"accessibility-objItemOfN":"{{0}} of {{1}}","accessibility-banner":"banner","accessibility-complementary":"complementary","accessibility-contentinfo":"content info","accessibility-main":"main","accessibility-navigation":"navigation","accessibility-search":"search","accessibility-tblColumnInfo":{"_index":["plural","count"],"_":{"zero":"with {{count}} columns","one":"with {{count}} column","two":"with {{count}} columns","few":"with {{count}} columns","many":"with {{count}} columns","other":"with {{count}} columns"}},"accessibility-tblRowInfo":{"_index":["plural","count"],"_":{"zero":"and {{count}} rows","one":"and {{count}} row","two":"and {{count}} rows","few":"and {{count}} rows","many":"and {{count}} rows","other":"and {{count}} rows"}},"accessibility-columnInfo":"Column {{0}}","accessibility-rowInfo":"Row {{0}}","accessibility-spansColumns":{"_index":["plural","0"],"_":{"zero":"spans {{0}} columns","one":"spans {{0}} column","two":"spans {{0}} columns","few":"spans {{0}} columns","many":"spans {{0}} columns","other":"spans {{0}} columns"}},"accessibility-spansRows":{"_index":["plural","0"],"_":{"zero":"spans {{0}} rows","one":"spans {{0}} row","two":"spans {{0}} rows","few":"spans {{0}} rows","many":"spans {{0}} rows","other":"spans {{0}} rows"}},"accessibility-jumpAction":"jumped","accessibility-pressAction":"pressed","accessibility-checkAction":"checked","accessibility-uncheckAction":"unchecked","accessibility-selectAction":"selected","accessibility-unselectAction":"unselected","accessibility-openAction":"opened","accessibility-closeAction":"closed","accessibility-switchAction":"switched","accessibility-clickAction":"clicked","accessibility-collapseAction":"collapsed","accessibility-expandAction":"expanded","accessibility-activateAction":"activated","accessibility-cycleAction":"cycled","accessibility-hidden":"hidden","accessibility-tabLoading":"loading","accessibility-tabLoaded":"loaded","accessibility-tabNew":"new tab","accessibility-tabLoadStopped":"loading stopped","accessibility-tabReload":"reloading","accessibility-stateChecked":"checked","accessibility-stateNotChecked":"not checked","accessibility-statePressed":"pressed","accessibility-stateExpanded":"expanded","accessibility-stateCollapsed":"collapsed","accessibility-stateUnavailable":"unavailable","accessibility-stateRequired":"required","accessibility-stateTraversed":"visited","accessibility-stateHasPopup":"has pop up","accessibility-stateSelected":"selected","accessibility-editingMode":"editing","accessibility-navigationMode":"navigating","accessibility-quicknav_Simple":"Default","accessibility-quicknav_Anchor":"Anchors","accessibility-quicknav_Button":"Buttons","accessibility-quicknav_Combobox":"Combo boxes","accessibility-quicknav_Landmark":"Landmarks","accessibility-quicknav_Entry":"Entries","accessibility-quicknav_FormElement":"Form elements","accessibility-quicknav_Graphic":"Images","accessibility-quicknav_Heading":"Headings","accessibility-quicknav_ListItem":"List items","accessibility-quicknav_Link":"Links","accessibility-quicknav_List":"Lists","accessibility-quicknav_PageTab":"Page tabs","accessibility-quicknav_RadioButton":"Radio buttons","accessibility-quicknav_Separator":"Separators","accessibility-quicknav_Table":"Tables","accessibility-quicknav_Checkbox":"Check boxes","accessibility-menubarAbbr":"menu bar","accessibility-scrollbarAbbr":"scroll bar","accessibility-gripAbbr":"grip","accessibility-alertAbbr":"alert","accessibility-menupopupAbbr":"menu popup","accessibility-documentAbbr":"document","accessibility-paneAbbr":"pane","accessibility-dialogAbbr":"dialog","accessibility-separatorAbbr":"separator","accessibility-toolbarAbbr":"toolbar","accessibility-statusbarAbbr":"status bar","accessibility-tableAbbr":"tbl","accessibility-columnheaderAbbr":"column header","accessibility-rowheaderAbbr":"row header","accessibility-columnAbbr":"column","accessibility-rowAbbr":"row","accessibility-cellAbbr":"cell","accessibility-linkAbbr":"lnk","accessibility-listAbbr":"list","accessibility-listitemAbbr":"list item","accessibility-outlineAbbr":"outline","accessibility-outlineitemAbbr":"outline item","accessibility-pagetabAbbr":"tab","accessibility-propertypageAbbr":"property page","accessibility-graphicAbbr":"graphic","accessibility-pushbuttonAbbr":"btn","accessibility-checkbuttonAbbr":"check button","accessibility-radiobuttonAbbr":"radio button","accessibility-comboboxAbbr":"combo box","accessibility-progressbarAbbr":"progress bar","accessibility-sliderAbbr":"slider","accessibility-spinbuttonAbbr":"spin button","accessibility-diagramAbbr":"diagram","accessibility-animationAbbr":"animation","accessibility-equationAbbr":"equation","accessibility-buttonmenuAbbr":"button menu","accessibility-whitespaceAbbr":"white space","accessibility-pagetablistAbbr":"tab list","accessibility-canvasAbbr":"canvas","accessibility-checkmenuitemAbbr":"check menu item","accessibility-labelAbbr":"label","accessibility-passwordtextAbbr":"passwdtxt","accessibility-radiomenuitemAbbr":"radio menu item","accessibility-textcontainerAbbr":"text container","accessibility-togglebuttonAbbr":"toggle button","accessibility-treetableAbbr":"tree table","accessibility-headerAbbr":"header","accessibility-footerAbbr":"footer","accessibility-paragraphAbbr":"paragraph","accessibility-entryAbbr":"entry","accessibility-captionAbbr":"caption","accessibility-headingAbbr":"heading","accessibility-sectionAbbr":"section","accessibility-formAbbr":"form","accessibility-comboboxlistAbbr":"combo box list","accessibility-comboboxoptionAbbr":"combo box option","accessibility-imagemapAbbr":"imgmap","accessibility-listboxoptionAbbr":"option","accessibility-listboxAbbr":"list box","accessibility-flatequationAbbr":"flat equation","accessibility-gridcellAbbr":"gridcell","accessibility-noteAbbr":"note","accessibility-figureAbbr":"fig","accessibility-definitionlistAbbr":"definition list","accessibility-termAbbr":"term","accessibility-definitionAbbr":"definition","accessibility-textareaAbbr":"txtarea","accessibility-tblColumnInfoAbbr":{"_index":["plural","count"],"_":{"one":"{{count}}c","two":"{{count}}c","few":"{{count}}c","many":"{{count}}c","other":"{{count}}c"}},"accessibility-tblRowInfoAbbr":{"_index":["plural","count"],"_":{"one":"{{count}}r","two":"{{count}}r","few":"{{count}}r","many":"{{count}}r","other":"{{count}}r"}},"accessibility-cellInfoAbbr":"c{{0}}r{{1}}","accessibility-stateCheckedAbbr":"(x)","accessibility-stateUncheckedAbbr":"( )","accessibility-statePressedAbbr":"(x)","accessibility-stateUnpressedAbbr":"( )","ok":"OK","back":"戻る","help":"ヘルプ","cancel":"キャンセル","close":"閉じる","skip":"スキップ","clear":{"ariaLabel":"Clear"},"undo":{"ariaLabel":"元に戻す"},"airplaneMode":"機内モード","searching":"検索しています…","noNetwork":"ネットワークが見つかりません","roaming":"{{operator}} (ローミング中)","operator-info":"{{carrier}} {{region}}","emergencyCallsOnly":"緊急通報のみ","emergencyCallsOnly-unknownSIMState":"(未知の SIM 状態)","emergencyCallsOnly-noSIM":"(SIM カード未挿入)","emergencyCallsOnly-pinRequired":"(要 PIN コード)","emergencyCallsOnly-pukRequired":"(要 PIN ロック解除コード)","emergencyCallsOnly-networkLocked":"(ネットワーク固定)","emergencyCallsOnly-serviceProviderLocked":"(サービスプロバイダ固定)","emergencyCallsOnly-corporateLocked":"(法人固定)","emergencyCallsOnly-network1Locked":"(ネットワーク1 固定)","emergencyCallsOnly-network2Locked":"(ネットワーク2 固定)","emergencyCallsOnly-hrpdNetworkLocked":"(HRPD ネットワーク固定)","emergencyCallsOnly-ruimCorporateLocked":"(R-UIM 法人固定)","emergencyCallsOnly-ruimServiceProviderLocked":"(R-UIM サービスプロバイダ固定)","enterPIN":"PIN コードを入力","mediaPlaybackTitle":{"ariaLabel":"タイトル"},"mediaPlaybackArtist":{"ariaLabel":"作者"},"mediaPlaybackControls":{"ariaLabel":"再生コントロール"},"mediaPlaybackPrevious":{"ariaLabel":"前の曲"},"mediaPlaybackPlay":"再生","mediaPlaybackPause":"一時停止","mediaPlaybackNext":{"ariaLabel":"次の曲"},"wifiButton-on":"Wi-Fi ON","wifiButton-on-initializing":"Wi-Fi ON、初期化中","wifiButton-off":"Wi-Fi OFF","dataButton-on":"データ通信 {{type}} ON","dataButton-off":"データ通信 {{type}} OFF","bluetoothButton-on":"Bluetooth ON","bluetoothButton-on-initializing":"Bluetooth ON、初期化中","bluetoothButton-off":"Bluetooth OFF","airplaneMode-on":"機内モード ON","airplaneMode-off":"機内モード OFF","settingsButton":{"ariaLabel":"設定"},"utilityTrayGrippy":{"ariaLabel":"ユーティリティトレイを閉じる"},"statusbarLabel":"{{date}}, {{operator}}","statusbarDateFormat":"%b%e日","statusbar":{"ariaLabel":"ステータスバー"},"statusbarBattery":"電池残量 {{level}}%","statusbarBatteryCharging":"電池残量 {{level}}%、充電中","statusbarFlightMode":{"ariaLabel":"機内モード ON"},"statusbarWiFiConnecting":"Wi-Fi: 接続中","statusbarWiFiConnected":"Wi-Fi: {{level}}/4 本","statusbarSignal":"{{operator}} ネットワーク、{{level}}/5 本","statusbarSignalRoaming":"{{operator}} ネットワーク (ローミング)、{{level}}/5 本","statusbarSignalNoneSearching":"検索中… 緊急通報のみ","statusbarHeadphones":{"ariaLabel":"ヘッドフォン ON"},"statusbarBluetoothHeadphones":{"ariaLabel":"Bluetooth ヘッドフォン ON"},"statusbarBluetoothTransferring":{"ariaLabel":"Bluetooth 転送実行中"},"statusbarIconOn-tethering":"テザリング ON","statusbarIconOnActive-tethering":"テザリング ON、通信中","statusbarAlarm":{"ariaLabel":"アラーム ON"},"statusbarIconOn-bluetooth":"Bluetooth ON","statusbarIconOnActive-bluetooth":"Bluetooth ON、通信中","statusbarIconOn-mute":"消音 ON","statusbarIconOn-vibration":"バイブレーション ON","statusbarRecording":{"ariaLabel":"録音 ON"},"statusbarGeolocation":{"ariaLabel":"位置情報 ON"},"statusbarUsb":{"ariaLabel":"USB ON"},"statusbarForwarding":"着信転送 ON","statusbarPlaying":{"ariaLabel":"メディア再生中"},"statusbarNfc":{"ariaLabel":"NFC ON"},"statusbarDownloads":{"ariaLabel":"ダウンロード中…"},"statusbarNetworkActivity":{"ariaLabel":"ネットワーク ON"},"statusbarEmergencyCBNotification":{"ariaLabel":"緊急コールバック"},"statusbarNotifications":{"_index":["plural","n"],"_":{"one":"通知 {{n}} 件","two":"通知 {{n}} 件","few":"通知 {{n}} 件","many":"通知 {{n}} 件","other":"通知 {{n}} 件"}},"statusbarNotifications-unread":{"_index":["plural","n"],"_":{"one":"未読の通知 {{n}} 件","two":"未読の通知 {{n}} 件","few":"未読の通知 {{n}} 件","many":"未読の通知 {{n}} 件","other":"未読の通知 {{n}} 件"}},"notifications":"通知","clear-all":"すべて消去","attentionScreen-tapToShow":"タップして表示","newVoicemails":{"_index":["plural","n"],"_":{"zero":"新着ボイスメールなし","one":"新着ボイスメール 1 件","two":"新着ボイスメール {{n}} 件","few":"新着ボイスメール {{n}} 件","many":"新着ボイスメール {{n}} 件","other":"新着ボイスメール {{n}} 件"}},"newVoicemailsUnknown":"新着ボイスメールあり","dialNumber":"着信番号 {{number}}","voicemailNotificationMultiSim":"(SIM {{n}}) {{title}}","confirmNFCConnectBTenabledNameUnknown":"端末に接続してもよろしいですか？","confirmNFCConnectBTdisabledNameUnknown":"Bluetooth を ON にして端末に接続しますか？","confirmNFCConnectBTenabledNameKnown":"{{deviceName}} に接続してもよろしいですか？","confirmNFCConnectBTdisabledNameKnown":"Bluetooth を ON にして {{deviceName}} に接続しますか？","confirmNFCConnectBTdisabled":"ON にする","dismissNFCConnectBTdisabled":"キャンセル","confirmation":"接続確認","deviceMenu":"端末モード変更","airplane":"機内モード ON","airplaneOff":"機内モード OFF","silent":"マナーモード ON","normal":"マナーモード OFF","restart":"再起動","power":"電源 OFF","no-recent-apps":"最近のアプリはありません","yes":"はい","no":"いいえ","dontallow":"許可しない","allow":"許可する","dontshare-geolocation":"共有しない","share-geolocation":"共有する","dontshare-audio-capture":"共有しない","share-audio-capture":"共有する","dontshare-video-capture":"共有しない","share-video-capture":"共有する","dontshare-media-capture":"共有しない","share-media-capture":"共有する","device-front":"前面カメラ","device-back":"背面カメラ","remember-my-choice":"今後同様に処理する","more-info":"詳細情報…","hide-info":"情報を隠す","install-app":"{{name}} をインストールしますか？","size":"サイズ","author":"作者","size-unknown":"サイズ不明","author-unknown":"作者不明","install":"インストール","bytes":"バイト","kB":"KB","MB":"MB","GB":"GB","TB":"TB","PB":"PB","app-install-generic-error":"{{ appName }} のダウンロードを停止しました","app-install-download-failed":"{{ appName }} のダウンロードに失敗しました","app-install-install-failed":"{{ appName }} のインストールに失敗しました","cancelling-will-not-refund":"キャンセルしても払い戻しはありません。有料コンテンツの払い戻しはコンテンツの販売者により行われます。","apps-can-be-installed-later":"アプリは後でコンテンツの配布元からインストールすることができます。","are-you-sure-you-want-to-cancel":"このインストールをキャンセルしてもよろしいですか？","cancel-install":"インストール中止","cancel-install-button":"インストール中止","resume":"再開","continue":"続行","stopDownloading":"{{ app }} のダウンロードを停止しますか？","app-download-can-be-restarted":"ダウンロードは後で再開できます。","app-download-stop-button":"ダウンロード停止","not-enough-space":"十分な空き領域がありません","not-enough-space-message":"このアプリのインストールに必要な空き領域がありません。古いアプリやメディアを削除するなどして空きを増やし、配布元からインストールしてください。","app-install-success":"{{ appName }} のインストールが完了しました","setup":"セットアップ","ime-addkeyboards":"キーボードを追加","later":"後にする","download":"ダウンロード","wantToDownload":"ダウンロードしますか？","wantToInstall":"インストールしますか？","installNow":"インストール","notNow":"後で","downloadingUpdateMessage":{"innerHTML":"更新をダウンロードしています… <span>{{ progress }} 完了。</span>"},"downloadingAppMessage":"{{ appName }} をダウンロードしています","downloadingAppProgressNoMax":"{{ progress }} 完了","downloadingAppProgressIndeterminate":"ダウンロード中","downloadingAppProgress":"{{ progress }} / {{ max }} 完了","cancelAllDownloads":"すべてのダウンロードをキャンセル","wantToCancelAll":"すべてのダウンロードをキャンセルしてもよろしいですか？","downloadError":"更新のダウンロード中にエラーが発生しました。","updateAvailableInfo":{"innerHTML":{"_index":["plural","n"],"_":{"one":"{{ n }} 個のソフトウェアが更新可能です。 <span>詳細はタップしてください。</span>","two":"{{ n }} 個のソフトウェアが更新可能です。 <span>詳細はタップしてください。</span>","few":"{{ n }} 個のソフトウェアが更新可能です。 <span>詳細はタップしてください。</span>","many":"{{ n }} 個のソフトウェアが更新可能です。 <span>詳細はタップしてください。</span>","other":"{{ n }} 個のソフトウェアが更新可能です。 <span>詳細はタップしてください。</span>"}}},"numberOfUpdates":{"_index":["plural","n"],"_":{"one":"{{ n }} 個のソフトウェアが更新可能です","two":"{{ n }} 個のソフトウェアが更新可能です","few":"{{ n }} 個のソフトウェアが更新可能です","many":"{{ n }} 個のソフトウェアが更新可能です","other":"{{ n }} 個のソフトウェアが更新可能です"}},"systemUpdate":"システムの更新","systemUpdateReady":"システムの更新が可能です","systemUpdateLowBatteryThreshold":"You need at least {{ threshold }}% battery level to install the update.","required":"必須","uncompressingMessage":{"innerHTML":"展開中です… <span>この処理は数分かかることがあります。</span>"},"downloadNoWifiWarning":"Wi-Fi が利用できません。現在の接続で更新を行うと追加の料金が発生する可能性があります。","downloadOfflineWarning":"ネットワークに接続されていません。ネットワークに接続して更新をダウンロードしてください。","downloadDataConnectionWarning":"Wi-Fi が利用できない場合、データ通信を通じて更新がダウンロードされるため、追加の料金が発生する可能性があります。","downloadUpdatesViaDataConnection":"データ通信を通じて更新をダウンロードしますか？","downloadUpdatesViaDataConnectionMessage":"Wi-Fi が利用できない場合、データ通信を通じて更新がダウンロードされます。データ通信を利用すると、着信がブロックされ、追加の料金が発生する可能性があります。","downloadUpdatesVia2GForbidden2":"Downloading updates is not possible on slow connections (2G). Please connect via Wi-Fi or 3G (if available) and try again.","screenshotSaved":"画面をギャラリーに保存しました","screenshotFailed":"画面の保存に失敗しました","screenshotNoSDCard":"メモリーカードが見つかりません","screenshotSDCardInUse":"メモリーカードが使用中です","screenshotSDCardLow":"メモリーカードに十分な空き領域がありません","emergency-call-button":"緊急通報","emergency-call":"緊急通報","unlock-a11y-button":{"ariaLabel":"ロック解除"},"camera-a11y-button":{"ariaLabel":"カメラ"},"longDateFormat":"%B%e日(%a)","panel-passcode":{"ariaLabel":"パスコードパネル"},"lockscreen-sim-id":"SIM {{ n }}","softwareHomeButton":{"ariaLabel":"ホーム"},"login":"ログイン","username":"ユーザ名","password":"パスワード","http-authentication-message":"{{host}} のユーザ名とパスワードを入力してください: “{{realm}}”","error-message":"{{name}} を正しく読み込めません","error-title":"{{name}} に問題があります","airplane-is-on":"機内モードが ON です","airplane-is-turned-on":"{{name}} はネットワーク接続が必要です。設定から機内モードを OFF にし、Wi-Fi またはデータ通信ネットワークに接続してください。","server-not-found":"サーバが見つかりませんでした","server-not-found-error":"{{name}} のサーバを見つけられません。","file-not-found":"ファイルが見つかりませんでした","file-not-found-error":"ファイルが見つからないため、端末がこのページを表示できません。","connection-failed":"接続できません","connection-failed-error":"サイトへの接続試行中にネットワークエラーが発生しました。","invalid-connection":"接続できません","invalid-connection-error":"サイトへの接続試行中にネットワークエラーが発生しました。","malformed-uri":"URL が不正です","malformed-uri-error":"入力された URL が正しくないため読み込めません。","redirect-loop":"ページを表示できません","redirect-loop-error":"ページが正しくリダイレクトされないため、端末がこのページを表示できません。後で再度このページを試してください。","not-cached":"ページが有効期限切れです","not-cached-error":"セキュリティ上の予防措置として、端末は有効期限が切れたページを表示しません。","is-printing-error":"印刷中または印刷プレビュー中はドキュメントを変更できません。","denied-port-access":"このアドレスは制限されています","denied-port-access-error":"このアドレスは Web ブラウジング以外の目的で通常使用されるネットワークポートです。ユーザ保護のため端末が要求をキャンセルしました。","proxy-resolve-failure":"プロキシサーバエラー","proxy-resolve-failure-error":"端末に設定されたプロキシサーバが見つかりませんでした。","proxy-connect-failure":"プロキシサーバエラー","proxy-connect-failure-error":"端末に設定されたプロキシサーバが接続を拒否しています。","content-encoding":"ページを表示できません","content-encoding-error":"コンテンツのエンコードエラーが発生したため、端末がこのページを表示できません。","remote-xul":"未対応のページです","remote-xul-error":"端末が対応していない技術が使われているため、このページを表示できません。","phishing-blocked":"警告","phishing-blocked-error":"この Web サイトはユーザ陥れて個人情報や金融情報を共有するよう設計された偽装サイトとして報告されています。","malware-blocked":"マルウェアの攻撃をブロックしました","malware-blocked-error":"このサイトは攻撃サイトとして報告されているためブロックされました。","unsafe-content-type":"安全でないコンテンツ","unsafe-content-type-error":"安全に開けない可能性があるため、このページは表示できません。","corrupted-content":"ページを表示できません","corrupted-content-error":"データ転送中にエラーが検出されたため、このページを表示できません。","network-connection-unavailable":"ネットワーク接続が利用できません","network-error":"{{name}} はネットワーク接続が必要です。Wi-Fi またはデータ通信ネットワークに接続してください。","network-error-launching":"{{name}} はインターネット接続を必要とします。","network-error-in-app":"現在インターネットへのアクセスがありません。","unable-to-connect":"接続できません","try-again":"再試行","check-settings":"設定確認","tap-to-check-settings":"タップして設定を確認してください","select-time":"時刻選択","choose-option":"オプション選択","choose-options":"オプション選択(複数可)","select-day":"日時選択","battery-almost-empty":"電池残量わずか","add-to-home-screen":"ホーム画面に追加","share":"共有","crash-dialog2-os":"{{brandShortName}} がクラッシュから復旧しました","crash-dialog-app":"{{name}} がクラッシュしました","crash-dialog-message":"問題の修正を助けるクラッシュについての情報を Mozilla に送信しますか？ (レポートは Wi-Fi 経由でのみ送信されます)","crash-info-link":"クラッシュレポートに含まれる内容は？","crash-always-report":"クラッシュ発生時に常にレポートを Mozilla に送信する。","crash-dont-send":"送信しない","crash-end":"レポートを送信する","crashReports":"クラッシュレポート","done":"完了","crash-reports-description-1":"クラッシュレポートには、クラッシュについての詳細とクラッシュ時の端末の状態のスナップショット情報が含まれます。","crash-reports-description-2":"これには、開いていたページやアプリ、フォームに入力したテキスト、オープンメッセージのコンテンツ、最近表示したページの履歴、オープンアプリに使用される地理位置情報などが含まれます。","crash-reports-description-3-start":"クラッシュレポートは、問題の修正や製品の改善のために使用されます。上記のあなたについての情報は、","crash-reports-description-3-privacy":"プライバシーポリシー","crash-reports-description-3-end":"に従って扱われます。","crash-banner-os2":"{{brandShortName}} がクラッシュしました。","crash-banner-app":"{{name}} がクラッシュしました。","crash-banner-report":"報告","bluetooth-sending-progress":"Bluetooth 転送で送信中…","bluetooth-receiving-progress":"Bluetooth 転送で受信中…","acceptFileTransfer":"Bluetooth ファイル転送を許可しますか？","wantToReceiveFile":"{{deviceName}} が {{fileName}} ({{fileSize}}) の転送許可を求めています。","transfer-confirmation-title":"{{deviceName}}","transfer-confirmation-description":"転送要求を検討してください。","byteUnit-B":"バイト","byteUnit-KB":"KB","byteUnit-MB":"MB","byteUnit-GB":"GB","byteUnit-TB":"TB","byteUnit-PB":"PB","byteUnit-EB":"EB","byteUnit-ZB":"ZB","byteUnit-YB":"YB","fileSize":"{{size}}{{unit}}","deny":"拒否","transfer":"転送","cancelFileTransfer":"Bluetooth 転送をキャンセルしますか？","continueFileTransfer":"転送続行","transfer-has-started-title":"転送を開始しました","transfer-has-started-description":"経過は通知センターで確認できます。","transferFinished-sentSuccessful-title":"ファイルを送信しました","transferFinished-receivedSuccessful-title":"ファイルを受信しました","transferFinished-sentFailed-title":"ファイルを送信できませんでした","transferFinished-receivedFailed-title":"ファイルを受信できませんでした","transferReport-title":"転送レポート:","transferReport-description":"{{numSuccessful}} 個のファイルが転送成功、{{numUnsuccessful}} 個のファイルが転送失敗","unknown-file":"不明なファイル","unknown-device":"不明な端末","cannotOpenFile":"受信したファイルを開けません","unknownMediaTypeToOpen":"不明なメディアタイプは開けません:","cannotReceiveFile":"ファイルを受信できません","cannotGetStorageState":"端末のストレージの状態を取得できません。","sdcard-not-exist2":"メモリーカードが見つかりませんでした。メモリーカードを挿入してください。","sdcard-in-use":"ケーブル接続中は Bluetooth を使用できません。ファイルを受信するにはケーブルを外してください。","sdcard-no-space2":"転送を完了できません: メモリーカードが満杯です。","unknown-error":"不明なエラー","confirm":"確認","microphone-is-on":"マイクが ON です","camera-is-on":"カメラが ON です","media-is-on":"カメラとマイクが ON です","noSimCard":"SIM カードが挿入されていません","simPin":"SIM PIN コード","pukCode":"PIN ロック解除コード","nckCode":"NCK コード (ネットワークロックコントロールキー)","cckCode":"CCK コード","spckCode":"SPCK コード","nck1code":"NCK1 コード","nck2code":"NCK2 コード","hnckcode":"HNCK コード","rcckcode":"RCCK コード","rspckcode":"RSPCK コード","whatIsSimPin":"SIM カードロックとは","simPinIntro1":"SIM カードロック設定を有効にした場合、携帯電話の再起動時に SIM カードロックの解除が求められます。解除されるまで携帯電話のネットワーク接続が行われません。","simPinIntro2":"SIM PIN コードは端末のロック解除に使用するパスコードとは異なります。","changeSimPin":"SIM PIN コードの変更","pinTitle":"SIM PIN コードを入力","multiSIMpinTitle":"SIM {{n}} の PIN コードを入力","pukTitle":"PIN ロック解除コードを入力","nckTitle":"NCK コードを入力","cckTitle":"CCK コードを入力","spckTitle":"SPCK コードを入力","nck1Title":"NCK1 コードを入力","nck2Title":"NCK2 コードを入力","hnckTitle":"HNCK コードを入力","rcckTitle":"RCCK コードを入力","rspckTitle":"RSPCK コードを入力","newpinTitle":"新しい SIM PIN コード","inputCodeRetriesLeft":{"_index":["plural","n"],"_":{"one":"残り 1 回。","two":"残り {{n}} 回。","few":"残り {{n}} 回。","many":"残り {{n}} 回。","other":"残り {{n}} 回。"}},"pinErrorMsg":"PIN コードが正しくありません。","pinAttemptMsg2":{"_index":["plural","n"],"_":{"one":"残り 1 回です。SIM カードがロックされる前に正しいコードを入力してください。","two":"残り {{n}} 回です。SIM カードがロックされる前に正しいコードを入力してください。","few":"残り {{n}} 回です。SIM カードがロックされる前に正しいコードを入力してください。","many":"残り {{n}} 回です。SIM カードがロックされる前に正しいコードを入力してください。","other":"残り {{n}} 回です。SIM カードがロックされる前に正しいコードを入力してください。"}},"pinLastChanceMsg":"正しい PIN コードを入力できるのはこれが最後です。入力に失敗した場合、この SIM カードを使用するには PIN ロック解除コード (PUK コード) を入力しなければなりません。","simCardLockedMsg":"この SIM カードはロックされています。","enterPukMsg":"使用するには PIN ロック解除コード (PUK コード) が必要です。詳しい情報は、ご利用の携帯通信事業者にお問い合わせください。","pukErrorMsg":"PIN ロック解除コードが正しくありません。","pukAttemptMsg2":{"_index":["plural","n"],"_":{"one":"残り 1 回です。SIM カードが永久に使用不可になる前に正しいコードを入力してください。詳しい情報は、SIM カードの取扱説明書を参照するか、ご利用の携帯通信事業者にお問い合わせください。","two":"残り {{n}} 回です。SIM カードが永久に使用不可になる前に正しいコードを入力してください。詳しい情報は、SIM カードの取扱説明書を参照するか、ご利用の携帯通信事業者にお問い合わせください。","few":"残り {{n}} 回です。SIM カードが永久に使用不可になる前に正しいコードを入力してください。詳しい情報は、SIM カードの取扱説明書を参照するか、ご利用の携帯通信事業者にお問い合わせください。","many":"残り {{n}} 回です。SIM カードが永久に使用不可になる前に正しいコードを入力してください。詳しい情報は、SIM カードの取扱説明書を参照するか、ご利用の携帯通信事業者にお問い合わせください。","other":"残り {{n}} 回です。SIM カードが永久に使用不可になる前に正しいコードを入力してください。詳しい情報は、SIM カードの取扱説明書を参照するか、ご利用の携帯通信事業者にお問い合わせください。"}},"pukLastChanceMsg":"正しい PIN ロック解除コードを入力できるのはこれが最後です。入力に失敗した場合、この SIM カードは永久に使用できなくなります。詳しい情報は、SIM カードの取扱説明書を参照するか、ご利用の携帯通信事業者にお問い合わせください。","newSimPinMsg":"PIN コードを入力してください (4～8桁)","confirmNewSimPinMsg":"新しい PIN コードの確認","newPinErrorMsg":"PIN コードが一致しません","nckErrorMsg":"NCK コードが正しくありません。","nckAttemptMsg2":{"_index":["plural","n"],"_":{"one":"ネットワークロックの解除リクエストに失敗しました。あと 1 回まで入力できます。詳しい情報は、端末の取扱説明書を参照するか、ご利用の携帯通信事業者にお問い合わせください。","two":"ネットワークロックの解除リクエストに失敗しました。あと {{n}} 回まで入力できます。詳しい情報は、端末の取扱説明書を参照するか、ご利用の携帯通信事業者にお問い合わせください。","few":"ネットワークロックの解除リクエストに失敗しました。あと {{n}} 回まで入力できます。詳しい情報は、端末の取扱説明書を参照するか、ご利用の携帯通信事業者にお問い合わせください。","many":"ネットワークロックの解除リクエストに失敗しました。あと {{n}} 回まで入力できます。詳しい情報は、端末の取扱説明書を参照するか、ご利用の携帯通信事業者にお問い合わせください。","other":"ネットワークロックの解除リクエストに失敗しました。あと {{n}} 回まで入力できます。詳しい情報は、端末の取扱説明書を参照するか、ご利用の携帯通信事業者にお問い合わせください。"}},"nckLastChanceMsg":"ネットワークロックの解除リクエストに失敗しました。正しい NCK コードを入力できるのはこれが最後です。詳しい情報は、端末の取扱説明書を参照するか、ご利用の携帯通信事業者にお問い合わせください。","activity-pick":"選択:","activity-view":"表示:","activity-test":"テスト:","activity-share":"共有:","activity-new":"作成:","activity-open":"開く:","activity-save-bookmark":"ブックマーク保存:","activity-record":"記録:","activity-browse":"ブラウズ:","activity-configure":"設定:","activity-dial":"ダイヤル:","persona-signin":"サインイン","payment-flow":"支払い","remoteDebuggerMessage":"リモートデバッグの接続許可を求められています。接続を許可しますか？","fullscreen-request":"{{origin}} を全画面表示します。","captive-wifi-available":"{{networkName}} のネットワークが見つかりました。ネットワークに接続しますか？","ceWarningtitle":"音量警告","ceWarningcontent":"聴覚障害を予防するため、大音量で長時間聴き続けないでください。","notification-powersaving-mode-on-title":"節電モード","notification-powersaving-mode-on-description":"節電モードは ON です。","low-device-storage":"端末の空き領域が残り少なくなっています。\\n","free-space":{"_index":["plural","value"],"_":{"zero":"空き領域がありません。","one":"残り {{value}}{{unit}} 未満です。","two":"残り {{value}}{{unit}} 以下です。","few":"残り {{value}}{{unit}} 以下です。","many":"残り {{value}}{{unit}} 以下です。","other":"残り {{value}}{{unit}} 以下です。"}},"unknown-free-space":"空き領域の残りサイズは不明です。","system-alert":"システム警報","cb-channel":"チャンネル {{channel}}","cb-etws-warningType-earthquake":"地震警報！","cb-etws-warningType-tsunami":"津波警報！","cb-etws-warningType-earthquake-tsunami":"地震津波警報！","cb-etws-warningType-test":"警報システムの試験中です。","cb-etws-warningType-other":"非常事態警報！","icc-message-maintitle":"Operator message","icc-message-subtitle":"SIM {{id}}","icc-confirmCall-defaultmessage":"{{number}} に発信しますか？","icc-alertMessage-defaultmessage":"メッセージ送信","icc-confirmMessage-defaultmessage":"メッセージを送信しますか？","icc-inputbox-maintitle":"STK Query","icc-inputbox-subtitle":"SIM {{id}}","emergency-callback-mode":"緊急コールバックモード","emergency-callback-message":"緊急コールバックモードが有効なため、通話およびメッセージ送信、オンライン接続はできません。このモードを OFF にしますか？","cdma-record-info":"CDMA 記録情報","ime-switching-title":"{{appName}}: {{name}}","ime-switching-tip":"タップして入力方式を切り替えます","shrinking-tip":"奥へスワイプして共有します","download_started":"ダウンロード開始しました","download_stopped":"ダウンロード停止しました","download_downloading":"ダウンロード中…","download_succeeded":"ダウンロード完了","download_failed":"ダウンロード失敗","download_text_by_default":"{{name}}","download_downloading_text_2":"{{percentage}}% - {{name}}","search-or-enter-address":{"_":"検索語またはアドレスを入力してください","placeholder":"検索語またはアドレスを入力"},"noSIMCardInHotspot":"SIM カードが無いか正しく挿入されていないため、端末のアクセスポイントを OFF にします。","noHopspotWhenAPMisOn":"Wi-Fi アクセスポイントを使用するには機内モードを OFF にしてください。","apmActivated":"機内モードが有効です","open-in-new-tab":"リンクを新しいタブで開く","add-link-to-home-screen":"リンクをホーム画面に追加","share-link":"リンクを共有","save-image":"画像を保存","save-video":"動画を保存","save-audio":"音声を保存","save-link":"Save linked file","share-image":"Share Image","share-video":"Share Video","share-audio":"Share Audio","weekday-0-long":"日曜日","weekday-1-long":"月曜日","weekday-2-long":"火曜日","weekday-3-long":"水曜日","weekday-4-long":"木曜日","weekday-5-long":"金曜日","weekday-6-long":"土曜日","weekday-0-short":"日","weekday-1-short":"月","weekday-2-short":"火","weekday-3-short":"水","weekday-4-short":"木","weekday-5-short":"金","weekday-6-short":"土","month-0-long":"1月","month-1-long":"2月","month-2-long":"3月","month-3-long":"4月","month-4-long":"5月","month-5-long":"6月","month-6-long":"7月","month-7-long":"8月","month-8-long":"9月","month-9-long":"10月","month-10-long":"11月","month-11-long":"12月","month-0-genitive":"1月","month-1-genitive":"2月","month-2-genitive":"3月","month-3-genitive":"4月","month-4-genitive":"5月","month-5-genitive":"6月","month-6-genitive":"7月","month-7-genitive":"8月","month-8-genitive":"9月","month-9-genitive":"10月","month-10-genitive":"11月","month-11-genitive":"12月","month-0-short":"1月","month-1-short":"2月","month-2-short":"3月","month-3-short":"4月","month-4-short":"5月","month-5-short":"6月","month-6-short":"7月","month-7-short":"8月","month-8-short":"9月","month-9-short":"10月","month-10-short":"11月","month-11-short":"12月","minutes-ago-long":{"_index":["plural","value"],"_":{"zero":"1分以内","one":"1分前","two":"{{value}}分前","few":"{{value}}分前","many":"{{value}}分前","other":"{{value}}分前"}},"hours-ago-long":{"_index":["plural","value"],"_":{"zero":"1時間以内","one":"1時間前","two":"{{value}}時間前","few":"{{value}}時間前","many":"{{value}}時間前","other":"{{value}}時間前"}},"days-ago-long":{"_index":["plural","value"],"_":{"zero":"今日","one":"昨日","two":"{{value}}日前","few":"{{value}}日前","many":"{{value}}日前","other":"{{value}}日前"}},"weeks-ago-long":{"_index":["plural","value"],"_":{"zero":"今週","one":"先週","two":"{{value}}週間前","few":"{{value}}週間前","many":"{{value}}週間前","other":"{{value}}週間前"}},"months-ago-long":{"_index":["plural","value"],"_":{"zero":"今月","one":"先月","two":"{{value}}か月前","few":"{{value}}か月前","many":"{{value}}か月前","other":"{{value}}か月前"}},"years-ago-long":{"_index":["plural","value"],"_":{"zero":"今年","one":"昨年","two":"{{value}}年前","few":"{{value}}年前","many":"{{value}}年前","other":"{{value}}年前"}},"minutes-until-long":{"_index":["plural","value"],"_":{"zero":"1分以内","one":"1分後","two":"{{value}}分後","few":"{{value}}分後","many":"{{value}}分後","other":"{{value}}分後"}},"hours-until-long":{"_index":["plural","value"],"_":{"zero":"1時間以内","one":"1時間後","two":"{{value}}時間後","few":"{{value}}時間後","many":"{{value}}時間後","other":"{{value}}時間後"}},"days-until-long":{"_index":["plural","value"],"_":{"zero":"今日","one":"明日","two":"{{value}}日後","few":"{{value}}日後","many":"{{value}}日後","other":"{{value}}日後"}},"weeks-until-long":{"_index":["plural","value"],"_":{"zero":"今週","one":"来週","two":"{{value}}週間後","few":"{{value}}週間後","many":"{{value}}週間後","other":"{{value}}週間後"}},"months-until-long":{"_index":["plural","value"],"_":{"zero":"今月","one":"来月","two":"{{value}}か月後","few":"{{value}}か月後","many":"{{value}}か月後","other":"{{value}}か月後"}},"years-until-long":{"_index":["plural","value"],"_":{"zero":"今年","one":"来年","two":"{{value}}年後","few":"{{value}}年後","many":"{{value}}年後","other":"{{value}}年後"}},"minutes-ago-short":{"_index":["plural","value"],"_":{"zero":"直前","other":"{{value}}分前"}},"hours-ago-short":{"_index":["plural","value"],"_":{"zero":"数分前","other":"{{value}}時間前"}},"days-ago-short":{"_index":["plural","value"],"_":{"zero":"今日","other":"{{value}}日前"}},"minutes-until-short":{"_index":["plural","value"],"_":{"zero":"直後","other":"{{value}}分後"}},"hours-until-short":{"_index":["plural","value"],"_":{"zero":"数分後","other":"{{value}}時間後"}},"days-until-short":{"_index":["plural","value"],"_":{"zero":"今日","other":"{{value}}日後"}},"incorrectDate":"(日付が不正です)","dateTimeFormat_%c":"%Y年%b%e日(%a) %p%I:%M:%S","dateTimeFormat_%x":"%Y/%m/%d","dateTimeFormat_%X":"%p%I:%M:%S","shortTimeFormat":"%p%I:%M","shortDateTimeFormat":"%x %p%I:%M","weekStartsOnMonday":"0","time_am":"午前","time_pm":"午後","title-app":"アプリの許可設定","title-web":"Web サイトの許可設定","title-cam":"カメラ選択","perm-contacts":"連絡先","perm-contacts-appRequest":"{{app}} が連絡先リストへのアクセス許可を求めています。","perm-contacts-webRequest":"{{site}} サイトが連絡先リストへのアクセス許可を求めています。","perm-desktop-notification":"通知","perm-desktop-notification-appRequest":"{{app}} が通知の表示を求めています。","perm-desktop-notification-webRequest":"{{site}} サイトが通知の表示を求めています。","perm-device-storage-music":"音楽のストレージ","perm-device-storage-music-appRequest":"{{app}} が音楽へのアクセス許可を求めています。","perm-device-storage-music-webRequest":"{{site}} サイトが音楽へのアクセス許可を求めています。","perm-device-storage-pictures":"写真のストレージ","perm-device-storage-pictures-appRequest":"{{app}} が写真へのアクセス許可を求めています。","perm-device-storage-pictures-webRequest":"{{site}} サイトが写真へのアクセス許可を求めています。","perm-device-storage-sdcard":"メモリーカードのストレージ","perm-device-storage-sdcard-appRequest":"{{app}} がメモリーカードへのアクセス許可を求めています。","perm-device-storage-sdcard-webRequest":"{{site}} サイトがメモリーカードへのアクセス許可を求めています。","perm-device-storage-videos":"動画のストレージ","perm-device-storage-videos-appRequest":"{{app}} が動画へのアクセス許可を求めています。","perm-device-storage-videos-webRequest":"{{site}} サイトが動画へのアクセス許可を求めています。","perm-fmradio":"FM ラジオ","perm-fmradio-appRequest":"{{app}} が FM ラジオの使用許可を求めています。","perm-fmradio-webRequest":"{{site}} サイトが FM ラジオの使用許可を求めています。","perm-geolocation":"位置情報の送信","perm-geolocation-appRequest":"{{app}} があなたの位置情報を求めています。","perm-geolocation-webRequest":"{{site}} サイトがあなたの位置情報を求めています。","perm-geolocation-more-info":"{{brandShortName}} は、GPS や Wi-Fi、近くのモバイルネットワークなどのデータを、ユーザのおおよその現在位置の決定に利用します。このデータは、 Mozilla と他のサービスプロバイダに送信され、位置情報データベースを改善するために集計されます。このデータは、ご使用の端末に保存され、アプリが実行中でない時にもデータが収集されることがあります。","perm-video-capture":"カメラ","perm-video-capture-appRequest":"カメラの共有を {{app}} に許可しますか？","perm-video-capture-webRequest":"カメラの共有を {{site}} に許可しますか？","perm-audio-capture":"マイク","perm-audio-capture-appRequest":"マイクの共有を {{app}} に許可しますか？","perm-audio-capture-webRequest":"マイクの共有を {{site}} に許可しますか？","perm-media-capture":"カメラとマイク","perm-media-capture-appRequest":"カメラとマイクの共有を {{app}} に許可しますか？","perm-media-capture-webRequest":"カメラとマイクの共有を {{site}} に許可しますか？","perm-camera-selector-appRequest":"{{app}} で使用するカメラを選択してください。","perm-camera-selector-webRequest":"{{site}} で使用するカメラを選択してください。","perm-mobileid":"モバイル個人認証","stopped_download_title":"ダウンロードを中止しました","stopped_download_message":"ダウンロードが中止されました。再度ダウンロードしますか？","stopped_download_left_button":"キャンセル","stopped_download_right_button":"再試行","failed_download_title":"ダウンロードに失敗しました","failed_download_message":"{{name}} のダウンロードに失敗しました。再度ダウンロードしますか？","failed_download_left_button":"キャンセル","failed_download_right_button":"再試行","stop_download_title":"ダウンロードを中止します","stop_download_message":"本当にダウンロードを中止してもよろしいですか？","stop_download_left_button":"いいえ","stop_download_right_button":"はい","delete_download_title":"削除","delete_download_message":"{{name}} を削除しますか？","delete_download_left_button":"キャンセル","delete_download_right_button":"削除","delete_all_download_title":"削除","delete_all_download_left_button":"キャンセル","delete_all_download_right_button":"削除","delete_all_download_message":{"_index":["plural","number"],"_":{"zero":"ファイルを削除しません","one":"1 個のファイルを削除しますか？","two":"{{number}} 個のファイルを削除しますか？","few":"{{number}} 個のファイルを削除しますか？","many":"{{number}} 個のファイルを削除しますか？","other":"{{number}} 個のファイルを削除しますか？"}},"unsupported_file_type_download_title":"データが開けません","unsupported_file_type_download_message":"{{name}} を扱えるアプリがありません。これをファイルに保存または削除してください。","unsupported_file_type_download_left_button":"ファイルに保存","unsupported_file_type_download_right_button":"削除","file_not_found_download_title":"ファイルが見つかりませんでした","file_not_found_download_message":"端末上にファイルが見つかりませんでした。","file_not_found_download_right_button":"OK","unmounted_sdcard_2_download_title":"メモリーカードが使用中です","unmounted_sdcard_2_download_message":"USB ケーブルを抜いてください","unmounted_sdcard_2_download_right_button":"OK","no_provider_download_title":"共有できません","no_provider_download_message":"プロバイダが見つかりませんでした。","no_provider_download_right_button":"OK","no_memory_download_title":"SD カードが満杯です","no_memory_download_message":"SD カードにダウンロードしたファイルを保存するための空き領域が足りません。ダウンロードを再開する前に不要なファイルを削除してください。","no_memory_download_right_button":"OK","no_sdcard_found_2_download_title":"メモリーカードが見つかりませんでした","no_sdcard_found_2_download_message":"メモリーカードを挿入するか、環境設定で既定のメディアの場所を選択してください。","no_sdcard_found_2_download_right_button":"OK","file_open_error_download_title":"データが開けません","file_open_error_download_message":"{{name}} を開く時に問題が発生しました。これをファイルに保存または削除してください。","file_open_error_download_left_button":"ファイルに保存","file_open_error_download_right_button":"削除","restart_download_error":"ダウンロードの再開中にエラーが発生しました。ダウンロードを再度試してください。","no-downloads":"ダウンロードなし","percentage":"{{percentage}} %","partialResult":"{{partial}} / {{total}}","summary":"{{date}} - {{status}}","download-stopped":"ダウンロード中止","download-failed":"ダウンロード失敗","open_downloaded_file":"開く","share_downloaded_file":"共有する","wallpaper_downloaded_file":"壁紙に設定する","ringtone_downloaded_file":"着信音に設定する","cancel_downloaded_file":"キャンセル","voicemailNoNumberTitle":"ボイスメール番号が利用できません","voicemailNoNumberText":"ボイスメールを呼び出せません。呼び出すためのボイスメール番号を設定してください。","voicemailNoNumberSettings":"設定","voicemailNoNumberCancel":"キャンセル","resend":"再送信","connecting":"接続中","verify":"検証","verifying":"検証中","verified":"検証完了","mobileIDExplanation":"{{app_name}} が検証のため携帯端末の電話番号を求めています。共有するものを選ぶか新しいものを入力してください。","verificationCodeExplanation":"{{phone_number}} にコードを送信しました。これは自動的にピックアップされますが、この端末で使用しているものでない場合は手動で入力する必要があります。","successMessage":"あなたの電話番号 {{phone_number}} が検証され、{{app_name}} で利用できるようになりました。","serverErrorMessage":"現在、検証サーバが利用できません。インターネット接続を確認して再度試すか、数分お待ちください。","timeoutErrorMessage":"検証コードに問題があるようです。もう一度お試しください。","errorTitle":"モバイル個人認証","addPhoneNumber":"または、あなたの電話番号を追加してください","selectPhoneNumber":"または、リストから電話番号を選択してください"}