{"firefox-accounts-title":"គណនី Firefox","fxa-next":"បន្ទាប់","fxa-back":"ថយក្រោយ","fxa-done":"ធ្វើ​រួច","fxa-ok":"យល់ព្រម","fxa-connection-error-title":"មិន​អាច​តភ្ជាប់","fxa-connection-error-message":"អ្នក​អាច​បង្កើត​គណនី ឬ ចូល​គណនី​តាម​រយៈ​ការ​កំណត់។","fxa-reset-password-error-title":"កំណត់​ពាក្យសម្ងាត់​ឡើងវិញ","fxa-reset-password-error-message":"អ្នក​អាច​កំណត់​ពាក្យ​សម្ងាត់​ឡើង​វិញ​ពី​ក្នុង​ការ​កំណត់។","fxa-coppa-failure-error-title":"មិន​អាច​បង្កើត​គណនី​បាន​ទេ","fxa-coppa-failure-error-message":"អ្នក​ត្រូវតែ​មាន​អាយុ​គ្រប់​តាម​​លក្ខខណ្ឌ ដើម្បី​បង្កើត​គណនី ​Firefox ។ {{learnmore}}","fxa-learn-more":"ស្វែងយល់​បន្ថែម","fxa-offline-error-title":"មិន​អាច​តភ្ជាប់​បាន","fxa-offline-error-message":"សូម​ភ្ជាប់​ទៅ​បណ្ដាញ​ពី​ក្នុង​ការ​កំណត់។","fxa-invalid-email-title":"កំហុស","fxa-invalid-email-message":"សូម​បញ្ចូល​អ៊ីមែល​ដែល​ត្រឹម​ត្រូវ។","fxa-invalid-password-title":"ពាក្យ​សម្ងាត់​មិន​ត្រឹមត្រូវ","fxa-invalid-password-message":"សូម​ពិនិត្យ​ពាក្យ​សម្ងាត់​របស់​អ្នក ហើយ​ព្យាយាម​ម្ដង​ទៀត។","fxa-unknown-error-title":"មិន​អាច​តភ្ជាប់​បាន","fxa-unknown-error-message":"មិន​មាន​ប្រព័ន្ធ, ព្យាយាម​ម្ដងទៀត​ឆាប់ៗ។","fxa-connecting":"កំពុង​តភ្ជាប់","fxa-enter-email-input":{"placeholder":"បញ្ចូល​អ៊ីមែល​របស់​អ្នក"},"fxa-use-email-to-sign-in":"ប្រើ​អាសយដ្ឋាន​អ៊ីមែល​របស់​អ្នក ដើម្បី​បង្កើត​គណនី ឬ​ក៏​ចូល​គណនី។","fxa-notice":"តាម​រយៈ​ដំណើរការ, ខ្ញុំ​យល់ព្រម​ចំពោះ {{tos}} និង {{pn}} នៃ​សេវាកម្ម​ cloud របស់ Firefox ។","fxa-tos":"លក្ខខណ្ឌ​ប្រើ​ប្រាប់","fxa-pn":"ឯកសារ​ភាព​ឯកជន","fxa-create-password-title":"បង្កើត​ពាក្យ​សម្ងាត់","fxa-enter-password-title":"បញ្ចូល​ពាក្យ​សម្ងាត់​របស់​អ្នក","fxa-hello-user":"សួស្ដី, {{email}}","fxa-password-refresh":"សូម​បញ្ចូល​ពាក្យ​សម្ងាត់​គណនី Firefox របស់​អ្នក ដើម្បី​បន្ត។","fxa-password":{"placeholder":"ពាក្យ​សម្ងាត់"},"fxa-forgot-your-password":"ភ្លេច​ពាក្យ​សម្ងាត់​របស់​អ្នក?","fxa-show-password":"បង្ហាញ​ពាក្យ​សម្ងាត់","fxa-password-length-requirement":"ពាក្យ​សម្ងាត់​យ៉ាងហោច​ណាស់​មាន​ប្រវែង 8 តួអក្សរ។","fxa-success":"ជោគជ័យ!","fxa-ready-to-go":"គណនី Firefox របស់​អ្នក រួចរាល់​ហើយ! ","fxa-use-features":"នៅ​ពេល​នេះ អ្នក​អាច​ប្រើ​មុខងារ​នានា​ដូច​ជា ស្វែងរក​ឧបករណ៍​របស់​ខ្ញុំ និង​កម្មវិធី​នានា​ដូច​ជា Firefox Marketplace ជាដើម។","fxa-access-manage-account-settings":"នៅ​ពេល​ខាង​មុខ អ្នក​អាច​ចូល​និង​គ្រប់គ្រង​គណនី​របស់​អ្នក​ពី​ក្នុង​ការ​កំណត់។","fxa-confirm-account":"អះអាង​គណនី​របស់​អ្នក","fxa-will-send-email":"យើង​នឹង​ផ្ញើ​អ៊ីមែល​មួយ​ទៅ៖ {{email}}","fxa-signup-click-verification-link-in-email":"នៅ​ពេល​បន្ទាប់​អ្នក​ពិនិត្យមើល​អ៊ីមែល​របស់​អ្នក, ចុច​​តំណ​ផ្ទៀង​ផ្ទាត់ ដើម្បី​បញ្ជាក់​គណនី Firefox របស់​អ្នក។","fxa-age-verification":"ការ​ផ្ទៀងផ្ទាត់​អាយុ","fxa-age-1990-earlier":"1990 ឬ​មុន","fxa-year-of-birth":"ឆ្នាំ​កំណើត","brandShortName":"B2G OS","browserBrandShortName":"កម្មវិធី​អ៊ីនធឺណិត","browserBrandFullName":"កម្មវិធី​អ៊ីនធឺណិត​ Mozilla","accessibility-enableScreenReaderSteps":"To enable screen reader, press volume up then volume down buttons three more times","accessibility-disableScreenReaderSteps":"To disable screen reader, press volume up then volume down buttons three more times","accessibility-screenReaderStarted":"Screen reader started","accessibility-screenReaderStopped":"Screen reader stopped","accessibility-menubar":"menu bar","accessibility-scrollbar":"scroll bar","accessibility-grip":"grip","accessibility-alert":"alert","accessibility-menupopup":"menu popup","accessibility-document":"document","accessibility-pane":"pane","accessibility-dialog":"dialog","accessibility-separator":"separator","accessibility-toolbar":"toolbar","accessibility-statusbar":"status bar","accessibility-table":"table","accessibility-columnheader":"column header","accessibility-rowheader":"row header","accessibility-column":"column","accessibility-row":"row","accessibility-cell":"cell","accessibility-link":"link","accessibility-list":"list","accessibility-listitem":"list item","accessibility-outline":"outline","accessibility-outlineitem":"outline item","accessibility-pagetab":"tab","accessibility-propertypage":"property page","accessibility-graphic":"graphic","accessibility-pushbutton":"button","accessibility-checkbutton":"check button","accessibility-radiobutton":"radio button","accessibility-combobox":"combo box","accessibility-progressbar":"progress bar","accessibility-slider":"slider","accessibility-spinbutton":"spin button","accessibility-diagram":"diagram","accessibility-animation":"animation","accessibility-equation":"equation","accessibility-buttonmenu":"button menu","accessibility-whitespace":"white space","accessibility-pagetablist":"tab list","accessibility-canvas":"canvas","accessibility-checkmenuitem":"check menu item","accessibility-label":"label","accessibility-passwordtext":"password text","accessibility-radiomenuitem":"radio menu item","accessibility-textcontainer":"text container","accessibility-togglebutton":"toggle button","accessibility-treetable":"tree table","accessibility-header":"header","accessibility-footer":"footer","accessibility-paragraph":"paragraph","accessibility-entry":"entry","accessibility-caption":"caption","accessibility-heading":"heading","accessibility-section":"section","accessibility-form":"form","accessibility-comboboxlist":"combo box list","accessibility-comboboxoption":"combo box option","accessibility-imagemap":"image map","accessibility-listboxoption":"option","accessibility-listbox":"list box","accessibility-flatequation":"flat equation","accessibility-gridcell":"gridcell","accessibility-note":"note","accessibility-figure":"figure","accessibility-definitionlist":"definition list","accessibility-term":"term","accessibility-definition":"definition","accessibility-textarea":"text area","accessibility-textInputType_date":"date","accessibility-textInputType_email":"e-mail","accessibility-textInputType_search":"search","accessibility-textInputType_tel":"telephone","accessibility-textInputType_url":"URL","accessibility-headingLevel":"heading level {{0}}","accessibility-listStart":"First item","accessibility-listEnd":"Last item","accessibility-listItemsCount":{"_index":["plural","count"],"_":{"zero":"{{count}} items","one":"{{count}} item","two":"{{count}} items","few":"{{count}} items","many":"{{count}} items","other":"{{count}} items"}},"accessibility-objItemOfN":"{{0}} of {{1}}","accessibility-banner":"banner","accessibility-complementary":"complementary","accessibility-contentinfo":"content info","accessibility-main":"main","accessibility-navigation":"navigation","accessibility-search":"search","accessibility-tblColumnInfo":{"_index":["plural","count"],"_":{"zero":"with {{count}} columns","one":"with {{count}} column","two":"with {{count}} columns","few":"with {{count}} columns","many":"with {{count}} columns","other":"with {{count}} columns"}},"accessibility-tblRowInfo":{"_index":["plural","count"],"_":{"zero":"and {{count}} rows","one":"and {{count}} row","two":"and {{count}} rows","few":"and {{count}} rows","many":"and {{count}} rows","other":"and {{count}} rows"}},"accessibility-columnInfo":"Column {{0}}","accessibility-rowInfo":"Row {{0}}","accessibility-spansColumns":{"_index":["plural","0"],"_":{"zero":"spans {{0}} columns","one":"spans {{0}} column","two":"spans {{0}} columns","few":"spans {{0}} columns","many":"spans {{0}} columns","other":"spans {{0}} columns"}},"accessibility-spansRows":{"_index":["plural","0"],"_":{"zero":"spans {{0}} rows","one":"spans {{0}} row","two":"spans {{0}} rows","few":"spans {{0}} rows","many":"spans {{0}} rows","other":"spans {{0}} rows"}},"accessibility-jumpAction":"jumped","accessibility-pressAction":"pressed","accessibility-checkAction":"checked","accessibility-uncheckAction":"unchecked","accessibility-selectAction":"selected","accessibility-unselectAction":"unselected","accessibility-openAction":"opened","accessibility-closeAction":"closed","accessibility-switchAction":"switched","accessibility-clickAction":"clicked","accessibility-collapseAction":"collapsed","accessibility-expandAction":"expanded","accessibility-activateAction":"activated","accessibility-cycleAction":"cycled","accessibility-hidden":"hidden","accessibility-tabLoading":"loading","accessibility-tabLoaded":"loaded","accessibility-tabNew":"new tab","accessibility-tabLoadStopped":"loading stopped","accessibility-tabReload":"reloading","accessibility-stateChecked":"checked","accessibility-stateNotChecked":"not checked","accessibility-statePressed":"pressed","accessibility-stateExpanded":"expanded","accessibility-stateCollapsed":"collapsed","accessibility-stateUnavailable":"unavailable","accessibility-stateRequired":"required","accessibility-stateTraversed":"visited","accessibility-stateHasPopup":"has pop up","accessibility-stateSelected":"selected","accessibility-editingMode":"editing","accessibility-navigationMode":"navigating","accessibility-quicknav_Simple":"Default","accessibility-quicknav_Anchor":"Anchors","accessibility-quicknav_Button":"Buttons","accessibility-quicknav_Combobox":"Combo boxes","accessibility-quicknav_Landmark":"Landmarks","accessibility-quicknav_Entry":"Entries","accessibility-quicknav_FormElement":"Form elements","accessibility-quicknav_Graphic":"Images","accessibility-quicknav_Heading":"Headings","accessibility-quicknav_ListItem":"List items","accessibility-quicknav_Link":"Links","accessibility-quicknav_List":"Lists","accessibility-quicknav_PageTab":"Page tabs","accessibility-quicknav_RadioButton":"Radio buttons","accessibility-quicknav_Separator":"Separators","accessibility-quicknav_Table":"Tables","accessibility-quicknav_Checkbox":"Check boxes","accessibility-menubarAbbr":"menu bar","accessibility-scrollbarAbbr":"scroll bar","accessibility-gripAbbr":"grip","accessibility-alertAbbr":"alert","accessibility-menupopupAbbr":"menu popup","accessibility-documentAbbr":"document","accessibility-paneAbbr":"pane","accessibility-dialogAbbr":"dialog","accessibility-separatorAbbr":"separator","accessibility-toolbarAbbr":"toolbar","accessibility-statusbarAbbr":"status bar","accessibility-tableAbbr":"tbl","accessibility-columnheaderAbbr":"column header","accessibility-rowheaderAbbr":"row header","accessibility-columnAbbr":"column","accessibility-rowAbbr":"row","accessibility-cellAbbr":"cell","accessibility-linkAbbr":"lnk","accessibility-listAbbr":"list","accessibility-listitemAbbr":"list item","accessibility-outlineAbbr":"outline","accessibility-outlineitemAbbr":"outline item","accessibility-pagetabAbbr":"tab","accessibility-propertypageAbbr":"property page","accessibility-graphicAbbr":"graphic","accessibility-pushbuttonAbbr":"btn","accessibility-checkbuttonAbbr":"check button","accessibility-radiobuttonAbbr":"radio button","accessibility-comboboxAbbr":"combo box","accessibility-progressbarAbbr":"progress bar","accessibility-sliderAbbr":"slider","accessibility-spinbuttonAbbr":"spin button","accessibility-diagramAbbr":"diagram","accessibility-animationAbbr":"animation","accessibility-equationAbbr":"equation","accessibility-buttonmenuAbbr":"button menu","accessibility-whitespaceAbbr":"white space","accessibility-pagetablistAbbr":"tab list","accessibility-canvasAbbr":"canvas","accessibility-checkmenuitemAbbr":"check menu item","accessibility-labelAbbr":"label","accessibility-passwordtextAbbr":"passwdtxt","accessibility-radiomenuitemAbbr":"radio menu item","accessibility-textcontainerAbbr":"text container","accessibility-togglebuttonAbbr":"toggle button","accessibility-treetableAbbr":"tree table","accessibility-headerAbbr":"header","accessibility-footerAbbr":"footer","accessibility-paragraphAbbr":"paragraph","accessibility-entryAbbr":"entry","accessibility-captionAbbr":"caption","accessibility-headingAbbr":"heading","accessibility-sectionAbbr":"section","accessibility-formAbbr":"form","accessibility-comboboxlistAbbr":"combo box list","accessibility-comboboxoptionAbbr":"combo box option","accessibility-imagemapAbbr":"imgmap","accessibility-listboxoptionAbbr":"option","accessibility-listboxAbbr":"list box","accessibility-flatequationAbbr":"flat equation","accessibility-gridcellAbbr":"gridcell","accessibility-noteAbbr":"note","accessibility-figureAbbr":"fig","accessibility-definitionlistAbbr":"definition list","accessibility-termAbbr":"term","accessibility-definitionAbbr":"definition","accessibility-textareaAbbr":"txtarea","accessibility-tblColumnInfoAbbr":{"_index":["plural","count"],"_":{"one":"{{count}}c","two":"{{count}}c","few":"{{count}}c","many":"{{count}}c","other":"{{count}}c"}},"accessibility-tblRowInfoAbbr":{"_index":["plural","count"],"_":{"one":"{{count}}r","two":"{{count}}r","few":"{{count}}r","many":"{{count}}r","other":"{{count}}r"}},"accessibility-cellInfoAbbr":"c{{0}}r{{1}}","accessibility-stateCheckedAbbr":"(x)","accessibility-stateUncheckedAbbr":"( )","accessibility-statePressedAbbr":"(x)","accessibility-stateUnpressedAbbr":"( )","ok":"យល់​ព្រម","back":"ថយក្រោយ","help":"ជំនួយ","cancel":"បោះបង់","close":"បិទ","skip":"រំលង","clear":{"ariaLabel":"សម្អាត"},"undo":{"ariaLabel":"មិន​ធ្វើ​វិញ"},"airplaneMode":"របៀប​លើ​យន្តហោះ","searching":"កំពុង​ស្វែងរក...","noNetwork":"គ្មាន​បណ្ដាញ","roaming":"{{operator}} (Roaming)","operator-info":"{{carrier}} {{region}}","emergencyCallsOnly":"បាន​តែ​ការ​ហៅ​បន្ទាន់​ប៉ុណ្ណោះ","emergencyCallsOnly-unknownSIMState":"(មិន​ស្គាល់​ស្ថានភាព SIM)","emergencyCallsOnly-noSIM":"(គ្មាន​ SIM)","emergencyCallsOnly-pinRequired":"(ទាមទារ SIM PIN)","emergencyCallsOnly-pukRequired":"(ទាមទារ SIM PUK)","emergencyCallsOnly-networkLocked":"(បាន​ចាក់​បណ្ដាញ)","emergencyCallsOnly-serviceProviderLocked":"(ជាប់​សោ​អ្នក​ផ្ដល់​សេវា)","emergencyCallsOnly-corporateLocked":"(ជាប់​សោ​សហការ)","emergencyCallsOnly-network1Locked":"(បាន​ចាក់សោ​បណ្ដាញ 1)","emergencyCallsOnly-network2Locked":"(បាន​ចាក់សោ​បណ្ដាញ 2)","emergencyCallsOnly-hrpdNetworkLocked":"(បាន​ចាក់សោ​បណ្ដាញ hrpd)","emergencyCallsOnly-ruimCorporateLocked":"(បាន​ចាក់​សោ ruim)","emergencyCallsOnly-ruimServiceProviderLocked":"(បាន​ចាក់​សោ​កម្មវិធី​ផ្ដល់​សេវាកម្ម)","enterPIN":"បញ្ចូល PIN","mediaPlaybackTitle":{"ariaLabel":"មុខងារ"},"mediaPlaybackArtist":{"ariaLabel":"សិល្បករ"},"mediaPlaybackControls":{"ariaLabel":"បញ្ជា​ការ​ចាក់"},"mediaPlaybackPrevious":{"ariaLabel":"មុន"},"mediaPlaybackPlay":"លេង","mediaPlaybackPause":"ផ្អាក","mediaPlaybackNext":{"ariaLabel":"បន្ទាប់"},"wifiButton-on":"បើក Wi-Fi","wifiButton-on-initializing":"បើក​វ៉ាយហ្វាយ, ចាប់ផ្ដើម","wifiButton-off":"បិទ​វ៉ាយហ្វាយ","dataButton-on":"បើក​ទិន្នន័យ {{type}}","dataButton-off":"បិទ​ទិន្នន័យ {{type}}","bluetoothButton-on":"បើក​ប៊្លូធូស","bluetoothButton-on-initializing":"បើក​ប៊្លូធូស, ចាប់ផ្ដើម","bluetoothButton-off":"បិទ​ប៊្លូធូស","airplaneMode-on":"​បើក​របៀប​លើ​យន្តហោះ","airplaneMode-off":"បាន​បើក​របៀប​លើ​យន្តហោះ","settingsButton":{"ariaLabel":"ការ​កំណត់"},"utilityTrayGrippy":{"ariaLabel":"បិទ​ថាស​ឧបករណ៍​ប្រើប្រាស់"},"statusbarLabel":"{{date}}, {{operator}}","statusbarDateFormat":"%b %e","statusbar":{"ariaLabel":"របារ​ស្ថានភាព"},"statusbarBattery":"ថ្ម {{level}} ភាគរយ","statusbarBatteryCharging":"ថ្ម {{level}} ភាគរយ, កំពុង​បញ្ចូល","statusbarFlightMode":{"ariaLabel":"បាន​បើក​របៀប​លើ​យន្តហោះ"},"statusbarWiFiConnecting":"Wi-Fi៖ កំពុង​តភ្ជាប់","statusbarWiFiConnected":"Wi-Fi៖ {{level}} នៃ 4 កាំ","statusbarSignal":"បណ្ដាញ {{operator}}, {{level}} នៃ 5 កាំ","statusbarSignalRoaming":"បណ្ដាញ {{operator}} (roaming), {{level}} នៃ​របារ ៥","statusbarSignalNoneSearching":"កំពុង​ស្វែងរក… ប្រើ​បាន​តែ​ការ​ហៅ​សង្គ្រោះ​បន្ទាន់​ប៉ុណ្ណោះ","statusbarHeadphones":{"ariaLabel":"បើក​កាស"},"statusbarBluetoothHeadphones":{"ariaLabel":"បើក​កាស​ប៊្លូធូស"},"statusbarBluetoothTransferring":{"ariaLabel":"ការ​ផ្ទេរ​ប៊្លូធូស​សកម្ម"},"statusbarIconOn-tethering":"បើក​ការ​ភ្ជាប់​ទិន្នន័យ","statusbarIconOnActive-tethering":"បើក​ការ​ភ្ជាប់​ទិន្នន័យ, សកម្ម","statusbarAlarm":{"ariaLabel":"បើក​ការ​ជូនដំណឹង"},"statusbarIconOn-bluetooth":"បើក​ប៊្លូធូស","statusbarIconOnActive-bluetooth":"បើក​ប៊្លូធូស, សកម្ម","statusbarIconOn-mute":"បើក​ការ​បិទ​សំឡេង","statusbarIconOn-vibration":"បើក​ការ​ញ័រ","statusbarRecording":{"ariaLabel":"បើក​ការ​ថត"},"statusbarGeolocation":{"ariaLabel":"បើក​ទីតាំង​ភូមិសាស្ត្រ"},"statusbarUsb":{"ariaLabel":"បើក​យូអេសប៊ី"},"statusbarForwarding":"បើក​បញ្ជូន​បន្ត​ការហៅ","statusbarPlaying":{"ariaLabel":"លេង​មេឌៀ"},"statusbarNfc":{"ariaLabel":"បើក NFC"},"statusbarDownloads":{"ariaLabel":"កំពុង​ទាញ​យក..."},"statusbarNetworkActivity":{"ariaLabel":"បើក​ការ​ភ្ជាប់​បណ្ដាញ"},"statusbarEmergencyCBNotification":{"ariaLabel":"ហៅ​ត្រឡប់​ទៅ​វិញ​ពេល​មាន​អាសន្ន"},"statusbarNotifications":{"_index":["plural","n"],"_":{"one":"ការ​ជូនដំណឹង {{n}}","two":"ការ​ជូនដំណឹង {{n}}","few":"ការ​ជូនដំណឹង {{n}}","many":"ការ​ជូនដំណឹង {{n}}","other":"ការ​ជូនដំណឹង {{n}}"}},"statusbarNotifications-unread":{"_index":["plural","n"],"_":{"one":"ការ​ជូនដំណឹង​មិន​ទាន់​អាន {{n}}","two":"ការ​ជូនដំណឹង​មិន​ទាន់​អាន {{n}}","few":"ការ​ជូនដំណឹង​មិន​ទាន់​អាន {{n}}","many":"ការ​ជូនដំណឹង​មិន​ទាន់​អាន {{n}}","other":"ការ​ជូនដំណឹង​មិន​ទាន់​អាន {{n}}"}},"notifications":"ការ​ជូនដំណឹង","clear-all":"សម្អាត​ទាំងអស់","attentionScreen-tapToShow":"ប៉ះ​ដើម្បី​បង្ហាញ","newVoicemails":{"_index":["plural","n"],"_":{"zero":"គ្មាន​សារ​​ជា​សំឡេង​ថ្មី","one":"សារ​ជា​សំឡេង​​​ថ្មី​មួយ","two":"សារ​ជា​សំឡេង​ថ្មី {{n}}","few":"សារ​ជា​សំឡេង​ថ្មី {{n}}","many":"សារ​ជា​សំឡេង​ថ្មី {{n}}","other":"សារ​ជា​សំឡេង​ថ្មី {{n}}"}},"newVoicemailsUnknown":"សារ​ជា​សំឡេង​ថ្មី","dialNumber":"ហៅ​ទៅ {{number}}","voicemailNotificationMultiSim":"(SIM {{n}}) {{title}}","confirmNFCConnectBTenabledNameUnknown":"តើ​អ្នក​ប្រាកដ​ជា​ចង់​ត​​ភ្ជាប់​​ទៅ​ឧបករណ៍​ឬ?","confirmNFCConnectBTdisabledNameUnknown":"បើក​ប៊្លូធូស ហើយ​តភ្ជាប់​ទៅ​ឧបករណ៍​ឬ?","confirmNFCConnectBTenabledNameKnown":"តើ​អ្នក​ប្រាកដ​ជា​ចង់​តភ្ជាប់​ទៅ​កាន់ {{deviceName}}?","confirmNFCConnectBTdisabledNameKnown":"បើក​ប៊្លូធូ និង​តភ្ជាប់​ទៅ​កាន់ {{deviceName}}?","confirmNFCConnectBTdisabled":"បើក","dismissNFCConnectBTdisabled":"បោះបង់","confirmation":"ការ​បញ្ជាក់","deviceMenu":"ទូរស័ព្ទ","airplane":"បើក​របៀប​លើ​យន្តហោះ","airplaneOff":"បិទ​របៀប​លើ​យន្ត​ហោះ","silent":"ការ​ហៅ​ចូល​ស្ងាត់","normal":"ការ​ហៅ​ចូល​​រោទ៍","restart":"ចាប់ផ្ដើម​ឡើងវិញ","power":"បិទ​ម៉ាស៊ីន","no-recent-apps":"គ្មាន​កម្មវិធី​ថ្មីៗ","yes":"បាទ/ចាស","no":"គ្មាន","dontallow":"មិន​អនុញ្ញាត","allow":"អនុញ្ញាត","dontshare-geolocation":"កុំ​ចែករំលែក","share-geolocation":"ចែក​រំលែក","dontshare-audio-capture":"កុំ​ចែករំលែក","share-audio-capture":"ចែក​រំលែក","dontshare-video-capture":"កុំ​ចែករំលែក","share-video-capture":"ចែក​រំលែក","dontshare-media-capture":"កុំ​ចែករំលែក","share-media-capture":"ចែក​រំលែក","device-front":"ម៉ាស៊ីន​ថត​ខាង​មុខ","device-back":"ម៉ាស៊ីន​ថត​ខាង​ក្រោយ","remember-my-choice":"ចងចាំ​ជម្រើស​ខ្ញុំ","more-info":"ព័ត៌មាន​បន្ថែម…","hide-info":"លាក់​ព័ត៌មាន","install-app":"ដំឡើង {{name}}?","size":"ទំហំ","author":"អ្នក​និពន្ធ","size-unknown":"មិន​ស្គាល់","author-unknown":"មិន​ស្គាល់","install":"ដំឡើង","bytes":"បៃ","kB":"KB","MB":"MB","GB":"GB","TB":"TB","PB":"PB","app-install-generic-error":"ការ​ទាញយក {{ appName }} បាន​ឈប់","app-install-download-failed":"បាន​បរាជ័យ​​​ទាញ​យក {{ appName }}","app-install-install-failed":"បាន​បរាជ័យ​ដំឡើង {{ appName }}","cancelling-will-not-refund":"ការ​បោះបង់​នឹង​មិន​​ប្រគល់​ឲ្យ​វិញ​អ្វី​ដែល​ជាវ។ ការ​​ប្រគល់​ឲ្យ​វិញ​សម្រាប់​មាតិកា​ដែល​បាន​បង់ប្រាក់​​នឹង​​ត្រូវ​ផ្ដល់​ឲ្យ​ដោយ​អ្នក​លក់​ដើម។","apps-can-be-installed-later":"អាច​ដំឡើង​កម្មវិធី​ពេលក្រោយ​ពី​ប្រភព​ដំឡើង​ដើម។","are-you-sure-you-want-to-cancel":"តើ​អ្នក​ប្រាកដ​ជា​ចង់​បោះបង់​ការ​ដំឡើង​នេះ​ឬ?","cancel-install":"បោះបង់​ការ​ដំឡើង","cancel-install-button":"បោះបង់​ការ​ដំឡើង","resume":"បន្ត","continue":"បន្ត","stopDownloading":"ឈប់​ទាញ​យក {{ app }} ឬ?","app-download-can-be-restarted":"ការ​ទាញយក​អាច​ចាប់ផ្ដើម​ឡើងវិញ​ពេល​ក្រោយ​បាន។","app-download-stop-button":"ឈប់​ទាញយក","not-enough-space":"ទំហំ​មិន​គ្រប់គ្រាន់","not-enough-space-message":"មិន​មាន​ទំហំ​គ្រប់គ្រាន់​ដើម្បី​ដំឡើង​កម្មវិធី​នេះ។ បង្កើន​ទំហំ​ទំនេរ​ដោយ​លុប​កម្មវិធី ឬ​ព័ត៌មាន​ចាស់ៗ និង​ព្យាយាម​ដំឡើង​ម្ដង​ទៀត​ពី​ប្រភព​ដើម។","app-install-success":"បាន​ដំឡើង {{ appName }}","setup":"រៀបចំ","ime-addkeyboards":"បន្ថែម​ក្ដារ​ចុច","later":"ពេលក្រោយ","download":"ទាញយក","wantToDownload":"ទាញយក​បច្ចុប្បន្នភាព​ឥឡូវ?","wantToInstall":"ដំឡើង​បច្ចុប្បន្នភាព​ឥឡូវ?","installNow":"ដំឡើង​ឥឡូវ","notNow":"មិន​មែន​ឥឡូវ","downloadingUpdateMessage":{"innerHTML":"កំពុង​ទាញយក​បច្ចុប្បន្នភាព… <span>បាន​ទាញយក {{ progress }} ។</span>"},"downloadingAppMessage":"កំពុង​ទាញយក {{ appName }}","downloadingAppProgressNoMax":"បាន​ទាញយក {{ progress }}","downloadingAppProgressIndeterminate":"កំពុង​ទាញ​យក","downloadingAppProgress":"បាន​ទាញយក {{ progress }} / {{ max }}","cancelAllDownloads":"បោះបង់​ការ​ទាញយក​ទាំងអស់","wantToCancelAll":"តើ​អ្នក​ប្រាកដ​ជា​ចង់​បោះបង់​ការ​ទាញយក​ទាំងអស់​ឬ?","downloadError":"មាន​កំហុស​​ខណៈពេល​កំពុង​ទាញយក​បច្ចុប្បន្នភាព។","updateAvailableInfo":{"innerHTML":{"_index":["plural","n"],"_":{"one":"មាន​បច្ចុប្បន្នភាព {{ n }} ។ <span>ចុច​​សម្រាប់​ព័ត៌មាន​បន្ថែម</span>","two":"មាន​បច្ចុប្បន្នភាព {{ n }} ។ <span>សម្រាប់​ព័ត៌មាន​បន្ថែម សូម​ប៉ះ។</span>","few":"មាន​បច្ចុប្បន្នភាព {{ n }} ។ <span>​សម្រាប់​ព័ត៌មាន​បន្ថែម សូម​ចុច</span>","many":"មាន​បច្ចុប្បន្នភាព {{ n }} ។ <span>​សម្រាប់​ព័ត៌មាន​បន្ថែម សូម​ចុច</span>","other":"មាន​បច្ចុប្បន្នភាព {{ n }} ។ <span>សម្រាប់​ព័ត៌មាន​បន្ថែម សូម​ចុច</span>"}}},"numberOfUpdates":{"_index":["plural","n"],"_":{"one":"មាន​បច្ចុប្បន្នភាព {{ n }}","two":"មាន​បច្ចុប្បន្នភាព {{ n }}","few":"មាន​បច្ចុប្បន្នភាព {{ n }}","many":"មាន​បច្ចុប្បន្នភាព {{ n }}","other":"មាន​បច្ចុប្បន្នភាព {{ n }}"}},"systemUpdate":"បច្ចុប្បន្នភាព​ប្រព័ន្ធ","systemUpdateReady":"ធ្វើ​បច្ចុប្បន្នភាព​ប្រព័ន្ធ​រួចរាល់","systemUpdateLowBatteryThreshold":"អ្នក​ត្រូវ​មាន​កម្រិត​ថ្ម​យ៉ាងហោចណាស់ {{ threshold }}% ដើម្បី​ដំឡើង​បច្ចុប្បន្នភាព។","required":"ទាមទារ","uncompressingMessage":{"innerHTML":"កំពុង​មិន​បង្ហាប់… <span>នេះ​​អាច​ចំណាយ​ពេល​ប៉ុន្មាន​នាទី។</span>"},"downloadNoWifiWarning":"មិន​​មាន​ Wi-Fi ​ទេ។ ការ​ធ្វើ​បច្ចុប្បន្នភាព​​​តាម​ការ​ភ្ជាប់​បច្ចប្បន្ន​​អាច​​នាំ​មក​នូវ​ការ​​ផ្ទុក​បន្ថែម។","downloadOfflineWarning":"មិន​មាន​ការ​តភ្ជាប់​ទេ។ ភ្ជាប់​ទៅ​បណ្ដាញ​ដើម្បី​ទាញ​យក​បច្ចុប្បន្នភាព។","downloadDataConnectionWarning":"ទាញ​យក​បច្ចុប្បន្នភាព​តាម​បណ្ដាញ​ទិន្នន័យ​នៅ​ពេល​មិន​មាន​ Wi-Fi ។ អាច​​​​គិត​ថ្លៃ​​​លើ​ទិន្នន័យ​បន្ថែម។","downloadUpdatesViaDataConnection":"ទាញយក​បច្ចុប្បន្នភាព​តាម​បណ្ដាញ​ទិន្នន័យឬ?","downloadUpdatesViaDataConnectionMessage":"ទាញ​យក​បច្ចុប្បន្នភាព​តាម​បណ្ដាញ​ទិន្នន័យ​នៅ​ពេល​មិន​មាន​ Wi-Fi ។ នៅ​ពេល​ប្រើ​​​ការ​ភ្ជាប់​បណ្ដាញ​ទិន្នន័យ ការ​ហៅ​តាម​ទូរស័ព្ទ​អាច​ត្រូវ​បាន​បិទ ហើយ​ក៏​អាច​​​គិត​ថ្លៃ​​​លើ​ទិន្នន័យ​បន្ថែម។","downloadUpdatesVia2GForbidden2":"Downloading updates is not possible on slow connections (2G). Please connect via Wi-Fi or 3G (if available) and try again.","screenshotSaved":"បាន​រក្សាទុក​រូបភាព​ទៅ​​វិចិត្រសាល","screenshotFailed":"មិន​អាច​រក្សាទុក​រូបភាព","screenshotNoSDCard":"រក​មិន​ឃើញ​កាត​អង្គ​ចងចាំ","screenshotSDCardInUse":"កំពុង​ប្រើ​កាត​អង្គ​ចងចាំ","screenshotSDCardLow":"មាន​ទំហំ​មិន​គ្រប់គ្រាន់​លើ​កាត​អង្គ​ចងចាំ","emergency-call-button":"ការ​ហៅ​បន្ទាន់","emergency-call":"ការ​ហៅ​បន្ទាន់","unlock-a11y-button":{"ariaLabel":"ដោះ​សោ"},"camera-a11y-button":{"ariaLabel":"ម៉ាស៊ីន​ថត"},"longDateFormat":"%A, %B %e","panel-passcode":{"ariaLabel":"ផ្ទាំង​​ពាក្យ​សម្ងាត់"},"lockscreen-sim-id":"SIM {{ n }}","softwareHomeButton":{"ariaLabel":"ដើម"},"login":"ចូល","username":"ឈ្មោះ​អ្នក​ប្រើ","password":"ពាក្យ​សម្ងាត់","http-authentication-message":"ឈ្មោះ​អ្នក​ប្រើ និង​ពាក្យ​សម្ងាត់​​កំពុង​ស្នើ​សុំ​ដោយ {{host}}។ បណ្ដាញ​ប្រាប់​ថា៖ “{{realm}}”","error-message":"{{name}} កំពុង​ផ្ទុក​មិន​សមរម្យ","error-title":"{{name}} កំពុង​មាន​បញ្ហា","airplane-is-on":"បាន​បើក​របៀប​លើ​យន្តហោះ","airplane-is-turned-on":"{{name}} ទាមទារ​ការ​ភ្ជាប់​បណ្ដាញ។ បិទ​របៀប​លើ​យន្តហោះ​ពី​ការ​កំណត់ និង​ភ្ជាប់​ទៅ​ Wi-Fi ឬ​បណ្ដាញ​ទិន្នន័យ​ទូរស័ព្ទ​ចល័ត។","server-not-found":"រក​មិន​ឃើញ​ម៉ាស៊ីន​មេ","server-not-found-error":"មិន​អាច​រក​ឃើញ​ម៉ាស៊ីន​មេ​នៅ {{name}} ។","file-not-found":"រក​មិន​ឃើញ​ឯកសារ","file-not-found-error":"ឧបករណ៍​មិន​អាច​បង្ហាញ​ទំព័រ​នេះ​បាន​ទេ​ដោយ​សារ​តែ​រក​មិន​ឃើញ​ឯកសារ។","connection-failed":"មិន​អាច​តភ្ជាប់","connection-failed-error":"កំហុស​បណ្ដាញ​បាន​កើត​ឡើង​ខណៈ​ពេល​ព្យាយាម​ស្វែងរក​តំបន់បណ្ដាញ។","invalid-connection":"មិន​អាច​តភ្ជាប់","invalid-connection-error":"កំហុស​បាន​កើត​ឡើង​ខណៈ​ពេល​ស្វែងរក​បណ្ដាញ។","malformed-uri":"URL មិន​ត្រឹមត្រូវ","malformed-uri-error":"URL ដែល​បាន​បញ្ចូល​មិន​ត្រឹមត្រូវ ហើយ​មិន​អាច​ផ្ទុក​ឡើង។","redirect-loop":"មិន​អាច​បង្ហាញ​ទំព័រ","redirect-loop-error":"ឧបករណ៍​មិន​អាច​បង្ហាញ​ទំព័រ​នេះ ដោយ​សារ​ទំព័រ​​​មិន​កំពុង​ប្ដូរ​ទិស​ដោយ​ត្រឹមត្រូវ។ ព្យាយាម​ទំព័រ​នេះ​ម្ដងទៀត​នៅ​ពេល​ក្រោយ។","not-cached":"ទំព័រ​បាន​ផុត​កំណត់","not-cached-error":"ជា​ការ​ប្រុងប្រយ័ត្ន​សន្តិសុខ, ទំព័រ​នេះ​មិន​អាច​ត្រូវ​បាន​បង្ហាញ​ដោយ​ឧបករណ៍ ពី​ព្រោះ​វា​បាន​ផុត​កំណត់។","is-printing-error":"ឯកសារ​មិន​អាច​ផ្លាស់ប្ដូរ​ខណៈ​ពេល​កំពុង​បោះពុម្ព ឬ​កំពុង​មើល​មុន​បោះពុម្ព។","denied-port-access":"អាសយដ្ឋាន​នេះ​ត្រូវ​បាន​ដាក់កម្រិត","denied-port-access-error":"អាសយដ្ឋាន​នេះ​ប្រើ​ច្រក​បណ្ដាញ ដែល​ជា​ធម្មតា​ត្រូវ​បាន​ប្រើ​សម្រាប់​គោលបំណង​ក្នុង​ការ​រុករក​បណ្ដាញ​ផ្សេង​ៗ។ ឧបករណ៍​បាន​បោះបង់​សំណើ​សម្រាប់​ការ​ការពារ​របស់​អ្នក។","proxy-resolve-failure":"កំហុស​ម៉ាស៊ីន​មេ​ប្រូកស៊ី","proxy-resolve-failure-error":"ឧបករណ៍​ត្រូវ​បាន​កំណត់​រចនាសម្ព័ន្ធ​ក្នុង​ការ​ប្រើ​​ម៉ាស៊ីន​មេ​ប្រូកស៊ី​ដែល​មិន​អាច​ត្រូវ​បាន​រក​ឃើញ។","proxy-connect-failure":"កំហុស​ម៉ាស៊ីន​មេ​ប្រូកស៊ី","proxy-connect-failure-error":"ឧបករណ៍​ត្រូវ​បាន​កំណត់​រចនាសម្ព័ន្ធ​ក្នុង​ការ​ប្រើ​មេស៊ីនមេ​ប្រូកស៊ី​​ដែល​កំពុង​បដិសេធ​ការ​តភ្ជាប់។","content-encoding":"មិន​អាច​បង្ហាញ​ទំព័រ","content-encoding-error":"ឧបករណ៍​មិន​អាច​បង្ហាញ​ទំព័រ​នេះ ដោយ​សារ​តែ​ការ​អ៊ិនកូដ​មាតិកា​មាន​កំហុស​កើត​ឡើយ។","remote-xul":"មិន​បាន​គាំទ្រ​ទំព័រ","remote-xul-error":"ទំព័រ​នេះ​មិន​អាច​ត្រូវ​បាន​បង្ហាញ​ដោយ​សារ​តែ​វា​ប្រើ​បច្ចេកវិទ្យា​ដែល​មិន​ត្រូវ​បាន​គាំទ្រ​នៅ​លើ​ឧបករណ៍។","phishing-blocked":"​ការព្រមាន","phishing-blocked-error":"តំបន់​បណ្ដាញ​ត្រូវ​បាន​រាយការណ៍​ជា​តំបន់​បណ្ដាញ​ក្លែងក្លាយ​ដែល​បាន​បង្កើត​ឡើង ដើម្បី​បញ្ឆោត​អ្នក​ប្រើ​ឲ្យ​ចែករំលែក​ព័ត៌មាន​ផ្ទាល់​ខ្លួន ឬ​ព័ត៌មាន​ហិរញ្ញវត្ថុ។","malware-blocked":"បាន​បិទ​កម្មវិធី​វាយប្រហារ","malware-blocked-error":"តំបន់​បណ្ដាញ​ត្រូវ​បាន​រាយការណ៍​ជា​តំបន់បណ្ដាញ​ដែល​វាយប្រហារ ហើយ​ត្រូវ​បាន​ទប់ស្កាត់។","unsafe-content-type":"មាតិកា​គ្មាន​សុវត្ថិភាព","unsafe-content-type-error":"ទំព័រ​នេះ​មិន​អាច​ត្រូវ​បាន​បង្ហាញ​ដោយ​សារ​តែ​វា​គ្មាន​សុវត្ថិភាព​ក្នុង​ការ​បើក។","corrupted-content":"មិន​អាច​បង្ហាញ​ទំព័រ","corrupted-content-error":"ទំព័រ​នេះ​​មិន​អាច​​បង្ហាញ​ឡើយ ព្រោះ​​​រក​ឃើញ​មាន​កំហុស​​មួយ​ក្នុង​ការ​បញ្ជូន​ទិន្នន័យ ។","network-connection-unavailable":"មិន​មាន​ការ​ភ្ជាប់​បណ្ដាញ​ទេ","network-error":"{{name}} ទាមទារ​ការ​ភ្ជាប់​បណ្ដាញ។ ព្យាយាម​តភ្ជាប់​ទៅ​បណ្ដាញ Wi-Fi ឬ​ទិន្នន័យ​ទូរស័ព្ទ។","network-error-launching":"{{name}} ទាមទារ​ការ​តភ្ជាប់​អ៊ីនធឺណិត។","network-error-in-app":"គ្មាន​ការ​ចូល​ប្រើ​អ៊ីនធឺណិត​ឥឡូវ​នេះ។","unable-to-connect":"មិន​អាច​តភ្ជាប់","try-again":"ព្យាយាម​ម្ដង​ទៀត","check-settings":"ពិនិត្យមើល​ការ​កំណត់","tap-to-check-settings":"ប៉ះ​ដើម្បី​ពិនិត្យមើល​ការ​កំណត់","select-time":"ជ្រើស​ពេលវេលា","choose-option":"ជ្រើស","choose-options":"ជ្រើស","select-day":"ជ្រើស​ថ្ងៃ","battery-almost-empty":"ថ្ម​ជិត​អស់​ហើយ","add-to-home-screen":"បន្ថែមទៅអេក្រង់ដើម","share":"ចែករំលែក","crash-dialog2-os":"{{brandShortName}} ទើប​បាន​សង្គ្រោះ​ពី​ការ​ជាប់​គាំង","crash-dialog-app":"{{name}} ទើប​​ជាប់​គាំង","crash-dialog-message":"តើ​អ្នក​ចង់​ផ្ញើ​របាយការណ៍​អំពី​ភាព​ជាប់គាំង​ទៅ Mozilla ដើម្បី​ជួយ​យើង​​ដោះស្រាយ​បញ្ហា​​នេះ​ឬ​ទេ? (បាន​ផ្ញើ​របាយការណ៍​តាម Wi-Fi ប៉ុណ្ណោះ។)","crash-info-link":"អ្វី​នៅ​ក្នុង​របាយការណ៍​ភាព​ជាប់​គាំង?","crash-always-report":"តែងតែ​ផ្ញើ​របាយការណ៍​ទៅ Mozilla នៅ​ពេល​គាំង។","crash-dont-send":"កុំ​ផ្ញើ","crash-end":"ផ្ញើ​របាយការណ៍","crashReports":"របាយការណ៍​ភាព​ជាប់​គាំង","done":"ធ្វើ​រួច","crash-reports-description-1":"របាយការណ៍​ភាព​ជាប់គាំង​មាន​​សេចក្ដី​លម្អិត​ខ្លះ​អំពី​ភាព​ជាប់គាំង និង​ឧបករណ៍​របស់​អ្នក ក៏ដូចជា​រូបថត​អំពី​សភាព​ឧបករណ៍​របស់​អ្នក​នៅ​ពេល​វា​បាន​គាំង។","crash-reports-description-2":"នេះ​​អាច​មាន​​អ្វីៗ​ដូចជា​​​​ទំព័រ និង​កម្មវិធី​ដែល​បើក អត្ថបទ​ដែល​បាន​វាយ​បញ្ចូល​ក្នុង​ទម្រង់ និង​​មាតិកា​នៃ​សារ​​ដែល​បើក ប្រវត្តិ​រុករក​ថ្មីៗ ឬ​​ទីតាំង​ភូមិសាស្ត្រ​បាន​ប្រើ​ដោយ​កម្មវិធី​ដែល​បើក។","crash-reports-description-3-start":"យើង​ប្រើ​របាយការណ៍​គាំង​ដើម្បី​កែ​បញ្ហា​ និង​ធ្វើ​ឲ្យ​ផលិតផល​របស់​យើង​ប្រសើរ​ឡើង។ យើង​​ប្រើ​ព័ត៌មាន​របស់​អ្នក​​ដូច​យើង​ពណ៌នា​​នៅ​ក្នុង","crash-reports-description-3-privacy":"គោលនយោបាយ​ភាព​ឯកជន","crash-reports-description-3-end":".","crash-banner-os2":"{{brandShortName}} ទើប​​បាន​គាំង។","crash-banner-app":"{{name}} ទើប​បាន​គាំង។","crash-banner-report":"របាយការណ៍","bluetooth-sending-progress":"កំពុង​ផ្ញើ​ការ​ផ្ទេរ​ប៊្លូធូស…","bluetooth-receiving-progress":"កំពុង​ទទួល​ការ​ផ្ទេរ​ប៊្លូធូស…","acceptFileTransfer":"យល់ព្រម​​ការ​ផ្ទេរ​ឯកសារ​តាម​ប្ល៊ូធូស​ឬ?","wantToReceiveFile":"{{deviceName}} ចង់​ផ្ទេរ {{fileName}} ({{fileSize}})។","transfer-confirmation-title":"{{deviceName}}","transfer-confirmation-description":"ពិនិត្យ​សំណើ​ផ្ទេរ។","byteUnit-B":"បៃ","byteUnit-KB":"KB","byteUnit-MB":"MB","byteUnit-GB":"GB","byteUnit-TB":"TB","byteUnit-PB":"PB","byteUnit-EB":"EB","byteUnit-ZB":"ZB","byteUnit-YB":"YB","fileSize":"{{size}} {{unit}}","deny":"បដិសេធ","transfer":"ផ្ទេរ","cancelFileTransfer":"បោះបង់​ការ​ផ្ទេរ​ឯកសារ​តាម​ប៊ូធូស?","continueFileTransfer":"បន្ត","transfer-has-started-title":"ការ​ផ្ទេរ​បាន​ចាប់ផ្ដើម","transfer-has-started-description":"ពិនិត្យ​វឌ្ឍនភាព​ក្នុង​មជ្ឈមណ្ឌល​ជូន​ដំណឹង","transferFinished-sentSuccessful-title":"បាន​ផ្ញើ​ឯកសារ","transferFinished-receivedSuccessful-title":"បាន​ទទួល​ឯកសារ","transferFinished-sentFailed-title":"មិន​អាច​ផ្ញើ​ឯកសារ​បាន​ទេ","transferFinished-receivedFailed-title":"មិន​អាច​ទទួល​ឯកសារ​បាន​ទេ","transferReport-title":"របាយការណ៍​ផ្ទេរ៖","transferReport-description":"ឯកសារ {{numSuccessful}} ជោគជ័យ,  ឯកសារ {{numUnsuccessful}} មិន​ជោគជ័យ","unknown-file":"មិន​ស្គាល់​ឯកសារ","unknown-device":"មិន​ស្គាល់​ឧបករណ៍","cannotOpenFile":"មិន​អាច​បើក​​ឯកសារ​ដែល​បាន​ទទួល","unknownMediaTypeToOpen":"មិន​អាច​បើក​ប្រភេទ​មេឌៀ​ដែល​មិន​ស្គាល់៖","cannotReceiveFile":"មិន​អាច​ទទួល​ឯកសារ","cannotGetStorageState":"មិន​អាច​​​ទទួល​ស្ថានភាព​ការ​ផ្ទុក​របស់​ឧបករណ៍","sdcard-not-exist2":"រក​មិន​ឃើញ​កាត​អង្គ​ចងចាំ។ សូម​បញ្ចូល​កាត​អង្គ​​ចងចាំ។","sdcard-in-use":"មិន​អាច​ប្រើ​ប្ល៊ូធូស​អំឡុង​ពេល​ទូរស័ព្ទ​ដោត​ចូល។ សូម​​ដក​ទូរស័ព្ទ​ចេញ​ដើម្បី​ទទួល​ឯកសារ។","sdcard-no-space2":"មិន​អាច​បញ្ចប់​ការ​ផ្ទេរ៖ កាត​អង្គ​ចងចាំ​បាន​ពេញ។","unknown-error":"កំហុស​ដែល​មិន​ស្គាល់","confirm":"អះអាង","microphone-is-on":"ម៉ីក្រុហ្វូន​បើក​ហើយ","camera-is-on":"ម៉ាស៊ីនថត​បើក​ហើយ","media-is-on":"បើក​កាមេរ៉ា & មីក្រូហ្វូន","noSimCard":"គ្មាន​ SIM កាត","simPin":"SIM PIN","pukCode":"កូដ PUK","nckCode":"កូដ NCK","cckCode":"លេខ​កូដ CCK","spckCode":"លេខ​កូដ SPCK","nck1code":"កូដ NCK1","nck2code":"កូដ NCK2","hnckcode":"កូដ HNCK","rcckcode":"កូដ RCCK","rspckcode":"កូដ RSPCK","whatIsSimPin":"តើ​អ្វី​ជា SIM PIN?","simPinIntro1":"SIM PIN ទប់​ស្កាត់​ការ​ចូល​ទៅ​បណ្ដាញ​ទិន្នន័យ​​ជា​ប្រព័ន្ធ​តាម​​​ SIM កាត។ នៅ​ពេល​​​​អនុញ្ញាត​​វា​ឲ្យ​ប្រើ​បាន ឧបករណ៍​នីមួយៗ​​ដែល​មាន​​ SIM កាត​នឹង​ស្នើ​​លេខ​កូដ PIN នៅ​ពេល​ចាប់​ផ្ដើម​ឡើងវិញ។","simPinIntro2":"SIM PIN គឺ​មិន​ដូច​គ្នា​នឹង​​លេខ​កូដ​ ដែល​បាន​ប្រើ​ដើម្បី​ដោះ​សោ​ឧបករណ៍​ទេ។","changeSimPin":"ផ្លាស់ប្ដូរ PIN","pinTitle":"បញ្ចូល SIM PIN","multiSIMpinTitle":"បញ្ចូល SIM {{n}} PIN","pukTitle":"បញ្ចូល​លេខ​កូដ PUK","nckTitle":"បញ្ចូល​លេខ​កូដ NCK","cckTitle":"បញ្ចូល​លេខ​កូដ CCK","spckTitle":"បញ្ចូល​លេខ​កូដ SPCK","nck1Title":"បញ្ចូល​កូដ NCK1","nck2Title":"បញ្ចូល​កូដ NCK2","hnckTitle":"បញ្ចូល​កូដ HNCK","rcckTitle":"បញ្ចូល​កូដ RCCK ","rspckTitle":"បញ្ចូល​កូដ RSPCK","newpinTitle":"PIN ថ្មី","inputCodeRetriesLeft":{"_index":["plural","n"],"_":{"one":"ការ​ព្យាយាម​ចុងក្រោយ។","two":"នៅ​សល់​ការ​ព្យាយាម {{n}} ដង​ទៀត។","few":"នៅ​សល់​ការ​ព្យាយាម {{n}} ដង​ទៀត។","many":"នៅ​សល់​ការ​ព្យាយាម {{n}} ដង​ទៀត។","other":"នៅ​សល់​ការ​ព្យាយាម {{n}} ដង​ទៀត។"}},"pinErrorMsg":"លេខ​កូដ PIN មិន​ត្រឹមត្រូវ។","pinAttemptMsg2":{"_index":["plural","n"],"_":{"one":"អ្នក​នៅសល់​ការ​ព្យាយាម​ម្ដងទៀត​ដើម្បី​បញ្ចូល​លេខ​កូដ​ត្រឹមត្រូវ មុន​ពេល​ចាក់សោ​ SIM កាត​នេះ។","two":"អ្នក​នៅសល់​ការ​ព្យាយាម {{n}} ដង​ទៀត​ក្នុង​ការ​បញ្ចូល​កូដ​ត្រឹមត្រូវ មុន​ពេល​ចាក់សោ​ SIM កាត​នេះ។","few":"អ្នក​នៅសល់​ការ​ព្យាយាម {{n}} ដង​ទៀត​ក្នុង​ការ​បញ្ចូល​កូដ​ត្រឹមត្រូវ មុន​ពេល​ចាក់សោ​ SIM កាត​នេះ។","many":"អ្នក​នៅសល់​ការ​ព្យាយាម {{n}} ដង​ទៀត​ក្នុង​ការ​បញ្ចូល​កូដ​ត្រឹមត្រូវ មុន​ពេល​ចាក់សោ​ SIM កាត។","other":"អ្នក​នៅសល់​ការ​ព្យាយាម {{n}} ដង​ទៀត​ក្នុង​ការ​បញ្ចូល​កូដ​ត្រឹមត្រូវ មុន​ពេល​ចាក់សោ​ SIM កាត។"}},"pinLastChanceMsg":"នេះ​ជា​លើក​​ចុងក្រោយ​របស់​អ្នក​​ដើម្បី​បញ្ចូល​កូដ PIN ​ដែល​​ត្រឹមត្រូវ។ បើ​មិន​ដូច្នេះ​ទេ អ្នក​ត្រូវតែ​បញ្ចូល​កូដ PUK ដើម្បី​​អាច​ប្រើ​​ SIM កាត​នេះ​បាន​។","simCardLockedMsg":"បាន​បិទ SIM កាត​នេះ។","enterPukMsg":"អ្នក​ត្រូវតែ​បញ្ចូល​កូដ​ពាក្យ​គន្លឹះ​ដោះ​សោ​ផ្ទាល់ខ្លួន (PUK) សម្រាប់​​ SIM ​កាត​នេះ។ យោង​តាម​​ឯកសារ​ SIM កាត​របស់​អ្នក ឬ​ទាក់ទង​​ក្រុមហ៊ុន​គមនាគមន៍​របស់​អ្នក​សម្រាប់​ព័ត៌មាន​បន្ថែម។","pukErrorMsg":"លេខ​កូដ PUK មិន​ត្រឹមត្រូវ។","pukAttemptMsg2":{"_index":["plural","n"],"_":{"one":"អ្នក​នៅ​សល់​ការ​ព្យាយាម​ម្ដង​ទៀត​ដើម្បី​បញ្ចូល​លេខ​កូដ​​ត្រឹមត្រូវ មុន​ពេល​ SIM កាត​នេះ​នឹង​មិន​អាច​ប្រើ​បាន​ជា​រៀង​រហូត។ យោង​តាម​ឯកសារ​ SIM កាត​របស់​អ្នក​ ឬ​ទាក់ទង​ក្រុមហ៊ុន​គមនាគមន៍​របស់​អ្នក​សម្រាប់​ព័ត៌មាន​បន្ថែម។","two":"អ្នក​​នៅ​សល់​ការ​ព្យាយាម {{n}} ដង​ទៀត​ក្នុង​ការ​បញ្ចូល​កូដ​ត្រឹមត្រូវ មុន​ពេល​ SIM កាត​នេះ​មិន​អាច​ប្រើ​បាន​ជា​រៀង​រហូត។ យោង​តាម​ឯកសារ​ SIM ​កាត​របស់​អ្នក ឬ​ទាក់ទង​ក្រុមហ៊ុន​គមនាគមន៍​​​សម្រាប់​ព័ត៌មាន​បន្ថែម។","few":"អ្នក​​នៅ​សល់​ការ​ព្យាយាម {{n}} ដង​ទៀត​ក្នុង​ការ​បញ្ចូល​កូដ​ត្រឹមត្រូវ មុន​ពេល​ SIM កាត​នេះ​មិន​អាច​ប្រើ​បាន​ជា​រៀង​រហូត។ យោង​តាម​ឯកសារ​ SIM ​កាត​របស់​អ្នក ឬ​ទាក់ទង​ក្រុមហ៊ុន​គមនាគមន៍​​​សម្រាប់​ព័ត៌មាន​បន្ថែម។","many":"អ្នក​​នៅ​សល់​ការ​ព្យាយាម {{n}} ដង​ទៀត​ក្នុង​ការ​បញ្ចូល​កូដ​ត្រឹមត្រូវ មុន​ពេល​ SIM កាត​នេះ​មិន​អាច​ប្រើ​បាន​ជា​រៀង​រហូត។ យោង​តាម​ឯកសារ​ SIM ​កាត​របស់​អ្នក ឬ​ទាក់ទង​ក្រុមហ៊ុន​គមនាគមន៍​​​សម្រាប់​ព័ត៌មាន​បន្ថែម។","other":"អ្នក​នៅ​សល់​ការ​ព្យាយាម {{n}} ដង​ទៀត​ដើម្បី​បញ្ចូល​​​លេខ​កូដ​ត្រឹមត្រូវ មុន​ពេល​​​ SIM ​កាត​នេះ​​​មិន​អាច​ប្រើ​បាន​ជា​រៀង​រហូត។ យោង​តាម​​​ឯកសារ​ SIM ​កាត​របស់​អ្នក ឬ​ទាក់ទង​ក្រុមហ៊ុន​​​សារ​គមនាគមន៍​សម្រាប់​ព័ត៌មាន​បន្ថែម។"}},"pukLastChanceMsg":"លើក​ចុង​ក្រោយ​ដើម្បី​បញ្ចូល​លេខ​កូដ PUK ដែល​ត្រឹមត្រូវ។ SIM កាត​របស់​អ្នក​នឹង​មិន​អាច​ប្រើ​បាន​ជា​រៀង​រហូត បើ​អ្នក​បញ្ចូល​លេខ​កូដ PUK ខុស។ យោង​តាម​​ឯកសារ​ SIM កាត​របស់​អ្នក ឬ​ទាក់ទង​ក្រុមហ៊ុន​គមនាគមន៍​របស់​អ្នក​សម្រាប់​ព័ត៌មាន​បន្ថែម។","newSimPinMsg":"បង្កើត​​លេខ​កូដ PIN (ត្រូវតែ​មាន 4 ទៅ 8 ខ្ទង់)","confirmNewSimPinMsg":"អះអាង​ PIN ថ្មី","newPinErrorMsg":"PIN មិន​ត្រូវ​គ្នា។","nckErrorMsg":"លេខ​កូដ NCK មិន​ត្រឹមត្រូវ។","nckAttemptMsg2":{"_index":["plural","n"],"_":{"one":"បរាជ័យ​ការ​ស្នើ​​​បណ្ដាញ​​មិន​​មាន​លក្ខណៈ​បុគ្គល។ អ្នក​នៅ​សល់​ការ​ព្យាយាម​ម្ដង​ទៀត​ដើម្បី​បញ្ចូល​លេខ​កូដ​ត្រឹមត្រូវ។ សូម​មើល​ឯកសារ​ឧបករណ៍​របស់​អ្នក ឬ​ទាក់ទង​ក្រុមហ៊ុន​បញ្ជូន​សម្រាប់​ព័ត៌មាន​បន្ថែម។","two":"បរាជ័យ​ការ​ស្នើ​​​បណ្ដាញ​​មិន​​មាន​លក្ខណៈ​បុគ្គល។ អ្នក​នៅ​សល់ {{n}} ដង​ទៀត​ដើម្បី​បញ្ចូល​លេខ​កូដ​ត្រឹមត្រូវ។ សូម​មើល​ឯកសារ​ឧបករណ៍​របស់​អ្នក ឬ​ទាក់ទង​ក្រុមហ៊ុន​បញ្ជូន​សម្រាប់​ព័ត៌មាន​បន្ថែម។","few":"បរាជ័យ​ការ​ស្នើ​​​បណ្ដាញ​​មិន​​មាន​លក្ខណៈ​បុគ្គល។ អ្នក​នៅ​សល់ {{n}} ដង​ទៀត​ដើម្បី​បញ្ចូល​លេខ​កូដ​ត្រឹមត្រូវ។ សូម​មើល​ឯកសារ​ឧបករណ៍​របស់​អ្នក ឬ​ទាក់ទង​ក្រុមហ៊ុន​បញ្ជូន​សម្រាប់​ព័ត៌មាន​បន្ថែម។","many":"បរាជ័យ​ការ​ស្នើ​​​បណ្ដាញ​​មិន​​មាន​លក្ខណៈ​បុគ្គល។ អ្នក​នៅ​សល់ {{n}} ដង​ទៀត​ដើម្បី​បញ្ចូល​លេខ​កូដ​ត្រឹមត្រូវ។ សូម​មើល​ឯកសារ​ឧបករណ៍​របស់​អ្នក ឬ​ទាក់ទង​ក្រុមហ៊ុន​បញ្ជូន​សម្រាប់​ព័ត៌មាន​បន្ថែម។","other":"បរាជ័យ​ការ​ស្នើ​​​បណ្ដាញ​​មិន​​មាន​លក្ខណៈ​បុគ្គល។ អ្នក​នៅ​សល់ {{n}} ដង​ទៀត​ដើម្បី​បញ្ចូល​លេខ​កូដ​ត្រឹមត្រូវ។ សូម​មើល​ឯកសារ​ឧបករណ៍​របស់​អ្នក ឬ​ទាក់ទង​ក្រុមហ៊ុន​បញ្ជូន​សម្រាប់​ព័ត៌មាន​បន្ថែម។"}},"nckLastChanceMsg":"បរាជ័យ​ការ​ស្នើ​​​បណ្ដាញ​​មិន​​មាន​លក្ខណៈ​បុគ្គល។ ឱកាស​ចុង​ក្រោយ​ដើម្បី​បញ្ចូល​លេខ​កូដ NCK ត្រឹមត្រូវ។ យោង​តាម​ឯកសារ​ឧបករណ៍​របស់​អ្នក ឬ​ទាក់ទង​ក្រុមហ៊ុន​គមនាគមន៍​របស់​អ្នក​សម្រាប់​ព័ត៌មាន​បន្ថែម។","activity-pick":"ជ្រើស​ពី៖","activity-view":"មើល​​ជាមួយ៖","activity-test":"សាកល្បង​ជាមួយ៖","activity-share":"ចែករំលែក​ជាមួយ៖","activity-new":"បង្កើត​ជាមួយ៖","activity-open":"បើក​ជាមួយ៖","activity-save-bookmark":"ចំណាំ​ទៅ៖","activity-record":"កត់ត្រា​ចេញ​ពី៖","activity-browse":"រក​មើល​ជាមួយ៖","activity-configure":"កំណត់​រចនាសម្ព័ន្ធ​ជាមួយ៖","activity-dial":"ហៅ​​លេខ​ចេញ​ពី៖","persona-signin":"ចូល","payment-flow":"ជាវ","remoteDebuggerMessage":"សំណើ​ចូល​មក​មួយ​ដើម្បី​​អនុញ្ញាត​ឲ្យ​​រក​ឃើញ​​ការ​ភ្ជាប់​​​កែ​កំហុស​ពី​ចម្ងាយ។ អនុញ្ញាត​ការ​ភ្ជាប់?","fullscreen-request":"{{origin}} ឥឡូវ​​ពេញ​អេក្រង់។","captive-wifi-available":"រក​ឃើញ​បណ្ដាញ {{networkName}} ។ ចូលរួម​បណ្ដាញ​ឬ?","ceWarningtitle":"ការ​ព្រមាន​​​​​កម្រិត​សំឡេង","ceWarningcontent":"ដើម្បី​កុំ​ឲ្យ​មាន​បញ្ហា​ត្រចៀក សូម​កុំ​ស្ដាប់​នៅ​កម្រិត​សំឡេង​ខ្ពស់​ក្នុង​រយៈពេល​យូរ។","notification-powersaving-mode-on-title":"របៀប​សន្សំ​ថាមពល","notification-powersaving-mode-on-description":"បាន​បើក​របៀប​សន្សំ​ថាមពល​។","low-device-storage":"ទំហំ​​ផ្ទុក​ឧបករណ៍​ទាប។\\n","free-space":{"_index":["plural","value"],"_":{"zero":"មិន​មាន​ទំហំ​ទំនេរ​នៅ​សល់​ទេ។","one":"នៅសល់​តិច​ជាង {{value}} {{unit}} ។","two":"នៅសល់​តិច​ជាង {{value}} {{unit}} ។","few":"នៅសល់​តិច​ជាង {{value}} {{unit}} ។","many":"នៅសល់​តិច​ជាង{{value}} {{unit}} ។","other":"នៅសល់​តិច​ជាង {{value}} {{unit}} ។"}},"unknown-free-space":"មិន​ស្គាល់​​ទំហំ​នៅសល់។","system-alert":"ការ​ជូនដំណឹង​ប្រព័ន្ធ","cb-channel":"ប៉ុស្តិ៍ {{channel}}","cb-etws-warningType-earthquake":"ការ​ព្រមាន​ពី​រញ្ជួយ​ផែនទី!","cb-etws-warningType-tsunami":"ការ​ព្រមាន​ពី​រលក​យក្យ​ស៊ូណាមិ!","cb-etws-warningType-earthquake-tsunami":"ការ​ព្រមាន​ពី​រលក​យក្ស​ស៊ូណាមិ-រញ្ជួយ​ផែនដី!","cb-etws-warningType-test":"ប្រព័ន្ធ​ជូន​ដំណឹង​កំពុង​ត្រូវ​បានសាកល្បង។","cb-etws-warningType-other":"ការព្រមាន​​ពី​គ្រោះ​អាសន្ន!","icc-message-maintitle":"សារ​សហការី","icc-message-subtitle":"SIM {{id}}","icc-confirmCall-defaultmessage":"ហៅ {{number}}?","icc-alertMessage-defaultmessage":"ផ្ញើ​សារ","icc-confirmMessage-defaultmessage":"ផ្ញើ​សារ?","icc-inputbox-maintitle":"STK Query","icc-inputbox-subtitle":"SIM {{id}}","emergency-callback-mode":"របៀប​ហៅ​ត្រឡប់​ពេល​អាសន្ន","emergency-callback-message":"អ្នក​មិន​អាច​ធ្វើ​ការ​ហៅ​បាន​ទេ, ផ្ញើ​សារ ឬ​​នៅ​លើ​បណ្ដាញ ពីព្រោះ​​​របៀប​ការ​ហៅ​ត្រឡប់​វិញ​នៅ​ពេល​មាន​អាសន្ន​ត្រូវ​បាន​បើក។ តើ​អ្នក​ចង់​បិទ​វា​ឬ?","cdma-record-info":"ព័ត៌មាន​កំណត់​ត្រា CDMA","ime-switching-title":"{{appName}}: {{name}}","ime-switching-tip":"ប៉ះ ដើម្បី​ប្ដូរ​​វិធីសាស្ត្រ​បញ្ចូល","shrinking-tip":"អូស​ដើម្បីចែករំលែក","download_started":"បាន​ចាប់ផ្ដើម​ទាញយក","download_stopped":"បាន​បញ្ឈប់ការ​ទាញ​យក","download_downloading":"កំពុង​ទាញ​យក...","download_succeeded":"ការ​ទាញ​យក​ចប់​ហើយ","download_failed":"ការ​ទាញយក​បាន​បរាជ័យ","download_text_by_default":"{{name}}","download_downloading_text_2":"{{percentage}}% - {{name}}","search-or-enter-address":{"_":"ស្វែងរក ឬ​បញ្ចូល​អាសយដ្ឋាន","placeholder":"ស្វែងរក​ ឬ​បញ្ចូល​អាសយដ្ឋាន"},"noSIMCardInHotspot":"មិន​មាន​ SIM កាត ឬ​បាន​បញ្ចូល​មិន​ត្រឹមត្រូវ, ដូច្នេះ​សូម​បិទ​ហត់ស្ប៉ត","noHopspotWhenAPMisOn":"បិទ​របៀប​ពេល​ជិះ​យន្តហោះ ដើម្បី​ប្រើ​ហតស្ប៉ត​វ៉ាយហ្វាយ","apmActivated":"បាន​ធ្វើ​ឲ្យ​របៀប​ពេលជិះ​យន្ត​ហោះ​សកម្ម","open-in-new-tab":"បើក​តំណ​នៅ​ក្នុង​ផ្ទាំង​ថ្មី","add-link-to-home-screen":"បន្ថែម​តំណ​ទៅ​អេក្រង់​ដើម","share-link":"ចែករំលែក​តំណ","save-image":"រក្សាទុក​រូបភាព","save-video":"រក្សាទុក​វីដេអូ","save-audio":"រក្សាទុក​អូឌីយ៉ូ","save-link":"រក្សាទុក​ឯកសារ​ដែល​បាន​ភ្ជាប់","share-image":"ចែករំលែក​រូបភាព","share-video":"ចែករំលែក​វីដេអូ","share-audio":"ចែករំលែក​អូឌីយ៉ូ","weekday-0-long":"អាទិត្យ","weekday-1-long":"ច័ន្ទ","weekday-2-long":"អង្គារ","weekday-3-long":"ពុធ","weekday-4-long":"ព្រហស្បតិ៍","weekday-5-long":"សុក្រ","weekday-6-long":"សៅរ៍","weekday-0-short":"អាទិត្យ","weekday-1-short":"ច័ន្ទ","weekday-2-short":"អង្គារ","weekday-3-short":"ពុធ","weekday-4-short":"ព្រហស្បតិ៍","weekday-5-short":"សុក្រ","weekday-6-short":"សៅរ៍","month-0-long":"មករា","month-1-long":"កុម្ភៈ","month-2-long":"មីនា","month-3-long":"មេសា","month-4-long":"ឧសភា","month-5-long":"មិថុនា","month-6-long":"កក្កដា","month-7-long":"សីហា","month-8-long":"កញ្ញា","month-9-long":"តុលា","month-10-long":"វិច្ឆិកា","month-11-long":"ធ្នូ","month-0-genitive":"មករា","month-1-genitive":"កុម្ភៈ","month-2-genitive":"មីនា","month-3-genitive":"មេសា","month-4-genitive":"ឧសភា","month-5-genitive":"មិថុនា","month-6-genitive":"កក្កដា","month-7-genitive":"សីហា","month-8-genitive":"កញ្ញា","month-9-genitive":"តុលា","month-10-genitive":"វិច្ឆិកា","month-11-genitive":"ធ្នូ","month-0-short":"មករា","month-1-short":"កុម្ភៈ","month-2-short":"មីនា","month-3-short":"មេសា","month-4-short":"ឧសភា","month-5-short":"មិថុនា","month-6-short":"កក្កដា","month-7-short":"សីហា","month-8-short":"កញ្ញា","month-9-short":"តុលា","month-10-short":"វិច្ឆិកា","month-11-short":"ធ្នូ","minutes-ago-long":{"_index":["plural","value"],"_":{"zero":"អម្បាញ់មិញនេះ","one":"មួយ​នាទី​មុន","two":"{{value}} នាទី​មុន","few":"{{value}} នាទី​មុន","many":"{{value}} នាទី​មុន","other":"{{value}} នាទី​មុន"}},"hours-ago-long":{"_index":["plural","value"],"_":{"zero":"អម្បាញ់មិញនេះ","one":"មួយ​ម៉ោង​មុន","two":"{{value}} ម៉ោង​មុន","few":"{{value}} ម៉ោង​មុន","many":"{{value}} ម៉ោង​មុន","other":"{{value}} ម៉ោង​មុន"}},"days-ago-long":{"_index":["plural","value"],"_":{"zero":"ថ្ងៃ​នេះ","one":"ម្សិលមិញ","two":"{{value}} ថ្ងៃ​មុន","few":"{{value}} ថ្ងៃ​មុន","many":"{{value}} ថ្ងៃ​មុន","other":"{{value}} ថ្ងៃ​មុន"}},"weeks-ago-long":{"_index":["plural","value"],"_":{"zero":"សប្ដាហ៍​នេះ","one":"សប្ដាហ៍​មុន","two":"{{value}} សប្ដាហ៍​មុន","few":"{{value}} សប្ដាហ៍​មុន","many":"{{value}} សប្ដាហ៍​មុន","other":"{{value}} សប្ដាហ៍​មុន"}},"months-ago-long":{"_index":["plural","value"],"_":{"zero":"ខែ​នេះ","one":"ខែ​មុន","two":"{{value}} ខែ​មុន","few":"{{value}} ខែ​មុន","many":"{{value}} ខែ​មុន","other":"{{value}} ខែ​មុន"}},"years-ago-long":{"_index":["plural","value"],"_":{"zero":"ឆ្នាំនេះ","one":"ឆ្នាំ​មុន","two":"{{value}} ឆ្នាំ​មុន","few":"{{value}} ឆ្នាំ​មុន","many":"{{value}} ឆ្នាំ​មុន","other":"{{value}} ឆ្នាំ​មុន"}},"minutes-until-long":{"_index":["plural","value"],"_":{"zero":"ឥឡូវ","one":"ក្នុង​ពេល​មួយ​នាទី","two":"ក្នុង​ពេល {{value}} នាទី","few":"ក្នុង​ពេល {{value}} នាទី","many":"ក្នុង​ពេល​ {{value}} នាទី​","other":"ក្នុង​ពេល {{value}} នាទី"}},"hours-until-long":{"_index":["plural","value"],"_":{"zero":"ឥឡូវ","one":"ក្នុង​រយៈពេល​១​ម៉ោង","two":"ក្នុង​ពេល​​ {{value}} ម៉ោង","few":"ក្នុង​ពេល​​ {{value}} ម៉ោង","many":"ក្នុង​ពេល​​ {{value}} ម៉ោង","other":"ក្នុង​ពេល​​ {{value}} ម៉ោង"}},"days-until-long":{"_index":["plural","value"],"_":{"zero":"ថ្ងៃ​នេះ","one":"ថ្ងៃស្អែក","two":"ក្នុង​ពេល​​ {{value}} ថ្ងៃ","few":"ក្នុង​ពេល​​ {{value}} ថ្ងៃ","many":"ក្នុង​ពេល​​ {{value}} ថ្ងៃ","other":"ក្នុង​ពេល​​ {{value}} ថ្ងៃ"}},"weeks-until-long":{"_index":["plural","value"],"_":{"zero":"សប្ដាហ៍​នេះ","one":"សប្ដាហ៍​ក្រោយ","two":"ក្នុង​ពេល {{value}} សប្ដាហ៍","few":"ក្នុង​ពេល {{value}} សប្ដាហ៍","many":"ក្នុង​ពេល {{value}} សប្ដាហ៍","other":"ក្នុង​ពេល {{value}} សប្ដាហ៍"}},"months-until-long":{"_index":["plural","value"],"_":{"zero":"ខែ​នេះ","one":"ខែ​ក្រោយ","two":"ក្នុង​ពេល {{value}} ខែ","few":"ក្នុង​ពេល {{value}} ខែ","many":"ក្នុង​ពេល {{value}} ខែ","other":"ក្នុង​ពេល {{value}} ខែ"}},"years-until-long":{"_index":["plural","value"],"_":{"zero":"ឆ្នាំនេះ","one":"ឆ្នាំ​ក្រោយ","two":"ក្នុង​ពេល {{value}} ឆ្នាំ","few":"ក្នុង​ពេល {{value}} ឆ្នាំ","many":"ក្នុង​ពេល {{value}} ឆ្នាំ","other":"ក្នុង​ពេល {{value}} ឆ្នាំ"}},"minutes-ago-short":{"_index":["plural","value"],"_":{"zero":"អម្បាញ់មិញនេះ","other":"{{value}}នាទី​មុន"}},"hours-ago-short":{"_index":["plural","value"],"_":{"zero":"អម្បាញ់មិញនេះ","other":"{{value}}ម៉ោង​មុន"}},"days-ago-short":{"_index":["plural","value"],"_":{"zero":"ថ្ងៃ​នេះ","other":"{{value}}ថ្ងៃ​មុន"}},"minutes-until-short":{"_index":["plural","value"],"_":{"zero":"ឥឡូវ","other":"ក្នុង​ពេល {{value}}នាទី"}},"hours-until-short":{"_index":["plural","value"],"_":{"zero":"ឥឡូវ","other":"ក្នុង​ពេល {{value}}ម៉ោង"}},"days-until-short":{"_index":["plural","value"],"_":{"zero":"ថ្ងៃ​នេះ","other":"ក្នុង​ពេល {{value}}ថ្ងៃ"}},"incorrectDate":"(កាលបរិច្ឆេទ​មិន​ត្រឹមត្រូវ)","dateTimeFormat_%c":"%a %b %e %Y %I:%M:%S %p","dateTimeFormat_%x":"%m/%d/%Y","dateTimeFormat_%X":"%I:%M:%S %p","shortTimeFormat":"%I:%M %p","shortDateTimeFormat":"%x %I:%M %p","weekStartsOnMonday":"0","time_am":"ព្រឹក","time_pm":"PM","title-app":"សិទ្ធិ​កម្មវិធី","title-web":"សិទ្ធិ​កម្មវិធី​បណ្ដាញ","title-cam":"ជ្រើស​ម៉ាស៊ីន​ថត","perm-contacts":"ទំនាក់ទំនង","perm-contacts-appRequest":"{{app}} ចង់​ចូល​​ដំណើរការ​​បញ្ជី​ទំនាក់ទំនង​របស់​អ្នក។","perm-contacts-webRequest":"{{site}} ចង់​ចូល​​ដំណើរការ​បញ្ជី​ទំនាក់ទំនង​របស់​អ្នក។","perm-desktop-notification":"ការ​ជូនដំណឹង","perm-desktop-notification-appRequest":"{{app}} ចង់​បង្ហាញ​ការ​ជូន​ដំណឹង។","perm-desktop-notification-webRequest":"{{site}} ចង់​បង្ហាញ​ការ​ជូន​ដំណឹង។","perm-device-storage-music":"កន្លែង​​​ផ្ទុក​តន្ត្រី","perm-device-storage-music-appRequest":"{{app}} ចង់​ចូល​ទៅ​កាន់​តន្ត្រី​របស់​អ្នក។","perm-device-storage-music-webRequest":"{{site}} ចង់​ចូល​ទៅ​កាន់​តន្ត្រី​របស់​អ្នក។","perm-device-storage-pictures":"កន្លែង​​​ផ្ទុក​រូបភាព","perm-device-storage-pictures-appRequest":"{{app}} ចង់​ចូល​​ទៅ​កាន់​​រូបភាព​របស់​អ្នក។","perm-device-storage-pictures-webRequest":"{{site}} ចង់​ចូល​ទៅ​កាន់​រូបភាព​របស់​អ្នក។","perm-device-storage-sdcard":"កន្លែង​ផ្ទុក​កាត​អង្គ​ចងចាំ","perm-device-storage-sdcard-appRequest":"{{app}} ចង់​ចូល​​ទៅ​កាន់​កាត​អង្គ​ចងចាំ​របស់​អ្នក។","perm-device-storage-sdcard-webRequest":"{{site}} ចង់​ចូល​​ទៅ​កាន់​កាត​អង្គ​ចងចាំ​របស់​អ្នក។","perm-device-storage-videos":"កន្លែង​ផ្ទុក​វីដេអូ","perm-device-storage-videos-appRequest":"{{app}} ចង់​ចូល​​ទៅ​កាន់​​វីដេអូ​របស់​អ្នក។","perm-device-storage-videos-webRequest":"{{site}} ចង់​ចូល​​ទៅ​កាន់​​វីដេអូ​របស់​អ្នក។","perm-fmradio":"វិទ្យុ FM","perm-fmradio-appRequest":"{{app}} ចង់​ប្រើ​វិទ្យុ FM ។","perm-fmradio-webRequest":"{{site}} ចង់​ប្រើ​វិទ្យុ FM ។","perm-geolocation":"ទីតាំង​ភូមិសាស្ដ្រ","perm-geolocation-appRequest":"{{app}} ចង់​ដឹង​ទីតាំង​របស់​អ្នក។","perm-geolocation-webRequest":"{{site}} ចង់​ដឹង​ទីតាំង​របស់​អ្នក។","perm-geolocation-more-info":"{{brandShortName}} ប្រើ​ទិន្នន័យ​ដូចជា GPS, Wi-Fi និង​បណ្ដាញ​ទិន្នន័យ​ចល័ត​ដែល​នៅ​ជិត​អ្នក ដើម្បី​ជួយ​កំណត់​ទីតាំង​ប្រហាក់ប្រហែល​របស់​អ្នក។ ទិន្នន័យ​ត្រូវ​បាន​ផ្ញើ​ទៅ Mozilla និង​អ្នក​ផ្ដល់​សេវាកម្ម​ផ្សេងៗ​ទៀត ហើយ​នឹង​ត្រូវ​បាន​ប្រើ​នៅ​ក្នុង​​កន្លែង​ផ្ទុក​​រួម​ដើម្បី​ធ្វើ​ឲ្យ​​​​មូលដ្ឋាន​ទិន្នន័យ​ទីតាំង​ទាំងនោះ​​ប្រសើរ​ឡើង។  ទិន្នន័យ​អាច​ត្រូវ​បាន​ផ្ទុក​នៅ​លើ​ឧបករណ៍​របស់​អ្នក និង​​ការ​ប្រមូល​ទិន្នន័យ​​អាច​កើត​មាន​ ទោះបី​នៅ​ពេល​​គ្មាន​កម្មវិធី​​កំពុង​ដំណើរការ​​ក៏​ដោយ។","perm-video-capture":"ម៉ាស៊ីន​ថត","perm-video-capture-appRequest":"តើ​អ្នក​ចង់​ចែករំលែក​ម៉ាស៊ីន​ថត​របស់​អ្នក​ជា​មួយ {{app}}?","perm-video-capture-webRequest":"តើ​អ្នក​ចង់​ចែករំលែក​ម៉ាស៊ីន​ថត​របស់​អ្នក​ជា​មួយ {{site}}?","perm-audio-capture":"មីក្រូហ្វូន","perm-audio-capture-appRequest":"តើ​អ្នក​ចង់​ចែករំលែក​មីក្រូហ្វូន​របស់​អ្នក​ជា​មួយ {{app}}?","perm-audio-capture-webRequest":"តើ​អ្នក​ចង់​ចែករំលែក​មីក្រូន​របស់​អ្នក​ជា​មួយ {{site}}?","perm-media-capture":"ម៉ាស៊ីន​ថត និង​មីក្រូហ្វូន","perm-media-capture-appRequest":"តើ​អ្នក​ចង់​ចែករំលែក​ម៉ាស៊ីន​ថត​ និងមីក្រូនហ្វូន​របស់​អ្នក​ជា​មួយ {{app}}?","perm-media-capture-webRequest":"តើ​អ្នកចង់​ចែករំលែក​ម៉ាស៊ីន​ថត និង​មីក្រូហ្វូន​របស់​អ្នក​ជា​មួយ {{site}}?","perm-camera-selector-appRequest":"ជ្រើស​ម៉ាស៊ីន​ថត​សម្រាប់ {{app}} ។","perm-camera-selector-webRequest":"ជ្រើស​ម៉ាស៊ីន​ថត​សម្រាប់ {{site}} ។","perm-mobileid":"អត្តសញ្ញាណ​​ចល័ត","stopped_download_title":"បាន​បឈ្ឈប់​ការ​ទាញ​យក","stopped_download_message":"ការទាញ​យក​ត្រូវ​បាន​បញ្ឈប់។ ព្យាយាម​ទាញយក​ម្ដង​ទៀត?","stopped_download_left_button":"បោះបង់","stopped_download_right_button":"ព្យាយាម​ម្ដង​ទៀត","failed_download_title":"ការ​ទាញយក​បាន​បរាជ័យ","failed_download_message":"ការ​ទាញ​យក {{name}} បាន​បរាជ័យ។ ព្យាយាម​​ទាញ​យក​ម្ដង​ទៀត?","failed_download_left_button":"បោះបង់","failed_download_right_button":"ព្យាយាម​ម្ដង​ទៀត","stop_download_title":"បញ្ឈប់​ការ​ទាញ​យក","stop_download_message":"តើ​អ្នក​ប្រាកដ​ជា​ចង់​បញ្ឈប់​ការ​ទាញ​យ​ក?","stop_download_left_button":"ទេ","stop_download_right_button":"បាទ/ចាស","delete_download_title":"លុប","delete_download_message":"លុប {{name}}?","delete_download_left_button":"បោះបង់","delete_download_right_button":"​លុប​","delete_all_download_title":"លុប","delete_all_download_left_button":"បោះបង់","delete_all_download_right_button":"លុប","delete_all_download_message":{"_index":["plural","number"],"_":{"zero":"គ្មាន​ឯកសារ​លុប?","one":"គ្មាន​ឯកសារ​លុប?","two":"លុប​ឯកសារ {{number}} ?","few":"លុប​ឯកសារ {{number}} ?","many":"លុប​ឯកសារ {{number}} ?","other":"លុប​ឯកសារ {{number}} ?"}},"unsupported_file_type_download_title":"មិន​អាច​បើក","unsupported_file_type_download_message":"មិន​មាន​កម្មវិធី​ដែល​អាច​បើក {{name}} ។ តើ​អ្នក​​ចង់​រក្សាទុក​ឯកសារ ឬ​លុប​វា?","unsupported_file_type_download_left_button":"រក្សាទុក​ឯកសារ","unsupported_file_type_download_right_button":"​លុប​","file_not_found_download_title":"រក​មិន​ឃើញ​ឯកសារ","file_not_found_download_message":"រក​មិន​ឃើញ​ឯកសារ​លើ​ឧបករណ៍","file_not_found_download_right_button":"យល់ព្រម","unmounted_sdcard_2_download_title":"កាត​អង្គ​ចងចាំ​កំពុង​ប្រើ","unmounted_sdcard_2_download_message":"ដក​ទូរស័ព្ទ","unmounted_sdcard_2_download_right_button":"យល់ព្រម","no_provider_download_title":"មិន​អាច​ចែករំលែក","no_provider_download_message":"រកមិន​ឃើញ​ក្រុមហ៊ុន​ផ្ដល់","no_provider_download_right_button":"យល់ព្រម","no_memory_download_title":"SD កាត​​ពេញ","no_memory_download_message":"មិន​មាន​បន្ទប់​ច្រើន​នៅ​លើ​ SD កាត​​របស់​អ្នក​ដើម្បី​រក្សាទុក​ការ​ទាញ​យក​របស់​អ្នក​ឡើយ។ សូម​លុប​ឯកសារ​មួយ​ចំនួន​ចេញ​មុន​ពេល​ចាប់ផ្ដើម​ទាញ​យក។","no_memory_download_right_button":"យល់ព្រម","no_sdcard_found_2_download_title":"រក​មិន​ឃើញ​កាត​អង្គ​ចងចាំ","no_sdcard_found_2_download_message":"បញ្ចូល​កាត​ទូរស័ព្ទ ឬ​ជ្រើស​មេឌៀ​លំនាំដើម​ជំនួស​ទីតាំង​ក្នុង​ការ​កំណត់","no_sdcard_found_2_download_right_button":"យល់ព្រម","file_open_error_download_title":"មិនអាច​បើក","file_open_error_download_message":"មាន​បញ្ហា​ក្នុង​ការ​បើក {{name}} ។ តើ​អ្នក​ចង់​រក្សាទុក​ឯកសារ ឬ​លុប​វា?","file_open_error_download_left_button":"រក្សាទុក​ឯកសារ","file_open_error_download_right_button":"​លុប​","restart_download_error":"មាន​កំហុស​ខណៈ​ដែល​ចាប់ផ្ដើម​ការ​ទាញយក​ឡើងវិញ។ សូម​ព្យាយាម​ទាញយក​ម្ដង​ទៀត។","no-downloads":"គ្មាន​ការ​ទាញ​យក​","percentage":"{{percentage}} %","partialResult":"{{partial}} នៃ {{total}}","summary":"{{date}} - {{status}}","download-stopped":"បាន​បញ្ឈប់","download-failed":"ការ​ទាញ​យក​បាន​បរាជ័យ","open_downloaded_file":"បើក​","share_downloaded_file":"ចែក​រំលែក","wallpaper_downloaded_file":"កំណត់​ជា​ផ្ទាំង​រូបភាព","ringtone_downloaded_file":"កំណត់​ជា​សំឡេង​រោទ៍","cancel_downloaded_file":"បោះបង់","voicemailNoNumberTitle":"មិនមាន​លេខ​សារ​ជា​សំឡេង","voicemailNoNumberText":"មិន​អាច​ហៅ​សារ​ជា​សំឡេង។ រៀបចំ​លេខ​សារ​ជា​សំឡេង​ដើម្បី​ធ្វើការហៅ​ចេញ។","voicemailNoNumberSettings":"ការ​កំណត់","voicemailNoNumberCancel":"បោះ​បង់","resend":"ផ្ញើ​ម្ដងទៀត","connecting":"ការ​តភ្ជាប់","verify":"ផ្ទៀងផ្ទាត់","verifying":"ការ​ផ្ទៀងផ្ទាត់","verified":"បាន​ផ្ទៀងផ្ទាត់","mobileIDExplanation":"{{app_name}} ចង់​ដឹង និង​ផ្ទៀងផ្ទាត់​លេខ​ទូរស័ព្ទ​របស់​អ្នក។ សូម​ជ្រើស​លេខ​ណាមួយ​ដែល​អ្នក​ចង់​ចែករំលែក ឬ​បញ្ចូល​លេខ​ថ្មី។","verificationCodeExplanation":"យើង​បាន​ផ្ញើ​កូដ​ទៅ​កាន់ {{phone_number}} ។ យើង​នឹង​ព្យាយាម​ជ្រើស​វា​ដោយ​ស្វ័យប្រវត្តិ, ប៉ុន្តែ​អ្នក​បាន​បញ្ចូល​វា​ដោយ​ដៃ ប្រសិនបើ​អ្នក​មិន​ប្រើ​នៅ​ក្នុង​ឧបករណ៍​នេះ​ទេ។","successMessage":"អស្ចារ្យ​មែន! ឥឡូវ លេខ​របស់​អ្នក {{phone_number}} ត្រូវ​បាន​បញ្ជាក់ និង​អាច​ប្រើ​បាន​ចំពោះ {{app_name}}។","serverErrorMessage":"មិន​មាន​ម៉ាស៊ីន​មេ​សម្រាប់​ការ​ផ្ទៀងផ្ទាត់​នៅ​ពេល​នេះ​ឡើយ។ សូម​ពិនិត្យមើល​ការ​តភ្ជាប់​អ៊ីនធឺណិត​របស់​អ្នក, ព្យាយាម​ម្ដងទៀត ឬ​រង់ចាំ​ពីរបី​នាទី។","timeoutErrorMessage":"ដូច​ជា​មាន​បញ្ហា​ជាមួយ​កូដ​សម្រាប់​ការ​ផ្ទៀងផ្ទាត់​របស់​អ្នក។ សូម​ព្យាយាម​ម្ដងទៀត!","errorTitle":"អត្ត​សញ្ញាណ​ចល័ត","addPhoneNumber":"ឬ​បន្ថែម​លេខ​ទូរស័ព្ទ​របស់​អ្នក","selectPhoneNumber":"ឬ​ជ្រើស​លេខ​ទូរស័ព្ទ​ពី​បញ្ជី"}