{"firefox-accounts-title":"Firefox 계정","fxa-next":"다음","fxa-back":"뒤로","fxa-done":"완료","fxa-ok":"OK","fxa-connection-error-title":"연결할 수 없음","fxa-connection-error-message":"게정을 만들거나 설정에서 로그인 할 수 있습니다.","fxa-reset-password-error-title":"비밀번호 재설정","fxa-reset-password-error-message":"설정에서 비밀번호를 재설정 할 수 있습니다.","fxa-coppa-failure-error-title":"게정을 만들 수 없음","fxa-coppa-failure-error-message":"Firefox 계정을 만들기 위해서는 나이 제한을 통과해야 합니다. {{learnmore}}","fxa-learn-more":"자세히 살펴보기","fxa-offline-error-title":"연결할 수 없음","fxa-offline-error-message":"설정에서 네트워크에 연결해 주세요.","fxa-invalid-email-title":"오류","fxa-invalid-email-message":"유효한 이메일을 입력해 주세요.","fxa-invalid-password-title":"비밀번호 오류","fxa-invalid-password-message":"비밀번호를 확인하고 다시 시도해 주세요.","fxa-unknown-error-title":"연결할 수 없음","fxa-unknown-error-message":"알 수 없는 오류입니다. 잠시후 다시 시도해 주세요.","fxa-connecting":"연결중","fxa-enter-email-input":{"placeholder":"이메일 입력"},"fxa-use-email-to-sign-in":"이메일 주소를 이용해서 계정을 생성하거나 로그인 해 주세요.","fxa-notice":"계속해서 진행함으로서 Firefox 클라우드 서비스의 {{tos}}과 {{pn}}을 동의하게 됩니다.","fxa-tos":"이용 약관","fxa-pn":"개인 정보 보호 정책","fxa-create-password-title":"비밀번호 생성","fxa-enter-password-title":"비밀번호 입력","fxa-hello-user":"안녕하세요, {{email}}님","fxa-password-refresh":"계속하려면 Firefox 계정 비밀번호를 입력해 주세요.","fxa-password":{"placeholder":"비밀번호"},"fxa-forgot-your-password":"비밀번호를 잃어 버리셨나요?","fxa-show-password":"비밀번호 보이기","fxa-password-length-requirement":"비밀번호는 최소 8자 이상이어야 합니다.","fxa-success":"성공!","fxa-ready-to-go":"Firefox 계정이 막 생성되었습니다! ","fxa-use-features":"이제 내 기기 찾기와 Firefox Marketplace 같은 앱을 이용할 수 있습니다.","fxa-access-manage-account-settings":"앞으로 설정에서 계정에 접근하고 관리할 수 있습니다.","fxa-confirm-account":"계정 확인","fxa-will-send-email":"다음의 주소로 이메일을 전송함: {{email}}","fxa-signup-click-verification-link-in-email":"다음에 이메일을 확인 할 때, Firefox 계정을 확인하기 위한 인증 링크를 클릭해 주세요.","fxa-age-verification":"나이 인증","fxa-age-1990-earlier":"1990년 이전","fxa-year-of-birth":"태어난 년도","brandShortName":"B2G OS","browserBrandShortName":"웹 브라우저","browserBrandFullName":"Mozilla 웹 브라우저","accessibility-enableScreenReaderSteps":"To enable screen reader, press volume up then volume down buttons three more times","accessibility-disableScreenReaderSteps":"To disable screen reader, press volume up then volume down buttons three more times","accessibility-screenReaderStarted":"Screen reader started","accessibility-screenReaderStopped":"Screen reader stopped","accessibility-menubar":"menu bar","accessibility-scrollbar":"scroll bar","accessibility-grip":"grip","accessibility-alert":"alert","accessibility-menupopup":"menu popup","accessibility-document":"document","accessibility-pane":"pane","accessibility-dialog":"dialog","accessibility-separator":"separator","accessibility-toolbar":"toolbar","accessibility-statusbar":"status bar","accessibility-table":"table","accessibility-columnheader":"column header","accessibility-rowheader":"row header","accessibility-column":"column","accessibility-row":"row","accessibility-cell":"cell","accessibility-link":"link","accessibility-list":"list","accessibility-listitem":"list item","accessibility-outline":"outline","accessibility-outlineitem":"outline item","accessibility-pagetab":"tab","accessibility-propertypage":"property page","accessibility-graphic":"graphic","accessibility-pushbutton":"button","accessibility-checkbutton":"check button","accessibility-radiobutton":"radio button","accessibility-combobox":"combo box","accessibility-progressbar":"progress bar","accessibility-slider":"slider","accessibility-spinbutton":"spin button","accessibility-diagram":"diagram","accessibility-animation":"animation","accessibility-equation":"equation","accessibility-buttonmenu":"button menu","accessibility-whitespace":"white space","accessibility-pagetablist":"tab list","accessibility-canvas":"canvas","accessibility-checkmenuitem":"check menu item","accessibility-label":"label","accessibility-passwordtext":"password text","accessibility-radiomenuitem":"radio menu item","accessibility-textcontainer":"text container","accessibility-togglebutton":"toggle button","accessibility-treetable":"tree table","accessibility-header":"header","accessibility-footer":"footer","accessibility-paragraph":"paragraph","accessibility-entry":"entry","accessibility-caption":"caption","accessibility-heading":"heading","accessibility-section":"section","accessibility-form":"form","accessibility-comboboxlist":"combo box list","accessibility-comboboxoption":"combo box option","accessibility-imagemap":"image map","accessibility-listboxoption":"option","accessibility-listbox":"list box","accessibility-flatequation":"flat equation","accessibility-gridcell":"gridcell","accessibility-note":"note","accessibility-figure":"figure","accessibility-definitionlist":"definition list","accessibility-term":"term","accessibility-definition":"definition","accessibility-textarea":"text area","accessibility-textInputType_date":"date","accessibility-textInputType_email":"e-mail","accessibility-textInputType_search":"search","accessibility-textInputType_tel":"telephone","accessibility-textInputType_url":"URL","accessibility-headingLevel":"heading level {{0}}","accessibility-listStart":"First item","accessibility-listEnd":"Last item","accessibility-listItemsCount":{"_index":["plural","count"],"_":{"zero":"{{count}} items","one":"{{count}} item","two":"{{count}} items","few":"{{count}} items","many":"{{count}} items","other":"{{count}} items"}},"accessibility-objItemOfN":"{{0}} of {{1}}","accessibility-banner":"banner","accessibility-complementary":"complementary","accessibility-contentinfo":"content info","accessibility-main":"main","accessibility-navigation":"navigation","accessibility-search":"search","accessibility-tblColumnInfo":{"_index":["plural","count"],"_":{"zero":"with {{count}} columns","one":"with {{count}} column","two":"with {{count}} columns","few":"with {{count}} columns","many":"with {{count}} columns","other":"with {{count}} columns"}},"accessibility-tblRowInfo":{"_index":["plural","count"],"_":{"zero":"and {{count}} rows","one":"and {{count}} row","two":"and {{count}} rows","few":"and {{count}} rows","many":"and {{count}} rows","other":"and {{count}} rows"}},"accessibility-columnInfo":"Column {{0}}","accessibility-rowInfo":"Row {{0}}","accessibility-spansColumns":{"_index":["plural","0"],"_":{"zero":"spans {{0}} columns","one":"spans {{0}} column","two":"spans {{0}} columns","few":"spans {{0}} columns","many":"spans {{0}} columns","other":"spans {{0}} columns"}},"accessibility-spansRows":{"_index":["plural","0"],"_":{"zero":"spans {{0}} rows","one":"spans {{0}} row","two":"spans {{0}} rows","few":"spans {{0}} rows","many":"spans {{0}} rows","other":"spans {{0}} rows"}},"accessibility-jumpAction":"jumped","accessibility-pressAction":"pressed","accessibility-checkAction":"checked","accessibility-uncheckAction":"unchecked","accessibility-selectAction":"selected","accessibility-unselectAction":"unselected","accessibility-openAction":"opened","accessibility-closeAction":"closed","accessibility-switchAction":"switched","accessibility-clickAction":"clicked","accessibility-collapseAction":"collapsed","accessibility-expandAction":"expanded","accessibility-activateAction":"activated","accessibility-cycleAction":"cycled","accessibility-hidden":"hidden","accessibility-tabLoading":"loading","accessibility-tabLoaded":"loaded","accessibility-tabNew":"new tab","accessibility-tabLoadStopped":"loading stopped","accessibility-tabReload":"reloading","accessibility-stateChecked":"checked","accessibility-stateNotChecked":"not checked","accessibility-statePressed":"pressed","accessibility-stateExpanded":"expanded","accessibility-stateCollapsed":"collapsed","accessibility-stateUnavailable":"unavailable","accessibility-stateRequired":"required","accessibility-stateTraversed":"visited","accessibility-stateHasPopup":"has pop up","accessibility-stateSelected":"selected","accessibility-editingMode":"editing","accessibility-navigationMode":"navigating","accessibility-quicknav_Simple":"Default","accessibility-quicknav_Anchor":"Anchors","accessibility-quicknav_Button":"Buttons","accessibility-quicknav_Combobox":"Combo boxes","accessibility-quicknav_Landmark":"Landmarks","accessibility-quicknav_Entry":"Entries","accessibility-quicknav_FormElement":"Form elements","accessibility-quicknav_Graphic":"Images","accessibility-quicknav_Heading":"Headings","accessibility-quicknav_ListItem":"List items","accessibility-quicknav_Link":"Links","accessibility-quicknav_List":"Lists","accessibility-quicknav_PageTab":"Page tabs","accessibility-quicknav_RadioButton":"Radio buttons","accessibility-quicknav_Separator":"Separators","accessibility-quicknav_Table":"Tables","accessibility-quicknav_Checkbox":"Check boxes","accessibility-menubarAbbr":"menu bar","accessibility-scrollbarAbbr":"scroll bar","accessibility-gripAbbr":"grip","accessibility-alertAbbr":"alert","accessibility-menupopupAbbr":"menu popup","accessibility-documentAbbr":"document","accessibility-paneAbbr":"pane","accessibility-dialogAbbr":"dialog","accessibility-separatorAbbr":"separator","accessibility-toolbarAbbr":"toolbar","accessibility-statusbarAbbr":"status bar","accessibility-tableAbbr":"tbl","accessibility-columnheaderAbbr":"column header","accessibility-rowheaderAbbr":"row header","accessibility-columnAbbr":"column","accessibility-rowAbbr":"row","accessibility-cellAbbr":"cell","accessibility-linkAbbr":"lnk","accessibility-listAbbr":"list","accessibility-listitemAbbr":"list item","accessibility-outlineAbbr":"outline","accessibility-outlineitemAbbr":"outline item","accessibility-pagetabAbbr":"tab","accessibility-propertypageAbbr":"property page","accessibility-graphicAbbr":"graphic","accessibility-pushbuttonAbbr":"btn","accessibility-checkbuttonAbbr":"check button","accessibility-radiobuttonAbbr":"radio button","accessibility-comboboxAbbr":"combo box","accessibility-progressbarAbbr":"progress bar","accessibility-sliderAbbr":"slider","accessibility-spinbuttonAbbr":"spin button","accessibility-diagramAbbr":"diagram","accessibility-animationAbbr":"animation","accessibility-equationAbbr":"equation","accessibility-buttonmenuAbbr":"button menu","accessibility-whitespaceAbbr":"white space","accessibility-pagetablistAbbr":"tab list","accessibility-canvasAbbr":"canvas","accessibility-checkmenuitemAbbr":"check menu item","accessibility-labelAbbr":"label","accessibility-passwordtextAbbr":"passwdtxt","accessibility-radiomenuitemAbbr":"radio menu item","accessibility-textcontainerAbbr":"text container","accessibility-togglebuttonAbbr":"toggle button","accessibility-treetableAbbr":"tree table","accessibility-headerAbbr":"header","accessibility-footerAbbr":"footer","accessibility-paragraphAbbr":"paragraph","accessibility-entryAbbr":"entry","accessibility-captionAbbr":"caption","accessibility-headingAbbr":"heading","accessibility-sectionAbbr":"section","accessibility-formAbbr":"form","accessibility-comboboxlistAbbr":"combo box list","accessibility-comboboxoptionAbbr":"combo box option","accessibility-imagemapAbbr":"imgmap","accessibility-listboxoptionAbbr":"option","accessibility-listboxAbbr":"list box","accessibility-flatequationAbbr":"flat equation","accessibility-gridcellAbbr":"gridcell","accessibility-noteAbbr":"note","accessibility-figureAbbr":"fig","accessibility-definitionlistAbbr":"definition list","accessibility-termAbbr":"term","accessibility-definitionAbbr":"definition","accessibility-textareaAbbr":"txtarea","accessibility-tblColumnInfoAbbr":{"_index":["plural","count"],"_":{"one":"{{count}}c","two":"{{count}}c","few":"{{count}}c","many":"{{count}}c","other":"{{count}}c"}},"accessibility-tblRowInfoAbbr":{"_index":["plural","count"],"_":{"one":"{{count}}r","two":"{{count}}r","few":"{{count}}r","many":"{{count}}r","other":"{{count}}r"}},"accessibility-cellInfoAbbr":"c{{0}}r{{1}}","accessibility-stateCheckedAbbr":"(x)","accessibility-stateUncheckedAbbr":"( )","accessibility-statePressedAbbr":"(x)","accessibility-stateUnpressedAbbr":"( )","ok":"확인","back":"뒤로","help":"도움말","cancel":"취소","close":"닫기","skip":"건너뛰기","clear":{"ariaLabel":"Clear"},"undo":{"ariaLabel":"실행취소"},"airplaneMode":"비행기 모드","searching":"검색 중…","noNetwork":"네트워크 없음","roaming":"{{operator}} (로밍)","operator-info":"{{carrier}} {{region}}","emergencyCallsOnly":"비상 전화만 가능","emergencyCallsOnly-unknownSIMState":"(알 수 없는 SIM 상태)","emergencyCallsOnly-noSIM":"(SIM 없음)","emergencyCallsOnly-pinRequired":"(SIM PIN 필요)","emergencyCallsOnly-pukRequired":"(SIM PUK 필요)","emergencyCallsOnly-networkLocked":"(네트워크 잠김)","emergencyCallsOnly-serviceProviderLocked":"(서비스 제공자 잠김)","emergencyCallsOnly-corporateLocked":"(회사 잠김)","emergencyCallsOnly-network1Locked":"(네트워크1 잠김)","emergencyCallsOnly-network2Locked":"(네트워크2 잠김)","emergencyCallsOnly-hrpdNetworkLocked":"(hrpd 네크워크 잠김)","emergencyCallsOnly-ruimCorporateLocked":"(ruim 회사 잠김)","emergencyCallsOnly-ruimServiceProviderLocked":"(ruim 서비스 제공자 잠김)","enterPIN":"PIN 입력","mediaPlaybackTitle":{"ariaLabel":"제목"},"mediaPlaybackArtist":{"ariaLabel":"가수"},"mediaPlaybackControls":{"ariaLabel":"재생 컨트롤"},"mediaPlaybackPrevious":{"ariaLabel":"이전"},"mediaPlaybackPlay":"재생","mediaPlaybackPause":"멈춤","mediaPlaybackNext":{"ariaLabel":"다음"},"wifiButton-on":"Wi-Fi 켬","wifiButton-on-initializing":"Wi-Fi 켬, 초기화 중","wifiButton-off":"Wi-Fi 끔","dataButton-on":"{{type}} 데이타 켬","dataButton-off":"{{type}} 데이타 끔","bluetoothButton-on":"블루투스 켬","bluetoothButton-on-initializing":"블루투스 켬, 초기화 중","bluetoothButton-off":"블루투스 끔","airplaneMode-on":"비행기 모드 켬","airplaneMode-off":"비행기 모드 끔","settingsButton":{"ariaLabel":"설정"},"utilityTrayGrippy":{"ariaLabel":"유틸리티 메뉴 닫음"},"statusbarLabel":"{{date}}, {{operator}}","statusbarDateFormat":"%b %e일","statusbar":{"ariaLabel":"상태 바"},"statusbarBattery":"배터리 {{level}} 퍼센트","statusbarBatteryCharging":"배터리 {{level}} 퍼센트, 충전중","statusbarFlightMode":{"ariaLabel":"비행기 모드 켜짐"},"statusbarWiFiConnecting":"Wi-Fi: 연결중","statusbarWiFiConnected":"Wi-Fi: 4칸 중 {{level}}칸","statusbarSignal":"{{operator}} 네트워크, 5칸 중 {{level}}칸","statusbarSignalRoaming":"{{operator}} 네트워크(로밍), 5칸 중 {{level}}칸","statusbarSignalNoneSearching":"검색중… 긴급통화만 가능","statusbarHeadphones":{"ariaLabel":"헤드폰 켜짐"},"statusbarBluetoothHeadphones":{"ariaLabel":"블루투스 헤드폰 켜짐"},"statusbarBluetoothTransferring":{"ariaLabel":"블루투스 전송 활성화"},"statusbarIconOn-tethering":"테더링 켜짐","statusbarIconOnActive-tethering":"테더링 켜짐, 활성화","statusbarAlarm":{"ariaLabel":"알람 켜짐"},"statusbarIconOn-bluetooth":"블루투스 켜짐","statusbarIconOnActive-bluetooth":"블루투스 켜짐, 활성화","statusbarIconOn-mute":"음소거 켜짐","statusbarIconOn-vibration":"진동 켜짐","statusbarRecording":{"ariaLabel":"녹음 켜짐"},"statusbarGeolocation":{"ariaLabel":"위치정보 켜짐"},"statusbarUsb":{"ariaLabel":"USB 켜짐"},"statusbarForwarding":"통화 전달 켜짐","statusbarPlaying":{"ariaLabel":"미디어 재생중"},"statusbarNfc":{"ariaLabel":"NFC 켜짐"},"statusbarDownloads":{"ariaLabel":"다운로드중…"},"statusbarNetworkActivity":{"ariaLabel":"네트워킹 켜짐"},"statusbarEmergencyCBNotification":{"ariaLabel":"긴급통화 호출"},"statusbarNotifications":{"_index":["plural","n"],"_":{"one":"{{n}}개의 알림","two":"{{n}}개의 알림","few":"{{n}}개의 알림","many":"{{n}}개의 알림","other":"{{n}}개의 알림"}},"statusbarNotifications-unread":{"_index":["plural","n"],"_":{"one":"{{n}}개의 안읽은 알림","two":"{{n}}개의 안읽은 알림","few":"{{n}}개의 안읽은 알림","many":"{{n}}개의 안읽은 알림","other":"{{n}}개의 안읽은 알림"}},"notifications":"알림","clear-all":"모두 삭제","attentionScreen-tapToShow":"탭해서 보기","newVoicemails":{"_index":["plural","n"],"_":{"zero":"새 보이스메일 없음","one":"새 보이스메일 한 통","two":"새 보이스메일 {{n}}통","few":"새 보이스메일 {{n}}통","many":"새 보이스메일 {{n}}통","other":"새 보이스메일 {{n}}통"}},"newVoicemailsUnknown":"새 보이스메일","dialNumber":"{{number}}로 걸기","voicemailNotificationMultiSim":"(SIM {{n}}) {{title}}","confirmNFCConnectBTenabledNameUnknown":"정말로 기기에 연결하시겠습니까?","confirmNFCConnectBTdisabledNameUnknown":"블루투스를 켜고 기기에 연결하시겠습니까?","confirmNFCConnectBTenabledNameKnown":"정말로 {{deviceName}}에 연결하시겠습니까?","confirmNFCConnectBTdisabledNameKnown":"블루투스를 켜고 {{deviceName}}에 연결하시겠습니까?","confirmNFCConnectBTdisabled":"켜기","dismissNFCConnectBTdisabled":"취소","confirmation":"확인","deviceMenu":"폰","airplane":"비행기 모드 켜기","airplaneOff":"비행기 모드 끄기","silent":"진동 켜기","normal":"진동 끄기","restart":"다시 시작","power":"전원 끄기","no-recent-apps":"최근 앱이 없음","yes":"예","no":"아니오","dontallow":"허용하지 않음","allow":"허용","dontshare-geolocation":"공유 안함","share-geolocation":"공유하기","dontshare-audio-capture":"공유 안함","share-audio-capture":"공유하기","dontshare-video-capture":"공유 안함","share-video-capture":"공유하기","dontshare-media-capture":"공유 안함","share-media-capture":"공유하기","device-front":"전면 카메라","device-back":"후면 카메라","remember-my-choice":"현재 설정 저장","more-info":"상세 정보","hide-info":"정보 감춤","install-app":"{{name}}을 설치하시겠습니까?","size":"크기","author":"제작자","size-unknown":"알 수 없음","author-unknown":"알 수 없음","install":"설치","bytes":"바이트","kB":"kB","MB":"MB","GB":"GB","TB":"TB","PB":"PB","app-install-generic-error":"{{ appName }} 다운로드가 정지됨","app-install-download-failed":"{{ appName }} 다운로드 실패","app-install-install-failed":"{{ appName }} 설치 실패","cancelling-will-not-refund":"취소해도 구입액 환불은 되지 않습니다. 유로 컨텐츠의 환불은 원 판매자에서 제공합니다.","apps-can-be-installed-later":"앱은 나중에 설치 원 출처에서도 설치할 수 있습니다.","are-you-sure-you-want-to-cancel":"정말로 설치를 취소하시겠습니까?","cancel-install":"설치 취소","cancel-install-button":"설치 취소","resume":"재개","continue":"계속","stopDownloading":"{{ app }}을 그만 다운로드하시겠습니까?","app-download-can-be-restarted":"다운로드는 나중에 다시 할 수 있습니다.","app-download-stop-button":"그만 다운로드","not-enough-space":"공간이 얼마 없음","not-enough-space-message":"이 앱을 설치할 만큼 충분한 공간이 없습니다. 오래된 앱이나 미디어를 삭제해 남은 공간을 늘린 다음 원래 출처에서 다시 설치해 보십시오.","app-install-success":"{{ appName }}가 설치됨","setup":"설정","ime-addkeyboards":"키보드 추가","later":"나중에","download":"다운로드","wantToDownload":"지금 업데이트를 다운로드하시겠습니까?","wantToInstall":"지금 업데이트를 설치하시겠습니까?","installNow":"지금 설치","notNow":"나중에 설치","downloadingUpdateMessage":{"innerHTML":"업데이트 다운로드 중… <span>{{ progress }} 다운로드함.</span>"},"downloadingAppMessage":"{{ appName }} 다운로드 중","downloadingAppProgressNoMax":"{{ progress }} 다운로드","downloadingAppProgressIndeterminate":"다운로드 중","downloadingAppProgress":"{{ progress }} / {{ max }} 다운로드","cancelAllDownloads":"다운로드 모두 취소","wantToCancelAll":"정말 진행 중 다운로드를 모두 취소하시겠습니까?","downloadError":"업데이트를 다운로드하는 중 오류가 발생했습니다.","updateAvailableInfo":{"innerHTML":{"_index":["plural","n"],"_":{"one":"업데이트가 {{ n }}개 있습니다. <span>자세히 알아보시려면 탭하세요.</span>","two":"업데이트가 {{ n }}개 있습니다. <span>자세히 알아보시려면 탭하세요.</span>","few":"업데이트가 {{ n }}개 있습니다. <span>자세히 알아보시려면 탭하세요.</span>","many":"업데이트가 {{ n }}개 있습니다. <span>자세히 알아보시려면 탭하세요.</span>","other":"업데이트가 {{ n }}개 있습니다. <span>자세히 알아보시려면 탭하세요.</span>"}}},"numberOfUpdates":{"_index":["plural","n"],"_":{"one":"업데이트 {{ n }}개 있음","two":"업데이트 {{ n }}개 있음","few":"업데이트 {{ n }}개 있음","many":"업데이트 {{ n }}개 있음","other":"업데이트 {{ n }}개 있음"}},"systemUpdate":"시스템 업데이트","systemUpdateReady":"시스템 업데이트 완료","systemUpdateLowBatteryThreshold":"You need at least {{ threshold }}% battery level to install the update.","required":"필요함","uncompressingMessage":{"innerHTML":"압축을 푸는 중… <span>몇 분 정도 걸릴 수 있습니다.</span>"},"downloadNoWifiWarning":"Wi-Fi를 쓸 수 없습니다. 현재 연결로 업데이트를 하면 추가적인 비용이 들 수 있습니다.","downloadOfflineWarning":"활성화된 연결이 없습니다. 업데이트를 다운로드하기 위해서 네트워크에 연결해주십시오.","downloadDataConnectionWarning":"Wi-Fi를 사용할 수 없을 때 데이터 통신을 통해 업데이트를 다운로드 합니다. 추가적인 데이터 요금이 발생할 수 있습니다.","downloadUpdatesViaDataConnection":"데이터 통신을 통해서 다운로드 하시겠습니까?","downloadUpdatesViaDataConnectionMessage":"Wi-Fi를 사용할 수 없을 때 데이터 통신을 통해 업데이트를 다운로드 합니다. 데이터 통신을 사용하면 전화 사용이 일시 중단되거나 추가적인 데이터 요금이 발생할 수 있습니다.","downloadUpdatesVia2GForbidden2":"Downloading updates is not possible on slow connections (2G). Please connect via Wi-Fi or 3G (if available) and try again.","screenshotSaved":"갤러리에 스크린샷이 저장됨","screenshotFailed":"스크린샷을 저장하지 못함","screenshotNoSDCard":"메모리 카드를 찾지 못함","screenshotSDCardInUse":"메모리 카드가 사용 중임","screenshotSDCardLow":"메모리 카드에 남은 용량이 없음","emergency-call-button":"비상 전화","emergency-call":"비상 전화","unlock-a11y-button":{"ariaLabel":"잠금 풀기"},"camera-a11y-button":{"ariaLabel":"카메라"},"longDateFormat":"%B %e일 %A","panel-passcode":{"ariaLabel":"패스코드 패널"},"lockscreen-sim-id":"SIM {{ n }}","softwareHomeButton":{"ariaLabel":"홈"},"login":"로그인","username":"사용자명","password":"암호","http-authentication-message":"{{host}}에서 “{{realm}}”라며 사용자명과 암호를 요청합니다.","error-message":"앱을 제대로 읽어들이지 못함","error-title":"문제가 있는 앱","airplane-is-on":"비행기 모드가 켜져 있음","airplane-is-turned-on":"{{name}}은 네트워크 연결을 필요로 합니다. 설정의 비행기 모드를 끄고 Wi-Fi나 모바일 데이터 네트워크에 연결하십시오.","server-not-found":"서버 없음","server-not-found-error":"{{name}}에서 서버를 찾을 수 없습니다.","file-not-found":"파일이 없습니다.","file-not-found-error":"파일이 없어서 페이지를 표시할 수 없습니다.","connection-failed":"연결할 수 없음","connection-failed-error":"사이트에 연결하는 도중에 네크워크 오류가 발생하였습니다.","invalid-connection":"연결할 수 없음","invalid-connection-error":"사이트에 연결하는 도중에 네크워크 오류가 발생하였습니다.","malformed-uri":"잘못된 URL","malformed-uri-error":"입력된 URL이 잘못되어서 읽어올 수 없습니다.","redirect-loop":"페이지를 표시할 수 없음","redirect-loop-error":"적절히 리다이렉트되지 않아서 페이지를 표시할 수 없습니다. 잠시 후에 다시 시도해 주세요.","not-cached":"페이지가 만료됨","not-cached-error":"보안상의 이유로 이 페이지는 만료되었기 때문에 표시할 수 없습니다.","is-printing-error":"인쇄중이거나 인쇄 미리보기 상태에서는 문서를 변경할 수 없습니다.","denied-port-access":"제한된 주소","denied-port-access-error":"이 주소는 웹 브라우징 이외의 목적으로 사용되는 포트를 사용하고 있습니다. 보호 조치로 요청을 취소하였습니다.","proxy-resolve-failure":"프록시 서버 오류","proxy-resolve-failure-error":"사용할 수 없는 프록시 서버를 사용하도록 설정되었습니다.","proxy-connect-failure":"프록시 서버 오류","proxy-connect-failure-error":"연결을 거부하는 프록시 서버를 사용하도록 설정되었습니다.","content-encoding":"페이지를 표시할 수 없음","content-encoding-error":"콘텐츠 인코딩 오류가 발생하여 페이지를 표시할 수 없습니다.","remote-xul":"지원되지 않는 페이지","remote-xul-error":"지원하지 않는 기술을 사용하고 있어서 페이지를 표시할 수 없습니다.","phishing-blocked":"경고","phishing-blocked-error":"이 웹사이트는 사용자의 개인정보나 금융정보를 도용하기 위한 사이트로 보고되었습니다.","malware-blocked":"악성코드 공격 차단","malware-blocked-error":"이 사이트는 악성코드 공격을 하는 사이트로 보고되었고 차단되었습니다.","unsafe-content-type":"위험한 콘텐츠","unsafe-content-type-error":"위험할 수 있기 때문에 페이지를 표시할 수 없습니다.","corrupted-content":"페이지를 표시할 수 없음","corrupted-content-error":"데이터 전송에 오류가 발생하여서 페이지를 표시할 수 없습니다.","network-connection-unavailable":"네트워크 연결 없음","network-error":"{{name}}은 네트워크 연결을 필요로 합니다.  requires a network connection. Wi-Fi나 모바일 데이터 네트워크에 연결해 보십시오.","network-error-launching":"{{name}}은 인터넷 연결을 필요로 합니다.","network-error-in-app":"현지 인터넷에 연결되어 있지 않습니다.","unable-to-connect":"연결 중단","try-again":"다시 시도","check-settings":"설정 확인","tap-to-check-settings":"탭해서 설정 확인","select-time":"시간 선택","choose-option":"선택","choose-options":"선택","select-day":"날짜 선택","battery-almost-empty":"배터리가 거의 없음","add-to-home-screen":"홈 화면에 추가","share":"공유","crash-dialog2-os":"{{brandShortName}} 프로그램 중단에서 복구되었습니다.","crash-dialog-app":"{{name}} 프로그램 중단","crash-dialog-message":"Mozilla에 프로그램 중단 관련 보고서를 보내 문제 수정에 도움을 주시겠습니까? (Wi-Fi로만 전달)","crash-info-link":"항목 보기","crash-always-report":"보고서 항상 보내기","crash-dont-send":"보내지 않음","crash-end":"보내기","crashReports":"문제 보고서","done":"완료","crash-reports-description-1":"문제 보고서에는 프로그램 중단 문제가 일어났을 때 당시 정보를 담을 수 있도록 자세한 상태와 기기 정보가 들어갑니다.","crash-reports-description-2":"여기에는 열려있는 페이지와 앱, 양식이나 메시지에 입력한 텍스트, 최근 웹 방문 기록, 또는 실행한 앱에서 쓴 위치 정보가 들어있을 수 있습니다.","crash-reports-description-3-start":"우리는 문제 보고서로 제품을 개선하는 데 이용합니다. 우리는 여러분의 정보를 다음에 설명되어 있는 대로 관리합니다:","crash-reports-description-3-privacy":"개인정보 보호 정책","crash-reports-description-3-end":".","crash-banner-os2":"{{brandShortName}}가 프로그램 중단에서 복구되었습니다.","crash-banner-app":"{{name}} 프로그램 중단","crash-banner-report":"문제보고","bluetooth-sending-progress":"블루투스 전송으로 보내는 중..","bluetooth-receiving-progress":"블루투스 전송으로 받는 중..","acceptFileTransfer":"블루투스 파일 전송을 허락하시겠습니까?","wantToReceiveFile":"{{deviceName}}이 {{fileName}}({{fileSize}}byte)을 전송하려 합니다.","transfer-confirmation-title":"{{deviceName}}","transfer-confirmation-description":"전송 요구 사항을 검토해 주십시오.","byteUnit-B":"B","byteUnit-KB":"KB","byteUnit-MB":"MB","byteUnit-GB":"GB","byteUnit-TB":"TB","byteUnit-PB":"PB","byteUnit-EB":"EB","byteUnit-ZB":"ZB","byteUnit-YB":"YB","fileSize":"{{size}}{{unit}}","deny":"아니오","transfer":"전송","cancelFileTransfer":"블루투스 파일 전송을 취소하시겠습니까?","continueFileTransfer":"계속","transfer-has-started-title":"전송이 시작됨","transfer-has-started-description":"알림 서버에서 진행 상태 체크하기","transferFinished-sentSuccessful-title":"파일 보냄","transferFinished-receivedSuccessful-title":"파일 받음","transferFinished-sentFailed-title":"파일을 보내지 못함","transferFinished-receivedFailed-title":"파일을 받지 못함","transferReport-title":"전송 보고서","transferReport-description":"{{numSuccessful}}개 전송 성공 {{numUnsuccessful}}개 미전송","unknown-file":"알 수 없는 파일","unknown-device":"알 수 없는 장비","cannotOpenFile":"받은 파일 열 수 없음","unknownMediaTypeToOpen":"열 수 없는 모르는 미디어 형식:","cannotReceiveFile":"파일을 받을 수 없음","cannotGetStorageState":"기기 저장소 상태를 알 수 없음","sdcard-not-exist2":"메모리 카드가 없습니다. 메모리 카드를 넣으십시오.","sdcard-in-use":"전화가 꽂혀있으면 블루투스를 쓸 수 없습니다. 파일을 받으려면 전화를 뽑으십시오.","sdcard-no-space2":"전송을 완료할 수 없음: 메모리 카드가 가득 차 있습니다.","unknown-error":"알 수 없는 오류","confirm":"확인","microphone-is-on":"마이크 켜짐","camera-is-on":"카메라 켜짐","media-is-on":"카메라와 마이크 켜짐","noSimCard":"SIM 카드 없음","simPin":"SIM PIN","pukCode":"PUK 코드","nckCode":"NCK 코드","cckCode":"CCK 코드","spckCode":"SPCK 코드","nck1code":"NCK1 코드","nck2code":"NCK2 코드","hnckcode":"HNCK 코드","rcckcode":"RCCK 코드","rspckcode":"RSPCK 코드","whatIsSimPin":"SIM PIN이 무엇입니까?","simPinIntro1":"SIM PIN은 SIM 카드가 통신망에 접속하는 것을 제한할 수 있습니다. 설정이 켜졌을 때, 재시작하면 SIM 카드가 포함된 장치에서 PIN 코드를 요청합니다.","simPinIntro2":"SIM PIN은 기기의 잠금을 해제하는 암호와는 다릅니다.","changeSimPin":"PIN 변경","pinTitle":"SIM PIN 입력","multiSIMpinTitle":"SIM {{n}} PIN 입력하기","pukTitle":"PUK 코드 입력","nckTitle":"NCK 코드 입력","cckTitle":"CCK 코드 입력","spckTitle":"SPCK 코드 입력","nck1Title":"NCK1 코드 입력","nck2Title":"NCK2 코드 입력","hnckTitle":"HNCK 코드 입력","rcckTitle":"RCCK 코드 입력","rspckTitle":"RSPCK 코드 입력","newpinTitle":"새 PIN","inputCodeRetriesLeft":{"_index":["plural","n"],"_":{"one":"한번 남았습니다.","two":"{{n}}번 남았습니다.","few":"{{n}}번 남았습니다.","many":"{{n}}번 남았습니다.","other":"{{n}}번 남았습니다."}},"pinErrorMsg":"PIN이 맞지 않습니다.","pinAttemptMsg2":{"_index":["plural","n"],"_":{"one":"SIM 카드가 잠기기 전까지 올바른 코드를 입력할 수 있는 마지막 기회입니다.","two":"SIM 카드가 잠기기 전까지 올바른 코드를 입력할 수 있는 기회가 {{n}}번 남았습니다.","few":"SIM 카드가 잠기기 전까지 올바른 코드를 입력할 수 있는 기회가 {{n}}번 남았습니다.","many":"SIM 카드가 잠기기 전까지 올바른 코드를 입력할 수 있는 기회가 {{n}}번 남았습니다.","other":"SIM 카드가 잠기기 전까지 올바른 코드를 입력할 수 있는 기회가 {{n}}번 남았습니다."}},"pinLastChanceMsg":"PIN 코드를 입력할 수 있는 마지막 기회입니다. 그렇지 않으면, 이 SIM 카드를 사용하기 위해선 PUK 코드를 입력해야 합니다.","simCardLockedMsg":"SIM 카드가 잠겼습니다.","enterPukMsg":"SIM 카드를 사용하기 위해서는 PUK (Personal Unlocking Key) 코드를 입력하십시오. 더 알아보시려면 SIM 카드의 문서를 찾아보시거나 통신사에 연락해 보십시오.","pukErrorMsg":"PUK 코드가 옳지 않습니다.","pukAttemptMsg2":{"_index":["plural","n"],"_":{"one":"SIM 카드를 완전히 사용할 수 없을 때까지 올바른 코드를 한번 입력하실 수 있습니다. 더 알아보시려면 SIM 카드의 문서를 찾아보시거나 통신사에 연락해 보십시오.","two":"SIM 카드를 완전히 사용할 수 없을 때까지 올바른 코드를 {{n}}번 입력하실 수 있습니다. 더 알아보시려면 SIM 카드의 문서를 찾아보시거나 통신사에 연락해 보십시오.","few":"SIM 카드를 완전히 사용할 수 없을 때까지 올바른 코드를 {{n}}번 입력하실 수 있습니다. 더 알아보시려면 SIM 카드의 문서를 찾아보시거나 통신사에 연락해 보십시오.","many":"SIM 카드를 완전히 사용할 수 없을 때까지 올바른 코드를 {{n}}번 입력하실 수 있습니다. 더 알아보시려면 SIM 카드의 문서를 찾아보시거나 통신사에 연락해 보십시오.","other":"SIM 카드를 완전히 사용할 수 없을 때까지 올바른 코드를 {{n}}번 입력하실 수 있습니다. 더 알아보시려면 SIM 카드의 문서를 찾아보시거나 통신사에 연락해 보십시오."}},"pukLastChanceMsg":"PUK 코드를 입력할 수 있는 마지막 기회입니다. 만약 PUK 코드를 틀리신다면 SIM 카드를 완전히 사용할 수 없게 됩니다. 더 알아보시려면 SIM 카드의 문서를 찾아보시거나 통신사에 연락해 보십시오.","newSimPinMsg":"PIN 만들기 (4~8자리 숫자)","confirmNewSimPinMsg":"새 PIN 확인","newPinErrorMsg":"PIN이 맞지 않습니다.","nckErrorMsg":"NCK code가 옳지 않습니다.","nckAttemptMsg2":{"_index":["plural","n"],"_":{"one":"네트워크 잠금 해제 요청이 실패되었습니다. 올바른 코드를 입력할 수 있는 마지막 기회입니다. 더 알아보시려면 기기 문서를 찾아보시거나 통신사에 연락해 보십시오.","two":"네트워크 잠금 해제 요청이 실패되었습니다. 올바른 코드를 입력할 수 있는 기회가 {{n}}번 남았습니다. 더 알아보시려면 기기 문서를 찾아보시거나 통신사에 연락해 보십시오.","few":"네트워크 잠금 해제 요청이 실패되었습니다. 올바른 코드를 입력할 수 있는 기회가 {{n}}번 남았습니다. 더 알아보시려면 기기 문서를 찾아보시거나 통신사에 연락해 보십시오.","many":"네트워크 잠금 해제 요청이 실패되었습니다. 올바른 코드를 입력할 수 있는 기회가 {{n}}번 남았습니다. 더 알아보시려면 기기 문서를 찾아보시거나 통신사에 연락해 보십시오.","other":"네트워크 잠금 해제 요청이 실패되었습니다. 올바른 코드를 입력할 수 있는 기회가 {{n}}번 남았습니다. 더 알아보시려면 기기 문서를 찾아보시거나 통신사에 연락해 보십시오."}},"nckLastChanceMsg":"네트워크 잠금 해제 요청이 실패되었습니다. 올바른 NCK 코드를 입력할 수 있는 마지막 기회입니다. 더 알아보시려면 기기 문서를 찾아보시거나 통신사에 연락해 보십시오.","activity-pick":"다음 중 선택:","activity-view":"보기:","activity-test":"테스트:","activity-share":"공유:","activity-new":"만들기:","activity-open":"열기:","activity-save-bookmark":"북마크:","activity-record":"기록:","activity-browse":"찾아보기:","activity-configure":"설정:","activity-dial":"전화걸기:","persona-signin":"로그인","payment-flow":"구매","remoteDebuggerMessage":"원격 디버깅 연결 요청이 들어오는 것을 감지했습니다. 연결을 허용하시겠습니까?","fullscreen-request":"{{origin}}는 현재 전체 화면 표시 모드입니다.","captive-wifi-available":"{{networkName}} 네트워크가 검색되었습니다. 연결하시겠습니까?","ceWarningtitle":"볼륨 경고","ceWarningcontent":"장시간 최고 볼륨으로 들을 경우 청각에 손상을 입을 수 있습니다.","notification-powersaving-mode-on-title":"배터리 절약 모드","notification-powersaving-mode-on-description":"배터리 절약 모드가 켜져있습니다.","low-device-storage":"여유 공간이 부족합니다.\\n","free-space":{"_index":["plural","value"],"_":{"zero":"남은 여유공간이 없습니다.","one":"{{value}} {{unit}} 이하가 남았습니다.","two":"{{value}} {{unit}} 이하가 남았습니다.","few":"{{value}} {{unit}} 이하가 남았습니다.","many":"{{value}} {{unit}} 이하가 남았습니다.","other":"{{value}} {{unit}} 이하가 남았습니다."}},"unknown-free-space":"남은 공간을 알 수 없습니다.","system-alert":"시스템 알림","cb-channel":"채널 {{channel}}","cb-etws-warningType-earthquake":"지진 발생!","cb-etws-warningType-tsunami":"쓰나미 발생!","cb-etws-warningType-earthquake-tsunami":"지진과 쓰나미 발생!","cb-etws-warningType-test":"경고 메시지 테스트 중입니다.","cb-etws-warningType-other":"긴급 상황 발생!","icc-message-maintitle":"Operator message","icc-message-subtitle":"SIM {{id}}","icc-confirmCall-defaultmessage":"{{number}}에 거시겠습니까?","icc-alertMessage-defaultmessage":"메시지 전송","icc-confirmMessage-defaultmessage":"메시지를 전송할까요?","icc-inputbox-maintitle":"STK Query","icc-inputbox-subtitle":"SIM {{id}}","emergency-callback-mode":"비상 전화 모드","emergency-callback-message":"비상 전화 모드이기 때문에 전화 걸기, 메시지 보내기 및  인터넷이 비활성화 되었습니다. 현재 모드를 끄시겠습니까?","cdma-record-info":"CDMA 기록 정보","ime-switching-title":"{{appName}}: {{name}}","ime-switching-tip":"탭해서 입력 모드 전환","shrinking-tip":"안으로 스윕 하고 공유합니다","download_started":"다운로드 시작","download_stopped":"다운로드 중단","download_downloading":"다운로드 중...","download_succeeded":"다운로드 완료","download_failed":"다운로드 실패","download_text_by_default":"{{name}}","download_downloading_text_2":"{{percentage}}% - {{name}}","search-or-enter-address":{"_":"검색어 또는 주소 입력","placeholder":"검색어 또는 주소 입력"},"noSIMCardInHotspot":"SIM 카드가 빠졌거나 잘못 삽입되어 있어 핫스팟을 끕니다.","noHopspotWhenAPMisOn":"Wi-Fi 핫스팟을 사용하기 위해서 비행기 모드를 끄세요.","apmActivated":"비행기 모드 활성화 됨","open-in-new-tab":"새탭으로 열기","add-link-to-home-screen":"홈 스크린에 추가","share-link":"링크 공유","save-image":"이미지 저장","save-video":"동영상 저장","save-audio":"Save Audio","save-link":"Save linked file","share-image":"Share Image","share-video":"Share Video","share-audio":"Share Audio","weekday-0-long":"일요일","weekday-1-long":"월요일","weekday-2-long":"화요일","weekday-3-long":"수요일","weekday-4-long":"목요일","weekday-5-long":"금요일","weekday-6-long":"토요일","weekday-0-short":"일","weekday-1-short":"월","weekday-2-short":"화","weekday-3-short":"수","weekday-4-short":"목","weekday-5-short":"금","weekday-6-short":"토","month-0-long":"1월","month-1-long":"2월","month-2-long":"3월","month-3-long":"4월","month-4-long":"5월","month-5-long":"6월","month-6-long":"7월","month-7-long":"8월","month-8-long":"9월","month-9-long":"10월","month-10-long":"11월","month-11-long":"12월","month-0-genitive":"1월","month-1-genitive":"2월","month-2-genitive":"3월","month-3-genitive":"4월","month-4-genitive":"5월","month-5-genitive":"6월","month-6-genitive":"7월","month-7-genitive":"8월","month-8-genitive":"9월","month-9-genitive":"10월","month-10-genitive":"11월","month-11-genitive":"12월","month-0-short":"1월","month-1-short":"2월","month-2-short":"3월","month-3-short":"4월","month-4-short":"5월","month-5-short":"6월","month-6-short":"7월","month-7-short":"8월","month-8-short":"9월","month-9-short":"10월","month-10-short":"11월","month-11-short":"12월","minutes-ago-long":{"_index":["plural","value"],"_":{"zero":"지금","one":"1분 전","two":"{{value}}분 전","few":"{{value}}분 전","many":"{{value}}분 전","other":"{{value}}분 전"}},"hours-ago-long":{"_index":["plural","value"],"_":{"zero":"지금","one":"1시간 전","two":"{{value}}시간 전","few":"{{value}}시간 전","many":"{{value}}시간 전","other":"{{value}}시간 전"}},"days-ago-long":{"_index":["plural","value"],"_":{"zero":"오늘","one":"어제","two":"{{value}}일 전","few":"{{value}}일 전","many":"{{value}}일 전","other":"{{value}}일 전"}},"weeks-ago-long":{"_index":["plural","value"],"_":{"zero":"이번 주","one":"지난 주","two":"{{value}}주 전","few":"{{value}}주 전","many":"{{value}}주 전","other":"{{value}}주 전"}},"months-ago-long":{"_index":["plural","value"],"_":{"zero":"이번 달","one":"지난 달","two":"{{value}}개월 전","few":"{{value}}개월 전","many":"{{value}}개월 전","other":"{{value}}개월 전"}},"years-ago-long":{"_index":["plural","value"],"_":{"zero":"올해","one":"작년","two":"{{value}}년 전","few":"{{value}}년 전","many":"{{value}}년 전","other":"{{value}}년 전"}},"minutes-until-long":{"_index":["plural","value"],"_":{"zero":"지금","one":"1분 후","two":"{{value}}분 후","few":"{{value}}분 후","many":"{{value}}분 후","other":"{{value}}분 후"}},"hours-until-long":{"_index":["plural","value"],"_":{"zero":"지금","one":"한 시간 후","two":"{{value}}시간 후","few":"{{value}}시간 후","many":"{{value}}시간 후","other":"{{value}}시간 후"}},"days-until-long":{"_index":["plural","value"],"_":{"zero":"오늘","one":"내일","two":"{{value}}일 후","few":"{{value}}일 후","many":"{{value}}일 후","other":"{{value}}일 후"}},"weeks-until-long":{"_index":["plural","value"],"_":{"zero":"이번 주","one":"다음 주","two":"{{value}}주 후","few":"{{value}}주 후","many":"{{value}}주 후","other":"{{value}}주 후"}},"months-until-long":{"_index":["plural","value"],"_":{"zero":"이번 달","one":"다음 달","two":"{{value}}개월 후","few":"{{value}}개월 후","many":"{{value}}개월 후","other":"{{value}}개월 후"}},"years-until-long":{"_index":["plural","value"],"_":{"zero":"올해","one":"내년","two":"{{value}}년 후","few":"{{value}}년 후","many":"{{value}}년 후","other":"{{value}}년 후"}},"minutes-ago-short":{"_index":["plural","value"],"_":{"zero":"지금","other":"{{value}}분 전"}},"hours-ago-short":{"_index":["plural","value"],"_":{"zero":"지금","other":"{{value}}시간 전"}},"days-ago-short":{"_index":["plural","value"],"_":{"zero":"오늘","other":"{{value}}일 전"}},"minutes-until-short":{"_index":["plural","value"],"_":{"zero":"지금","other":"{{value}}분 후"}},"hours-until-short":{"_index":["plural","value"],"_":{"zero":"지금","other":"{{value}}시간 후"}},"days-until-short":{"_index":["plural","value"],"_":{"zero":"오늘","other":"{{value}}일 후"}},"incorrectDate":"(잘못된 날짜)","dateTimeFormat_%c":"%Y년 %B %e일 %a %I:%M:%S %p","dateTimeFormat_%x":"%Y/%m/%d","dateTimeFormat_%X":"%I:%M:%S %p","shortTimeFormat":"%I:%M %p","shortDateTimeFormat":"%x %I:%M %p","weekStartsOnMonday":"0","time_am":"오전","time_pm":"오후","title-app":"앱 사용 권한","title-web":"웹사이트 사용 권한","title-cam":"카메라 선택","perm-contacts":"연락처","perm-contacts-appRequest":"{{app}}에서 연락처 목록에 접근하려 합니다.","perm-contacts-webRequest":"{{site}}에서 연락처 목록에 접근하려 합니다.","perm-desktop-notification":"알림","perm-desktop-notification-appRequest":"{{app}}에서 알림을 띄우려 합니다.","perm-desktop-notification-webRequest":"{{site}}에서 알림을 띄우려 합니다.","perm-device-storage-music":"음악 저장소","perm-device-storage-music-appRequest":"{{app}}에서 음악에 접근하려 합니다.","perm-device-storage-music-webRequest":"{{site}}에서 음악에 접근하려 합니다.","perm-device-storage-pictures":"이미지 저장소","perm-device-storage-pictures-appRequest":"{{app}}에서 이미지에 접근하려 합니다.","perm-device-storage-pictures-webRequest":"{{site}}에서 이미지에 접근하려 합니다.","perm-device-storage-sdcard":"메모리 카드 저장소","perm-device-storage-sdcard-appRequest":"{{app}}에서 메모리 카드에 접근하려 합니다.","perm-device-storage-sdcard-webRequest":"{{site}}에서 메모리 카드에 접근하려 합니다.","perm-device-storage-videos":"동영상 저장소","perm-device-storage-videos-appRequest":"{{app}}에서 동영상에 접근하려 합니다.","perm-device-storage-videos-webRequest":"{{site}}에서 동영상에 접근하려 합니다.","perm-fmradio":"FM 라디오","perm-fmradio-appRequest":"{{app}}에서 FM 라디오를 사용하려 합니다.","perm-fmradio-webRequest":"{{site}}에서 FM 라디오를 사용하려 합니다.","perm-geolocation":"위치 정보","perm-geolocation-appRequest":"{{app}}에서 위치를 공유하려고 합니다.","perm-geolocation-webRequest":"{{site}}에서 위치를 공유하려고 합니다.","perm-geolocation-more-info":"{{brandShortName}}는 GPS나 Wi-Fi 및 모바일 네트워크 등을 사용자의 대체적인 현재 위치 결정에 이용합니다. 이 데이터는 Mozilla와 다른 서비스 공급자에게 전송되고, 위치 정보 데이터베이스를 개선하기 위해 집계됩니다. 현재 데이터는 사용의 단말기에 저장되고 앱이 실행 중이 아닌 때에도 데이터가 수집될 수 있습니다.","perm-video-capture":"카메라","perm-video-capture-appRequest":"{{app}}에서 카메라를 사용하시겠습니까?","perm-video-capture-webRequest":"{{site}}에서 카메라를 사용하시겠습니까?","perm-audio-capture":"마이크","perm-audio-capture-appRequest":"{{app}}에서 마이크를 사용하시겠습니까?","perm-audio-capture-webRequest":"{{site}}에서 마이크를 사용하시겠습니까?","perm-media-capture":"카메라와 마이크","perm-media-capture-appRequest":"{{app}}에서 카메라와 마이크를 사용하시겠습니까?","perm-media-capture-webRequest":"{{site}}에서 카메라와 마이크를 사용하시겠습니까?","perm-camera-selector-appRequest":"{{app}}에서 사용할 카메라를 선택해 주세요.","perm-camera-selector-webRequest":"{{site}}에서 사용할 카메라를 선택해 주세요.","perm-mobileid":"모바일 개인확인","stopped_download_title":"다운로드 중지","stopped_download_message":"다운로드가 중지되었습니다. 다시 시작하시겠습니까?","stopped_download_left_button":"취소","stopped_download_right_button":"다시 시도","failed_download_title":"다운로드 실패","failed_download_message":"{{name}} 다운로드에 실패했습니다. 다시 시작하시겠습니까?","failed_download_left_button":"취소","failed_download_right_button":"다시 시도","stop_download_title":"다운로드 중지","stop_download_message":"정말로 다운로드를 중단하시겠습니까?","stop_download_left_button":"아니요","stop_download_right_button":"예","delete_download_title":"삭제","delete_download_message":"{{name}}을 삭제하시겠습니까?","delete_download_left_button":"취소","delete_download_right_button":"삭제","delete_all_download_title":"삭제","delete_all_download_left_button":"취소","delete_all_download_right_button":"삭제","delete_all_download_message":{"_index":["plural","number"],"_":{"zero":"파일을 삭제하지 않습니다","one":"한 개의 파일을 삭제하시겠습니까?","two":"{{number}}개의 파일을 삭제하시겠습니까?","few":"{{number}}개의 파일을 삭제하시겠습니까?","many":"{{number}}개의 파일을 삭제하시겠습니까?","other":"{{number}}개의 파일을 삭제하시겠습니까?"}},"unsupported_file_type_download_title":"데이터가 열리지 않음","unsupported_file_type_download_message":"{{name}}를 취급하는 앱이 없습니다. 파일을 저장 또는 삭제해 주십시오.","unsupported_file_type_download_left_button":"파일 저장","unsupported_file_type_download_right_button":"삭제","file_not_found_download_title":"파일이 없음","file_not_found_download_message":"기기에 파일을 찾을 수 없습니다.","file_not_found_download_right_button":"확인","unmounted_sdcard_2_download_title":"메모리 카드 사용 중","unmounted_sdcard_2_download_message":"USB 케이블을 뽑아 주십시오.","unmounted_sdcard_2_download_right_button":"확인","no_provider_download_title":"공유 제공사 없음","no_provider_download_message":"공유 기능 제공사를 찾을 수 없습니다.","no_provider_download_right_button":"확인","no_memory_download_title":"SD카드 용량 부족","no_memory_download_message":"SD카드에 다운로드한 파일을 저장하기 위한 용량이 부족합니다. 다운로드를 재개하기 전에 불필요한 파일을 삭제해 주십시오.","no_memory_download_right_button":"확인","no_sdcard_found_2_download_title":"메모리 카드 없음","no_sdcard_found_2_download_message":"메모리 카드를 삽입하거나, 환경 설정에서 기존 미디어 위치를 선택하십시오.","no_sdcard_found_2_download_right_button":"확인","file_open_error_download_title":"데이터를 열 수 없음","file_open_error_download_message":"{{name}}를 열때에 문제가 발생했습니다. 이를 파일에 저장 또는 삭제해 주십시오.","file_open_error_download_left_button":"파일에 저장","file_open_error_download_right_button":"삭제","restart_download_error":"다운로드 재시작 중에 오류가 발생했습니다. 다운로드를 다시 시도해 주십시오.","no-downloads":"다운로드 안함","percentage":"{{percentage}}%","partialResult":"{{partial}}/{{total}}","summary":"{{date}}-{{status}}","download-stopped":"다운로드 중지","download-failed":"다운로드 실패","open_downloaded_file":"열기","share_downloaded_file":"공유하기","wallpaper_downloaded_file":"배경 화면 설정","ringtone_downloaded_file":"벨소리 설정","cancel_downloaded_file":"취소","voicemailNoNumberTitle":"보이스메일 번호가 유효하지 않음","voicemailNoNumberText":"보이스메일에 연결할 수 없습니다. 연결을 위해 보이스메일 번호를 설정해 주세요.","voicemailNoNumberSettings":"설정","voicemailNoNumberCancel":"취소","resend":"재선송","connecting":"연결중","verify":"확인","verifying":"확인중","verified":"확인됨","mobileIDExplanation":"{{app_name}} 앱이 전화번호를 확인하려고 합니다. 공유하고자 하는 번호를 선택하거나 새 번호를 입력하세요.","verificationCodeExplanation":"{{phone_number}} 번호로 코드를 발송하였습니다. 자동으로 선택할 수 있게 하였지만 이 기기에서 사용하지 않는 번호일 경우 직접 입력하여야 합니다.","successMessage":"좋습니다! {{phone_number}} 번호가 확인되어서 {{app_name}} 앱에서 사용할 수 있습니다.","serverErrorMessage":"인증 서버가 현재 응답하지 않습니다. 인터넷 연결을 확인해 보고 다시 시도하거나 잠시 기다려 주세요.","timeoutErrorMessage":"인증 코드에 문제가 있습니다. 다시 시도해 주세요!","errorTitle":"모바일 인증","addPhoneNumber":"또는 번호 추가","selectPhoneNumber":"또는 목록에서 전화 번호 선택"}