{"firefox-accounts-title":"„Firefox“ paskyros","fxa-next":"Toliau","fxa-back":"Atgal","fxa-done":"Baigta","fxa-ok":"Gerai","fxa-connection-error-title":"Prisijungti nepavyko","fxa-connection-error-message":"Sukurti paskyrą arba prisijungti galite Nuostatose.","fxa-reset-password-error-title":"Slaptažodžio perkūrimas","fxa-reset-password-error-message":"Slaptažodį perkurti galite Nuostatose.","fxa-coppa-failure-error-title":"Nepavyko sukurti paskyros","fxa-coppa-failure-error-message":"„Firefox“ paskyros naudotojams taikomas amžiaus cenzas. {{learnmore}}","fxa-learn-more":"Išsamiau","fxa-offline-error-title":"Prisijungti nepavyko","fxa-offline-error-message":"Nuostatose prisijunkite prie tiklo.","fxa-invalid-email-title":"Klaida","fxa-invalid-email-message":"Įveskite galiojantį el. pašto adresą.","fxa-invalid-password-title":"Neteisingas slaptažodis","fxa-invalid-password-message":"Patikrinkite įvestą slaptažodį ir bandykite dar kartą.","fxa-unknown-error-title":"Prisijungti nepavyko","fxa-unknown-error-message":"Serveris nepasiekiamas. Vėliau bandykite dar kartą.","fxa-connecting":"Jungiamasi","fxa-enter-email-input":{"placeholder":"Įveskite savo el. pašto adresą"},"fxa-use-email-to-sign-in":"Paskyrai susikurti arba prie jos prisijungti pasinaudokite savo el. pašto adresu.","fxa-notice":"Tęsdami, jūs patvirtinate, jog sutinkate su „Firefox“ debesijos {{tos}} ir {{pn}}.","fxa-tos":"Paslaugų teikimo nuostatais","fxa-pn":"Privatumo nuostatais","fxa-create-password-title":"Sugalvokite slaptažodį","fxa-enter-password-title":"Įveskite savo slaptažodį","fxa-hello-user":"Sveiki, {{email}}","fxa-password-refresh":"Jei norite tęsti, įveskite savo „Firefox“ paskyros slaptažodį.","fxa-password":{"placeholder":"Slaptažodis"},"fxa-forgot-your-password":"Pamiršote slaptažodį?","fxa-show-password":"Rodyti slaptažodį","fxa-password-length-requirement":"Slaptažodį turi sudaryti bent 8 simboliai.","fxa-success":"Puiku!","fxa-ready-to-go":"Jūs prisijungėte prie savo „Firefox“ paskyros!","fxa-use-features":"Dabar galite naudotis tokiomis funkcijomis kaip „Find My Device“ tarnyba ir „Firefox“ krautuvės programa.","fxa-access-manage-account-settings":"Ateityje šią paskyrą galite pasiekti ir tvarkyti Nuostatose.","fxa-confirm-account":"Patvirtinkite savo paskyrą","fxa-will-send-email":"Mes išsiųsime laišką adresu: {{email}}","fxa-signup-click-verification-link-in-email":"„Firefox“ paskyrai patvirtinti, spustelėkite laiške atsiųstą patvirtinimo saitą.","fxa-age-verification":"Amžiaus ribojimas","fxa-age-1990-earlier":"1990 ar ankstesni","fxa-year-of-birth":"Jsūų gimimo metai","brandShortName":"B2G OS","browserBrandShortName":"Saityno naršyklė","browserBrandFullName":"„Mozillos“ saityno naršyklė","accessibility-enableScreenReaderSteps":"To enable screen reader, press volume up then volume down buttons three more times","accessibility-disableScreenReaderSteps":"To disable screen reader, press volume up then volume down buttons three more times","accessibility-screenReaderStarted":"Screen reader started","accessibility-screenReaderStopped":"Screen reader stopped","accessibility-menubar":"menu bar","accessibility-scrollbar":"scroll bar","accessibility-grip":"grip","accessibility-alert":"alert","accessibility-menupopup":"menu popup","accessibility-document":"document","accessibility-pane":"pane","accessibility-dialog":"dialog","accessibility-separator":"separator","accessibility-toolbar":"toolbar","accessibility-statusbar":"status bar","accessibility-table":"table","accessibility-columnheader":"column header","accessibility-rowheader":"row header","accessibility-column":"column","accessibility-row":"row","accessibility-cell":"cell","accessibility-link":"link","accessibility-list":"list","accessibility-listitem":"list item","accessibility-outline":"outline","accessibility-outlineitem":"outline item","accessibility-pagetab":"tab","accessibility-propertypage":"property page","accessibility-graphic":"graphic","accessibility-pushbutton":"button","accessibility-checkbutton":"check button","accessibility-radiobutton":"radio button","accessibility-combobox":"combo box","accessibility-progressbar":"progress bar","accessibility-slider":"slider","accessibility-spinbutton":"spin button","accessibility-diagram":"diagram","accessibility-animation":"animation","accessibility-equation":"equation","accessibility-buttonmenu":"button menu","accessibility-whitespace":"white space","accessibility-pagetablist":"tab list","accessibility-canvas":"canvas","accessibility-checkmenuitem":"check menu item","accessibility-label":"label","accessibility-passwordtext":"password text","accessibility-radiomenuitem":"radio menu item","accessibility-textcontainer":"text container","accessibility-togglebutton":"toggle button","accessibility-treetable":"tree table","accessibility-header":"header","accessibility-footer":"footer","accessibility-paragraph":"paragraph","accessibility-entry":"entry","accessibility-caption":"caption","accessibility-heading":"heading","accessibility-section":"section","accessibility-form":"form","accessibility-comboboxlist":"combo box list","accessibility-comboboxoption":"combo box option","accessibility-imagemap":"image map","accessibility-listboxoption":"option","accessibility-listbox":"list box","accessibility-flatequation":"flat equation","accessibility-gridcell":"gridcell","accessibility-note":"note","accessibility-figure":"figure","accessibility-definitionlist":"definition list","accessibility-term":"term","accessibility-definition":"definition","accessibility-textarea":"text area","accessibility-textInputType_date":"date","accessibility-textInputType_email":"e-mail","accessibility-textInputType_search":"search","accessibility-textInputType_tel":"telephone","accessibility-textInputType_url":"URL","accessibility-headingLevel":"heading level {{0}}","accessibility-listStart":"First item","accessibility-listEnd":"Last item","accessibility-listItemsCount":{"_index":["plural","count"],"_":{"zero":"{{count}} items","one":"{{count}} item","two":"{{count}} items","few":"{{count}} items","many":"{{count}} items","other":"{{count}} items"}},"accessibility-objItemOfN":"{{0}} of {{1}}","accessibility-banner":"banner","accessibility-complementary":"complementary","accessibility-contentinfo":"content info","accessibility-main":"main","accessibility-navigation":"navigation","accessibility-search":"search","accessibility-tblColumnInfo":{"_index":["plural","count"],"_":{"zero":"with {{count}} columns","one":"with {{count}} column","two":"with {{count}} columns","few":"with {{count}} columns","many":"with {{count}} columns","other":"with {{count}} columns"}},"accessibility-tblRowInfo":{"_index":["plural","count"],"_":{"zero":"and {{count}} rows","one":"and {{count}} row","two":"and {{count}} rows","few":"and {{count}} rows","many":"and {{count}} rows","other":"and {{count}} rows"}},"accessibility-columnInfo":"Column {{0}}","accessibility-rowInfo":"Row {{0}}","accessibility-spansColumns":{"_index":["plural","0"],"_":{"zero":"spans {{0}} columns","one":"spans {{0}} column","two":"spans {{0}} columns","few":"spans {{0}} columns","many":"spans {{0}} columns","other":"spans {{0}} columns"}},"accessibility-spansRows":{"_index":["plural","0"],"_":{"zero":"spans {{0}} rows","one":"spans {{0}} row","two":"spans {{0}} rows","few":"spans {{0}} rows","many":"spans {{0}} rows","other":"spans {{0}} rows"}},"accessibility-jumpAction":"jumped","accessibility-pressAction":"pressed","accessibility-checkAction":"checked","accessibility-uncheckAction":"unchecked","accessibility-selectAction":"selected","accessibility-unselectAction":"unselected","accessibility-openAction":"opened","accessibility-closeAction":"closed","accessibility-switchAction":"switched","accessibility-clickAction":"clicked","accessibility-collapseAction":"collapsed","accessibility-expandAction":"expanded","accessibility-activateAction":"activated","accessibility-cycleAction":"cycled","accessibility-hidden":"hidden","accessibility-tabLoading":"loading","accessibility-tabLoaded":"loaded","accessibility-tabNew":"new tab","accessibility-tabLoadStopped":"loading stopped","accessibility-tabReload":"reloading","accessibility-stateChecked":"checked","accessibility-stateNotChecked":"not checked","accessibility-statePressed":"pressed","accessibility-stateExpanded":"expanded","accessibility-stateCollapsed":"collapsed","accessibility-stateUnavailable":"unavailable","accessibility-stateRequired":"required","accessibility-stateTraversed":"visited","accessibility-stateHasPopup":"has pop up","accessibility-stateSelected":"selected","accessibility-editingMode":"editing","accessibility-navigationMode":"navigating","accessibility-quicknav_Simple":"Default","accessibility-quicknav_Anchor":"Anchors","accessibility-quicknav_Button":"Buttons","accessibility-quicknav_Combobox":"Combo boxes","accessibility-quicknav_Landmark":"Landmarks","accessibility-quicknav_Entry":"Entries","accessibility-quicknav_FormElement":"Form elements","accessibility-quicknav_Graphic":"Images","accessibility-quicknav_Heading":"Headings","accessibility-quicknav_ListItem":"List items","accessibility-quicknav_Link":"Links","accessibility-quicknav_List":"Lists","accessibility-quicknav_PageTab":"Page tabs","accessibility-quicknav_RadioButton":"Radio buttons","accessibility-quicknav_Separator":"Separators","accessibility-quicknav_Table":"Tables","accessibility-quicknav_Checkbox":"Check boxes","accessibility-menubarAbbr":"menu bar","accessibility-scrollbarAbbr":"scroll bar","accessibility-gripAbbr":"grip","accessibility-alertAbbr":"alert","accessibility-menupopupAbbr":"menu popup","accessibility-documentAbbr":"document","accessibility-paneAbbr":"pane","accessibility-dialogAbbr":"dialog","accessibility-separatorAbbr":"separator","accessibility-toolbarAbbr":"toolbar","accessibility-statusbarAbbr":"status bar","accessibility-tableAbbr":"tbl","accessibility-columnheaderAbbr":"column header","accessibility-rowheaderAbbr":"row header","accessibility-columnAbbr":"column","accessibility-rowAbbr":"row","accessibility-cellAbbr":"cell","accessibility-linkAbbr":"lnk","accessibility-listAbbr":"list","accessibility-listitemAbbr":"list item","accessibility-outlineAbbr":"outline","accessibility-outlineitemAbbr":"outline item","accessibility-pagetabAbbr":"tab","accessibility-propertypageAbbr":"property page","accessibility-graphicAbbr":"graphic","accessibility-pushbuttonAbbr":"btn","accessibility-checkbuttonAbbr":"check button","accessibility-radiobuttonAbbr":"radio button","accessibility-comboboxAbbr":"combo box","accessibility-progressbarAbbr":"progress bar","accessibility-sliderAbbr":"slider","accessibility-spinbuttonAbbr":"spin button","accessibility-diagramAbbr":"diagram","accessibility-animationAbbr":"animation","accessibility-equationAbbr":"equation","accessibility-buttonmenuAbbr":"button menu","accessibility-whitespaceAbbr":"white space","accessibility-pagetablistAbbr":"tab list","accessibility-canvasAbbr":"canvas","accessibility-checkmenuitemAbbr":"check menu item","accessibility-labelAbbr":"label","accessibility-passwordtextAbbr":"passwdtxt","accessibility-radiomenuitemAbbr":"radio menu item","accessibility-textcontainerAbbr":"text container","accessibility-togglebuttonAbbr":"toggle button","accessibility-treetableAbbr":"tree table","accessibility-headerAbbr":"header","accessibility-footerAbbr":"footer","accessibility-paragraphAbbr":"paragraph","accessibility-entryAbbr":"entry","accessibility-captionAbbr":"caption","accessibility-headingAbbr":"heading","accessibility-sectionAbbr":"section","accessibility-formAbbr":"form","accessibility-comboboxlistAbbr":"combo box list","accessibility-comboboxoptionAbbr":"combo box option","accessibility-imagemapAbbr":"imgmap","accessibility-listboxoptionAbbr":"option","accessibility-listboxAbbr":"list box","accessibility-flatequationAbbr":"flat equation","accessibility-gridcellAbbr":"gridcell","accessibility-noteAbbr":"note","accessibility-figureAbbr":"fig","accessibility-definitionlistAbbr":"definition list","accessibility-termAbbr":"term","accessibility-definitionAbbr":"definition","accessibility-textareaAbbr":"txtarea","accessibility-tblColumnInfoAbbr":{"_index":["plural","count"],"_":{"one":"{{count}}c","two":"{{count}}c","few":"{{count}}c","many":"{{count}}c","other":"{{count}}c"}},"accessibility-tblRowInfoAbbr":{"_index":["plural","count"],"_":{"one":"{{count}}r","two":"{{count}}r","few":"{{count}}r","many":"{{count}}r","other":"{{count}}r"}},"accessibility-cellInfoAbbr":"c{{0}}r{{1}}","accessibility-stateCheckedAbbr":"(x)","accessibility-stateUncheckedAbbr":"( )","accessibility-statePressedAbbr":"(x)","accessibility-stateUnpressedAbbr":"( )","ok":"Gerai","back":"Atgal","help":"Žinynas","cancel":"Atsisakyti","close":"Užverti","skip":"Praleisti","clear":{"ariaLabel":"Clear"},"undo":{"ariaLabel":"Atšaukti"},"airplaneMode":"Skrydžio veiksena","searching":"Ieškoma…","noNetwork":"Nerastas tinklas","roaming":"{{operator}} (tarptinklinis ryšys)","operator-info":"{{carrier}} {{region}}","emergencyCallsOnly":"Tik pagalbos skambučiai","emergencyCallsOnly-unknownSIMState":"(nežinoma SIM kortelės būsena)","emergencyCallsOnly-noSIM":"(be SIM kortelės)","emergencyCallsOnly-pinRequired":"(reikalingas SIM PIN kodas)","emergencyCallsOnly-pukRequired":"(reikalingas SIM PUK kodas)","emergencyCallsOnly-networkLocked":"(„pririštas“ prie tinklo)","emergencyCallsOnly-serviceProviderLocked":"(„pririštas“ prie paslaugos teikėjo)","emergencyCallsOnly-corporateLocked":"(„pririštas“ prie įmonės)","emergencyCallsOnly-network1Locked":"(„pririštas“ prie pirmojo tinklo)","emergencyCallsOnly-network2Locked":"(„pririštas“ prie antrojo tinklo)","emergencyCallsOnly-hrpdNetworkLocked":"(HRPD „pririštas“ prie tinklo)","emergencyCallsOnly-ruimCorporateLocked":"(RUIM „pririštas“ prie įmonės)","emergencyCallsOnly-ruimServiceProviderLocked":"(RUIM „pririštas“ prie paslaugos teikėjo)","enterPIN":"Įveskite PIN","mediaPlaybackTitle":{"ariaLabel":"Pavadinimas"},"mediaPlaybackArtist":{"ariaLabel":"Atlikėjas"},"mediaPlaybackControls":{"ariaLabel":"Atkūrimo valdikliai"},"mediaPlaybackPrevious":{"ariaLabel":"Ankstesnis"},"mediaPlaybackPlay":"Groti","mediaPlaybackPause":"Pristabdyti","mediaPlaybackNext":{"ariaLabel":"Kitas"},"wifiButton-on":"Belaidis tinklas įjungtas","wifiButton-on-initializing":"Belaidis tinklas įjungtas (šiuo metu inicijuojamas)","wifiButton-off":"Belaidis tinklas išjungtas","dataButton-on":"Duomenų ryšys ({{type}}) įjungtas","dataButton-off":"Duomenų ryšys ({{type}}) išjungtas","bluetoothButton-on":"„Bluetooth“ ryšys įjungtas","bluetoothButton-on-initializing":"„Bluetooth“ ryšys įjungtas (šiuo metu inicijuojamas)","bluetoothButton-off":"„Bluetooth“ ryšys išjungtas","airplaneMode-on":"Skrydžio veiksena įgalinta","airplaneMode-off":"Skrydžio veiksena išjungta","settingsButton":{"ariaLabel":"Nuostatos"},"utilityTrayGrippy":{"ariaLabel":"Užverti įrankinę"},"statusbarLabel":"{{date}}, {{operator}}","statusbarDateFormat":"%b %e","statusbar":{"ariaLabel":"Būsenos juosta"},"statusbarBattery":"Akumuliatoriaus įkrova: {{level}} proc.","statusbarBatteryCharging":"Akumuliatorius kraunamas, esama įkrova: {{level}} proc.","statusbarFlightMode":{"ariaLabel":"Įgalinta skrydžio veiksena"},"statusbarWiFiConnecting":"Belaidis tinklas: jungiamasi","statusbarWiFiConnected":"Belaidis tinklas: {{level}} iš keturių padalų","statusbarSignal":"Tinklas: „{{operator}}“, {{level}} iš penkių padalų","statusbarSignalRoaming":"Tinklas: „{{operator}}“ (naudojamas tarptinklinis ryšys), {{level}} iš penkių padalų","statusbarSignalNoneSearching":"Ieškoma… Tik pagalbos skambučiai","statusbarHeadphones":{"ariaLabel":"Prijungtos ausinės"},"statusbarBluetoothHeadphones":{"ariaLabel":"Prijungtos „Bluetooth“ ausinės"},"statusbarBluetoothTransferring":{"ariaLabel":"Vykdomas „Bluetooth“ failo perdavimas"},"statusbarIconOn-tethering":"Internetas bendrinamas","statusbarIconOnActive-tethering":"Internetas bendrinamas, ryšys aktyvus","statusbarAlarm":{"ariaLabel":"Suplanuotas signalas"},"statusbarIconOn-bluetooth":"Įjungtas „Bluetooth“ ryšys","statusbarIconOnActive-bluetooth":"Įjungtas ir naudojamas „Bluetooth“ ryšys","statusbarIconOn-mute":"Garsas išjungtas","statusbarIconOn-vibration":"Vibravimas įjungtas","statusbarRecording":{"ariaLabel":"Įrašomas garsas"},"statusbarGeolocation":{"ariaLabel":"Įjungtas geolokavimas"},"statusbarUsb":{"ariaLabel":"Įjungtas USB"},"statusbarForwarding":"Įgalintas skambučių nukreipimas","statusbarPlaying":{"ariaLabel":"Atkuriamas vaizdo arba garso įrašas"},"statusbarNfc":{"ariaLabel":"NFC ryšys įjungtas"},"statusbarDownloads":{"ariaLabel":"Parsiunčiama…"},"statusbarNetworkActivity":{"ariaLabel":"Naudojamas tinklas"},"statusbarEmergencyCBNotification":{"ariaLabel":"Įgalinta grįžtamojo pagalbos skambučio veiksena"},"statusbarNotifications":{"_index":["plural","n"],"_":{"one":"{{n}} pranešimas","two":"{{n}} pranešimai","few":"{{n}} pranešimai","many":"{{n}} pranešimų","other":"{{n}} pranešimų"}},"statusbarNotifications-unread":{"_index":["plural","n"],"_":{"one":"{{n}} neskaitytas pranešimas","two":"{{n}} neskaityti pranešimai","few":"{{n}} neskaityti pranešimai","many":"{{n}} neskaitytų pranešimų","other":"{{n}} neskaitytų pranešimų"}},"notifications":"Pranešimai","clear-all":"Išvalyti","attentionScreen-tapToShow":"Bakstelėkite pamatyti","newVoicemails":{"_index":["plural","n"],"_":{"zero":"Balso pranešimų nėra","one":"{{n}} balso pranešimas","two":"{{n}} balso pranešimai","few":"{{n}} pašto pranešimai","many":"{{n}} balso pranešimų","other":"{{n}} balso pranešimų"}},"newVoicemailsUnknown":"Yra balso pranešimų","dialNumber":"Skambinti {{number}}","voicemailNotificationMultiSim":"(SIM {{n}}) {{title}}","confirmNFCConnectBTenabledNameUnknown":"Ar prisijungti prie įrenginio?","confirmNFCConnectBTdisabledNameUnknown":"Ar įjungti „Bluetooth“ ir prisijungti prie įrenginio?","confirmNFCConnectBTenabledNameKnown":"Ar prisijungti prir įrenginio „{{deviceName}}“?","confirmNFCConnectBTdisabledNameKnown":"Ar įjungti „Bluetooth“ ir prisijungti prie įrenginio „{{deviceName}}“?","confirmNFCConnectBTdisabled":"Įjungti","dismissNFCConnectBTdisabled":"Atsisakyti","confirmation":"Patvirtinimas","deviceMenu":"Telefonas","airplane":"Įgalinti skrydžio veikseną","airplaneOff":"Išjungti skrydžio veikseną","silent":"Nutildyti skambučius","normal":"Grąžinti skambėjimo garsą","restart":"Perleisti","power":"Išjungti","no-recent-apps":"Paskiausiai naudotų programų nėra","yes":"Taip","no":"Ne","dontallow":"Neleisti","allow":"Leisti","dontshare-geolocation":"Neatskleisti","share-geolocation":"Atskleisti","dontshare-audio-capture":"Neleisti","share-audio-capture":"Leisti","dontshare-video-capture":"Neleisti","share-video-capture":"Leisti","dontshare-media-capture":"Neleisti","share-media-capture":"Leisti","device-front":"Kamera priekyje","device-back":"Kamera nugarėlėje","remember-my-choice":"Įsiminti pasirinkimą","more-info":"Išsamiau…","hide-info":"Glausčiau","install-app":"Įdiegti „{{name}}“?","size":"Dydis","author":"Autorius","size-unknown":"nežinomas","author-unknown":"nežinomas","install":"Įdiegti","bytes":"B","kB":"KB","MB":"MB","GB":"GB","TB":"TB","PB":"PB","app-install-generic-error":"„{{ appName }}“ siuntimas sustojo","app-install-download-failed":"Parsiųsti „{{ appName }}“ nepavyko","app-install-install-failed":"Įdiegti „{{ appName }}“ nepavyko","cancelling-will-not-refund":"Nutraukus diegimą, už programą sumokėta suma nebus grąžinta. Grąžinimus už mokamą turinį vykdo pirminiai pardavėjai.","apps-can-be-installed-later":"Programas iš pirminio šaltinio galima įdiegti ir vėliau.","are-you-sure-you-want-to-cancel":"Ar tikrai norite nutraukti šį diegimą?","cancel-install":"Nutraukti diegimą","cancel-install-button":"Nutraukti diegimą","resume":"Tęsti","continue":"Tęsti","stopDownloading":"Nutraukti „{{ app }}“ parsiuntimą?","app-download-can-be-restarted":"Parsiuntimą galima pradėti iš naujo vėliau.","app-download-stop-button":"Nutraukti parsiuntimą","not-enough-space":"Nepakanka vietos","not-enough-space-message":"Šiai programai įdiegti nepakanka vietos. Atlaisvinkite vietos, pašalindami nebenaudojamas programas, garso, ar vaizdo įrašus, ir iš naujo bandykite įdiegti programą iš pirminio šaltinio.","app-install-success":"Programa „{{ appName }}“ įdiegta","setup":"Diegimas","ime-addkeyboards":"Pridėti klaviatūrų","later":"Vėliau","download":"Parsiųsti","wantToDownload":"Parsiųsti atnaujinimą dabar?","wantToInstall":"Įdiegti atnaujinimą dabar?","installNow":"Įdiegti","notNow":"Ne dabar","downloadingUpdateMessage":{"innerHTML":"Parsiunčiami naujinimai… <span>Parsiųsta {{ progress }}.</span>"},"downloadingAppMessage":"Parsiunčiama „{{ appName }}“","downloadingAppProgressNoMax":"Parsiųsta {{ progress }}","downloadingAppProgressIndeterminate":"Parsiunčiama","downloadingAppProgress":"Parsiųsta {{ progress }} iš {{ max }}","cancelAllDownloads":"Nutraukti visus parsiuntimus","wantToCancelAll":"Ar tikrai norite nutraukti visus parsiuntimus?","downloadError":"Parsiunčiant naujinimus, įvyko klaida.","updateAvailableInfo":{"innerHTML":{"_index":["plural","n"],"_":{"one":"Yra {{ n }} naujinimas. <span>Bakstelėkite išsamesnei informacijai.</span>","two":"Yra {{ n }} naujinimai. <span>Bakstelėkite išsamesnei informacijai.</span>","few":"Yra {{ n }} naujinimai. <span>Bakstelėkite išsamesnei informacijai.</span>","many":"Yra {{ n }} naujinimų. <span>Bakstelėkite išsamesnei informacijai.</span>","other":"Yra {{ n }} naujinimų. <span>Bakstelėkite išsamesnei informacijai.</span>"}}},"numberOfUpdates":{"_index":["plural","n"],"_":{"one":"Yra {{ n }} naujinimas","two":"Yra {{ n }} naujinimai","few":"Yra {{ n }} naujinimai","many":"Yra {{ n }} naujinimų","other":"Yra {{ n }} naujinimų"}},"systemUpdate":"Sistemos naujinimas","systemUpdateReady":"Parengtas sistemos naujinimas","systemUpdateLowBatteryThreshold":"You need at least {{ threshold }}% battery level to install the update.","required":"Būtinas","uncompressingMessage":{"innerHTML":"Išskleidžiama… <span>Tai gali trukti keletą minučių.</span>"},"downloadNoWifiWarning":"Belaidis tinklas nepasiekiamas. Parsiunčiant naujinimus esamu ryšiu, gali būti taikomi papildomi mokesčiai.","downloadOfflineWarning":"Neprisijungta prie jokio ryšio. Norint siųsti naujinimus, būtina prisijungti.","downloadDataConnectionWarning":"Kai belaidis tinklas nepasiekiamas, naujinimai siunčiami mobiliuoju ryšiu. Tokiu atveju gali būti taikomi papildomi mokesčiai už duomenų perdavimą.","downloadUpdatesViaDataConnection":"Ar siųsti naujinimus mobiliuoju ryšiu?","downloadUpdatesViaDataConnectionMessage":"Kai belaidis tinklas nepasiekiamas, naujinimai siunčiami mobiliuoju ryšiu. Naudojant mobilųjį ryšį, gali būti blokuojami skambučiai ir taikomi papildomi mokesčiai.","downloadUpdatesVia2GForbidden2":"Downloading updates is not possible on slow connections (2G). Please connect via Wi-Fi or 3G (if available) and try again.","screenshotSaved":"Ekrano nuotrauka įrašyta","screenshotFailed":"Ekr. nuotrauka neįrašyta","screenshotNoSDCard":"Atminties kortelė neaptikta","screenshotSDCardInUse":"Atminties kortelė naudojama","screenshotSDCardLow":"Atminties kortelėje nepakanka vietos","emergency-call-button":"Pagalbos skambutis","emergency-call":"Pagalbos skambutis","unlock-a11y-button":{"ariaLabel":"Atrakinti"},"camera-a11y-button":{"ariaLabel":"Kamera"},"longDateFormat":"%A, %Eb %e d.","panel-passcode":{"ariaLabel":"Saugos kodo skydelis"},"lockscreen-sim-id":"SIM {{ n }}","softwareHomeButton":{"ariaLabel":"Pradžia"},"login":"Prisijungti","username":"Abonento vardas","password":"Slaptažodis","http-authentication-message":"Serveris {{host}} reikalauja abonento vardo ir slaptažodžio. Serverio pranešimas: „{{realm}}“","error-message":"Nepavyksta įkelti {{name}}","error-title":"Problema su {{name}}","airplane-is-on":"Įgalinta skrydžio veiksena","airplane-is-turned-on":"Prisijungimui prie {{name}} būtinas tinklo ryšys. Nuostatose išjunkite skrydžio veikseną ir prisijunkite prie belaidžio tinklo arba mobiliojo duomenų ryšio.","server-not-found":"Serveris nerastas","server-not-found-error":"Serverio {{name}} rasti nepavyko.","file-not-found":"Failas nerastas","file-not-found-error":"Šio tinklalapio nepavyko atvaizduoti, nes failas nerastas.","connection-failed":"Nepavyko prisijungti","connection-failed-error":"Bandant susisiekti su svetaine, iškilo tinklo nesklandumų.","invalid-connection":"Nepavyko prisijungti","invalid-connection-error":"Bandant susisiekti su svetaine, iškilo tinklo nesklandumų.","malformed-uri":"Adresas neteisingas","malformed-uri-error":"Įvestasis URL adresas yra neteisingas ir negali būti atvertas.","redirect-loop":"Tinklalapio atvaizduoti nepavyko","redirect-loop-error":"Šio tinklalapio nepavyko atvaizduoti, nes jis netinkamai peradresuoja užklausas. Pabandykite prie jo jungtis vėliau.","not-cached":"Tinklalapis nebegalioja","not-cached-error":"Saugumo sumetimais šis tinklalapis nebebus atvaizduotas, nes jo galiojimas baigėsi.","is-printing-error":"Dokumentas negali būtų keičiamas spausdinimo ar spaudinio peržiūros metu.","denied-port-access":"Šis adresas draudžiamas","denied-port-access-error":"Šiame adrese nurodytas tinklo prievadas, kuris paprastai naudojamas kitiems reikalams, o ne naršymui. Saugumo sumetimais ši užklausa neįvykdyta.","proxy-resolve-failure":"Įgaliotojo serverio klaida","proxy-resolve-failure-error":"Įrenginys sukonfigūruotas naudoti tarpinį serverį, kurio rasti nepavyko.","proxy-connect-failure":"Įgaliotojo serverio klaida","proxy-connect-failure-error":"Įrenginys sukonfigūruotas naudoti tarpinį serverį, kuris atmeta bandomus užmegzti ryšius.","content-encoding":"Tinklalapio atvaizduoti nepavyko","content-encoding-error":"Šis tinklalapis neatvaizduotas dėl glaudinimo klaidos.","remote-xul":"Tinklalapis negalimas","remote-xul-error":"Šis tinklalapis neatvaizduotas, nes jame naudojama šiame įrenginyje nepalaikoma technologija.","phishing-blocked":"Įspėjimas","phishing-blocked-error":"Yra pranešta, jog ši svetainė siekia apgaulės būdu iš lankytojų išvilioti jų asmeninius ar finansinius duomenis.","malware-blocked":"Kenkėjiškas tinklalapis užblokuotas","malware-blocked-error":"Yra pranešta, jog šis tinklalapis yra kenkėjiškas, tad jis užblokuotas.","unsafe-content-type":"Nesaugus turinys","unsafe-content-type-error":"Šis tinklalapis neatvaizduotas, nes jis gali būti nesaugus.","corrupted-content":"Tinklalapio atvaizduoti nepavyko","corrupted-content-error":"Šis tinklalapis neatvaizduotas dėl aptiktos duomenų perdavimo klaidos.","network-connection-unavailable":"Nėra tinklo ryšio","network-error":"Programai „{{name}}“ būtinas tinklo ryšys. Pabandykite prisijungti prie belaidžio tinklo arba mobiliojo duomenų ryšio.","network-error-launching":"Programai „{{name}}“ būtinas interneto ryšys.","network-error-in-app":"Šiuo metu internetas nepasiekiamas.","unable-to-connect":"Nepavyko prisijungti","try-again":"Bandyti vėl","check-settings":"Patikrinti nuostatas","tap-to-check-settings":"Bakstelėkite nuostatoms patikrinti","select-time":"Pasirinkite laiką","choose-option":"Pasirinkite","choose-options":"Pasirinkite","select-day":"Pasirinkite dieną","battery-almost-empty":"Baterija beveik išsikrovė","add-to-home-screen":"Įtraukti į Pradžios ekraną","share":"Dalintis","crash-dialog2-os":"„{{brandShortName}}“ ką tik buvo strigusi","crash-dialog-app":"Programa „{{name}}“ ką tik strigo","crash-dialog-message":"Ar norėtumėte išsiųsti „Mozillai“ pranešimą apie šią strigtį ir padėti pašalinti šią problemą? Strigčių pranešimai siunčiami tik belaidžiu ryšiu.","crash-info-link":"Kas patenka į strigties pranešimą?","crash-always-report":"Visada siųsti strigčių pranešimus „Mozillai“.","crash-dont-send":"Nesiųsti","crash-end":"Siųsti pranešimą","crashReports":"Strigčių pranešimai","done":"Baigta","crash-reports-description-1":"Strigties pranešimą sudaro tam tikri duomenys apie įvykusią strigtį ir jūsų įrenginį, o taip pat įrenginio būsenos strigties akimirką atvaizdis.","crash-reports-description-2":"Ši informacija gali aprėpti tokius dalykus kaip atverti tinklalapiai ir programos, į formų laukus įvestas tekstas, atvertų pranešimų turinys, paskiausia naršymo istorija ir atvertos programos naudoti duomenys apie gepgrafinę vietą.","crash-reports-description-3-start":"Strigčių pranešimais mes naudojamės aptikdami ir taisydami klaidas, pasitaikančias mūsų produktuose. Kaip mes elgiamės su jūsų pateikta informacija, aprašyta mūsų ","crash-reports-description-3-privacy":"privatumo nuostatuose","crash-reports-description-3-end":".","crash-banner-os2":"„{{brandShortName}}“ ką tik buvo strigusi.","crash-banner-app":"Programa „{{name}}“ ką tik strigo.","crash-banner-report":"Pranešti","bluetooth-sending-progress":"Per „Bluetooth“ siunčiamas failas…","bluetooth-receiving-progress":"Per „Bluetooth“ priimamas failas…","acceptFileTransfer":"Priimti failą per „Bluetooth“?","wantToReceiveFile":"Įrenginys „{{deviceName}}“ bando perduoti failą {{fileName}} ({{fileSize}}).","transfer-confirmation-title":"{{deviceName}}","transfer-confirmation-description":"Peržiūrėti siuntimo užklausą.","byteUnit-B":"B","byteUnit-KB":"KB","byteUnit-MB":"MB","byteUnit-GB":"GB","byteUnit-TB":"TB","byteUnit-PB":"PB","byteUnit-EB":"EB","byteUnit-ZB":"ZB","byteUnit-YB":"YB","fileSize":"{{size}} {{unit}}","deny":"Nepriimti","transfer":"Priimti","cancelFileTransfer":"Nutraukti failo siuntimą per „Bluetooth“?","continueFileTransfer":"Tęsti","transfer-has-started-title":"Siuntimas pradėtas","transfer-has-started-description":"Jo eigą galite stebėti Pranešimų centre","transferFinished-sentSuccessful-title":"Failas išsiųstas","transferFinished-receivedSuccessful-title":"Failas priimtas","transferFinished-sentFailed-title":"Failo išsiųsti nepavyko","transferFinished-receivedFailed-title":"Failo priimti nepavyko","transferReport-title":"Siuntimų ataskaita:","transferReport-description":"{{numSuccessful}} f. pavyko, {{numUnsuccessful}} f. nepavyko","unknown-file":"Nežinomas failas","unknown-device":"Nežinomas įrenginys","cannotOpenFile":"Nepavyko atverti priimtojo failo","unknownMediaTypeToOpen":"Nepavyko atverti nežinomo medijos tipo:","cannotReceiveFile":"Nepavyksta priimti failo","cannotGetStorageState":"Nepavyksta sužinoti įrenginio atmintinės būklės.","sdcard-not-exist2":"Nerasta atminties kortelė. Įdėkite atminties kortelę.","sdcard-in-use":"Kol šis įrenginys prijungtas prie kito, „Bluetooth“ ryšiu priimti failų negalima. Jeigu norite priimti failą (-us), atjunkite šį įrenginį nuo kitų.","sdcard-no-space2":"Nepavyko priimti failo – atminties kortelė pilna.","unknown-error":"Nežinoma klaida","confirm":"Patvirtinkite","microphone-is-on":"Mikrofonas įjungtas","camera-is-on":"Kamera įjungta","media-is-on":"Kamera ir mikrofonas įjungti","noSimCard":"Nėra SIM kortelės","simPin":"SIM PIN kodas","pukCode":"PUK kodas","nckCode":"NCK kodas","cckCode":"CCK kodas","spckCode":"SPCK kodas","nck1code":"NCK1 kodas","nck2code":"NCK2 kodas","hnckcode":"HNCK kodas","rcckcode":"RCCK kodas","rspckcode":"RSPCK kodas","whatIsSimPin":"Kas yra SIM PIN kodas?","simPinIntro1":"SIM PIN kodas apsaugo SIM kortelę nuo nesankcionuoto panaudojimo. Kai šio kodo reikalavimas įjungtas, bet kuris įrenginys, į kurį įdėsite SIM kortelę, įjungimo metu reikalaus įvesti PIN kodą.","simPinIntro2":"SIM PIN kodas yra ne tas pats, kas įrenginio atrakinimo kodas.","changeSimPin":"Keisti PIN kodą","pinTitle":"Įveskite SIM PIN kodą","multiSIMpinTitle":"Įveskite SIM {{n}} PIN kodą","pukTitle":"Įveskite PUK kodą","nckTitle":"Įveskite NCK kodą","cckTitle":"Įveskite CCK kodą","spckTitle":"Įveskite SPCK kodą","nck1Title":"Įveskite NCK1 kodą","nck2Title":"Įveskite NCK2 kodą","hnckTitle":"Įveskite HNCK kodą","rcckTitle":"Įveskite RCCK kodą","rspckTitle":"Įveskite RSPCK kodą","newpinTitle":"Naujas PIN kodas","inputCodeRetriesLeft":{"_index":["plural","n"],"_":{"one":"Paskutinis bandymas.","two":"Liko {{n}} bandymai.","few":"Liko {{n}} bandymai.","many":"Liko {{n}} bandymų.","other":"Liko {{n}} bandymų."}},"pinErrorMsg":"Įvestas neteisingas PIN kodas.","pinAttemptMsg2":{"_index":["plural","n"],"_":{"one":"Jums liko {{n}} bandymas įvesti teisingą PIN kodą. Jeigu suklysite, SIM kortelė užsirakins.","two":"Jums liko {{n}} bandymai įvesti teisingą PIN kodą. Jeigu jie bus nesėkmingi, SIM kortelė užsirakins.","few":"Jums liko {{n}} bandymai įvesti teisingą PIN kodą. Jeigu jie bus nesėkmingi, SIM kortelė užsirakins.","many":"Jums liko {{n}} bandymų įvesti teisingą PIN kodą. Jeigu jie bus nesėkmingi, SIM kortelė užsirakins","other":"Jums liko {{n}} bandymų įvesti teisingą PIN kodą. Jeigu jie bus nesėkmingi, SIM kortelė užsirakins."}},"pinLastChanceMsg":"Tai – paskutinė galimybė įvesti teisingą PIN kodą. Jeigu dabar suklysite, norėdami toliau naudotis šia SIM kortele, turėsite įvesti jos PUK kodą.","simCardLockedMsg":"SIM kortelė užrakinta.","enterPukMsg":"Privalote įvesti šios SIM kortelės PUK kodą. Išsamesnės informacijos apie jį ieškokite kortelės dokumentacijoje arba susisiekę su savo mobiliojo ryšio operatoriumi.","pukErrorMsg":"PUK kodas neteisingas.","pukAttemptMsg2":{"_index":["plural","n"],"_":{"one":"Jums liko {{n}} bandymas įvesti teisingą PUK kodą. Jeigu suklysite, SIM kortelė užsiblokuos visam laikui. Daugiau informacijos apie PUK kodą ieškokite kortelės dokumentacijoje arba susisiekę su savo mobiliojo ryšio operatoriumi.","two":"Jums liko {{n}} bandymai įvesti teisingą PUK kodą. Jeigu jie bus nesėkmingi, SIM kortelė užsiblokuos visam laikui. Daugiau informacijos apie PUK kodą ieškokite kortelės dokumentacijoje arba susisiekę su savo mobiliojo ryšio operatoriumi.","few":"Jums liko {{n}} bandymai įvesti teisingą PUK kodą. Jeigu jie bus nesėkmingi, SIM kortelė užsiblokuos visam laikui. Daugiau informacijos apie PUK kodą ieškokite kortelės dokumentacijoje arba susisiekę su savo mobiliojo ryšio operatoriumi.","many":"Jums liko {{n}} bandymų įvesti teisingą PUK kodą. Jeigu jie bus nesėkmingi, SIM kortelė užsiblokuos visam laikui. Daugiau informacijos apie PUK kodą ieškokite kortelės dokumentacijoje arba susisiekę su savo mobiliojo ryšio operatoriumi.","other":"Jums liko {{n}} bandymų įvesti teisingą PUK kodą. Jeigu jie bus nesėkmingi, SIM kortelė užsiblokuos visam laikui. Daugiau informacijos apie PUK kodą ieškokite kortelės dokumentacijoje arba susisiekę su savo mobiliojo ryšio operatoriumi."}},"pukLastChanceMsg":"Tai – paskutinė galimybė įvesti teisingą PUK kodą. Jeigu dabar suklysite, jūsų SIM kortelė negrįžtamai užsiblokuos. Daugiau informacijos apie PUK kodą ieškokite kortelės dokumentacijoje arba susisiekę su savo mobiliojo ryšio operatoriumi.","newSimPinMsg":"Įveskite naująjį PIN kodą (4–8 skaitmenis)","confirmNewSimPinMsg":"Patvirtinkite naująjį PIN kodą","newPinErrorMsg":"Įvesti PIN kodai nesutampa","nckErrorMsg":"NCK kodas neteisingas.","nckAttemptMsg2":{"_index":["plural","n"],"_":{"one":"Įrenginio „atrišti“ nuo tinklo nepavyko. Jums liko {{n}} bandymas įvesti teisingą NCK kodą. Daugiau informacijos apie šį kodą ieškokite įrenginio dokumentacijoje arba susisiekę su savo mobiliojo ryšio operatoriumi.","two":"Įrenginio „atrišti“ nuo tinklo nepavyko. Jums liko {{n}} bandymai įvesti teisingą NCK kodą. Daugiau informacijos apie šį kodą ieškokite įrenginio dokumentacijoje arba susisiekę su savo mobiliojo ryšio operatoriumi.","few":"Įrenginio „atrišti“ nuo tinklo nepavyko. Jums liko {{n}} bandymai įvesti teisingą NCK kodą. Daugiau informacijos apie šį kodą ieškokite įrenginio dokumentacijoje arba susisiekę su savo mobiliojo ryšio operatoriumi.","many":"Įrenginio „atrišti“ nuo tinklo nepavyko. Jums liko {{n}} bandymų įvesti teisingą NCK kodą. Daugiau informacijos apie šį kodą ieškokite įrenginio dokumentacijoje arba susisiekę su savo mobiliojo ryšio operatoriumi.","other":"Įrenginio „atrišti“ nuo tinklo nepavyko. Jums liko {{n}} bandymų įvesti teisingą NCK kodą. Daugiau informacijos apie šį kodą ieškokite įrenginio dokumentacijoje arba susisiekę su savo mobiliojo ryšio operatoriumi."}},"nckLastChanceMsg":"Įrenginio „atrišti“ nuo tinklo nepavyko. Jums liko paskutinis bandymas įvesti teisingą NCK kodą. Daugiau informacijos apie šį kodą ieškokite įrenginio dokumentacijoje arba susisiekę su savo mobiliojo ryšio operatoriumi.","activity-pick":"Pasirinkite iš:","activity-view":"Peržiūrėti naudojant:","activity-test":"Išbandyti naudojant:","activity-share":"Dalintis naudojant:","activity-new":"Kurti naudojant:","activity-open":"Atverti naudojant:","activity-save-bookmark":"Pridėti žymę į:","activity-record":"Įrašyti iš:","activity-browse":"Naršyti naudojant:","activity-configure":"Konfigūruoti naudojant:","activity-dial":"Skambinti naudojant:","persona-signin":"Prisijungti","payment-flow":"Pirkti","remoteDebuggerMessage":"Gauta užklausa leisti nuotolinį derinimą. Ar leisti užmegzti šį ryšį?","fullscreen-request":"{{origin}} rodoma visame ekrane.","captive-wifi-available":"Aptiktas tinklas „{{networkName}}“. Ar jungtis prie jo?","ceWarningtitle":"Įspėjimas apie garsį","ceWarningcontent":"Kad išvengtumėte galimų klausos sutrikimų, neklausykite muzikos dideliu garsu ilgai.","notification-powersaving-mode-on-title":"Energijos taupymo veiksena","notification-powersaving-mode-on-description":"Energijos taupymo veiksena įgalinta.","low-device-storage":"Įrenginyje liko mažai laisvos vietos.\\n","free-space":{"_index":["plural","value"],"_":{"zero":"Neliko laisvos vietos.","one":"Liko mažiau nei {{value}} {{unit}} laisvos vietos.","two":"Liko mažiau nei {{value}} {{unit}} laisvos vietos.","few":"Liko mažiau nei {{value}} {{unit}} laisvos vietos.","many":"Liko mažiau nei {{value}} {{unit}} laisvos vietos.","other":"Liko mažiau nei {{value}} {{unit}} laisvos vietos."}},"unknown-free-space":"Likusios laisvos vietos kiekis nežinomas.","system-alert":"Tinklo pranešimas","cb-channel":"Kanalas Nr. {{channel}}","cb-etws-warningType-earthquake":"Perspėjimas apie žemės drebėjimą!","cb-etws-warningType-tsunami":"Perspėjimas apie cunamį!","cb-etws-warningType-earthquake-tsunami":"Perspėjimas apie žemės drebėjimą ir cunamį!","cb-etws-warningType-test":"Tikrinama perspėjimų sistema.","cb-etws-warningType-other":"Perspėjimas apie grėsmę!","icc-message-maintitle":"Operator message","icc-message-subtitle":"SIM {{id}}","icc-confirmCall-defaultmessage":"Skambinti {{number}}?","icc-alertMessage-defaultmessage":"Siunčiamas pranešimas","icc-confirmMessage-defaultmessage":"Siųsti pranešimą?","icc-inputbox-maintitle":"STK Query","icc-inputbox-subtitle":"SIM {{id}}","emergency-callback-mode":"Grįžtamojo pagalbos skambučio veiksena","emergency-callback-message":"Skambinti, siųsti žinučių ar jungtis prie interneto šiuo metu negalite, nes įgalinta grįžtamojo pagalbos skambučio veiksena. Ar norite šią veikseną išjungti?","cdma-record-info":"CDMA įrašų informacija","ime-switching-title":"{{appName}}: {{name}}","ime-switching-tip":"Bakstelėkite įvesties metodui pakeisti","shrinking-tip":"Perbraukite dalijimuisi","download_started":"Parsiuntimas pradėtas","download_stopped":"Parsiuntimas sustabdytas","download_downloading":"Parsiunčiama…","download_succeeded":"Parsiuntimas baigtas","download_failed":"Parsiuntimas nepavyko","download_text_by_default":"{{name}}","download_downloading_text_2":"{{percentage}}% – {{name}}","search-or-enter-address":{"_":"Ieškokite arba įveskite adresą","placeholder":"Ieškokite arba įveskite adresą"},"noSIMCardInHotspot":"SIM kortelė neįdėta arba įdėta neteisingai. Išjunkite belaidžio tinklo prieigos tašką","noHopspotWhenAPMisOn":"IŠjunkite skrydžio veikseną, jeigu norite naudoti šį įrenginį kaip belaidės prieigos tašką","apmActivated":"Įgalinta skrydžio veiksena","open-in-new-tab":"Atverti saitą naujoje kortelėje","add-link-to-home-screen":"Pridėti saitą į pradžios ekraną","share-link":"Dalintis saitu","save-image":"Įrašyti paveikslą","save-video":"Įrašyti vaizdą","save-audio":"Įrašyti garsą","save-link":"Save linked file","share-image":"Share Image","share-video":"Share Video","share-audio":"Share Audio","weekday-0-long":"Sekmadienis","weekday-1-long":"Pirmadienis","weekday-2-long":"Antradienis","weekday-3-long":"Trečiadienis","weekday-4-long":"Ketvirtadienis","weekday-5-long":"Penktadienis","weekday-6-long":"Šeštadienis","weekday-0-short":"Sk","weekday-1-short":"Pr","weekday-2-short":"An","weekday-3-short":"Tr","weekday-4-short":"Kt","weekday-5-short":"Pn","weekday-6-short":"Št","month-0-long":"sausis","month-1-long":"vasaris","month-2-long":"kovas","month-3-long":"balandis","month-4-long":"gegužė","month-5-long":"birželis","month-6-long":"liepa","month-7-long":"rugpjūtis","month-8-long":"rugsėjis","month-9-long":"spalis","month-10-long":"lapkritis","month-11-long":"gruodis","month-0-genitive":"sausio","month-1-genitive":"vasario","month-2-genitive":"kovo","month-3-genitive":"balandžio","month-4-genitive":"gegužės","month-5-genitive":"birželio","month-6-genitive":"liepos","month-7-genitive":"rugpjūčio","month-8-genitive":"rugsėjo","month-9-genitive":"spalio","month-10-genitive":"lapkričio","month-11-genitive":"gruodžio","month-0-short":"Sau","month-1-short":"Vas","month-2-short":"Kov","month-3-short":"Bal","month-4-short":"Geg","month-5-short":"Bir","month-6-short":"Lie","month-7-short":"Rgp","month-8-short":"Rgs","month-9-short":"Spa","month-10-short":"Lap","month-11-short":"Grd","minutes-ago-long":{"_index":["plural","value"],"_":{"zero":"ką tik","one":"prieš {{value}} minutę","two":"prieš {{value}} minutes","few":"prieš {{value}} minutes","many":"prieš {{value}} minučių","other":"prieš {{value}} minučių"}},"hours-ago-long":{"_index":["plural","value"],"_":{"zero":"ką tik","one":"prieš {{value}} valandą","two":"prieš {{value}} valandas","few":"prieš {{value}} valandas","many":"prieš {{value}} valandų","other":"prieš {{value}} valandų"}},"days-ago-long":{"_index":["plural","value"],"_":{"zero":"šiandien","one":"vakar","two":"prieš {{value}} dienas","few":"prieš {{value}} dienas","many":"prieš {{value}} dienų","other":"prieš {{value}} dienų"}},"weeks-ago-long":{"_index":["plural","value"],"_":{"zero":"šią savaitę","one":"praėjusią savaitę","two":"prieš {{value}} savaites","few":"prieš {{value}} savaites","many":"prieš {{value}} savaičių","other":"prieš {{value}} savaičių"}},"months-ago-long":{"_index":["plural","value"],"_":{"zero":"šį mėnesį","one":"praėjusį mėnesį","two":"prieš {{value}} mėnesius","few":"prieš {{value}} mėnesius","many":"prieš {{value}} mėnesių","other":"prieš {{value}} mėnesių"}},"years-ago-long":{"_index":["plural","value"],"_":{"zero":"šiemet","one":"prieš {{value}} metus","two":"prieš {{value}} metus","few":"prieš {{value}} metus","many":"prieš {{value}} metų","other":"prieš {{value}} metų"}},"minutes-until-long":{"_index":["plural","value"],"_":{"zero":"dabar","one":"už {{value}} minutės","two":"už {{value}} minučių","few":"už {{value}} minučių","many":"už {{value}} minučių","other":"už {{value}} minučių"}},"hours-until-long":{"_index":["plural","value"],"_":{"zero":"dabar","one":"už {{value}} valandos","two":"už {{value}} valandų","few":"už {{value}} valandų","many":"už {{value}} valandų","other":"už {{value}} valandų"}},"days-until-long":{"_index":["plural","value"],"_":{"zero":"šiandien","one":"rytoj","two":"už {{value}} dienų","few":"už {{value}} dienų","many":"už {{value}} dienų","other":"už {{value}} dienų"}},"weeks-until-long":{"_index":["plural","value"],"_":{"zero":"šią savaitę","one":"kitą savaitę","two":"už {{value}} savaičių","few":"už {{value}} savaičių","many":"už {{value}} savaičių","other":"už {{value}} savaičių"}},"months-until-long":{"_index":["plural","value"],"_":{"zero":"šį mėnesį","one":"kitą mėnesį","two":"už {{value}} mėnesių","few":"už {{value}} mėnesių","many":"už {{value}} mėnesių","other":"už {{value}} mėnesių"}},"years-until-long":{"_index":["plural","value"],"_":{"zero":"šiemet","one":"kitais metais","two":"už {{value}} metų","few":"už {{value}} metų","many":"už {{value}} metų","other":"už {{value}} metų"}},"minutes-ago-short":{"_index":["plural","value"],"_":{"zero":"ką tik","other":"prieš {{value}} min."}},"hours-ago-short":{"_index":["plural","value"],"_":{"zero":"ką tik","other":"prieš {{value}} val."}},"days-ago-short":{"_index":["plural","value"],"_":{"zero":"šiandien","other":"prieš {{value}} d."}},"minutes-until-short":{"_index":["plural","value"],"_":{"zero":"dabar","other":"už {{value}} min."}},"hours-until-short":{"_index":["plural","value"],"_":{"zero":"dabar","other":"už {{value}} val."}},"days-until-short":{"_index":["plural","value"],"_":{"zero":"šiandien","other":"už {{value}} d."}},"incorrectDate":"(negalima data)","dateTimeFormat_%c":"%Y m. %Eb %e d. %H:%M:%S","dateTimeFormat_%x":"%Y-%m-%d","dateTimeFormat_%X":"%H:%M:%S","shortTimeFormat":"%H:%M","shortDateTimeFormat":"%x %H:%M","weekStartsOnMonday":"1","time_am":"priešpiet","time_pm":"popiet","title-app":"Programos leidimas","title-web":"Svetainės leidimas","title-cam":"Pasirinkite kamerą","perm-contacts":"Adresatai","perm-contacts-appRequest":"Programa „{{app}}“ prašo prieigos prie jūsų adresatų sąrašo.","perm-contacts-webRequest":"Svetainė {{site}} prašo prieigos prie jūsų adresatų sąrašo.","perm-desktop-notification":"Pranešimai","perm-desktop-notification-appRequest":"Programa „{{app}}“ prašo leidimo rodyti pranešimus.","perm-desktop-notification-webRequest":"Svetainė {{site}} prašo leidimo rodyti pranešimus.","perm-device-storage-music":"Muzikos talpykla","perm-device-storage-music-appRequest":"Programa „{{app}}“ prašo prieigos prie jūsų muzikos.","perm-device-storage-music-webRequest":"Svetainė „{{site}}“ prašo prieigos prie jūsų muzikos.","perm-device-storage-pictures":"Paveikslų talpykla","perm-device-storage-pictures-appRequest":"Programa „{{app}}“ prašo prieigos prie jūsų paveikslų.","perm-device-storage-pictures-webRequest":"Svetainė {{site}} prašo prieigos prie jūsų paveikslų.","perm-device-storage-sdcard":"Atminties kortelė","perm-device-storage-sdcard-appRequest":"Programa „{{app}}“ prašo prieigos prie jūsų atminties kortelės.","perm-device-storage-sdcard-webRequest":"Svetainė {{site}} prašo prieigos prie jūsų atminties kortelės.","perm-device-storage-videos":"Vaizdo įrašų talpykla","perm-device-storage-videos-appRequest":"Programa „{{app}}“ prašo prieigos prie jūsų vaizdo įrašų.","perm-device-storage-videos-webRequest":"Svetainė {{site}} prašo prieigos prie jūsų vaizdo įrašų.","perm-fmradio":"FM radijas","perm-fmradio-appRequest":"Programa „{{app}}“ prašo leidimo naudotis FM radijo imtuvu.","perm-fmradio-webRequest":"Svetainė {{site}} prašo leidimo naudotis FM radijo imtuvu.","perm-geolocation":"Geografinė vieta","perm-geolocation-appRequest":"Programa „{{app}}“ prašo atskleisti jūsų geografinę vietą.","perm-geolocation-webRequest":"Svetainė {{site}} prašo atskleisti jūsų geografinę vietą.","perm-geolocation-more-info":"„{{brandShortName}}“ jūsų buvimo vietai nustatyti naudoja duomenis, tokius, kaip GPS signalas ir pasiekiamų belaidžių bei mobiliojo ryšio tinklų sąrašas. Šie duomenys siunčiami „Mozillai“ ir jos paslaugų teikėjams ir, agregavus, yra naudojami geografinių vietų duomenų bazėms tobulinti. Šie duomenys gali būti saugomi jūsų įrenginyje ir kaupiami net tada, kai nėra paleistos jokios juos naudojančios programos.","perm-video-capture":"Kamera","perm-video-capture-appRequest":"Ar suteiksite programai „{{app}}“ prieigą prie jūsų kameros?","perm-video-capture-webRequest":"Ar suteiksite svetainei {{site}} prieigą prie jūsų kameros?","perm-audio-capture":"Mikrofonas","perm-audio-capture-appRequest":"Ar suteiksite programai „{{app}}“ prieigą prie jūsų mikforono?","perm-audio-capture-webRequest":"Ar suteiksite svetainei {{site}} prieigą prie jūsų mikrofono?","perm-media-capture":"Kamera ir mikrofonas","perm-media-capture-appRequest":"Ar suteiksite programai „{{app}}“ prieigą prie jūsų kameros ir mikrofono?","perm-media-capture-webRequest":"Ar suteiksite svetainei {{site}} prieigą prie jūsų kameros ir mikrofono?","perm-camera-selector-appRequest":"Pasirinkite kamerą, prie kurios programai „{{app}}“ suteiksite prieigą.","perm-camera-selector-webRequest":"Pasirinkite kamerą, prie kurios svetainei „{{site}}“ suteiksite prieigą.","perm-mobileid":"Mobilioji tapatybė","stopped_download_title":"Parsiuntimas sustabdytas","stopped_download_message":"Parsiuntimas sustabdytas. Ar bandyti siųsti iš naujo?","stopped_download_left_button":"Atsisakyti","stopped_download_right_button":"Bandyti iš naujo","failed_download_title":"Parsiuntimas nepavyko","failed_download_message":"Failo „{{name}}“ parsiųsti nepavyko. Ar bandyti siųsti iš naujo?","failed_download_left_button":"Atsisakyti","failed_download_right_button":"Bandyti iš naujo","stop_download_title":"Parsiuntimo stabdymas","stop_download_message":"Ar tikrai norite stabdyti šį parsiuntimą?","stop_download_left_button":"Ne","stop_download_right_button":"Taip","delete_download_title":"Šalinimas","delete_download_message":"Pašalinti „{{name}}“?","delete_download_left_button":"Atsisakyti","delete_download_right_button":"Šalinti","delete_all_download_title":"Šalinimas","delete_all_download_left_button":"Atsisakyti","delete_all_download_right_button":"Šalinti","delete_all_download_message":{"_index":["plural","number"],"_":{"zero":"Šalinti nulį failų?","one":"Pašalinti {{number}} failą?","two":"Pašalinti {{number}} failus?","few":"Pašalinti {{number}} failus?","many":"Pašalinti {{number}} failų?","other":"Pašalinti {{number}} failų?"}},"unsupported_file_type_download_title":"Failo nepavyko atverti","unsupported_file_type_download_message":"Nerasta programa, galinti atverti failą „{{name}}“. Ar norite įrašyti šį failą, ar pašalinti jį?","unsupported_file_type_download_left_button":"Įrašyti","unsupported_file_type_download_right_button":"Šalinti","file_not_found_download_title":"Failas nerastas","file_not_found_download_message":"Failas šiame įrenginyje nerastas","file_not_found_download_right_button":"Gerai","unmounted_sdcard_2_download_title":"Atminties kortelė naudojama","unmounted_sdcard_2_download_message":"Atjunkite telefoną nuo kito įrenginio","unmounted_sdcard_2_download_right_button":"Gerai","no_provider_download_title":"Pasidalinti nepavyko","no_provider_download_message":"Neaptikta dalijimosi būdų","no_provider_download_right_button":"Gerai","no_memory_download_title":"Atminties kortelė pilna","no_memory_download_message":"Įdėtoje atminties kortelėje nebėra laisvos vietos šiam siuntiniui įrašyti. Pašalinkite dalį failų iš kortelės, tada bandykite siųstis iš naujo.","no_memory_download_right_button":"Gerai","no_sdcard_found_2_download_title":"Neaptikta atminties kortelė","no_sdcard_found_2_download_message":"Įdėkite atminties kortelę arba nuostatose pasirinkite kitą atmintinę kaip pagrindinę medijai.","no_sdcard_found_2_download_right_button":"Gerai","file_open_error_download_title":"Nepavyko atverti","file_open_error_download_message":"Iškilo problema, bandant atverti failą „{{name}}“. Ar norite įrašyti šį failą, ar pašalinti jį?","file_open_error_download_left_button":"Įrašyti","file_open_error_download_right_button":"Šalinti","restart_download_error":"Bandant iš naujo pradėti parsiuntimą, įvyko klaida. Bandykite failą parsiųsti iš naujo.","no-downloads":"Parsiuntimų nėra","percentage":"{{percentage}} %","partialResult":"{{partial}} iš {{total}}","summary":"{{date}} – {{status}}","download-stopped":"Sustabdytas","download-failed":"Nepavyko parsiųsti","open_downloaded_file":"Atverti","share_downloaded_file":"Dalintis","wallpaper_downloaded_file":"Naudoti kaip ekrano foną","ringtone_downloaded_file":"Naudoti kaip skambėjimo garsą","cancel_downloaded_file":"Atsisakyti","voicemailNoNumberTitle":"Nenurodytas balso pašto numeris","voicemailNoNumberText":"Skambutis į balso paštą neįvyko – pirma turite nurodyti balso pašto numerį.","voicemailNoNumberSettings":"Nuostatos","voicemailNoNumberCancel":"Atsisakyti","resend":"Kartoti","connecting":"Jungiamasi","verify":"Patvirtinti","verifying":"Patvirtinama","verified":"Patvirtinta","mobileIDExplanation":"Programa „{{app_name}}“ nori sužinoti ir patikrinti jūsų telefono numerį. Pasirinkite, kurį numerį jai pateikti, arba įveskite naują.","verificationCodeExplanation":"Telefonu {{phone_number}} išsiųstas kodas. Programa bandys jį „sugauti“ automatiškai, tačiau jeigu nurodytas numeris naudojamas ne šiame įrenginyje, gautą kodą turėsite įvesti jūs.","successMessage":"Puiku! Jūsų numeris {{phone_number}} dabar patvirtintas ir pateiktas programai „{{app_name}}“.","serverErrorMessage":"Šiuo metu patvirtinimo serveris neatsako. Patikrinkite, ar esate prisijungę prie interneto, arba bandykite dar kartą.","timeoutErrorMessage":"Atrodo, kažkas negerai su jūsų patvirtinimo kodu. Pabandykime dar kartą!","errorTitle":"Mobilioji tapatybė","addPhoneNumber":"Arba pridėkite telefono numerį","selectPhoneNumber":"Arba pasirinkite numerį iš sąrašo"}