{"firefox-accounts-title":"Firefox Accounts","fxa-next":"Next","fxa-back":"Back","fxa-done":"Done","fxa-ok":"OK","fxa-connection-error-title":"Unable to Connect","fxa-connection-error-message":"You can create an account or sign in from Settings.","fxa-reset-password-error-title":"Reset Password","fxa-reset-password-error-message":"You can reset your password from Settings.","fxa-coppa-failure-error-title":"Cannot Create Account","fxa-coppa-failure-error-message":"You must meet certain age requirements to create a Firefox Account. {{learnmore}}","fxa-learn-more":"Learn more","fxa-offline-error-title":"Unable to Connect","fxa-offline-error-message":"Please connect to a network from Settings.","fxa-invalid-email-title":"Error","fxa-invalid-email-message":"Please enter a valid email.","fxa-invalid-password-title":"Invalid Password","fxa-invalid-password-message":"Please check your password and try again.","fxa-unknown-error-title":"Unable to Connect","fxa-unknown-error-message":"System unavailable, try again soon.","fxa-connecting":"Connecting","fxa-enter-email-input":{"placeholder":"Enter your email"},"fxa-use-email-to-sign-in":"Use your email address to create an account or sign in.","fxa-notice":"By proceeding, I agree to the {{tos}} and {{pn}} of Firefox cloud services.","fxa-tos":"Terms of Service","fxa-pn":"Privacy Notice","fxa-create-password-title":"Create a Password","fxa-enter-password-title":"Enter Your Password","fxa-hello-user":"Hello, {{email}}","fxa-password-refresh":"Please enter your Firefox Account password to continue.","fxa-password":{"placeholder":"Password"},"fxa-forgot-your-password":"Forgot your password?","fxa-show-password":"Show password","fxa-password-length-requirement":"Your password must be at least 8 characters long.","fxa-success":"Success!","fxa-ready-to-go":"Your Firefox Account is ready to go! ","fxa-use-features":"Now you can use features like Find My Device and apps like the Firefox Marketplace.","fxa-access-manage-account-settings":"In the future, you can access and manage your account from Settings.","fxa-confirm-account":"Confirm Your Account","fxa-will-send-email":"We will send an email to: {{email}}","fxa-signup-click-verification-link-in-email":"Next time you check your email, click the verification link to confirm your Firefox Account.","fxa-age-verification":"Age Verification","fxa-age-1990-earlier":"1990 or earlier","fxa-year-of-birth":"Year of Birth","brandShortName":"B2G OS","browserBrandShortName":"Прелистувач","browserBrandFullName":"Прелистувач на Mozilla","accessibility-enableScreenReaderSteps":"To enable screen reader, press volume up then volume down buttons three more times","accessibility-disableScreenReaderSteps":"To disable screen reader, press volume up then volume down buttons three more times","accessibility-screenReaderStarted":"Screen reader started","accessibility-screenReaderStopped":"Screen reader stopped","accessibility-menubar":"menu bar","accessibility-scrollbar":"scroll bar","accessibility-grip":"grip","accessibility-alert":"alert","accessibility-menupopup":"menu popup","accessibility-document":"document","accessibility-pane":"pane","accessibility-dialog":"dialog","accessibility-separator":"separator","accessibility-toolbar":"toolbar","accessibility-statusbar":"status bar","accessibility-table":"table","accessibility-columnheader":"column header","accessibility-rowheader":"row header","accessibility-column":"column","accessibility-row":"row","accessibility-cell":"cell","accessibility-link":"link","accessibility-list":"list","accessibility-listitem":"list item","accessibility-outline":"outline","accessibility-outlineitem":"outline item","accessibility-pagetab":"tab","accessibility-propertypage":"property page","accessibility-graphic":"graphic","accessibility-pushbutton":"button","accessibility-checkbutton":"check button","accessibility-radiobutton":"radio button","accessibility-combobox":"combo box","accessibility-progressbar":"progress bar","accessibility-slider":"slider","accessibility-spinbutton":"spin button","accessibility-diagram":"diagram","accessibility-animation":"animation","accessibility-equation":"equation","accessibility-buttonmenu":"button menu","accessibility-whitespace":"white space","accessibility-pagetablist":"tab list","accessibility-canvas":"canvas","accessibility-checkmenuitem":"check menu item","accessibility-label":"label","accessibility-passwordtext":"password text","accessibility-radiomenuitem":"radio menu item","accessibility-textcontainer":"text container","accessibility-togglebutton":"toggle button","accessibility-treetable":"tree table","accessibility-header":"header","accessibility-footer":"footer","accessibility-paragraph":"paragraph","accessibility-entry":"entry","accessibility-caption":"caption","accessibility-heading":"heading","accessibility-section":"section","accessibility-form":"form","accessibility-comboboxlist":"combo box list","accessibility-comboboxoption":"combo box option","accessibility-imagemap":"image map","accessibility-listboxoption":"option","accessibility-listbox":"list box","accessibility-flatequation":"flat equation","accessibility-gridcell":"gridcell","accessibility-note":"note","accessibility-figure":"figure","accessibility-definitionlist":"definition list","accessibility-term":"term","accessibility-definition":"definition","accessibility-textarea":"text area","accessibility-textInputType_date":"date","accessibility-textInputType_email":"e-mail","accessibility-textInputType_search":"search","accessibility-textInputType_tel":"telephone","accessibility-textInputType_url":"URL","accessibility-headingLevel":"heading level {{0}}","accessibility-listStart":"First item","accessibility-listEnd":"Last item","accessibility-listItemsCount":{"_index":["plural","count"],"_":{"zero":"{{count}} items","one":"{{count}} item","two":"{{count}} items","few":"{{count}} items","many":"{{count}} items","other":"{{count}} items"}},"accessibility-objItemOfN":"{{0}} of {{1}}","accessibility-banner":"banner","accessibility-complementary":"complementary","accessibility-contentinfo":"content info","accessibility-main":"main","accessibility-navigation":"navigation","accessibility-search":"search","accessibility-tblColumnInfo":{"_index":["plural","count"],"_":{"zero":"with {{count}} columns","one":"with {{count}} column","two":"with {{count}} columns","few":"with {{count}} columns","many":"with {{count}} columns","other":"with {{count}} columns"}},"accessibility-tblRowInfo":{"_index":["plural","count"],"_":{"zero":"and {{count}} rows","one":"and {{count}} row","two":"and {{count}} rows","few":"and {{count}} rows","many":"and {{count}} rows","other":"and {{count}} rows"}},"accessibility-columnInfo":"Column {{0}}","accessibility-rowInfo":"Row {{0}}","accessibility-spansColumns":{"_index":["plural","0"],"_":{"zero":"spans {{0}} columns","one":"spans {{0}} column","two":"spans {{0}} columns","few":"spans {{0}} columns","many":"spans {{0}} columns","other":"spans {{0}} columns"}},"accessibility-spansRows":{"_index":["plural","0"],"_":{"zero":"spans {{0}} rows","one":"spans {{0}} row","two":"spans {{0}} rows","few":"spans {{0}} rows","many":"spans {{0}} rows","other":"spans {{0}} rows"}},"accessibility-jumpAction":"jumped","accessibility-pressAction":"pressed","accessibility-checkAction":"checked","accessibility-uncheckAction":"unchecked","accessibility-selectAction":"selected","accessibility-unselectAction":"unselected","accessibility-openAction":"opened","accessibility-closeAction":"closed","accessibility-switchAction":"switched","accessibility-clickAction":"clicked","accessibility-collapseAction":"collapsed","accessibility-expandAction":"expanded","accessibility-activateAction":"activated","accessibility-cycleAction":"cycled","accessibility-hidden":"hidden","accessibility-tabLoading":"loading","accessibility-tabLoaded":"loaded","accessibility-tabNew":"new tab","accessibility-tabLoadStopped":"loading stopped","accessibility-tabReload":"reloading","accessibility-stateChecked":"checked","accessibility-stateNotChecked":"not checked","accessibility-statePressed":"pressed","accessibility-stateExpanded":"expanded","accessibility-stateCollapsed":"collapsed","accessibility-stateUnavailable":"unavailable","accessibility-stateRequired":"required","accessibility-stateTraversed":"visited","accessibility-stateHasPopup":"has pop up","accessibility-stateSelected":"selected","accessibility-editingMode":"editing","accessibility-navigationMode":"navigating","accessibility-quicknav_Simple":"Default","accessibility-quicknav_Anchor":"Anchors","accessibility-quicknav_Button":"Buttons","accessibility-quicknav_Combobox":"Combo boxes","accessibility-quicknav_Landmark":"Landmarks","accessibility-quicknav_Entry":"Entries","accessibility-quicknav_FormElement":"Form elements","accessibility-quicknav_Graphic":"Images","accessibility-quicknav_Heading":"Headings","accessibility-quicknav_ListItem":"List items","accessibility-quicknav_Link":"Links","accessibility-quicknav_List":"Lists","accessibility-quicknav_PageTab":"Page tabs","accessibility-quicknav_RadioButton":"Radio buttons","accessibility-quicknav_Separator":"Separators","accessibility-quicknav_Table":"Tables","accessibility-quicknav_Checkbox":"Check boxes","accessibility-menubarAbbr":"menu bar","accessibility-scrollbarAbbr":"scroll bar","accessibility-gripAbbr":"grip","accessibility-alertAbbr":"alert","accessibility-menupopupAbbr":"menu popup","accessibility-documentAbbr":"document","accessibility-paneAbbr":"pane","accessibility-dialogAbbr":"dialog","accessibility-separatorAbbr":"separator","accessibility-toolbarAbbr":"toolbar","accessibility-statusbarAbbr":"status bar","accessibility-tableAbbr":"tbl","accessibility-columnheaderAbbr":"column header","accessibility-rowheaderAbbr":"row header","accessibility-columnAbbr":"column","accessibility-rowAbbr":"row","accessibility-cellAbbr":"cell","accessibility-linkAbbr":"lnk","accessibility-listAbbr":"list","accessibility-listitemAbbr":"list item","accessibility-outlineAbbr":"outline","accessibility-outlineitemAbbr":"outline item","accessibility-pagetabAbbr":"tab","accessibility-propertypageAbbr":"property page","accessibility-graphicAbbr":"graphic","accessibility-pushbuttonAbbr":"btn","accessibility-checkbuttonAbbr":"check button","accessibility-radiobuttonAbbr":"radio button","accessibility-comboboxAbbr":"combo box","accessibility-progressbarAbbr":"progress bar","accessibility-sliderAbbr":"slider","accessibility-spinbuttonAbbr":"spin button","accessibility-diagramAbbr":"diagram","accessibility-animationAbbr":"animation","accessibility-equationAbbr":"equation","accessibility-buttonmenuAbbr":"button menu","accessibility-whitespaceAbbr":"white space","accessibility-pagetablistAbbr":"tab list","accessibility-canvasAbbr":"canvas","accessibility-checkmenuitemAbbr":"check menu item","accessibility-labelAbbr":"label","accessibility-passwordtextAbbr":"passwdtxt","accessibility-radiomenuitemAbbr":"radio menu item","accessibility-textcontainerAbbr":"text container","accessibility-togglebuttonAbbr":"toggle button","accessibility-treetableAbbr":"tree table","accessibility-headerAbbr":"header","accessibility-footerAbbr":"footer","accessibility-paragraphAbbr":"paragraph","accessibility-entryAbbr":"entry","accessibility-captionAbbr":"caption","accessibility-headingAbbr":"heading","accessibility-sectionAbbr":"section","accessibility-formAbbr":"form","accessibility-comboboxlistAbbr":"combo box list","accessibility-comboboxoptionAbbr":"combo box option","accessibility-imagemapAbbr":"imgmap","accessibility-listboxoptionAbbr":"option","accessibility-listboxAbbr":"list box","accessibility-flatequationAbbr":"flat equation","accessibility-gridcellAbbr":"gridcell","accessibility-noteAbbr":"note","accessibility-figureAbbr":"fig","accessibility-definitionlistAbbr":"definition list","accessibility-termAbbr":"term","accessibility-definitionAbbr":"definition","accessibility-textareaAbbr":"txtarea","accessibility-tblColumnInfoAbbr":{"_index":["plural","count"],"_":{"one":"{{count}}c","two":"{{count}}c","few":"{{count}}c","many":"{{count}}c","other":"{{count}}c"}},"accessibility-tblRowInfoAbbr":{"_index":["plural","count"],"_":{"one":"{{count}}r","two":"{{count}}r","few":"{{count}}r","many":"{{count}}r","other":"{{count}}r"}},"accessibility-cellInfoAbbr":"c{{0}}r{{1}}","accessibility-stateCheckedAbbr":"(x)","accessibility-stateUncheckedAbbr":"( )","accessibility-statePressedAbbr":"(x)","accessibility-stateUnpressedAbbr":"( )","ok":"Во ред","back":"Назад","help":"Помош","cancel":"Откажи","close":"Затвори","skip":"Прескокни","clear":{"ariaLabel":"Clear"},"undo":{"ariaLabel":"Undo"},"airplaneMode":"Авионски режим","searching":"Барам…","noNetwork":"Нема мрежа","roaming":"{{operator}} (Роаминг)","operator-info":"{{carrier}} {{region}}","emergencyCallsOnly":"Само итни повици","emergencyCallsOnly-unknownSIMState":"(непозната состојба на SIM)","emergencyCallsOnly-noSIM":"(нема SIM)","emergencyCallsOnly-pinRequired":"(потребен е SIM PIN)","emergencyCallsOnly-pukRequired":"(потребен е SIM PUK)","emergencyCallsOnly-networkLocked":"(мрежата е заклучена)","emergencyCallsOnly-serviceProviderLocked":"(провајдерот на услуга е заклучен)","emergencyCallsOnly-corporateLocked":"(корпоративно заклучен)","emergencyCallsOnly-network1Locked":"(network1 locked)","emergencyCallsOnly-network2Locked":"(network2 locked)","emergencyCallsOnly-hrpdNetworkLocked":"(hrpd network locked)","emergencyCallsOnly-ruimCorporateLocked":"(ruim corporate locked)","emergencyCallsOnly-ruimServiceProviderLocked":"(ruim service provider locked)","enterPIN":"Внесете PIN","mediaPlaybackTitle":{"ariaLabel":"Title"},"mediaPlaybackArtist":{"ariaLabel":"Artist"},"mediaPlaybackControls":{"ariaLabel":"Playback controls"},"mediaPlaybackPrevious":{"ariaLabel":"Previous"},"mediaPlaybackPlay":"Play","mediaPlaybackPause":"Pause","mediaPlaybackNext":{"ariaLabel":"Next"},"wifiButton-on":"Wi-Fi on","wifiButton-on-initializing":"Wi-Fi on, initializing","wifiButton-off":"Wi-Fi off","dataButton-on":"Data {{type}} on","dataButton-off":"Data {{type}} off","bluetoothButton-on":"Bluetooth on","bluetoothButton-on-initializing":"Bluetooth on, initializing","bluetoothButton-off":"Bluetooth off","airplaneMode-on":"Airplane mode on","airplaneMode-off":"Airplane mode off","settingsButton":{"ariaLabel":"Settings"},"utilityTrayGrippy":{"ariaLabel":"Close utility tray"},"statusbarLabel":"{{date}}, {{operator}}","statusbarDateFormat":"%e %b","statusbar":{"ariaLabel":"Status Bar"},"statusbarBattery":"Battery {{level}} percent","statusbarBatteryCharging":"Battery {{level}} percent, charging","statusbarFlightMode":{"ariaLabel":"Airplane mode on"},"statusbarWiFiConnecting":"Wi-Fi: connecting","statusbarWiFiConnected":"Wi-Fi: {{level}} of 4 bars","statusbarSignal":"{{operator}} network, {{level}} of 5 bars","statusbarSignalRoaming":"{{operator}} network (roaming), {{level}} of 5 bars","statusbarSignalNoneSearching":"Searching… Emergency calls only","statusbarHeadphones":{"ariaLabel":"Headphones on"},"statusbarBluetoothHeadphones":{"ariaLabel":"Bluetooth headphones on"},"statusbarBluetoothTransferring":{"ariaLabel":"Bluetooth transfer active"},"statusbarIconOn-tethering":"Tethering on","statusbarIconOnActive-tethering":"Tethering on, active","statusbarAlarm":{"ariaLabel":"Alarm on"},"statusbarIconOn-bluetooth":"Bluetooth on","statusbarIconOnActive-bluetooth":"Bluetooth on, active","statusbarIconOn-mute":"Mute on","statusbarIconOn-vibration":"Vibration on","statusbarRecording":{"ariaLabel":"Recording on"},"statusbarGeolocation":{"ariaLabel":"Geolocation on"},"statusbarUsb":{"ariaLabel":"USB on"},"statusbarForwarding":"Call forwarding on","statusbarPlaying":{"ariaLabel":"Media playing"},"statusbarNfc":{"ariaLabel":"NFC on"},"statusbarDownloads":{"ariaLabel":"Downloading…"},"statusbarNetworkActivity":{"ariaLabel":"Networking on"},"statusbarEmergencyCBNotification":{"ariaLabel":"Emergency callback"},"statusbarNotifications":{"_index":["plural","n"],"_":{"one":"{{n}} notification","two":"{{n}} notifications","few":"{{n}} notifications","many":"{{n}} notifications","other":"{{n}} notifications"}},"statusbarNotifications-unread":{"_index":["plural","n"],"_":{"one":"{{n}} unread notification","two":"{{n}} unread notifications","few":"{{n}} unread notifications","many":"{{n}} unread notifications","other":"{{n}} unread notifications"}},"notifications":"Известувања","clear-all":"Исчисти сѐ","attentionScreen-tapToShow":"Tap to show","newVoicemails":{"_index":["plural","n"],"_":{"zero":"Нема нови говорни пораки","one":"Една нова говорна порака","two":"{{n}} нови говорни пораки","few":"{{n}} нови говорни пораки","many":"{{n}} нови говорни пораки","other":"{{n}} нови говорни пораки"}},"newVoicemailsUnknown":"Нова говорна порака","dialNumber":"Сврти на {{number}}","voicemailNotificationMultiSim":"(SIM {{n}}) {{title}}","confirmNFCConnectBTenabledNameUnknown":"Are you sure you want to connect to the device?","confirmNFCConnectBTdisabledNameUnknown":"Turn on Bluetooth and connect to the device?","confirmNFCConnectBTenabledNameKnown":"Are you sure you want to connect to {{deviceName}}?","confirmNFCConnectBTdisabledNameKnown":"Turn on Bluetooth and connect to {{deviceName}}?","confirmNFCConnectBTdisabled":"Turn on","dismissNFCConnectBTdisabled":"Cancel","confirmation":"Confirmation","deviceMenu":"Телефон","airplane":"Вклучи авионски режим","airplaneOff":"Исклучи авионски режим","silent":"Вклучи тивок режим","normal":"Исклучи тивок режим","restart":"Рестартирај","power":"Исклучи","no-recent-apps":"Нема скорешни апликации","yes":"Да","no":"Не","dontallow":"Don’t allow","allow":"Дозволи","dontshare-geolocation":"Не споделувај","share-geolocation":"Сподели","dontshare-audio-capture":"Не споделувај","share-audio-capture":"Сподели","dontshare-video-capture":"Не споделувај","share-video-capture":"Сподели","dontshare-media-capture":"Не споделувај","share-media-capture":"Сподели","device-front":"Предна камера","device-back":"Задна камера","remember-my-choice":"Памти го мојот избор","more-info":"Повеќе…","hide-info":"Hide info","install-app":"Инсталирај {{name}}?","size":"Име","author":"Автор","size-unknown":"Unknown","author-unknown":"Непознат","install":"Инсталирај","bytes":"бајти","kB":"kB","MB":"MB","GB":"GB","TB":"TB","PB":"PB","app-install-generic-error":"{{ appName }} преземањето сопре","app-install-download-failed":"{{ appName }} преземањето не успеа","app-install-install-failed":"{{ appName }} инсталирањето не успеа","cancelling-will-not-refund":"Откажувњето не ја рефундира продажбата. Рефундирањето за платена содржина се добиваат од оригиналниот продавач.","apps-can-be-installed-later":"Апликациите можат да се инсталираат подоцна од оригиналниот инсталациски извор.","are-you-sure-you-want-to-cancel":"Сигурно сакате да ја откажете оваа инсталација?","cancel-install":"Откажи инсталација","cancel-install-button":"Cancel Install","resume":"Продолжи","continue":"Продолжи","stopDownloading":"Сопри со преземањето на {{ app }}?","app-download-can-be-restarted":"Преземањето може подоцна да биде рестартирано.","app-download-stop-button":"Сопри преземање","not-enough-space":"Нема доволно место","not-enough-space-message":"Нема доволно место за да се инсталира оваа апликација. Ослободете место со бришење на некои податоци или апликации и инсталирајте повторно од оригиналниот извор.","app-install-success":"{{ appName }} е инталирана","setup":"Setup","ime-addkeyboards":"Додај тастатури","later":"Подоцна","download":"Преземи","wantToDownload":"Преземи ја наградбата сега?","wantToInstall":"Инсталирај ја наградбата сега?","installNow":"Инсталирај сега","notNow":"Не сега","downloadingUpdateMessage":{"innerHTML":"Преземам надградби… <span>{{ progress }} преземени.</span>"},"downloadingAppMessage":"Се презема {{ appName }}","downloadingAppProgressNoMax":"{{ progress }} преземено","downloadingAppProgressIndeterminate":"Се презема","downloadingAppProgress":"{{ progress }} / {{ max }} преземено","cancelAllDownloads":"Откажи ги сите преземања","wantToCancelAll":"Сигурно сакате да ги откажете сите преземања?","downloadError":"Имаше грешка при преземањето на надградбите.","updateAvailableInfo":{"innerHTML":{"_index":["plural","n"],"_":{"few":"{{ n }} надградби достапни. <span>Допрете за повеќе информации.</span>","many":"{{ n }} надградби достапни. <span>Допрете за повеќе информации.</span>","one":"{{ n }} надградба достапна. <span>Допрете за повеќе информации.</span>","other":"{{ n }} надградби достапни. <span>Допрете за повеќе информации.</span>","two":"{{ n }} надградби достапни. <span>Допрете за повеќе информации.</span>"}}},"numberOfUpdates":{"_index":["plural","n"],"_":{"one":"{{ n }} има достапна надградба","two":"{{ n }} има достапни надградби","few":"{{ n }} има достапни надградби","many":"{{ n }} има достапни надградби","other":"{{ n }} има достапни надградби"}},"systemUpdate":"Системска надградба","systemUpdateReady":"Системската надградба е спремна","systemUpdateLowBatteryThreshold":"You need at least {{ threshold }}% battery level to install the update.","required":"Потребно","uncompressingMessage":{"innerHTML":"Отпакувам… <span>Ова може да потрае неколку минути.</span>"},"downloadNoWifiWarning":"Нема достапна Wi-Fi мрежа. Надградбата преку тековната врска може да предизвика дополнителни трошоци.","downloadOfflineWarning":"Нема достапна интернет врска. Поврзете се на мрежа за да ги преземете надградбите.","downloadDataConnectionWarning":"Надградбите се преземаат преку мобилен интернет кога наме достапна Wi-Fi мрежа. При тоа може да настанат дополнителни трошоци.","downloadUpdatesViaDataConnection":"Преземи ги надградбите преку мобилен интернет?","downloadUpdatesViaDataConnectionMessage":"Надградбите се преземаат преку мобилен интернет кога наме достапна Wi-Fi мрежа. При тоа може да настанат дополнителни трошоци и да бидат блокирани повиците.","downloadUpdatesVia2GForbidden2":"Downloading updates is not possible on slow connections (2G). Please connect via Wi-Fi or 3G (if available) and try again.","screenshotSaved":"Сликата од екранот е снимена во галеријата","screenshotFailed":"Сликата од екранот не може да се сними","screenshotNoSDCard":"Не е пронајдена мемориска картичка","screenshotSDCardInUse":"Мемориската картичка е во употреба","screenshotSDCardLow":"Нема доволно место на мемориската картичка","emergency-call-button":"Итен повик","emergency-call":"Итен повик","unlock-a11y-button":{"ariaLabel":"Отклучи"},"camera-a11y-button":{"ariaLabel":"Камера"},"longDateFormat":"%A, %e %B","panel-passcode":{"ariaLabel":"Passcode panel"},"lockscreen-sim-id":"SIM {{ n }}","softwareHomeButton":{"ariaLabel":"Дома"},"login":"Пријави се","username":"Корисничко име","password":"Лозинка","http-authentication-message":"{{host}} бара корисничко име и лозинка. Местото вели: “{{realm}}”","error-message":"{{name}} не се вчитува правилно","error-title":"{{name}} има проблеми","airplane-is-on":"Вклучен е авионски режим","airplane-is-turned-on":"{{name}} бара мрежна врска. Исклучете го авионскиот режим во поставките и поврзете се на Wi-Fi или мобилна интернет врска.","server-not-found":"Сервер не е пронајден","server-not-found-error":"Не може да се најде серверот на {{name}}.","file-not-found":"File not found","file-not-found-error":"The device can’t display this page because the file cannot be found.","connection-failed":"Unable to connect","connection-failed-error":"A network error occurred while trying to reach the site.","invalid-connection":"Unable to connect","invalid-connection-error":"A network error occurred while trying to reach the site.","malformed-uri":"URL not valid","malformed-uri-error":"The URL entered is not valid and cannot be loaded.","redirect-loop":"Can’t display page","redirect-loop-error":"The device can’t display this page because the page is not redirecting properly. Try this page again at a later time.","not-cached":"Page expired","not-cached-error":"As a security precaution, this page cannot be displayed by the device because it has expired.","is-printing-error":"The document cannot change while Printing or in Print Preview.","denied-port-access":"This address is restricted","denied-port-access-error":"This address uses a network port which is normally used for purposes other than Web browsing. The device has cancelled the request for your protection.","proxy-resolve-failure":"Proxy Server Error","proxy-resolve-failure-error":"The device is configured to use a proxy server that can’t be found.","proxy-connect-failure":"Proxy Server Error","proxy-connect-failure-error":"The device is configured to use a proxy server that is refusing connections.","content-encoding":"Can’t display page","content-encoding-error":"The device can’t display this page because a content encoding error occurred.","remote-xul":"Page unsupported","remote-xul-error":"This page can’t be displayed because it uses a technology that is not supported on the device.","phishing-blocked":"Warning","phishing-blocked-error":"The website has been reported as a web forgery designed to trick users into sharing personal or financial information.","malware-blocked":"Malware attack blocked","malware-blocked-error":"The site at has been reported as an attack site and has been blocked.","unsafe-content-type":"Unsafe content","unsafe-content-type-error":"The page cannot be shown because it may not be safe to open.","corrupted-content":"Can’t display page","corrupted-content-error":"The page cannot be shown because an error in the data transmission was detected.","network-connection-unavailable":"Нема достапна мрежна врска","network-error":"{{name}} бара мрежна врска. Поврзете се на Wi-Fi или мобилна интернет врска.","network-error-launching":"{{name}} requires an Internet connection.","network-error-in-app":"No access to the Internet right now.","unable-to-connect":"Не може да се поврзе","try-again":"Обидете се повторно","check-settings":"Check settings","tap-to-check-settings":"Tap to check settings","select-time":"Избери време","choose-option":"Избери","choose-options":"Избери","select-day":"Избери ден","battery-almost-empty":"Батеријата е речиси празна","add-to-home-screen":"Додај на домашноит екран","share":"Share","crash-dialog2-os":"{{brandShortName}} се врати од уривање","crash-dialog-app":"{{name}} се урна","crash-dialog-message":"Дали сакате да испратите извештај за уривањето до Mozilla и со тоа да помогнете да се поправи проблемот. (Извештаите секогаш се праќаат преку Wi-Fi.)","crash-info-link":"Што содржи извештајот за уривање?","crash-always-report":"Секогаш праќај извештај до Mozilla кога ќе се случи уривање.","crash-dont-send":"Не праќај","crash-end":"Прати извештај","crashReports":"Извештаи за уривање","done":"Заврши","crash-reports-description-1":"Извештајот за уривање содржи некои детали за уривањето и за Вашиот уред, како и слика на состојбата на Вашиот уред во моментот кога тој се урнал.","crash-reports-description-2":"Ова може да вклучи нешта како отворени страници и апликации, текст внесен во формулари и содржина н аотворени пораки, скорашна сурферска историја или местоположба од отворена апликација.","crash-reports-description-3-start":"Ги користиме извештаите од уривањата за да ги поправиме проблемите и да ги подобиме нашите производи. Со Вашите податоци работиме онака како што е опишано во нашата","crash-reports-description-3-privacy":"политика за приватност","crash-reports-description-3-end":".","crash-banner-os2":"{{brandShortName}} штотуку се урна.","crash-banner-app":"{{name}} штотуку се урна.","crash-banner-report":"Извести","bluetooth-sending-progress":"Испраќање на податоци преку блутут..","bluetooth-receiving-progress":"Примање на податоци преку блутут..","acceptFileTransfer":"Прифати пренос преку блутут?","wantToReceiveFile":"{{deviceName}} сака да го пренесе {{fileName}} ({{fileSize}}).","transfer-confirmation-title":"{{deviceName}}","transfer-confirmation-description":"Преглед на барањето за пренос.","byteUnit-B":"бајти","byteUnit-KB":"KB","byteUnit-MB":"MB","byteUnit-GB":"GB","byteUnit-TB":"TB","byteUnit-PB":"PB","byteUnit-EB":"EB","byteUnit-ZB":"ZB","byteUnit-YB":"YB","fileSize":"{{size}} {{unit}}","deny":"Одбиј","transfer":"Прифати","cancelFileTransfer":"Откажи го преносот преку блутут?","continueFileTransfer":"Continue","transfer-has-started-title":"Преносот започна","transfer-has-started-description":"Проверете го напредокот во Центарот за известувања","transferFinished-sentSuccessful-title":"Датотеката е испратена","transferFinished-receivedSuccessful-title":"Датотеката е примена","transferFinished-sentFailed-title":"Датотеката не може да биде испратена","transferFinished-receivedFailed-title":"Датотеката не може да биде примена","transferReport-title":"Извештај за пренос:","transferReport-description":"{{numSuccessful}} датотеки успешно, {{numUnsuccessful}} датотеки неуспешно","unknown-file":"Непозната датотека","unknown-device":"Непознат уред","cannotOpenFile":"Примената датотека не може да се отвори","unknownMediaTypeToOpen":"Не може да се отвори непознат тип на медиум:","cannotReceiveFile":"Датотеката не може да се прими","cannotGetStorageState":"Не може да се добие состојбата на уредот за складирање","sdcard-not-exist2":"Не е пронајдена мемориска картичка. Ве молам внесете мемориска картичка.","sdcard-in-use":"Блутутот не може да се користи додека телефонот е вклучен. Извадете го кабелот за да примате датотеки.","sdcard-no-space2":"Не може да се комплетира преносот: мемориската картичка е полна.","unknown-error":"Непозната грешка","confirm":"Потврди","microphone-is-on":"Микрофонот е вклучен","camera-is-on":"Камерата е вклучена","media-is-on":"Камерата и микрофонот се ВКЛУЧЕНИ","noSimCard":"Нема SIM картичка","simPin":"SIM PIN","pukCode":"PUK код","nckCode":"NCK код","cckCode":"CCK код","spckCode":"SPCK код","nck1code":"NCK1 code","nck2code":"NCK2 code","hnckcode":"HNCK code","rcckcode":"RCCK code","rspckcode":"RSPCK code","whatIsSimPin":"Што е SIM PIN?","simPinIntro1":"SIM PIN-от спречува пристап до SIM картичката за мобилни мрежи. Кога е овозможен, SIM картичката ќе побара PIN при секое рестартирање.","simPinIntro2":"SIM PIN-от не е исто со кодот што се користи за отклучување на овој уред.","changeSimPin":"Смени PIN","pinTitle":"Внеси SIM PIN","multiSIMpinTitle":"Внесете СИМ {{n}} ПИН","pukTitle":"Внеси PUK код","nckTitle":"Внеси NCK код","cckTitle":"Внеси CCK код","spckTitle":"Внеси SPCK код","nck1Title":"Enter NCK1 code","nck2Title":"Enter NCK2 code","hnckTitle":"Enter HNCK code","rcckTitle":"Enter RCCK code","rspckTitle":"Enter RSPCK code","newpinTitle":"Нов PIN","inputCodeRetriesLeft":{"_index":["plural","n"],"_":{"one":"последен обид.","two":"уште {{n}} обиди.","few":"уште {{n}} обиди.","many":"уште {{n}} обиди.","other":"уште {{n}} обиди."}},"pinErrorMsg":"Неточен PIN.","pinAttemptMsg2":{"_index":["plural","n"],"_":{"one":"Имате уште еден обид за да го внесете точниот код пред да се заклучи SIM картичката.","two":"Имате уште {{n}} обиди за да го внесете точниот код пред да се заклучи SIM картичката.","few":"Имате уште {{n}} обиди за да го внесете точниот код пред да се заклучи SIM картичката.","many":"Имате уште {{n}} обиди за да го внесете точниот код пред да се заклучи SIM картичката.","other":"Имате уште {{n}} обиди за да го внесете точниот код пред да се заклучи SIM картичката."}},"pinLastChanceMsg":"Ова е Вашата последна шанса да внесете точен PIN код. Понатаму, ќе треба да го венсете Вашиот PUK код за да ја користите оваа SIM картичка","simCardLockedMsg":"SIM картичката е заклучена.","enterPukMsg":"Мора да го внесете PUK кодот за SIM картичката. За повеќе информации погледајте ја документацијата за SIM картичката или контактирајте со Вашиот оператор.","pukErrorMsg":"PUK кодот е погрешен.","pukAttemptMsg2":{"_index":["plural","n"],"_":{"one":"Имате уште еден обид за да го внесете точниот код пред SIM картичката да стане целосно неупотреблива. За повеќе информации погледајте ја документацијата за SIM картичката или контактирајте со Вашиот оператор.","two":"Имате уште {{n}} обиди за да го внесете точниот код пред SIM картичката да стане целосно неупотреблива. За повеќе информации погледајте ја документацијата за SIM картичката или контактирајте со Вашиот оператор.","few":"Имате уште {{n}} обиди за да го внесете точниот код пред SIM картичката да стане целосно неупотреблива. За повеќе информации погледајте ја документацијата за SIM картичката или контактирајте со Вашиот оператор.","many":"Имате уште {{n}} обиди за да го внесете точниот код пред SIM картичката да стане целосно неупотреблива. За повеќе информации погледајте ја документацијата за SIM картичката или контактирајте со Вашиот оператор.","other":"Имате уште {{n}} обиди за да го внесете точниот код пред SIM картичката да стане целосно неупотреблива. За повеќе информации погледајте ја документацијата за SIM картичката или контактирајте со Вашиот оператор."}},"pukLastChanceMsg":"Полседна шанса да внесете точен PUK код. Вашата SIM картичка ќе тане целосно неупотреблива ако внесете погрешен код. За повеќе информации погледајте ја документацијата за SIM картичката или контактирајте со Вашиот оператор.","newSimPinMsg":"Креирај PIN (мора да содржи 4-8 бројки)","confirmNewSimPinMsg":"Потврди нов PIN","newPinErrorMsg":"PIN-овите не се совпаѓаат.","nckErrorMsg":"NCK кодот е неточен.","nckAttemptMsg2":{"_index":["plural","n"],"_":{"one":"Неуспешна мрежна деперсонализација. Имате уште еден обид за да го внесете точниот код. За повеќе информации погледајте ја документацијата за SIM картичката или контактирајте со Вашиот оператор.","two":"Неуспешна мрежна деперсонализација. Имате уште еден обид за да го внесете точниот код. За повеќе информации погледајте ја документацијата за SIM картичката или контактирајте со Вашиот оператор.","few":"Неуспешна мрежна деперсонализација. Имате уште {{n}} обиди за да го внесете точниот код. За повеќе информации погледајте ја документацијата за SIM картичката или контактирајте со Вашиот оператор.","many":"Неуспешна мрежна деперсонализација. Имате уште {{n}} обиди за да го внесете точниот код. За повеќе информации погледајте ја документацијата за SIM картичката или контактирајте со Вашиот оператор.","other":"Неуспешна мрежна деперсонализација. Имате уште {{n}} обиди за да го внесете точниот код. За повеќе информации погледајте ја документацијата за SIM картичката или контактирајте со Вашиот оператор."}},"nckLastChanceMsg":"Неуспешна мрежна деперсонализација. Последна шанса за да го внесете точниот NCK код. За повеќе информации погледајте ја документацијата за SIM картичката или контактирајте со Вашиот оператор.","activity-pick":"Избери од:","activity-view":"Види со:","activity-test":"Тестирај со:","activity-share":"Сподели со:","activity-new":"Создади со:","activity-open":"Отвори со:","activity-save-bookmark":"Обележи во:","activity-record":"Сними со:","activity-browse":"Разгледај со:","activity-configure":"Конфигурирај со:","activity-dial":"Сврти од:","persona-signin":"Пријави се","payment-flow":"Купи","remoteDebuggerMessage":"Пристигна барање за дозвола за дебагирање преку мрежа. Дозволи ја врската?","fullscreen-request":"{{origin}} сега е на цел екран.","captive-wifi-available":"Пронајдена е мрежата {{networkName}}. Приклучи се на мрежата?","ceWarningtitle":"Предупредување за гласност","ceWarningcontent":"За да се заштите од оштетување на слухот, не слушајте гласни звуци во подолги периоди.","notification-powersaving-mode-on-title":"Режим на штедење енергија","notification-powersaving-mode-on-description":"Вклучен е режим на штедење енергија.","low-device-storage":"Слободниот простор на уредот е при крај.\\n","free-space":{"_index":["plural","value"],"_":{"zero":"Нема повеќе слободно место","one":"Останува помалку од {{value}} {{unit}}.","two":"Остануваат помалку од {{value}} {{unit}}.","few":"Остануваат помалку од {{value}} {{unit}}.","many":"Остануваат помалку од {{value}} {{unit}}.","other":"Остануваат помалку од {{value}} {{unit}}."}},"unknown-free-space":"Непознато колку простор преостанува.","system-alert":"Системско предупредување","cb-channel":"Канал {{channel}}","cb-etws-warningType-earthquake":"Earthquake warning!","cb-etws-warningType-tsunami":"Tsunami warning!","cb-etws-warningType-earthquake-tsunami":"Earthquake-tsunami warning!","cb-etws-warningType-test":"Alert system is being tested.","cb-etws-warningType-other":"Emergency warning!","icc-message-maintitle":"Operator message","icc-message-subtitle":"SIM {{id}}","icc-confirmCall-defaultmessage":"Јави се на {{number}}?","icc-alertMessage-defaultmessage":"Пораката се праќа","icc-confirmMessage-defaultmessage":"Прати порака?","icc-inputbox-maintitle":"STK Query","icc-inputbox-subtitle":"SIM {{id}}","emergency-callback-mode":"Режим за итни повици","emergency-callback-message":"Не можете да правите повици, праќате пораки или да одите на интернет бидејќи е овозможен режимот за итни повратни повици е овозможен. Дали сакате да го исклучите?","cdma-record-info":"Информации за запис на CDMA","ime-switching-title":"{{appName}}: {{name}}","ime-switching-tip":"Допрете за промена на начинот на внесување","shrinking-tip":"Повлечете за да споделите","download_started":"Започна преземање","download_stopped":"Прекина преземање","download_downloading":"Преземање…","download_succeeded":"Заврши преземање","download_failed":"Неуспеа преземање","download_text_by_default":"{{name}}","download_downloading_text_2":"{{percentage}}% - {{name}}","search-or-enter-address":{"_":"Search or enter address","placeholder":"Search or enter address"},"noSIMCardInHotspot":"СИМ картичката не е присутна или внесена неправилно, па исклучете го Хотспот","noHopspotWhenAPMisOn":"Turn off airplane mode to use Wi-Fi hotspot","apmActivated":"Airplane mode activated","open-in-new-tab":"Open link in new tab","add-link-to-home-screen":"Add link to home screen","share-link":"Share link","save-image":"Save Image","save-video":"Save Video","save-audio":"Save Audio","save-link":"Save linked file","share-image":"Share Image","share-video":"Share Video","share-audio":"Share Audio","weekday-0-long":"Недела","weekday-1-long":"Понеделник","weekday-2-long":"Вторник","weekday-3-long":"Среда","weekday-4-long":"Четврток","weekday-5-long":"Петок","weekday-6-long":"Сабота","weekday-0-short":"Нед","weekday-1-short":"Пон","weekday-2-short":"Вто","weekday-3-short":"Сре","weekday-4-short":"Чет","weekday-5-short":"Пет","weekday-6-short":"Саб","month-0-long":"јануари","month-1-long":"февруари","month-2-long":"март","month-3-long":"април","month-4-long":"мај","month-5-long":"јуни","month-6-long":"јули","month-7-long":"август","month-8-long":"септември","month-9-long":"октомври","month-10-long":"ноември","month-11-long":"декември","month-0-genitive":"јануари","month-1-genitive":"февруари","month-2-genitive":"март","month-3-genitive":"април","month-4-genitive":"мај","month-5-genitive":"јуни","month-6-genitive":"јули","month-7-genitive":"август","month-8-genitive":"септември","month-9-genitive":"октомври","month-10-genitive":"ноември","month-11-genitive":"декември","month-0-short":"јан","month-1-short":"фев","month-2-short":"мар","month-3-short":"апр","month-4-short":"мај","month-5-short":"јун","month-6-short":"јул","month-7-short":"авг","month-8-short":"сеп","month-9-short":"окт","month-10-short":"ное","month-11-short":"дек","minutes-ago-long":{"_index":["plural","value"],"_":{"zero":"сега","one":"пред една минута","two":"пред {{value}} минути","few":"пред {{value}} минути","many":"пред {{value}} минути","other":"пред {{value}} минути"}},"hours-ago-long":{"_index":["plural","value"],"_":{"zero":"сега","one":"пред еден час","two":"пред {{value}} часа","few":"пред {{value}} часа","many":"пред {{value}} часови","other":"пред {{value}} часови"}},"days-ago-long":{"_index":["plural","value"],"_":{"zero":"денес","one":"вчера","two":"пред {{value}} дена","few":"пред {{value}} дена","many":"пред {{value}} денови","other":"пред {{value}} денови"}},"weeks-ago-long":{"_index":["plural","value"],"_":{"zero":"оваа недела","one":"минатата недела","two":"пред {{value}} недели","few":"пред {{value}} недели","many":"пред {{value}} недели","other":"пред {{value}} недели"}},"months-ago-long":{"_index":["plural","value"],"_":{"zero":"овој месец","one":"минатиот месец","two":"пред {{value}} месеци","few":"пред {{value}} месеци","many":"пред {{value}} месеци","other":"пред {{value}} месеци"}},"years-ago-long":{"_index":["plural","value"],"_":{"zero":"оваа година","one":"минатата година","two":"пред {{value}} години","few":"пред {{value}} години","many":"пред {{value}} години","other":"пред {{value}} години"}},"minutes-until-long":{"_index":["plural","value"],"_":{"zero":"сега","one":"за една минута","two":"за {{value}} минути","few":"за {{value}} минути","many":"за {{value}} минути","other":"за {{value}} минути"}},"hours-until-long":{"_index":["plural","value"],"_":{"zero":"сега","one":"за еден час","two":"за {{value}} часа","few":"за {{value}} часа","many":"за {{value}} часови","other":"за {{value}} часови"}},"days-until-long":{"_index":["plural","value"],"_":{"zero":"денес","one":"утре","two":"за {{value}} дена","few":"за {{value}} дена","many":"за {{value}} денови","other":"за {{value}} денови"}},"weeks-until-long":{"_index":["plural","value"],"_":{"zero":"оваа седмица","one":"следната седмица","two":"за {{value}} седмици","few":"за {{value}} седмици","many":"за {{value}} седмици","other":"за {{value}} седмици"}},"months-until-long":{"_index":["plural","value"],"_":{"zero":"овој месец","one":"следниот месец","two":"за {{value}} месеци","few":"за {{value}} месеци","many":"за {{value}} месеци","other":"за {{value}} месеци"}},"years-until-long":{"_index":["plural","value"],"_":{"zero":"оваа година","one":"следната година","two":"за {{value}} години","few":"за {{value}} години","many":"за {{value}} години","other":"за {{value}} години"}},"minutes-ago-short":{"_index":["plural","value"],"_":{"zero":"сега","other":"пред {{value}}m"}},"hours-ago-short":{"_index":["plural","value"],"_":{"zero":"сега","other":"пред {{value}}h"}},"days-ago-short":{"_index":["plural","value"],"_":{"zero":"денес","other":"пред {{value}}d"}},"minutes-until-short":{"_index":["plural","value"],"_":{"zero":"сега","other":"за {{value}}m"}},"hours-until-short":{"_index":["plural","value"],"_":{"zero":"сега","other":"за {{value}}h"}},"days-until-short":{"_index":["plural","value"],"_":{"zero":"денес","other":"за {{value}}d"}},"incorrectDate":"(неточен датум)","dateTimeFormat_%c":"%a %b %e %Y %H:%M:%S","dateTimeFormat_%x":"%d/%m/%Y","dateTimeFormat_%X":"%H:%M:%S","shortTimeFormat":"%H:%M","shortDateTimeFormat":"%x %H:%M","weekStartsOnMonday":"1","time_am":"AM","time_pm":"PM","title-app":"App Permission","title-web":"Website Permission","title-cam":"Select Camera","perm-contacts":"Контакти","perm-contacts-appRequest":"{{app}} сака да има пристап до Вашиот адресар.","perm-contacts-webRequest":"{{site}} сака да има пристап до Вашиот адресар.","perm-desktop-notification":"Известувања","perm-desktop-notification-appRequest":"{{app}} сака да прикажува известувања.","perm-desktop-notification-webRequest":"{{site}} сака да прикажува известувања.","perm-device-storage-music":"Музичка библиотека","perm-device-storage-music-appRequest":"{{app}} сака да пристапи до Вашата музика.","perm-device-storage-music-webRequest":"{{site}} сака да пристапи до Вашата музика.","perm-device-storage-pictures":"Фото библиотека","perm-device-storage-pictures-appRequest":"{{app}} сака да пристапи до Вашите фотографии.","perm-device-storage-pictures-webRequest":"{{site}} сака да пристапи до Вашите фотографии.","perm-device-storage-sdcard":"Мемориска картичка","perm-device-storage-sdcard-appRequest":"{{app}} сака да пристапи до Вашата мемориска картичка.","perm-device-storage-sdcard-webRequest":"{{site}} сака да пристапи до Вашата мемориска картичка.","perm-device-storage-videos":"Видео библиотека","perm-device-storage-videos-appRequest":"{{app}} сака да пристапи до Вашите видеа.","perm-device-storage-videos-webRequest":"{{site}} сака да пристапи до Вашите видеа.","perm-fmradio":"FM радио","perm-fmradio-appRequest":"{{app}} сака да го користи FM радиото.","perm-fmradio-webRequest":"{{site}} сака да го користи FM радиото.","perm-geolocation":"Геолокација","perm-geolocation-appRequest":"{{app}} сака да ја знае Вашата местоположба.","perm-geolocation-webRequest":"{{site}} сака да ја знае Вашата местоположба.","perm-geolocation-more-info":"{{brandShortName}} ги користи GPS, Wi-Fi, и мобилните мрежи во близина за да ја одреди Вашата приближна местоположба. Податоци се испраќаат до Mozilla и други сервисни провајдери и ќе бидат искористени за подобрување на тие дата-бази на местоположба. Податоци може да бидат снимени на Вашиот уред и збирки на податоци може да се појават дури и кога нема апликации што работат.","perm-video-capture":"Камера","perm-video-capture-appRequest":"Дали сакате да ја споделите Вашата камера со {{app}}?","perm-video-capture-webRequest":"Дали сакате да ја споделите Вашата камера со {{site}}?","perm-audio-capture":"Микрофон","perm-audio-capture-appRequest":"Дали сакате да го споделите Вашиот микрофон со {{app}}?","perm-audio-capture-webRequest":"Дали сакате да го споделите Вашиот микрофон со {{site}}?","perm-media-capture":"Камера и микрофон","perm-media-capture-appRequest":"Дали сакате да ги споделите Вашите камера и микрофон со {{app}}?","perm-media-capture-webRequest":"Дали сакате да ги споделите Вашите камера и микрофон со {{site}}?","perm-camera-selector-appRequest":"Select a camera for {{app}}.","perm-camera-selector-webRequest":"Select a camera for {{site}}.","perm-mobileid":"Mobile Identity","stopped_download_title":"Преземањето се прекина","stopped_download_message":"Преземањето беше прекинато. Да се обидам повторно?","stopped_download_left_button":"Откажи","stopped_download_right_button":"Повторно","failed_download_title":"Преземањето не успеа","failed_download_message":"Преземањето на {{name}} не успеа. Да се обидам повторно?","failed_download_left_button":"Откажи","failed_download_right_button":"Повторно","stop_download_title":"Запри преземање","stop_download_message":"Сигурни сте дека сакате да го стопирам преземањето?","stop_download_left_button":"Не","stop_download_right_button":"Да","delete_download_title":"Избриши","delete_download_message":"Избриши {{name}}?","delete_download_left_button":"Откажи","delete_download_right_button":"Избриши","delete_all_download_title":"Избриши","delete_all_download_left_button":"Откажи","delete_all_download_right_button":"Избриши","delete_all_download_message":{"_index":["plural","number"],"_":{"zero":"Без бришење на датотеки?","one":"Избриши една датотека?","two":"Избриши {{number}} датотеки?","few":"Избриши {{number}} датотеки?","many":"Избриши {{number}} датотеки?","other":"Избриши {{number}} датотеки?"}},"unsupported_file_type_download_title":"Не е можно да се отвори","unsupported_file_type_download_message":"Не постои апликација за отворање на {{name}}. Сакате да ја зачувате датотеката или да ја избришете?","unsupported_file_type_download_left_button":"Зачувај","unsupported_file_type_download_right_button":"Избриши","file_not_found_download_title":"Датотеката не постои","file_not_found_download_message":"Датотеката не постои на овој уред","file_not_found_download_right_button":"Во ред","unmounted_sdcard_2_download_title":"Мемориската картичка е во употреба","unmounted_sdcard_2_download_message":"Исклучете го кабел од телефонот","unmounted_sdcard_2_download_right_button":"Во ред","no_provider_download_title":"Не може да се сподели","no_provider_download_message":"Нема опслужувач","no_provider_download_right_button":"Во ред","no_memory_download_title":"Картичката е полна","no_memory_download_message":"На вашата картичка нема повеќе простор за да се сними преземањето. Избришете некои датотеки пред да преземате повторно.","no_memory_download_right_button":"Во ред","no_sdcard_found_2_download_title":"Нема мемориска картичка","no_sdcard_found_2_download_message":"Внесете мемориска картичка или изберете алтернативно складиште за медии во Поставувања","no_sdcard_found_2_download_right_button":"Во ред","file_open_error_download_title":"Не може да се отвори","file_open_error_download_message":"Има проблем при отворањето на {{name}}. Сакате да ја зачувате или да ја избришете датотеката?","file_open_error_download_left_button":"Зачувај","file_open_error_download_right_button":"Избриши","restart_download_error":"Се случи грешка при рестартирањето на преземањето. Ве молам, обидете се повторно.","no-downloads":"Нема преземања","percentage":"{{percentage}} %","partialResult":"{{partial}} од {{total}}","summary":"{{date}} - {{status}}","download-stopped":"Стопирано","download-failed":"Преземањето не успеа","open_downloaded_file":"Отвори","share_downloaded_file":"Сподели","wallpaper_downloaded_file":"Постави како тапет","ringtone_downloaded_file":"Постави како мелодија","cancel_downloaded_file":"Откажи","voicemailNoNumberTitle":"Voicemail number is unavailable","voicemailNoNumberText":"Unable to call the voicemail. Set up the voicemail number to place the call.","voicemailNoNumberSettings":"Settings","voicemailNoNumberCancel":"Cancel","resend":"Resend","connecting":"Connecting","verify":"Verify","verifying":"Verifying","verified":"Verified","mobileIDExplanation":"{{app_name}} would like to know and verify your phone number. Please choose which one you want to share or enter a new one.","verificationCodeExplanation":"We’ve sent a code to {{phone_number}}. We’ll try to pick it up automatically, but you’ll have to enter it manually if it’s not in use in this device.","successMessage":"Awesome! Your number {{phone_number}} is now verified and available to {{app_name}}.","serverErrorMessage":"The verification server is unavailable at this time. Please check your Internet connection, try again or wait a few minutes.","timeoutErrorMessage":"There seems to be a problem with your verification code. Let's try once again!","errorTitle":"Mobile identity","addPhoneNumber":"Or add your phone number","selectPhoneNumber":"Or select a phone number from the list"}