{"firefox-accounts-title":"Firefox Accounts","fxa-next":"Next","fxa-back":"Back","fxa-done":"Done","fxa-ok":"OK","fxa-connection-error-title":"Unable to Connect","fxa-connection-error-message":"You can create an account or sign in from Settings.","fxa-reset-password-error-title":"Reset Password","fxa-reset-password-error-message":"You can reset your password from Settings.","fxa-coppa-failure-error-title":"Cannot Create Account","fxa-coppa-failure-error-message":"You must meet certain age requirements to create a Firefox Account. {{learnmore}}","fxa-learn-more":"Learn more","fxa-offline-error-title":"Unable to Connect","fxa-offline-error-message":"Please connect to a network from Settings.","fxa-invalid-email-title":"Error","fxa-invalid-email-message":"Please enter a valid email.","fxa-invalid-password-title":"Invalid Password","fxa-invalid-password-message":"Please check your password and try again.","fxa-unknown-error-title":"Unable to Connect","fxa-unknown-error-message":"System unavailable, try again soon.","fxa-connecting":"Connecting","fxa-enter-email-input":{"placeholder":"Enter your email"},"fxa-use-email-to-sign-in":"Use your email address to create an account or sign in.","fxa-notice":"By proceeding, I agree to the {{tos}} and {{pn}} of Firefox cloud services.","fxa-tos":"Terms of Service","fxa-pn":"Privacy Notice","fxa-create-password-title":"Create a Password","fxa-enter-password-title":"Enter Your Password","fxa-hello-user":"Hello, {{email}}","fxa-password-refresh":"Please enter your Firefox Account password to continue.","fxa-password":{"placeholder":"Password"},"fxa-forgot-your-password":"Forgot your password?","fxa-show-password":"Show password","fxa-password-length-requirement":"Your password must be at least 8 characters long.","fxa-success":"Success!","fxa-ready-to-go":"Your Firefox Account is ready to go! ","fxa-use-features":"Now you can use features like Find My Device and apps like the Firefox Marketplace.","fxa-access-manage-account-settings":"In the future, you can access and manage your account from Settings.","fxa-confirm-account":"Confirm Your Account","fxa-will-send-email":"We will send an email to: {{email}}","fxa-signup-click-verification-link-in-email":"Next time you check your email, click the verification link to confirm your Firefox Account.","fxa-age-verification":"Age Verification","fxa-age-1990-earlier":"1990 or earlier","fxa-year-of-birth":"Year of Birth","brandShortName":"B2G OS","browserBrandShortName":"Pelayar Web","browserBrandFullName":"Pelayar Web Mozilla","accessibility-enableScreenReaderSteps":"To enable screen reader, press volume up then volume down buttons three more times","accessibility-disableScreenReaderSteps":"To disable screen reader, press volume up then volume down buttons three more times","accessibility-screenReaderStarted":"Screen reader started","accessibility-screenReaderStopped":"Screen reader stopped","accessibility-menubar":"menu bar","accessibility-scrollbar":"scroll bar","accessibility-grip":"grip","accessibility-alert":"alert","accessibility-menupopup":"menu popup","accessibility-document":"document","accessibility-pane":"pane","accessibility-dialog":"dialog","accessibility-separator":"separator","accessibility-toolbar":"toolbar","accessibility-statusbar":"status bar","accessibility-table":"table","accessibility-columnheader":"column header","accessibility-rowheader":"row header","accessibility-column":"column","accessibility-row":"row","accessibility-cell":"cell","accessibility-link":"link","accessibility-list":"list","accessibility-listitem":"list item","accessibility-outline":"outline","accessibility-outlineitem":"outline item","accessibility-pagetab":"tab","accessibility-propertypage":"property page","accessibility-graphic":"graphic","accessibility-pushbutton":"button","accessibility-checkbutton":"check button","accessibility-radiobutton":"radio button","accessibility-combobox":"combo box","accessibility-progressbar":"progress bar","accessibility-slider":"slider","accessibility-spinbutton":"spin button","accessibility-diagram":"diagram","accessibility-animation":"animation","accessibility-equation":"equation","accessibility-buttonmenu":"button menu","accessibility-whitespace":"white space","accessibility-pagetablist":"tab list","accessibility-canvas":"canvas","accessibility-checkmenuitem":"check menu item","accessibility-label":"label","accessibility-passwordtext":"password text","accessibility-radiomenuitem":"radio menu item","accessibility-textcontainer":"text container","accessibility-togglebutton":"toggle button","accessibility-treetable":"tree table","accessibility-header":"header","accessibility-footer":"footer","accessibility-paragraph":"paragraph","accessibility-entry":"entry","accessibility-caption":"caption","accessibility-heading":"heading","accessibility-section":"section","accessibility-form":"form","accessibility-comboboxlist":"combo box list","accessibility-comboboxoption":"combo box option","accessibility-imagemap":"image map","accessibility-listboxoption":"option","accessibility-listbox":"list box","accessibility-flatequation":"flat equation","accessibility-gridcell":"gridcell","accessibility-note":"note","accessibility-figure":"figure","accessibility-definitionlist":"definition list","accessibility-term":"term","accessibility-definition":"definition","accessibility-textarea":"text area","accessibility-textInputType_date":"date","accessibility-textInputType_email":"e-mail","accessibility-textInputType_search":"search","accessibility-textInputType_tel":"telephone","accessibility-textInputType_url":"URL","accessibility-headingLevel":"heading level {{0}}","accessibility-listStart":"First item","accessibility-listEnd":"Last item","accessibility-listItemsCount":{"_index":["plural","count"],"_":{"zero":"{{count}} items","one":"{{count}} item","two":"{{count}} items","few":"{{count}} items","many":"{{count}} items","other":"{{count}} items"}},"accessibility-objItemOfN":"{{0}} of {{1}}","accessibility-banner":"banner","accessibility-complementary":"complementary","accessibility-contentinfo":"content info","accessibility-main":"main","accessibility-navigation":"navigation","accessibility-search":"search","accessibility-tblColumnInfo":{"_index":["plural","count"],"_":{"zero":"with {{count}} columns","one":"with {{count}} column","two":"with {{count}} columns","few":"with {{count}} columns","many":"with {{count}} columns","other":"with {{count}} columns"}},"accessibility-tblRowInfo":{"_index":["plural","count"],"_":{"zero":"and {{count}} rows","one":"and {{count}} row","two":"and {{count}} rows","few":"and {{count}} rows","many":"and {{count}} rows","other":"and {{count}} rows"}},"accessibility-columnInfo":"Column {{0}}","accessibility-rowInfo":"Row {{0}}","accessibility-spansColumns":{"_index":["plural","0"],"_":{"zero":"spans {{0}} columns","one":"spans {{0}} column","two":"spans {{0}} columns","few":"spans {{0}} columns","many":"spans {{0}} columns","other":"spans {{0}} columns"}},"accessibility-spansRows":{"_index":["plural","0"],"_":{"zero":"spans {{0}} rows","one":"spans {{0}} row","two":"spans {{0}} rows","few":"spans {{0}} rows","many":"spans {{0}} rows","other":"spans {{0}} rows"}},"accessibility-jumpAction":"jumped","accessibility-pressAction":"pressed","accessibility-checkAction":"checked","accessibility-uncheckAction":"unchecked","accessibility-selectAction":"selected","accessibility-unselectAction":"unselected","accessibility-openAction":"opened","accessibility-closeAction":"closed","accessibility-switchAction":"switched","accessibility-clickAction":"clicked","accessibility-collapseAction":"collapsed","accessibility-expandAction":"expanded","accessibility-activateAction":"activated","accessibility-cycleAction":"cycled","accessibility-hidden":"hidden","accessibility-tabLoading":"loading","accessibility-tabLoaded":"loaded","accessibility-tabNew":"new tab","accessibility-tabLoadStopped":"loading stopped","accessibility-tabReload":"reloading","accessibility-stateChecked":"checked","accessibility-stateNotChecked":"not checked","accessibility-statePressed":"pressed","accessibility-stateExpanded":"expanded","accessibility-stateCollapsed":"collapsed","accessibility-stateUnavailable":"unavailable","accessibility-stateRequired":"required","accessibility-stateTraversed":"visited","accessibility-stateHasPopup":"has pop up","accessibility-stateSelected":"selected","accessibility-editingMode":"editing","accessibility-navigationMode":"navigating","accessibility-quicknav_Simple":"Default","accessibility-quicknav_Anchor":"Anchors","accessibility-quicknav_Button":"Buttons","accessibility-quicknav_Combobox":"Combo boxes","accessibility-quicknav_Landmark":"Landmarks","accessibility-quicknav_Entry":"Entries","accessibility-quicknav_FormElement":"Form elements","accessibility-quicknav_Graphic":"Images","accessibility-quicknav_Heading":"Headings","accessibility-quicknav_ListItem":"List items","accessibility-quicknav_Link":"Links","accessibility-quicknav_List":"Lists","accessibility-quicknav_PageTab":"Page tabs","accessibility-quicknav_RadioButton":"Radio buttons","accessibility-quicknav_Separator":"Separators","accessibility-quicknav_Table":"Tables","accessibility-quicknav_Checkbox":"Check boxes","accessibility-menubarAbbr":"menu bar","accessibility-scrollbarAbbr":"scroll bar","accessibility-gripAbbr":"grip","accessibility-alertAbbr":"alert","accessibility-menupopupAbbr":"menu popup","accessibility-documentAbbr":"document","accessibility-paneAbbr":"pane","accessibility-dialogAbbr":"dialog","accessibility-separatorAbbr":"separator","accessibility-toolbarAbbr":"toolbar","accessibility-statusbarAbbr":"status bar","accessibility-tableAbbr":"tbl","accessibility-columnheaderAbbr":"column header","accessibility-rowheaderAbbr":"row header","accessibility-columnAbbr":"column","accessibility-rowAbbr":"row","accessibility-cellAbbr":"cell","accessibility-linkAbbr":"lnk","accessibility-listAbbr":"list","accessibility-listitemAbbr":"list item","accessibility-outlineAbbr":"outline","accessibility-outlineitemAbbr":"outline item","accessibility-pagetabAbbr":"tab","accessibility-propertypageAbbr":"property page","accessibility-graphicAbbr":"graphic","accessibility-pushbuttonAbbr":"btn","accessibility-checkbuttonAbbr":"check button","accessibility-radiobuttonAbbr":"radio button","accessibility-comboboxAbbr":"combo box","accessibility-progressbarAbbr":"progress bar","accessibility-sliderAbbr":"slider","accessibility-spinbuttonAbbr":"spin button","accessibility-diagramAbbr":"diagram","accessibility-animationAbbr":"animation","accessibility-equationAbbr":"equation","accessibility-buttonmenuAbbr":"button menu","accessibility-whitespaceAbbr":"white space","accessibility-pagetablistAbbr":"tab list","accessibility-canvasAbbr":"canvas","accessibility-checkmenuitemAbbr":"check menu item","accessibility-labelAbbr":"label","accessibility-passwordtextAbbr":"passwdtxt","accessibility-radiomenuitemAbbr":"radio menu item","accessibility-textcontainerAbbr":"text container","accessibility-togglebuttonAbbr":"toggle button","accessibility-treetableAbbr":"tree table","accessibility-headerAbbr":"header","accessibility-footerAbbr":"footer","accessibility-paragraphAbbr":"paragraph","accessibility-entryAbbr":"entry","accessibility-captionAbbr":"caption","accessibility-headingAbbr":"heading","accessibility-sectionAbbr":"section","accessibility-formAbbr":"form","accessibility-comboboxlistAbbr":"combo box list","accessibility-comboboxoptionAbbr":"combo box option","accessibility-imagemapAbbr":"imgmap","accessibility-listboxoptionAbbr":"option","accessibility-listboxAbbr":"list box","accessibility-flatequationAbbr":"flat equation","accessibility-gridcellAbbr":"gridcell","accessibility-noteAbbr":"note","accessibility-figureAbbr":"fig","accessibility-definitionlistAbbr":"definition list","accessibility-termAbbr":"term","accessibility-definitionAbbr":"definition","accessibility-textareaAbbr":"txtarea","accessibility-tblColumnInfoAbbr":{"_index":["plural","count"],"_":{"one":"{{count}}c","two":"{{count}}c","few":"{{count}}c","many":"{{count}}c","other":"{{count}}c"}},"accessibility-tblRowInfoAbbr":{"_index":["plural","count"],"_":{"one":"{{count}}r","two":"{{count}}r","few":"{{count}}r","many":"{{count}}r","other":"{{count}}r"}},"accessibility-cellInfoAbbr":"c{{0}}r{{1}}","accessibility-stateCheckedAbbr":"(x)","accessibility-stateUncheckedAbbr":"( )","accessibility-statePressedAbbr":"(x)","accessibility-stateUnpressedAbbr":"( )","ok":"OK","back":"Undur","help":"Bantuan","cancel":"Cancel","close":"Tutup","skip":"Langkau","clear":{"ariaLabel":"Clear"},"undo":{"ariaLabel":"Undo"},"airplaneMode":"Mod pesawat","searching":"Mencari...","noNetwork":"Tiada rangkaian","roaming":"{{operator}} (Perayauan)","operator-info":"{{carrier}} {{region}}","emergencyCallsOnly":"Panggilan kecemasan sahaja","emergencyCallsOnly-unknownSIMState":"(Keadaan SIM tidak diketahui)","emergencyCallsOnly-noSIM":"(tiada SIM)","emergencyCallsOnly-pinRequired":"(PIN SIM diperlukan)","emergencyCallsOnly-pukRequired":"(PUK SIM diperlukan)","emergencyCallsOnly-networkLocked":"(rangkaian dikunci)","emergencyCallsOnly-serviceProviderLocked":"(penyedia servis dikunci)","emergencyCallsOnly-corporateLocked":"(korporat dikunci)","emergencyCallsOnly-network1Locked":"(network1 locked)","emergencyCallsOnly-network2Locked":"(network2 locked)","emergencyCallsOnly-hrpdNetworkLocked":"(hrpd network locked)","emergencyCallsOnly-ruimCorporateLocked":"(ruim corporate locked)","emergencyCallsOnly-ruimServiceProviderLocked":"(ruim service provider locked)","enterPIN":"Masukkan PIN","mediaPlaybackTitle":{"ariaLabel":"Title"},"mediaPlaybackArtist":{"ariaLabel":"Artist"},"mediaPlaybackControls":{"ariaLabel":"Playback controls"},"mediaPlaybackPrevious":{"ariaLabel":"Previous"},"mediaPlaybackPlay":"Play","mediaPlaybackPause":"Pause","mediaPlaybackNext":{"ariaLabel":"Next"},"wifiButton-on":"Wi-Fi on","wifiButton-on-initializing":"Wi-Fi on, initializing","wifiButton-off":"Wi-Fi off","dataButton-on":"Data {{type}} on","dataButton-off":"Data {{type}} off","bluetoothButton-on":"Bluetooth on","bluetoothButton-on-initializing":"Bluetooth on, initializing","bluetoothButton-off":"Bluetooth off","airplaneMode-on":"Airplane mode on","airplaneMode-off":"Airplane mode off","settingsButton":{"ariaLabel":"Settings"},"utilityTrayGrippy":{"ariaLabel":"Close utility tray"},"statusbarLabel":"{{date}}, {{operator}}","statusbarDateFormat":"%b %e","statusbar":{"ariaLabel":"Status Bar"},"statusbarBattery":"Battery {{level}} percent","statusbarBatteryCharging":"Battery {{level}} percent, charging","statusbarFlightMode":{"ariaLabel":"Airplane mode on"},"statusbarWiFiConnecting":"Wi-Fi: connecting","statusbarWiFiConnected":"Wi-Fi: {{level}} of 4 bars","statusbarSignal":"{{operator}} network, {{level}} of 5 bars","statusbarSignalRoaming":"{{operator}} network (roaming), {{level}} of 5 bars","statusbarSignalNoneSearching":"Searching… Emergency calls only","statusbarHeadphones":{"ariaLabel":"Headphones on"},"statusbarBluetoothHeadphones":{"ariaLabel":"Bluetooth headphones on"},"statusbarBluetoothTransferring":{"ariaLabel":"Bluetooth transfer active"},"statusbarIconOn-tethering":"Tethering on","statusbarIconOnActive-tethering":"Tethering on, active","statusbarAlarm":{"ariaLabel":"Alarm on"},"statusbarIconOn-bluetooth":"Bluetooth on","statusbarIconOnActive-bluetooth":"Bluetooth on, active","statusbarIconOn-mute":"Mute on","statusbarIconOn-vibration":"Vibration on","statusbarRecording":{"ariaLabel":"Recording on"},"statusbarGeolocation":{"ariaLabel":"Geolocation on"},"statusbarUsb":{"ariaLabel":"USB on"},"statusbarForwarding":"Call forwarding on","statusbarPlaying":{"ariaLabel":"Media playing"},"statusbarNfc":{"ariaLabel":"NFC on"},"statusbarDownloads":{"ariaLabel":"Downloading…"},"statusbarNetworkActivity":{"ariaLabel":"Networking on"},"statusbarEmergencyCBNotification":{"ariaLabel":"Emergency callback"},"statusbarNotifications":{"_index":["plural","n"],"_":{"one":"{{n}} notification","two":"{{n}} notifications","few":"{{n}} notifications","many":"{{n}} notifications","other":"{{n}} notifications"}},"statusbarNotifications-unread":{"_index":["plural","n"],"_":{"one":"{{n}} unread notification","two":"{{n}} unread notifications","few":"{{n}} unread notifications","many":"{{n}} unread notifications","other":"{{n}} unread notifications"}},"notifications":"Pemberitahuan","clear-all":"Lapangkan semua","attentionScreen-tapToShow":"Tap to show","newVoicemails":{"_index":["plural","n"],"_":{"zero":"Tiada mel suara baru","one":"Satu mel suara baru","two":"{{n}} mel suara baru","few":"{{n}} mel suara baru","many":"{{n}} mel suara baru","other":"{{n}} mel suara baru"}},"newVoicemailsUnknown":"Mel suara baru","dialNumber":"Dial {{number}}","voicemailNotificationMultiSim":"(SIM {{n}}) {{title}}","confirmNFCConnectBTenabledNameUnknown":"Are you sure you want to connect to the device?","confirmNFCConnectBTdisabledNameUnknown":"Turn on Bluetooth and connect to the device?","confirmNFCConnectBTenabledNameKnown":"Are you sure you want to connect to {{deviceName}}?","confirmNFCConnectBTdisabledNameKnown":"Turn on Bluetooth and connect to {{deviceName}}?","confirmNFCConnectBTdisabled":"Turn on","dismissNFCConnectBTdisabled":"Cancel","confirmation":"Confirmation","deviceMenu":"Telefon","airplane":"Hidupkan mod pesawat","airplaneOff":"Matikan mod pesawat","silent":"Senyapkan panggilan masuk","normal":"Dering panggilan masuk","restart":"Ulang mula","power":"Tutup kuasa","no-recent-apps":"Tiada app kebelakangan","yes":"Ya","no":"Tidak","dontallow":"Don’t allow","allow":"Benarkan","dontshare-geolocation":"Jangan Kongsi","share-geolocation":"Kongsi","dontshare-audio-capture":"Jangan Kongsi","share-audio-capture":"Kongsi","dontshare-video-capture":"Jangan Kongsi","share-video-capture":"Kongsi","dontshare-media-capture":"Jangan Kongsi","share-media-capture":"Kongsi","device-front":"Kamera Depan","device-back":"Kamera Belakang","remember-my-choice":"Ingiti pilihan saya","more-info":"Info lanjut...","hide-info":"Hide info","install-app":"Pasang {{name}}?","size":"Saiz","author":"Pengarang","size-unknown":"Tidak diketahui","author-unknown":"Tidak diketahui","install":"Pemasangan","bytes":"bait","kB":"KB","MB":"MB","GB":"GB","TB":"TB","PB":"PB","app-install-generic-error":"Muat turun {{ appName }} dihenti","app-install-download-failed":"Muat turun {{ appName }} gagal","app-install-install-failed":"Pemasangan {{ appName }} gagal","cancelling-will-not-refund":"Pembatalan tidak dapat memulangkan pembelian. Pemulangan kandungan yang telah dibeli disediakan oleh penjual asal.","apps-can-be-installed-later":"App dapat dipasang kemudiannya daripada sumber pemasangan asal.","are-you-sure-you-want-to-cancel":"Pastikah anda ingin batalkan pemasangan ini?","cancel-install":"Cancel Install","cancel-install-button":"Cancel Install","resume":"Sambung","continue":"Continue","stopDownloading":"Henti muat turun {{ app }}?","app-download-can-be-restarted":"Muat turun boleh diulang mula kemudia.","app-download-stop-button":"Henti Muat turun","not-enough-space":"Tidak cukup ruang","not-enough-space-message":"Ruang tidak mencukupi untuk memasang app ini. Lapangkan ruang dengan menghapus app atau media lama, dan cuba lagi daripada sumber asal.","app-install-success":"{{ appName }} dipasang","setup":"Penetapan","ime-addkeyboards":"Tambah papan kekunci","later":"Kemudian","download":"Muat turun","wantToDownload":"Muat turun kemaskini sekarang?","wantToInstall":"Pasang kemaskini sekarang?","installNow":"Pasang Sekarang","notNow":"Bukan Sekarang","downloadingUpdateMessage":{"innerHTML":"Muat turun kemaskini... <span>{{ progress}} dimaut turun.</span>"},"downloadingAppMessage":"Memuat turun {{ appName }}","downloadingAppProgressNoMax":"{{ progress }} dimuat turun","downloadingAppProgressIndeterminate":"Memuat turun","downloadingAppProgress":"{{ progress }} / {{ max }} dimuat turun","cancelAllDownloads":"Batal semua muat turun","wantToCancelAll":"Pastikah anda untuk membatalkan semua muat turun?","downloadError":"Terdapat ralat ketika memuat turun kemaskini.","updateAvailableInfo":{"innerHTML":{"_index":["plural","n"],"_":{"one":"{{ n }} kemaskini tersedia. <span>Tap untuk info lanjut.</span>","two":"{{ n }} kemaskini tersedia. <span>Tap untuk info lanjut.</span>","few":"{{ n }} kemaskini tersedia. <span>Tap untuk info lanjut.</span>","many":"{{ n }} kemaskini tersedia. <span>Tap untuk info lanjut.</span>","other":"{{ n }} kemaskini tersedia. <span>Tap untuk info lanjut.</span>"}}},"numberOfUpdates":{"_index":["plural","n"],"_":{"one":"{{ n }} kemaskini tersedia","two":"{{ n }} kemaskini tersedia","few":"{{ n }} kemaskini tersedia","many":"{{ n }} kemaskini tersedia","other":"{{ n }} kemaskini tersedia"}},"systemUpdate":"Kemaskini sistem","systemUpdateReady":"Kemaskini Sistem Sedia","systemUpdateLowBatteryThreshold":"You need at least {{ threshold }}% battery level to install the update.","required":"Diperlukan","uncompressingMessage":{"innerHTML":"Menyahmampat... <span>Ini akan mengambil masam beberapa minit.</span>"},"downloadNoWifiWarning":"Wi-Fi tidak tersedia. Mengemaskini menggunakan sambungan semasa bakal menanggung cas tambahan.","downloadOfflineWarning":"Sambungan tidak tersedia. Sambung kepada rangkaian untuk memuat turun kemaskini.","downloadDataConnectionWarning":"Kemaskini dimuat turun melalui sambungn data ketika Wi-Fi tidak tersedia. Mungkin dikenakan cas data tambahan.","downloadUpdatesViaDataConnection":"Muat turun kemaskini melalui sambungan data?","downloadUpdatesViaDataConnectionMessage":"Kemaskini dimuat turun melalui sambungn data ketika Wi-Fi tidak tersedia. Apabilamenggunakan sambungan data, panggilan telefon akan disekat dan cas tambahan akan dikenakan.","downloadUpdatesVia2GForbidden2":"Downloading updates is not possible on slow connections (2G). Please connect via Wi-Fi or 3G (if available) and try again.","screenshotSaved":"Cekupan layar disimpan ke Galeri","screenshotFailed":"Cekupan layar tidak dapat disimpan","screenshotNoSDCard":"Kad memori tidak ditemui","screenshotSDCardInUse":"Kad memori sedang diguna","screenshotSDCardLow":"Tidak cukup ruang pada kad memori","emergency-call-button":"Panggilan Kecemasan","emergency-call":"Panggilan Kecemasan","unlock-a11y-button":{"ariaLabel":"Buka kunci"},"camera-a11y-button":{"ariaLabel":"Kamera"},"longDateFormat":"%A, %B %e","panel-passcode":{"ariaLabel":"Passcode panel"},"lockscreen-sim-id":"SIM {{ n }}","softwareHomeButton":{"ariaLabel":"Laman Utama"},"login":"Daftar masuk","username":"Nama pengguna","password":"Kata laluan","http-authentication-message":"Nama pengguna dan katalaluan dipohon oleh {{host}}. Laman berkata: “{{realm}}”","error-message":"{{name}} tidak dimuat dengan sempurna","error-title":"{{name}} terdapat masalah","airplane-is-on":"Mod pesawat telah hidup","airplane-is-turned-on":"{{name}} memerlukan sambungan rangkaian. Matikan mod pesawat daripada Tetapan dan sambung kepada Wi-Fi atau rangkaian data selular.","server-not-found":"Pelayan tidak ditemui","server-not-found-error":"Tidak menemui pelayan di {{name}}.","file-not-found":"File not found","file-not-found-error":"The device can’t display this page because the file cannot be found.","connection-failed":"Unable to connect","connection-failed-error":"A network error occurred while trying to reach the site.","invalid-connection":"Unable to connect","invalid-connection-error":"A network error occurred while trying to reach the site.","malformed-uri":"URL not valid","malformed-uri-error":"The URL entered is not valid and cannot be loaded.","redirect-loop":"Can’t display page","redirect-loop-error":"The device can’t display this page because the page is not redirecting properly. Try this page again at a later time.","not-cached":"Page expired","not-cached-error":"As a security precaution, this page cannot be displayed by the device because it has expired.","is-printing-error":"The document cannot change while Printing or in Print Preview.","denied-port-access":"This address is restricted","denied-port-access-error":"This address uses a network port which is normally used for purposes other than Web browsing. The device has cancelled the request for your protection.","proxy-resolve-failure":"Proxy Server Error","proxy-resolve-failure-error":"The device is configured to use a proxy server that can’t be found.","proxy-connect-failure":"Proxy Server Error","proxy-connect-failure-error":"The device is configured to use a proxy server that is refusing connections.","content-encoding":"Can’t display page","content-encoding-error":"The device can’t display this page because a content encoding error occurred.","remote-xul":"Page unsupported","remote-xul-error":"This page can’t be displayed because it uses a technology that is not supported on the device.","phishing-blocked":"Warning","phishing-blocked-error":"The website has been reported as a web forgery designed to trick users into sharing personal or financial information.","malware-blocked":"Malware attack blocked","malware-blocked-error":"The site at has been reported as an attack site and has been blocked.","unsafe-content-type":"Unsafe content","unsafe-content-type-error":"The page cannot be shown because it may not be safe to open.","corrupted-content":"Can’t display page","corrupted-content-error":"The page cannot be shown because an error in the data transmission was detected.","network-connection-unavailable":"Sambungan rangkaian tidak tersedia","network-error":"{{name}} memerlukan sambungan rangkaian. Cuba menyambuung kepada Wi-Fi atau rangkaian data selular.","network-error-launching":"{{name}} requires an Internet connection.","network-error-in-app":"No access to the Internet right now.","unable-to-connect":"Unable to connect","try-again":"Cuba lagi","check-settings":"Check settings","tap-to-check-settings":"Tap to check settings","select-time":"Pilih masa","choose-option":"Pilih","choose-options":"Pilih","select-day":"Pilih hari","battery-almost-empty":"Bateri hampir tiada","add-to-home-screen":"Tambah ke Skrin Utama","share":"Share","crash-dialog2-os":"{{brandShortName}} telah pulih dari kemusnahan","crash-dialog-app":"{{name}} telah musnah","crash-dialog-message":"Adakah anda ingin menghantar laporan ke Mozilla perihal kemusnahan bagi membantu kami memperbaiki masalah? (Laporan dihantar melalui Wi-Fi sahaja.)","crash-info-link":"Apa kandungan laporan nahas?","crash-always-report":"Sentiasa menghantar ke Mozilla laporan apabila kemusnahan berlaku.","crash-dont-send":"Jangan Hantar","crash-end":"Hantar Laporan","crashReports":"Laporan Nahas","done":"Selesai","crash-reports-description-1":"Laporan nahas mengandungi beberapa perincian perihal nahas dan peranti anda, juga cekupan layar keadaan peranti anda ketika ia musnah.","crash-reports-description-2":"Ini juga termasuk perkara seperti laman dibuka dan app, teks ditaip pada borang dan kandungan mesej dibuka, sejarah pelayaran kebelakangan, atau geolokasi digunakan oleh app yang dibuka.","crash-reports-description-3-start":"We use crash reports to try to fix problems and improve our products. We handle your information as we describe in our ","crash-reports-description-3-privacy":"dasar privasi kamiȀ","crash-reports-description-3-end":".","crash-banner-os2":"{{brandShortName}} telah musnah.","crash-banner-app":"{{name}} telah musnah.","crash-banner-report":"Laporan","bluetooth-sending-progress":"Sending Bluetooth transfer…","bluetooth-receiving-progress":"Receiving Bluetooth transfer…","acceptFileTransfer":"Menerima pemindahan fail Bluetooth?","wantToReceiveFile":"{{deviceName}} meminta untuk memindahkan {{fileName}} ({{fileSize}}).","transfer-confirmation-title":"{{deviceName}}","transfer-confirmation-description":"Semak permohonan pindahan.","byteUnit-B":"Bait","byteUnit-KB":"KB","byteUnit-MB":"MB","byteUnit-GB":"GB","byteUnit-TB":"TB","byteUnit-PB":"PB","byteUnit-EB":"EB","byteUnit-ZB":"ZB","byteUnit-YB":"YB","fileSize":"{{size}} {{unit}}","deny":"Nafi","transfer":"Pindah","cancelFileTransfer":"Batak pemindahan fail Bluetooth","continueFileTransfer":"Continue","transfer-has-started-title":"Pemindahan telah bermula","transfer-has-started-description":"Periksa kemajuan dalam pusat Pemberitahuan","transferFinished-sentSuccessful-title":"Fail dihantar","transferFinished-receivedSuccessful-title":"Fail diterima","transferFinished-sentFailed-title":"Fail tidak dapat dihantar","transferFinished-receivedFailed-title":"Fail tidak dapat diterima","transferReport-title":"Laporan pemindahan::","transferReport-description":"{{numSuccessful}} fail berjaya, {{numUnsuccessful}} fail tidak berjaya","unknown-file":"Fail tidak dikenali","unknown-device":"Peranti tidak dikenali","cannotOpenFile":"Tidak dapat membuka fail yang diterima","unknownMediaTypeToOpen":"Tidak dapat membuka jenis media tidak dikenali:","cannotReceiveFile":"Tidak dapat menerima fail","cannotGetStorageState":"Gagal mendapatkan keadaan storan peranti.","sdcard-not-exist2":"Tiada kad memori ditemui. Sila masukkan kad memori.","sdcard-in-use":"Bluetooth tidak dapat digunakan ketika telefon dipalam. Sila cabut palam telefon untuk menerima fail.","sdcard-no-space2":"Tidak dapat menyelesaikan pemindahan: kad memori penuh.","unknown-error":"Ralat tidak dikenali","confirm":"Pasti","microphone-is-on":"Mikrofon hidup","camera-is-on":"Kamera hidup","media-is-on":"Kamera & Mikrofon HIDUP","noSimCard":"Tiada kad SIM","simPin":"PIN SIM","pukCode":"Kod PUK","nckCode":"Kod NCK","cckCode":"Koc CCK","spckCode":"Koc SPCK","nck1code":"NCK1 code","nck2code":"NCK2 code","hnckcode":"HNCK code","rcckcode":"RCCK code","rspckcode":"RSPCK code","whatIsSimPin":"Apa itu PIN SIM?","simPinIntro1":"PIN SIm menghalang capaian kepada kad SIM rangkaran data selular. Apabila dibolehkan, sebarang peranti yang mengandungi kad SIM akan memohon PIN apabile dimulakan.","simPinIntro2":"PIN SIM tidak sama dengan kod laluan yang digunakan untuk buka kunci peranti.","changeSimPin":"Tukar PIN","pinTitle":"Masukkan PIN SIM","multiSIMpinTitle":"Masukkan PIN SIM {{n}}","pukTitle":"Masukkan kod PUK","nckTitle":"Masukkan kod NCK","cckTitle":"Masukkan kod CCK","spckTitle":"Masukkan kod SPCK","nck1Title":"Enter NCK1 code","nck2Title":"Enter NCK2 code","hnckTitle":"Enter HNCK code","rcckTitle":"Enter RCCK code","rspckTitle":"Enter RSPCK code","newpinTitle":"PIN Baru","inputCodeRetriesLeft":{"_index":["plural","n"],"_":{"one":"Cubaan terakhir.","two":"{{n}} cubaan berbaki.","few":"{{n}} cubaan berbaki.","many":"{{n}} cubaan berbaki.","other":"{{n}} cubaan berbaki."}},"pinErrorMsg":"PIN salah.","pinAttemptMsg2":{"_index":["plural","n"],"_":{"one":"Anda mempunyai satu cubaan berbaki untuk memasukkan kod yang betul sebelum mengunci kad SIM.","two":"Anda mempunyai {{n}} cubaan berbaki untuk memasukkan kod yang betul sebelum mengunci kad SIM.","few":"Anda mempunyai {{n}} cubaan berbaki untuk memasukkan kod yang betul sebelum mengunci kad SIM.","many":"Anda mempunyai {{n}} cubaan berbaki untuk memasukkan kod yang betul sebelum mengunci kad SIM.","other":"Anda mempunyai {{n}} cubaan berbaki untuk memasukkan kod yang betul sebelum mengunci kad SIM."}},"pinLastChanceMsg":"Ini adalah peluang terakhir anda untuk memasukkan PIN yang betul. Jika tidak, anda harus memasukkan kod PUK untuk menggunakan kad sim ini.","simCardLockedMsg":"Kad SIM terkunci.","enterPukMsg":"Anda mestilah memasukkan Kod Pembuka Kunci Peribadi (PUK) untuk kad SIM. Rujuk dokumentasi kad SIM anda atau hubungi operator anda untuk maklumat lanjut.","pukErrorMsg":"Kod PUK salah.","pukAttemptMsg2":{"_index":["plural","n"],"_":{"one":"Anda mempunyai satu cubaan berbaki untuk memasukkan kod yang betul sebelum kad SIM ini tidak boleh digunakan secara kekal. Rujuk dokumentasi kad SIM anda atau hubungi operator anda untuk maklumat lanjut.","two":"Anda mempunyai {{n}} cubaan berbaki untuk memasukkan kod yang betul sebelum kad SIM ini tidak boleh digunakan secara kekal. Rujuk dokumentasi kad SIM anda atau hubungi operator anda untuk maklumat lanjut.","few":"Anda mempunyai {{n}} cubaan berbaki untuk memasukkan kod yang betul sebelum kad SIM ini tidak boleh digunakan secara kekal. Rujuk dokumentasi kad SIM anda atau hubungi operator anda untuk maklumat lanjut.","many":"Anda mempunyai {{n}} cubaan berbaki untuk memasukkan kod yang betul sebelum kad SIM ini tidak boleh digunakan secara kekal. Rujuk dokumentasi kad SIM anda atau hubungi operator anda untuk maklumat lanjut.","other":"Anda mempunyai {{n}} cubaan berbaki untuk memasukkan kod yang betul sebelum kad SIM ini tidak boleh digunakan secara kekal. Rujuk dokumentasi kad SIM anda atau hubungi operator anda untuk maklumat lanjut."}},"pukLastChanceMsg":"Percubaan terakhir untuk memasukkan kod PUK yang betul. Kad SIM anda akan kekal tidak berguna jika anda memasukkan kod PUK yang salah. RUjuk dokumentasi kad SIM anda atau hubungi operator anda untuk maklumat lanjut.","newSimPinMsg":"Buat PIN (mesti mengandungi antara 4 k 8 digit)","confirmNewSimPinMsg":"Sahkan PIN baru","newPinErrorMsg":"PIN tidak sepadan.","nckErrorMsg":"Kod NCK salah.","nckAttemptMsg2":{"_index":["plural","n"],"_":{"one":"Kegagalan permintaan rangkaian depersonalisasi. Anda mempunyai satu cubaan berbaki untuk memasukkan kod yang betul. Lihat dokumentasi peranti atau hubungi operator anda untuk maklumat lanjut.","two":"Kegagalan permintaan rangkaian depersonalisasi. Anda mempunyai {{n}} cubaan berbaki untuk memasukkan kod yang betul. Lihat dokumentasi peranti atau hubungi operator anda untuk maklumat.","few":"Kegagalan permintaan rangkaian depersonalisasi. Anda mempunyai {{n}} cubaan berbaki untuk memasukkan kod yang betul. Lihat dokumentasi peranti atau hubungi operator anda untuk maklumat.","many":"Kegagalan permintaan rangkaian depersonalisasi. Anda mempunyai {{n}} cubaan berbaki untuk memasukkan kod yang betul. Lihat dokumentasi peranti atau hubungi operator anda untuk maklumat.","other":"Kegagalan permintaan rangkaian depersonalisasi. Anda mempunyai {{n}} cubaan berbaki untuk memasukkan kod yang betul. Lihat dokumentasi peranti atau hubungi operator anda untuk maklumat."}},"nckLastChanceMsg":"Kegagalan permintaan rangkaian depersonalisasi. Peluang terakhir untuk memasukkan kod NCK yang betul. Lihat dokumentasi peranti atau hubungi operator anda untuk maklumat lanjut.","activity-pick":"Pilih daripada:","activity-view":"Lihat dengan:","activity-test":"Cuba dengan:","activity-share":"Kongsi dengan:","activity-new":"Buat dengan:","activity-open":"Buka dengan:","activity-save-bookmark":"Tandabuku dengan:","activity-record":"Rakam dengan:","activity-browse":"Layari dengan:","activity-configure":"Konfigur dengan:","activity-dial":"Dial dengan:","persona-signin":"Daftar Masuk","payment-flow":"Beli","remoteDebuggerMessage":"Permohonan masuk untuk kebenaran sambungan menyahpijat jarak jauh telah dikesan. Benarkan sambungan?","fullscreen-request":"{{origin}} kini dengan skrin penuh.","captive-wifi-available":"Rangkaian {{networkName}} telah ditemui. Sertai rangkaian?","ceWarningtitle":"Amaran bahana","ceWarningcontent":"Bagi mengelakkan kemungkinan berlaku kerosakan pendengaran, jangan dengar pada paras bahana yang tinggi dalam jangka masa yang panjang.","notification-powersaving-mode-on-title":"Mod Jimat Kuasa","notification-powersaving-mode-on-description":"Mod penjimatan kuasa hidup.","low-device-storage":"Ruang peranti rendah.\\n","free-space":{"_index":["plural","value"],"_":{"zero":"Tiada baki ruang kosong.","one":"Kurang daripada {{value}} {{unit}} berbaki.","two":"Kurang daripada {{value}} {{unit}} berbaki.","few":"Kurang daripada {{value}} {{unit}} berbaki.","many":"Kurang daripada {{value}} {{unit}} berbaki.","other":"Kurang daripada {{value}} {{unit}} berbaki."}},"unknown-free-space":"Ruang berbaki tidak diketahui.","system-alert":"Waspada Sistem","cb-channel":"Saluran {{channel}}","cb-etws-warningType-earthquake":"Earthquake warning!","cb-etws-warningType-tsunami":"Tsunami warning!","cb-etws-warningType-earthquake-tsunami":"Earthquake-tsunami warning!","cb-etws-warningType-test":"Alert system is being tested.","cb-etws-warningType-other":"Amaran kecemasan!","icc-message-maintitle":"Mesej operator","icc-message-subtitle":"SIM {{id}}","icc-confirmCall-defaultmessage":"Panggil {{number}}?","icc-alertMessage-defaultmessage":"Menghantar mesej","icc-confirmMessage-defaultmessage":"Hantar mesej?","icc-inputbox-maintitle":"Pertanyaan STK","icc-inputbox-subtitle":"SIM {{id}}","emergency-callback-mode":"Mod panggil balik kecemasan","emergency-callback-message":"Anda tidak boleh membuat panggilan, menghantar mesej atau pergi ke dalam talian kerana mod panggil balik kecemasan yang aktif. Adakah anda ingin untuk menjadikan ia di luar?","cdma-record-info":"Maklumat rakaman CDMA","ime-switching-title":"{{appName}}: {{name}}","ime-switching-tip":"Tap untuk tukar kaedah input","shrinking-tip":"Leret untuk kongsi","download_started":"Muat turun bermula","download_stopped":"Muat turun dihentikan","download_downloading":"Downloading…","download_succeeded":"Muat turun selesai","download_failed":"Muat turun gagal","download_text_by_default":"{{name}}","download_downloading_text_2":"{{percentage}}% - {{name}}","search-or-enter-address":{"_":"Search or enter address","placeholder":"Search or enter address"},"noSIMCardInHotspot":"Kad SIM tiada atau tersalah masuk, jadi matikan hotspot","noHopspotWhenAPMisOn":"Turn off airplane mode to use Wi-Fi hotspot","apmActivated":"Airplane mode activated","open-in-new-tab":"Open link in new tab","add-link-to-home-screen":"Add link to home screen","share-link":"Share link","save-image":"Save Image","save-video":"Save Video","save-audio":"Save Audio","save-link":"Save linked file","share-image":"Share Image","share-video":"Share Video","share-audio":"Share Audio","weekday-0-long":"Ahad","weekday-1-long":"Isnin","weekday-2-long":"Selasa","weekday-3-long":"Rabu","weekday-4-long":"Khamis","weekday-5-long":"Jumaat","weekday-6-long":"Sabtu","weekday-0-short":"Ahad","weekday-1-short":"Isnin","weekday-2-short":"Selasa","weekday-3-short":"Rabu","weekday-4-short":"Khamis","weekday-5-short":"Jumaat","weekday-6-short":"Sabtu","month-0-long":"Januari","month-1-long":"Februari","month-2-long":"Mac","month-3-long":"April","month-4-long":"Mei","month-5-long":"Jun","month-6-long":"Julai","month-7-long":"Ogos","month-8-long":"September","month-9-long":"Oktober","month-10-long":"November","month-11-long":"Disember","month-0-genitive":"Januari","month-1-genitive":"Februari","month-2-genitive":"Mac","month-3-genitive":"April","month-4-genitive":"Mei","month-5-genitive":"Jun","month-6-genitive":"Julai","month-7-genitive":"Ogos","month-8-genitive":"September","month-9-genitive":"Oktober","month-10-genitive":"November","month-11-genitive":"Disember","month-0-short":"Jan","month-1-short":"Feb","month-2-short":"Mac","month-3-short":"Apr","month-4-short":"Mei","month-5-short":"Jun","month-6-short":"Jul","month-7-short":"Ogos","month-8-short":"Sep","month-9-short":"Okt","month-10-short":"Nov","month-11-short":"Dis","minutes-ago-long":{"_index":["plural","value"],"_":{"zero":"sebentar tadi","one":"satu minit lalu","two":"{{value}} minit lalu","few":"{{value}} minit lalu","many":"{{value}} minit lalu","other":"{{value}} minit lalu"}},"hours-ago-long":{"_index":["plural","value"],"_":{"zero":"sebentar tadi","one":"sejam yang lalu","two":"{{value}} jam lalu","few":"{{value}} jam lalu","many":"{{value}} jam lalu","other":"{{value}} jam lalu"}},"days-ago-long":{"_index":["plural","value"],"_":{"zero":"hari ini","one":"semalam","two":"{{value}} hari lalu","few":"{{value}} hari lalu","many":"{{value}} hari lalu","other":"{{value}} hari lalu"}},"weeks-ago-long":{"_index":["plural","value"],"_":{"zero":"minggu ini","one":"minggu lalu","two":"{{value}} minggu lalu","few":"{{value}} minggu lalu","many":"{{value}} minggu lalu","other":"{{value}} minggu lalu"}},"months-ago-long":{"_index":["plural","value"],"_":{"zero":"bulan ini","one":"bulan lalu","two":"{{value}} bulan lalu","few":"{{value}} bulan lalu","many":"{{value}} minit lalu","other":"{{value}} minit lalu"}},"years-ago-long":{"_index":["plural","value"],"_":{"zero":"tahun ini","one":"tahun lalu","two":"{{value}} tahun lalu","few":"{{value}} tahun lalu","many":"{{value}} tahun lalu","other":"{{value}} tahun lalu"}},"minutes-until-long":{"_index":["plural","value"],"_":{"zero":"sekarang","one":"dalam satu minit","two":"dalam {{value}} minit","few":"dalam {{value}} minit","many":"dalam {{value}} minit","other":"dalam {{value}} minit"}},"hours-until-long":{"_index":["plural","value"],"_":{"zero":"sekarang","one":"dalam satu jam","two":"dalam {{value}} jam","few":"dalam {{value}} jam","many":"dalam {{value}} jam","other":"dalam {{value}} jam"}},"days-until-long":{"_index":["plural","value"],"_":{"zero":"hari ini","one":"esok","two":"dalam {{value}} hari","few":"dalam {{value}} hari","many":"dalam {{value}} hari","other":"dalam {{value}} hari"}},"weeks-until-long":{"_index":["plural","value"],"_":{"zero":"minggu ini","one":"minggu depan","two":"dalam {{value}} minggu","few":"dalam {{value}} minggu","many":"dalam {{value}} minggu","other":"dalam {{value}} minggu"}},"months-until-long":{"_index":["plural","value"],"_":{"zero":"bulan ini","one":"bulan depan","two":"dalam {{value}} bulan","few":"dalam {{value}} bulan","many":"dalam {{value}} bulan","other":"dalam {{value}} bulan"}},"years-until-long":{"_index":["plural","value"],"_":{"zero":"tahun ini","one":"tahun depan","two":"dalam {{value}} tahun","few":"dalam {{value}} tahun","many":"dalam {{value}} tahun","other":"dalam {{value}} tahun"}},"minutes-ago-short":{"_index":["plural","value"],"_":{"zero":"sebentar tadi","other":"{{value}} minit lalu"}},"hours-ago-short":{"_index":["plural","value"],"_":{"zero":"sebentar tadi","other":"{{value}} jam lalu"}},"days-ago-short":{"_index":["plural","value"],"_":{"zero":"hari ini","other":"{{value}} hari lalu"}},"minutes-until-short":{"_index":["plural","value"],"_":{"zero":"sekarang","other":"dalam {{value}} minit"}},"hours-until-short":{"_index":["plural","value"],"_":{"zero":"sekarang","other":"dalam {{value}} jam"}},"days-until-short":{"_index":["plural","value"],"_":{"zero":"hari ini","other":"dalam {{value}} hari"}},"incorrectDate":"(tarikh tidak betul)","dateTimeFormat_%c":"%a %b %e %Y %I:%M:%S %p","dateTimeFormat_%x":"%m/%d/%Y","dateTimeFormat_%X":"%I:%M:%S %p","shortTimeFormat":"%I:%M %p","shortDateTimeFormat":"%x %I:%M %p","weekStartsOnMonday":"0","time_am":"PG","time_pm":"PTG","title-app":"App Permission","title-web":"Website Permission","title-cam":"Select Camera","perm-contacts":"Kenalan","perm-contacts-appRequest":"{{app}} ingin mencapai senarai kenalan anda.","perm-contacts-webRequest":"{{site}} ingin mencapai senarai kenalan anda.","perm-desktop-notification":"Notifikasi","perm-desktop-notification-appRequest":"{{app}} ingin memaparkan notis.","perm-desktop-notification-webRequest":"{{site}} ingin memaparkan notis.","perm-device-storage-music":"Storan Muzik","perm-device-storage-music-appRequest":"{{app}} ingin mencapai muzik anda. ","perm-device-storage-music-webRequest":"{{site}} ingin mencapai muzik anda. ","perm-device-storage-pictures":"Storan Imej","perm-device-storage-pictures-appRequest":"{{app}} ingin mencapai imej anda. ","perm-device-storage-pictures-webRequest":"{{site}}ingin mencapai imej anda. ","perm-device-storage-sdcard":"Storan Kad Ingatan","perm-device-storage-sdcard-appRequest":"{{app}} ingin mencapat kad ingatan anda.","perm-device-storage-sdcard-webRequest":"{{site}}ingin mencapai kad ingatan anda.","perm-device-storage-videos":"Storan Video","perm-device-storage-videos-appRequest":"{{app}} ingin mencapai video anda. ","perm-device-storage-videos-webRequest":"{{site}} ingin mencapai video anda. ","perm-fmradio":"Radio FM","perm-fmradio-appRequest":"{{app}} ingin menggunakan Radio FM.","perm-fmradio-webRequest":"{{site}} ingin menggunakan Radio FM.","perm-geolocation":"Geolokasi","perm-geolocation-appRequest":"{{app}} ingin mengetahui lokasi anda.","perm-geolocation-webRequest":"{{site}} ingin mengetahui lokasi anda.","perm-geolocation-more-info":"{{brandShortName}} menggunakan data seperti GPS, Wi-Fi, dan rangkaian selular berhampiran anda untuk menentukan anggaran lokasi anda. Data dihantar kepada Mozilla dan penyedia servis lain dan akan digabungkan untuk menambah baik pangkalan data lokasi. Data mungkin disimpan pada peranti anda dan pengumpulan data mungkin berlaku apabila tiada aplikasi yang dilarikan.","perm-video-capture":"Kamera","perm-video-capture-appRequest":"Mahukah anda berkongsi kamera dengan {{app}}?","perm-video-capture-webRequest":"Mahukah anda berkongsi kamera dengan {{site}}?","perm-audio-capture":"Mikrofon","perm-audio-capture-appRequest":"Mahukah anda berkongsi mikrofon dengan {{app}}?","perm-audio-capture-webRequest":"Mahukah anda berkongsi mikrofon dengan {{site}}?","perm-media-capture":"Kamera dan Mikrofon","perm-media-capture-appRequest":"Mahukah anda berkongsi kameran dan mikrofon dengan {{app}}?","perm-media-capture-webRequest":"Mahukah anda berkongsi kamera dan mikrofon dengan {{site}}?","perm-camera-selector-appRequest":"Select a camera for {{app}}.","perm-camera-selector-webRequest":"Select a camera for {{site}}.","perm-mobileid":"Mobile Identity","stopped_download_title":"Muat turun terhenti","stopped_download_message":"Muat turun terhenti. Cuba muat turun semula?","stopped_download_left_button":"Batal","stopped_download_right_button":"Cuba lagi","failed_download_title":"Muat turun gagal","failed_download_message":"{{name}} gagal memuat turun. Cuba muat turun semula?","failed_download_left_button":"Batal","failed_download_right_button":"Cuba lagi","stop_download_title":"Henti muat turun","stop_download_message":"Pastikah anda untuk menghentikan muat turun?","stop_download_left_button":"Tidak","stop_download_right_button":"Ya","delete_download_title":"Hapus","delete_download_message":"Hapus {{name}}? ","delete_download_left_button":"Batal","delete_download_right_button":"Hapus","delete_all_download_title":"Hapus","delete_all_download_left_button":"Batal","delete_all_download_right_button":"Hapus","delete_all_download_message":{"_index":["plural","number"],"_":{"zero":"Tiada fail dihapus?","one":"Hapus satu fail?","two":"Hapus {{number}} fail?","few":"Hapus {{number}} fail?","many":"Hapus {{number}} fail?","other":"Hapus {{number}} fail?"}},"unsupported_file_type_download_title":"Tidak dapat membuka","unsupported_file_type_download_message":"Tidak terdapat app yang dapat membuka {{name}}. Mahukan anda meyimpan fail ini atau menghapuskannya?","unsupported_file_type_download_left_button":"Kekalkan Fail","unsupported_file_type_download_right_button":"Hapus","file_not_found_download_title":"Fail tidak ditemui","file_not_found_download_message":"Fail ini tidak ditemui pada peranti","file_not_found_download_right_button":"OK","unmounted_sdcard_2_download_title":"Kad memori sedang diguna","unmounted_sdcard_2_download_message":"Cabut palam telefon","unmounted_sdcard_2_download_right_button":"OK","no_provider_download_title":"Tidak dapat berkongsi","no_provider_download_message":"Tiada pembekal ditemui","no_provider_download_right_button":"OK","no_memory_download_title":"Kad SD penuh","no_memory_download_message":"Tiada ruang lagi pada kad SD anda untuk menyimpan muat turun anda. Sila singkirkan beberapa fail sebelum mengulang mula muat turun. ","no_memory_download_right_button":"OK","no_sdcard_found_2_download_title":"Tiada kad memori ditemui","no_sdcard_found_2_download_message":"Masukkan kad memori atau pilih lokasi media lalai alternatif pada tetapan","no_sdcard_found_2_download_right_button":"OK","file_open_error_download_title":"Tidak dapat membuka","file_open_error_download_message":"Terdapat masalah membuka {{name}}. Mahukah anda menyimpannya atau menghapuskannya?","file_open_error_download_left_button":"Kekalkan Fail","file_open_error_download_right_button":"Hapus","restart_download_error":"Terdapat rakat ketika mengulang mula muat turun. Sila cuba muat turun semula.","no-downloads":"Tiada muat turun","percentage":"{{percentage}} %","partialResult":"{{partial}} daripada {{total}}","summary":"{{date}} - {{status}}","download-stopped":"Terhenti","download-failed":"Muat turun gagal","open_downloaded_file":"Buka","share_downloaded_file":"Kongsi","wallpaper_downloaded_file":"Setkan sebagai wallpaper","ringtone_downloaded_file":"Setkan sebagai nada dering","cancel_downloaded_file":"Batal","voicemailNoNumberTitle":"Voicemail number is unavailable","voicemailNoNumberText":"Unable to call the voicemail. Set up the voicemail number to place the call.","voicemailNoNumberSettings":"Settings","voicemailNoNumberCancel":"Cancel","resend":"Resend","connecting":"Connecting","verify":"Verify","verifying":"Verifying","verified":"Verified","mobileIDExplanation":"{{app_name}} would like to know and verify your phone number. Please choose which one you want to share or enter a new one.","verificationCodeExplanation":"We’ve sent a code to {{phone_number}}. We’ll try to pick it up automatically, but you’ll have to enter it manually if it’s not in use in this device.","successMessage":"Awesome! Your number {{phone_number}} is now verified and available to {{app_name}}.","serverErrorMessage":"The verification server is unavailable at this time. Please check your Internet connection, try again or wait a few minutes.","timeoutErrorMessage":"There seems to be a problem with your verification code. Let's try once again!","errorTitle":"Mobile identity","addPhoneNumber":"Or add your phone number","selectPhoneNumber":"Or select a phone number from the list"}