{"firefox-accounts-title":"Firefox Accounts","fxa-next":"Next","fxa-back":"Back","fxa-done":"Done","fxa-ok":"OK","fxa-connection-error-title":"Unable to Connect","fxa-connection-error-message":"You can create an account or sign in from Settings.","fxa-reset-password-error-title":"Reset Password","fxa-reset-password-error-message":"You can reset your password from Settings.","fxa-coppa-failure-error-title":"Cannot Create Account","fxa-coppa-failure-error-message":"You must meet certain age requirements to create a Firefox Account. {{learnmore}}","fxa-learn-more":"Learn more","fxa-offline-error-title":"Unable to Connect","fxa-offline-error-message":"Please connect to a network from Settings.","fxa-invalid-email-title":"Error","fxa-invalid-email-message":"Please enter a valid email.","fxa-invalid-password-title":"Invalid Password","fxa-invalid-password-message":"Please check your password and try again.","fxa-unknown-error-title":"Unable to Connect","fxa-unknown-error-message":"System unavailable, try again soon.","fxa-connecting":"Connecting","fxa-enter-email-input":{"placeholder":"Enter your email"},"fxa-use-email-to-sign-in":"Use your email address to create an account or sign in.","fxa-notice":"By proceeding, I agree to the {{tos}} and {{pn}} of Firefox cloud services.","fxa-tos":"Terms of Service","fxa-pn":"Privacy Notice","fxa-create-password-title":"Create a Password","fxa-enter-password-title":"Enter Your Password","fxa-hello-user":"Hello, {{email}}","fxa-password-refresh":"Please enter your Firefox Account password to continue.","fxa-password":{"placeholder":"Password"},"fxa-forgot-your-password":"Forgot your password?","fxa-show-password":"Show password","fxa-password-length-requirement":"Your password must be at least 8 characters long.","fxa-success":"Success!","fxa-ready-to-go":"Your Firefox Account is ready to go! ","fxa-use-features":"Now you can use features like Find My Device and apps like the Firefox Marketplace.","fxa-access-manage-account-settings":"In the future, you can access and manage your account from Settings.","fxa-confirm-account":"Confirm Your Account","fxa-will-send-email":"We will send an email to: {{email}}","fxa-signup-click-verification-link-in-email":"Next time you check your email, click the verification link to confirm your Firefox Account.","fxa-age-verification":"Age Verification","fxa-age-1990-earlier":"1990 or earlier","fxa-year-of-birth":"Year of Birth","brandShortName":"बिटुजि अोएस","browserBrandShortName":"वेब ब्राउजर","browserBrandFullName":"मोजिल्ला वेब ब्राउजर","accessibility-enableScreenReaderSteps":"To enable screen reader, press volume up then volume down buttons three more times","accessibility-disableScreenReaderSteps":"To disable screen reader, press volume up then volume down buttons three more times","accessibility-screenReaderStarted":"Screen reader started","accessibility-screenReaderStopped":"Screen reader stopped","accessibility-menubar":"menu bar","accessibility-scrollbar":"scroll bar","accessibility-grip":"grip","accessibility-alert":"alert","accessibility-menupopup":"menu popup","accessibility-document":"document","accessibility-pane":"pane","accessibility-dialog":"dialog","accessibility-separator":"separator","accessibility-toolbar":"toolbar","accessibility-statusbar":"status bar","accessibility-table":"table","accessibility-columnheader":"column header","accessibility-rowheader":"row header","accessibility-column":"column","accessibility-row":"row","accessibility-cell":"cell","accessibility-link":"link","accessibility-list":"list","accessibility-listitem":"list item","accessibility-outline":"outline","accessibility-outlineitem":"outline item","accessibility-pagetab":"tab","accessibility-propertypage":"property page","accessibility-graphic":"graphic","accessibility-pushbutton":"button","accessibility-checkbutton":"check button","accessibility-radiobutton":"radio button","accessibility-combobox":"combo box","accessibility-progressbar":"progress bar","accessibility-slider":"slider","accessibility-spinbutton":"spin button","accessibility-diagram":"diagram","accessibility-animation":"animation","accessibility-equation":"equation","accessibility-buttonmenu":"button menu","accessibility-whitespace":"white space","accessibility-pagetablist":"tab list","accessibility-canvas":"canvas","accessibility-checkmenuitem":"check menu item","accessibility-label":"label","accessibility-passwordtext":"password text","accessibility-radiomenuitem":"radio menu item","accessibility-textcontainer":"text container","accessibility-togglebutton":"toggle button","accessibility-treetable":"tree table","accessibility-header":"header","accessibility-footer":"footer","accessibility-paragraph":"paragraph","accessibility-entry":"entry","accessibility-caption":"caption","accessibility-heading":"heading","accessibility-section":"section","accessibility-form":"form","accessibility-comboboxlist":"combo box list","accessibility-comboboxoption":"combo box option","accessibility-imagemap":"image map","accessibility-listboxoption":"option","accessibility-listbox":"list box","accessibility-flatequation":"flat equation","accessibility-gridcell":"gridcell","accessibility-note":"note","accessibility-figure":"figure","accessibility-definitionlist":"definition list","accessibility-term":"term","accessibility-definition":"definition","accessibility-textarea":"text area","accessibility-textInputType_date":"date","accessibility-textInputType_email":"e-mail","accessibility-textInputType_search":"search","accessibility-textInputType_tel":"telephone","accessibility-textInputType_url":"URL","accessibility-headingLevel":"heading level {{0}}","accessibility-listStart":"First item","accessibility-listEnd":"Last item","accessibility-listItemsCount":{"_index":["plural","count"],"_":{"zero":"{{count}} items","one":"{{count}} item","two":"{{count}} items","few":"{{count}} items","many":"{{count}} items","other":"{{count}} items"}},"accessibility-objItemOfN":"{{0}} of {{1}}","accessibility-banner":"banner","accessibility-complementary":"complementary","accessibility-contentinfo":"content info","accessibility-main":"main","accessibility-navigation":"navigation","accessibility-search":"search","accessibility-tblColumnInfo":{"_index":["plural","count"],"_":{"zero":"with {{count}} columns","one":"with {{count}} column","two":"with {{count}} columns","few":"with {{count}} columns","many":"with {{count}} columns","other":"with {{count}} columns"}},"accessibility-tblRowInfo":{"_index":["plural","count"],"_":{"zero":"and {{count}} rows","one":"and {{count}} row","two":"and {{count}} rows","few":"and {{count}} rows","many":"and {{count}} rows","other":"and {{count}} rows"}},"accessibility-columnInfo":"Column {{0}}","accessibility-rowInfo":"Row {{0}}","accessibility-spansColumns":{"_index":["plural","0"],"_":{"zero":"spans {{0}} columns","one":"spans {{0}} column","two":"spans {{0}} columns","few":"spans {{0}} columns","many":"spans {{0}} columns","other":"spans {{0}} columns"}},"accessibility-spansRows":{"_index":["plural","0"],"_":{"zero":"spans {{0}} rows","one":"spans {{0}} row","two":"spans {{0}} rows","few":"spans {{0}} rows","many":"spans {{0}} rows","other":"spans {{0}} rows"}},"accessibility-jumpAction":"jumped","accessibility-pressAction":"pressed","accessibility-checkAction":"checked","accessibility-uncheckAction":"unchecked","accessibility-selectAction":"selected","accessibility-unselectAction":"unselected","accessibility-openAction":"opened","accessibility-closeAction":"closed","accessibility-switchAction":"switched","accessibility-clickAction":"clicked","accessibility-collapseAction":"collapsed","accessibility-expandAction":"expanded","accessibility-activateAction":"activated","accessibility-cycleAction":"cycled","accessibility-hidden":"hidden","accessibility-tabLoading":"loading","accessibility-tabLoaded":"loaded","accessibility-tabNew":"new tab","accessibility-tabLoadStopped":"loading stopped","accessibility-tabReload":"reloading","accessibility-stateChecked":"checked","accessibility-stateNotChecked":"not checked","accessibility-statePressed":"pressed","accessibility-stateExpanded":"expanded","accessibility-stateCollapsed":"collapsed","accessibility-stateUnavailable":"unavailable","accessibility-stateRequired":"required","accessibility-stateTraversed":"visited","accessibility-stateHasPopup":"has pop up","accessibility-stateSelected":"selected","accessibility-editingMode":"editing","accessibility-navigationMode":"navigating","accessibility-quicknav_Simple":"Default","accessibility-quicknav_Anchor":"Anchors","accessibility-quicknav_Button":"Buttons","accessibility-quicknav_Combobox":"Combo boxes","accessibility-quicknav_Landmark":"Landmarks","accessibility-quicknav_Entry":"Entries","accessibility-quicknav_FormElement":"Form elements","accessibility-quicknav_Graphic":"Images","accessibility-quicknav_Heading":"Headings","accessibility-quicknav_ListItem":"List items","accessibility-quicknav_Link":"Links","accessibility-quicknav_List":"Lists","accessibility-quicknav_PageTab":"Page tabs","accessibility-quicknav_RadioButton":"Radio buttons","accessibility-quicknav_Separator":"Separators","accessibility-quicknav_Table":"Tables","accessibility-quicknav_Checkbox":"Check boxes","accessibility-menubarAbbr":"menu bar","accessibility-scrollbarAbbr":"scroll bar","accessibility-gripAbbr":"grip","accessibility-alertAbbr":"alert","accessibility-menupopupAbbr":"menu popup","accessibility-documentAbbr":"document","accessibility-paneAbbr":"pane","accessibility-dialogAbbr":"dialog","accessibility-separatorAbbr":"separator","accessibility-toolbarAbbr":"toolbar","accessibility-statusbarAbbr":"status bar","accessibility-tableAbbr":"tbl","accessibility-columnheaderAbbr":"column header","accessibility-rowheaderAbbr":"row header","accessibility-columnAbbr":"column","accessibility-rowAbbr":"row","accessibility-cellAbbr":"cell","accessibility-linkAbbr":"lnk","accessibility-listAbbr":"list","accessibility-listitemAbbr":"list item","accessibility-outlineAbbr":"outline","accessibility-outlineitemAbbr":"outline item","accessibility-pagetabAbbr":"tab","accessibility-propertypageAbbr":"property page","accessibility-graphicAbbr":"graphic","accessibility-pushbuttonAbbr":"btn","accessibility-checkbuttonAbbr":"check button","accessibility-radiobuttonAbbr":"radio button","accessibility-comboboxAbbr":"combo box","accessibility-progressbarAbbr":"progress bar","accessibility-sliderAbbr":"slider","accessibility-spinbuttonAbbr":"spin button","accessibility-diagramAbbr":"diagram","accessibility-animationAbbr":"animation","accessibility-equationAbbr":"equation","accessibility-buttonmenuAbbr":"button menu","accessibility-whitespaceAbbr":"white space","accessibility-pagetablistAbbr":"tab list","accessibility-canvasAbbr":"canvas","accessibility-checkmenuitemAbbr":"check menu item","accessibility-labelAbbr":"label","accessibility-passwordtextAbbr":"passwdtxt","accessibility-radiomenuitemAbbr":"radio menu item","accessibility-textcontainerAbbr":"text container","accessibility-togglebuttonAbbr":"toggle button","accessibility-treetableAbbr":"tree table","accessibility-headerAbbr":"header","accessibility-footerAbbr":"footer","accessibility-paragraphAbbr":"paragraph","accessibility-entryAbbr":"entry","accessibility-captionAbbr":"caption","accessibility-headingAbbr":"heading","accessibility-sectionAbbr":"section","accessibility-formAbbr":"form","accessibility-comboboxlistAbbr":"combo box list","accessibility-comboboxoptionAbbr":"combo box option","accessibility-imagemapAbbr":"imgmap","accessibility-listboxoptionAbbr":"option","accessibility-listboxAbbr":"list box","accessibility-flatequationAbbr":"flat equation","accessibility-gridcellAbbr":"gridcell","accessibility-noteAbbr":"note","accessibility-figureAbbr":"fig","accessibility-definitionlistAbbr":"definition list","accessibility-termAbbr":"term","accessibility-definitionAbbr":"definition","accessibility-textareaAbbr":"txtarea","accessibility-tblColumnInfoAbbr":{"_index":["plural","count"],"_":{"one":"{{count}}c","two":"{{count}}c","few":"{{count}}c","many":"{{count}}c","other":"{{count}}c"}},"accessibility-tblRowInfoAbbr":{"_index":["plural","count"],"_":{"one":"{{count}}r","two":"{{count}}r","few":"{{count}}r","many":"{{count}}r","other":"{{count}}r"}},"accessibility-cellInfoAbbr":"c{{0}}r{{1}}","accessibility-stateCheckedAbbr":"(x)","accessibility-stateUncheckedAbbr":"( )","accessibility-statePressedAbbr":"(x)","accessibility-stateUnpressedAbbr":"( )","ok":"ठीक छ","back":"पछाडि","help":"मद्दत गर्नुहोस्","cancel":"Cancel","close":"बन्द गर्नुहोस्","skip":"फड्काउनुहोस्","clear":{"ariaLabel":"Clear"},"undo":{"ariaLabel":"Undo"},"airplaneMode":"उडान शैली","searching":"खोजी गर्दैछ...","noNetwork":"सञ्जाल छैन","roaming":"{{operator}} (रोमिङ्ग)","operator-info":"{{carrier}} {{region}}","emergencyCallsOnly":"आपत्कालिन कलहरु मात्र","emergencyCallsOnly-unknownSIMState":"(SIMको अज्ञात अवस्था)","emergencyCallsOnly-noSIM":"(सिम नभएको)","emergencyCallsOnly-pinRequired":"(सिम पिन चाहिएको)","emergencyCallsOnly-pukRequired":"(सिम पुक चाहिएको)","emergencyCallsOnly-networkLocked":"(नेटवर्क लक गरिएको)","emergencyCallsOnly-serviceProviderLocked":"(सेवाप्रधान कर्ता बन्द गरिएको)","emergencyCallsOnly-corporateLocked":"(संस्थागत बन्द गरिएको)","emergencyCallsOnly-network1Locked":"(network1 locked)","emergencyCallsOnly-network2Locked":"(network2 locked)","emergencyCallsOnly-hrpdNetworkLocked":"(hrpd network locked)","emergencyCallsOnly-ruimCorporateLocked":"(ruim corporate locked)","emergencyCallsOnly-ruimServiceProviderLocked":"(ruim service provider locked)","enterPIN":"PIN प्रविष्ट गर्नुहोस्","mediaPlaybackTitle":{"ariaLabel":"Title"},"mediaPlaybackArtist":{"ariaLabel":"Artist"},"mediaPlaybackControls":{"ariaLabel":"Playback controls"},"mediaPlaybackPrevious":{"ariaLabel":"Previous"},"mediaPlaybackPlay":"Play","mediaPlaybackPause":"Pause","mediaPlaybackNext":{"ariaLabel":"Next"},"wifiButton-on":"Wi-Fi on","wifiButton-on-initializing":"Wi-Fi on, initializing","wifiButton-off":"Wi-Fi off","dataButton-on":"Data {{type}} on","dataButton-off":"Data {{type}} off","bluetoothButton-on":"Bluetooth on","bluetoothButton-on-initializing":"Bluetooth on, initializing","bluetoothButton-off":"Bluetooth off","airplaneMode-on":"Airplane mode on","airplaneMode-off":"Airplane mode off","settingsButton":{"ariaLabel":"Settings"},"utilityTrayGrippy":{"ariaLabel":"Close utility tray"},"statusbarLabel":"{{date}}, {{operator}}","statusbarDateFormat":"%b %e","statusbar":{"ariaLabel":"Status Bar"},"statusbarBattery":"Battery {{level}} percent","statusbarBatteryCharging":"Battery {{level}} percent, charging","statusbarFlightMode":{"ariaLabel":"Airplane mode on"},"statusbarWiFiConnecting":"Wi-Fi: connecting","statusbarWiFiConnected":"Wi-Fi: {{level}} of 4 bars","statusbarSignal":"{{operator}} network, {{level}} of 5 bars","statusbarSignalRoaming":"{{operator}} network (roaming), {{level}} of 5 bars","statusbarSignalNoneSearching":"Searching… Emergency calls only","statusbarHeadphones":{"ariaLabel":"Headphones on"},"statusbarBluetoothHeadphones":{"ariaLabel":"Bluetooth headphones on"},"statusbarBluetoothTransferring":{"ariaLabel":"Bluetooth transfer active"},"statusbarIconOn-tethering":"Tethering on","statusbarIconOnActive-tethering":"Tethering on, active","statusbarAlarm":{"ariaLabel":"Alarm on"},"statusbarIconOn-bluetooth":"Bluetooth on","statusbarIconOnActive-bluetooth":"Bluetooth on, active","statusbarIconOn-mute":"Mute on","statusbarIconOn-vibration":"Vibration on","statusbarRecording":{"ariaLabel":"Recording on"},"statusbarGeolocation":{"ariaLabel":"Geolocation on"},"statusbarUsb":{"ariaLabel":"USB on"},"statusbarForwarding":"Call forwarding on","statusbarPlaying":{"ariaLabel":"Media playing"},"statusbarNfc":{"ariaLabel":"NFC on"},"statusbarDownloads":{"ariaLabel":"Downloading…"},"statusbarNetworkActivity":{"ariaLabel":"Networking on"},"statusbarEmergencyCBNotification":{"ariaLabel":"Emergency callback"},"statusbarNotifications":{"_index":["plural","n"],"_":{"one":"{{n}} notification","two":"{{n}} notifications","few":"{{n}} notifications","many":"{{n}} notifications","other":"{{n}} notifications"}},"statusbarNotifications-unread":{"_index":["plural","n"],"_":{"one":"{{n}} unread notification","two":"{{n}} unread notifications","few":"{{n}} unread notifications","many":"{{n}} unread notifications","other":"{{n}} unread notifications"}},"notifications":"सूचनाहरु","clear-all":"सबै खाली गर्नुहोस्","attentionScreen-tapToShow":"Tap to show","newVoicemails":{"_index":["plural","n"],"_":{"zero":"नयाँ ध्वनिमेल छैन","one":"एउटा नयाँ ध्वनिमेल","two":"{{n}} नयाँ ध्वनिमेलहरु","few":"{{n}} नयाँ ध्वनिमेलहरु","many":"{{n}} नयाँ ध्वनिमेलहरु","other":"{{n}} नयाँ ध्वनिमेलहरु"}},"newVoicemailsUnknown":"नयाँ ध्वनिमेलहरु","dialNumber":"डायल {{number}}","voicemailNotificationMultiSim":"(SIM {{n}}) {{title}}","confirmNFCConnectBTenabledNameUnknown":"Are you sure you want to connect to the device?","confirmNFCConnectBTdisabledNameUnknown":"Turn on Bluetooth and connect to the device?","confirmNFCConnectBTenabledNameKnown":"Are you sure you want to connect to {{deviceName}}?","confirmNFCConnectBTdisabledNameKnown":"Turn on Bluetooth and connect to {{deviceName}}?","confirmNFCConnectBTdisabled":"Turn on","dismissNFCConnectBTdisabled":"Cancel","confirmation":"Confirmation","deviceMenu":"फोन","airplane":"उडान शैली अन गर्नुहोस्","airplaneOff":"उडान शैली अफ गर्नुहोस्","silent":"आगमन कलहरु शान्त पार्नुहोस्","normal":"आगमन कलहरु बजाउनुहोस्","restart":"पुन:सुरु गर्नुहोस्","power":"पावर बन्द","no-recent-apps":"हालैको एप्स् कुनै पनि छैन","yes":"हो","no":"हँदैन","dontallow":"Don’t allow","allow":"अनुमति दिनुहोस्","dontshare-geolocation":"नबाँड्नुहोस्","share-geolocation":"साझेदारी","dontshare-audio-capture":"नबाँड्नुहोस्","share-audio-capture":"साझेदारी","dontshare-video-capture":"नबाँड्नुहोस्","share-video-capture":"बाँड्नुहोस्","dontshare-media-capture":"नबाँड्नुहोस्","share-media-capture":"बाँड्नुहोस्","device-front":"अगाडिको क्यामेरा","device-back":"पछाडिको क्यामेरा","remember-my-choice":"मेरो छनोट सम्झनुहोस्","more-info":"थप जानकारी…","hide-info":"Hide info","install-app":"{{name}} स्थापित गर्ने?","size":"साइज","author":"लेखक","size-unknown":"अज्ञात","author-unknown":"अज्ञात","install":"स्थापना गर्नुहोस्","bytes":"बाइट्स","kB":"किलो बाइट","MB":"MB","GB":"GB","TB":"TB","PB":"PB","app-install-generic-error":"{{ appName }}को डाउनलोड रोकियो","app-install-download-failed":"{{ appName }}को डाउनलोड असफल भयो","app-install-install-failed":"{{ appName }}को डाउनलोड असफल भयो","cancelling-will-not-refund":"सामग्री रद्द गरेमा पैसा फिर्ता हुने छैन | पैसा तिरेको सामग्री रद्द गरेमा मूल बिक्रेताले पैसा दिनेछन्|","apps-can-be-installed-later":"एपहरु पछि पनि मूल स्थापना स्रोतबाट स्थापित गर्न सकिन्छ।","are-you-sure-you-want-to-cancel":"के तपाईँ यो कार्य रद्द गर्न निश्चित हुनुहुन्छ?","cancel-install":"Cancel Install","cancel-install-button":"Cancel Install","resume":"पुन: निरन्तरता दिनुहोस्","continue":"Continue","stopDownloading":" {{ app }}को डाउनलोड रोक्ने?","app-download-can-be-restarted":"डाउनलोडलाई पछि पुन: शुरु गर्न सकिन्छ।","app-download-stop-button":"डाउनलोड रोक्नुहोस्","not-enough-space":"पर्याप्त खाली स्थान छैन","not-enough-space-message":"यो एप स्थापना गर्नका लागि पर्याप्त स्वतन्त्र स्थान छैन। पुराना एपहरु वा मिडियाहारु मेटाएर खाली स्थान बनाउनुहोस् र मूल स्रोतबाट फेरी स्थापनाको प्रयास गर्नुहोस्।","app-install-success":"{{ appName }} इन्स्टल भयो","setup":"सेटअप","ime-addkeyboards":"कुञ्जीपाटीहरु थप्नुहोस्","later":"पछि","download":"डाउनलोड","wantToDownload":"अपडेटहरु अहिले डाउनलोड गर्ने?","wantToInstall":"अपडेटहरु अहिले स्थापना गर्ने?","installNow":"अहिले स्थापना गर्नुहोस्","notNow":"अहिले होइन","downloadingUpdateMessage":{"innerHTML":"अपडेटहरु डाउनलोड हुदैछन्...<span>{{ progress }} डाउनलोड भइसक्यो.</span>"},"downloadingAppMessage":"{{ appName }} डाउनलोड गर्दै","downloadingAppProgressNoMax":"{{ progress }} डाउनलोड भइसक्यो","downloadingAppProgressIndeterminate":"डाउनलोड हुँदैछ","downloadingAppProgress":"{{ progress }} / {{ max }} डाउनलोड भइसक्यो","cancelAllDownloads":"सबै डाउनलोडहरु रद्द गर्नुहोस्","wantToCancelAll":"तपाईँ सबै डाउनलोडहरु रद्द गर्न निश्चित हुनुहुन्छ?","downloadError":"अपडेटहरु डाउनलोड गर्दा एउटा त्रुटि भेटियो।","updateAvailableInfo":{"innerHTML":{"_index":["plural","n"],"_":{"one":"{{ n }} अपडेटहरु उपलब्ध छन् | <span>थप जानकारीका लागि थिच्नुहोस्।</span>","two":"{{ n }} अपडेटहरु उपलब्ध छन्। <span>थप जानकारीको लागि थिच्नुहोस् |</span>","few":"{{ n }} अपडेटहरु उपलब्ध छन्। <span>थप जानकारीका लागि थिच्नुहोस् |</span>","many":"{{ n }} अपडेटहरु उपलब्ध छन्। <span>थप जानकारीका लागि थिच्नुहोस् |</span>","other":"{{ n }} अपडेटहरु उपलब्ध छन्। <span>थप जानकारीका लागि थिच्नुहोस् |</span>"}}},"numberOfUpdates":{"_index":["plural","n"],"_":{"one":"{{ n }} अपडेटहरु उपलब्ध छन्","two":"{{ n }} अपडेटहरु उपलब्ध छन्","few":"{{ n }} अपडेटहरु उपलब्ध छन्","many":"{{ n }} अपडेटहरु उपलब्ध छन्","other":"{{ n }} अपडेटहरु उपलब्ध छन्"}},"systemUpdate":"प्रणाली अपडेट","systemUpdateReady":"प्रणाली अपडेट तयार","systemUpdateLowBatteryThreshold":"You need at least {{ threshold }}% battery level to install the update.","required":"आवश्यक","uncompressingMessage":{"innerHTML":"फुकाउदै…<span>केही मिनेट लग्न सक्छ |</span>"},"downloadNoWifiWarning":"वाई-फाई अनुपलब्ध | हाल जडान आधुनिकतम गरे थप रकम लाग्न सक्नेछ |","downloadOfflineWarning":"जडान अनुपलब्ध।अपडेटहरु डाउनलोड गर्न सञ्जालमा जडित हुनुहोस्।","downloadDataConnectionWarning":"वाई-फाई अनउपलब्ध भएको खन्डमा डाटा जडान मर्फत अपडेटहरु डाउनलोड गरिन्छ। थप डाटा शुल्क लाग्न सक्छ।","downloadUpdatesViaDataConnection":"डाटा जडान मर्फत अपडेटहरु डाउनलोड गर्नु चाहानुहुन्छ?","downloadUpdatesViaDataConnectionMessage":"वाई-फाई अनउपलब्ध भएको खन्डमा डाटा जडान मर्फत अपडेटहरु डाउनलोड गरिन्छ। डाटा जडान प्रयोग गरेको बेलामा, फोन कलहरु बन्द हुन सक्छन् र थप डाटा पनि शुल्क लाग्न सक्छ।","downloadUpdatesVia2GForbidden2":"Downloading updates is not possible on slow connections (2G). Please connect via Wi-Fi or 3G (if available) and try again.","screenshotSaved":"स्क्रिनसट गलिअरीमा बचत गर्नुहोस्","screenshotFailed":"स्क्रिनसट बचत हुन सकेन ।","screenshotNoSDCard":"कुनैपनि मेमोरी कार्ड भेटिएन","screenshotSDCardInUse":"मेमोरी कार्ड प्रयोगमा छ","screenshotSDCardLow":"मेमोरी कार्डमा पर्याप्त खाली स्थान छैन","emergency-call-button":"आपतकालिन कल","emergency-call":"आपतकालिन कल","unlock-a11y-button":{"ariaLabel":"ताल्चा खोल्नुहोस्"},"camera-a11y-button":{"ariaLabel":"क्यामेरा"},"longDateFormat":"%A, %B %e","panel-passcode":{"ariaLabel":"Passcode panel"},"lockscreen-sim-id":"SIM {{ n }}","softwareHomeButton":{"ariaLabel":"गृह"},"login":"हस्ताक्षर गर्दै","username":"प्रयोगकर्ता नाम","password":"पासवर्ड","http-authentication-message":"{{host}} ले प्रयोगकार्ता नाम रा पासवर्ड माग्दैछ। साइटले यसो भन्छ: “{{realm}}”","error-message":"{{name}} गतिलोसँग लोड भइरहेको छैन","error-title":"{{name}} मा समस्या हुदैछ","airplane-is-on":"उडान शैली खोल्लै छ","airplane-is-turned-on":"{{name}}का लागि सञ्जाल जडान आवश्यक छ | सेटिङमा गएर उडान शैली बन्द गरी वाई-फाई अथवा मोबाइल डाटा सञ्जाल जडान गर्नुहोस् |","server-not-found":"सर्भर फेला परेन","server-not-found-error":"{{name}} मा सर्भर भेटाउन सकिएन ।","file-not-found":"File not found","file-not-found-error":"The device can’t display this page because the file cannot be found.","connection-failed":"Unable to connect","connection-failed-error":"A network error occurred while trying to reach the site.","invalid-connection":"Unable to connect","invalid-connection-error":"A network error occurred while trying to reach the site.","malformed-uri":"URL not valid","malformed-uri-error":"The URL entered is not valid and cannot be loaded.","redirect-loop":"Can’t display page","redirect-loop-error":"The device can’t display this page because the page is not redirecting properly. Try this page again at a later time.","not-cached":"Page expired","not-cached-error":"As a security precaution, this page cannot be displayed by the device because it has expired.","is-printing-error":"The document cannot change while Printing or in Print Preview.","denied-port-access":"This address is restricted","denied-port-access-error":"This address uses a network port which is normally used for purposes other than Web browsing. The device has cancelled the request for your protection.","proxy-resolve-failure":"Proxy Server Error","proxy-resolve-failure-error":"The device is configured to use a proxy server that can’t be found.","proxy-connect-failure":"Proxy Server Error","proxy-connect-failure-error":"The device is configured to use a proxy server that is refusing connections.","content-encoding":"Can’t display page","content-encoding-error":"The device can’t display this page because a content encoding error occurred.","remote-xul":"Page unsupported","remote-xul-error":"This page can’t be displayed because it uses a technology that is not supported on the device.","phishing-blocked":"Warning","phishing-blocked-error":"The website has been reported as a web forgery designed to trick users into sharing personal or financial information.","malware-blocked":"Malware attack blocked","malware-blocked-error":"The site at has been reported as an attack site and has been blocked.","unsafe-content-type":"Unsafe content","unsafe-content-type-error":"The page cannot be shown because it may not be safe to open.","corrupted-content":"Can’t display page","corrupted-content-error":"The page cannot be shown because an error in the data transmission was detected.","network-connection-unavailable":"सञ्जाल जडान अनुपलब्ध","network-error":"{{name}}का लागि सञ्जाल जडान आवश्यक छ | यसका लागि वाई-फाई अथवा मोबाइल डाटा सञ्जाल जडान गर्न प्रयास गर्नुहोस् |","network-error-launching":"{{name}} requires an Internet connection.","network-error-in-app":"No access to the Internet right now.","unable-to-connect":"Unable to connect","try-again":"फेरि प्रयास गर्नुहोस्","check-settings":"Check settings","tap-to-check-settings":"Tap to check settings","select-time":"समय चयन गर्नुहोस","choose-option":"छान्नुहोस्","choose-options":"चयन गर्नुहोस्","select-day":"दिन चयन गर्नुहोस","battery-almost-empty":"ब्याटरी खाली हुनै लाग्यो","add-to-home-screen":"गृह पर्दामा थप्नुहोस्","share":"Share","crash-dialog2-os":"{{brandShortName}} भर्खरै क्र्यासबाट रिकभर भयो","crash-dialog-app":"{{name}} भर्खरै क्र्यास भयो","crash-dialog-message":"के समस्याको समाधानका लागि तपाईको क्र्यासको प्रतिवेदन मोजिल्लालाई दिन चाहनुहुन्छ ? (प्रतिवेदनहरु Wi-Fi का माध्यम बाट मात्रय पठाइनेछ।)","crash-info-link":"क्र्यास प्रतिवेदनमा के छ ?","crash-always-report":"क्र्यास भएकि सधै मोजिल्लालाई प्रतिवेदन पठाउनुहोस्।","crash-dont-send":"नपठाउनुहोस्","crash-end":"प्रतिवेदन पठाउनुहोस्","crashReports":"क्र्यास प्रतिवेदनहरू","done":"गरियो","crash-reports-description-1":"एउटा क्र्यास प्रतिवेदनमा क्र्यास र तपाईँको यन्त्रको बारे केही विवरण साथसाथै तपाईँको यन्त्र क्र्यास भएको अवस्थाको एउटा स्न्यापसट हुन्छ।","crash-reports-description-2":"खुला पृष्ठहरु र एपहरु, फारममा लेखिएका अक्षरहरु र खुला सन्देशका  सामग्रीहरु, हालसालैको ब्राउजिङ्ग इतिहास, अथवा खुला एपले प्रयोग गरेकाो भू-स्थानजस्ता कुराहरु यसमा समावेश हुन सक्छन।","crash-reports-description-3-start":"We use crash reports to try to fix problems and improve our products. We handle your information as we describe in our ","crash-reports-description-3-privacy":"गोपनीयता नीति","crash-reports-description-3-end":"।","crash-banner-os2":"{{brandShortName}} भर्खरै क्र्यास भयो।","crash-banner-app":"{{name}} भर्खरै क्र्यास भयो।","crash-banner-report":"प्रतिवेदन","bluetooth-sending-progress":"Sending Bluetooth transfer…","bluetooth-receiving-progress":"Receiving Bluetooth transfer…","acceptFileTransfer":"ब्लुटुथ फाइल स्थानान्तरण स्वीकार गर्नुहुन्छ?","wantToReceiveFile":"{{deviceName}}ले {{fileName}} ({{fileSize}}byte) स्थानान्तर गर्न चाहन्छ |","transfer-confirmation-title":"{{deviceName}}","transfer-confirmation-description":"स्थानान्तर अनुरोध पुनरावलोकन गर्नुहोस् ।","byteUnit-B":"बाइट्स","byteUnit-KB":"किलोबाइट","byteUnit-MB":"MB","byteUnit-GB":"GB","byteUnit-TB":"TB","byteUnit-PB":"PB","byteUnit-EB":"EB","byteUnit-ZB":"ZB","byteUnit-YB":"YB","fileSize":"{{size}} {{unit}}","deny":"अस्वीकार गर्नुहोस्","transfer":"स्थानान्तर गर्नुहोस्","cancelFileTransfer":"ब्लुटुथ फाइल स्थानान्तर गर्नुहोस रद्द गर्न चाहनुहुन्छ?","continueFileTransfer":"Continue","transfer-has-started-title":"स्थानान्तरण सुरु भइसकेको छ","transfer-has-started-description":"सूचना केन्द्रमा प्रगति जाँच्नुहोस्","transferFinished-sentSuccessful-title":"फाइल पठाइयो","transferFinished-receivedSuccessful-title":"फाइल प्राप्त गरियो","transferFinished-sentFailed-title":"फाइल पठाउन सकिएन","transferFinished-receivedFailed-title":"फाइल प्राप्त गर्न सकिएन","transferReport-title":"स्थानान्तर प्रतिवेदन:","transferReport-description":"{{numSuccessful}} फाइलमा सफलता, {{numUnsuccessful}} फाइलमा असफलता","unknown-file":"अज्ञात फाइल","unknown-device":"अज्ञात यन्त्र","cannotOpenFile":"प्राप्त गरिएको फाइल खोल्न सकिएन","unknownMediaTypeToOpen":"अज्ञात मिडियाको प्रकार खोल्न सकिदैन: ","cannotReceiveFile":"फाइल प्राप्त गर्न सकिदैन","cannotGetStorageState":"यन्त्र भण्डार स्थिति पाउन सकिएन ।","sdcard-not-exist2":"स्मृति कार्ड भेटिएन । कृपया स्मृति कार्ड घुसाउनुहोस् ।","sdcard-in-use":"फोन जोडिएको बेलामा ब्लुटुथको प्रयोग गर्न सकिदैन। फाइल(हरु) प्राप्त गर्नका लागि कृपया फोन छुटाउनुहोस्।","sdcard-no-space2":"स्थानान्तरण पूरा हुनसकेन:मेमोरी कार्ड भरि छ।","unknown-error":"अज्ञात त्रुटि","confirm":"यकिन गर्नुहोस्","microphone-is-on":"माइक्रोफोन चालू छ","camera-is-on":"क्यामेरा चालू छ","media-is-on":"क्यामेरा र माइक्रोफोन चालू छ","noSimCard":"सिम कार्ड छैन","simPin":"सिम PIN","pukCode":"PUK कोड","nckCode":"NCK कोड","cckCode":"CCK कोड","spckCode":"SPCK कोड","nck1code":"NCK1 code","nck2code":"NCK2 code","hnckcode":"HNCK code","rcckcode":"RCCK code","rspckcode":"RSPCK code","whatIsSimPin":"सिम PIN क हो?","simPinIntro1":"SIM PINले सिम कार्डमा सेलुलर डाटा सञ्जालहरु रोक्छ | जब SIM PIN सक्षम पर्नुहुन्छ, कुनै पनि सिम कार्ड भएको यन्त्रले फेरि सुरु हुदा PIN माग्छ |","simPinIntro2":"यन्त्र खोल्न प्रयोग हुने पासकोड र SIM PIN एउटै होइनन् |","changeSimPin":"PIN परिवर्तन गर्नुहोस्","pinTitle":"सिम PIN प्रविष्ट गर्नुहोस्","multiSIMpinTitle":"सिम {{n}} PIN प्रविष्ट गर्नुहोस्","pukTitle":"PUK कोड प्रविष्ट गर्नुहोस्","nckTitle":"NCK कोड प्रविष्ट गर्नुहोस्","cckTitle":"CCK कोड प्रविष्ट गर्नुहोस्","spckTitle":"SPCK कोड प्रविष्ट गर्नुहोस्","nck1Title":"Enter NCK1 code","nck2Title":"Enter NCK2 code","hnckTitle":"Enter HNCK code","rcckTitle":"Enter RCCK code","rspckTitle":"Enter RSPCK code","newpinTitle":"नयाँ PIN","inputCodeRetriesLeft":{"_index":["plural","n"],"_":{"one":"अन्तिम कोशिस ।","two":"{{n}} प्रयासहरु बाँकी।","few":"{{n}} प्रयासहरु बाँकी।","many":"{{n}} प्रयासहरु बाँकी।","other":"{{n}} प्रयासहरु बाँकी।"}},"pinErrorMsg":"PIN गलत रहेछ।","pinAttemptMsg2":{"_index":["plural","n"],"_":{"one":"यस सिम कार्ड बन्द हुनु अघि तपाईसंग ठिक कोड प्रविष्ट गर्न एक कोसिस बाँकी छ।","two":"तपाईसंग यस सिम कार्ड बन्द हुन अघि ठिक कोड प्रविष्ट गर्न {{n}} कोसिस बाँकी छन्।","few":"तपाईसंग यस सिम कार्ड बन्द हुन अघि ठिक कोड प्रविष्ट गर्न {{n}} कोसिस बाँकी छन्।","many":"तपाईसंग यस सिम कार्ड बन्द हुन अघि ठिक कोड प्रविष्ट गर्न {{n}} कोसिस बाँकी छन्।","other":"तपाईसंग यस सिम कार्ड बन्द हुन अघि ठिक कोड प्रविष्ट गर्न {{n}} कोसिस बाँकी छन्।"}},"pinLastChanceMsg":"सहि PIN प्रविष्ट गर्ने यो तपाईको अन्तिम मौका हो। नत्रभने, तपाईले यो सिम कार्ड प्रयोग गर्नका लागि PUK कोड प्रविष्ट गर्नुपर्दछ।","simCardLockedMsg":"सिम कार्ड बन्द भयो।","enterPukMsg":"तपाईले सिम कार्डका लागि व्यक्तिगत ताल्चा खोल्ने चाबी (PUK) कोड प्रविष्ट गर्नुपर्छ | थप जानकारीका लागि तपाईले आफ्नो सिम कार्ड कागजात अथवा तपाईको सिम कार्ड वाहकसंग सम्पर्क राख्नुहोस् |","pukErrorMsg":"PUK कोड गलत छ।","pukAttemptMsg2":{"_index":["plural","n"],"_":{"one":"यस सिम कार्ड सधैका लागि नचल्नु अघि तपाईसंग ठिक कोड प्रविष्ट गर्न एक कोसिस बाँकी छ। थप जानकारीका लागि तपाईको सिम कार्ड कागजात हेर्नुहोस् अथवा सिम कार्ड वाहकसंग सम्पर्क राख्नुहोस्।","two":"यस सिम कार्ड सधैका लागि नचल्नु अघि तपाईसंग ठिक कोड प्रविष्ट गर्न {{n}} कोसिस बाँकी छन्। थप जानकारीका लागि तपाईको सिम कार्ड कागजात हेर्नुहोस् अथवा सिम कार्ड वाहकसंग सम्पर्क राख्नुहोस्।","few":"यस सिम कार्ड सधैका लागि नचल्नु अघि तपाईसंग ठिक कोड प्रविष्ट गर्न {{n}} कोसिस बाँकी छन्। थप जानकारीका लागि तपाईको सिम कार्ड कागजात हेर्नुहोस् अथवा सिम कार्ड वाहकसंग सम्पर्क राख्नुहोस्।","many":"यस सिम कार्ड सधैका लागि नचल्नु अघि तपाईसंग ठिक कोड प्रविष्ट गर्न {{n}} कोसिस बाँकी छन्। थप जानकारीका लागि तपाईको सिम कार्ड कागजात हेर्नुहोस् अथवा सिम कार्ड वाहकसंग सम्पर्क राख्नुहोस्।","other":"यस सिम कार्ड सधैका लागि नचल्नु अघि तपाईसंग ठिक कोड प्रविष्ट गर्न {{n}} कोसिस बाँकी छन्। थप जानकारीका लागि तपाईको सिम कार्ड कागजात हेर्नुहोस् अथवा सिम कार्ड वाहकसंग सम्पर्क राख्नुहोस्।"}},"pukLastChanceMsg":"ठिक PUK कोड प्रविष्ट गर्न यो अन्तिम मौका हो | तपाईले गलत PUK कोड प्रविष्ट गरेमा तपाईको यस सिम कार्ड सधैका लागि चल्दैन | थप जानकारीका लागि तपाईको सिम कार्ड कागजात हेर्नुहोस् अथवा सिम कार्ड वाहकसंग सम्पर्क राख्नुहोस् |","newSimPinMsg":"PIN सृजना गर्नुहोस् (४ देखि ८ वटा अङ्कहरु हुनु पर्दछ)","confirmNewSimPinMsg":"नयाँ PIN को पुष्टि गर्नुहोस्","newPinErrorMsg":"PIN हरु मिल्दैनन्।","nckErrorMsg":"NCK कोड गलत छ।","nckAttemptMsg2":{"_index":["plural","n"],"_":{"one":"सञ्जाल निजीकरण नगर्ने अनुरोध असफल। तपाईँसँग ठिक कोड प्रविष्ट गर्न एउटा कोसिस बाँकी छ। थप जानकारीका लागि आफ्नो यन्त्रको कागजत हेर्नुहोस् वा तपाईँको यन्त्र वाहकसँग सम्पर्क राख्नुहोस्।","two":"व्यक्तिगत अपहिचान सञ्जाल अनुरोध असफल। तपाईसंग ठिक कोड प्रविष्ट गर्न {{n}} कोसिस बाँकी छन्। थप जानकारीका लागि आफ्नो यन्त्रको कागजत हेर्नुहोस् वा तपाईको यन्त्र वाहकसंग सम्पर्क राख्नुहोस्।","few":"व्यक्तिगत अपहिचान सञ्जाल अनुरोध असफल। तपाईसंग ठिक कोड प्रविष्ट गर्न {{n}} कोसिस बाँकी छन्। थप जानकारीका लागि आफ्नो यन्त्रको कागजत हेर्नुहोस् वा तपाईको यन्त्र वाहकसंग सम्पर्क राख्नुहोस्।","many":"व्यक्तिगत अपहिचान सञ्जाल अनुरोध असफल। तपाईसंग ठिक कोड प्रविष्ट गर्न {{n}} कोसिस बाँकी छन्। थप जानकारीका लागि आफ्नो यन्त्रको कागजत हेर्नुहोस् वा तपाईको यन्त्र वाहकसंग सम्पर्क राख्नुहोस्।","other":"व्यक्तिगत अपहिचान सञ्जाल अनुरोध असफल। तपाईसंग ठिक कोड प्रविष्ट गर्न {{n}} कोसिस बाँकी छन्। थप जानकारीका लागि आफ्नो यन्त्रको कागजत हेर्नुहोस् वा तपाईको यन्त्र वाहकसंग सम्पर्क राख्नुहोस्।"}},"nckLastChanceMsg":"वेक्तिगत अपहिचान सञ्जाल अनुरोध असफल | ठिक NCK कोड प्रविष्ट गर्ने अन्तिम मौका | थप जानकारीका लागि आफ्नो यन्त्रको कागजत हेर्नुहोस् वा तपाईको यन्त्र वाहकसंग सम्पर्क राख्नुहोस् |","activity-pick":"यहादेखि चयन गर:","activity-view":"यससँग अवोलोकन गर्ने:","activity-test":"यससँग जाँच्ने:","activity-share":"यससँग बाँड्ने:","activity-new":"यससँग सृजना गर्ने :","activity-open":"योसँग खोल्ने:","activity-save-bookmark":"यहाँ पुस्तकचिनो:","activity-record":"यहाँदेखि रेकर्ड:","activity-browse":"यससँग हेर्ने:","activity-configure":"यससँग कन्फिगर गर्ने:","activity-dial":"यहाँदेखि डायल:","persona-signin":"साइन इन","payment-flow":"खरीद गर्नुहोस्","remoteDebuggerMessage":"रिमोट डीबगइंग जडानका लागि आगमन अनुरोध अनुमति पत्ता लगाइयो | जडान स्वीकारनुहुन्छ?","fullscreen-request":"{{origin}} अब पूर्ण पर्दा भयो |","captive-wifi-available":"{{networkName}} भन्ने सञ्जाल भेटियो। सञ्जालसँग जोड्न चाहानुहुन्छ?","ceWarningtitle":"भोल्युम सवधान","ceWarningcontent":"संभवत सुनवाई नष्ट नगुनबाट रोकनका लागी, लामो समयसम्म उच्च भोल्युमको स्तरमा नसुन्नहोला।","notification-powersaving-mode-on-title":"शक्ति बचत शैली","notification-powersaving-mode-on-description":"शक्ति बचत शैली चालू छ।","low-device-storage":"यन्त्रको खाली स्थान थोरै छ।\\n","free-space":{"_index":["plural","value"],"_":{"zero":"कुनै पनि खाली स्थान बाकि छैन।","one":"{{value}} {{unit}} भन्दा कम बाँकि।","two":"{{value}} {{unit}} भन्दा कम बाँकि।","few":"{{value}} {{unit}} भन्दा कम बाँकि।","many":"{{value}} {{unit}} भन्दा कम बांकी छ।","other":"{{value}} {{unit}} भन्दा कम बांकी छ।"}},"unknown-free-space":"अज्ञात खाली स्थान।","system-alert":"प्रणाली सतर्कता","cb-channel":"माध्यम {{channel}}","cb-etws-warningType-earthquake":"Earthquake warning!","cb-etws-warningType-tsunami":"Tsunami warning!","cb-etws-warningType-earthquake-tsunami":"Earthquake-tsunami warning!","cb-etws-warningType-test":"Alert system is being tested.","cb-etws-warningType-other":"Emergency warning!","icc-message-maintitle":"Operator message","icc-message-subtitle":"SIM {{id}}","icc-confirmCall-defaultmessage":"कल {{number}}?","icc-alertMessage-defaultmessage":"सन्देश पठाउँदै","icc-confirmMessage-defaultmessage":"सन्देश पठाउनुहोस्?","icc-inputbox-maintitle":"STK Query","icc-inputbox-subtitle":"SIM {{id}}","emergency-callback-mode":"आपतकालीन कल फिर्ता गर्ने शैली","emergency-callback-message":"तपाईंले कल गर्न, सन्देश पठाउन अथवा अनलाइन जान सक्नुहुन्न किनभने आकसमिक कलब्याक मोड सक्षम परिएको छैन । के तपाईं यसलाई बन्द गर्न चाहनुहुन्छ ?","cdma-record-info":"सि डी एम् ए रेकर्ड सूचना","ime-switching-title":"{{appName}}: {{name}}","ime-switching-tip":"प्रणाली बदल्न थिच्नुहोस","shrinking-tip":"साझेदारी गर्नका लागि स्वाइप गर्नुहोस्","download_started":"डाउनलोड सुरु गरियो","download_stopped":"डाउनलोड रोकियो","download_downloading":"Downloading…","download_succeeded":"डाउनलोड समाप्त","download_failed":"डाउनलोड असफल भयो","download_text_by_default":"{{name}}","download_downloading_text_2":"{{percentage}}%-{{name}}","search-or-enter-address":{"_":"Search or enter address","placeholder":"Search or enter address"},"noSIMCardInHotspot":"सिम कार्ड अनुपस्थित छ अथवा गलत तरिकाले घुसाइएको छ, त्यस कारण हटस्पट बन्द गर्नुहोस्","noHopspotWhenAPMisOn":"Turn off airplane mode to use Wi-Fi hotspot","apmActivated":"Airplane mode activated","open-in-new-tab":"Open link in new tab","add-link-to-home-screen":"Add link to home screen","share-link":"Share link","save-image":"Save Image","save-video":"Save Video","save-audio":"Save Audio","save-link":"Save linked file","share-image":"Share Image","share-video":"Share Video","share-audio":"Share Audio","weekday-0-long":"आइतबार","weekday-1-long":"सोमबार","weekday-2-long":"मंगलबार","weekday-3-long":"बुधबार","weekday-4-long":"बिहिबार","weekday-5-long":"शुक्रबार","weekday-6-long":"शनिबार","weekday-0-short":"आइत","weekday-1-short":"सोम","weekday-2-short":"मङ्गल","weekday-3-short":"बुध","weekday-4-short":"बिहि","weekday-5-short":"शुक्र","weekday-6-short":"शनि","month-0-long":"जनवरी","month-1-long":"फेब्रुअरी","month-2-long":"ंमार्च","month-3-long":"अप्रिल","month-4-long":"मे","month-5-long":"जुन","month-6-long":"जुलाई","month-7-long":"अगस्ट","month-8-long":"सेप्टेम्बर","month-9-long":"अक्टोबर","month-10-long":"नोभेम्बर","month-11-long":"डिसेम्बर","month-0-genitive":"जनवरी","month-1-genitive":"फेब्रुअरी","month-2-genitive":"ंमार्च","month-3-genitive":"अप्रिल","month-4-genitive":"मे","month-5-genitive":"जुन","month-6-genitive":"जुलाई","month-7-genitive":"अगस्ट","month-8-genitive":"सेप्टेम्बर","month-9-genitive":"अक्टोबर","month-10-genitive":"नोभेम्बर","month-11-genitive":"डिसेम्बर","month-0-short":"जन","month-1-short":"फेब","month-2-short":"मार्च","month-3-short":"अप्रिल","month-4-short":"मे","month-5-short":"जुन","month-6-short":"जुलाई","month-7-short":"अगस्ट","month-8-short":"सेप्टेम्वर","month-9-short":"अक्टुवर","month-10-short":"नोभेम्वर","month-11-short":"डिसेम्वर","minutes-ago-long":{"_index":["plural","value"],"_":{"zero":"भर्खरै","one":"एक मिनेट अगाडि","two":"{{value}} मिनेट अगाडि","few":"{{value}} मिनेट अगाडि","many":"{{value}} मिनेट अगाडि","other":"{{value}} मिनेट अगाडि"}},"hours-ago-long":{"_index":["plural","value"],"_":{"zero":"भर्खरै","one":"एक घन्टा अगाडि","two":"{{value}} घण्टा अगाडि","few":"{{value}} घण्टा अगाडि","many":"{{value}} घण्टा अगाडि","other":"{{value}} घण्टा अगाडि"}},"days-ago-long":{"_index":["plural","value"],"_":{"zero":"आज","one":"हिजो","two":"{{value}} दिन अगाडि","few":"{{value}} दिन अगाडि","many":"{{value}} दिन अगाडि","other":"{{value}} दिन अगाडि"}},"weeks-ago-long":{"_index":["plural","value"],"_":{"zero":"यो हप्ता","one":"गएको हप्ता","two":"{{value}} हप्ता अगाडि","few":"{{value}} हप्ता अगाडि","many":"{{value}} हप्ता अगाडि","other":"{{value}} हप्ता अगाडि"}},"months-ago-long":{"_index":["plural","value"],"_":{"zero":"यो महिना","one":"गएको महिना","two":"{{value}} महिना अगाडि","few":"{{value}} महिना अगाडि","many":"{{value}} महिना अगाडि","other":"{{value}} महिना अगाडि"}},"years-ago-long":{"_index":["plural","value"],"_":{"zero":"यो वर्ष","one":"अघिल्लो वर्ष","two":"{{value}} वर्ष अगाडि","few":"{{value}} वर्ष अगाडि","many":"{{value}} वर्ष अगाडि","other":"{{value}} वर्ष अगाडि"}},"minutes-until-long":{"_index":["plural","value"],"_":{"zero":"अहिले","one":"एक मिनेटमा","two":"{{value}} मिनेटमा","few":"{{value}} मिनेटमा","many":"{{value}} मिनेटमा","other":"{{value}} मिनेटमा"}},"hours-until-long":{"_index":["plural","value"],"_":{"zero":"अहिले","one":"एक घण्टामा","two":"{{value}} घण्टामा","few":"{{value}} घण्टामा","many":"{{value}} घण्टामा","other":"{{value}} घण्टामा"}},"days-until-long":{"_index":["plural","value"],"_":{"zero":"आज","one":"भोलि","two":"{{value}} दिनमा","few":"{{value}} दिनमा","many":"{{value}} दिनमा","other":"{{value}} दिनमा"}},"weeks-until-long":{"_index":["plural","value"],"_":{"zero":"यो हप्ता","one":"पछिल्लो हप्ता","two":"{{value}} हप्तामा","few":"{{value}} हप्तामा","many":"{{value}} हप्तामा","other":"{{value}} हप्तामा"}},"months-until-long":{"_index":["plural","value"],"_":{"zero":"यस महिना","one":"पछिल्लो महिना","two":"{{value}} महिनामा","few":"{{value}} महिनामा","many":"{{value}} महिनामा","other":"{{value}} महिनामा"}},"years-until-long":{"_index":["plural","value"],"_":{"zero":"यस बर्ष","one":"आर्को बर्ष","two":"{{value}} बर्षमा","few":"{{value}} बर्षमा","many":"{{value}} वर्षमा","other":"{{value}} वर्षमा"}},"minutes-ago-short":{"_index":["plural","value"],"_":{"zero":"भर्खरै","other":"{{value}}मिनेट अघि"}},"hours-ago-short":{"_index":["plural","value"],"_":{"zero":"भर्खरै","other":"{{value}}घण्टा अघि"}},"days-ago-short":{"_index":["plural","value"],"_":{"zero":"आज","other":"{{value}}दिन अघि"}},"minutes-until-short":{"_index":["plural","value"],"_":{"zero":"अहिले","other":"{{value}}मिनेटमा"}},"hours-until-short":{"_index":["plural","value"],"_":{"zero":"अहिले","other":"{{value}}घण्टामा"}},"days-until-short":{"_index":["plural","value"],"_":{"zero":"आज","other":"{{value}}दिनमा"}},"incorrectDate":"(गलत मिति)","dateTimeFormat_%c":"%a %b %e %Y %I:%M:%S %p","dateTimeFormat_%x":"%m/%d/%Y","dateTimeFormat_%X":"%I:%M:%S %p","shortTimeFormat":"%I:%M %p","shortDateTimeFormat":"%x %I:%M %p","weekStartsOnMonday":"0","time_am":"ए एम","time_pm":"पी एम","title-app":"App Permission","title-web":"Website Permission","title-cam":"Select Camera","perm-contacts":"सम्पर्कहरू","perm-contacts-appRequest":"{{app}}ले तपाईको सम्पर्क सूचीसंग पहुंच पुग्न चाहन्छ |","perm-contacts-webRequest":"{{site}}ले तपाईको सम्पर्क सूचीसंग पहुंच पुग्न चाहन्छ |","perm-desktop-notification":"सूचनाहरु","perm-desktop-notification-appRequest":"{{app}}ले सूचनाहरू देखाउन चाहन्छ |","perm-desktop-notification-webRequest":"{{site}}ले सूचनाहरू देखाउन चाहन्छ।","perm-device-storage-music":"सङ्गित भण्डारण","perm-device-storage-music-appRequest":"{{app}} तपाईको संगीत प्रयोग गर्ने चाहन्छ |","perm-device-storage-music-webRequest":"{{site}} तपाईको संगीतको उपयोग गर्ने चाहन्छ |","perm-device-storage-pictures":"छवि भण्डारण","perm-device-storage-pictures-appRequest":"{{app}} तपाईको चित्रहरु प्रयोग गर्ने चाहन्छ |","perm-device-storage-pictures-webRequest":"{{site}}ले तपाईको चित्रहरुसंग पहुंच पुग्न चाहन्छ |","perm-device-storage-sdcard":"मेमोरी कार्ड भण्डार","perm-device-storage-sdcard-appRequest":"{{app}} तपाईको मेमोरी कार्डसंग पहुंच पुग्न चाहन्छ |","perm-device-storage-sdcard-webRequest":"{{site}}ले तपाईको मेमोरी कार्डसंग पहुंच पुग्न चाहन्छ |","perm-device-storage-videos":"भिडियो भण्डार","perm-device-storage-videos-appRequest":"{{app}}ले तपाईको भिडियोहरुसंग पहुंच पुग्न चाहन्छ |","perm-device-storage-videos-webRequest":"{{site}}ले तपाईको भिडियोहरुसंग पहुंच पुग्न चाहन्छ |","perm-fmradio":"FM रेडियो","perm-fmradio-appRequest":"{{app}} FM रेडियो प्रयोग गर्न चाहन्छ |","perm-fmradio-webRequest":"{{site}} FM रेडियो प्रयोग गर्न चाहन्छ |","perm-geolocation":"भू-स्थान","perm-geolocation-appRequest":"{{app}} तपाईको स्थान जान्न चाहन्छ ।","perm-geolocation-webRequest":"{{site}} तपाईको स्थान जान्न चाहन्छ।","perm-geolocation-more-info":"{{brandShortName}} तपाईको अनुमानित स्थान निर्धारित गर्न मद्दत गर्नको लागि  जिपिएस, वाई फाई, र तपाई सँग भएको मोबाइल नेटवर्कको रुपमा डाटाको उपयोग गर्छ । डाटा मोजिला र अन्य सेवा प्रदाताको लागि पठाएको छ र त्यस स्थान डाटाबेसमा सुधार गर्नको लागि समग्र रुपमा उपयोग गरिनेछ। डाटा आफनो डिवाइसमा संग्रहित गर्न सकिन्छ र अरु कुनै एप्स चलिरहेछ, तब पनि जब डाटा संग्रह हुन सक्छ ।","perm-video-capture":"क्यामेरा","perm-video-capture-appRequest":"के तपाईं {{app}} सँग आफ्नो क्यामेरा बाँड्न चाहनुहुन्छ?","perm-video-capture-webRequest":"के तपाईं {{site}} सँग आफ्नो क्यामेरा बाँड्न चाहनुहुन्छ?","perm-audio-capture":"माईक्रोफोन","perm-audio-capture-appRequest":"के तपाईं {{app}} सँग आफ्नो माईक्रोफोन बाँड्न चाहनुहुन्छ?","perm-audio-capture-webRequest":"के तपाईं {{site}}सँग आफ्नो माईक्रोफोन बाँड्न चाहनुहुन्छ?","perm-media-capture":"क्यामेरा र माइऋोफोन","perm-media-capture-appRequest":"के तपाई आफ्नो क्यामेरा र माइक्रोफोन {{app}} संग बाँड्न चाहनु हुन्छ ?","perm-media-capture-webRequest":"के तपाई आफ्नो क्यामेरा र माइक्रोफोन {{site}} संग बाँड्न चाहनु हुन्छ ?","perm-camera-selector-appRequest":"Select a camera for {{app}}.","perm-camera-selector-webRequest":"Select a camera for {{site}}.","perm-mobileid":"Mobile Identity","stopped_download_title":"डाउनलोड रोकिएको","stopped_download_message":"डाउनलोड रोकिएको थियो । पुन: डाउनलोड गर्ने प्रयास गर्न चाहनु हुन्छ ?","stopped_download_left_button":"रद्द गर्नुहोस्","stopped_download_right_button":"फेरि प्रयास गर्नुहोस्","failed_download_title":"डाउनलोड असफल भयो","failed_download_message":"{{name}} डाउनलोड गर्न असफल भयो । पुन: डाउनलोड गर्न चाहनुहुन्छ ?","failed_download_left_button":"रद्द गर्नुहोस्","failed_download_right_button":"पुन: प्रयास गर्नुहोस्","stop_download_title":"डाउनलोड रोक","stop_download_message":"के तपाईँ डाउनलोड विराम गर्न चाहानुमा निश्चित हुनुहुन्छ ?","stop_download_left_button":"हुन्न","stop_download_right_button":"हो","delete_download_title":"मेटाउनुहोस्","delete_download_message":"{{name}} मेटाउने?","delete_download_left_button":"रद्द गर्नुहोस्","delete_download_right_button":"मेटाउनुहोस्","delete_all_download_title":"मेटाउनुहोस्","delete_all_download_left_button":"रद्द गर्नुहोस्","delete_all_download_right_button":"मेटाउनुहोस्","delete_all_download_message":{"_index":["plural","number"],"_":{"zero":"कुनै फाइल मेटाउन चाहनु हुन्न ?","one":"एउटा फाइल मेटाउन चाहनु हुन्छ ?","two":"{{number}} फाइलहरु मेटाउनुहुन्छ ?","few":"{{number}} फाइलहरु मेटाउनुहुन्छ ?","many":"{{number}} फाइलहरु मेटाउनुहुन्छ ?","other":"{{number}} फाइलहरु मेटाउनुहुन्छ ?"}},"unsupported_file_type_download_title":"खोल्न असक्षम","unsupported_file_type_download_message":"{{name}} खोल्नमा समस्या भयो। बचत गर्न चाहनु हुन्छ कि मेटाउन चाहनु हुन्छ?","unsupported_file_type_download_left_button":"फाइल राख्नुहोस्","unsupported_file_type_download_right_button":"मेट्नुहोस्","file_not_found_download_title":"फाइल फेला परेन","file_not_found_download_message":"डिभाइसमा फाइल फेला परेन","file_not_found_download_right_button":"ठिक छ","unmounted_sdcard_2_download_title":"मेमोरी कार्ड प्रयोगमा छ","unmounted_sdcard_2_download_message":"फोन निकाल्नुहोस्","unmounted_sdcard_2_download_right_button":"ठीक छ","no_provider_download_title":"सेयर गर्न असक्षम छ","no_provider_download_message":"कुनै पार्श्वचित्र पाइएन ।","no_provider_download_right_button":"ठीक छ","no_memory_download_title":"SD कार्ड भरियो","no_memory_download_message":"एसडी कार्डमा डाउनलोड बचत गर्न ठाउँ छैन । कृपया डाउनलोड सुरु गर्नु अघि केहि फाइलहरु हटाउनु होस् ।","no_memory_download_right_button":"ठीक छ","no_sdcard_found_2_download_title":"मेमोरी कार्ड भेटिएन","no_sdcard_found_2_download_message":"मेमोरी कार्ड घुसाउनुहोस् अथवा सेटिंगमा अन्य बैकल्पिक मिडिया स्थान चयन गर्नु होस् ","no_sdcard_found_2_download_right_button":"ठीक छ","file_open_error_download_title":"खोल्न असक्षम","file_open_error_download_message":"{{name}} खोल्नमा समस्या भयो । बचत गर्न चाहनु हुन्छ कि मेटाउन ?","file_open_error_download_left_button":"फाइल राख्नुहोस्","file_open_error_download_right_button":"मेटाउनुहोस्","restart_download_error":"डाउनलोड पुन सुचारु गर्न समस्या भयो । कृपया पुन प्रयास गर्नु होस् ।","no-downloads":"डाउनलोड हुन्न","percentage":"{{percentage}}%","partialResult":"{{total}} को {{partial}}","summary":"{{date}}-{{status}}","download-stopped":"रोकियो","download-failed":"डाउनलोड असफल भयो","open_downloaded_file":"खोल्नुहोस्","share_downloaded_file":"साझेदारी गर्नुहोस्","wallpaper_downloaded_file":"वालपेपरको रुपमा सेट गर्नुहोस्","ringtone_downloaded_file":"रिङ्गटोनको रुपमा सेट गर्नुहोस् ","cancel_downloaded_file":"रद्द गर्नुहोस्","voicemailNoNumberTitle":"Voicemail number is unavailable","voicemailNoNumberText":"Unable to call the voicemail. Set up the voicemail number to place the call.","voicemailNoNumberSettings":"Settings","voicemailNoNumberCancel":"Cancel","resend":"Resend","connecting":"Connecting","verify":"Verify","verifying":"Verifying","verified":"Verified","mobileIDExplanation":"{{app_name}} would like to know and verify your phone number. Please choose which one you want to share or enter a new one.","verificationCodeExplanation":"We’ve sent a code to {{phone_number}}. We’ll try to pick it up automatically, but you’ll have to enter it manually if it’s not in use in this device.","successMessage":"Awesome! Your number {{phone_number}} is now verified and available to {{app_name}}.","serverErrorMessage":"The verification server is unavailable at this time. Please check your Internet connection, try again or wait a few minutes.","timeoutErrorMessage":"There seems to be a problem with your verification code. Let's try once again!","errorTitle":"Mobile identity","addPhoneNumber":"Or add your phone number","selectPhoneNumber":"Or select a phone number from the list"}