{"firefox-accounts-title":"ਫਾਇਰਫਾਕਸ ਖਾਤੇ","fxa-next":"ਅੱਗੇ","fxa-back":"ਪਿੱਛੇ","fxa-done":"ਮੁਕੰਮਲ","fxa-ok":"ਠੀਕ ਹੈ","fxa-connection-error-title":"ਕੁਨੈਕਟ ਕਰਨ ਲਈ ਅਸਮਰੱਥ","fxa-connection-error-message":"ਤੁਸੀਂ ਸੈਟਿੰਗ ਤੋਂ ਖਾਤਾ ਬਣਾ ਸਕਦੇ ਹੋ ਜਾਂ ਦਾਖਲ ਹੋ ਸਕਦੇ ਹੋ।","fxa-reset-password-error-title":"ਪਾਸਵਰਡ ਮੁੜ-ਸੈੱਟ","fxa-reset-password-error-message":"ਤੁਸੀਂ ਸੈਟਿੰਗ ਵਿੱਚ ਜਾ ਕੇ ਆਪਣਾ ਪਾਸਵਰਡ ਮੁੜ-ਸੈੱਟ ਕਰ ਸਕਦੇ ਹੋ।","fxa-coppa-failure-error-title":"ਖਾਤਾ ਬਣਾਇਆ ਨਹੀਂ ਜਾ ਸਕਦੀ","fxa-coppa-failure-error-message":"ਤੁਹਾਨੂੰ ਫਾਇਰਫਾਕਸ ਖਾਤਾ ਬਣਾਉਣ ਲਈ ਉਮਰ ਸ਼ਰਤ ਨੂੰ ਪੂਰਾ ਕਰਨਾ ਪਵੇਗਾ। {{learnmore}}","fxa-learn-more":"ਹੋਰ ਜਾਣੋ","fxa-offline-error-title":"ਕੁਨੈਕਟ ਕਰਨ ਲਈ ਅਸਮਰੱਥ","fxa-offline-error-message":"ਸੈਟਿੰਗ ਤੋਂ ਨੈੱਟਵਰਕ ਨਾਲ ਕੁਨੈਕਟ ਕਰੋ।","fxa-invalid-email-title":"ਗਲਤੀ","fxa-invalid-email-message":"ਠੀਕ ਈਮੇਲ ਸਿਰਨਾਵਾਂ ਦਿਉ ਜੀ।","fxa-invalid-password-title":"ਗਲਤ ਪਾਸਵਰਡ","fxa-invalid-password-message":"ਆਪਣਾ ਪਾਸਵਰਡ ਚੈੱਕ ਕਰੋ ਅਤੇ ਮੁੜ-ਕੋਸ਼ਿਸ਼ ਕਰੋ।","fxa-unknown-error-title":"ਕੁਨੈਕਟ ਕਰਨ ਲਈ ਅਸਮਰੱਥ","fxa-unknown-error-message":"ਸਿਸਟਮ ਉਪਲੱਬਧ ਨਹੀਂ ਹੈ, ਛੇਤੀ ਹੀ ਮੁੜ-ਕੋਸ਼ਿਸ਼ ਕਰੋ।","fxa-connecting":"ਕੁਨੈਕਟ ਕੀਤਾ ਜਾ ਰਿਹਾ ਹੈ","fxa-enter-email-input":{"placeholder":"ਆਪਣਾ ਈਮੇਲ ਦਿਓ"},"fxa-use-email-to-sign-in":"ਖਾਤਾ ਬਣਾਉਣ ਜਾਂ ਦਾਖਲ ਹੋਣ ਲਈ ਆਪਣਾ ਈਮੇਲ ਸਿਰਨਾਵਾਂ ਦਿਉ।","fxa-notice":"ਜਾਰੀ ਰੱਖਣ ਨਾਲ, ਮੈਂ ਫਾਇਰਫਾਕਸ ਕਲਾਉਡ ਸੇਵਾਵਾਂ ਦੀਆਂ {{tos}} ਤੇ {{pn}} ਨਾਲ ਸਹਿਮਤ ਹਾਂ।","fxa-tos":"ਸੇਵਾ ਦੀਆਂ ਸ਼ਰਤਾਂ","fxa-pn":"ਪਰਦੇਦਾਰੀ ਸੂਚਨਾ","fxa-create-password-title":"ਪਾਸਵਰਡ ਬਣਾਓ","fxa-enter-password-title":"ਆਪਣਾ ਪਾਸਵਰਡ ਦਿਓ","fxa-hello-user":"ਹੈਲੋ, {{email}}","fxa-password-refresh":"ਜਾਰੀ ਰੱਖਣ ਲਈ ਆਪਣਾ ਫਾਇਰਫਾਕਸ ਖਾਤਾ ਪਾਸਵਰਡ ਦਿਉ ਜੀ।","fxa-password":{"placeholder":"ਪਾਸਵਰਡ"},"fxa-forgot-your-password":"ਆਪਣਾ ਪਾਸਵਰਡ ਭੁੱਲ ਗਏ?","fxa-show-password":"ਪਾਸਵਰਡ ਵੇਖਾਓ","fxa-password-length-requirement":"ਤੁਹਾਡਾ ਪਾਸਵਰਡ ਘੱਟੋ-ਘੱਟ 8 ਅੱਖਰ ਲੰਮਾ ਹੋਣਾ ਚਾਹੀਦਾ ਹੈ।","fxa-success":"ਸਫ਼ਲ!","fxa-ready-to-go":"ਤੁਹਾਡਾ ਫਾਇਰਫਾਕਸ ਤਿਆਰ ਹੈ!","fxa-use-features":"ਹੁਣ ਤੁਸੀਂ ਮੇਰਾ ਯੰਤਰ ਲੱਭੋ ਫੀਚਰ ਅਤੇ ਫਾਇਰਫਾਕਸ ਮੰਡੀ ਵਰਗੇ ਐਪਸ ਦੀ ਵਰਤੋਂ ਕਰ ਸਕਦੇ ਹੋ।","fxa-access-manage-account-settings":"ਭਵਿੱਖ ਵਿੱਚ, ਤੁਸੀਂ ਸੈਟਿੰਗ ਵਿੱਚੋਂ ਆਪਣੇ ਖਾਤੇ ਨੂੰ ਵਰਤ ਸਕਦੇ ਹੋ ਤੇ ਪ੍ਰਬੰਧ ਕਰ ਸਕਦੇ ਹੋ।","fxa-confirm-account":"ਆਪਣੇ ਖਾਤੇ ਦੀ ਪੁਸ਼ਟੀ","fxa-will-send-email":"ਅਸੀਂ ਈਮੇਲ ਭੇਜਾਂਗੇ: {{email}}","fxa-signup-click-verification-link-in-email":"ਅਗਲੀ ਵਾਰ ਤੁਸੀਂ ਆਪਣੀ ਈਮੇਲ ਦੀ ਜਾਂਚ ਕਰੋ, ਆਪਣੇ ਫਾਇਰਫਾਕਸ ਕਆਤੇ ਦੀ ਪੁਸ਼ਟੀ ਲਈ ਤਸਦੀਕੀ ਕੋਡ ਉੱਤੇ ਕਲਿੱਕ ਕਰੋ।","fxa-age-verification":"ਉਮਰ ਜਾਂਚ","fxa-age-1990-earlier":"1990 ਜਾਂ ਪਹਿਲਾਂ","fxa-year-of-birth":"ਜਨਮ ਦਾ ਸਾਲ","brandShortName":"B2G OS","browserBrandShortName":"ਵੈੱਬ ਬਰਾਊਜ਼ਰ","browserBrandFullName":"ਮੋਜ਼ੀਲਾ ਵੈੱਬ ਬਰਾਊਜ਼ਰ","accessibility-enableScreenReaderSteps":"To enable screen reader, press volume up then volume down buttons three more times","accessibility-disableScreenReaderSteps":"To disable screen reader, press volume up then volume down buttons three more times","accessibility-screenReaderStarted":"Screen reader started","accessibility-screenReaderStopped":"Screen reader stopped","accessibility-menubar":"menu bar","accessibility-scrollbar":"scroll bar","accessibility-grip":"grip","accessibility-alert":"alert","accessibility-menupopup":"menu popup","accessibility-document":"document","accessibility-pane":"pane","accessibility-dialog":"dialog","accessibility-separator":"separator","accessibility-toolbar":"toolbar","accessibility-statusbar":"status bar","accessibility-table":"table","accessibility-columnheader":"column header","accessibility-rowheader":"row header","accessibility-column":"column","accessibility-row":"row","accessibility-cell":"cell","accessibility-link":"link","accessibility-list":"list","accessibility-listitem":"list item","accessibility-outline":"outline","accessibility-outlineitem":"outline item","accessibility-pagetab":"tab","accessibility-propertypage":"property page","accessibility-graphic":"graphic","accessibility-pushbutton":"button","accessibility-checkbutton":"check button","accessibility-radiobutton":"radio button","accessibility-combobox":"combo box","accessibility-progressbar":"progress bar","accessibility-slider":"slider","accessibility-spinbutton":"spin button","accessibility-diagram":"diagram","accessibility-animation":"animation","accessibility-equation":"equation","accessibility-buttonmenu":"button menu","accessibility-whitespace":"white space","accessibility-pagetablist":"tab list","accessibility-canvas":"canvas","accessibility-checkmenuitem":"check menu item","accessibility-label":"label","accessibility-passwordtext":"password text","accessibility-radiomenuitem":"radio menu item","accessibility-textcontainer":"text container","accessibility-togglebutton":"toggle button","accessibility-treetable":"tree table","accessibility-header":"header","accessibility-footer":"footer","accessibility-paragraph":"paragraph","accessibility-entry":"entry","accessibility-caption":"caption","accessibility-heading":"heading","accessibility-section":"section","accessibility-form":"form","accessibility-comboboxlist":"combo box list","accessibility-comboboxoption":"combo box option","accessibility-imagemap":"image map","accessibility-listboxoption":"option","accessibility-listbox":"list box","accessibility-flatequation":"flat equation","accessibility-gridcell":"gridcell","accessibility-note":"note","accessibility-figure":"figure","accessibility-definitionlist":"definition list","accessibility-term":"term","accessibility-definition":"definition","accessibility-textarea":"text area","accessibility-textInputType_date":"date","accessibility-textInputType_email":"e-mail","accessibility-textInputType_search":"search","accessibility-textInputType_tel":"telephone","accessibility-textInputType_url":"URL","accessibility-headingLevel":"heading level {{0}}","accessibility-listStart":"First item","accessibility-listEnd":"Last item","accessibility-listItemsCount":{"_index":["plural","count"],"_":{"zero":"{{count}} items","one":"{{count}} item","two":"{{count}} items","few":"{{count}} items","many":"{{count}} items","other":"{{count}} items"}},"accessibility-objItemOfN":"{{0}} of {{1}}","accessibility-banner":"banner","accessibility-complementary":"complementary","accessibility-contentinfo":"content info","accessibility-main":"main","accessibility-navigation":"navigation","accessibility-search":"search","accessibility-tblColumnInfo":{"_index":["plural","count"],"_":{"zero":"with {{count}} columns","one":"with {{count}} column","two":"with {{count}} columns","few":"with {{count}} columns","many":"with {{count}} columns","other":"with {{count}} columns"}},"accessibility-tblRowInfo":{"_index":["plural","count"],"_":{"zero":"and {{count}} rows","one":"and {{count}} row","two":"and {{count}} rows","few":"and {{count}} rows","many":"and {{count}} rows","other":"and {{count}} rows"}},"accessibility-columnInfo":"Column {{0}}","accessibility-rowInfo":"Row {{0}}","accessibility-spansColumns":{"_index":["plural","0"],"_":{"zero":"spans {{0}} columns","one":"spans {{0}} column","two":"spans {{0}} columns","few":"spans {{0}} columns","many":"spans {{0}} columns","other":"spans {{0}} columns"}},"accessibility-spansRows":{"_index":["plural","0"],"_":{"zero":"spans {{0}} rows","one":"spans {{0}} row","two":"spans {{0}} rows","few":"spans {{0}} rows","many":"spans {{0}} rows","other":"spans {{0}} rows"}},"accessibility-jumpAction":"jumped","accessibility-pressAction":"pressed","accessibility-checkAction":"checked","accessibility-uncheckAction":"unchecked","accessibility-selectAction":"selected","accessibility-unselectAction":"unselected","accessibility-openAction":"opened","accessibility-closeAction":"closed","accessibility-switchAction":"switched","accessibility-clickAction":"clicked","accessibility-collapseAction":"collapsed","accessibility-expandAction":"expanded","accessibility-activateAction":"activated","accessibility-cycleAction":"cycled","accessibility-hidden":"hidden","accessibility-tabLoading":"loading","accessibility-tabLoaded":"loaded","accessibility-tabNew":"new tab","accessibility-tabLoadStopped":"loading stopped","accessibility-tabReload":"reloading","accessibility-stateChecked":"checked","accessibility-stateNotChecked":"not checked","accessibility-statePressed":"pressed","accessibility-stateExpanded":"expanded","accessibility-stateCollapsed":"collapsed","accessibility-stateUnavailable":"unavailable","accessibility-stateRequired":"required","accessibility-stateTraversed":"visited","accessibility-stateHasPopup":"has pop up","accessibility-stateSelected":"selected","accessibility-editingMode":"editing","accessibility-navigationMode":"navigating","accessibility-quicknav_Simple":"Default","accessibility-quicknav_Anchor":"Anchors","accessibility-quicknav_Button":"Buttons","accessibility-quicknav_Combobox":"Combo boxes","accessibility-quicknav_Landmark":"Landmarks","accessibility-quicknav_Entry":"Entries","accessibility-quicknav_FormElement":"Form elements","accessibility-quicknav_Graphic":"Images","accessibility-quicknav_Heading":"Headings","accessibility-quicknav_ListItem":"List items","accessibility-quicknav_Link":"Links","accessibility-quicknav_List":"Lists","accessibility-quicknav_PageTab":"Page tabs","accessibility-quicknav_RadioButton":"Radio buttons","accessibility-quicknav_Separator":"Separators","accessibility-quicknav_Table":"Tables","accessibility-quicknav_Checkbox":"Check boxes","accessibility-menubarAbbr":"menu bar","accessibility-scrollbarAbbr":"scroll bar","accessibility-gripAbbr":"grip","accessibility-alertAbbr":"alert","accessibility-menupopupAbbr":"menu popup","accessibility-documentAbbr":"document","accessibility-paneAbbr":"pane","accessibility-dialogAbbr":"dialog","accessibility-separatorAbbr":"separator","accessibility-toolbarAbbr":"toolbar","accessibility-statusbarAbbr":"status bar","accessibility-tableAbbr":"tbl","accessibility-columnheaderAbbr":"column header","accessibility-rowheaderAbbr":"row header","accessibility-columnAbbr":"column","accessibility-rowAbbr":"row","accessibility-cellAbbr":"cell","accessibility-linkAbbr":"lnk","accessibility-listAbbr":"list","accessibility-listitemAbbr":"list item","accessibility-outlineAbbr":"outline","accessibility-outlineitemAbbr":"outline item","accessibility-pagetabAbbr":"tab","accessibility-propertypageAbbr":"property page","accessibility-graphicAbbr":"graphic","accessibility-pushbuttonAbbr":"btn","accessibility-checkbuttonAbbr":"check button","accessibility-radiobuttonAbbr":"radio button","accessibility-comboboxAbbr":"combo box","accessibility-progressbarAbbr":"progress bar","accessibility-sliderAbbr":"slider","accessibility-spinbuttonAbbr":"spin button","accessibility-diagramAbbr":"diagram","accessibility-animationAbbr":"animation","accessibility-equationAbbr":"equation","accessibility-buttonmenuAbbr":"button menu","accessibility-whitespaceAbbr":"white space","accessibility-pagetablistAbbr":"tab list","accessibility-canvasAbbr":"canvas","accessibility-checkmenuitemAbbr":"check menu item","accessibility-labelAbbr":"label","accessibility-passwordtextAbbr":"passwdtxt","accessibility-radiomenuitemAbbr":"radio menu item","accessibility-textcontainerAbbr":"text container","accessibility-togglebuttonAbbr":"toggle button","accessibility-treetableAbbr":"tree table","accessibility-headerAbbr":"header","accessibility-footerAbbr":"footer","accessibility-paragraphAbbr":"paragraph","accessibility-entryAbbr":"entry","accessibility-captionAbbr":"caption","accessibility-headingAbbr":"heading","accessibility-sectionAbbr":"section","accessibility-formAbbr":"form","accessibility-comboboxlistAbbr":"combo box list","accessibility-comboboxoptionAbbr":"combo box option","accessibility-imagemapAbbr":"imgmap","accessibility-listboxoptionAbbr":"option","accessibility-listboxAbbr":"list box","accessibility-flatequationAbbr":"flat equation","accessibility-gridcellAbbr":"gridcell","accessibility-noteAbbr":"note","accessibility-figureAbbr":"fig","accessibility-definitionlistAbbr":"definition list","accessibility-termAbbr":"term","accessibility-definitionAbbr":"definition","accessibility-textareaAbbr":"txtarea","accessibility-tblColumnInfoAbbr":{"_index":["plural","count"],"_":{"one":"{{count}}c","two":"{{count}}c","few":"{{count}}c","many":"{{count}}c","other":"{{count}}c"}},"accessibility-tblRowInfoAbbr":{"_index":["plural","count"],"_":{"one":"{{count}}r","two":"{{count}}r","few":"{{count}}r","many":"{{count}}r","other":"{{count}}r"}},"accessibility-cellInfoAbbr":"c{{0}}r{{1}}","accessibility-stateCheckedAbbr":"(x)","accessibility-stateUncheckedAbbr":"( )","accessibility-statePressedAbbr":"(x)","accessibility-stateUnpressedAbbr":"( )","ok":"ਠੀਕ ਹੈ","back":"ਪਿੱਛੇ","help":"ਮੱਦਦ","cancel":"ਰੱਦ ਕਰੋ","close":"ਬੰਦ ਕਰੋ","skip":"ਛੱਡੋ","clear":{"ariaLabel":"Clear"},"undo":{"ariaLabel":"ਵਾਪਿਸ"},"airplaneMode":"ਏਅਰਪਲੇਨ ਮੋਡ","searching":"…ਖੋਜ ਜਾਰੀ ਹੈ","noNetwork":"ਨੈੱਟਵਰਕ ਨਹੀਂ ਲੱਭਿਆ","roaming":"{{operator}} (Roaming)","operator-info":"{{carrier}} {{region}}","emergencyCallsOnly":"ਐਮਰਜੈਂਸੀ ਕਾਲਾਂ ਹੀ","emergencyCallsOnly-unknownSIMState":"(ਅਣਜਾਣ ਸਿਮ ਸਥਿਤੀ)","emergencyCallsOnly-noSIM":"(ਸਿਮ ਨਹੀਂ)","emergencyCallsOnly-pinRequired":"(ਸਿਮ ਪਿੰਨ ਚਾਹੀਦਾ ਹੈ)","emergencyCallsOnly-pukRequired":"(ਸਿਮ PUK ਚਾਹੀਦਾ ਹੈ)","emergencyCallsOnly-networkLocked":"(ਨੈੱਟਵਰਕ ਲਾਕ ਹੈ)","emergencyCallsOnly-serviceProviderLocked":"(ਸੇਵਾ ਦੇਣ ਵਾਲੇ ਵਲੋਂ ਲਾਕ ਹੈ)","emergencyCallsOnly-corporateLocked":"(ਕਾਰਪੋਰੇਟ ਲਾਕ ਹੈ)","emergencyCallsOnly-network1Locked":"(ਨੈੱਟਵਰਕ1 ਲਾਕ ਹੈ)","emergencyCallsOnly-network2Locked":"(ਨੈੱਟਵਰਕ2 ਲਾਕ ਹੈ)","emergencyCallsOnly-hrpdNetworkLocked":"(hrpd ਨੈੱਟਵਰਕ ਲਾਕ ਹੈ)","emergencyCallsOnly-ruimCorporateLocked":"(ruim ਕਾਰਪੋਰੇਟ ਲਾਕ ਹੈ)","emergencyCallsOnly-ruimServiceProviderLocked":"(ruim ਸੇਵਾ ਦੇਣ ਵਾਲੇ ਵਲੋਂ ਲਾਕ ਹੈ)","enterPIN":"PIN ਦਿਓ","mediaPlaybackTitle":{"ariaLabel":"ਟਾਈਟਲ"},"mediaPlaybackArtist":{"ariaLabel":"ਕਲਾਕਾਰ"},"mediaPlaybackControls":{"ariaLabel":"ਪਲੇਅਬੈਕ ਕੰਟਰੋਲ"},"mediaPlaybackPrevious":{"ariaLabel":"ਪਿੱਛੇ"},"mediaPlaybackPlay":"ਚਲਾਓ","mediaPlaybackPause":"ਰੋਕੋ","mediaPlaybackNext":{"ariaLabel":"ਅੱਗੇ"},"wifiButton-on":"ਵਾਈ-ਫਾਈ ਚਾਲੂ","wifiButton-on-initializing":"ਵਾਈ-ਫਾਈ ਚਾਲੂ, ਸ਼ੁਰੂ ਕੀਤਾ ਜਾ ਰਿਹਾ ਹੈ","wifiButton-off":"ਵਾਈ-ਫਾਈ ਬੰਦ","dataButton-on":"ਡਾਟਾ {{type}} ਚਾਲੂ","dataButton-off":"Data {{type}} ਬੰਦ","bluetoothButton-on":"ਬਲਿਊਟੁੱਥ ਚਾਲੂ","bluetoothButton-on-initializing":"ਬਲਿਊਟੁੱਥ ਚਾਲੂ, ਸ਼ੁਰੂ ਕੀਤਾ ਜਾ ਰਿਹਾ ਹੈ","bluetoothButton-off":"ਬਲਿਊਟੁੱਥ ਬੰਦ","airplaneMode-on":"ਏਅਰਪਲੇਨ ਮੋਡ ਚਾਲੂ","airplaneMode-off":"ਏਅਰਪਲੇਨ ਮੋਡ ਬੰਦ","settingsButton":{"ariaLabel":"ਸੈਟਿੰਗ"},"utilityTrayGrippy":{"ariaLabel":"ਸਹੂਲਤ ਟਰੇ ਬੰਦ ਕਰੋ"},"statusbarLabel":"{{date}}, {{operator}}","statusbarDateFormat":"%e %b","statusbar":{"ariaLabel":"ਸਥਿਤੀ ਪੱਟੀ"},"statusbarBattery":"ਬੈਟਰੀ {{level}} ਫੀਸਦੀ","statusbarBatteryCharging":"ਬੈਟਰੀ {{level}} ਫੀਸਦੀ, ਚਾਰਜ ਹੋ ਰਹੀ ਹੈ","statusbarFlightMode":{"ariaLabel":"ਏਅਰਪਲੇਨ ਮੋਡ ਚਾਲੂ"},"statusbarWiFiConnecting":"ਵਾਈ-ਫਾਈ: ਕੁਨੈਕਟ ਕੀਤਾ ਜਾ ਰਿਹਾ ਹੈ","statusbarWiFiConnected":"ਵਾਈ-ਫਾਈ: 4 ਡੰਡੀਆਂ ਵਿੱਚੋਂ {{level}}","statusbarSignal":"{{operator}} ਨੈੱਟਵਰਕ, 5 ਡੰਡੀਆਂ ਵਿੱਚੋਂ {{level}}","statusbarSignalRoaming":"{{operator}} ਨੈੱਟਵਰਕ (roaming), 5 ਡੰਡੀਆਂ ਵਿੱਚੋਂ {{level}}","statusbarSignalNoneSearching":"ਖੋਜ ਜਾਰੀ… ਕੇਵਲ ਐਮਰਜੈਂਸੀ ਕਾਲਾਂ ਹੀ","statusbarHeadphones":{"ariaLabel":"ਹੈੱਡਫੋਨ ਚਾਲੂ"},"statusbarBluetoothHeadphones":{"ariaLabel":"ਬਲਿਊਟੁੱਥ ਹੈੱਡਫੋਨ ਚਾਲੂ"},"statusbarBluetoothTransferring":{"ariaLabel":"ਬਲਿਊਟੁੱਥ ਤਬਾਦਲਾ ਸਰਗਰਮ"},"statusbarIconOn-tethering":"ਟਥੀਰਿੰਗ ਚਾਲੂ","statusbarIconOnActive-tethering":"ਟਥੀਰਿੰਗ ਚਾਲੂ, ਸਰਗਰਮ","statusbarAlarm":{"ariaLabel":"ਅਲਾਰਮ ਚਾਲੂ"},"statusbarIconOn-bluetooth":"ਬਲਿਊਟੁੱਥ ਚਾਲੂ","statusbarIconOnActive-bluetooth":"ਬਲਿਊਟੁੱਥ ਚਾਲੂ, ਸਰਗਰਮ","statusbarIconOn-mute":"ਆਵਾਜ਼ ਬੰਦ","statusbarIconOn-vibration":"ਥੱਰਾਹਟ ਚਾਲੂ","statusbarRecording":{"ariaLabel":"ਰਿਕਾਰਡ ਕਰਨਾ ਚਾਲੂ"},"statusbarGeolocation":{"ariaLabel":"ਭੂਗੋਲਿਕ-ਟਿਕਾਣਾ ਚਾਲੂ"},"statusbarUsb":{"ariaLabel":"USB ਚਾਲੂ"},"statusbarForwarding":"ਕਾਲ ਅੱਗੇ ਭੇਜਣੀ ਚਾਲੂ","statusbarPlaying":{"ariaLabel":"ਮੀਡਿਆ ਚੱਲ ਰਿਹਾ"},"statusbarNfc":{"ariaLabel":"NFC ਚਾਲੂ"},"statusbarDownloads":{"ariaLabel":"…ਡਾਊਨਲੋਡ ਕੀਤਾ ਜਾ ਰਿਹਾ ਹੈ"},"statusbarNetworkActivity":{"ariaLabel":"ਨੈੱਟਵਰਕ ਚਾਲੂ"},"statusbarEmergencyCBNotification":{"ariaLabel":"ਐਮਰਜੈਂਸੀ ਵਾਪਸੀ-ਕਾਲ"},"statusbarNotifications":{"_index":["plural","n"],"_":{"one":"{{n}} ਸੂਚਨਾ","two":"{{n}} ਸੂਚਨਾਵਾਂ","few":"{{n}} ਸੂਚਨਾਵਾਂ","many":"{{n}} ਸੂਚਨਾਵਾਂ","other":"{{n}} ਸੂਚਨਾਵਾਂ"}},"statusbarNotifications-unread":{"_index":["plural","n"],"_":{"one":"{{n}} ਨਾ-ਪੜ੍ਹੀ ਸੂਚਨਾ","two":"{{n}} ਨਾ-ਪੜ੍ਹੀਆਂ ਸੂਚਨਾਵਾਂ","few":"{{n}} ਨਾ-ਪੜ੍ਹੀਆਂ ਸੂਚਨਾਵਾਂ","many":"{{n}} ਨਾ-ਪੜ੍ਹੀਆਂ ਸੂਚਨਾਵਾਂ","other":"{{n}} ਨਾ-ਪੜ੍ਹੀਆਂ ਸੂਚਨਾਵਾਂ"}},"notifications":"ਸੂਚਨਾ","clear-all":"ਸਭ ਸਾਫ਼ ਕਰੋ","attentionScreen-tapToShow":"ਵੇਖਣ ਲਈ ਛੂਹੋ","newVoicemails":{"_index":["plural","n"],"_":{"zero":"ਨਵੀਂ ਵਾਈਸ ਮੇਲ ਨਹੀਂ","one":"ਇੱਕ ਨਵੀਂ ਵਾਈਸ ਮੇਲ","two":"{{n}} ਨਵੀਆਂ ਵਾਈਸ ਮੇਲ","few":"{{n}} ਨਵੀਆਂ ਵਾਈਸ ਮੇਲ","many":"{{n}} ਨਵੀਆਂ ਵਾਈਸ ਮੇਲ","other":"{{n}} ਨਵੀਆਂ ਵਾਈਸ ਮੇਲ"}},"newVoicemailsUnknown":"ਨਵੀਂ ਵਾਈਸ ਮੇਲ","dialNumber":"{{number}} ਡਾਇਲ","voicemailNotificationMultiSim":"(SIM {{n}}) {{title}}","confirmNFCConnectBTenabledNameUnknown":"ਕੀ ਤੁਸੀਂ ਯੰਤਰ ਨਾਲ ਕੁਨਕੈਟ ਹੋਣਾ ਚਾਹੁੰਦੇ ਹੋ?","confirmNFCConnectBTdisabledNameUnknown":"ਬਲਿਊਟੁੱਥ ਚਾਲੂ ਕਰਕੇ ਯੰਤਰ ਨਾਲ ਕੁਨੈਕਟ ਕਰਨਾ ਹੈ?","confirmNFCConnectBTenabledNameKnown":"ਕੀ ਤੁਸੀਂ {{deviceName}} ਨਾਲ ਕੁਨੈਕਟ ਕਰਨਾ ਚਾਹੁੰਦੇ ਹੋ?","confirmNFCConnectBTdisabledNameKnown":"ਬਲਿਊਟੁੱਥ ਚਾਲੂ ਕਰਕੇ {{deviceName}} ਨਾਲ ਕੁਨੈਕਟ ਕਰਨਾ ਹੈ?","confirmNFCConnectBTdisabled":"ਚਾਲੂ ਕਰੋ","dismissNFCConnectBTdisabled":"ਰੱਦ","confirmation":"ਪੁਸ਼ਟੀ","deviceMenu":"ਫੋਨ","airplane":"ਏਅਰਪਲੇਨ ਮੋਡ ਚਾਲੂ ਕਰੋ","airplaneOff":"ਏਅਰਪਲੇਨ ਮੋਡ ਬੰਦ ਕਰੋ","silent":"ਆਉਣ ਵਾਲੀਆਂ ਕਾਲਾਂ ਮੌਨ","normal":"ਆਉਣ ਵਾਲੀਆਂ ਕਾਲਾਂ ਲਈ ਰਿੰਗ ","restart":"ਮੁੜ-ਚਾਲੂ ਕਰੋ","power":"ਬੰਦ ਕਰੋ","no-recent-apps":"ਕੋਈ ਤਾਜ਼ਾ ਐਪਸ ਨਹੀਂ ਹੈ","yes":"ਹਾਂ","no":"ਨਹੀਂ","dontallow":"ਮਨਜ਼ੂਰ ਨਾ ਕਰੋ","allow":"ਮਨਜ਼ੂਰ","dontshare-geolocation":"ਸਾਂਝਾ ਨਾ ਕਰੋ","share-geolocation":"ਸਾਂਝਾ ਕਰੋ","dontshare-audio-capture":"ਸਾਂਝਾ ਨਾ ਕਰੋ","share-audio-capture":"ਸਾਂਝਾ ਕਰੋ","dontshare-video-capture":"ਸਾਂਝਾ ਨਾ ਕਰੋ","share-video-capture":"ਸਾਂਝਾ ਕਰੋ","dontshare-media-capture":"ਸਾਂਝਾ ਨਾ ਕਰੋ","share-media-capture":"ਸਾਂਝਾ ਕਰੋ","device-front":"ਅੱਗੇ ਵਾਲਾ ਕੈਮਰਾ","device-back":"ਪਿਛਲਾ ਕੈਮਰਾ","remember-my-choice":"ਮੇਰੀ ਚੋਣ ਯਾਦ ਰੱਖੋ","more-info":"…ਹੋਰ ਜਾਣਕਾਰੀ","hide-info":"ਜਾਣਕਾਰੀ ਓਹਲੇ","install-app":"{{name}} ਇੰਸਟਾਲ ਕਰਨੀ ਹੈ?","size":"ਆਕਾਰ","author":"ਲੇਖਕ","size-unknown":"ਅਣਜਾਣ","author-unknown":"ਅਣਜਾਣ","install":"ਇੰਸਟਾਲ","bytes":"ਬਾਈਟ","kB":"KB","MB":"MB","GB":"GB","TB":"TB","PB":"PB","app-install-generic-error":"{{ appName }} ਡਾਊਨਲੋਡ ਰੁਕਿਆ","app-install-download-failed":"{{ appName }} ਡਾਊਨਲੋਡ ਫੇਲ੍ਹ ਹੈ","app-install-install-failed":"{{ appName }} ਇੰਸਟਾਲ ਫੇਲ੍ਹ ਹੈ","cancelling-will-not-refund":"ਰੱਦ ਕਰਨ ਨਾਲ ਖਰੀਦ ਲਈ ਰਕਮ ਵਾਪਿਸ ਨਹੀਂ ਹੋਵੇਗੀ। ਸਮੱਗਰੀ ਲਈ ਰਕਮ ਨੂੰ ਅਸਲੀ ਵਿਕਰੇਤਾ ਵਲੋਂ ਵਾਪਿਸ ਕੀਤਾ ਜਾਵੇਗਾ।","apps-can-be-installed-later":"ਐਪਸ ਨੂੰ ਇਸਲ ਇੰਸਟਾਲੇਸ਼ਨ ਸਰੋਤ ਤੋਂ ਬਾਅਦ ਵਿੱਚ ਇੰਸਟਾਲ ਕੀਤਾ ਜਾ ਸਕਦਾ ਹੈ।","are-you-sure-you-want-to-cancel":"ਕੀ ਤੁਸੀਂ ਇਹ ਇੰਸਟਾਲ ਕਰਨਾ ਚਾਹੁੰਦੇ ਹੋ?","cancel-install":"ਇੰਸਟਾਲ ਕਰਨਾ ਰੱਦ ਕਰੋ","cancel-install-button":"ਇੰਸਟਾਲ ਰੱਦ ਕਰੋ","resume":"ਮੁੜ-ਚਾਲੂ","continue":"ਜਾਰੀ ਰੱਖੋ","stopDownloading":"{{ app }} ਡਾਊਨਲੋਡ ਰੋਕਣਾ ਹੈ?","app-download-can-be-restarted":"ਡਾਊਨਲੋਡ ਨੂੰ ਬਾਅਦ ਵਿੱਚ ਮੁੜ-ਸ਼ੁਰੂ ਕੀਤਾ ਜਾ ਸਕਦਾ ਹੈ।","app-download-stop-button":"ਡਾਊਨਲੋਡ ਰੋਕੋ","not-enough-space":"ਲੋੜੀਂਦੀ ਖਾਲੀ ਥਾਂ ਨਹੀਂ ਹੈ","not-enough-space-message":"ਇਹ ਐਪ ਇੰਸਟਾਲ ਕਰਨ ਲਈ ਲੋੜੀਂਦੀ ਥਾਂ ਨਹੀਂ ਹੈ। ਪੁਰਾਣੀਆਂ ਐਪਸ ਜਾਂ ਮੀਡਿਆ ਹਟਾ ਕੇ ਥਾਂ ਖਾਲੀ ਕਰੋ ਅਤੇ ਅਸਲ ਸਰੋਤ ਤੋਂ ਐਪ ਮੁੜ-ਇੰਸਟਾਲ ਕਰਨ ਦੀ ਕੋਸ਼ਿਸ਼  ਕਰੋ।","app-install-success":"{{ appName }} ਇੰਸਟਾਲ ਹੈ","setup":"ਸੈਟਅੱਪ","ime-addkeyboards":"ਕੀਬੋਰਡ ਜੋੜੋ","later":"ਬਾਅਦ 'ਚ","download":"ਡਾਊਨਲੋਡ","wantToDownload":"ਅੱਪਡੇਟ ਹੁਣੇ ਡਾਊਨਲੋਡ ਕਰਨਾ ਹੈ?","wantToInstall":"ਅੱਪਡੇਟ ਹੁਣੇ ਇੰਸਟਾਲ ਕਰਨਾ ਹੈ?","installNow":"ਹੁਣੇ ਇੰਸਟਾਲ ਕਰੋ","notNow":"ਹੁਣੇ ਨਹੀਂ","downloadingUpdateMessage":{"innerHTML":"…ਅੱਪਡੇਟ ਡਾਊਨਲੋਡ ਕੀਤੇ ਜਾ ਰਹੇ ਹਨ<span>{{ progress }} ਡਾਊਨਲੋਡ ਕੀਤੇ।</span>"},"downloadingAppMessage":"{{ appName }} ਡਾਊਨਲੋਡ ਕੀਤੀ ਜਾ ਰਹੀ ਹੈ","downloadingAppProgressNoMax":"{{ progress }} ਡਾਊਨਲੋਡ ਹੈ","downloadingAppProgressIndeterminate":"ਡਾਊਨਲੋਡ ਜਾਰੀ","downloadingAppProgress":"{{ progress }} / {{ max }} ਡਾਊਨਲੋਡ ਕੀਤਾ","cancelAllDownloads":"ਸਭ ਡਾਊਨਲੋਡ ਰੱਦ ਕਰੋ","wantToCancelAll":"ਕੀ ਤੁਸੀਂ ਸਭ ਡਾਊਨਲੋਡ ਰੱਦ ਕਰਨਾ ਚਾਹੁੰਦੇ ਹੋ?","downloadError":"ਅੱਪਡੇਟ ਡਾਊਨਲੋਡ ਕਰਨ ਦੌਰਾਨ ਗਲਤੀ ਆਈ ਹੈ।","updateAvailableInfo":{"innerHTML":{"_index":["plural","n"],"_":{"one":"{{ n }} ਅੱਪਡੇਟ ਉਪਲੱਬਧ ਹੈ। <span>ਹੋਰ ਜਾਣਕਾਰੀ ਲਈ ਛੂਹੋ।</span>","two":"{{ n }} ਅੱਪਡੇਟ ਉਪਲੱਬਧ ਹਨ। <span>ਹੋਰ ਜਾਣਕਾਰੀ ਲਈ ਛੂਹੋ।</span>","few":"{{ n }} ਅੱਪਡੇਟ ਉਪਲੱਬਧ ਹਨ। <span>ਹੋਰ ਜਾਣਕਾਰੀ ਲਈ ਛੂਹੋ।</span>","many":"{{ n }} ਅੱਪਡੇਟ ਉਪਲੱਬਧ ਹਨ। <span>ਹੋਰ ਜਾਣਕਾਰੀ ਲਈ ਛੂਹੋ।</span>","other":"{{ n }} ਅੱਪਡੇਟ ਉਪਲੱਬਧ ਹਨ। <span>ਹੋਰ ਜਾਣਕਾਰੀ ਲਈ ਛੂਹੋ।</span>"}}},"numberOfUpdates":{"_index":["plural","n"],"_":{"one":"{{ n }} ਅੱਪਡੇਟ ਉਪਲੱਬਧ ਹੈ","two":"{{ n }} ਅੱਪਡੇਟ ਉਪਲੱਬਧ ਹਨ","few":"{{ n }} ਅੱਪਡੇਟ ਉਪਲੱਬਧ ਹਨ","many":"{{ n }} ਅੱਪਡੇਟ ਉਪਲੱਬਧ ਹਨ","other":"{{ n }} ਅੱਪਡੇਟ ਉਪਲੱਬਧ ਹਨ"}},"systemUpdate":"ਸਿਸਟਮ ਅੱਪਡੇਟ","systemUpdateReady":"ਸਿਸਟਮ ਅੱਪਡੇਟ ਤਿਆਰ ਹੈ","systemUpdateLowBatteryThreshold":"You need at least {{ threshold }}% battery level to install the update.","required":"Required","uncompressingMessage":{"innerHTML":"…ਖਿਲਾਰਿਆ ਜਾ ਰਿਹਾ ਹੈ<span>ਇਸ ਨੂੰ ਕੁਝ ਮਿੰਟ ਲੱਗ ਸਕਦੇ ਹਨ।</span>"},"downloadNoWifiWarning":"ਵਾਈ-ਫਾਈ ਉਪਲੱਬਧ ਨਹੀਂ ਹੈ। ਮੌਜੂਦਾ ਕੁਨੈਕਸ਼ਨ ਉੱਤੇ ਅੱਪਡੇਟ ਕਰਨ ਨਾਲ ਵਾਧੂ ਖਰਚੇ ਹੋ ਸਕਦੇ ਹਨ।","downloadOfflineWarning":"ਕੁਨੈਕਸ਼ਨ ਉਪਲੱਬਧ ਨਹੀਂ ਹੈ। ਅੱਪਡੇਟ ਡਾਊਨਲੋਡ ਕਰਨ ਲਈ ਨੈੱਟਵਰਕ ਨਾਲ ਕੁਨੈਕਟ ਕਰੋ","downloadDataConnectionWarning":"ਅੱਪਡੇਟ ਨੂੰ ਡਾਟਾ ਕੁਨੈਕਸ਼ਨ ਰਾਹੀਂ ਡਾਊਨਲੋਡ ਕੀਤਾ ਜਾਂਦਾ ਹੈ, ਜਦੋਂ ਵਾਈ-ਫਾਈ ਉਪਲੱਬਧ ਨਹੀਂ ਹੁੰਦਾ ਹੈ। ਵਾਧੂ ਡਾਟਾ ਖਰਚਾ ਲਾਗੂ ਹੋ ਸਕਦਾ ਹੈ।","downloadUpdatesViaDataConnection":"ਅੱਪਡੇਟ ਡਾਟਾ ਕੁਨੈਕਸ਼ਨ ਰਾਹੀਂ ਡਾਊਨਲੋਡ ਕਰਨੇ ਹਨ?","downloadUpdatesViaDataConnectionMessage":"ਅੱਪਡੇਟ ਨੂੰ ਡਾਟਾ ਕੁਨੈਕਸ਼ਨ ਰਾਹੀਂ ਡਾਊਨਲੋਡ ਕੀਤਾ ਜਾਂਦਾ ਹੈ, ਜਦੋਂ ਵਾਈ-ਫਾਈ ਉਪਲੱਬਧ ਨਹੀਂ ਹੁੰਦਾ ਹੈ। ਜਦੋਂ ਡਾਟਾ ਕੁਨੈਕਸ਼ਨ ਵਰਤਿਆ ਜਾਂਦਾ ਹੈ ਤਾਂ ਫੋਨ ਕਾਲਾਂ ਉੱਤੇ ਰੋਕ ਲੱਗ ਸਕਦੀ ਹੈ ਅਤੇ ਵਾਧੂ ਖਰਚਾ ਵੀ ਲਾਗੂ ਹੋ ਸਕਦਾ ਹੈ।","downloadUpdatesVia2GForbidden2":"Downloading updates is not possible on slow connections (2G). Please connect via Wi-Fi or 3G (if available) and try again.","screenshotSaved":"ਸਕਰੀਨਸ਼ਾਟ ਗੈਲਰੀ 'ਚ ਸੰਭਾਲਿਆ","screenshotFailed":"ਸਕਰੀਨਸ਼ਾਟ  ਸੰਭਾਲਿਆ ਨਹੀਂ ਜਾ ਸਕਿਆ","screenshotNoSDCard":"ਕੋਈ ਮੈਮੋਰੀ ਕਾਰਡ ਨਹੀਂ ਲੱਭਿਆ","screenshotSDCardInUse":"ਮੈਮੋਰੀ ਕਾਰਡ ਵਰਤੋਂ ਵਿੱਚ ਹੈ","screenshotSDCardLow":"ਮੈਮੋਰੀ ਕਾਰਡ ਉੱਤੇ ਲੋੜੀਂਦੀ ਥਾਂ ਨਹੀਂ ਹੈ","emergency-call-button":"ਐਮਰਜੈਂਸੀ ਕਾਲ","emergency-call":"ਐਮਰਜੈਂਸੀ ਕਾਲ","unlock-a11y-button":{"ariaLabel":"ਲਾਕ ਖੋਲ੍ਹੋ"},"camera-a11y-button":{"ariaLabel":"ਕੈਮਰਾ"},"longDateFormat":"%A, %e %B ","panel-passcode":{"ariaLabel":"ਪਾਸਕੋਡ ਪੈਨਲ"},"lockscreen-sim-id":"SIM {{ n }}","softwareHomeButton":{"ariaLabel":"ਮੁੱਖ ਸਫ਼ਾ"},"login":"ਸਾਇਨ ਇਨ","username":"ਯੂਜ਼ਰ ਨਾਂ","password":"ਪਾਸਵਰਡ","http-authentication-message":"{{host}} ਵਲੋਂ ਯੂਜ਼ਰ-ਨਾਂ ਤੇ ਪਾਸਵਰਡ ਦੀ ਮੰਗ ਕੀਤੀ ਗਈ ਹੈ। ਸਾਈਟ ਸੁਨੇਹਾ ਹੈ: “{{realm}}”","error-message":"{{name}} ਠੀਕ ਤਰ੍ਹਾਂ ਲੋਡ ਨਹੀਂ ਹੋ ਰਿਹਾ ਹੈ","error-title":"{{name}} ਨੂੰ ਸਮੱਸਿਆਵਾਂ ਹਨ","airplane-is-on":"ਏਅਰਪਲੇਨ ਮੋਡ ਚਾਲੂ ਹੈ","airplane-is-turned-on":"{{name}} ਨੂੰ ਨੈੱਟਵਰਕ ਕੁਨਕੈਸ਼ਨ ਚਾਹੀਦਾ ਹੈ। ਸੈਟਿੰਗ ਤੋਂ ਏਅਰਪਲੇਨ ਮੋਡ ਬੰਦ ਕਰੋ ਅਤੇ ਵਾਈ-ਫਾਈ ਜਾਂ ਹੋਰ ਮੋਬਾਇਲ ਡਾਟਾ ਨੈੱਟਵਰਕ ਨਾਲ ਕੁਨੈਕਟ ਕਰੋ।","server-not-found":"ਸਰਵਰ ਨਹੀਂ ਲੱਭਿਆ","server-not-found-error":"{{name}} ਉੱਤੇ ਸਰਵਰ ਲੱਭਿਆ ਨਹੀਂ ਜਾ ਸਕਿਆ।","file-not-found":"ਫਾਈਲ ਨਹੀਂ ਲੱਭੀ","file-not-found-error":"ਯੰਤਰ ਇਹ ਸਫ਼ਾ ਨਹੀਂ ਵਿਖਾ ਸਕਦਾ ਹੈ, ਕਿਉਂਕਿ ਫਾਈਲ ਨਹੀਂ ਲੱਭੀ।","connection-failed":"ਕੁਨੈਕਟ ਕਰਨ ਲਈ ਅਸਮਰੱਥ","connection-failed-error":"ਸਾਈਟ ਤੱਕ ਅੱਪੜਨ ਦੀ ਕੋਸ਼ਿਸ਼ ਦੌਰਾਨ ਨੈੱਟਵਰਕ ਗਲਤੀ ਆਈ।","invalid-connection":"ਕੁਨੈਕਟ ਕਰਨ ਲਈ ਅਸਮਰੱਥ","invalid-connection-error":"ਸਾਈਟ ਦੀ ਵਰਤੋਂ ਕਰਨ ਦੀ ਕੋਸ਼ਿਸ਼ ਦੇ ਦੌਰਾਨ ਨੈੱਟਵਰਕ ਗਲਤੀ ਆਈ ਹੈ।","malformed-uri":"URL ਠੀਕ ਨਹੀਂ ਹੈ","malformed-uri-error":"ਦਿੱਤਾ ਗਿਆ URL ਠੀਕ ਨਹੀਂ ਹੈ ਅਤੇ ਲੋਡ ਨਹੀਂ ਕੀਤਾ ਜਾ ਸਕਦਾ।","redirect-loop":"ਸਫ਼ਾ ਵਿਖਾਇਆ ਨਹੀਂ ਜਾ ਸਕਦਾ","redirect-loop-error":"ਯੰਤਰ ਇਹ ਸਫ਼ਾ ਨਹੀਂ ਵਿਖਾ ਸਕਦਾ ਹੈ, ਕਿਉਂਕਿ ਇਹ ਠੀਕ ਤਰ੍ਹਾਂ ਮੁੜ-ਭੇਜ ਨਹੀਂ ਰਿਹਾ ਹੈ। ਇਸ ਸਫ਼ੇ ਲਈ ਬਾਅਦ ਵਿੱਚ ਮੁੜ-ਕੋਸ਼ਿਸ਼ ਕਰੋ।","not-cached":"ਸਫ਼ੇ ਦੀ ਮਿਆਦ ਪੁੱਗੀ","not-cached-error":"ਸੁਰੱਖਿਆ ਕਾਰਨਾਂ ਕਰਕੇ ਇਹ ਸਫ਼ੇ ਨੂੰ ਯੰਤਰ ਵਲੋਂ ਵਿਖਾਇਆ ਨਹੀਂ ਜਾ ਸਕਦਾ ਹੈ, ਕਿਉਂਕਿ ਇਸ ਦੀ ਮਿਆਦ ਪੁੱਗ ਚੁੱਕੀ ਹੈ।","is-printing-error":"ਦਸਤਾਵੇਜ਼ ਨੂੰ ਛਾਪਣ ਦੇ ਦੌਰਾਨ ਜਾਂ ਛਪਾਈ ਝਲਕ ਵੇਖਣ ਦੇ ਦੌਰਾਨ ਬਦਲਿਆ ਨਹੀਂ ਜਾ ਸਕਦਾ।","denied-port-access":"ਇਹ ਸਿਰਨਾਵਾਂ ਸੀਮਿਤ ਹੈ","denied-port-access-error":"ਇਹ ਸਿਰਨਾਵਾਂ ਨੈੱਟਵਰਕ ਪੋਰਟ ਦੀ ਵਰਤੋਂ ਕਰ ਰਿਹਾ ਹੈ, ਜੋ ਕਿ ਆਮ ਤੌਰ ਉੱਤੇ ਵੈੱਬ ਬਰਾਊਜ਼ ਕਰਨ ਤੋਂ ਬਿਨਾਂ ਹੋਰ ਕੰਮ ਲਈ ਵਰਤੀ ਜਾਂਦੀ ਹੈ। ਤੁਹਾਡੀ ਸੁਰੱਖਿਆ ਲਈ ਇਹ ਬੇਨਤੀ ਨੂੰ ਯੰਤਰ ਵਲੋਂ ਰੱਦ ਕੀਤਾ ਗਿਆ ਹੈ।","proxy-resolve-failure":"ਪਰਾਕਸੀ ਸਰਵਰ ਗਲਤੀ","proxy-resolve-failure-error":"ਯੰਤਰ ਨੂੰ ਪਰਾਕਸੀ ਸਰਵਰ ਦੀ ਵਰਤੋਂ ਕਰਨ ਲਈ ਸੰਰਚਿਤ ਕੀਤਾ ਗਿਆ ਹੈ, ਜੋ ਕਿ ਲੱਭਿਆ ਨਹੀਂ ਜਾ ਸਕਦਾ।","proxy-connect-failure":"ਪਰਾਕਸੀ ਸਰਵਰ ਗਲਤੀ","proxy-connect-failure-error":"ਯੰਤਰ ਨੂੰ ਪਰਾਕਸੀ ਸਰਵਰ ਦੀ ਵਰਤੋਂ ਕਰਨ ਲਈ ਸੰਰਚਿਤ ਕੀਤਾ ਗਿਆ ਹੈ, ਜੋ ਕਿ ਕੁਨੈਕਸ਼ਨ ਤੋਂ ਇਨਕਾਰ ਕਰਦਾ ਹੈ।","content-encoding":"ਸਫ਼ਾ ਵਿਖਾਇਆ ਨਹੀਂ ਜਾ ਸਕਦਾ","content-encoding-error":"ਯੰਤਰ ਇਹ ਸਫ਼ਾ ਵਿਖਾ ਨਹੀਂ ਸਕਦਾ ਹੈ, ਕਿਉਂਕਿ ਸਮੱਗਰੀ ਇੰਕੋਡਿੰਗ ਗਲਤੀ ਆਈ ਹੈ।","remote-xul":"ਸਫ਼ਾ ਗ਼ੈਰ-ਸਹਾਇਕ","remote-xul-error":"ਇਹ ਸਫ਼ੇ ਨੂੰ ਵਿਖਾਇਆ ਨਹੀਂ ਜਾ ਸਕਦਾ ਹੈ, ਕਿਉਂਕਿ ਇਹ ਯੰਤਰ ਵਲੋਂ ਨਾ-ਸਹਾਇਕ ਤਕਨੀਕ ਦੀ ਵਰਤੋਂ ਕਰਦਾ ਹੈ।","phishing-blocked":"ਚੇਤਾਵਨੀ","phishing-blocked-error":"ਵੈੱਬਸਾਈਟ ਨੂੰ ਵੈੱਬ ਧੋਖਾਧੜੀ ਵਜੋਂ ਰਿਪੋਰਟ ਕੀਤਾ ਗਿਆ ਹੈ, ਜੋ ਕਿ ਨਿੱਜੀ ਜਾਂ ਵਿੱਤੀ ਜਾਣਕਾਰੀ ਸਾਂਝੀ ਕਰਨ ਲਈ ਯੂਜ਼ਰਾਂ ਨੂੰ ਝਾਂਸਾ ਦੇਣ ਲਈ ਤਿਆਰ ਕੀਤੀ ਗਈ ਹੈ।","malware-blocked":"ਮਾਲਵੇਅਰ ਹਮਲਾ ਪਾਬੰਦੀ ਲਗਾਈ","malware-blocked-error":"ਸਾਈਟ ਨੂੰ ਹਮਲਾਵਰ ਸਾਈਟ ਵਜੋਂ ਰਿਪੋਰਟ ਕੀਤਾ ਗਿਆ ਹੈ ਅਤੇ ਪਾਬੰਦੀ ਲਗਾਈ ਗਈ ਹੈ।","unsafe-content-type":"ਅਸੁਰੱਖਿਅਤ ਸਮੱਗਰੀ","unsafe-content-type-error":"ਸਫ਼ੇ ਨੂੰ ਵਿਖਾਇਆ ਨਹੀਂ ਜਾ ਸਕਦਾ ਹੈ, ਕਿਉਂਕਿ ਇਹ ਖੋਲ੍ਹਣ ਲਈ ਸ਼ਾਇਦ ਸੁਰੱਖਿਅਤ ਨਾ ਹੋਵੇ।","corrupted-content":"ਸਫ਼ਾ ਵਿਖਾਇਆ ਨਹੀਂ ਜਾ ਸਕਦਾ","corrupted-content-error":"ਸਫ਼ਾ ਵਿਖਾਇਆ ਨਹੀਂ ਜਾ ਸਕਦਾ ਹੈ, ਕਿਉਂਕਿ ਡਾਟਾ ਲੈਣ-ਦੇਣ ਦੇ ਦੌਰਾਨ ਗਲਤੀ ਖੋਜੀ ਗਈ ਹੈ।","network-connection-unavailable":"ਨੈੱਟਵਰਕ ਕੁਨੈਕਸ਼ਨ ਉਪਲੱਬਧ ਨਹੀਂ ਹੈ","network-error":"{{name}} ਲਈ ਨੈੱਟਵਰਕ ਕੁਨੈਕਸ਼ਨ ਦੀ ਲੋੜ ਹੈ। ਵਾਈ-ਫਾਈ ਜਾਂ ਮੋਬਾਇਲ ਡਾਟਾ ਨੈੱਟਵਰਕ ਨਾਲ ਕੁਨੈਕਟ ਕਰਨ ਦੀ ਕੋਸ਼ਿਸ਼ ਕਰੋ।","network-error-launching":"{{name}} ਲਈ ਇੰਟਰਨੈੱਟ ਕੁਨੈਕਸ਼ਨ ਦੀ ਲੋੜ ਹੈ।","network-error-in-app":"ਹੁਣ ਇੰਟਰਨੈੱਟ ਕੁਨੈਕਸ਼ਨ ਉਪਲੱਬਧ ਨਹੀਂ ਹੈ।","unable-to-connect":"ਕੁਨੈਕਟ ਕਰਨ ਲਈ ਅਸਮਰੱਥ","try-again":"ਮੁੜ-ਕੋਸ਼ਿਸ਼ ਕਰੋ","check-settings":"ਸੈਟਿੰਗ ਵੇਖੋ","tap-to-check-settings":"ਸੈਟਿੰਗ ਵੇਖਣ ਲਈ ਛੂਹੋ","select-time":"ਸਮਾਂ ਚੁਣੋ","choose-option":"ਚੁਣੋ","choose-options":"ਚੁਣੋ","select-day":"ਦਿਨ ਚੁਣੋ","battery-almost-empty":"ਬੈਟਰੀ ਲਗਭਗ ਖਤਮ ਹੋ ਗਈ","add-to-home-screen":"ਮੁੱਖ ਸਕਰੀਨ ਤੇ ਜੋੜੋ","share":"ਸਾਂਝਾ ਕਰੋ","crash-dialog2-os":"{{brandShortName}} ਨਸ਼ਟ ਹੋਣ ਦੇ ਬਾਅਦ ਮੁੜ-ਪ੍ਰਾਪਤ ਕੀਤਾ ਗਿਆ","crash-dialog-app":"{{name}} ਨਸ਼ਟ ਹੋਈ","crash-dialog-message":"ਕੀ ਤੁਸੀਂ ਸਮੱਸਿਆ ਨੂੰ ਹੱਲ਼ ਕਰਨ ਵਾਸਤੇ ਕਰੈਸ਼ ਦੇ ਬਾਰੇ ਜਾਣਕਾਰੀ ਮੋਜ਼ੀਲਾ ਨੂੰ ਭੇਜਣਾ ਚਾਹੁੰਦੇ ਹੋ? (ਰਿਪੋਰਟਾਂ ਕੇਵਲ ਵਾਈ-ਫਾਈ ਉੱਤੇ ਹੀ ਭੇਜੀਆਂ ਜਾਂਦੀਆਂ ਹਨ।)","crash-info-link":"ਨਸ਼ਟ ਰਿਪੋਰਟ ਵਿੱਚ ਕੀ ਹੈ?","crash-always-report":"ਜਦੋਂ ਵੀ ਨਸ਼ਟ ਹੋਵੇ ਤਾਂ ਹਮੇਸ਼ਾ ਮੋਜ਼ੀਲਾ ਨੂੰ ਰਿਪੋਰਟ ਭੇਜੋ।","crash-dont-send":"ਨਾ ਭੇਜੋ","crash-end":"ਰਿਪੋਰਟ ਭੇਜੋ","crashReports":"ਕਰੈਸ਼ ਰਿਪੋਰਟ","done":"ਮੁਕੰਮਲ","crash-reports-description-1":"ਕਰੈਸ਼ ਰਿਪੋਰਟ ਵਿੱਚ ਕਰੈਸ਼ ਤੇ ਤੁਹਾਡੇ ਯੰਤਰ ਦੇ ਬਾਰੇ ਕੁਝ ਵੇਰਵੇ ਦੇ ਨਾਲ ਨਾਲ ਤੁਹਾਡੇ ਯੰਤਰ ਦੀ ਉਹ ਹਾਲਤ, ਜਦੋਂ ਇਹ ਕਰੈਸ਼ ਹੋਇਆ ਸੀ ਦਾ ਸਨੈਪਸ਼ਾਟ ਹੁੰਦਾ ਹੈ।","crash-reports-description-2":"ਇਸ ਵਿੱਚ ਖੁੱਲ੍ਹੇ ਸਫ਼ੇ ਤੇ ਐਪਸ, ਫਾਰਮ ਵਿੱਚ ਲਿਖਿਆ ਪਾਠ ਅਤੇ ਖੁੱਲ੍ਹੇ ਸੁਨੇਹਿਆਂ ਦੀ ਸਮਗੱਰੀ, ਤਾਜ਼ਾ ਬਰਾਊਜ਼ਿੰਗ ਅਤੀਤ ਜਾਂ ਖੁੱਲ੍ਹੀ ਐਪ ਵਲੋਂ ਵਰਤਿਆ ਭੂਗੋਲਿਕ-ਟਿਕਾਣਾ ਹੁੰਦਾ ਹੈ।","crash-reports-description-3-start":"ਅਸੀਂ ਕਰੈਸ਼ ਰਿਪੋਰਟ ਨੂੰ ਸਾਡੇ ਉਤਪਾਦ ਵਿੱਚ ਸਮੱਸਿਆਵਾਂ ਠੀਕ ਕਰਨ ਤੇ ਸੁਧਾਰ ਕਰਨ ਲਈ ਵਰਤਦੇ ਹਾਂ। ਅਸੀਂ ਤੁਹਾਡੀ ਜਾਣਕਾਰੀ ਨੂੰ ਸਾਡੇ ਵਲੋਂ ","crash-reports-description-3-privacy":"ਪਰਦੇਦਾਰੀ ਨੀਤੀ","crash-reports-description-3-end":"ਦੇ ਤਹਿਤ ਵਰਤਦੇ ਹਾਂ।","crash-banner-os2":"{{brandShortName}} ਕਰੈਸ਼ ਹੋਇਆ ਹੈ।","crash-banner-app":"{{name}} ਹੁਣੇ ਕਰੈਸ਼ ਹੋਈ।","crash-banner-report":"ਰਿਪੋਰਟ","bluetooth-sending-progress":"..ਬਲਿਊਟੁੱਥ ਟਰਾਂਸਫਰ ਭੇਜਿਆ ਜਾ ਰਿਹਾ ਹੈ","bluetooth-receiving-progress":"..ਬਲਿਊਟੁੱਥ ਟਰਾਂਸਫਰ ਪ੍ਰਾਪਤ ਕੀਤਾ ਜਾ ਰਿਹਾ ਹੈ","acceptFileTransfer":"ਬਲਿਊਟੁੱਥ ਫਾਈਲ ਟਰਾਂਸਫਰ ਮਨਜ਼ੂਰ ਕਰਨਾ ਹੈ?","wantToReceiveFile":"{{deviceName}} {{fileName}} ({{fileSize}}) ਟਰਾਂਸਫਰ ਕਰਨਾ ਚਾਹੁੰਦਾ ਹੈ।","transfer-confirmation-title":"{{deviceName}}","transfer-confirmation-description":"ਟਰਾਂਸਫਰ ਬੇਨਤੀ ਦੀ ਪੜਤਾਲ।","byteUnit-B":"ਬਾਈਟ","byteUnit-KB":"KB","byteUnit-MB":"MB","byteUnit-GB":"GB","byteUnit-TB":"TB","byteUnit-PB":"PB","byteUnit-EB":"EB","byteUnit-ZB":"ZB","byteUnit-YB":"YB","fileSize":"{{size}} {{unit}}","deny":"ਇਨਕਾਰ","transfer":"ਟਰਾਂਸਫਰ","cancelFileTransfer":"ਬਲਿਊਟੁੱਥ ਫਾਈਲ ਟਰਾਂਸਫਰ ਰੱਦ ਕਰਨਾ ਹੈ?","continueFileTransfer":"ਜਾਰੀ ਰੱਖੋ","transfer-has-started-title":"ਟਰਾਂਸਫਰ ਸ਼ੁਰੂ ਕੀਤਾ ਜਾ ਚੁੱਕਾ ਹੈ","transfer-has-started-description":"ਤਰੱਕੀ ਸੂਚਨਾ ਕੇਂਦਰ ਵਿੱਚ ਵੇਖੋ","transferFinished-sentSuccessful-title":"ਫਾਈਲ ਭੇਜੀ","transferFinished-receivedSuccessful-title":"ਫਾਈਲ ਪ੍ਰਾਪਤ ਕੀਤੀ","transferFinished-sentFailed-title":"ਫਾਈਲ ਭੇਜੀ ਨਹੀਂ ਜਾ ਸਕੀ","transferFinished-receivedFailed-title":"ਫਾਈਲ ਪ੍ਰਾਪਤ ਨਹੀਂ ਕੀਤੀ ਜਾ ਸਕੀ","transferReport-title":"ਟਰਾਂਸਫਰ ਰਿਪਰੋਟ:","transferReport-description":"{{numSuccessful}} ਫਾਈਲਾਂ ਠੀਕ ਤਰ੍ਹਾਂ, {{numUnsuccessful}} ਫਾਈਲਾਂ ਅਸਫ਼ਲ","unknown-file":"ਅਣਜਾਣ ਫਾਈਲ","unknown-device":"ਅਣਜਾਣ ਯੰਤਰ","cannotOpenFile":"ਪ੍ਰਾਪਤ ਹੋਈ ਫਾਈਲ ਖੋਲ੍ਹੀ ਨਹੀਂ ਜਾ ਸਕਦੀ","unknownMediaTypeToOpen":"ਅਣਜਾਣ ਮੀਡਿਆ ਕਿਸਮ ਖੋਲ੍ਹੀ ਨਹੀਂ ਜਾ ਸਕਦੀ:","cannotReceiveFile":"ਫਾਈਲ ਪ੍ਰਾਪਤ ਨਹੀਂ ਕੀਤੀ ਜਾ ਸਕਦੀ","cannotGetStorageState":"ਯੰਤਰ ਸਟੋਰੇਜ਼ ਸਥਿਤੀ ਪ੍ਰਾਪਤ ਨਹੀਂ ਕੀਤੀ ਜਾ ਸਕਦੀ","sdcard-not-exist2":"ਕੋਈ ਮੈਮੋਰੀ ਕਾਰਡ ਨਹੀਂ ਮਿਲਿਆ। ਮੈਮੋਰੀ ਕਾਰਡ ਪਾਉ ਜੀ।","sdcard-in-use":"ਫੋਨ ਦਾ ਪਲੱਗ ਲੱਗਾ ਹੋਣ ਦੇ ਦੌਰਾਨ ਬਲਿਊਟੁੱਥ ਦੀ ਵਰਤੋਂ ਨਹੀਂ ਕੀਤੀ ਜਾ ਸਕਦੀ। ਫਾਈਲਾਂ ਪ੍ਰਾਪਤ ਕਰਨ ਲਈ ਫੋਨ ਦਾ ਪਲੱਗ ਕੱਢੋ ਜੀ।","sdcard-no-space2":"ਟਰਾਂਸਫਰ ਪੂਰਾ ਨਹੀਂ ਹੋ ਸਕਿਆ: ਮੈਮੋਰੀ ਕਾਰਡ ਭਰ ਗਿਆ ਹੈ।","unknown-error":"ਅਣਜਾਣ ਗਲਤੀ","confirm":"ਪੁਸ਼ਟੀ","microphone-is-on":"ਮਾਈਕ ਚਾਲੂ ਹੈ","camera-is-on":"ਕੈਮਰਾ ਚਾਲੂ ਹੈ","media-is-on":"ਕੈਮਰਾ ਤੇ ਮਾਈਕ ਚਾਲੂ ਹੈ","noSimCard":"ਸਿਮ ਕਾਰਡ ਨਹੀਂ ਹੈ","simPin":"ਸਿਮ ਪਿੰਨ","pukCode":"PUK ਕੋਡ","nckCode":"NCK ਕੋਡ","cckCode":"CCK ਕੋਡ","spckCode":"SPCK ਕੋਡ","nck1code":"NCK1 ਕੋਡ","nck2code":"NCK2 ਕੋਡ","hnckcode":"HNCK ਕੋਡ","rcckcode":"RCCK ਕੋਡ","rspckcode":"RSPCK ਕੋਡ","whatIsSimPin":"ਸਿਮ ਪਿੰਨ ਕੀ ਹੁੰਦਾ ਹੈ?","simPinIntro1":"ਸਿਮ ਪਿੰਨ ਸਿਮ ਕਾਰਡ ਸੈਲੂਲਰ ਡਾਟਾ ਨੈੱਟਵਰਕ ਨੂੰ ਵਰਤਣ ਤੋਂ ਰੋਕਦਾ ਹੈ। ਜੇ ਇਹ ਚਾਲੂ ਹੈ ਤਾਂ ਸਿਮ ਕਾਰਡ ਰੱਖਣ ਵਾਲੇ ਕਿਸੇ ਵੀ ਯੰਤਰ ਤੋਂ ਮੁੜ-ਚਾਲੂ ਕਰਨ ਉੱਤੇ ਪਿੰਨ ਦੀ ਮੰਗ ਕੀਤੀ ਜਾਵੇਗੀ।","simPinIntro2":"ਸਿਮ ਪਿੰਨ ਯੰਤਰ ਨੂੰ ਅਣ-ਲਾਕ ਕਰਨ ਲਈ ਵਰਤਿਆ ਜਾਂਦਾ ਪਾਸ-ਕੋਡ ਨਹੀਂ ਹੈ।","changeSimPin":"ਪਿੰਨ ਬਦਲੋ","pinTitle":"ਸਿਮ ਪਿੰਨ ਦਿਓ","multiSIMpinTitle":"ਸਿਮ {{n}} ਪਿੰਨ ਦਿਓ","pukTitle":"PUK ਕੋਡ ਦਿਓ","nckTitle":"NCK ਕੋਡ ਦਿਓ","cckTitle":"CCK ਕੋਡ ਦਿਓ","spckTitle":"SPCK ਕੋਡ ਦਿਓ","nck1Title":"NCK1 ਕੋਡ ਦਿਓ","nck2Title":"NCK2 ਕੋਡ ਦਿਓ","hnckTitle":"HNCK ਕੋਡ ਦਿਓ","rcckTitle":"RCCK ਕੋਡ ਦਿਓ","rspckTitle":"RSPCK ਕੋਡ ਦਿਓ","newpinTitle":"ਨਵਾਂ ਪਿੰਨ","inputCodeRetriesLeft":{"_index":["plural","n"],"_":{"one":"ਆਖਰੀ ਕੋਸ਼ਿਸ਼","two":"{{n}} ਕੋਸ਼ਿਸ਼ਾਂ ਬਾਕੀ।","few":"{{n}} ਕੋਸ਼ਿਸ਼ਾਂ ਬਾਕੀ।","many":"{{n}} ਕੋਸ਼ਿਸ਼ਾਂ ਬਾਕੀ।","other":"{{n}} ਕੋਸ਼ਿਸ਼ਾਂ ਬਾਕੀ।"}},"pinErrorMsg":"ਪਿੰਨ ਗਲਤ ਹੈ।","pinAttemptMsg2":{"_index":["plural","n"],"_":{"one":"ਤੁਹਾਡੇ ਕੋਲ ਸਿਮ ਕਾਰਡ ਨੂੰ ਲਾਕ ਹੋਣ ਤੋਂ ਪਹਿਲਾਂ ਠੀਕ ਕੋਡ ਦੇਣ ਦੀ ਇੱਕ ਕੋਸ਼ਿਸ਼ ਬਾਕੀ ਬਚੀ ਹੈ।","two":"ਤੁਹਾਡੇ ਕੋਲ ਸਿਮ ਕਾਰਡ ਨੂੰ ਲਾਕ ਹੋਣ ਤੋਂ ਪਹਿਲਾਂ ਠੀਕ ਕੋਡ ਦੇਣ ਦੀਆਂ {{n}} ਕੋਸ਼ਿਸ਼ ਬਾਕੀ ਬਚੀਆਂ ਹਨ।","few":"ਤੁਹਾਡੇ ਕੋਲ ਸਿਮ ਕਾਰਡ ਨੂੰ ਲਾਕ ਹੋਣ ਤੋਂ ਪਹਿਲਾਂ ਠੀਕ ਕੋਡ ਦੇਣ ਦੀਆਂ {{n}} ਕੋਸ਼ਿਸ਼ ਬਾਕੀ ਬਚੀਆਂ ਹਨ।","many":"ਤੁਹਾਡੇ ਕੋਲ ਸਿਮ ਕਾਰਡ ਨੂੰ ਲਾਕ ਹੋਣ ਤੋਂ ਪਹਿਲਾਂ ਠੀਕ ਕੋਡ ਦੇਣ ਦੀਆਂ {{n}} ਕੋਸ਼ਿਸ਼ ਬਾਕੀ ਬਚੀਆਂ ਹਨ।","other":"ਤੁਹਾਡੇ ਕੋਲ ਸਿਮ ਕਾਰਡ ਨੂੰ ਲਾਕ ਹੋਣ ਤੋਂ ਪਹਿਲਾਂ ਠੀਕ ਕੋਡ ਦੇਣ ਦੀਆਂ {{n}} ਕੋਸ਼ਿਸ਼ ਬਾਕੀ ਬਚੀਆਂ ਹਨ।"}},"pinLastChanceMsg":"ਇਹ ਤੁਹਾਡੇ ਕੋਲ ਠੀਕ ਪਿੰਨ ਦਾ ਆਖਰੀ ਮੌਕਾ ਹੈ। ਨਹੀਂ ਤਾਂ ਤੁਹਾਨੂੰ ਇਹ ਸਿਮ ਕਾਰਡ ਨੂੰ ਵਰਤਣ ਲਈ PUK ਕੋਡ ਦੇਣਾ ਪਵੇਗਾ।","simCardLockedMsg":"ਸਿਮ ਕਾਰਡ ਬਲਾਕ ਹੈ।","enterPukMsg":"ਤੁਹਾਨੂੰ ਸਿਮ ਕਾਰਡ ਲਈ ਪਰਸਨਲ ਅਣਲਾਕਿੰਗ ਕੀ (PUK) ਕੋਡ ਦੇਣਾ ਪਵੇਗਾ। ਆਪਣੇ ਸਿਮ ਦਸਤਾਵੇਜ਼ ਨੂੰ ਵੇਖੋ ਜਾਂ ਆਪਣੇ ਕੈਰੀਅਰ ਨਾਲ ਹੋਰ ਜਾਣਕਾਰੀ ਲਈ ਸੰਪਰਕ ਕਰੋ।","pukErrorMsg":"PUK ਕੋਡ ਗਲਤ ਹੈ","pukAttemptMsg2":{"_index":["plural","n"],"_":{"one":"ਤੁਹਾਡੇ ਕੋਲ ਠੀਕ ਕੋਡ ਦੇਣ ਦੀ ਕੇਵਲ ਇੱਕ ਹੀ ਕੋਸ਼ਿਸ਼ ਬਾਕੀ ਬਚੀ ਹੈ, ਜਿਸ ਤੋਂ ਬਾਅਦ ਸਿਮ ਕਾਰਡ ਪੱਕੇ ਤੌਰ ਉੱਤੇ ਬੇਕਾਰ ਹੋ ਜਾਵੇਗਾ। ਆਪਣੇ ਸਿਮ ਦਸਤਾਵੇਜ਼ ਨੂੰ ਵੇਖੋ ਜਾਂ ਆਪਣੇ ਕੈਰੀਅਰ ਨਾਲ ਹੋਰ ਜਾਣਕਾਰੀ ਲਈ ਸੰਪਰਕ ਕਰੋ।","two":"ਤੁਹਾਡੇ ਕੋਲ ਠੀਕ ਕੋਡ ਦੇਣ ਦੀ {{n}} ਕੋਸ਼ਿਸ਼ਾਂ ਬਾਕੀ ਬਚੀਆਂ ਹਨ, ਜਿਸ ਤੋਂ ਬਾਅਦ ਸਿਮ ਕਾਰਡ ਪੱਕੇ ਤੌਰ ਉੱਤੇ ਬੇਕਾਰ ਹੋ ਜਾਵੇਗਾ। ਆਪਣੇ ਸਿਮ ਦਸਤਾਵੇਜ਼ ਨੂੰ ਵੇਖੋ ਜਾਂ ਆਪਣੇ ਕੈਰੀਅਰ ਨਾਲ ਹੋਰ ਜਾਣਕਾਰੀ ਲਈ ਸੰਪਰਕ ਕਰੋ।","few":"ਤੁਹਾਡੇ ਕੋਲ ਠੀਕ ਕੋਡ ਦੇਣ ਦੀ {{n}} ਕੋਸ਼ਿਸ਼ਾਂ ਬਾਕੀ ਬਚੀਆਂ ਹਨ, ਜਿਸ ਤੋਂ ਬਾਅਦ ਸਿਮ ਕਾਰਡ ਪੱਕੇ ਤੌਰ ਉੱਤੇ ਬੇਕਾਰ ਹੋ ਜਾਵੇਗਾ। ਆਪਣੇ ਸਿਮ ਦਸਤਾਵੇਜ਼ ਨੂੰ ਵੇਖੋ ਜਾਂ ਆਪਣੇ ਕੈਰੀਅਰ ਨਾਲ ਹੋਰ ਜਾਣਕਾਰੀ ਲਈ ਸੰਪਰਕ ਕਰੋ।","many":"ਤੁਹਾਡੇ ਕੋਲ ਠੀਕ ਕੋਡ ਦੇਣ ਦੀ {{n}} ਕੋਸ਼ਿਸ਼ਾਂ ਬਾਕੀ ਬਚੀਆਂ ਹਨ, ਜਿਸ ਤੋਂ ਬਾਅਦ ਸਿਮ ਕਾਰਡ ਪੱਕੇ ਤੌਰ ਉੱਤੇ ਬੇਕਾਰ ਹੋ ਜਾਵੇਗਾ। ਆਪਣੇ ਸਿਮ ਦਸਤਾਵੇਜ਼ ਨੂੰ ਵੇਖੋ ਜਾਂ ਆਪਣੇ ਕੈਰੀਅਰ ਨਾਲ ਹੋਰ ਜਾਣਕਾਰੀ ਲਈ ਸੰਪਰਕ ਕਰੋ।","other":"ਤੁਹਾਡੇ ਕੋਲ ਠੀਕ ਕੋਡ ਦੇਣ ਦੀ {{n}} ਕੋਸ਼ਿਸ਼ਾਂ ਬਾਕੀ ਬਚੀਆਂ ਹਨ, ਜਿਸ ਤੋਂ ਬਾਅਦ ਸਿਮ ਕਾਰਡ ਪੱਕੇ ਤੌਰ ਉੱਤੇ ਬੇਕਾਰ ਹੋ ਜਾਵੇਗਾ। ਆਪਣੇ ਸਿਮ ਦਸਤਾਵੇਜ਼ ਨੂੰ ਵੇਖੋ ਜਾਂ ਆਪਣੇ ਕੈਰੀਅਰ ਨਾਲ ਹੋਰ ਜਾਣਕਾਰੀ ਲਈ ਸੰਪਰਕ ਕਰੋ।"}},"pukLastChanceMsg":"ਠੀਕ PUK ਕੋਡ ਦੇਣ ਦਾ ਆਖਰੀ ਮੌਕਾ ਹੈ। ਜੇ ਤੁਸੀਂ ਗਲਤ PUK ਦਿੱਤਾ ਤਾਂ ਤੁਹਾਡਾ ਸਿਮ ਪੱਕੇ ਤੌਰ ਉੱਤੇ ਖਰਾਬ ਹੋ ਜਾਵੇਗਾ। ਆਪਣੇ ਸਿਮ ਦਸਤਾਵੇਜ਼ ਨੂੰ ਵੇਖੋ ਜਾਂ ਆਪਣੇ ਕੈਰੀਅਰ ਨਾਲ ਹੋਰ ਜਾਣਕਾਰੀ ਲਈ ਸੰਪਰਕ ਕਰੋ।","newSimPinMsg":"ਪਿੰਨ ਬਣਾਓ (4 ਤੋਂ 8 ਅੰਕਾਂ ਦਾ ਹੋਣਾ ਚਾਹੀਦਾ ਹੈ)","confirmNewSimPinMsg":"ਨਵੇਂ ਪਿੰਨ ਦੀ ਪੁਸ਼ਟੀ","newPinErrorMsg":"ਪਿੰਨ ਮਿਲਦੇ ਨਹੀਂ ਹਨ","nckErrorMsg":"NCK ਕੋਡ ਗਲਤ ਹੈ।","nckAttemptMsg2":{"_index":["plural","n"],"_":{"one":"ਨੈੱਟਵਰਕ ਡੀ-ਪਰਨਸਲਾਈਜ਼ ਬੇਨਤੀ ਫੇਲ੍ਹ ਹੈ। ਤੁਹਾਡੇ ਕੋਲ ਕੋਡ ਦੇਣ ਲਈ ਇੱਕ ਮੌਕਾ ਬਚਿਆ ਹੈ। ਹੋਰ ਜਾਣਕਾਰੀ ਲਈ ਆਪਣੇ ਯੰਤਰ ਦੇ ਦਸਤਾਵੇਜ਼ ਵੇਖੋ ਜਾਂ ਆਪਣੇ ਕੈਰੀਅਰ ਨਾਲ ਸੰਪਰਕ ਕਰੋ।","two":"ਨੈੱਟਵਰਕ ਡੀ-ਪਰਨਸਲਾਈਜ਼ ਬੇਨਤੀ ਫੇਲ੍ਹ ਹੈ। ਤੁਹਾਡੇ ਕੋਲ ਕੋਡ ਦੇਣ ਲਈ {{n}} ਮੌਕੇ ਬਚੇ ਹਨ। ਹੋਰ ਜਾਣਕਾਰੀ ਲਈ ਆਪਣੇ ਯੰਤਰ ਦੇ ਦਸਤਾਵੇਜ਼ ਵੇਖੋ ਜਾਂ ਆਪਣੇ ਕੈਰੀਅਰ ਨਾਲ ਸੰਪਰਕ ਕਰੋ।","few":"ਨੈੱਟਵਰਕ ਡੀ-ਪਰਨਸਲਾਈਜ਼ ਬੇਨਤੀ ਫੇਲ੍ਹ ਹੈ। ਤੁਹਾਡੇ ਕੋਲ ਕੋਡ ਦੇਣ ਲਈ {{n}} ਮੌਕੇ ਬਚੇ ਹਨ। ਹੋਰ ਜਾਣਕਾਰੀ ਲਈ ਆਪਣੇ ਯੰਤਰ ਦੇ ਦਸਤਾਵੇਜ਼ ਵੇਖੋ ਜਾਂ ਆਪਣੇ ਕੈਰੀਅਰ ਨਾਲ ਸੰਪਰਕ ਕਰੋ।","many":"ਨੈੱਟਵਰਕ ਡੀ-ਪਰਨਸਲਾਈਜ਼ ਬੇਨਤੀ ਫੇਲ੍ਹ ਹੈ। ਤੁਹਾਡੇ ਕੋਲ ਕੋਡ ਦੇਣ ਲਈ {{n}} ਮੌਕੇ ਬਚੇ ਹਨ। ਹੋਰ ਜਾਣਕਾਰੀ ਲਈ ਆਪਣੇ ਯੰਤਰ ਦੇ ਦਸਤਾਵੇਜ਼ ਵੇਖੋ ਜਾਂ ਆਪਣੇ ਕੈਰੀਅਰ ਨਾਲ ਸੰਪਰਕ ਕਰੋ।","other":"ਨੈੱਟਵਰਕ ਡੀ-ਪਰਨਸਲਾਈਜ਼ ਬੇਨਤੀ ਫੇਲ੍ਹ ਹੈ। ਤੁਹਾਡੇ ਕੋਲ ਕੋਡ ਦੇਣ ਲਈ {{n}} ਮੌਕੇ ਬਚੇ ਹਨ। ਹੋਰ ਜਾਣਕਾਰੀ ਲਈ ਆਪਣੇ ਯੰਤਰ ਦੇ ਦਸਤਾਵੇਜ਼ ਵੇਖੋ ਜਾਂ ਆਪਣੇ ਕੈਰੀਅਰ ਨਾਲ ਸੰਪਰਕ ਕਰੋ।"}},"nckLastChanceMsg":"ਨੈੱਟਵਰਕ ਡੀ-ਪਰਨਸਲਾਈਜ਼ ਬੇਨਤੀ ਫੇਲ੍ਹ ਹੈ। ਤੁਹਾਡੇ ਕੋਲ ਕੋਡ ਦੇਣ ਲਈ ਆਖਰੀ ਮੌਕਾ ਹੈ। ਹੋਰ ਜਾਣਕਾਰੀ ਲਈ ਆਪਣੇ ਯੰਤਰ ਦੇ ਦਸਤਾਵੇਜ਼ ਵੇਖੋ ਜਾਂ ਆਪਣੇ ਕੈਰੀਅਰ ਨਾਲ ਸੰਪਰਕ ਕਰੋ।","activity-pick":"ਇਸ ਵਿੱਚੋਂ ਚੁਣੋ:","activity-view":"ਇਸ ਨਾਲ ਵੇਖੋ:","activity-test":"ਇਸ ਨਾਲ ਟੈਸਟ:","activity-share":"ਇਸ ਨਾਲ ਸਾਂਝਾ:","activity-new":"ਇਸ ਨਾਲ ਬਣਾਓ:","activity-open":"ਇਸ ਨਾਲ ਖੋਲ੍ਹੋ:","activity-save-bookmark":"ਬੁੱਕਮਾਰਕ:","activity-record":"ਇਸ ਤੋਂ ਰਿਕਾਰਡ:","activity-browse":"ਇਸ ਨਾਲ ਝਲਕ:","activity-configure":"ਇਸ ਨਾਲ ਸੰਰਚਨਾ:","activity-dial":"ਡਾਇਲ ਇਸ ਤੋਂ:","persona-signin":"ਸਾਇਨ ਇਨ","payment-flow":"ਖਰੀਦੋ","remoteDebuggerMessage":"ਰਿਮੋਟ ਡੀਬੱਗ ਕੁਨੈਕਸ਼ਨ ਲਈ ਆਉਣ ਵਾਲੀ ਬੇਨਤੀ ਖੋਜੀ ਗਈ ਹੈ। ਕੀ ਕੁਨੈਕਸ਼ਨ ਮਨਜ਼ੂਰ ਕਰਨਾ ਹੈ?","fullscreen-request":"{{origin}} ਹੁਣ ਪੂਰੀ ਸਕਰੀਨ ਉੱਤੇ ਹੈ।","captive-wifi-available":"ਨੈੱਟਵਰਕ {{networkName}} ਨਹੀਂ ਲੱਭਿਆ। ਨੈੱਟਵਰਕ ਨਾਲ ਜੁੜਨਾ ਹੈ?","ceWarningtitle":"ਵਾਲੀਅਮ ਚੇਤਾਵਨੀ","ceWarningcontent":"ਸੁਣਨ ਤੋਂ ਹੋਣ ਵਾਲੇ ਨੁਕਸਾਨ ਤੋਂ ਬਚਣ ਲਈ, ਉੱਚੀ ਆਵਾਜ਼ੀ ਵਿੱਚ ਜ਼ਿਆਦਾ ਦੇਰ ਨਾ ਸੁਣੋ।","notification-powersaving-mode-on-title":"ਊਰਜਾ ਬੱਚਤ ਮੋਡ","notification-powersaving-mode-on-description":"ਊਰਜਾ ਬੱਚਤ ਮੋਡ ਚਾਲੂ ਹੈ।","low-device-storage":"Device space low.\\n","free-space":{"_index":["plural","value"],"_":{"zero":"ਕੋਈ ਖਾਲੀ ਥਾਂ ਬਾਕੀ ਨਹੀਂ ਬਚੀ ਹੈ।","one":"{{value}} {{unit}} ਤੋਂ ਘੱਟ ਥਾਂ ਬਾਕੀ ਬਚੀ ਹੈ।","two":"{{value}} {{unit}} ਤੋਂ ਘੱਟ ਥਾਂ ਬਾਕੀ ਬਚੀ ਹੈ।","few":"{{value}} {{unit}} ਤੋਂ ਘੱਟ ਥਾਂ ਬਾਕੀ ਬਚੀ ਹੈ।","many":"{{value}} {{unit}} ਤੋਂ ਘੱਟ ਥਾਂ ਬਾਕੀ ਬਚੀ ਹੈ।","other":"{{value}} {{unit}} ਤੋਂ ਘੱਟ ਥਾਂ ਬਾਕੀ ਬਚੀ ਹੈ।"}},"unknown-free-space":"ਅਣਜਾਣ ਖਾਲੀ ਥਾਂ ਬਾਕੀ ਬਚੀ ਹੈ।","system-alert":"ਸਿਸਟਮ ਚੇਤਾਵਨੀ","cb-channel":"ਚੈਨਲ{{channel}}","cb-etws-warningType-earthquake":"ਭੁਚਾਲ ਚੇਤਾਵਨੀ!","cb-etws-warningType-tsunami":"ਸੁਨਾਮੀ ਚੇਤਾਵਨੀ!","cb-etws-warningType-earthquake-tsunami":"ਭੁਚਾਲ-ਸੁਨਾਮੀ ਚੇਤਾਵਨੀ!","cb-etws-warningType-test":"ਚੇਤਾਵਨੀ ਸਿਸਟਮ ਦੀ ਜਾਂਚ ਕੀਤੀ ਜਾ ਰਹੀ ਹੈ।","cb-etws-warningType-other":"ਐਮਰਜੈਂਸੀ ਚੇਤਾਵਨੀ!","icc-message-maintitle":"Operator message","icc-message-subtitle":"SIM {{id}}","icc-confirmCall-defaultmessage":"{{number}} ਨੂੰ ਕਾਲ ਕਰਨੀ ਹੈ?","icc-alertMessage-defaultmessage":"ਸੁਨੇਹਾ ਭੇਜਿਆ ਜਾ ਰਿਹਾ ਹੈ","icc-confirmMessage-defaultmessage":"ਸੁਨੇਹਾ ਭੇਜਣਾ ਹੈ?","icc-inputbox-maintitle":"STK Query","icc-inputbox-subtitle":"SIM {{id}}","emergency-callback-mode":"ਐਮਰਜੈਂਸੀ ਕਾਲ ਬੈਕ ਮੋਡ","emergency-callback-message":"ਤੁਸੀਂ ਕਾਲ ਨਹੀਂ ਕਰ ਸਕਦੇ, ਸੁਨੇੇਹੇ ਨਹੀਂ ਭੇਜ ਸਕਦੇ ਜਾਂ ਆਨਲਾਈਨ ਹੋ ਸਕਦੇ, ਕਿਉਂਕਿ ਐਮਰਜੈਂਸੀ ਕਾਲਬੈਕ ਮੋਡ ਚਾਲੂ ਹੈ। ਕੀ ਤੁਸੀਂ ਇਸ ਨੂੰ ਬੰਦ ਕਰਨਾ ਚਾਹੁੰਦੇ ਹੋ?","cdma-record-info":"CDMA ਰਿਕਾਰਡ ਜਾਣਕਾਰੀ","ime-switching-title":"{{appName}}: {{name}}","ime-switching-tip":"ਇੰਪੁੱਟ ਢੰਗ ਬਦਲਣ ਲਈ ਛੂਹੋ","shrinking-tip":"ਸਾਂਝਾ ਕਰਨ ਲਈ ਘਸਾਓ","download_started":"ਡਾਊਨਲੋਡ ਸ਼ੁਰੂ ਹੋਇਆ","download_stopped":"ਡਾਊਨਲੋਡ ਰੋਕਿਆ","download_downloading":"…ਡਾਊਨਲੋਡ ਜਾਰੀ ਹੈ","download_succeeded":"ਡਾਊਨਲੋਡ ਪੂਰਾ ਹੋਇਆ","download_failed":"ਡਾਊਨਲੋਡ ਫੇਲ੍ਹ ਹੈ","download_text_by_default":"{{name}}","download_downloading_text_2":"{{percentage}}% - {{name}}","search-or-enter-address":{"_":"ਖੋਜੋ ਜਾਂ ਸਿਰਨਾਵਾਂ ਦਿਓ","placeholder":"ਖੋਜੋ ਜਾਂ ਸਿਰਨਾਵਾਂ ਦਿਓ"},"noSIMCardInHotspot":"SIM ਮੌਜੂਦ ਨਹੀਂ ਹੈ ਜਾਂ ਗਲਤ ਢੰਗ ਨਾਲ ਪਾਇਆ ਗਿਆ ਹੈ, ਇਸਕਰਕੇ ਹਾਟ-ਸਪਾਟ ਬੰਦ ਹੈ।","noHopspotWhenAPMisOn":"ਵਾਈ-ਫਾਈ ਹਾਟਸਪਾਟ ਵਰਤਣ ਲਈ ਏਅਰਪਲੇਨ ਮੋਡ ਬੰਦ ਕਰੋ","apmActivated":"ਏਅਰਪਲੇਨ ਮੋਡ ਸਰਗਰਮ ਹੈ","open-in-new-tab":"ਲਿੰਕ ਨਵੀਂ ਟੈਬ ਵਿੱਚ ਖੋਲ੍ਹੋ","add-link-to-home-screen":"ਮੁੱਖ ਸਕਰੀਨ ਉੱਤੇ ਲਿੰਕ ਜੋੜੋ","share-link":"ਲਿੰਕ ਸਾਂਝਾ ਕਰੋ","save-image":"ਚਿੱਤਰ ਸੰਭਾਲੋ","save-video":"ਵੀਡੀਓ ਸੰਭਾਲੋ","save-audio":"ਆਡੀਓ ਸੰਭਾਲੋ","save-link":"Save linked file","share-image":"Share Image","share-video":"Share Video","share-audio":"Share Audio","weekday-0-long":"ਐਤਵਾਰ","weekday-1-long":"ਸੋਮਵਾਰ","weekday-2-long":"ਮੰਗਲਵਾਰ","weekday-3-long":"ਬੁੱਧਵਾਰ","weekday-4-long":"ਵੀਰਵਾਰ","weekday-5-long":"ਸ਼ੁੱਕਰਵਾਰ","weekday-6-long":"ਸ਼ਨਿੱਚਰਵਾਰ","weekday-0-short":"ਐਤ","weekday-1-short":"ਸੋਮ","weekday-2-short":"ਮੰਗਲ","weekday-3-short":"ਬੁੱਧ","weekday-4-short":"ਵੀਰ","weekday-5-short":"ਸ਼ੁੱਕਰ","weekday-6-short":"ਸ਼ਨਿੱ","month-0-long":"ਜਨਵਰੀ","month-1-long":"ਫਰਵਰੀ","month-2-long":"ਮਾਰਚ","month-3-long":"ਅਪਰੈਲ","month-4-long":"ਮਈ","month-5-long":"ਜੂਨ","month-6-long":"ਜੁਲਾਈ","month-7-long":"ਅਗਸਤ","month-8-long":"ਸਤੰਬਰ","month-9-long":"ਅਕਤੂਬਰ","month-10-long":"ਨਵੰਬਰ","month-11-long":"ਦਸੰਬਰ","month-0-genitive":"ਜਨਵਰੀ","month-1-genitive":"ਫਰਵਰੀ","month-2-genitive":"ਮਾਰਚ","month-3-genitive":"ਅਪਰੈਲ","month-4-genitive":"ਮਈ","month-5-genitive":"ਜੂਨ","month-6-genitive":"ਜੁਲਾਈ","month-7-genitive":"ਅਗਸਤ","month-8-genitive":"ਸਤੰਬਰ","month-9-genitive":"ਅਕਤੂਬਰ","month-10-genitive":"ਨਵੰਬਰ","month-11-genitive":"ਦਸੰਬਰ","month-0-short":"ਜਨ","month-1-short":"ਫਰ","month-2-short":"ਮਾਰ","month-3-short":"ਅਪ","month-4-short":"ਮਈ","month-5-short":"ਜੂਨ","month-6-short":"ਜੁਲਾ","month-7-short":"ਅਗ","month-8-short":"ਸਤੰ","month-9-short":"ਅਕਤੂ","month-10-short":"ਨਵੰ","month-11-short":"ਦਸੰ","minutes-ago-long":{"_index":["plural","value"],"_":{"zero":"ਹੁਣੇ ਹੀਂ","one":"ਮਿੰਟ ਕੁ ਪਹਿਲਾਂ","two":"{{value}} ਮਿੰਟ ਪਹਿਲਾਂ","few":"{{value}} ਮਿੰਟ ਪਹਿਲਾਂ","many":"{{value}} ਮਿੰਟ ਪਹਿਲਾਂ","other":"{{value}}  ਮਿੰਟ ਪਹਿਲਾਂ"}},"hours-ago-long":{"_index":["plural","value"],"_":{"zero":"ਹੁਣੇ ਹੀ","one":"ਘੰਟਾ ਪਹਿਲਾਂ","two":"{{value}} ਘੰਟੇ ਪਹਿਲਾਂ","few":"{{value}} ਘੰਟੇ ਪਹਿਲਾਂ","many":"{{value}} ਘੰਟੇ ਪਹਿਲਾਂ","other":"{{value}} ਘੰਟੇ ਪਹਿਲਾਂ"}},"days-ago-long":{"_index":["plural","value"],"_":{"zero":"ਅੱਜ","one":"ਕੱਲ੍ਹ","two":"{{value}} ਦਿਨ ਪਹਿਲਾਂ","few":"{{value}} ਦਿਨ ਪਹਿਲਾਂ","many":"{{value}} ਦਿਨ ਪਹਿਲਾਂ","other":"{{value}} ਦਿਨ ਪਹਿਲਾਂ"}},"weeks-ago-long":{"_index":["plural","value"],"_":{"zero":"ਇਹ ਹਫ਼ਤੇ","one":"ਪਿਛਲੇ ਹਫ਼ਤੇ","two":"{{value}} ਹਫ਼ਤੇ ਪਹਿਲਾਂ","few":"{{value}} ਹਫ਼ਤੇ ਪਹਿਲਾਂ","many":"{{value}} ਹਫ਼ਤੇ ਪਹਿਲਾਂ","other":"{{value}} ਹਫ਼ਤੇ ਪਹਿਲਾਂ"}},"months-ago-long":{"_index":["plural","value"],"_":{"zero":"ਇਹ ਮਹੀਨੇ","one":"ਪਿਛਲੇ ਮਹੀਨੇ","two":"{{value}} ਮਹੀਨੇ ਪਹਿਲਾਂ","few":"{{value}} ਮਹੀਨੇ ਪਹਿਲਾਂ","many":"{{value}} ਮਹੀਨੇ ਪਹਿਲਾਂ","other":"{{value}} ਮਹੀਨੇ ਪਹਿਲਾਂ"}},"years-ago-long":{"_index":["plural","value"],"_":{"zero":"ਇਹ ਸਾਲ","one":"ਪਿਛਲੇ ਸਾਲ","two":"{{value}} ਸਾਲ ਪਹਿਲਾਂ","few":"{{value}} ਸਾਲ ਪਹਿਲਾਂ","many":"{{value}} ਸਾਲ ਪਹਿਲਾਂ","other":"{{value}} ਸਾਲ ਪਹਿਲਾਂ"}},"minutes-until-long":{"_index":["plural","value"],"_":{"zero":"ਹੁਣ","one":"ਮਿੰਟ ਵਿੱਚ","two":"{{value}} ਮਿੰਟਾਂ ਵਿੱਚ","few":"{{value}} ਮਿੰਟਾਂ ਵਿੱਚ","many":"{{value}} ਮਿੰਟਾਂ ਵਿੱਚ","other":"{{value}} ਮਿੰਟਾਂ ਵਿੱਚ"}},"hours-until-long":{"_index":["plural","value"],"_":{"zero":"ਹੁਣ","one":"ਇੱਕ ਘੰਟੇ ਵਿੱਚ","two":"{{value}} ਘੰਟਿਆਂ ਵਿੱਚ","few":"{{value}} ਘੰਟਿਆਂ ਵਿੱਚ","many":"{{value}} ਘੰਟਿਆਂ ਵਿੱਚ","other":"{{value}} ਘੰਟਿਆਂ ਵਿੱਚ"}},"days-until-long":{"_index":["plural","value"],"_":{"zero":"ਅੱਜ","one":"ਭਲਕੇ","two":"{{value}} ਦਿਨਾਂ ਵਿੱਚ","few":"{{value}} ਦਿਨਾਂ ਵਿੱਚ","many":"{{value}} ਦਿਨਾਂ ਵਿੱਚ","other":"{{value}} ਦਿਨਾਂ ਵਿੱਚ"}},"weeks-until-long":{"_index":["plural","value"],"_":{"zero":"ਇਸ ਹਫ਼ਤੇ","one":"ਅਗਲੇ ਹਫ਼ਤੇ","two":"{{value}} ਹਫ਼ਤਿਆਂ ਵਿੱਚ","few":"{{value}} ਹਫ਼ਤਿਆਂ ਵਿੱਚ","many":"{{value}} ਹਫ਼ਤਿਆਂ ਵਿੱਚ","other":"{{value}} ਹਫ਼ਤਿਆਂ ਵਿੱਚ"}},"months-until-long":{"_index":["plural","value"],"_":{"zero":"ਇਸ ਮਹੀਨੇ","one":"ਅਗਲੇ ਮਹੀਨੇ","two":"{{value}} ਮਹੀਨਿਆਂ ਵਿੱਚ","few":"{{value}} ਮਹੀਨਿਆਂ ਵਿੱਚ","many":"{{value}} ਮਹੀਨਿਆਂ ਵਿੱਚ","other":"{{value}} ਮਹੀਨਿਆਂ ਵਿੱਚ"}},"years-until-long":{"_index":["plural","value"],"_":{"zero":"ਇਸ ਸਾਲ","one":"ਅਗਲੇ ਸਾਲ","two":"{{value}} ਸਾਲਾਂ ਵਿੱਚ","few":"{{value}} ਸਾਲਾਂ ਵਿੱਚ","many":"{{value}} ਸਾਲਾਂ ਵਿੱਚ","other":"{{value}} ਸਾਲਾਂ ਵਿੱਚ"}},"minutes-ago-short":{"_index":["plural","value"],"_":{"zero":"ਹੁਣੇ ਹੀ","other":"{{value}}ਮਿੰ ਪਹਿਲਾਂ"}},"hours-ago-short":{"_index":["plural","value"],"_":{"zero":"ਹੁਣੇ ਹੀਂ","other":"{{value}}ਘੰ ਪਹਿਲਾਂ"}},"days-ago-short":{"_index":["plural","value"],"_":{"zero":"ਅੱਜ","other":"{{value}}ਦਿ ਪਹਿਲਾਂ"}},"minutes-until-short":{"_index":["plural","value"],"_":{"zero":"ਹੁਣ","other":"{{value}}ਮਿੰ ਵਿੱਚ"}},"hours-until-short":{"_index":["plural","value"],"_":{"zero":"ਹੁਣ","other":"{{value}}ਘੰ ਵਿੱਚ"}},"days-until-short":{"_index":["plural","value"],"_":{"zero":"ਅੱਜ","other":"{{value}}ਦਿ ਵਿੱਚ"}},"incorrectDate":"(ਗਲਤ ਮਿਤੀ)","dateTimeFormat_%c":"%a %e %b  %Y %I:%M:%S %p","dateTimeFormat_%x":"%d/%m/%Y","dateTimeFormat_%X":"%I:%M:%S %p","shortTimeFormat":"%I:%M %p","shortDateTimeFormat":"%x %I:%M %p","weekStartsOnMonday":"1","time_am":"ਸਵੇਰੇ","time_pm":"ਸ਼ਾਮ","title-app":"ਐਪ ਮਨਜ਼ੂਰੀ","title-web":"ਵੈੱਬਸਾਈਟ ਮਨਜ਼ੂਰੀ","title-cam":"ਕੈਮਰਾ ਚੁਣੋ","perm-contacts":"ਸੰਪਰਕ","perm-contacts-appRequest":"{{app}} ਤੁਹਾਡੀ ਸੰਪਰਕ ਸੂਚੀ ਨੂੰ ਵਰਤਣਾ ਚਾਹੁੰਦੀ ਹੈ।","perm-contacts-webRequest":"{{site}} ਤੁਹਾਡੀ ਸੰਪਰਕ ਸੂਚੀ ਨੂੰ ਵਰਤਣਾ ਚਾਹੁੰਦੀ ਹੈ।","perm-desktop-notification":"ਸੂਚਨਾਵਾਂ","perm-desktop-notification-appRequest":"{{app}} ਸੂਚਨਾ ਵਿਖਾਉਣਾ ਚਾਹੁੰਦੀ ਹੈ।","perm-desktop-notification-webRequest":"{{site}} ਸੂਚਨਾ ਵਿਖਾਉਣਾ ਚਾਹੁੰਦੀ ਹੈ।","perm-device-storage-music":"ਸੰਗੀਤ ਸਟੋਰੇਜ਼","perm-device-storage-music-appRequest":"{{app}} ਤੁਹਾਡੇ ਸੰਗੀਤ ਨੂੰ ਵਰਤਣਾ ਚਾਹੁੰਦੀ ਹੈ।","perm-device-storage-music-webRequest":"{{site}} ਤੁਹਾਡੇ ਚਿੱਤਰਾਂ ਨੂੰ ਵਰਤਣਾ ਚਾਹੁੰਦੀ ਹੈ।","perm-device-storage-pictures":"ਚਿੱਤਰ ਸਟੋਰੇਜ਼","perm-device-storage-pictures-appRequest":"{{app}}  ਤੁਹਾਡੇ ਚਿੱਤਰਾਂ ਨੂੰ ਵਰਤਣਾ ਚਾਹੁੰਦੀ ਹੈ।","perm-device-storage-pictures-webRequest":"{{site}} ਤੁਹਾਡੇ ਚਿੱਤਰਾਂ ਨੂੰ ਵਰਤਣਾ ਚਾਹੁੰਦੀ ਹੈ।","perm-device-storage-sdcard":"ਮੈਮੋਰੀ ਕਾਰਡ ਸਟੋਰੇਜ਼","perm-device-storage-sdcard-appRequest":"{{app}} ਤੁਹਾਡੇ ਮੈਮੋਰੀ ਕਾਰਡ ਨੂੰ ਵਰਤਣਾ ਚਾਹੁੰਦੀ ਹੈ।","perm-device-storage-sdcard-webRequest":"{{site}} ਤੁਹਾਡੇ ਮੈਮੋਰੀ ਕਾਰਡ ਨੂੰ ਵਰਤਣਾ ਚਾਹੁੰਦੀ ਹੈ।","perm-device-storage-videos":"ਵੀਡੀਓ ਸਟੋਰੇਜ਼","perm-device-storage-videos-appRequest":"{{app}} ਤੁਹਾਡੀਆਂ ਵੀਡੀਓ ਨੂੰ ਵਰਤਣਾ ਚਾਹੁੰਦੀ ਹੈ।","perm-device-storage-videos-webRequest":"{{site}} ਤੁਹਾਡੀਆਂ ਵੀਡੀਓ ਨੂੰ ਵਰਤਣਾ ਚਾਹੁੰਦੀ ਹੈ।","perm-fmradio":"FM ਰੇਡੀਓ","perm-fmradio-appRequest":"{{app}} FM ਰੇਡੀਓ ਵਰਤਣਾ ਚਾਹੁੰਦੀ ਹੈ।","perm-fmradio-webRequest":"{{site}} FM ਰੇਡੀਓ ਵਰਤਣਾ ਚਾਹੁੰਦੀ ਹੈ।","perm-geolocation":"ਭੂਗੋਲਿਕ ਟਿਕਾਣਾ","perm-geolocation-appRequest":"{{app}} ਤੁਹਾਡਾ ਟਿਕਾਣਾ ਪਤਾ ਕਰਨਾ ਚਾਹੁੰਦੀ ਹੈ।","perm-geolocation-webRequest":"{{site}} ਤੁਹਾਡਾ ਟਿਕਾਣਾ ਪਤਾ ਕਰਨਾ ਚਾਹੁੰਦੀ ਹੈ।","perm-geolocation-more-info":"{{brandShortName}} ਡਾਟਾ ਜਿਵੇਂ ਕਿ GPS, ਵਾਈ-ਫਾਈ, ਅਤੇ ਤੁਹਾਡੇ ਨੇੜਲੇ ਮੋਬਾਇਲ ਨੈੱਟਵਰਕ ਨੂੰ ਤੁਹਾਡਾ ਲਗਭਗ ਟਿਕਾਣਾ ਪਤਾ ਕਰਨ ਲਈ ਮਦਦ ਵਾਸਤੇ ਵਰਤਦਾ ਹੈ। ਡਾਟਾ ਮੋਜ਼ੀਲਾ ਅਤੇ ਹੋਰ ਸੇਵਾ ਦੇਣ ਵਾਲਿਆਂ ਨੂੰ ਭੇਜਿਆ ਜਾਂਦਾ ਹੈ ਅਤੇ ਉਹ ਟਿਕਾਣਾ ਡਾਟਾਬੇਸ ਨੂੰ ਸੁਧਾਰਨ ਲਈ ਵਰਤਿਆ ਜਾਵੇਗਾ। ਡਾਟਾ ਤੁਹਾਡੇ ਯੰਤਰ ਉੱਤੇ ਸਟੋਰ ਕੀਤਾ ਜਾ ਸਕਦਾ ਹੈ ਅਤੇ ਤਾਂ ਵੀ ਇੱਕਠੀ ਕੀਤਾ ਜਾ ਸਕਦਾ ਹੈ, ਜਦੋਂ ਕੋਈ ਵੀ ਐਪਸ ਨਾਲ ਚੱਲ ਰਹੀ ਹੋਵੇ।","perm-video-capture":"ਕੈਮਰਾ","perm-video-capture-appRequest":"ਕੀ ਤੁਸੀਂ {{app}} ਨਾਲ ਕੈਮਰਾ ਸਾਂਝਾ ਕਰਨਾ ਚਾਹੁੰਦੇ ਹੋ?","perm-video-capture-webRequest":"ਕੀ ਤੁਸੀਂ {{site}} ਨਾਲ ਕੈਮਰਾ ਸਾਂਝਾ ਕਰਨਾ ਚਾਹੁੰਦੇ ਹੋ?","perm-audio-capture":"ਮਾਈਕਰੋਫੋਨ","perm-audio-capture-appRequest":"ਕੀ ਤੁਸੀਂ {{app}} ਨਾਲ ਮਾਈਕਰੋਫੋਨ ਸਾਂਝਾ ਕਰਨਾ ਚਾਹੁੰਦੇ ਹੋ?","perm-audio-capture-webRequest":"ਕੀ ਤੁਸੀਂ {{site}} ਨਾਲ ਮਾਈਕਰੋਫੋਨ ਸਾਂਝਾ ਕਰਨਾ ਚਾਹੁੰਦੇ ਹੋ?","perm-media-capture":"ਕੈਮਰਾ ਤੇ ਮਾਈਕਰੋਫੋਨ","perm-media-capture-appRequest":"ਕੀ ਤੁਸੀਂ {{app}} ਨਾਲ ਕੈਮਰਾ ਅਤੇ ਮਾਈਕਰੋਫੋਨ ਸਾਂਝਾ ਕਰਨਾ ਚਾਹੁੰਦੇ ਹੋ?","perm-media-capture-webRequest":"ਕੀ ਤੁਸੀਂ {{site}} ਨਾਲ ਕੈਮਰਾ ਅਤੇ ਮਾਈਕਰੋਫੋਨ ਸਾਂਝਾ ਕਰਨਾ ਚਾਹੁੰਦੇ ਹੋ?","perm-camera-selector-appRequest":"{{app}} ਲਈ ਕੈਮਰਾ ਚੁਣੋ।","perm-camera-selector-webRequest":"{{site}} ਲਈ ਕੈਮਰਾ ਚੁਣੋ।","perm-mobileid":"ਮੋਬਾਇਲ ਪਛਾਣ","stopped_download_title":"ਡਾਊਨਲੋਡ ਰੋਕਿਆ ਗਿਆ","stopped_download_message":"ਡਾਊਨਲੋਡ ਨੂੰ ਰੋਕਿਆ ਗਿਆ ਸੀ। ਫੇਰ ਡਾਊਨਲੋਡ ਕਰਨ ਦੀ ਕੋਸ਼ਿਸ਼ ਕਰਨੀ ਹੈ?","stopped_download_left_button":"ਰੱਦ ਕਰੋ","stopped_download_right_button":"ਫੇਰ ਕੋਸ਼ਿਸ਼ ਕਰੋ","failed_download_title":"ਡਾਊਨਲੋਡ ਫੇਲ੍ਹ ਹੈ","failed_download_message":"{{name}} ਡਾਊਨਲੋਡ ਕਰਨ ਲਈ ਫੇਲ੍ਹ ਹੈ। ਫੇਰ ਡਾਊਨਲੋਡ ਕਰਨ ਦੀ ਕੋਸ਼ਿਸ਼ ਕਰਨੀ ਹੈ?","failed_download_left_button":"ਰੱਦ ਕਰੋ","failed_download_right_button":"ਫੇਰ ਕੋਸ਼ਿਸ਼ ਕਰੋ","stop_download_title":"ਡਾਊਨਲੋਡ ਰੋਕੋ","stop_download_message":"ਕੀ ਤੁਸੀਂ ਡਾਊਨਲੋਡ ਨੂੰ ਰੋਕਣਾ ਚਾਹੁੰਦੇ ਹੋ?","stop_download_left_button":"ਨਹੀਂ","stop_download_right_button":"ਹਾਂ","delete_download_title":"ਹਟਾਓ","delete_download_message":"{{name}} ਹਟਾਉਣਾ ਹੈ?","delete_download_left_button":"ਰੱਦ ਕਰੋ","delete_download_right_button":"ਹਟਾਓ","delete_all_download_title":"ਹਟਾਓ","delete_all_download_left_button":"ਰੱਦ ਕਰੋ","delete_all_download_right_button":"ਹਟਾਓ","delete_all_download_message":{"_index":["plural","number"],"_":{"zero":"ਕਈ ਫਾਈਲ ਨਹੀਂ ਹਟਾਉਣੀ?","one":"ਇੱਕ ਫਾਈਲ ਹਟਾਉਣੀ ਹੈ?","two":"{{number}} ਫਾਈਲਾਂ ਹਟਾਉਣੀਆਂ ਹਨ?","few":"{{number}} ਫਾਈਲਾਂ ਹਟਾਉਣੀਆਂ ਹਨ?","many":"{{number}} ਫਾਈਲਾਂ ਹਟਾਉਣੀਆਂ ਹਨ?","other":"{{number}} ਫਾਈਲਾਂ ਹਟਾਉਣੀਆਂ ਹਨ?"}},"unsupported_file_type_download_title":"ਖੋਲ੍ਹਣ ਲਈ ਅਸਮਰੱਥ","unsupported_file_type_download_message":"{{name}} ਨੂੰ ਖੋਲ੍ਹਣ ਲਈ ਕੋਈ ਐਪ ਨਹੀਂ ਹੈ। ਕੀ ਤੁਸੀਂ ਫਾਈਲ ਨੂੰ ਸੰਭਾਲਣਾ ਚਾਹੁੰਦੇ ਹੋ ਜਾਂ ਹਟਾਉਣਾ?","unsupported_file_type_download_left_button":"ਫਾਈਲ ਰੱਖੋ","unsupported_file_type_download_right_button":"ਹਟਾਓ","file_not_found_download_title":"ਫਾਈਲ ਨਹੀਂ ਲੱਭੀ","file_not_found_download_message":"ਫਾਈਲ ਯੰਤਰ ਉੱਤੇ ਨਹੀਂ ਲੱਭੀ","file_not_found_download_right_button":"ਠੀਕ ਹੈ","unmounted_sdcard_2_download_title":"ਮੈਮੋਰੀ ਕਾਰਡ ਵਿੱਚ ਵਰਤੋਂ ਵਿੱਚ ਹੈ","unmounted_sdcard_2_download_message":"ਫੋਨ ਦੀ ਤਾਰ ਕੱਢੋ","unmounted_sdcard_2_download_right_button":"ਠੀਕ ਹੈ","no_provider_download_title":"ਸਾਂਝਾ ਕਰਨ ਲਈ ਅਸਮਰੱਥ","no_provider_download_message":"ਕੋਈ ਉਪਲੱਬਧ ਕਰਤਾ ਨਹੀਂ ਲੱਭਿਆ","no_provider_download_right_button":"ਠੀਕ ਹੈ","no_memory_download_title":"SD ਕਾਰਡ ਭਰ ਗਿਆ","no_memory_download_message":"ਤੁਹਾਡੇ ਡਾਊਨਲੋਡ ਨੂੰ ਸੰਭਾਲਣ ਲਈ ਤੁਹਾਡੇ SD ਕਾਰਡ ਉੱਤੇ ਥਾਂ ਨਹੀਂ ਹੈ। ਡਾਊਨਲੋਡ ਨੂੰ ਮੁੜ-ਸ਼ੁਰੂ ਕਰਨ ਤੋਂ ਪਹਿਲਾਂ ਕੁਝ ਫਾਈਲਾਂ ਨੂੰ ਹਟਾਉ ਜੀ।","no_memory_download_right_button":"ਠੀਕ ਹੈ","no_sdcard_found_2_download_title":"ਕੋਈ ਮੈਮੋਰੀ ਕਾਰਡ ਨਹੀਂ ਲੱਭਿਆ","no_sdcard_found_2_download_message":"ਮੈਮੋਰੀ ਕਾਰਡ ਪਾਉ ਜਾਂ ਸੈਟਿੰਗ ਵਿੱਚ ਬਦਲਵਾਂ ਮੂਲ ਮੀਡਿਆ ਟਿਕਾਣਾ ਚੁਣੋ","no_sdcard_found_2_download_right_button":"ਠੀਕ ਹੈ","file_open_error_download_title":"ਖੋਲ੍ਹਣ ਲਈ ਅਸਮਰੱਥ","file_open_error_download_message":"{{name}} ਖੋਲ੍ਹਣ ਵਿੱਚ ਗਲਤੀ ਹੈ। ਕੀ ਤੁਸੀਂ ਫਾਈਲ ਸੰਭਾਲਣੀ ਚਾਹੁੰਦੇ ਹੋ ਜਾਂ ਹਟਾਉਣਾ ਚਾਹੁੰਦੇ ਹੋ?","file_open_error_download_left_button":"ਫਾਈਲ ਰੱਖੋ","file_open_error_download_right_button":"ਹਟਾਓ","restart_download_error":"ਡਾਊਨਲੋਡ ਮੁੜ-ਚਾਲੂ ਕਰਨ ਦੌਰਾਨ ਗਲਤੀ ਸੀ। ਡਾਊਨਲੋਡ ਕਰਨ ਦੀ ਫੇਰ ਕੋਸ਼ਿਸ਼ ਕਰੋ ਜੀ।","no-downloads":"ਕੋਈ ਡਾਊਨਲੋਡ ਨਹੀਂ ਹੈ","percentage":"{{percentage}} %","partialResult":"{{total}} ਵਿੱਚੋਂ {{partial}}","summary":"{{date}} - {{status}}","download-stopped":"ਰੁਕੇ","download-failed":"ਡਾਊਨਲੋਡ ਫੇਲ੍ਹ ਹੈ","open_downloaded_file":"ਖੋਲ੍ਹੋ","share_downloaded_file":"ਸਾਂਝਾ ਕਰੋ","wallpaper_downloaded_file":"ਵਾਲਪੇਪਰ ਲਗਾਓ","ringtone_downloaded_file":"ਰਿੰਗਟੋਨ ਲਗਾਓ","cancel_downloaded_file":"ਰੱਦ ਕਰੋ","voicemailNoNumberTitle":"ਵਾਇਸਮੇਲ ਨੰਬਰ ਉਪਲੱਬਧ ਨਹੀਂ","voicemailNoNumberText":"ਵਾਇਸਮੇਲ ਨੂੰ ਕਾਲ ਕਰਨ ਲਈ ਅਸਮਰੱਥ। ਕਾਲ ਕਰਨ ਲਈ ਵਾਇਸਮੇਲ ਨੰਬਰ ਦਿਉ।","voicemailNoNumberSettings":"ਸੈਟਿੰਗ","voicemailNoNumberCancel":"ਰੱਦ ਕਰੋ","resend":"ਮੁੜ-ਭੇਜੋ","connecting":"ਕੁਨੈਕਟ ਕੀਤਾ ਜਾ ਰਿਹਾ ਹੈ","verify":"ਜਾਂਚ","verifying":"ਜਾਂਚ ਜਾਰੀ","verified":"ਜਾਂਚ ਕੀਤੀ","mobileIDExplanation":"{{app_name}} ਤੁਹਾਡੇ ਫੋਨ ਨੰਬਰ ਨੂੰ ਪਤਾ ਕਰਨਾ ਤੇ ਤਸਦੀਕ ਕਰਨਾ ਚਾਹੁੰਦੀ ਹੈ। ਚੋਣ ਕਰੋ ਕਿ ਕਿਹੜਾ ਤੁਸੀਂ ਸਾਂਝਾ ਕਰਨਾ ਚਾਹੁੰਦੇ ਹੋ ਜਾਂ ਨਵਾਂ ਦਿਉ।","verificationCodeExplanation":"ਅਸੀਂ {{phone_number}} ਉੱਤੇ ਕੋਡ ਭੇਜ ਚੁੱਕੇ ਹਾਂ। ਅਸੀਂ ਇਸ ਨੂੰ ਆਪਣੇ-ਆਪ ਹੀ ਚੁਣਨ ਦੀ ਕੋਸ਼ਿਸ਼ ਕਰਾਂਗੇ, ਪਰ ਜੇ ਇਹ ਯੰਤਰ ਵਰਤੋਂ ਵਿੱਚ ਨਾ ਹੋਵੇ ਤਾਂ ਤੁਹਾਨੂੰ ਖੁਦ ਦੇਣਾ ਪਵੇਗਾ।","successMessage":"ਵਾਹ! ਤੁਹਾਡੇ ਨੰਬਰ {{phone_number}} ਦੀ ਜਾਂਚ ਹੋ ਗਈ ਹੈ ਅਤੇ {{app_name}} ਲਈ ਉਪਲੱਬਧ ਹੈ।","serverErrorMessage":"ਇਸ ਸਮੇਂ ਤਸਦੀਕ ਸਰਵਰ ਉਪਲੱਬਧ ਨਹੀਂ ਹੈ। ਆਪਣੇ ਇੰਟਰਨੈੱਟ ਕੁਨੈਕਸ਼ਨ ਦੀ ਜਾਂਚ ਕਰੋ  ਤੇ ਫੇਰ ਕੋਸ਼ਿਸ਼ ਕਰੋ ਜਾਂ ਕੁਝ ਮਿੰਟਾਂ ਲਈ ਉਡੀਕ ਕਰੋ।","timeoutErrorMessage":"ਤੁਹਾਡੇ ਤਸਦੀਕ ਕੋਡ ਵਿੱਚ ਸਮੱਸਿਆ ਜਾਪਦੀ ਹੈ। ਆਉ ਇੱਕ ਵਾਰ ਫੇਰ ਕੋਸ਼ਿਸ਼ ਕਰੀਏ!","errorTitle":"ਮੋਬਾਇਲ ਪਛਾਣ","addPhoneNumber":"ਜਾਂ ਆਪਣਾ ਫੋਨ ਨੰਬਰ ਜੋੜੋ","selectPhoneNumber":"ਜਾਂ ਸੂਚੀ ਵਿੱਚੋਂ ਫੋਨ ਨੰਬਰ ਚੁਣੋ"}