{"firefox-accounts-title":"Konta Firefoksa","fxa-next":"Dalej","fxa-back":"Wstecz","fxa-done":"Gotowe","fxa-ok":"OK","fxa-connection-error-title":"Błąd połączenia","fxa-connection-error-message":"Zalogować się lub utworzyć konto można poprzez ustawienia.","fxa-reset-password-error-title":"Resetowanie hasła","fxa-reset-password-error-message":"Hasło można zresetować poprzez ustawienia.","fxa-coppa-failure-error-title":"Błąd tworzenia konta","fxa-coppa-failure-error-message":"Do założenia konta wymagane jest spełnienie warunków wiekowych, {{learnmore}}.","fxa-learn-more":"więcej informacji","fxa-offline-error-title":"Błąd połączenia","fxa-offline-error-message":"Proszę połączyć się z siecią poprzez ustawienia.","fxa-invalid-email-title":"Błąd","fxa-invalid-email-message":"Proszę podać prawidłowy adres e-mail.","fxa-invalid-password-title":"Nieprawidłowe hasło","fxa-invalid-password-message":"Proszę sprawdzić hasło i spróbować ponownie.","fxa-unknown-error-title":"Błąd połączenia","fxa-unknown-error-message":"System jest niedostępny, proszę spróbować później.","fxa-connecting":"Łączenie","fxa-enter-email-input":{"placeholder":"Adres e-mail"},"fxa-use-email-to-sign-in":"Użyj swojego adresu e-mail, by utworzyć konto lub zalogować się.","fxa-notice":"Kontynuując, zgadzasz się na {{tos}} i {{pn}} usług Firefoksa.","fxa-tos":"warunki korzystania","fxa-pn":"politykę prywatoności","fxa-create-password-title":"Tworzenie hasła","fxa-enter-password-title":"Wprowadź hasło","fxa-hello-user":"Witaj, {{email}}","fxa-password-refresh":"Wprowadź hasło konta Firefoksa, by kontynuować.","fxa-password":{"placeholder":"Hasło"},"fxa-forgot-your-password":"Odzyskiwanie hasła","fxa-show-password":"Pokaż hasło","fxa-password-length-requirement":"Hasło musi mieć przynajmniej 8 znaków.","fxa-success":"Zrobione!","fxa-ready-to-go":"Konto firefoksa jest gotowe do użycia!","fxa-use-features":"Od teraz możesz używać funkcji takich jak znajdź moje urządzenie i aplikacji takich jak Firefox Marketplace.","fxa-access-manage-account-settings":"Kontem zawsze można zarządzać poprzez ustawienia.","fxa-confirm-account":"Potwierdzenie konta","fxa-will-send-email":"Wiadomość zostanie wysłana na adres e-mail „{{email}}”","fxa-signup-click-verification-link-in-email":"Następnym razem sprawdzając pocztę, otwórz odnośnik weryfikacyjny, aby potwierdzić konto Firefoksa.","fxa-age-verification":"Deklaracja wieku","fxa-age-1990-earlier":"1990 lub wcześniej","fxa-year-of-birth":"Rok urodzenia","brandShortName":"B2G OS","browserBrandShortName":"Web Browser","browserBrandFullName":"Mozilla Web Browser","accessibility-enableScreenReaderSteps":"To enable screen reader, press volume up then volume down buttons three more times","accessibility-disableScreenReaderSteps":"To disable screen reader, press volume up then volume down buttons three more times","accessibility-screenReaderStarted":"Screen reader started","accessibility-screenReaderStopped":"Screen reader stopped","accessibility-menubar":"menu bar","accessibility-scrollbar":"scroll bar","accessibility-grip":"grip","accessibility-alert":"alert","accessibility-menupopup":"menu popup","accessibility-document":"document","accessibility-pane":"pane","accessibility-dialog":"dialog","accessibility-separator":"separator","accessibility-toolbar":"toolbar","accessibility-statusbar":"status bar","accessibility-table":"table","accessibility-columnheader":"column header","accessibility-rowheader":"row header","accessibility-column":"column","accessibility-row":"row","accessibility-cell":"cell","accessibility-link":"link","accessibility-list":"list","accessibility-listitem":"list item","accessibility-outline":"outline","accessibility-outlineitem":"outline item","accessibility-pagetab":"tab","accessibility-propertypage":"property page","accessibility-graphic":"graphic","accessibility-pushbutton":"button","accessibility-checkbutton":"check button","accessibility-radiobutton":"radio button","accessibility-combobox":"combo box","accessibility-progressbar":"progress bar","accessibility-slider":"slider","accessibility-spinbutton":"spin button","accessibility-diagram":"diagram","accessibility-animation":"animation","accessibility-equation":"equation","accessibility-buttonmenu":"button menu","accessibility-whitespace":"white space","accessibility-pagetablist":"tab list","accessibility-canvas":"canvas","accessibility-checkmenuitem":"check menu item","accessibility-label":"label","accessibility-passwordtext":"password text","accessibility-radiomenuitem":"radio menu item","accessibility-textcontainer":"text container","accessibility-togglebutton":"toggle button","accessibility-treetable":"tree table","accessibility-header":"header","accessibility-footer":"footer","accessibility-paragraph":"paragraph","accessibility-entry":"entry","accessibility-caption":"caption","accessibility-heading":"heading","accessibility-section":"section","accessibility-form":"form","accessibility-comboboxlist":"combo box list","accessibility-comboboxoption":"combo box option","accessibility-imagemap":"image map","accessibility-listboxoption":"option","accessibility-listbox":"list box","accessibility-flatequation":"flat equation","accessibility-gridcell":"gridcell","accessibility-note":"note","accessibility-figure":"figure","accessibility-definitionlist":"definition list","accessibility-term":"term","accessibility-definition":"definition","accessibility-textarea":"text area","accessibility-textInputType_date":"date","accessibility-textInputType_email":"e-mail","accessibility-textInputType_search":"search","accessibility-textInputType_tel":"telephone","accessibility-textInputType_url":"URL","accessibility-headingLevel":"heading level {{0}}","accessibility-listStart":"First item","accessibility-listEnd":"Last item","accessibility-listItemsCount":{"_index":["plural","count"],"_":{"zero":"{{count}} items","one":"{{count}} item","two":"{{count}} items","few":"{{count}} items","many":"{{count}} items","other":"{{count}} items"}},"accessibility-objItemOfN":"{{0}} of {{1}}","accessibility-banner":"banner","accessibility-complementary":"complementary","accessibility-contentinfo":"content info","accessibility-main":"main","accessibility-navigation":"navigation","accessibility-search":"search","accessibility-tblColumnInfo":{"_index":["plural","count"],"_":{"zero":"with {{count}} columns","one":"with {{count}} column","two":"with {{count}} columns","few":"with {{count}} columns","many":"with {{count}} columns","other":"with {{count}} columns"}},"accessibility-tblRowInfo":{"_index":["plural","count"],"_":{"zero":"and {{count}} rows","one":"and {{count}} row","two":"and {{count}} rows","few":"and {{count}} rows","many":"and {{count}} rows","other":"and {{count}} rows"}},"accessibility-columnInfo":"Column {{0}}","accessibility-rowInfo":"Row {{0}}","accessibility-spansColumns":{"_index":["plural","0"],"_":{"zero":"spans {{0}} columns","one":"spans {{0}} column","two":"spans {{0}} columns","few":"spans {{0}} columns","many":"spans {{0}} columns","other":"spans {{0}} columns"}},"accessibility-spansRows":{"_index":["plural","0"],"_":{"zero":"spans {{0}} rows","one":"spans {{0}} row","two":"spans {{0}} rows","few":"spans {{0}} rows","many":"spans {{0}} rows","other":"spans {{0}} rows"}},"accessibility-jumpAction":"jumped","accessibility-pressAction":"pressed","accessibility-checkAction":"checked","accessibility-uncheckAction":"unchecked","accessibility-selectAction":"selected","accessibility-unselectAction":"unselected","accessibility-openAction":"opened","accessibility-closeAction":"closed","accessibility-switchAction":"switched","accessibility-clickAction":"clicked","accessibility-collapseAction":"collapsed","accessibility-expandAction":"expanded","accessibility-activateAction":"activated","accessibility-cycleAction":"cycled","accessibility-hidden":"hidden","accessibility-tabLoading":"loading","accessibility-tabLoaded":"loaded","accessibility-tabNew":"new tab","accessibility-tabLoadStopped":"loading stopped","accessibility-tabReload":"reloading","accessibility-stateChecked":"checked","accessibility-stateNotChecked":"not checked","accessibility-statePressed":"pressed","accessibility-stateExpanded":"expanded","accessibility-stateCollapsed":"collapsed","accessibility-stateUnavailable":"unavailable","accessibility-stateRequired":"required","accessibility-stateTraversed":"visited","accessibility-stateHasPopup":"has pop up","accessibility-stateSelected":"selected","accessibility-editingMode":"editing","accessibility-navigationMode":"navigating","accessibility-quicknav_Simple":"Default","accessibility-quicknav_Anchor":"Anchors","accessibility-quicknav_Button":"Buttons","accessibility-quicknav_Combobox":"Combo boxes","accessibility-quicknav_Landmark":"Landmarks","accessibility-quicknav_Entry":"Entries","accessibility-quicknav_FormElement":"Form elements","accessibility-quicknav_Graphic":"Images","accessibility-quicknav_Heading":"Headings","accessibility-quicknav_ListItem":"List items","accessibility-quicknav_Link":"Links","accessibility-quicknav_List":"Lists","accessibility-quicknav_PageTab":"Page tabs","accessibility-quicknav_RadioButton":"Radio buttons","accessibility-quicknav_Separator":"Separators","accessibility-quicknav_Table":"Tables","accessibility-quicknav_Checkbox":"Check boxes","accessibility-menubarAbbr":"menu bar","accessibility-scrollbarAbbr":"scroll bar","accessibility-gripAbbr":"grip","accessibility-alertAbbr":"alert","accessibility-menupopupAbbr":"menu popup","accessibility-documentAbbr":"document","accessibility-paneAbbr":"pane","accessibility-dialogAbbr":"dialog","accessibility-separatorAbbr":"separator","accessibility-toolbarAbbr":"toolbar","accessibility-statusbarAbbr":"status bar","accessibility-tableAbbr":"tbl","accessibility-columnheaderAbbr":"column header","accessibility-rowheaderAbbr":"row header","accessibility-columnAbbr":"column","accessibility-rowAbbr":"row","accessibility-cellAbbr":"cell","accessibility-linkAbbr":"lnk","accessibility-listAbbr":"list","accessibility-listitemAbbr":"list item","accessibility-outlineAbbr":"outline","accessibility-outlineitemAbbr":"outline item","accessibility-pagetabAbbr":"tab","accessibility-propertypageAbbr":"property page","accessibility-graphicAbbr":"graphic","accessibility-pushbuttonAbbr":"btn","accessibility-checkbuttonAbbr":"check button","accessibility-radiobuttonAbbr":"radio button","accessibility-comboboxAbbr":"combo box","accessibility-progressbarAbbr":"progress bar","accessibility-sliderAbbr":"slider","accessibility-spinbuttonAbbr":"spin button","accessibility-diagramAbbr":"diagram","accessibility-animationAbbr":"animation","accessibility-equationAbbr":"equation","accessibility-buttonmenuAbbr":"button menu","accessibility-whitespaceAbbr":"white space","accessibility-pagetablistAbbr":"tab list","accessibility-canvasAbbr":"canvas","accessibility-checkmenuitemAbbr":"check menu item","accessibility-labelAbbr":"label","accessibility-passwordtextAbbr":"passwdtxt","accessibility-radiomenuitemAbbr":"radio menu item","accessibility-textcontainerAbbr":"text container","accessibility-togglebuttonAbbr":"toggle button","accessibility-treetableAbbr":"tree table","accessibility-headerAbbr":"header","accessibility-footerAbbr":"footer","accessibility-paragraphAbbr":"paragraph","accessibility-entryAbbr":"entry","accessibility-captionAbbr":"caption","accessibility-headingAbbr":"heading","accessibility-sectionAbbr":"section","accessibility-formAbbr":"form","accessibility-comboboxlistAbbr":"combo box list","accessibility-comboboxoptionAbbr":"combo box option","accessibility-imagemapAbbr":"imgmap","accessibility-listboxoptionAbbr":"option","accessibility-listboxAbbr":"list box","accessibility-flatequationAbbr":"flat equation","accessibility-gridcellAbbr":"gridcell","accessibility-noteAbbr":"note","accessibility-figureAbbr":"fig","accessibility-definitionlistAbbr":"definition list","accessibility-termAbbr":"term","accessibility-definitionAbbr":"definition","accessibility-textareaAbbr":"txtarea","accessibility-tblColumnInfoAbbr":{"_index":["plural","count"],"_":{"one":"{{count}}c","two":"{{count}}c","few":"{{count}}c","many":"{{count}}c","other":"{{count}}c"}},"accessibility-tblRowInfoAbbr":{"_index":["plural","count"],"_":{"one":"{{count}}r","two":"{{count}}r","few":"{{count}}r","many":"{{count}}r","other":"{{count}}r"}},"accessibility-cellInfoAbbr":"c{{0}}r{{1}}","accessibility-stateCheckedAbbr":"(x)","accessibility-stateUncheckedAbbr":"( )","accessibility-statePressedAbbr":"(x)","accessibility-stateUnpressedAbbr":"( )","ok":"OK","back":"Wstecz","help":"Pomoc","cancel":"Anuluj","close":"Zamknij","skip":"Pomiń","clear":{"ariaLabel":"Wyczyść"},"undo":{"ariaLabel":"Cofnij"},"airplaneMode":"Tryb lotu","searching":"Wyszukiwanie…","noNetwork":"Brak sieci","roaming":"{{operator}} (roaming)","operator-info":"{{carrier}} ({{region}})","emergencyCallsOnly":"Tylko połączenia alarmowe","emergencyCallsOnly-unknownSIMState":"(nieznany status karty SIM)","emergencyCallsOnly-noSIM":"(brak karty SIM)","emergencyCallsOnly-pinRequired":"(wymagany kod PIN karty SIM)","emergencyCallsOnly-pukRequired":"(wymagany kod PUK karty SIM)","emergencyCallsOnly-networkLocked":"(sieć zablokowana)","emergencyCallsOnly-serviceProviderLocked":"(blokada operatora)","emergencyCallsOnly-corporateLocked":"(blokada korporacyjna)","emergencyCallsOnly-network1Locked":"(sieć 1 zablokowana)","emergencyCallsOnly-network2Locked":"(sieć 2 zablokowana)","emergencyCallsOnly-hrpdNetworkLocked":"(sieć hrpd zablokowana)","emergencyCallsOnly-ruimCorporateLocked":"(korporacyjna blokada ruim)","emergencyCallsOnly-ruimServiceProviderLocked":"(blokada operatora ruim)","enterPIN":"Wprowadź PIN","mediaPlaybackTitle":{"ariaLabel":"Tytuł"},"mediaPlaybackArtist":{"ariaLabel":"Artysta"},"mediaPlaybackControls":{"ariaLabel":"Przyciski odtwarzania"},"mediaPlaybackPrevious":{"ariaLabel":"Poprzedni"},"mediaPlaybackPlay":"Odtwarzaj","mediaPlaybackPause":"Wstrzymaj","mediaPlaybackNext":{"ariaLabel":"Następny"},"wifiButton-on":"Wi-Fi włączone","wifiButton-on-initializing":"Wi-Fi w trakcie uruchamiania","wifiButton-off":"Wi-Fi wyłączone","dataButton-on":"Transmisja danych {{type}} włączona","dataButton-off":"Transmisja danych {{type}} wyłączona","bluetoothButton-on":"Bluetooth włączony","bluetoothButton-on-initializing":"Bluetooth włączony, uruchamianie","bluetoothButton-off":"Bluetooth wyłączony","airplaneMode-on":"Tryb lotu włączony","airplaneMode-off":"Tryb lotu wyłączony","settingsButton":{"ariaLabel":"Ustawienia"},"utilityTrayGrippy":{"ariaLabel":"Zamknij panel narzędzi"},"statusbarLabel":"{{date}}, {{operator}}","statusbarDateFormat":"%e %b","statusbar":{"ariaLabel":"Pasek stanu"},"statusbarBattery":"Poziom naładowania baterii to {{level}} procent","statusbarBatteryCharging":"Poziom naładowania baterii to {{level}} procent i jest w trakcie ładowania","statusbarFlightMode":{"ariaLabel":"Tryb lotu włączony"},"statusbarWiFiConnecting":"Wi-Fi: łączenie","statusbarWiFiConnected":"Wi-Fi: {{level}} z 4 kresek siły sygnału","statusbarSignal":"Sieć {{operator}}, {{level}} z 5 kresek siły sygnału","statusbarSignalRoaming":"Sieć {{operator}} (roaming), {{level}} z 5 kresek siły sygnału","statusbarSignalNoneSearching":"Wyszukiwanie… tylko połączenia alarmowe","statusbarHeadphones":{"ariaLabel":"Podłączone słuchawki"},"statusbarBluetoothHeadphones":{"ariaLabel":"Podłączone słuchawki Bluetooth"},"statusbarBluetoothTransferring":{"ariaLabel":"Aktywny transfer Bluetooth"},"statusbarIconOn-tethering":"Udostępnianie włączone","statusbarIconOnActive-tethering":"Udostępnianie włączone i aktywne","statusbarAlarm":{"ariaLabel":"Ustawiony alarm"},"statusbarIconOn-bluetooth":"Bluetooth włączony","statusbarIconOnActive-bluetooth":"Bluetooth włączony i aktywny","statusbarIconOn-mute":"Urządzenie wyciszone","statusbarIconOn-vibration":"Wibracje włączone","statusbarRecording":{"ariaLabel":"Nagrywanie włączone"},"statusbarGeolocation":{"ariaLabel":"Lokalizacja położenia aktywna"},"statusbarUsb":{"ariaLabel":"USB włączone"},"statusbarForwarding":"Przekazywanie połączeń włączone","statusbarPlaying":{"ariaLabel":"Odtwarzanie treści"},"statusbarNfc":{"ariaLabel":"NFC włączone"},"statusbarDownloads":{"ariaLabel":"Pobieranie…"},"statusbarNetworkActivity":{"ariaLabel":"Przesyłanie danych włączone"},"statusbarEmergencyCBNotification":{"ariaLabel":"Zwrotne połączenie alarmowe"},"statusbarNotifications":{"_index":["plural","n"],"_":{"one":"Powiadomienie","two":"Dwa powiadomienia","few":"{{n}} powiadomienia","many":"{{n}} powiadomień"}},"statusbarNotifications-unread":{"_index":["plural","n"],"_":{"one":"Niodczytane powiadomienie","two":"Dwa nieodczytane powiadomienia","few":"{{n}} nieodczytane powiadomienia","many":"{{n}} nieodczytanych powiadomień"}},"notifications":"Powiadomienia","clear-all":"Wyczyść","attentionScreen-tapToShow":"Pacnij, by wyświetlić","newVoicemails":{"_index":["plural","n"],"_":{"zero":"Brak wiadomości na poczcie głosowej","one":"Nowa wiadomość na poczcie głosowej","two":"2 nowe wiadomości na poczcie głosowej","few":"{{n}} nowe wiadomości na poczcie głosowej","many":"{{n}} nowych wiadomości na poczcie głosowej"}},"newVoicemailsUnknown":"Nowe wiadomości na poczcie głosowej","dialNumber":"Połącz z {{number}}","voicemailNotificationMultiSim":"{{title}} (SIM {{n}})","confirmNFCConnectBTenabledNameUnknown":"Połączyć z urządzeniem?","confirmNFCConnectBTdisabledNameUnknown":"Włączyć Bluetooth i połączyć z urządzeniem?","confirmNFCConnectBTenabledNameKnown":"Połączyć z urządzeniem „{{deviceName}}”?","confirmNFCConnectBTdisabledNameKnown":"Włączyć Bluetooth i połączyć z urządzeniem „{{deviceName}}”?","confirmNFCConnectBTdisabled":"Włącz","dismissNFCConnectBTdisabled":"Anuluj","confirmation":"Potwierdzenie","deviceMenu":"Telefon","airplane":"Włącz tryb lotu","airplaneOff":"Wyłącz tryb lotu","silent":"Wycisz połączenia","normal":"Włącz dzwonki połączeń","restart":"Uruchom ponownie","power":"Wyłącz","no-recent-apps":"Brak ostatnio otwieranych aplikacji","yes":"Tak","no":"Nie","dontallow":"Nie zezwalaj","allow":"Zezwól","dontshare-geolocation":"Nie udostępniaj","share-geolocation":"Udostępnij","dontshare-audio-capture":"Nie udostępniaj","share-audio-capture":"Udostępnij","dontshare-video-capture":"Nie udostępniaj","share-video-capture":"Udostępnij","dontshare-media-capture":"Nie udostępniaj","share-media-capture":"Udostępnij","device-front":"Aparat z przodu","device-back":"Aparat z tyłu","remember-my-choice":"Zapamiętaj wybór","more-info":"Więcej informacji…","hide-info":"Ukryj informacje","install-app":"Zainstalować aplikację „{{name}}”?","size":"Rozmiar","author":"Autor","size-unknown":"Nieznany","author-unknown":"Nieznany","install":"Zainstaluj","bytes":"b","kB":"KB","MB":"MB","GB":"GB","TB":"TB","PB":"PB","app-install-generic-error":"Pobieranie aplikacji „{{appName}}” wstrzymane","app-install-download-failed":"Pobieranie aplikacji „{{appName}}” nie powiodło się","app-install-install-failed":"Instalowanie aplikacji „{{appName}}” nie powiodło się","cancelling-will-not-refund":"Anulowanie nie oznacza rezygnacji z zakupu. Zwroty za zakupione treści są rozpatrywane przez oryginalnego sprzedawcę.","apps-can-be-installed-later":"Aplikacje mogą być instalowane w późniejszym terminie z oryginalnej lokalizacji instalacji.","are-you-sure-you-want-to-cancel":"Czy na pewno przerwać instalację?","cancel-install":"Przerywanie instalacji","cancel-install-button":"Przerwij","resume":"Wznów","continue":"Kontynuuj","stopDownloading":"Wstrzymać pobieranie aplikacji „{{app}}”?","app-download-can-be-restarted":"Pobieranie będzie można później wznowić.","app-download-stop-button":"Wstrzymaj pobieranie","not-enough-space":"Zbyt mało miejsca","not-enough-space-message":"Nie ma wystarczająco dużo miejsca, aby zainstalować tę aplikację. Miejsce można zwolnić, usuwając stare aplikacje lub pliki, i następnie spróbować ponownie zainstalować aplikację z oryginalnego źródła.","app-install-success":"Aplikacja „{{appName}}” została zainstalowana","setup":"Ustaw","ime-addkeyboards":"Wybór klawiatur","later":"Później","download":"Pobierz","wantToDownload":"Pobrać aktualizację?","wantToInstall":"Zainstalować aktualizację?","installNow":"Zainstaluj teraz","notNow":"Nie teraz","downloadingUpdateMessage":{"innerHTML":"Pobieranie aktualizacji… <span>Pobrano {{progress}}</span>"},"downloadingAppMessage":"Pobieranie aplikacji „{{appName}}”","downloadingAppProgressNoMax":"Pobrano {{progress}}","downloadingAppProgressIndeterminate":"Pobieranie","downloadingAppProgress":"Pobrano {{progress}} z {{max}}","cancelAllDownloads":"Anuluj wszystkie pobierania","wantToCancelAll":"Czy na pewno anulować wszystkie pobierania?","downloadError":"Wystąpił błąd podczas pobierania aktualizacji.","updateAvailableInfo":{"innerHTML":{"_index":["plural","n"],"_":{"one":"Dostępna aktualizacja <span>Więcej informacji</span>","two":"Dostępne dwie aktualizacje <span>Więcej informacji</span>","few":"Dostępne {{n}} aktualizacje <span>Więcej informacji</span>","many":"{{n}} dostępnych aktualizacji <span>Więcej informacji</span>"}}},"numberOfUpdates":{"_index":["plural","n"],"_":{"one":"Dostępna aktualizacja","two":"Dwie dostępne aktualizacje","few":"{{n}} dostępne aktualizacje","many":"{{n}} dostępnych aktualizacji"}},"systemUpdate":"Aktualizacja systemu","systemUpdateReady":"Aktualizacja systemu gotowa do instalacji","systemUpdateLowBatteryThreshold":"Minimalny poziom naładowania baterii wymagany do instalacji aktualizacji to {{ threshold }}%.","required":"Wymagana","uncompressingMessage":{"innerHTML":"Rozpakowywanie… <span>(może potrwać kilka minut)</span>"},"downloadNoWifiWarning":"Sieć Wi-Fi niedostępna. Aktualizacja przy użyciu obecnego połączenia może skutkować dodatkowymi opłatami.","downloadOfflineWarning":"Połączenie niedostępne. Nawiąż połączenie z siecią, aby pobrać aktualizacje.","downloadDataConnectionWarning":"Aktualizacje pobierane są poprzez sieć komórkową, gdy sieć Wi-Fi jest niedostępna, co może skutkować dodatkowymi opłatami.","downloadUpdatesViaDataConnection":"Pobrać aktualizacje poprzez sieć komórkową?","downloadUpdatesViaDataConnectionMessage":"Aktualizacje pobierane są poprzez sieć komórkową, gdy sieć Wi-Fi jest niedostępna. Podczas przesyłania danych przez sieć komórkową mogą być blokowane rozmowy głosowe oraz naliczane dodatkowe opłaty.","downloadUpdatesVia2GForbidden2":"Downloading updates is not possible on slow connections (2G). Please connect via Wi-Fi or 3G (if available) and try again.","screenshotSaved":"Zrzut dodany do Galerii","screenshotFailed":"Błąd zapisywania zrzutu","screenshotNoSDCard":"Brak karty pamięci","screenshotSDCardInUse":"Karta pamięci obecnie używana","screenshotSDCardLow":"Za mało miejsca na karcie pamięci","emergency-call-button":"Połączenie alarmowe","emergency-call":"Połączenie alarmowe","unlock-a11y-button":{"ariaLabel":"Odblokuj"},"camera-a11y-button":{"ariaLabel":"Kamera"},"longDateFormat":"%A, %e %Eb","panel-passcode":{"ariaLabel":"Panel kodu blokady"},"lockscreen-sim-id":"SIM {{ n }}","softwareHomeButton":{"ariaLabel":"Przycisk początek"},"login":"Zaloguj się","username":"Nazwa użytkownika","password":"Hasło","http-authentication-message":"{{host}} prosi o podanie nazwy użytkownika i hasła. Komunikat strony: „{{realm}}”","error-message":"Aplikacja „{{name}}” nie wczytuje się poprawnie","error-title":"Problem z aplikacją „{{name}}”","airplane-is-on":"Tryb lotu jest włączony","airplane-is-turned-on":"Aplikacja „{{name}}” wymaga połączenia z siecią. Wyłącz w ustawieniach tryb lotu i połącz się z siecią Wi-Fi lub siecią komórkową w celu przesyłania danych.","server-not-found":"Nie odnaleziono serwera","server-not-found-error":"Nie udało się odnaleźć serwera „{{name}}”.","file-not-found":"Nie odnaleziono pliku","file-not-found-error":"Nie można wyświetlić strony ponieważ nie udało się odnaleźć pliku.","connection-failed":"Nie udało się nawiązać połączenia","connection-failed-error":"Podczas wczytywania strony wystąpił błąd połączenia.","invalid-connection":"Nie udało się nawiązać połączenia","invalid-connection-error":"Podczas wczytywania strony wystąpił błąd połączenia.","malformed-uri":"Nieprawidłowt adres URL","malformed-uri-error":"Adres URL jest nieprawidłowy i nie może zostać wczytany.","redirect-loop":"Nieprawidłowe przekierowanie","redirect-loop-error":"Nie można wyświetlić tej strony ponieważ przekierowuje ona w sposób uniemożliwiający ukończenie żądania. Spróbuj ponownie później.","not-cached":"Strona wygasła","not-cached-error":"Strona nie może zostać wyświetlona ze względów bezpieczeństwa ponieważ wygasła.","is-printing-error":"Strona nie może zostać zmieniona podczas wydruku, lub kiedy włączony jest podgląd wydruku.","denied-port-access":"Ten adres jest zastrzeżony","denied-port-access-error":"Adres zawiera numer portu normalnie wykorzystywanego do innych celów niż przeglądanie sieci. Ze względów bezpieczeństwa żądanie zostało anulowane.","proxy-resolve-failure":"Nie można odnaleźć serwera proxy","proxy-resolve-failure-error":"Nie można odnaleźć skonfigurowanego serwera proxy.","proxy-connect-failure":"Serwer proxy odrzuca połączenia","proxy-connect-failure-error":"Skonfigurowany serwer proxy odrzuca połączenia.","content-encoding":"Nie można wyświetlić strony","content-encoding-error":"Strona nie może zostać wyśietlona ponieważ wystąpił błąd kodowania znaków.","remote-xul":"Nieobsługiwana strona","remote-xul-error":"Strona nie może zostać wyświetlona ponieważ używa nieobsługiwanej technologii.","phishing-blocked":"Ostrzeżenie","phishing-blocked-error":"Strona została zgłoszona jako oszustwo mające na celu wyłudzenie osobistych lub finansowych informacji.","malware-blocked":"Strona zablokowana","malware-blocked-error":"Strona została zgłoszona jako stanowiąca zagrożenie i została zablokowana.","unsafe-content-type":"Niebezpieczna treść","unsafe-content-type-error":"Strona nie może zostać wyświetlona ponieważ jej otwarcie może nie być bezpieczne.","corrupted-content":"Nie można wyświetlić strony","corrupted-content-error":"Strona nie może zostać wyświetlona z powodu błędu w transmisji danych.","network-connection-unavailable":"Połączenie sieciowe niedostępne","network-error":"„{{name}}” wymaga połączenia z siecią. Spróbuj połączyć się z siecią Wi-Fi lub komórkową, aby umożliwić przesyłanie danych.","network-error-launching":"„{{name}}” wymaga połączenia z siecią.","network-error-in-app":"Obecnie brak dostępu do Internetu.","unable-to-connect":"Nie udało się połączyć","try-again":"Spróbuj ponownie","check-settings":"Sprawdź ustawienia","tap-to-check-settings":"Pacnij, aby sprawdzić ustawienia","select-time":"Ustaw czas","choose-option":"Ustaw","choose-options":"Ustaw","select-day":"Ustaw datę","battery-almost-empty":"Bateria prawie rozładowana","add-to-home-screen":"Dodaj do ekranu głównego","share":"Udostępnij","crash-dialog2-os":"{{brandShortName}} wznowił działanie po awarii","crash-dialog-app":"Aplikacja „{{name}}” uległa awarii","crash-dialog-message":"Wysłać Mozilli raport z awarii w celu ułatwienia jego naprawy? (Raporty są wysyłane wyłącznie przez sieć Wi-Fi)","crash-info-link":"Czym jest raport z awarii?","crash-always-report":"Zawsze wysyłaj Mozilli raporty z awarii.","crash-dont-send":"Nie wysyłaj","crash-end":"Wyślij","crashReports":"Raporty z awarii","done":"Gotowe","crash-reports-description-1":"Raport z awarii zawiera informacje na temat awarii, urządzenia oraz zapis stanu urządzenia z momentu awarii.","crash-reports-description-2":"W tym takie szczegóły, jak otwarte strony i aplikacje, dane wprowadzone w formularze i treść otwartych wiadomości, historia ostatnio odwiedzanych stron, czy dane o położeniu pochodzące z otwartych aplikacji.","crash-reports-description-3-start":"Raporty z awarii są używane do rozwiązywania problemów i doskonalenia naszych produktów. Dowiedz się, jak Mozilla obchodzi się z Twoimi danymi, czytając ","crash-reports-description-3-privacy":"o polityce prywatności","crash-reports-description-3-end":".","crash-banner-os2":"{{brandShortName}} uległ awarii.","crash-banner-app":"Aplikacja „{{name}}” uległa awarii.","crash-banner-report":"Raport","bluetooth-sending-progress":"Wysłanie danych przez Bluetooth…","bluetooth-receiving-progress":"Odbieranie danych przez Bluetooth…","acceptFileTransfer":"Zaakceptować przychodzący przez Bluetooth transfer pliku?","wantToReceiveFile":"Urządzenie „{{deviceName}}” prosi o możliwość przesłania pliku „{{fileName}}” ({{fileSize}}).","transfer-confirmation-title":"{{deviceName}}","transfer-confirmation-description":"Przychodzący transfer pliku","byteUnit-B":"B","byteUnit-KB":"KB","byteUnit-MB":"MB","byteUnit-GB":"GB","byteUnit-TB":"TB","byteUnit-PB":"PB","byteUnit-EB":"EB","byteUnit-ZB":"ZB","byteUnit-YB":"YB","fileSize":"{{size}} {{unit}}","deny":"Odmów","transfer":"Prześlij","cancelFileTransfer":"Anulować przesyłanie plików przez Bluetooth?","continueFileTransfer":"Kontynuuj","transfer-has-started-title":"Rozpoczęto przesyłanie","transfer-has-started-description":"Postęp można sprawdzić poniżej","transferFinished-sentSuccessful-title":"Wysłano plik","transferFinished-receivedSuccessful-title":"Odebrano plik","transferFinished-sentFailed-title":"Nie można wysłać pliku","transferFinished-receivedFailed-title":"Nie można odebrać pliku","transferReport-title":"Raport z przesyłania:","transferReport-description":"gotowe: {{numSuccessful}} plików, nieduane: {{numUnsuccessful}} plików","unknown-file":"Nieznany plik","unknown-device":"Nieznane urządzenie","cannotOpenFile":"Nie można otworzyć otrzymanego pliku","unknownMediaTypeToOpen":"Nie można otworzyć nieznanego typu pliku:","cannotReceiveFile":"Nie można pobrać pliku","cannotGetStorageState":"Nie można uzyskać informacji o pamięci urządzenia","sdcard-not-exist2":"Nie znaleziono karty pamięci. Proszę włożyć kartę pamięci.","sdcard-in-use":"Bluetooth nie może być używany podczas ładowania. Należy odłączyć telefon, aby przesyłać pliki.","sdcard-no-space2":"Nie można ukończyć przesyłania plików, ponieważ karta pamięci jest pełna.","unknown-error":"Nieznany błąd","confirm":"Potwierdź","microphone-is-on":"Mikrofon włączony","camera-is-on":"Kamera włączona","media-is-on":"Mikrofon i kamera włączone","noSimCard":"Brak karty SIM","simPin":"Kod PIN karty SIM:","pukCode":"Kod PUK","nckCode":"Kod NCK","cckCode":"Kod CCK","spckCode":"Kod SPCK","nck1code":"Kod NCK1","nck2code":"Kod NCK2","hnckcode":"Kod HNCK","rcckcode":"Kod RCCK","rspckcode":"Kod RSPCK","whatIsSimPin":"Czym jest kod PIN karty SIM?","simPinIntro1":"Kod PIN karty SIM kontroluje możliwość łączenia się z siecią komórkową. Jeśli aktywny, każde urządzenie zawierające tę kartę będzie wymagało jego wprowadzenia przed połączeniem z siecią komórkową (np. po ponownym uruchomieniu).","simPinIntro2":"Kod PIN karty SIM to inny kod niż ten do odblokowywania urządzenia.","changeSimPin":"Zmień PIN","pinTitle":"Wprowadź PIN","multiSIMpinTitle":"Wprowadź PIN karty SIM {{n}}","pukTitle":"Wprowadź PUK","nckTitle":"Wprowadź NCK","cckTitle":"Wprowadź CCK","spckTitle":"Wprowadź SPCK","nck1Title":"Wprowadź NCK1","nck2Title":"Wprowadź NCK2","hnckTitle":"Wprowadź HNCK","rcckTitle":"Wprowadź RCCK","rspckTitle":"Wprowadź RSPCK","newpinTitle":"Nowy PIN","inputCodeRetriesLeft":{"_index":["plural","n"],"_":{"one":"Ostatnia próba.","two":"Pozostały dwie próby.","few":"Pozostały {{n}} próby.","many":"Pozostało {{n}} prób."}},"pinErrorMsg":"Wprowadzono nieprawidłowy kod PIN.","pinAttemptMsg2":{"_index":["plural","n"],"_":{"one":"Pozostała jedna próba wprowadzenia poprawnego kodu przed zablokowaniem karty SIM.","two":"Pozostały dwie próby wprowadzenia poprawnego kodu przed zablokowaniem karty SIM.","few":"Pozostały {{n}} próby wprowadzenia poprawnego kodu przed zablokowaniem karty SIM.","many":"Pozostało {{n}} prób wprowadzenia poprawnego kodu przed zablokowaniem karty SIM."}},"pinLastChanceMsg":"Ostatnia szansa na wprowadzenie poprawnego kodu PIN. Jeśli kod będzie nieprawidłowy, konieczne będzie wprowadzenie kodu PUK, aby używać tej karty SIM.","simCardLockedMsg":"Karta SIM jest zablokowana.","enterPukMsg":"Konieczne jest wprowadzenie kodu PUK dla tej karty SIM. Aby uzyskać więcej informacji, należy sprawdzić dokumenty karty SIM lub skontaktować się z operatorem.","pukErrorMsg":"Nieprawidłowy kod PUK","pukAttemptMsg2":{"_index":["plural","n"],"_":{"one":"Pozostała ostatnia próba wprowadzenia prawidłowego kodu przed permanentną blokadą karty SIM powodującą jej bezużyteczność. Aby uzyskać więcej informacji, należy sprawdzić dokumenty karty SIM lub skontaktować się z operatorem.","two":"Pozostały dwie próby wprowadzenia prawidłowego kodu przed permanentną blokadą karty SIM powodującą jej bezużyteczność. Aby uzyskać więcej informacji, należy sprawdzić dokumenty karty SIM lub skontaktować się z operatorem.","few":"Pozostały {{n}} próby wprowadzenia prawidłowego kodu przed permanentną blokadą karty SIM powodującą jej bezużyteczność. Aby uzyskać więcej informacji, należy sprawdzić dokumenty karty SIM lub skontaktować się z operatorem.","many":"Pozostało {{n}} prób wprowadzenia prawidłowego kodu przed permanentną blokadą karty SIM powodującą jej bezużyteczność. Aby uzyskać więcej informacji, należy sprawdzić dokumenty karty SIM lub skontaktować się z operatorem."}},"pukLastChanceMsg":"Ostatnia szansa na wprowadzenie prawidłowego kodu PUK. Karta SIM zostanie permanentnie zablokowana i bezużyteczna, jeśli zostanie wprowadzony nieprawidłowy kod PUK. Aby uzyskać więcej informacji, należy sprawdzić dokumenty karty SIM lub skontaktować się z operatorem.","newSimPinMsg":"Utwórz PIN (musi składać się z 4 do 8 cyfr)","confirmNewSimPinMsg":"Potwierdź nowy PIN","newPinErrorMsg":"Wprowadzone kody nie zgadzają się.","nckErrorMsg":"Nieprawidłowy kod NCK.","nckAttemptMsg2":{"_index":["plural","n"],"_":{"one":"Błąd żądania depersonalizacji sieci. Pozostała ostatnia próba wprowadzenia poprawnego kodu. Aby uzyskać więcej informacji, należy sprawdzić instrukcję urządzenia lub skontaktować się z operatorem.","two":"Błąd żądania depersonalizacji sieci. Pozostały dwie próby wprowadzenia poprawnego kodu. Aby uzyskać więcej informacji, należy sprawdzić instrukcję urządzenia lub skontaktować się z operatorem.","few":"Błąd żądania depersonalizacji sieci. Pozostały {{n}} próby wprowadzenia poprawnego kodu. Aby uzyskać więcej informacji, należy sprawdzić instrukcję urządzenia lub skontaktować się z operatorem.","many":"Błąd żądania depersonalizacji sieci. Pozostało {{n}} prób wprowadzenia poprawnego kodu. Aby uzyskać więcej informacji, należy sprawdzić instrukcję urządzenia lub skontaktować się z operatorem."}},"nckLastChanceMsg":"Błąd żądania depersonalizacji sieci. Ostatnia szansa na wprowadzenie poprawnego kodu NCK. Aby uzyskać więcej informacji, należy sprawdzić instrukcję urządzenia lub skontaktować się z operatorem.","activity-pick":"Wybierz z:","activity-view":"Wyświetl w:","activity-test":"Przetestuj w:","activity-share":"Wyślij poprzez:","activity-new":"Utwórz w:","activity-open":"Otwórz w:","activity-save-bookmark":"Dodaj do:","activity-record":"Nagraj z:","activity-browse":"Przeglądaj z:","activity-configure":"Skonfiguruj z:","activity-dial":"Zadzwoń przez:","persona-signin":"Zaloguj się","payment-flow":"Zamówienie","remoteDebuggerMessage":"Przychodzące żądanie zezwolenia na połączenie zdalnego debugowania zostało wykryte. Zezwolić na połączenie?","fullscreen-request":"{{origin}} działa teraz w trybie pełnoekranowym.","captive-wifi-available":"Wykryto sieć „{{networkName}}” z ograniczonym dostępem do Internetu. Połączyć?","ceWarningtitle":"Ostrzeżenie o głośności","ceWarningcontent":"Aby zapobiec ewentualnym uszkodzeniom słuchu, należy unikać słuchania na wysokich poziomach głośności przez długie okresy.","notification-powersaving-mode-on-title":"Tryb oszczędzania energii","notification-powersaving-mode-on-description":"Uaktywniono tryb oszczędzania energii.","low-device-storage":"Mało wolnego miejsca.\\n","free-space":{"_index":["plural","value"],"_":{"zero":"Brak wolnej przestrzeni.","one":"Pozostało mniej niż {{value}} {{unit}}.","two":"Pozostało mniej niż {{value}} {{unit}}.","few":"Pozostało mniej niż {{value}} {{unit}}.","many":"Pozostało mniej niż {{value}} {{unit}}.","other":"Pozostało mniej niż {{value}} {{unit}}."}},"unknown-free-space":"Nieznany rozmiar pozostałej przestrzeni.","system-alert":"Komunikat sieciowy","cb-channel":"Kanał „{{channel}}”","cb-etws-warningType-earthquake":"Ostrzeżenie o trzęsieniu ziemi!","cb-etws-warningType-tsunami":"Ostrzeżenie o tsunami!","cb-etws-warningType-earthquake-tsunami":"Ostrzeżenie o tsunami i trzęsieniu ziemi!","cb-etws-warningType-test":"System alarmowy jest testowany.","cb-etws-warningType-other":"Ostrzeżenie alarmowe!","icc-message-maintitle":"Wiadomość operatora","icc-message-subtitle":"SIM {{id}}","icc-confirmCall-defaultmessage":"Połączyć z {{number}}?","icc-alertMessage-defaultmessage":"Wysyłanie wiadomości","icc-confirmMessage-defaultmessage":"Wysłać wiadomość?","icc-inputbox-maintitle":"Wyszukiwanie STK","icc-inputbox-subtitle":"SIM {{id}}","emergency-callback-mode":"Tryb zwrotnych połączeń alarmowych","emergency-callback-message":"Nie można wykonywać połączeń, wysyłać wiadomości i przesyłać danych w trybie zwrotnych połączeń alarmowych. Wyłączyć ten tryb?","cdma-record-info":"Informacje rekordu CDMA","ime-switching-title":"{{appName}}: {{name}}","ime-switching-tip":"Zmień klawiaturę","shrinking-tip":"Przesuń, aby udostępnić","download_started":"Rozpoczęto pobieranie","download_stopped":"Zatrzymano pobieranie","download_downloading":"Pobieranie…","download_succeeded":"Zakończono pobieranie","download_failed":"Pobieranie nieudane","download_text_by_default":"{{name}}","download_downloading_text_2":"{{percentage}}% - {{name}}","search-or-enter-address":{"_":"Podaj adres lub szukaj","placeholder":"Podaj adres lub szukaj"},"noSIMCardInHotspot":"Hotspot Wi-Fi został wyłączony, ponieważ nie wykryto karty SIM","noHopspotWhenAPMisOn":"Wyłącz tryb lotu, aby używać hotspotu Wi-Fi","apmActivated":"Włączony tryb lotu","open-in-new-tab":"Otwórz odnośnik w nowej karcie","add-link-to-home-screen":"Dodaj odnośnik do ekranu głównego","share-link":"Udostępnij odnośnik","save-image":"Zapisz obrazek","save-video":"Zapisz film","save-audio":"Zapisz dźwięk","save-link":"Zapisz docelowy plik","share-image":"Udostępnij obrazek","share-video":"Udostępnij film","share-audio":"Udostępnij dźwięk","weekday-0-long":"Niedziela","weekday-1-long":"Poniedziałek","weekday-2-long":"Wtorek","weekday-3-long":"Środa","weekday-4-long":"Czwartek","weekday-5-long":"Piątek","weekday-6-long":"Sobota","weekday-0-short":"Nd","weekday-1-short":"Pn","weekday-2-short":"Wt","weekday-3-short":"Śr","weekday-4-short":"Cz","weekday-5-short":"Pt","weekday-6-short":"Sb","month-0-long":"Styczeń","month-1-long":"Luty","month-2-long":"Marzec","month-3-long":"Kwiecień","month-4-long":"Maj","month-5-long":"Czerwiec","month-6-long":"Lipiec","month-7-long":"Sierpień","month-8-long":"Wrzesień","month-9-long":"Październik","month-10-long":"Listopad","month-11-long":"Grudzień","month-0-genitive":"stycznia","month-1-genitive":"lutego","month-2-genitive":"marca","month-3-genitive":"kwietnia","month-4-genitive":"maja","month-5-genitive":"czerwca","month-6-genitive":"lipca","month-7-genitive":"sierpnia","month-8-genitive":"września","month-9-genitive":"października","month-10-genitive":"listopada","month-11-genitive":"grudnia","month-0-short":"sty","month-1-short":"lut","month-2-short":"mar","month-3-short":"kwi","month-4-short":"maj","month-5-short":"cze","month-6-short":"lip","month-7-short":"sie","month-8-short":"wrz","month-9-short":"paź","month-10-short":"lis","month-11-short":"gru","minutes-ago-long":{"_index":["plural","value"],"_":{"zero":"w tym momencie","one":"przed minutą","two":"dwie minuty temu","few":"{{value}} minuty temu","many":"{{value}} minut temu"}},"hours-ago-long":{"_index":["plural","value"],"_":{"zero":"w tej godzinie","one":"godzinę temu","two":"dwie godziny temu","few":"{{value}} godziny temu","many":"{{value}} godzin temu"}},"days-ago-long":{"_index":["plural","value"],"_":{"zero":"dzisiaj","one":"wczoraj","two":"przedwczoraj","few":"{{value}} dni temu","many":"{{value}} dni temu"}},"weeks-ago-long":{"_index":["plural","value"],"_":{"zero":"w tym tygodniu","one":"w zeszłym tygodniu","two":"dwa tygodnie temu","few":"{{value}} tygodnie temu","many":"{{value}} tygodni temu"}},"months-ago-long":{"_index":["plural","value"],"_":{"zero":"w tym miesiącu","one":"w zeszłym miesiącu","two":"dwa miesiące temu","few":"{{value}} miesiące temu","many":"{{value}} miesięcy temu"}},"years-ago-long":{"_index":["plural","value"],"_":{"zero":"w tym roku","one":"w zeszłym roku","two":"dwa lata temu","few":"{{value}} lata temu","many":"{{value}} lat temu"}},"minutes-until-long":{"_index":["plural","value"],"_":{"zero":"teraz","one":"za minutę","two":"za dwie minuty","few":"za {{value}} minuty","many":"za {{value}} minut"}},"hours-until-long":{"_index":["plural","value"],"_":{"zero":"teraz","one":"za godzinę","two":"za dwie godziny","few":"za {{value}} godziny","many":"za {{value}} godzin"}},"days-until-long":{"_index":["plural","value"],"_":{"zero":"dzisiaj","one":"jutro","two":"za dwa dni","few":"za {{value}} dni","many":"za {{value}} dni"}},"weeks-until-long":{"_index":["plural","value"],"_":{"zero":"w tym tygodniu","one":"w przyszłym tygodniu","two":"za dwa tygodnie","few":"za {{value}} tygodnie","many":"za {{value}} tygodni"}},"months-until-long":{"_index":["plural","value"],"_":{"zero":"w tym miesiącu","one":"w przyszłym miesiącu","two":"za dwa miesiące","few":"za {{value}} miesiące","many":"za {{value}} miesięcy"}},"years-until-long":{"_index":["plural","value"],"_":{"zero":"w tym roku","one":"w przyszłym roku","two":"za dwa lata","few":"za {{value}} lata","many":"za {{value}} lat"}},"minutes-ago-short":{"_index":["plural","value"],"_":{"zero":"teraz","other":"{{value}} min temu"}},"hours-ago-short":{"_index":["plural","value"],"_":{"zero":"teraz","other":"{{value}} godz. temu"}},"days-ago-short":{"_index":["plural","value"],"_":{"zero":"dzisiaj","other":"{{value}} dni temu"}},"minutes-until-short":{"_index":["plural","value"],"_":{"zero":"teraz","other":"za {{value}} min"}},"hours-until-short":{"_index":["plural","value"],"_":{"zero":"teraz","other":"za {{value}} godz."}},"days-until-short":{"_index":["plural","value"],"_":{"zero":"dzisiaj","other":"za {{value}} dni"}},"incorrectDate":"(nieprawidłowa data)","dateTimeFormat_%c":"%a, %e %b %Y, %H:%M:%S","dateTimeFormat_%x":"%e.%m.%Y","dateTimeFormat_%X":"%H:%M:%S","shortTimeFormat":"%H:%M","shortDateTimeFormat":"%x %H:%M","weekStartsOnMonday":"1","time_am":"AM","time_pm":"PM","title-app":"Uprawnienia aplikacji","title-web":"Uprawnienia strony","title-cam":"Wybór kamery","perm-contacts":"Książka adresowa","perm-contacts-appRequest":"Aplikacja „{{app}}” chciałaby uzyskać dostęp do książki adresowej telefonu.","perm-contacts-webRequest":"Strona „{{site}}” chciałaby uzyskać dostęp do książki adresowej telefonu.","perm-desktop-notification":"Powiadomienia","perm-desktop-notification-appRequest":"Aplikacja „{{app}}” chciałaby wyświetlać powiadomienia na telefonie.","perm-desktop-notification-webRequest":"Strona „{{site}}” chciałaby wyświetlać powiadomienia na telefonie.","perm-device-storage-music":"Muzyka","perm-device-storage-music-appRequest":"Aplikacja „{{app}}” chciałaby uzyskać dostęp do zgromadzonej muzyki.","perm-device-storage-music-webRequest":"Strona „{{site}}” chciałaby uzyskać dostęp do zgromadzonej muzyki.","perm-device-storage-pictures":"Zdjęcia","perm-device-storage-pictures-appRequest":"Aplikacja „{{app}}” chciałaby uzyskać dostęp do zgromadzonych zdjęć.","perm-device-storage-pictures-webRequest":"Strona „{{site}}” chciałaby uzyskać dostęp do zgromadzonych zdjęć.","perm-device-storage-sdcard":"Karta pamięci","perm-device-storage-sdcard-appRequest":"Aplikacja „{{app}}” chciałaby uzyskać dostęp do karty pamięci.","perm-device-storage-sdcard-webRequest":"Strona „{{site}}” chciałaby uzyskać dostęp do karty pamięci.","perm-device-storage-videos":"Filmy","perm-device-storage-videos-appRequest":"Aplikacja „{{app}}” chciałaby uzyskać dostęp do zgromadzonych filmów.","perm-device-storage-videos-webRequest":"Strona „{{site}}” chciałaby uzyskać dostęp do zgromadzonych filmów.","perm-fmradio":"Radio","perm-fmradio-appRequest":"Aplikacja „{{app}}” chciałaby uzyskać dostęp do radia telefonu.","perm-fmradio-webRequest":"Strona „{{site}}” chciałaby uzyskać dostęp do radia telefonu.","perm-geolocation":"Usługi lokalizacji położenia","perm-geolocation-appRequest":"Aplikacja „{{app}}” chciałaby uzyskać dostęp do informacji o położeniu urządzenia.","perm-geolocation-webRequest":"Strona „{{site}}” chciałaby uzyskać dostęp dostęp do informacji o położeniu urządzenia.","perm-geolocation-more-info":"{{brandShortName}} wykorzystuje dane pochodzące z GPS, z sieci komórkowych oraz Wi-Fi, aby ustalić przybliżone położenie. Dane są wysyłane do Mozilli oraz innych usługodawców i zagregowane będą wykorzystywane do doskonalenia ich baz danych położenia. Dane mogą być przechowywane na urządzeniu, a ich zbieranie może następować, nawet jeśli nie uruchomiono żadnych aplikacji.","perm-video-capture":"Aparat","perm-video-capture-appRequest":"Aplikacja „{{app}}” chciałaby uzyskać dostęp do aparatu.","perm-video-capture-webRequest":"Strona „{{site}}” chciałaby uzyskać dostęp do aparatu.","perm-audio-capture":"Mikrofon","perm-audio-capture-appRequest":"Aplikacja „{{app}}” chciałaby uzyskać dostęp do mikrofonu.","perm-audio-capture-webRequest":"Strona „{{site}}” chciałaby uzyskać dostęp do mikrofonu.","perm-media-capture":"Aparat i mikrofon","perm-media-capture-appRequest":"Aplikacja „{{app}}” chciałaby uzyskać dostęp do aparatu i mikrofonu.","perm-media-capture-webRequest":"Strona „{{site}}” chciałaby uzyskać dostęp do aparatu i mikrofonu.","perm-camera-selector-appRequest":"Wybierz kamerę dla „{{app}}”.","perm-camera-selector-webRequest":"Wybierz kamerę dla „{{site}}”.","perm-mobileid":"Mobile Identity","stopped_download_title":"Przerwane pobieranie","stopped_download_message":"Pobieranie zostało przerwane, spróbować ponownie?","stopped_download_left_button":"Anuluj","stopped_download_right_button":"Spróbuj ponownie","failed_download_title":"Nieudane pobieranie","failed_download_message":"Pobieranie „{{name}}” nie powiodło się, spróbować ponownie?","failed_download_left_button":"Anuluj","failed_download_right_button":"Spróbuj ponownie","stop_download_title":"Zatrzymywanie pobierania","stop_download_message":"Na pewno przerwać pobieranie?","stop_download_left_button":"Nie","stop_download_right_button":"Tak","delete_download_title":"Usuwanie pliku","delete_download_message":"Usunąć „{{name}}”?","delete_download_left_button":"Anuluj","delete_download_right_button":"Usuń","delete_all_download_title":"Usuwanie plików","delete_all_download_left_button":"Anuluj","delete_all_download_right_button":"Usuń","delete_all_download_message":{"_index":["plural","number"],"_":{"zero":"Nic nie usuwać?","one":"Usunąć plik?","two":"Usunąć dwa pliki?","few":"Usunąć {{number}} pliki?","many":"Usunąć {{number}} plików?"}},"unsupported_file_type_download_title":"Błąd otwierania","unsupported_file_type_download_message":"Brakuje aplikacji, która może otworzyć plik „{{name}}”. Mimo tego zatrzymać plik czy go usunąć?","unsupported_file_type_download_left_button":"Zatrzymaj plik","unsupported_file_type_download_right_button":"Usuń","file_not_found_download_title":"Nie odnaleziono pliku","file_not_found_download_message":"Nie udało się odnaleźć pliku na urządzeniu.","file_not_found_download_right_button":"OK","unmounted_sdcard_2_download_title":"Karta pamięci obecnie używana","unmounted_sdcard_2_download_message":"Odłącz telefon","unmounted_sdcard_2_download_right_button":"OK","no_provider_download_title":"Błąd udostępniania","no_provider_download_message":"Brak konfiguracji dostawcy usługi","no_provider_download_right_button":"OK","no_memory_download_title":"Pełna karta pamięci","no_memory_download_message":"Na karcie pamięci nie ma wystarczającej ilości wolnego miejsca, aby zapisać ten plik. Proszę usunąć jakieś pliki przed wznowieniem pobierania.","no_memory_download_right_button":"OK","no_sdcard_found_2_download_title":"Brak karty pamięci","no_sdcard_found_2_download_message":"Należy włożyć kartę pamięci lub wybrać inną domyślną lokalizację plików w ustawieniach","no_sdcard_found_2_download_right_button":"OK","file_open_error_download_title":"Błąd otwierania","file_open_error_download_message":"Wystąpił błąd podczas otwierania pliku „{{name}}”. Mimo tego zatrzymać plik czy go usunąć?","file_open_error_download_left_button":"Zatrzymaj plik","file_open_error_download_right_button":"Usuń","restart_download_error":"Wystąpił błąd podczas wznawiania pobierania. Proszę spróbować pobrać ponownie.","no-downloads":"Brak pobranych plików","percentage":"{{percentage}}%","partialResult":"{{partial}} z {{total}}","summary":"{{date}} - {{status}}","download-stopped":"Zatrzymano","download-failed":"Niepowodzenie","open_downloaded_file":"Otwórz","share_downloaded_file":"Udostępnij","wallpaper_downloaded_file":"Ustaw jako tło ekranu","ringtone_downloaded_file":"Ustaw jako dzwonek","cancel_downloaded_file":"Anuluj","voicemailNoNumberTitle":"Brak numeru poczty głosowej","voicemailNoNumberText":"Nie można połączyć się z pocztą głosową. Określ w ustawieniach jej numer, aby wykonać połączenie.","voicemailNoNumberSettings":"Ustawienia","voicemailNoNumberCancel":"Anuluj","resend":"Wyślij ponownie","connecting":"Łączenie","verify":"Zweryfikuj","verifying":"Weryfikowanie","verified":"Zweryfikowano","mobileIDExplanation":"{{app_name}} would like to know and verify your phone number. Please choose which one you want to share or enter a new one.","verificationCodeExplanation":"We’ve sent a code to {{phone_number}}. We’ll try to pick it up automatically, but you’ll have to enter it manually if it’s not in use in this device.","successMessage":"Awesome! Your number {{phone_number}} is now verified and available to {{app_name}}.","serverErrorMessage":"Serwer weryfikacyjny jest niedostępny. Proszę sprawdzić połączenie z Internetem, spróbować ponownie lub poczekać kilka minut.","timeoutErrorMessage":"Wystąpił problem z kodem weryfikacyjnym. Spróbujmy raz jeszcze!","errorTitle":"Mobile identity","addPhoneNumber":"Dodaj numer telefonu","selectPhoneNumber":"Wybierz numer telefonu z listy"}