{"firefox-accounts-title":"Аккаунты Firefox","fxa-next":"Далее","fxa-back":"Назад","fxa-done":"Готово","fxa-ok":"OK","fxa-connection-error-title":"Попытка соединения не удалась","fxa-connection-error-message":"Вы можете создать или войти в аккаунт из Параметров.","fxa-reset-password-error-title":"Сбросить пароль","fxa-reset-password-error-message":"Вы можете сбросить свой пароль из Параметров.","fxa-coppa-failure-error-title":"Не могу создать аккаунт","fxa-coppa-failure-error-message":"Для создания Аккаунта Firefox ваш возраст должен соответствовать определенным требованиям. {{learnmore}}","fxa-learn-more":"Подробнее","fxa-offline-error-title":"Попытка соединения не удалась","fxa-offline-error-message":"Пожалуйста, подключитесь к сети из Параметров.","fxa-invalid-email-title":"Ошибка","fxa-invalid-email-message":"Введите корректный адрес эл. почты.","fxa-invalid-password-title":"Неверный пароль","fxa-invalid-password-message":"Пожалуйста, проверьте пароль и попробуйте ещё раз.","fxa-unknown-error-title":"Попытка соединения не удалась","fxa-unknown-error-message":"Система недоступна, повторите попытку через некоторое время.","fxa-connecting":"Подключение","fxa-enter-email-input":{"placeholder":"Введите адрес эл. почты"},"fxa-use-email-to-sign-in":"Используйте свой адрес эл. почты, чтобы создать или войти в аккаунт.","fxa-notice":"Продолжив, я принимаю {{tos}} и {{pn}} облачных служб Firefox.","fxa-tos":"Условия службы","fxa-pn":"Уведомление о приватности","fxa-create-password-title":"Создать пароль","fxa-enter-password-title":"Введите пароль","fxa-hello-user":"Здравствуйте, {{email}}","fxa-password-refresh":"Для продолжения, пожалуйста, введите пароль от Аккаунта Firefox.","fxa-password":{"placeholder":"Пароль"},"fxa-forgot-your-password":"Забыли пароль?","fxa-show-password":"Показать пароль","fxa-password-length-requirement":"Длина вашего пароля должна быть не менее 8 символов.","fxa-success":"Готово!","fxa-ready-to-go":"Ваш Аккаунт Firefox готов к работе!","fxa-use-features":"Теперь вы можете использовать такие функции, как «Найти мое устройство», и такие приложения, как Firefox Marketplace.","fxa-access-manage-account-settings":"В будущем, вы сможете получать доступ и управлять своим аккаунтом из Параметров.","fxa-confirm-account":"Подтвердите свой аккаунт","fxa-will-send-email":"Мы отправим письмо по адресу: {{email}}","fxa-signup-click-verification-link-in-email":"При следующей проверке своей эл. почты, щёлкните по ссылке для верификации для подтверждения своего Аккаунта Firefox.","fxa-age-verification":"Подтверждение возраста","fxa-age-1990-earlier":"1990 или ранее","fxa-year-of-birth":"Год рождения","brandShortName":"B2G OS","browserBrandShortName":"Веб-браузер","browserBrandFullName":"Веб-браузер Mozilla","accessibility-enableScreenReaderSteps":"To enable screen reader, press volume up then volume down buttons three more times","accessibility-disableScreenReaderSteps":"To disable screen reader, press volume up then volume down buttons three more times","accessibility-screenReaderStarted":"Screen reader started","accessibility-screenReaderStopped":"Screen reader stopped","accessibility-menubar":"menu bar","accessibility-scrollbar":"scroll bar","accessibility-grip":"grip","accessibility-alert":"alert","accessibility-menupopup":"menu popup","accessibility-document":"document","accessibility-pane":"pane","accessibility-dialog":"dialog","accessibility-separator":"separator","accessibility-toolbar":"toolbar","accessibility-statusbar":"status bar","accessibility-table":"table","accessibility-columnheader":"column header","accessibility-rowheader":"row header","accessibility-column":"column","accessibility-row":"row","accessibility-cell":"cell","accessibility-link":"link","accessibility-list":"list","accessibility-listitem":"list item","accessibility-outline":"outline","accessibility-outlineitem":"outline item","accessibility-pagetab":"tab","accessibility-propertypage":"property page","accessibility-graphic":"graphic","accessibility-pushbutton":"button","accessibility-checkbutton":"check button","accessibility-radiobutton":"radio button","accessibility-combobox":"combo box","accessibility-progressbar":"progress bar","accessibility-slider":"slider","accessibility-spinbutton":"spin button","accessibility-diagram":"diagram","accessibility-animation":"animation","accessibility-equation":"equation","accessibility-buttonmenu":"button menu","accessibility-whitespace":"white space","accessibility-pagetablist":"tab list","accessibility-canvas":"canvas","accessibility-checkmenuitem":"check menu item","accessibility-label":"label","accessibility-passwordtext":"password text","accessibility-radiomenuitem":"radio menu item","accessibility-textcontainer":"text container","accessibility-togglebutton":"toggle button","accessibility-treetable":"tree table","accessibility-header":"header","accessibility-footer":"footer","accessibility-paragraph":"paragraph","accessibility-entry":"entry","accessibility-caption":"caption","accessibility-heading":"heading","accessibility-section":"section","accessibility-form":"form","accessibility-comboboxlist":"combo box list","accessibility-comboboxoption":"combo box option","accessibility-imagemap":"image map","accessibility-listboxoption":"option","accessibility-listbox":"list box","accessibility-flatequation":"flat equation","accessibility-gridcell":"gridcell","accessibility-note":"note","accessibility-figure":"figure","accessibility-definitionlist":"definition list","accessibility-term":"term","accessibility-definition":"definition","accessibility-textarea":"text area","accessibility-textInputType_date":"date","accessibility-textInputType_email":"e-mail","accessibility-textInputType_search":"search","accessibility-textInputType_tel":"telephone","accessibility-textInputType_url":"URL","accessibility-headingLevel":"heading level {{0}}","accessibility-listStart":"First item","accessibility-listEnd":"Last item","accessibility-listItemsCount":{"_index":["plural","count"],"_":{"zero":"{{count}} items","one":"{{count}} item","two":"{{count}} items","few":"{{count}} items","many":"{{count}} items","other":"{{count}} items"}},"accessibility-objItemOfN":"{{0}} of {{1}}","accessibility-banner":"banner","accessibility-complementary":"complementary","accessibility-contentinfo":"content info","accessibility-main":"main","accessibility-navigation":"navigation","accessibility-search":"search","accessibility-tblColumnInfo":{"_index":["plural","count"],"_":{"zero":"with {{count}} columns","one":"with {{count}} column","two":"with {{count}} columns","few":"with {{count}} columns","many":"with {{count}} columns","other":"with {{count}} columns"}},"accessibility-tblRowInfo":{"_index":["plural","count"],"_":{"zero":"and {{count}} rows","one":"and {{count}} row","two":"and {{count}} rows","few":"and {{count}} rows","many":"and {{count}} rows","other":"and {{count}} rows"}},"accessibility-columnInfo":"Column {{0}}","accessibility-rowInfo":"Row {{0}}","accessibility-spansColumns":{"_index":["plural","0"],"_":{"zero":"spans {{0}} columns","one":"spans {{0}} column","two":"spans {{0}} columns","few":"spans {{0}} columns","many":"spans {{0}} columns","other":"spans {{0}} columns"}},"accessibility-spansRows":{"_index":["plural","0"],"_":{"zero":"spans {{0}} rows","one":"spans {{0}} row","two":"spans {{0}} rows","few":"spans {{0}} rows","many":"spans {{0}} rows","other":"spans {{0}} rows"}},"accessibility-jumpAction":"jumped","accessibility-pressAction":"pressed","accessibility-checkAction":"checked","accessibility-uncheckAction":"unchecked","accessibility-selectAction":"selected","accessibility-unselectAction":"unselected","accessibility-openAction":"opened","accessibility-closeAction":"closed","accessibility-switchAction":"switched","accessibility-clickAction":"clicked","accessibility-collapseAction":"collapsed","accessibility-expandAction":"expanded","accessibility-activateAction":"activated","accessibility-cycleAction":"cycled","accessibility-hidden":"hidden","accessibility-tabLoading":"loading","accessibility-tabLoaded":"loaded","accessibility-tabNew":"new tab","accessibility-tabLoadStopped":"loading stopped","accessibility-tabReload":"reloading","accessibility-stateChecked":"checked","accessibility-stateNotChecked":"not checked","accessibility-statePressed":"pressed","accessibility-stateExpanded":"expanded","accessibility-stateCollapsed":"collapsed","accessibility-stateUnavailable":"unavailable","accessibility-stateRequired":"required","accessibility-stateTraversed":"visited","accessibility-stateHasPopup":"has pop up","accessibility-stateSelected":"selected","accessibility-editingMode":"editing","accessibility-navigationMode":"navigating","accessibility-quicknav_Simple":"Default","accessibility-quicknav_Anchor":"Anchors","accessibility-quicknav_Button":"Buttons","accessibility-quicknav_Combobox":"Combo boxes","accessibility-quicknav_Landmark":"Landmarks","accessibility-quicknav_Entry":"Entries","accessibility-quicknav_FormElement":"Form elements","accessibility-quicknav_Graphic":"Images","accessibility-quicknav_Heading":"Headings","accessibility-quicknav_ListItem":"List items","accessibility-quicknav_Link":"Links","accessibility-quicknav_List":"Lists","accessibility-quicknav_PageTab":"Page tabs","accessibility-quicknav_RadioButton":"Radio buttons","accessibility-quicknav_Separator":"Separators","accessibility-quicknav_Table":"Tables","accessibility-quicknav_Checkbox":"Check boxes","accessibility-menubarAbbr":"menu bar","accessibility-scrollbarAbbr":"scroll bar","accessibility-gripAbbr":"grip","accessibility-alertAbbr":"alert","accessibility-menupopupAbbr":"menu popup","accessibility-documentAbbr":"document","accessibility-paneAbbr":"pane","accessibility-dialogAbbr":"dialog","accessibility-separatorAbbr":"separator","accessibility-toolbarAbbr":"toolbar","accessibility-statusbarAbbr":"status bar","accessibility-tableAbbr":"tbl","accessibility-columnheaderAbbr":"column header","accessibility-rowheaderAbbr":"row header","accessibility-columnAbbr":"column","accessibility-rowAbbr":"row","accessibility-cellAbbr":"cell","accessibility-linkAbbr":"lnk","accessibility-listAbbr":"list","accessibility-listitemAbbr":"list item","accessibility-outlineAbbr":"outline","accessibility-outlineitemAbbr":"outline item","accessibility-pagetabAbbr":"tab","accessibility-propertypageAbbr":"property page","accessibility-graphicAbbr":"graphic","accessibility-pushbuttonAbbr":"btn","accessibility-checkbuttonAbbr":"check button","accessibility-radiobuttonAbbr":"radio button","accessibility-comboboxAbbr":"combo box","accessibility-progressbarAbbr":"progress bar","accessibility-sliderAbbr":"slider","accessibility-spinbuttonAbbr":"spin button","accessibility-diagramAbbr":"diagram","accessibility-animationAbbr":"animation","accessibility-equationAbbr":"equation","accessibility-buttonmenuAbbr":"button menu","accessibility-whitespaceAbbr":"white space","accessibility-pagetablistAbbr":"tab list","accessibility-canvasAbbr":"canvas","accessibility-checkmenuitemAbbr":"check menu item","accessibility-labelAbbr":"label","accessibility-passwordtextAbbr":"passwdtxt","accessibility-radiomenuitemAbbr":"radio menu item","accessibility-textcontainerAbbr":"text container","accessibility-togglebuttonAbbr":"toggle button","accessibility-treetableAbbr":"tree table","accessibility-headerAbbr":"header","accessibility-footerAbbr":"footer","accessibility-paragraphAbbr":"paragraph","accessibility-entryAbbr":"entry","accessibility-captionAbbr":"caption","accessibility-headingAbbr":"heading","accessibility-sectionAbbr":"section","accessibility-formAbbr":"form","accessibility-comboboxlistAbbr":"combo box list","accessibility-comboboxoptionAbbr":"combo box option","accessibility-imagemapAbbr":"imgmap","accessibility-listboxoptionAbbr":"option","accessibility-listboxAbbr":"list box","accessibility-flatequationAbbr":"flat equation","accessibility-gridcellAbbr":"gridcell","accessibility-noteAbbr":"note","accessibility-figureAbbr":"fig","accessibility-definitionlistAbbr":"definition list","accessibility-termAbbr":"term","accessibility-definitionAbbr":"definition","accessibility-textareaAbbr":"txtarea","accessibility-tblColumnInfoAbbr":{"_index":["plural","count"],"_":{"one":"{{count}}c","two":"{{count}}c","few":"{{count}}c","many":"{{count}}c","other":"{{count}}c"}},"accessibility-tblRowInfoAbbr":{"_index":["plural","count"],"_":{"one":"{{count}}r","two":"{{count}}r","few":"{{count}}r","many":"{{count}}r","other":"{{count}}r"}},"accessibility-cellInfoAbbr":"c{{0}}r{{1}}","accessibility-stateCheckedAbbr":"(x)","accessibility-stateUncheckedAbbr":"( )","accessibility-statePressedAbbr":"(x)","accessibility-stateUnpressedAbbr":"( )","ok":"OK","back":"Назад","help":"Справка","cancel":"Отмена","close":"Закрыть","skip":"Пропустить","clear":{"ariaLabel":"Clear"},"undo":{"ariaLabel":"Отменить"},"airplaneMode":"Режим Полёта","searching":"Поиск…","noNetwork":"Нет сети","roaming":"{{operator}} (роуминг)","operator-info":"{{carrier}} {{region}}","emergencyCallsOnly":"Только экстренные вызовы","emergencyCallsOnly-unknownSIMState":"(неизвестное состояние SIM)","emergencyCallsOnly-noSIM":"(без SIM)","emergencyCallsOnly-pinRequired":"(нужен PIN для SIM)","emergencyCallsOnly-pukRequired":"(нужен PUK для SIM)","emergencyCallsOnly-networkLocked":"(только в network)","emergencyCallsOnly-serviceProviderLocked":"(только с оператором связи)","emergencyCallsOnly-corporateLocked":"(только в корпоративной сети)","emergencyCallsOnly-network1Locked":"(только в network1)","emergencyCallsOnly-network2Locked":"(только в network2)","emergencyCallsOnly-hrpdNetworkLocked":"(только в hrpd сети)","emergencyCallsOnly-ruimCorporateLocked":"(только с корпоративной ruim)","emergencyCallsOnly-ruimServiceProviderLocked":"(только с ruim оператора связи)","enterPIN":"Введите PIN","mediaPlaybackTitle":{"ariaLabel":"Название"},"mediaPlaybackArtist":{"ariaLabel":"Исполнитель"},"mediaPlaybackControls":{"ariaLabel":"Управление воспроизведением"},"mediaPlaybackPrevious":{"ariaLabel":"Предыдущая"},"mediaPlaybackPlay":"Воспроизвести","mediaPlaybackPause":"Приостановить","mediaPlaybackNext":{"ariaLabel":"Следующая"},"wifiButton-on":"Wi-Fi включён","wifiButton-on-initializing":"Wi-Fi включён, инициализируется","wifiButton-off":"Wi-Fi отключён","dataButton-on":"Данные {{type}} включены","dataButton-off":"Данные {{type}} отключены","bluetoothButton-on":"Bluetooth включён","bluetoothButton-on-initializing":"Bluetooth включён, инициализируется","bluetoothButton-off":"Bluetooth отключён","airplaneMode-on":"Режим полёта включён","airplaneMode-off":"Режим полёта отключён","settingsButton":{"ariaLabel":"Параметры"},"utilityTrayGrippy":{"ariaLabel":"Закрыть лоток утитит"},"statusbarLabel":"{{date}}, {{operator}}","statusbarDateFormat":"%e %Eb","statusbar":{"ariaLabel":"Панель статуса"},"statusbarBattery":"{{level}} процентов заряда батареи","statusbarBatteryCharging":"{{level}} процентов заряда батареи, заряжается","statusbarFlightMode":{"ariaLabel":"Режим полёта включён"},"statusbarWiFiConnecting":"Wi-Fi: соединяется","statusbarWiFiConnected":"Wi-Fi: {{level}} из 4 столбиков","statusbarSignal":"Сеть {{operator}}, {{level}} из 5 столбиков","statusbarSignalRoaming":"Сеть {{operator}} (роуминг), {{level}} из 5 столбиков","statusbarSignalNoneSearching":"Поиск… Только экстренные вызовы","statusbarHeadphones":{"ariaLabel":"Наушники включены"},"statusbarBluetoothHeadphones":{"ariaLabel":"Bluetooth-наушники включены"},"statusbarBluetoothTransferring":{"ariaLabel":"Передача по Bluetooth активна"},"statusbarIconOn-tethering":"Тетеринг включён","statusbarIconOnActive-tethering":"Тетеринг включён, активен","statusbarAlarm":{"ariaLabel":"Будильник включён"},"statusbarIconOn-bluetooth":"Bluetooth включён","statusbarIconOnActive-bluetooth":"Bluetooth включён, активен","statusbarIconOn-mute":"Звук отключён","statusbarIconOn-vibration":"Вибрация включена","statusbarRecording":{"ariaLabel":"Запись включена"},"statusbarGeolocation":{"ariaLabel":"Местоположение включено"},"statusbarUsb":{"ariaLabel":"USB включён"},"statusbarForwarding":"Переадресация вызова включена","statusbarPlaying":{"ariaLabel":"Играет медиа"},"statusbarNfc":{"ariaLabel":"NFC включён"},"statusbarDownloads":{"ariaLabel":"Загрузка…"},"statusbarNetworkActivity":{"ariaLabel":"Сеть включена"},"statusbarEmergencyCBNotification":{"ariaLabel":"Экстренный обратный вызов"},"statusbarNotifications":{"_index":["plural","n"],"_":{"one":"{{n}} уведомление","two":"{{n}} уведомления","few":"{{n}} уведомления","many":"{{n}} уведомлений","other":"{{n}} уведомлений"}},"statusbarNotifications-unread":{"_index":["plural","n"],"_":{"one":"{{n}} непрочтённое уведомление","two":"{{n}} непрочтённых уведомления","few":"{{n}} непрочтённых уведомления","many":"{{n}} непрочтённых уведомлений","other":"{{n}} непрочтённых уведомлений"}},"notifications":"Уведомления","clear-all":"Очистить всё","attentionScreen-tapToShow":"Нажмите для показа","newVoicemails":{"_index":["plural","n"],"_":{"zero":"Нет новых голосовых сообщ.","one":"{{n}} новое голосовое сообщ.","two":"{{n}} новых голосовых сообщ.","few":"{{n}} новых голосовых сообщ.","many":"{{n}} новых голосовых сообщ.","other":"{{n}} новых голосовых сообщ."}},"newVoicemailsUnknown":"Новое голосовое сообщ.","dialNumber":"Набрать {{number}}","voicemailNotificationMultiSim":"(SIM {{n}}) {{title}}","confirmNFCConnectBTenabledNameUnknown":"Вы уверены, что хотите соединиться с устройством?","confirmNFCConnectBTdisabledNameUnknown":"Включить Bluetooth и соединиться с устройством?","confirmNFCConnectBTenabledNameKnown":"Вы уверены, что хотите соединиться с {{deviceName}}?","confirmNFCConnectBTdisabledNameKnown":"Включить Bluetooth и соединиться с {{deviceName}}?","confirmNFCConnectBTdisabled":"Включить","dismissNFCConnectBTdisabled":"Отмена","confirmation":"Подтверждение","deviceMenu":"Телефон","airplane":"Включить Режим Полёта","airplaneOff":"Отключить Режим Полёта","silent":"Отключить звонок","normal":"Включить звонок","restart":"Перезагрузить","power":"Отключить питание","no-recent-apps":"Нет недавних приложений","yes":"Да","no":"Нет","dontallow":"Не разрешать","allow":"Разрешить","dontshare-geolocation":"Не разрешать","share-geolocation":"Разрешить","dontshare-audio-capture":"Не разрешать","share-audio-capture":"Разрешить","dontshare-video-capture":"Не разрешать","share-video-capture":"Разрешить","dontshare-media-capture":"Не разрешать","share-media-capture":"Разрешить","device-front":"Передняя камера","device-back":"Задняя камера","remember-my-choice":"Запомнить мой выбор","more-info":"Подробнее…","hide-info":"Скрыть информацию","install-app":"Установить {{name}}?","size":"Размер","author":"Автор","size-unknown":"Неизвестен","author-unknown":"Неизвестен","install":"Установить","bytes":"байт","kB":"КБ","MB":"МБ","GB":"ГБ","TB":"ТБ","PB":"PB","app-install-generic-error":"загрузка {{ appName }} остановлена","app-install-download-failed":"загрузка {{ appName }} не удалась","app-install-install-failed":"установка {{ appName }} не удалась","cancelling-will-not-refund":"Отмена не вернет деньги за покупку. Возврат денег за платный контент производится первоначальным продавцом.","apps-can-be-installed-later":"Приложения могут быть установлены позже из оригинального источника установки.","are-you-sure-you-want-to-cancel":"Вы действительно хотите отменить эту установку?","cancel-install":"Отменить установку","cancel-install-button":"Отменить установку","resume":"Возобновить","continue":"Продолжить","stopDownloading":"Остановить загрузку {{ app }}?","app-download-can-be-restarted":"Загрузка может быть возобновлена позже.","app-download-stop-button":"Остановить загрузку","not-enough-space":"Недостаточно места","not-enough-space-message":"Недостаточно места для установки этого приложения. Освободите место, удалив старые приложения или медиа, и попробуйте установить снова из оригинального источника.","app-install-success":"{{ appName }} установлено","setup":"Настройка","ime-addkeyboards":"Добавить раскладки","later":"Позже","download":"Загрузить","wantToDownload":"Загрузить обновление сейчас?","wantToInstall":"Установить обновление сейчас?","installNow":"Установить","notNow":"Не сейчас","downloadingUpdateMessage":{"innerHTML":"Загрузка обновлений… <span>{{ progress }} загружено.</span>"},"downloadingAppMessage":"Загрузка {{ appName }}","downloadingAppProgressNoMax":"{{ progress }} загружено","downloadingAppProgressIndeterminate":"Загрузка","downloadingAppProgress":"{{ progress }} / {{ max }} загружено","cancelAllDownloads":"Отменить все загрузки","wantToCancelAll":"Вы уверены, что хотите отменить все загрузки?","downloadError":"При загрузке обновлений произошла ошибка.","updateAvailableInfo":{"innerHTML":{"_index":["plural","n"],"_":{"one":"доступно {{ n }} обновление. <span>Нажмите для подробностей.</span>","two":"доступно {{ n }} обновления. <span>Нажмите для подробностей.</span>","few":"доступно {{ n }} обновления. <span>Нажмите для подробностей.</span>","many":"доступно {{ n }} обновлений. <span>Нажмите для подробностей.</span>","other":"доступно {{ n }} обновлений. <span>Нажмите для подробностей.</span>"}}},"numberOfUpdates":{"_index":["plural","n"],"_":{"one":"доступно {{ n }} обновление","two":"доступно {{ n }} обновления","few":"доступно {{ n }} обновления","many":"доступно {{ n }} обновлений","other":"доступно {{ n }} обновлений"}},"systemUpdate":"Обновление системы","systemUpdateReady":"Готово обновление системы","systemUpdateLowBatteryThreshold":"You need at least {{ threshold }}% battery level to install the update.","required":"Необходимо","uncompressingMessage":{"innerHTML":"Распаковка… <span>Это может занять несколько минут.</span>"},"downloadNoWifiWarning":"Wi-Fi недоступен. Обновление по текущему соединению может привести к дополнительным финансовым расходам.","downloadOfflineWarning":"Соединение недоступно. Для загрузки обновлений соединитесь с сетью.","downloadDataConnectionWarning":"Когда Wi-Fi недоступен, обновления загружаются через соединение для передачи данных. Это может привести к дополнительным финансовым расходам.","downloadUpdatesViaDataConnection":"Загружать обновления через соединение для передачи данных?","downloadUpdatesViaDataConnectionMessage":"Когда Wi-Fi недоступен, обновления загружаются через соединение для передачи данных. При использовании соединения для передачи данных телефонные звонки могут быть заблокированы. Также это может привести к дополнительным финансовым расходам.","downloadUpdatesVia2GForbidden2":"Downloading updates is not possible on slow connections (2G). Please connect via Wi-Fi or 3G (if available) and try again.","screenshotSaved":"Снимок послан в Галерею","screenshotFailed":"Ошибка сохранения скриншота","screenshotNoSDCard":"Не найдена карта памяти","screenshotSDCardInUse":"Карта памяти сейчас используется","screenshotSDCardLow":"Недостаточно места на карте памяти","emergency-call-button":"Экстренный вызов","emergency-call":"Экстренный вызов","unlock-a11y-button":{"ariaLabel":"Разблокировать"},"camera-a11y-button":{"ariaLabel":"Камера"},"longDateFormat":"%A, %e %Eb","panel-passcode":{"ariaLabel":"Панель кода"},"lockscreen-sim-id":"SIM {{ n }}","softwareHomeButton":{"ariaLabel":"Дом"},"login":"Авторизация","username":"Имя пользователя","password":"Пароль","http-authentication-message":"{{host}} запросил имя пользователя и пароль. Сайт сообщает: “{{realm}}”","error-message":"{{name}} загружается некорректно","error-title":"У {{name}} возникли проблемы","airplane-is-on":"Включён Режим Полёта","airplane-is-turned-on":"{{name}} требует соединения с сетью. Отключите Режим Полёта в Настройках и соединитесь с Wi-Fi или мобильной сетью.","server-not-found":"Сервер не найден","server-not-found-error":"Не удалось найти сервер {{name}}.","file-not-found":"Файл не найден","file-not-found-error":"Устройство не может отобразить эту страницу, потому что файл не может быть найден.","connection-failed":"Попытка соединения не удалась","connection-failed-error":"При попытке доступа к сайту произошла сетевая ошибка.","invalid-connection":"Попытка соединения не удалась","invalid-connection-error":"При попытке доступа к сайту произошла сетевая ошибка.","malformed-uri":"URL недействителен","malformed-uri-error":"Введённый URL недействителен и не может быть загружен.","redirect-loop":"Не удалось отобразить страницу","redirect-loop-error":"Устройство не может отобразить эту страницу, так как она некорректно производит перенаправление. Попробуйте зайти на эту страницу позже.","not-cached":"Страница устарела","not-cached-error":"В качестве меры предосторожности, эта страница не может быть отображена устройством, потому что она устарела.","is-printing-error":"Во время печати или предварительного просмотра документ не может быть изменён.","denied-port-access":"Обращение к данному адресу заблокировано","denied-port-access-error":"Данный адрес использует порт, который, как правило, не используется для работы с веб-сайтами. В целях вашей безопасности устройство отменило данный запрос.","proxy-resolve-failure":"Ошибка прокси-сервера","proxy-resolve-failure-error":"Устройство настроено на использование прокси-сервера, который не может быть найден.","proxy-connect-failure":"Ошибка прокси-сервера","proxy-connect-failure-error":"Устройство настроено на использование прокси-сервера, который отказывает в соединении.","content-encoding":"Не удалось отобразить страницу","content-encoding-error":"Устройство не может отобразить эту страницу, так произошла ошибка кодирования содержимого.","remote-xul":"Тип страницы не поддерживается","remote-xul-error":"Эта страница не может быть отображена, так как она использует неподдерживаемую устройством технологию.","phishing-blocked":"Предупреждение","phishing-blocked-error":"Есть сведения, что этот веб-сайт является мошенническим и создан, чтобы обманным путем выманить у пользователей информацию личного или финансового характера.","malware-blocked":"Заблокирована атака вредоносной программы","malware-blocked-error":"Есть сведения, что этот сайт используется для атак, поэтому он был заблокирован.","unsafe-content-type":"Небезопасное содержимое","unsafe-content-type-error":"Страница не может быть показана, так как она может быть небезопасной для открытия.","corrupted-content":"Не удалось отобразить страницу","corrupted-content-error":"Страница не может быть показана, так как была обнаружена ошибка при передаче данных.","network-connection-unavailable":"Соединение с сетью недоступно","network-error":"{{name}} требует соединения с сетью. Попробуйте соединиться с Wi-Fi или мобильной сетью.","network-error-launching":"{{name}} требует соединения с Интернетом.","network-error-in-app":"Сейчас нет доступа к Интернету.","unable-to-connect":"Попытка соединения не удалась","try-again":"Повторить","check-settings":"Проверьте параметры","tap-to-check-settings":"Нажмите, чтобы проверить параметры","select-time":"Выберите время","choose-option":"Выбрать","choose-options":"Выбрать","select-day":"Выберите день","battery-almost-empty":"Батарея почти разряжена","add-to-home-screen":"На домашний экран","share":"Поделиться","crash-dialog2-os":"{{brandShortName}} только что восстановилась после падения","crash-dialog-app":"{{name}} только что упал","crash-dialog-message":"Вы хотите послать в Mozilla сообщение о падении, чтобы помочь нам решить эту проблему? (Сообщения передаются только через Wi-Fi).","crash-info-link":"Что находится в сообщении о падении?","crash-always-report":"Всегда отправлять в Mozilla сообщение, когда происходит падение.","crash-dont-send":"Не отправлять","crash-end":"Послать","crashReports":"О падениях","done":"Готово","crash-reports-description-1":"Сообщение о падении содержит некоторые детали о падении и вашем устройстве, а также снимок состояния вашего устройства в момент его падения.","crash-reports-description-2":"Это может включать в себя такие вещи, как открытые страницы и приложения, введенный в формы текст, содержание открытых сообщений, недавнюю историю веб-сёрфинга или данные геолокации использованные открытым приложением.","crash-reports-description-3-start":"Мы используем сообщения о падениях, чтобы попытаться исправить проблемы и улучшить наши продукты. Мы обрабатываем вашу информацию так, как описано в нашей ","crash-reports-description-3-privacy":"политика приватности","crash-reports-description-3-end":".","crash-banner-os2":"{{brandShortName}} только что упала.","crash-banner-app":"{{name}} только что упало.","crash-banner-report":"Сообщение","bluetooth-sending-progress":"Передача данных через Bluetooth…","bluetooth-receiving-progress":"Приём данных через Bluetooth…","acceptFileTransfer":"Принять файл, передаваемый через Bluetooth?","wantToReceiveFile":"{{deviceName}} хочет передать {{fileName}} ({{fileSize}}).","transfer-confirmation-title":"{{deviceName}}","transfer-confirmation-description":"Рассмотреть запрос на передачу.","byteUnit-B":"байт","byteUnit-KB":"КБ","byteUnit-MB":"МБ","byteUnit-GB":"ГБ","byteUnit-TB":"ТБ","byteUnit-PB":"PB","byteUnit-EB":"ЭБ","byteUnit-ZB":"ЗБ","byteUnit-YB":"ЙБ","fileSize":"{{size}} {{unit}}","deny":"Не разрешать","transfer":"Передача","cancelFileTransfer":"Отменить передачу файла через Bluetooth?","continueFileTransfer":"Продолжить","transfer-has-started-title":"Передача запущена","transfer-has-started-description":"Следите за её ходом в Центре уведомлений","transferFinished-sentSuccessful-title":"Файл отправлен","transferFinished-receivedSuccessful-title":"Файл получен","transferFinished-sentFailed-title":"Файл не мог быть отправлен","transferFinished-receivedFailed-title":"Файл не мог быть получен","transferReport-title":"Отчёт о передаче:","transferReport-description":"{{numSuccessful}} файлов успешно, {{numUnsuccessful}} файлов успешно","unknown-file":"Неизвестный файл","unknown-device":"Неизвестное устройство","cannotOpenFile":"Не удалось открыть полученный файл","unknownMediaTypeToOpen":"Не удалось открыть неизвестный тип медиа:","cannotReceiveFile":"Не удалось получить файл","cannotGetStorageState":"Не удалось получить состояние устройства для хранения.","sdcard-not-exist2":"Не найдена карта памяти. Пожалуйста, вставьте карту памяти.","sdcard-in-use":"Bluetooth не может быть использован пока телефон подключён с помощью кабеля. Для получения файла(ов), пожалуйста, отсоедините телефон.","sdcard-no-space2":"Не удалось завершить передачу: нет места на карте памяти.","unknown-error":"Неизвестная ошибка","confirm":"Подтверждение","microphone-is-on":"Микрофон включён","camera-is-on":"Камера включена","media-is-on":"Камера и микрофон включены","noSimCard":"Нет SIM-карты","simPin":"SIM PIN","pukCode":"PUK-код","nckCode":"NCK-код","cckCode":"CCK-код","spckCode":"SPCK-код","nck1code":"NCK1-код","nck2code":"NCK2-код","hnckcode":"HNCK-код","rcckcode":"RCCK-код","rspckcode":"RSPCK-код","whatIsSimPin":"Что такое SIM PIN?","simPinIntro1":"PIN-код SIM предотвращает доступ к SIM-карте для работы в сотовой сети. Когда он включён, любое устройство, содержащее SIM-карту, при перезагрузке будет запрашивать PIN-код.","simPinIntro2":"PIN-код SIM не имеет никакого отношения к коду для разблокировки устройства.","changeSimPin":"Сменить PIN","pinTitle":"Ввод SIM PIN","multiSIMpinTitle":"Ввод SIM {{n}} PIN","pukTitle":"Введите PUK-код","nckTitle":"Введите NCK-код","cckTitle":"Введите CCK-код","spckTitle":"Введите SPCK-код","nck1Title":"Введите NCK1-код","nck2Title":"Введите NCK2-код","hnckTitle":"Введите HNCK-код","rcckTitle":"Введите RCCK-код","rspckTitle":"Введите RSPCK-код","newpinTitle":"Новый PIN","inputCodeRetriesLeft":{"_index":["plural","n"],"_":{"one":"осталась {{n}} попытка.","two":"осталось {{n}} попытки.","few":"осталось {{n}} попытки.","many":"осталось {{n}} попыток.","other":"осталось {{n}} попыток."}},"pinErrorMsg":"Неверный PIN.","pinAttemptMsg2":{"_index":["plural","n"],"_":{"one":"У вас осталась {{n}} попытка для ввода правильного кода перед тем, как ваша SIM-карта будет заблокирована.","two":"У вас осталось {{n}} попытки для ввода правильного кода перед тем, как ваша SIM-карта будет заблокирована.","few":"У вас осталось {{n}} попытки для ввода правильного кода перед тем, как ваша SIM-карта будет заблокирована.","many":"У вас осталось {{n}} попыток для ввода правильного кода перед тем, как ваша SIM-карта будет заблокирована.","other":"У вас осталось {{n}} попыток для ввода правильного кода перед тем, как ваша SIM-карта будет заблокирована."}},"pinLastChanceMsg":"Это ваша последняя попытка ввода правильного PIN-кода. В случае неудачи для дальнейшего использования этой SIM-карты надо будет ввести PUK-код.","simCardLockedMsg":"SIM-карта залочена.","enterPukMsg":"Вы должны ввести персональный код разблокировки (PUK-код) этой SIM-карты. Для получения дополнительной информации обратитесь к документации на SIM-карту или свяжитесь с вашим оператором.","pukErrorMsg":"Неверный PUK-код.","pukAttemptMsg2":{"_index":["plural","n"],"_":{"one":"У вас осталась {{n}} попытка для ввода правильного кода перед тем, как эта SIM-карта будет навсегда заблокирована. Для получения дополнительной информации обратитесь к документации на SIM-карту или свяжитесь с вашим оператором.","two":"У вас осталось {{n}} попытки для ввода правильного кода перед тем, как эта SIM-карта будет навсегда заблокирована. Для получения дополнительной информации обратитесь к документации на SIM-карту или свяжитесь с вашим оператором.","few":"У вас осталось {{n}} попытки для ввода правильного кода перед тем, как эта SIM-карта будет навсегда заблокирована. Для получения дополнительной информации обратитесь к документации на SIM-карту или свяжитесь с вашим оператором.","many":"У вас осталось {{n}} попыток для ввода правильного кода перед тем, как эта SIM-карта будет навсегда заблокирована. Для получения дополнительной информации обратитесь к документации на SIM-карту или свяжитесь с вашим оператором.","other":"У вас осталось {{n}} попыток для ввода правильного кода перед тем, как эта SIM-карта будет навсегда заблокирована. Для получения дополнительной информации обратитесь к документации на SIM-карту или свяжитесь с вашим оператором."}},"pukLastChanceMsg":"Это последняя попытка ввода правильного PUK-кода. Если вы не введёте сейчас правильный PUK-код, ваша SIM-карта будет навсегда заблокирована. Для получения дополнительной информации обратитесь к документации на SIM-карту или свяжитесь с вашим оператором.","newSimPinMsg":"Создать PIN (должен содержать от 4 до 8 цифр)","confirmNewSimPinMsg":"Подтвердите новый PIN","newPinErrorMsg":"PINы не совпадают.","nckErrorMsg":"Неверный NCK-код.","nckAttemptMsg2":{"_index":["plural","n"],"_":{"one":"Запрос на снятие кодировки под оператора не удался. У вас осталась {{n}} попытка для ввода правильного кода. Для получения дополнительной информации обратитесь к документации на ваше устройство или свяжитесь с вашим оператором.","two":"Запрос на снятие кодировки под оператора не удался. У вас осталось {{n}} попытки для ввода правильного кода. Для получения дополнительной информации обратитесь к документации на ваше устройство или свяжитесь с вашим оператором.","few":"Запрос на снятие кодировки под оператора не удался. У вас осталось {{n}} попытки для ввода правильного кода. Для получения дополнительной информации обратитесь к документации на ваше устройство или свяжитесь с вашим оператором.","many":"Запрос на снятие кодировки под оператора не удался. У вас осталось {{n}} попыток для ввода правильного кода. Для получения дополнительной информации обратитесь к документации на ваше устройство или свяжитесь с вашим оператором.","other":"Запрос на снятие кодировки под оператора не удался. У вас осталось {{n}} попыток для ввода правильного кода. Для получения дополнительной информации обратитесь к документации на ваше устройство или свяжитесь с вашим оператором."}},"nckLastChanceMsg":"Запрос на снятие кодировки под оператора не удался. Это последняя попытка ввода правильного NCK-кода. Для получения дополнительной информации обратитесь к документации на ваше устройство или свяжитесь с вашим оператором.","activity-pick":"Выбрать из:","activity-view":"Просмотреть через:","activity-test":"Протестировать в:","activity-share":"Поделиться через:","activity-new":"Создать в:","activity-open":"Открыть в:","activity-save-bookmark":"Заложить в:","activity-record":"Записать с:","activity-browse":"Обзор через:","activity-configure":"Настроить через:","activity-dial":"Набрать из:","persona-signin":"Войти","payment-flow":"Купить","remoteDebuggerMessage":"Был обнаружен входящий запрос на установку соединения для удалённой отладки. Разрешить соединение?","fullscreen-request":"{{origin}} теперь развернут на полный экран.","captive-wifi-available":"Была найдена сеть {{networkName}}. Присоединиться к сети?","ceWarningtitle":"Предупреждение о громкости","ceWarningcontent":"Чтобы предотвратить возможное повреждение слуха, не используйте высокий уровень громкости в течение длительного времени.","notification-powersaving-mode-on-title":"Режим экономии","notification-powersaving-mode-on-description":"Режим экономии включён.","low-device-storage":"На устройстве мало места.\\n","free-space":{"_index":["plural","value"],"_":{"zero":"Свободного места не осталось.","one":"Осталось менее {{value}} {{unit}}.","two":"Осталось менее {{value}} {{unit}}.","few":"Осталось менее {{value}} {{unit}}.","many":"Осталось менее {{value}} {{unit}}.","other":"Осталось менее {{value}} {{unit}}."}},"unknown-free-space":"Оставшееся место неизвестно.","system-alert":"Системное уведомление","cb-channel":"Канал {{channel}}","cb-etws-warningType-earthquake":"Предупреждение о землетрясении!","cb-etws-warningType-tsunami":"Предупреждение о цунами!","cb-etws-warningType-earthquake-tsunami":"Предупреждение о землетрясении и цунами!","cb-etws-warningType-test":"Идёт тест системы оповещения.","cb-etws-warningType-other":"Предупреждение о чрезвычайной ситуации!","icc-message-maintitle":"Operator message","icc-message-subtitle":"SIM {{id}}","icc-confirmCall-defaultmessage":"Вызвать {{number}}?","icc-alertMessage-defaultmessage":"Отправка сообщения","icc-confirmMessage-defaultmessage":"Послать сообщение?","icc-inputbox-maintitle":"STK Query","icc-inputbox-subtitle":"SIM {{id}}","emergency-callback-mode":"Режим экстренного обратного вызова","emergency-callback-message":"Вы не можете совершать звонки, отправлять сообщения или выходить в Интернет, так как включён режим экстренного обратного вызова. Вы хотите его выключить?","cdma-record-info":"Информация CDMA записи","ime-switching-title":"{{appName}}: {{name}}","ime-switching-tip":"Нажмите для переключения метода ввода","shrinking-tip":"Проведите, чтобы поделиться","download_started":"Загрузка началась","download_stopped":"Загрузка остановлена","download_downloading":"Загрузка…","download_succeeded":"Загрузка завершена","download_failed":"Загрузка не удалась","download_text_by_default":"{{name}}","download_downloading_text_2":"{{percentage}}% - {{name}}","search-or-enter-address":{"_":"Введите запрос или адрес","placeholder":"Введите запрос или адрес"},"noSIMCardInHotspot":"SIM-карта отсутствует или вставлена неправильно, поэтому отключите точку доступа","noHopspotWhenAPMisOn":"Отключите режим полёта, чтобы использовать хотспот Wi-Fi","apmActivated":"Включён режим полёта","open-in-new-tab":"Открыть ссылку в новой вкладке","add-link-to-home-screen":"Добавить ссылку на домашний экран","share-link":"Поделиться ссылкой","save-image":"Сохранить изображение","save-video":"Сохранить видео","save-audio":"Сохранить аудио","save-link":"Save linked file","share-image":"Share Image","share-video":"Share Video","share-audio":"Share Audio","weekday-0-long":"Воскресенье","weekday-1-long":"Понедельник","weekday-2-long":"Вторник","weekday-3-long":"Среда","weekday-4-long":"Четверг","weekday-5-long":"Пятница","weekday-6-long":"Суббота","weekday-0-short":"Вс","weekday-1-short":"Пн","weekday-2-short":"Вт","weekday-3-short":"Ср","weekday-4-short":"Чт","weekday-5-short":"Пт","weekday-6-short":"Сб","month-0-long":"Январь","month-1-long":"Февраль","month-2-long":"Март","month-3-long":"Апрель","month-4-long":"Май","month-5-long":"Июнь","month-6-long":"Июль","month-7-long":"Август","month-8-long":"Сентябрь","month-9-long":"Октябрь","month-10-long":"Ноябрь","month-11-long":"Декабрь","month-0-genitive":"января","month-1-genitive":"февраля","month-2-genitive":"марта","month-3-genitive":"апреля","month-4-genitive":"мая","month-5-genitive":"июня","month-6-genitive":"июля","month-7-genitive":"августа","month-8-genitive":"сентября","month-9-genitive":"октября","month-10-genitive":"ноября","month-11-genitive":"декабря","month-0-short":"Январь","month-1-short":"Февраль","month-2-short":"Март","month-3-short":"Апрель","month-4-short":"Май","month-5-short":"Июнь","month-6-short":"Июль","month-7-short":"Август","month-8-short":"Сентябрь","month-9-short":"Октябрь","month-10-short":"Ноябрь","month-11-short":"Декабрь","minutes-ago-long":{"_index":["plural","value"],"_":{"zero":"прямо сейчас","one":"{{value}} минуту назад","two":"{{value}} минуты назад","few":"{{value}} минуты назад","many":"{{value}} минут назад","other":"{{value}} минут назад"}},"hours-ago-long":{"_index":["plural","value"],"_":{"zero":"прямо сейчас","one":"{{value}} час назад","two":"{{value}} часа назад","few":"{{value}} часа назад","many":"{{value}} часов назад","other":"{{value}} часов назад"}},"days-ago-long":{"_index":["plural","value"],"_":{"zero":"сегодня","one":"{{value}} день назад","two":"{{value}} дня назад","few":"{{value}} дня назад","many":"{{value}} дней назад","other":"{{value}} дней назад"}},"weeks-ago-long":{"_index":["plural","value"],"_":{"zero":"эта неделя","one":"{{value}} неделя назад","two":"{{value}} недели назад","few":"{{value}} недели назад","many":"{{value}} недель назад","other":"{{value}} недель назад"}},"months-ago-long":{"_index":["plural","value"],"_":{"zero":"этот месяц","one":"{{value}} месяц назад","two":"{{value}} месяца назад","few":"{{value}} месяца назад","many":"{{value}} месяцев назад","other":"{{value}} месяцев назад"}},"years-ago-long":{"_index":["plural","value"],"_":{"zero":"этот год","one":"{{value}} год назад","two":"{{value}} года назад","few":"{{value}} года назад","many":"{{value}} лет назад","other":"{{value}} лет назад"}},"minutes-until-long":{"_index":["plural","value"],"_":{"zero":"сейчас","one":"через {{value}} минуту","two":"через {{value}} минуты","few":"через {{value}} минуты","many":"через {{value}} минут","other":"через {{value}} минут"}},"hours-until-long":{"_index":["plural","value"],"_":{"zero":"сейчас","one":"через {{value}} час","two":"через {{value}} часа","few":"через {{value}} часа","many":"через {{value}} часов","other":"через {{value}} часов"}},"days-until-long":{"_index":["plural","value"],"_":{"zero":"сегодня","one":"через {{value}} день","two":"через {{value}} дня","few":"через {{value}} дня","many":"через {{value}} дней","other":"через {{value}} дней"}},"weeks-until-long":{"_index":["plural","value"],"_":{"zero":"эта неделя","one":"через {{value}} неделю","two":"через {{value}} недели","few":"через {{value}} недели","many":"через {{value}} недель","other":"через {{value}} недель"}},"months-until-long":{"_index":["plural","value"],"_":{"zero":"этот месяц","one":"через {{value}} месяц","two":"через {{value}} месяца","few":"через {{value}} месяца","many":"через {{value}} месяцев","other":"через {{value}} месяцев"}},"years-until-long":{"_index":["plural","value"],"_":{"zero":"этот год","one":"через {{value}} год","two":"через {{value}} года","few":"через {{value}} года","many":"через {{value}} лет","other":"через {{value}} лет"}},"minutes-ago-short":{"_index":["plural","value"],"_":{"zero":"сейчас","other":"{{value}}м назад"}},"hours-ago-short":{"_index":["plural","value"],"_":{"zero":"сейчас","other":"{{value}}ч назад"}},"days-ago-short":{"_index":["plural","value"],"_":{"zero":"сегодня","other":"{{value}}д назад"}},"minutes-until-short":{"_index":["plural","value"],"_":{"zero":"сейчас","other":"через {{value}}м"}},"hours-until-short":{"_index":["plural","value"],"_":{"zero":"сейчас","other":"через {{value}}ч"}},"days-until-short":{"_index":["plural","value"],"_":{"zero":"сегодня","other":"через {{value}}д"}},"incorrectDate":"(некорректная дата)","dateTimeFormat_%c":"%a, %e %Eb %Y, %H:%M:%S","dateTimeFormat_%x":"%d.%m.%Y","dateTimeFormat_%X":"%H:%M:%S","shortTimeFormat":"%H:%M","shortDateTimeFormat":"%x %H:%M","weekStartsOnMonday":"1","time_am":"AM","time_pm":"PM","title-app":"Права приложения","title-web":"Права веб-сайта","title-cam":"Выберите камеру","perm-contacts":"Контакты","perm-contacts-appRequest":"{{app}} хотело бы получить доступ к списку ваших контактов.","perm-contacts-webRequest":"{{site}} хотел бы получить доступ к списку ваших контактов.","perm-desktop-notification":"Уведомления","perm-desktop-notification-appRequest":"{{app}} хотело бы отображать уведомления.","perm-desktop-notification-webRequest":"{{site}} хотел бы отображать уведомления.","perm-device-storage-music":"Память для музыки","perm-device-storage-music-appRequest":"{{app}} хотело бы получить доступ к вашей музыке.","perm-device-storage-music-webRequest":"{{site}} хотел бы получить доступ к вашей музыке.","perm-device-storage-pictures":"Память для изображений","perm-device-storage-pictures-appRequest":"{{app}} хотело бы получить доступ к вашим изображениям.","perm-device-storage-pictures-webRequest":"{{site}} хотел бы получить доступ к вашим изображениям.","perm-device-storage-sdcard":"Память на карте памяти","perm-device-storage-sdcard-appRequest":"{{app}} хотело бы получить доступ к вашей карте памяти.","perm-device-storage-sdcard-webRequest":"{{site}} хотел бы получить доступ к вашей карте памяти.","perm-device-storage-videos":"Память для видео","perm-device-storage-videos-appRequest":"{{app}} хотело бы получить доступ к вашим видео.","perm-device-storage-videos-webRequest":"{{site}} хотел бы получить доступ к вашим видео.","perm-fmradio":"FM-радио","perm-fmradio-appRequest":"{{app}} хотело бы использовать FM-радио.","perm-fmradio-webRequest":"{{site}} хотел бы использовать FM-радио.","perm-geolocation":"Местоположение","perm-geolocation-appRequest":"{{app}} хотело бы знать ваше местоположение.","perm-geolocation-webRequest":"{{site}} хотел бы знать ваше местоположение.","perm-geolocation-more-info":"{{brandShortName}} использует данные, полученные от GPS, Wi-Fi и работающих поблизости мобильных сетей, чтобы помочь определить ваше приблизительное местоположение. Данные передаются Mozilla и другим поставщикам услуг и будут использоваться в совокупности для улучшения баз данных этих местоположений. Данные могут храниться на вашем устройстве и сбор данных может происходить даже тогда, когда не запущено никаких приложений.","perm-video-capture":"Камера","perm-video-capture-appRequest":"Вы хотите разрешить доступ к своей камере {{app}}?","perm-video-capture-webRequest":"Вы хотите разрешить доступ к своей камере {{site}}?","perm-audio-capture":"Микрофон","perm-audio-capture-appRequest":"Вы хотите разрешить доступ к своему микрофону {{app}}?","perm-audio-capture-webRequest":"Вы хотите разрешить доступ к своему микрофону {{site}}?","perm-media-capture":"Камера и микрофон","perm-media-capture-appRequest":"Вы хотите разрешить доступ к своим камере и микрофону {{app}}?","perm-media-capture-webRequest":"Вы хотите разрешить доступ к своим камере и микрофону {{site}}?","perm-camera-selector-appRequest":"Выберите камеру для {{app}}.","perm-camera-selector-webRequest":"Выберите камеру для {{site}}.","perm-mobileid":"Мобильный идентификатор","stopped_download_title":"Загрузка остановлена","stopped_download_message":"Загрузка остановлена. Повторить попытку загрузки?","stopped_download_left_button":"Отмена","stopped_download_right_button":"Повторить","failed_download_title":"Загрузка не удалась","failed_download_message":"Не удалось загрузить {{name}}. Повторить попытку загрузки?","failed_download_left_button":"Отмена","failed_download_right_button":"Повторить","stop_download_title":"Остановить загрузку","stop_download_message":"Вы уверены, что хотите остановить загрузку?","stop_download_left_button":"Нет","stop_download_right_button":"Да","delete_download_title":"Удалить","delete_download_message":"Удалить {{name}}?","delete_download_left_button":"Отмена","delete_download_right_button":"Удалить","delete_all_download_title":"Удалить","delete_all_download_left_button":"Отмена","delete_all_download_right_button":"Удалить","delete_all_download_message":{"_index":["plural","number"],"_":{"zero":"Не удалять файлы?","one":"Удалить один файл?","two":"Удалить {{number}} файла?","few":"Удалить {{number}} файла?","many":"Удалить {{number}} файлов?","other":"Удалить {{number}} файлов?"}},"unsupported_file_type_download_title":"Невозможно открыть","unsupported_file_type_download_message":"Нет приложения, которое могло бы открыть {{name}}. Вы хотите сохранить файл или удалить его?","unsupported_file_type_download_left_button":"Сохранить файл","unsupported_file_type_download_right_button":"Удалить","file_not_found_download_title":"Файл не найден","file_not_found_download_message":"Файл не найден на устройстве","file_not_found_download_right_button":"OK","unmounted_sdcard_2_download_title":"Карта памяти сейчас используется","unmounted_sdcard_2_download_message":"Отсоединить телефон","unmounted_sdcard_2_download_right_button":"OK","no_provider_download_title":"Не удалось поделиться","no_provider_download_message":"Не найден провайдер","no_provider_download_right_button":"OK","no_memory_download_title":"На SD-карте больше нет места","no_memory_download_message":"На вашей SD-карте больше нет места для сохранения загрузки. Пожалуйста, удалите несколько файлов перед перезапуском загрузки.","no_memory_download_right_button":"OK","no_sdcard_found_2_download_title":"Не найдена карта памяти","no_sdcard_found_2_download_message":"Вставьте карту памяти или выберите в параметрах другое расположение медиа по умолчанию","no_sdcard_found_2_download_right_button":"OK","file_open_error_download_title":"Не удалось открыть","file_open_error_download_message":"При открытии {{name}} возникла проблема. Вы хотите сохранить файл или удалить его?","file_open_error_download_left_button":"Сохранить файл","file_open_error_download_right_button":"Удалить","restart_download_error":"При перезапуске загрузки произошла ошибка. Пожалуйста, попробуйте загрузить снова.","no-downloads":"Нет загрузок","percentage":"{{percentage}} %","partialResult":"{{partial}} из {{total}}","summary":"{{date}} - {{status}}","download-stopped":"Остановлена","download-failed":"Загрузка не удалась","open_downloaded_file":"Открыть","share_downloaded_file":"Поделиться","wallpaper_downloaded_file":"Установить как обои","ringtone_downloaded_file":"Установить как мелодию","cancel_downloaded_file":"Отмена","voicemailNoNumberTitle":"Номер голосовой почты недоступен","voicemailNoNumberText":"Невозможно вызвать голосовую почту. Настройте номер голосовой почты, чтобы сделать звонок.","voicemailNoNumberSettings":"Параметры","voicemailNoNumberCancel":"Отмена","resend":"Отправить заново","connecting":"Соединение","verify":"Подтвердить","verifying":"Подтверждение","verified":"Подтверждён","mobileIDExplanation":"{{app_name}} хотело бы узнать и подтвердить ваш номер телефона. Пожалуйста, выберите, каким из них вы хотите поделиться, или введите новый.","verificationCodeExplanation":"Мы отправили код на {{phone_number}}. Мы постараемся принять его автоматически, но вам нужно будет ввести его вручную, если он не используется на этом устройстве.","successMessage":"Отлично! Ваш номер {{phone_number}} теперь подтверждён и доступен для {{app_name}}.","serverErrorMessage":"Сервер для подтверждения сейчас недоступен. Пожалуйста, проверьте свое подключение к Интернету, попробуйте ещё​раз, или подождите несколько минут.","timeoutErrorMessage":"Кажется с вашим кодом подтверждения возникла проблема. Давайте попробуем ещё раз!","errorTitle":"Мобильная идентификация","addPhoneNumber":"Или добавьте свой номер телефона","selectPhoneNumber":"Или выберите номер телефона из списка"}