{"firefox-accounts-title":"Konto Firefox","fxa-next":"Ďalej","fxa-back":"Naspäť","fxa-done":"Hotovo","fxa-ok":"OK","fxa-connection-error-title":"Nie je možné sa pripojiť","fxa-connection-error-message":"V Nastaveniach si môžete vytvoriť konto alebo prihlásiť sa.","fxa-reset-password-error-title":"Obnova hesla","fxa-reset-password-error-message":"Heslo si môžete obnoviť v Nastaveniach.","fxa-coppa-failure-error-title":"Konto nie je možné vytvoriť","fxa-coppa-failure-error-message":"Ak si chcete vytvoriť konto Firefox, musíte spĺňať vekové požiadavaky. {{learnmore}}","fxa-learn-more":"Ďalšie informácie","fxa-offline-error-title":"Nie je možné sa pripojiť","fxa-offline-error-message":"Pripojte sa sieti.","fxa-invalid-email-title":"Chyba","fxa-invalid-email-message":"Zadajte platnú e-mailovú adresu.","fxa-invalid-password-title":"Neplatné heslo","fxa-invalid-password-message":"Overte svoje heslo a skúste to neskôr.","fxa-unknown-error-title":"Nie je možné sa pripojiť","fxa-unknown-error-message":"Systém nie je dostupný, skúste to neskôr.","fxa-connecting":"Pripája sa","fxa-enter-email-input":{"placeholder":"Zadajte e-mailovú adresu"},"fxa-use-email-to-sign-in":"Na vytvorenie konta alebo prihlásenie použite svoju e-mailovú adresu.","fxa-notice":"Pokračovaním súhlasím s {{tos}} a {{pn}} cloudových služieb Firefox.","fxa-tos":"Podmienkami používania služby","fxa-pn":"Zásadami ochrany súkromia","fxa-create-password-title":"Vytvorenie hesla","fxa-enter-password-title":"Zadajte svoje heslo","fxa-hello-user":"Ahoj, {{email}}","fxa-password-refresh":"Pokračujte zadaním svojho hesla ku kontu Firefox.","fxa-password":{"placeholder":"Heslo"},"fxa-forgot-your-password":"Zabudli ste svoje heslo?","fxa-show-password":"Zobraziť heslo","fxa-password-length-requirement":"Vaše heslo musí mať minimálne 8 znakov.","fxa-success":"Hotovo!","fxa-ready-to-go":"Vaše konto Firefox je pripravené!","fxa-use-features":"Teraz môžete využívať funkcie ako Vyhľadať moje zariadenie a aplikácie ako Firefox Marketplace.","fxa-access-manage-account-settings":"V budúcnosti bude možné pristupovať a spravovať konto priamo z Nastavení.","fxa-confirm-account":"Potvrdenie konta","fxa-will-send-email":"Na adresu {{email}} odošleme správu","fxa-signup-click-verification-link-in-email":"Skontrolujte si svoju poštu, kliknite na overovací odkaz a potvrďte vytvorenie vášho konta Firefox.","fxa-age-verification":"Overenie veku","fxa-age-1990-earlier":"1990 alebo skôr","fxa-year-of-birth":"Rok narodenia","brandShortName":"B2G OS","browserBrandShortName":"Webový prehliadač","browserBrandFullName":"Webový prehliadač Mozilla","accessibility-enableScreenReaderSteps":"To enable screen reader, press volume up then volume down buttons three more times","accessibility-disableScreenReaderSteps":"To disable screen reader, press volume up then volume down buttons three more times","accessibility-screenReaderStarted":"Screen reader started","accessibility-screenReaderStopped":"Screen reader stopped","accessibility-menubar":"menu bar","accessibility-scrollbar":"scroll bar","accessibility-grip":"grip","accessibility-alert":"alert","accessibility-menupopup":"menu popup","accessibility-document":"document","accessibility-pane":"pane","accessibility-dialog":"dialog","accessibility-separator":"separator","accessibility-toolbar":"toolbar","accessibility-statusbar":"status bar","accessibility-table":"table","accessibility-columnheader":"column header","accessibility-rowheader":"row header","accessibility-column":"column","accessibility-row":"row","accessibility-cell":"cell","accessibility-link":"link","accessibility-list":"list","accessibility-listitem":"list item","accessibility-outline":"outline","accessibility-outlineitem":"outline item","accessibility-pagetab":"tab","accessibility-propertypage":"property page","accessibility-graphic":"graphic","accessibility-pushbutton":"button","accessibility-checkbutton":"check button","accessibility-radiobutton":"radio button","accessibility-combobox":"combo box","accessibility-progressbar":"progress bar","accessibility-slider":"slider","accessibility-spinbutton":"spin button","accessibility-diagram":"diagram","accessibility-animation":"animation","accessibility-equation":"equation","accessibility-buttonmenu":"button menu","accessibility-whitespace":"white space","accessibility-pagetablist":"tab list","accessibility-canvas":"canvas","accessibility-checkmenuitem":"check menu item","accessibility-label":"label","accessibility-passwordtext":"password text","accessibility-radiomenuitem":"radio menu item","accessibility-textcontainer":"text container","accessibility-togglebutton":"toggle button","accessibility-treetable":"tree table","accessibility-header":"header","accessibility-footer":"footer","accessibility-paragraph":"paragraph","accessibility-entry":"entry","accessibility-caption":"caption","accessibility-heading":"heading","accessibility-section":"section","accessibility-form":"form","accessibility-comboboxlist":"combo box list","accessibility-comboboxoption":"combo box option","accessibility-imagemap":"image map","accessibility-listboxoption":"option","accessibility-listbox":"list box","accessibility-flatequation":"flat equation","accessibility-gridcell":"gridcell","accessibility-note":"note","accessibility-figure":"figure","accessibility-definitionlist":"definition list","accessibility-term":"term","accessibility-definition":"definition","accessibility-textarea":"text area","accessibility-textInputType_date":"date","accessibility-textInputType_email":"e-mail","accessibility-textInputType_search":"search","accessibility-textInputType_tel":"telephone","accessibility-textInputType_url":"URL","accessibility-headingLevel":"heading level {{0}}","accessibility-listStart":"First item","accessibility-listEnd":"Last item","accessibility-listItemsCount":{"_index":["plural","count"],"_":{"zero":"{{count}} items","one":"{{count}} item","two":"{{count}} items","few":"{{count}} items","many":"{{count}} items","other":"{{count}} items"}},"accessibility-objItemOfN":"{{0}} of {{1}}","accessibility-banner":"banner","accessibility-complementary":"complementary","accessibility-contentinfo":"content info","accessibility-main":"main","accessibility-navigation":"navigation","accessibility-search":"search","accessibility-tblColumnInfo":{"_index":["plural","count"],"_":{"zero":"with {{count}} columns","one":"with {{count}} column","two":"with {{count}} columns","few":"with {{count}} columns","many":"with {{count}} columns","other":"with {{count}} columns"}},"accessibility-tblRowInfo":{"_index":["plural","count"],"_":{"zero":"and {{count}} rows","one":"and {{count}} row","two":"and {{count}} rows","few":"and {{count}} rows","many":"and {{count}} rows","other":"and {{count}} rows"}},"accessibility-columnInfo":"Column {{0}}","accessibility-rowInfo":"Row {{0}}","accessibility-spansColumns":{"_index":["plural","0"],"_":{"zero":"spans {{0}} columns","one":"spans {{0}} column","two":"spans {{0}} columns","few":"spans {{0}} columns","many":"spans {{0}} columns","other":"spans {{0}} columns"}},"accessibility-spansRows":{"_index":["plural","0"],"_":{"zero":"spans {{0}} rows","one":"spans {{0}} row","two":"spans {{0}} rows","few":"spans {{0}} rows","many":"spans {{0}} rows","other":"spans {{0}} rows"}},"accessibility-jumpAction":"jumped","accessibility-pressAction":"pressed","accessibility-checkAction":"checked","accessibility-uncheckAction":"unchecked","accessibility-selectAction":"selected","accessibility-unselectAction":"unselected","accessibility-openAction":"opened","accessibility-closeAction":"closed","accessibility-switchAction":"switched","accessibility-clickAction":"clicked","accessibility-collapseAction":"collapsed","accessibility-expandAction":"expanded","accessibility-activateAction":"activated","accessibility-cycleAction":"cycled","accessibility-hidden":"hidden","accessibility-tabLoading":"loading","accessibility-tabLoaded":"loaded","accessibility-tabNew":"new tab","accessibility-tabLoadStopped":"loading stopped","accessibility-tabReload":"reloading","accessibility-stateChecked":"checked","accessibility-stateNotChecked":"not checked","accessibility-statePressed":"pressed","accessibility-stateExpanded":"expanded","accessibility-stateCollapsed":"collapsed","accessibility-stateUnavailable":"unavailable","accessibility-stateRequired":"required","accessibility-stateTraversed":"visited","accessibility-stateHasPopup":"has pop up","accessibility-stateSelected":"selected","accessibility-editingMode":"editing","accessibility-navigationMode":"navigating","accessibility-quicknav_Simple":"Default","accessibility-quicknav_Anchor":"Anchors","accessibility-quicknav_Button":"Buttons","accessibility-quicknav_Combobox":"Combo boxes","accessibility-quicknav_Landmark":"Landmarks","accessibility-quicknav_Entry":"Entries","accessibility-quicknav_FormElement":"Form elements","accessibility-quicknav_Graphic":"Images","accessibility-quicknav_Heading":"Headings","accessibility-quicknav_ListItem":"List items","accessibility-quicknav_Link":"Links","accessibility-quicknav_List":"Lists","accessibility-quicknav_PageTab":"Page tabs","accessibility-quicknav_RadioButton":"Radio buttons","accessibility-quicknav_Separator":"Separators","accessibility-quicknav_Table":"Tables","accessibility-quicknav_Checkbox":"Check boxes","accessibility-menubarAbbr":"menu bar","accessibility-scrollbarAbbr":"scroll bar","accessibility-gripAbbr":"grip","accessibility-alertAbbr":"alert","accessibility-menupopupAbbr":"menu popup","accessibility-documentAbbr":"document","accessibility-paneAbbr":"pane","accessibility-dialogAbbr":"dialog","accessibility-separatorAbbr":"separator","accessibility-toolbarAbbr":"toolbar","accessibility-statusbarAbbr":"status bar","accessibility-tableAbbr":"tbl","accessibility-columnheaderAbbr":"column header","accessibility-rowheaderAbbr":"row header","accessibility-columnAbbr":"column","accessibility-rowAbbr":"row","accessibility-cellAbbr":"cell","accessibility-linkAbbr":"lnk","accessibility-listAbbr":"list","accessibility-listitemAbbr":"list item","accessibility-outlineAbbr":"outline","accessibility-outlineitemAbbr":"outline item","accessibility-pagetabAbbr":"tab","accessibility-propertypageAbbr":"property page","accessibility-graphicAbbr":"graphic","accessibility-pushbuttonAbbr":"btn","accessibility-checkbuttonAbbr":"check button","accessibility-radiobuttonAbbr":"radio button","accessibility-comboboxAbbr":"combo box","accessibility-progressbarAbbr":"progress bar","accessibility-sliderAbbr":"slider","accessibility-spinbuttonAbbr":"spin button","accessibility-diagramAbbr":"diagram","accessibility-animationAbbr":"animation","accessibility-equationAbbr":"equation","accessibility-buttonmenuAbbr":"button menu","accessibility-whitespaceAbbr":"white space","accessibility-pagetablistAbbr":"tab list","accessibility-canvasAbbr":"canvas","accessibility-checkmenuitemAbbr":"check menu item","accessibility-labelAbbr":"label","accessibility-passwordtextAbbr":"passwdtxt","accessibility-radiomenuitemAbbr":"radio menu item","accessibility-textcontainerAbbr":"text container","accessibility-togglebuttonAbbr":"toggle button","accessibility-treetableAbbr":"tree table","accessibility-headerAbbr":"header","accessibility-footerAbbr":"footer","accessibility-paragraphAbbr":"paragraph","accessibility-entryAbbr":"entry","accessibility-captionAbbr":"caption","accessibility-headingAbbr":"heading","accessibility-sectionAbbr":"section","accessibility-formAbbr":"form","accessibility-comboboxlistAbbr":"combo box list","accessibility-comboboxoptionAbbr":"combo box option","accessibility-imagemapAbbr":"imgmap","accessibility-listboxoptionAbbr":"option","accessibility-listboxAbbr":"list box","accessibility-flatequationAbbr":"flat equation","accessibility-gridcellAbbr":"gridcell","accessibility-noteAbbr":"note","accessibility-figureAbbr":"fig","accessibility-definitionlistAbbr":"definition list","accessibility-termAbbr":"term","accessibility-definitionAbbr":"definition","accessibility-textareaAbbr":"txtarea","accessibility-tblColumnInfoAbbr":{"_index":["plural","count"],"_":{"one":"{{count}}c","two":"{{count}}c","few":"{{count}}c","many":"{{count}}c","other":"{{count}}c"}},"accessibility-tblRowInfoAbbr":{"_index":["plural","count"],"_":{"one":"{{count}}r","two":"{{count}}r","few":"{{count}}r","many":"{{count}}r","other":"{{count}}r"}},"accessibility-cellInfoAbbr":"c{{0}}r{{1}}","accessibility-stateCheckedAbbr":"(x)","accessibility-stateUncheckedAbbr":"( )","accessibility-statePressedAbbr":"(x)","accessibility-stateUnpressedAbbr":"( )","ok":"OK","back":"Naspäť","help":"Pomocník","cancel":"Zrušiť","close":"Zavrieť","skip":"Preskočiť","clear":{"ariaLabel":"Clear"},"undo":{"ariaLabel":"Späť"},"airplaneMode":"Režim V lietadle","searching":"Vyhľadáva sa…","noNetwork":"Žiadna sieť","roaming":"{{operator}} (roaming)","operator-info":"{{carrier}} {{region}}","emergencyCallsOnly":"Len tiesňové volania","emergencyCallsOnly-unknownSIMState":"(neznámy stav karty SIM)","emergencyCallsOnly-noSIM":"(žiadna karta SIM)","emergencyCallsOnly-pinRequired":"(vyžaduje sa zadanie kódu PIN)","emergencyCallsOnly-pukRequired":"(vyžaduje sa zadanie kódu PUK)","emergencyCallsOnly-networkLocked":"(sieť uzamknutá)","emergencyCallsOnly-serviceProviderLocked":"(blokovaný na operátora)","emergencyCallsOnly-corporateLocked":"(blokovaný na firmu)","emergencyCallsOnly-network1Locked":"(sieť1 uzamknutá)","emergencyCallsOnly-network2Locked":"(sieť2 uzamknutá)","emergencyCallsOnly-hrpdNetworkLocked":"(sieť hrpd uzamknutá)","emergencyCallsOnly-ruimCorporateLocked":"(ruim blokovaný na firmu)","emergencyCallsOnly-ruimServiceProviderLocked":"(ruim blokovaný na operátora)","enterPIN":"Zadajte PIN","mediaPlaybackTitle":{"ariaLabel":"Názov"},"mediaPlaybackArtist":{"ariaLabel":"Interpret"},"mediaPlaybackControls":{"ariaLabel":"Ovládače prehrávania"},"mediaPlaybackPrevious":{"ariaLabel":"Predchádzajúca"},"mediaPlaybackPlay":"Prehrať","mediaPlaybackPause":"Pozastaviť","mediaPlaybackNext":{"ariaLabel":"Ďalšia"},"wifiButton-on":"Wi-Fi zapnuté","wifiButton-on-initializing":"Wi-Fi zapnuté, inicializuje sa","wifiButton-off":"Wi-Fi vypnuté","dataButton-on":"Dáta {{type}} zapnuté","dataButton-off":"Dáta {{type}} vypnuté","bluetoothButton-on":"Bluetooth zapnutý","bluetoothButton-on-initializing":"Bluetooth zapnutý, inicializuje sa","bluetoothButton-off":"Bluetooth vypnutý","airplaneMode-on":"Režim V lietadle zapnutý","airplaneMode-off":"Režim V lietadle vypnutý","settingsButton":{"ariaLabel":"Nastavenia"},"utilityTrayGrippy":{"ariaLabel":"Zavrieť utility tray"},"statusbarLabel":"{{date}}, {{operator}}","statusbarDateFormat":"%e. %b","statusbar":{"ariaLabel":"Stavový riadok"},"statusbarBattery":"Batéria {{level}} percent","statusbarBatteryCharging":"Batéria {{level}} percent, nabíja sa","statusbarFlightMode":{"ariaLabel":"Režim V lietadle zapnutý"},"statusbarWiFiConnecting":"Wi-Fi: pripája sa","statusbarWiFiConnected":"Wi-Fi: sila {{level}} z 4","statusbarSignal":"Sieť {{operator}}, sila {{level}} z 5","statusbarSignalRoaming":"Sieť {{operator}} (roaming), sila {{level}} z 5","statusbarSignalNoneSearching":"Vyhľadáva sa… Len tiesňové volania","statusbarHeadphones":{"ariaLabel":"Slúchadlá zapnuté"},"statusbarBluetoothHeadphones":{"ariaLabel":"Slúchadlá Bluetooth zapnuté"},"statusbarBluetoothTransferring":{"ariaLabel":"Prenos cez Bluetooth aktívny"},"statusbarIconOn-tethering":"Tethering zapnutý","statusbarIconOnActive-tethering":"Tethering zapnutý, aktívny","statusbarAlarm":{"ariaLabel":"Budík zapnutý"},"statusbarIconOn-bluetooth":"Bluetooth zapnutý","statusbarIconOnActive-bluetooth":"Bluetooth zapnutý, aktívny","statusbarIconOn-mute":"Tichý režim zapnutý","statusbarIconOn-vibration":"Vibrovanie zapnuté","statusbarRecording":{"ariaLabel":"Nahrávanie zapnuté"},"statusbarGeolocation":{"ariaLabel":"Zisťovanie polohy zapnuté"},"statusbarUsb":{"ariaLabel":"USB zapnuté"},"statusbarForwarding":"Presmerovanie hovorov zapnuté","statusbarPlaying":{"ariaLabel":"Prehrávajú sa médiá"},"statusbarNfc":{"ariaLabel":"NFC zapnuté"},"statusbarDownloads":{"ariaLabel":"Preberá sa…"},"statusbarNetworkActivity":{"ariaLabel":"Sieť zapnutá"},"statusbarEmergencyCBNotification":{"ariaLabel":"Tiesňové spätné volanie"},"statusbarNotifications":{"_index":["plural","n"],"_":{"one":"{{n}} notifikácia","two":"{{n}} notifikácie","few":"{{n}} notifikácie","many":"{{n}} notifikácií","other":"{{n}} notifikácií"}},"statusbarNotifications-unread":{"_index":["plural","n"],"_":{"one":"{{n}} neprečítaná notifikácia","two":"{{n}} neprečítané notifikácie","few":"{{n}} neprečítané notifikácie","many":"{{n}} neprečítaných notifikácií","other":"{{n}} neprečítaných notifikácií"}},"notifications":"Upozornenia","clear-all":"Vymazať","attentionScreen-tapToShow":"Ťuknutím zobrazíte","newVoicemails":{"_index":["plural","n"],"_":{"zero":"Žiadna hlasová správa","one":"Jedna hlasová správa","two":"Dve hlasové správy","few":"{{n}} hlasové správy","many":"{{n}} hlasových správ","other":"{{n}} hlasových správ"}},"newVoicemailsUnknown":"Nová hlasová správa","dialNumber":"Volať {{number}}","voicemailNotificationMultiSim":"(SIM{{n}}) {{title}}","confirmNFCConnectBTenabledNameUnknown":"Naozaj sa chcete pripojiť k zariadeniu?","confirmNFCConnectBTdisabledNameUnknown":"Zapnúť Bluetooth a pripojiť sa k zariadeniu?","confirmNFCConnectBTenabledNameKnown":"Naozaj sa chcete pripojiť k zariadeniu {{deviceName}}?","confirmNFCConnectBTdisabledNameKnown":"Zapnúť Bluetooth a pripojiť sa k zariadeniu {{deviceName}}?","confirmNFCConnectBTdisabled":"Zapnúť","dismissNFCConnectBTdisabled":"Zrušiť","confirmation":"Potvrdenie","deviceMenu":"Telefón","airplane":"Zapnúť režim V lietadle","airplaneOff":"Vypnúť režim V lietadle","silent":"Tichý režim","normal":"Normálny režim","restart":"Reštartovať","power":"Vypnúť","no-recent-apps":"Žiadne nedávne aplikácie","yes":"Áno","no":"Nie","dontallow":"Nepovoliť","allow":"Povoliť","dontshare-geolocation":"Nezdieľať","share-geolocation":"Zdieľať","dontshare-audio-capture":"Nezdieľať","share-audio-capture":"Zdieľať","dontshare-video-capture":"Nezdieľať","share-video-capture":"Zdieľať","dontshare-media-capture":"Nezdieľať","share-media-capture":"Zdieľať","device-front":"Predná kamera","device-back":"Zadná kamera","remember-my-choice":"Zapamätať si túto voľbu","more-info":"Ďalšie informácie…","hide-info":"Skryť informácie","install-app":"Nainštalovať {{name}}?","size":"Veľkosť","author":"Autor","size-unknown":"neznáma","author-unknown":"neznámy","install":"Nainštalovať","bytes":"bajtov","kB":"kB","MB":"MB","GB":"GB","TB":"TB","PB":"PB","app-install-generic-error":"Preberanie {{ appName }} zastavené","app-install-download-failed":"Preberanie {{ appName }} skončilo s chybou","app-install-install-failed":"Inštalácia {{ appName }} skončila s chybou","cancelling-will-not-refund":"Zrušením inštalácie sa nevrátia peniaze za nákup. Vrátenie peňazí za platený obsah je možné len u pôvodného predajcu.","apps-can-be-installed-later":"Aplikáciu je možné nainštalovať neskôr z pôvodného inštalačného zdroja.","are-you-sure-you-want-to-cancel":"Naozaj chcete zrušiť inštaláciu?","cancel-install":"Zrušenie inštalácie","cancel-install-button":"Zrušiť inštaláciu","resume":"Začať znovu","continue":"Pokračovať","stopDownloading":"Zastaviť preberanie {{ app }}?","app-download-can-be-restarted":"Preberanie môže byť obnovené neskôr.","app-download-stop-button":"Zastaviť preberanie","not-enough-space":"Nedostatok miesta","not-enough-space-message":"Pre nainštalovanie tejto aplikácie nie je dostatok miesta. Uvoľnite miesto odstránením nepoužívaných aplikácií alebo médií a inštaláciu zopakujte z pôvodného zdroja.","app-install-success":"Aplikácia {{ appName }} bola nainštalovaná","setup":"Nastavenie","ime-addkeyboards":"Pridať klávesnicu","later":"Neskôr","download":"Prevziať","wantToDownload":"Prevziať aktualizáciu?","wantToInstall":"Nainštalovať aktualizáciu?","installNow":"Nainštalovať","notNow":"Teraz nie","downloadingUpdateMessage":{"innerHTML":"Preberajú sa aktualizácie… <span>Prevzaté: {{ progress }}</span>"},"downloadingAppMessage":"Preberá sa {{ appName }}","downloadingAppProgressNoMax":"Prevzaté: {{ progress }}","downloadingAppProgressIndeterminate":"Preberá sa","downloadingAppProgress":"Prevzaté: {{ progress }} / {{ max }}","cancelAllDownloads":"Zrušiť všetky preberania","wantToCancelAll":"Naozaj chcete zrušiť všetky preberania?","downloadError":"Počas preberania aktualizácií sa vyskytla chyba.","updateAvailableInfo":{"innerHTML":{"_index":["plural","n"],"_":{"one":"Dostupná {{ n }} aktualizácia <span>Ťuknutím zobrazíte ďalšie informácie</span>","two":"Dostupné {{ n }} aktualizácie <span>Ťuknutím zobrazíte ďalšie informácie</span>","few":"Dostupné {{ n }} aktualizácie <span>Ťuknutím zobrazíte ďalšie informácie</span>","many":"Dostupných {{ n }} aktualizácií <span>Ťuknutím zobrazíte ďalšie informácie</span>","other":"Dostupných {{ n }} aktualizácií <span>Ťuknutím zobrazíte ďalšie informácie</span>"}}},"numberOfUpdates":{"_index":["plural","n"],"_":{"one":"Dostupná {{ n }} aktualizácia","two":"Dostupné {{ n }} aktualizácie","few":"Dostupné {{ n }} aktualizácie","many":"Dostupných {{ n }} aktualizácií","other":"Dostupných {{ n }} aktualizácií"}},"systemUpdate":"Aktualizácia systému","systemUpdateReady":"Aktualizácia systému je pripravená","systemUpdateLowBatteryThreshold":"You need at least {{ threshold }}% battery level to install the update.","required":"Požadované","uncompressingMessage":{"innerHTML":"Extrahuje sa… <span>Môže to trvať niekoľko minút</span>"},"downloadNoWifiWarning":"Sieť Wi-Fi nie je dostupná. Pri aktualizácií pomocou súčasného pripojenia môžu byť účtované ďalšie poplatky.","downloadOfflineWarning":"Pripojenie nedostupné. Ak chcete prevziať aktualizácie, musíte sa pripojiť k sieti.","downloadDataConnectionWarning":"Aktualizácie sú preberané prostredníctvom dátového pripojenia, pretože sieť Wi-Fi nie je dostupná. Prenesené dáta môžu byť spoplatnené.","downloadUpdatesViaDataConnection":"Prevziať aktualizácie cez dátové pripojenie?","downloadUpdatesViaDataConnectionMessage":"Aktualizácie sú preberané prostredníctvom dátového pripojenia, pretože sieť Wi-Fi nie je dostupná. Použitím tohto pripojenia môžu byť blokované prichádzajúce hovory a prenesené dáta môžu byť spoplatnené.","downloadUpdatesVia2GForbidden2":"Downloading updates is not possible on slow connections (2G). Please connect via Wi-Fi or 3G (if available) and try again.","screenshotSaved":"Snímka uložená do Galérie","screenshotFailed":"Snímku sa nepodarilo uložiť","screenshotNoSDCard":"Pamäťová karta nebola nájdená","screenshotSDCardInUse":"Pamäťová karta sa práve používa","screenshotSDCardLow":"Na pamäťovej karte nie je dostatok miesta","emergency-call-button":"Tiesňové volanie","emergency-call":"Tiesňové volanie","unlock-a11y-button":{"ariaLabel":"Odomknúť"},"camera-a11y-button":{"ariaLabel":"Fotoaparát"},"longDateFormat":"%A, %e. %Eb","panel-passcode":{"ariaLabel":"Panel s heslom"},"lockscreen-sim-id":"SIM {{ n }}","softwareHomeButton":{"ariaLabel":"Domov"},"login":"Prihlásiť","username":"Používateľ","password":"Heslo","http-authentication-message":"{{host}} požaduje meno používateľa a heslo s oznámením: „{{realm}}“","error-message":"Pri načítaní {{name}} sa vyskytla chyba","error-title":"Chyba v {{name}}","airplane-is-on":"Režim V lietadle je zapnutý","airplane-is-turned-on":"{{name}} požaduje pripojenie k sieti. Vypnite v nastaveniach režim V lietadle a pripojte sa k sieti Wi-Fi alebo mobilnému internetu.","server-not-found":"Server nebol nájdený","server-not-found-error":"Nebolo možné nájsť server {{name}}.","file-not-found":"Súbor nebol nájdený","file-not-found-error":"Zariadenie nedokáže zobraziť túto stránku, pretože súbor nebol nájdený.","connection-failed":"Nie je možné sa pripojiť","connection-failed-error":"Pri pokuse o zobrazenie stránky sa vyskytla chyba siete.","invalid-connection":"Nie je možné sa pripojiť","invalid-connection-error":"Pri pokuse o zobrazenie stránky sa vyskytla chyba siete.","malformed-uri":"Adresa URL nie je platná","malformed-uri-error":"Zadaná adresa URL nie je platná a nemôže byť načítaná.","redirect-loop":"Nie je možné zobraziť stránku","redirect-loop-error":"Zariadenie nedokáže zobraziť túto stránku, pretože presmerovanie stránky nie je nastavené správne. Skúste to neskôr.","not-cached":"Platnosť stránky vypršala","not-cached-error":"Z bezpečnostných dôvodov nie je možné túto stránku zobraziť, pretože jej platnosť vypršala.","is-printing-error":"Dokument nie je možné zmeniť, ak sa práve tlačí alebo je v zobrazení Ukážka pred tlačou.","denied-port-access":"Táto adresa je obmedzená","denied-port-access-error":"Táto adresa používa sieťový port, ktorý sa normálne používa na iné účely ako prehliadanie webu. Zariadenie z dôvodu vašej ochrany zrušilo požiadavku.","proxy-resolve-failure":"Chyba servera proxy","proxy-resolve-failure-error":"Zariadenie je nastavené na používanie servera proxy, ktorý nebol nájdený.","proxy-connect-failure":"Chyba servera proxy","proxy-connect-failure-error":"Zariadenie je nastavené na používanie servera proxy, ktorý odmieta spojenia.","content-encoding":"Stránku nie je možné zobraziť","content-encoding-error":"Zariadenie nedokáže zobraziť túto stránku, pretože sa vyskytla chyba s kódovaním obsahu.","remote-xul":"Stránka nie je podporovaná","remote-xul-error":"Túto stránku nie je možné zobraziť, pretože používa technológiu, ktorá nie je týmto zariadením podporovaná.","phishing-blocked":"Upozornenie","phishing-blocked-error":"Táto stránka bola označená ako podvodná a navrhnutá s cieľom získať od používateľov osobné údaje alebo informácie o bankových účtoch.","malware-blocked":"Útočná stránka zablokovaná","malware-blocked-error":"Táto stránka bola označená ako útočná a preto bola zablokovaná.","unsafe-content-type":"Nebezpečný obsah","unsafe-content-type-error":"Stránka nemôže byť zobrazená, pretože to nemusí byť bezpečné.","corrupted-content":"Stránku nie je možné zobraziť","corrupted-content-error":"Túto stránku nie je možné zobraziť, pretože pri prenose údajov sa vyskytla chyba.","network-connection-unavailable":"Pripojenie k sieti je nedostupné","network-error":"{{name}} požaduje pripojenie k sieti. Skúste sa pripojiť k sieti Wi-Fi alebo k mobilnému internetu.","network-error-launching":"{{name}} vyžaduje pripojenie k internetu.","network-error-in-app":"Pripojenie k internetu nie je v tejto chvíli dostupné.","unable-to-connect":"Nepodarilo sa pripojiť","try-again":"Skúsiť znova","check-settings":"Skontrolovať nastavenia","tap-to-check-settings":"Ťuknutím skontrolujete nastavenia","select-time":"Zadajte čas","choose-option":"Zvoľte","choose-options":"Zvoľte","select-day":"Zvoľte deň","battery-almost-empty":"Batéria je takmer vybitá","add-to-home-screen":"Pridať na úvodnú obrazovku","share":"Zdieľať","crash-dialog2-os":"Systém {{brandShortName}} bol obnovený po zlyhaní","crash-dialog-app":"Aplikácia {{name}} zlyhala","crash-dialog-message":"Chcete odoslať Mozille hlásenie o zlyhaní a pomôcť tak opraviť problém? Hlásenia sú odosielané iba cez sieť Wi-Fi.","crash-info-link":"Čo obsahuje hlásenie o zlyhaní?","crash-always-report":"Ak dôjde k zlyhaniu, vždy odoslať Mozille hlásenie","crash-dont-send":"Neodosielať","crash-end":"Odoslať hlásenie","crashReports":"Hlásenie o zlyhaní","done":"Hotovo","crash-reports-description-1":"Hlásenie o zlyhaní obsahuje niektoré informácie o zlyhaní a vašom zariadení. Rovnako tak obsahuje obrázok stavu vášho zariadenia v čase jeho zlyhania.","crash-reports-description-2":"Môže ísť o otvorené stránky, aplikácie, text zadaný do formulárov, obsah otvorených správ, nedávnu históriu prehliadania alebo informácie o polohe používané otvorenou aplikáciou.","crash-reports-description-3-start":"Hlásenia o zlyhaniach používame pri opravách problémov a vylepšovaní našich produktov. S vašimi informáciami pracujeme tak, ako je popísané v našich ","crash-reports-description-3-privacy":"zásadách ochrany súkromia","crash-reports-description-3-end":".","crash-banner-os2":"{{brandShortName}} zlyhal.","crash-banner-app":"Aplikácia {{name}} zlyhala.","crash-banner-report":"Správa","bluetooth-sending-progress":"Odchádzajúci prenos cez Bluetooth","bluetooth-receiving-progress":"Prichádzajúci prenos cez Bluetooth","acceptFileTransfer":"Prijať prenos súboru cez Bluetooth?","wantToReceiveFile":"Zariadenie {{deviceName}} sa pokúša o prenos súboru {{fileName}} ({{fileSize}}).","transfer-confirmation-title":"{{deviceName}}","transfer-confirmation-description":"Požiadavka na prijatie súboru","byteUnit-B":"bajtov","byteUnit-KB":"kB","byteUnit-MB":"MB","byteUnit-GB":"GB","byteUnit-TB":"TB","byteUnit-PB":"PB","byteUnit-EB":"EB","byteUnit-ZB":"ZB","byteUnit-YB":"YB","fileSize":"{{size}} {{unit}}","deny":"Odmietnuť","transfer":"Preniesť","cancelFileTransfer":"Zrušiť prenos súboru cez Bluetooth?","continueFileTransfer":"Pokračovať","transfer-has-started-title":"Prenos spustený","transfer-has-started-description":"Stav zistíte na paneli upozornení","transferFinished-sentSuccessful-title":"Súbor odoslaný","transferFinished-receivedSuccessful-title":"Súbor prijatý","transferFinished-sentFailed-title":"Súbor nemohol byť odoslaný","transferFinished-receivedFailed-title":"Súbor nemohol byť prijatý","transferReport-title":"Správa o prenose:","transferReport-description":"Úspešne prenesené: {{numSuccessful}}, neúspešné: {{numUnsuccessful}}","unknown-file":"Neznámy súbor","unknown-device":"Neznáme zariadenie","cannotOpenFile":"Prenesený súbor nie je možné otvoriť","unknownMediaTypeToOpen":"Nie je možné otvoriť neznámy typ média:","cannotReceiveFile":"Súbor nie je možné prijať","cannotGetStorageState":"Nie je možné zistiť stav úložného priestoru","sdcard-not-exist2":"Nebola nájdená žiadna pamäťová karta. Prosím, vložte pamäťovú kartu.","sdcard-in-use":"Bluetooth nie je možné použiť pri pripojenom telefóne. Pre prijatie súboru odpojte telefón.","sdcard-no-space2":"Prenos sa nepodarilo dokončiť: pamäťová karta je plná.","unknown-error":"Neznáma chyba","confirm":"Potvrdiť","microphone-is-on":"Mikrofón je zapnutý","camera-is-on":"Kamera je zapnutá","media-is-on":"Kamera a mikrofón sú zapnuté","noSimCard":"Žiadna karta SIM","simPin":"Kód PIN karty SIM","pukCode":"Kód PUK","nckCode":"Kód NCK","cckCode":"Kód CCK","spckCode":"Kód SPCK","nck1code":"Kód NCK1","nck2code":"Kód NCK2","hnckcode":"Kód HNCK","rcckcode":"Kód RCCK","rspckcode":"Kód RSPCK","whatIsSimPin":"Čo je SIM PIN?","simPinIntro1":"Kód PIN chráni prístup karty SIM k mobilným sieťam. Keď je povolený, akékoľvek zariadenie s touto kartou SIM bude po reštarte vyžadovať zadanie kódu PIN.","simPinIntro2":"Kód PIN nie je to isté ako heslo používané na odblokovanie zariadenia.","changeSimPin":"Zmeniť PIN","pinTitle":"Zadajte kód PIN","multiSIMpinTitle":"Zadajte kód SIM{{n}} PIN","pukTitle":"Zadajte kód PUK","nckTitle":"Zadajte kód NCK","cckTitle":"Zadajte kód CCK","spckTitle":"Zadajte kód SPCK","nck1Title":"Zadajte kód NCK1","nck2Title":"Zadajte kód NCK2","hnckTitle":"Zadajte kód HNCK","rcckTitle":"Zadajte kód RCCK","rspckTitle":"Zadajte kód RSPCK","newpinTitle":"Nový PIN","inputCodeRetriesLeft":{"_index":["plural","n"],"_":{"one":"Posledný pokus.","two":"Ostávajú {{n}} pokusy.","few":"Ostávajú {{n}} pokusy.","many":"Ostáva {{n}} pokusov.","other":"Ostáva {{n}} pokusov."}},"pinErrorMsg":"Kód PIN nie je správny.","pinAttemptMsg2":{"_index":["plural","n"],"_":{"one":"Máte posledný pokus na zadanie správneho kódu pred uzamknutím karty SIM.","two":"Ostávajú {{n}} pokusy na zadanie správneho kódu pred uzamknutím karty SIM.","few":"Ostávajú {{n}} pokusy na zadanie správneho kódu pred uzamknutím karty SIM.","many":"Ostáva {{n}} pokusov na zadanie správneho kódu pred uzamknutím karty SIM.","other":"Ostáva {{n}} pokusov na zadanie správneho kódu pred uzamknutím karty SIM."}},"pinLastChanceMsg":"Toto je posledná šanca na zadanie správneho kódu PIN. V opačnom prípade bude nutné zadať kód PUK tejto karty SIM.","simCardLockedMsg":"Karta SIM je uzamknutá.","enterPukMsg":"Musíte zadať kód PUK (Personal Unlocking Key) pridelený vašej karte SIM. Ďalšie informácie nájdete v dokumentácii k vašej karte SIM alebo kontaktujte svojho operátora.","pukErrorMsg":"Kód PUK je nesprávny.","pukAttemptMsg2":{"_index":["plural","n"],"_":{"one":"Máte posledný pokus na zadanie správneho kódu pred úplným zablokovaním karty SIM. Ďalšie informácie nájdete v dokumentácii k vašej karte SIM alebo kontaktujte svojho operátora.","two":"Ostávajú {{n}} pokusy na zadanie správneho kódu pred úplným zablokovaním karty SIM. Ďalšie informácie nájdete v dokumentácii k vašej karte SIM alebo kontaktujte svojho operátora.","few":"Ostávajú {{n}} pokusy na zadanie správneho kódu pred úplným zablokovaním karty SIM. Ďalšie informácie nájdete v dokumentácii k vašej karte SIM alebo kontaktujte svojho operátora.","many":"Ostáva {{n}} pokusov na zadanie správneho kódu pred úplným zablokovaním karty SIM. Ďalšie informácie nájdete v dokumentácii k vašej karte SIM alebo kontaktujte svojho operátora.","other":"Ostáva {{n}} pokusov na zadanie správneho kódu pred úplným zablokovaním karty SIM. Ďalšie informácie nájdete v dokumentácii k vašej karte SIM alebo kontaktujte svojho operátora."}},"pukLastChanceMsg":"Ostáva {{n}} pokusov na zadanie správneho kódu pred úplným zablokovaním karty SIM. Ďalšie informácie nájdete v dokumentácii k vašej karte SIM alebo kontaktujte svojho operátora.","newSimPinMsg":"Vytvoriť kód PIN (musí obsahovať 4 až 8 číslic)","confirmNewSimPinMsg":"Potvrdiť nový PIN","newPinErrorMsg":"Zadané kódy PIN sa nezhodujú.","nckErrorMsg":"Kód NCK je nesprávny.","nckAttemptMsg2":{"_index":["plural","n"],"_":{"one":"Požiadavka 'Network depersonalization' zlyhala. Máte posledný pokus na zadanie správneho kódu. Ďalšie informácie nájdete v dokumentácii k vášmu zariadeniu alebo kontaktujte svojho operátora.","two":"Požiadavka 'Network depersonalization' zlyhala. Ostávajú {{n}} pokusy na zadanie správneho kódu. Ďalšie informácie nájdete v dokumentácii k vášmu zariadeniu alebo kontaktujte svojho operátora.","few":"Požiadavka 'Network depersonalization' zlyhala. Ostávajú {{n}} pokusy na zadanie správneho kódu. Ďalšie informácie nájdete v dokumentácii k vášmu zariadeniu alebo kontaktujte svojho operátora.","many":"Požiadavka 'Network depersonalization' zlyhala. Ostáva {{n}} pokusov na zadanie správneho kódu. Ďalšie informácie nájdete v dokumentácii k vášmu zariadeniu alebo kontaktujte svojho operátora.","other":"Požiadavka 'Network depersonalization' zlyhala. Ostáva {{n}} pokusov na zadanie správneho kódu. Ďalšie informácie nájdete v dokumentácii k vášmu zariadeniu alebo kontaktujte svojho operátora."}},"nckLastChanceMsg":"Požiadavka 'Network depersonalization' zlyhala. Toto je posledná šanca na zadanie správneho kódu NCK. Ďalšie informácie nájdete v dokumentácii k vášmu zariadeniu alebo kontaktujte svojho operátora.","activity-pick":"Vybrať z:","activity-view":"Zobraziť pomocou:","activity-test":"Otestovať pomocou:","activity-share":"Zdieľať pomocou:","activity-new":"Vytvoriť pomocou:","activity-open":"Otvoriť pomocou:","activity-save-bookmark":"Pridať medzi záložky:","activity-record":"Nahrať z:","activity-browse":"Prehliadať pomocou:","activity-configure":"Nastaviť pomocou:","activity-dial":"Zavolať z:","persona-signin":"Prihlásiť","payment-flow":"Kúpiť","remoteDebuggerMessage":"Bola zaznamenaná požiadavka na vzdialené pripojenie pre účely ladenia. Povoliť pripojenie?","fullscreen-request":"{{origin}} je teraz v režime celej obrazovky.","captive-wifi-available":"Zistená sieť {{networkName}}. Pripojiť k sieti?","ceWarningtitle":"Zvukové upozornenie","ceWarningcontent":"Aby sa zabránilo poškodeniu sluchu, prosím, nepočúvajte hudbu pri vysokej hlasitosti v dlhších časových úsekoch.","notification-powersaving-mode-on-title":"Režim úspory energie","notification-powersaving-mode-on-description":"Režim úspory energie je zapnutý.","low-device-storage":"Málo voľného miesta.\\n","free-space":{"_index":["plural","value"],"_":{"zero":"Nezostáva žiadne voľné miesto.","one":"Zostáva menej ako {{value}} {{unit}}.","two":"Zostáva menej ako {{value}} {{unit}}.","few":"Zostáva menej ako {{value}} {{unit}}.","many":"Zostáva menej ako {{value}} {{unit}}.","other":"Zostáva menej ako {{value}} {{unit}}."}},"unknown-free-space":"Neznáme množstvo zostávajúceho miesta.","system-alert":"Systémové upozornenie","cb-channel":"Kanál {{channel}}","cb-etws-warningType-earthquake":"Varovanie pred zemetrasením!","cb-etws-warningType-tsunami":"Varovanie pred tsunami!","cb-etws-warningType-earthquake-tsunami":"Varovanie pred zemetrasením a tsunami!","cb-etws-warningType-test":"Testuje sa systém varovnia.","cb-etws-warningType-other":"Núdzové varovanie!","icc-message-maintitle":"Operator message","icc-message-subtitle":"SIM {{id}}","icc-confirmCall-defaultmessage":"Volať {{number}}?","icc-alertMessage-defaultmessage":"Odosiela sa správa","icc-confirmMessage-defaultmessage":"Odoslať správu?","icc-inputbox-maintitle":"STK Query","icc-inputbox-subtitle":"SIM {{id}}","emergency-callback-mode":"Režim tiesňového spätného volania","emergency-callback-message":"Kvôli režimu tiesňového spätného volania sú volania, posielanie správ a internet vypnuté. Chcete vypnúť tento režim?","cdma-record-info":"Informácie o zázname CDMA","ime-switching-title":"{{appName}}: {{name}}","ime-switching-tip":"Ťuknutím prepnete metódu vstupu","shrinking-tip":"Potiahnutím zdieľať","download_started":"Preberanie spustené","download_stopped":"Preberanie zastavené","download_downloading":"Preberá sa…","download_succeeded":"Preberanie dokončené","download_failed":"Preberanie zlyhalo","download_text_by_default":"{{name}}","download_downloading_text_2":"{{percentage}}% - {{name}}","search-or-enter-address":{"_":"Zadajte hľadanie alebo adresu","placeholder":"Zadajte hľadanie alebo adresu"},"noSIMCardInHotspot":"Karta SIM chýba alebo nie je vložená správne, takže hotspot bude vypnutý","noHopspotWhenAPMisOn":"Ak chcete používať Wi-Fi hotspot, vypnite režim V lietadle","apmActivated":"Režim V lietadle aktivovaný","open-in-new-tab":"Otvoriť odkaz na novej karte","add-link-to-home-screen":"Pridať odkaz na Úvodnú obrazovku","share-link":"Zdieľať odkaz","save-image":"Uložiť obrázok","save-video":"Uložiť video","save-audio":"Uložiť zvuk","save-link":"Save linked file","share-image":"Share Image","share-video":"Share Video","share-audio":"Share Audio","weekday-0-long":"Nedeľa","weekday-1-long":"Pondelok","weekday-2-long":"Utorok","weekday-3-long":"Streda","weekday-4-long":"Štvrtok","weekday-5-long":"Piatok","weekday-6-long":"Sobota","weekday-0-short":"Ne","weekday-1-short":"Po","weekday-2-short":"Ut","weekday-3-short":"St","weekday-4-short":"Št","weekday-5-short":"Pi","weekday-6-short":"So","month-0-long":"Január","month-1-long":"Február","month-2-long":"Marec","month-3-long":"Apríl","month-4-long":"Máj","month-5-long":"Jún","month-6-long":"Júl","month-7-long":"August","month-8-long":"September","month-9-long":"Október","month-10-long":"November","month-11-long":"December","month-0-genitive":"januára","month-1-genitive":"februára","month-2-genitive":"marca","month-3-genitive":"apríla","month-4-genitive":"mája","month-5-genitive":"júna","month-6-genitive":"júla","month-7-genitive":"augusta","month-8-genitive":"septembra","month-9-genitive":"októbra","month-10-genitive":"novembra","month-11-genitive":"decembra","month-0-short":"jan","month-1-short":"feb","month-2-short":"mar","month-3-short":"apr","month-4-short":"máj","month-5-short":"jún","month-6-short":"júl","month-7-short":"aug","month-8-short":"sep","month-9-short":"okt","month-10-short":"nov","month-11-short":"dec","minutes-ago-long":{"_index":["plural","value"],"_":{"zero":"teraz","one":"pred minútou","two":"pred {{value}} minútami","few":"pred {{value}} minútami","many":"pred {{value}} minútami","other":"pred {{value}} minútami"}},"hours-ago-long":{"_index":["plural","value"],"_":{"zero":"teraz","one":"pred hodinou","two":"pred {{value}} hodinami","few":"pred {{value}} hodinami","many":"pred {{value}} hodinami","other":"pred {{value}} hodinami"}},"days-ago-long":{"_index":["plural","value"],"_":{"zero":"dnes","one":"včera","two":"pred {{value}} dňami","few":"pred {{value}} dňami","many":"pred {{value}} dňami","other":"pred {{value}} dňami"}},"weeks-ago-long":{"_index":["plural","value"],"_":{"zero":"tento týždeň","one":"minulý týždeň","two":"pred {{value}} týždňami","few":"pred {{value}} týždňami","many":"pred {{value}} týždňami","other":"pred {{value}} týždňami"}},"months-ago-long":{"_index":["plural","value"],"_":{"zero":"tento mesiac","one":"minulý mesiac","two":"pred {{value}} mesiacmi","few":"pred {{value}} mesiacmi","many":"pred {{value}} mesiacmi","other":"pred {{value}} mesiacmi"}},"years-ago-long":{"_index":["plural","value"],"_":{"zero":"tento rok","one":"minulý rok","two":"pred {{value}} rokmi","few":"pred {{value}} rokmi","many":"pred {{value}} rokmi","other":"pred {{value}} rokmi"}},"minutes-until-long":{"_index":["plural","value"],"_":{"zero":"teraz","one":"o minútu","two":"o {{value}} minúty","few":"o {{value}} minúty","many":"o {{value}} minút","other":"o {{value}} minút"}},"hours-until-long":{"_index":["plural","value"],"_":{"zero":"teraz","one":"o hodinu","two":"o {{value}} hodiny","few":"o {{value}} hodiny","many":"o {{value}} hodín","other":"o {{value}} hodín"}},"days-until-long":{"_index":["plural","value"],"_":{"zero":"dnes","one":"zajtra","two":"o {{value}} dni","few":"o {{value}} dni","many":"o {{value}} dní","other":"o {{value}} dní"}},"weeks-until-long":{"_index":["plural","value"],"_":{"zero":"tento týždeň","one":"budúci týždeň","two":"o {{value}} týždne","few":"o {{value}} týždne","many":"o {{value}} týždňov","other":"o {{value}} týždňov"}},"months-until-long":{"_index":["plural","value"],"_":{"zero":"tento mesiac","one":"budúci mesiac","two":"o {{value}} mesiace","few":"o {{value}} mesiace","many":"o {{value}} mesiacov","other":"o {{value}} mesiacov"}},"years-until-long":{"_index":["plural","value"],"_":{"zero":"tento rok","one":"budúci rok","two":"o {{value}} roky","few":"o {{value}} roky","many":"o {{value}} rokov","other":"o {{value}} rokov"}},"minutes-ago-short":{"_index":["plural","value"],"_":{"zero":"teraz","other":"pred {{value}}m"}},"hours-ago-short":{"_index":["plural","value"],"_":{"zero":"teraz","other":"pred {{value}}h"}},"days-ago-short":{"_index":["plural","value"],"_":{"zero":"dnes","other":"pred {{value}}d"}},"minutes-until-short":{"_index":["plural","value"],"_":{"zero":"teraz","other":"o {{value}}m"}},"hours-until-short":{"_index":["plural","value"],"_":{"zero":"teraz","other":"o {{value}}h"}},"days-until-short":{"_index":["plural","value"],"_":{"zero":"dnes","other":"o {{value}}d"}},"incorrectDate":"(neplatný dátum)","dateTimeFormat_%c":"%a, %e. %b %Y %H:%M:%S","dateTimeFormat_%x":"%d.%m.%Y","dateTimeFormat_%X":"%H:%M:%S","shortTimeFormat":"%H:%M","shortDateTimeFormat":"%x %H:%M","weekStartsOnMonday":"1","time_am":"AM","time_pm":"PM","title-app":"Oprávnenia aplikácie","title-web":"Oprávnenia webovej stránky","title-cam":"Voľba kamery","perm-contacts":"Kontakty","perm-contacts-appRequest":"{{app}} chce získať prístup k vašim kontaktom.","perm-contacts-webRequest":"{{site}} chce získať prístup k vašim kontaktom.","perm-desktop-notification":"Notifikácie","perm-desktop-notification-appRequest":"{{app}} chce zobrazovať notifikácie.","perm-desktop-notification-webRequest":"{{site}} chce zobrazovať notifikácie.","perm-device-storage-music":"Úložisko pre hudbu","perm-device-storage-music-appRequest":"{{app}} chce získať prístup k vašej hudbe.","perm-device-storage-music-webRequest":"{{site}} chce získať prístup k vašej hudbe.","perm-device-storage-pictures":"Úložisko pre obrázky","perm-device-storage-pictures-appRequest":"{{app}} chce získať prístup k vašim obrázkom.","perm-device-storage-pictures-webRequest":"{{site}} chce získať prístup k vašim obrázkom.","perm-device-storage-sdcard":"SD karta","perm-device-storage-sdcard-appRequest":"{{app}} chce získať prístup k vašej pamäťovej karte.","perm-device-storage-sdcard-webRequest":"{{site}} chce získať prístup k vašej pamäťovej karte.","perm-device-storage-videos":"Úložisko pre videá","perm-device-storage-videos-appRequest":"{{app}} chce získať prístup k vašim videám.","perm-device-storage-videos-webRequest":"{{site}} chce získať prístup k vašim videám.","perm-fmradio":"FM Rádio","perm-fmradio-appRequest":"{{app}} chce používať vaše FM Rádio.","perm-fmradio-webRequest":"{{site}} chce používať vaše FM Rádio.","perm-geolocation":"Zisťovanie polohy","perm-geolocation-appRequest":"{{app}} chce vedieť, kde sa nachádzate.","perm-geolocation-webRequest":"{{site}} chce vedieť, kde sa nachádzate.","perm-geolocation-more-info":"{{brandShortName}} používa údaje ako GPS, Wi-Fi a mobilné siete vo vašom okolí na zistenie vašej približnej polohy. Údaje sú odosielané spoločnosti Mozilla a poskytovateľom služby a budú použité na zlepšenie presnosti služby. Údaje môžu byť uložené vo vašom zariadení a ich zbieranie môže prebiehať aj v prípade, že nie sú spustené žiadne aplikácie.","perm-video-capture":"Kamera","perm-video-capture-appRequest":"Chcete zdieľať vašu kameru s aplikáciou {{app}}?","perm-video-capture-webRequest":"Chcete zdieľať vašu kameru so stránkou {{site}}?","perm-audio-capture":"Mikrofón","perm-audio-capture-appRequest":"Chcete zdieľať váš mikrofón s aplikáciou {{app}}?","perm-audio-capture-webRequest":"Chcete zdieľať váš mikrofón so stránkou {{site}}?","perm-media-capture":"Kamera a mikrofón","perm-media-capture-appRequest":"Chcete zdieľať vašu kameru a mikrofón s aplikáciou {{app}}?","perm-media-capture-webRequest":"Chcete zdieľať vašu kameru a mikrofón so stránkou {{site}}?","perm-camera-selector-appRequest":"Zvoľte kameru pre {{app}}.","perm-camera-selector-webRequest":"Zvoľte kameru pre {{site}}.","perm-mobileid":"Mobilná identita","stopped_download_title":"Preberanie zastavené","stopped_download_message":"Preberanie bolo zastavené. Skúsiť znova?","stopped_download_left_button":"Zrušiť","stopped_download_right_button":"Skúsiť znova","failed_download_title":"Preberanie zlyhalo","failed_download_message":"Nepodarilo sa prevziať {{name}}. Skúsiť znova?","failed_download_left_button":"Zrušiť","failed_download_right_button":"Skúsiť znova","stop_download_title":"Zastavenie preberania","stop_download_message":"Naozaj chcete zastaviť preberenie?","stop_download_left_button":"Nie","stop_download_right_button":"Áno","delete_download_title":"Odstránenie","delete_download_message":"Odstrániť {{name}}?","delete_download_left_button":"Zrušiť","delete_download_right_button":"Odstrániť","delete_all_download_title":"Odstránenie","delete_all_download_left_button":"Zrušiť","delete_all_download_right_button":"Odstrániť","delete_all_download_message":{"_index":["plural","number"],"_":{"zero":"Odstrániť žiadny súbor","one":"Odstrániť jeden súbor?","two":"Odstrániť {{number}} súbory?","few":"Odstrániť {{number}} súbory?","many":"Odstrániť {{number}} súborov?","other":"Odstrániť {{number}} súborov?"}},"unsupported_file_type_download_title":"Nepodarilo sa otvoriť","unsupported_file_type_download_message":"Nie je dostupná aplikácia schopná otvoriť {{name}}. Chcete súbor uložiť alebo odstrániť?","unsupported_file_type_download_left_button":"Ponechať súbor","unsupported_file_type_download_right_button":"Odstrániť","file_not_found_download_title":"Súbor nebol nájdený","file_not_found_download_message":"Súbor nebol v zariadení nájdený","file_not_found_download_right_button":"OK","unmounted_sdcard_2_download_title":"Pamäťová karta sa práve používa","unmounted_sdcard_2_download_message":"Odpojte telefón","unmounted_sdcard_2_download_right_button":"OK","no_provider_download_title":"Zdieľanie nie je možné","no_provider_download_message":"Nebol nájdený žiadny poskytovateľ","no_provider_download_right_button":"OK","no_memory_download_title":"Pamäťová karta je plná","no_memory_download_message":"Na vašej pamäťovej karte nie je dostatok voľného miesta na uloženie preberaného súboru. Uvoľnite miesto a skúste to znova.","no_memory_download_right_button":"OK","no_sdcard_found_2_download_title":"Nebola nájdená žiadna pamäťová karta","no_sdcard_found_2_download_message":"Vložte pamäťovú kartu alebo v nastaveniach zvoľte alternatívne úložisko pre médiá","no_sdcard_found_2_download_right_button":"OK","file_open_error_download_title":"Nepodarilo sa otvoriť","file_open_error_download_message":"Pri otváraní súboru {{name}} sa vyskytla chyba. Chcete súbor uložiť alebo odstrániť?","file_open_error_download_left_button":"Ponechať súbor","file_open_error_download_right_button":"Odstrániť","restart_download_error":"Pri opätovnom spustení preberania sa vyskytla chyba. Skúste to znova.","no-downloads":"Žiadne prevzaté súbory","percentage":"{{percentage}} %","partialResult":"{{partial}} z {{total}}","summary":"{{date}} - {{status}}","download-stopped":"Zrušené","download-failed":"Prevzatie zlyhalo","open_downloaded_file":"Otvoriť","share_downloaded_file":"Zdieľať","wallpaper_downloaded_file":"Nastaviť ako tapetu","ringtone_downloaded_file":"Nastaviť ako tón vyzváňania","cancel_downloaded_file":"Zrušiť","voicemailNoNumberTitle":"Číslo odkazovej schránky nie je dostupné","voicemailNoNumberText":"Nie je možné volať do odkazovej schránky. Najskôr je potrebné nastaviť číslo odkazovej schránky.","voicemailNoNumberSettings":"Nastavenia","voicemailNoNumberCancel":"Zrušiť","resend":"Znova odoslať","connecting":"Pripája sa","verify":"Overiť","verifying":"Overuje sa","verified":"Overené","mobileIDExplanation":"Aplikácia {{app_name}} by chcela poznať a overiť vaše telefónne číslo. Zvoľte číslo, ktoré chcete zdieľať alebo zadajte iné číslo.","verificationCodeExplanation":"Na telefónne číslo {{phone_number}} sme odoslali overovací kód. Pokúsime sa ho zachytiť automaticky, ale ak sa zariadenie nepoužíva, budete ho musieť zadať manuálne.","successMessage":"Super! Vaše telefónne číslo {{phone_number}} je teraz overené a dostupné pre aplikáciu {{app_name}}.","serverErrorMessage":"Overovací server práve nie je dostupný. Overte pripojenie k internetu, skúste to znova alebo počkajte niekoľko minút.","timeoutErrorMessage":"Zdá sa, že sa vyskytol problém s overovacím kódom. Skúsme to znova!","errorTitle":"Mobilná identita","addPhoneNumber":"Alebo zadajte nové telefónne číslo","selectPhoneNumber":"Alebo zvoľte telefónne číslo zo zoznamu"}