{"firefox-accounts-title":"Llogari Firefox","fxa-next":"Pasuesi","fxa-back":"Mbrapsht","fxa-done":"U bë","fxa-ok":"OK","fxa-connection-error-title":"I pazoti të Lidhet","fxa-connection-error-message":"Mund të krijoni një llogari ose të bëni hyrjen që nga Rregullimet.","fxa-reset-password-error-title":"Ricaktoni Fjalëkalimin","fxa-reset-password-error-message":"Fjalëkalimin mund ta ricaktoni te Rregullimet.","fxa-coppa-failure-error-title":"Nuk Krijohet Dot Llogaria","fxa-coppa-failure-error-message":"Duhet të plotësoni disa domosdoshmëri mbi moshën, para se të mundni të krijoni një llogari Firefox Account. {{learnmore}}","fxa-learn-more":"Mësoni më tepër","fxa-offline-error-title":"I pazoti të Lidhet","fxa-offline-error-message":"Ju lutemi, lidhuni me një rrjet, te Rregullimet.","fxa-invalid-email-title":"Gabim","fxa-invalid-email-message":"Ju lutemi, jepni një email të vlefshëm.","fxa-invalid-password-title":"Fjalëkalim i Pavlefshëm","fxa-invalid-password-message":"Ju lutemi, kontrolloni fjalëkalimin tuaj dhe riprovoni.","fxa-unknown-error-title":"I pazoti të Lidhet","fxa-unknown-error-message":"Sistem ende jo gati, riprovoni së shpejti.","fxa-connecting":"Po lidhet","fxa-enter-email-input":{"placeholder":"Jepni email-in tuaj"},"fxa-use-email-to-sign-in":"Përdorni adresën tuaj email për të krijuar një logari ose për të hyrë në të.","fxa-notice":"Duke vazhduar, pajtohem me {{tos}} dhe {{pn}} të shërbimeve re Firefox.","fxa-tos":"Kushtet e Shërbimit","fxa-pn":"Shënimet Mbi Privatësinë","fxa-create-password-title":"Krijoni një Fjalëkalim","fxa-enter-password-title":"Jepni Fjalëkalimin Tuaj","fxa-hello-user":"Tungjatjeta, {{email}}","fxa-password-refresh":"Ju lutemi, që të vazhdoni jepni fjalëkalimin tuaj për Firefox Account.","fxa-password":{"placeholder":"Fjalëkalimi"},"fxa-forgot-your-password":"Harruat fjalëkalimin tuaj?","fxa-show-password":"Shfaqe fjalëkalimin","fxa-password-length-requirement":"Fjalëkalimi duhet të jetë të paktën 8 shenja i gjatë.","fxa-success":"Sukses!","fxa-ready-to-go":"Llogaria juaj Firefox është gati! ","fxa-use-features":"Tani mund të përdorni veçori të tilla si Gjeje Pajisjen Time dhe zbatime si Firefox Marketplace-i.","fxa-access-manage-account-settings":"Në të ardhmen, mund të hyni dhe administroni llogarinë tuaj që nga Rregullimet.","fxa-confirm-account":"Ripohoni Llogarinë Tuaj","fxa-will-send-email":"Do të dërgojmë një email te: {{email}}","fxa-signup-click-verification-link-in-email":"Herës tjetër që hapni postën tuaj, klikoni mbi lidhjen e verifikimit që të ripohoni Llogarinë tuaj Firefox.","fxa-age-verification":"Kontrollor Moshe","fxa-age-1990-earlier":"1990 ose më parë","fxa-year-of-birth":"Vit i Lindjes","brandShortName":"B2G OS","browserBrandShortName":"Shfletues Web","browserBrandFullName":"Shfletuesi Web i Mozilla-s","accessibility-enableScreenReaderSteps":"To enable screen reader, press volume up then volume down buttons three more times","accessibility-disableScreenReaderSteps":"To disable screen reader, press volume up then volume down buttons three more times","accessibility-screenReaderStarted":"Screen reader started","accessibility-screenReaderStopped":"Screen reader stopped","accessibility-menubar":"menu bar","accessibility-scrollbar":"scroll bar","accessibility-grip":"grip","accessibility-alert":"alert","accessibility-menupopup":"menu popup","accessibility-document":"document","accessibility-pane":"pane","accessibility-dialog":"dialog","accessibility-separator":"separator","accessibility-toolbar":"toolbar","accessibility-statusbar":"status bar","accessibility-table":"table","accessibility-columnheader":"column header","accessibility-rowheader":"row header","accessibility-column":"column","accessibility-row":"row","accessibility-cell":"cell","accessibility-link":"link","accessibility-list":"list","accessibility-listitem":"list item","accessibility-outline":"outline","accessibility-outlineitem":"outline item","accessibility-pagetab":"tab","accessibility-propertypage":"property page","accessibility-graphic":"graphic","accessibility-pushbutton":"button","accessibility-checkbutton":"check button","accessibility-radiobutton":"radio button","accessibility-combobox":"combo box","accessibility-progressbar":"progress bar","accessibility-slider":"slider","accessibility-spinbutton":"spin button","accessibility-diagram":"diagram","accessibility-animation":"animation","accessibility-equation":"equation","accessibility-buttonmenu":"button menu","accessibility-whitespace":"white space","accessibility-pagetablist":"tab list","accessibility-canvas":"canvas","accessibility-checkmenuitem":"check menu item","accessibility-label":"label","accessibility-passwordtext":"password text","accessibility-radiomenuitem":"radio menu item","accessibility-textcontainer":"text container","accessibility-togglebutton":"toggle button","accessibility-treetable":"tree table","accessibility-header":"header","accessibility-footer":"footer","accessibility-paragraph":"paragraph","accessibility-entry":"entry","accessibility-caption":"caption","accessibility-heading":"heading","accessibility-section":"section","accessibility-form":"form","accessibility-comboboxlist":"combo box list","accessibility-comboboxoption":"combo box option","accessibility-imagemap":"image map","accessibility-listboxoption":"option","accessibility-listbox":"list box","accessibility-flatequation":"flat equation","accessibility-gridcell":"gridcell","accessibility-note":"note","accessibility-figure":"figure","accessibility-definitionlist":"definition list","accessibility-term":"term","accessibility-definition":"definition","accessibility-textarea":"text area","accessibility-textInputType_date":"date","accessibility-textInputType_email":"e-mail","accessibility-textInputType_search":"search","accessibility-textInputType_tel":"telephone","accessibility-textInputType_url":"URL","accessibility-headingLevel":"heading level {{0}}","accessibility-listStart":"First item","accessibility-listEnd":"Last item","accessibility-listItemsCount":{"_index":["plural","count"],"_":{"zero":"{{count}} items","one":"{{count}} item","two":"{{count}} items","few":"{{count}} items","many":"{{count}} items","other":"{{count}} items"}},"accessibility-objItemOfN":"{{0}} of {{1}}","accessibility-banner":"banner","accessibility-complementary":"complementary","accessibility-contentinfo":"content info","accessibility-main":"main","accessibility-navigation":"navigation","accessibility-search":"search","accessibility-tblColumnInfo":{"_index":["plural","count"],"_":{"zero":"with {{count}} columns","one":"with {{count}} column","two":"with {{count}} columns","few":"with {{count}} columns","many":"with {{count}} columns","other":"with {{count}} columns"}},"accessibility-tblRowInfo":{"_index":["plural","count"],"_":{"zero":"and {{count}} rows","one":"and {{count}} row","two":"and {{count}} rows","few":"and {{count}} rows","many":"and {{count}} rows","other":"and {{count}} rows"}},"accessibility-columnInfo":"Column {{0}}","accessibility-rowInfo":"Row {{0}}","accessibility-spansColumns":{"_index":["plural","0"],"_":{"zero":"spans {{0}} columns","one":"spans {{0}} column","two":"spans {{0}} columns","few":"spans {{0}} columns","many":"spans {{0}} columns","other":"spans {{0}} columns"}},"accessibility-spansRows":{"_index":["plural","0"],"_":{"zero":"spans {{0}} rows","one":"spans {{0}} row","two":"spans {{0}} rows","few":"spans {{0}} rows","many":"spans {{0}} rows","other":"spans {{0}} rows"}},"accessibility-jumpAction":"jumped","accessibility-pressAction":"pressed","accessibility-checkAction":"checked","accessibility-uncheckAction":"unchecked","accessibility-selectAction":"selected","accessibility-unselectAction":"unselected","accessibility-openAction":"opened","accessibility-closeAction":"closed","accessibility-switchAction":"switched","accessibility-clickAction":"clicked","accessibility-collapseAction":"collapsed","accessibility-expandAction":"expanded","accessibility-activateAction":"activated","accessibility-cycleAction":"cycled","accessibility-hidden":"hidden","accessibility-tabLoading":"loading","accessibility-tabLoaded":"loaded","accessibility-tabNew":"new tab","accessibility-tabLoadStopped":"loading stopped","accessibility-tabReload":"reloading","accessibility-stateChecked":"checked","accessibility-stateNotChecked":"not checked","accessibility-statePressed":"pressed","accessibility-stateExpanded":"expanded","accessibility-stateCollapsed":"collapsed","accessibility-stateUnavailable":"unavailable","accessibility-stateRequired":"required","accessibility-stateTraversed":"visited","accessibility-stateHasPopup":"has pop up","accessibility-stateSelected":"selected","accessibility-editingMode":"editing","accessibility-navigationMode":"navigating","accessibility-quicknav_Simple":"Default","accessibility-quicknav_Anchor":"Anchors","accessibility-quicknav_Button":"Buttons","accessibility-quicknav_Combobox":"Combo boxes","accessibility-quicknav_Landmark":"Landmarks","accessibility-quicknav_Entry":"Entries","accessibility-quicknav_FormElement":"Form elements","accessibility-quicknav_Graphic":"Images","accessibility-quicknav_Heading":"Headings","accessibility-quicknav_ListItem":"List items","accessibility-quicknav_Link":"Links","accessibility-quicknav_List":"Lists","accessibility-quicknav_PageTab":"Page tabs","accessibility-quicknav_RadioButton":"Radio buttons","accessibility-quicknav_Separator":"Separators","accessibility-quicknav_Table":"Tables","accessibility-quicknav_Checkbox":"Check boxes","accessibility-menubarAbbr":"menu bar","accessibility-scrollbarAbbr":"scroll bar","accessibility-gripAbbr":"grip","accessibility-alertAbbr":"alert","accessibility-menupopupAbbr":"menu popup","accessibility-documentAbbr":"document","accessibility-paneAbbr":"pane","accessibility-dialogAbbr":"dialog","accessibility-separatorAbbr":"separator","accessibility-toolbarAbbr":"toolbar","accessibility-statusbarAbbr":"status bar","accessibility-tableAbbr":"tbl","accessibility-columnheaderAbbr":"column header","accessibility-rowheaderAbbr":"row header","accessibility-columnAbbr":"column","accessibility-rowAbbr":"row","accessibility-cellAbbr":"cell","accessibility-linkAbbr":"lnk","accessibility-listAbbr":"list","accessibility-listitemAbbr":"list item","accessibility-outlineAbbr":"outline","accessibility-outlineitemAbbr":"outline item","accessibility-pagetabAbbr":"tab","accessibility-propertypageAbbr":"property page","accessibility-graphicAbbr":"graphic","accessibility-pushbuttonAbbr":"btn","accessibility-checkbuttonAbbr":"check button","accessibility-radiobuttonAbbr":"radio button","accessibility-comboboxAbbr":"combo box","accessibility-progressbarAbbr":"progress bar","accessibility-sliderAbbr":"slider","accessibility-spinbuttonAbbr":"spin button","accessibility-diagramAbbr":"diagram","accessibility-animationAbbr":"animation","accessibility-equationAbbr":"equation","accessibility-buttonmenuAbbr":"button menu","accessibility-whitespaceAbbr":"white space","accessibility-pagetablistAbbr":"tab list","accessibility-canvasAbbr":"canvas","accessibility-checkmenuitemAbbr":"check menu item","accessibility-labelAbbr":"label","accessibility-passwordtextAbbr":"passwdtxt","accessibility-radiomenuitemAbbr":"radio menu item","accessibility-textcontainerAbbr":"text container","accessibility-togglebuttonAbbr":"toggle button","accessibility-treetableAbbr":"tree table","accessibility-headerAbbr":"header","accessibility-footerAbbr":"footer","accessibility-paragraphAbbr":"paragraph","accessibility-entryAbbr":"entry","accessibility-captionAbbr":"caption","accessibility-headingAbbr":"heading","accessibility-sectionAbbr":"section","accessibility-formAbbr":"form","accessibility-comboboxlistAbbr":"combo box list","accessibility-comboboxoptionAbbr":"combo box option","accessibility-imagemapAbbr":"imgmap","accessibility-listboxoptionAbbr":"option","accessibility-listboxAbbr":"list box","accessibility-flatequationAbbr":"flat equation","accessibility-gridcellAbbr":"gridcell","accessibility-noteAbbr":"note","accessibility-figureAbbr":"fig","accessibility-definitionlistAbbr":"definition list","accessibility-termAbbr":"term","accessibility-definitionAbbr":"definition","accessibility-textareaAbbr":"txtarea","accessibility-tblColumnInfoAbbr":{"_index":["plural","count"],"_":{"one":"{{count}}c","two":"{{count}}c","few":"{{count}}c","many":"{{count}}c","other":"{{count}}c"}},"accessibility-tblRowInfoAbbr":{"_index":["plural","count"],"_":{"one":"{{count}}r","two":"{{count}}r","few":"{{count}}r","many":"{{count}}r","other":"{{count}}r"}},"accessibility-cellInfoAbbr":"c{{0}}r{{1}}","accessibility-stateCheckedAbbr":"(x)","accessibility-stateUncheckedAbbr":"( )","accessibility-statePressedAbbr":"(x)","accessibility-stateUnpressedAbbr":"( )","ok":"OK","back":"Mbrapsht","help":"Ndihmë","cancel":"Anuloje","close":"Mbylle","skip":"Anashkaloje","clear":{"ariaLabel":"Clear"},"undo":{"ariaLabel":"Zhbëje"},"airplaneMode":"Mënyra Aeroplan","searching":"Po kërkohet…","noNetwork":"Pa rrjet","roaming":"{{operator}} (Roaming)","operator-info":"{{carrier}} {{region}}","emergencyCallsOnly":"Vetëm thirrje urgjencash","emergencyCallsOnly-unknownSIMState":"(gjendje e panjohur SIM-i)","emergencyCallsOnly-noSIM":"(pa SIM)","emergencyCallsOnly-pinRequired":"(PIN SIM-i i domosdoshëm)","emergencyCallsOnly-pukRequired":"(PUK SIM-i i domosdoshëm)","emergencyCallsOnly-networkLocked":"(kyçur nga rrjeti)","emergencyCallsOnly-serviceProviderLocked":"(kyçur nga mundësuesi i shërbimit)","emergencyCallsOnly-corporateLocked":"(kyçur nga korporata)","emergencyCallsOnly-network1Locked":"(kyçur nga network1)","emergencyCallsOnly-network2Locked":"(kyçur nga network2)","emergencyCallsOnly-hrpdNetworkLocked":"(kyçur nga rrjeti hrpd)","emergencyCallsOnly-ruimCorporateLocked":"(ruim i kyçur nga korporata)","emergencyCallsOnly-ruimServiceProviderLocked":"(ruim i kyçur nga mundësuesi i shërbimit)","enterPIN":"Jepni PIN-in","mediaPlaybackTitle":{"ariaLabel":"Titull"},"mediaPlaybackArtist":{"ariaLabel":"Artist"},"mediaPlaybackControls":{"ariaLabel":"Kontrolle loje"},"mediaPlaybackPrevious":{"ariaLabel":"E mëparshmja"},"mediaPlaybackPlay":"Luaje","mediaPlaybackPause":"Pushoje","mediaPlaybackNext":{"ariaLabel":"Pasuesja"},"wifiButton-on":"Wi-Fi on","wifiButton-on-initializing":"Wi-Fi on, po gatitet","wifiButton-off":"Wi-Fi off","dataButton-on":"Të dhëna {{type}} on","dataButton-off":"Të dhëna {{type}} off","bluetoothButton-on":"Bluetooth on","bluetoothButton-on-initializing":"Bluetooth on, po gatitet","bluetoothButton-off":"Bluetooth off","airplaneMode-on":"Mënyra aeroplan on","airplaneMode-off":"Mënyra aeroplan off","settingsButton":{"ariaLabel":"Rregullime"},"utilityTrayGrippy":{"ariaLabel":"Mbylli të dobishmet"},"statusbarLabel":"{{date}}, {{operator}}","statusbarDateFormat":"%e %b","statusbar":{"ariaLabel":"Shtyllë Gjendjeje"},"statusbarBattery":"Bateri {{level}} për qind","statusbarBatteryCharging":"Bateri {{level}} për qind, po ngarkohet","statusbarFlightMode":{"ariaLabel":"Nën mënyrën aeroplan"},"statusbarWiFiConnecting":"Wi-Fi: po lidhet","statusbarWiFiConnected":"Wi-Fi: {{level}} nga 4 viza","statusbarSignal":"Rrjeti {{operator}}, {{level}} nga 5 viza","statusbarSignalRoaming":"Rrjeti {{operator}} (roaming), {{level}} nga 5 viza","statusbarSignalNoneSearching":"Po kërkohet… Vetëm thirrje urgjencash","statusbarHeadphones":{"ariaLabel":"Me kufje"},"statusbarBluetoothHeadphones":{"ariaLabel":"Me kufje Bluetooth"},"statusbarBluetoothTransferring":{"ariaLabel":"Mbartjet Bluetooth aktive"},"statusbarIconOn-tethering":"Tethering on","statusbarIconOnActive-tethering":"Tethering on, active","statusbarAlarm":{"ariaLabel":"Nën alarm"},"statusbarIconOn-bluetooth":"Me Bluetooth hapur","statusbarIconOnActive-bluetooth":"Bluetooth-i i hapur, aktiv","statusbarIconOn-mute":"Pa zë","statusbarIconOn-vibration":"Me dridhje","statusbarRecording":{"ariaLabel":"Nën regjistrim"},"statusbarGeolocation":{"ariaLabel":"Me gjeovendëzim hapur"},"statusbarUsb":{"ariaLabel":"Me USB aktive"},"statusbarForwarding":"Me përcjellje thirrjesh","statusbarPlaying":{"ariaLabel":"Po luhet media"},"statusbarNfc":{"ariaLabel":"NFC aktive"},"statusbarDownloads":{"ariaLabel":"Po shkarkohet…"},"statusbarNetworkActivity":{"ariaLabel":"Me punim në rrjet"},"statusbarEmergencyCBNotification":{"ariaLabel":"Emergency callback"},"statusbarNotifications":{"_index":["plural","n"],"_":{"one":"{{n}} njoftim","two":"{{n}} njoftime","few":"{{n}} njoftime","many":"{{n}} njoftime","other":"{{n}} njoftime"}},"statusbarNotifications-unread":{"_index":["plural","n"],"_":{"one":"{{n}} njoftim i palexuar","two":"{{n}} njoftime të palexuar","few":"{{n}} njoftime të palexuar","many":"{{n}} njoftime të palexuar","other":"{{n}} njoftime të palexuar"}},"notifications":"Njoftime","clear-all":"Fshiji krejt","attentionScreen-tapToShow":"Prekeni që të shfaqet","newVoicemails":{"_index":["plural","n"],"_":{"zero":"Pa mesazh zanor të ri","one":"Një mesazh zanor i ri","two":"{{n}} mesazhe zanorë të rinj","few":"{{n}} mesazhe zanorë të rinj","many":"{{n}} mesazhe zanorë të rinj","other":"{{n}} mesazhe zanorë të rinj"}},"newVoicemailsUnknown":"Mesazh i ri zanor","dialNumber":"Bjeri {{number}}","voicemailNotificationMultiSim":"(SIM {{n}}) {{title}}","confirmNFCConnectBTenabledNameUnknown":"Jeni i sigurt se doni të lidheni me pajisjen?","confirmNFCConnectBTdisabledNameUnknown":"Të hapet Bluetooth-i dhe të lidhet me pajisjen?","confirmNFCConnectBTenabledNameKnown":"Jeni i sigurt se doni të lidheni me {{deviceName}}?","confirmNFCConnectBTdisabledNameKnown":"Të hapet Bluetooth-i dhe të lidhet me {{deviceName}}?","confirmNFCConnectBTdisabled":"Hape","dismissNFCConnectBTdisabled":"Anuloje","confirmation":"Ripohim","deviceMenu":"Telefon","airplane":"Aktivizoni Mënyrën Aeroplan","airplaneOff":"Dil nga Mënyra Aeroplan","silent":"Heshturazi për thirrjet ardhëse","normal":"Thirrjet ardhëse të dëgjohen","restart":"Rinise","power":"Fike","no-recent-apps":"Pa zbatime së fundi","yes":"Po","no":"Jo","dontallow":"Mos e lejo","allow":"Lejoje","dontshare-geolocation":"Mos e Jep","share-geolocation":"Jepe","dontshare-audio-capture":"Mos e Jep","share-audio-capture":"Jepe","dontshare-video-capture":"Mos e Jep","share-video-capture":"Jepe","dontshare-media-capture":"Mos e Jep","share-media-capture":"Jepe","device-front":"Kamera Ballore","device-back":"Kamera e Pasme","remember-my-choice":"Mbaje mend zgjedhjen time","more-info":"Më tepër të dhëna…","hide-info":"Fshihi të dhënat","install-app":"Të instalohet {{name}}?","size":"Madhësi","author":"Autor","size-unknown":"E panjohur","author-unknown":"I panjohur","install":"Instaloje","bytes":"bajte","kB":"kB","MB":"MB","GB":"GB","TB":"TB","PB":"PB","app-install-generic-error":"Shkarkimi i {{ appName }} u ndal","app-install-download-failed":"Shkarkimi i {{ appName }} dështoi","app-install-install-failed":"Instalimi i {{ appName }} dështoi","cancelling-will-not-refund":"Anulimi nuk do të sjellë rimbursim blerjeje. Rimbursimi për lëndë të paguar bëhet nga shitësi origjinal.","apps-can-be-installed-later":"Zbatimet mund të instalohen më vonë nga burimi origjinal i instalimit.","are-you-sure-you-want-to-cancel":"Jeni i sigurt se doni të anulohet ky instalim?","cancel-install":"Anulojeni Instalimin","cancel-install-button":"Anuloje Instalimin","resume":"Rimerre","continue":"Vazhdo","stopDownloading":"Të ndalet shkarkimi i {{ app }}?","app-download-can-be-restarted":"Shkarkimi mund të riniset më vonë.","app-download-stop-button":"Ndale Shkarkimin","not-enough-space":"Hapësirë e pamjaftueshme","not-enough-space-message":"Nuk ka hapësirë të mjaftueshme për instalimin e këtij zbatimi. Lironi ca vend, duke fshirë zbatime ose media të vjetër, dhe riprovoni instalimin prej burimit origjinal.","app-install-success":"{{ appName }} u instalua","setup":"Rregullim","ime-addkeyboards":"Shtoni fjalëkyçe","later":"Më vonë","download":"Shkarkoje","wantToDownload":"Të shkarkohet përditësimi tani?","wantToInstall":"Të instalohet përditësimi tani?","installNow":"Instaloje Tani","notNow":"Jo Tani","downloadingUpdateMessage":{"innerHTML":"Po shkarkohen përditësime… <span>është shkarkuar {{ progress }}.</span>"},"downloadingAppMessage":"Po shkarkohet {{ appName }}","downloadingAppProgressNoMax":"{{ progress }} e shkarkimit","downloadingAppProgressIndeterminate":"Po shkarkohet","downloadingAppProgress":"{{ progress }} / {{ max }} e shkarkuar","cancelAllDownloads":"Anuloji krejt shkarkimet","wantToCancelAll":"Jeni i sigurt se doni të anuloni krejt shkarkimet?","downloadError":"Pati një gabim gjatë shkarkimit të përditësimeve.","updateAvailableInfo":{"innerHTML":{"_index":["plural","n"],"_":{"one":"{{ n }} përditësim gati. <span>Për më tepër info, prekeni.</span>","two":"{{ n }} përditësime gati. <span>Për më tepër info, prekeni.</span>","few":"{{ n }} përditësime gati. <span>Për më tepër info, prekeni.</span>","many":"{{ n }} përditësime gati. <span>Për më tepër info, prekeni.</span>","other":"{{ n }} përditësime gati. <span>Për më tepër info, prekeni.</span>"}}},"numberOfUpdates":{"_index":["plural","n"],"_":{"one":"{{ n }} përditësim gati","two":"{{ n }} përditësime gati","few":"{{ n }} përditësime gati","many":"{{ n }} përditësime gati","other":"{{ n }} përditësime gati"}},"systemUpdate":"Përditësim sistemi","systemUpdateReady":"Gati Përditësimi i Sistemit","systemUpdateLowBatteryThreshold":"You need at least {{ threshold }}% battery level to install the update.","required":"I domosdoshëm","uncompressingMessage":{"innerHTML":"Po çngjeshet… <span>Kjo mund të hajë ca minuta.</span>"},"downloadNoWifiWarning":"Nuk gjendet Wi-Fi. Përditësimi përmes lidhjes së tanishme mund të sjellë pagesa shtesë.","downloadOfflineWarning":"Nuk gjendet lidhje. Lidhuni me një rrjet që të shkarkohen përditësimet.","downloadDataConnectionWarning":"Kur nuk gjendet rrjet Wi-Fi, përditësimet shkarkohen përmes një rrjeti të dhënash. Për këtë mundet të aplikohen pagesa shtesë.","downloadUpdatesViaDataConnection":"Të shkarkohen përditësimet përmes lidhjesh për të dhëna?","downloadUpdatesViaDataConnectionMessage":"Kur nuk gjendet rrjet Wi-Fi, përditësimet shkarkohen përmes një rrjeti të dhënash. Kur përdoret lidhje të dhënash,mund të bllokohen thirrjet telefonike dhe mundet gjithashtu t’ju aplikohen pagesa shtesë.","downloadUpdatesVia2GForbidden2":"Downloading updates is not possible on slow connections (2G). Please connect via Wi-Fi or 3G (if available) and try again.","screenshotSaved":"Fotoja u ruajt te Galeria","screenshotFailed":"Fotoja nuk u ruajt dot","screenshotNoSDCard":"Nuk u gjet kartë kujtese","screenshotSDCardInUse":"Karta e kujtesës e zënë në tjetër akt","screenshotSDCardLow":"Pa vend të mjaftë te karta e kujtesës","emergency-call-button":"Thirrje Urgjence","emergency-call":"Thirrje Urgjence","unlock-a11y-button":{"ariaLabel":"Çkyçe"},"camera-a11y-button":{"ariaLabel":"Kamera"},"longDateFormat":"%A, %e %B","panel-passcode":{"ariaLabel":"Panel kodkalimesh"},"lockscreen-sim-id":"SIM {{ n }}","softwareHomeButton":{"ariaLabel":"Kreu"},"login":"Hyni","username":"Emër përdoruesi","password":"Fjalëkalim","http-authentication-message":"Nga {{host}} po kërkohet të jepen emër përdoruesi dhe fjalëkalim. Sajti thotë: “{{realm}}”","error-message":"{{name}} nuk po ngarkohet siç duhet","error-title":"{{name}} po ka probleme","airplane-is-on":"Mënyra Aeroplan është aktive","airplane-is-turned-on":"{{name}} lyp lidhje me një rrjet. Çaktivizojeni Mënyrën Aeroplan prej Rregullimeve dhe lidhuni me një rrjet Wi-Fi ose të dhënash për celular.","server-not-found":"S’u gjet shërbyes","server-not-found-error":"S’gjendet shërbyesi për {{name}}.","file-not-found":"S’u gjet kartelë","file-not-found-error":"Pajisja nuk e shfaq dot këtë faqe, ngaqë kartela nuk gjendet dot.","connection-failed":"Nuk arrin të lidhet","connection-failed-error":"Ndodhi një gabim rrjeti teksa provohej kapja e sajtit.","invalid-connection":"connection-failed=","invalid-connection-error":"Ndodhi një gabim rrjeti teksa provohej kapja e sajtit.","malformed-uri":"URL jo e vlefshme","malformed-uri-error":"URL-ja e dhënë nuk është e vlefshme dhe nuk mund të ngarkohet.","redirect-loop":"S’shfaqet dot faqja","redirect-loop-error":"Pajisja s’e shfaq dot këtë faqe, ngaqë nuk po ridrejtohet si duhet. Riprovojeni këtë faqe më vonë.","not-cached":"Faqja ka skaduar","not-cached-error":"Si masë paraprake sigurie, kjo faqe nuk mund të shfaqet nga pajisja, pasi ka skaduar.","is-printing-error":"Dokumenti nuk mund të ndryshohet teksa Shtypet ose i Parashihet Shtypja.","denied-port-access":"Kjo adresë është e ndaluar","denied-port-access-error":"Kjo adresë përdor një portë rrjeti e cila normalisht përdoret për qëllime të ndryshme nga shfletimi në Web. Për t’ju mbrojtur, pajisja e ka anuluar kërkesën.","proxy-resolve-failure":"Gabim Shërbyesi Ndërmjetës","proxy-resolve-failure-error":"Pajisja është formësuar të përdorë një shërbyes ndërmjetës që nuk gjendet.","proxy-connect-failure":"Gabim Shërbyesi Ndërmjetës","proxy-connect-failure-error":"Pajisja është formësuar të përdorë një shërbyes ndërmjetës që nuk po i pranon lidhjet.","content-encoding":"S’shfaqet dot faqja","content-encoding-error":"Pajisja s’e shfaq dot këtë faqe, ngaqë ndodhi një gabim kodimi lënde.","remote-xul":"Faqe e pambuluar","remote-xul-error":"Kjo faqe s’shfaqet dot, ngaqë përdor një teknologji që nuk mbulohet nga pajisja.","phishing-blocked":"Kudjes","phishing-blocked-error":"Sajti web është raportuar si sajesë web, e hartuar të mashtrojë përdoruesit, për t’i bërë ata të japin të dhëna vetjake ose financiare.","malware-blocked":"U bllokua sulm nga malware","malware-blocked-error":"Sajti është raportuar si sajt sulmesh dhe është bllokuar.","unsafe-content-type":"Lëndë e pasigurt","unsafe-content-type-error":"Faqja nuk mund të shfaqet, ngaqë hapja mund të jetë e rrezikshme.","corrupted-content":"Faqja s’shfaqet dot","corrupted-content-error":"Faqja nuk shfaqet dot, ngaqë u zbulua një gabim në transmetimin e të dhënave.","network-connection-unavailable":"Nuk ka gati lidhje rrjeti","network-error":"{{name}} lyp lidhje me një rrjet. Provoni të lidheni me një rrjet Wi-Fi ose të dhënash për celular.","network-error-launching":"{{name}} lyp lidhje në Internet.","network-error-in-app":"Pa lidhje në Internet hëpërhë.","unable-to-connect":"Nuk arrin të lidhet","try-again":"Riprovoni","check-settings":"Kontrolloni rregullimet","tap-to-check-settings":"Prekeni që të kontrollohen rregullimet","select-time":"Përzgjidhni kohën","choose-option":"Përzgjidheni","choose-options":"Përzgjidhini","select-day":"Përzgjidhni ditën","battery-almost-empty":"Bateri thuajse e zbrazët","add-to-home-screen":"Shtoje te Skena e Kreut","share":"Ndajeni Me të Tjerë","crash-dialog2-os":"{{brandShortName}} sapo u rikthye pas një vithisjeje","crash-dialog-app":"{{name}} sapo u vithis","crash-dialog-message":"Do të donit t’i dërgonit Mozilla-s një njoftim rreth vithisjes që të na ndihmonte ta zgjidhim problemin? (Njoftimet dërgohen vetëm përmes Wi-Fi-së.)","crash-info-link":"Ç’përmban njoftimi i vithisjes?","crash-always-report":"Dërgoji përherë Mozilla-s një njoftim, kur ndodh një vithisje.","crash-dont-send":"Mos Dërgo","crash-end":"Dërgoje Njoftimin","crashReports":"Njoftime Vithisjesh","done":"U bë","crash-reports-description-1":"Një njoftim vithisjeje përmban disa hollësi rreth vithisjes dhe pajisjes suaj, si dhe një përshkrim të gjendjes së pajisjes suaj në kohën kur u vithis.","crash-reports-description-2":"Këtu mund të përfshihen gjëra të tilla si faqet dhe zbatimet e hapura, tekst i shtypur në formularë, lëndë në mesazhe të hapur, historiku i shfletimeve së fundi, ose të dhëna gjeovendëzimi të përdorura nga një zbatim i hapur.","crash-reports-description-3-start":"Njoftimet e vithisjeve përpiqemi t’i përdorim për zgjidhjen e problemeve dhe për përmirësimin e produkteve tona. Të dhënat tuaja i përdorim siç e përshkruajmë te","crash-reports-description-3-privacy":"rregullat tona mbi privatësinë","crash-reports-description-3-end":".","crash-banner-os2":"{{brandShortName}} sapo u vithis.","crash-banner-app":"{{name}} sapo u vithis.","crash-banner-report":"Njoftojeni","bluetooth-sending-progress":"Po dërgohet mbartje Bluetooth…","bluetooth-receiving-progress":"Po merret mbartje Bluetooth…","acceptFileTransfer":"Të pranohet kartelë mbartjeje Bluetooth?","wantToReceiveFile":"{{deviceName}} do të donte të mbarte {{fileName}} ({{fileSize}}).","transfer-confirmation-title":"{{deviceName}}","transfer-confirmation-description":"Shqyrtoni kërkesën për mbartje.","byteUnit-B":"Bajte","byteUnit-KB":"KB","byteUnit-MB":"MB","byteUnit-GB":"GB","byteUnit-TB":"TB","byteUnit-PB":"PB","byteUnit-EB":"EB","byteUnit-ZB":"ZB","byteUnit-YB":"YB","fileSize":"{{size}} {{unit}}","deny":"Mos e Prano","transfer":"Mbarte","cancelFileTransfer":"Të anulohet mbartja e kartelës Bluetooth?","continueFileTransfer":"Vazhdoje","transfer-has-started-title":"Mbartja filloi","transfer-has-started-description":"Ndiqini përmbushjen te qendra e Njoftimeve","transferFinished-sentSuccessful-title":"Kartela u dërgua","transferFinished-receivedSuccessful-title":"Kartela u mor","transferFinished-sentFailed-title":"Kartela nuk u dërgua dot","transferFinished-receivedFailed-title":"Kartela nuk u mor dot","transferReport-title":"Njoftim mbartjeje:","transferReport-description":"Sukses për {{numSuccessful}} kartela, dështim për {{numUnsuccessful}} kartela","unknown-file":"Kartelë e panjohur","unknown-device":"Pajisje e panjohur","cannotOpenFile":"Nuk hapet dot kartela e marrë","unknownMediaTypeToOpen":"Nuk hapet dot lloji i panjohur i medias:","cannotReceiveFile":"Kartela nuk merret dot","cannotGetStorageState":"Nuk analizohet dot gjendje depozitimi e pajisjes","sdcard-not-exist2":"Nuk u gjet kartë kujtese. Ju lutemi, futni një kartë kujtese.","sdcard-in-use":"Bluetooth-i nuk mund të përdoret sa kohë që telefoni është në prizë. Ju lutemi, hiqeni telefonin nga priza që të merrni kartela.","sdcard-no-space2":"Nuk plotësohet dot mbartja: karta e kujtesës është plot.","unknown-error":"Gabim i panjohur","confirm":"Ripohojeni","microphone-is-on":"Mikrofoni është i hapur","camera-is-on":"Kamera është e hapur","media-is-on":"Kamera & Mikrofoni janë HAPUR","noSimCard":"Pa kartë SIM","simPin":"PIN SIM-i","pukCode":"Kod PUK-u","nckCode":"Kod NCK-je","cckCode":"Kod CCK-je","spckCode":"Kod SPCK-je","nck1code":"Kod NCK1-shi","nck2code":"Kod NCK2-shi","hnckcode":"Kod HNCK-je","rcckcode":"Kod RCCK-je","rspckcode":"Kod RSPCK-je","whatIsSimPin":"Çfarë është një PIN SIM-i?","simPinIntro1":"PIN-i i SIM-it pengon hyrjen te rrjete të dhënash celulari me kartë SIM. Kur është i aktivizuar, cilado pajisje që përmban kartën SIM do të kërkojë PIN-in gjatë rinisjes.","simPinIntro2":"PIN-i i SIM-it nuk është i njëjtë me kodkalimin e përdorur për çkyçjen e pajisjes.","changeSimPin":"Ndryshoni PIN-in","pinTitle":"Jepni PIN SIM-i","multiSIMpinTitle":"Jepni PIN SIM-i {{n}}","pukTitle":"Jepni kodin PUK","nckTitle":"Jepni kodin NCK","cckTitle":"Jepni kodin CCK","spckTitle":"Jepni kodin SPCK","nck1Title":"Jepni kodin NCK1","nck2Title":"Jepni kodin NCK2","hnckTitle":"Jepni kodin HNCK","rcckTitle":"Jepni kodin RCCK","rspckTitle":"Jepni kodin RSPCK","newpinTitle":"PIN i ri","inputCodeRetriesLeft":{"_index":["plural","n"],"_":{"one":"Prova e fundit.","two":"Edhe {{n}} prova.","few":"Edhe {{n}} prova.","many":"Edhe {{n}} prova.","other":"Edhe {{n}} prova."}},"pinErrorMsg":"PIN-i nu qe i saktë.","pinAttemptMsg2":{"_index":["plural","n"],"_":{"one":"Ju mbetet ende një provë për të dhënë kodin e saktë, përpara se të kyçet karta SIM.","two":"Ju mbeten ende {{n}} prova për të dhënë kodin e saktë, përpara se të kyçet karta SIM.","few":"Ju mbeten ende {{n}} prova për të dhënë kodin e saktë, përpara se të kyçet karta SIM.","many":"Ju mbeten ende {{n}} prova për të dhënë kodin e saktë, përpara se të kyçet karta SIM.","other":"Ju mbeten ende {{n}} prova për të dhënë kodin e saktë, përpara se të kyçet karta SIM."}},"pinLastChanceMsg":"Ky është shansi juaj i fundit për të dhënë PIN-in e saktë. Përndryshe, që të përdorni këtë kartë SIM duhet të jepni kodin PUK.","simCardLockedMsg":"Karta SIM është kyçur.","enterPukMsg":"Duhet të jepni kodin e Kyçit Personal të Çkyçjes (PUK) për kartën SIM. Për më tepër të dhëna, shihni dokumentimin e kartës suaj SIM ose lidhuni me operatorin tuaj.","pukErrorMsg":"Kodi PUK është i pasaktë.","pukAttemptMsg2":{"_index":["plural","n"],"_":{"one":"Ju mbetet edhe një provë që të jepni kodin e saktë, përpara se kjo kartë SIM të bëhet përgjithmonë e papërdorshme. Për më tepër të dhëna, shihni dokumentimin e kartës suaj SIM ose lidhuni me operatorin tuaj.","two":"Ju mbeten ende {{n}} prova që të jepni kodin e saktë, përpara se kjo kartë SIM të bëhet përgjithmonë e papërdorshme. Për më tepër të dhëna, shihni dokumentimin e kartës suaj SIM ose lidhuni me operatorin tuaj.","few":"Ju mbeten ende {{n}} prova që të jepni kodin e saktë, përpara se kjo kartë SIM të bëhet përgjithmonë e papërdorshme. Për më tepër të dhëna, shihni dokumentimin e kartës suaj SIM ose lidhuni me operatorin tuaj.","many":"Ju mbeten ende {{n}} prova që të jepni e saktë, përpara se kjo kartë SIM të bëhet përgjithmonë e papërdorshme. Për më tepër të dhëna, shihni dokumentimin e kartës suaj SIM ose lidhuni me operatorin tuaj.","other":"Ju mbeten ende {{n}} prova që të jepni kodin e saktë, përpara se kjo kartë SIM të bëhet përgjithmonë e papërdorshme. Për më tepër të dhëna, shihni dokumentimin e kartës suaj SIM ose lidhuni me operatorin tuaj."}},"pukLastChanceMsg":"Shansi i fundit që të jepni kodin e saktë PUK. Karta juaj SIM do të bëhet përgjithmonë e papërdorshme, në rast se jepni gabim kodin PUK. Për më tepër të dhëna, shihni dokumentimin e kartës suaj SIM ose lidhuni me operatorin tuaj.","newSimPinMsg":"Krijoni PIN-in (duhet të përmbajë 4 deri në 8 shifra)","confirmNewSimPinMsg":"Ripohoni PIN-in e ri","newPinErrorMsg":"PIN-et nuk përputhen.","nckErrorMsg":"Kodi NCK është i pasaktë.","nckAttemptMsg2":{"_index":["plural","n"],"_":{"one":"Dështim kërkese heqjeje personalizimi të rrjetit. Ju mbetet edhe një provë që të jepni kodin e saktë. Për më tepër të dhëna, shihni dokumentimin e kartës suaj SIM ose lidhuni me operatorin tuaj.","two":"Dështim kërkese heqjeje personalizimi të rrjetit. Ju mbeten ende {{n}} prova që të jepni kodin e saktë. Për më tepër të dhëna, shihni dokumentimin e kartës suaj SIM ose lidhuni me operatorin tuaj.","few":"Dështim kërkese heqjeje personalizimi të rrjetit. Ju mbeten ende {{n}} prova që të jepni kodin e saktë. Për më tepër të dhëna, shihni dokumentimin e kartës suaj SIM ose lidhuni me operatorin tuaj.","many":"Dështim kërkese heqjeje personalizimi të rrjetit. Ju mbeten ende {{n}} prova që të jepni kodin e saktë. Për më tepër të dhëna, shihni dokumentimin e kartës suaj SIM ose lidhuni me operatorin tuaj.","other":"Dështim kërkese heqjeje personalizimi të rrjetit. Ju mbeten ende {{n}} prova që të jepni kodin e saktë. Për më tepër të dhëna, shihni dokumentimin e kartës suaj SIM ose lidhuni me operatorin tuaj."}},"nckLastChanceMsg":"Dështim kërkese heqjeje personalizimi të rrjetit. Shansi i fundit që të jepni kodin e saktë NCK. Për më tepër të dhëna, shihni dokumentimin e kartës suaj SIM ose lidhuni me operatorin tuaj.","activity-pick":"Përzgjidhni një prej:","activity-view":"Shiheni me:","activity-test":"Testojeni me:","activity-share":"Ndajeni me të tjerët përmes:","activity-new":"Krijoni me:","activity-open":"Hapeni me:","activity-save-bookmark":"Faqeruajeni te:","activity-record":"Regjistroni nga:","activity-browse":"Shfletoni me:","activity-configure":"Formësojeni me:","activity-dial":"Formoni numrin prej:","persona-signin":"Hyni","payment-flow":"Blini","remoteDebuggerMessage":"U kap një kërkesë për lejim lidhjeje diagnostikimi të largët. Të lejohet lidhja?","fullscreen-request":"{{origin}} shfaqet tani sa krejt ekrani.","captive-wifi-available":"U gjet rrjeti {{networkName}}. Të hyhet në rrjet?","ceWarningtitle":"Sinjalizim volumi","ceWarningcontent":"Për të parandaluar dëmtim të mundshëm të dëgjimit, mos dëgjoni për kohë të gjatë me volum të lartë.","notification-powersaving-mode-on-title":"Mënyrë Ruajtje Energjie","notification-powersaving-mode-on-description":"Mënyra e ruajtjes së energjisë është aktive.","low-device-storage":"Hapësirë e pakët në pajisje.\\n","free-space":{"_index":["plural","value"],"_":{"zero":"Nuk ka më hapësirë të lirë.","one":"Mbetet më pak se {{value}} {{unit}}.","two":"Mbetet më pak se {{value}} {{unit}}.","few":"Mbetet më pak se {{value}} {{unit}}.","many":"Mbetet më pak se {{value}} {{unit}}.","other":"Mbetet më pak se {{value}} {{unit}}."}},"unknown-free-space":"Nuk dihet sa hapësirë ka mbetur.","system-alert":"Sinjalizim Sistemi","cb-channel":"Kanali {{channel}}","cb-etws-warningType-earthquake":"Alarm tërmeti!","cb-etws-warningType-tsunami":"Alarm cunami!","cb-etws-warningType-earthquake-tsunami":"Alarm tërmeti dhe cunami!","cb-etws-warningType-test":"Sistemi i alarme=it po testohet.","cb-etws-warningType-other":"Alarm urgjence!","icc-message-maintitle":"Operator message","icc-message-subtitle":"SIM {{id}}","icc-confirmCall-defaultmessage":"Të thirret {{number}}?","icc-alertMessage-defaultmessage":"Dërgim mesazhi","icc-confirmMessage-defaultmessage":"Të dërgohet mesazhi?","icc-inputbox-maintitle":"STK Query","icc-inputbox-subtitle":"SIM {{id}}","emergency-callback-mode":"Mënyra rithirrje urgjence","emergency-callback-message":"Nuk mund të bëni thirrje, të dërgoni mesazhe, ose të jeni në linjë, ngaqë është e aktivizuar mënyra emergency callback. Do të donit të çaktivizohet?","cdma-record-info":"Të dhëna regjistrimi CDMA","ime-switching-title":"{{appName}}: {{name}}","ime-switching-tip":"Prekeni që të ndryshoni metodë futjesh","shrinking-tip":"Rrëshqisni gishtin që të ndahet","download_started":"Shkarkimi filloi","download_stopped":"Shkarkimi u ndal","download_downloading":"Po shkarkohet…","download_succeeded":"Shkarkim i plotë","download_failed":"Shkarkimi dështoi","download_text_by_default":"{{name}}","download_downloading_text_2":"{{percentage}}% - {{name}}","search-or-enter-address":{"_":"Kërkoni ose jepni adresë","placeholder":"Kërkoni ose jepni adresë"},"noSIMCardInHotspot":"Karta SIM mungon ose është futur keq, ndaj fikeni pikën e aksesit","noHopspotWhenAPMisOn":"Dilni nga mënyra aeroplan që të përdorni pikë aksesi Wi-Fi","apmActivated":"Mënyra aeroplan është aktive","open-in-new-tab":"Hape lidhjen në skedë të re","add-link-to-home-screen":"Shtoje lidhjen te kreu","share-link":"Ndajeni Lidhjen Me të Tjerët","save-image":"Ruaje Figurën","save-video":"Ruaje Videon","save-audio":"Ruaje Audion","save-link":"Save linked file","share-image":"Share Image","share-video":"Share Video","share-audio":"Share Audio","weekday-0-long":"E diel","weekday-1-long":"E hënë","weekday-2-long":"E martë","weekday-3-long":"E mërkurë","weekday-4-long":"E enjte","weekday-5-long":"E premte","weekday-6-long":"E shtunë","weekday-0-short":"Die","weekday-1-short":"Hën","weekday-2-short":"Mar","weekday-3-short":"Mër","weekday-4-short":"Enj","weekday-5-short":"Pre","weekday-6-short":"Sht","month-0-long":"Janar","month-1-long":"Shkurt","month-2-long":"Mars","month-3-long":"Prill","month-4-long":"Maj","month-5-long":"Qershor","month-6-long":"Korrik","month-7-long":"Gusht","month-8-long":"Shtator","month-9-long":"Tetor","month-10-long":"Nëntor","month-11-long":"Dhjetor","month-0-genitive":"të Janarit","month-1-genitive":"të Shkurtit","month-2-genitive":"të Marsit","month-3-genitive":"të Prillit","month-4-genitive":"të Majit","month-5-genitive":"të Qershorit","month-6-genitive":"të Korrikut","month-7-genitive":"të Gushtit","month-8-genitive":"të Shtatorit","month-9-genitive":"të Tetorit","month-10-genitive":"të Nëntorit","month-11-genitive":"të Dhjetorit","month-0-short":"Jan","month-1-short":"Shk","month-2-short":"Mar","month-3-short":"Pri","month-4-short":"Maj","month-5-short":"Qer","month-6-short":"Kor","month-7-short":"Gus","month-8-short":"Sht","month-9-short":"Tet","month-10-short":"Nën","month-11-short":"Dhj","minutes-ago-long":{"_index":["plural","value"],"_":{"zero":"mu tani","one":"një minutë më parë","two":"{{value}} minuta më parë","few":"{{value}} minuta më parë","many":"{{value}} minuta më parë","other":"{{value}} minuta më parë"}},"hours-ago-long":{"_index":["plural","value"],"_":{"zero":"mu tani","one":"një orë më parë","two":"{{value}} orë më parë","few":"{{value}} orë më parë","many":"{{value}} orë më parë","other":"{{value}} orë më parë"}},"days-ago-long":{"_index":["plural","value"],"_":{"zero":"sot","one":"dje","two":"{{value}} ditë më parë","few":"{{value}} ditë më parë","many":"{{value}} ditë më parë","other":"{{value}} ditë më parë"}},"weeks-ago-long":{"_index":["plural","value"],"_":{"zero":"këtë javë","one":"javën e kaluar","two":"{{value}} javë më parë","few":"{{value}} javë më parë","many":"{{value}} javë më parë","other":"{{value}} javë më parë"}},"months-ago-long":{"_index":["plural","value"],"_":{"zero":"këtë muaj","one":"muajin e kaluar","two":"{{value}} muaj më parë","few":"{{value}} muaj më parë","many":"{{value}} muaj më parë","other":"{{value}} muaj më parë"}},"years-ago-long":{"_index":["plural","value"],"_":{"zero":"këtë vit","one":"vitin e kaluar","two":"{{value}} vite më parë","few":"{{value}} vite më parë","many":"{{value}} vite më parë","other":"{{value}} vite më parë"}},"minutes-until-long":{"_index":["plural","value"],"_":{"zero":"tani","one":"për një minutë","two":"për {{value}} minuta","few":"për {{value}} minuta","many":"për {{value}} minuta","other":"për {{value}} minuta"}},"hours-until-long":{"_index":["plural","value"],"_":{"zero":"tani","one":"për një orë","two":"për {{value}} orë","few":"për {{value}} orë","many":"për {{value}} orë","other":"për {{value}} orë"}},"days-until-long":{"_index":["plural","value"],"_":{"zero":"sot","one":"nesër","two":"për {{value}} ditë","few":"për {{value}} ditë","many":"për {{value}} ditë","other":"për {{value}} ditë"}},"weeks-until-long":{"_index":["plural","value"],"_":{"zero":"këtë javë","one":"javën pasuese","two":"për {{value}} javë","few":"për {{value}} javë","many":"për {{value}} javë","other":"për {{value}} javë"}},"months-until-long":{"_index":["plural","value"],"_":{"zero":"këtë muaj","one":"muajin pasues","two":"për {{value}} muaj","few":"për {{value}} muaj","many":"për {{value}} muaj","other":"për {{value}} muaj"}},"years-until-long":{"_index":["plural","value"],"_":{"zero":"këtë vit","one":"vitin pasues","two":"për {{value}} vjet","few":"për {{value}} vjet","many":"për {{value}} vjet","other":"për {{value}} vjet"}},"minutes-ago-short":{"_index":["plural","value"],"_":{"zero":"mu tani","other":"{{value}}m më parë"}},"hours-ago-short":{"_index":["plural","value"],"_":{"zero":"mu tani","other":"{{value}}h më parë"}},"days-ago-short":{"_index":["plural","value"],"_":{"zero":"sot","other":"{{value}}d më parë"}},"minutes-until-short":{"_index":["plural","value"],"_":{"zero":"tani","other":"për {{value}}m"}},"hours-until-short":{"_index":["plural","value"],"_":{"zero":"tani","other":"për {{value}}h"}},"days-until-short":{"_index":["plural","value"],"_":{"zero":"sot","other":"për {{value}}d"}},"incorrectDate":"(datë e pasaktë)","dateTimeFormat_%c":"%a %e %b %Y %I:%M:%S %p","dateTimeFormat_%x":"%m/%d/%Y","dateTimeFormat_%X":"%I:%M:%S %p","shortTimeFormat":"%I:%M %p","shortDateTimeFormat":"%x %I:%M %p","weekStartsOnMonday":"0","time_am":"AM","time_pm":"PM","title-app":"Lejim Zbatimi","title-web":"Lejim Sajti Web","title-cam":"Përzgjidhni Kamerë","perm-contacts":"Kontakte","perm-contacts-appRequest":"{{app}} dëshiron të përdorë listën e kontakteve tuaja.","perm-contacts-webRequest":"{{site}} dëshiron të përdorë listën e kontakteve tuaja.","perm-desktop-notification":"Njoftime","perm-desktop-notification-appRequest":"{{app}} dëshiron të shfaqë njoftime.","perm-desktop-notification-webRequest":"{{site}} dëshiron të shfaqë njoftime.","perm-device-storage-music":"Depozitim Muzike","perm-device-storage-music-appRequest":"{{app}} dëshiron të përdorë muzikë nga e juaja.","perm-device-storage-music-webRequest":"{{site}} dëshiron të përdorë muzikë nga e juaja.","perm-device-storage-pictures":"Depozitim Figurash","perm-device-storage-pictures-appRequest":"{{app}} dëshiron të përdorë figura nga të tuajat.","perm-device-storage-pictures-webRequest":"{{site}} dëshiron të përdorë figura nga të tuajat.","perm-device-storage-sdcard":"Depozitim Në Kartë Kujtese","perm-device-storage-sdcard-appRequest":"{{app}} dëshiron të përdorë kartën tuaj të kujtesës.","perm-device-storage-sdcard-webRequest":"{{site}} dëshiron të përdorë kartën tuaj të kujtesës.","perm-device-storage-videos":"Depozitim Videosh","perm-device-storage-videos-appRequest":"{{app}} dëshiron të përdorë video nga të tuajat.","perm-device-storage-videos-webRequest":"{{site}} dëshiron të përdorë video nga të tuajat.","perm-fmradio":"Radio FM","perm-fmradio-appRequest":"{{app}} dëshiron të përdorë Radion FM.","perm-fmradio-webRequest":"{{site}} dëshiron të përdorë Radion FM.","perm-geolocation":"Gjeovendëzim","perm-geolocation-appRequest":"{{app}} dëshiron të dijë vendndodhjen tuaj.","perm-geolocation-webRequest":"{{site}} dëshiron të dijë vendndodhjen tuaj.","perm-geolocation-more-info":"Në ndihmë të përcaktimit përafërsisht të vendndodhjes suaj, {{brandShortName}}-i përdor të dhëna të tilla si GPS, Wi-Fi, dhe rrjete celularësh pranë jush. Të dhënat dërgohen te Mozilla dhe të tjerë mundësues shërbimesh dhe do të përdoren si pjesë e të dhënave për përmirësimin e këtyre bazave të të dhënave.  Të dhënat mund të depozitohen në pajisjen tuaj dhe grumbullimi i të dhënave mund të ngjasë edhe kur nuk ka zbatime në punë e sipër.","perm-video-capture":"Kamerë","perm-video-capture-appRequest":"Do të donit ta ndanit kamerën tuaj me {{app}}?","perm-video-capture-webRequest":"Do të donit ta ndanit kamerën tuaj me {{site}}?","perm-audio-capture":"Mikrofon","perm-audio-capture-appRequest":"Do të donit ta ndanit mikrofonin tuaj me {{app}}?","perm-audio-capture-webRequest":"Do të donit ta ndanit mikrofonin tuaj me {{site}}?","perm-media-capture":"Kamerë dhe Mikrofon","perm-media-capture-appRequest":"Do të donit ta ndanit kamerën dhe mikrofonin tuaj me {{app}}?","perm-media-capture-webRequest":"Do të donit ta ndanit kamerën dhe mikrofonin tuaj me {{site}}?","perm-camera-selector-appRequest":"Përzgjidhni një kamerë për {{app}}.","perm-camera-selector-webRequest":"Përzgjidhni një kamerë për {{site}}.","perm-mobileid":"Mobile Identity","stopped_download_title":"Shkarkimi u ndal","stopped_download_message":"Shkarkimi u ndal. Të provohet të shkarkohet sërish?","stopped_download_left_button":"Anuloje","stopped_download_right_button":"Riprovo","failed_download_title":"Shkarkimi dështoi","failed_download_message":"Shkarkimi i {{name}} dështoi. Të provohet të shkarkohet sërish?","failed_download_left_button":"Anuloje","failed_download_right_button":"Riprovo","stop_download_title":"Ndalni shkarkimin","stop_download_message":"Jeni i sigurt se doni të ndalet shkarkimi?","stop_download_left_button":"Po","stop_download_right_button":"Jo","delete_download_title":"Fshijeni","delete_download_message":"Të fshihet {{name}}?","delete_download_left_button":"Anuloje","delete_download_right_button":"Fshije","delete_all_download_title":"Fshini","delete_all_download_left_button":"Anuloje","delete_all_download_right_button":"Fshije","delete_all_download_message":{"_index":["plural","number"],"_":{"zero":"Të fshihen 0 kartela?","one":"Të fshihet një kartelë?","two":"Të fshihen {{number}} kartela?","few":"Të fshihen {{number}} kartela?","many":"Të fshihen {{number}} kartela?","other":"Të fshihen {{number}} kartela?"}},"unsupported_file_type_download_title":"Nuk arrin ta hapë","unsupported_file_type_download_message":"Nuk ka zbatim që mund të hapë {{name}}. Doni ta ruani kartelën apo të fshihet?","unsupported_file_type_download_left_button":"Mbaje Kartelën","unsupported_file_type_download_right_button":"Fshije","file_not_found_download_title":"Nuk u gjetë kartelë","file_not_found_download_message":"Nuk u gjet kartela te pajisja","file_not_found_download_right_button":"OK","unmounted_sdcard_2_download_title":"Karta e kujtesës po përdoret","unmounted_sdcard_2_download_message":"Hiqeni telefonin nga priza","unmounted_sdcard_2_download_right_button":"OK","no_provider_download_title":"Nuk arrin ta ndajë me të tjerët","no_provider_download_message":"Nuk u gjet mundësues shërbimi","no_provider_download_right_button":"OK","no_memory_download_title":"Karta SD është plot","no_memory_download_message":"Në kartën tuaj SD nuk ka më vend ku të ruhet shkarkimi juaj. Ju lutemi, hiqni ca kartela, përpara se të rifilloni shkarkimin.","no_memory_download_right_button":"OK","no_sdcard_found_2_download_title":"Nuk u gjet kartë kujtese","no_sdcard_found_2_download_message":"Futni një kartë kujtese ose përzgjidhni te rregullimet një vend alternativ si parazgjedhje për media","no_sdcard_found_2_download_right_button":"OK","file_open_error_download_title":"Nuk arrin ta hapë","file_open_error_download_message":"Ka një problem me hapjen e {{name}}. Doni ta ruani kartelën apo të fshihet?","file_open_error_download_left_button":"Mbaje Kartelën","file_open_error_download_right_button":"Fshije","restart_download_error":"Pati një gabim teksa rinisej shkarkimi. Ju lutemi, riprovoni ta shkarkoni.","no-downloads":"Pa shkarkime","percentage":"{{percentage}} %","partialResult":"{{partial}} nga {{total}}","summary":"{{date}} - {{status}}","download-stopped":"I ndalur","download-failed":"Shkarkimi dështoi","open_downloaded_file":"Hape","share_downloaded_file":"Ndaje me të tjerët","wallpaper_downloaded_file":"Vëre si sfond","ringtone_downloaded_file":"Vëre si zile","cancel_downloaded_file":"Anuloje","voicemailNoNumberTitle":"Numri për mesazhe zanorë nuk funksionon","voicemailNoNumberText":"I pazoti të lidhet me shërbimin e mesazheve zanorë. Rregulloni numrin për mesazhe zanorë që të depozitohet thirrja.","voicemailNoNumberSettings":"Rregullime","voicemailNoNumberCancel":"Anuloje","resend":"Ridërgoje","connecting":"Po lidhet","verify":"Verifikoje","verifying":"Po verifikohet","verified":"U verifikua","mobileIDExplanation":"{{app_name}} dëshiron të dijë dhe të verifikojë numrin tuaj të telefonit. Ju lutemi, zgjidhni cilin doni ta ndani me të ose jepni një të ri.","verificationCodeExplanation":"Kemi dërguar një kod te {{phone_number}}. Do të provojmë ta kapim vetvetiu, por do t’ju duhet ta jepni dorazi, nëse lihet pa u përdorur në këtë pajisje.","successMessage":"Shkëlqyeshëm! Numri juaj {{phone_number}} tani u verifikua dhe mund të përdoret nga {{app_name}}.","serverErrorMessage":"Shërbyesi i verifikimit nuk kapet dot këtë çast. Ju lutemi, kontrolloni lidhjen tuaj në internet, riprovoni ose pritni pak minuta.","timeoutErrorMessage":"Duket se ka një problem me kodin tuaj të verifikimit. Le ta provojmë edhe një herë!","errorTitle":"Identitet celulari","addPhoneNumber":"Ose shtoni numrin e telefonit tuaj","selectPhoneNumber":"Ose përzgjidhni një numër telefoni nga lista"}