{"firefox-accounts-title":"Firefox налози","fxa-next":"Даље","fxa-back":"Назад","fxa-done":"Готово","fxa-ok":"У реду","fxa-connection-error-title":"Не могу се повезати","fxa-connection-error-message":"Можете направити налог или се пријавити у поставкама.","fxa-reset-password-error-title":"Ресетуј лозинку","fxa-reset-password-error-message":"Можете ресетовати лозинку у поставкама.","fxa-coppa-failure-error-title":"Не могу направити налог","fxa-coppa-failure-error-message":"Ви морате да испуните старосне услове да бисте направили Firefox налог. {{learnmore}}","fxa-learn-more":"Сазнајте више","fxa-offline-error-title":"Не могу се повезати","fxa-offline-error-message":"Повежите се на мрежу из поставки.","fxa-invalid-email-title":"Грешка","fxa-invalid-email-message":"Молим унесите валидну е-пошту.","fxa-invalid-password-title":"Неисправна лозинка","fxa-invalid-password-message":"Проверите Вашу лозинку и поново покушајте.","fxa-unknown-error-title":"Не могу се повезати","fxa-unknown-error-message":"Систем је недоступан, покушајте поново.","fxa-connecting":"Повезивање","fxa-enter-email-input":{"placeholder":"Унесите адресу е-поште"},"fxa-use-email-to-sign-in":"Користите Вашу адресу е-поште да бисте направили или се пријавили на налог.","fxa-notice":"Ако наставите, слажете се са {{tos}} и {{pn}} Firefox cloud сервиса.","fxa-tos":"Условима коришћења","fxa-pn":"Полисом приватности","fxa-create-password-title":"Направи лозинку","fxa-enter-password-title":"Унесите лозинку","fxa-hello-user":"Здраво, {{email}}","fxa-password-refresh":"Молим унесите лозинку Вашег Firefox налога.","fxa-password":{"placeholder":"Лозинка"},"fxa-forgot-your-password":"Заборавили сте лозинку?","fxa-show-password":"Прикажи лозинку","fxa-password-length-requirement":"Ваша лозинка мора бити минимално 8 карактера.","fxa-success":"Успешно!","fxa-ready-to-go":"Ваш Firefox налог је спреман! ","fxa-use-features":"Сада можете да користите могућности као што су Пронађи мој уређај и апликације као Firefox Marketplace.","fxa-access-manage-account-settings":"У будућности, можете приступити и управљати са Вашим налогом из поставки.","fxa-confirm-account":"Потврдите Ваш налог","fxa-will-send-email":"Послат ћемо е-пошту на: {{email}}","fxa-signup-click-verification-link-in-email":"Следећи пут када проверите е-пошту, кликните на везу за верификацију Вашег Firefox налога.","fxa-age-verification":"Потврда старости","fxa-age-1990-earlier":"1990 или раније","fxa-year-of-birth":"Година рођења","brandShortName":"B2G OS","browserBrandShortName":"Веб прегледач","browserBrandFullName":"Mozilla веб прегледач","accessibility-enableScreenReaderSteps":"Да омогућите читач екрана, притисните дугме да појачавање тона и затим дугме за смањивање тона три пута","accessibility-disableScreenReaderSteps":"Да онемогућите читач екрана, притисните дугме да појачавање тона и затим дугме за смањивање тона три пута","accessibility-screenReaderStarted":"Читач екрана започео","accessibility-screenReaderStopped":"Читач екреана је престао","accessibility-menubar":"трака са менијем","accessibility-scrollbar":"линија за померање","accessibility-grip":"грип","accessibility-alert":"упозорење","accessibility-menupopup":"искачући мени","accessibility-document":"документ","accessibility-pane":"панел","accessibility-dialog":"дијалог","accessibility-separator":"сепаратор","accessibility-toolbar":"трака са алаткама","accessibility-statusbar":"статусна трака","accessibility-table":"табела","accessibility-columnheader":"заглавље колоне","accessibility-rowheader":"заглавље реда","accessibility-column":"колона","accessibility-row":"ред","accessibility-cell":"поље","accessibility-link":"веза","accessibility-list":"листа","accessibility-listitem":"ставка листе","accessibility-outline":"оквир","accessibility-outlineitem":"ставка оквира","accessibility-pagetab":"језичак","accessibility-propertypage":"страница са својствима","accessibility-graphic":"графика","accessibility-pushbutton":"дугме","accessibility-checkbutton":"check дугме","accessibility-radiobutton":"radio дугме","accessibility-combobox":"combo поље","accessibility-progressbar":"линија напредовања","accessibility-slider":"клизач","accessibility-spinbutton":"дугме за мењање вредности","accessibility-diagram":"дијаграм","accessibility-animation":"анимација","accessibility-equation":"једначина","accessibility-buttonmenu":"мени са дугмадима","accessibility-whitespace":"размак","accessibility-pagetablist":"списак језичака","accessibility-canvas":"платно","accessibility-checkmenuitem":"ставка check менија","accessibility-label":"ознака","accessibility-passwordtext":"текст лозинке","accessibility-radiomenuitem":"ставка radio менија","accessibility-textcontainer":"садржалац текста","accessibility-togglebutton":"toggle дугме","accessibility-treetable":"табела стабла","accessibility-header":"заглавље","accessibility-footer":"подножје","accessibility-paragraph":"пасус","accessibility-entry":"ставка","accessibility-caption":"натпис","accessibility-heading":"наслов","accessibility-section":"одељак","accessibility-form":"форма","accessibility-comboboxlist":"листа combo поља ","accessibility-comboboxoption":"опције combo поља","accessibility-imagemap":"мапа слике","accessibility-listboxoption":"опције","accessibility-listbox":"листа","accessibility-flatequation":"линеарна једначина","accessibility-gridcell":"gridcell","accessibility-note":"примедба","accessibility-figure":"слика","accessibility-definitionlist":"листа дефиниција","accessibility-term":"термин","accessibility-definition":"дефиниција","accessibility-textarea":"подручје текста","accessibility-textInputType_date":"датум","accessibility-textInputType_email":"е-пошта","accessibility-textInputType_search":"претрага","accessibility-textInputType_tel":"телефон","accessibility-textInputType_url":"URL","accessibility-headingLevel":"ниво угнежђивања {{0}}","accessibility-listStart":"Прва ставка","accessibility-listEnd":"Последња ставка","accessibility-listItemsCount":{"_index":["plural","count"],"_":{"zero":"{{count}} ставка","one":"{{count}} ставка","two":"{{count}} ставке","few":"{{count}} ставки","many":"{{count}} ставки","other":"{{count}} ставки"}},"accessibility-objItemOfN":"{{0}} од {{1}}","accessibility-banner":"банер","accessibility-complementary":"додатни","accessibility-contentinfo":"информације о садржају","accessibility-main":"главни","accessibility-navigation":"навигација","accessibility-search":"претрага","accessibility-tblColumnInfo":{"_index":["plural","count"],"_":{"zero":"са {{count}} колона","one":"са {{count}} колоном","two":"са {{count}} колоне","few":"са {{count}} колона","many":"са {{count}} колона","other":"са {{count}} колона"}},"accessibility-tblRowInfo":{"_index":["plural","count"],"_":{"zero":"и {{count}} реда","one":"и {{count}} редом","two":"и {{count}} реда","few":"и {{count}} реда","many":"и {{count}} реда","other":"и {{count}} реда"}},"accessibility-columnInfo":"Колона {{0}}","accessibility-rowInfo":"Ред {{0}}","accessibility-spansColumns":{"_index":["plural","0"],"_":{"zero":"распон {{0}} колона","one":"распон {{0}} колона","two":"распон {{0}} колоне","few":"распон {{0}} колона","many":"распон {{0}} колона","other":"распон {{0}} колона"}},"accessibility-spansRows":{"_index":["plural","0"],"_":{"zero":"распон {{0}} реда","one":"распон {{0}} ред","two":"распон {{0}} реда","few":"распон {{0}} реда","many":"распон {{0}} реда","other":"распон {{0}} реда"}},"accessibility-jumpAction":"скочио","accessibility-pressAction":"притиснут","accessibility-checkAction":"означено","accessibility-uncheckAction":"искључи","accessibility-selectAction":"изабрано","accessibility-unselectAction":"није изабрано","accessibility-openAction":"отворено","accessibility-closeAction":"затворено","accessibility-switchAction":"пребачено","accessibility-clickAction":"кликнуто","accessibility-collapseAction":"скупљено","accessibility-expandAction":"раширен","accessibility-activateAction":"активирано","accessibility-cycleAction":"цикличан","accessibility-hidden":"сакривено","accessibility-tabLoading":"учитавам","accessibility-tabLoaded":"учитано","accessibility-tabNew":"нови језичак","accessibility-tabLoadStopped":"учитавање заустављено","accessibility-tabReload":"поново учитавам","accessibility-stateChecked":"означено","accessibility-stateNotChecked":"није означено","accessibility-statePressed":"притиснуто","accessibility-stateExpanded":"раширен","accessibility-stateCollapsed":"скупљено","accessibility-stateUnavailable":"недоступно","accessibility-stateRequired":"обавезно","accessibility-stateTraversed":"посећено","accessibility-stateHasPopup":"има искачући прозор","accessibility-stateSelected":"изабрано","accessibility-editingMode":"уређивање","accessibility-navigationMode":"навигација","accessibility-quicknav_Simple":"Подразумевано","accessibility-quicknav_Anchor":"Везе","accessibility-quicknav_Button":"Дугмад","accessibility-quicknav_Combobox":"Комбиноване кућице","accessibility-quicknav_Landmark":"Обележја","accessibility-quicknav_Entry":"Уноси","accessibility-quicknav_FormElement":"Елементи форме","accessibility-quicknav_Graphic":"Слике","accessibility-quicknav_Heading":"Заглавља","accessibility-quicknav_ListItem":"Ставке листа","accessibility-quicknav_Link":"Везе","accessibility-quicknav_List":"Листе","accessibility-quicknav_PageTab":"Језичци страница","accessibility-quicknav_RadioButton":"Радио дугмад","accessibility-quicknav_Separator":"Сепаратори","accessibility-quicknav_Table":"Табеле","accessibility-quicknav_Checkbox":"Check поља","accessibility-menubarAbbr":"трака са менијем","accessibility-scrollbarAbbr":"линија за померање","accessibility-gripAbbr":"грип","accessibility-alertAbbr":"упозорење","accessibility-menupopupAbbr":"искачући мени","accessibility-documentAbbr":"документ","accessibility-paneAbbr":"панел","accessibility-dialogAbbr":"дијалог","accessibility-separatorAbbr":"сепаратор","accessibility-toolbarAbbr":"трака са алаткама","accessibility-statusbarAbbr":"статусна трака","accessibility-tableAbbr":"таб","accessibility-columnheaderAbbr":"заглавље колоне","accessibility-rowheaderAbbr":"заглавље реда","accessibility-columnAbbr":"колона","accessibility-rowAbbr":"ред","accessibility-cellAbbr":"поље","accessibility-linkAbbr":"веза","accessibility-listAbbr":"листа","accessibility-listitemAbbr":"ставка листе","accessibility-outlineAbbr":"оквир","accessibility-outlineitemAbbr":"ставка оквира","accessibility-pagetabAbbr":"језичак","accessibility-propertypageAbbr":"страница са својствима","accessibility-graphicAbbr":"графика","accessibility-pushbuttonAbbr":"дуг","accessibility-checkbuttonAbbr":"check дугме","accessibility-radiobuttonAbbr":"radio дугме","accessibility-comboboxAbbr":"combo поље","accessibility-progressbarAbbr":"линија напредовања","accessibility-sliderAbbr":"клизач","accessibility-spinbuttonAbbr":"дугме за мењање вредности","accessibility-diagramAbbr":"дијаграм","accessibility-animationAbbr":"анимација","accessibility-equationAbbr":"једначина","accessibility-buttonmenuAbbr":"мени са дугмадима","accessibility-whitespaceAbbr":"размак","accessibility-pagetablistAbbr":"списак језичака","accessibility-canvasAbbr":"платно","accessibility-checkmenuitemAbbr":"ставка check менија","accessibility-labelAbbr":"ознака","accessibility-passwordtextAbbr":"текстлоз","accessibility-radiomenuitemAbbr":"ставка radio менија","accessibility-textcontainerAbbr":"садржалац текста","accessibility-togglebuttonAbbr":"toggle дугме","accessibility-treetableAbbr":"табела стабла","accessibility-headerAbbr":"заглавље","accessibility-footerAbbr":"подножје","accessibility-paragraphAbbr":"пасус","accessibility-entryAbbr":"ставка","accessibility-captionAbbr":"натпис","accessibility-headingAbbr":"наслов","accessibility-sectionAbbr":"одељак","accessibility-formAbbr":"форма","accessibility-comboboxlistAbbr":"листа combo поља ","accessibility-comboboxoptionAbbr":"опције combo поља","accessibility-imagemapAbbr":"мапасл","accessibility-listboxoptionAbbr":"опције","accessibility-listboxAbbr":"листа","accessibility-flatequationAbbr":"линеарна једначина","accessibility-gridcellAbbr":"gridcell","accessibility-noteAbbr":"примедба","accessibility-figureAbbr":"сл","accessibility-definitionlistAbbr":"листа дефиниција","accessibility-termAbbr":"термин","accessibility-definitionAbbr":"дефиниција","accessibility-textareaAbbr":"подртек","accessibility-tblColumnInfoAbbr":{"_index":["plural","count"],"_":{"one":"{{count}}к","two":"{{count}}к","few":"{{count}}к","many":"{{count}}к","other":"{{count}}к"}},"accessibility-tblRowInfoAbbr":{"_index":["plural","count"],"_":{"one":"{{count}}р","two":"{{count}}р","few":"{{count}}р","many":"{{count}}р","other":"{{count}}р"}},"accessibility-cellInfoAbbr":"к{{0}}р{{1}}","accessibility-stateCheckedAbbr":"(ч)","accessibility-stateUncheckedAbbr":"( )","accessibility-statePressedAbbr":"(п)","accessibility-stateUnpressedAbbr":"( )","ok":"У реду","back":"Назад","help":"Помоћ","cancel":"Откажи","close":"Затвори","skip":"Прескочи","clear":{"ariaLabel":"Очисти"},"undo":{"ariaLabel":"Опозови"},"airplaneMode":"Режим рада у авиону","searching":"Претрага…","noNetwork":"Нема мреже","roaming":"{{operator}} (Роминг)","operator-info":"{{carrier}} {{region}}","emergencyCallsOnly":"Само хитни позиви","emergencyCallsOnly-unknownSIMState":"(непознат SIM статус)","emergencyCallsOnly-noSIM":"(Нема SIM картице)","emergencyCallsOnly-pinRequired":"(SIM PIN је неопходан)","emergencyCallsOnly-pukRequired":"(SIM PUK је неопходан)","emergencyCallsOnly-networkLocked":"(мрежа је закључана)","emergencyCallsOnly-serviceProviderLocked":"(закључан од стране провајдера)","emergencyCallsOnly-corporateLocked":"(закључан од стране компаније)","emergencyCallsOnly-network1Locked":"(мрежа1 је закључана)","emergencyCallsOnly-network2Locked":"(мрежа2 је закључана)","emergencyCallsOnly-hrpdNetworkLocked":"(hrpd мрежа је закључана)","emergencyCallsOnly-ruimCorporateLocked":"(ruim мрежа је закључана)","emergencyCallsOnly-ruimServiceProviderLocked":"(ruim провајдер сервиса је закључан)","enterPIN":"Унесите PIN","mediaPlaybackTitle":{"ariaLabel":"Наслов"},"mediaPlaybackArtist":{"ariaLabel":"Извођач"},"mediaPlaybackControls":{"ariaLabel":"Контроле"},"mediaPlaybackPrevious":{"ariaLabel":"Претходна"},"mediaPlaybackPlay":"Пусти","mediaPlaybackPause":"Паузирај","mediaPlaybackNext":{"ariaLabel":"Следећа"},"wifiButton-on":"Wi-Fi укључен","wifiButton-on-initializing":"Wi-Fi укључен, иницијализација","wifiButton-off":"Wi-Fi искључен","dataButton-on":"Подаци {{type}} укључени","dataButton-off":"Подаци {{type}} искључени","bluetoothButton-on":"Bluetooth укључен","bluetoothButton-on-initializing":"Bluetooth укључен, иницијализација","bluetoothButton-off":"Bluetooth искључен","airplaneMode-on":"Режим у авиону укључен","airplaneMode-off":"Режим у авиону искључен","settingsButton":{"ariaLabel":"Поставке"},"utilityTrayGrippy":{"ariaLabel":"Затвори палету"},"statusbarLabel":"{{date}}, {{operator}}","statusbarDateFormat":"%e %b","statusbar":{"ariaLabel":"Статусна трака"},"statusbarBattery":"Батерија {{level}} процената","statusbarBatteryCharging":"Батерија {{level}} процената, пуни се","statusbarFlightMode":{"ariaLabel":"Укључен режим рада у авиону"},"statusbarWiFiConnecting":"Wi-Fi: повезује се","statusbarWiFiConnected":"Wi-Fi: {{level}} од 4 цртица","statusbarSignal":"{{operator}} мрежа, {{level}} од 5 цртица","statusbarSignalRoaming":"{{operator}} мрежа (роминг), {{level}} од 5 цртица","statusbarSignalNoneSearching":"Тражим… Само хитни позиви","statusbarHeadphones":{"ariaLabel":"Слушалице прикључене"},"statusbarBluetoothHeadphones":{"ariaLabel":"Bluetooth слушалице прикључене"},"statusbarBluetoothTransferring":{"ariaLabel":"Bluetooth пренос активан"},"statusbarIconOn-tethering":"Делење интернета укључено","statusbarIconOnActive-tethering":"Делење интернета укључено, активно","statusbarAlarm":{"ariaLabel":"Будилник укључен"},"statusbarIconOn-bluetooth":"Bluetooth укључен","statusbarIconOnActive-bluetooth":"Bluetooth укључен, активан","statusbarIconOn-mute":"Пригушење звука укључено","statusbarIconOn-vibration":"Вибрација укључена","statusbarRecording":{"ariaLabel":"Снимање укључено"},"statusbarGeolocation":{"ariaLabel":"Геолокација укључена"},"statusbarUsb":{"ariaLabel":"USB укључен"},"statusbarForwarding":"Преусмеравање позива укључено","statusbarPlaying":{"ariaLabel":"Пушта се медија"},"statusbarNfc":{"ariaLabel":"NFC укључен"},"statusbarDownloads":{"ariaLabel":"Преузимање…"},"statusbarNetworkActivity":{"ariaLabel":"Мрежа укључена"},"statusbarEmergencyCBNotification":{"ariaLabel":"Хитан позив"},"statusbarNotifications":{"_index":["plural","n"],"_":{"one":"{{n}} нотификација","two":"{{n}} нотификације","few":"{{n}} нотификација","many":"{{n}} нотификација","other":"{{n}} нотификација"}},"statusbarNotifications-unread":{"_index":["plural","n"],"_":{"one":"{{n}} непрочитана нотификација","two":"{{n}} непрочитане нотификације","few":"{{n}} непрочитаних нотификација","many":"{{n}} непрочитаних нотификација","other":"{{n}} непрочитаних нотификација"}},"notifications":"Обавештења","clear-all":"Очисти све","attentionScreen-tapToShow":"Додирните да се прикаже","newVoicemails":{"_index":["plural","n"],"_":{"zero":"Нема нове говорне поруке","one":"Једна нова говорна порука","two":"{{n}} нове говорне поруке","few":"{{n}} нових говорних порука","many":"{{n}} нових говорних порука","other":"{{n}} нових говорних порука"}},"newVoicemailsUnknown":"Нова говорна порука","dialNumber":"Позови {{number}}","voicemailNotificationMultiSim":"(SIM {{n}}) {{title}}","confirmNFCConnectBTenabledNameUnknown":"Да ли сте сигурни да желите да се повежете на уређај?","confirmNFCConnectBTdisabledNameUnknown":"Укључити Bluetooth и повезати се на уређај?","confirmNFCConnectBTenabledNameKnown":"Да ли сте сигурни да желите да се повежете на {{deviceName}}?","confirmNFCConnectBTdisabledNameKnown":"Укључити Bluetooth и повезати се на {{deviceName}}?","confirmNFCConnectBTdisabled":"Укључи","dismissNFCConnectBTdisabled":"Откажи","confirmation":"Потврда","deviceMenu":"Телефон","airplane":"Укључи режим рада у авиону","airplaneOff":"Искључи режим рада у авиону","silent":"Утишај долазне позиве","normal":"Укључи звоно долазним позивима","restart":"Поново покрени систем","power":"Искључи","no-recent-apps":"Нема активних апликација","yes":"Да","no":"Не","dontallow":"Одбиј","allow":"Дозволи","dontshare-geolocation":"Немој","share-geolocation":"Дозволи","dontshare-audio-capture":"Немој\t","share-audio-capture":"Дозволи","dontshare-video-capture":"Немој","share-video-capture":"Дозволи","dontshare-media-capture":"Немој","share-media-capture":"Дозволи","device-front":"Предња камера","device-back":"Камера на полеђини","remember-my-choice":"Запамти мој избор","more-info":"Више информација…","hide-info":"Сакриј информације","install-app":"Инсталирати {{name}}?","size":"Величина","author":"Аутор","size-unknown":"Непозната","author-unknown":"Непознат","install":"Инсталирај","bytes":"бајта","kB":"kB","MB":"MB","GB":"GB","TB":"TB","PB":"PB","app-install-generic-error":"Преузимање {{ appName }} заустављено","app-install-download-failed":"{{ appName }} неуспешно преузет","app-install-install-failed":"{{ appName }} неуспешно инсталиран","cancelling-will-not-refund":"Одустанак неће поништити извршено плаћање. Повраћај плаћеног садржаја пружа изворни продавац.","apps-can-be-installed-later":"Апликације могу бити инсталиране касније из изворног порекла инсталације.","are-you-sure-you-want-to-cancel":"Да ли сте сигурни да желите отказати инсталацију?","cancel-install":"Откажи","cancel-install-button":"Откажи","resume":"Настави","continue":"Настави","stopDownloading":"Зауставити преузимање {{ app }}?","app-download-can-be-restarted":"Преузимање може бити настављено касније.","app-download-stop-button":"Заустави преузимање","not-enough-space":"Нема довољно простора","not-enough-space-message":"Нема довољно простора за инсталацију ове апликације. Ослободите простор брисањем старих апликација или садржаја, затим поновите инсталацију из првобитног извора.","app-install-success":"{{ appName }} инсталиран","setup":"Конфигурација","ime-addkeyboards":"Додај тастатуре","later":"Касније","download":"Преузимање","wantToDownload":"Преузети надоградњу сада?","wantToInstall":"Надоградити сада?","installNow":"Инсталирај сада","notNow":"Не сада","downloadingUpdateMessage":{"innerHTML":"Преузимање надоградњи… <span>{{ progress }} преузето.</span>"},"downloadingAppMessage":"Преузимање {{ appName }}","downloadingAppProgressNoMax":"{{ progress }} је преузето","downloadingAppProgressIndeterminate":"Преузимање","downloadingAppProgress":"{{ progress }} / {{ max }} је преузето","cancelAllDownloads":"Откажи сва преузимања","wantToCancelAll":"Да ли сте сигурни да желите отказати сва преузимања?","downloadError":"Десила се грешка приликом преузимања надоградњи.","updateAvailableInfo":{"innerHTML":{"_index":["plural","n"],"_":{"one":"{{ n }} надоградња је доступна. <span>Притисните за више информација.</span>","two":"{{ n }} надоградње су доступне. <span>Притисните за више информација.</span>","few":"{{ n }} надоградњи је доступно. <span>Притисните за више информација.</span>","many":"{{ n }} надоградњи је доступно. <span>Притисните за више информација.</span>","other":"{{ n }} надоградњи је доступно. <span>Притисните за више информација.</span>"}}},"numberOfUpdates":{"_index":["plural","n"],"_":{"one":"{{ n }} надоградња је доступна","two":"{{ n }} надоградње су доступне","few":"{{ n }} надоградњи је доступно","many":"{{ n }} надорадњи је доступно","other":"{{ n }} надорадњи је доступно"}},"systemUpdate":"Надоградња система","systemUpdateReady":"Надоградња система је спремна","systemUpdateLowBatteryThreshold":"Потребно Вам је барем {{ threshold }}% батерије да бисте инсталирали надоградње.","required":"Неопходна","uncompressingMessage":{"innerHTML":"Распакивање… <span>Ово може потрајати неколико минута.</span>"},"downloadNoWifiWarning":"Wi-Fi мрежа није доступна. Надоградња преко тренутне везе може узроковати додатне трошкове.","downloadOfflineWarning":"Веза није доступна. Повежите се на мрежу да бисте преузели надоградње.","downloadDataConnectionWarning":"Надоградње се преузимају путем мобилне мреже када Wi-Fi мрежа није доступна. Ова услуга може бити додатно наплаћена.","downloadUpdatesViaDataConnection":"Преузми надоградње преко мобилне мреже?","downloadUpdatesViaDataConnectionMessage":"Надоградње се преузимају путем мобилне мреже када Wi-Fi мрежа није доступна. Када користите мобилну мрежу за интернет, позиви могу бити блокирани и ова услуга може бити додатно наплаћена.","downloadUpdatesVia2GForbidden2":"Downloading updates is not possible on slow connections (2G). Please connect via Wi-Fi or 3G (if available) and try again.","screenshotSaved":"Снимак екрана сачуван","screenshotFailed":"Снимак није сачуван","screenshotNoSDCard":"Није пронађена меморијска картица","screenshotSDCardInUse":"Меморијска картица је у употреби","screenshotSDCardLow":"Нема довољно простора на меморијској картици","emergency-call-button":"Хитан позив","emergency-call":"Хитaн позив","unlock-a11y-button":{"ariaLabel":"Откључај"},"camera-a11y-button":{"ariaLabel":"Камера"},"longDateFormat":"%A, %e %B","panel-passcode":{"ariaLabel":"Приступни панел"},"lockscreen-sim-id":"SIM {{ n }}","softwareHomeButton":{"ariaLabel":"Почетна"},"login":"Пријави се","username":"Корисничко име","password":"Лозинка","http-authentication-message":"{{host}} захтева корисничко име и лозинку. Веб сајт поручује: “{{realm}}”","error-message":"{{name}} се не учитава ваљано","error-title":"{{name}} има потешкоћа","airplane-is-on":"Режим рада у авиону је укључен","airplane-is-turned-on":"{{name}} захтева мрежну везу. Искључите режим рада у авиону из поставки и повежите се на Wi-Fi мрежу или укључите пренос података.","server-not-found":"Сервер није пронађен","server-not-found-error":"Не могу пронаћи сервер на {{name}}.","file-not-found":"Датотека није пронађена","file-not-found-error":"Уређај не може да прикаже ову страницу зато што датотека није пронађена.","connection-failed":"Не могу се повезати","connection-failed-error":"Десила се грешка на мрежи при покушају повезивања на овај сајт.","invalid-connection":"Не могу се повезати","invalid-connection-error":"Десила се грешка на мрежи при покушају повезивања на овај сајт.","malformed-uri":"URL није валидан","malformed-uri-error":"Унесен URL није валидан и не може се учитати.","redirect-loop":"Не могу приказати страницу","redirect-loop-error":"Уређај не може приказати страницу зато што се страница не прослеђује правилно. Покушајте поново касније.","not-cached":"Страница је истекла","not-cached-error":"Као мера безбедности, ова страница не може бити приказана јер је истекла.","is-printing-error":"Овај документ се не може променити при штампању или при приказу у режиму за штампање.","denied-port-access":"Ова страница је забрањена","denied-port-access-error":"Ова страница користи порт мреже који је обично за сврхе које нису веб прегледање. Овај уређај је отказао захтев ради Ваше безбедности.","proxy-resolve-failure":"Грешка на прокси серверу","proxy-resolve-failure-error":"Овај уређај је подешен да користи прокси сервер који није пронађен.","proxy-connect-failure":"Грешка на прокси серверу","proxy-connect-failure-error":"Овај уређај је подешен да користи прокси серфер који одбија да се повеже.","content-encoding":"Не могу приказати страницу","content-encoding-error":"Уређај не може приказати ову страницу јер се десила грешка у кодовању садржаја.","remote-xul":"Страница није подржана","remote-xul-error":"Ова страница се не може приказати јер користи технологију коју овај уређај не подржава.","phishing-blocked":"Упозорење","phishing-blocked-error":"Веб сајт је пријављен као веб фалсификат који је направљен да Вам на превару узме личне и финанцијске информације.","malware-blocked":"Напад малвера је блокиран","malware-blocked-error":"Веб сајт је пријављен као сајт који напада Ваш уређај и он је блокиран.","unsafe-content-type":"Несигуран садржај","unsafe-content-type-error":"Ова страница не може бити приказана јер њено отварање није сигурно.","corrupted-content":"Не могу приказати страницу","corrupted-content-error":"Ова страница не може бити приказана јер се десила грешка приликом преноса података.","network-connection-unavailable":"Мрежна веза није доступна","network-error":"{{name}} захтева мрежну везу. Покушајте да се повежете на бежичну мрежу или укључите пренос података.","network-error-launching":"{{name}} захтева интернет конекцију.","network-error-in-app":"Тренутно нема приступ интернету.","unable-to-connect":"Није се могуће повезати","try-again":"Покушај поново","check-settings":"Провери поставке","tap-to-check-settings":"Провери поставке","select-time":"Одаберите време","choose-option":"Одабери","choose-options":"Одабери","select-day":"Одаберите дан","battery-almost-empty":"Батерија је скоро празна","add-to-home-screen":"Додај на почетни екран","share":"Подели","crash-dialog2-os":"{{brandShortName}} се управо опоравио од рушења","crash-dialog-app":"{{name}} се управо срушио","crash-dialog-message":"Да ли бисте желели да пошаљете Mozilla фондацији извештај о рушењу како бисте нам помогли да решимо потешкоће? (Извештаји се шаљу само преко Wi-Fi мреже)","crash-info-link":"Шта садржи извештај о рушењу?","crash-always-report":"Увек пошаљи извештај Mozilla фондацији када дође до рушења.","crash-dont-send":"Не шаљи","crash-end":"Пошаљи","crashReports":"Извештај","done":"Готово","crash-reports-description-1":"Извештај о рушењу садржи неке појединости о рушењу и Вашем уређају, као и слику стања уређаја у тренутку рушења","crash-reports-description-2":"У њему могу бити обухваћене ставке попут отворених страница и апликација, текста уношеног у образце, садржаја отворених порука или геолокацијске информације коришћеног у отвореној апликацији.","crash-reports-description-3-start":"Извештаје о рушењу користимо да бисмо покушали исправити потешкоће и побољшали наше производе. Вашим подацима управљамо на начин описан у нашој","crash-reports-description-3-privacy":"полиси приватности","crash-reports-description-3-end":".","crash-banner-os2":"{{brandShortName}} се управо срушио.","crash-banner-app":"{{name}} се управо срушио.","crash-banner-report":"Извештај","bluetooth-sending-progress":"Шаљем датотеку..","bluetooth-receiving-progress":"Примам датотеку..","acceptFileTransfer":"Прихвати датотеку?","wantToReceiveFile":"{{deviceName}} би желео да пренесе {{fileName}} ({{fileSize}}).","transfer-confirmation-title":"{{deviceName}}","transfer-confirmation-description":"Прегледајте захтев за пренос.","byteUnit-B":"бајта","byteUnit-KB":"KB","byteUnit-MB":"MB","byteUnit-GB":"GB","byteUnit-TB":"TB","byteUnit-PB":"PB","byteUnit-EB":"EB","byteUnit-ZB":"ZB","byteUnit-YB":"YB","fileSize":"{{size}} {{unit}}","deny":"Одбиј","transfer":"Пренеси","cancelFileTransfer":"Откажи пренос датотека преко Bluetooth-a?","continueFileTransfer":"Настави","transfer-has-started-title":"Пренос је почео","transfer-has-started-description":"Проверите ток преноса","transferFinished-sentSuccessful-title":"Датотека послата","transferFinished-receivedSuccessful-title":"Датотека примљена","transferFinished-sentFailed-title":"Датотека није послата","transferFinished-receivedFailed-title":"Примање нeуспело","transferReport-title":"Извештај преноса:","transferReport-description":"{{numSuccessful}} успешно, {{numUnsuccessful}} неуспешно","unknown-file":"Непозната датотека","unknown-device":"Непознати уређај","cannotOpenFile":"Примљена датотека се не може отворити","unknownMediaTypeToOpen":"Не може се отворити непозната врста медија:","cannotReceiveFile":"Не може се примити датотека","cannotGetStorageState":"Није могуће добавити стање складишта уређаја","sdcard-not-exist2":"Није пронађена меморијска картица. Молим Вас, уметните меморијску картицу.","sdcard-in-use":"Bluetooth се не може користити док је телефон прикачен на кабел. Молим Вас, откачите кабел за примање датотеке(а).","sdcard-no-space2":"Није могуће завршити пренос: меморијска картица је пуна.","unknown-error":"Непозната грешка","confirm":"Потврди","microphone-is-on":"Микрофон је укључен","camera-is-on":"Камера је укључена","media-is-on":"Камера и микрофон су укључени","noSimCard":"Нема SIM картице","simPin":"SIM PIN","pukCode":"PUK код","nckCode":"NCK код","cckCode":"CCK код","spckCode":"SPCK код","nck1code":"NCK1 код","nck2code":"NCK2 код","hnckcode":"HNCK код","rcckcode":"RCCK код","rspckcode":"RSPCK код","whatIsSimPin":"Шта је SIM PIN?","simPinIntro1":"SIM PIN спречава приступ мрежним подацима мобилне телефоније SIM картице. Када је омогућен, било који уређај који садржи SIM картицу ће тражити унос PIN-а после поновног покретања","simPinIntro2":"SIM PIN није исто што и лозинка која се користи за откључавање уређаја.","changeSimPin":"Промени PIN","pinTitle":"Унесите SIM PIN","multiSIMpinTitle":"Унесите SIM {{n}} PIN","pukTitle":"Унесите PUK код","nckTitle":"Унесите NCK код","cckTitle":"Унесите CCK код","spckTitle":"Унесите SPCK код","nck1Title":"Унесите NCK1 код","nck2Title":"Унесите NCK2 код","hnckTitle":"Унесите HNCK код","rcckTitle":"Унесите RCCK код","rspckTitle":"Унесите RSPCK код","newpinTitle":"Нови PIN","inputCodeRetriesLeft":{"_index":["plural","n"],"_":{"one":"последњи покушај.","two":"преостала {{n}} покушаја.","few":"преостало {{n}} покушаја.","many":"преостало {{n}} покушаја.","other":"преостало {{n}} покушаја."}},"pinErrorMsg":"PIN није исправан.","pinAttemptMsg2":{"_index":["plural","n"],"_":{"one":"Имате још један покушај да унесете исправан код пре него што SIM картица буде закључана.","few":"Имате још {{n}} покушаја да унесете исправан код пре него што SIM картица буде закључана.","two":"Имате још {{n}} покушаја да унесете исправан код пре него што SIM картица буде закључана.","many":"Имате још {{n}} покушаја да унесете исправан код пре него што SIM картица буде закључана.","other":"Имате још {{n}} покушаја да унесете исправан код пре него што SIM картица буде закључана."}},"pinLastChanceMsg":"Ово је последња прилика да унесете исправан PIN. У супротном, морате унети PUK код да би користили ову SIM картицу.","simCardLockedMsg":"SIM картица је закључана.","enterPukMsg":"Морате унети Лични кључ за откључавање (PUK) SIM картице. Погледајте упутство SIM картице или се обратите оператеру за више информација.","pukErrorMsg":"PUK код је нетачан.","pukAttemptMsg2":{"_index":["plural","n"],"_":{"one":"Имате још један покушај да унесете исправан код пре него што Вам се трајно закључа SIM картица. Погледајте документацију коју сте добили уз SIM картицу или контактирајте мрежног оператера за више информација.","two":"Имате још {{n}} покушаја да унесете исправан код пре него што Вам се трајно закључа SIM картица. Погледајте документацију коју сте добили уз SIM картицу или контактирајте мрежног оператера за више информација.","few":"Имате још {{n}} покушаја да унесете исправан код пре него што Вам се трајно закључа SIM картица. Погледајте документацију коју сте добили уз SIM картицу или контактирајте мрежног оператера за више информација.","many":"Имате још {{n}} покушаја да унесете исправан код пре него што Вам се трајно закључа SIM картица. Погледајте документацију коју сте добили уз SIM картицу или контактирајте мрежног оператера за више информација.","other":"Имате још {{n}} покушаја да унесете исправан код пре него што Вам се трајно закључа SIM картица. Погледајте документацију коју сте добили уз SIM картицу или контактирајте мрежног оператера за више информација."}},"pukLastChanceMsg":"Ово је последња прилика да унесете исправну PUK шифру. Ваша SIM картица ће бити трајно неупотребљива уколико унесете погрешну PUK шифру. Погледајте упутство SIM картице или се обратите оператеру за више информација.","newSimPinMsg":"Направите PIN (мора садржати 4 до 8 цифара)","confirmNewSimPinMsg":"Потврдите нови PIN","newPinErrorMsg":"PIN шифре се не слажу.","nckErrorMsg":"NCK је нетачан.","nckAttemptMsg2":{"_index":["plural","n"],"_":{"one":"Грешка при захтеву за откључавање телефона (Network depersonalization request). Имате још један покушај да унесете исправан код. Погледајте документацију коју сте добили уз уређај који користите или контактирајте свог мрежног оператера за више информација.","two":"Грешка при захтеву за откључавање телефона (Network depersonalization request). Имате још {{n}} покушаја да унесете исправан код. Погледајте документацију коју сте добили уз уређај који користите или контактирајте свог мрежног оператера за више информација.","few":"Грешка при захтеву за откључавање телефона (Network depersonalization request). Имате још {{n}} покушаја да унесете исправан код. Погледајте документацију коју сте добили уз уређај који користите или контактирајте свог мрежног оператера за више информација.","many":"Грешка при захтеву за откључавање телефона (Network depersonalization request). Имате још {{n}} покушаја да унесете исправан код. Погледајте документацију коју сте добили уз уређај који користите или контактирајте свог мрежног оператера за више информација.","other":"Грешка при захтеву за откључавање телефона (Network depersonalization request). Имате још {{n}} покушаја да унесете исправан код. Погледајте документацију коју сте добили уз уређај који користите или контактирајте свог мрежног оператера за више информација."}},"nckLastChanceMsg":"Неуспешан захтев деперсонализације мреже. Ово је последња прилика за унос исправне NCK шифре. Погледајте упутство за уређај или се обратите оператеру за више информација.","activity-pick":"Изабери у:","activity-view":"Прегледај помоћу:","activity-test":"Испробај помоћу:","activity-share":"Подели са:","activity-new":"Направи помоћу:","activity-open":"Отвори помоћу:","activity-save-bookmark":"Забележи у:","activity-record":"Сними из:","activity-browse":"Прегледај помоћу:","activity-configure":"Подеси помоћу:","activity-dial":"Позови из:","persona-signin":"Пријава","payment-flow":"Купи","remoteDebuggerMessage":"Примљен је долазни захтев за дозволу удаљене исправке грешака. Дозволити везу?","fullscreen-request":"{{origin}} је сада преко целог екрана.","captive-wifi-available":"Нађена је мрежа {{networkName}}. Повежи се?","ceWarningtitle":"Упозорење о јачини","ceWarningcontent":"Да бисте избегли могуће оштећење слуха, немојте дуго користити максималну јачину звука.","notification-powersaving-mode-on-title":"Режим штедње батерије","notification-powersaving-mode-on-description":"Режим штедње батерије је укључен.","low-device-storage":"Понестаје Вам простора на уређају.\\n","free-space":{"_index":["plural","value"],"_":{"zero":"Нема слободног простора.","one":"Остало је мање од {{value}} {{unit}}.","two":"Остало је мање од {{value}} {{unit}}.","few":"Остало је мање од {{value}} {{unit}}.","many":"Остало је мање од {{value}} {{unit}}.","other":"Остало је мање од {{value}} {{unit}}."}},"unknown-free-space":"Непозната величина слободног простора.","system-alert":"Системска узбуна","cb-channel":"Канал {{channel}}","cb-etws-warningType-earthquake":"Земљотрес!","cb-etws-warningType-tsunami":"Цунами!","cb-etws-warningType-earthquake-tsunami":"Земљотрес-цунами!","cb-etws-warningType-test":"Систем упозорења се тестира.","cb-etws-warningType-other":"Хитно упозорење!","icc-message-maintitle":"Порука оператера","icc-message-subtitle":"SIM {{id}}","icc-confirmCall-defaultmessage":"Позвати {{number}}?","icc-alertMessage-defaultmessage":"Слање поруке","icc-confirmMessage-defaultmessage":"Послати поруку?","icc-inputbox-maintitle":"STK упит","icc-inputbox-subtitle":"SIM {{id}}","emergency-callback-mode":"Режим хитног позива","emergency-callback-message":"Позиви, поруке и интернет су онемогућени због режима хитног позива. Да ли желите да искључите овај режим?","cdma-record-info":"Информације CDMA записа","ime-switching-title":"{{appName}}: {{name}}","ime-switching-tip":"Притисните за промену методе уноса","shrinking-tip":"Превуците да бисте поделили","download_started":"Преузимање је започело","download_stopped":"Преузимање је заустављено","download_downloading":"Преузимам…","download_succeeded":"Преузимање успешно","download_failed":"Преузимање неуспешно","download_text_by_default":"{{name}}","download_downloading_text_2":"{{percentage}}% - {{name}}","search-or-enter-address":{"_":"Појам или адреса","placeholder":"Појам или адреса"},"noSIMCardInHotspot":"SIM картица није пронађена или је неправилно убачена, искључите hotspot","noHopspotWhenAPMisOn":"Искључите режим рада у авиону да бисте користили Wi-Fi hotspot","apmActivated":"Режим у авиону активиран","open-in-new-tab":"Отвори везу у новом језичку","add-link-to-home-screen":"Додај везу на почетни екран","share-link":"Подели везу","save-image":"Сачувај слику","save-video":"Сачувај видео","save-audio":"Сачувај аудио","save-link":"Сачувај повезану датотеку","share-image":"Подели слику","share-video":"Подели видео","share-audio":"Подели аудио","weekday-0-long":"Недеља","weekday-1-long":"Понедељак","weekday-2-long":"Уторак","weekday-3-long":"Среда","weekday-4-long":"Четвртак","weekday-5-long":"Петак","weekday-6-long":"Субота","weekday-0-short":"Нед","weekday-1-short":"Пон","weekday-2-short":"Уто","weekday-3-short":"Сре","weekday-4-short":"Чет","weekday-5-short":"Пет","weekday-6-short":"Суб","month-0-long":"јануар","month-1-long":"фебруар","month-2-long":"март","month-3-long":"април","month-4-long":"мај","month-5-long":"јун","month-6-long":"јул","month-7-long":"август","month-8-long":"септембар","month-9-long":"октобар","month-10-long":"новембар","month-11-long":"децембар","month-0-genitive":"јануара","month-1-genitive":"фебруара","month-2-genitive":"марта","month-3-genitive":"априла","month-4-genitive":"маја","month-5-genitive":"јуна","month-6-genitive":"јула","month-7-genitive":"августа","month-8-genitive":"септембра","month-9-genitive":"октобра","month-10-genitive":"новембра","month-11-genitive":"децембра","month-0-short":"јан","month-1-short":"феб","month-2-short":"мар","month-3-short":"апр","month-4-short":"мај","month-5-short":"јун","month-6-short":"јул","month-7-short":"авг","month-8-short":"сеп","month-9-short":"окт","month-10-short":"нов","month-11-short":"дец","minutes-ago-long":{"_index":["plural","value"],"_":{"zero":"управо","one":"пре минут","two":"пре {{value}} минута","few":"пре {{value}} минута","many":"пре {{value}} минута","other":"пре {{value}} минута"}},"hours-ago-long":{"_index":["plural","value"],"_":{"zero":"управо","one":"пре сат времена","two":"пре {{value}} сата","few":"пре {{value}} сати","many":"пре {{value}} сати","other":"пре {{value}} сати"}},"days-ago-long":{"_index":["plural","value"],"_":{"zero":"данас","one":"јуче","two":"пре {{value}} дана","few":"пре {{value}} дана","many":"пре {{value}} дана","other":"пре {{value}} дана"}},"weeks-ago-long":{"_index":["plural","value"],"_":{"zero":"ове недеље","one":"прошле недеље","two":"пре {{value}} недеље","few":"пре {{value}} недеља","many":"пре {{value}} недеља","other":"пре {{value}} недеља"}},"months-ago-long":{"_index":["plural","value"],"_":{"zero":"овог месеца","one":"прошлог месеца","two":"пре {{value}} месеца","few":"пре {{value}} месеци","many":"пре {{value}} месеци","other":"пре {{value}} месеци"}},"years-ago-long":{"_index":["plural","value"],"_":{"zero":"ове године","one":"прошле године","two":"пре {{value}} године","few":"пре {{value}} година","many":"пре {{value}} година","other":"пре {{value}} година"}},"minutes-until-long":{"_index":["plural","value"],"_":{"zero":"управо","one":"за један минут","two":"за {{value}} минута","few":"за {{value}} минута","many":"за {{value}} минута","other":"за {{value}} минута"}},"hours-until-long":{"_index":["plural","value"],"_":{"zero":"управо","one":"за сат времена","two":"за {{value}} сата","few":"за {{value}} сати","many":"за {{value}} сати","other":"за {{value}} сати"}},"days-until-long":{"_index":["plural","value"],"_":{"zero":"данас","one":"сутра","two":"за {{value}} дана","few":"за {{value}} дана","many":"за {{value}} дана","other":"за {{value}} дана"}},"weeks-until-long":{"_index":["plural","value"],"_":{"zero":"ове недеље","one":"следеће недеље","two":"за {{value}} недеље","few":"за {{value}} недеља","many":"за {{value}} недеља","other":"за {{value}} недеља"}},"months-until-long":{"_index":["plural","value"],"_":{"zero":"овог месеца","one":"следећег месеца","two":"за {{value}} месеца","few":"за {{value}} месеци","many":"за {{value}} месеци","other":"за {{value}} месеци"}},"years-until-long":{"_index":["plural","value"],"_":{"zero":"ове године","one":"следеће године","two":"за {{value}} године","few":"за {{value}} година","many":"за {{value}} година","other":"за {{value}} година"}},"minutes-ago-short":{"_index":["plural","value"],"_":{"zero":"управо","other":"пре {{value}}м"}},"hours-ago-short":{"_index":["plural","value"],"_":{"zero":"управо","other":"пре {{value}}с"}},"days-ago-short":{"_index":["plural","value"],"_":{"zero":"данас","other":"пре {{value}}д"}},"minutes-until-short":{"_index":["plural","value"],"_":{"zero":"управо","other":"за {{value}}м"}},"hours-until-short":{"_index":["plural","value"],"_":{"zero":"управо","other":"за {{value}}с"}},"days-until-short":{"_index":["plural","value"],"_":{"zero":"данас","other":"за {{value}}д"}},"incorrectDate":"(нетачан датум)","dateTimeFormat_%c":"%a %e %b %Y %H:%M:%S","dateTimeFormat_%x":"%d.%m.%Y","dateTimeFormat_%X":"%H:%M:%S","shortTimeFormat":"%H:%M","shortDateTimeFormat":"%x %H:%M","weekStartsOnMonday":"1","time_am":"AM","time_pm":"PM","title-app":"Дозволе апл.","title-web":"Дозволе сајтова","title-cam":"Изабери камеру","perm-contacts":"Контакти","perm-contacts-appRequest":"{{app}} жели да приступи Вашим контактима.","perm-contacts-webRequest":"{{site}} жели да приступи Вашим контактима.","perm-desktop-notification":"Обавештења","perm-desktop-notification-appRequest":"{{app}} жели да приказује обавештења.","perm-desktop-notification-webRequest":"{{site}} жели да приказује обавештења.","perm-device-storage-music":"Складиште музике","perm-device-storage-music-appRequest":"{{app}} жели да приступи Вашој музици.","perm-device-storage-music-webRequest":"{{site}} жели да приступи Вашој музици.","perm-device-storage-pictures":"Складиште слика","perm-device-storage-pictures-appRequest":"{{app}} жели да приступи Вашим сликама.","perm-device-storage-pictures-webRequest":"{{site}} жели да приступи Вашим сликама.","perm-device-storage-sdcard":"Складиште меморијске картице","perm-device-storage-sdcard-appRequest":"{{app}} жели да приступи Вашој меморијској картици.","perm-device-storage-sdcard-webRequest":"{{site}} жели да приступи Вашој меморијској картици.","perm-device-storage-videos":"Складиште видео снимака","perm-device-storage-videos-appRequest":"{{app}} жели да приступи Вашим видео снимцима.","perm-device-storage-videos-webRequest":"{{site}} жели да приступи Вашим видео снимцима.","perm-fmradio":"FМ Радио","perm-fmradio-appRequest":"{{app}} жели да користи FM радио.","perm-fmradio-webRequest":"{{site}} жели да користи FM радио.","perm-geolocation":"Геолокација","perm-geolocation-appRequest":"{{app}} жели да зна Вашу локацију.","perm-geolocation-webRequest":"{{site}} жели да зна Вашу локацију.","perm-geolocation-more-info":"{{brandShortName}} користи GPS податке, Wi-Fi податке и податке мобилних мрежа у Вашој близини ради утврђивања Ваше приближне локације. Подаци се шаљу Mozilla фондацији и осталим пружаоцима услуга и биће коришћени за унапређивање базе података са локацијама. Подаци могу бити смештени на Вашем уређају а прикупљање података може почети у било ком тренутку, чак и када ни једна апликација није покренута.","perm-video-capture":"Камера","perm-video-capture-appRequest":"Да ли бисте желели да поделите Вашу камеру са {{app}}?","perm-video-capture-webRequest":"Да ли бисте желели да поделите Вашу камеру са {{site}}?","perm-audio-capture":"Микрофон","perm-audio-capture-appRequest":"Да ли бисте желели да поделите Ваш микрофон са {{app}}?","perm-audio-capture-webRequest":"Да ли бисте желели да поделите Ваш микрофон са {{site}}?","perm-media-capture":"Камера и микрофон","perm-media-capture-appRequest":"Да ли бисте желели да поделите Вашу камеру и микрофон са {{app}}?","perm-media-capture-webRequest":"Да ли бисте желели да поделите Вашу камеру и микрофон са {{site}}?","perm-camera-selector-appRequest":"Изабери камеру за {{app}}.","perm-camera-selector-webRequest":"Изабери камеру за {{site}}.","perm-mobileid":"Мобилни идентитет","stopped_download_title":"Преузимање заустављено","stopped_download_message":"Преузимање је заустављено. Покушати поново преузети?","stopped_download_left_button":"Откажи","stopped_download_right_button":"Покушај","failed_download_title":"Преузимање неуспешно","failed_download_message":"{{name}} није преузет. Покушати поново преузети?","failed_download_left_button":"Откажи","failed_download_right_button":"Покушај","stop_download_title":"Заустави преузимање","stop_download_message":"Да ли сте сигурни да желите зауставити преузимање?","stop_download_left_button":"Не","stop_download_right_button":"Да","delete_download_title":"Избриши","delete_download_message":"Избриши {{name}}?","delete_download_left_button":"Откажи","delete_download_right_button":"Избриши","delete_all_download_title":"Избриши","delete_all_download_left_button":"Откажи","delete_all_download_right_button":"Избриши","delete_all_download_message":{"_index":["plural","number"],"_":{"zero":"Немој избрисати датотеке?","one":"Избрисати једну датотеку?","two":"Избрисати {{number}} датотеке?","few":"Избрисати {{number}} датотека?","many":"Избрисати {{number}} датотека?","other":"Избрисати {{number}} датотека?"}},"unsupported_file_type_download_title":"Не могу отворити","unsupported_file_type_download_message":"Не постоји апликација са којом можете отворити {{name}}. Да ли желите да сачувате датотеку или да је избришете?","unsupported_file_type_download_left_button":"Сачувај","unsupported_file_type_download_right_button":"Избриши","file_not_found_download_title":"Датотека није пронађена","file_not_found_download_message":"Датотека није пронађена на уређају","file_not_found_download_right_button":"У реду","unmounted_sdcard_2_download_title":"Меморијска картица је у употреби","unmounted_sdcard_2_download_message":"Искључите кабел из телефона","unmounted_sdcard_2_download_right_button":"У реду","no_provider_download_title":"Не могу делити","no_provider_download_message":"Није пронађен провајдер","no_provider_download_right_button":"У реду","no_memory_download_title":"SD картица је пуна","no_memory_download_message":"Нема више места на Вашој SD картици за чувавање преузимања. Молимо Вас избришите неке датотеке пре него што поново покушате преузети датотеке.","no_memory_download_right_button":"У реду","no_sdcard_found_2_download_title":"Није пронађена меморијска картица","no_sdcard_found_2_download_message":"Убаците меморијску картицу или одаберите друго подразумевано место за чување медија у поставкама","no_sdcard_found_2_download_right_button":"У реду","file_open_error_download_title":"Не могу отворити","file_open_error_download_message":"Не могу отворити датотеку {{name}}. Да ли желите да је сачувате или избришете?","file_open_error_download_left_button":"Сачувај","file_open_error_download_right_button":"Избриши","restart_download_error":"Дошло је до грешке приликом поновног покушаја преузимања. Молимо Вас покушајте да поново преузмете.","no-downloads":"Нема преузимања","percentage":"{{percentage}} %","partialResult":"{{partial}} од {{total}}","summary":"{{date}} - {{status}}","download-stopped":"Заустављено","download-failed":"Преузимање неуспешно","open_downloaded_file":"Отвори","share_downloaded_file":"Подели","wallpaper_downloaded_file":"Постави као позадину","ringtone_downloaded_file":"Постави као мелодију","cancel_downloaded_file":"Откажи","voicemailNoNumberTitle":"Број говорне поште је недоступан","voicemailNoNumberText":"Позивање говорне поште није могуће. Подесите број говорне поште да бисте позвали.","voicemailNoNumberSettings":"Поставке","voicemailNoNumberCancel":"Откажи","resend":"Поново пошаљи","connecting":"Повезивање","verify":"Потврди","verifying":"Потврђујем","verified":"Потврђено","mobileIDExplanation":"{{app_name}} жели да зна да ли желите да потврдите Ваш број телефона. Молимо одаберите који желите да поделите или укуцајте нови.","verificationCodeExplanation":"Послали смо код на {{phone_number}}. Покушат ћемо да га аутоматки учитамо, али ћете морати ручно да га укуцате ако није у употреби на овом уређају.","successMessage":"Супер! Ваш број {{phone_number}} је сада потврђен и доступан {{app_name}}.","serverErrorMessage":"Сервер за потврду тренутно није доступан. Проверите Вашу конекцију са интернетом или покушајте поново за неколико минута.","timeoutErrorMessage":"Изгледа да је дошло до проблема са кодом за потврду. Ајмо да покушамо опет!","errorTitle":"Индентитет мобилног","addPhoneNumber":"Или додајте Ваш број телефона","selectPhoneNumber":"Или изабарите број телефона са листе"}