{"firefox-accounts-title":"Firefox nalozi","fxa-next":"Dalje","fxa-back":"Nazad","fxa-done":"Gotovo","fxa-ok":"U redu","fxa-connection-error-title":"Ne mogu se povezati","fxa-connection-error-message":"Možete napraviti nalog ili se prijaviti u postavkama.","fxa-reset-password-error-title":"Resetuj lozinku","fxa-reset-password-error-message":"Možete resetovati lozinku u postavkama.","fxa-coppa-failure-error-title":"Ne mogu napraviti nalog","fxa-coppa-failure-error-message":"Vi morate da ispunite starosne uslove da biste napravili Firefox nalog. {{learnmore}}","fxa-learn-more":"Saznajte više","fxa-offline-error-title":"Ne mogu se povezati","fxa-offline-error-message":"Povežite se na mrežu iz postavki.","fxa-invalid-email-title":"Greška","fxa-invalid-email-message":"Molim unesite validnu e-poštu.","fxa-invalid-password-title":"Neispravna lozinka","fxa-invalid-password-message":"Proverite Vašu lozinku i ponovo pokušajte.","fxa-unknown-error-title":"Ne mogu se povezati","fxa-unknown-error-message":"Sistem je nedostupan, pokušajte ponovo.","fxa-connecting":"Povezivanje","fxa-enter-email-input":{"placeholder":"Unesite adresu e-pošte"},"fxa-use-email-to-sign-in":"Koristite Vašu adresu e-pošte da biste napravili ili se prijavili na nalog.","fxa-notice":"Ako nastavite, slažete se sa {{tos}} i {{pn}} Firefox cloud servisa.","fxa-tos":"Uslovima korišćenja","fxa-pn":"Polisom privatnosti","fxa-create-password-title":"Napravi lozinku","fxa-enter-password-title":"Unesite lozinku","fxa-hello-user":"Zdravo, {{email}}","fxa-password-refresh":"Molim unesite lozinku Vašeg Firefox naloga.","fxa-password":{"placeholder":"Lozinka"},"fxa-forgot-your-password":"Zaboravili ste lozinku?","fxa-show-password":"Prikaži lozinku","fxa-password-length-requirement":"Vaša lozinka mora biti minimalno 8 karaktera.","fxa-success":"Uspešno!","fxa-ready-to-go":"Vaš Firefox nalog je spreman! ","fxa-use-features":"Sada možete da koristite mogućnosti kao što su Pronađi moj uređaj i aplikacije kao Firefox Marketplace.","fxa-access-manage-account-settings":"U budućnosti, možete pristupiti i upravljati sa Vašim nalogom iz postavki.","fxa-confirm-account":"Potvrdite Vaš nalog","fxa-will-send-email":"Poslat ćemo e-poštu na: {{email}}","fxa-signup-click-verification-link-in-email":"Sledeći put kada proverite e-poštu, kliknite na vezu za verifikaciju Vašeg Firefox naloga.","fxa-age-verification":"Potvrda starosti","fxa-age-1990-earlier":"1990 ili ranije","fxa-year-of-birth":"Godina rođenja","brandShortName":"B2G OS","browserBrandShortName":"Veb pregledač","browserBrandFullName":"Mozilla veb pregledač","accessibility-enableScreenReaderSteps":"Da omogućite čitač ekrana, pritisnite dugme da pojačavanje tona i zatim dugme za smanjivanje tona tri puta","accessibility-disableScreenReaderSteps":"Da onemogućite čitač ekrana, pritisnite dugme da pojačavanje tona i zatim dugme za smanjivanje tona tri puta","accessibility-screenReaderStarted":"Čitač ekrana započeo","accessibility-screenReaderStopped":"Čitač ekreana je prestao","accessibility-menubar":"traka sa menijem","accessibility-scrollbar":"linija za pomeranje","accessibility-grip":"grip","accessibility-alert":"upozorenje","accessibility-menupopup":"iskačući meni","accessibility-document":"dokument","accessibility-pane":"panel","accessibility-dialog":"dijalog","accessibility-separator":"separator","accessibility-toolbar":"traka sa alatkama","accessibility-statusbar":"statusna traka","accessibility-table":"tabela","accessibility-columnheader":"zaglavlje kolone","accessibility-rowheader":"zaglavlje reda","accessibility-column":"kolona","accessibility-row":"red","accessibility-cell":"polje","accessibility-link":"veza","accessibility-list":"lista","accessibility-listitem":"stavka liste","accessibility-outline":"okvir","accessibility-outlineitem":"stavka okvira","accessibility-pagetab":"jezičak","accessibility-propertypage":"stranica sa svojstvima","accessibility-graphic":"grafika","accessibility-pushbutton":"dugme","accessibility-checkbutton":"check dugme","accessibility-radiobutton":"radio dugme","accessibility-combobox":"combo polje","accessibility-progressbar":"linija napredovanja","accessibility-slider":"klizač","accessibility-spinbutton":"dugme za menjanje vrednosti","accessibility-diagram":"dijagram","accessibility-animation":"animacija","accessibility-equation":"jednačina","accessibility-buttonmenu":"meni sa dugmadima","accessibility-whitespace":"razmak","accessibility-pagetablist":"spisak jezičaka","accessibility-canvas":"platno","accessibility-checkmenuitem":"stavka check menija","accessibility-label":"oznaka","accessibility-passwordtext":"tekst lozinke","accessibility-radiomenuitem":"stavka radio menija","accessibility-textcontainer":"sadržalac teksta","accessibility-togglebutton":"toggle dugme","accessibility-treetable":"tabela stabla","accessibility-header":"zaglavlje","accessibility-footer":"podnožje","accessibility-paragraph":"pasus","accessibility-entry":"stavka","accessibility-caption":"natpis","accessibility-heading":"naslov","accessibility-section":"odeljak","accessibility-form":"forma","accessibility-comboboxlist":"lista combo polja ","accessibility-comboboxoption":"opcije combo polja","accessibility-imagemap":"mapa slike","accessibility-listboxoption":"opcije","accessibility-listbox":"lista","accessibility-flatequation":"linearna jednačina","accessibility-gridcell":"gridcell","accessibility-note":"primedba","accessibility-figure":"slika","accessibility-definitionlist":"lista definicija","accessibility-term":"termin","accessibility-definition":"definicija","accessibility-textarea":"područje teksta","accessibility-textInputType_date":"datum","accessibility-textInputType_email":"e-pošta","accessibility-textInputType_search":"pretraga","accessibility-textInputType_tel":"telefon","accessibility-textInputType_url":"URL","accessibility-headingLevel":"nivo ugnežđivanja {{0}}","accessibility-listStart":"Prva stavka","accessibility-listEnd":"Poslednja stavka","accessibility-listItemsCount":{"_index":["plural","count"],"_":{"zero":"{{count}} stavka","one":"{{count}} stavka","two":"{{count}} stavke","few":"{{count}} stavki","many":"{{count}} stavki","other":"{{count}} stavki"}},"accessibility-objItemOfN":"{{0}} od {{1}}","accessibility-banner":"baner","accessibility-complementary":"dodatni","accessibility-contentinfo":"informacije o sadržaju","accessibility-main":"glavni","accessibility-navigation":"navigacija","accessibility-search":"pretraga","accessibility-tblColumnInfo":{"_index":["plural","count"],"_":{"zero":"sa {{count}} kolona","one":"sa {{count}} kolonom","two":"sa {{count}} kolone","few":"sa {{count}} kolona","many":"sa {{count}} kolona","other":"sa {{count}} kolona"}},"accessibility-tblRowInfo":{"_index":["plural","count"],"_":{"zero":"i {{count}} reda","one":"i {{count}} redom","two":"i {{count}} reda","few":"i {{count}} reda","many":"i {{count}} reda","other":"i {{count}} reda"}},"accessibility-columnInfo":"Kolona {{0}}","accessibility-rowInfo":"Red {{0}}","accessibility-spansColumns":{"_index":["plural","0"],"_":{"zero":"raspon {{0}} kolona","one":"raspon {{0}} kolona","two":"raspon {{0}} kolone","few":"raspon {{0}} kolona","many":"raspon {{0}} kolona","other":"raspon {{0}} kolona"}},"accessibility-spansRows":{"_index":["plural","0"],"_":{"zero":"raspon {{0}} reda","one":"raspon {{0}} red","two":"raspon {{0}} reda","few":"raspon {{0}} reda","many":"raspon {{0}} reda","other":"raspon {{0}} reda"}},"accessibility-jumpAction":"skočio","accessibility-pressAction":"pritisnut","accessibility-checkAction":"označeno","accessibility-uncheckAction":"isključi","accessibility-selectAction":"izabrano","accessibility-unselectAction":"nije izabrano","accessibility-openAction":"otvoreno","accessibility-closeAction":"zatvoreno","accessibility-switchAction":"prebačeno","accessibility-clickAction":"kliknuto","accessibility-collapseAction":"skupljeno","accessibility-expandAction":"raširen","accessibility-activateAction":"aktivirano","accessibility-cycleAction":"cikličan","accessibility-hidden":"sakriveno","accessibility-tabLoading":"učitavam","accessibility-tabLoaded":"učitano","accessibility-tabNew":"novi jezičak","accessibility-tabLoadStopped":"učitavanje zaustavljeno","accessibility-tabReload":"ponovo učitavam","accessibility-stateChecked":"označeno","accessibility-stateNotChecked":"nije označeno","accessibility-statePressed":"pritisnuto","accessibility-stateExpanded":"raširen","accessibility-stateCollapsed":"skupljeno","accessibility-stateUnavailable":"nedostupno","accessibility-stateRequired":"obavezno","accessibility-stateTraversed":"posećeno","accessibility-stateHasPopup":"ima iskačući prozor","accessibility-stateSelected":"izabrano","accessibility-editingMode":"uređivanje","accessibility-navigationMode":"navigacija","accessibility-quicknav_Simple":"Podrazumevano","accessibility-quicknav_Anchor":"Veze","accessibility-quicknav_Button":"Dugmad","accessibility-quicknav_Combobox":"Kombinovane kućice","accessibility-quicknav_Landmark":"Obeležja","accessibility-quicknav_Entry":"Unosi","accessibility-quicknav_FormElement":"Elementi forme","accessibility-quicknav_Graphic":"Slike","accessibility-quicknav_Heading":"Zaglavlja","accessibility-quicknav_ListItem":"Stavke lista","accessibility-quicknav_Link":"Veze","accessibility-quicknav_List":"Liste","accessibility-quicknav_PageTab":"Jezičci stranica","accessibility-quicknav_RadioButton":"Radio dugmad","accessibility-quicknav_Separator":"Separatori","accessibility-quicknav_Table":"Tabele","accessibility-quicknav_Checkbox":"Check polja","accessibility-menubarAbbr":"traka sa menijem","accessibility-scrollbarAbbr":"linija za pomeranje","accessibility-gripAbbr":"grip","accessibility-alertAbbr":"upozorenje","accessibility-menupopupAbbr":"iskačući meni","accessibility-documentAbbr":"dokument","accessibility-paneAbbr":"panel","accessibility-dialogAbbr":"dijalog","accessibility-separatorAbbr":"separator","accessibility-toolbarAbbr":"traka sa alatkama","accessibility-statusbarAbbr":"statusna traka","accessibility-tableAbbr":"tab","accessibility-columnheaderAbbr":"zaglavlje kolone","accessibility-rowheaderAbbr":"zaglavlje reda","accessibility-columnAbbr":"kolona","accessibility-rowAbbr":"red","accessibility-cellAbbr":"polje","accessibility-linkAbbr":"veza","accessibility-listAbbr":"lista","accessibility-listitemAbbr":"stavka liste","accessibility-outlineAbbr":"okvir","accessibility-outlineitemAbbr":"stavka okvira","accessibility-pagetabAbbr":"jezičak","accessibility-propertypageAbbr":"stranica sa svojstvima","accessibility-graphicAbbr":"grafika","accessibility-pushbuttonAbbr":"dug","accessibility-checkbuttonAbbr":"check dugme","accessibility-radiobuttonAbbr":"radio dugme","accessibility-comboboxAbbr":"combo polje","accessibility-progressbarAbbr":"linija napredovanja","accessibility-sliderAbbr":"klizač","accessibility-spinbuttonAbbr":"dugme za menjanje vrednosti","accessibility-diagramAbbr":"dijagram","accessibility-animationAbbr":"animacija","accessibility-equationAbbr":"jednačina","accessibility-buttonmenuAbbr":"meni sa dugmadima","accessibility-whitespaceAbbr":"razmak","accessibility-pagetablistAbbr":"spisak jezičaka","accessibility-canvasAbbr":"platno","accessibility-checkmenuitemAbbr":"stavka check menija","accessibility-labelAbbr":"oznaka","accessibility-passwordtextAbbr":"tekstloz","accessibility-radiomenuitemAbbr":"stavka radio menija","accessibility-textcontainerAbbr":"sadržalac teksta","accessibility-togglebuttonAbbr":"toggle dugme","accessibility-treetableAbbr":"tabela stabla","accessibility-headerAbbr":"zaglavlje","accessibility-footerAbbr":"podnožje","accessibility-paragraphAbbr":"pasus","accessibility-entryAbbr":"stavka","accessibility-captionAbbr":"natpis","accessibility-headingAbbr":"naslov","accessibility-sectionAbbr":"odeljak","accessibility-formAbbr":"forma","accessibility-comboboxlistAbbr":"lista combo polja ","accessibility-comboboxoptionAbbr":"opcije combo polja","accessibility-imagemapAbbr":"mapasl","accessibility-listboxoptionAbbr":"opcije","accessibility-listboxAbbr":"lista","accessibility-flatequationAbbr":"linearna jednačina","accessibility-gridcellAbbr":"gridcell","accessibility-noteAbbr":"primedba","accessibility-figureAbbr":"sl","accessibility-definitionlistAbbr":"lista definicija","accessibility-termAbbr":"termin","accessibility-definitionAbbr":"definicija","accessibility-textareaAbbr":"podrtek","accessibility-tblColumnInfoAbbr":{"_index":["plural","count"],"_":{"one":"{{count}}k","two":"{{count}}k","few":"{{count}}k","many":"{{count}}k","other":"{{count}}k"}},"accessibility-tblRowInfoAbbr":{"_index":["plural","count"],"_":{"one":"{{count}}r","two":"{{count}}r","few":"{{count}}r","many":"{{count}}r","other":"{{count}}r"}},"accessibility-cellInfoAbbr":"k{{0}}r{{1}}","accessibility-stateCheckedAbbr":"(č)","accessibility-stateUncheckedAbbr":"( )","accessibility-statePressedAbbr":"(p)","accessibility-stateUnpressedAbbr":"( )","ok":"U redu","back":"Nazad","help":"Pomoć","cancel":"Otkaži","close":"Zatvori","skip":"Preskoči","clear":{"ariaLabel":"Očisti"},"undo":{"ariaLabel":"Opozovi"},"airplaneMode":"Režim rada u avionu","searching":"Pretraga…","noNetwork":"Nema mreže","roaming":"{{operator}} (Roming)","operator-info":"{{carrier}} {{region}}","emergencyCallsOnly":"Samo hitni pozivi","emergencyCallsOnly-unknownSIMState":"(nepoznat SIM status)","emergencyCallsOnly-noSIM":"(Nema SIM kartice)","emergencyCallsOnly-pinRequired":"(SIM PIN je neophodan)","emergencyCallsOnly-pukRequired":"(SIM PUK je neophodan)","emergencyCallsOnly-networkLocked":"(mreža je zaključana)","emergencyCallsOnly-serviceProviderLocked":"(zaključan od strane provajdera)","emergencyCallsOnly-corporateLocked":"(zaključan od strane kompanije)","emergencyCallsOnly-network1Locked":"(mreža1 je zaključana)","emergencyCallsOnly-network2Locked":"(mreža2 je zaključana)","emergencyCallsOnly-hrpdNetworkLocked":"(hrpd mreža je zaključana)","emergencyCallsOnly-ruimCorporateLocked":"(ruim mreža je zaključana)","emergencyCallsOnly-ruimServiceProviderLocked":"(ruim provajder servisa je zaključan)","enterPIN":"Unesite PIN","mediaPlaybackTitle":{"ariaLabel":"Naslov"},"mediaPlaybackArtist":{"ariaLabel":"Izvođač"},"mediaPlaybackControls":{"ariaLabel":"Kontrole"},"mediaPlaybackPrevious":{"ariaLabel":"Prethodna"},"mediaPlaybackPlay":"Pusti","mediaPlaybackPause":"Pauziraj","mediaPlaybackNext":{"ariaLabel":"Sledeća"},"wifiButton-on":"Wi-Fi uključen","wifiButton-on-initializing":"Wi-Fi uključen, inicijalizacija","wifiButton-off":"Wi-Fi isključen","dataButton-on":"Podaci {{type}} uključeni","dataButton-off":"Podaci {{type}} isključeni","bluetoothButton-on":"Bluetooth uključen","bluetoothButton-on-initializing":"Bluetooth uključen, inicijalizacija","bluetoothButton-off":"Bluetooth isključen","airplaneMode-on":"Režim u avionu uključen","airplaneMode-off":"Režim u avionu isključen","settingsButton":{"ariaLabel":"Postavke"},"utilityTrayGrippy":{"ariaLabel":"Zatvori paletu"},"statusbarLabel":"{{date}}, {{operator}}","statusbarDateFormat":"%e %b","statusbar":{"ariaLabel":"Statusna traka"},"statusbarBattery":"Baterija {{level}} procenata","statusbarBatteryCharging":"Baterija {{level}} procenata, puni se","statusbarFlightMode":{"ariaLabel":"Uključen režim rada u avionu"},"statusbarWiFiConnecting":"Wi-Fi: povezuje se","statusbarWiFiConnected":"Wi-Fi: {{level}} od 4 crtica","statusbarSignal":"{{operator}} mreža, {{level}} od 5 crtica","statusbarSignalRoaming":"{{operator}} mreža (roming), {{level}} od 5 crtica","statusbarSignalNoneSearching":"Tražim… Samo hitni pozivi","statusbarHeadphones":{"ariaLabel":"Slušalice priključene"},"statusbarBluetoothHeadphones":{"ariaLabel":"Bluetooth slušalice priključene"},"statusbarBluetoothTransferring":{"ariaLabel":"Bluetooth prenos aktivan"},"statusbarIconOn-tethering":"Delenje interneta uključeno","statusbarIconOnActive-tethering":"Delenje interneta uključeno, aktivno","statusbarAlarm":{"ariaLabel":"Budilnik uključen"},"statusbarIconOn-bluetooth":"Bluetooth uključen","statusbarIconOnActive-bluetooth":"Bluetooth uključen, aktivan","statusbarIconOn-mute":"Prigušenje zvuka uključeno","statusbarIconOn-vibration":"Vibracija uključena","statusbarRecording":{"ariaLabel":"Snimanje uključeno"},"statusbarGeolocation":{"ariaLabel":"Geolokacija uključena"},"statusbarUsb":{"ariaLabel":"USB uključen"},"statusbarForwarding":"Preusmeravanje poziva uključeno","statusbarPlaying":{"ariaLabel":"Pušta se medija"},"statusbarNfc":{"ariaLabel":"NFC uključen"},"statusbarDownloads":{"ariaLabel":"Preuzimanje…"},"statusbarNetworkActivity":{"ariaLabel":"Mreža uključena"},"statusbarEmergencyCBNotification":{"ariaLabel":"Hitan poziv"},"statusbarNotifications":{"_index":["plural","n"],"_":{"one":"{{n}} notifikacija","two":"{{n}} notifikacije","few":"{{n}} notifikacija","many":"{{n}} notifikacija","other":"{{n}} notifikacija"}},"statusbarNotifications-unread":{"_index":["plural","n"],"_":{"one":"{{n}} nepročitana notifikacija","two":"{{n}} nepročitane notifikacije","few":"{{n}} nepročitanih notifikacija","many":"{{n}} nepročitanih notifikacija","other":"{{n}} nepročitanih notifikacija"}},"notifications":"Obaveštenja","clear-all":"Očisti sve","attentionScreen-tapToShow":"Dodirnite da se prikaže","newVoicemails":{"_index":["plural","n"],"_":{"zero":"Nema nove govorne poruke","one":"Jedna nova govorna poruka","two":"{{n}} nove govorne poruke","few":"{{n}} novih govornih poruka","many":"{{n}} novih govornih poruka","other":"{{n}} novih govornih poruka"}},"newVoicemailsUnknown":"Nova govorna poruka","dialNumber":"Pozovi {{number}}","voicemailNotificationMultiSim":"(SIM {{n}}) {{title}}","confirmNFCConnectBTenabledNameUnknown":"Da li ste sigurni da želite da se povežete na uređaj?","confirmNFCConnectBTdisabledNameUnknown":"Uključiti Bluetooth i povezati se na uređaj?","confirmNFCConnectBTenabledNameKnown":"Da li ste sigurni da želite da se povežete na {{deviceName}}?","confirmNFCConnectBTdisabledNameKnown":"Uključiti Bluetooth i povezati se na {{deviceName}}?","confirmNFCConnectBTdisabled":"Uključi","dismissNFCConnectBTdisabled":"Otkaži","confirmation":"Potvrda","deviceMenu":"Telefon","airplane":"Uključi režim rada u avionu","airplaneOff":"Isključi režim rada u avionu","silent":"Utišaj dolazne pozive","normal":"Uključi zvono dolaznim pozivima","restart":"Ponovo pokreni sistem","power":"Isključi","no-recent-apps":"Nema aktivnih aplikacija","yes":"Da","no":"Ne","dontallow":"Odbij","allow":"Dozvoli","dontshare-geolocation":"Nemoj","share-geolocation":"Dozvoli","dontshare-audio-capture":"Nemoj\t","share-audio-capture":"Dozvoli","dontshare-video-capture":"Nemoj","share-video-capture":"Dozvoli","dontshare-media-capture":"Nemoj","share-media-capture":"Dozvoli","device-front":"Prednja kamera","device-back":"Kamera na poleđini","remember-my-choice":"Zapamti moj izbor","more-info":"Više informacija…","hide-info":"Sakrij informacije","install-app":"Instalirati {{name}}?","size":"Veličina","author":"Autor","size-unknown":"Nepoznata","author-unknown":"Nepoznat","install":"Instaliraj","bytes":"bajta","kB":"kB","MB":"MB","GB":"GB","TB":"TB","PB":"PB","app-install-generic-error":"Preuzimanje {{ appName }} zaustavljeno","app-install-download-failed":"{{ appName }} neuspešno preuzet","app-install-install-failed":"{{ appName }} neuspešno instaliran","cancelling-will-not-refund":"Odustanak neće poništiti izvršeno plaćanje. Povraćaj plaćenog sadržaja pruža izvorni prodavac.","apps-can-be-installed-later":"Aplikacije mogu biti instalirane kasnije iz izvornog porekla instalacije.","are-you-sure-you-want-to-cancel":"Da li ste sigurni da želite otkazati instalaciju?","cancel-install":"Otkaži","cancel-install-button":"Otkaži","resume":"Nastavi","continue":"Nastavi","stopDownloading":"Zaustaviti preuzimanje {{ app }}?","app-download-can-be-restarted":"Preuzimanje može biti nastavljeno kasnije.","app-download-stop-button":"Zaustavi preuzimanje","not-enough-space":"Nema dovoljno prostora","not-enough-space-message":"Nema dovoljno prostora za instalaciju ove aplikacije. Oslobodite prostor brisanjem starih aplikacija ili sadržaja, zatim ponovite instalaciju iz prvobitnog izvora.","app-install-success":"{{ appName }} instaliran","setup":"Konfiguracija","ime-addkeyboards":"Dodaj tastature","later":"Kasnije","download":"Preuzimanje","wantToDownload":"Preuzeti nadogradnju sada?","wantToInstall":"Nadograditi sada?","installNow":"Instaliraj sada","notNow":"Ne sada","downloadingUpdateMessage":{"innerHTML":"Preuzimanje nadogradnji… <span>{{ progress }} preuzeto.</span>"},"downloadingAppMessage":"Preuzimanje {{ appName }}","downloadingAppProgressNoMax":"{{ progress }} je preuzeto","downloadingAppProgressIndeterminate":"Preuzimanje","downloadingAppProgress":"{{ progress }} / {{ max }} je preuzeto","cancelAllDownloads":"Otkaži sva preuzimanja","wantToCancelAll":"Da li ste sigurni da želite otkazati sva preuzimanja?","downloadError":"Desila se greška prilikom preuzimanja nadogradnji.","updateAvailableInfo":{"innerHTML":{"_index":["plural","n"],"_":{"one":"{{ n }} nadogradnja je dostupna. <span>Pritisnite za više informacija.</span>","two":"{{ n }} nadogradnje su dostupne. <span>Pritisnite za više informacija.</span>","few":"{{ n }} nadogradnji je dostupno. <span>Pritisnite za više informacija.</span>","many":"{{ n }} nadogradnji je dostupno. <span>Pritisnite za više informacija.</span>","other":"{{ n }} nadogradnji je dostupno. <span>Pritisnite za više informacija.</span>"}}},"numberOfUpdates":{"_index":["plural","n"],"_":{"one":"{{ n }} nadogradnja je dostupna","two":"{{ n }} nadogradnje su dostupne","few":"{{ n }} nadogradnji je dostupno","many":"{{ n }} nadoradnji je dostupno","other":"{{ n }} nadoradnji je dostupno"}},"systemUpdate":"Nadogradnja sistema","systemUpdateReady":"Nadogradnja sistema je spremna","systemUpdateLowBatteryThreshold":"Potrebno Vam je barem {{ threshold }}% baterije da biste instalirali nadogradnje.","required":"Neophodna","uncompressingMessage":{"innerHTML":"Raspakivanje… <span>Ovo može potrajati nekoliko minuta.</span>"},"downloadNoWifiWarning":"Wi-Fi mreža nije dostupna. Nadogradnja preko trenutne veze može uzrokovati dodatne troškove.","downloadOfflineWarning":"Veza nije dostupna. Povežite se na mrežu da biste preuzeli nadogradnje.","downloadDataConnectionWarning":"Nadogradnje se preuzimaju putem mobilne mreže kada Wi-Fi mreža nije dostupna. Ova usluga može biti dodatno naplaćena.","downloadUpdatesViaDataConnection":"Preuzmi nadogradnje preko mobilne mreže?","downloadUpdatesViaDataConnectionMessage":"Nadogradnje se preuzimaju putem mobilne mreže kada Wi-Fi mreža nije dostupna. Kada koristite mobilnu mrežu za internet, pozivi mogu biti blokirani i ova usluga može biti dodatno naplaćena.","downloadUpdatesVia2GForbidden2":"Downloading updates is not possible on slow connections (2G). Please connect via Wi-Fi or 3G (if available) and try again.","screenshotSaved":"Snimak ekrana sačuvan","screenshotFailed":"Snimak nije sačuvan","screenshotNoSDCard":"Nije pronađena memorijska kartica","screenshotSDCardInUse":"Memorijska kartica je u upotrebi","screenshotSDCardLow":"Nema dovoljno prostora na memorijskoj kartici","emergency-call-button":"Hitan poziv","emergency-call":"Hitan poziv","unlock-a11y-button":{"ariaLabel":"Otključaj"},"camera-a11y-button":{"ariaLabel":"Kamera"},"longDateFormat":"%A, %e %B","panel-passcode":{"ariaLabel":"Pristupni panel"},"lockscreen-sim-id":"SIM {{ n }}","softwareHomeButton":{"ariaLabel":"Početna"},"login":"Prijavi se","username":"Korisničko ime","password":"Lozinka","http-authentication-message":"{{host}} zahteva korisničko ime i lozinku. Veb sajt poručuje: “{{realm}}”","error-message":"{{name}} se ne učitava valjano","error-title":"{{name}} ima poteškoća","airplane-is-on":"Režim rada u avionu je uključen","airplane-is-turned-on":"{{name}} zahteva mrežnu vezu. Isključite režim rada u avionu iz postavki i povežite se na Wi-Fi mrežu ili uključite prenos podataka.","server-not-found":"Server nije pronađen","server-not-found-error":"Ne mogu pronaći server na {{name}}.","file-not-found":"Datoteka nije pronađena","file-not-found-error":"Uređaj ne može da prikaže ovu stranicu zato što datoteka nije pronađena.","connection-failed":"Ne mogu se povezati","connection-failed-error":"Desila se greška na mreži pri pokušaju povezivanja na ovaj sajt.","invalid-connection":"Ne mogu se povezati","invalid-connection-error":"Desila se greška na mreži pri pokušaju povezivanja na ovaj sajt.","malformed-uri":"URL nije validan","malformed-uri-error":"Unesen URL nije validan i ne može se učitati.","redirect-loop":"Ne mogu prikazati stranicu","redirect-loop-error":"Uređaj ne može prikazati stranicu zato što se stranica ne prosleđuje pravilno. Pokušajte ponovo kasnije.","not-cached":"Stranica je istekla","not-cached-error":"Kao mera bezbednosti, ova stranica ne može biti prikazana jer je istekla.","is-printing-error":"Ovaj dokument se ne može promeniti pri štampanju ili pri prikazu u režimu za štampanje.","denied-port-access":"Ova stranica je zabranjena","denied-port-access-error":"Ova stranica koristi port mreže koji je obično za svrhe koje nisu veb pregledanje. Ovaj uređaj je otkazao zahtev radi Vaše bezbednosti.","proxy-resolve-failure":"Greška na proksi serveru","proxy-resolve-failure-error":"Ovaj uređaj je podešen da koristi proksi server koji nije pronađen.","proxy-connect-failure":"Greška na proksi serveru","proxy-connect-failure-error":"Ovaj uređaj je podešen da koristi proksi serfer koji odbija da se poveže.","content-encoding":"Ne mogu prikazati stranicu","content-encoding-error":"Uređaj ne može prikazati ovu stranicu jer se desila greška u kodovanju sadržaja.","remote-xul":"Stranica nije podržana","remote-xul-error":"Ova stranica se ne može prikazati jer koristi tehnologiju koju ovaj uređaj ne podržava.","phishing-blocked":"Upozorenje","phishing-blocked-error":"Veb sajt je prijavljen kao veb falsifikat koji je napravljen da Vam na prevaru uzme lične i financijske informacije.","malware-blocked":"Napad malvera je blokiran","malware-blocked-error":"Veb sajt je prijavljen kao sajt koji napada Vaš uređaj i on je blokiran.","unsafe-content-type":"Nesiguran sadržaj","unsafe-content-type-error":"Ova stranica ne može biti prikazana jer njeno otvaranje nije sigurno.","corrupted-content":"Ne mogu prikazati stranicu","corrupted-content-error":"Ova stranica ne može biti prikazana jer se desila greška prilikom prenosa podataka.","network-connection-unavailable":"Mrežna veza nije dostupna","network-error":"{{name}} zahteva mrežnu vezu. Pokušajte da se povežete na bežičnu mrežu ili uključite prenos podataka.","network-error-launching":"{{name}} zahteva internet konekciju.","network-error-in-app":"Trenutno nema pristup internetu.","unable-to-connect":"Nije se moguće povezati","try-again":"Pokušaj ponovo","check-settings":"Proveri postavke","tap-to-check-settings":"Proveri postavke","select-time":"Odaberite vreme","choose-option":"Odaberi","choose-options":"Odaberi","select-day":"Odaberite dan","battery-almost-empty":"Baterija je skoro prazna","add-to-home-screen":"Dodaj na početni ekran","share":"Podeli","crash-dialog2-os":"{{brandShortName}} se upravo oporavio od rušenja","crash-dialog-app":"{{name}} se upravo srušio","crash-dialog-message":"Da li biste želeli da pošaljete Mozilla fondaciji izveštaj o rušenju kako biste nam pomogli da rešimo poteškoće? (Izveštaji se šalju samo preko Wi-Fi mreže)","crash-info-link":"Šta sadrži izveštaj o rušenju?","crash-always-report":"Uvek pošalji izveštaj Mozilla fondaciji kada dođe do rušenja.","crash-dont-send":"Ne šalji","crash-end":"Pošalji","crashReports":"Izveštaj","done":"Gotovo","crash-reports-description-1":"Izveštaj o rušenju sadrži neke pojedinosti o rušenju i Vašem uređaju, kao i sliku stanja uređaja u trenutku rušenja","crash-reports-description-2":"U njemu mogu biti obuhvaćene stavke poput otvorenih stranica i aplikacija, teksta unošenog u obrazce, sadržaja otvorenih poruka ili geolokacijske informacije korišćenog u otvorenoj aplikaciji.","crash-reports-description-3-start":"Izveštaje o rušenju koristimo da bismo pokušali ispraviti poteškoće i poboljšali naše proizvode. Vašim podacima upravljamo na način opisan u našoj","crash-reports-description-3-privacy":"polisi privatnosti","crash-reports-description-3-end":".","crash-banner-os2":"{{brandShortName}} se upravo srušio.","crash-banner-app":"{{name}} se upravo srušio.","crash-banner-report":"Izveštaj","bluetooth-sending-progress":"Šaljem datoteku..","bluetooth-receiving-progress":"Primam datoteku..","acceptFileTransfer":"Prihvati datoteku?","wantToReceiveFile":"{{deviceName}} bi želeo da prenese {{fileName}} ({{fileSize}}).","transfer-confirmation-title":"{{deviceName}}","transfer-confirmation-description":"Pregledajte zahtev za prenos.","byteUnit-B":"bajta","byteUnit-KB":"KB","byteUnit-MB":"MB","byteUnit-GB":"GB","byteUnit-TB":"TB","byteUnit-PB":"PB","byteUnit-EB":"EB","byteUnit-ZB":"ZB","byteUnit-YB":"YB","fileSize":"{{size}} {{unit}}","deny":"Odbij","transfer":"Prenesi","cancelFileTransfer":"Otkaži prenos datoteka preko Bluetooth-a?","continueFileTransfer":"Nastavi","transfer-has-started-title":"Prenos je počeo","transfer-has-started-description":"Proverite tok prenosa","transferFinished-sentSuccessful-title":"Datoteka poslata","transferFinished-receivedSuccessful-title":"Datoteka primljena","transferFinished-sentFailed-title":"Datoteka nije poslata","transferFinished-receivedFailed-title":"Primanje neuspelo","transferReport-title":"Izveštaj prenosa:","transferReport-description":"{{numSuccessful}} uspešno, {{numUnsuccessful}} neuspešno","unknown-file":"Nepoznata datoteka","unknown-device":"Nepoznati uređaj","cannotOpenFile":"Primljena datoteka se ne može otvoriti","unknownMediaTypeToOpen":"Ne može se otvoriti nepoznata vrsta medija:","cannotReceiveFile":"Ne može se primiti datoteka","cannotGetStorageState":"Nije moguće dobaviti stanje skladišta uređaja","sdcard-not-exist2":"Nije pronađena memorijska kartica. Molim Vas, umetnite memorijsku karticu.","sdcard-in-use":"Bluetooth se ne može koristiti dok je telefon prikačen na kabel. Molim Vas, otkačite kabel za primanje datoteke(a).","sdcard-no-space2":"Nije moguće završiti prenos: memorijska kartica je puna.","unknown-error":"Nepoznata greška","confirm":"Potvrdi","microphone-is-on":"Mikrofon je uključen","camera-is-on":"Kamera je uključena","media-is-on":"Kamera i mikrofon su uključeni","noSimCard":"Nema SIM kartice","simPin":"SIM PIN","pukCode":"PUK kod","nckCode":"NCK kod","cckCode":"CCK kod","spckCode":"SPCK kod","nck1code":"NCK1 kod","nck2code":"NCK2 kod","hnckcode":"HNCK kod","rcckcode":"RCCK kod","rspckcode":"RSPCK kod","whatIsSimPin":"Šta je SIM PIN?","simPinIntro1":"SIM PIN sprečava pristup mrežnim podacima mobilne telefonije SIM kartice. Kada je omogućen, bilo koji uređaj koji sadrži SIM karticu će tražiti unos PIN-a posle ponovnog pokretanja","simPinIntro2":"SIM PIN nije isto što i lozinka koja se koristi za otključavanje uređaja.","changeSimPin":"Promeni PIN","pinTitle":"Unesite SIM PIN","multiSIMpinTitle":"Unesite SIM {{n}} PIN","pukTitle":"Unesite PUK kod","nckTitle":"Unesite NCK kod","cckTitle":"Unesite CCK kod","spckTitle":"Unesite SPCK kod","nck1Title":"Unesite NCK1 kod","nck2Title":"Unesite NCK2 kod","hnckTitle":"Unesite HNCK kod","rcckTitle":"Unesite RCCK kod","rspckTitle":"Unesite RSPCK kod","newpinTitle":"Novi PIN","inputCodeRetriesLeft":{"_index":["plural","n"],"_":{"one":"poslednji pokušaj.","two":"preostala {{n}} pokušaja.","few":"preostalo {{n}} pokušaja.","many":"preostalo {{n}} pokušaja.","other":"preostalo {{n}} pokušaja."}},"pinErrorMsg":"PIN nije ispravan.","pinAttemptMsg2":{"_index":["plural","n"],"_":{"one":"Imate još jedan pokušaj da unesete ispravan kod pre nego što SIM kartica bude zaključana.","few":"Imate još {{n}} pokušaja da unesete ispravan kod pre nego što SIM kartica bude zaključana.","two":"Imate još {{n}} pokušaja da unesete ispravan kod pre nego što SIM kartica bude zaključana.","many":"Imate još {{n}} pokušaja da unesete ispravan kod pre nego što SIM kartica bude zaključana.","other":"Imate još {{n}} pokušaja da unesete ispravan kod pre nego što SIM kartica bude zaključana."}},"pinLastChanceMsg":"Ovo je poslednja prilika da unesete ispravan PIN. U suprotnom, morate uneti PUK kod da bi koristili ovu SIM karticu.","simCardLockedMsg":"SIM kartica je zaključana.","enterPukMsg":"Morate uneti Lični ključ za otključavanje (PUK) SIM kartice. Pogledajte uputstvo SIM kartice ili se obratite operateru za više informacija.","pukErrorMsg":"PUK kod je netačan.","pukAttemptMsg2":{"_index":["plural","n"],"_":{"one":"Imate još jedan pokušaj da unesete ispravan kod pre nego što Vam se trajno zaključa SIM kartica. Pogledajte dokumentaciju koju ste dobili uz SIM karticu ili kontaktirajte mrežnog operatera za više informacija.","two":"Imate još {{n}} pokušaja da unesete ispravan kod pre nego što Vam se trajno zaključa SIM kartica. Pogledajte dokumentaciju koju ste dobili uz SIM karticu ili kontaktirajte mrežnog operatera za više informacija.","few":"Imate još {{n}} pokušaja da unesete ispravan kod pre nego što Vam se trajno zaključa SIM kartica. Pogledajte dokumentaciju koju ste dobili uz SIM karticu ili kontaktirajte mrežnog operatera za više informacija.","many":"Imate još {{n}} pokušaja da unesete ispravan kod pre nego što Vam se trajno zaključa SIM kartica. Pogledajte dokumentaciju koju ste dobili uz SIM karticu ili kontaktirajte mrežnog operatera za više informacija.","other":"Imate još {{n}} pokušaja da unesete ispravan kod pre nego što Vam se trajno zaključa SIM kartica. Pogledajte dokumentaciju koju ste dobili uz SIM karticu ili kontaktirajte mrežnog operatera za više informacija."}},"pukLastChanceMsg":"Ovo je poslednja prilika da unesete ispravnu PUK šifru. Vaša SIM kartica će biti trajno neupotrebljiva ukoliko unesete pogrešnu PUK šifru. Pogledajte uputstvo SIM kartice ili se obratite operateru za više informacija.","newSimPinMsg":"Napravite PIN (mora sadržati 4 do 8 cifara)","confirmNewSimPinMsg":"Potvrdite novi PIN","newPinErrorMsg":"PIN šifre se ne slažu.","nckErrorMsg":"NCK je netačan.","nckAttemptMsg2":{"_index":["plural","n"],"_":{"one":"Greška pri zahtevu za otključavanje telefona (Network depersonalization request). Imate još jedan pokušaj da unesete ispravan kod. Pogledajte dokumentaciju koju ste dobili uz uređaj koji koristite ili kontaktirajte svog mrežnog operatera za više informacija.","two":"Greška pri zahtevu za otključavanje telefona (Network depersonalization request). Imate još {{n}} pokušaja da unesete ispravan kod. Pogledajte dokumentaciju koju ste dobili uz uređaj koji koristite ili kontaktirajte svog mrežnog operatera za više informacija.","few":"Greška pri zahtevu za otključavanje telefona (Network depersonalization request). Imate još {{n}} pokušaja da unesete ispravan kod. Pogledajte dokumentaciju koju ste dobili uz uređaj koji koristite ili kontaktirajte svog mrežnog operatera za više informacija.","many":"Greška pri zahtevu za otključavanje telefona (Network depersonalization request). Imate još {{n}} pokušaja da unesete ispravan kod. Pogledajte dokumentaciju koju ste dobili uz uređaj koji koristite ili kontaktirajte svog mrežnog operatera za više informacija.","other":"Greška pri zahtevu za otključavanje telefona (Network depersonalization request). Imate još {{n}} pokušaja da unesete ispravan kod. Pogledajte dokumentaciju koju ste dobili uz uređaj koji koristite ili kontaktirajte svog mrežnog operatera za više informacija."}},"nckLastChanceMsg":"Neuspešan zahtev depersonalizacije mreže. Ovo je poslednja prilika za unos ispravne NCK šifre. Pogledajte uputstvo za uređaj ili se obratite operateru za više informacija.","activity-pick":"Izaberi u:","activity-view":"Pregledaj pomoću:","activity-test":"Isprobaj pomoću:","activity-share":"Podeli sa:","activity-new":"Napravi pomoću:","activity-open":"Otvori pomoću:","activity-save-bookmark":"Zabeleži u:","activity-record":"Snimi iz:","activity-browse":"Pregledaj pomoću:","activity-configure":"Podesi pomoću:","activity-dial":"Pozovi iz:","persona-signin":"Prijava","payment-flow":"Kupi","remoteDebuggerMessage":"Primljen je dolazni zahtev za dozvolu udaljene ispravke grešaka. Dozvoliti vezu?","fullscreen-request":"{{origin}} je sada preko celog ekrana.","captive-wifi-available":"Nađena je mreža {{networkName}}. Poveži se?","ceWarningtitle":"Upozorenje o jačini","ceWarningcontent":"Da biste izbegli moguće oštećenje sluha, nemojte dugo koristiti maksimalnu jačinu zvuka.","notification-powersaving-mode-on-title":"Režim štednje baterije","notification-powersaving-mode-on-description":"Režim štednje baterije je uključen.","low-device-storage":"Ponestaje Vam prostora na uređaju.\\n","free-space":{"_index":["plural","value"],"_":{"zero":"Nema slobodnog prostora.","one":"Ostalo je manje od {{value}} {{unit}}.","two":"Ostalo je manje od {{value}} {{unit}}.","few":"Ostalo je manje od {{value}} {{unit}}.","many":"Ostalo je manje od {{value}} {{unit}}.","other":"Ostalo je manje od {{value}} {{unit}}."}},"unknown-free-space":"Nepoznata veličina slobodnog prostora.","system-alert":"Sistemska uzbuna","cb-channel":"Kanal {{channel}}","cb-etws-warningType-earthquake":"Zemljotres!","cb-etws-warningType-tsunami":"Cunami!","cb-etws-warningType-earthquake-tsunami":"Zemljotres-cunami!","cb-etws-warningType-test":"Sistem upozorenja se testira.","cb-etws-warningType-other":"Hitno upozorenje!","icc-message-maintitle":"Poruka operatera","icc-message-subtitle":"SIM {{id}}","icc-confirmCall-defaultmessage":"Pozvati {{number}}?","icc-alertMessage-defaultmessage":"Slanje poruke","icc-confirmMessage-defaultmessage":"Poslati poruku?","icc-inputbox-maintitle":"STK upit","icc-inputbox-subtitle":"SIM {{id}}","emergency-callback-mode":"Režim hitnog poziva","emergency-callback-message":"Pozivi, poruke i internet su onemogućeni zbog režima hitnog poziva. Da li želite da isključite ovaj režim?","cdma-record-info":"Informacije CDMA zapisa","ime-switching-title":"{{appName}}: {{name}}","ime-switching-tip":"Pritisnite za promenu metode unosa","shrinking-tip":"Prevucite da biste podelili","download_started":"Preuzimanje je započelo","download_stopped":"Preuzimanje je zaustavljeno","download_downloading":"Preuzimam…","download_succeeded":"Preuzimanje uspešno","download_failed":"Preuzimanje neuspešno","download_text_by_default":"{{name}}","download_downloading_text_2":"{{percentage}}% - {{name}}","search-or-enter-address":{"_":"Pojam ili adresa","placeholder":"Pojam ili adresa"},"noSIMCardInHotspot":"SIM kartica nije pronađena ili je nepravilno ubačena, isključite hotspot","noHopspotWhenAPMisOn":"Isključite režim rada u avionu da biste koristili Wi-Fi hotspot","apmActivated":"Režim u avionu aktiviran","open-in-new-tab":"Otvori vezu u novom jezičku","add-link-to-home-screen":"Dodaj vezu na početni ekran","share-link":"Podeli vezu","save-image":"Sačuvaj sliku","save-video":"Sačuvaj video","save-audio":"Sačuvaj audio","save-link":"Sačuvaj povezanu datoteku","share-image":"Podeli sliku","share-video":"Podeli video","share-audio":"Podeli audio","weekday-0-long":"Nedelja","weekday-1-long":"Ponedeljak","weekday-2-long":"Utorak","weekday-3-long":"Sreda","weekday-4-long":"Četvrtak","weekday-5-long":"Petak","weekday-6-long":"Subota","weekday-0-short":"Ned","weekday-1-short":"Pon","weekday-2-short":"Uto","weekday-3-short":"Sre","weekday-4-short":"Čet","weekday-5-short":"Pet","weekday-6-short":"Sub","month-0-long":"januar","month-1-long":"februar","month-2-long":"mart","month-3-long":"april","month-4-long":"maj","month-5-long":"jun","month-6-long":"jul","month-7-long":"avgust","month-8-long":"septembar","month-9-long":"oktobar","month-10-long":"novembar","month-11-long":"decembar","month-0-genitive":"januara","month-1-genitive":"februara","month-2-genitive":"marta","month-3-genitive":"aprila","month-4-genitive":"maja","month-5-genitive":"juna","month-6-genitive":"jula","month-7-genitive":"avgusta","month-8-genitive":"septembra","month-9-genitive":"oktobra","month-10-genitive":"novembra","month-11-genitive":"decembra","month-0-short":"jan","month-1-short":"feb","month-2-short":"mar","month-3-short":"apr","month-4-short":"maj","month-5-short":"jun","month-6-short":"jul","month-7-short":"avg","month-8-short":"sep","month-9-short":"okt","month-10-short":"nov","month-11-short":"dec","minutes-ago-long":{"_index":["plural","value"],"_":{"zero":"upravo","one":"pre minut","two":"pre {{value}} minuta","few":"pre {{value}} minuta","many":"pre {{value}} minuta","other":"pre {{value}} minuta"}},"hours-ago-long":{"_index":["plural","value"],"_":{"zero":"upravo","one":"pre sat vremena","two":"pre {{value}} sata","few":"pre {{value}} sati","many":"pre {{value}} sati","other":"pre {{value}} sati"}},"days-ago-long":{"_index":["plural","value"],"_":{"zero":"danas","one":"juče","two":"pre {{value}} dana","few":"pre {{value}} dana","many":"pre {{value}} dana","other":"pre {{value}} dana"}},"weeks-ago-long":{"_index":["plural","value"],"_":{"zero":"ove nedelje","one":"prošle nedelje","two":"pre {{value}} nedelje","few":"pre {{value}} nedelja","many":"pre {{value}} nedelja","other":"pre {{value}} nedelja"}},"months-ago-long":{"_index":["plural","value"],"_":{"zero":"ovog meseca","one":"prošlog meseca","two":"pre {{value}} meseca","few":"pre {{value}} meseci","many":"pre {{value}} meseci","other":"pre {{value}} meseci"}},"years-ago-long":{"_index":["plural","value"],"_":{"zero":"ove godine","one":"prošle godine","two":"pre {{value}} godine","few":"pre {{value}} godina","many":"pre {{value}} godina","other":"pre {{value}} godina"}},"minutes-until-long":{"_index":["plural","value"],"_":{"zero":"upravo","one":"za jedan minut","two":"za {{value}} minuta","few":"za {{value}} minuta","many":"za {{value}} minuta","other":"za {{value}} minuta"}},"hours-until-long":{"_index":["plural","value"],"_":{"zero":"upravo","one":"za sat vremena","two":"za {{value}} sata","few":"za {{value}} sati","many":"za {{value}} sati","other":"za {{value}} sati"}},"days-until-long":{"_index":["plural","value"],"_":{"zero":"danas","one":"sutra","two":"za {{value}} dana","few":"za {{value}} dana","many":"za {{value}} dana","other":"za {{value}} dana"}},"weeks-until-long":{"_index":["plural","value"],"_":{"zero":"ove nedelje","one":"sledeće nedelje","two":"za {{value}} nedelje","few":"za {{value}} nedelja","many":"za {{value}} nedelja","other":"za {{value}} nedelja"}},"months-until-long":{"_index":["plural","value"],"_":{"zero":"ovog meseca","one":"sledećeg meseca","two":"za {{value}} meseca","few":"za {{value}} meseci","many":"za {{value}} meseci","other":"za {{value}} meseci"}},"years-until-long":{"_index":["plural","value"],"_":{"zero":"ove godine","one":"sledeće godine","two":"za {{value}} godine","few":"za {{value}} godina","many":"za {{value}} godina","other":"za {{value}} godina"}},"minutes-ago-short":{"_index":["plural","value"],"_":{"zero":"upravo","other":"pre {{value}}m"}},"hours-ago-short":{"_index":["plural","value"],"_":{"zero":"upravo","other":"pre {{value}}s"}},"days-ago-short":{"_index":["plural","value"],"_":{"zero":"danas","other":"pre {{value}}d"}},"minutes-until-short":{"_index":["plural","value"],"_":{"zero":"upravo","other":"za {{value}}m"}},"hours-until-short":{"_index":["plural","value"],"_":{"zero":"upravo","other":"za {{value}}s"}},"days-until-short":{"_index":["plural","value"],"_":{"zero":"danas","other":"za {{value}}d"}},"incorrectDate":"(netačan datum)","dateTimeFormat_%c":"%a %e %b %Y %H:%M:%S","dateTimeFormat_%x":"%d.%m.%Y","dateTimeFormat_%X":"%H:%M:%S","shortTimeFormat":"%H:%M","shortDateTimeFormat":"%x %H:%M","weekStartsOnMonday":"1","time_am":"AM","time_pm":"PM","title-app":"Dozvole apl.","title-web":"Dozvole sajtova","title-cam":"Izaberi kameru","perm-contacts":"Kontakti","perm-contacts-appRequest":"{{app}} želi da pristupi Vašim kontaktima.","perm-contacts-webRequest":"{{site}} želi da pristupi Vašim kontaktima.","perm-desktop-notification":"Obaveštenja","perm-desktop-notification-appRequest":"{{app}} želi da prikazuje obaveštenja.","perm-desktop-notification-webRequest":"{{site}} želi da prikazuje obaveštenja.","perm-device-storage-music":"Skladište muzike","perm-device-storage-music-appRequest":"{{app}} želi da pristupi Vašoj muzici.","perm-device-storage-music-webRequest":"{{site}} želi da pristupi Vašoj muzici.","perm-device-storage-pictures":"Skladište slika","perm-device-storage-pictures-appRequest":"{{app}} želi da pristupi Vašim slikama.","perm-device-storage-pictures-webRequest":"{{site}} želi da pristupi Vašim slikama.","perm-device-storage-sdcard":"Skladište memorijske kartice","perm-device-storage-sdcard-appRequest":"{{app}} želi da pristupi Vašoj memorijskoj kartici.","perm-device-storage-sdcard-webRequest":"{{site}} želi da pristupi Vašoj memorijskoj kartici.","perm-device-storage-videos":"Skladište video snimaka","perm-device-storage-videos-appRequest":"{{app}} želi da pristupi Vašim video snimcima.","perm-device-storage-videos-webRequest":"{{site}} želi da pristupi Vašim video snimcima.","perm-fmradio":"FM Radio","perm-fmradio-appRequest":"{{app}} želi da koristi FM radio.","perm-fmradio-webRequest":"{{site}} želi da koristi FM radio.","perm-geolocation":"Geolokacija","perm-geolocation-appRequest":"{{app}} želi da zna Vašu lokaciju.","perm-geolocation-webRequest":"{{site}} želi da zna Vašu lokaciju.","perm-geolocation-more-info":"{{brandShortName}} koristi GPS podatke, Wi-Fi podatke i podatke mobilnih mreža u Vašoj blizini radi utvrđivanja Vaše približne lokacije. Podaci se šalju Mozilla fondaciji i ostalim pružaocima usluga i biće korišćeni za unapređivanje baze podataka sa lokacijama. Podaci mogu biti smešteni na Vašem uređaju a prikupljanje podataka može početi u bilo kom trenutku, čak i kada ni jedna aplikacija nije pokrenuta.","perm-video-capture":"Kamera","perm-video-capture-appRequest":"Da li biste želeli da podelite Vašu kameru sa {{app}}?","perm-video-capture-webRequest":"Da li biste želeli da podelite Vašu kameru sa {{site}}?","perm-audio-capture":"Mikrofon","perm-audio-capture-appRequest":"Da li biste želeli da podelite Vaš mikrofon sa {{app}}?","perm-audio-capture-webRequest":"Da li biste želeli da podelite Vaš mikrofon sa {{site}}?","perm-media-capture":"Kamera i mikrofon","perm-media-capture-appRequest":"Da li biste želeli da podelite Vašu kameru i mikrofon sa {{app}}?","perm-media-capture-webRequest":"Da li biste želeli da podelite Vašu kameru i mikrofon sa {{site}}?","perm-camera-selector-appRequest":"Izaberi kameru za {{app}}.","perm-camera-selector-webRequest":"Izaberi kameru za {{site}}.","perm-mobileid":"Mobilni identitet","stopped_download_title":"Preuzimanje zaustavljeno","stopped_download_message":"Preuzimanje je zaustavljeno. Pokušati ponovo preuzeti?","stopped_download_left_button":"Otkaži","stopped_download_right_button":"Pokušaj","failed_download_title":"Preuzimanje neuspešno","failed_download_message":"{{name}} nije preuzet. Pokušati ponovo preuzeti?","failed_download_left_button":"Otkaži","failed_download_right_button":"Pokušaj","stop_download_title":"Zaustavi preuzimanje","stop_download_message":"Da li ste sigurni da želite zaustaviti preuzimanje?","stop_download_left_button":"Ne","stop_download_right_button":"Da","delete_download_title":"Izbriši","delete_download_message":"Izbriši {{name}}?","delete_download_left_button":"Otkaži","delete_download_right_button":"Izbriši","delete_all_download_title":"Izbriši","delete_all_download_left_button":"Otkaži","delete_all_download_right_button":"Izbriši","delete_all_download_message":{"_index":["plural","number"],"_":{"zero":"Nemoj izbrisati datoteke?","one":"Izbrisati jednu datoteku?","two":"Izbrisati {{number}} datoteke?","few":"Izbrisati {{number}} datoteka?","many":"Izbrisati {{number}} datoteka?","other":"Izbrisati {{number}} datoteka?"}},"unsupported_file_type_download_title":"Ne mogu otvoriti","unsupported_file_type_download_message":"Ne postoji aplikacija sa kojom možete otvoriti {{name}}. Da li želite da sačuvate datoteku ili da je izbrišete?","unsupported_file_type_download_left_button":"Sačuvaj","unsupported_file_type_download_right_button":"Izbriši","file_not_found_download_title":"Datoteka nije pronađena","file_not_found_download_message":"Datoteka nije pronađena na uređaju","file_not_found_download_right_button":"U redu","unmounted_sdcard_2_download_title":"Memorijska kartica je u upotrebi","unmounted_sdcard_2_download_message":"Isključite kabel iz telefona","unmounted_sdcard_2_download_right_button":"U redu","no_provider_download_title":"Ne mogu deliti","no_provider_download_message":"Nije pronađen provajder","no_provider_download_right_button":"U redu","no_memory_download_title":"SD kartica je puna","no_memory_download_message":"Nema više mesta na Vašoj SD kartici za čuvavanje preuzimanja. Molimo Vas izbrišite neke datoteke pre nego što ponovo pokušate preuzeti datoteke.","no_memory_download_right_button":"U redu","no_sdcard_found_2_download_title":"Nije pronađena memorijska kartica","no_sdcard_found_2_download_message":"Ubacite memorijsku karticu ili odaberite drugo podrazumevano mesto za čuvanje medija u postavkama","no_sdcard_found_2_download_right_button":"U redu","file_open_error_download_title":"Ne mogu otvoriti","file_open_error_download_message":"Ne mogu otvoriti datoteku {{name}}. Da li želite da je sačuvate ili izbrišete?","file_open_error_download_left_button":"Sačuvaj","file_open_error_download_right_button":"Izbriši","restart_download_error":"Došlo je do greške prilikom ponovnog pokušaja preuzimanja. Molimo Vas pokušajte da ponovo preuzmete.","no-downloads":"Nema preuzimanja","percentage":"{{percentage}} %","partialResult":"{{partial}} od {{total}}","summary":"{{date}} - {{status}}","download-stopped":"Zaustavljeno","download-failed":"Preuzimanje neuspešno","open_downloaded_file":"Otvori","share_downloaded_file":"Podeli","wallpaper_downloaded_file":"Postavi kao pozadinu","ringtone_downloaded_file":"Postavi kao melodiju","cancel_downloaded_file":"Otkaži","voicemailNoNumberTitle":"Broj govorne pošte je nedostupan","voicemailNoNumberText":"Pozivanje govorne pošte nije moguće. Podesite broj govorne pošte da biste pozvali.","voicemailNoNumberSettings":"Postavke","voicemailNoNumberCancel":"Otkaži","resend":"Ponovo pošalji","connecting":"Povezivanje","verify":"Potvrdi","verifying":"Potvrđujem","verified":"Potvrđeno","mobileIDExplanation":"{{app_name}} želi da zna da li želite da potvrdite Vaš broj telefona. Molimo odaberite koji želite da podelite ili ukucajte novi.","verificationCodeExplanation":"Poslali smo kod na {{phone_number}}. Pokušat ćemo da ga automatki učitamo, ali ćete morati ručno da ga ukucate ako nije u upotrebi na ovom uređaju.","successMessage":"Super! Vaš broj {{phone_number}} je sada potvrđen i dostupan {{app_name}}.","serverErrorMessage":"Server za potvrdu trenutno nije dostupan. Proverite Vašu konekciju sa internetom ili pokušajte ponovo za nekoliko minuta.","timeoutErrorMessage":"Izgleda da je došlo do problema sa kodom za potvrdu. Ajmo da pokušamo opet!","errorTitle":"Indentitet mobilnog","addPhoneNumber":"Ili dodajte Vaš broj telefona","selectPhoneNumber":"Ili izabarite broj telefona sa liste"}