{"firefox-accounts-title":"Firefox-konton","fxa-next":"Nästa","fxa-back":"Tillbaka","fxa-done":"Klar","fxa-ok":"OK","fxa-connection-error-title":"Kan inte ansluta","fxa-connection-error-message":"Du kan skapa ett konto eller logga in från inställningar.","fxa-reset-password-error-title":"Återställ lösenord","fxa-reset-password-error-message":"Du kan återställa lösenordet från inställningar.","fxa-coppa-failure-error-title":"Kan inte skapa konto","fxa-coppa-failure-error-message":"Du måste uppfylla vissa ålderskrav för att skapa ett Firefox-konto. {{learnmore}}","fxa-learn-more":"Läs mer","fxa-offline-error-title":"Kan inte ansluta","fxa-offline-error-message":"Anslut till ett nätverk från inställningar.","fxa-invalid-email-title":"Fel","fxa-invalid-email-message":"Ange en giltig e-postadress.","fxa-invalid-password-title":"Ogiltigt lösenord","fxa-invalid-password-message":"Kontrollera lösenordet och försök igen.","fxa-unknown-error-title":"Kan inte ansluta","fxa-unknown-error-message":"Systemet inte tillgängligt, försök igen senare.","fxa-connecting":"Ansluter","fxa-enter-email-input":{"placeholder":"Ange din e-postadress"},"fxa-use-email-to-sign-in":"Använd din e-postadress för att skapa ett konto eller logga in.","fxa-notice":"Genom att fortsätta, godkänner du {{tos}} och {{pn}} för Firefox molntjänster.","fxa-tos":"Användarvillkor","fxa-pn":"Integritetsskydd","fxa-create-password-title":"Skapa ett lösenord","fxa-enter-password-title":"Ange ditt lösenord","fxa-hello-user":"Hej, {{email}}","fxa-password-refresh":"Ange lösenord för ditt Firefox-konto för att fortsätta.","fxa-password":{"placeholder":"Lösenord"},"fxa-forgot-your-password":"Glömt ditt lösenord?","fxa-show-password":"Visa lösenord","fxa-password-length-requirement":"Ditt lösenord måste vara minst 8 tecken långt.","fxa-success":"Succé!","fxa-ready-to-go":"Ditt Firefox-konto är klart att användas! ","fxa-use-features":"Nu kan du använda funktioner som Hitta din enhet och appar som Firefox Marketplace.","fxa-access-manage-account-settings":"I framtiden kan du komma åt och hantera ditt konto från inställningar.","fxa-confirm-account":"Bekräfta ditt konto","fxa-will-send-email":"Vi skickar ett mejl till: {{email}}","fxa-signup-click-verification-link-in-email":"Nästa gång du kontrollerar din e-post, klicka på verifieringslänken för att bekräfta ditt Firefox-konto.","fxa-age-verification":"Ålderskontroll","fxa-age-1990-earlier":"1990 eller tidigare","fxa-year-of-birth":"Födelseår","brandShortName":"B2G OS","browserBrandShortName":"Webbläsare","browserBrandFullName":"Webbläsare Mozilla","accessibility-enableScreenReaderSteps":"To enable screen reader, press volume up then volume down buttons three more times","accessibility-disableScreenReaderSteps":"To disable screen reader, press volume up then volume down buttons three more times","accessibility-screenReaderStarted":"Screen reader started","accessibility-screenReaderStopped":"Screen reader stopped","accessibility-menubar":"menu bar","accessibility-scrollbar":"scroll bar","accessibility-grip":"grip","accessibility-alert":"alert","accessibility-menupopup":"menu popup","accessibility-document":"document","accessibility-pane":"pane","accessibility-dialog":"dialog","accessibility-separator":"separator","accessibility-toolbar":"toolbar","accessibility-statusbar":"status bar","accessibility-table":"table","accessibility-columnheader":"column header","accessibility-rowheader":"row header","accessibility-column":"column","accessibility-row":"row","accessibility-cell":"cell","accessibility-link":"link","accessibility-list":"list","accessibility-listitem":"list item","accessibility-outline":"outline","accessibility-outlineitem":"outline item","accessibility-pagetab":"tab","accessibility-propertypage":"property page","accessibility-graphic":"graphic","accessibility-pushbutton":"button","accessibility-checkbutton":"check button","accessibility-radiobutton":"radio button","accessibility-combobox":"combo box","accessibility-progressbar":"progress bar","accessibility-slider":"slider","accessibility-spinbutton":"spin button","accessibility-diagram":"diagram","accessibility-animation":"animation","accessibility-equation":"equation","accessibility-buttonmenu":"button menu","accessibility-whitespace":"white space","accessibility-pagetablist":"tab list","accessibility-canvas":"canvas","accessibility-checkmenuitem":"check menu item","accessibility-label":"label","accessibility-passwordtext":"password text","accessibility-radiomenuitem":"radio menu item","accessibility-textcontainer":"text container","accessibility-togglebutton":"toggle button","accessibility-treetable":"tree table","accessibility-header":"header","accessibility-footer":"footer","accessibility-paragraph":"paragraph","accessibility-entry":"entry","accessibility-caption":"caption","accessibility-heading":"heading","accessibility-section":"section","accessibility-form":"form","accessibility-comboboxlist":"combo box list","accessibility-comboboxoption":"combo box option","accessibility-imagemap":"image map","accessibility-listboxoption":"option","accessibility-listbox":"list box","accessibility-flatequation":"flat equation","accessibility-gridcell":"gridcell","accessibility-note":"note","accessibility-figure":"figure","accessibility-definitionlist":"definition list","accessibility-term":"term","accessibility-definition":"definition","accessibility-textarea":"text area","accessibility-textInputType_date":"date","accessibility-textInputType_email":"e-mail","accessibility-textInputType_search":"search","accessibility-textInputType_tel":"telephone","accessibility-textInputType_url":"URL","accessibility-headingLevel":"heading level {{0}}","accessibility-listStart":"First item","accessibility-listEnd":"Last item","accessibility-listItemsCount":{"_index":["plural","count"],"_":{"zero":"{{count}} items","one":"{{count}} item","two":"{{count}} items","few":"{{count}} items","many":"{{count}} items","other":"{{count}} items"}},"accessibility-objItemOfN":"{{0}} of {{1}}","accessibility-banner":"banner","accessibility-complementary":"complementary","accessibility-contentinfo":"content info","accessibility-main":"main","accessibility-navigation":"navigation","accessibility-search":"search","accessibility-tblColumnInfo":{"_index":["plural","count"],"_":{"zero":"with {{count}} columns","one":"with {{count}} column","two":"with {{count}} columns","few":"with {{count}} columns","many":"with {{count}} columns","other":"with {{count}} columns"}},"accessibility-tblRowInfo":{"_index":["plural","count"],"_":{"zero":"and {{count}} rows","one":"and {{count}} row","two":"and {{count}} rows","few":"and {{count}} rows","many":"and {{count}} rows","other":"and {{count}} rows"}},"accessibility-columnInfo":"Column {{0}}","accessibility-rowInfo":"Row {{0}}","accessibility-spansColumns":{"_index":["plural","0"],"_":{"zero":"spans {{0}} columns","one":"spans {{0}} column","two":"spans {{0}} columns","few":"spans {{0}} columns","many":"spans {{0}} columns","other":"spans {{0}} columns"}},"accessibility-spansRows":{"_index":["plural","0"],"_":{"zero":"spans {{0}} rows","one":"spans {{0}} row","two":"spans {{0}} rows","few":"spans {{0}} rows","many":"spans {{0}} rows","other":"spans {{0}} rows"}},"accessibility-jumpAction":"jumped","accessibility-pressAction":"pressed","accessibility-checkAction":"checked","accessibility-uncheckAction":"unchecked","accessibility-selectAction":"selected","accessibility-unselectAction":"unselected","accessibility-openAction":"opened","accessibility-closeAction":"closed","accessibility-switchAction":"switched","accessibility-clickAction":"clicked","accessibility-collapseAction":"collapsed","accessibility-expandAction":"expanded","accessibility-activateAction":"activated","accessibility-cycleAction":"cycled","accessibility-hidden":"hidden","accessibility-tabLoading":"loading","accessibility-tabLoaded":"loaded","accessibility-tabNew":"new tab","accessibility-tabLoadStopped":"loading stopped","accessibility-tabReload":"reloading","accessibility-stateChecked":"checked","accessibility-stateNotChecked":"not checked","accessibility-statePressed":"pressed","accessibility-stateExpanded":"expanded","accessibility-stateCollapsed":"collapsed","accessibility-stateUnavailable":"unavailable","accessibility-stateRequired":"required","accessibility-stateTraversed":"visited","accessibility-stateHasPopup":"has pop up","accessibility-stateSelected":"selected","accessibility-editingMode":"editing","accessibility-navigationMode":"navigating","accessibility-quicknav_Simple":"Default","accessibility-quicknav_Anchor":"Anchors","accessibility-quicknav_Button":"Buttons","accessibility-quicknav_Combobox":"Combo boxes","accessibility-quicknav_Landmark":"Landmarks","accessibility-quicknav_Entry":"Entries","accessibility-quicknav_FormElement":"Form elements","accessibility-quicknav_Graphic":"Images","accessibility-quicknav_Heading":"Headings","accessibility-quicknav_ListItem":"List items","accessibility-quicknav_Link":"Links","accessibility-quicknav_List":"Lists","accessibility-quicknav_PageTab":"Page tabs","accessibility-quicknav_RadioButton":"Radio buttons","accessibility-quicknav_Separator":"Separators","accessibility-quicknav_Table":"Tables","accessibility-quicknav_Checkbox":"Check boxes","accessibility-menubarAbbr":"menu bar","accessibility-scrollbarAbbr":"scroll bar","accessibility-gripAbbr":"grip","accessibility-alertAbbr":"alert","accessibility-menupopupAbbr":"menu popup","accessibility-documentAbbr":"document","accessibility-paneAbbr":"pane","accessibility-dialogAbbr":"dialog","accessibility-separatorAbbr":"separator","accessibility-toolbarAbbr":"toolbar","accessibility-statusbarAbbr":"status bar","accessibility-tableAbbr":"tbl","accessibility-columnheaderAbbr":"column header","accessibility-rowheaderAbbr":"row header","accessibility-columnAbbr":"column","accessibility-rowAbbr":"row","accessibility-cellAbbr":"cell","accessibility-linkAbbr":"lnk","accessibility-listAbbr":"list","accessibility-listitemAbbr":"list item","accessibility-outlineAbbr":"outline","accessibility-outlineitemAbbr":"outline item","accessibility-pagetabAbbr":"tab","accessibility-propertypageAbbr":"property page","accessibility-graphicAbbr":"graphic","accessibility-pushbuttonAbbr":"btn","accessibility-checkbuttonAbbr":"check button","accessibility-radiobuttonAbbr":"radio button","accessibility-comboboxAbbr":"combo box","accessibility-progressbarAbbr":"progress bar","accessibility-sliderAbbr":"slider","accessibility-spinbuttonAbbr":"spin button","accessibility-diagramAbbr":"diagram","accessibility-animationAbbr":"animation","accessibility-equationAbbr":"equation","accessibility-buttonmenuAbbr":"button menu","accessibility-whitespaceAbbr":"white space","accessibility-pagetablistAbbr":"tab list","accessibility-canvasAbbr":"canvas","accessibility-checkmenuitemAbbr":"check menu item","accessibility-labelAbbr":"label","accessibility-passwordtextAbbr":"passwdtxt","accessibility-radiomenuitemAbbr":"radio menu item","accessibility-textcontainerAbbr":"text container","accessibility-togglebuttonAbbr":"toggle button","accessibility-treetableAbbr":"tree table","accessibility-headerAbbr":"header","accessibility-footerAbbr":"footer","accessibility-paragraphAbbr":"paragraph","accessibility-entryAbbr":"entry","accessibility-captionAbbr":"caption","accessibility-headingAbbr":"heading","accessibility-sectionAbbr":"section","accessibility-formAbbr":"form","accessibility-comboboxlistAbbr":"combo box list","accessibility-comboboxoptionAbbr":"combo box option","accessibility-imagemapAbbr":"imgmap","accessibility-listboxoptionAbbr":"option","accessibility-listboxAbbr":"list box","accessibility-flatequationAbbr":"flat equation","accessibility-gridcellAbbr":"gridcell","accessibility-noteAbbr":"note","accessibility-figureAbbr":"fig","accessibility-definitionlistAbbr":"definition list","accessibility-termAbbr":"term","accessibility-definitionAbbr":"definition","accessibility-textareaAbbr":"txtarea","accessibility-tblColumnInfoAbbr":{"_index":["plural","count"],"_":{"one":"{{count}}c","two":"{{count}}c","few":"{{count}}c","many":"{{count}}c","other":"{{count}}c"}},"accessibility-tblRowInfoAbbr":{"_index":["plural","count"],"_":{"one":"{{count}}r","two":"{{count}}r","few":"{{count}}r","many":"{{count}}r","other":"{{count}}r"}},"accessibility-cellInfoAbbr":"c{{0}}r{{1}}","accessibility-stateCheckedAbbr":"(x)","accessibility-stateUncheckedAbbr":"( )","accessibility-statePressedAbbr":"(x)","accessibility-stateUnpressedAbbr":"( )","ok":"OK","back":"Tillbaka","help":"Hjälp","cancel":"Avbryt","close":"Stäng","skip":"Hoppa över","clear":{"ariaLabel":"Rensa"},"undo":{"ariaLabel":"Ångra"},"airplaneMode":"Flygplansläge","searching":"Söker…","noNetwork":"Inget nätverk","roaming":"{{operator}} (roaming)","operator-info":"{{carrier}} {{region}}","emergencyCallsOnly":"Endast nödsamtal","emergencyCallsOnly-unknownSIMState":"(okänt SIM-kortstillstånd)","emergencyCallsOnly-noSIM":"(inget SIM-kort)","emergencyCallsOnly-pinRequired":"(SIM-kortets PIN-kod krävs)","emergencyCallsOnly-pukRequired":"(SIM-kortets PUK-kod krävs)","emergencyCallsOnly-networkLocked":"(nätverkslåst)","emergencyCallsOnly-serviceProviderLocked":"(operatörslåst)","emergencyCallsOnly-corporateLocked":"(företagslåst)","emergencyCallsOnly-network1Locked":"(nätverk1 låst)","emergencyCallsOnly-network2Locked":"(nätverk2 låst)","emergencyCallsOnly-hrpdNetworkLocked":"(hrpd nätverkslåst)","emergencyCallsOnly-ruimCorporateLocked":"(ruim företagslåst)","emergencyCallsOnly-ruimServiceProviderLocked":"(ruim operatörslåst)","enterPIN":"Ange PIN","mediaPlaybackTitle":{"ariaLabel":"Titel"},"mediaPlaybackArtist":{"ariaLabel":"Artist"},"mediaPlaybackControls":{"ariaLabel":"Uppspelningskontroller"},"mediaPlaybackPrevious":{"ariaLabel":"Föregående"},"mediaPlaybackPlay":"Spela","mediaPlaybackPause":"Pausa","mediaPlaybackNext":{"ariaLabel":"Nästa"},"wifiButton-on":"Wi-Fi på","wifiButton-on-initializing":"Wi-Fi på, initierar ","wifiButton-off":"Wi-Fi av","dataButton-on":"Data {{type}} på","dataButton-off":"Data {{type}} av","bluetoothButton-on":"Bluetooth på","bluetoothButton-on-initializing":"Bluetooth på, initierar","bluetoothButton-off":"Bluetooth av","airplaneMode-on":"Flygplansläge på","airplaneMode-off":"Flygplansläge av","settingsButton":{"ariaLabel":"Inställningar"},"utilityTrayGrippy":{"ariaLabel":"Stäng verktygsfält"},"statusbarLabel":"{{date}}, {{operator}}","statusbarDateFormat":"%e %B","statusbar":{"ariaLabel":"Statusfält"},"statusbarBattery":"Batteri {{level}} procent","statusbarBatteryCharging":"Batteri {{level}} procent, laddar","statusbarFlightMode":{"ariaLabel":"Flygplansläge på"},"statusbarWiFiConnecting":"Wi-Fi: ansluter","statusbarWiFiConnected":"Wi-Fi: {{level}} av 4 staplar","statusbarSignal":"{{operator}} nätverk, {{level}} av 5 staplar","statusbarSignalRoaming":"{{operator}} nätverk (roaming), {{level}} av 5 staplar","statusbarSignalNoneSearching":"Söker… Endast nödsamtal","statusbarHeadphones":{"ariaLabel":"Hörlurar på"},"statusbarBluetoothHeadphones":{"ariaLabel":"Bluetooth-hörlurar på"},"statusbarBluetoothTransferring":{"ariaLabel":"Bluetooth-överföring aktiv"},"statusbarIconOn-tethering":"Delning på","statusbarIconOnActive-tethering":"Delning på, aktiv","statusbarAlarm":{"ariaLabel":"Alarm på"},"statusbarIconOn-bluetooth":"Bluetooth på","statusbarIconOnActive-bluetooth":"Bluetooth på, aktiv","statusbarIconOn-mute":"Tyst på","statusbarIconOn-vibration":"Vibration på","statusbarRecording":{"ariaLabel":"Inspelning på"},"statusbarGeolocation":{"ariaLabel":"Geolokalisering på"},"statusbarUsb":{"ariaLabel":"USB på"},"statusbarForwarding":"Vidarekoppling på","statusbarPlaying":{"ariaLabel":"Media spelar"},"statusbarNfc":{"ariaLabel":"NFC på"},"statusbarDownloads":{"ariaLabel":"Laddar ner…"},"statusbarNetworkActivity":{"ariaLabel":"Nätverk på"},"statusbarEmergencyCBNotification":{"ariaLabel":"Nödsituationsläge"},"statusbarNotifications":{"_index":["plural","n"],"_":{"one":"{{n}} avisering","two":"{{n}} aviseringar","few":"{{n}} aviseringar","many":"{{n}} aviseringar","other":"{{n}} aviseringar"}},"statusbarNotifications-unread":{"_index":["plural","n"],"_":{"one":"{{n}} oläst avisering","two":"{{n}} olästa aviseringar","few":"{{n}} olästa aviseringar","many":"{{n}} olästa aviseringar","other":"{{n}} olästa aviseringar"}},"notifications":"Aviseringar","clear-all":"Rensa alla","attentionScreen-tapToShow":"Peka här för att visa","newVoicemails":{"_index":["plural","n"],"_":{"zero":"Inga nya röstmeddelanden","one":"Ett nytt röstmeddelande","two":"{{n}} nya röstmeddelanden","few":"{{n}} nya röstmeddelanden","many":"{{n}} nya röstmeddelanden","other":"{{n}} nya röstmeddelanden"}},"newVoicemailsUnknown":"Nytt röstmeddelande","dialNumber":"Ring {{number}}","voicemailNotificationMultiSim":"(SIM {{n}}) {{title}}","confirmNFCConnectBTenabledNameUnknown":"Är du säker på att du vill ansluta till enheten?","confirmNFCConnectBTdisabledNameUnknown":"Aktivera Bluetooth och anslut till enheten?","confirmNFCConnectBTenabledNameKnown":"Är du säker på att du vill ansluta till {{deviceName}}?","confirmNFCConnectBTdisabledNameKnown":"Aktivera Bluetooth och anslut till {{deviceName}}?","confirmNFCConnectBTdisabled":"Aktivera","dismissNFCConnectBTdisabled":"Avbryt","confirmation":"Bekräftelse","deviceMenu":"Telefon","airplane":"Flygplansläge","airplaneOff":"Flygplansläge av","silent":"Tyst läge","normal":"Ringsignal på","restart":"Starta om","power":"Stäng av","no-recent-apps":"Inga aktuella appar","yes":"Ja","no":"Nej","dontallow":"Tillåt inte","allow":"Tillåt","dontshare-geolocation":"Dela inte","share-geolocation":"Dela","dontshare-audio-capture":"Dela inte","share-audio-capture":"Dela","dontshare-video-capture":"Dela inte","share-video-capture":"Dela","dontshare-media-capture":"Dela inte","share-media-capture":"Dela","device-front":"Främre kamera","device-back":"Bakre kamera","remember-my-choice":"Kom ihåg mitt val","more-info":"Mer info…","hide-info":"Dölj info","install-app":"Installera {{name}}?","size":"Storlek","author":"Utvecklare","size-unknown":"Okänd","author-unknown":"Okänd","install":"Installera","bytes":"byte","kB":"kB","MB":"MB","GB":"GB","TB":"TB","PB":"PB","app-install-generic-error":"{{ appName }} nedladdning stoppad","app-install-download-failed":"{{ appName }} nedladdning misslyckades","app-install-install-failed":"{{ appName }} installation misslyckades","cancelling-will-not-refund":"Avbryta kommer inte att återbetala köpet. Återbetalning för betalt innehåll ges av den ursprungliga säljaren.","apps-can-be-installed-later":"Appar kan installeras senare från den ursprungliga installationskällan.","are-you-sure-you-want-to-cancel":"Är du säker du vill avbryta installationen?","cancel-install":"Avbryt installation","cancel-install-button":"Avbryt installation","resume":"Återuppta","continue":"Fortsätt","stopDownloading":"Avbryt hämtning av {{ app }}?","app-download-can-be-restarted":"Hämtningen kan startas senare.","app-download-stop-button":"Avbryt hämtning","not-enough-space":"Inte tillräckligt med utrymme","not-enough-space-message":"Det finns inte tillräckligt med utrymme för att installera appen. Frigör utrymme genom att radera gamla appar eller media, och försök installera igen från den ursprungliga källan.","app-install-success":"{{ appName }} installerad","setup":"Inställningar","ime-addkeyboards":"Lägg till tangentbord","later":"Senare","download":"Ladda ner","wantToDownload":"Hämta uppdatering nu?","wantToInstall":"Installera uppdatering nu?","installNow":"Installera nu","notNow":"Inte nu","downloadingUpdateMessage":{"innerHTML":"Laddar ner uppdateringar… <span>{{ progress }} hämtat.</span>"},"downloadingAppMessage":"Laddar ner {{ appName }}","downloadingAppProgressNoMax":"{{ progress }} hämtat","downloadingAppProgressIndeterminate":"Nedladdning","downloadingAppProgress":"{{ progress }} / {{ max }} hämtat","cancelAllDownloads":"Avbryt alla hämtningar","wantToCancelAll":"Är du säker på att du vill avbryta alla hämtningar?","downloadError":"Det uppstod ett fel när du hämtade uppdateringarna. ","updateAvailableInfo":{"innerHTML":{"_index":["plural","n"],"_":{"one":"{{ n }} uppdatering tillgänglig. <span>Tryck för mer info.</span>","two":"{{ n }} uppdateringar tillgängliga. <span>Tryck för mer info.</span>","few":"{{ n }} uppdateringar tillgängliga. <span>Tryck för mer info.</span>","many":"{{ n }} uppdateringar tillgängliga. <span>Tryck för mer info.</span>","other":"{{ n }} uppdateringar tillgängliga. <span>Tryck för mer info.</span>"}}},"numberOfUpdates":{"_index":["plural","n"],"_":{"one":"{{ n }} uppdatering tillgänglig","two":"{{ n }} uppdateringar tillgängliga","few":"{{ n }} uppdateringar tillgängliga","many":"{{ n }} uppdateringar tillgängliga","other":"{{ n }} uppdateringar tillgängliga"}},"systemUpdate":"Systemuppdatering","systemUpdateReady":"Systemuppdatering redo","systemUpdateLowBatteryThreshold":"Du behöver minst {{ threshold }}% batterinivå för att installera uppdateringar.","required":"Krävs","uncompressingMessage":{"innerHTML":"Packar upp… <span>Det kan ta några minuter.</span>"},"downloadNoWifiWarning":"Wi-Fi inte tillgänglig. Uppdatering via aktuell anslutning kan medföra extra kostnader.","downloadOfflineWarning":"Anslutning inte tillgänglig. Anslut till ett nätverk för att ladda ner uppdateringar.","downloadDataConnectionWarning":"Uppdateringar hämtas via dataanslutning när Wi-Fi inte är tillgänglig. Ytterligare avgifter kan tillkomma.","downloadUpdatesViaDataConnection":"Hämta uppdateringar via dataanslutning?","downloadUpdatesViaDataConnectionMessage":"Uppdateringar hämtas via dataanslutningen när Wi-Fi inte är tillgänglig. När du använder dataanslutning kan telefonsamtal blockeras och ytterligare avgifter kan tillkomma.","downloadUpdatesVia2GForbidden2":"Downloading updates is not possible on slow connections (2G). Please connect via Wi-Fi or 3G (if available) and try again.","screenshotSaved":"Skärmdump sparad till Galleri","screenshotFailed":"Skärmdumpen kunde inte sparas","screenshotNoSDCard":"Inget minneskort hittades","screenshotSDCardInUse":"Minneskortet används","screenshotSDCardLow":"Inte tillräckligt med utrymme på minneskortet","emergency-call-button":"Nödsamtal","emergency-call":"Nödsamtal","unlock-a11y-button":{"ariaLabel":"Lås upp"},"camera-a11y-button":{"ariaLabel":"Kamera"},"longDateFormat":"%A, %e %B","panel-passcode":{"ariaLabel":"Panel lösenord"},"lockscreen-sim-id":"SIM {{ n }}","softwareHomeButton":{"ariaLabel":"Hem"},"login":"Logga in","username":"Användarnamn","password":"Lösenord","http-authentication-message":"Ett användarnamn och lösenord begärs av {{host}}. Webbplatsen säger: “{{realm}}”","error-message":"{{name}} laddas inte korrekt","error-title":"{{name}} har problem","airplane-is-on":"Flygplansläge är på","airplane-is-turned-on":"{{name}} kräver en nätverksanslutning. Stäng av flygplansläge från inställningar och anslut till Wi-Fi eller mobilt datanätverk.","server-not-found":"Servern hittades inte","server-not-found-error":"Kan inte hitta servern på {{name}}.","file-not-found":"Filen hittades inte","file-not-found-error":"Enheten kan inte visa sidan eftersom filen inte kan hittas.","connection-failed":"Kan inte ansluta","connection-failed-error":"Ett nätverksfel uppstod vid försök att nå sidan.","invalid-connection":"Kan inte ansluta","invalid-connection-error":"Ett nätverksfel uppstod vid försök att nå sidan.","malformed-uri":"Ogiltig URL","malformed-uri-error":"Adressen är ogiltig och kan inte laddas.","redirect-loop":"Kan inte visa sidan","redirect-loop-error":"Enheten kan inte visa sidan eftersom sidan inte omdirigerar korrekt. Besök sidan igen vid ett senare tillfälle.","not-cached":"Sidan har upphört","not-cached-error":"Som en säkerhetsåtgärd, denna sida kan inte visas av enheten eftersom sidan har upphört.","is-printing-error":"Dokumentet kan inte ändras under utskrift eller förhandsgranskning.","denied-port-access":"Adressen är begränsad","denied-port-access-error":"Adressen använder en nätverksport som normalt används för andra ändamål än surfning. Enheten har avbrutit begäran för att skydda dig.","proxy-resolve-failure":"Proxy serverfel","proxy-resolve-failure-error":"Enheten är konfigurerad för att använda en proxyserver som inte kan hittas.","proxy-connect-failure":"Proxy serverfel","proxy-connect-failure-error":"Enheten är konfigurerad för att använda en proxyserver som vägrar anslutningar.","content-encoding":"Kan inte visa sidan","content-encoding-error":"Enheten kan inte visa sidan eftersom ett innehållskodningsfel uppstod.","remote-xul":"Sidan stöds ej","remote-xul-error":"Sidan kan inte visas eftersom den använder en teknik som inte stöds av enheten.","phishing-blocked":"Varning","phishing-blocked-error":"Webbplatsen har rapporterats som en förfalskning avsedd att lura användare att avslöja personlig eller ekonomisk information.","malware-blocked":"Skadlig sida blockerad","malware-blocked-error":"Webbplatsen har rapporterats som skadlig och har blockerats.","unsafe-content-type":"Osäkert innehåll","unsafe-content-type-error":"Sidan kan inte visas eftersom den kanske inte är säker att öppna.","corrupted-content":"Kan inte visa sidan","corrupted-content-error":"Sidan kan inte visas på grund av ett fel upptäcktes i dataöverföringen.","network-connection-unavailable":"Nätverksanslutning otillgänglig","network-error":"{{name}} kräver en nätverksanslutning. Försökt ansluta till Wi-Fi eller mobilt ","network-error-launching":"{{name}} kräver en internetanslutning.","network-error-in-app":"Ingen åtkomst till internet för tillfället.","unable-to-connect":"Kan inte ansluta","try-again":"Försök igen","check-settings":"Kontrollera inställningar","tap-to-check-settings":"Peka här för att kontrollera inställningar","select-time":"Välj tid","choose-option":"Välj","choose-options":"Välj","select-day":"Välj dag","battery-almost-empty":"Batteriet är nästan urladdat","add-to-home-screen":"Lägg till på hemskärmen","share":"Dela","crash-dialog2-os":"{{brandShortName}} har precis återhämtat sig från en krasch.","crash-dialog-app":"{{name}} kraschade precis","crash-dialog-message":"Vill du skicka Mozilla en rapport om kraschen för att hjälpa oss lösa problemet? (Rapporter skickas endast över Wi-Fi.)","crash-info-link":"Vad finns i en kraschrapport?","crash-always-report":"Skicka alltid rapporter till Mozilla vid en krasch.","crash-dont-send":"Skicka inte","crash-end":"Skicka rapport","crashReports":"Kraschrapporter","done":"Klar","crash-reports-description-1":"En kraschrapport innehåller några detaljer om kraschen och enheten samt en ögonblicksbild av läget i enheten när den kraschade.","crash-reports-description-2":"Det kan omfatta saker som öppna sidor och appar, text i formulär och innehållet i öppna meddelanden, webbhistorik, eller geolokalisering som används av en öppen app.","crash-reports-description-3-start":"Vi använder kraschrapporter för att försöka lösa problem och förbättra våra produkter. Vi hanterar din information enligt","crash-reports-description-3-privacy":"sekretesspolicyn","crash-reports-description-3-end":".","crash-banner-os2":"{{brandShortName}} kraschade precis.","crash-banner-app":"{{name}} kraschade precis.","crash-banner-report":"Rapportera","bluetooth-sending-progress":"Skickar överföring via Bluetooth..","bluetooth-receiving-progress":"Tar emot överföring via Bluetooth..","acceptFileTransfer":"Acceptera filöverföring via Bluetooth?","wantToReceiveFile":"{{deviceName}} vill överföra {{fileName}} ({{fileSize}}).","transfer-confirmation-title":"{{deviceName}}","transfer-confirmation-description":"Granska överföringsbegäran.","byteUnit-B":"byte","byteUnit-KB":"kB","byteUnit-MB":"MB","byteUnit-GB":"GB","byteUnit-TB":"TB","byteUnit-PB":"PB","byteUnit-EB":"EB","byteUnit-ZB":"ZB","byteUnit-YB":"YB","fileSize":"{{size}} {{unit}}","deny":"Neka","transfer":"Överför","cancelFileTransfer":"Avbryt överföring via Bluetooth?","continueFileTransfer":"Fortsätt","transfer-has-started-title":"Överföringen har startat","transfer-has-started-description":"Kontrollera framsteg i aviseringsfönstret","transferFinished-sentSuccessful-title":"Fil skickad","transferFinished-receivedSuccessful-title":"Fil mottagen","transferFinished-sentFailed-title":"Filen kunde inte skickas","transferFinished-receivedFailed-title":"Filen kunde inte tas emot","transferReport-title":"Överföringsrapport:","transferReport-description":"{{numSuccessful}} filer lyckades, {{numUnsuccessful}} filer misslyckades","unknown-file":"Okänd fil","unknown-device":"Okänd enhet","cannotOpenFile":"Kan inte öppna mottagen fil","unknownMediaTypeToOpen":"Kan inte öppna okänd mediatyp:","cannotReceiveFile":"Kan inte ta emot fil","cannotGetStorageState":"Kan inte läsa lagringsenhetens tillstånd ","sdcard-not-exist2":"Inget minneskort hittades. Sätt i ett minneskort.","sdcard-in-use":"Bluetooth kan inte användas medan telefonen är inkopplad. Vänligen koppla ur telefonen för att ta emot fil(er).","sdcard-no-space2":"Kan inte slutföra överföring: minneskortet är fullt.","unknown-error":"Okänt fel","confirm":"Bekräfta","microphone-is-on":"Mikrofon är på","camera-is-on":"Kamera är på","media-is-on":"Kamera & mikrofon ä på","noSimCard":"Inget SIM-kort","simPin":"PIN-kod","pukCode":"PUK-kod","nckCode":"NCK-kod","cckCode":"CCK-kod","spckCode":"SPCK-kod","nck1code":"NCK1-kod","nck2code":"NCK2-kod","hnckcode":"HNCK-kod","rcckcode":"RCCK-kod","rspckcode":"RSPCK-kod","whatIsSimPin":"Vad är en PIN-kod?","simPinIntro1":"En PIN-kod förhindrar åtkomst till SIM-kortets mobila datanät. När den är aktiverad, kommer alla enheter som innehåller SIM-kortet begära PIN-kod vid omstart.","simPinIntro2":"En PIN-kod är inte samma sak som koden som används för att låsa upp enheten.","changeSimPin":"Ändra PIN-kod","pinTitle":"Ange PIN-kod","multiSIMpinTitle":"Ange SIM {{n}} PIN-kod","pukTitle":"Ange PUK-kod","nckTitle":"Ange NCK-kod","cckTitle":"Ange CCK-kod","spckTitle":"Ange SPCK-kod","nck1Title":"Ange NCK1-kod","nck2Title":"Ange NCK2-kod","hnckTitle":"Ange HNCK-kod","rcckTitle":"Ange RCCK-kod","rspckTitle":"Ange RSPCK-kod","newpinTitle":"Ny PIN-kod","inputCodeRetriesLeft":{"_index":["plural","n"],"_":{"one":"sista försöket.","two":"{{n}} försök kvar.","few":"{{n}} försök kvar.","many":"{{n}} försök kvar.","other":"{{n}} försök kvar."}},"pinErrorMsg":"Felaktig PIN-kod.","pinAttemptMsg2":{"_index":["plural","n"],"_":{"one":"Du har ett försök kvar att ange rätt kod innan SIM-kortet låser sig.","two":"Du har {{n}} försök kvar att ange rätt kod innan SIM-kortet låser sig.","few":"Du har {{n}} försök kvar att ange rätt kod innan SIM-kortet låser sig.","many":"Du har {{n}} försök kvar att ange rätt kod innan SIM-kortet låser sig.","other":"Du har {{n}} försök kvar att ange rätt kod innan SIM-kortet låser sig."}},"pinLastChanceMsg":"Detta är sista chansen att ange rätt PIN-kod. Annars måste du ange PUK-koden för att låsa upp SIM-kortet.","simCardLockedMsg":"SIM-kortet är låst.","enterPukMsg":"Du måste ange din personliga upplåsningskod (PUK) för SIM-kortet. Se SIM-kortets dokumentation eller kontakta din operatör för mer information. ","pukErrorMsg":"Felaktig PUK-kod.","pukAttemptMsg2":{"_index":["plural","n"],"_":{"one":"Du har ett försök kvar att ange rätt kod innan SIM-kortet kommer att vara permanent oanvändbart. Se SIM-kortets dokumentation eller kontakta din operatör för mer information.","two":"Du har {{n}} försök kvar att ange rätt kod innan SIM-kortet kommer att vara permanent oanvändbart. Se SIM-kortets dokumentation eller kontakta din operatör för mer information.","few":"Du har {{n}} försök kvar att ange rätt kod innan SIM-kortet kommer att vara permanent oanvändbart. Se SIM-kortets dokumentation eller kontakta din operatör för mer information.","many":"Du har {{n}} försök kvar att ange rätt kod innan SIM-kortet kommer att vara permanent oanvändbart. Se SIM-kortets dokumentation eller kontakta din operatör för mer information.","other":"Du har {{n}} försök kvar att ange rätt kod innan SIM-kortet kommer att vara permanent oanvändbart. Se SIM-kortets dokumentation eller kontakta din operatör för mer information."}},"pukLastChanceMsg":"Detta är sista chansen att ange rätt PUK-kod. Ditt SIM-kort kommer att vara permanent oanvändbart om du anger fel PUK-kod.","newSimPinMsg":"Skapa ny PIN-kod (måste innehålla 4 till 8 siffror)","confirmNewSimPinMsg":"Bekräfta ny PIN-kod","newPinErrorMsg":"PIN-koderna matchar inte.","nckErrorMsg":"Felaktig NCK-kod.","nckAttemptMsg2":{"_index":["plural","n"],"_":{"one":"Operatörsupplåsning misslyckades. Du har ett försök kvar att ange rätt kod. Se enhetens dokumentation eller kontakta din operatör för mer information.","two":"Operatörsupplåsning misslyckades. Du har {{n}} försök kvar att ange rätt kod. Se enhetens dokumentation eller kontakta din operatör för mer information.","few":"Operatörsupplåsning misslyckades. Du har {{n}} försök kvar att ange rätt kod. Se enhetens dokumentation eller kontakta din operatör för mer information.","many":"Operatörsupplåsning misslyckades. Du har {{n}} försök kvar att ange rätt kod. Se enhetens dokumentation eller kontakta din operatör för mer information.","other":"Operatörsupplåsning misslyckades. Du har {{n}} försök kvar att ange rätt kod. Se enhetens dokumentation eller kontakta din operatör för mer information."}},"nckLastChanceMsg":"Operatörsupplåsning misslyckades. Sista chansen att ange rätt NCK-kod. Se enhetens dokumentation eller kontakta din operatör för mer information.","activity-pick":"Välj från:","activity-view":"Visa med:","activity-test":"Testa med:","activity-share":"Dela med:","activity-new":"Skapa med:","activity-open":"Öppna med:","activity-save-bookmark":"Bokmärke till:","activity-record":"Spela in från:","activity-browse":"Surfa med:","activity-configure":"Konfigurera med:","activity-dial":"Ringa från:","persona-signin":"Logga in","payment-flow":"Köp","remoteDebuggerMessage":"En inkommande begäran om att tillåta fjärrfelsökning upptäcktes. Tillåt anslutning?","fullscreen-request":"{{origin}} visas nu i helskärm.","captive-wifi-available":"Nätverket {{networkName}} hittades. Anslut?","ceWarningtitle":"Varning hög volym","ceWarningcontent":"För att förhindra hörselskada, lyssna inte på hög volym under långa perioder.","notification-powersaving-mode-on-title":"Energisparläge","notification-powersaving-mode-on-description":"Energisparläge är på.","low-device-storage":"Lågt lagringsutrymme.\\n","free-space":{"_index":["plural","value"],"_":{"zero":"Inget ledigt utrymme.","one":"Mindre än {{value}} {{unit}} återstår.","two":"Mindre än {{value}} {{unit}} återstår.","few":"Mindre än {{value}} {{unit}} återstår.","many":"Mindre än {{value}} {{unit}} återstår.","other":"Mindre än {{value}} {{unit}} återstår."}},"unknown-free-space":"Okänt återstående utrymme.","system-alert":"Varningssystem","cb-channel":"Kanal {{channel}}","cb-etws-warningType-earthquake":"Varning för jordbävning!","cb-etws-warningType-tsunami":"Varning för tsunami!","cb-etws-warningType-earthquake-tsunami":"Varning för jordbävning-tsunami!","cb-etws-warningType-test":"Varningssystemet testas.","cb-etws-warningType-other":"Varning för nödsituation!","icc-message-maintitle":"Operatörsmeddelande","icc-message-subtitle":"SIM {{id}}","icc-confirmCall-defaultmessage":"Ring {{number}}?","icc-alertMessage-defaultmessage":"Skickar meddelande","icc-confirmMessage-defaultmessage":"Skicka meddelande?","icc-inputbox-maintitle":"STK-fråga","icc-inputbox-subtitle":"SIM {{id}}","emergency-callback-mode":"Nödsituationsläge","emergency-callback-message":"Du kan inte ringa samtal, skicka meddelanden eller surfa eftersom nödsituationsläget är aktivt. Vill du stänga av det?","cdma-record-info":"CDMA registerinformation","ime-switching-title":"{{appName}}: {{name}}","ime-switching-tip":"Tryck för att växla inmatningsmetod","shrinking-tip":"Dra för att dela","download_started":"Nedladdning startad","download_stopped":"Nedladdning stoppad","download_downloading":"Laddar ner…","download_succeeded":"Nedladdning färdig","download_failed":"Nedladdning misslyckades","download_text_by_default":"{{name}}","download_downloading_text_2":"{{percentage}}% - {{name}}","search-or-enter-address":{"_":"Sök eller ange adress","placeholder":"Sök eller ange adress"},"noSIMCardInHotspot":"SIM-kortet saknas eller är felaktigt isatt, så stäng av hotspot","noHopspotWhenAPMisOn":"Stäng av flygplansläge för att använda Wi-Fi hotspot","apmActivated":"Flygplansläge aktiverad","open-in-new-tab":"Öppna länk i ny flik","add-link-to-home-screen":"Lägg till länk på hemskärmen","share-link":"Dela länk","save-image":"Spara bild ","save-video":"Spara video","save-audio":"Spara ljud","save-link":"Spara länkad fil","share-image":"Dela bild","share-video":"Dela video","share-audio":"Dela ljud","weekday-0-long":"Söndag","weekday-1-long":"Måndag","weekday-2-long":"Tisdag","weekday-3-long":"Onsdag","weekday-4-long":"Torsdag","weekday-5-long":"Fredag","weekday-6-long":"Lördag","weekday-0-short":"Sön","weekday-1-short":"Mån","weekday-2-short":"Tis","weekday-3-short":"Ons","weekday-4-short":"Tor","weekday-5-short":"Fre","weekday-6-short":"Lör","month-0-long":"Januari","month-1-long":"Februari","month-2-long":"Mars","month-3-long":"April","month-4-long":"Maj","month-5-long":"Juni","month-6-long":"Juli","month-7-long":"Augusti","month-8-long":"September","month-9-long":"Oktober","month-10-long":"November","month-11-long":"December","month-0-genitive":"Januari","month-1-genitive":"Februari","month-2-genitive":"Mars","month-3-genitive":"April","month-4-genitive":"Maj","month-5-genitive":"Juni","month-6-genitive":"Juli","month-7-genitive":"Augusti","month-8-genitive":"September","month-9-genitive":"Oktober","month-10-genitive":"November","month-11-genitive":"December","month-0-short":"Jan","month-1-short":"Feb","month-2-short":"Mar","month-3-short":"Apr","month-4-short":"Maj","month-5-short":"Jun","month-6-short":"Jul","month-7-short":"Aug","month-8-short":"Sep","month-9-short":"Okt","month-10-short":"Nov","month-11-short":"Dec","minutes-ago-long":{"_index":["plural","value"],"_":{"zero":"nyss","one":"en minut sen","two":"{{value}} minuter sen","few":"{{value}} minuter sen","many":"{{value}} minuter sen","other":"{{value}} minuter sen"}},"hours-ago-long":{"_index":["plural","value"],"_":{"zero":"nyss","one":"en timme sen","two":"{{value}} timmar sen","few":"{{value}} timmar sen","many":"{{value}} timmar sen","other":"{{value}} timmar sen"}},"days-ago-long":{"_index":["plural","value"],"_":{"zero":"idag","one":"igår","two":"{{value}} dagar sen","few":"{{value}} dagar sen","many":"{{value}} dagar sen","other":"{{value}} dagar sen"}},"weeks-ago-long":{"_index":["plural","value"],"_":{"zero":"denna vecka","one":"förra veckan","two":"{{value}} veckor sen","few":"{{value}} veckor sen","many":"{{value}} veckor sen","other":"{{value}} veckor sen"}},"months-ago-long":{"_index":["plural","value"],"_":{"zero":"denna månad","one":"förra månaden","two":"{{value}} månader sen","few":"{{value}} månader sen","many":"{{value}} månader sen","other":"{{value}} månader sen"}},"years-ago-long":{"_index":["plural","value"],"_":{"zero":"detta år","one":"förra året","two":"{{value}} år sen","few":"{{value}} år sen","many":"{{value}} år sen","other":"{{value}} år sen"}},"minutes-until-long":{"_index":["plural","value"],"_":{"zero":"nu","one":"om en minut","two":"om {{value}} minuter","few":"om {{value}} minuter","many":"om {{value}} minuter","other":"om {{value}} minuter"}},"hours-until-long":{"_index":["plural","value"],"_":{"zero":"nu","one":"om en timme","two":"om {{value}} timmar","few":"om {{value}} timmar","many":"om {{value}} timmar","other":"om {{value}} timmar"}},"days-until-long":{"_index":["plural","value"],"_":{"zero":"idag","one":"imorgon","two":"om {{value}} dagar","few":"om {{value}} dagar","many":"om {{value}} dagar","other":"om {{value}} dagar"}},"weeks-until-long":{"_index":["plural","value"],"_":{"zero":"denna vecka","one":"nästa vecka","two":"om {{value}} veckor","few":"om {{value}} veckor","many":"om {{value}} veckor","other":"om {{value}} veckor"}},"months-until-long":{"_index":["plural","value"],"_":{"zero":"denna månad","one":"nästa månad","two":"om {{value}} månader","few":"om {{value}} månader","many":"om {{value}} månader","other":"om {{value}} månader"}},"years-until-long":{"_index":["plural","value"],"_":{"zero":"detta år","one":"nästa år","two":"om {{value}} år","few":"om {{value}} år","many":"om {{value}} år","other":"om {{value}} år"}},"minutes-ago-short":{"_index":["plural","value"],"_":{"zero":"nyss","other":"{{value}} min sen"}},"hours-ago-short":{"_index":["plural","value"],"_":{"zero":"nyss","other":"{{value}} tim. sen"}},"days-ago-short":{"_index":["plural","value"],"_":{"zero":"idag","other":"{{value}} dygn sen"}},"minutes-until-short":{"_index":["plural","value"],"_":{"zero":"nu","other":"om {{value}} min"}},"hours-until-short":{"_index":["plural","value"],"_":{"zero":"nu","other":"om {{value}} tim."}},"days-until-short":{"_index":["plural","value"],"_":{"zero":"idag","other":"om {{value}} dygn"}},"incorrectDate":"(felaktigt datum)","dateTimeFormat_%c":"%a %e %b %Y %H:%M:%S","dateTimeFormat_%x":"%d/%m/%Y","dateTimeFormat_%X":"%H:%M:%S","shortTimeFormat":"%H:%M","shortDateTimeFormat":"%x %H:%M","weekStartsOnMonday":"1","time_am":"AM","time_pm":"PM","title-app":"Behörighet app","title-web":"Behörighet webbplats","title-cam":"Välj kamera","perm-contacts":"Kontakter","perm-contacts-appRequest":"{{app}} vill komma åt din kontaktlista.","perm-contacts-webRequest":"{{site}} vill komma åt din kontaktlista.","perm-desktop-notification":"Aviseringar","perm-desktop-notification-appRequest":"{{app}} vill visa aviseringar.","perm-desktop-notification-webRequest":"{{site}} vill visa aviseringar.","perm-device-storage-music":"Musik","perm-device-storage-music-appRequest":"{{app}} vill komma åt din musik.","perm-device-storage-music-webRequest":"{{site}} vill komma åt din musik.","perm-device-storage-pictures":"Bilder","perm-device-storage-pictures-appRequest":"{{app}} vill komma åt dina bilder.","perm-device-storage-pictures-webRequest":"{{site}} vill komma åt dina bilder.","perm-device-storage-sdcard":"Minneskort","perm-device-storage-sdcard-appRequest":"{{app}} vill komma åt minneskortet.","perm-device-storage-sdcard-webRequest":"{{site}} vill komma åt minneskortet.","perm-device-storage-videos":"Videor","perm-device-storage-videos-appRequest":"{{app}} vill komma åt dina videor.","perm-device-storage-videos-webRequest":"{{site}} vill komma åt dina videor.","perm-fmradio":"FM-radio","perm-fmradio-appRequest":"{{app}} vill använda FM-radio.","perm-fmradio-webRequest":"{{site}} vill använda FM-radio.","perm-geolocation":"Geolokalisering","perm-geolocation-appRequest":"{{app}} vill veta din position.","perm-geolocation-webRequest":"{{site}} vill veta din position.","perm-geolocation-more-info":"{{brandShortName}} använder data såsom GPS, Wi-Fi och mobila nätverk för att avgöra din ungefärliga position. Data skickas till Mozilla och andra tjänsteleverantörer och kommer att användas för att förbättra dessa databaser. Data kan lagras på enheten och datainsamling kan förekomma även om inga appar körs.","perm-video-capture":"Kamera","perm-video-capture-appRequest":"Vill du dela din kamera med {{app}}?","perm-video-capture-webRequest":"Vill du dela din kamera med {{site}}?","perm-audio-capture":"Mikrofon","perm-audio-capture-appRequest":"Vill du dela din mikrofon med {{app}}?","perm-audio-capture-webRequest":"Vill du dela din mikrofon med {{site}}?","perm-media-capture":"Kamera och mikrofon","perm-media-capture-appRequest":"Vill du dela din kamera och mikrofon med {{app}}?","perm-media-capture-webRequest":"Vill du dela din kamera och mikrofon med {{site}}?","perm-camera-selector-appRequest":"Välj en kamera för {{app}}.","perm-camera-selector-webRequest":"Välj en kamera för {{site}}.","perm-mobileid":"Mobil identitet","stopped_download_title":"Nedladdning stoppad","stopped_download_message":"Nedladdning stoppades. Försök att ladda ner igen?","stopped_download_left_button":"Avbryt","stopped_download_right_button":"Försök igen","failed_download_title":"Nerladdning misslyckades","failed_download_message":"{{name}} misslyckades att laddas ner. Försök att ladda ner igen?","failed_download_left_button":"Avbryt","failed_download_right_button":"Försök igen","stop_download_title":"Avbryt nedladdning","stop_download_message":"Är du säker på att du vill avbryta nedladdning?","stop_download_left_button":"Nej","stop_download_right_button":"Ja","delete_download_title":"Ta bort","delete_download_message":"Ta bort {{name}}?","delete_download_left_button":"Avbryt","delete_download_right_button":"Ta bort","delete_all_download_title":"Ta bort","delete_all_download_left_button":"Avbryt","delete_all_download_right_button":"Ta bort","delete_all_download_message":{"_index":["plural","number"],"_":{"zero":"Ta bort inga filer?","one":"Ta bort en fil?","two":"Ta bort {{number}} filer?","few":"Ta bort {{number}} filer?","many":"Ta bort {{number}} filer?","other":"Ta bort {{number}} filer?"}},"unsupported_file_type_download_title":"Kan inte öppna","unsupported_file_type_download_message":"Det finns ingen app som kan öppna {{name}}. Vill du spara eller ta bort den?","unsupported_file_type_download_left_button":"Behåll fil","unsupported_file_type_download_right_button":"Ta bort","file_not_found_download_title":"Filen hittades inte","file_not_found_download_message":"Filen hittades inte på enheten","file_not_found_download_right_button":"OK","unmounted_sdcard_2_download_title":"Minneskortet används","unmounted_sdcard_2_download_message":"Koppla ur telefonen","unmounted_sdcard_2_download_right_button":"OK","no_provider_download_title":"Kan inte dela","no_provider_download_message":"Ingen leverantör hittades","no_provider_download_right_button":"OK","no_memory_download_title":"Minneskortet är fullt","no_memory_download_message":"Det finns ingen mer plats på minneskortet för att spara din nedladdning. Ta bort några filer innan du startar om nedladdningen.","no_memory_download_right_button":"OK","no_sdcard_found_2_download_title":"Inget minneskort hittades","no_sdcard_found_2_download_message":"Sätt i ett minneskort eller välj en annan standardplats för media i inställningar","no_sdcard_found_2_download_right_button":"OK","file_open_error_download_title":"Kan inte öppna","file_open_error_download_message":"Det uppstod ett problem med att öppna {{name}}. Vill du spara filen eller ta bort den?","file_open_error_download_left_button":"Behåll fil","file_open_error_download_right_button":"Ta bort","restart_download_error":"Det uppstod ett fel när du startade om nedladdningen. Försök att ladda ner igen.","no-downloads":"Inga nedladdningar","percentage":"{{percentage}} %","partialResult":"{{partial}} av {{total}}","summary":"{{date}} - {{status}}","download-stopped":"Stoppad","download-failed":"Nedladdning misslyckades","open_downloaded_file":"Öppna","share_downloaded_file":"Dela","wallpaper_downloaded_file":"Sätt som bakgrundsbild","ringtone_downloaded_file":"Sätt som ringsignal","cancel_downloaded_file":"Avbryt","voicemailNoNumberTitle":"Röstbrevlådan är inte tillgänglig","voicemailNoNumberText":"Kan inte ringa till röstbrevlådan. Konfigurera röstbrevlådan för att ringa samtalet.","voicemailNoNumberSettings":"Inställningar","voicemailNoNumberCancel":"Avbryt","resend":"Skicka igen","connecting":"Ansluter","verify":"Verifiera","verifying":"Verifierar","verified":"Verifierad","mobileIDExplanation":"{{app_name}} vill veta och verifiera ditt telefonnummer. Välj vilken du vill dela eller ange ett nytt.","verificationCodeExplanation":"Vi har skickat en kod till {{phone_number}}. Vi ska försöka hämta det automatiskt, men du måste skriva in det manuellt om det inte används i den här enheten.","successMessage":"Toppen! Ditt nummer {{phone_number}} har nu verifierats och är tillgängligt för {{app_name}}.","serverErrorMessage":"Verifieringsservern är inte tillgänglig för närvarande. Kontrollera din internetanslutning, försök igen eller vänta ett par minuter.","timeoutErrorMessage":"Det verkar finnas ett problem med verifieringskoden. Låt oss försöka igen!","errorTitle":"Mobil identitet","addPhoneNumber":"Eller lägg till ditt telefonnummer","selectPhoneNumber":"Eller välj ett telefonnummer från listan"}