{"firefox-accounts-title":"Firefox Hesapları","fxa-next":"İleri","fxa-back":"Geri","fxa-done":"Bitti","fxa-ok":"Tamam","fxa-connection-error-title":"Bağlanılamadı","fxa-connection-error-message":"Ayarlar'dan hesap oluşturabilir veya oturum açabilirsiniz.","fxa-reset-password-error-title":"Parolayı sıfırla","fxa-reset-password-error-message":"Parolanızı Ayarlar'dan sıfırlayabilirsiniz.","fxa-coppa-failure-error-title":"Hesap oluşturulamadı","fxa-coppa-failure-error-message":"Firefox Hesabı oluşturmak için belli bir yaşta olmalısınız. {{learnmore}}","fxa-learn-more":"Daha fazla bilgi alın","fxa-offline-error-title":"Bağlanılamadı","fxa-offline-error-message":"Lütfen Ayarlar üzerinden bir ağa bağlanın.","fxa-invalid-email-title":"Hata","fxa-invalid-email-message":"Lütfen geçerli bir e-posta girin.","fxa-invalid-password-title":"Geçersiz parola","fxa-invalid-password-message":"Lütfen parolanızı kontrol edip tekrar deneyin.","fxa-unknown-error-title":"Bağlanılamadı","fxa-unknown-error-message":"Sistem kullanılamıyor. Daha sonra tekrar deneyin.","fxa-connecting":"Bağlanılıyor","fxa-enter-email-input":{"placeholder":"E-postanızı yazın"},"fxa-use-email-to-sign-in":"Hesap oluşturmak veya oturum açmak için e-posta adresinizi kullanın.","fxa-notice":"Devam ederek Firefox bulut hizmetlerinin {{tos}} ve {{pn}} kabul ediyorum.","fxa-tos":"Kullanım Koşullarını","fxa-pn":"Gizlilik İlkelerini","fxa-create-password-title":"Parola oluşturun","fxa-enter-password-title":"Parolanızı girin","fxa-hello-user":"Merhaba {{email}}","fxa-password-refresh":"Devam etmek için lütfen Firefox Hesabı parolanızı girin.","fxa-password":{"placeholder":"Parola"},"fxa-forgot-your-password":"Parolanızı mı unuttunuz?","fxa-show-password":"Parolayı göster","fxa-password-length-requirement":"Parolanız en az 8 karakter uzunluğunda olmalıdır.","fxa-success":"Tebrikler!","fxa-ready-to-go":"Firefox Hesabınız kullanıma hazır! ","fxa-use-features":"Cihazımı Bul gibi özellikleri ve Firefox Marketplace gibi uygulamaları artık kullanabilirsiniz.","fxa-access-manage-account-settings":"Bundan sonra hesabınızı Ayarlar içinden yönetebilirsiniz.","fxa-confirm-account":"Hesabınızı doğrulayın","fxa-will-send-email":"{{email}} adresine bir e-posta göndereceğiz","fxa-signup-click-verification-link-in-email":"Firefox Hesabınızı onaylamak için e-postanızı kontrol ederek doğrulama linkine tıklayın.","fxa-age-verification":"Yaş doğrulama","fxa-age-1990-earlier":"1990 veya öncesi","fxa-year-of-birth":"Doğum yılı","brandShortName":"B2G OS","browserBrandShortName":"Web Tarayıcısı","browserBrandFullName":"Mozilla Web Tarayıcısı","accessibility-enableScreenReaderSteps":"To enable screen reader, press volume up then volume down buttons three more times","accessibility-disableScreenReaderSteps":"To disable screen reader, press volume up then volume down buttons three more times","accessibility-screenReaderStarted":"Screen reader started","accessibility-screenReaderStopped":"Screen reader stopped","accessibility-menubar":"menu bar","accessibility-scrollbar":"scroll bar","accessibility-grip":"grip","accessibility-alert":"alert","accessibility-menupopup":"menu popup","accessibility-document":"document","accessibility-pane":"pane","accessibility-dialog":"dialog","accessibility-separator":"separator","accessibility-toolbar":"toolbar","accessibility-statusbar":"status bar","accessibility-table":"table","accessibility-columnheader":"column header","accessibility-rowheader":"row header","accessibility-column":"column","accessibility-row":"row","accessibility-cell":"cell","accessibility-link":"link","accessibility-list":"list","accessibility-listitem":"list item","accessibility-outline":"outline","accessibility-outlineitem":"outline item","accessibility-pagetab":"tab","accessibility-propertypage":"property page","accessibility-graphic":"graphic","accessibility-pushbutton":"button","accessibility-checkbutton":"check button","accessibility-radiobutton":"radio button","accessibility-combobox":"combo box","accessibility-progressbar":"progress bar","accessibility-slider":"slider","accessibility-spinbutton":"spin button","accessibility-diagram":"diagram","accessibility-animation":"animation","accessibility-equation":"equation","accessibility-buttonmenu":"button menu","accessibility-whitespace":"white space","accessibility-pagetablist":"tab list","accessibility-canvas":"canvas","accessibility-checkmenuitem":"check menu item","accessibility-label":"label","accessibility-passwordtext":"password text","accessibility-radiomenuitem":"radio menu item","accessibility-textcontainer":"text container","accessibility-togglebutton":"toggle button","accessibility-treetable":"tree table","accessibility-header":"header","accessibility-footer":"footer","accessibility-paragraph":"paragraph","accessibility-entry":"entry","accessibility-caption":"caption","accessibility-heading":"heading","accessibility-section":"section","accessibility-form":"form","accessibility-comboboxlist":"combo box list","accessibility-comboboxoption":"combo box option","accessibility-imagemap":"image map","accessibility-listboxoption":"option","accessibility-listbox":"list box","accessibility-flatequation":"flat equation","accessibility-gridcell":"gridcell","accessibility-note":"note","accessibility-figure":"figure","accessibility-definitionlist":"definition list","accessibility-term":"term","accessibility-definition":"definition","accessibility-textarea":"text area","accessibility-textInputType_date":"date","accessibility-textInputType_email":"e-mail","accessibility-textInputType_search":"search","accessibility-textInputType_tel":"telephone","accessibility-textInputType_url":"URL","accessibility-headingLevel":"heading level {{0}}","accessibility-listStart":"First item","accessibility-listEnd":"Last item","accessibility-listItemsCount":{"_index":["plural","count"],"_":{"zero":"{{count}} items","one":"{{count}} item","two":"{{count}} items","few":"{{count}} items","many":"{{count}} items","other":"{{count}} items"}},"accessibility-objItemOfN":"{{0}} of {{1}}","accessibility-banner":"banner","accessibility-complementary":"complementary","accessibility-contentinfo":"content info","accessibility-main":"main","accessibility-navigation":"navigation","accessibility-search":"search","accessibility-tblColumnInfo":{"_index":["plural","count"],"_":{"zero":"with {{count}} columns","one":"with {{count}} column","two":"with {{count}} columns","few":"with {{count}} columns","many":"with {{count}} columns","other":"with {{count}} columns"}},"accessibility-tblRowInfo":{"_index":["plural","count"],"_":{"zero":"and {{count}} rows","one":"and {{count}} row","two":"and {{count}} rows","few":"and {{count}} rows","many":"and {{count}} rows","other":"and {{count}} rows"}},"accessibility-columnInfo":"Column {{0}}","accessibility-rowInfo":"Row {{0}}","accessibility-spansColumns":{"_index":["plural","0"],"_":{"zero":"spans {{0}} columns","one":"spans {{0}} column","two":"spans {{0}} columns","few":"spans {{0}} columns","many":"spans {{0}} columns","other":"spans {{0}} columns"}},"accessibility-spansRows":{"_index":["plural","0"],"_":{"zero":"spans {{0}} rows","one":"spans {{0}} row","two":"spans {{0}} rows","few":"spans {{0}} rows","many":"spans {{0}} rows","other":"spans {{0}} rows"}},"accessibility-jumpAction":"jumped","accessibility-pressAction":"pressed","accessibility-checkAction":"checked","accessibility-uncheckAction":"unchecked","accessibility-selectAction":"selected","accessibility-unselectAction":"unselected","accessibility-openAction":"opened","accessibility-closeAction":"closed","accessibility-switchAction":"switched","accessibility-clickAction":"clicked","accessibility-collapseAction":"collapsed","accessibility-expandAction":"expanded","accessibility-activateAction":"activated","accessibility-cycleAction":"cycled","accessibility-hidden":"hidden","accessibility-tabLoading":"loading","accessibility-tabLoaded":"loaded","accessibility-tabNew":"new tab","accessibility-tabLoadStopped":"loading stopped","accessibility-tabReload":"reloading","accessibility-stateChecked":"checked","accessibility-stateNotChecked":"not checked","accessibility-statePressed":"pressed","accessibility-stateExpanded":"expanded","accessibility-stateCollapsed":"collapsed","accessibility-stateUnavailable":"unavailable","accessibility-stateRequired":"required","accessibility-stateTraversed":"visited","accessibility-stateHasPopup":"has pop up","accessibility-stateSelected":"selected","accessibility-editingMode":"editing","accessibility-navigationMode":"navigating","accessibility-quicknav_Simple":"Default","accessibility-quicknav_Anchor":"Anchors","accessibility-quicknav_Button":"Buttons","accessibility-quicknav_Combobox":"Combo boxes","accessibility-quicknav_Landmark":"Landmarks","accessibility-quicknav_Entry":"Entries","accessibility-quicknav_FormElement":"Form elements","accessibility-quicknav_Graphic":"Images","accessibility-quicknav_Heading":"Headings","accessibility-quicknav_ListItem":"List items","accessibility-quicknav_Link":"Links","accessibility-quicknav_List":"Lists","accessibility-quicknav_PageTab":"Page tabs","accessibility-quicknav_RadioButton":"Radio buttons","accessibility-quicknav_Separator":"Separators","accessibility-quicknav_Table":"Tables","accessibility-quicknav_Checkbox":"Check boxes","accessibility-menubarAbbr":"menu bar","accessibility-scrollbarAbbr":"scroll bar","accessibility-gripAbbr":"grip","accessibility-alertAbbr":"alert","accessibility-menupopupAbbr":"menu popup","accessibility-documentAbbr":"document","accessibility-paneAbbr":"pane","accessibility-dialogAbbr":"dialog","accessibility-separatorAbbr":"separator","accessibility-toolbarAbbr":"toolbar","accessibility-statusbarAbbr":"status bar","accessibility-tableAbbr":"tbl","accessibility-columnheaderAbbr":"column header","accessibility-rowheaderAbbr":"row header","accessibility-columnAbbr":"column","accessibility-rowAbbr":"row","accessibility-cellAbbr":"cell","accessibility-linkAbbr":"lnk","accessibility-listAbbr":"list","accessibility-listitemAbbr":"list item","accessibility-outlineAbbr":"outline","accessibility-outlineitemAbbr":"outline item","accessibility-pagetabAbbr":"tab","accessibility-propertypageAbbr":"property page","accessibility-graphicAbbr":"graphic","accessibility-pushbuttonAbbr":"btn","accessibility-checkbuttonAbbr":"check button","accessibility-radiobuttonAbbr":"radio button","accessibility-comboboxAbbr":"combo box","accessibility-progressbarAbbr":"progress bar","accessibility-sliderAbbr":"slider","accessibility-spinbuttonAbbr":"spin button","accessibility-diagramAbbr":"diagram","accessibility-animationAbbr":"animation","accessibility-equationAbbr":"equation","accessibility-buttonmenuAbbr":"button menu","accessibility-whitespaceAbbr":"white space","accessibility-pagetablistAbbr":"tab list","accessibility-canvasAbbr":"canvas","accessibility-checkmenuitemAbbr":"check menu item","accessibility-labelAbbr":"label","accessibility-passwordtextAbbr":"passwdtxt","accessibility-radiomenuitemAbbr":"radio menu item","accessibility-textcontainerAbbr":"text container","accessibility-togglebuttonAbbr":"toggle button","accessibility-treetableAbbr":"tree table","accessibility-headerAbbr":"header","accessibility-footerAbbr":"footer","accessibility-paragraphAbbr":"paragraph","accessibility-entryAbbr":"entry","accessibility-captionAbbr":"caption","accessibility-headingAbbr":"heading","accessibility-sectionAbbr":"section","accessibility-formAbbr":"form","accessibility-comboboxlistAbbr":"combo box list","accessibility-comboboxoptionAbbr":"combo box option","accessibility-imagemapAbbr":"imgmap","accessibility-listboxoptionAbbr":"option","accessibility-listboxAbbr":"list box","accessibility-flatequationAbbr":"flat equation","accessibility-gridcellAbbr":"gridcell","accessibility-noteAbbr":"note","accessibility-figureAbbr":"fig","accessibility-definitionlistAbbr":"definition list","accessibility-termAbbr":"term","accessibility-definitionAbbr":"definition","accessibility-textareaAbbr":"txtarea","accessibility-tblColumnInfoAbbr":{"_index":["plural","count"],"_":{"one":"{{count}}c","two":"{{count}}c","few":"{{count}}c","many":"{{count}}c","other":"{{count}}c"}},"accessibility-tblRowInfoAbbr":{"_index":["plural","count"],"_":{"one":"{{count}}r","two":"{{count}}r","few":"{{count}}r","many":"{{count}}r","other":"{{count}}r"}},"accessibility-cellInfoAbbr":"c{{0}}r{{1}}","accessibility-stateCheckedAbbr":"(x)","accessibility-stateUncheckedAbbr":"( )","accessibility-statePressedAbbr":"(x)","accessibility-stateUnpressedAbbr":"( )","ok":"Tamam","back":"Geri","help":"Yardım","cancel":"İptal","close":"Kapat","skip":"Atla","clear":{"ariaLabel":"Temizle"},"undo":{"ariaLabel":"Geri al"},"airplaneMode":"Uçak modu","searching":"Aranıyor…","noNetwork":"Şebeke yok","roaming":"{{operator}} (Dolaşımda)","operator-info":"{{carrier}} {{region}}","emergencyCallsOnly":"Yalnızca acil aramalar","emergencyCallsOnly-unknownSIMState":"(bilinmeyen SIM durumu)","emergencyCallsOnly-noSIM":"(SIM yok)","emergencyCallsOnly-pinRequired":"(SIM PIN'i gerekli)","emergencyCallsOnly-pukRequired":"(SIM PUK'u gerekli)","emergencyCallsOnly-networkLocked":"(şebeke kilitli)","emergencyCallsOnly-serviceProviderLocked":"(servis sağlayıcı kilidi)","emergencyCallsOnly-corporateLocked":"(şirket kilidi)","emergencyCallsOnly-network1Locked":"(şebeke 1 kilitli)","emergencyCallsOnly-network2Locked":"(şebeke 2 kilitli)","emergencyCallsOnly-hrpdNetworkLocked":"(hrpd şebekesi kilitli)","emergencyCallsOnly-ruimCorporateLocked":"(ruim şirket kilitli)","emergencyCallsOnly-ruimServiceProviderLocked":"(ruim servis sağlayıcı kilitli)","enterPIN":"PIN'i girin","mediaPlaybackTitle":{"ariaLabel":"Eser"},"mediaPlaybackArtist":{"ariaLabel":"Sanatçı"},"mediaPlaybackControls":{"ariaLabel":"Oynatma denetimleri"},"mediaPlaybackPrevious":{"ariaLabel":"Önceki"},"mediaPlaybackPlay":"Oynat","mediaPlaybackPause":"Duraklat","mediaPlaybackNext":{"ariaLabel":"Sonraki"},"wifiButton-on":"Wi-Fi açık","wifiButton-on-initializing":"Wi-Fi açık, başlatılıyor","wifiButton-off":"Wi-Fi kapalı","dataButton-on":"{{type}} verisi açık","dataButton-off":"{{type}} verisi kapalı","bluetoothButton-on":"Bluetooth açık","bluetoothButton-on-initializing":"Bluetooth açık, başlatılıyor","bluetoothButton-off":"Bluetooth kapalı","airplaneMode-on":"Uçak modu açık","airplaneMode-off":"Uçak modu kapalı","settingsButton":{"ariaLabel":"Ayarlar"},"utilityTrayGrippy":{"ariaLabel":"Araç tepsisini kapat"},"statusbarLabel":"{{date}}, {{operator}}","statusbarDateFormat":"%e %B","statusbar":{"ariaLabel":"Durum çubuğu"},"statusbarBattery":"Pil %{{level}}","statusbarBatteryCharging":"Pil %{{level}}, şarj oluyor","statusbarFlightMode":{"ariaLabel":"Uçak modu açık"},"statusbarWiFiConnecting":"Wi-Fi: bağlanılıyor","statusbarWiFiConnected":"Wi-Fi: {{level}} / 4 çubuk","statusbarSignal":"{{operator}} şebekesi, {{level}} / 5 çubuk","statusbarSignalRoaming":"{{operator}} şebekesi (dolaşımda), {{level}} / 5 çubuk","statusbarSignalNoneSearching":"Aranıyor… Yalnızca acil aramalar","statusbarHeadphones":{"ariaLabel":"Kulaklık takılı"},"statusbarBluetoothHeadphones":{"ariaLabel":"Bluetooth kulaklık takılı"},"statusbarBluetoothTransferring":{"ariaLabel":"Bluetooth aktarımı etkin"},"statusbarIconOn-tethering":"Paylaşım açık","statusbarIconOnActive-tethering":"Paylaşım açık, etkin","statusbarAlarm":{"ariaLabel":"Alarm açık"},"statusbarIconOn-bluetooth":"Bluetooth açık","statusbarIconOnActive-bluetooth":"Bluetooth açık, etkin","statusbarIconOn-mute":"Sessiz mod açık","statusbarIconOn-vibration":"Titreşim açık","statusbarRecording":{"ariaLabel":"Kayıt açık"},"statusbarGeolocation":{"ariaLabel":"Coğrafi konum açık"},"statusbarUsb":{"ariaLabel":"USB açık"},"statusbarForwarding":"Arama yönlendirme açık","statusbarPlaying":{"ariaLabel":"Medya oynatılıyor"},"statusbarNfc":{"ariaLabel":"NFC açık"},"statusbarDownloads":{"ariaLabel":"İndiriliyor…"},"statusbarNetworkActivity":{"ariaLabel":"Ağ açık"},"statusbarEmergencyCBNotification":{"ariaLabel":"Acil durum geri arama"},"statusbarNotifications":{"_index":["plural","n"],"_":{"one":"{{n}} bildirim","two":"{{n}} bildirim","few":"{{n}} bildirim","many":"{{n}} bildirim","other":"{{n}} bildirim"}},"statusbarNotifications-unread":{"_index":["plural","n"],"_":{"one":"{{n}} okunmamış bildirim","two":"{{n}} okunmamış bildirim","few":"{{n}} okunmamış bildirim","many":"{{n}} okunmamış bildirim","other":"{{n}} okunmamış bildirim"}},"notifications":"Bildirimler","clear-all":"Temizle","attentionScreen-tapToShow":"Görmek için dokunun","newVoicemails":{"_index":["plural","n"],"_":{"zero":"Yeni sesli mesaj yok","one":"Bir yeni sesli mesaj","two":"{{n}} yeni sesli mesaj","few":"{{n}} yeni sesli mesaj","many":"{{n}} yeni sesli mesaj","other":"{{n}} yeni sesli mesaj"}},"newVoicemailsUnknown":"Yeni sesli mesaj","dialNumber":"Ara: {{number}}","voicemailNotificationMultiSim":"(SIM {{n}}) {{title}}","confirmNFCConnectBTenabledNameUnknown":"Cihaza bağlanmak istediğinizden emin misiniz?","confirmNFCConnectBTdisabledNameUnknown":"Bluetooth açılsın ve cihaza bağlanılsın mı?","confirmNFCConnectBTenabledNameKnown":"{{deviceName}} adlı cihaza bağlanmak istediğinizden emin misiniz?","confirmNFCConnectBTdisabledNameKnown":"Bluetooth açılsın ve {{deviceName}} adlı cihaza bağlanılsın mı? ","confirmNFCConnectBTdisabled":"Aç","dismissNFCConnectBTdisabled":"İptal","confirmation":"Onay","deviceMenu":"Telefon","airplane":"Uçak modunu aç","airplaneOff":"Uçak modunu kapat","silent":"Gelen aramaları sessizleştir","normal":"Gelen aramalarda sesli çal","restart":"Yeniden başlat","power":"Kapat","no-recent-apps":"Güncel uygulama yok","yes":"Evet","no":"Hayır","dontallow":"İzin verme","allow":"İzin ver","dontshare-geolocation":"Paylaşma","share-geolocation":"Paylaş","dontshare-audio-capture":"Paylaşma","share-audio-capture":"Paylaş","dontshare-video-capture":"Paylaşma","share-video-capture":"Paylaş","dontshare-media-capture":"Paylaşma","share-media-capture":"Paylaş","device-front":"Ön kamera","device-back":"Arka kamera","remember-my-choice":"Tercihimi hatırla","more-info":"Daha fazla bilgi…","hide-info":"Bilgiyi gizle","install-app":"{{name}} yüklensin mi?","size":"Boyut","author":"Yazan","size-unknown":"Bilinmiyor","author-unknown":"Bilinmiyor","install":"Yükle","bytes":"bayt","kB":"KB","MB":"MB","GB":"GB","TB":"TB","PB":"PB","app-install-generic-error":"{{ appName }} indirmesi durduruldu","app-install-download-failed":"{{ appName }} indirmesi başarısız oldu","app-install-install-failed":"{{ appName }} yüklenmesi başarısız oldu","cancelling-will-not-refund":"Siparişi iptal etmek para iadesi yapmaz. Satın alınmış içerikler için iadeler satıcı tarafından yapılır.","apps-can-be-installed-later":"Uygulamalar daha sonra orijinal yükleme kaynağından yüklenebilir.","are-you-sure-you-want-to-cancel":"Bu yüklemeyi iptal etmek istediğinizden emin misiniz?","cancel-install":"Yüklemeyi iptal et","cancel-install-button":"Yüklemeyi iptal et","resume":"Devam et","continue":"Devam et","stopDownloading":"{{ app }} indirmesi durdurulsun mu?","app-download-can-be-restarted":"İndirme daha sonra yeniden başlatılabilir.","app-download-stop-button":"İndirmeyi durdur","not-enough-space":"Yeterli alan yok","not-enough-space-message":"Bu uygulamayı yüklemek için yeterli alan yok. Eski uygulamaları ve medyaları silerek yer açın ve orijinal kaynağından tekrar yüklemeyi deneyin.","app-install-success":"{{ appName }} yüklendi","setup":"Kur","ime-addkeyboards":"Klavye ekle","later":"Daha sonra","download":"İndir","wantToDownload":"Güncelleme şimdi indirilsin mi?","wantToInstall":"Güncelleme şimdi yüklensin mi?","installNow":"Şimdi yükle","notNow":"Daha sonra","downloadingUpdateMessage":{"innerHTML":"Güncellemeler indiriliyor… <span>{{ progress }} indirildi.</span>"},"downloadingAppMessage":"{{ appName }} indiriliyor","downloadingAppProgressNoMax":"{{ progress }} indirildi","downloadingAppProgressIndeterminate":"İndiriliyor","downloadingAppProgress":"{{ progress }} / {{ max }} indirildi","cancelAllDownloads":"Tüm indirmeleri iptal et","wantToCancelAll":"Tüm indirmeleri iptal etmek istediğinizden emin misiniz?","downloadError":"Güncellemeler indirilirken bir hata oluştu.","updateAvailableInfo":{"innerHTML":{"_index":["plural","n"],"_":{"one":"{{ n }} güncelleme var. <span>Daha fazla bilgi için dokunun.</span>","two":"{{ n }} güncelleme var. <span>Daha fazla bilgi için dokunun.</span>","few":"{{ n }} güncelleme var. <span>Daha fazla bilgi için dokunun.</span>","many":"{{ n }} güncelleme var. <span>Daha fazla bilgi için dokunun.</span>","other":"{{ n }} güncelleme var. <span>Daha fazla bilgi için dokunun.</span>"}}},"numberOfUpdates":{"_index":["plural","n"],"_":{"one":"{{ n }} güncelleme var","two":"{{ n }} güncelleme var","few":"{{ n }} güncelleme var","many":"{{ n }} güncelleme var","other":"{{ n }} güncelleme var"}},"systemUpdate":"Sistem güncellemesi","systemUpdateReady":"Sistem Güncellemesi Hazır","systemUpdateLowBatteryThreshold":"Güncellemeyi yüklemek için piliniz en az %{{ threshold }} dolu olmalıdır.","required":"Gerekli","uncompressingMessage":{"innerHTML":"Genişletiliyor… <span>Bu işlem birkaç dakika sürebilir.</span>"},"downloadNoWifiWarning":"Wi-Fi kullanılamıyor. Mevcut bağlantı üzerinden güncelleme ek ücretlendirmeye neden olabilir.","downloadOfflineWarning":"Bağlantı kullanılamıyor. Güncellemeleri indirmek için bir şebekeye bağlanın.","downloadDataConnectionWarning":"Wi-Fi kullanılamadığında güncellemeler veri şebekesi üzerinden indirilir. Ek veri ücretlendirmesi uygulanabilir.","downloadUpdatesViaDataConnection":"Güncellemeler veri şebekesi üzerinden indirilsin mi?","downloadUpdatesViaDataConnectionMessage":"Wi-Fi kullanılamadığında güncellemeler veri şebekesi üzerinden indirilir. Veri şebekesi kullanılırken telefon görüşmeleri engellenebilir ve ek ücretlendirmeler de uygulanabilir.","downloadUpdatesVia2GForbidden2":"Downloading updates is not possible on slow connections (2G). Please connect via Wi-Fi or 3G (if available) and try again.","screenshotSaved":"Ekran, Galeri'ye kaydedildi","screenshotFailed":"Görüntü kaydedilemedi","screenshotNoSDCard":"Bellek kartı bulunamadı","screenshotSDCardInUse":"Bellek kartı kullanımda","screenshotSDCardLow":"Bellek kartında yeterli alan yok","emergency-call-button":"Acil Arama","emergency-call":"Acil Arama","unlock-a11y-button":{"ariaLabel":"Kilidi Aç"},"camera-a11y-button":{"ariaLabel":"Kamera"},"longDateFormat":"%e %B %A","panel-passcode":{"ariaLabel":"Şifre paneli"},"lockscreen-sim-id":"SIM {{ n }}","softwareHomeButton":{"ariaLabel":"Başlangıç"},"login":"Giriş yap","username":"Kullanıcı adı","password":"Parola","http-authentication-message":"{{host}} bir kullanıcı adı ve parola istiyor. Site diyor ki: “{{realm}}”","error-message":"{{name}} doğru şekilde yüklenemiyor","error-title":"{{name}} sorun yaşıyor","airplane-is-on":"Uçak modu açık","airplane-is-turned-on":"{{name}} bir şebeke bağlantısı gerektirir. Ayarlar'dan uçak modunu kapatın ve bir Wi-Fi veya mobil veri şebekesine bağlanın.","server-not-found":"Sunucu bulunamadı","server-not-found-error":"{{name}} sunucusu bulunamadı.","file-not-found":"Dosya bulunamadı","file-not-found-error":"Dosya bulunamadığı için cihaz bu sayfayı görüntüleyemiyor.","connection-failed":"Bağlanılamadı","connection-failed-error":"Siteye erişmeye çalışılırken bir ağ hatası oluştu.","invalid-connection":"Bağlanılamadı","invalid-connection-error":"Siteye erişmeye çalışılırken bir ağ hatası oluştu.","malformed-uri":"URL geçersiz","malformed-uri-error":"Girilen URL geçerli olmadığı için yüklenemiyor.","redirect-loop":"Sayfa görüntülenemiyor","redirect-loop-error":"Sayfa düzgün yönlendirilmediği için cihaz bu sayfayı görüntüleyemiyor. Daha sonra tekrar deneyin.","not-cached":"Sayfa zaman aşımına uğradı","not-cached-error":"Bu sayfa zaman aşımına uğradığı için güvenlik önlemi olarak bu cihaz tarafından görüntülenemez.","is-printing-error":"Belge yazdırılırken veya yazdırma ön izlemesindeyken değiştirilemez.","denied-port-access":"Bu adrese erişim kısıtlanmış","denied-port-access-error":"Bu adres, web'de gezintiden başka amaçlar için kullanılan bir ağ bağlantı noktası kullanıyor. Güvenliğiniz için cihazınız bu bağlanma isteğini iptal etti.","proxy-resolve-failure":"Vekil sunucu hatası","proxy-resolve-failure-error":"Cihaz bulunamayan bir vekil sunucuya bağlanmak üzere ayarlanmış.","proxy-connect-failure":"Vekil sunucu hatası","proxy-connect-failure-error":"Cihaz bağlanma isteklerini geri çeviren bir vekil sunucuya bağlanmak üzere ayarlanmış.","content-encoding":"Sayfa görüntülenemiyor","content-encoding-error":"Bir içerik kodlama hatası oluştuğu için cihaz bu sayfayı görüntüleyemiyor.","remote-xul":"Sayfa desteklenmiyor","remote-xul-error":"Bu sayfa bu cihazda desteklenmeyen bir teknoloji kullandığı için görüntülenemiyor.","phishing-blocked":"Uyarı","phishing-blocked-error":"Bu sitenin kullanıcıları kandırarak onları kişisel ve mali bilgilerini paylaşmaya yönelten bir sahtekârlık girişimi içerdiği bildirilmiştir.","malware-blocked":"Zararlı yazılım saldırısı engellendi","malware-blocked-error":"Bu sitenin saldırgan bir site olduğu rapor edildiği için site engellenmiştir.","unsafe-content-type":"Güvenilmeyen içerik","unsafe-content-type-error":"Bu sayfayı açmanız güvenli olmayabilir, o yüzden sayfa gösterilemiyor.","corrupted-content":"Sayfa görüntülenemiyor","corrupted-content-error":"Veri aktarımında bir hata tespit edildiği için sayfa gösterilemiyor.","network-connection-unavailable":"Şebeke bağlantısı yok","network-error":"{{name}} bir şebeke bağlantısı gerektirir. Bir Wi-Fi veya mobil veri şebekesine bağlanmayı deneyin.","network-error-launching":"{{name}} için internet bağlantısı gereklidir.","network-error-in-app":"Şu anda internet erişiminiz yok.","unable-to-connect":"Bağlanılamadı","try-again":"Tekrar dene","check-settings":"Ayarları kontrol et","tap-to-check-settings":"Ayarları kontrol etmek için dokunun","select-time":"Saati seçin","choose-option":"Seç","choose-options":"Seç","select-day":"Günü seçin","battery-almost-empty":"Pil boşalmak üzere","add-to-home-screen":"Ana Ekran'a ekle","share":"Paylaş","crash-dialog2-os":"{{brandShortName}} az önce bir çökmeden kurtarıldı","crash-dialog-app":"{{name}} biraz önce çöktü","crash-dialog-message":"Bu sorunu düzeltmemize yardım etmek için Mozilla'ya bu çökme hakkındaki raporu göndermek ister misiniz? (Raporlar yalnızca Wi-Fi üzerinden gönderilir.)","crash-info-link":"Raporda neler var?","crash-always-report":"Çökme olduğunda her zaman Mozilla'ya rapor gönder.","crash-dont-send":"Gönderme","crash-end":"Raporu Gönder","crashReports":"Çökme Raporları","done":"Bitti","crash-reports-description-1":"Bir çökme raporu, çökme ve aygıtınız hakkında bazı ayrıntıların yanı sıra aygıtınızın çökme zamandaki durumunu gösteren bir anlık görüntüsünü içerir.","crash-reports-description-2":"Bu rapor; açık sayfalar ve uygulamalar, formlara yazılmış metinler ve açık mesajların içeriği, yakın tarama geçmişi veya açık bir uygulamanın kullandığı coğrafi konum gibi şeyleri içerebilir.","crash-reports-description-3-start":"Çökme raporlarını sorunları düzeltmek ve ürünlerimizi geliştirmek için kullanıyoruz. Bilgilerinizi ","crash-reports-description-3-privacy":"gizlilik ilkelerimizde","crash-reports-description-3-end":" açıklandığı şekilde kullanıyoruz.","crash-banner-os2":"{{brandShortName}} az önce çöktü.","crash-banner-app":"{{name}} biraz önce çöktü.","crash-banner-report":"Rapor gönder","bluetooth-sending-progress":"Bluetooth aktarımı yapılıyor…","bluetooth-receiving-progress":"Bluetooth aktarımı alınıyor…","acceptFileTransfer":"Bluetooth dosya aktarımı kabul edilsin mi?","wantToReceiveFile":"{{deviceName}}, {{fileName}} ({{fileSize}}) dosyasını aktarmak istiyor.","transfer-confirmation-title":"{{deviceName}}","transfer-confirmation-description":"Aktarım isteğini gözden geçirin.","byteUnit-B":"Bayt","byteUnit-KB":"KB","byteUnit-MB":"MB","byteUnit-GB":"GB","byteUnit-TB":"TB","byteUnit-PB":"PB","byteUnit-EB":"EB","byteUnit-ZB":"ZB","byteUnit-YB":"YB","fileSize":"{{size}} {{unit}}","deny":"Reddet","transfer":"Aktar","cancelFileTransfer":"Bluetooth dosya aktarımı iptal edilsin mi?","continueFileTransfer":"Devam et","transfer-has-started-title":"Aktarım başladı","transfer-has-started-description":"Bildirim merkezinden kontrol edin","transferFinished-sentSuccessful-title":"Dosya gönderildi","transferFinished-receivedSuccessful-title":"Dosya alındı","transferFinished-sentFailed-title":"Dosya gönderilemedi","transferFinished-receivedFailed-title":"Dosya alınamadı","transferReport-title":"Aktarım raporu:","transferReport-description":"{{numSuccessful}} dosya başarılı, {{numUnsuccessful}} dosya başarısız","unknown-file":"Bilinmeyen dosya","unknown-device":"Bilinmeyen aygıt","cannotOpenFile":"Alınan dosya açılamıyor","unknownMediaTypeToOpen":"Bilinmeyen ortam türü açılamıyor:","cannotReceiveFile":"Dosya alınamıyor","cannotGetStorageState":"Aygıt depolama durumu alınamadı.","sdcard-not-exist2":"Bellek kartı bulunamadı. Lütfen bir bellek kartı takın.","sdcard-in-use":"Bluetooth, telefon fişe takılıyken kullanılamaz. Dosya almak için telefonun fişini çekin.","sdcard-no-space2":"Aktarım tamamlanamadı: Bellek kartı dolu.","unknown-error":"Bilinmeyen hata","confirm":"Onayla","microphone-is-on":"Mikrofon açık","camera-is-on":"Kamera açık","media-is-on":"Kamera ve mikrofon AÇIK","noSimCard":"SIM kartı yok","simPin":"SIM PIN'i","pukCode":"PUK kodu","nckCode":"NCK kodu","cckCode":"CCK kodu","spckCode":"SPCK kodu","nck1code":"NCK1 kodu","nck2code":"NCK2 kodu","hnckcode":"HNCK kodu","rcckcode":"RCCK kodu","rspckcode":"RSPCK kodu","whatIsSimPin":"SIM PIN'i nedir?","simPinIntro1":"SIM PIN'i, SIM kartın hücresel veri şebekelerine erişmesini önler. Etkinleştirildiğinde, SIM kartın bulunduğu herhangi bir aygıt başlatılırken PIN'i soracaktır.","simPinIntro2":"SIM PIN'i cihazın kilidini açmak için kullanılan şifre ile aynı değildir.","changeSimPin":"PIN'i değiştir","pinTitle":"SIM PIN'ini girin","multiSIMpinTitle":"SIM {{n}} PIN'ini girin","pukTitle":"PUK kodunu girin","nckTitle":"NCK kodunu girin","cckTitle":"CCK kodunu girin","spckTitle":"SPCK kodunu girin","nck1Title":"NCK1 kodunu girin","nck2Title":"NCK2 kodunu girin","hnckTitle":"HNCK kodunu girin","rcckTitle":"RCCK kodunu girin","rspckTitle":"RSPCK kodunu girin","newpinTitle":"Yeni PIN","inputCodeRetriesLeft":{"_index":["plural","n"],"_":{"one":"son hakkınız.","two":"{{n}} deneme kaldı.","few":"{{n}} deneme kaldı.","many":"{{n}} deneme kaldı.","other":"{{n}} deneme kaldı."}},"pinErrorMsg":"PIN yanlış.","pinAttemptMsg2":{"_index":["plural","n"],"_":{"one":"SIM kart kilitlenmeden önce doğru kodu girmek için sadece bir hakkınız kaldı.","two":"SIM kart kilitlenmeden önce doğru kodu girmek için {{n}} deneme hakkınız kaldı.","few":"SIM kart kilitlenmeden önce doğru kodu girmek için {{n}} deneme hakkınız kaldı.","many":"SIM kart kilitlenmeden önce doğru kodu girmek için {{n}} deneme hakkınız kaldı.","other":"SIM kart kilitlenmeden önce doğru kodu girmek için {{n}} deneme hakkınız kaldı."}},"pinLastChanceMsg":"Bu sizin doğru PIN'i girmek için son şansınız. Aksi halde, bu SIM kartını kullanmak için PUK kodunu girmeniz gerekecek.","simCardLockedMsg":"SIM kart kilitli.","enterPukMsg":"SIM kartınızın Kişisel Kilit Açma Anahtarı'nı (PUK) girmelisiniz. Daha fazla bilgi için SIM kartınızın belgelerine bakın veya operatörünüzle irtibata geçin.","pukErrorMsg":"PUK kodu yanlış.","pukAttemptMsg2":{"_index":["plural","n"],"_":{"one":"Bu SIM kart kalıcı olarak kullanılamaz halde gelmeden önce doğru kodu girmeniz için sadece bir hakkınız kaldı. Daha fazla bilgi için SIM kartınızın belgelerine başvurun veya operatörünüzle iletişime geçin.","two":"Bu SIM kart kalıcı olarak kullanılamaz halde gelmeden önce doğru kodu girmeniz için {{n}} hakkınız kaldı. Daha fazla bilgi için SIM kartınızın belgelerine başvurun veya operatörünüzle iletişime geçin.","few":"Bu SIM kart kalıcı olarak kullanılamaz halde gelmeden önce doğru kodu girmeniz için {{n}} hakkınız kaldı. Daha fazla bilgi için SIM kartınızın belgelerine başvurun veya operatörünüzle iletişime geçin.","many":"Bu SIM kart kalıcı olarak kullanılamaz halde gelmeden önce doğru kodu girmeniz için {{n}} hakkınız kaldı. Daha fazla bilgi için SIM kartınızın belgelerine başvurun veya operatörünüzle iletişime geçin.","other":"Bu SIM kart kalıcı olarak kullanılamaz halde gelmeden önce doğru kodu girmeniz için {{n}} hakkınız kaldı. Daha fazla bilgi için SIM kartınızın belgelerine başvurun veya operatörünüzle iletişime geçin."}},"pukLastChanceMsg":"Doğru PUK'u girmek için son şansınız. Yanlış PUK girerseniz SIM kartınız kalıcı olarak kullanılamaz halde gelecektir. Daha fazla bilgi için SIM kartınızın belgelerine bakın veya operatörünüzle iletişime geçin.","newSimPinMsg":"PIN oluştur (4-8 haneli olmalı)","confirmNewSimPinMsg":"Yeni PIN'i onaylayın","newPinErrorMsg":"PIN'ler uyuşmuyor.","nckErrorMsg":"NCK kodu yanlış.","nckAttemptMsg2":{"_index":["plural","n"],"_":{"one":"Şebeke kişiselleştirmesini kaldırma isteği başarısız oldu. Doğru kodu girmek için bir hakkınız kaldı. Daha fazla bilgi için aygıt belgelerinize bakın veya operatörünüzle iletişime geçin.","two":"Şebeke kişiselleştirmesini kaldırma isteği başarısız oldu. Doğru kodu girmek için {{n}} hakkınız kaldı. Daha fazla bilgi için aygıt belgelerinize bakın veya operatörünüzle iletişime geçin.","few":"Şebeke kişiselleştirmesini kaldırma isteği başarısız oldu. Doğru kodu girmek için {{n}} hakkınız kaldı. Daha fazla bilgi için aygıt belgelerinize bakın veya operatörünüzle iletişime geçin.","many":"Şebeke kişiselleştirmesini kaldırma isteği başarısız oldu. Doğru kodu girmek için {{n}} hakkınız kaldı. Daha fazla bilgi için aygıt belgelerinize bakın veya operatörünüzle iletişime geçin.","other":"Şebeke kişiselleştirmesini kaldırma isteği başarısız oldu. Doğru kodu girmek için {{n}} hakkınız kaldı. Daha fazla bilgi için aygıt belgelerinize bakın veya operatörünüzle iletişime geçin."}},"nckLastChanceMsg":"Şebeke kişiselleştirmesini kaldırma isteği başarısız oldu. Doğru NCK kodunu girmek için son şansınız. Daha fazla bilgi için aygıt belgelerinize bakın veya operatörünüzle iletişime geçin.","activity-pick":"Şuradan seç:","activity-view":"Bununla görüntüle:","activity-test":"Bununla test et:","activity-share":"Bununla paylaş:","activity-new":"Bununla oluştur:","activity-open":"Bununla aç:","activity-save-bookmark":"Yer imi ekle:","activity-record":"Buradan kaydet:","activity-browse":"Bununla göz at:","activity-configure":"Bununla yapılandır:","activity-dial":"Buradan ara:","persona-signin":"Giriş yap","payment-flow":"Satın al","remoteDebuggerMessage":"Gelen bir uzaktan hata ayıklama bağlantısı talebi algılandı. Bağlantıya izin verilsin mi?","fullscreen-request":"{{origin}} şimdi tam ekran.","captive-wifi-available":"{{networkName}} ağı bulundu. Ağa katılınsın mı?","ceWarningtitle":"Ses düzeyi uyarısı","ceWarningcontent":"Olası işitme hasarını önlemek için yüksek ses düzeyinde uzun süre dinlemeyin.                ","notification-powersaving-mode-on-title":"Güç Tasarrufu Modu","notification-powersaving-mode-on-description":"Güç tasarrufu modu açık.","low-device-storage":"Aygıtta boş alan az.\\n","free-space":{"_index":["plural","value"],"_":{"zero":"Boş alan kalmadı.","one":"{{value}} {{unit}} kaldı.","two":"{{value}} {{unit}} kaldı.","few":"{{value}} {{unit}} kaldı.","many":"{{value}} {{unit}} kaldı.","other":"{{value}} {{unit}} kaldı."}},"unknown-free-space":"Kalan alan bilinmiyor.","system-alert":"Sistem Uyarısı","cb-channel":"Kanal {{channel}}","cb-etws-warningType-earthquake":"Deprem uyarısı!","cb-etws-warningType-tsunami":"Tsunami uyarısı!","cb-etws-warningType-earthquake-tsunami":"Deprem-tsunami uyarısı!","cb-etws-warningType-test":"Uyarı sistemi test aşamasındadır.","cb-etws-warningType-other":"Acil durum uyarısı!","icc-message-maintitle":"Operatör mesajı","icc-message-subtitle":"SIM {{id}}","icc-confirmCall-defaultmessage":"Ara: {{number}}","icc-alertMessage-defaultmessage":"Mesaj gönderiliyor","icc-confirmMessage-defaultmessage":"Mesaj gönderilsin mi?","icc-inputbox-maintitle":"STK Sorgusu","icc-inputbox-subtitle":"SIM {{id}}","emergency-callback-mode":"Acil durum geri arama modu","emergency-callback-message":"Acil geri arama modu etkin olduğu için arama yapamaz, mesaj gönderemez ve internete giremezsiniz. Bu modu kapatmak ister misiniz?","cdma-record-info":"CDMA kayıt bilgileri","ime-switching-title":"{{appName}}: {{name}}","ime-switching-tip":"Giriş yöntemini değiştirmek için dokunun","shrinking-tip":"Paylaşmak için kaydır","download_started":"İndirme başlatıldı","download_stopped":"İndirme durduruldu","download_downloading":"İndiriliyor…","download_succeeded":"İndirme tamamlandı","download_failed":"İndirme başarısız","download_text_by_default":"{{name}}","download_downloading_text_2":"%{{percentage}} - {{name}}","search-or-enter-address":{"_":"Arama yap veya adres gir","placeholder":"Arama yap veya adres gir"},"noSIMCardInHotspot":"SIM kart takılı olmadığı için erişim noktası kapatıldı","noHopspotWhenAPMisOn":"Wi-Fi erişim noktasını kullanmak için uçak modunu kapatın","apmActivated":"Uçak modu etkinleştirildi","open-in-new-tab":"Bağlantıyı yeni sekmede aç","add-link-to-home-screen":"Bağlantıyı ana ekrana ekle","share-link":"Bağlantıyı paylaş","save-image":"Resmi kaydet","save-video":"Videoyu kaydet","save-audio":"Sesi kaydet","save-link":"Bağlı dosyayı kaydet","share-image":"Resmi kaydet","share-video":"Videoyu kaydet","share-audio":"Sesi kaydet","weekday-0-long":"Pazar","weekday-1-long":"Pazartesi","weekday-2-long":"Salı","weekday-3-long":"Çarşamba","weekday-4-long":"Perşembe","weekday-5-long":"Cuma","weekday-6-long":"Cumartesi","weekday-0-short":"Pzr","weekday-1-short":"Pzt","weekday-2-short":"Sal","weekday-3-short":"Çar","weekday-4-short":"Per","weekday-5-short":"Cum","weekday-6-short":"Cmt","month-0-long":"Ocak","month-1-long":"Şubat","month-2-long":"Mart","month-3-long":"Nisan","month-4-long":"Mayıs","month-5-long":"Haziran","month-6-long":"Temmuz","month-7-long":"Ağustos","month-8-long":"Eylül","month-9-long":"Ekim","month-10-long":"Kasım","month-11-long":"Aralık","month-0-genitive":"Ocak","month-1-genitive":"Şubat","month-2-genitive":"Mart","month-3-genitive":"Nisan","month-4-genitive":"Mayıs","month-5-genitive":"Haziran","month-6-genitive":"Temmuz","month-7-genitive":"Ağustos","month-8-genitive":"Eylül","month-9-genitive":"Ekim","month-10-genitive":"Kasım","month-11-genitive":"Aralık","month-0-short":"Oca","month-1-short":"Şub","month-2-short":"Mar","month-3-short":"Nis","month-4-short":"May","month-5-short":"Haz","month-6-short":"Tem","month-7-short":"Ağu","month-8-short":"Eyl","month-9-short":"Eki","month-10-short":"Kas","month-11-short":"Ara","minutes-ago-long":{"_index":["plural","value"],"_":{"zero":"biraz önce","one":"bir dakika önce","two":"{{value}} dakika önce","few":"{{value}} dakika önce","many":"{{value}} dakika önce","other":"{{value}} dakika önce"}},"hours-ago-long":{"_index":["plural","value"],"_":{"zero":"biraz önce","one":"bir saat önce","two":"{{value}} saat önce","few":"{{value}} saat önce","many":"{{value}} saat önce","other":"{{value}} saat önce"}},"days-ago-long":{"_index":["plural","value"],"_":{"zero":"bugün","one":"dün","two":"{{value}} gün önce","few":"{{value}} gün önce","many":"{{value}} gün önce","other":"{{value}} gün önce"}},"weeks-ago-long":{"_index":["plural","value"],"_":{"zero":"bu hafta","one":"geçen hafta","two":"{{value}} hafta önce","few":"{{value}} hafta önce","many":"{{value}} hafta önce","other":"{{value}} hafta önce"}},"months-ago-long":{"_index":["plural","value"],"_":{"zero":"bu ay","one":"geçen ay","two":"{{value}} ay önce","few":"{{value}} ay önce","many":"{{value}} ay önce","other":"{{value}} ay önce"}},"years-ago-long":{"_index":["plural","value"],"_":{"zero":"bu yıl","one":"geçen yıl","two":"{{value}} yıl önce","few":"{{value}} yıl önce","many":"{{value}} yıl önce","other":"{{value}} yıl önce"}},"minutes-until-long":{"_index":["plural","value"],"_":{"zero":"şimdi","one":"bir dakika önce","two":"{{value}} dakika içinde","few":"{{value}} dakika içinde","many":"{{value}} dakika içinde","other":"{{value}} dakika içinde"}},"hours-until-long":{"_index":["plural","value"],"_":{"zero":"şimdi","one":"bir saat içinde","two":"{{value}} saat içinde","few":"{{value}} saat içinde","many":"{{value}} saat içinde","other":"{{value}} saat içinde"}},"days-until-long":{"_index":["plural","value"],"_":{"zero":"bugün","one":"dün","two":"{{value}} gün içinde","few":"{{value}} gün içinde","many":"{{value}} gün içinde","other":"{{value}} gün içinde"}},"weeks-until-long":{"_index":["plural","value"],"_":{"zero":"bu hafta","one":"gelecek hafta","two":"{{value}} hafta içinde","few":"{{value}} hafta içinde","many":"{{value}} hafta içinde","other":"{{value}} hafta içinde"}},"months-until-long":{"_index":["plural","value"],"_":{"zero":"bu ay","one":"gelecek ay","two":"{{value}} ay içinde","few":"{{value}} ay içinde","many":"{{value}} ay içinde","other":"{{value}} ay içinde"}},"years-until-long":{"_index":["plural","value"],"_":{"zero":"bu yıl","one":"gelecek yıl","two":"{{value}} yıl içinde","few":"{{value}} yıl içinde","many":"{{value}} yıl içinde","other":"{{value}} yıl içinde"}},"minutes-ago-short":{"_index":["plural","value"],"_":{"zero":"biraz önce","other":"{{value}} dk önce"}},"hours-ago-short":{"_index":["plural","value"],"_":{"zero":"biraz önce","other":"{{value}} saat önce"}},"days-ago-short":{"_index":["plural","value"],"_":{"zero":"bugün","other":"{{value}} gün önce"}},"minutes-until-short":{"_index":["plural","value"],"_":{"zero":"şimdi","other":"{{value}} dk içinde"}},"hours-until-short":{"_index":["plural","value"],"_":{"zero":"şimdi","other":"{{value}} saat içinde"}},"days-until-short":{"_index":["plural","value"],"_":{"zero":"bugün","other":"{{value}} gün içinde"}},"incorrectDate":"(geçersiz tarih)","dateTimeFormat_%c":"%e %b %Y %a %H:%M:%S","dateTimeFormat_%x":"%d/%m/%Y","dateTimeFormat_%X":"%H:%M:%S","shortTimeFormat":"%H:%M","shortDateTimeFormat":"%x %H:%M","weekStartsOnMonday":"1","time_am":"ÖÖ","time_pm":"ÖS","title-app":"Uygulama izni","title-web":"Web sitesi izni","title-cam":"Kamera seçin","perm-contacts":"Kişiler","perm-contacts-appRequest":"{{app}} kişi listenize erişmek istiyor.","perm-contacts-webRequest":"{{site}} kişi listenize erişmek istiyor.","perm-desktop-notification":"Bildirimler","perm-desktop-notification-appRequest":"{{app}} bildirimler göstermek istiyor.","perm-desktop-notification-webRequest":"{{site}} bildirimler göstermek istiyor.","perm-device-storage-music":"Müzik Depolama","perm-device-storage-music-appRequest":"{{app}} müziklerinize erişmek istiyor.","perm-device-storage-music-webRequest":"{{site}} müziklerinize erişmek istiyor.","perm-device-storage-pictures":"Resim Depolama","perm-device-storage-pictures-appRequest":"{{app}} resimlerinize erişmek istiyor.","perm-device-storage-pictures-webRequest":"{{site}} resimlerinize erişmek istiyor.","perm-device-storage-sdcard":"Bellek Kartı Depolama","perm-device-storage-sdcard-appRequest":"{{app}} bellek kartınıza erişmek istiyor.","perm-device-storage-sdcard-webRequest":"{{site}} bellek kartınıza erişmek istiyor.","perm-device-storage-videos":"Video Depolama","perm-device-storage-videos-appRequest":"{{app}} videolarınıza erişmek istiyor.","perm-device-storage-videos-webRequest":"{{site}} videolarınıza erişmek istiyor.","perm-fmradio":"FM Radyo","perm-fmradio-appRequest":"{{app}} FM Radyo'yu kullanmak istiyor.","perm-fmradio-webRequest":"{{site}} FM Radyo'yu kullanmak istiyor.","perm-geolocation":"Coğrafi Konum","perm-geolocation-appRequest":"{{app}} konumunuzu bilmek istiyor.","perm-geolocation-webRequest":"{{site}} konumunuzu bilmek istiyor.","perm-geolocation-more-info":"{{brandShortName}} yaklaşık konumunuzu belirlemek için GPS, Wi-Fi ve yakınınızdaki baz istasyonları gibi verileri kullanır. Bu veriler Mozilla'ya ve diğer hizmet sağlayıcılara gönderilir, ilgili konum veritabanlarını geliştirmek için toplanarak kullanılır. Veriler cihazınızda depolanabilir ve hiçbir uygulama çalışmadığı sırada dahi veri toplanabilir.","perm-video-capture":"Kamera","perm-video-capture-appRequest":"Kameranızı {{app}} ile paylaşmak istiyor musunuz?","perm-video-capture-webRequest":"Kameranızı {{site}} ile paylaşmak istiyor musunuz?","perm-audio-capture":"Mikrofon","perm-audio-capture-appRequest":"Mikrofonunuzu {{app}} ile paylaşmak istiyor musunuz?","perm-audio-capture-webRequest":"Mikrofonunuzu {{site}} ile paylaşmak istiyor musunuz?","perm-media-capture":"Kamera ve Mikrofon","perm-media-capture-appRequest":"Kamera ve mikrofonunuzu {{app}} ile paylaşmak istiyor musunuz?","perm-media-capture-webRequest":"Kamera ve mikrofonunuzu {{site}} ile paylaşmak istiyor musunuz?","perm-camera-selector-appRequest":"{{app}} için bir kamera seçin.","perm-camera-selector-webRequest":"{{site}} için bir kamera seçin.","perm-mobileid":"Mobil kimlik","stopped_download_title":"İndirme durduruldu","stopped_download_message":"İndirme durduruldu. Tekrar denensin mi?","stopped_download_left_button":"İptal","stopped_download_right_button":"Tekrar dene","failed_download_title":"İndirme başarısız","failed_download_message":"{{name}} indirmesi başarısız oldu. Tekrar denensin mi?","failed_download_left_button":"İptal","failed_download_right_button":"Tekrar dene","stop_download_title":"İndirmeyi durdur","stop_download_message":"İndirmeyi durdurmak istediğinizden emin misiniz?","stop_download_left_button":"Hayır","stop_download_right_button":"Evet","delete_download_title":"Sil","delete_download_message":"{{name}} silinsin mi?","delete_download_left_button":"İptal","delete_download_right_button":"Sil","delete_all_download_title":"Sil","delete_all_download_left_button":"İptal","delete_all_download_right_button":"Sil","delete_all_download_message":{"_index":["plural","number"],"_":{"zero":"Hiçbir dosya silinmesin mi?","one":"Bir dosya silinsin mi?","two":"{{number}} dosya silinsin mi?","few":"{{number}} dosya silinsin mi?","many":"{{number}} dosya silinsin mi?","other":"{{number}} dosya silinsin mi?"}},"unsupported_file_type_download_title":"Açılamadı","unsupported_file_type_download_message":"{{name}} dosyasını açabilen bir uygulama yok. Dosyayı kaydetmek mi yoksa silmek mi istersiniz?","unsupported_file_type_download_left_button":"Dosyayı tut","unsupported_file_type_download_right_button":"Sil","file_not_found_download_title":"Dosya bulunamadı","file_not_found_download_message":"Dosya cihazda bulunamadı","file_not_found_download_right_button":"Tamam","unmounted_sdcard_2_download_title":"Bellek kartı kullanımda","unmounted_sdcard_2_download_message":"Telefonun bağlantısını kesin","unmounted_sdcard_2_download_right_button":"Tamam","no_provider_download_title":"Paylaşılamadı","no_provider_download_message":"Sağlayıcı bulunamadı","no_provider_download_right_button":"Tamam","no_memory_download_title":"SD kart dolu","no_memory_download_message":"İndirdiğiniz dosyayı kaydetmek için SD kartınızda yer kalmadı. İndirmeyi yeniden başlatmadan önce lütfen bazı dosyaları silin.","no_memory_download_right_button":"Tamam","no_sdcard_found_2_download_title":"Bellek kartı bulunamadı","no_sdcard_found_2_download_message":"Bellek kartı takın veya ayarlardan alternatif bir varsayılan medya konumu seçin","no_sdcard_found_2_download_right_button":"Tamam","file_open_error_download_title":"Açılamıyor","file_open_error_download_message":"{{name}} açılırken bir sorun oluştu. Dosyayı kaydetmek mi yoksa silmek mi istersiniz?","file_open_error_download_left_button":"Dosyayı tut","file_open_error_download_right_button":"Sil","restart_download_error":"İndirme yeniden başlatılırken bir hata oluştu. Lütfen tekrar indirmeyi deneyin.","no-downloads":"İndirme yok","percentage":"% {{percentage}}","partialResult":"{{partial}} / {{total}}","summary":"{{date}} - {{status}}","download-stopped":"Durduruldu","download-failed":"İndirme başarısız","open_downloaded_file":"Aç","share_downloaded_file":"Paylaş","wallpaper_downloaded_file":"Duvar kâğıdı yap","ringtone_downloaded_file":"Zil sesi yap","cancel_downloaded_file":"İptal","voicemailNoNumberTitle":"Telesekreter numarası yok","voicemailNoNumberText":"Telesekreter aranamadı. Arama yapmak için telesekreter numarasını ayarlayın.","voicemailNoNumberSettings":"Ayarlar","voicemailNoNumberCancel":"İptal","resend":"Yeniden gönder","connecting":"Bağlanılıyor","verify":"Doğrula","verifying":"Doğrulanıyor","verified":"Doğrulandı","mobileIDExplanation":"{{app_name}} telefon numaranızı öğrenmek ve doğrulamak istiyor. Lütfen hangisini paylaşmak istediğinizi seçin veya yeni bir numara girin.","verificationCodeExplanation":"{{phone_number}} numarasına bir kod gönderdik. Kodu otomatik olarak okumaya çalışacağız ama numara bu cihazda değilse kodu elle girmeniz gerekecek.","successMessage":"Şahane! {{phone_number}} numaranız doğrulandı ve artık {{app_name}} tarafından kullanılabilir.","serverErrorMessage":"Doğrulama sunucusuna erişilemiyor. Lütfen internet bağlantınızı kontrol edip yeniden deneyin veya birkaç dakika bekleyin.","timeoutErrorMessage":"Doğrulama kodunuzda bir sorun var gibi görünüyor. Bir daha deneyelim!","errorTitle":"Mobil kimlik","addPhoneNumber":"veya telefon numaranızı ekleyin","selectPhoneNumber":"veya listeden bir telefon numarası seçin"}