{"firefox-accounts-title":"Firefox 账户","fxa-next":"前进","fxa-back":"后退","fxa-done":"完成","fxa-ok":"确定","fxa-connection-error-title":"无法连接","fxa-connection-error-message":"您可以在“设置”中创建或登录一个账户。","fxa-reset-password-error-title":"重置密码","fxa-reset-password-error-message":"您可以在“设置”中重置您的密码。","fxa-coppa-failure-error-title":"无法创建账户","fxa-coppa-failure-error-message":"您必须符合一定的年龄要求才能创建一个 Firefox 账户。{{learnmore}}","fxa-learn-more":"了解更多","fxa-offline-error-title":"无法连接","fxa-offline-error-message":"请在“设置”中连接到一个网络。","fxa-invalid-email-title":"错误","fxa-invalid-email-message":"请输入有效的电子邮件地址。","fxa-invalid-password-title":"无效的密码","fxa-invalid-password-message":"请检查您的密码并重试。","fxa-unknown-error-title":"无法连接","fxa-unknown-error-message":"系统不可用，请稍候重试。","fxa-connecting":"正在连接","fxa-enter-email-input":{"placeholder":"请输入您的电子邮箱"},"fxa-use-email-to-sign-in":"使用您的电子邮件地址以创建或登录一个账户。","fxa-notice":"如果继续，代表我同意 {{tos}} 和 Firefox 云服务的 {{pn}}。","fxa-tos":"服务条款","fxa-pn":"隐私声明","fxa-create-password-title":"创建密码","fxa-enter-password-title":"请输入您的密码","fxa-hello-user":"你好，{{email}}","fxa-password-refresh":"请输入您的 Firefox 账户密码以继续。","fxa-password":{"placeholder":"密码"},"fxa-forgot-your-password":"忘记了密码？","fxa-show-password":"显示密码","fxa-password-length-requirement":"您的密码长度至少要有8个字符。","fxa-success":"成功！","fxa-ready-to-go":"您的 Firefox 账户已经就绪！ ","fxa-use-features":"现在您可以使用“查找我的设备”之类的功能和“火狐应用市场”之类的应用了。","fxa-access-manage-account-settings":"在不久的将来，您将可以在“设置”中访问和管理您的账户。","fxa-confirm-account":"验证您的账户","fxa-will-send-email":"我们会发送一封邮件到：{{email}}","fxa-signup-click-verification-link-in-email":"在您下一次查阅您的邮箱时，点击验证链接确认您的 Firefox 账户。","fxa-age-verification":"年龄验证","fxa-age-1990-earlier":"1990年或更早","fxa-year-of-birth":"出生年份","brandShortName":"B2G OS","browserBrandShortName":"网络浏览器","browserBrandFullName":"Mozilla 网络浏览器","accessibility-enableScreenReaderSteps":"To enable screen reader, press volume up then volume down buttons three more times","accessibility-disableScreenReaderSteps":"To disable screen reader, press volume up then volume down buttons three more times","accessibility-screenReaderStarted":"Screen reader started","accessibility-screenReaderStopped":"Screen reader stopped","accessibility-menubar":"menu bar","accessibility-scrollbar":"scroll bar","accessibility-grip":"grip","accessibility-alert":"alert","accessibility-menupopup":"menu popup","accessibility-document":"document","accessibility-pane":"pane","accessibility-dialog":"dialog","accessibility-separator":"separator","accessibility-toolbar":"toolbar","accessibility-statusbar":"status bar","accessibility-table":"table","accessibility-columnheader":"column header","accessibility-rowheader":"row header","accessibility-column":"column","accessibility-row":"row","accessibility-cell":"cell","accessibility-link":"link","accessibility-list":"list","accessibility-listitem":"list item","accessibility-outline":"outline","accessibility-outlineitem":"outline item","accessibility-pagetab":"tab","accessibility-propertypage":"property page","accessibility-graphic":"graphic","accessibility-pushbutton":"button","accessibility-checkbutton":"check button","accessibility-radiobutton":"radio button","accessibility-combobox":"combo box","accessibility-progressbar":"progress bar","accessibility-slider":"slider","accessibility-spinbutton":"spin button","accessibility-diagram":"diagram","accessibility-animation":"animation","accessibility-equation":"equation","accessibility-buttonmenu":"button menu","accessibility-whitespace":"white space","accessibility-pagetablist":"tab list","accessibility-canvas":"canvas","accessibility-checkmenuitem":"check menu item","accessibility-label":"label","accessibility-passwordtext":"password text","accessibility-radiomenuitem":"radio menu item","accessibility-textcontainer":"text container","accessibility-togglebutton":"toggle button","accessibility-treetable":"tree table","accessibility-header":"header","accessibility-footer":"footer","accessibility-paragraph":"paragraph","accessibility-entry":"entry","accessibility-caption":"caption","accessibility-heading":"heading","accessibility-section":"section","accessibility-form":"form","accessibility-comboboxlist":"combo box list","accessibility-comboboxoption":"combo box option","accessibility-imagemap":"image map","accessibility-listboxoption":"option","accessibility-listbox":"list box","accessibility-flatequation":"flat equation","accessibility-gridcell":"gridcell","accessibility-note":"note","accessibility-figure":"figure","accessibility-definitionlist":"definition list","accessibility-term":"term","accessibility-definition":"definition","accessibility-textarea":"text area","accessibility-textInputType_date":"date","accessibility-textInputType_email":"e-mail","accessibility-textInputType_search":"search","accessibility-textInputType_tel":"telephone","accessibility-textInputType_url":"URL","accessibility-headingLevel":"heading level {{0}}","accessibility-listStart":"First item","accessibility-listEnd":"Last item","accessibility-listItemsCount":{"_index":["plural","count"],"_":{"zero":"{{count}} items","one":"{{count}} item","two":"{{count}} items","few":"{{count}} items","many":"{{count}} items","other":"{{count}} items"}},"accessibility-objItemOfN":"{{0}} of {{1}}","accessibility-banner":"banner","accessibility-complementary":"complementary","accessibility-contentinfo":"content info","accessibility-main":"main","accessibility-navigation":"navigation","accessibility-search":"search","accessibility-tblColumnInfo":{"_index":["plural","count"],"_":{"zero":"with {{count}} columns","one":"with {{count}} column","two":"with {{count}} columns","few":"with {{count}} columns","many":"with {{count}} columns","other":"with {{count}} columns"}},"accessibility-tblRowInfo":{"_index":["plural","count"],"_":{"zero":"and {{count}} rows","one":"and {{count}} row","two":"and {{count}} rows","few":"and {{count}} rows","many":"and {{count}} rows","other":"and {{count}} rows"}},"accessibility-columnInfo":"Column {{0}}","accessibility-rowInfo":"Row {{0}}","accessibility-spansColumns":{"_index":["plural","0"],"_":{"zero":"spans {{0}} columns","one":"spans {{0}} column","two":"spans {{0}} columns","few":"spans {{0}} columns","many":"spans {{0}} columns","other":"spans {{0}} columns"}},"accessibility-spansRows":{"_index":["plural","0"],"_":{"zero":"spans {{0}} rows","one":"spans {{0}} row","two":"spans {{0}} rows","few":"spans {{0}} rows","many":"spans {{0}} rows","other":"spans {{0}} rows"}},"accessibility-jumpAction":"jumped","accessibility-pressAction":"pressed","accessibility-checkAction":"checked","accessibility-uncheckAction":"unchecked","accessibility-selectAction":"selected","accessibility-unselectAction":"unselected","accessibility-openAction":"opened","accessibility-closeAction":"closed","accessibility-switchAction":"switched","accessibility-clickAction":"clicked","accessibility-collapseAction":"collapsed","accessibility-expandAction":"expanded","accessibility-activateAction":"activated","accessibility-cycleAction":"cycled","accessibility-hidden":"hidden","accessibility-tabLoading":"loading","accessibility-tabLoaded":"loaded","accessibility-tabNew":"new tab","accessibility-tabLoadStopped":"loading stopped","accessibility-tabReload":"reloading","accessibility-stateChecked":"checked","accessibility-stateNotChecked":"not checked","accessibility-statePressed":"pressed","accessibility-stateExpanded":"expanded","accessibility-stateCollapsed":"collapsed","accessibility-stateUnavailable":"unavailable","accessibility-stateRequired":"required","accessibility-stateTraversed":"visited","accessibility-stateHasPopup":"has pop up","accessibility-stateSelected":"selected","accessibility-editingMode":"editing","accessibility-navigationMode":"navigating","accessibility-quicknav_Simple":"Default","accessibility-quicknav_Anchor":"Anchors","accessibility-quicknav_Button":"Buttons","accessibility-quicknav_Combobox":"Combo boxes","accessibility-quicknav_Landmark":"Landmarks","accessibility-quicknav_Entry":"Entries","accessibility-quicknav_FormElement":"Form elements","accessibility-quicknav_Graphic":"Images","accessibility-quicknav_Heading":"Headings","accessibility-quicknav_ListItem":"List items","accessibility-quicknav_Link":"Links","accessibility-quicknav_List":"Lists","accessibility-quicknav_PageTab":"Page tabs","accessibility-quicknav_RadioButton":"Radio buttons","accessibility-quicknav_Separator":"Separators","accessibility-quicknav_Table":"Tables","accessibility-quicknav_Checkbox":"Check boxes","accessibility-menubarAbbr":"menu bar","accessibility-scrollbarAbbr":"scroll bar","accessibility-gripAbbr":"grip","accessibility-alertAbbr":"alert","accessibility-menupopupAbbr":"menu popup","accessibility-documentAbbr":"document","accessibility-paneAbbr":"pane","accessibility-dialogAbbr":"dialog","accessibility-separatorAbbr":"separator","accessibility-toolbarAbbr":"toolbar","accessibility-statusbarAbbr":"status bar","accessibility-tableAbbr":"tbl","accessibility-columnheaderAbbr":"column header","accessibility-rowheaderAbbr":"row header","accessibility-columnAbbr":"column","accessibility-rowAbbr":"row","accessibility-cellAbbr":"cell","accessibility-linkAbbr":"lnk","accessibility-listAbbr":"list","accessibility-listitemAbbr":"list item","accessibility-outlineAbbr":"outline","accessibility-outlineitemAbbr":"outline item","accessibility-pagetabAbbr":"tab","accessibility-propertypageAbbr":"property page","accessibility-graphicAbbr":"graphic","accessibility-pushbuttonAbbr":"btn","accessibility-checkbuttonAbbr":"check button","accessibility-radiobuttonAbbr":"radio button","accessibility-comboboxAbbr":"combo box","accessibility-progressbarAbbr":"progress bar","accessibility-sliderAbbr":"slider","accessibility-spinbuttonAbbr":"spin button","accessibility-diagramAbbr":"diagram","accessibility-animationAbbr":"animation","accessibility-equationAbbr":"equation","accessibility-buttonmenuAbbr":"button menu","accessibility-whitespaceAbbr":"white space","accessibility-pagetablistAbbr":"tab list","accessibility-canvasAbbr":"canvas","accessibility-checkmenuitemAbbr":"check menu item","accessibility-labelAbbr":"label","accessibility-passwordtextAbbr":"passwdtxt","accessibility-radiomenuitemAbbr":"radio menu item","accessibility-textcontainerAbbr":"text container","accessibility-togglebuttonAbbr":"toggle button","accessibility-treetableAbbr":"tree table","accessibility-headerAbbr":"header","accessibility-footerAbbr":"footer","accessibility-paragraphAbbr":"paragraph","accessibility-entryAbbr":"entry","accessibility-captionAbbr":"caption","accessibility-headingAbbr":"heading","accessibility-sectionAbbr":"section","accessibility-formAbbr":"form","accessibility-comboboxlistAbbr":"combo box list","accessibility-comboboxoptionAbbr":"combo box option","accessibility-imagemapAbbr":"imgmap","accessibility-listboxoptionAbbr":"option","accessibility-listboxAbbr":"list box","accessibility-flatequationAbbr":"flat equation","accessibility-gridcellAbbr":"gridcell","accessibility-noteAbbr":"note","accessibility-figureAbbr":"fig","accessibility-definitionlistAbbr":"definition list","accessibility-termAbbr":"term","accessibility-definitionAbbr":"definition","accessibility-textareaAbbr":"txtarea","accessibility-tblColumnInfoAbbr":{"_index":["plural","count"],"_":{"one":"{{count}}c","two":"{{count}}c","few":"{{count}}c","many":"{{count}}c","other":"{{count}}c"}},"accessibility-tblRowInfoAbbr":{"_index":["plural","count"],"_":{"one":"{{count}}r","two":"{{count}}r","few":"{{count}}r","many":"{{count}}r","other":"{{count}}r"}},"accessibility-cellInfoAbbr":"c{{0}}r{{1}}","accessibility-stateCheckedAbbr":"(x)","accessibility-stateUncheckedAbbr":"( )","accessibility-statePressedAbbr":"(x)","accessibility-stateUnpressedAbbr":"( )","ok":"确定","back":"后退","help":"帮助","cancel":"取消","close":"关闭","skip":"跳过","clear":{"ariaLabel":"Clear"},"undo":{"ariaLabel":"撤销"},"airplaneMode":"飞行模式","searching":"正在搜索…","noNetwork":"无网络","roaming":"{{operator}}（漫游）","operator-info":"{{carrier}} {{region}}","emergencyCallsOnly":"仅限紧急呼叫","emergencyCallsOnly-unknownSIMState":"（未知的SIM状态）","emergencyCallsOnly-noSIM":"（无 SIM 卡）","emergencyCallsOnly-pinRequired":"（需要 SIM PIN 密码）","emergencyCallsOnly-pukRequired":"（需要 SIM PUK 码）","emergencyCallsOnly-networkLocked":"（网络锁开启）","emergencyCallsOnly-serviceProviderLocked":"（服务提供者已锁定）","emergencyCallsOnly-corporateLocked":"（公司已锁定）","emergencyCallsOnly-network1Locked":"(网络1 已锁定)","emergencyCallsOnly-network2Locked":"(网络2 已锁定)","emergencyCallsOnly-hrpdNetworkLocked":"(HRPD 网络已锁定)","emergencyCallsOnly-ruimCorporateLocked":"（RUIM 公司被锁定）","emergencyCallsOnly-ruimServiceProviderLocked":"（RUIM 服务提供者被锁定）","enterPIN":"输入 PIN","mediaPlaybackTitle":{"ariaLabel":"标题"},"mediaPlaybackArtist":{"ariaLabel":"艺术家"},"mediaPlaybackControls":{"ariaLabel":"播放控制"},"mediaPlaybackPrevious":{"ariaLabel":"上一首"},"mediaPlaybackPlay":"播放","mediaPlaybackPause":"暂停","mediaPlaybackNext":{"ariaLabel":"下一首"},"wifiButton-on":"Wi-Fi 已开启","wifiButton-on-initializing":"Wi-Fi 已开启，初始化中","wifiButton-off":"Wi-Fi 已关闭","dataButton-on":"数据 {{type}} 已开启","dataButton-off":"数据 {{type}} 已关闭","bluetoothButton-on":"蓝牙已开启","bluetoothButton-on-initializing":"蓝牙已开启，初始化中","bluetoothButton-off":"蓝牙已关闭","airplaneMode-on":"飞行模式已开启","airplaneMode-off":"飞行模式已关闭","settingsButton":{"ariaLabel":"设置"},"utilityTrayGrippy":{"ariaLabel":"关闭工具托盘"},"statusbarLabel":"{{date}}，{{operator}}","statusbarDateFormat":"%b %e 日","statusbar":{"ariaLabel":"状态栏"},"statusbarBattery":"电量：{{level}}%","statusbarBatteryCharging":"电量：{{level}}% (充电中)","statusbarFlightMode":{"ariaLabel":"飞行模式已启动"},"statusbarWiFiConnecting":"Wi-Fi: 正在连接","statusbarWiFiConnected":"WiFi：{{level}}/4","statusbarSignal":"{{operator}}运营的网络，{{level}}/5","statusbarSignalRoaming":"{{operator}}运营的网络（漫游），{{level}}/5","statusbarSignalNoneSearching":"正在搜寻网络，仅限紧急呼叫。","statusbarHeadphones":{"ariaLabel":"耳机已打开"},"statusbarBluetoothHeadphones":{"ariaLabel":"蓝牙耳机已打开"},"statusbarBluetoothTransferring":{"ariaLabel":"蓝牙传输已启用"},"statusbarIconOn-tethering":"网络共享已打开","statusbarIconOnActive-tethering":"网络共享已打开，正在使用","statusbarAlarm":{"ariaLabel":"闹钟已打开"},"statusbarIconOn-bluetooth":"蓝牙已打开","statusbarIconOnActive-bluetooth":"蓝牙已打开，正在使用","statusbarIconOn-mute":"已静音","statusbarIconOn-vibration":"振动已打开","statusbarRecording":{"ariaLabel":"录音已打开"},"statusbarGeolocation":{"ariaLabel":"地理位置定位已打开"},"statusbarUsb":{"ariaLabel":"USB 已打开"},"statusbarForwarding":"呼叫转移已打开","statusbarPlaying":{"ariaLabel":"媒体播放"},"statusbarNfc":{"ariaLabel":"NFC 已打开"},"statusbarDownloads":{"ariaLabel":"正在下载…"},"statusbarNetworkActivity":{"ariaLabel":"网络已打开"},"statusbarEmergencyCBNotification":{"ariaLabel":"紧急呼叫"},"statusbarNotifications":{"_index":["plural","n"],"_":{"one":"{{n}}个通知","two":"{{n}}个通知","few":"{{n}}个通知","many":"{{n}}个通知","other":"{{n}}个通知"}},"statusbarNotifications-unread":{"_index":["plural","n"],"_":{"one":"{{n}}个未读通知","two":"{{n}}个未读通知","few":"{{n}}个未读通知","many":"{{n}}个未读通知","other":"{{n}}个未读通知"}},"notifications":"通知","clear-all":"全部清除","attentionScreen-tapToShow":"点击显示","newVoicemails":{"_index":["plural","n"],"_":{"zero":"没有新的语音邮件","one":"1 封新语音邮件","two":"{{n}} 封新语音邮件","few":"{{n}} 封新语音邮件","many":"{{n}} 封新语音邮件","other":"{{n}} 封新语音邮件"}},"newVoicemailsUnknown":"新语音邮件","dialNumber":"拨打 {{number}}","voicemailNotificationMultiSim":"(SIM {{n}}) {{title}}","confirmNFCConnectBTenabledNameUnknown":"您确定要连接该设备吗？","confirmNFCConnectBTdisabledNameUnknown":"打开蓝牙并连接该设备？","confirmNFCConnectBTenabledNameKnown":"您确定要连接到 {{deviceName}} 吗？","confirmNFCConnectBTdisabledNameKnown":"打开蓝牙并连接到 {{deviceName}}？","confirmNFCConnectBTdisabled":"打开","dismissNFCConnectBTdisabled":"取消","confirmation":"确认","deviceMenu":"手机","airplane":"打开飞行模式","airplaneOff":"关闭飞行模式","silent":"来电静音","normal":"来电响铃","restart":"重新启动","power":"关机","no-recent-apps":"没有最近的应用","yes":"是","no":"否","dontallow":"不允许","allow":"允许","dontshare-geolocation":"不分享","share-geolocation":"分享","dontshare-audio-capture":"不分享","share-audio-capture":"分享","dontshare-video-capture":"不分享","share-video-capture":"分享","dontshare-media-capture":"不分享","share-media-capture":"分享","device-front":"前置摄像头","device-back":"后退 Camera","remember-my-choice":"记住我的选择","more-info":"更多信息…","hide-info":"隐藏信息","install-app":"安装 {{name}}?","size":"大小","author":"作者","size-unknown":"未知","author-unknown":"未知","install":"安装","bytes":"字节","kB":"kB","MB":"MB","GB":"GB","TB":"TB","PB":"PB","app-install-generic-error":"“{{ appName }}”下载已停止","app-install-download-failed":"下载 {{ appName }} 失败","app-install-install-failed":"安装 {{ appName }} 失败","cancelling-will-not-refund":"取消不会导致退款。付费内容的退款由原始销售者提供。","apps-can-be-installed-later":"也可以以后再从最初的安装来源安装应用。","are-you-sure-you-want-to-cancel":"确定要取消此次安装吗？","cancel-install":"取消安装","cancel-install-button":"取消安装","resume":"继续","continue":"继续","stopDownloading":"要停止下载“{{ app }}”吗?","app-download-can-be-restarted":"以后可以重新开始下载。","app-download-stop-button":"停止下载","not-enough-space":"空间不足","not-enough-space-message":"没有足够的空间安装此应用。请通过删除旧的应用或媒体文件释放空间，然后再尝试从原始来源安装。","app-install-success":"{{ appName }} 已安装","setup":"设置","ime-addkeyboards":"添加键盘","later":"稍后","download":"下载","wantToDownload":"现在下载更新吗？","wantToInstall":"现在安装更新吗？","installNow":"立即安装","notNow":"暂不操作","downloadingUpdateMessage":{"innerHTML":"正在下载更新…<span>已下载 {{ progress }}。</span>"},"downloadingAppMessage":"正在下载“{{ appName }}”","downloadingAppProgressNoMax":"已下载 {{ progress }}","downloadingAppProgressIndeterminate":"正在下载","downloadingAppProgress":"已下载 {{ progress }} / {{ max }}","cancelAllDownloads":"取消所有下载","wantToCancelAll":"确定要取消所有下载吗？","downloadError":"下载更新时发生错误。","updateAvailableInfo":{"innerHTML":{"_index":["plural","n"],"_":{"one":"{{ n }} 个可用更新。<span>点按查看更多信息。</span>","two":"{{ n }} 个可用更新。<span>点按查看更多信息。</span>","few":"{{ n }} 个可用更新。<span>点按查看更多信息。</span>","many":"{{ n }} 个可用更新。<span>点按查看更多信息。</span>","other":"{{ n }} 个可用更新。<span>点按查看更多信息。</span>"}}},"numberOfUpdates":{"_index":["plural","n"],"_":{"one":"{{ n }} 个可用更新","two":"{{ n }} 个可用更新","few":"{{ n }} 个可用更新","many":"{{ n }} 个可用更新","other":"{{ n }} 个可用更新"}},"systemUpdate":"系统更新","systemUpdateReady":"系统更新已就绪","systemUpdateLowBatteryThreshold":"You need at least {{ threshold }}% battery level to install the update.","required":"必需","uncompressingMessage":{"innerHTML":"正在解压缩… <span>这可能需要花费几分钟。</span>"},"downloadNoWifiWarning":"Wi-Fi 不可用。通过当前连接进行更新可能会产生额外费用。","downloadOfflineWarning":"连接不可用。连接到网络以下载更新。","downloadDataConnectionWarning":"Wi-Fi不可用时更新通过数据连接下载。数据可能被收取附加费用。","downloadUpdatesViaDataConnection":"通过数据连接下载更新？","downloadUpdatesViaDataConnectionMessage":"Wi-Fi 不可用时通过数据连接下载更新。使用数据连接时，电话可能被阻塞且数据可能被收取附加费用。","downloadUpdatesVia2GForbidden2":"Downloading updates is not possible on slow connections (2G). Please connect via Wi-Fi or 3G (if available) and try again.","screenshotSaved":"屏幕截图已保存到相册","screenshotFailed":"屏幕截图无法保存","screenshotNoSDCard":"没有找到存储卡","screenshotSDCardInUse":"存储卡正在使用中","screenshotSDCardLow":"存储卡空间不足","emergency-call-button":"紧急呼叫","emergency-call":"紧急呼叫","unlock-a11y-button":{"ariaLabel":"解锁"},"camera-a11y-button":{"ariaLabel":"相机"},"longDateFormat":"%B %e 日 %A","panel-passcode":{"ariaLabel":"密码面板"},"lockscreen-sim-id":"SIM {{ n }}","softwareHomeButton":{"ariaLabel":"住宅"},"login":"登录","username":"用户名","password":"密码","http-authentication-message":"“{{host}}”要求提供用户名与密码。该网站说：“{{realm}}”","error-message":"“{{name}}”未能正常载入","error-title":"“{{name}}”存在问题","airplane-is-on":"飞行模式打开","airplane-is-turned-on":"“{{name}}”需要网络连接。请在“设置”中关闭飞行模式并连接到 Wi-Fi 或移动数据网络。","server-not-found":"找不到服务器","server-not-found-error":"无法找到服务器 {{name}}。","file-not-found":"未找到文件","file-not-found-error":"因无法找到文件，设备无法显示此页面。","connection-failed":"无法连接","connection-failed-error":"尝试连接此站点时遇到网络错误。","invalid-connection":"无法连接","invalid-connection-error":"尝试连接此站点时遇到网络错误。","malformed-uri":"网址无效","malformed-uri-error":"输入的网址无效而无法加载。","redirect-loop":"无法显示页面","redirect-loop-error":"因为该页面进行不正确地重定向，设备无法显示此页面。请以后再尝试此页面。","not-cached":"页面已过期","not-cached-error":"由于它已过期，为安全起见，设备不能显示此页面。","is-printing-error":"正在打印或者打印预览时文档无法修改。","denied-port-access":"此地址访问受限","denied-port-access-error":"此地址使用了一个通常用于网络浏览以外目的的端口。为了保护您的安全，设备取消了该请求。","proxy-resolve-failure":"代理服务器错误","proxy-resolve-failure-error":"无法找到此设备配置使用的代理服务器。","proxy-connect-failure":"代理服务器错误","proxy-connect-failure-error":"此设备配置使用的代理服务器拒绝连接。","content-encoding":"无法显示页面","content-encoding-error":"发生内容编码错误，设备无法显示此页面。","remote-xul":"页面不支持","remote-xul-error":"此页面使用了此设备不支持的一项技术，因而无法显示。","phishing-blocked":"警告","phishing-blocked-error":"此网站已被举报为是一个诱骗用户透露个人或财务信息的钓鱼网站。","malware-blocked":"恶意攻击已阻挡","malware-blocked-error":"此网站已被举报为是一个攻击性网站，现已被阻止。","unsafe-content-type":"不安全的内容","unsafe-content-type-error":"此页面因不是安全地打开而无法显示。","corrupted-content":"无法显示页面","corrupted-content-error":"因检测到数据传输错误，无法显示此页面。","network-connection-unavailable":"网络连接不可用","network-error":"“{{name}}”需要网络连接。请尝试连接到 Wi-Fi 或者移动数据网络。","network-error-launching":"{{name}} 需要互联网连接。","network-error-in-app":"现在没有连接到互联网。","unable-to-connect":"无法连接","try-again":"重试","check-settings":"检查设置","tap-to-check-settings":"点击检查设置","select-time":"选择时间","choose-option":"选择","choose-options":"选择","select-day":"选择日期","battery-almost-empty":"极低电量","add-to-home-screen":"添加到主屏幕","share":"分享","crash-dialog2-os":"{{brandShortName}} 刚刚从崩溃中恢复","crash-dialog-app":"“{{name}}”刚刚崩溃了","crash-dialog-message":"你是否愿意向 Mozilla 发送关于本次崩溃的报告以帮助我们修复问题？（报告仅通过 Wi-Fi 发送。）","crash-info-link":"崩溃报告里有什么内容？","crash-always-report":"发生崩溃时总是向 Mozilla 发送报告。","crash-dont-send":"不发送","crash-end":"发送报告","crashReports":"崩溃报告","done":"完成","crash-reports-description-1":"崩溃报告包含关于崩溃及您的设备的一些详细信息，相当于崩溃发生时您的设备的状态快照。","crash-reports-description-2":"这份报告可能包含像打开的页面和应用、输入到表单的文本和打开的信息的内容、最近的浏览历史记录或是打开的应用程序使用的地理位置定位信息等内容。","crash-reports-description-3-start":"我们使用崩溃报告尝试修复问题和改进我们的产品，我们处理您提交的信息时会遵照我们的","crash-reports-description-3-privacy":"隐私政策","crash-reports-description-3-end":"。","crash-banner-os2":"{{brandShortName}} 刚刚崩溃了。","crash-banner-app":"{{name}} 刚刚崩溃了。","crash-banner-report":"报告","bluetooth-sending-progress":"正在发送蓝牙传输…","bluetooth-receiving-progress":"正在接收蓝牙传输…","acceptFileTransfer":"要接受蓝牙文件传输吗？","wantToReceiveFile":"{{deviceName}} 想要传输 {{fileName}} ({{fileSize}})。","transfer-confirmation-title":"接收文件？","transfer-confirmation-description":"从另一个设备接收文件","byteUnit-B":"字节","byteUnit-KB":"KB","byteUnit-MB":"MB","byteUnit-GB":"GB","byteUnit-TB":"TB","byteUnit-PB":"PB","byteUnit-EB":"EB","byteUnit-ZB":"ZB","byteUnit-YB":"YB","fileSize":"{{size}} {{unit}}","deny":"拒绝","transfer":"传输","cancelFileTransfer":"要取消蓝牙文件传输吗？","continueFileTransfer":"继续","transfer-has-started-title":"传输已开始","transfer-has-started-description":"请在通知中心查看进度","transferFinished-sentSuccessful-title":"文件已发送","transferFinished-receivedSuccessful-title":"文件已接收","transferFinished-sentFailed-title":"文件无法发送","transferFinished-receivedFailed-title":"文件无法接收","transferReport-title":"传输报告：","transferReport-description":"{{numSuccessful}} 个文件成功，{{numUnsuccessful}} 个文件失败","unknown-file":"未知文件","unknown-device":"未知设备","cannotOpenFile":"无法打开接收的文件","unknownMediaTypeToOpen":"无法打开未知的媒体类型：","cannotReceiveFile":"无法接收文件","cannotGetStorageState":"无法获取设备存储状态","sdcard-not-exist2":"没有找到存储卡。请插入一个存储卡。","sdcard-in-use":"手机处于插接状态时不能使用蓝牙。请拔出手机以接收文件。","sdcard-no-space2":"无法完成传输：存储卡已满。","unknown-error":"未知错误","confirm":"确认","microphone-is-on":"麦克风已打开","camera-is-on":"摄像头已打开","media-is-on":"摄像头和麦克风已打开","noSimCard":"无 SIM 卡","simPin":"SIM 卡 PIN","pukCode":"PUK 码","nckCode":"NCK 码","cckCode":"CCK码","spckCode":"SPCK码","nck1code":"NCK1 码","nck2code":"NCK2 码","hnckcode":"HNCK 码","rcckcode":"RCCK 码","rspckcode":"RSPCK 码","whatIsSimPin":"SIM 卡 PIN 是什么？","simPinIntro1":"SIM 卡 PIN 可以防止对 SIM 卡蜂窝数据网络的非授权访问。当它被启用时，任何装有该 SIM 卡的设备在重新启动后都将被要求提供 PIN。","simPinIntro2":"SIM 卡 PIN 与用于解锁设备的密码是不同的。","changeSimPin":"更改 PIN","pinTitle":"输入 SIM 卡 PIN","multiSIMpinTitle":"请输入 SIM {{n}} PIN","pukTitle":"输入 PUK 码","nckTitle":"输入 NCK 码","cckTitle":"请输入CCK码","spckTitle":"请输入SPCK码","nck1Title":"请输入 NCK1 码","nck2Title":"请输入 NCK2 码","hnckTitle":"请输入 HNCK 码","rcckTitle":"请输入 RCCK 码","rspckTitle":"请输入 RSPCK 码","newpinTitle":"新 PIN","inputCodeRetriesLeft":{"_index":["plural","n"],"_":{"one":"最后一次尝试。","two":"还有 {{n}} 次机会。","few":"还有 {{n}} 次机会。","many":"还有 {{n}} 次机会。","other":"还有 {{n}} 次机会。"}},"pinErrorMsg":"PIN 错误。","pinAttemptMsg2":{"_index":["plural","n"],"_":{"one":"最后一次机会。","two":"还有 {{n}} 次机会。","few":"还有 {{n}} 次机会。","many":"还有 {{n}} 次机会。","other":"还有 {{n}} 次机会。"}},"pinLastChanceMsg":"这是您最后一次机会来输入正确的 PIN。如果您输入了错误的 PIN，您将必须输入 PUK 码才能使用此 SIM 卡。","simCardLockedMsg":"SIM 卡已被锁定。","enterPukMsg":"您必须为此 SIM 卡输入个人解锁密钥（PUK）。请查阅您的 SIM 卡说明书或联系您的运营商以了解详细信息。","pukErrorMsg":"PUK 码错误。","pukAttemptMsg2":{"_index":["plural","n"],"_":{"one":"如果再次输入错误的代码，这个 SIM 卡将会永久失效。参阅你的 SIM 卡手册或者联系你的运营商了解更多信息。","two":"在您的 SIM 卡被永久锁定前您还有 {{n}} 次机会来输入正确的 PUK 码。请查阅您的 SIM 卡说明书或联系您的运营商以了解详细信息。","few":"在您的 SIM 卡被永久锁定前您还有 {{n}} 次机会来输入正确的 PUK 码。请查阅您的 SIM 卡说明书或联系您的运营商以了解详细信息。","many":"在您的 SIM 卡被永久锁定前您还有 {{n}} 次机会来输入正确的 PUK 码。请查阅您的 SIM 卡说明书或联系您的运营商以了解详细信息。","other":"在您的 SIM 卡被永久锁定前您还有 {{n}} 次机会来输入正确的 PUK 码。请查阅您的 SIM 卡说明书或联系您的运营商以了解详细信息。"}},"pukLastChanceMsg":"这是您最后一次机会来输入正确的 PUK 码。如果您输入了错误的 PUK 码，您的 SIM 卡将被永久锁定。请查阅您的 SIM 卡说明书或联系您的运营商以了解详细信息。","newSimPinMsg":"创建 PIN（4 至 8 位数字）","confirmNewSimPinMsg":"确认新 PIN","newPinErrorMsg":"PIN 不匹配。","nckErrorMsg":"NCK 码不正确。","nckAttemptMsg2":{"_index":["plural","n"],"_":{"one":"网络解锁请求失败。你还有一次机会输入正确的代码。参阅你的设备文档或者联系你的运营商了解更多信息。","two":"网络解锁请求失败。你还有 {{n}} 次机会可以尝试输入正确代码。参看你的设备文档或者联系你的运营商获取更多信息。","few":"网络解锁请求失败。你还有 {{n}} 次机会可以尝试输入正确代码。参看你的设备文档或者联系你的运营商获取更多信息。","many":"网络解锁请求失败。你还有 {{n}} 次机会可以尝试输入正确代码。参看你的设备文档或者联系你的运营商获取更多信息。","other":"网络解锁请求失败。你还有 {{n}} 次机会可以尝试输入正确代码。参看你的设备文档或者联系你的运营商获取更多信息。"}},"nckLastChanceMsg":"网络解锁请求失败。还有最后一次机会可以输入 NCK 码。参考你的设备文档或者联系你的运营商获取更多信息。","activity-pick":"选择来源：","activity-view":"查看方式：","activity-test":"测试方式：","activity-share":"分享方式：","activity-new":"创建方式：","activity-open":"打开方式：","activity-save-bookmark":"书签添加到：","activity-record":"录音来源：","activity-browse":"浏览方式：","activity-configure":"配置方式：","activity-dial":"拨号来源：","persona-signin":"登录","payment-flow":"购买","remoteDebuggerMessage":"检测到一个远程调试的连接请求，允许连接？","fullscreen-request":"{{origin}} 现在全屏显示。","captive-wifi-available":"发现 {{networkName}} 网络。加入网络？","ceWarningtitle":"音量警告","ceWarningcontent":"为了避免可能的听力损伤，请勿在高音量下长时间倾听。","notification-powersaving-mode-on-title":"省电模式","notification-powersaving-mode-on-description":"省电模式已打开。","low-device-storage":"设备空间紧缺。\\n","free-space":{"_index":["plural","value"],"_":{"zero":"没有剩余的可用空间。","one":"剩余空间少于 {{value}} {{unit}}。","two":"剩余空间少于 {{value}} {{unit}}。","few":"剩余空间少于 {{value}} {{unit}}。","many":"剩余空间少于 {{value}} {{unit}}。","other":"剩余空间少于 {{value}} {{unit}}。"}},"unknown-free-space":"剩余空间未知。","system-alert":"系统警报","cb-channel":"频道 {{channel}}","cb-etws-warningType-earthquake":"地震警报！","cb-etws-warningType-tsunami":"海啸警报！","cb-etws-warningType-earthquake-tsunami":"地震-海啸警报！","cb-etws-warningType-test":"正在测试告警系统。","cb-etws-warningType-other":"紧急警报！","icc-message-maintitle":"Operator message","icc-message-subtitle":"SIM {{id}}","icc-confirmCall-defaultmessage":"呼叫{{number}}？","icc-alertMessage-defaultmessage":"正在发送信息","icc-confirmMessage-defaultmessage":"发送信息？","icc-inputbox-maintitle":"STK Query","icc-inputbox-subtitle":"SIM {{id}}","emergency-callback-mode":"紧急回拨模式","emergency-callback-message":"因为紧急呼叫模式已打开，您不能拨叫电话、发送短信或上网。您要关闭紧急呼叫模式吗？","cdma-record-info":"CDMA 记录信息","ime-switching-title":"{{appName}}：{{name}}","ime-switching-tip":"轻触即可切换输入法","shrinking-tip":"滑动分享","download_started":"下载已开始","download_stopped":"下载已停止","download_downloading":"正在下载…","download_succeeded":"下载完成","download_failed":"下载失败","download_text_by_default":"{{name}}","download_downloading_text_2":"{{percentage}}% - {{name}}","search-or-enter-address":{"_":"搜索或输入网址","placeholder":"搜索或输入网址"},"noSIMCardInHotspot":"SIM 卡缺失或插入不正确，因此热点已关闭","noHopspotWhenAPMisOn":"关闭飞行模式以使用 WI-FI 热点","apmActivated":"飞行模式已开启","open-in-new-tab":"在新标签页中打开链接","add-link-to-home-screen":"添加链接到主屏幕","share-link":"分享链接","save-image":"保存图像","save-video":"保存视频","save-audio":"保存音频","save-link":"Save linked file","share-image":"Share Image","share-video":"Share Video","share-audio":"Share Audio","weekday-0-long":"星期日","weekday-1-long":"星期一","weekday-2-long":"星期二","weekday-3-long":"星期三","weekday-4-long":"星期四","weekday-5-long":"星期五","weekday-6-long":"星期六","weekday-0-short":"周日","weekday-1-short":"周一","weekday-2-short":"周二","weekday-3-short":"周三","weekday-4-short":"周四","weekday-5-short":"周五","weekday-6-short":"周六","month-0-long":"1 月","month-1-long":"2 月","month-2-long":"3 月","month-3-long":"4 月","month-4-long":"5 月","month-5-long":"6 月","month-6-long":"7 月","month-7-long":"8 月","month-8-long":"9 月","month-9-long":"10 月","month-10-long":"11 月","month-11-long":"12 月","month-0-genitive":"一月","month-1-genitive":"二月","month-2-genitive":"三月","month-3-genitive":"四月","month-4-genitive":"五月","month-5-genitive":"六月","month-6-genitive":"七月","month-7-genitive":"八月","month-8-genitive":"九月","month-9-genitive":"十月","month-10-genitive":"十一月","month-11-genitive":"十二月","month-0-short":"1 月","month-1-short":"2 月","month-2-short":"3 月","month-3-short":"4 月","month-4-short":"5 月","month-5-short":"6 月","month-6-short":"7 月","month-7-short":"8 月","month-8-short":"9 月","month-9-short":"10 月","month-10-short":"11 月","month-11-short":"12 月","minutes-ago-long":{"_index":["plural","value"],"_":{"zero":"刚才","one":"1 分钟前","two":"{{ value }} 分钟前","few":"{{ value }} 分钟前","many":"{{ value }} 分钟前","other":"{{ value }} 分钟前"}},"hours-ago-long":{"_index":["plural","value"],"_":{"zero":"刚才","one":"1 小时前","two":"{{ value }} 小时前","few":"{{ value }} 小时前","many":"{{ value }} 小时前","other":"{{ value }} 小时前"}},"days-ago-long":{"_index":["plural","value"],"_":{"zero":"今天","one":"昨天","two":"{{value}} 天前","few":"{{value}} 天前","many":"{{value}} 天前","other":"{{value}} 天前"}},"weeks-ago-long":{"_index":["plural","value"],"_":{"zero":"本周","one":"上周","two":"{{value}} 周前","few":"{{value}} 周前","many":"{{value}} 周前","other":"{{value}} 周前"}},"months-ago-long":{"_index":["plural","value"],"_":{"zero":"本月","one":"上月","two":"{{value}} 个月前","few":"{{value}} 个月前","many":"{{value}} 个月前","other":"{{value}} 个月前"}},"years-ago-long":{"_index":["plural","value"],"_":{"zero":"今年","one":"去年","two":"{{value}} 年前","few":"{{value}} 年前","many":"{{value}} 年前","other":"{{value}} 年前"}},"minutes-until-long":{"_index":["plural","value"],"_":{"zero":"现在","one":"1 分钟内","two":"剩{{value}}分钟","few":"剩{{value}}分钟","many":"剩{{value}}分钟","other":"剩{{value}}分钟"}},"hours-until-long":{"_index":["plural","value"],"_":{"zero":"现在","one":"1 小时内","two":"剩{{value}}小时","few":"剩{{value}}小时","many":"剩{{value}}小时","other":"剩{{value}}小时"}},"days-until-long":{"_index":["plural","value"],"_":{"zero":"今天","one":"明天","two":"剩{{value}}天","few":"剩{{value}}天","many":"剩{{value}}天","other":"剩{{value}}天"}},"weeks-until-long":{"_index":["plural","value"],"_":{"zero":"本周","one":"下周","two":"剩{{value}}周","few":"剩{{value}}周","many":"剩{{value}}周","other":"剩{{value}}周"}},"months-until-long":{"_index":["plural","value"],"_":{"zero":"本月","one":"下月","two":"剩{{value}}个月","few":"剩{{value}}个月","many":"剩{{value}}个月","other":"剩{{value}}个月"}},"years-until-long":{"_index":["plural","value"],"_":{"zero":"今年","one":"明年","two":"剩{{value}}年","few":"剩{{value}}年","many":"剩{{value}}年","other":"剩{{value}}年"}},"minutes-ago-short":{"_index":["plural","value"],"_":{"zero":"刚才","other":"{{value}} 分钟前"}},"hours-ago-short":{"_index":["plural","value"],"_":{"zero":"刚才","other":"{{value}}小时前"}},"days-ago-short":{"_index":["plural","value"],"_":{"zero":"今天","other":"{{value}} 天前"}},"minutes-until-short":{"_index":["plural","value"],"_":{"zero":"现在","other":"剩{{value}}分钟"}},"hours-until-short":{"_index":["plural","value"],"_":{"zero":"现在","other":"剩{{value}}小时"}},"days-until-short":{"_index":["plural","value"],"_":{"zero":"今天","other":"剩{{value}}天"}},"incorrectDate":"（日期不正确）","dateTimeFormat_%c":"%Y 年 %b %e 日 %a %H:%M:%S","dateTimeFormat_%x":"%Y/%m/%d","dateTimeFormat_%X":"%H:%M:%S","shortTimeFormat":"%H:%M","shortDateTimeFormat":"%x %H:%M","weekStartsOnMonday":"0","time_am":"上午","time_pm":"下午","title-app":"应用权限","title-web":"网站权限","title-cam":"选择摄像头","perm-contacts":"联系人","perm-contacts-appRequest":"{{app}} 想要访问你的联系人列表。","perm-contacts-webRequest":"{{site}} 想要访问你的联系人。","perm-desktop-notification":"通知","perm-desktop-notification-appRequest":"{{app}} 想要显示通知。","perm-desktop-notification-webRequest":"{{site}} 想要显示通知。","perm-device-storage-music":"音乐存储","perm-device-storage-music-appRequest":"{{app}} 想要访问你的音乐。","perm-device-storage-music-webRequest":"{{site}} 想要访问你的音乐。","perm-device-storage-pictures":"图片存储","perm-device-storage-pictures-appRequest":"{{app}} 想要访问你的照片。","perm-device-storage-pictures-webRequest":"{{site}} 想要访问你的照片。","perm-device-storage-sdcard":"存储卡存储","perm-device-storage-sdcard-appRequest":"{{app}} 想要访问你的存储卡。","perm-device-storage-sdcard-webRequest":"{{site}} 想要访问的存储卡。","perm-device-storage-videos":"视频存储","perm-device-storage-videos-appRequest":"{{app}} 想要访问你的视频。","perm-device-storage-videos-webRequest":"{{site}} 想要访问你的视频。","perm-fmradio":"调频收音机","perm-fmradio-appRequest":"{{app}} 想要使用你的调频收音机。","perm-fmradio-webRequest":"{{site}} 想要使用调频收音机。","perm-geolocation":"地理位置定位","perm-geolocation-appRequest":"{{app}} 想要获取你的位置。","perm-geolocation-webRequest":"{{site}} 想要获取你的位置。","perm-geolocation-more-info":"{{brandShortName}} 使用诸如 GPS、Wi-Fi 以及您附近的移动网络帮助测定您的地理位置。数据将发送到 Mozilla 及其他服务提供商，并将用作改善这些地理位置数据库。数据可能被存储在您的设备上，以及可能在没有应用在运行时收集数据。","perm-video-capture":"相机","perm-video-capture-appRequest":"您想要与 {{app}} 分享您的相机吗？","perm-video-capture-webRequest":"您想要与 {{site}} 分享您的相机吗？","perm-audio-capture":"麦克风","perm-audio-capture-appRequest":"您想要与 {{app}} 分享您的麦克风吗？","perm-audio-capture-webRequest":"您想要与 {{site}} 分享您的麦克风吗？","perm-media-capture":"相机与麦克风","perm-media-capture-appRequest":"您想要与 {{app}} 分享您的相机和麦克风吗？","perm-media-capture-webRequest":"您想要与 {{site}} 分享您的相机和麦克风吗？","perm-camera-selector-appRequest":"选择 {{app}} 使用的摄像头。","perm-camera-selector-webRequest":"选择 {{site}} 使用的摄像头。","perm-mobileid":"移动身份识别","stopped_download_title":"下载已停止","stopped_download_message":"下载已停止。尝试继续下载吗？","stopped_download_left_button":"取消","stopped_download_right_button":"重试","failed_download_title":"下载失败","failed_download_message":"下载 {{name}} 失败。再次尝试吗？","failed_download_left_button":"取消","failed_download_right_button":"重试","stop_download_title":"停止下载","stop_download_message":"你确定要停止这个下载吗？","stop_download_left_button":"否","stop_download_right_button":"是","delete_download_title":"删除","delete_download_message":"删除 {{name}}？","delete_download_left_button":"取消","delete_download_right_button":"删除","delete_all_download_title":"删除","delete_all_download_left_button":"取消","delete_all_download_right_button":"删除","delete_all_download_message":{"_index":["plural","number"],"_":{"zero":"不删除文件？","one":"删除一个文件？","two":"删除 {{number}} 个文件？","few":"删除 {{number}} 个文件？","many":"删除 {{number}} 个文件？","other":"删除 {{number}} 个文件？"}},"unsupported_file_type_download_title":"无法打开","unsupported_file_type_download_message":"还没有应用可以打开 {{name}}。你想保存或删除该文件吗？","unsupported_file_type_download_left_button":"保留文件","unsupported_file_type_download_right_button":"删除","file_not_found_download_title":"未找到文件","file_not_found_download_message":"未能在设备上找到此文件","file_not_found_download_right_button":"确定","unmounted_sdcard_2_download_title":"存储卡使用中","unmounted_sdcard_2_download_message":"拔出手机","unmounted_sdcard_2_download_right_button":"确定","no_provider_download_title":"无法分享","no_provider_download_message":"未找到提供者","no_provider_download_right_button":"确定","no_memory_download_title":"SD 卡已满","no_memory_download_message":"您的 SD 卡没有更多闲置空间保存您的下载。请在再次尝试下载前删除一些文件。","no_memory_download_right_button":"确定","no_sdcard_found_2_download_title":"没有找到存储卡","no_sdcard_found_2_download_message":"请插入一个存储卡，或者在设置中选择一个替代的默认媒体位置","no_sdcard_found_2_download_right_button":"确定","file_open_error_download_title":"无法打开","file_open_error_download_message":"打开 {{name}} 时遇到问题。你想保存或删除该文件吗？","file_open_error_download_left_button":"保留文件","file_open_error_download_right_button":"删除","restart_download_error":"重新开始该下载时遇到错误。请尝试重新下载。","no-downloads":"没有下载项","percentage":"{{percentage}} %","partialResult":"{{partial}} / {{total}}","summary":"{{date}} - {{status}}","download-stopped":"已停止","download-failed":"下载失败","open_downloaded_file":"打开","share_downloaded_file":"分享","wallpaper_downloaded_file":"设置为壁纸","ringtone_downloaded_file":"设为铃声","cancel_downloaded_file":"取消","voicemailNoNumberTitle":"语音信箱号码不可用","voicemailNoNumberText":"无法拨叫语音信箱。设置语音信箱号码以放置呼叫。","voicemailNoNumberSettings":"设置","voicemailNoNumberCancel":"取消","resend":"重新发送","connecting":"正在连接","verify":"验证","verifying":"正在验证","verified":"已验证","mobileIDExplanation":"{{app_name}} 想要获知并验证您的电话号码。请选择一个您想要分享的号码，或者输入一个号码。","verificationCodeExplanation":"我们已经发送代码到 {{phone_number}}。我们将尝试自动拾取它，但如果您并未正在使用这个设备，您就必须手动输入该代码。","successMessage":"很好！您的号码 {{phone_number}} 已经验证，并且现在将提供给 {{app_name}}。","serverErrorMessage":"验证服务器此时不可用。请检查您的互联网连接、尝试重试，或者等待几分钟再试。","timeoutErrorMessage":"您的验证码似乎有点问题。让我们再试一次！","errorTitle":"移动电话身份","addPhoneNumber":"或者添加您的电话号码","selectPhoneNumber":"或者从该列表中选择一个电话号码"}