{"firefox-accounts-title":"Firefox 帳號","fxa-next":"下一步","fxa-back":"上一步","fxa-done":"完成","fxa-ok":"確定","fxa-connection-error-title":"無法連線","fxa-connection-error-message":"您可以於設定畫面中註冊帳號或登入。","fxa-reset-password-error-title":"重設密碼","fxa-reset-password-error-message":"您可以於設定畫面中重設密碼。","fxa-coppa-failure-error-title":"無法註冊帳號","fxa-coppa-failure-error-message":"您必須符合年齡條件才能註冊 Firefox 帳號。{{learnmore}}","fxa-learn-more":"詳細資訊","fxa-offline-error-title":"無法連線","fxa-offline-error-message":"請於設定畫面中連線至網路。","fxa-invalid-email-title":"錯誤","fxa-invalid-email-message":"請輸入有效的電子郵件地址。","fxa-invalid-password-title":"密碼不正確","fxa-invalid-password-message":"請檢查您輸入的密碼，並再試一次。","fxa-unknown-error-title":"無法連線","fxa-unknown-error-message":"系統無法使用，請稍後再試一次。","fxa-connecting":"連線中","fxa-enter-email-input":{"placeholder":"輸入您的電子郵件地址"},"fxa-use-email-to-sign-in":"使用您的電子郵件地址註冊帳號或登入。","fxa-notice":"若繼續，代表我同意 Firefox 雲端服務的 {{tos}} 與 {{pn}}。","fxa-tos":"服務條款","fxa-pn":"隱私權保護政策","fxa-create-password-title":"建立密碼","fxa-enter-password-title":"輸入您的密碼","fxa-hello-user":"嗨，{{email}}","fxa-password-refresh":"請輸入您的 Firefox 帳號密碼以繼續。","fxa-password":{"placeholder":"密碼"},"fxa-forgot-your-password":"忘記密碼了？","fxa-show-password":"顯示密碼","fxa-password-length-requirement":"您的密碼必須至少要有 8 個英數字元長。","fxa-success":"成功！","fxa-ready-to-go":"您的 Firefox Account 已經可以使用了！","fxa-use-features":"您現在就可以使用 Find My Device 或 Firefox Marketplace 上的應用程式等功能。","fxa-access-manage-account-settings":"未來您將可以在設定畫面中存取並管理您的帳號。","fxa-confirm-account":"確認您的帳號","fxa-will-send-email":"我們將寄信到: {{email}}","fxa-signup-click-verification-link-in-email":"您下次收信時，請點即帳戶驗證信當中的驗證鏈結來確認您的 Firefox 帳號。","fxa-age-verification":"年齡驗證","fxa-age-1990-earlier":"1990 年或更早","fxa-year-of-birth":"出生年","brandShortName":"B2G OS","browserBrandShortName":"網頁瀏覽器","browserBrandFullName":"Mozilla 網頁瀏覽器","accessibility-enableScreenReaderSteps":"要啟用螢幕閱讀器，請按增加音量，然後按降低音量按鈕三次","accessibility-disableScreenReaderSteps":"要停用螢幕閱讀器，請按增加音量，然後按降低音量按鈕三次","accessibility-screenReaderStarted":"已啟動螢幕閱讀器","accessibility-screenReaderStopped":"已停止螢幕閱讀器","accessibility-menubar":"選單列","accessibility-scrollbar":"捲動列","accessibility-grip":"尺寸調整框","accessibility-alert":"警告","accessibility-menupopup":"彈出選單","accessibility-document":"文件","accessibility-pane":"窗格","accessibility-dialog":"對話框","accessibility-separator":"分隔線","accessibility-toolbar":"工具列","accessibility-statusbar":"狀態列","accessibility-table":"表格","accessibility-columnheader":"欄標題","accessibility-rowheader":"行標題","accessibility-column":"欄","accessibility-row":"行","accessibility-cell":"格子","accessibility-link":"鏈結","accessibility-list":"清單","accessibility-listitem":"清單項目","accessibility-outline":"大綱","accessibility-outlineitem":"大綱項目","accessibility-pagetab":"頁面導覽標籤","accessibility-propertypage":"屬性頁面","accessibility-graphic":"圖形","accessibility-pushbutton":"按鈕","accessibility-checkbutton":"多選按鈕","accessibility-radiobutton":"單選按鈕","accessibility-combobox":"下拉選單","accessibility-progressbar":"進度列","accessibility-slider":"滾動條","accessibility-spinbutton":"旋轉按鈕","accessibility-diagram":"圖表","accessibility-animation":"動畫","accessibility-equation":"方程式","accessibility-buttonmenu":"按鈕選單","accessibility-whitespace":"空白","accessibility-pagetablist":"導覽標籤清單","accessibility-canvas":"畫布","accessibility-checkmenuitem":"複選清單項目","accessibility-label":"標籤","accessibility-passwordtext":"密碼文字","accessibility-radiomenuitem":"單選清單項目","accessibility-textcontainer":"文字容器","accessibility-togglebutton":"開關按鈕","accessibility-treetable":"樹狀表格","accessibility-header":"檔頭","accessibility-footer":"檔尾","accessibility-paragraph":"段落","accessibility-entry":"項目","accessibility-caption":"表格標題","accessibility-heading":"標題","accessibility-section":"區段","accessibility-form":"表單","accessibility-comboboxlist":"複選下拉清單","accessibility-comboboxoption":"複選下拉清單項目","accessibility-imagemap":"影像地圖","accessibility-listboxoption":"下拉選單項目","accessibility-listbox":"下拉選單","accessibility-flatequation":"方程式","accessibility-gridcell":"網格欄位","accessibility-note":"注意","accessibility-figure":"圖片","accessibility-definitionlist":"定義清單","accessibility-term":"詞彙","accessibility-definition":"定義","accessibility-textarea":"文字區域","accessibility-textInputType_date":"日期","accessibility-textInputType_email":"電子郵件","accessibility-textInputType_search":"搜尋","accessibility-textInputType_tel":"電話號碼","accessibility-textInputType_url":"網址","accessibility-headingLevel":"標題等級 {{0}}","accessibility-listStart":"第一個項目","accessibility-listEnd":"最後一個項目","accessibility-listItemsCount":{"_index":["plural","count"],"_":{"zero":"{{count}} 個項目","one":"{{count}} 個項目","two":"{{count}} 個項目","few":"{{count}} 個項目","many":"{{count}} 個項目","other":"{{count}} 個項目"}},"accessibility-objItemOfN":"第 {{0}} 個，共 {{0}} 個","accessibility-banner":"橫幅","accessibility-complementary":"補充","accessibility-contentinfo":"內容資訊","accessibility-main":"主要","accessibility-navigation":"導覽","accessibility-search":"搜尋","accessibility-tblColumnInfo":{"_index":["plural","count"],"_":{"zero":"包含 {{count}} 欄","one":"包含 {{count}} 欄","two":"包含 {{count}} 欄","few":"包含 {{count}} 欄","many":"包含 {{count}} 欄","other":"包含 {{count}} 欄"}},"accessibility-tblRowInfo":{"_index":["plural","count"],"_":{"zero":"及 {{count}} 列","one":"及 {{count}} 列","two":"及 {{count}} 列","few":"及 {{count}} 列","many":"及 {{count}} 列","other":"及 {{count}} 列"}},"accessibility-columnInfo":"第 {{0}} 欄","accessibility-rowInfo":"第 {{0}} 列","accessibility-spansColumns":{"_index":["plural","0"],"_":{"zero":"跨過 {{0}} 欄","one":"跨過 {{0}} 欄","two":"跨過 {{0}} 欄","few":"跨過 {{0}} 欄","many":"跨過 {{0}} 欄","other":"跨過 {{0}} 欄"}},"accessibility-spansRows":{"_index":["plural","0"],"_":{"zero":"跨過 {{0}} 列","one":"跨過 {{0}} 列","two":"跨過 {{0}} 列","few":"跨過 {{0}} 列","many":"跨過 {{0}} 列","other":"跨過 {{0}} 列"}},"accessibility-jumpAction":"已開啟鏈結","accessibility-pressAction":"已點擊","accessibility-checkAction":"已勾選","accessibility-uncheckAction":"已取消勾選","accessibility-selectAction":"已選擇","accessibility-unselectAction":"未選擇","accessibility-openAction":"已開啟","accessibility-closeAction":"已關閉","accessibility-switchAction":"已切換","accessibility-clickAction":"已點選","accessibility-collapseAction":"已摺疊","accessibility-expandAction":"已展開","accessibility-activateAction":"已啟用","accessibility-cycleAction":"已切換","accessibility-hidden":"已隱藏","accessibility-tabLoading":"載入中","accessibility-tabLoaded":"已載入","accessibility-tabNew":"新分頁","accessibility-tabLoadStopped":"已停止載入","accessibility-tabReload":"正在重新載入","accessibility-stateChecked":"已勾選","accessibility-stateNotChecked":"未勾選","accessibility-statePressed":"已點擊","accessibility-stateExpanded":"已展開","accessibility-stateCollapsed":"已摺疊","accessibility-stateUnavailable":"無法使用","accessibility-stateRequired":"必要的","accessibility-stateTraversed":"開啟過","accessibility-stateHasPopup":"已彈出","accessibility-stateSelected":"已選擇","accessibility-editingMode":"編輯中","accessibility-navigationMode":"網頁瀏覽中","accessibility-quicknav_Simple":"預設","accessibility-quicknav_Anchor":"錨點","accessibility-quicknav_Button":"按鈕","accessibility-quicknav_Combobox":"下拉式選單","accessibility-quicknav_Landmark":"地標","accessibility-quicknav_Entry":"項目","accessibility-quicknav_FormElement":"表單元素","accessibility-quicknav_Graphic":"圖片","accessibility-quicknav_Heading":"標題","accessibility-quicknav_ListItem":"清單項目","accessibility-quicknav_Link":"鏈結","accessibility-quicknav_List":"清單","accessibility-quicknav_PageTab":"分頁標籤","accessibility-quicknav_RadioButton":"單選按鈕","accessibility-quicknav_Separator":"分隔器","accessibility-quicknav_Table":"表格","accessibility-quicknav_Checkbox":"複選盒","accessibility-menubarAbbr":"選單列","accessibility-scrollbarAbbr":"捲動列","accessibility-gripAbbr":"尺寸調整框","accessibility-alertAbbr":"警告","accessibility-menupopupAbbr":"彈出選單","accessibility-documentAbbr":"文件","accessibility-paneAbbr":"窗格","accessibility-dialogAbbr":"對話框","accessibility-separatorAbbr":"分隔線","accessibility-toolbarAbbr":"工具列","accessibility-statusbarAbbr":"狀態列","accessibility-tableAbbr":"表格","accessibility-columnheaderAbbr":"欄標題","accessibility-rowheaderAbbr":"行標題","accessibility-columnAbbr":"欄","accessibility-rowAbbr":"行","accessibility-cellAbbr":"格子","accessibility-linkAbbr":"鏈結","accessibility-listAbbr":"清單","accessibility-listitemAbbr":"清單項目","accessibility-outlineAbbr":"大綱","accessibility-outlineitemAbbr":"大綱項目","accessibility-pagetabAbbr":"頁面導覽標籤","accessibility-propertypageAbbr":"屬性頁面","accessibility-graphicAbbr":"圖形","accessibility-pushbuttonAbbr":"btn","accessibility-checkbuttonAbbr":"多選按鈕","accessibility-radiobuttonAbbr":"單選按鈕","accessibility-comboboxAbbr":"下拉選單","accessibility-progressbarAbbr":"進度列","accessibility-sliderAbbr":"滾動條","accessibility-spinbuttonAbbr":"旋轉按鈕","accessibility-diagramAbbr":"圖表","accessibility-animationAbbr":"動畫","accessibility-equationAbbr":"方程式","accessibility-buttonmenuAbbr":"按鈕選單","accessibility-whitespaceAbbr":"空白","accessibility-pagetablistAbbr":"導覽標籤清單","accessibility-canvasAbbr":"畫布","accessibility-checkmenuitemAbbr":"複選清單項目","accessibility-labelAbbr":"標籤","accessibility-passwordtextAbbr":"密碼欄位","accessibility-radiomenuitemAbbr":"單選清單項目","accessibility-textcontainerAbbr":"文字容器","accessibility-togglebuttonAbbr":"開關按鈕","accessibility-treetableAbbr":"樹狀表格","accessibility-headerAbbr":"檔頭","accessibility-footerAbbr":"檔尾","accessibility-paragraphAbbr":"段落","accessibility-entryAbbr":"項目","accessibility-captionAbbr":"表格標題","accessibility-headingAbbr":"標題","accessibility-sectionAbbr":"區段","accessibility-formAbbr":"表單","accessibility-comboboxlistAbbr":"複選下拉清單","accessibility-comboboxoptionAbbr":"複選下拉清單項目","accessibility-imagemapAbbr":"影像地圖","accessibility-listboxoptionAbbr":"下拉選單項目","accessibility-listboxAbbr":"下拉選單","accessibility-flatequationAbbr":"方程式","accessibility-gridcellAbbr":"網格欄位","accessibility-noteAbbr":"注意","accessibility-figureAbbr":"圖表","accessibility-definitionlistAbbr":"定義清單","accessibility-termAbbr":"詞彙","accessibility-definitionAbbr":"定義","accessibility-textareaAbbr":"多行文字框","accessibility-tblColumnInfoAbbr":{"_index":["plural","count"],"_":{"one":"{{count}}欄","two":"{{count}}欄","few":"{{count}}欄","many":"{{count}}欄","other":"{{count}}欄"}},"accessibility-tblRowInfoAbbr":{"_index":["plural","count"],"_":{"one":"{{count}}列","two":"{{count}}列","few":"{{count}}列","many":"{{count}}列","other":"{{count}}列"}},"accessibility-cellInfoAbbr":"{{count}}欄{{count}}列","accessibility-stateCheckedAbbr":"已選","accessibility-stateUncheckedAbbr":"未選","accessibility-statePressedAbbr":"已選","accessibility-stateUnpressedAbbr":"未選","ok":"確定","back":"上一頁","help":"說明","cancel":"取消","close":"關閉","skip":"略過","clear":{"ariaLabel":"清除"},"undo":{"ariaLabel":"復原"},"airplaneMode":"飛航模式","searching":"搜尋中…","noNetwork":"無網路","roaming":"{{operator}}（漫遊中）","operator-info":"{{carrier}} {{region}}","emergencyCallsOnly":"僅可撥打緊急電話","emergencyCallsOnly-unknownSIMState":"（SIM 卡狀態未知）","emergencyCallsOnly-noSIM":"（無 SIM 卡）","emergencyCallsOnly-pinRequired":"（需要輸入 SIM PIN）","emergencyCallsOnly-pukRequired":"（需要輸入 SIM PUK）","emergencyCallsOnly-networkLocked":"（網路已鎖定）","emergencyCallsOnly-serviceProviderLocked":"（電信業者已鎖定）","emergencyCallsOnly-corporateLocked":"（公司已鎖定）","emergencyCallsOnly-network1Locked":"（網路 1 已鎖定）","emergencyCallsOnly-network2Locked":"（網路 2 已鎖定）","emergencyCallsOnly-hrpdNetworkLocked":"（hrpd 網路鎖定）","emergencyCallsOnly-ruimCorporateLocked":"（ruim 公司鎖定）","emergencyCallsOnly-ruimServiceProviderLocked":"（ruim 電信業者鎖定）","enterPIN":"輸入 PIN","mediaPlaybackTitle":{"ariaLabel":"歌名"},"mediaPlaybackArtist":{"ariaLabel":"藝術家"},"mediaPlaybackControls":{"ariaLabel":"播放控制"},"mediaPlaybackPrevious":{"ariaLabel":"上一首"},"mediaPlaybackPlay":"播放","mediaPlaybackPause":"暫停","mediaPlaybackNext":{"ariaLabel":"下一首"},"wifiButton-on":"已開啟 Wi-Fi","wifiButton-on-initializing":"Wi-Fi 啟動中","wifiButton-off":"Wi-Fi 關閉","dataButton-on":"已開啟 {{type}} 數據連線","dataButton-off":"已關閉 {{type}} 數據連線","bluetoothButton-on":"已開啟藍牙","bluetoothButton-on-initializing":"藍牙開啟中","bluetoothButton-off":"已關閉藍牙","airplaneMode-on":"已開啟飛航模式","airplaneMode-off":"已關閉飛航模式","settingsButton":{"ariaLabel":"設定"},"utilityTrayGrippy":{"ariaLabel":"關閉小工具列"},"statusbarLabel":"{{date}}, {{operator}}","statusbarDateFormat":"%b %e 日","statusbar":{"ariaLabel":"狀態列"},"statusbarBattery":"電力剩餘百分之 {{level}}","statusbarBatteryCharging":"電力剩餘百分之 {{level}}，充電中","statusbarFlightMode":{"ariaLabel":"已開啟飛航模式"},"statusbarWiFiConnecting":"Wi-Fi: 連線中","statusbarWiFiConnected":"Wi-Fi: {{level}}/4 格","statusbarSignal":"{{operator}} 行動網路，{{level}}/5 格","statusbarSignalRoaming":"{{operator}} 行動網路（漫遊中），{{level}}/5 格","statusbarSignalNoneSearching":"電信網路搜尋中…僅能撥打緊急電話","statusbarHeadphones":{"ariaLabel":"已插入耳機"},"statusbarBluetoothHeadphones":{"ariaLabel":"已連線至藍牙耳機"},"statusbarBluetoothTransferring":{"ariaLabel":"已啟用藍牙傳輸"},"statusbarIconOn-tethering":"已開啟網路分享","statusbarIconOnActive-tethering":"已開啟網路分享，使用中","statusbarAlarm":{"ariaLabel":"已開啟鬧鈴"},"statusbarIconOn-bluetooth":"已開啟藍牙","statusbarIconOnActive-bluetooth":"已開啟藍牙，使用中","statusbarIconOn-mute":"已靜音","statusbarIconOn-vibration":"已開啟震動模式","statusbarRecording":{"ariaLabel":"已開始錄音"},"statusbarGeolocation":{"ariaLabel":"已開啟地理位置偵測"},"statusbarUsb":{"ariaLabel":"已開啟 USB"},"statusbarForwarding":"已開啟通話轉接","statusbarPlaying":{"ariaLabel":"媒體播放中"},"statusbarNfc":{"ariaLabel":"已開啟 NFC"},"statusbarDownloads":{"ariaLabel":"下載中…"},"statusbarNetworkActivity":{"ariaLabel":"已開啟網路"},"statusbarEmergencyCBNotification":{"ariaLabel":"緊急電話回撥"},"statusbarNotifications":{"_index":["plural","n"],"_":{"one":"{{n}} 個通知","two":"{{n}} 個通知","few":"{{n}} 個通知","many":"{{n}} 個通知","other":"{{n}} 個通知"}},"statusbarNotifications-unread":{"_index":["plural","n"],"_":{"one":"{{n}} 個未讀通知","two":"{{n}} 個未讀通知","few":"{{n}} 個未讀通知","many":"{{n}} 個未讀通知","other":"{{n}} 個未讀通知"}},"notifications":"通知","clear-all":"清除全部","attentionScreen-tapToShow":"點擊以顯示","newVoicemails":{"_index":["plural","n"],"_":{"zero":"沒有新的語音留言","one":"一通新的語音留言","two":"{{n}} 通新的語音留言","few":"{{n}} 通新的語音留言","many":"{{n}} 通新的語音留言","other":"{{n}} 通新的語音留言"}},"newVoicemailsUnknown":"有新的語音留言","dialNumber":"撥給 {{number}}","voicemailNotificationMultiSim":"(SIM {{n}}) {{title}}","confirmNFCConnectBTenabledNameUnknown":"您想要連線到裝置嗎？","confirmNFCConnectBTdisabledNameUnknown":"開啟藍牙並連線至裝置？","confirmNFCConnectBTenabledNameKnown":"您想要連線到 {{deviceName}} 嗎？","confirmNFCConnectBTdisabledNameKnown":"開啟藍牙並連線至 {{deviceName}}？","confirmNFCConnectBTdisabled":"開啟","dismissNFCConnectBTdisabled":"取消","confirmation":"確認","deviceMenu":"電話","airplane":"開啟飛航模式","airplaneOff":"關閉飛航模式","silent":"來電靜音","normal":"取消來電靜音","restart":"重新啟動","power":"關機","no-recent-apps":"沒有最近使用的應用程式","yes":"是","no":"否","dontallow":"不允許","allow":"允許","dontshare-geolocation":"不要透露","share-geolocation":"透露","dontshare-audio-capture":"不要分享","share-audio-capture":"分享","dontshare-video-capture":"不要分享","share-video-capture":"分享","dontshare-media-capture":"不要分享","share-media-capture":"分享","device-front":"前鏡頭","device-back":"後鏡頭","remember-my-choice":"記住我的選擇","more-info":"更多資訊…","hide-info":"隱藏資訊","install-app":"要安裝 {{name}} 嗎?","size":"大小","author":"作者","size-unknown":"未知","author-unknown":"未知","install":"安裝","bytes":"位元組","kB":"KB","MB":"MB","GB":"GB","TB":"TB","PB":"PB","app-install-generic-error":"{{ appName }} 下載已停止","app-install-download-failed":"{{ appName }} 下載失敗","app-install-install-failed":"{{ appName }} 安裝失敗","cancelling-will-not-refund":"現在取消將不會退費。付費內容的退費機制將由原內容銷售商提供。","apps-can-be-installed-later":"您之後可以於原始安裝來源再次安裝應用程式","are-you-sure-you-want-to-cancel":"您確定要取消這次的安裝嗎?","cancel-install":"取消安裝","cancel-install-button":"取消安裝","resume":"繼續","continue":"繼續","stopDownloading":"要停止下載 {{ app }} 嗎?","app-download-can-be-restarted":"可在稍後重新開始下載。","app-download-stop-button":"停止下載","not-enough-space":"空間不足","not-enough-space-message":"沒有足夠的空間可安裝此程式。您可以刪除舊程式或媒體檔案來釋放空間，接著再從原始來源嘗試安裝。","app-install-success":"已安裝 {{ appName }}","setup":"設定","ime-addkeyboards":"新增鍵盤","later":"稍候","download":"下載","wantToDownload":"現在開始下載更新？","wantToInstall":"現在開始安裝更新？","installNow":"立刻安裝","notNow":"現在不要","downloadingUpdateMessage":{"innerHTML":"正在下載更新… <span>已下載 {{ progress }}。</span>"},"downloadingAppMessage":"正在下載 {{ appName }}","downloadingAppProgressNoMax":"已下載 {{ progress }}","downloadingAppProgressIndeterminate":"下載中","downloadingAppProgress":"已下載 {{ progress }} / {{ max }}","cancelAllDownloads":"取消所有下載","wantToCancelAll":"您確定要取消所有下載?","downloadError":"下載更新時發生錯誤。","updateAvailableInfo":{"innerHTML":{"_index":["plural","n"],"_":{"one":"有 {{ n }} 個可用更新。<span>點擊這裡取得更多資訊。</span>","two":"有 {{ n }} 個可用更新。<span>點擊這裡取得更多資訊。</span>","few":"有 {{ n }} 個可用更新。<span>點擊這裡取得更多資訊。</span>","many":"有 {{ n }} 個可用更新。<span>點擊這裡取得更多資訊。</span>","other":"有 {{ n }} 個可用更新。<span>點擊這裡取得更多資訊。</span>"}}},"numberOfUpdates":{"_index":["plural","n"],"_":{"one":"有 {{ n }} 個更新可用","two":"有 {{ n }} 個更新可用","few":"有 {{ n }} 個更新可用","many":"有 {{ n }} 個更新可用","other":"有 {{ n }} 個更新可用"}},"systemUpdate":"系統更新","systemUpdateReady":"已準備好進行系統更新","systemUpdateLowBatteryThreshold":"您必須要有至少 {{ threshold }}% 剩餘電力才能安裝更新。","required":"必需","uncompressingMessage":{"innerHTML":"正在解壓縮… <span>可能會花上幾分鐘。</span>"},"downloadNoWifiWarning":"無法使用 Wi-Fi。透過目前的連線更新可能需要另外付費。","downloadOfflineWarning":"網路不通。請連線到網路以下載更新。","downloadDataConnectionWarning":"無法使用 Wi-Fi 連線時將透過數據連線下載更新，數據連線可能需要另外付費。","downloadUpdatesViaDataConnection":"透過數據連線下載更新？","downloadUpdatesViaDataConnectionMessage":"無法使用 Wi-Fi 連線時將透過數據連線下載更新。使用數據連線時，可能暫時無法接到來電且可能需要另外付費。","downloadUpdatesVia2GForbidden2":"Downloading updates is not possible on slow connections (2G). Please connect via Wi-Fi or 3G (if available) and try again.","screenshotSaved":"已將畫面擷圖儲存至圖片庫","screenshotFailed":"無法儲存畫面擷圖","screenshotNoSDCard":"找不到記憶卡","screenshotSDCardInUse":"記憶卡使用中","screenshotSDCardLow":"記憶卡的空間不足","emergency-call-button":"緊急電話","emergency-call":"緊急電話","unlock-a11y-button":{"ariaLabel":"解鎖"},"camera-a11y-button":{"ariaLabel":"相機"},"longDateFormat":"%b %e 日 %A","panel-passcode":{"ariaLabel":"解鎖碼面板"},"lockscreen-sim-id":"SIM {{ n }}","softwareHomeButton":{"ariaLabel":"主畫面"},"login":"登入","username":"使用者名稱","password":"密碼","http-authentication-message":"{{host}} 要求您輸入使用者名稱與密碼。網站說:「{{realm}}」","error-message":"無法正確載入 {{name}}","error-title":"發生問題 {{name}}","airplane-is-on":"已開啟飛航模式","airplane-is-turned-on":"{{name}} 需要網路連線。請於手機設定中關閉飛航模式，並連接至 Wi-Fi 或行動數據網路。","server-not-found":"找不到伺服器","server-not-found-error":"找不到伺服器 {{name}}。","file-not-found":"找不到檔案","file-not-found-error":"因為找不到檔案，無法顯示此網頁","connection-failed":"連線失敗","connection-failed-error":"連線至網站時發生網路錯誤。","invalid-connection":"連線失敗","invalid-connection-error":"連線至網站時發生網路錯誤。","malformed-uri":"網址無效","malformed-uri-error":"輸入的網址無效，無法載入。","redirect-loop":"無法顯示頁面","redirect-loop-error":"因為頁面重導不正常，無法顯示此網頁。請稍後再重開此頁面。","not-cached":"頁面已過期","not-cached-error":"因為此網頁已經過期，為了保護您而無法顯示此網頁。","is-printing-error":"不能修改列印或預覽列印中的文件。","denied-port-access":"此網址已被限制","denied-port-access-error":"此網址使用了通常不被用來作為網頁瀏覽的通訊埠，為了保護您已取消此瀏覽請求。","proxy-resolve-failure":"代理伺服器錯誤","proxy-resolve-failure-error":"設定了要使用代理伺服器連線，卻找不到該伺服器。","proxy-connect-failure":"代理伺服器錯誤","proxy-connect-failure-error":"代理伺服器拒絕連線。","content-encoding":"無法顯示頁面","content-encoding-error":"因為內容編碼錯誤，無法顯示此頁面。","remote-xul":"不支援的頁面","remote-xul-error":"因為使用了裝置不支援的技術，無法顯示此頁面。","phishing-blocked":"警告","phishing-blocked-error":"此網站已被回報為偽造網站，用來欺騙使用者提供個人財務資訊。","malware-blocked":"已封鎖惡意程式攻擊","malware-blocked-error":"此網站被回報為惡意攻擊網站，已被封鎖。","unsafe-content-type":"不安全的內容","unsafe-content-type-error":"因為內容可能不安全，無法顯示此頁面。","corrupted-content":"無法顯示頁面","corrupted-content-error":"因為資料傳輸時偵測到錯誤，無法顯示此頁面。","network-connection-unavailable":"無法使用網路連線","network-error":"{{name}} 需要網路連線。請連接至 Wi-Fi 或行動數據網路。","network-error-launching":"{{name}} 需要網際網路連線。","network-error-in-app":"目前無法連線至網際網路。","unable-to-connect":"連線失敗","try-again":"重試","check-settings":"檢查設定","tap-to-check-settings":"點擊以檢查設定","select-time":"選擇時間","choose-option":"選取","choose-options":"選取","select-day":"選擇日期","battery-almost-empty":"電力快要耗盡","add-to-home-screen":"新增至裝置主畫面","share":"分享","crash-dialog2-os":"{{brandShortName}} 剛自錯誤中恢復","crash-dialog-app":"{{name}} 剛發生錯誤","crash-dialog-message":"您願意傳送關於此錯誤的報告至 Mozilla，以幫助我們修正這個問題嗎？（報告將只透過 Wi-Fi 傳送。）","crash-info-link":"錯誤報告當中有哪些東西？","crash-always-report":"總是在發生程式錯誤時傳送報告給 Mozilla。","crash-dont-send":"不要傳送","crash-end":"傳送報告","crashReports":"錯誤報告","done":"完成","crash-reports-description-1":"錯誤報告包含了該次錯誤與您的裝置的一些詳細資訊，以及錯誤發生時您的裝置的使用狀態。","crash-reports-description-2":"可能包含諸如開啟的頁面與應用程式、輸入至表單中的文字、開啟訊息的內容、最近的瀏覽紀錄、與開啟的應用程式所取得的地理位置資訊。","crash-reports-description-3-start":"我們使用錯誤報告來試著修復問題並改進產品。我們將依照","crash-reports-description-3-privacy":"隱私權保護政策","crash-reports-description-3-end":"當中所描述的方式處理您的資訊。","crash-banner-os2":"{{brandShortName}} 剛發生錯誤。","crash-banner-app":"{{name}} 剛發生錯誤。","crash-banner-report":"回報","bluetooth-sending-progress":"正在傳送藍牙傳輸資料…","bluetooth-receiving-progress":"正在接收藍牙傳輸資料…","acceptFileTransfer":"允許藍牙檔案傳輸嗎？","wantToReceiveFile":"{{deviceName}} 想要傳送 {{fileName}} ({{fileSize}})。","transfer-confirmation-title":"{{deviceName}}","transfer-confirmation-description":"確認傳輸請求。","byteUnit-B":"位元組","byteUnit-KB":"KB","byteUnit-MB":"MB","byteUnit-GB":"GB","byteUnit-TB":"TB","byteUnit-PB":"PB","byteUnit-EB":"EB","byteUnit-ZB":"ZB","byteUnit-YB":"YB","fileSize":"{{size}} {{unit}}","deny":"拒絕","transfer":"傳輸","cancelFileTransfer":"取消藍牙檔案傳輸？","continueFileTransfer":"繼續","transfer-has-started-title":"已開始傳輸","transfer-has-started-description":"請在通知中心檢視進度","transferFinished-sentSuccessful-title":"已傳送檔案","transferFinished-receivedSuccessful-title":"已接收檔案","transferFinished-sentFailed-title":"無法傳送檔案","transferFinished-receivedFailed-title":"無法接收檔案","transferReport-title":"傳輸報告:","transferReport-description":"成功傳輸 {{numSuccessful}} 個檔案、未成功傳輸 {{numUnsuccessful}} 個檔案","unknown-file":"未知檔案","unknown-device":"未知的裝置","cannotOpenFile":"無法開啟接收的檔案","unknownMediaTypeToOpen":"無法開啟未知的媒體類型：","cannotReceiveFile":"無法接收檔案","cannotGetStorageState":"無法取得裝置儲存空間狀態。","sdcard-not-exist2":"找不到記憶卡，請插入記憶卡。","sdcard-in-use":"當手機連接至電腦時無法使用藍牙。請拔除手機傳輸線以接收檔案。","sdcard-no-space2":"無法完成傳輸：記憶卡已滿。","unknown-error":"未知錯誤","confirm":"確認","microphone-is-on":"麥克風已開啟","camera-is-on":"已開啟相機","media-is-on":"已開啟相機與麥克風","noSimCard":"未插入 SIM 卡","simPin":"SIM PIN","pukCode":"PUK 碼","nckCode":"NCK 碼","cckCode":"CCK 碼","spckCode":"SPCK 碼","nck1code":"NCK1 碼","nck2code":"NCK2 碼","hnckcode":"HNCK 碼","rcckcode":"RCCK 碼","rspckcode":"RSPCK 碼","whatIsSimPin":"SIM PIN 是什麼?","simPinIntro1":"SIM PIN 阻止了手機存取行動數據網路。開啟 PIN 時，任何插入了 SIM 卡的裝置將會在重開機時向您詢問 PIN 碼。","simPinIntro2":"SIM 卡的 PIN 碼與用來解鎖裝置的解鎖碼不同。","changeSimPin":"修改 PIN 碼","pinTitle":"輸入 SIM PIN 碼","multiSIMpinTitle":"輸入 SIM {{n}} 的 PIN 碼","pukTitle":"輸入 PUK 碼","nckTitle":"輸入 NCK 碼","cckTitle":"輸入 CCK 碼","spckTitle":"輸入 SPCK 碼","nck1Title":"輸入 NCK1 碼","nck2Title":"輸入 NCK2 碼","hnckTitle":"輸入 HNCK 碼","rcckTitle":"輸入 RCCK 碼","rspckTitle":"輸入 RSPCK 碼","newpinTitle":"設定 PIN 碼","inputCodeRetriesLeft":{"_index":["plural","n"],"_":{"one":"最後一次機會。","two":"還有 {{n}} 次機會。","few":"還有 {{n}} 次機會。","many":"還有 {{n}} 次機會。","other":"還有 {{n}} 次機會。"}},"pinErrorMsg":"PIN 不正確。","pinAttemptMsg2":{"_index":["plural","n"],"_":{"one":"這是您最後一次輸入正確 PIN 碼的機會。若您這次輸入的 PIN 碼還是錯誤，您的 SIM 卡將會被鎖定。","two":"您還有 {{n}} 次輸入正確 PIN 碼的機會。若您一直輸入錯誤的 PIN 碼，您的 SIM 卡將會被鎖定。","few":"您還有 {{n}} 次輸入正確 PIN 碼的機會。若您一直輸入錯誤的 PIN 碼，您的 SIM 卡將會被鎖定。","many":"您還有 {{n}} 次輸入正確 PIN 碼的機會。若您一直輸入錯誤的 PIN 碼，您的 SIM 卡將會被鎖定。","other":"您還有 {{n}} 次輸入正確 PIN 碼的機會。若您一直輸入錯誤的 PIN 碼，您的 SIM 卡將會被鎖定。"}},"pinLastChanceMsg":"這是您最後一次能輸入正確 PIN 碼的機會。否則您必須輸入 PUK 碼才能使用此 SIM 卡。","simCardLockedMsg":"SIM 卡已鎖定。","enterPukMsg":"您必須輸入 SIM 卡的 PUK 碼。若需更多資訊，請參考您的 SIM 卡文件或洽詢您的電信業者。","pukErrorMsg":"PUK 碼不正確。","pukAttemptMsg2":{"_index":["plural","n"],"_":{"one":"您只剩下最後一次輸入正確 PUK 碼的機會，若您這次輸入的 PUK 碼還是錯誤，您的 SIM 卡將會永久無法使用。請參考您的 SIM 卡文件或聯絡您的電信業者以取得更多資訊。","two":"您還有 {{n}} 次機會可以輸入正確的 PUK 解鎖碼，否則此 SIM 卡將永久失效。若需更多資訊，請參考您的 SIM 卡文件或洽詢您的電信業者。","few":"您還有 {{n}} 次機會可以輸入正確的 PUK 解鎖碼，否則此 SIM 卡將永久失效。若需更多資訊，請參考您的 SIM 卡文件或洽詢您的電信業者。","many":"您還有 {{n}} 次機會可以輸入正確的 PUK 解鎖碼，否則此 SIM 卡將永久失效。若需更多資訊，請參考您的 SIM 卡文件或洽詢您的電信業者。","other":"您還有 {{n}} 次機會可以輸入正確的 PUK 解鎖碼，否則此 SIM 卡將永久失效。若需更多資訊，請參考您的 SIM 卡文件或洽詢您的電信業者。"}},"pukLastChanceMsg":"這是您最後一次能輸入正確 PUK 解鎖碼的機會。若您這次還是輸入錯誤，您的 SIM 將會永久失效。若需更多資訊，請參考您的 SIM 卡文件或洽詢您的電信業者。","newSimPinMsg":"設定 PIN（須包含 4 ~ 8 碼數字）","confirmNewSimPinMsg":"確認新 PIN 碼","newPinErrorMsg":"兩次輸入的 PIN 不相同。","nckErrorMsg":"NCK 碼不正確。","nckAttemptMsg2":{"_index":["plural","n"],"_":{"one":"請求網路解鎖失敗。您只剩下最後一次機會可以輸入正確的 NCK 碼。請參考您的裝置說明書或聯絡電信商以取得更多資訊。","two":"請求網路解鎖失敗。您還剩下 {{n}} 次機會可以輸入正確的 NCK 碼。請參考您的裝置說明書或聯絡電信商以取得更多資訊。","few":"請求網路解鎖失敗。您還剩下 {{n}} 次機會可以輸入正確的 NCK 碼。請參考您的裝置說明書或聯絡電信商以取得更多資訊。","many":"請求網路解鎖失敗。您還剩下 {{n}} 次機會可以輸入正確的 NCK 碼。請參考您的裝置說明書或聯絡電信商以取得更多資訊。","other":"請求網路解鎖失敗。您還剩下 {{n}} 次機會可以輸入正確的 NCK 碼。請參考您的裝置說明書或聯絡電信商以取得更多資訊。"}},"nckLastChanceMsg":"請求網路解鎖失敗。您還剩下最後一次機會可以輸入正確的 NCK 碼。請參考您的裝置說明書或聯絡電信商以取得更多資訊。","activity-pick":"自下列項目選擇:","activity-view":"使用下列項目檢視:","activity-test":"使用下列項目測試:","activity-share":"使用下列項目分享:","activity-new":"使用下列項目建立:","activity-open":"使用下列項目開啟:","activity-save-bookmark":"加入書籤到:","activity-record":"使用下列項目錄製:","activity-browse":"使用下列項目瀏覽:","activity-configure":"使用下列項目設定:","activity-dial":"使用下列項目撥號:","persona-signin":"登入","payment-flow":"購買","remoteDebuggerMessage":"偵測到遠端除錯連線的請求，要允許連線嗎？","fullscreen-request":"{{origin}} 已進入全螢幕模式。","captive-wifi-available":"找到 {{networkName}}。加入該網路？","ceWarningtitle":"音量警告","ceWarningcontent":"為了避免聽力損傷發生，請不要長時間使用大音量聆聽音樂。","notification-powersaving-mode-on-title":"省電模式","notification-powersaving-mode-on-description":"已開啟省電模式。","low-device-storage":"裝置空間不足。\\n","free-space":{"_index":["plural","value"],"_":{"zero":"剩餘空間不足。","one":"剩下不到 {{value}} {{unit}}。","two":"剩下不到 {{value}} {{unit}}。","few":"剩下不到 {{value}} {{unit}}。","many":"剩下不到 {{value}} {{unit}}。","other":"剩下不到 {{value}} {{unit}}。"}},"unknown-free-space":"剩餘空間未知。","system-alert":"系統警示","cb-channel":"頻道 {{channel}}","cb-etws-warningType-earthquake":"地震警報！","cb-etws-warningType-tsunami":"海嘯警報！","cb-etws-warningType-earthquake-tsunami":"地震、海嘯警報！","cb-etws-warningType-test":"正在測試警告系統。","cb-etws-warningType-other":"緊急警報！","icc-message-maintitle":"電信業者訊息","icc-message-subtitle":"SIM {{id}}","icc-confirmCall-defaultmessage":"打給 {{number}}？","icc-alertMessage-defaultmessage":"傳送訊息","icc-confirmMessage-defaultmessage":"傳送訊息？","icc-inputbox-maintitle":"STK 請求","icc-inputbox-subtitle":"SIM {{id}}","emergency-callback-mode":"緊急通話回電模式","emergency-callback-message":"您不能在開啟緊急回撥模式時撥打電話、傳送簡訊或連線至網路。您想要關閉嗎？","cdma-record-info":"CDMA 紀錄資訊","ime-switching-title":"{{appName}}: {{name}}","ime-switching-tip":"點擊以切換輸入法","shrinking-tip":"滑動以分享","download_started":"已開始下載","download_stopped":"已停止下載","download_downloading":"下載中…","download_succeeded":"下載完成","download_failed":"下載失敗","download_text_by_default":"{{name}}","download_downloading_text_2":"{{percentage}}% - {{name}}","search-or-enter-address":{"_":"搜尋或輸入網址","placeholder":"搜尋或輸入網址"},"noSIMCardInHotspot":"SIM 卡不存在或並未正確安裝，將關閉熱點","noHopspotWhenAPMisOn":"關閉飛航模式以使用 Wi-Fi 熱點","apmActivated":"已啟用飛航模式","open-in-new-tab":"用新分頁開啟鏈結","add-link-to-home-screen":"新增至裝置主畫面","share-link":"分享鏈結","save-image":"儲存圖片","save-video":"儲存影片","save-audio":"儲存音訊檔案","save-link":"儲存鏈結檔案","share-image":"分享圖片","share-video":"分享影片","share-audio":"分享音樂","weekday-0-long":"星期日","weekday-1-long":"星期一","weekday-2-long":"星期二","weekday-3-long":"星期三","weekday-4-long":"星期四","weekday-5-long":"星期五","weekday-6-long":"星期六","weekday-0-short":"日","weekday-1-short":"一","weekday-2-short":"二","weekday-3-short":"三","weekday-4-short":"四","weekday-5-short":"五","weekday-6-short":"六","month-0-long":"一月","month-1-long":"二月","month-2-long":"三月","month-3-long":"四月","month-4-long":"五月","month-5-long":"六月","month-6-long":"七月","month-7-long":"八月","month-8-long":"九月","month-9-long":"十月","month-10-long":"十一月","month-11-long":"十二月","month-0-genitive":"1 月","month-1-genitive":"2 月","month-2-genitive":"3 月","month-3-genitive":"4 月","month-4-genitive":"5 月","month-5-genitive":"6 月","month-6-genitive":"7 月","month-7-genitive":"8 月","month-8-genitive":"9 月","month-9-genitive":"10 月","month-10-genitive":"11 月","month-11-genitive":"12 月","month-0-short":"1 月","month-1-short":"2 月","month-2-short":"3 月","month-3-short":"4 月","month-4-short":"5 月","month-5-short":"6 月","month-6-short":"7 月","month-7-short":"8 月","month-8-short":"9 月","month-9-short":"10 月","month-10-short":"11 月","month-11-short":"12 月","minutes-ago-long":{"_index":["plural","value"],"_":{"zero":"剛剛","one":"1 分鐘前","two":"{{value}} 分鐘前","few":"{{value}} 分鐘前","many":"{{value}} 分鐘前","other":"{{value}} 分鐘前"}},"hours-ago-long":{"_index":["plural","value"],"_":{"zero":"剛剛","one":"1 小時前","two":"{{value}} 小時前","few":"{{value}} 小時前","many":"{{value}} 小時前","other":"{{value}} 小時前"}},"days-ago-long":{"_index":["plural","value"],"_":{"zero":"今天","one":"昨天","two":"{{value}} 天前","few":"{{value}} 天前","many":"{{value}} 天前","other":"{{value}} 天前"}},"weeks-ago-long":{"_index":["plural","value"],"_":{"zero":"本週","one":"上週","two":"{{value}} 週前","few":"{{value}} 週前","many":"{{value}} 週前","other":"{{value}} 週前"}},"months-ago-long":{"_index":["plural","value"],"_":{"zero":"本月","one":"上月","two":"{{value}} 月前","few":"{{value}} 月前","many":"{{value}} 月前","other":"{{value}} 月前"}},"years-ago-long":{"_index":["plural","value"],"_":{"zero":"今年","one":"去年","two":"{{value}} 年前","few":"{{value}} 年前","many":"{{value}} 年前","other":"{{value}} 年前"}},"minutes-until-long":{"_index":["plural","value"],"_":{"zero":"現在","one":"1 分鐘內","two":"{{value}} 分鐘內","few":"{{value}} 分鐘內","many":"{{value}} 分鐘內","other":"{{value}} 分鐘內"}},"hours-until-long":{"_index":["plural","value"],"_":{"zero":"現在","one":"1 小時內","two":"{{value}} 小時前","few":"{{value}} 小時前","many":"{{value}} 小時前","other":"{{value}} 小時前"}},"days-until-long":{"_index":["plural","value"],"_":{"zero":"今天","one":"明天","two":"{{value}} 天內","few":"{{value}} 天內","many":"{{value}} 天內","other":"{{value}} 天內"}},"weeks-until-long":{"_index":["plural","value"],"_":{"zero":"本週","one":"下週","two":"{{value}} 週內","few":"{{value}} 週內","many":"{{value}} 週內","other":"{{value}} 週內"}},"months-until-long":{"_index":["plural","value"],"_":{"zero":"本月","one":"下月","two":"{{value}} 月內","few":"{{value}} 月內","many":"{{value}} 月內","other":"{{value}} 月內"}},"years-until-long":{"_index":["plural","value"],"_":{"zero":"今年","one":"明年","two":"{{value}} 年內","few":"{{value}} 年內","many":"{{value}} 年內","other":"{{value}} 年內"}},"minutes-ago-short":{"_index":["plural","value"],"_":{"zero":"剛剛","other":"{{value}} 分鐘前"}},"hours-ago-short":{"_index":["plural","value"],"_":{"zero":"剛剛","other":"{{value}} 小時前"}},"days-ago-short":{"_index":["plural","value"],"_":{"zero":"今天","other":"{{value}} 天前"}},"minutes-until-short":{"_index":["plural","value"],"_":{"zero":"現在","other":"{{value}} 分內"}},"hours-until-short":{"_index":["plural","value"],"_":{"zero":"現在","other":"{{value}} 時內"}},"days-until-short":{"_index":["plural","value"],"_":{"zero":"今天","other":"{{value}} 天內"}},"incorrectDate":"（日期不正確）","dateTimeFormat_%c":"%Y年%b%d日 %a %p %I:%M:%S","dateTimeFormat_%x":"%Y/%m/%d","dateTimeFormat_%X":"%p %I:%M:%S","shortTimeFormat":"%p %I:%M","shortDateTimeFormat":"%x %p %I:%M","weekStartsOnMonday":"1","time_am":"上午","time_pm":"下午","title-app":"應用程式權限","title-web":"網站權限","title-cam":"選擇相機","perm-contacts":"聯絡人","perm-contacts-appRequest":"{{app}} 想要存取您的聯絡人清單。","perm-contacts-webRequest":"{{site}} 想要存取您的聯絡人清單。","perm-desktop-notification":"通知","perm-desktop-notification-appRequest":"{{app}} 想要顯示通知。","perm-desktop-notification-webRequest":"{{site}} 想要顯示通知。","perm-device-storage-music":"音樂儲存空間","perm-device-storage-music-appRequest":"{{app}} 想要存取您的音樂。","perm-device-storage-music-webRequest":"{{site}} 想要存取您的音樂。","perm-device-storage-pictures":"圖片儲存空間","perm-device-storage-pictures-appRequest":"{{app}} 想要存取您的圖片。","perm-device-storage-pictures-webRequest":"{{site}} 想要存取您的圖片。","perm-device-storage-sdcard":"記憶卡儲存空間","perm-device-storage-sdcard-appRequest":"{{app}} 想要存取您的記憶卡。","perm-device-storage-sdcard-webRequest":"{{site}} 想要存取您的記憶卡。","perm-device-storage-videos":"影片儲存空間","perm-device-storage-videos-appRequest":"{{app}} 想要存取您的影片庫。","perm-device-storage-videos-webRequest":"{{site}} 想要存取您的影片庫。","perm-fmradio":"FM 收音機","perm-fmradio-appRequest":"{{app}} 想要使用 FM 收音機。","perm-fmradio-webRequest":"{{site}} 想要使用 FM 收音機。","perm-geolocation":"地理資訊","perm-geolocation-appRequest":"{{app}} 想要知道您所在的地理位置。","perm-geolocation-webRequest":"{{site}} 想要知道您所在的地理位置。","perm-geolocation-more-info":"{{brandShortName}} 將會使用諸如 GPS、Wi-Fi、與您附近的數據網路基地台等資料來幫助判斷您的大略位置。這些資料將會傳送到 Mozilla 與其他的服務提供者，並結合起來改善位置資料庫的準確度。這些資料可能也會儲存在您的裝置上；就算沒有執行程式時也可能會收集這些資料。","perm-video-capture":"相機","perm-video-capture-appRequest":"您想要與 {{app}} 分享您的相機嗎？","perm-video-capture-webRequest":"您想要與 {{site}} 分享您的相機嗎？","perm-audio-capture":"麥克風","perm-audio-capture-appRequest":"您想要與 {{app}} 分享您的麥克風嗎？","perm-audio-capture-webRequest":"您想要與 {{site}} 分享您的麥克風嗎？","perm-media-capture":"相機與麥克風","perm-media-capture-appRequest":"您想要與 {{app}} 分享您的相機與麥克風嗎？","perm-media-capture-webRequest":"您想要與 {{site}} 分享您的相機與麥克風嗎？","perm-camera-selector-appRequest":"為 {{app}} 選擇相機。","perm-camera-selector-webRequest":"為 {{site}} 選擇相機。","perm-mobileid":"行動識別","stopped_download_title":"已停止下載","stopped_download_message":"已經停止下載，要再試著下載一次嗎？","stopped_download_left_button":"取消","stopped_download_right_button":"重試","failed_download_title":"下載失敗","failed_download_message":"{{name}} 下載失敗，要再試著下載一次嗎？","failed_download_left_button":"取消","failed_download_right_button":"重試","stop_download_title":"停止下載","stop_download_message":"確定要停止下載嗎？","stop_download_left_button":"否","stop_download_right_button":"是","delete_download_title":"刪除","delete_download_message":"刪除 {{name}}？","delete_download_left_button":"取消","delete_download_right_button":"刪除","delete_all_download_title":"刪除","delete_all_download_left_button":"取消","delete_all_download_right_button":"刪除","delete_all_download_message":{"_index":["plural","number"],"_":{"zero":"不刪除檔案？","one":"刪除 1 個檔案？","two":"刪除 {{number}} 個檔案？","few":"刪除 {{number}} 個檔案？","many":"刪除 {{number}} 個檔案？","other":"刪除 {{number}} 個檔案？"}},"unsupported_file_type_download_title":"無法開啟","unsupported_file_type_download_message":"沒有應用程式可開啟 {{name}}。您想要儲存或刪除該檔案？","unsupported_file_type_download_left_button":"保留檔案","unsupported_file_type_download_right_button":"刪除","file_not_found_download_title":"找不到檔案","file_not_found_download_message":"無法在裝置中找到該檔案","file_not_found_download_right_button":"確定","unmounted_sdcard_2_download_title":"記憶卡現正使用中","unmounted_sdcard_2_download_message":"拔除傳輸線","unmounted_sdcard_2_download_right_button":"確定","no_provider_download_title":"無法分享","no_provider_download_message":"找不到提供者","no_provider_download_right_button":"確定","no_memory_download_title":"SD 卡已滿","no_memory_download_message":"您的 SD 卡上已經沒有剩餘空間可以儲存下載檔案，請先移除一些檔案再重新下載。","no_memory_download_right_button":"確定","no_sdcard_found_2_download_title":"找不到記憶卡","no_sdcard_found_2_download_message":"插入記憶卡或在設定中選擇不同的預設媒體儲存位置","no_sdcard_found_2_download_right_button":"確定","file_open_error_download_title":"無法開啟","file_open_error_download_message":"開啟 {{name}} 時發生問題。您想要儲存或刪除該檔案？","file_open_error_download_left_button":"保留檔案","file_open_error_download_right_button":"刪除","restart_download_error":"重新開始下載時發生錯誤，請再次下載。","no-downloads":"沒有任何下載檔案","percentage":"{{percentage}} %","partialResult":"已下載 {{partial}}，共 {{total}}","summary":"{{date}} - {{status}}","download-stopped":"停止","download-failed":"下載失敗","open_downloaded_file":"開啟","share_downloaded_file":"分享","wallpaper_downloaded_file":"設為桌面背景","ringtone_downloaded_file":"設為鈴聲","cancel_downloaded_file":"取消","voicemailNoNumberTitle":"無法使用語音信箱號碼","voicemailNoNumberText":"無法撥號至語音信箱，請先設定語音信箱號碼再撥。","voicemailNoNumberSettings":"設定","voicemailNoNumberCancel":"取消","resend":"重新傳送","connecting":"連線中","verify":"驗證","verifying":"驗證中","verified":"已驗證","mobileIDExplanation":"{{app_name}} 想要知道並驗證您的手機號碼。請指定您要分享哪一個號碼，或輸入新號碼。","verificationCodeExplanation":"已傳送到驗證碼到 {{phone_number}}。我們將嘗試自動偵測驗證碼，但此裝置若無法自動偵測的話須請您手動輸入。","successMessage":"恭喜！已驗證您的手機號碼 {{phone_number}}，並已可使用 {{app_name}}。","serverErrorMessage":"驗證伺服器暫時無法使用。請檢查您的網際網路連線並重試，或稍後再試一次。","timeoutErrorMessage":"您的驗證碼看起來有問題，從頭再來一次吧！","errorTitle":"行動身分識別","addPhoneNumber":"或新增您的手機號碼","selectPhoneNumber":"或自清單選擇您的手機號碼"}