{"brandShortName":"B2G ওএস","browserBrandShortName":"ওয়েব ব্রাউজার","browserBrandFullName":"মজিলা ওয়েব ব্রাউজার","ok":"ঠিক আছে","cancel":"বাতিল","done":"সম্পন্ন","enter-search-or-address":{"placeholder":"খুঁজুন বা ঠিকানা দিন"},"history":"ইতিহাস","new-tab":"নতুন ট্যাব","open-in-new-tab":"নতুন ট্যাবে লিঙ্ক খুলুন","future":"ভবিষ্যৎ","today":"আজ","yesterday":"গতকাল","last-7-days":"গত 7 দিন","this-month":"চলতি মাস","last-6-months":"গত ৬ মাস","older-than-6-months":"৬ মাসের বেশি পুরনো","month-0":"জানুয়ারি","month-1":"ফেব্রুয়ারি","month-2":"মার্চ","month-3":"এপ্রিল","month-4":"মে","month-5":"জুন","month-6":"জুলাই","month-7":"আগস্ট","month-8":"সেপ্টেম্বর","month-9":"অক্টোবর","month-10":"নভেম্বর","month-11":"ডিসেম্বর","browser":"{{browserBrandShortName}}","start-browsing":"অনুসন্ধানের জন্য শব্দ দিন অথবা ব্রাউজিং করতে ওয়েব ঠিকানা দিন।","top-sites-startPage":"শীর্ষ সাইটসমূহ","top-sites-tab":"শীর্ষ সাইটসমূহ","browser-settings":"সেটিং","privacy-and-security":"গোপনীয়তা ও নিরাপত্তা","clear-browsing-history":"ব্রাউজিং ইতিহাস পরিষ্কার করুন","confirm-clear-browsing-history":"ব্রাউজিং ইতিহাস পরিষ্কার করবেন?","clear-cookies-and-stored-data":"কুকি এবং সংরক্ষিত ডাটা পরিষ্কার করুন","confirm-clear-cookies-and-stored-data":"সাইট দ্বারা এই ডিভাইসে সংরক্ষিত কুকি এবং অন্যান্য ডাটা পরিষ্কার করতে চান?","search-engines":"সার্চ ইঞ্জিন","default-search-engine":"পূর্বনির্ধারিত সার্চ ইঞ্জিন","bookmarks":"বুকমার্ক","bookmark":"বুকমার্ক","unbookmark":"বুকমার্ক অপসারণ","edit-bookmark":"বুকমার্ক সম্পাদনা করুন","edit-bookmark-header":"বুকমার্ক সম্পাদনা করুন","page-title":"পাতার শিরোনাম","address":"ঠিকানা","add-to-home-screen":"প্রধান স্ক্রিনে যোগ করুন","username":"ব্যবহারকারীর নাম","password":"পাসওয়ার্ড","login":"সাইন ইন","login-to-a-website":"ওয়েবসাইটে সাইন ইন করুন","http-authentication-message":"এই ওয়েবসাইট {{host}} এ আপনার সাইন ইন করা প্রয়োজন।","the-username-or-password-is-incorrect":"এই ব্যবহারকারীর নাম অথবা পাসওয়ার্ড ভুল হয়েছে।","this-is-embarrassing":"বিব্রতকর পরিস্থিতির জন্য দুঃখিত।","not-responding":"আমরা ওয়েব পেইজটি দেখানোর চেষ্টা করেছি, কিন্তু তা সাড়া দিচ্ছে না।","close-tab":"ট্যাব বন্ধ","reload-tab":"রিলোড","search-for":"যার জন্য অনুসন্ধান","save-link":"লিঙ্ক করা ফাইল সংরক্ষণ","save-image":"ছবি সংরক্ষণ","save-video":"ভিডিও সংরক্ষণ","save-audio":"অডিও সংরক্ষণ"}