{"brandShortName":"B2G OS","browserBrandShortName":"Navegador web","browserBrandFullName":"Navegador web de Mozilla","ok":"D'acord","cancel":"Cancel·la","done":"Fet","enter-search-or-address":{"placeholder":"Escriviu una cerca o adreça"},"history":"Historial","new-tab":"Pestanya nova","open-in-new-tab":"Obre l'enllaç en una pestanya nova","future":"Properament","today":"Avui","yesterday":"Ahir","last-7-days":"Darrers 7 dies","this-month":"Aquest mes","last-6-months":"Darrers 6 mesos","older-than-6-months":"Fa més de 6 mesos","month-0":"Gener","month-1":"Febrer","month-2":"Març","month-3":"Abril","month-4":"Maig","month-5":"Juny","month-6":"Juliol","month-7":"Agost","month-8":"Setembre","month-9":"Octubre","month-10":"Novembre","month-11":"Desembre","browser":"{{browserBrandShortName}}","start-browsing":"Introduïu una cerca o adreça web per iniciar la navegació.","top-sites-startPage":"Destacats","top-sites-tab":"Destacats","browser-settings":"Paràmetres","privacy-and-security":"Privadesa i seguretat","clear-browsing-history":"Esborra l'historial de navegació","confirm-clear-browsing-history":"Voleu esborrar l'historial de navegació?","clear-cookies-and-stored-data":"Esborra les galetes i dades emmagatzemades","confirm-clear-cookies-and-stored-data":"Voleu esborrar les galetes i altres dades de llocs web emmagatzemades en aquest dispositiu?","search-engines":"Motors de cerca","default-search-engine":"Motor de cerca per defecte","bookmarks":"Adreces d'interès","bookmark":"Afegeix a les adreces d'interès","unbookmark":"Elimina de les adreces d'interès","edit-bookmark":"Edita l'adreça d'interès","edit-bookmark-header":"Edita adreça interès","page-title":"Títol de la pàgina","address":"Adreça","add-to-home-screen":"Afegeix a la pantalla d'inici","username":"Usuari","password":"Contrasenya","login":"Inicia la sessió","login-to-a-website":"Inicia la sessió al lloc web","http-authentication-message":"El lloc web {{host}} us demana iniciar la sessió.","the-username-or-password-is-incorrect":"El nom d'usuari o la contrasenya no és correcte.","this-is-embarrassing":"Bé, és lamentable.","not-responding":"S'està intentant mostrar aquesta pàgina web, però no respon.","close-tab":"Tanca pestanya","reload-tab":"Torna a carregar","search-for":"Cerca","save-link":"Save linked file","save-image":"Desa la imatge","save-video":"Desa el vídeo","save-audio":"Desa l'àudio"}