{"brandShortName":"B2G OS","browserBrandShortName":"Internet-Browser","browserBrandFullName":"Mozilla-Internet-Browser","ok":"OK","cancel":"Abbrechen","done":"Fertig","enter-search-or-address":{"placeholder":"Suche oder Adresse"},"history":"Chronik","new-tab":"Neuer Tab","open-in-new-tab":"Link in neuem Tab öffnen","future":"Zukunft","today":"Heute","yesterday":"Gestern","last-7-days":"Letzte 7 Tage","this-month":"Dieser Monat","last-6-months":"Letzte 6 Monate","older-than-6-months":"Älter als 6 Monate","month-0":"Januar","month-1":"Februar","month-2":"März","month-3":"April","month-4":"Mai","month-5":"Juni","month-6":"Juli","month-7":"August","month-8":"September","month-9":"Oktober","month-10":"November","month-11":"Dezember","browser":"{{browserBrandShortName}}","start-browsing":"Geben Sie einen Suchbegriff oder eine Internetadresse ein, um mit dem Surfen zu beginnen.","top-sites-startPage":"Meistbesuchte Seiten","top-sites-tab":"Meistbesucht","browser-settings":"Einstellungen","privacy-and-security":"Datenschutz & Sicherheit","clear-browsing-history":"Browserchronik löschen","confirm-clear-browsing-history":"Browserchronik löschen?","clear-cookies-and-stored-data":"Cookies und gespeicherte Daten löschen","confirm-clear-cookies-and-stored-data":"Cookies und andere durch Websites auf diesem Gerät gespeicherte Daten löschen?","search-engines":"Suchmaschinen","default-search-engine":"Standardsuchmaschine","bookmarks":"Lesezeichen","bookmark":"Als Lesezeichen hinzufügen","unbookmark":"Lesezeichen entfernen","edit-bookmark":"Lesezeichen bearbeiten","edit-bookmark-header":"Bearbeiten","page-title":"Webseitenname","address":"Adresse","add-to-home-screen":"Zum Startbildschirm hinzufügen","username":"Benutzername","password":"Passwort","login":"Anmelden","login-to-a-website":"Anmeldung","http-authentication-message":"Die Website {{host}} benötigt eine Anmeldung.","the-username-or-password-is-incorrect":"Der Benutzername oder das Passwort ist falsch.","this-is-embarrassing":"Seite reagiert nicht","not-responding":"Es wurde versucht, die Webseite darzustellen, aber sie reagiert nicht.","close-tab":"Tab schließen","reload-tab":"Neu laden","search-for":"Suchen nach","save-link":"Ziel speichern","save-image":"Grafik speichern","save-video":"Video speichern","save-audio":"Audio speichern"}