{"brandShortName":"B2G OS","browserBrandShortName":"Web Browser","browserBrandFullName":"Mozilla Web Browser","ok":"OK","cancel":"Cancel","done":"Done","enter-search-or-address":{"placeholder":"Search or enter address"},"history":"History","new-tab":"New tab","open-in-new-tab":"Open link in new tab","future":"Future","today":"Today","yesterday":"Yesterday","last-7-days":"Last 7 days","this-month":"This month","last-6-months":"Last 6 months","older-than-6-months":"Older than 6 months","month-0":"January","month-1":"February","month-2":"March","month-3":"April","month-4":"May","month-5":"June","month-6":"July","month-7":"August","month-8":"September","month-9":"October","month-10":"November","month-11":"December","browser":"{{browserBrandShortName}}","start-browsing":"Enter a search term or Web address to start browsing.","top-sites-startPage":"Top sites","top-sites-tab":"Top sites","browser-settings":"Settings","privacy-and-security":"Privacy & Security","clear-browsing-history":"Clear browsing history","confirm-clear-browsing-history":"Clear browsing history?","clear-cookies-and-stored-data":"Clear cookies and stored data","confirm-clear-cookies-and-stored-data":"Clear cookies and other data stored by sites on this device?","search-engines":"Search Engines","default-search-engine":"Default search engine","bookmarks":"Bookmarks","bookmark":"Bookmark","unbookmark":"Unbookmark","edit-bookmark":"Edit bookmark","edit-bookmark-header":"Edit bookmark","page-title":"Page title","address":"Address","add-to-home-screen":"Add to home screen","username":"Username","password":"Password","login":"Sign in","login-to-a-website":"Sign in to website","http-authentication-message":"The website {{host}} requires you to sign in.","the-username-or-password-is-incorrect":"The username or password is incorrect.","this-is-embarrassing":"Well, this is embarrassing.","not-responding":"We tried to display this Web page, but it’s not responding.","close-tab":"Close tab","reload-tab":"Reload","search-for":"Search for","save-link":"Save linked file","save-image":"Save Image","save-video":"Save Video","save-audio":"Save Audio"}