{"brandShortName":"B2G OS","browserBrandShortName":"Web preglednik","browserBrandFullName":"Mozilla web preglednik","ok":"U redu","cancel":"Otkaži","done":"Gotovo","enter-search-or-address":{"placeholder":"Adresa ili pojam pretrage"},"history":"Povijest","new-tab":"Nova kartica","open-in-new-tab":"Otvori poveznicu u novoj kartici","future":"Buduće","today":"Danas","yesterday":"Jučer","last-7-days":"Zadnjih 7 dana","this-month":"Ovaj mjesec","last-6-months":"Zadnjih 6 mjeseci","older-than-6-months":"Starije od 6 mjeseci","month-0":"Siječanj","month-1":"Veljača","month-2":"Ožujak","month-3":"Travanj","month-4":"Svibanj","month-5":"Lipanj","month-6":"Srpanj","month-7":"Kolovoz","month-8":"Rujan","month-9":"Listopad","month-10":"Studeni","month-11":"Prosinac","browser":"{{browserBrandShortName}}","start-browsing":"Upišite adresu ili pojam za pretraživanje da biste započeli surfati.","top-sites-startPage":"Popularne","top-sites-tab":"Popularne","browser-settings":"Postavke","privacy-and-security":"Privatnost i sigurnost","clear-browsing-history":"Obriši povijest pretraživanja","confirm-clear-browsing-history":"Obrisati povijest pretraživanja?","clear-cookies-and-stored-data":"Obriši kolačiće i podatke pretraživanja","confirm-clear-cookies-and-stored-data":"Obrisati kolačiće i podatke pretraživanja na ovom uređaju?","search-engines":"Tražilice","default-search-engine":"Zadana tražilica","bookmarks":"Zabilješke","bookmark":"Zabilješka","unbookmark":"Ukloni zabilješku","edit-bookmark":"Uredi zabilješku","edit-bookmark-header":"Uredi zabilješku","page-title":"Naslov stranice","address":"Adresa","add-to-home-screen":"Dodaj na početni zaslon","username":"Korisničko ime","password":"Lozinka","login":"Prijava","login-to-a-website":"Prijava na web stranicu","http-authentication-message":"Web stranica {{host}} zahtijeva da se prijavite.","the-username-or-password-is-incorrect":"Neispravno korisničko ime ili lozinka.","this-is-embarrassing":"Ups, ovo je sramotno.","not-responding":"We tried to display this Web page, but it’s not responding.","close-tab":"Zatvori karticu","reload-tab":"Ponovno učitaj","search-for":"Traži za","save-link":"Save linked file","save-image":"Spremi sliku","save-video":"Spremi video","save-audio":"Spremi zvuk"}