{"brandShortName":"B2G OS","browserBrandShortName":"Webböngésző","browserBrandFullName":"Mozilla webböngésző","ok":"OK","cancel":"Mégse","done":"Kész","enter-search-or-address":{"placeholder":"Keresés vagy cím"},"history":"Előzmény","new-tab":"Új lap","open-in-new-tab":"Megnyitás új lapon","future":"Jövőben","today":"Ma","yesterday":"Tegnap","last-7-days":"Elmúlt 7 nap","this-month":"Ez a hónap","last-6-months":"Elmúlt 6 hónap","older-than-6-months":"6 hónapnál régebben","month-0":"Január","month-1":"Február","month-2":"Március","month-3":"Április","month-4":"Május","month-5":"Június","month-6":"Július","month-7":"Augusztus","month-8":"Szeptember","month-9":"Október","month-10":"November","month-11":"December","browser":"{{browserBrandShortName}}","start-browsing":"Adjon meg keresőkifejezést vagy webcímet a böngészés megkezdéséhez","top-sites-startPage":"Népszerű oldalak","top-sites-tab":"Népszerű oldalak","browser-settings":"Beállítások","privacy-and-security":"Adatvédelem és biztonság","clear-browsing-history":"Böngészési előzmények törlése","confirm-clear-browsing-history":"Törli a böngészési előzményeket?","clear-cookies-and-stored-data":"Sütik és eltárolt adatok törlése","confirm-clear-cookies-and-stored-data":"Törli a webhelyek által eltárolt sütiket és az adatokat az eszközről?","search-engines":"Keresőszolgáltatások","default-search-engine":"Alapértelmezett keresőszolgáltatás","bookmarks":"Könyvjelző","bookmark":"Könyvjelző","unbookmark":"Könyvjelző törlése","edit-bookmark":"Könyvjelző írása","edit-bookmark-header":"Könyvjelző írása","page-title":"Oldal címe","address":"Cím","add-to-home-screen":"Kezdőképernyőre","username":"Felhasználónév","password":"Jelszó","login":"Bejelentkezés","login-to-a-website":"Bejelentkezés webhelyre","http-authentication-message":"A(z) {{host}} webhely bejelentkezést igényel.","the-username-or-password-is-incorrect":"A felhasználói név vagy jelszó helytelen.","this-is-embarrassing":"Sajnálatos dolog történt","not-responding":"Megpróbáltuk megjeleníteni ezt a weboldalt, de az nem válaszol.","close-tab":"Lap bezárása","reload-tab":"Frissítés","search-for":"Keresés","save-link":"Save linked file","save-image":"Kép mentése","save-video":"Videó mentése","save-audio":"Hang mentése"}