{"brandShortName":"B2G OS","browserBrandShortName":"Browser web","browserBrandFullName":"Browser web Mozilla","ok":"OK","cancel":"Annulla","done":"Fine","enter-search-or-address":{"placeholder":"Cerca o scrivi un indirizzo"},"history":"Cronologia","new-tab":"Nuova scheda","open-in-new-tab":"Apri link in nuova scheda","future":"Futuro","today":"Oggi","yesterday":"Ieri","last-7-days":"Ultimi 7 giorni","this-month":"Questo mese","last-6-months":"Ultimi 6 mesi","older-than-6-months":"Più vecchio di 6 mesi","month-0":"gennaio","month-1":"febbraio","month-2":"marzo","month-3":"aprile","month-4":"maggio","month-5":"giugno","month-6":"luglio","month-7":"agosto","month-8":"settembre","month-9":"ottobre","month-10":"novembre","month-11":"dicembre","browser":"{{browserBrandShortName}}","start-browsing":"Inserire un termine da cercare o un indirizzo per avviare la navigazione.","top-sites-startPage":"Siti principali","top-sites-tab":"Siti principali","browser-settings":"Impostazioni","privacy-and-security":"Privacy e sicurezza","clear-browsing-history":"Elimina cronologia navigazione","confirm-clear-browsing-history":"Eliminare la cronologia di navigazione?","clear-cookies-and-stored-data":"Elimina cookie e dati salvati","confirm-clear-cookies-and-stored-data":"Eliminare i cookie e gli altri dati salvati dai siti su questo dispositivo?","search-engines":"Motori di ricerca","default-search-engine":"Motore di ricerca predefinito","bookmarks":"Segnalibri","bookmark":"Segnalibro","unbookmark":"Elimina segnalibro","edit-bookmark":"Modifica segnalibro","edit-bookmark-header":"Modifica","page-title":"Titolo della pagina","address":"Indirizzo","add-to-home-screen":"Aggiungi alla schermata principale","username":"Nome utente","password":"Password","login":"Accedi","login-to-a-website":"Accedi al sito","http-authentication-message":"È necessario effettuare l’accesso al sito {{host}}.","the-username-or-password-is-incorrect":"Nome utente o password errati.","this-is-embarrassing":"Oops, questo è imbarazzante","not-responding":"Impossibile visualizzare la pagina perché il sito non risponde","close-tab":"Chiudi scheda","reload-tab":"Ricarica","search-for":"Cerca","save-link":"Salva file collegato","save-image":"Salva immagine","save-video":"Salva video","save-audio":"Salva audio"}