{"brandShortName":"B2G OS","browserBrandShortName":"Web ブラウザ","browserBrandFullName":"Mozilla Web ブラウザ","ok":"OK","cancel":"キャンセル","done":"完了","enter-search-or-address":{"placeholder":"検索語かアドレスを入力"},"history":"履歴","new-tab":"新しいタブ","open-in-new-tab":"リンクを新しいタブで開く","future":"未来","today":"今日","yesterday":"昨日","last-7-days":"7日以内","this-month":"今月","last-6-months":"6か月以内","older-than-6-months":"6か月以前","month-0":"1月","month-1":"2月","month-2":"3月","month-3":"4月","month-4":"5月","month-5":"6月","month-6":"7月","month-7":"8月","month-8":"9月","month-9":"10月","month-10":"11月","month-11":"12月","browser":"{{browserBrandShortName}}","start-browsing":"検索語か Web アドレスを入力してください。","top-sites-startPage":"トップサイト","top-sites-tab":"トップサイト","browser-settings":"設定","privacy-and-security":"プライバシーとセキュリティ","clear-browsing-history":"ページの表示履歴を消去","confirm-clear-browsing-history":"ページの表示履歴を消去してもよろしいですか？","clear-cookies-and-stored-data":"Cookie と保存されたデータを消去","confirm-clear-cookies-and-stored-data":"この端末に保存された Web サイトの Cookie とデータを消去してもよろしいですか？","search-engines":"検索エンジン","default-search-engine":"既定の検索エンジン","bookmarks":"ブックマーク","bookmark":"ブックマークに追加","unbookmark":"ブックマークを削除","edit-bookmark":"ブックマークを編集","edit-bookmark-header":"ブックマーク編集","page-title":"タイトル","address":"URL","add-to-home-screen":"ホーム画面に追加","username":"ユーザ名","password":"パスワード","login":"ログイン","login-to-a-website":"Web サイトにログイン","http-authentication-message":"{{host}} へのログインが必要です","the-username-or-password-is-incorrect":"ユーザ名もしくはパスワードが正しくありません","this-is-embarrassing":"ご迷惑をおかけして申し訳ありません。","not-responding":"表示しようとした Web ページからの応答がありません。","close-tab":"タブを閉じる","reload-tab":"再読み込み","search-for":"検索:","save-link":"Save linked file","save-image":"画像を保存","save-video":"動画を保存","save-audio":"音声を保存"}