{"brandShortName":"B2G OS","browserBrandShortName":"កម្មវិធី​អ៊ីនធឺណិត","browserBrandFullName":"កម្មវិធី​អ៊ីនធឺណិត​ Mozilla","ok":"យល់ព្រម","cancel":"បោះបង់","done":"រួចរាល់","enter-search-or-address":{"placeholder":"ស្វែងរក ឬ​បញ្ចូល​អាសយដ្ឋាន"},"history":"ប្រវត្តិ","new-tab":"ផ្ទាំង​ថ្មី","open-in-new-tab":"បើក​តំណ​ក្នុង​ផ្ទាំង​ថ្មី","future":"អនាគត","today":"ថ្ងៃ​នេះ","yesterday":"ម្សិលមិញ","last-7-days":"7 ថ្ងៃ​មុន","this-month":"​ខែ​នេះ","last-6-months":"6 ខែ​មុន","older-than-6-months":"ជាង 6 ខែ​មុន","month-0":"មករា","month-1":"កុម្ភៈ","month-2":"មីនា","month-3":"មេសា","month-4":"ឧសភា","month-5":"មិថុនា","month-6":"កក្កដា","month-7":"សីហា","month-8":"កញ្ញា","month-9":"តុលា","month-10":"វិច្ឆិកា","month-11":"ធ្នូ","browser":"{{browserBrandShortName}}","start-browsing":"បញ្ចូលពាក្យស្វែងរក ឬអាសយដ្ឋានបណ្ដាញដើម្បីចាប់់ផ្ដើមរុករក។","top-sites-startPage":"តំបន់បណ្ដាញ​ពេញ​និយម","top-sites-tab":"តំបន់បណ្ដាញ​ពេញនិយម","browser-settings":"ការកំណត់","privacy-and-security":"ភាពឯកជន & សុវត្ថិភាព","clear-browsing-history":"សម្អាត​ប្រវត្តិ​រុករក","confirm-clear-browsing-history":"សម្អាត​ប្រវត្តិ​រុករក​ឬ?","clear-cookies-and-stored-data":"សម្អាត​ខូគី និង​ទិន្នន័យ​​ដែល​បាន​ផ្ទុក","confirm-clear-cookies-and-stored-data":"សម្អាត​ខូគី និង​ទិន្នន័យ​ផ្សេងៗ​ដែល​បាន​រក្សាទុក​​ដោយ​តំបន់​បណ្ដាញ​លើ​ឧបករណ៍​នេះ?","search-engines":"ម៉ាស៊ីន​ស្វែងរក","default-search-engine":"ម៉ាស៊ីន​ស្វែងរក​លំនាំដើម","bookmarks":"ចំណាំ","bookmark":"ចំណាំ","unbookmark":"មិន​ចំណាំ","edit-bookmark":"កែសម្រួល​ចំណាំ","edit-bookmark-header":"កែសម្រួល​ចំណាំ","page-title":"ចំណង​ជើង​ទំព័រ","address":"អាសយដ្ឋាន","add-to-home-screen":"បន្ថែមទៅអេក្រង់ដើម","username":"ឈ្មោះ​អ្នក​ប្រើ","password":"ពាក្យ​សម្ងាត់","login":"ចូល","login-to-a-website":"ចូល​ទៅ​តំបន់​បណ្ដាញ","http-authentication-message":"តំបន់​បណ្ដាញ {{host}} ទាមទារ​​​អ្នក​ឲ្យ​​ចូល។","the-username-or-password-is-incorrect":"ឈ្មោះ​អ្នក​ប្រើ ឬ​ពាក្យ​សម្ងាត់​មិន​ត្រឹមត្រូវ។","this-is-embarrassing":"នេះ​ពិតជា​ខ្មាស​គេ​មែន។","not-responding":"យើង​បាន​ព្យាយាម​​បង្ហាញ​ទំព័រ​បណ្ដាញ​នេះ តែ​​វា​មិន​ឆ្លើយតប។","close-tab":"បិទ​ផ្ទាំង","reload-tab":"ផ្ទុក​ឡើងវិញ","search-for":"ស្វែងរក","save-link":"រក្សាទុក​ឯកសារ​ដែល​បាន​ភ្ជាប់","save-image":"រក្សាទុក​រូបភាព","save-video":"រក្សាទុក​វីដេអូ","save-audio":"រក្សាទុក​អូឌីយ៉ូ"}