{"brandShortName":"B2G OS","browserBrandShortName":"Saityno naršyklė","browserBrandFullName":"„Mozillos“ saityno naršyklė","ok":"Gerai","cancel":"Atsisakyti","done":"Baigta","enter-search-or-address":{"placeholder":"Ieškokite arba įveskite adresą"},"history":"Žurnalas","new-tab":"Nauja kortelė","open-in-new-tab":"Atverti saitą naujoje kortelėje","future":"Ateitis","today":"Šiandiena","yesterday":"Vakardiena","last-7-days":"Pastarosios 7 dienos","this-month":"Šis mėnuo","last-6-months":"Pastarieji 6 mėnesiai","older-than-6-months":"Seniau nei prieš 6 mėnesius","month-0":"Sausis","month-1":"Vasaris","month-2":"Kovas","month-3":"Balandis","month-4":"Gegužė","month-5":"Birželis","month-6":"Liepa","month-7":"Rugpjūtis","month-8":"Rugsėjis","month-9":"Spalis","month-10":"Lapkritis","month-11":"Gruodis","browser":"{{browserBrandShortName}}","start-browsing":"Įveskite paieškos žodį arba saityno adresą ir pradėkite naršymą.","top-sites-startPage":"Lankomiausi tinklalapiai","top-sites-tab":"Dažniausi","browser-settings":"Nuostatos","privacy-and-security":"Privatumas ir saugumas","clear-browsing-history":"Valyti naršymo žurnalą","confirm-clear-browsing-history":"Išvalyti naršymo žurnalą?","clear-cookies-and-stored-data":"Šalinti slapukus ir kitus įrašytus duomenis","confirm-clear-cookies-and-stored-data":"Pašalinti slapukus ir kitus svetainių šiame įrenginyje įrašytus duomenis?","search-engines":"Ieškyklės","default-search-engine":"Numatytoji ieškyklė","bookmarks":"Adresynas","bookmark":"Įrašyti į adresyną","unbookmark":"Pašalinti iš adresyno","edit-bookmark":"Taisyti adresyno įrašą","edit-bookmark-header":"Adresyno įr. taisa","page-title":"Tinklalapio pavadinimas","address":"Adresas","add-to-home-screen":"Įtraukti į Pradžios ekraną","username":"Abonento vardas","password":"Slaptažodis","login":"Jungtis","login-to-a-website":"Jungimasis prie svetainės","http-authentication-message":"Svetainė {{host}} reikalauja pateikti abonento vardą ir slaptažodį.","the-username-or-password-is-incorrect":"Abonento vardas arba slaptažodis neteisingas.","this-is-embarrassing":"Vaje, kaip apmaudu.","not-responding":"Buvo bandoma atvaizduoti šį tinklalapį, bet jis nebeatsako.","close-tab":"Užverti kortelę","reload-tab":"Įkelti iš naujo","search-for":"Ieškoti","save-link":"Save linked file","save-image":"Įrašyti paveikslą","save-video":"Įrašyti klipą","save-audio":"Įrašyti garsą"}