{"brandShortName":"B2G OS","browserBrandShortName":"Прелистувач","browserBrandFullName":"Прелистувач на Mozilla","ok":"Во ред","cancel":"Откажи","done":"Заврши","enter-search-or-address":{"placeholder":"Внеси пребарување или адреса"},"history":"Историја","new-tab":"Ново јазиче","open-in-new-tab":"Отвори во ново јазиче","future":"Иднина","today":"Денес","yesterday":"Вчера","last-7-days":"Последната седмица","this-month":"Овој месец","last-6-months":"Последното полугодие","older-than-6-months":"Постаро од 6 месеци","month-0":"јануари","month-1":"февруари","month-2":"март","month-3":"април","month-4":"мај","month-5":"јуни","month-6":"јули","month-7":"август","month-8":"септември","month-9":"октомври","month-10":"ноември","month-11":"декември","browser":"{{browserBrandShortName}}","start-browsing":"Внесете пребарување или адреса за да почнете да сурфате.","top-sites-startPage":"Топ-сајтови","top-sites-tab":"Топ-сајтови","browser-settings":"Поставки","privacy-and-security":"Приватност и безбедност","clear-browsing-history":"Исчисти ја сурферската историја","confirm-clear-browsing-history":"Потврди чистење на сурферската историја?","clear-cookies-and-stored-data":"Исчисти ги колачињата и снимените податоци","confirm-clear-cookies-and-stored-data":"Потврди чистење на колачињата и снимените податоци од мрежни места на овој уред?","search-engines":"Пребарувачи","default-search-engine":"Основен пребарувач","bookmarks":"Обележувачи","bookmark":"Обележи","unbookmark":"Одбележи","edit-bookmark":"Уреди обележувач","edit-bookmark-header":"Уреди обележувач","page-title":"Наслов на страницата","address":"Адреса","add-to-home-screen":"Додај на домашен екран","username":"Корисничко име","password":"Лозинка","login":"Пријави се","login-to-a-website":"Пријави се на мрежно место","http-authentication-message":"Мрежното место{{host}} бара да се пријавите.","the-username-or-password-is-incorrect":"Корисничкото име или лозинката не се точни.","this-is-embarrassing":"Ова е засрамувачки.","not-responding":"Пробавме да ја прикажеме страницата, но таа не одговара.","close-tab":"Затвори јазиче","reload-tab":"Вчитај отпочеток","search-for":"Барај за","save-link":"Save linked file","save-image":"Сними ја сликата","save-video":"Сними го видеото","save-audio":"Сними го аудиото"}