{"brandShortName":"B2G OS","browserBrandShortName":"Webbrowser","browserBrandFullName":"Mozilla-webbrowser","ok":"OK","cancel":"Annuleren","done":"Gereed","enter-search-or-address":{"placeholder":"Voer zoekterm of adres in"},"history":"Geschiedenis","new-tab":"Nieuw tabblad","open-in-new-tab":"Koppeling openen in nieuw tabblad","future":"Toekomst","today":"Vandaag","yesterday":"Gisteren","last-7-days":"Afgelopen 7 dagen","this-month":"Deze maand","last-6-months":"Afgelopen 6 maanden","older-than-6-months":"Ouder dan 6 maanden","month-0":"januari","month-1":"februari","month-2":"maart","month-3":"april","month-4":"mei","month-5":"juni","month-6":"juli","month-7":"augustus","month-8":"september","month-9":"oktober","month-10":"november","month-11":"december","browser":"{{browserBrandShortName}}","start-browsing":"Voer een zoekterm of webadres in om met browsen te beginnen.","top-sites-startPage":"Topwebsites","top-sites-tab":"Topwebsites","browser-settings":"Instellingen","privacy-and-security":"Privacy & beveiliging","clear-browsing-history":"Navigatiegeschiedenis wissen","confirm-clear-browsing-history":"Navigatiegeschiedenis wissen?","clear-cookies-and-stored-data":"Cookies en opgeslagen gegevens wissen","confirm-clear-cookies-and-stored-data":"Cookies en andere door websites opgeslagen gegevens op dit apparaat wissen?","search-engines":"Zoekmachines","default-search-engine":"Standaardzoekmachine","bookmarks":"Bladwijzers","bookmark":"Bladwijzer maken","unbookmark":"Bladwijzer verwijderen","edit-bookmark":"Bladwijzer bewerken","edit-bookmark-header":"Bladwijzer bewerken","page-title":"Paginatitel","address":"Adres","add-to-home-screen":"Toevoegen aan startscherm","username":"Gebruikersnaam","password":"Wachtwoord","login":"Aanmelden","login-to-a-website":"Aanmelden bij website","http-authentication-message":"De website {{host}} vereist dat u zich aanmeldt.","the-username-or-password-is-incorrect":"Gebruikersnaam of wachtwoord onjuist.","this-is-embarrassing":"Onze excuses voor het ongemak.","not-responding":"We hebben geprobeerd deze webpagina weer te geven, maar deze reageert niet.","close-tab":"Tabblad sluiten","reload-tab":"Vernieuwen","search-for":"Zoeken naar","save-link":"Gekoppeld bestand opslaan","save-image":"Afbeelding opslaan","save-video":"Video opslaan","save-audio":"Audio opslaan"}