{"brandShortName":"B2G OS","browserBrandShortName":"ਵੈੱਬ ਬਰਾਊਜ਼ਰ","browserBrandFullName":"ਮੋਜ਼ੀਲਾ ਵੈੱਬ ਬਰਾਊਜ਼ਰ","ok":"ਠੀਕ ਹੈ","cancel":"ਰੱਦ ਕਰੋ","done":"ਮੁਕੰਮਲ","enter-search-or-address":{"placeholder":"ਖੋਜੋ ਜਾਂ ਸਿਰਨਾਵਾਂ ਦਿਓ"},"history":"ਅਤੀਤ","new-tab":"ਨਵੀਂ ਟੈਬ","open-in-new-tab":"ਨਵੀਂ ਟੈਬ ਵਿਚ ਲਿੰਕ ਖੋਲ੍ਹੋ","future":"ਭਵਿੱਖ","today":"ਅੱਜ","yesterday":"ਕੱਲ੍ਹ","last-7-days":"ਪਿਛਲੇ 7 ਦਿਹ","this-month":"ਇਹ ਮਹੀਨਾ","last-6-months":"6 ਮਹੀਨੇ ਪੁਰਾਣਾ","older-than-6-months":"6 ਮਹੀਨਿਆਂ ਤੋਂ ਵੱਧ ਪੁਰਾਣਾ","month-0":"ਜਨਵਰੀ","month-1":"ਫਰਵਰੀ","month-2":"ਮਾਰਚ","month-3":"ਅਪਰੈਲ","month-4":"ਮਈ","month-5":"ਜੂਨ","month-6":"ਜੁਲਾਈ","month-7":"ਅਗਸਤ","month-8":"ਸਤੰਬਰ","month-9":"ਅਕਤੂਬਰ","month-10":"ਨਵੰਬਰ","month-11":"ਦਸੰਬਰ","browser":"{{browserBrandShortName}}","start-browsing":"ਬਰਾਊਜ਼ ਕਰਨ ਖੋਜ ਸ਼ਬਦ ਦਿਉ ਜਾਂ ਵੈੱਬ ਸਿਰਨਾਵਾਂ।","top-sites-startPage":"ਚੋਟੀਆਂ ਦੀਆਂ ਸਾਈਟਾਂ","top-sites-tab":"ਚੋਟੀਆਂ ਦੀਆਂ ਸਾਈਟਆਂ","browser-settings":"ਸੈਟਿੰਗ","privacy-and-security":"ਪ੍ਰਾਈਵੇਸੀ ਤੇ ਸੁਰੱਖਿਆ","clear-browsing-history":"ਬਰਾਊਜ਼ਿੰਗ ਅਤੀਤ ਸਾਫ਼ ਕਰੋ","confirm-clear-browsing-history":"ਬਰਾਊਜ਼ਿੰਗ ਅਤੀਤ ਸਾਫ਼ ਕਰਨਾ ਹੈ?","clear-cookies-and-stored-data":"ਕੂਕੀਜ਼ ਤੇ ਸੰਭਾਲਿਆ ਡਾਟਾ ਸਾਫ਼ ਕਰੋ","confirm-clear-cookies-and-stored-data":"ਕੀ ਇਸ ਯੰਤਰ ਉੱਤੇ ਸਾਈਟਾਂ ਵਲੋਂ ਸੰਭਾਲੇ ਗਏ ਕੂਕੀਜ਼ ਤੇ ਹੋਰ ਡਾਟਾ ਸਾਫ਼ ਕਰਨਾ ਹੈ?","search-engines":"ਖੋਜ ਇੰਜਣ","default-search-engine":"ਮੂਲ ਖੋਜ ਇੰਜਣ","bookmarks":"ਬੁੱਕਮਾਰਕ","bookmark":"ਬੁੱਕਮਾਰਕ","unbookmark":"ਬੁੱਕਮਾਰਕ ਕੱਢੋ","edit-bookmark":"ਬੁੱਕਮਾਰਕ ਸੋਧ","edit-bookmark-header":"ਬੁੱਕਮਾਰਕ ਸੋਧ","page-title":"ਸਫ਼ਾ ਟਾਈਟਲ","address":"ਸਿਰਨਾਵਾਂ","add-to-home-screen":"ਹੋਮ ਸਕਰੀਨ ਉੱਤੇ ਜੋੜੋ","username":"ਯੂਜ਼ਰ-ਨਾਂ","password":"ਪਾਸਵਰਡ","login":"ਸਾਇਨ ਇਨ","login-to-a-website":"ਵੈੱਬਸਾਈਟ ਵਿੱਚ ਦਾਖਲ","http-authentication-message":"ਵੈੱਬਸਾਈਟ {{host}} ਨੂੰ ਤੁਹਾਡੇ ਵਲੋਂ ਲਾਗਇਨ ਕਰਨ ਦੀ ਲੋੜ","the-username-or-password-is-incorrect":"ਯੂਜ਼ਰ ਨਾਂ ਜਾਂ ਪਾਸਵਰਡ ਗਲਤ ਹੈ।","this-is-embarrassing":"ਬੇਸ਼ੱਕ ਇਹ ਨਮੋਸ਼ੀ ਭਰਿਆ ਹੈ।","not-responding":"ਅਸੀਂ ਵੈੱਬ ਸਫ਼ਾ ਵਿਖਾਉਣ ਦੀ ਕੋਸ਼ਿਸ਼ ਕੀਤੀ, ਪਰ ਜਵਾਬ ਨਹੀਂ ਦੇ ਰਿਹਾ ਹੈ।","close-tab":"ਟੈਬ ਬੰਦ ਕਰੋ","reload-tab":"ਮੁੜ-ਲੋਡ","search-for":"...ਲਈ ਖੋਜ","save-link":"Save linked file","save-image":"ਚਿੱਤਰ ਸੰਭਾਲੋ","save-video":"ਵੀਡੀਓ ਸੰਭਾਲੋ","save-audio":"ਆਡੀਓ ਸੰਭਾਲੋ"}