{"brandShortName":"B2G OS","browserBrandShortName":"Web Browser","browserBrandFullName":"Mozilla Web Browser","ok":"OK","cancel":"Anuluj","done":"Gotowe","enter-search-or-address":{"placeholder":"Wpisz zapytanie lub adres"},"history":"Historia","new-tab":"Nowa karta","open-in-new-tab":"Otwórz w nowej karcie","future":"Z przyszłości","today":"Dziś","yesterday":"Wczoraj","last-7-days":"Ostatnie 7 dni","this-month":"Ten miesiąc","last-6-months":"Ostatnie pół roku","older-than-6-months":"Starsze niż pół roku","month-0":"Styczeń","month-1":"Luty","month-2":"Marzec","month-3":"Kwiecień","month-4":"Maj","month-5":"Czerwiec","month-6":"Lipiec","month-7":"Sierpień","month-8":"Wrzesień","month-9":"Październik","month-10":"Listopad","month-11":"Grudzień","browser":"{{browserBrandShortName}}","start-browsing":"Wprowadź słowa do wyszukania albo adres strony, aby zacząć przeglądanie.","top-sites-startPage":"Popularne","top-sites-tab":"Popularne","browser-settings":"Ustawienia","privacy-and-security":"Prywatność i bezpieczeństwo","clear-browsing-history":"Wyczyść historię przeglądania","confirm-clear-browsing-history":"Wyczyścić historię przeglądania?","clear-cookies-and-stored-data":"Wyczyść ciasteczka i dane","confirm-clear-cookies-and-stored-data":"Wyczyścić ciasteczka i inne dane przechowywane przez strony na tym urządzeniu?","search-engines":"Wyszukiwarki","default-search-engine":"Domyślna wyszukiwarka","bookmarks":"Zakładki","bookmark":"Dodaj zakładkę","unbookmark":"Usuń zakładkę","edit-bookmark":"Edytuj zakładkę","edit-bookmark-header":"Edycja zakładki","page-title":"Tytuł strony","address":"Adres","add-to-home-screen":"Dodaj do ekranu głównego","username":"Nazwa użytkownika","password":"Hasło","login":"Zaloguj","login-to-a-website":"Zaloguj na stronie","http-authentication-message":"Strona {{host}} wymaga logowania","the-username-or-password-is-incorrect":"Błędna nazwa użytkownika lub hasło.","this-is-embarrassing":"Cóż, to dość kłopotliwe…","not-responding":"Staraliśmy się wyświetlić tę stronę, ona jednak nie odpowiada.","close-tab":"Zamknij kartę","reload-tab":"Odśwież","search-for":"Szukaj:","save-link":"Zapisz docelowy plik","save-image":"Zapisz obrazek","save-video":"Zapisz film","save-audio":"Zapisz dźwięk"}