{"brandShortName":"B2G OS","browserBrandShortName":"Веб-браузер","browserBrandFullName":"Веб-браузер Mozilla","ok":"OK","cancel":"Отмена","done":"Готово","enter-search-or-address":{"placeholder":"Введите запрос или адрес"},"history":"История","new-tab":"Новая вкладка","open-in-new-tab":"Открыть ссылку в новой вкладке","future":"В будущем","today":"Сегодня","yesterday":"Вчера","last-7-days":"Последние 7 дней","this-month":"Этот месяц","last-6-months":"Последние 6 месяцев","older-than-6-months":"Раньше 6 месяцев","month-0":"Январь","month-1":"Февраль","month-2":"Март","month-3":"Апрель","month-4":"Май","month-5":"Июнь","month-6":"Июль","month-7":"Август","month-8":"Сентябрь","month-9":"Октябрь","month-10":"Ноябрь","month-11":"Декабрь","browser":"{{browserBrandShortName}}","start-browsing":"Для начала веб-сёрфинга введите поисковый запрос или адрес сайта.","top-sites-startPage":"Топ сайтов","top-sites-tab":"Топ сайтов","browser-settings":"Настройки","privacy-and-security":"Приватность и Защита","clear-browsing-history":"Удалить историю веб-сёрфинга","confirm-clear-browsing-history":"Удалить историю веб-сёрфинга?","clear-cookies-and-stored-data":"Удалить куки и сохранённые данные","confirm-clear-cookies-and-stored-data":"Удалить куки и другие данные, сохранённые сайтами на этом устройстве?","search-engines":"Поисковые системы","default-search-engine":"Поисковая система по умолчанию","bookmarks":"Закладки","bookmark":"Закладка","unbookmark":"Удалить","edit-bookmark":"Изменить","edit-bookmark-header":"Изменить","page-title":"Заголовок страницы","address":"Адрес","add-to-home-screen":"На домашний экран","username":"Имя пользователя","password":"Пароль","login":"Войти","login-to-a-website":"Вход на веб-сайт","http-authentication-message":"Веб-сайт {{host}} просит вас авторизоваться.","the-username-or-password-is-incorrect":"Неверное имя пользователя или пароль.","this-is-embarrassing":"Ой, вот ведь незадача","not-responding":"Мы попытались отобразить эту веб-страницу, но она не отвечает.","close-tab":"Закрыть","reload-tab":"Обновить","search-for":"Искать","save-link":"Save linked file","save-image":"Сохранить изображение","save-video":"Сохранить видео","save-audio":"Сохранить аудио"}