{"brandShortName":"B2G OS","browserBrandShortName":"Shfletues Web","browserBrandFullName":"Shfletuesi Web i Mozilla-s","ok":"OK","cancel":"Anuloje","done":"U bë","enter-search-or-address":{"placeholder":"Jepni term kërkimi ose adresë"},"history":"Historik","new-tab":"Skedë e re","open-in-new-tab":"Hape lidhjen në skedë të re","future":"Në të ardhmen","today":"Sot","yesterday":"Dje","last-7-days":"7 ditët e fundit","this-month":"Këtë muaj","last-6-months":"6 muajt e fundit","older-than-6-months":"Më herët se 6 muaj","month-0":"Janar","month-1":"Shkurt","month-2":"Mars","month-3":"Prill","month-4":"Maj","month-5":"Qershor","month-6":"Korrik","month-7":"Gusht","month-8":"Shtator","month-9":"Tetor","month-10":"Nëntor","month-11":"Dhjetor","browser":"{{browserBrandShortName}}","start-browsing":"Që të filloni shfletimin, jepni një term kërkimi ose një adresë Web.","top-sites-startPage":"Sajte kryesues","top-sites-tab":"Sajte kryesues","browser-settings":"Rregullime","privacy-and-security":"Privatësi & Siguri","clear-browsing-history":"Pastroni historikun e shfletimeve","confirm-clear-browsing-history":"Të pastrohet historiku i shfletimeve?","clear-cookies-and-stored-data":"Pastroni cookie-t dhe të dhëna të depozituara","confirm-clear-cookies-and-stored-data":"Të pastrohen cookie-t dhe të tjera të dhëna të depozituara në këtë pajisje nga sajte?","search-engines":"Motorë Kërkimesh","default-search-engine":"Motor parazgjedhje kërkimesh","bookmarks":"Faqerojtës","bookmark":"Faqeruaje","unbookmark":"Shfaqeruaje","edit-bookmark":"Përpunoni faqerojtësin","edit-bookmark-header":"Përpunoni faqerojtësin","page-title":"Titull faqeje","address":"Adresë","add-to-home-screen":"Shtoje te skena e kreut","username":"Emër përdoruesi","password":"Fjalëkalimi","login":"Hyni","login-to-a-website":"Hyni te një sajt web","http-authentication-message":"Sajti web {{host}} lyp të bëni hyrje.","the-username-or-password-is-incorrect":"Emri i përdoruesit ose fjalëkalimi është i pasaktë.","this-is-embarrassing":"Hmmm, kjo na bën të skuqemi.","not-responding":"Provuam ta shfaqnim këtë faqe Web, por nuk po përgjigjet.","close-tab":"Mbylle skedën","reload-tab":"Ringarkoje","search-for":"Kërko për","save-link":"Save linked file","save-image":"Ruaje Figurën","save-video":"Ruaje Videon","save-audio":"Ruaje Audion"}