{"brandShortName":"B2G OS","browserBrandShortName":"網頁瀏覽器","browserBrandFullName":"Mozilla 網頁瀏覽器","ok":"確定","cancel":"取消","done":"完成","enter-search-or-address":{"placeholder":"搜尋或輸入網址"},"history":"歷史","new-tab":"新分頁","open-in-new-tab":"用新分頁開啟鏈結","future":"未來","today":"今天","yesterday":"昨天","last-7-days":"最近七天","this-month":"這個月","last-6-months":"最近六個月","older-than-6-months":"超過六個月","month-0":"一月","month-1":"二月","month-2":"三月","month-3":"四月","month-4":"五月","month-5":"六月","month-6":"七月","month-7":"八月","month-8":"九月","month-9":"十月","month-10":"十一月","month-11":"十二月","browser":"{{browserBrandShortName}}","start-browsing":"輸入要搜尋的辭彙或網址以開始瀏覽。","top-sites-startPage":"最常瀏覽","top-sites-tab":"最常瀏覽","browser-settings":"設定","privacy-and-security":"隱私與安全性","clear-browsing-history":"清除瀏覽紀錄","confirm-clear-browsing-history":"是否要清除瀏覽紀錄？","clear-cookies-and-stored-data":"清除 Cookie 與儲存的資料","confirm-clear-cookies-and-stored-data":"是否要清除此裝置上儲存的 Cookie 與其他由網站所儲存的資料？","search-engines":"搜尋引擎","default-search-engine":"預設搜尋引擎","bookmarks":"書籤","bookmark":"書籤","unbookmark":"自書籤移除","edit-bookmark":"編輯書籤","edit-bookmark-header":"編輯書籤","page-title":"頁面標題","address":"網址","add-to-home-screen":"新增至裝置主畫面","username":"使用者名稱","password":"密碼","login":"登入","login-to-a-website":"登入至網站","http-authentication-message":"{{host}} 網站要求您登入。","the-username-or-password-is-incorrect":"帳號或密碼不正確。","this-is-embarrassing":"哎呀，真尷尬。","not-responding":"已嘗試顯示此網頁但沒有回應。","close-tab":"關閉分頁","reload-tab":"重新載入","search-for":"搜尋","save-link":"儲存鏈結檔案","save-image":"儲存圖片","save-video":"儲存影片","save-audio":"儲存音樂"}