{"topup-confirmation-title2":"Употреба","topup-confirmation-message":"Потвърдено презареждане","topup-incorrectcode-title2":"Употреба","topup-incorrectcode-message3":"Грешен код за презареждане.","updating":"Обновяване","updating-ellipsis":"Обновяване…","yesterday":"Вчера","today":"Днес","never":"Никога","magnitude":"{{value}} {{unit}}","currency":"{{currency}}{{value}}","widget":"Употреба Блок","widget-authed-sim-heading":"Сложена е нова SIM карта от {{provider}}","widget-authed-sim-meta":"Натиснете, за да следите употребата ѝ","widget-nonauthed-sim-heading":"Сложена е нова SIM карта","widget-nonauthed-sim-meta":"Натиснете, за да следите употребата ѝ","widget-airplane-mode-heading":"Airplane Mode","widget-airplane-mode-meta":"Please, turn off airplane mode to enable Usage.","widget-no-sim2-heading":"Липсва SIM карта","widget-no-sim2-meta":"Сложете SIM, за да ползвате Употреба","widget-sim-locked-heading":"Заключена SIM карта","widget-sim-locked-meta":"Отключете я, за да ползвате Употреба","fte":"Първи стъпки в Употреба","fte-authed-sim":"Спестете пари, като следите използването на своя телефон и интернет трафик.","fte-nonauthed-sim":"Спестете пари, като следите използването на интернет трафик.","fte-no-sim":"Получете ясна информация, за това колко трафик използвате.","fte-sim-info2":"Информацията показана в Употреба идва директно от устройството. Свържете се с оператор, за подробна информация.","fte-plantype-title":"Тип договор","fte-plantype-hint":"Изберете типа договор, който имате с оператора.","fte-prepaid2-title":"Предупреждение за нисък баланс","fte-prepaid2-hint":"Задайте предупреждение, за да избегнете изчерпването на сметката.","fte-prepaid3-title":"Отчет за данни и предупреждение","fte-prepaid3-hint":"Получавайте отчет за използването на Интернет и задайте предупреждение, за да избегнете прекалено използване.","fte-postpaid2-title":"Телефон и отчет за данни","fte-postpaid2-hint":"Получавайте отчети за използването своя телефон и Интернет.","fte-postpaid3-title":"Използване на данни","fte-postpaid3-hint":"Задайте предупреждение, за да избегнете използването на прекалено много данни.","fte-onlydata2-title":"Отчет за данни","fte-onlydata2-hint":"Получавайте отчет за своето използване на Интернет.","fte-onlydata3-title":"Използване на данни","fte-onlydata3-hint":"Задайте предупреждение, за да избегнете използването на прекалено много данни.","phone-activity":"Телефонна активност","balance":"Баланс","on-roaming-message2":"Роуминг: липсва автоматично обновление на баланса. Може да бъдете таксуван, за ръчно обновление.","balance-error-message2":"Балансът не беше обновен правилно. Опитайте ръчно обновление.","airplane-mode-error-message2":"Изключете самолетния режим, за да обновите своя баланс или да презаредите. ","disable-airplane-mode":"Искате ли да изключите самолетния режим, за да обновите своя баланс или да презаредите?","no-coverage-error-message2":"Имате нужда от обхват, за да обновите своя баланс или да презаредите.","top-up":"Презареждане","enter-top-up-code":"Въведете кода за презареждане","top-up-code-explanation2":"Намерете го на скреч картата или върху касовата бележка.","wait-for-confirmation":"Ще получите потвърждение","incorrect-code2":"Проверете кода и опитайте отново.","topup-error2":"Възникна проблем при изпращането на кода. Моля, опитайте отново.","application-error-title":"Услугата е недостъпна","application-error-message":"Свържете се с оператор","service-unavailable-title":"Услугата е недостъпна","service-unavailable-message":"В момента не е възможно обновление или презареждане. Моля, опитайте по-късно.","data-usage":"Използване на данни","update-button":"Обновление","topup-button2":"Използване на код за презареждане","topup-ussd-button2":"Отваряне на меню за презареждане","ok":"Добре","top-up-in-progress2":"В момента се осъществява презаредането.","top-up-timed-out2":"Обновете баланса си, за да потвърдите. Ако балансът е непроменен, опитайте да презаредите отново. ","on-topup-not-confirmed-title":"Презареждането не е потвърдено","on-topup-not-confirmed-message":"Опитайте да обновите баланса си или повторете презареждането.","send":"изпращане","plantype-setup-title":"Моите телефон и Интернет план са","prepaid":"Предплатен","postpaid":"Договор","phoneactivity":"Телефонна активност","short-date-format":"%b, %d","sms-sent":"Изпратени SMS","call-made":"Направени обаждания","settings":"Настройки","low-balance-alert":"Предупреждение за нисък баланс","low-balance-explanation2":"Когато балансът е под","phone-and-internet-data-report":"Телефонен и Интернет отчет за данни","internet-data-report":"Internet data report","starting-on":"Започва на","cancel":"Отказ","monthly":"Месечно","weekly":"Седмично","monday":"Понеделник","tuesday":"Вторник","wednesday":"Сряда","thursday":"Четвъртък","friday":"Петък","saturday":"Събота","sunday":"Неделя","billing-cycle-ends":"Периодът на таксуване приключва","tracking-will-reset":"Следенето ще се нулира на тази дата","yes":"Да","done":"Готово","confirmation":"Потвърждение","reset-confirmation-warning":"Настоящите данни ще бъдат изтрити. Сигурни ли сте, че искате да нулирате?","reset":"Нулиране","reset-wifi":"Нулиране на Wi-Fi потребление","reset-mobile":"Нулиране на потребление на мобилни данни","reset-all-data-usage":"Нулиране на потребление на мобилни и Wi-Fi данни","not-set":"Не е зададено","used":"Използвани","limit-passed":"Лимитът е преминат","limit":"Лимит","data-limit-header":"Лимит на данни","data-limit-alert":"Предупреждение за използването на данни","data-limit-value2":"Когато използването е над","data-limit-dialog-title2":"Задайте предупреждение за лимит на мобилни данни","data-limit-dialog-explanation2":"Скоростта на трансфер се намалява след като лимита е достигнат. Проверете при оператор, за да зададете правилно ниво за предупреждение.","wifi-usage":"Wi-Fi трафик","mobile-usage":"Мобилен трафик","wifi-usage-settings":"Wi-Fi usage","mobile-usage-settings":"Mobile usage","im-prepaid":"Предплатен","im-postpaid":"Договор","reset-data-usage":"Нулиране на потреблението на данни","reset-report":"Нилиране на отчет","next":"Напред","back":"Назад","lets-go":"Да започнем!","alert":"Предупреждение","alert-limit":"Предупреждение за лимит","fte-welcome-title":"Добре дошли","data-limit-notification-title2":"{{limit}} на използвани данни","data-limit-notification-text2":"Достигнахте избрания лимит","low-balance-notification-title":"Нисък баланс","low-balance-notification-text":"{{remaining}} оставащ кредит","zero-balance-message":"Балансът достигна нула, няма повече кредит.","not-available":"Не е наличен","usage":"Употреба","internet":"Интернет","phone":"Телефон","loading-interface-data":"Зареждане на интерфейсни данни. Моля опитайте пак по-късно.","verbose-chart-date-format":"{{em-month}} {{monthday-number}}","day-hour-format":"{{day}}, {{time}}","B":"B","KB":"KB","MB":"MB","GB":"GB","weekday-0-long":"Неделя","weekday-1-long":"Понеделник","weekday-2-long":"Вторник","weekday-3-long":"Сряда","weekday-4-long":"Четвъртък","weekday-5-long":"Петък","weekday-6-long":"Събота","weekday-0-short":"Нед","weekday-1-short":"Пон","weekday-2-short":"Вт","weekday-3-short":"Ср","weekday-4-short":"Чет","weekday-5-short":"Пет","weekday-6-short":"Съб","month-0-long":"Януари","month-1-long":"Февруари","month-2-long":"Maрт","month-3-long":"Aприл","month-4-long":"Май","month-5-long":"Юни","month-6-long":"Юли","month-7-long":"Август","month-8-long":"Септември","month-9-long":"Oктомври","month-10-long":"Ноември","month-11-long":"Декември","month-0-genitive":"Януари","month-1-genitive":"Февруари","month-2-genitive":"Maрт","month-3-genitive":"Aприл","month-4-genitive":"Май","month-5-genitive":"Юни","month-6-genitive":"Юли","month-7-genitive":"Август","month-8-genitive":"Септември","month-9-genitive":"Oктомври","month-10-genitive":"Ноември","month-11-genitive":"Декември","month-0-short":"Ян","month-1-short":"Фев","month-2-short":"Мар","month-3-short":"Апр","month-4-short":"Май","month-5-short":"Юни","month-6-short":"Юли","month-7-short":"Авг","month-8-short":"Сеп","month-9-short":"Окт","month-10-short":"Ное","month-11-short":"Дек","minutes-ago-long":{"_index":["plural","value"],"_":{"zero":"в момента","one":"преди минута","two":"преди {{value}} минути","few":"преди {{value}} минути","many":"преди {{value}} минути","other":"преди {{value}} минути"}},"hours-ago-long":{"_index":["plural","value"],"_":{"zero":"в момента","one":"преди час","two":"преди {{value}} часа","few":"преди {{value}} часа","many":"преди {{value}} часа","other":"преди {{value}} часа"}},"days-ago-long":{"_index":["plural","value"],"_":{"zero":"днес","one":"вчера","two":"преди {{value}} дни","few":"преди {{value}} дни","many":"преди {{value}} дни","other":"преди {{value}} дни"}},"weeks-ago-long":{"_index":["plural","value"],"_":{"zero":"тази седмица","one":"миналата седмица","two":"преди {{value}} седмици","few":"преди {{value}} седмици","many":"преди {{value}} седмици","other":"преди {{value}} седмици"}},"months-ago-long":{"_index":["plural","value"],"_":{"zero":"този месец","one":"миналия месец","two":"преди {{value}} месеца","few":"преди {{value}} месеца","many":"преди {{value}} месеца","other":"преди {{value}} месеца"}},"years-ago-long":{"_index":["plural","value"],"_":{"zero":"тази година","one":"миналата година","two":"преди {{value}} години","few":"преди {{value}} години","many":"преди {{value}} години","other":"преди {{value}} години"}},"minutes-until-long":{"_index":["plural","value"],"_":{"zero":"now","one":"in a minute","two":"in {{value}} minutes","few":"in {{value}} minutes","many":"in {{value}} minutes","other":"in {{value}} minutes"}},"hours-until-long":{"_index":["plural","value"],"_":{"zero":"сега","one":"до един час","two":"след {{value}} часа","few":"след {{value}} часа","many":"след {{value}} часа","other":"след {{value}} часа"}},"days-until-long":{"_index":["plural","value"],"_":{"zero":"днес","one":"утре","two":"след {{value}} дни","few":"след {{value}} дни","many":"след {{value}} дни","other":"след {{value}} дни"}},"weeks-until-long":{"_index":["plural","value"],"_":{"zero":"тази седмица","one":"другата седмица","two":"след {{value}} седмици","few":"след {{value}} седмици","many":"след {{value}} седмици","other":"след {{value}} седмици"}},"months-until-long":{"_index":["plural","value"],"_":{"zero":"този месец","one":"другия месец","two":"след {{value}} месеца","few":"след {{value}} месеца","many":"след {{value}} месеца","other":"след {{value}} месеца"}},"years-until-long":{"_index":["plural","value"],"_":{"zero":"тази година","one":"следващата година","two":"след {{value}} години","few":"след {{value}} години","many":"след {{value}} години","other":"след {{value}} години"}},"minutes-ago-short":{"_index":["plural","value"],"_":{"zero":"в момента","other":"преди {{value}}мин."}},"hours-ago-short":{"_index":["plural","value"],"_":{"zero":"в момента","other":"преди {{value}}ч."}},"days-ago-short":{"_index":["plural","value"],"_":{"zero":"днес","other":"преди {{value}}дни"}},"minutes-until-short":{"_index":["plural","value"],"_":{"zero":"сега","other":"след {{value}}мин."}},"hours-until-short":{"_index":["plural","value"],"_":{"zero":"сега","other":"след {{value}}ч."}},"days-until-short":{"_index":["plural","value"],"_":{"zero":"днес","other":"след {{value}}дни"}},"incorrectDate":"(невалидна дата)","dateTimeFormat_%c":"%a, %e %b %Y %H:%M:%S","dateTimeFormat_%x":"%d %m %Y","dateTimeFormat_%X":"%H:%M:%S","shortTimeFormat":"%H:%M","shortDateTimeFormat":"%x %H:%M","weekStartsOnMonday":"1","time_am":"AM","time_pm":"PM"}