{"topup-confirmation-title2":"Consum","topup-confirmation-message":"Recàrrega confirmada","topup-incorrectcode-title2":"Consum","topup-incorrectcode-message3":"S'ha introduït un codi de recàrrega incorrecte.","updating":"S'està actualitzant","updating-ellipsis":"S'està actualitzant…","yesterday":"Ahir","today":"Avui","never":"Mai","magnitude":"{{value}} {{unit}}","currency":"{{value}} {{currency}}","widget":"Giny Consum","widget-authed-sim-heading":"S'ha inserit una SIM de {{provider}} nova","widget-authed-sim-meta":"Controleu el consum del telèfon i Internet","widget-nonauthed-sim-heading":"S'ha inserit una SIM nova","widget-nonauthed-sim-meta":"Controleu el consum d'Internet","widget-airplane-mode-heading":"Mode d'avió","widget-airplane-mode-meta":"Apagueu el mode d'avió per activar el Consum.","widget-no-sim2-heading":"No s'ha inserit cap SIM","widget-no-sim2-meta":"Inseriu una SIM per veure el consum","widget-sim-locked-heading":"Targeta SIM bloquejada","widget-sim-locked-meta":"Desbloquegeu la SIM per veure el consum","fte":"Consum: Primer ús","fte-authed-sim":"Estalvieu controlant el consum del telèfon i d'Internet.","fte-nonauthed-sim":"Estalvieu controlant el consum d'Internet.","fte-no-sim":"Vegeu informació precisa de la quantitat de dades d'Internet que consumiu.","fte-sim-info2":"La informació que es mostra del consum prové directament del dispositiu. Consulteu el vostre proveïdor per obtenir una informació més detallada.","fte-plantype-title":"Tipus de contracte","fte-plantype-hint":"Trieu el tipus de contracte que teniu amb el proveïdor de servei mòbil.","fte-prepaid2-title":"Alerta de saldo baix","fte-prepaid2-hint":"Definiu una alerta per evitar quedar-vos sense crèdit.","fte-prepaid3-title":"Informe i alerta de dades","fte-prepaid3-hint":"Rebeu informes del vostre consum d'Internet i definiu una alerta per evitar un consum excessiu.","fte-postpaid2-title":"Informe del telèfon i de dades","fte-postpaid2-hint":"Rebeu informes del vostre consum de telèfon i d'Internet.","fte-postpaid3-title":"Alerta de dades","fte-postpaid3-hint":"Definiu una alerta per evitar un consum excessiu de dades.","fte-onlydata2-title":"Informe de dades","fte-onlydata2-hint":"Rebeu informes del vostre consum d'Internet.","fte-onlydata3-title":"Alerta de dades","fte-onlydata3-hint":"Definiu una alerta per evitar un consum excessiu de dades.","phone-activity":"Activitat del telèfon","balance":"Saldo","on-roaming-message2":"Itinerància: el saldo no s'actualitza automàticament. Actualitzar-lo manualment pot comportar despeses addicionals.","balance-error-message2":"El saldo no s'ha actualitzat correctament. Proveu d'actualitzar-lo manualment.","airplane-mode-error-message2":"Desactiveu el mode d'avió per actualitzar el saldo o recarregar.","disable-airplane-mode":"Voleu desactivar el mode d'avió per actualitzar o recarregar?","no-coverage-error-message2":"Cal que tingueu cobertura telefònica per actualitzar el saldo o recarregar.","top-up":"Recàrrega","enter-top-up-code":"Inseriu el codi de recàrrega","top-up-code-explanation2":"El trobareu al requadre per rascar o directament a la factura.","wait-for-confirmation":"Rebreu un missatge de confirmació","incorrect-code2":"Assegureu-vos que el codi és correcte i torneu-ho a provar.","topup-error2":"S'ha produït un problema en enviar el codi. Torneu-ho a provar.","application-error-title":"Servei no disponible","application-error-message":"Contacteu amb el vostre proveïdor","service-unavailable-title":"Servei no disponible","service-unavailable-message":"No és possible cap actualització ni recàrrega en aquest moment. Proveu-ho més tard.","data-usage":"Consum de dades","update-button":"Actualitza","topup-button2":"Utilitza el codi de recàrrega","topup-ussd-button2":"Obre el menú de recàrrega","ok":"D'acord","top-up-in-progress2":"S'està processant la recàrrega.","top-up-timed-out2":"Actualitzeu el vostre saldo per confirmar. Si el saldo no canvia, proveu de tornar a recarregar.","on-topup-not-confirmed-title":"No s'ha confirmat la recàrrega","on-topup-not-confirmed-message":"Proveu d'actualitzar el saldo o de tornar a fer una recàrrega.","send":"envia","plantype-setup-title":"El meu pla de telèfon i Internet és","prepaid":"Prepagament","postpaid":"Contracte","phoneactivity":"Activitat del telèfon","short-date-format":"%e %b","sms-sent":"SMS enviats","call-made":"Trucades fetes","settings":"Paràmetres","low-balance-alert":"Alerta de saldo baix","low-balance-explanation2":"Si el saldo és menys de","phone-and-internet-data-report":"Informe de dades de telèfon i Internet","internet-data-report":"Internet data report","starting-on":"A partir del dia","cancel":"Cancel·la","monthly":"Mensualment","weekly":"Setmanalment","monday":"Dilluns","tuesday":"Dimarts","wednesday":"Dimecres","thursday":"Dijous","friday":"Divendres","saturday":"Dissabte","sunday":"Diumenge","billing-cycle-ends":"El cicle de facturació finalitza el","tracking-will-reset":"El seguiment es reiniciarà en aquesta data","yes":"Sí","done":"Fet","confirmation":"Confirmació","reset-confirmation-warning":"S'eliminaran totes les dades actuals. Voleu continuar?","reset":"Reinicia","reset-wifi":"Reinicia l'ús de Wi-Fi","reset-mobile":"Reinicia l'ús del mòbil","reset-all-data-usage":"Reinicia les dades de mòbil i Wi-Fi","not-set":"No definit","used":"Consumits","limit-passed":"Límit excedit","limit":"Límit","data-limit-header":"Límit de dades","data-limit-alert":"Alerta de consum de dades","data-limit-value2":"Si el consum supera","data-limit-dialog-title2":"Introduïu una alerta de límit de dades mòbils","data-limit-dialog-explanation2":"Normalment, la velocitat de la connexió es redueix quan s'arriba al límit. Consulteu amb el proveïdor de dades per definir un nivell d'alerta adequat.","wifi-usage":"Ús de Wi-Fi","mobile-usage":"Ús del mòbil","wifi-usage-settings":"Ús de Wi-Fi","mobile-usage-settings":"Ús del mòbil","im-prepaid":"Sóc de prepagament","im-postpaid":"Sóc de contracte","reset-data-usage":"Reinicia el consum de dades","reset-report":"Reinicia l'informe","next":"Següent","back":"Enrere","lets-go":"Som-hi!","alert":"Alerta","alert-limit":"Límit d'alerta","fte-welcome-title":"Benvinguts","data-limit-notification-title2":"{{limit}} de consum de dades","data-limit-notification-text2":"Heu arribat al límit que vau definir","low-balance-notification-title":"Saldo baix","low-balance-notification-text":"{{remaining}} de crèdit restant al telèfon","zero-balance-message":"El saldo és zero; no us queda crèdit al telèfon.","not-available":"No disponible","usage":"Consum","internet":"Internet","phone":"Telèfon","loading-interface-data":"S'estan carregant les dades de la interfície. Torneu-ho a provar més tard.","verbose-chart-date-format":"{{monthday-number}} {{em-month}}","day-hour-format":"{{day}}, {{time}}","B":"B","KB":"kB","MB":"MB","GB":"GB","weekday-0-long":"diumenge","weekday-1-long":"dilluns","weekday-2-long":"dimarts","weekday-3-long":"dimecres","weekday-4-long":"dijous","weekday-5-long":"divendres","weekday-6-long":"dissabte","weekday-0-short":"dg","weekday-1-short":"dl","weekday-2-short":"dt","weekday-3-short":"dc","weekday-4-short":"dj","weekday-5-short":"dv","weekday-6-short":"ds","month-0-long":"gener","month-1-long":"febrer","month-2-long":"març","month-3-long":"abril","month-4-long":"maig","month-5-long":"juny","month-6-long":"juliol","month-7-long":"agost","month-8-long":"setembre","month-9-long":"octubre","month-10-long":"novembre","month-11-long":"desembre","month-0-genitive":"de gener","month-1-genitive":"de febrer","month-2-genitive":"de març","month-3-genitive":"d'abril","month-4-genitive":"de maig","month-5-genitive":"de juny","month-6-genitive":"de juliol","month-7-genitive":"d'agost","month-8-genitive":"de setembre","month-9-genitive":"d'octubre","month-10-genitive":"de novembre","month-11-genitive":"de desembre","month-0-short":"gen","month-1-short":"febr","month-2-short":"març","month-3-short":"abr","month-4-short":"maig","month-5-short":"juny","month-6-short":"jul","month-7-short":"ag","month-8-short":"set","month-9-short":"oct","month-10-short":"nov","month-11-short":"des","minutes-ago-long":{"_index":["plural","value"],"_":{"zero":"ara","one":"fa un minut","two":"fa {{value}} minuts","few":"fa {{value}} minuts","many":"fa {{value}} minuts","other":"fa {{value}} minuts"}},"hours-ago-long":{"_index":["plural","value"],"_":{"zero":"ara","one":"fa una hora","two":"fa {{value}} hores","few":"fa {{value}} hores","many":"fa {{value}} hores","other":"fa {{value}} hores"}},"days-ago-long":{"_index":["plural","value"],"_":{"zero":"avui","one":"ahir","two":"fa {{value}} dies","few":"fa {{value}} dies","many":"fa {{value}} dies","other":"fa {{value}} dies"}},"weeks-ago-long":{"_index":["plural","value"],"_":{"zero":"aquesta setmana","one":"la setmana passada","two":"fa {{value}} setmanes","few":"fa {{value}} setmanes","many":"fa {{value}} setmanes","other":"fa {{value}} setmanes"}},"months-ago-long":{"_index":["plural","value"],"_":{"zero":"aquest mes","one":"el mes passat","two":"fa {{value}} mesos","few":"fa {{value}} mesos","many":"fa {{value}} mesos","other":"fa {{value}} mesos"}},"years-ago-long":{"_index":["plural","value"],"_":{"zero":"enguany","one":"l'any passat","two":"fa {{value}} anys","few":"fa {{value}} anys","many":"fa {{value}} anys","other":"fa {{value}} anys"}},"minutes-until-long":{"_index":["plural","value"],"_":{"zero":"ara","one":"d'aquí un minut","two":"d'aquí {{value}} minuts","few":"d'aquí {{value}} minuts","many":"d'aquí {{value}} minuts","other":"d'aquí {{value}} minuts"}},"hours-until-long":{"_index":["plural","value"],"_":{"zero":"ara","one":"d'aquí una hora","two":"d'aquí {{value}} hores","few":"d'aquí {{value}} hores","many":"d'aquí {{value}} hores","other":"d'aquí {{value}} hores"}},"days-until-long":{"_index":["plural","value"],"_":{"zero":"avui","one":"demà","two":"d'aquí {{value}} dies","few":"d'aquí {{value}} dies","many":"d'aquí {{value}} dies","other":"d'aquí {{value}} dies"}},"weeks-until-long":{"_index":["plural","value"],"_":{"zero":"aquesta setmana","one":"la setmana que ve","two":"d'aquí {{value}} setmanes","few":"d'aquí {{value}} setmanes","many":"d'aquí {{value}} setmanes","other":"d'aquí {{value}} setmanes"}},"months-until-long":{"_index":["plural","value"],"_":{"zero":"aquest mes","one":"el mes que ve","two":"d'aquí {{value}} mesos","few":"d'aquí {{value}} mesos","many":"d'aquí {{value}} mesos","other":"d'aquí {{value}} mesos"}},"years-until-long":{"_index":["plural","value"],"_":{"zero":"enguany","one":"l'any que ve","two":"d'aquí {{value}} anys","few":"d'aquí {{value}} anys","many":"d'aquí {{value}} anys","other":"d'aquí {{value}} anys"}},"minutes-ago-short":{"_index":["plural","value"],"_":{"zero":"ara","other":"fa {{value}} m"}},"hours-ago-short":{"_index":["plural","value"],"_":{"zero":"ara","other":"fa {{value}} h"}},"days-ago-short":{"_index":["plural","value"],"_":{"zero":"avui","other":"fa {{value}} d"}},"minutes-until-short":{"_index":["plural","value"],"_":{"zero":"ara","other":"d'aquí {{value}} m"}},"hours-until-short":{"_index":["plural","value"],"_":{"zero":"ara","other":"d'aquí {{value}} h"}},"days-until-short":{"_index":["plural","value"],"_":{"zero":"avui","other":"d'aquí {{value}} d"}},"incorrectDate":"(data no vàlida)","dateTimeFormat_%c":"%a %e %Eb, %Y %H:%M:%S","dateTimeFormat_%x":"%d/%m/%Y","dateTimeFormat_%X":"%H:%M:%S","shortTimeFormat":"%H:%M","shortDateTimeFormat":"%x %H:%M","weekStartsOnMonday":"1","time_am":"am","time_pm":"pm"}