{"topup-confirmation-title2":"Využití","topup-confirmation-message":"Placená služba potvrzena","topup-incorrectcode-title2":"Využití","topup-incorrectcode-message3":"Vložen chybný kód. ","updating":"Aktualizace","updating-ellipsis":"Probíhá aktualizace…","yesterday":"Včera","today":"Dnes","never":"Nikdy","magnitude":"{{value}} {{unit}}","currency":"{{currency}}{{value}}","widget":"Widget Využití","widget-authed-sim-heading":"Vložena nová SIM od {{provider}}","widget-authed-sim-meta":"Klepněte pro sledování využití vašeho telefonu a internetu.","widget-nonauthed-sim-heading":"Vložena nová SIM","widget-nonauthed-sim-meta":"Klepněte pro sledování využití dat.","widget-airplane-mode-heading":"Režim V letadle","widget-airplane-mode-meta":"Pro povolení aplikace Využití vypněte režim V letadle. ","widget-no-sim2-heading":"Nebyla vložena žádná SIM ","widget-no-sim2-meta":"Pro povolení aplikace Využití vložte SIM.","widget-sim-locked-heading":"SIM karta uzamčena","widget-sim-locked-meta":"Pro povolení Využití odblokujte SIM.","fte":"Úvodní nastavení aplikace Využití","fte-authed-sim":"Šetřete peníze sledováním využití připojení k internetu. ","fte-nonauthed-sim":"Šetřete peníze sledováním využití svého připojení k internetu.","fte-no-sim":"Získejte jasné informace o tom, jak využíváte internet.","fte-sim-info2":"Informace zobrazují přenos dat, který jde přímo z tohoto zařízení. Detailní informace o účtu konzultujte se svým operátorem mobilních služeb. ","fte-plantype-title":"Typ služby","fte-plantype-hint":"Vyberte typ služby, kterou používáte u svého mobilního operátora.","fte-prepaid2-title":"Upozornění na nízký zůstatek ","fte-prepaid2-hint":"Nastavte upozornění na nízký stav kreditu. ","fte-prepaid3-title":"Hlášení a upozornění o datech","fte-prepaid3-hint":"Získávání hlášení o vašem internetovém přípojení a nastavení upozornění o tom, že je moc využíváte.","fte-postpaid2-title":"Hlášení o telefonu a datech","fte-postpaid2-hint":"Získávání hlášení o vašem telefonu a využívání internetu.","fte-postpaid3-title":"Upozornění na data","fte-postpaid3-hint":"Nastavení na upozornění o přílišném využívání dat.","fte-onlydata2-title":"Hlášení o datech","fte-onlydata2-hint":"Získávání hlášení o využití internetového připojení.","fte-onlydata3-title":"Upozornění na data","fte-onlydata3-hint":"Nastavení na upozornění o přílišném využívání dat.","phone-activity":"Aktivita telefonu","balance":"Zůstatek","on-roaming-message2":"Roaming: Automatické aktualizace zůstatku jsou vypnuty. Ruční aktualizace mohou být zpoplatněny.","balance-error-message2":"Chyba při aktualizaci zůstatku. Zkuste to znovu ručně. ","airplane-mode-error-message2":"Pro aktualizaci zůstatku vypněte režim V letadle. ","disable-airplane-mode":"Chcete pro aktualizaci nebo předplacené služby zakázat režim V letadle? ","no-coverage-error-message2":"Pro aktualizaci zůstatku potřebujete pokrytí nebo předplacení. ","top-up":"Předplacení","enter-top-up-code":"Vložte kód pro předplacení","top-up-code-explanation2":"Obvykle jej naleznete na seškrabávacím místě karty či přímo na účtence.","wait-for-confirmation":"Obdržíte potvrzující zprávu","incorrect-code2":"Ujistěte se, že váš kód je správný a zkuste to znovu.","topup-error2":"Při odesílání kódu se vyskytl problém. Zkuste to prosím znovu.","application-error-title":"Služba není dostupná","application-error-message":"Obraťte se na zástupce společnosti","service-unavailable-title":"Služba není dostupná","service-unavailable-message":"Žádné aktualizace či přeplacené služby nejsou v současné době dostupné. Zkuste to prosím později. ","data-usage":"Využití dat","update-button":"Aktualizace","topup-button2":"Použít předplacený kód","topup-ussd-button2":"Otevření nabídky předplacených služeb ","ok":"OK","top-up-in-progress2":"Probíhá předplacená služba.","top-up-timed-out2":"Čas předplacení vypršel. Aktualizujte zůstatek nebo opakujte předplacenou službu. ","on-topup-not-confirmed-title":"Předplacení nepotvrzeno","on-topup-not-confirmed-message":"Zkuste aktualizovat zůstatek nebo opakujte předplacenou službu.","send":"odeslat","plantype-setup-title":"Můj telefon a data jsou","prepaid":"Předplacené","postpaid":"Vyúčtované","phoneactivity":"Aktivita telefonu","short-date-format":"%b, %d","sms-sent":"Poslané SMS","call-made":"Uskutečněné hovory","settings":"Nastavení","low-balance-alert":"Upozornění na nízký zůstatek","low-balance-explanation2":"Když je zůstatek pod ","phone-and-internet-data-report":"Hlášení o využití telefonu a Internetu","internet-data-report":"Hlášení o využití Internetu","starting-on":"Začátek","cancel":"Zrušit","monthly":"Měsíčně","weekly":"Týdně","monday":"Pondělí","tuesday":"Úterý","wednesday":"Středa","thursday":"Čtvrtek","friday":"Pátek","saturday":"Sobota","sunday":"Neděle","billing-cycle-ends":"Konec platebního období","tracking-will-reset":"Sledování bude k tomuto dni vynulováno. ","yes":"Ano","done":"Hotovo","confirmation":"Potvrzení","reset-confirmation-warning":"Všechna aktuální data budou smazána. Jste ji jist(a), že chcete pokračovat? ","reset":"Obnovit","reset-wifi":"Obnovit využití Wi-Fi","reset-mobile":"Obnovit využití mobilních dat","reset-all-data-usage":"Obnovit využití mobilních dat a Wi-Fi","not-set":"Není nastaveno","used":"Využití","limit-passed":"Limit vypršel","limit":"Limit","data-limit-header":"Datový limit","data-limit-alert":"Upozornění na přenos dat","data-limit-value2":"Když je využití nad","data-limit-dialog-title2":"Vložte limit mobilních dat pro upozornění ","data-limit-dialog-explanation2":"Rychlost připojení je po dosažení limitu snížena. Poraďte se s poskytovatelem dat, jaký vhodný limit nastavit.","wifi-usage":"Wi-Fi","mobile-usage":"Mobilní data","wifi-usage-settings":"Využití Wi-Fi","mobile-usage-settings":"Využití mobilních dat","im-prepaid":"Předplacená","im-postpaid":"Vyúčtovaná","reset-data-usage":"Hlášení o datech","reset-report":"Vynulovat hlášení","next":"Další","back":"Zpět","lets-go":"Začít","alert":"Upozornění","alert-limit":"Upozornění na limit","fte-welcome-title":"Vítejte","data-limit-notification-title2":"Dosažen datový limit {{limit}}","data-limit-notification-text2":"Dosáhl(a) jste limitu, který jste zvolil(a)","low-balance-notification-title":"Nízký zůstatek","low-balance-notification-text":"Zbývající kredit telefonu je {{remaining}}","zero-balance-message":"Zůstatek dosáhl nuly. Již není dostupný žádný kredit.  ","not-available":"Není dostupné","usage":"Využití","internet":"Internet","phone":"Telefon","loading-interface-data":"Probíhá načítání dat rozhraní. Zkuste to znovu za chvíli. ","verbose-chart-date-format":"{{monthday-number}}. {{em-month}}","day-hour-format":"{{day}}, {{time}}","B":"B","KB":"KB","MB":"MB","GB":"GB","weekday-0-long":"Neděle","weekday-1-long":"Pondělí","weekday-2-long":"Úterý","weekday-3-long":"Středa","weekday-4-long":"Čtvrtek","weekday-5-long":"Pátek","weekday-6-long":"Sobota","weekday-0-short":"Ne","weekday-1-short":"Po","weekday-2-short":"Út","weekday-3-short":"St","weekday-4-short":"Čt","weekday-5-short":"Pá","weekday-6-short":"So","month-0-long":"Leden","month-1-long":"Únor","month-2-long":"Březen","month-3-long":"Duben","month-4-long":"Květen","month-5-long":"Červen","month-6-long":"Červenec","month-7-long":"Srpen","month-8-long":"Září","month-9-long":"Říjen","month-10-long":"Listopad","month-11-long":"Prosinec","month-0-genitive":"Leden","month-1-genitive":"Únor","month-2-genitive":"Březen","month-3-genitive":"Duben","month-4-genitive":"Květen","month-5-genitive":"Červen","month-6-genitive":"Červenec","month-7-genitive":"Srpen","month-8-genitive":"Září","month-9-genitive":"Říjen","month-10-genitive":"Listopad","month-11-genitive":"Prosinec","month-0-short":"leden","month-1-short":"únor","month-2-short":"březen","month-3-short":"duben","month-4-short":"květen","month-5-short":"červen","month-6-short":"červenec","month-7-short":"srpen","month-8-short":"září","month-9-short":"říjen","month-10-short":"listopad","month-11-short":"prosinec","minutes-ago-long":{"_index":["plural","value"],"_":{"zero":"právě teď","one":"před minutou","two":"před 2 minutami","few":"před {{value}} minutami","many":"před {{value}} minutami","other":"před {{value}} minutami"}},"hours-ago-long":{"_index":["plural","value"],"_":{"zero":"právě teď","one":"před hodinou","two":"před 2 hodinami","few":"před {{value}} hodinami","many":"před {{value}} hodinami","other":"před {{value}} hodinami"}},"days-ago-long":{"_index":["plural","value"],"_":{"zero":"dnes","one":"včera","two":"předevčírem","few":"před {{value}} dny","many":"před {{value}} dny","other":"před {{value}} dny"}},"weeks-ago-long":{"_index":["plural","value"],"_":{"zero":"tento týden","one":"minutý týden","two":"před {{value}} týdny","few":"před {{value}} týdny","many":"před {{value}} týdny","other":"před {{value}} týdny"}},"months-ago-long":{"_index":["plural","value"],"_":{"zero":"tento měsíc","one":"minulý měsíc","two":"před {{value}} měsíci","few":"před {{value}} měsíci","many":"před {{value}} měsíci","other":"před {{value}} měsíci"}},"years-ago-long":{"_index":["plural","value"],"_":{"zero":"tento rok","one":"minulý rok","two":"před {{value}} roky","few":"před {{value}} roky","many":"před {{value}} roky","other":"před {{value}} roky"}},"minutes-until-long":{"_index":["plural","value"],"_":{"zero":"nyní","one":"za minutu","two":"za 2 minuty","few":"za {{value}} minuty","many":"za {{value}} minut","other":"za {{value}} minut"}},"hours-until-long":{"_index":["plural","value"],"_":{"zero":"nyní","one":"za hodinu","two":"za 2 hodiny","few":"za {{value}} hodiny","many":"za {{value}} hodin","other":"za {{value}} hodin"}},"days-until-long":{"_index":["plural","value"],"_":{"zero":"dnes","one":"zítra","two":"pozítří","few":"za {{value}} dny","many":"za {{value}} dnů","other":"za {{value}} dnů"}},"weeks-until-long":{"_index":["plural","value"],"_":{"zero":"tento týden","one":"příští týden","two":"za {{value}} týdny","few":"za {{value}} týdny","many":"za {{value}} týdnů","other":"za {{value}} týdnů"}},"months-until-long":{"_index":["plural","value"],"_":{"zero":"tento měsíc","one":"příští měsíc","two":"za {{value}} měsíce","few":"za {{value}} měsíce","many":"za {{value}} měsíců","other":"za {{value}} měsíců"}},"years-until-long":{"_index":["plural","value"],"_":{"zero":"tento rok","one":"příští rok","two":"za {{value}} roky","few":"za {{value}} roky","many":"za {{value}} roků","other":"za {{value}} roků"}},"minutes-ago-short":{"_index":["plural","value"],"_":{"zero":"právě teď","other":"před {{value}} min"}},"hours-ago-short":{"_index":["plural","value"],"_":{"zero":"právě teď","other":"před {{value}} hod"}},"days-ago-short":{"_index":["plural","value"],"_":{"zero":"dnes","other":"před {{value}} dny"}},"minutes-until-short":{"_index":["plural","value"],"_":{"zero":"nyní","other":"za {{value}} min"}},"hours-until-short":{"_index":["plural","value"],"_":{"zero":"nyní","other":"za {{value}} hod"}},"days-until-short":{"_index":["plural","value"],"_":{"zero":"dnes","other":"za {{value}} dny"}},"incorrectDate":"(neplatné datum)","dateTimeFormat_%c":"%a %e. %b %Y %H:%M:%S","dateTimeFormat_%x":"%e. %m. %Y","dateTimeFormat_%X":"%H:%M:%S","shortTimeFormat":"%H:%M","shortDateTimeFormat":"%x %H:%M","weekStartsOnMonday":"1","time_am":"AM","time_pm":"PM"}