{"topup-confirmation-title2":"Nutzung","topup-confirmation-message":"Guthabenaufladung bestätigt","topup-incorrectcode-title2":"Nutzung","topup-incorrectcode-message3":"Ungültiger Guthaben-Code eingegeben.","updating":"Aktualisiert","updating-ellipsis":"Wird aktualisiert…","yesterday":"Gestern","today":"Heute","never":"Nie","magnitude":"{{value}} {{unit}}","currency":"{{currency}} {{value}}","widget":"Nutzungs-Widget","widget-authed-sim-heading":"Neue {{provider}}-SIM-Karte eingelegt","widget-authed-sim-meta":"Antippen, um Umfang der Telefon- und Internetnutzung aufzuzeichnen","widget-nonauthed-sim-heading":"Neue SIM-Karte eingelegt","widget-nonauthed-sim-meta":"Antippen: Datenvolumen aufzeichnen","widget-airplane-mode-heading":"Flugmodus","widget-airplane-mode-meta":"Zur Verwendung von Nutzung deaktivieren","widget-no-sim2-heading":"Keine SIM-Karte eingelegt","widget-no-sim2-meta":"Zur Benutzung eine Karte einlegen","widget-sim-locked-heading":"Gesperrte SIM-Karte","widget-sim-locked-meta":"App \"Nutzung\" benötigt entsperrte SIM","fte":"Nutzung - Erste Schritte","fte-authed-sim":"Sparen Sie Geld, indem Sie den Umfang Ihrer Telefon- und Internetnutzung aufzeichnen.","fte-nonauthed-sim":"Sparen Sie Geld, indem Sie den Umfang Ihrer Internetnutzung aufzeichnen.","fte-no-sim":"Erhalten Sie eindeutige Informationen, wie viel Daten Sie aus dem Internet abrufen.","fte-sim-info2":"Die in Nutzung dargestellten Informationen kommen direkt von diesem Gerät. Detaillierte Abrechnungsinformationen stellt Ihr Mobilfunkanbieter zur Verfügung.","fte-plantype-title":"Vertragsart","fte-plantype-hint":"Wählen Sie die mit Ihrem Mobilfunkanbieter geschlossene Vertragsart.","fte-prepaid2-title":"Alarm über niedriges Guthaben","fte-prepaid2-hint":"Stellen Sie einen Alarm ein, um ein Aufbrauchen des Guthabens zu verhindern.","fte-prepaid3-title":"Datenbericht und -alarm","fte-prepaid3-hint":"Erhalten Sie Berichte über Ihre Internetnutzung und stellen Sie einen Alarm ein, um zu hohe Datennutzung zu verhindern.","fte-postpaid2-title":"Anruf- und Datenbericht","fte-postpaid2-hint":"Erhalten Sie Berichte über Ihre Anruf- und Internetnutzung.","fte-postpaid3-title":"Datenalarm","fte-postpaid3-hint":"Stellen Sie einen Alarm ein, um zu hohe Datennutzung zu verhindern.","fte-onlydata2-title":"Datenbericht","fte-onlydata2-hint":"Erhalten Sie Berichte über Ihre Internetnutzung.","fte-onlydata3-title":"Datenalarm","fte-onlydata3-hint":"Stellen Sie einen Alarm ein, um zu hohe Datennutzung zu verhindern.","phone-activity":"Telefonnutzung","balance":"Guthaben","on-roaming-message2":"Roaming: Keine automatische Guthabenaktualisierung. Für die manuelle Aktualisierung können Gebühren anfallen.","balance-error-message2":"Der Guthabenstand wurde nicht korrekt aktualisiert. Bitte versuchen Sie es manuell.","airplane-mode-error-message2":"Deaktivieren Sie den Flugmodus, um Ihren Guthabenstand zu aktualisieren oder Guthaben aufzuladen. ","disable-airplane-mode":"Soll der Flugmodus für Guthabenaktualisierung oder Guthabenaufladung deaktiviert werden?","no-coverage-error-message2":"Sie benötigen Netzverbindung zum Aktualisieren Ihres Guthabenstandes oder zum Aufladen.","top-up":"Guthabenaufladung","enter-top-up-code":"Geben Sie den Code zum Aufladen des Guthabens ein","top-up-code-explanation2":"Rubbeln Sie ihn auf der Karte frei oder finden Sie ihn direkt auf dem Rechnungsbon.","wait-for-confirmation":"Ihnen wird eine Bestätigungsnachricht geschickt","incorrect-code2":"Überprüfen Sie, dass der Code korrekt ist, und versuchen Sie es erneut.","topup-error2":"Beim Senden des Codes trat ein Problem auf. Bitte versuchen Sie es erneut.","application-error-title":"Dienst nicht verfügbar","application-error-message":"Kontaktieren Sie Ihren Firmenverantwortlichen","service-unavailable-title":"Dienst nicht verfügbar","service-unavailable-message":"Weder Guthabenaktualisierung noch Guthabenaufladung ist im Moment möglich. Bitte versuchen Sie es später erneut.","data-usage":"Datennutzung","update-button":"Aktualisieren","topup-button2":"Guthaben-Code einlösen","topup-ussd-button2":"Aufladen-Menü öffnen","ok":"OK","top-up-in-progress2":"Guthabenaufladung wird durchgeführt","top-up-timed-out2":"Aktualisieren Sie zur Bestätigung Ihren Guthabenstand. Falls er unverändert ist, so versuchen Sie erneut aufzuladen. ","on-topup-not-confirmed-title":"Guthabenaufladung nicht bestätigt","on-topup-not-confirmed-message":"Versuchen Sie, Ihren Guthabenstand zu aktualisieren oder Ihr Guthaben erneut aufzuladen.","send":"Senden","plantype-setup-title":"Mein Anruf- und Internettarif","prepaid":"Guthabenkarte (Prepaid)","postpaid":"Rechnung (Postpaid)","phoneactivity":"Anrufaktivität","short-date-format":"%d. %b","sms-sent":"SMS versandt","call-made":"Getätigte Anrufe","settings":"Einstellungen","low-balance-alert":"Alarm über niedriges Guthaben","low-balance-explanation2":"Bei Guthaben von weniger als","phone-and-internet-data-report":"Anruf- und Internetdatennutzungsbericht","internet-data-report":"Internetdatennutzungsbericht","starting-on":"Beginnt am","cancel":"Abbrechen","monthly":"Monatlich","weekly":"Wöchentlich","monday":"Montag","tuesday":"Dienstag","wednesday":"Mittwoch","thursday":"Donnerstag","friday":"Freitag","saturday":"Samstag","sunday":"Sonntag","billing-cycle-ends":"Rechnungszeitraum endet","tracking-will-reset":"Die Abrechnung wird an diesem Datum zurückgesetzt","yes":"Ja","done":"Fertig","confirmation":"Bestätigung","reset-confirmation-warning":"Alle derzeitigen Daten werden gelöscht. Soll wirklich zurückgesetzt werden?","reset":"Zurücksetzen","reset-wifi":"WLAN-Nutzung","reset-mobile":"Telefonnetznutzung","reset-all-data-usage":"Telefonnetz- und WLAN-Nutzung","not-set":"Nicht festgelegt","used":"Verbraucht","limit-passed":"Grenze überschritten","limit":"Grenze","data-limit-header":"Datengrenze","data-limit-alert":"Alarm für Datennutzung","data-limit-value2":"Bei Nutzung über","data-limit-dialog-title2":"Grenze für Alarm für mobile Datennutzung eingeben","data-limit-dialog-explanation2":"Die Verbindungsgeschwindigkeit wird nach dem Überschreiten dieser Grenze reduziert. Überprüfen Sie diese bei Ihrem Anbieter, um eine passende Alarmgrenze einzurichten.","wifi-usage":"WLAN","mobile-usage":"Telefonnetz","wifi-usage-settings":"WLAN","mobile-usage-settings":"Telefonnetz","im-prepaid":"Guthabenkarte (Prepaid)","im-postpaid":"Rechnung","reset-data-usage":"Datennutzung zurücksetzen","reset-report":"Bericht zurücksetzen","next":"Weiter","back":"Zurück","lets-go":"Los geht's!","alert":"Alarm","alert-limit":"Alarmgrenze","fte-welcome-title":"Willkommen","data-limit-notification-title2":"{{limit}} Daten verbraucht","data-limit-notification-text2":"Die Datennutzung hat das von Ihnen festgelegte Niveau erreicht","low-balance-notification-title":"Niedriges Guthaben","low-balance-notification-text":"{{remaining}} verbleibendes Guthaben","zero-balance-message":"Guthaben ist bei 0 angelangt, kein Telefonguthaben verbleibend.","not-available":"Nicht verfügbar","usage":"Nutzung","internet":"Internet","phone":"Telefon","loading-interface-data":"Benutzeroberfläche wird geladen. Bitte versuchen Sie es später noch einmal.","verbose-chart-date-format":"{{monthday-number}}. {{em-month}}","day-hour-format":"{{day}} {{time}}","B":"Bytes","KB":"KB","MB":"MB","GB":"GB","weekday-0-long":"Sonntag","weekday-1-long":"Montag","weekday-2-long":"Dienstag","weekday-3-long":"Mittwoch","weekday-4-long":"Donnerstag","weekday-5-long":"Freitag","weekday-6-long":"Samstag","weekday-0-short":"So","weekday-1-short":"Mo","weekday-2-short":"Di","weekday-3-short":"Mi","weekday-4-short":"Do","weekday-5-short":"Fr","weekday-6-short":"Sa","month-0-long":"Januar","month-1-long":"Februar","month-2-long":"März","month-3-long":"April","month-4-long":"Mai","month-5-long":"Juni","month-6-long":"Juli","month-7-long":"August","month-8-long":"September","month-9-long":"Oktober","month-10-long":"November","month-11-long":"Dezember","month-0-genitive":"Januar","month-1-genitive":"Februar","month-2-genitive":"März","month-3-genitive":"April","month-4-genitive":"Mai","month-5-genitive":"Juni","month-6-genitive":"Juli","month-7-genitive":"August","month-8-genitive":"September","month-9-genitive":"Oktober","month-10-genitive":"November","month-11-genitive":"Dezember","month-0-short":"Jan","month-1-short":"Feb","month-2-short":"Mär","month-3-short":"Apr","month-4-short":"Mai","month-5-short":"Jun","month-6-short":"Jul","month-7-short":"Aug","month-8-short":"Sep","month-9-short":"Okt","month-10-short":"Nov","month-11-short":"Dez","minutes-ago-long":{"_index":["plural","value"],"_":{"zero":"gerade eben","one":"vor 1 Minute","two":"vor {{value}} Minuten","few":"vor {{value}} Minuten","many":"vor {{value}} Minuten","other":"vor {{value}} Minuten"}},"hours-ago-long":{"_index":["plural","value"],"_":{"zero":"gerade eben","one":"vor 1 Stunde","two":"vor {{value}} Stunden","few":"vor {{value}} Stunden","many":"vor {{value}} Stunden","other":"vor {{value}} Stunden"}},"days-ago-long":{"_index":["plural","value"],"_":{"zero":"heute","one":"gestern","two":"vor {{value}} Tagen","few":"vor {{value}} Tagen","many":"vor {{value}} Tagen","other":"vor {{value}} Tagen"}},"weeks-ago-long":{"_index":["plural","value"],"_":{"zero":"diese Woche","one":"letzte Woche","two":"vor {{value}} Wochen","few":"vor {{value}} Wochen","many":"vor {{value}} Wochen","other":"vor {{value}} Wochen"}},"months-ago-long":{"_index":["plural","value"],"_":{"zero":"diesen Monat","one":"letzten Monat","two":"vor {{value}} Monaten","few":"vor {{value}} Monaten","many":"vor {{value}} Monaten","other":"vor {{value}} Monaten"}},"years-ago-long":{"_index":["plural","value"],"_":{"zero":"dieses Jahr","one":"letztes Jahr","two":"vor {{value}} Jahren","few":"vor {{value}} Jahren","many":"vor {{value}} Jahren","other":"vor {{value}} Jahren"}},"minutes-until-long":{"_index":["plural","value"],"_":{"zero":"jetzt","one":"in 1 Minute","two":"in {{value}} Minuten","few":"in {{value}} Minuten","many":"in {{value}} Minuten","other":"in {{value}} Minuten"}},"hours-until-long":{"_index":["plural","value"],"_":{"zero":"jetzt","one":"in einer Stunde","two":"in {{value}} Stunden","few":"in {{value}} Stunden","many":"in {{value}} Stunden","other":"in {{value}} Stunden"}},"days-until-long":{"_index":["plural","value"],"_":{"zero":"heute","one":"morgen","two":"in {{value}} Tagen","few":"in {{value}} Tagen","many":"in {{value}} Tagen","other":"in {{value}} Tagen"}},"weeks-until-long":{"_index":["plural","value"],"_":{"zero":"diese Woche","one":"nächste Woche","two":"in {{value}} Wochen","few":"in {{value}} Wochen","many":"in {{value}} Wochen","other":"in {{value}} Wochen"}},"months-until-long":{"_index":["plural","value"],"_":{"zero":"diesen Monat","one":"nächsten Monat","two":"in {{value}} Monaten","few":"in {{value}} Monaten","many":"in {{value}} Monaten","other":"in {{value}} Monaten"}},"years-until-long":{"_index":["plural","value"],"_":{"zero":"dieses Jahr","one":"nächstes Jahr","two":"in {{value}} Jahren","few":"in {{value}} Jahren","many":"in {{value}} Jahren","other":"in {{value}} Jahren"}},"minutes-ago-short":{"_index":["plural","value"],"_":{"zero":"jetzt","other":"vor {{value}} m"}},"hours-ago-short":{"_index":["plural","value"],"_":{"zero":"jetzt","other":"vor {{value}} h"}},"days-ago-short":{"_index":["plural","value"],"_":{"zero":"heute","other":"vor {{value}} d"}},"minutes-until-short":{"_index":["plural","value"],"_":{"zero":"jetzt","other":"in {{value}} m"}},"hours-until-short":{"_index":["plural","value"],"_":{"zero":"jetzt","other":"in {{value}} h"}},"days-until-short":{"_index":["plural","value"],"_":{"zero":"heute","other":"in {{value}} d"}},"incorrectDate":"(ungültiges Datum)","dateTimeFormat_%c":"%a, %e. %b %Y %H:%M:%S","dateTimeFormat_%x":"%d.%m.%Y","dateTimeFormat_%X":"%H:%M:%S","shortTimeFormat":"%H:%M","shortDateTimeFormat":"%x %H:%M","weekStartsOnMonday":"1","time_am":"AM","time_pm":"PM"}