{"topup-confirmation-title2":"Kontsumoa","topup-confirmation-message":"Karga berretsita","topup-incorrectcode-title2":"Kontsumoa","topup-incorrectcode-message3":"Kargatzeko kode okerra sartu da.","updating":"Eguneratzen","updating-ellipsis":"Eguneratzen…","yesterday":"Atzo","today":"Gaur","never":"Inoiz ez","magnitude":"{{value}} {{unit}}","currency":"{{value}}{{currency}}","widget":"Kontsumoaren widgeta","widget-authed-sim-heading":"{{provider}} SIM berria sartuta","widget-authed-sim-meta":"Sakatu zure telefono- eta Internet-kontsumoaren jarraipena egiteko.","widget-nonauthed-sim-heading":"SIM berria sartuta","widget-nonauthed-sim-meta":"Sakatu Internet-kontsumoa neurtzeko.","widget-airplane-mode-heading":"Hegazkin modua","widget-airplane-mode-meta":"Kontsumoa gaitzeko, itzali hegazkin modua mesedez.","widget-no-sim2-heading":"SIMik ez sartuta","widget-no-sim2-meta":"Sartu SIMa kontsumoa gaitzeko","widget-sim-locked-heading":"SIM txartela blokeatuta","widget-sim-locked-meta":"Desblokeatu SIMa kontsumoa gaitzeko.","fte":"Kontsumoaren lehen aldiko esperientzia","fte-authed-sim":"Aurreztu dirua zure telefono- eta Internet-kontsumoaren jarraipena eginez.","fte-nonauthed-sim":"Aurreztu dirua zure Internet-kontsumoaren jarraipena eginez.","fte-no-sim":"Eskuratu erabiltzen duzun Internet datu kopuruaren informazio zehatza.","fte-sim-info2":"Erakutsitako kontsumo-informazioa gailu honetatik dator zuzenean. Kontu-informazio xehetuak eskuratzeko egiaztatu zure mugikorreko zerbitzu-hornitzailearekin.","fte-plantype-title":"Kontratu mota","fte-plantype-hint":"Hautatu zure mugikorreko zerbitzu-hornitzailearekin daukazun kontratu mota.","fte-prepaid2-title":"Saldo baxuaren alerta","fte-prepaid2-hint":"Ezarri alerta krediturik gabe geratzea saihesteko.","fte-prepaid3-title":"Datuen txostena eta alerta","fte-prepaid3-hint":"Jaso zure Internet-kontsumoaren inguruko txostenak eta ezarri alerta datu gehiegi erabiltzea saihesteko.","fte-postpaid2-title":"Telefonoaren eta datuen txostena","fte-postpaid2-hint":"Jaso zure telefono- eta Internet-kontsumoaren inguruko txostenak.","fte-postpaid3-title":"Datuen alerta","fte-postpaid3-hint":"Ezarri alerta datu gehiegi erabiltzea saihesteko.","fte-onlydata2-title":"Datuen txostena","fte-onlydata2-hint":"Jaso zure Internet-kontsumoaren inguruko txostenak.","fte-onlydata3-title":"Datuen alerta","fte-onlydata3-hint":"Ezarri alerta datu gehiegi erabiltzea saihesteko.","phone-activity":"Telefonoaren jarduera","balance":"Balantzea","on-roaming-message2":"Ibiltaritza: balantzearen eguneraketa automatikorik ez. Eskuz eguneratzeagatik kobratuko zaizu agian.","balance-error-message2":"Balantzea ez da ondo eguneratu. Saiatu eskuz eguneratzen.","airplane-mode-error-message2":"Itzali hegazkin modua zure balantzea eguneratzeko edo kargatzeko.","disable-airplane-mode":"Hegazkin modua desgaitu nahi duzu eguneratzeko edo kargatzeko?","no-coverage-error-message2":"Telefono-estaldura behar duzu zure balantzea eguneratzeko edo kargatzeko.","top-up":"Karga","enter-top-up-code":"Sartu kargatzeko kodea","top-up-code-explanation2":"Arraskatzeko txartelean edo ordainagirian aurkituko duzu.","wait-for-confirmation":"Berrespen-mezua jasoko duzu","incorrect-code2":"Ziurtatu kodea zuzenda dela eta saiatu berriro.","topup-error2":"Arazo bat egon da kodea bidaltzean. Saiatu berriro mesedez.","application-error-title":"Zerbitzua ez dago erabilgarri","application-error-message":"Jarri harremanetan zure konpainiako arduradunarekin","service-unavailable-title":"Zerbitzua ez dago erabilgarri","service-unavailable-message":"Une honetan ezin da eguneraketarik ezta kargarik ere burutu. Saiatu geroago.","data-usage":"Datu-kontsumoa","update-button":"Eguneratu","topup-button2":"Erabili kargatzeko kodea","topup-ussd-button2":"Ireki kargatzeko menua","ok":"Ados","top-up-in-progress2":"Zure karga prozesatzen ari da.","top-up-timed-out2":"Berresteko, eguneratu zure balantzea. Balantzea ez bada aldatu, saiatu berriro kargatzen.","on-topup-not-confirmed-title":"Karga berretsi gabe","on-topup-not-confirmed-message":"Saiatu balantzea eguneratzen edo saiatu berriro kargatzen.","send":"bidali","plantype-setup-title":"Nire telefono- eta Internet-plana ondorengoa da:","prepaid":"Aurrez ordaindutakoa","postpaid":"Kontratua","phoneactivity":"Telefonoaren jarduera","short-date-format":"%b, %d","sms-sent":"SMSa bidalita","call-made":"Egindako deiak","settings":"Ezarpenak","low-balance-alert":"Saldo baxuaren alerta","low-balance-explanation2":"Balantzea honen azpitik dagoenean","phone-and-internet-data-report":"Telefonoaren eta Internet datuen txostena","internet-data-report":"Internet data report","starting-on":"Hasiera-data","cancel":"Utzi","monthly":"Hilero","weekly":"Astero","monday":"astelehena","tuesday":"asteartea","wednesday":"asteazkena","thursday":"osteguna","friday":"ostirala","saturday":"larunbata","sunday":"igandea","billing-cycle-ends":"Fakturazio-zikloa amaitzen da","tracking-will-reset":"Jarraipena data honetan berrezarriko da","yes":"Bai","done":"Eginda","confirmation":"Berrespena","reset-confirmation-warning":"Uneko datu guztiak ezabatu egingo dira. Ziru zaude berrezarri egin nahi duzula?","reset":"Berrezarri","reset-wifi":"Berrezarri Wi-Fi kontsumoa","reset-mobile":"Berrezarri mugikorraren kontsumoa","reset-all-data-usage":"Berrezarri mugikorraren eta Wi-Fiaren datuak","not-set":"Ezarri gabe","used":"Erabilita","limit-passed":"Muga gaindituta","limit":"Muga","data-limit-header":"Datu-muga","data-limit-alert":"Datu-alerta","data-limit-value2":"Kontsumoa honen gainetik dagoenean","data-limit-dialog-title2":"Sartu mugikorraren datu-mugaren alerta","data-limit-dialog-explanation2":"Konexio-abiadurak moteldu egiten dira mugara heltzean. Egiaztatu zure datu-hornitzailearekin alerta-maila egokia ezartzeko.","wifi-usage":"Wi-Fi kontsumoa","mobile-usage":"Mugik. kontsumoa","wifi-usage-settings":"Wi-Fi kontsumoa","mobile-usage-settings":"Mugikorraren kontsumoa","im-prepaid":"Aurrez ordaindutakoa","im-postpaid":"Kontratua","reset-data-usage":"Berrezarri datu-kontsumoa","reset-report":"Berrezarri txostena","next":"Hurrengoa","back":"Atzera","lets-go":"Goazen!","alert":"Alerta","alert-limit":"Alertaren muga","fte-welcome-title":"Ongi etorri","data-limit-notification-title2":"datuen {{limit}} erabilita","data-limit-notification-text2":"Hautatutako mugara heldu zara","low-balance-notification-title":"Balantze baxua","low-balance-notification-text":"{{remaining}} geratzen da","zero-balance-message":"Balantzea zerora heldu da, ez da telefono-krediturik geratzen.","not-available":"Ez dago erabilgarri","usage":"Kontsumoa","internet":"Internet","phone":"Telefonoa","loading-interface-data":"Interfazearen datuak kargatzen. Saiatu berriro geroago.","verbose-chart-date-format":"{{em-month}} {{monthday-number}}","day-hour-format":"{{day}}, {{time}}","B":"B","KB":"KB","MB":"MB","GB":"GB","weekday-0-long":"igandea","weekday-1-long":"astelehena","weekday-2-long":"asteartea","weekday-3-long":"asteazkena","weekday-4-long":"osteguna","weekday-5-long":"ostirala","weekday-6-long":"larunbata","weekday-0-short":"ig.","weekday-1-short":"al.","weekday-2-short":"ar.","weekday-3-short":"az.","weekday-4-short":"og.","weekday-5-short":"or.","weekday-6-short":"lr.","month-0-long":"urtarrila","month-1-long":"otsaila","month-2-long":"martxoa","month-3-long":"apirila","month-4-long":"maiatza","month-5-long":"ekaina","month-6-long":"uztaila","month-7-long":"abuztua","month-8-long":"iraila","month-9-long":"urria","month-10-long":"azaroa","month-11-long":"abendua","month-0-genitive":"urtarrila","month-1-genitive":"otsaila","month-2-genitive":"martxoa","month-3-genitive":"apirila","month-4-genitive":"maiatza","month-5-genitive":"ekaina","month-6-genitive":"uztaila","month-7-genitive":"abuztua","month-8-genitive":"iraila","month-9-genitive":"urria","month-10-genitive":"azaroa","month-11-genitive":"abendua","month-0-short":"urt","month-1-short":"ots","month-2-short":"mar","month-3-short":"api","month-4-short":"mai","month-5-short":"eka","month-6-short":"uzt","month-7-short":"abu","month-8-short":"ira","month-9-short":"urr","month-10-short":"aza","month-11-short":"abe","minutes-ago-long":{"_index":["plural","value"],"_":{"zero":"orain","one":"duela minutu bat","two":"duela {{value}} minutu","few":"duela {{value}} minutu","many":"duela {{value}} minutu","other":"duela {{value}} minutu"}},"hours-ago-long":{"_index":["plural","value"],"_":{"zero":"orain","one":"duela ordubete","two":"duela {{value}} ordu","few":"duela {{value}} ordu","many":"duela {{value}} ordu","other":"duela {{value}} ordu"}},"days-ago-long":{"_index":["plural","value"],"_":{"zero":"gaur","one":"atzo","two":"herenegun","few":"duela {{value}} egun","many":"duela {{value}} egun","other":"duela {{value}} egun"}},"weeks-ago-long":{"_index":["plural","value"],"_":{"zero":"aste honetan","one":"azken astean","two":"duela {{value}} aste","few":"duela {{value}} aste","many":"duela {{value}} aste","other":"duela {{value}} aste"}},"months-ago-long":{"_index":["plural","value"],"_":{"zero":"hilabete honetan","one":"azken hilabetean","two":"duela {{value}} hilabete","few":"duela {{value}} hilabete","many":"duela {{value}} hilabete","other":"duela {{value}} hilabete"}},"years-ago-long":{"_index":["plural","value"],"_":{"zero":"aurten","one":"iaz","two":"duela {{value}} urte","few":"duela {{value}} urte","many":"duela {{value}} urte","other":"duela {{value}} urte"}},"minutes-until-long":{"_index":["plural","value"],"_":{"zero":"orain","one":"minutu barru","two":"{{value}} minutu barru","few":"{{value}} minutu barru","many":"{{value}} minutu barru","other":"{{value}} minutu barru"}},"hours-until-long":{"_index":["plural","value"],"_":{"zero":"orain","one":"ordubete barru","two":"{{value}} ordu barru","few":"{{value}} ordu barru","many":"{{value}} ordu barru","other":"{{value}} ordu barru"}},"days-until-long":{"_index":["plural","value"],"_":{"zero":"gaur","one":"bihar","two":"etzi","few":"{{value}} egun barru","many":"{{value}} egun barru","other":"{{value}} egun barru"}},"weeks-until-long":{"_index":["plural","value"],"_":{"zero":"aste honetan","one":"hurrengo astean","two":"{{value}} aste barru","few":"{{value}} aste barru","many":"{{value}} aste barru","other":"{{value}} aste barru"}},"months-until-long":{"_index":["plural","value"],"_":{"zero":"hil honetan","one":"hurrengo hilean","two":"{{value}} hilabete barru","few":"{{value}} hilabete barru","many":"{{value}} hilabete barru","other":"{{value}} hilabete barru"}},"years-until-long":{"_index":["plural","value"],"_":{"zero":"aurten","one":"hurrengo urtean","two":"{{value}} urte barru","few":"{{value}} urte barru","many":"{{value}} urte barru","other":"{{value}} urte barru"}},"minutes-ago-short":{"_index":["plural","value"],"_":{"zero":"orain","other":"duela {{value}}m"}},"hours-ago-short":{"_index":["plural","value"],"_":{"zero":"orain","other":"duela {{value}}h"}},"days-ago-short":{"_index":["plural","value"],"_":{"zero":"gaur","other":"duela {{value}}eg."}},"minutes-until-short":{"_index":["plural","value"],"_":{"zero":"orain","other":"{{value}}m barru"}},"hours-until-short":{"_index":["plural","value"],"_":{"zero":"orain","other":"{{value}}h barru"}},"days-until-short":{"_index":["plural","value"],"_":{"zero":"gaur","other":"{{value}}eg. barru"}},"incorrectDate":"(data okerra)","dateTimeFormat_%c":"%a, %Y.eko %Bren %ea %H:%M:%S","dateTimeFormat_%x":"%Y/%m/%d","dateTimeFormat_%X":"%H:%M:%S","shortTimeFormat":"%H:%M","shortDateTimeFormat":"%x %H:%M","weekStartsOnMonday":"1","time_am":"AM","time_pm":"PM"}