{"topup-confirmation-title2":"Consumos","topup-confirmation-message":"Confirmouse a recarga","topup-incorrectcode-title2":"Consumos","topup-incorrectcode-message3":"Introduciuse un código de recarga incorrecto.","updating":"Actualizando","updating-ellipsis":"Actualizando…","yesterday":"Onte","today":"Hoxe","never":"Nunca","magnitude":"{{value}} {{unit}}","currency":"{{currency}}{{value}}","widget":"Trebello de control de custes","widget-authed-sim-heading":"Inseriuse unha nova SIM de {{provider}}","widget-authed-sim-meta":"Toque para ver o consumo do teléfono e da Internet.","widget-nonauthed-sim-heading":"Inseriuse unha nova SIM","widget-nonauthed-sim-meta":"Toque para ver o consumo da Internet.","widget-airplane-mode-heading":"Modo avión","widget-airplane-mode-meta":"Desactive o modo avión para activar Consumos.","widget-no-sim2-heading":"Sen tarxeta SIM","widget-no-sim2-meta":"Insira unha SIM para activar Consumos.","widget-sim-locked-heading":"Tarxeta SIM bloqueada","widget-sim-locked-meta":"Desbloquee a SIM para activar Consumos.","fte":"Titorial sobre Consumos","fte-authed-sim":"Aforre controlando o consumo do teléfono e da Internet.","fte-nonauthed-sim":"Aforre controlando o consumo da Internet.","fte-no-sim":"Obteña información detallada sobre o seu uso da Internet.","fte-sim-info2":"A información que se amosa en Consumos provén do seu dispositivo. Consulte ao seu fornecedor para obter unha información máis detallada.","fte-plantype-title":"Tipo de contrato","fte-plantype-hint":"Seleccione o tipo de contrato que vostede ten co seu fornecedor de servizo móbil.","fte-prepaid2-title":"Alerta de saldo baixo","fte-prepaid2-hint":"Estabelece unha alerta para evitar quedar sen saldo.","fte-prepaid3-title":"Informe de datos e alerta","fte-prepaid3-hint":"Recibir informes sobre o consumo dos datos e estabelecer unha alerta para evitar excesos.","fte-postpaid2-title":"Informe do teléfono e dos datos","fte-postpaid2-hint":"Recibir informes sobre o consumo do teléfono e da Internet.","fte-postpaid3-title":"Alerta dos datos","fte-postpaid3-hint":"Estabelece unha alerta para evitar consumir datos de máis.","fte-onlydata2-title":"Informe dos datos","fte-onlydata2-hint":"Recibir informes sobre o consumo da Internet.","fte-onlydata3-title":"Alerta dos datos","fte-onlydata3-hint":"Estabelece unha alerta para evitar consumir datos de máis.","phone-activity":"Actividade do teléfono","balance":"Saldo","on-roaming-message2":"O saldo non se actualiza automaticamente. Actualizalo manualmente pode supor cargos.","balance-error-message2":"O saldo non se actualizou correctamente. Tente facelo manualmente.","airplane-mode-error-message2":"Desactive o modo avión para actualizar o seu saldo ou recargar.","disable-airplane-mode":"Desexa desactivar o modo avión para actualizar ou recargar?","no-coverage-error-message2":"Precisa ter cobertura para actualizar o seu saldo ou recargar.","top-up":"Estase procesando a recarga","enter-top-up-code":"Introduza o código da recarga","top-up-code-explanation2":"Atopase na tarxeta de rascar ou directamente no recibo.","wait-for-confirmation":"Recibirá unha mensaxe de confirmación","incorrect-code2":"Asegúrese de que o código é correcto e tente de novo.","topup-error2":"Produciuse un problema ao enviar o código. Tente de novo.","application-error-title":"Servizo non dispoñíbel","application-error-message":"Contacte co seu fornecedor","service-unavailable-title":"Servizo non dispoñíbel","service-unavailable-message":"Non é posíbel a actualización ou a recarga neste momento. Tente máis tarde.","data-usage":"Consumo de datos","update-button":"Actualizar","topup-button2":"Usar código de recarga","topup-ussd-button2":"Abrir o menú de recarga","ok":"Aceptar","top-up-in-progress2":"Estase procesando a recarga.","top-up-timed-out2":"Actualice o seu saldo para confirmar. Se o saldo non cambiou, tente recargar de novo.","on-topup-not-confirmed-title":"Non se confirmou a recarga","on-topup-not-confirmed-message":"Tente actualizar o seu saldo ou reintente a recarga.","send":"enviar","plantype-setup-title":"A miña tarifa de teléfono e Internet é","prepaid":"Prepago","postpaid":"Contrato","phoneactivity":"Actividade do teléfono","short-date-format":"%d de %b","sms-sent":"SMS enviados","call-made":"Chamadas realizadas","settings":"Axustes","low-balance-alert":"Alerta de saldo baixo","low-balance-explanation2":"Cando o saldo é menor de","phone-and-internet-data-report":"Informe de datos e teléfono","internet-data-report":"Informe de datos da Internet","starting-on":"A partir do","cancel":"Cancelar","monthly":"Mensualmente","weekly":"Semanalmente","monday":"Luns","tuesday":"Martes","wednesday":"Mércores","thursday":"Xoves","friday":"Venres","saturday":"Sábado","sunday":"Domingo","billing-cycle-ends":"O ciclo de facturación remata o","tracking-will-reset":"O seguimento restabelecerase nesta data","yes":"Si","done":"Feito","confirmation":"Confirmación","reset-confirmation-warning":"Elimináranse todos os datos actuais. Confirma que quere restabelecer?","reset":"Restabelecer","reset-wifi":"Restabelecer consumo Wi-Fi","reset-mobile":"Restabelecer consumo móbil","reset-all-data-usage":"Restabelecer os datos do móbil e Wi-Fi","not-set":"Sen estabelecer","used":"Consumido","limit-passed":"Pasouse o límite","limit":"Límite","data-limit-header":"Límite dos datos","data-limit-alert":"Alerta do consumo de datos","data-limit-value2":"Cando o consumo supere","data-limit-dialog-title2":"Introduza unha alerta de límite de datos móbiles","data-limit-dialog-explanation2":"A velocidade de conexión redúcese unha vez alcanzado o límite. Comprobe co seu fornecedor de datos o nivel de alerta apropiado.","wifi-usage":"Consumo da Wi-Fi","mobile-usage":"Consumo do móbil","wifi-usage-settings":"Consumo da Wi-Fi","mobile-usage-settings":"Consumo do móbil","im-prepaid":"Son de prepago","im-postpaid":"Son de contrato","reset-data-usage":"Restabelecer consumo datos","reset-report":"Restabelecer informe","next":"Seguinte","back":"Atrás","lets-go":"Adiante!","alert":"Alerta","alert-limit":"Límite da alerta","fte-welcome-title":"Benvida","data-limit-notification-title2":"{{limit}} de consumo de datos","data-limit-notification-text2":"Alcanzou o límite estabelecido","low-balance-notification-title":"Saldo baixo","low-balance-notification-text":"{{remaining}} de saldo de teléfono restante","zero-balance-message":"O saldo chegou a cero, non lle resta saldo de teléfono. ","not-available":"Non dispoñíbel","usage":"Consumos","internet":"Internet","phone":"Teléfono","loading-interface-data":"Cargando os datos da interface. Tente de novo máis tarde.","verbose-chart-date-format":"{{monthday-number}} {{em-month}}","day-hour-format":"{{day}}, {{time}}","B":"B","KB":"KB","MB":"MB","GB":"GB","weekday-0-long":"Domingo","weekday-1-long":"Luns","weekday-2-long":"Martes","weekday-3-long":"Mércores","weekday-4-long":"Xoves","weekday-5-long":"Venres","weekday-6-long":"Sábado","weekday-0-short":"Dom","weekday-1-short":"Lun","weekday-2-short":"Mar","weekday-3-short":"Mer","weekday-4-short":"Xov","weekday-5-short":"Ven","weekday-6-short":"Sab","month-0-long":"Xaneiro","month-1-long":"Febreiro","month-2-long":"Marzo","month-3-long":"Abril","month-4-long":"Maio","month-5-long":"Xuño","month-6-long":"Xullo","month-7-long":"Agosto","month-8-long":"Setembro","month-9-long":"Outubro","month-10-long":"Novembro","month-11-long":"Decembro","month-0-genitive":"Xaneiro","month-1-genitive":"Febreiro","month-2-genitive":"Marzo","month-3-genitive":"Abril","month-4-genitive":"Maio","month-5-genitive":"Xuño","month-6-genitive":"Xullo","month-7-genitive":"Agosto","month-8-genitive":"Setembro","month-9-genitive":"Outubro","month-10-genitive":"Novembro","month-11-genitive":"Decembro","month-0-short":"Xan","month-1-short":"Feb","month-2-short":"Mar","month-3-short":"Abr","month-4-short":"Maio","month-5-short":"Xun","month-6-short":"Xul","month-7-short":"Ago","month-8-short":"Set","month-9-short":"Out","month-10-short":"Nov","month-11-short":"Dec","minutes-ago-long":{"_index":["plural","value"],"_":{"zero":"xusto agora","one":"hai un minuto","two":"hai {{value}} minutos","few":"hai {{value}} minutos","many":"hai {{value}} minutos","other":"hai {{value}} minutos"}},"hours-ago-long":{"_index":["plural","value"],"_":{"zero":"xusto agora","one":"hai unha hora","two":"hai {{value}} horas","few":"hai {{value}} horas","many":"hai {{value}} horas","other":"hai {{value}} horas"}},"days-ago-long":{"_index":["plural","value"],"_":{"zero":"hoxe","one":"onte","two":"hai {{value}} días","few":"hai {{value}} días","many":"hai {{value}} días","other":"hai {{value}} días"}},"weeks-ago-long":{"_index":["plural","value"],"_":{"zero":"esta semana","one":"a semana pasada","two":"hai {{value}} semanas","few":"hai {{value}} semanas","many":"hai {{value}} semanas","other":"hai {{value}} semanas"}},"months-ago-long":{"_index":["plural","value"],"_":{"zero":"Este mes","one":"o mes pasado","two":"hai {{value}} meses","few":"hai {{value}} meses","many":"hai {{value}} meses","other":"hai {{value}} meses"}},"years-ago-long":{"_index":["plural","value"],"_":{"zero":"este ano","one":"o ano pasado","two":"hai {{value}} anos","few":"hai {{value}} anos","many":"hai {{value}} anos","other":"hai {{value}} anos"}},"minutes-until-long":{"_index":["plural","value"],"_":{"zero":"agora","one":"nun minuto","two":"en {{value}} minutos","few":"en {{value}} minutos","many":"en {{value}} minutos","other":"en {{value}} minutos"}},"hours-until-long":{"_index":["plural","value"],"_":{"zero":"agora","one":"nunha hora","two":"en {{value}} horas","few":"en {{value}} horas","many":"en {{value}} horas","other":"en {{value}} horas"}},"days-until-long":{"_index":["plural","value"],"_":{"zero":"hoxe","one":"mañá","two":"en {{value}} días","few":"en {{value}} días","many":"en {{value}} días","other":"en {{value}} días"}},"weeks-until-long":{"_index":["plural","value"],"_":{"zero":"esta semana","one":"a semana que ven","two":"en {{value}} semanas","few":"en {{value}} semanas","many":"en {{value}} semanas","other":"en {{value}} semanas"}},"months-until-long":{"_index":["plural","value"],"_":{"zero":"Este mes","one":"o mes que ven","two":"en {{value}} meses","few":"en {{value}} meses","many":"en {{value}} meses","other":"en {{value}} meses"}},"years-until-long":{"_index":["plural","value"],"_":{"zero":"este ano","one":"o ano que ven","two":"en {{value}} anos","few":"en {{value}} anos","many":"en {{value}} anos","other":"en {{value}} anos"}},"minutes-ago-short":{"_index":["plural","value"],"_":{"zero":"xusto agora","other":"hai {{value}}min"}},"hours-ago-short":{"_index":["plural","value"],"_":{"zero":"xusto agora","other":"hai {{value}}h"}},"days-ago-short":{"_index":["plural","value"],"_":{"zero":"hoxe","other":"hai {{value}}d"}},"minutes-until-short":{"_index":["plural","value"],"_":{"zero":"agora","other":"en {{value}}min"}},"hours-until-short":{"_index":["plural","value"],"_":{"zero":"agora","other":"en {{value}}h"}},"days-until-short":{"_index":["plural","value"],"_":{"zero":"hoxe","other":"en {{value}}d"}},"incorrectDate":"(data incorrecta)","dateTimeFormat_%c":"%a, %e de %b, %Y %H:%M:%S","dateTimeFormat_%x":"%d/%m/%Y","dateTimeFormat_%X":"%H:%M:%S","shortTimeFormat":"%H:%M","shortDateTimeFormat":"%x %H:%M %p","weekStartsOnMonday":"1","time_am":"AM","time_pm":"PM"}