{"topup-confirmation-title2":"Potrošnja","topup-confirmation-message":"Nadoplata potvrđena","topup-incorrectcode-title2":"Potrošnja","topup-incorrectcode-message3":"Upisan je neispravan kôd za nadoplatu.","updating":"Ažuriranje","updating-ellipsis":"Ažuriram…","yesterday":"Jučer","today":"Danas","never":"Nikad","magnitude":"{{value}} {{unit}}","currency":"{{currency}}{{value}}","widget":"Widget potrošnje","widget-authed-sim-heading":"Umetnuta nova {{provider}} SIM kartica","widget-authed-sim-meta":"Pritisnite za pregled korištenja telefona i Interneta.","widget-nonauthed-sim-heading":"New SIM inserted","widget-nonauthed-sim-meta":"Pritisnite za pregled korištenja Interneta.","widget-airplane-mode-heading":"Airplane Mode","widget-airplane-mode-meta":"Please, turn off airplane mode to enable Usage.","widget-no-sim2-heading":"SIM kartica nije umetnuta","widget-no-sim2-meta":"Umetnite SIM karticu za korištenje","widget-sim-locked-heading":"Zaključana SIM kartica","widget-sim-locked-meta":"Otključajte SIM za pregled potrošnje","fte":"Prvo iskustvo praćenja potrošnje","fte-authed-sim":"Štedite novac praćenjem upotrebe telefona i Interneta.","fte-nonauthed-sim":"Štedite novac praćenjem upotrebe Interneta.","fte-no-sim":"Get clear information about how much internet you’re using.","fte-sim-info2":"Prikazane informacije prikupljene su izravno na ovom uređaju. Detaljan pregled potrošnje provjerite s pružateljem usluge.","fte-plantype-title":"Vrsta ugovora","fte-plantype-hint":"Odaberite vrstu ugovora s vašim mobilnim operaterom.","fte-prepaid2-title":"Upozorenje niskog salda","fte-prepaid2-hint":"Postavite upozorenje kako ne biste ostali bez sredstava na računu.","fte-prepaid3-title":"Izvještaj o podatkovnom prometu i upozorenje","fte-prepaid3-hint":"Primajte izvještaje o vašem Internet prometu, te postavite upozorenje kako ne biste potrošili previše prometa.","fte-postpaid2-title":"Telefon i izvještaj o podatkovnom prometu","fte-postpaid2-hint":"Primajte izvještaje o upotrebi telefona i Interneta.","fte-postpaid3-title":"Upozorenje podatkovnog prometa","fte-postpaid3-hint":"Postavite upozorenje kako ne biste potrošili previše podatkovnog prometa.","fte-onlydata2-title":"Izvještaj pod. prometa","fte-onlydata2-hint":"Primajte izvještaj o potrošnji Internet prometa.","fte-onlydata3-title":"Upozor. pod. prometa","fte-onlydata3-hint":"Postavite upozorenje kako ne biste potrošili previše podatkovnog prometa.","phone-activity":"Aktivnost telefona","balance":"Stanje računa","on-roaming-message2":"Roaming: nema automatskog ažuriranja stanja računa. Za ažuriranje stanja se može naplaćivati naknada.","balance-error-message2":"Stanje računa se nije ispravno ažuriralo. Pokušajte ručno ažurirati.","airplane-mode-error-message2":"Isključite zrakoplovni način rada da biste ažurirali stanje računa ili obavili nadoplatu.","disable-airplane-mode":"Želite li isključiti zrakoplovni način rada za ažuriranje ili nadoplatu računa?","no-coverage-error-message2":"Za ažuriranje stanja ili nadoplatu računa je potreban signal mobilne mreže.","top-up":"Nadoplata","enter-top-up-code":"Upišite kôd za nadoplatu","top-up-code-explanation2":"Pronađite ga na bonu ili izravno na računu.","wait-for-confirmation":"Primit ćete poruku potvrde","incorrect-code2":"Provjerite da je kôd ispravan i pokušajte ponovno.","topup-error2":"Došlo je do problema pri slanju kôda. Molim pokušajte ponovno.","application-error-title":"Usluga nije dostupna","application-error-message":"Kontaktirajte podršku","service-unavailable-title":"Usluga nije dostupna","service-unavailable-message":"Ažuriranje i nadoplata trenutno nisu mogući. Molim pokušajte kasnije.","data-usage":"Potrošnja Internet prometa","update-button":"Ažuriraj","topup-button2":"Nadoplati s bonom","topup-ussd-button2":"Otvori izbornik nadoplate","ok":"U redu","top-up-in-progress2":"Nadoplata se obrađuje.","top-up-timed-out2":"Ažurirajte stanje na računu da biste potvrdili. Ako je stanje nepromijenjeno, pokušajte ponovno nadoplatiti.","on-topup-not-confirmed-title":"Nadoplata nije potvrđena","on-topup-not-confirmed-message":"Pokušajte ažurirati stanje računa ili pokušajte ponovno nadoplatiti.","send":"pošalji","plantype-setup-title":"Moja mobilna i Internet tarifa je","prepaid":"Prepaid","postpaid":"Pretplata","phoneactivity":"Aktivnost telefona","short-date-format":"%d. %b","sms-sent":"Poslano SMS-ova","call-made":"Broj poziva","settings":"Postavke","low-balance-alert":"Upozorenje niskog stanja na računu","low-balance-explanation2":"Kada je stanje ispod","phone-and-internet-data-report":"Podatkovni izvještaj telefona i Interneta","internet-data-report":"Internet data report","starting-on":"Početak","cancel":"Otkaži","monthly":"Mjesečno","weekly":"Tjedno","monday":"Ponedjeljak","tuesday":"Utorak","wednesday":"Srijeda","thursday":"Četvrtak","friday":"Petak","saturday":"Subota","sunday":"Nedjelja","billing-cycle-ends":"Razdoblje naplate završava","tracking-will-reset":"Praćenje će se poništiti na ovaj datum","yes":"Da","done":"Gotovo","confirmation":"Potvrda","reset-confirmation-warning":"Svi trenutni podaci će biti obrisani. Jeste li sigurni da želite obrisati?","reset":"Poništi","reset-wifi":"Resetiraj Wi-Fi potrošnju","reset-mobile":"Resetiraj podatkovnu potrošnju","reset-all-data-usage":"Resetiraj podatkovnu i Wi-Fi potrošnju","not-set":"Nije postavljeno","used":"Iskorišteno","limit-passed":"Ograničenje prekoračen","limit":"Ograničenje","data-limit-header":"Ogranič. potr.","data-limit-alert":"Upozorenje Internet potrošnje","data-limit-value2":"Kada je potrošnja iznad","data-limit-dialog-title2":"Upišite limit upozorenja za potrošnju Internet prometa","data-limit-dialog-explanation2":"Brzina veze se smanjuje nakon dosegnutog limita. Provjerite s pružateljem usluge kako biste postavili prikladan limit za upozorenja.","wifi-usage":"Wi-Fi usage","mobile-usage":"Mobile usage","wifi-usage-settings":"Wi-Fi usage","mobile-usage-settings":"Mobile usage","im-prepaid":"Prepaid","im-postpaid":"Pretplata","reset-data-usage":"Resetiraj podatkovnu potrošnju","reset-report":"Poništi izvješće","next":"Naprijed","back":"Natrag","lets-go":"Idemo!","alert":"Upozorenje","alert-limit":"Upozorenje ograničenja","fte-welcome-title":"Dobrodošli","data-limit-notification-title2":"{{limit}} potrošenog podatkovnog prometa","data-limit-notification-text2":"You’ve reached the limit you selected","low-balance-notification-title":"Nisko stanje na računu","low-balance-notification-text":"Preostalo na računu: {{remaining}} ","zero-balance-message":"Stanje na računu je doseglo nulu.","not-available":"Nije dostupno","usage":"Potrošnja","internet":"Internet","phone":"Telefon","loading-interface-data":"Učitavam podatke sučelja. Pokušajte kasnije.","verbose-chart-date-format":"{{em-month}} {{monthday-number}}","day-hour-format":"{{day}}, {{time}}","B":"B","KB":"KB","MB":"MB","GB":"GB","weekday-0-long":"Nedjelja","weekday-1-long":"Ponedjeljak","weekday-2-long":"Utorak","weekday-3-long":"Srijeda","weekday-4-long":"Četvrtak","weekday-5-long":"Petak","weekday-6-long":"Subota","weekday-0-short":"Ned","weekday-1-short":"Pon","weekday-2-short":"Uto","weekday-3-short":"Sri","weekday-4-short":"Čet","weekday-5-short":"Pet","weekday-6-short":"Sub","month-0-long":"Siječanj","month-1-long":"Veljača","month-2-long":"Ožujak","month-3-long":"Travanj","month-4-long":"Svibanj","month-5-long":"Lipanj","month-6-long":"Srpanj","month-7-long":"Kolovoz","month-8-long":"Rujan","month-9-long":"Listopad","month-10-long":"Studeni","month-11-long":"Prosinac","month-0-genitive":"Siječnja","month-1-genitive":"Veljače","month-2-genitive":"Ožujka","month-3-genitive":"Travnja","month-4-genitive":"Svibnja","month-5-genitive":"Lipnja","month-6-genitive":"Srpnja","month-7-genitive":"Kolovoza","month-8-genitive":"Rujna","month-9-genitive":"Listopada","month-10-genitive":"Studenoga","month-11-genitive":"Prosinca","month-0-short":"Sij","month-1-short":"Velj","month-2-short":"Ožu","month-3-short":"Tra","month-4-short":"Svi","month-5-short":"Lip","month-6-short":"Srp","month-7-short":"Kol","month-8-short":"Ruj","month-9-short":"Lis","month-10-short":"Stu","month-11-short":"Pro","minutes-ago-long":{"_index":["plural","value"],"_":{"zero":"upravo","one":"prije minutu","two":"prije {{value}} minute","few":"prije {{value}} minutes","many":"prije {{value}} minuta","other":"prije {{value}} minuta"}},"hours-ago-long":{"_index":["plural","value"],"_":{"zero":"upravo","one":"prije sat vremena","two":"prije {{value}} sata","few":"prije {{value}} sati","many":"prije {{value}} sati","other":"prije {{value}} sati"}},"days-ago-long":{"_index":["plural","value"],"_":{"zero":"danas","one":"jučer","two":"prije {{value}} dana","few":"prije {{value}} dana","many":"prije {{value}} dana","other":"prije {{value}} dana"}},"weeks-ago-long":{"_index":["plural","value"],"_":{"zero":"ovaj tjedan","one":"prošli tjedan","two":"prije {{value}} tjedna","few":"prije {{value}} tjedana","many":"prije {{value}} tjedana","other":"prije {{value}} tjedana"}},"months-ago-long":{"_index":["plural","value"],"_":{"zero":"ovaj mjesec","one":"prošli mjesec","two":"prije {{value}} mjeseca","few":"prije {{value}} mjeseci","many":"prije {{value}} mjeseci","other":"prije {{value}} mjeseci"}},"years-ago-long":{"_index":["plural","value"],"_":{"zero":"ove godine","one":"prošle godine","two":"prije {{value}} godine","few":"prije {{value}} godina","many":"prije {{value}} godina","other":"prije {{value}} godina"}},"minutes-until-long":{"_index":["plural","value"],"_":{"zero":"upravo","one":"za minutu","two":"za {{value}} minute","few":"za {{value}} minuta","many":"za {{value}} minuta","other":"za {{value}} minuta"}},"hours-until-long":{"_index":["plural","value"],"_":{"zero":"upravo","one":"za sat vremena","two":"za {{value}} sata","few":"za {{value}} sati","many":"za {{value}} sati","other":"za {{value}} sati"}},"days-until-long":{"_index":["plural","value"],"_":{"zero":"danas","one":"sutra","two":"za {{value}} dana","few":"za {{value}} dana","many":"za {{value}} dana","other":"za {{value}} dana"}},"weeks-until-long":{"_index":["plural","value"],"_":{"zero":"ovaj tjedan","one":"idući tjedan","two":"za {{value}} tjedna","few":"za {{value}} tjedana","many":"za {{value}} tjedana","other":"za {{value}} tjedana"}},"months-until-long":{"_index":["plural","value"],"_":{"zero":"ovaj mjesec","one":"idući mjesec","two":"za {{value}} mjeseca","few":"za {{value}} mjeseci","many":"za {{value}} mjeseci","other":"za {{value}} mjeseci"}},"years-until-long":{"_index":["plural","value"],"_":{"zero":"ove godine","one":"iduće godine","two":"za {{value}} godine","few":"za {{value}} godina","many":"za {{value}} godina","other":"za {{value}} godina"}},"minutes-ago-short":{"_index":["plural","value"],"_":{"zero":"upravo","other":"prije {{value}}m"}},"hours-ago-short":{"_index":["plural","value"],"_":{"zero":"upravo","other":"prije {{value}}s"}},"days-ago-short":{"_index":["plural","value"],"_":{"zero":"danas","other":"prije {{value}}d"}},"minutes-until-short":{"_index":["plural","value"],"_":{"zero":"sada","other":"za {{value}}m"}},"hours-until-short":{"_index":["plural","value"],"_":{"zero":"sada","other":"za {{value}}s"}},"days-until-short":{"_index":["plural","value"],"_":{"zero":"danas","other":"za {{value}}d"}},"incorrectDate":"(netočan datum)","dateTimeFormat_%c":"%a %e %b %Y %H:%M:%S","dateTimeFormat_%x":"%d.%m.%Y","dateTimeFormat_%X":"%H:%M:%S","shortTimeFormat":"%H:%M","shortDateTimeFormat":"%x %H:%M","weekStartsOnMonday":"1","time_am":"AM","time_pm":"PM"}