{"topup-confirmation-title2":"Costi","topup-confirmation-message":"Ricarica confermata.","topup-incorrectcode-title2":"Costi","topup-incorrectcode-message3":"Codice di ricarica non valido.","updating":"Aggiornamento","updating-ellipsis":"Aggiornamento…","yesterday":"Ieri","today":"Oggi","never":"Mai","magnitude":"{{value}} {{unit}}","currency":"{{value}}{{currency}}","widget":"Widget Costi","widget-authed-sim-heading":"Inserita nuova SIM {{provider}}","widget-authed-sim-meta":"Tocca per gestire traffico e dati","widget-nonauthed-sim-heading":"Inserita nuova SIM","widget-nonauthed-sim-meta":"Tocca per gestire l’uso di Internet","widget-airplane-mode-heading":"Modalità aereo","widget-airplane-mode-meta":"Disattivare la modalità aereo per utilizzare Costi.","widget-no-sim2-heading":"SIM non presente","widget-no-sim2-meta":"Inserire una SIM per attivare i controlli.","widget-sim-locked-heading":"Scheda SIM bloccata","widget-sim-locked-meta":"Sbloccare la SIM per attivare i controlli.","fte":"Primo utilizzo Costi","fte-authed-sim":"Risparmia tenendo sotto controllo il traffico telefonico e la connessione dati.","fte-nonauthed-sim":"Risparmia tenendo sotto controllo l’utilizzo di Internet.","fte-no-sim":"Informazioni precise sull’utilizzo di Internet.","fte-sim-info2":"Le informazioni sull’utilizzo dei dati provengono direttamente da questo dispositivo. Consultare il proprio fornitore di servizi per informazioni dettagliate sul conto.","fte-plantype-title":"Tipo di contratto","fte-plantype-hint":"Selezionare il tipo di contratto in uso con il proprio gestore.","fte-prepaid2-title":"Avviso credito scarso","fte-prepaid2-hint":"Imposta un avviso per evitare di esaurire il credito.","fte-prepaid3-title":"Rapporto dati e avvisi","fte-prepaid3-hint":"Ricevi rapporti sull’utilizzo di Internet e imposta un avviso per evitare consumi eccessivi.","fte-postpaid2-title":"Rapporto dati e telefono","fte-postpaid2-hint":"Ricevi rapporti sull’utilizzo del telefono e di Internet.","fte-postpaid3-title":"Avviso dati","fte-postpaid3-hint":"Imposta un avviso per evitare un consumo eccessivo di dati.","fte-onlydata2-title":"Rapporto dati","fte-onlydata2-hint":"Ricevi rapporti sull’utilizzo di Internet.","fte-onlydata3-title":"Avviso dati","fte-onlydata3-hint":"Imposta un avviso per evitare un consumo eccessivo di dati.","phone-activity":"Traffico telefonico","balance":"Saldo","on-roaming-message2":"Roaming: nessun aggiornamento automatico del credito. L’aggiornamento manuale potrebbe comportare costi aggiuntivi.","balance-error-message2":"Il credito non è stato aggiornato correttamente. Provare ad aggiornarlo manualmente.","airplane-mode-error-message2":"Disattivare la modalità aereo per aggiornare credito o ricariche.","disable-airplane-mode":"Disattivare la modalità aereo per aggiornare o ricaricare?","no-coverage-error-message2":"È necessario avere copertura telefonica per aggiornare credito e ricariche.","top-up":"Ricarica","enter-top-up-code":"Inserire il codice di ricarica","top-up-code-explanation2":"È disponibile sulla scheda da grattare oppure nella ricevuta.","wait-for-confirmation":"Riceverai un messaggio di conferma.","incorrect-code2":"Assicurarsi che il codice sia corretto e riprovare.","topup-error2":"Si è verificato un problema con l’invio del codice. Riprovare nuovamente.","application-error-title":"Servizio non disponibile","application-error-message":"Contattare l’operatore telefonico.","service-unavailable-title":"Servizio non disponibile","service-unavailable-message":"Nessun aggiornamento o ricarica sono possibili al momento. Riprovare più tardi.","data-usage":"Utilizzo dati","update-button":"Aggiorna","topup-button2":"Utilizza codice ricarica","topup-ussd-button2":"Apri menu ricarica","ok":"OK","top-up-in-progress2":"La ricarica è in fase di elaborazione.","top-up-timed-out2":"Aggiornare il credito per confermare. Se il credito rimane invariato, provare nuovamente la ricarica.","on-topup-not-confirmed-title":"Ricarica non confermata.","on-topup-not-confirmed-message":"Provare ad aggiornare il credito o riprovare la ricarica.","send":"invia","plantype-setup-title":"Il telefono e il piano dati sono","prepaid":"prepagati","postpaid":"in abbonamento","phoneactivity":"Traffico telefonico","short-date-format":"%d %b","sms-sent":"SMS inviato","call-made":"Chiamate effettuate","settings":"Impostazioni","low-balance-alert":"Avviso credito in esaurimento","low-balance-explanation2":"Quando il credito è inferiore a","phone-and-internet-data-report":"Rapporti utilizzo telefono e Internet","internet-data-report":"Rapporti utilizzo Internet","starting-on":"Inizia dal giorno","cancel":"Annulla","monthly":"Ogni mese","weekly":"Ogni settimana","monday":"lunedì","tuesday":"martedì","wednesday":"mercoledì","thursday":"giovedì","friday":"venerdì","saturday":"sabato","sunday":"domenica","billing-cycle-ends":"Il ciclo di fatturazione termina","tracking-will-reset":"Il registro verrà azzerato in questa data","yes":"Sì","done":"Fine","confirmation":"Conferma","reset-confirmation-warning":"Tutti i dati verranno eliminati. Procedere con l’azzeramento?","reset":"Azzera","reset-wifi":"Reimposta utilizzo Wi-Fi","reset-mobile":"Reimposta utilizzo mobile","reset-all-data-usage":"Reimposta dati mobile e Wi-Fi","not-set":"Non impostato","used":"Utilizzato","limit-passed":"Oltrepassato limite","limit":"Limite","data-limit-header":"Limite utilizzo dati","data-limit-alert":"Avviso utilizzo dati","data-limit-value2":"Quando l’utilizzo supera","data-limit-dialog-title2":"Inserire un limite per l’avviso di utilizzo dati","data-limit-dialog-explanation2":"La velocità di connessione viene ridotta una volta raggiunto il limite. Contattare il proprio gestore per determinare un limite adeguato.","wifi-usage":"Utilizzo Wi-Fi","mobile-usage":"Utilizzo dati","wifi-usage-settings":"Utilizzo Wi-Fi","mobile-usage-settings":"Utilizzo dati","im-prepaid":"Ricaricabile","im-postpaid":"Abbonamento","reset-data-usage":"Reimposta utilizzo dati","reset-report":"Reimposta rapporto","next":"Avanti","back":"Indietro","lets-go":"Inizia","alert":"Avviso","alert-limit":"Limite avviso","fte-welcome-title":"Benvenuto","data-limit-notification-title2":"{{limit}} di dati utilizzati","data-limit-notification-text2":"È stato raggiunto il limite selezionato","low-balance-notification-title":"Credito basso","low-balance-notification-text":"{{remaining}} credito telefonico rimanente","zero-balance-message":"Credito telefonico esaurito.","not-available":"Non disponibile","usage":"Costi","internet":"Internet","phone":"Telefono","loading-interface-data":"Caricamento dati interfaccia. Riprovare in seguito.","verbose-chart-date-format":"{{em-month}} {{monthday-number}}","day-hour-format":"{{day}}, {{time}}","B":"B","KB":"kB","MB":"MB","GB":"GB","weekday-0-long":"domenica","weekday-1-long":"lunedì","weekday-2-long":"martedì","weekday-3-long":"mercoledì","weekday-4-long":"giovedì","weekday-5-long":"venerdì","weekday-6-long":"sabato","weekday-0-short":"dom","weekday-1-short":"lun","weekday-2-short":"mar","weekday-3-short":"mer","weekday-4-short":"gio","weekday-5-short":"ven","weekday-6-short":"sab","month-0-long":"gennaio","month-1-long":"febbraio","month-2-long":"marzo","month-3-long":"aprile","month-4-long":"maggio","month-5-long":"giugno","month-6-long":"luglio","month-7-long":"agosto","month-8-long":"settembre","month-9-long":"ottobre","month-10-long":"novembre","month-11-long":"dicembre","month-0-genitive":"gennaio","month-1-genitive":"febbraio","month-2-genitive":"marzo","month-3-genitive":"aprile","month-4-genitive":"maggio","month-5-genitive":"giugno","month-6-genitive":"luglio","month-7-genitive":"agosto","month-8-genitive":"settembre","month-9-genitive":"ottobre","month-10-genitive":"novembre","month-11-genitive":"dicembre","month-0-short":"gen","month-1-short":"feb","month-2-short":"mar","month-3-short":"apr","month-4-short":"mag","month-5-short":"giu","month-6-short":"lug","month-7-short":"ago","month-8-short":"set","month-9-short":"ott","month-10-short":"nov","month-11-short":"dic","minutes-ago-long":{"_index":["plural","value"],"_":{"zero":"adesso","one":"un minuto fa","two":"{{value}} minuti fa","few":"{{value}} minuti fa","many":"{{value}} minuti fa","other":"{{value}} minuti fa"}},"hours-ago-long":{"_index":["plural","value"],"_":{"zero":"adesso","one":"un’ora fa","two":"{{value}} ore fa","few":"{{value}} ore fa","many":"{{value}} ore fa","other":"{{value}} ore fa"}},"days-ago-long":{"_index":["plural","value"],"_":{"zero":"oggi","one":"ieri","two":"{{value}} giorni fa","few":"{{value}} giorni fa","many":"{{value}} giorni fa","other":"{{value}} giorni fa"}},"weeks-ago-long":{"_index":["plural","value"],"_":{"zero":"questa settimana","one":"settimana scorsa","two":"{{value}} settimane fa","few":"{{value}} settimane fa","many":"{{value}} settimane fa","other":"{{value}} settimane fa"}},"months-ago-long":{"_index":["plural","value"],"_":{"zero":"questo mese","one":"mese scorso","two":"{{value}} mesi fa","few":"{{value}} mesi fa","many":"{{value}} mesi fa","other":"{{value}} mesi fa"}},"years-ago-long":{"_index":["plural","value"],"_":{"zero":"quest’anno","one":"anno scorso","two":"{{value}} anni fa","few":"{{value}} anni fa","many":"{{value}} anni fa","other":"{{value}} anni fa"}},"minutes-until-long":{"_index":["plural","value"],"_":{"zero":"adesso","one":"tra un minuto","two":"tra {{value}} minuti","few":"tra {{value}} minuti","many":"tra {{value}} minuti","other":"tra {{value}} minuti"}},"hours-until-long":{"_index":["plural","value"],"_":{"zero":"adesso","one":"tra un’ora","two":"tra {{value}} ore","few":"tra {{value}} ore","many":"tra {{value}} ore","other":"tra {{value}} ore"}},"days-until-long":{"_index":["plural","value"],"_":{"zero":"oggi","one":"domani","two":"tra {{value}} giorni","few":"tra {{value}} giorni","many":"tra {{value}} giorni","other":"tra {{value}} giorni"}},"weeks-until-long":{"_index":["plural","value"],"_":{"zero":"questa settimana","one":"prossima settimana","two":"tra {{value}} settimane","few":"tra {{value}} settimane","many":"tra {{value}} settimane","other":"tra {{value}} settimane"}},"months-until-long":{"_index":["plural","value"],"_":{"zero":"questo mese","one":"prossimo mese","two":"in {{value}} mesi","few":"tra {{value}} mesi","many":"tra {{value}} mesi","other":"in {{value}} mesi"}},"years-until-long":{"_index":["plural","value"],"_":{"zero":"quest’anno","one":"prossimo anno","two":"tra {{value}} anni","few":"tra {{value}} anni","many":"tra {{value}} anni","other":"tra {{value}} anni"}},"minutes-ago-short":{"_index":["plural","value"],"_":{"zero":"adesso","other":"{{value}}m fa"}},"hours-ago-short":{"_index":["plural","value"],"_":{"zero":"adesso","other":"{{value}}h fa"}},"days-ago-short":{"_index":["plural","value"],"_":{"zero":"oggi","other":"{{value}}g fa"}},"minutes-until-short":{"_index":["plural","value"],"_":{"zero":"adesso","other":"tra {{value}}m"}},"hours-until-short":{"_index":["plural","value"],"_":{"zero":"adesso","other":"tra {{value}}h"}},"days-until-short":{"_index":["plural","value"],"_":{"zero":"oggi","other":"tra {{value}}d"}},"incorrectDate":"(data errata)","dateTimeFormat_%c":"%a %e %b %Y %H:%M:%S","dateTimeFormat_%x":"%d/%m/%Y","dateTimeFormat_%X":"%H:%M:%S","shortTimeFormat":"%H:%M","shortDateTimeFormat":"%x %H:%M","weekStartsOnMonday":"1","time_am":"AM","time_pm":"PM"}