{"topup-confirmation-title2":"Usage","topup-confirmation-message":"チャージを確認しました","topup-incorrectcode-title2":"Usage","topup-incorrectcode-message3":"入力されたチャージコードが正しくありません。","updating":"更新中","updating-ellipsis":"更新中…","yesterday":"昨日","today":"今日","never":"繰り返しなし","magnitude":"{{value}} {{unit}}","currency":"{{currency}}{{value}}","widget":"Usage ウィジェット","widget-authed-sim-heading":"新しい {{provider}} SIM カードが挿入されました","widget-authed-sim-meta":"タップすると通話時間と通信量を追跡します。","widget-nonauthed-sim-heading":"新しい SIM カードが挿入されました","widget-nonauthed-sim-meta":"タップするとデータ通信量を追跡します。","widget-airplane-mode-heading":"機内モード","widget-airplane-mode-meta":"Usage を有効にするには機内モードを OFF にしてください。","widget-no-sim2-heading":"SIM カードを挿入してください","widget-no-sim2-meta":"Usage を使うには SIM カードが必要です。","widget-sim-locked-heading":"SIM カードをロック解除してください","widget-sim-locked-meta":"Usage を使うには SIM カードが必要です。","fte":"Usage 初回案内","fte-authed-sim":"通話時間とデータ通信量を追跡して料金を節約しましょう。","fte-nonauthed-sim":"データ通信量を追跡して料金を節約しましょう。","fte-no-sim":"インターネットの通信量についての明確な情報を得てください。","fte-sim-info2":"Usage に表示される情報は、この端末から直接得られたものです。アカウント情報の詳細は、ご利用の携帯通信事業者に確認してください。","fte-plantype-title":"契約プラン","fte-plantype-hint":"ご利用の携帯通信事業者と契約している料金プランを選択します。","fte-prepaid2-title":"残高不足警告","fte-prepaid2-hint":"クレジットの残高不足を避けるための警告をセットします。","fte-prepaid3-title":"データレポートと警告","fte-prepaid3-hint":"インターネットのデータ通信量についてのレポートを受け取り、過多を避けるための警告をセットします。","fte-postpaid2-title":"通話料とデータレポート","fte-postpaid2-hint":"通話料とインターネットのデータ通信量についてのレポートを受け取ります。","fte-postpaid3-title":"データ警告","fte-postpaid3-hint":"データ通信量の過多を避けるための警告をセットします。","fte-onlydata2-title":"データレポート","fte-onlydata2-hint":"インターネットのデータ通信量についてのレポートを受け取ります。","fte-onlydata3-title":"データ警告","fte-onlydata3-hint":"データ通信量の過多を避けるための警告をセットします。","phone-activity":"端末の使用状況","balance":"残高","on-roaming-message2":"ローミング: 残高は自動更新されません。手動で更新するとチャージ分が適用されます。","balance-error-message2":"残高を正しく更新できませんでした。手動で更新してください。","airplane-mode-error-message2":"残高を更新やチャージをするには機内モードを OFF にしてください。","disable-airplane-mode":"更新またはチャージするために機内モードを OFF にしますか？","no-coverage-error-message2":"残高の更新やチャージをするには通話圏内に移動する必要があります。","top-up":"チャージ","enter-top-up-code":"チャージコードを入力してください","top-up-code-explanation2":"コードはスクラッチカードまたはレシートに直接書かれています。","wait-for-confirmation":"確認メッセージを受信してください","incorrect-code2":"コードが正しいか確認して再度試してください。","topup-error2":"コードの送信時に問題が発生しました。再度試してください。","application-error-title":"サービスが利用できません","application-error-message":"ご利用の代理店にお問い合わせください","service-unavailable-title":"サービスが利用できません","service-unavailable-message":"現在、更新もチャージもできません。後で再度試してください。","data-usage":"データ使用状況","update-button":"更新","topup-button2":"チャージコードを使用","topup-ussd-button2":"チャージメニューを開く","ok":"OK","top-up-in-progress2":"チャージ処理中です。","top-up-timed-out2":"確認するには残高を更新してください。残高が変わらない場合は、チャージを再度試してください。","on-topup-not-confirmed-title":"チャージが確認できません","on-topup-not-confirmed-message":"残高を更新するかチャージを再度試してください。","send":"送信","plantype-setup-title":"携帯電話とインターネットのプラン","prepaid":"プリペイド","postpaid":"後払い","phoneactivity":"通話の使用状況","short-date-format":"%b, %d","sms-sent":"SMS 送信","call-made":"通話回数","settings":"設定","low-balance-alert":"残高警告","low-balance-explanation2":"残高が次の値未満の時","phone-and-internet-data-report":"通話とインターネットデータのレポート","internet-data-report":"Internet data report","starting-on":"開始日","cancel":"キャンセル","monthly":"毎月","weekly":"毎週","monday":"月曜日","tuesday":"火曜日","wednesday":"水曜日","thursday":"木曜日","friday":"金曜日","saturday":"土曜日","sunday":"日曜日","billing-cycle-ends":"請求締日","tracking-will-reset":"請求期間はこの日にリセットされます","yes":"はい","done":"完了","confirmation":"確認","reset-confirmation-warning":"現在のすべてのデータが削除されます。本当にリセットしてもよろしいですか？","reset":"リセット","reset-wifi":"Wi-Fi 通信量をリセット","reset-mobile":"モバイル通信量をリセット","reset-all-data-usage":"モバイルと Wi-Fi のデータをリセット","not-set":"未指定","used":"使用","limit-passed":"制限超過","limit":"制限","data-limit-header":"データ通信量制限","data-limit-alert":"データ通信量警告","data-limit-value2":"通信量が次の値以上の時","data-limit-dialog-title2":"データ通信量の制限サイズを入力してください","data-limit-dialog-explanation2":"制限サイズに達すると接続速度が低下します。データプロバイダで確認して適切な警告レベルをセットしてください。","wifi-usage":"Wi-Fi 通信量","mobile-usage":"モバイル通信量","wifi-usage-settings":"Wi-Fi 通信量","mobile-usage-settings":"モバイル通信量","im-prepaid":"プリペイド (前払い) です","im-postpaid":"後払いです","reset-data-usage":"データ通信量をリセット","reset-report":"レポートをリセット","next":"次へ","back":"戻る","lets-go":"開始！","alert":"警告","alert-limit":"警告する通信制限量","fte-welcome-title":"ようこそ","data-limit-notification-title2":"データ通信を {{limit}} 使用しました","data-limit-notification-text2":"指定した限度に達しました","low-balance-notification-title":"残高が少なくなっています","low-balance-notification-text":"通話クレジットは残り {{remaining}} です","zero-balance-message":"残高が 0 になりました。通話クレジットは残っていません。","not-available":"利用不可","usage":"通信量","internet":"インターネット","phone":"通話","loading-interface-data":"インターフェースデータの読み込み中です。しばらく後に再度お試しください。","verbose-chart-date-format":"{{em-month}}{{monthday-number}}日","day-hour-format":"{{day}}, {{time}}","B":"B","KB":"KB","MB":"MB","GB":"GB","weekday-0-long":"日曜日","weekday-1-long":"月曜日","weekday-2-long":"火曜日","weekday-3-long":"水曜日","weekday-4-long":"木曜日","weekday-5-long":"金曜日","weekday-6-long":"土曜日","weekday-0-short":"日","weekday-1-short":"月","weekday-2-short":"火","weekday-3-short":"水","weekday-4-short":"木","weekday-5-short":"金","weekday-6-short":"土","month-0-long":"1月","month-1-long":"2月","month-2-long":"3月","month-3-long":"4月","month-4-long":"5月","month-5-long":"6月","month-6-long":"7月","month-7-long":"8月","month-8-long":"9月","month-9-long":"10月","month-10-long":"11月","month-11-long":"12月","month-0-genitive":"1月","month-1-genitive":"2月","month-2-genitive":"3月","month-3-genitive":"4月","month-4-genitive":"5月","month-5-genitive":"6月","month-6-genitive":"7月","month-7-genitive":"8月","month-8-genitive":"9月","month-9-genitive":"10月","month-10-genitive":"11月","month-11-genitive":"12月","month-0-short":"1月","month-1-short":"2月","month-2-short":"3月","month-3-short":"4月","month-4-short":"5月","month-5-short":"6月","month-6-short":"7月","month-7-short":"8月","month-8-short":"9月","month-9-short":"10月","month-10-short":"11月","month-11-short":"12月","minutes-ago-long":{"_index":["plural","value"],"_":{"zero":"1分以内","one":"1分前","two":"{{value}}分前","few":"{{value}}分前","many":"{{value}}分前","other":"{{value}}分前"}},"hours-ago-long":{"_index":["plural","value"],"_":{"zero":"1時間以内","one":"1時間前","two":"{{value}}時間前","few":"{{value}}時間前","many":"{{value}}時間前","other":"{{value}}時間前"}},"days-ago-long":{"_index":["plural","value"],"_":{"zero":"今日","one":"昨日","two":"{{value}}日前","few":"{{value}}日前","many":"{{value}}日前","other":"{{value}}日前"}},"weeks-ago-long":{"_index":["plural","value"],"_":{"zero":"今週","one":"先週","two":"{{value}}週間前","few":"{{value}}週間前","many":"{{value}}週間前","other":"{{value}}週間前"}},"months-ago-long":{"_index":["plural","value"],"_":{"zero":"今月","one":"先月","two":"{{value}}か月前","few":"{{value}}か月前","many":"{{value}}か月前","other":"{{value}}か月前"}},"years-ago-long":{"_index":["plural","value"],"_":{"zero":"今年","one":"昨年","two":"{{value}}年前","few":"{{value}}年前","many":"{{value}}年前","other":"{{value}}年前"}},"minutes-until-long":{"_index":["plural","value"],"_":{"zero":"1分以内","one":"1分後","two":"{{value}}分後","few":"{{value}}分後","many":"{{value}}分後","other":"{{value}}分後"}},"hours-until-long":{"_index":["plural","value"],"_":{"zero":"1時間以内","one":"1時間後","two":"{{value}}時間後","few":"{{value}}時間後","many":"{{value}}時間後","other":"{{value}}時間後"}},"days-until-long":{"_index":["plural","value"],"_":{"zero":"今日","one":"明日","two":"{{value}}日後","few":"{{value}}日後","many":"{{value}}日後","other":"{{value}}日後"}},"weeks-until-long":{"_index":["plural","value"],"_":{"zero":"今週","one":"来週","two":"{{value}}週間後","few":"{{value}}週間後","many":"{{value}}週間後","other":"{{value}}週間後"}},"months-until-long":{"_index":["plural","value"],"_":{"zero":"今月","one":"来月","two":"{{value}}か月後","few":"{{value}}か月後","many":"{{value}}か月後","other":"{{value}}か月後"}},"years-until-long":{"_index":["plural","value"],"_":{"zero":"今年","one":"来年","two":"{{value}}年後","few":"{{value}}年後","many":"{{value}}年後","other":"{{value}}年後"}},"minutes-ago-short":{"_index":["plural","value"],"_":{"zero":"直前","other":"{{value}}分前"}},"hours-ago-short":{"_index":["plural","value"],"_":{"zero":"数分前","other":"{{value}}時間前"}},"days-ago-short":{"_index":["plural","value"],"_":{"zero":"今日","other":"{{value}}日前"}},"minutes-until-short":{"_index":["plural","value"],"_":{"zero":"直後","other":"{{value}}分後"}},"hours-until-short":{"_index":["plural","value"],"_":{"zero":"数分後","other":"{{value}}時間後"}},"days-until-short":{"_index":["plural","value"],"_":{"zero":"今日","other":"{{value}}日後"}},"incorrectDate":"(日付が不正です)","dateTimeFormat_%c":"%Y年%b%e日(%a) %p%I:%M:%S","dateTimeFormat_%x":"%Y/%m/%d","dateTimeFormat_%X":"%p%I:%M:%S","shortTimeFormat":"%p%I:%M","shortDateTimeFormat":"%x %p%I:%M","weekStartsOnMonday":"0","time_am":"午前","time_pm":"午後"}