{"topup-confirmation-title2":"ការ​ប្រើប្រាស់","topup-confirmation-message":"បាន​អះអាង​ពេញ​លេញ","topup-incorrectcode-title2":"ការ​ប្រើប្រាស់","topup-incorrectcode-message3":"បាន​បញ្ចូល​លេខ​កូដ​បំពេញ​មិន​ត្រឹមត្រូវ។","updating":"ធ្វើ​បច្ចុប្បន្នភាព","updating-ellipsis":"កំពុង​ធ្វើ​បច្ចុប្បន្នភាព...","yesterday":"ម្សិលមិញ","today":"ថ្ងៃ​នេះ","never":"មិនដែល","magnitude":"{{value}} {{unit}}","currency":"{{currency}}{{value}}","widget":"ការ​ប្រើ​ធាតុ​ក្រាហ្វិក","widget-authed-sim-heading":"បាន​បញ្ចូល SIM {{provider}} ថ្មី","widget-authed-sim-meta":"ចុច​ដើម្បី​តាមដាន​ការ​ប្រើ​ទូរស័ព្ទ និង​​​អ៊ីនធឺណិត​របស់​អ្នក។","widget-nonauthed-sim-heading":"បាន​បញ្ចូល​ SIM ថ្មី","widget-nonauthed-sim-meta":"ចុច​ដើម្បី​តាមដាន​ការ​ប្រើ​អ៊ីនធឺណិត​របស់​អ្នក។","widget-airplane-mode-heading":"នៅ​ពេល​ជិះ​យន្ដហោះ","widget-airplane-mode-meta":"សូម​បិទ​របៀប​ពេល​ជិះយន្តហៅ​ដើម្បីបើក​ការ​ប្រើប្រាស់","widget-no-sim2-heading":"មិន​បាន​បញ្ចូល SIM","widget-no-sim2-meta":"បញ្ចូល​ SIM កាត​ដើម្បី​អាច​ប្រើ​បាន។","widget-sim-locked-heading":"បាន​ចាក់សោ​ SIM","widget-sim-locked-meta":"ដោះ​សោ​ SIM កាត​របស់​អ្នក​ដើម្បី​អាច​ប្រើ​បាន។","fte":"ប្រើប្រាស់ First Time Experience","fte-authed-sim":"សន្សំ​ប្រាក់​ដោយ​បន្ត​តាមដាន​ការ​ប្រើប្រាស់​ទូរស័ព្ទ និង​អ៊ីនធឺណិត​របស់​អ្នក។","fte-nonauthed-sim":"សន្សំ​ប្រាក់​ដោយ​បន្ត​តាមដាន​ការ​ប្រើប្រាស់​អ៊ីនធឺណិត​របស់​អ្នក។","fte-no-sim":"ទទួល​បាន​ព័ត៌មាន​ច្បាស់​អំពី​ចំនួន​​អ៊ីនធឺណិត​ដែល​អ្នក​កំពុង​ប្រើ។","fte-sim-info2":"ព័ត៌មាន​​​​​ពី​ការ​ប្រើប្រាស់​ដែល​បាន​បង្ហាញ​​យក​ចេញ​ផ្ទាល់​ពី​ឧបករណ៍​នេះ។ ពិនិត្យ​​ជាមួយ​ក្រុមហ៊ុន​ផ្ដល់​សេវា​ទូរស័ព្ទ​របស់​អ្នក​សម្រាប់​ព័ត៌មាន​លម្អិត​​អំពី​គណនី។","fte-plantype-title":"ប្រភេទ​នៃ​កិច្ចសន្យា","fte-plantype-hint":"ជ្រើស​ប្រភេទ​នៃ​កិច្ចសន្យា​ដែល​អ្នក​មាន​ជាមួយ​ក្រុមហ៊ុន​ផ្ដល់​សេវា​ទូរស័ព្ទ​របស់​អ្នក។","fte-prepaid2-title":"ជូនដំណឹង​ពេល​​សមតុល្យ​កម្រិត","fte-prepaid2-hint":"ផ្ញើ​ការ​ជូនដំណឹង​ដើម្បី​ជៀសវាង​​​​ពេល​អស់​ប្រាក់។","fte-prepaid3-title":"របាយការណ៍ និង​ការ​ជូន​ដំណឹង​ទិន្នន័យ","fte-prepaid3-hint":"ទទួល​បាន​របាយការណ៍​អំពី​ការ​ប្រើប្រាស់​អ៊ីនធឺណិត​របស់​អ្នក និង​កំណត់​ការ​ជូនដំណឹង​ដើម្បី​ជៀសវាង​ការ​ប្រើ​ច្រើន​ពេក។","fte-postpaid2-title":"របាយការណ៍​ទូរស័ព្ទ និង​ទិន្នន័យ","fte-postpaid2-hint":"ទទួល​របាយការណ៍​អំពី​ការ​ប្រើប្រាស់​ទូរស័ព្ទ និង​អ៊ីនធឺណិត​របស់​អ្នក។","fte-postpaid3-title":"ជូនដំណឹង​​អំពី​​ទិន្នន័យ","fte-postpaid3-hint":"កំណត់​​ការ​ជូនដំណឹង​ដើម្បី​ជៀសវាង​ការ​ប្រើ​ទិន្នន័យ​ច្រើន​ពេក។","fte-onlydata2-title":"របាយការណ៍​ទិន្នន័យ","fte-onlydata2-hint":"ទទួល​របាយការណ៍​អំពី​ការ​ប្រើប្រាស់​អ៊ីនធឺណិត​របស់​អ្នក។","fte-onlydata3-title":"ការ​ជូនដំណឹង​​អំពី​ទិន្នន័យ","fte-onlydata3-hint":"កំណត់​​ការ​ជូនដំណឹង​ដើម្បី​ជៀសវាង​ការ​ប្រើ​ទិន្នន័យ​ច្រើន​ពេក។","phone-activity":"សកម្មភាព​ទូរស័ព្ទ","balance":"សមតុល្យ","on-roaming-message2":"រ៉ូមីង៖ គ្មាន​បច្ចុប្បន្នភាព​​សមតុល្យ​​​ស្វ័យប្រវត្តិ​ទេ។ អ្នក​អាច​នឹង​ត្រូវ​បាន​ផ្លាស់ប្ដូរ​សម្រាប់​​ការ​ធ្វើ​បច្ចុប្បន្នភាព​ដោយ​ដៃ។","balance-error-message2":"សមតុល្យ​​មិន​បាន​ធ្វើ​បច្ចុប្បន្នភាព​ត្រឹមត្រូវ។ ព្យាយាម​ធ្វើ​បច្ចុប្បន្នភាព​ដោយ​ដៃ។","airplane-mode-error-message2":"បិទ​របៀប​​ជិះ​យន្តហោះ​ដើម្បី​ធ្វើ​បច្ចុប្បន្នភាពសមតុល្យ ឬ​ការ​បំពេញ​របស់​អ្នក។","disable-airplane-mode":"តើ​អ្នក​ចង់​បិទ​របៀប​លើ​យន្តហោះ​ដើម្បី​ធ្វើ​បច្ចុប្បន្នភាព ឬ​បំពេញ​មែនទេ?","no-coverage-error-message2":"អ្នក​ត្រូវ​មាន​សេវា​ទូរស័ព្ទ​ដើម្បី​ធ្វើ​បច្ចុប្បន្នភាព​សមតុល្យ​ ឬ​ការ​បំពេញ​របស់​អ្នក។","top-up":"បំពេញ","enter-top-up-code":"បញ្ចូល​លេខ​កូដ​បំពេញ","top-up-code-explanation2":"រក​ឃើញ​​វា​​នៅ​​លើ​​កាត​​ឆូត ឬ​​ឃើញ​​ផ្ទាល់​​នៅ​ក្នុង​​​បង្កាន់​ដៃ​របស់​​អ្នក។","wait-for-confirmation":"អ្នក​នឹង​ទទួល​បាន​សារ​ដើម្បី​បញ្ជាក់","incorrect-code2":"ប្រាកដ​ថា​លេខ​កូដ​ត្រឹមត្រូវ និង​ព្យាយាម​ម្ដង​ទៀត។","topup-error2":"មាន​បញ្ហា​ពេល​ផ្ញើ​លេខ​កូដ។ សូម​ព្យាយាម​ម្ដង​ទៀត។","application-error-title":"មិន​មាន​សេវាកម្ម​ទេ","application-error-message":"ទាក់ទង​អ្នក​តំណាង​ក្រុមហ៊ុន​របស់​អ្នក","service-unavailable-title":"មិន​មាន​សេវាកម្ម​ទេ","service-unavailable-message":"មិន​មាន​បច្ចុប្បន្នភាព ឬ​ការ​បំពេញ​​ដែល​អាច​ធ្វើ​បាន​នៅ​ពេល​នេះ។ សូម​ព្យាយាម​ម្ដង​ទៀ។","data-usage":"ការ​ប្រើប្រាស់​ទិន្នន័យ","update-button":"ធ្វើបច្ចុប្បន្នភាព","topup-button2":"ប្រើ​លេខ​កូដ​បំពេញ","topup-ussd-button2":"បើក​ម៉ឺនុយ​បំពេញ","ok":"យល់​ព្រម","top-up-in-progress2":"ការ​បំពេញ​របស់​អ្នក​កំពុង​ដំណើរការ។","top-up-timed-out2":"ធ្វើ​បច្ចុប្បន្នភាព​សមតុល្យ​របស់​អ្នក​ដើម្បី​បញ្ជាក់។ ប្រសិន​បើ​សមតុល្យ​មិន​ត្រូវ​បាន​ផ្លាស់ប្ដូរ ព្យាយាម​បញ្ចូល​ទឹកប្រាក់​ម្ដង​ទៀត។","on-topup-not-confirmed-title":"មិន​បាន​បញ្ជាក់​ការ​បំពេញ","on-topup-not-confirmed-message":"ព្យាយាម​ធ្វើ​បច្ចុប្បន្នភាព​​សមតុល្យ​​របស់​អ្នក ឬ​ព្យាយាម​បំពេញ​ឡើងវិញ។","send":"ផ្ញើ","plantype-setup-title":"ផែនការ​ទូរស័ព្ទ និង​អ៊ីនធឺណិត​របស់​ខ្ញុំ​គឺ","prepaid":"បង់​មុន","postpaid":"បង់​ពេល​ក្រោយ","phoneactivity":"សកម្មភាព​ទូរស័ព្ទ","short-date-format":"%b, %d","sms-sent":"បាន​ផ្ញើ​​សារ SMS","call-made":"បាន​ធ្វើ​ការ​ហៅ","settings":"ការ​កំណត់","low-balance-alert":"ជូនដំណឹង​​ពេល​សមតុល្យ​​​​មាន​កម្រិត​ទាប","low-balance-explanation2":"នៅ​ពេល​​សមតុល្យ​នៅ​ក្រោម","phone-and-internet-data-report":"របាយការណ៍​ទិន្នន័យ​​ទូរស័ព្ទ និង​អ៊ីនធឺណិត","internet-data-report":"របាយការណ៍​ទិន្នន័យ​អ៊ីនធឺណិត","starting-on":"ចាប់ផ្ដើមនៅ","cancel":"បោះបង់","monthly":"រាល់ខែ","weekly":"រាល់​សប្ដាហ៍","monday":"ច័ន្ទ","tuesday":"អង្គារ","wednesday":"ពុធ","thursday":"ព្រហស្បតិ៍","friday":"សុក្រ","saturday":"សៅរ៍","sunday":"អាទិត្យ","billing-cycle-ends":"Billing cycle ends","tracking-will-reset":"ការ​តាមដាន​នឹង​កំណត់​​ឡើងវិញ​នៅ​​ថ្ងៃ​នេះ","yes":"បាទ/ចាស","done":"ធ្វើ​រួច","confirmation":"ការ​អះអាង","reset-confirmation-warning":"ទិន្នន័យ​បច្ចុប្បន្ន​ទាំងអស់​នឹង​ត្រូវ​បាន​លុប។ តើ​អ្នក​ប្រាកដ​ចង់​កំណត់​ឡើងវិញ​ឬ?","reset":"កំណត់​ឡើង​វិញ","reset-wifi":"កំណត់​ការ​ប្រើ​វ៉ាយហ្វាយ​ឡើង​វិញ","reset-mobile":"កំណត់​ការ​ប្រើ​ទិន្នន័យ​ចល័ត​ឡើងវិញ","reset-all-data-usage":"កំណត់​ទិន្នន័យ​ចល័ត & វ៉ាយហ្វាយ​ឡើងវិញ","not-set":"មិន​កំណត់","used":"បាន​ប្រើ","limit-passed":"បាន​ឆ្លង់កាត់​​តាម​កំណត់","limit":"តាម​កំណត់","data-limit-header":"ការ​ប្រើ​ទិន្នន័យ​មាន​កំណត់","data-limit-alert":"ជូន​ដំណឹង​ការ​ប្រើ​ទិន្នន័យ","data-limit-value2":"នៅ​ពេល​ប្រើ​​នៅ​ខាង​លើ","data-limit-dialog-title2":"បញ្ចូល​​ទិន្នន័យ​ទូរស័ព្ទ​​ការ​ជូន​ដំណឹង​មាន​កំណត់","data-limit-dialog-explanation2":"ល្បឿន​ការ​ភ្ជាប់​កាត់បន្ថយ​បន្ទាប់​ពី​​ឈាន​ដល់​កម្រិត​កំណត់។ ពិនិត្យ​ជាមួយ​​អ្នក​ផ្ដល់​ទិន្នន័យ​របស់​អ្នក​ដើម្បី​កំណត់​កម្រិត​ជូនដំណឹង​សមរម្យ​មួយ។","wifi-usage":"ការ​ប្រើ​វ៉ាយហ្វាយ","mobile-usage":"ការ​ប្រើ​​​​ទូរស័ព្ទ","wifi-usage-settings":"ការ​ប្រើ​វ៉ាយហ្វាយ","mobile-usage-settings":"ការ​ប្រើ​​​ទូរស័ព្ទ","im-prepaid":"ខ្ញុំ​យក​ការ​បង់​មុន","im-postpaid":"ខ្ញុំ​យក​ការ​បង់​ក្រោយ","reset-data-usage":"កំណត់​ការ​ប្រើ​ទិន្នន័យ​ឡើងវិញ","reset-report":"របាយការណ៍​កំណត់​ឡើងវិញ","next":"បន្ទាប់","back":"ថយក្រោយ","lets-go":"តោះ​ទៅ!","alert":"ជូន​ដំណឹង","alert-limit":"ជូន​ដំណឹង​តាម​កំណត់","fte-welcome-title":"សូម​ស្វាគមន៍","data-limit-notification-title2":"បាន​ប្រើ {{limit}} នៃ​ទិន្នន័យ","data-limit-notification-text2":"អ្នក​បាន​ឈាន​ដល់​កំណត់​ដែល​អ្នក​បាន​ជ្រើស","low-balance-notification-title":"សមតុល្យ​​ទាប","low-balance-notification-text":"ប្រាក់​ក្នុង​ទូរស័ព្ទ​នៅ​សល់ {{remaining}}","zero-balance-message":"សមតុល្យ​ក្នុង​គណនី​អស់​ហើយ គ្មាន​ទឹកប្រាក់​ក្នុង​ទូរស័ព្ទ​នៅ​សល់​ទេ។","not-available":"មិន​អាច​ប្រើ​បាន","usage":"ការ​ប្រើប្រាស់","internet":"អ៊ីនធឺណិត","phone":"ទូរស័ព្ទ","loading-interface-data":"ផ្ទុក​​ទិន្នន័យ​ចំណុច​ប្រទាក់។ សូម​ព្យាយាម​ឡើងវិញ។","verbose-chart-date-format":"{{em-month}} {{monthday-number}}","day-hour-format":"{{day}}, {{time}}","B":"B","KB":"KB","MB":"MB","GB":"GB","weekday-0-long":"អាទិត្យ","weekday-1-long":"ច័ន្ទ","weekday-2-long":"អង្គារ","weekday-3-long":"ពុធ","weekday-4-long":"ព្រហស្បតិ៍","weekday-5-long":"សុក្រ","weekday-6-long":"សៅរ៍","weekday-0-short":"អាទិត្យ","weekday-1-short":"ច័ន្ទ","weekday-2-short":"អង្គារ","weekday-3-short":"ពុធ","weekday-4-short":"ព្រហស្បតិ៍","weekday-5-short":"សុក្រ","weekday-6-short":"សៅរ៍","month-0-long":"មករា","month-1-long":"កុម្ភៈ","month-2-long":"មីនា","month-3-long":"មេសា","month-4-long":"ឧសភា","month-5-long":"មិថុនា","month-6-long":"កក្កដា","month-7-long":"សីហា","month-8-long":"កញ្ញា","month-9-long":"តុលា","month-10-long":"វិច្ឆិកា","month-11-long":"ធ្នូ","month-0-genitive":"មករា","month-1-genitive":"កុម្ភៈ","month-2-genitive":"មីនា","month-3-genitive":"មេសា","month-4-genitive":"ឧសភា","month-5-genitive":"មិថុនា","month-6-genitive":"កក្កដា","month-7-genitive":"សីហា","month-8-genitive":"កញ្ញា","month-9-genitive":"តុលា","month-10-genitive":"វិច្ឆិកា","month-11-genitive":"ធ្នូ","month-0-short":"មករា","month-1-short":"កុម្ភៈ","month-2-short":"មីនា","month-3-short":"មេសា","month-4-short":"ឧសភា","month-5-short":"មិថុនា","month-6-short":"កក្កដា","month-7-short":"សីហា","month-8-short":"កញ្ញា","month-9-short":"តុលា","month-10-short":"វិច្ឆិកា","month-11-short":"ធ្នូ","minutes-ago-long":{"_index":["plural","value"],"_":{"zero":"អម្បាញ់មិញនេះ","one":"មួយ​នាទី​មុន","two":"{{value}} នាទី​មុន","few":"{{value}} នាទី​មុន","many":"{{value}} នាទី​មុន","other":"{{value}} នាទី​មុន"}},"hours-ago-long":{"_index":["plural","value"],"_":{"zero":"អម្បាញ់មិញនេះ","one":"មួយ​ម៉ោង​មុន","two":"{{value}} ម៉ោង​មុន","few":"{{value}} ម៉ោង​មុន","many":"{{value}} ម៉ោង​មុន","other":"{{value}} ម៉ោង​មុន"}},"days-ago-long":{"_index":["plural","value"],"_":{"zero":"ថ្ងៃ​នេះ","one":"ម្សិលមិញ","two":"{{value}} ថ្ងៃ​មុន","few":"{{value}} ថ្ងៃ​មុន","many":"{{value}} ថ្ងៃ​មុន","other":"{{value}} ថ្ងៃ​មុន"}},"weeks-ago-long":{"_index":["plural","value"],"_":{"zero":"សប្ដាហ៍​នេះ","one":"សប្ដាហ៍​មុន","two":"{{value}} សប្ដាហ៍​មុន","few":"{{value}} សប្ដាហ៍​មុន","many":"{{value}} សប្ដាហ៍​មុន","other":"{{value}} សប្ដាហ៍​មុន"}},"months-ago-long":{"_index":["plural","value"],"_":{"zero":"ខែ​នេះ","one":"ខែ​មុន","two":"{{value}} ខែ​មុន","few":"{{value}} ខែ​មុន","many":"{{value}} ខែ​មុន","other":"{{value}} ខែ​មុន"}},"years-ago-long":{"_index":["plural","value"],"_":{"zero":"ឆ្នាំនេះ","one":"ឆ្នាំ​មុន","two":"{{value}} ឆ្នាំ​មុន","few":"{{value}} ឆ្នាំ​មុន","many":"{{value}} ឆ្នាំ​មុន","other":"{{value}} ឆ្នាំ​មុន"}},"minutes-until-long":{"_index":["plural","value"],"_":{"zero":"ឥឡូវ","one":"ក្នុង​ពេល​មួយ​នាទី","two":"ក្នុង​ពេល {{value}} នាទី","few":"ក្នុង​ពេល {{value}} នាទី","many":"ក្នុង​ពេល​ {{value}} នាទី​","other":"ក្នុង​ពេល {{value}} នាទី"}},"hours-until-long":{"_index":["plural","value"],"_":{"zero":"ឥឡូវ","one":"ក្នុង​រយៈពេល​១​ម៉ោង","two":"ក្នុង​ពេល​​ {{value}} ម៉ោង","few":"ក្នុង​ពេល​​ {{value}} ម៉ោង","many":"ក្នុង​ពេល​​ {{value}} ម៉ោង","other":"ក្នុង​ពេល​​ {{value}} ម៉ោង"}},"days-until-long":{"_index":["plural","value"],"_":{"zero":"ថ្ងៃ​នេះ","one":"ថ្ងៃស្អែក","two":"ក្នុង​ពេល​​ {{value}} ថ្ងៃ","few":"ក្នុង​ពេល​​ {{value}} ថ្ងៃ","many":"ក្នុង​ពេល​​ {{value}} ថ្ងៃ","other":"ក្នុង​ពេល​​ {{value}} ថ្ងៃ"}},"weeks-until-long":{"_index":["plural","value"],"_":{"zero":"សប្ដាហ៍​នេះ","one":"សប្ដាហ៍​ក្រោយ","two":"ក្នុង​ពេល {{value}} សប្ដាហ៍","few":"ក្នុង​ពេល {{value}} សប្ដាហ៍","many":"ក្នុង​ពេល {{value}} សប្ដាហ៍","other":"ក្នុង​ពេល {{value}} សប្ដាហ៍"}},"months-until-long":{"_index":["plural","value"],"_":{"zero":"ខែ​នេះ","one":"ខែ​ក្រោយ","two":"ក្នុង​ពេល {{value}} ខែ","few":"ក្នុង​ពេល {{value}} ខែ","many":"ក្នុង​ពេល {{value}} ខែ","other":"ក្នុង​ពេល {{value}} ខែ"}},"years-until-long":{"_index":["plural","value"],"_":{"zero":"ឆ្នាំនេះ","one":"ឆ្នាំ​ក្រោយ","two":"ក្នុង​ពេល {{value}} ឆ្នាំ","few":"ក្នុង​ពេល {{value}} ឆ្នាំ","many":"ក្នុង​ពេល {{value}} ឆ្នាំ","other":"ក្នុង​ពេល {{value}} ឆ្នាំ"}},"minutes-ago-short":{"_index":["plural","value"],"_":{"zero":"អម្បាញ់មិញនេះ","other":"{{value}}នាទី​មុន"}},"hours-ago-short":{"_index":["plural","value"],"_":{"zero":"អម្បាញ់មិញនេះ","other":"{{value}}ម៉ោង​មុន"}},"days-ago-short":{"_index":["plural","value"],"_":{"zero":"ថ្ងៃ​នេះ","other":"{{value}}ថ្ងៃ​មុន"}},"minutes-until-short":{"_index":["plural","value"],"_":{"zero":"ឥឡូវ","other":"ក្នុង​ពេល {{value}}នាទី"}},"hours-until-short":{"_index":["plural","value"],"_":{"zero":"ឥឡូវ","other":"ក្នុង​ពេល {{value}}ម៉ោង"}},"days-until-short":{"_index":["plural","value"],"_":{"zero":"ថ្ងៃ​នេះ","other":"ក្នុង​ពេល {{value}}ថ្ងៃ"}},"incorrectDate":"(កាលបរិច្ឆេទ​មិន​ត្រឹមត្រូវ)","dateTimeFormat_%c":"%a %b %e %Y %I:%M:%S %p","dateTimeFormat_%x":"%m/%d/%Y","dateTimeFormat_%X":"%I:%M:%S %p","shortTimeFormat":"%I:%M %p","shortDateTimeFormat":"%x %I:%M %p","weekStartsOnMonday":"0","time_am":"ព្រឹក","time_pm":"PM"}