{"topup-confirmation-title2":"Skaitikliai","topup-confirmation-message":"Papildymas patvirtintas","topup-incorrectcode-title2":"Skaitikliai","topup-incorrectcode-message3":"Įvestas neteisingas papildymo kodas.","updating":"Atnaujinama","updating-ellipsis":"Atnaujinama…","yesterday":"Vakar","today":"Šiandien","never":"Niekada","magnitude":"{{value}} {{unit}}","currency":"{{currency}} {{value}}","widget":"Skaitikliai","widget-authed-sim-heading":"Įdėta nauja „{{provider}}“ SIM kortelė","widget-authed-sim-meta":"Bakstelėkite naudojimui apskaityti.","widget-nonauthed-sim-heading":"Įdėta nauja SIM kortelė","widget-nonauthed-sim-meta":"Bakstelėkite duomenims apskaityti.","widget-airplane-mode-heading":"Skrydžio veiksena","widget-airplane-mode-meta":"Ją išjungę, galėsite apskaityti naudojimą.","widget-no-sim2-heading":"Neįdėta SIM kortelė","widget-no-sim2-meta":"Įdėję, galėsite apskaityti naudojimą.","widget-sim-locked-heading":"Užrakinta SIM kortelė","widget-sim-locked-meta":"Atrakinę, galėsite apskaityti naudojimą.","fte":"Skaitikliai – pirmoji paleistis","fte-authed-sim":"Sutaupykite, stebėdami savo pokalbių trukmę ir parsiunčiamų duomenų kiekį.","fte-nonauthed-sim":"Sutaupykite, stebėdami savo parsiunčiamų duomenų kiekį.","fte-no-sim":"Gaukite aiškią informaciją apie savo parsiunčiamų duomenų kiekį.","fte-sim-info2":"Ši programa pateikia šio įrenginio sukauptą informaciją. Išsamesnės naudojimo statistikos teiraukitės savo mobiliojo ryšio operatoriaus.","fte-plantype-title":"Sutarties tipas","fte-plantype-hint":"Pasirinkite savo mobiliojo ryšio sutarties tipą.","fte-prepaid2-title":"Senkanti sąskaita","fte-prepaid2-hint":"Užsisakykite įspėjimą, kad išvengtumėte ištuštėjusios sąskaitos.","fte-prepaid3-title":"Duomenų ataskaita","fte-prepaid3-hint":"Gaukite parsiunčiamų duomenų kiekio ataskaitą ir užsisakykite įspėjimą, kad neparsisiųstumėte per daug.","fte-postpaid2-title":"Pok. ir duom. ataskaitos","fte-postpaid2-hint":"Gaukite ataskaitas apie prakalbėtą laiką ir parsiųstų duomenų kiekį.","fte-postpaid3-title":"Duomenų kiekis","fte-postpaid3-hint":"Užsisakykite įspėjimą, kad neparsisiųstumėte per daug duomenų.","fte-onlydata2-title":"Duomenų ataskaita","fte-onlydata2-hint":"Gaukite ataskaitas apie parsiųstų duomenų kiekį.","fte-onlydata3-title":"Duomenų kiekis","fte-onlydata3-hint":"Užsisakykite įspėjimą, kad neparsisiųstumėte per daug duomenų.","phone-activity":"Telefono aktyvumas","balance":"Balansas","on-roaming-message2":"Naudojamasi tarptinkliniu ryšiu, todėl balansas neatnaujinamas automatiškai. Už balanso atnaujinimo užklausas gali būti imamas papildomas mokestis.","balance-error-message2":"Balanso nepavyko atnaujinti. Pabandykite jį atnaujinti rankiniu būdu.","airplane-mode-error-message2":"Kad galėtumėte atnaujinti balansą ar papildyti sąskaitą, turite išjungti skrydžio veikseną.","disable-airplane-mode":"Ar išjungti skrydžio veikseną, kad galėtumėte papildyti sąskaitą arba atnaujinti balansą?","no-coverage-error-message2":"Kad galėtumėte atnaujinti balansą ar papildyti sąskaitą, turite būti mobiliojo ryšio signalo zonoje.","top-up":"Papildymas","enter-top-up-code":"Įveskite papildymo kodą","top-up-code-explanation2":"Jis paprastai randamas po nutrinamuoju kortelės sluoksniu arba čekyje.","wait-for-confirmation":"Netrukus gausite patvirtinimo žinutę","incorrect-code2":"Įsitikinkite, jog kodas teisingas, ir bandykite vėl.","topup-error2":"Išsiunčiant kodą, iškilo problema. Pabandykite dar kartą.","application-error-title":"Paslauga negalima","application-error-message":"Susisiekite su savo mobiliojo ryšio operatoriaus atstovu","service-unavailable-title":"Paslauga negalima","service-unavailable-message":"Šiuo metu negalima nei atnaujinti balanso, nei papildyti sąskaitos. Pabandykite tai atlikti vėliau.","data-usage":"Duomenų naudojimas","update-button":"Atnaujinti","topup-button2":"Naudoti papildymo kodą","topup-ussd-button2":"Atverti papildymo meniu","ok":"Gerai","top-up-in-progress2":"Jūsų papildymas apdorojamas.","top-up-timed-out2":"Atnaujinkite balansą ir patikrinkite, ar papildymas sėkmingas. Jeigu balansas nepasikeitė, bandykite papildyti dar kartą.","on-topup-not-confirmed-title":"Papildymas nepatvirtintas","on-topup-not-confirmed-message":"Bandykite tnaujinti savo balansą arba atlikti papildymą dar kartą.","send":"siųsti","plantype-setup-title":"Mano telefono ir interneto planas yra","prepaid":"Išankstinio apmokėjimo","postpaid":"Apmokamas pagal sąskaitą","phoneactivity":"Telefono aktyvumas","short-date-format":"%b %e","sms-sent":"Išsiųstos SMS","call-made":"Atlikti skambučiai","settings":"Nuostatos","low-balance-alert":"Senkančios sąskaitos įspėjimas","low-balance-explanation2":"Kai balansas mažesnis negu","phone-and-internet-data-report":"Pokalbių ir duomenų ataskaita","internet-data-report":"Internet data report","starting-on":"Periodo pradžia","cancel":"Atsisakyti","monthly":"Kas mėnesį","weekly":"Kas savaitę","monday":"Pirmadienis","tuesday":"Antradienis","wednesday":"Trečiadienis","thursday":"Ketvirtadienis","friday":"Penktadienis","saturday":"Šeštadienis","sunday":"Sekmadienis","billing-cycle-ends":"Sąskaitos periodas baigiasi","tracking-will-reset":"Šią dieną bus pradėta skaičiuoti iš naujo","yes":"Taip","done":"Baigta","confirmation":"Patvirtinkite","reset-confirmation-warning":"Visi esami duomenys bus pašalinti. Ar norite tęsti?","reset":"Atstatyti","reset-wifi":"Nulinti belaidžio tinklo skaitiklį","reset-mobile":"Nulinti mobiliųjų duomenų skaitiklį","reset-all-data-usage":"Nulinti bel. tinklo ir mob. duom. skaitiklius","not-set":"Nenurodyta","used":"Išnaudota","limit-passed":"Viršyta riba","limit":"Riba","data-limit-header":"Duom. kiekio riba","data-limit-alert":"Duomenų kiekio įspėjimas","data-limit-value2":"Kai išnaudota daugiau negu","data-limit-dialog-title2":"Įveskite mobiliųjų duomenų parsiuntimo ribą","data-limit-dialog-explanation2":"Pasiekus šią ribą, ryšys bus sulėtintas. Dėl tinkamo ribos dydžio pasitarkite su savo mobiliojo ryšio operatoriumi.","wifi-usage":"Belaidis tinklas","mobile-usage":"Mobilieji duomenys","wifi-usage-settings":"Belaidis tinklas","mobile-usage-settings":"Mobilieji duomenys","im-prepaid":"Aš moku iš anksto","im-postpaid":"Aš moku pagal sąskaitą","reset-data-usage":"Skaitiklių nulinimas","reset-report":"Ataskaitos nulinimas","next":"Toliau","back":"Grįžti","lets-go":"Atlikta","alert":"Įspėjimas","alert-limit":"Įspėjimo riba","fte-welcome-title":"Sveiki!","data-limit-notification-title2":"Išnaudota {{limit}} duomenų","data-limit-notification-text2":"Jūs pasiekėte savo pasirinktą ribą","low-balance-notification-title":"Sąskaita senka","low-balance-notification-text":"Jūsų telefono sąskaitoje liko {{remaining}}","zero-balance-message":"Jūsų telefono sąskaitoje neliko pinigų.","not-available":"Negalima","usage":"Skaitikliai","internet":"Internetas","phone":"Telefonas","loading-interface-data":"Įkeliami sąsajos duomenys. Pabandykite truputį vėliau.","verbose-chart-date-format":"{{em-month}} {{monthday-number}}","day-hour-format":"{{day}}, {{time}}","B":"B","KB":"KB","MB":"MB","GB":"GB","weekday-0-long":"Sekmadienis","weekday-1-long":"Pirmadienis","weekday-2-long":"Antradienis","weekday-3-long":"Trečiadienis","weekday-4-long":"Ketvirtadienis","weekday-5-long":"Penktadienis","weekday-6-long":"Šeštadienis","weekday-0-short":"Sk","weekday-1-short":"Pr","weekday-2-short":"An","weekday-3-short":"Tr","weekday-4-short":"Kt","weekday-5-short":"Pn","weekday-6-short":"Št","month-0-long":"sausis","month-1-long":"vasaris","month-2-long":"kovas","month-3-long":"balandis","month-4-long":"gegužė","month-5-long":"birželis","month-6-long":"liepa","month-7-long":"rugpjūtis","month-8-long":"rugsėjis","month-9-long":"spalis","month-10-long":"lapkritis","month-11-long":"gruodis","month-0-genitive":"sausio","month-1-genitive":"vasario","month-2-genitive":"kovo","month-3-genitive":"balandžio","month-4-genitive":"gegužės","month-5-genitive":"birželio","month-6-genitive":"liepos","month-7-genitive":"rugpjūčio","month-8-genitive":"rugsėjo","month-9-genitive":"spalio","month-10-genitive":"lapkričio","month-11-genitive":"gruodžio","month-0-short":"Sau","month-1-short":"Vas","month-2-short":"Kov","month-3-short":"Bal","month-4-short":"Geg","month-5-short":"Bir","month-6-short":"Lie","month-7-short":"Rgp","month-8-short":"Rgs","month-9-short":"Spa","month-10-short":"Lap","month-11-short":"Grd","minutes-ago-long":{"_index":["plural","value"],"_":{"zero":"ką tik","one":"prieš {{value}} minutę","two":"prieš {{value}} minutes","few":"prieš {{value}} minutes","many":"prieš {{value}} minučių","other":"prieš {{value}} minučių"}},"hours-ago-long":{"_index":["plural","value"],"_":{"zero":"ką tik","one":"prieš {{value}} valandą","two":"prieš {{value}} valandas","few":"prieš {{value}} valandas","many":"prieš {{value}} valandų","other":"prieš {{value}} valandų"}},"days-ago-long":{"_index":["plural","value"],"_":{"zero":"šiandien","one":"vakar","two":"prieš {{value}} dienas","few":"prieš {{value}} dienas","many":"prieš {{value}} dienų","other":"prieš {{value}} dienų"}},"weeks-ago-long":{"_index":["plural","value"],"_":{"zero":"šią savaitę","one":"praėjusią savaitę","two":"prieš {{value}} savaites","few":"prieš {{value}} savaites","many":"prieš {{value}} savaičių","other":"prieš {{value}} savaičių"}},"months-ago-long":{"_index":["plural","value"],"_":{"zero":"šį mėnesį","one":"praėjusį mėnesį","two":"prieš {{value}} mėnesius","few":"prieš {{value}} mėnesius","many":"prieš {{value}} mėnesių","other":"prieš {{value}} mėnesių"}},"years-ago-long":{"_index":["plural","value"],"_":{"zero":"šiemet","one":"prieš {{value}} metus","two":"prieš {{value}} metus","few":"prieš {{value}} metus","many":"prieš {{value}} metų","other":"prieš {{value}} metų"}},"minutes-until-long":{"_index":["plural","value"],"_":{"zero":"dabar","one":"už {{value}} minutės","two":"už {{value}} minučių","few":"už {{value}} minučių","many":"už {{value}} minučių","other":"už {{value}} minučių"}},"hours-until-long":{"_index":["plural","value"],"_":{"zero":"dabar","one":"už {{value}} valandos","two":"už {{value}} valandų","few":"už {{value}} valandų","many":"už {{value}} valandų","other":"už {{value}} valandų"}},"days-until-long":{"_index":["plural","value"],"_":{"zero":"šiandien","one":"rytoj","two":"už {{value}} dienų","few":"už {{value}} dienų","many":"už {{value}} dienų","other":"už {{value}} dienų"}},"weeks-until-long":{"_index":["plural","value"],"_":{"zero":"šią savaitę","one":"kitą savaitę","two":"už {{value}} savaičių","few":"už {{value}} savaičių","many":"už {{value}} savaičių","other":"už {{value}} savaičių"}},"months-until-long":{"_index":["plural","value"],"_":{"zero":"šį mėnesį","one":"kitą mėnesį","two":"už {{value}} mėnesių","few":"už {{value}} mėnesių","many":"už {{value}} mėnesių","other":"už {{value}} mėnesių"}},"years-until-long":{"_index":["plural","value"],"_":{"zero":"šiemet","one":"kitais metais","two":"už {{value}} metų","few":"už {{value}} metų","many":"už {{value}} metų","other":"už {{value}} metų"}},"minutes-ago-short":{"_index":["plural","value"],"_":{"zero":"ką tik","other":"prieš {{value}} min."}},"hours-ago-short":{"_index":["plural","value"],"_":{"zero":"ką tik","other":"prieš {{value}} val."}},"days-ago-short":{"_index":["plural","value"],"_":{"zero":"šiandien","other":"prieš {{value}} d."}},"minutes-until-short":{"_index":["plural","value"],"_":{"zero":"dabar","other":"už {{value}} min."}},"hours-until-short":{"_index":["plural","value"],"_":{"zero":"dabar","other":"už {{value}} val."}},"days-until-short":{"_index":["plural","value"],"_":{"zero":"šiandien","other":"už {{value}} d."}},"incorrectDate":"(negalima data)","dateTimeFormat_%c":"%Y m. %Eb %e d. %H:%M:%S","dateTimeFormat_%x":"%Y-%m-%d","dateTimeFormat_%X":"%H:%M:%S","shortTimeFormat":"%H:%M","shortDateTimeFormat":"%x %H:%M","weekStartsOnMonday":"1","time_am":"priešpiet","time_pm":"popiet"}