{"topup-confirmation-title2":"Потрошено","topup-confirmation-message":"Дополнување потврдено","topup-incorrectcode-title2":"Потрошено","topup-incorrectcode-message3":"Неправилен код за дополнување.","updating":"Ажурирање","updating-ellipsis":"Ажурирање…","yesterday":"Вчера","today":"Денес","never":"Никогаш","magnitude":"{{value}} {{unit}}","currency":"{{currency}}{{value}}","widget":"Елемент Потрошено","widget-authed-sim-heading":"Нова {{provider}} SIM внесена","widget-authed-sim-meta":"Притиснете да ја следите искористеноста на телефонот и интернет.","widget-nonauthed-sim-heading":"Нова SIM внесена","widget-nonauthed-sim-meta":"Притиснете да ја следите интернет искористеноста.","widget-airplane-mode-heading":"Airplane Mode","widget-airplane-mode-meta":"Please, turn off airplane mode to enable Usage.","widget-no-sim2-heading":"Нема внесено SIM","widget-no-sim2-meta":"Внесете SIM да се овозможи Потрошено.","widget-sim-locked-heading":"Заклучена SIM картичка","widget-sim-locked-meta":"Отклучете ја вашата SIM да се овозможи Потрошено.","fte":"Искуство за прва пат на Потрошено","fte-authed-sim":"Заштедете пари следејќи ја искористеноста на вашиот телефон и интернет.","fte-nonauthed-sim":"Заштедете пари следејќи ја искористеноста на интернет.","fte-no-sim":"Добијте чиста слика колку интернет трошите.","fte-sim-info2":"Информациите прикажани на Потрошено се директно од овој уред. Проверете кај Вашиот мобилен оператор за детални информации за сметката.","fte-plantype-title":"Тип на договор","fte-plantype-hint":"Изберете го типот на договорот кој го имате со вашиот мобилен оператор.","fte-prepaid2-title":"Аларм за мал баланс","fte-prepaid2-hint":"Поставете аларм за да избегнете да Ви се потроши кредитот.","fte-prepaid3-title":"Извештај за податоци и Аларм","fte-prepaid3-hint":"Примите извештаи за искористеноста на интернет и поставете аларми за да избегнете непланирани трошоци.","fte-postpaid2-title":"Извештај за телефон и податоци","fte-postpaid2-hint":"Примите извештаи за искористеноста на вашиот телефон и интернет сообраќај.","fte-postpaid3-title":"Аларм за податоци","fte-postpaid3-hint":"Поставете аларм за да избегнете непланирани трошоци.","fte-onlydata2-title":"Извештај за податоци","fte-onlydata2-hint":"Примите податоци за искористеноста на вашиот интернет сообраќај.","fte-onlydata3-title":"Аларм за податоци","fte-onlydata3-hint":"Поставете аларм за да избегнете непланирани трошоци.","phone-activity":"Активност на телефонот","balance":"Состојба","on-roaming-message2":"Роаминг: без автоматско ажурирање на состојбата. Може да Ви се наплати при рачно ажурирање.","balance-error-message2":"Состојбата не се ажурираше правилно. Пробајте рачно ажурирање.","airplane-mode-error-message2":"Исклучете го авионскиот режим за да ја ажурирате вашата состојба или дополнување кредит.","disable-airplane-mode":"Дали сакате да го исклучите авионскиот режим за да ажурирате или дополните кредит?","no-coverage-error-message2":"Потребно е мрежно покривање за да ја ажурирате состојбата или дополнување кредит.","top-up":"Дополнување","enter-top-up-code":"Внесете го кодот за дополнување","top-up-code-explanation2":"Најдете го на грепката или на Вашата сметка.","wait-for-confirmation":"Ќе добиете порака за потврда","incorrect-code2":"Осигурајте се дека кодот е точен и пробајте повторно.","topup-error2":"Имаше проблем при праќање на кодот. Ве молам пробајте повторно.","application-error-title":"Недостапен сервис","application-error-message":"Контактирајте го преставникот на вашиот оператор.","service-unavailable-title":"Недостапен сервис","service-unavailable-message":"Ниту ажурирање ниту дополнување не е можно во моментов. Ве молам пробајте повторно.","data-usage":"Искористеност на податоци","update-button":"Ажурирај","topup-button2":"Користете код за дополнување","topup-ussd-button2":"Отворете го мените за дополнување","ok":"Во ред","top-up-in-progress2":"Вашето барање за дополнување се процесира.","top-up-timed-out2":"Ажурирајте ја состојбата за да потврдите. Ако состојбата е непроменета, пробајте со дополнување повторно.","on-topup-not-confirmed-title":"Дополнувањето не е потврдено","on-topup-not-confirmed-message":"Пробајте да ја ажурирате состојбата или повторите го дополнувањето.","send":"прати","plantype-setup-title":"Мојот телефонски и интернет договор е","prepaid":"Припејд","postpaid":"Постпејд","phoneactivity":"Активност на телефон","short-date-format":"%b, %d","sms-sent":"SMS пратена","call-made":"Направени повици","settings":"Поставки","low-balance-alert":"Аларм за мала состојба","low-balance-explanation2":"Кога состојбата е под","phone-and-internet-data-report":"Извештај за искористеност на телефон и интернет","internet-data-report":"Internet data report","starting-on":"Започнување на","cancel":"Откажи","monthly":"Месечно","weekly":"Седмично","monday":"Понеделник","tuesday":"Вторник","wednesday":"Среда","thursday":"Четврток","friday":"Петок","saturday":"Сабота","sunday":"Недела","billing-cycle-ends":"Циклусот за фактурирање завршува","tracking-will-reset":"Следењето ќе се ресетира на овој датум","yes":"Да","done":"Готово","confirmation":"Потврда","reset-confirmation-warning":"Сите моментални податоци ќе бидат избришани. Дали сте сигурни дека сакате да ресетирате?","reset":"Ресетирај","reset-wifi":"Ресетирај искористеност на Wi-Fi","reset-mobile":"Ресетирај искористеност на мобилен","reset-all-data-usage":"Ресетирај податоци за мобилен и Wi-Fi","not-set":"Не е поставено","used":"Искористено","limit-passed":"Поминат лимит","limit":"Лимит","data-limit-header":"Лимит за податоци","data-limit-alert":"Алерт за податоци","data-limit-value2":"Кога искористеноста е над","data-limit-dialog-title2":"Внесете аларм за лимит на мобилен","data-limit-dialog-explanation2":"Брзината на поврзување се намалува по достигнување на лимитот. Проверете со вашиот оператор за да поставите соодветно ниво за аларм.","wifi-usage":"Wi-Fi искористеност","mobile-usage":"Искористеност на говор","wifi-usage-settings":"Wi-Fi искористеност","mobile-usage-settings":"Искористеност на мобилен","im-prepaid":"Јас сум припејд","im-postpaid":"Јас сум постпејд","reset-data-usage":"Ресетирај искористеност на податоци","reset-report":"Ресетирај извештај","next":"Следно","back":"Назад","lets-go":"Ајде!","alert":"Аларм","alert-limit":"Аларм лимит","fte-welcome-title":"Добредојдовте","data-limit-notification-title2":"{{limit}} податоци искористено","data-limit-notification-text2":"Го стигнавте лимитот кој го избравте","low-balance-notification-title":"Низок баланс","low-balance-notification-text":"{{remaining}} телефонски кредити остануваат","zero-balance-message":"Балансот е на нула, нема останато телефонски кредити.","not-available":"Не е достапно","usage":"Потрошено","internet":"Интернет","phone":"Телефон","loading-interface-data":"Се вчитува интерфејсот. Ве молам пробајте повторно подоцна.","verbose-chart-date-format":"{{em-month}} {{monthday-number}}","day-hour-format":"{{day}}, {{time}}","B":"Б","KB":"КБ","MB":"МБ","GB":"ГБ","weekday-0-long":"Недела","weekday-1-long":"Понеделник","weekday-2-long":"Вторник","weekday-3-long":"Среда","weekday-4-long":"Четврток","weekday-5-long":"Петок","weekday-6-long":"Сабота","weekday-0-short":"Нед","weekday-1-short":"Пон","weekday-2-short":"Вто","weekday-3-short":"Сре","weekday-4-short":"Чет","weekday-5-short":"Пет","weekday-6-short":"Саб","month-0-long":"јануари","month-1-long":"февруари","month-2-long":"март","month-3-long":"април","month-4-long":"мај","month-5-long":"јуни","month-6-long":"јули","month-7-long":"август","month-8-long":"септември","month-9-long":"октомври","month-10-long":"ноември","month-11-long":"декември","month-0-genitive":"јануари","month-1-genitive":"февруари","month-2-genitive":"март","month-3-genitive":"април","month-4-genitive":"мај","month-5-genitive":"јуни","month-6-genitive":"јули","month-7-genitive":"август","month-8-genitive":"септември","month-9-genitive":"октомври","month-10-genitive":"ноември","month-11-genitive":"декември","month-0-short":"јан","month-1-short":"фев","month-2-short":"мар","month-3-short":"апр","month-4-short":"мај","month-5-short":"јун","month-6-short":"јул","month-7-short":"авг","month-8-short":"сеп","month-9-short":"окт","month-10-short":"ное","month-11-short":"дек","minutes-ago-long":{"_index":["plural","value"],"_":{"zero":"сега","one":"пред една минута","two":"пред {{value}} минути","few":"пред {{value}} минути","many":"пред {{value}} минути","other":"пред {{value}} минути"}},"hours-ago-long":{"_index":["plural","value"],"_":{"zero":"сега","one":"пред еден час","two":"пред {{value}} часа","few":"пред {{value}} часа","many":"пред {{value}} часови","other":"пред {{value}} часови"}},"days-ago-long":{"_index":["plural","value"],"_":{"zero":"денес","one":"вчера","two":"пред {{value}} дена","few":"пред {{value}} дена","many":"пред {{value}} денови","other":"пред {{value}} денови"}},"weeks-ago-long":{"_index":["plural","value"],"_":{"zero":"оваа недела","one":"минатата недела","two":"пред {{value}} недели","few":"пред {{value}} недели","many":"пред {{value}} недели","other":"пред {{value}} недели"}},"months-ago-long":{"_index":["plural","value"],"_":{"zero":"овој месец","one":"минатиот месец","two":"пред {{value}} месеци","few":"пред {{value}} месеци","many":"пред {{value}} месеци","other":"пред {{value}} месеци"}},"years-ago-long":{"_index":["plural","value"],"_":{"zero":"оваа година","one":"минатата година","two":"пред {{value}} години","few":"пред {{value}} години","many":"пред {{value}} години","other":"пред {{value}} години"}},"minutes-until-long":{"_index":["plural","value"],"_":{"zero":"сега","one":"за една минута","two":"за {{value}} минути","few":"за {{value}} минути","many":"за {{value}} минути","other":"за {{value}} минути"}},"hours-until-long":{"_index":["plural","value"],"_":{"zero":"сега","one":"за еден час","two":"за {{value}} часа","few":"за {{value}} часа","many":"за {{value}} часови","other":"за {{value}} часови"}},"days-until-long":{"_index":["plural","value"],"_":{"zero":"денес","one":"утре","two":"за {{value}} дена","few":"за {{value}} дена","many":"за {{value}} денови","other":"за {{value}} денови"}},"weeks-until-long":{"_index":["plural","value"],"_":{"zero":"оваа седмица","one":"следната седмица","two":"за {{value}} седмици","few":"за {{value}} седмици","many":"за {{value}} седмици","other":"за {{value}} седмици"}},"months-until-long":{"_index":["plural","value"],"_":{"zero":"овој месец","one":"следниот месец","two":"за {{value}} месеци","few":"за {{value}} месеци","many":"за {{value}} месеци","other":"за {{value}} месеци"}},"years-until-long":{"_index":["plural","value"],"_":{"zero":"оваа година","one":"следната година","two":"за {{value}} години","few":"за {{value}} години","many":"за {{value}} години","other":"за {{value}} години"}},"minutes-ago-short":{"_index":["plural","value"],"_":{"zero":"сега","other":"пред {{value}}m"}},"hours-ago-short":{"_index":["plural","value"],"_":{"zero":"сега","other":"пред {{value}}h"}},"days-ago-short":{"_index":["plural","value"],"_":{"zero":"денес","other":"пред {{value}}d"}},"minutes-until-short":{"_index":["plural","value"],"_":{"zero":"сега","other":"за {{value}}m"}},"hours-until-short":{"_index":["plural","value"],"_":{"zero":"сега","other":"за {{value}}h"}},"days-until-short":{"_index":["plural","value"],"_":{"zero":"денес","other":"за {{value}}d"}},"incorrectDate":"(неточен датум)","dateTimeFormat_%c":"%a %b %e %Y %H:%M:%S","dateTimeFormat_%x":"%d/%m/%Y","dateTimeFormat_%X":"%H:%M:%S","shortTimeFormat":"%H:%M","shortDateTimeFormat":"%x %H:%M","weekStartsOnMonday":"1","time_am":"AM","time_pm":"PM"}