{"topup-confirmation-title2":"Gebruik","topup-confirmation-message":"Opwaarderen bevestigd","topup-incorrectcode-title2":"Gebruik","topup-incorrectcode-message3":"Onjuiste opwaardeercode ingevoerd.","updating":"Bijwerken","updating-ellipsis":"Bijwerken…","yesterday":"Gisteren","today":"Vandaag","never":"Nooit","magnitude":"{{value}} {{unit}}","currency":"{{currency}}{{value}}","widget":"Gebruikswidget","widget-authed-sim-heading":"Nieuwe {{provider}}-simkaart geplaatst","widget-authed-sim-meta":"Tik om uw telefoon- en internetgebruik bij te houden.","widget-nonauthed-sim-heading":"Nieuwe simkaart geplaatst","widget-nonauthed-sim-meta":"Tik om uw internetgebruik bij te houden.","widget-airplane-mode-heading":"Vliegtuigmodus","widget-airplane-mode-meta":"Zet de vliegtuigmodus uit om Gebruik in te schakelen.","widget-no-sim2-heading":"Geen simkaart geplaatst","widget-no-sim2-meta":"Plaats een simkaart om Gebruik in te schakelen.","widget-sim-locked-heading":"Vergrendelde simkaart","widget-sim-locked-meta":"Ontgrendel uw simkaart om Gebruik in te schakelen.","fte":"Gebruik: eerste gebruikerservaring","fte-authed-sim":"Bespaar geld door uw telefoon- en internetgebruik bij te houden.","fte-nonauthed-sim":"Bespaar geld door uw internetgebruik bij te houden.","fte-no-sim":"Ontvang duidelijke informatie over uw internetgebruik.","fte-sim-info2":"Getoonde gegevens bij Gebruik komen rechtstreeks van dit apparaat. Controleer gedetailleerde accountgegevens bij uw mobiele provider.","fte-plantype-title":"Contracttype","fte-plantype-hint":"Selecteer het type contract dat u hebt bij uw mobiele provider.","fte-prepaid2-title":"Laag-saldomelding ","fte-prepaid2-hint":"Stel een melding in om te voorkomen dat uw saldo opraakt.","fte-prepaid3-title":"Gegevensrapport en -melding","fte-prepaid3-hint":"Ontvang rapporten over uw internetgebruik en stel een melding in om te voorkomen dat u te veel gebruikt.","fte-postpaid2-title":"Telefoon- en gegevensrapport","fte-postpaid2-hint":"Ontvang rapporten over uw telefoon- en internetgebruik.","fte-postpaid3-title":"Gegevensmelding","fte-postpaid3-hint":"Stel een melding in om te voorkomen dat u te veel gegevens gebruikt.","fte-onlydata2-title":"Gegevensrapport","fte-onlydata2-hint":"Ontvang rapporten over uw internetgebruik.","fte-onlydata3-title":"Gegevensmelding","fte-onlydata3-hint":"Stel een melding in om te voorkomen dat u te veel gegevens gebruikt.","phone-activity":"Telefoonactiviteit","balance":"Saldo","on-roaming-message2":"Roaming: niet automatisch saldo bijwerken. Voor handmatig bijwerken kunnen extra kosten gelden.","balance-error-message2":"Saldo is niet goed bijgewerkt. Probeer handmatig bij te werken.","airplane-mode-error-message2":"Zet de vliegtuigmodus uit om uw saldo bij te werken of op te waarderen.","disable-airplane-mode":"Wilt u de vliegtuigmodus uitschakelen om saldo bij te werken of op te waarderen?","no-coverage-error-message2":"U hebt netwerkdekking nodig om uw saldo bij te werken of op te waarderen.","top-up":"Opwaarderen","enter-top-up-code":"Voer de opwaardeercode in","top-up-code-explanation2":"Deze vindt u op de kraskaart of direct op uw kassabon.","wait-for-confirmation":"U ontvangt daarna een bevestigingsbericht","incorrect-code2":"Controleer of de code juist is en probeer het nogmaals.","topup-error2":"Er was een probleem bij het verzenden van de code. Probeer het nogmaals.","application-error-title":"Service niet beschikbaar","application-error-message":"Neem contact op met de vertegenwoordiger van uw bedrijf","service-unavailable-title":"Service niet beschikbaar","service-unavailable-message":"Noch bijwerken noch opwaarderen is op dit moment mogelijk. Probeer het later.","data-usage":"Gegevensgebruik","update-button":"Bijwerken","topup-button2":"Opwaardeercode gebruiken","topup-ussd-button2":"Opwaardeermenu openen","ok":"OK","top-up-in-progress2":"Het opwaarderen wordt uitgevoerd.","top-up-timed-out2":"Werk uw saldo bij om te bevestigen. Als het saldo niet is gewijzigd, probeer dan nogmaals op te waarderen.","on-topup-not-confirmed-title":"Opwaarderen niet bevestigd","on-topup-not-confirmed-message":"Probeer uw saldo bij te werken of nogmaals op te waarderen.","send":"verzenden","plantype-setup-title":"Mijn telefoon- en internetabonnement is","prepaid":"Prepaid","postpaid":"Postpaid","phoneactivity":"Telefoonactiviteit","short-date-format":"%d %b","sms-sent":"Verzonden sms","call-made":"Gemaakte oproepen","settings":"Instellingen","low-balance-alert":"Laag-saldomelding","low-balance-explanation2":"Als saldo lager is dan","phone-and-internet-data-report":"Telefoon- en internetgegevensrapport","internet-data-report":"Internetgegevensrapport","starting-on":"Begint op","cancel":"Annuleren","monthly":"Maandelijks","weekly":"Wekelijks","monday":"maandag","tuesday":"dinsdag","wednesday":"woensdag","thursday":"donderdag","friday":"vrijdag","saturday":"zaterdag","sunday":"zondag","billing-cycle-ends":"Facturatieperiode eindigt","tracking-will-reset":"Bijhouden wordt op deze datum geherinitialiseerd","yes":"Ja","done":"Gereed","confirmation":"Bevestiging","reset-confirmation-warning":"Alle huidige gegevens worden verwijderd. Weet u zeker dat u wilt herinitialiseren?","reset":"Herinitialiseren","reset-wifi":"Wifi-gebruik herinitialiseren","reset-mobile":"Mobiel gebruik herinitialiseren","reset-all-data-usage":"Mobiele en wifi-gegevens herinitialiseren","not-set":"Niet ingesteld","used":"Gebruikt","limit-passed":"Limiet overschreden","limit":"Limiet","data-limit-header":"Limiet voor gegevensgebruik","data-limit-alert":"Melding voor gegevensgebruik","data-limit-value2":"Als gebruik meer is dan","data-limit-dialog-title2":"Voer een melding voor mobielegegevenslimiet in","data-limit-dialog-explanation2":"Verbindingssnelheden gaan omlaag nadat de limiet is bereikt. Controleer deze bij uw gegevensprovider om een passend meldingsniveau in te stellen.","wifi-usage":"Wifi-gebruik","mobile-usage":"Mobielgebruik","wifi-usage-settings":"Wifi-gebruik","mobile-usage-settings":"Mobielgebruik","im-prepaid":"Ik ben prepaid","im-postpaid":"Ik ben postpaid","reset-data-usage":"Gegevensgebruik herinitialiseren","reset-report":"Rapport herinitialiseren","next":"Volgende","back":"Terug","lets-go":"Beginnen!","alert":"Melding","alert-limit":"Meldingslimiet","fte-welcome-title":"Welkom","data-limit-notification-title2":"{{limit}} aan gegevens gebruikt","data-limit-notification-text2":"U hebt uw geselecteerde limiet bereikt","low-balance-notification-title":"Laag saldo","low-balance-notification-text":"{{remaining}} telefoontegoed resterend","zero-balance-message":"Saldo heeft nul bereikt, geen telefoontegoed resterend.","not-available":"Niet beschikbaar","usage":"Gebruik","internet":"Internet","phone":"Telefoon","loading-interface-data":"Interfacegegevens worden geladen. Probeer het later nog eens.","verbose-chart-date-format":"{{monthday-number}} {{em-month}}","day-hour-format":"{{day}}, {{time}}","B":"B","KB":"KB","MB":"MB","GB":"GB","weekday-0-long":"zondag","weekday-1-long":"maandag","weekday-2-long":"dinsdag","weekday-3-long":"woensdag","weekday-4-long":"donderdag","weekday-5-long":"vrijdag","weekday-6-long":"zaterdag","weekday-0-short":"zon","weekday-1-short":"maa","weekday-2-short":"din","weekday-3-short":"woe","weekday-4-short":"don","weekday-5-short":"vrij","weekday-6-short":"zat","month-0-long":"januari","month-1-long":"februari","month-2-long":"maart","month-3-long":"april","month-4-long":"mei","month-5-long":"juni","month-6-long":"juli","month-7-long":"augustus","month-8-long":"september","month-9-long":"oktober","month-10-long":"november","month-11-long":"december","month-0-genitive":"januari","month-1-genitive":"februari","month-2-genitive":"maart","month-3-genitive":"april","month-4-genitive":"mei","month-5-genitive":"juni","month-6-genitive":"juli","month-7-genitive":"augustus","month-8-genitive":"september","month-9-genitive":"oktober","month-10-genitive":"november","month-11-genitive":"december","month-0-short":"jan","month-1-short":"feb","month-2-short":"mrt","month-3-short":"apr","month-4-short":"mei","month-5-short":"jun","month-6-short":"jul","month-7-short":"aug","month-8-short":"sep","month-9-short":"okt","month-10-short":"nov","month-11-short":"dec","minutes-ago-long":{"_index":["plural","value"],"_":{"zero":"zojuist","one":"een minuut geleden","two":"{{value}} minuten geleden","few":"{{value}} minuten geleden","many":"{{value}} minuten geleden","other":"{{value}} minuten geleden"}},"hours-ago-long":{"_index":["plural","value"],"_":{"zero":"zojuist","one":"een uur geleden","two":"{{value}} uur geleden","few":"{{value}} uur geleden","many":"{{value}} uur geleden","other":"{{value}} uur geleden"}},"days-ago-long":{"_index":["plural","value"],"_":{"zero":"vandaag","one":"gisteren","two":"{{value}} dagen geleden","few":"{{value}} dagen geleden","many":"{{value}} dagen geleden","other":"{{value}} dagen geleden"}},"weeks-ago-long":{"_index":["plural","value"],"_":{"zero":"deze week","one":"vorige week","two":"{{value}} weken geleden","few":"{{value}} weken geleden","many":"{{value}} weken geleden","other":"{{value}} weken geleden"}},"months-ago-long":{"_index":["plural","value"],"_":{"zero":"deze maand","one":"vorige maand","two":"{{value}} maanden geleden","few":"{{value}} maanden geleden","many":"{{value}} maanden geleden","other":"{{value}} maanden geleden"}},"years-ago-long":{"_index":["plural","value"],"_":{"zero":"dit jaar","one":"vorig jaar","two":"{{value}} jaar geleden","few":"{{value}} jaar geleden","many":"{{value}} jaar geleden","other":"{{value}} jaar geleden"}},"minutes-until-long":{"_index":["plural","value"],"_":{"zero":"nu","one":"zo meteen","two":"over {{value}} minuten","few":"over {{value}} minuten","many":"over {{value}} minuten","other":"over {{value}} minuten"}},"hours-until-long":{"_index":["plural","value"],"_":{"zero":"nu","one":"over een uur","two":"over {{value}} uur","few":"over {{value}} uur","many":"over {{value}} uur","other":"over {{value}} uur"}},"days-until-long":{"_index":["plural","value"],"_":{"zero":"vandaag","one":"morgen","two":"over {{value}} dagen","few":"over {{value}} dagen","many":"over {{value}} dagen","other":"over {{value}} dagen"}},"weeks-until-long":{"_index":["plural","value"],"_":{"zero":"deze week","one":"volgende week","two":"over {{value}} weken","few":"over {{value}} weken","many":"over {{value}} weken","other":"over {{value}} weken"}},"months-until-long":{"_index":["plural","value"],"_":{"zero":"deze maand","one":"volgende maand","two":"over {{value}} maanden","few":"over {{value}} maanden","many":"over {{value}} maanden","other":"over {{value}} maanden"}},"years-until-long":{"_index":["plural","value"],"_":{"zero":"dit jaar","one":"volgend jaar","two":"over {{value}} jaar","few":"over {{value}} jaar","many":"over {{value}} jaar","other":"over {{value}} jaar"}},"minutes-ago-short":{"_index":["plural","value"],"_":{"zero":"zojuist","other":"{{value}}m geleden"}},"hours-ago-short":{"_index":["plural","value"],"_":{"zero":"zojuist","other":"{{value}}h geleden"}},"days-ago-short":{"_index":["plural","value"],"_":{"zero":"vandaag","other":"{{value}}d geleden"}},"minutes-until-short":{"_index":["plural","value"],"_":{"zero":"nu","other":"over {{value}}m"}},"hours-until-short":{"_index":["plural","value"],"_":{"zero":"nu","other":"over {{value}}h"}},"days-until-short":{"_index":["plural","value"],"_":{"zero":"vandaag","other":"over {{value}}d"}},"incorrectDate":"(onjuiste datum)","dateTimeFormat_%c":"%a %e %b %Y %H:%M:%S","dateTimeFormat_%x":"%d-%m-%Y","dateTimeFormat_%X":"%H:%M:%S","shortTimeFormat":"%H:%M","shortDateTimeFormat":"%x %H:%M","weekStartsOnMonday":"1","time_am":"AM","time_pm":"PM"}