{"topup-confirmation-title2":"Koszty","topup-confirmation-message":"Doładowanie potwierdzone.","topup-incorrectcode-title2":"Koszty","topup-incorrectcode-message3":"Wprowadzono nieprawidłowy kod doładowania.","updating":"Aktualizowanie","updating-ellipsis":"Aktualizowanie…","yesterday":"Wczoraj","today":"Dzisiaj","never":"Nigdy","magnitude":"{{value}} {{unit}}","currency":"{{value}} {{currency}}","widget":"Koszty","widget-authed-sim-heading":"Wykryto nową kartę SIM powiązaną z operatorem {{provider}}","widget-authed-sim-meta":"Włącz śledzenie ilości połączeń i przesyłanych danych","widget-nonauthed-sim-heading":"Wykryto nową kartę SIM","widget-nonauthed-sim-meta":"Włącz śledzenie ilości przesyłanych danych","widget-airplane-mode-heading":"Tryb lotu","widget-airplane-mode-meta":"Wyłącz tryb lotu, by monitorować koszty.","widget-no-sim2-heading":"Brak karty SIM","widget-no-sim2-meta":"Włóż kartę SIM, by monitorować koszty","widget-sim-locked-heading":"Zablokowana karta SIM","widget-sim-locked-meta":"Odblokuj kartę SIM, by monitorować koszty","fte":"Asystent wstępnej konfiguracji kosztów","fte-authed-sim":"Oszczędzaj pieniądze, monitorując użycie połączeń telefonicznych oraz ilość przesyłanych danych.","fte-nonauthed-sim":"Oszczędzaj pieniądze, monitorując ilość przesyłanych danych.","fte-no-sim":"Uzyskaj jasne informacje o tym, jak dużo przesyłasz danych.","fte-sim-info2":"Informacje wyświetlane w Kosztach pochodzą bezpośrednio z tego urządzenia. Dokładniejsze informacje mogą być dostępne u operatora usług.","fte-plantype-title":"Typ umowy","fte-plantype-hint":"Wybierz typ umowy zawartej z operatorem sieci komórkowej.","fte-prepaid2-title":"Alarm niskiego stanu konta","fte-prepaid2-hint":"Ustaw powiadomienie, aby uniknąć wykorzystania wszystkich dostępnych środków.","fte-prepaid3-title":"Alarm i raport danych","fte-prepaid3-hint":"Monitoruj ilość przesyłanych danych i ustaw powiadomienie, aby uniknąć przesyłania zbyt dużej ich ilości.","fte-postpaid2-title":"Raport połączeń i danych","fte-postpaid2-hint":"Monitorowanie wykorzystania telefonu i przesyłanych danych.","fte-postpaid3-title":"Alarm danych","fte-postpaid3-hint":"Ustaw powiadomienie, aby uniknąć przesyłania zbyt dużej ilości danych.","fte-onlydata2-title":"Raport danych","fte-onlydata2-hint":"Monitorowanie ilości przesyłanych danych.","fte-onlydata3-title":"Alarm danych","fte-onlydata3-hint":"Ustaw powiadomienie, aby uniknąć przesyłania zbyt dużej ilości danych.","phone-activity":"Aktywność telefonu","balance":"Saldo","on-roaming-message2":"Automatyczne uaktualnienia stanu konta zostały wyłączone z powodu roamingu. Ręczna aktualizacja może skutkować dodatkowymi opłatami.","balance-error-message2":"Wystąpił błąd podczas uaktualniania stanu konta. Spróbuj ponownie.","airplane-mode-error-message2":"Wyłącz tryb lotu, aby uaktualnić stan konta lub doładować.","disable-airplane-mode":"Wyłączyć tryb lotu, aby uaktualnić lub doładować?","no-coverage-error-message2":"Telefon musi być w zasięgu sieci, aby uaktualnić stan konta lub doładować.","top-up":"Doładowanie","enter-top-up-code":"Wprowadź kod doładowania","top-up-code-explanation2":"Kod doładowania znajduje się na karcie zdrapce lub bezpośrednio na paragonie.","wait-for-confirmation":"Otrzymasz wiadomość z potwierdzeniem","incorrect-code2":"Upewnij się, że kod jest prawidłowy i spróbuj ponownie.","topup-error2":"Wystąpił problem podczas doładowywania. Spróbuj ponownie.","application-error-title":"Usługa niedostępna","application-error-message":"Skontaktuj się z operatorem.","service-unavailable-title":"Usługa niedostępna","service-unavailable-message":"Nie można uaktualnić ani doładować w tym momencie. Proszę spróbować później.","data-usage":"Przesłane dane","update-button":"Uaktualnij","topup-button2":"Doładuj kodem","topup-ussd-button2":"Otwórz menu doładowywania","ok":"OK","top-up-in-progress2":"Doładowywanie jest przetwarzane.","top-up-timed-out2":"Uaktualnij stan konta, aby potwierdzić. Jeśli stan konta nie zmienił się, spróbuj doładować ponownie.","on-topup-not-confirmed-title":"Doładowanie nie zostało potwierdzone","on-topup-not-confirmed-message":"Spróbuj uaktualnić stan konta lub doładować ponownie.","send":"Wyślij","plantype-setup-title":"Telefon i plan internetowy jest","prepaid":"przedpłacony","postpaid":"opłacany w ramach abonamentu","phoneactivity":"Aktywność telefonu","short-date-format":"%e %b","sms-sent":"Wysłane SMSy","call-made":"Wykonane połączenia","settings":"Ustawienia","low-balance-alert":"Alarm niskiego stanu konta","low-balance-explanation2":"Gdy stan konta spadnie poniżej","phone-and-internet-data-report":"Raport połączeń i danych","internet-data-report":"Raport przesyłania danych","starting-on":"Rozpoczynaj od","cancel":"Anuluj","monthly":"Co miesiąc","weekly":"Co tydzień","monday":"Poniedziałek","tuesday":"Wtorek","wednesday":"Środa","thursday":"Czwartek","friday":"Piątek","saturday":"Sobota","sunday":"Niedziela","billing-cycle-ends":"Koniec okresu rozliczeniowego","tracking-will-reset":"Monitorowanie zostanie zresetowane tego dnia","yes":"Tak","done":"Gotowe","confirmation":"Potwierdzenie","reset-confirmation-warning":"Wszystkie zebrane dane zostaną usunięte. Czy na pewno zresetować?","reset":"Resetuj","reset-wifi":"Resetuj użycie Wi-Fi","reset-mobile":"Resetuj użycie sieci komórkowej","reset-all-data-usage":"Resetuj użycie danych","not-set":"Nie ustawiono","used":"Użyto","limit-passed":"Przekroczono limit","limit":"Limit","data-limit-header":"Limit danych","data-limit-alert":"Alarm wykorzystania danych","data-limit-value2":"Po przekroczeniu","data-limit-dialog-title2":"Określ limit wykorzystania danych","data-limit-dialog-explanation2":"Przepustowość połączeń może zostać zmniejszona po osiągnięciu limitu. Informację o rzeczywistym limicie można uzyskać od operatora.","wifi-usage":"Sieć Wi-Fi","mobile-usage":"Sieć komórkowa","wifi-usage-settings":"Sieć Wi-Fi","mobile-usage-settings":"Sieć komórkowa","im-prepaid":"przedpłacony","im-postpaid":"opłacany w ramach abonamentu","reset-data-usage":"Resetuj użycie danych","reset-report":"Resetuj raport","next":"Dalej","back":"Wstecz","lets-go":"Gotowe!","alert":"Alarm","alert-limit":"Alarm limitu","fte-welcome-title":"Monitorowanie kosztów","data-limit-notification-title2":"Przesłano {{limit}} danych","data-limit-notification-text2":"Osiągnięto ustawiony poziom ilości przesłanych danych","low-balance-notification-title":"Niski stan konta","low-balance-notification-text":"Pozostałe środki: {{remaining}}","zero-balance-message":"Brak dostępnych do wykorzystania środków na koncie.","not-available":"Niedostępny","usage":"Użycie","internet":"Internet","phone":"Połączenia","loading-interface-data":"Wczytywanie danych. Proszę spróbować za chwilę.","verbose-chart-date-format":"{{monthday-number}} {{em-month}}","day-hour-format":"{{day}}, {{time}}","B":"B","KB":"KB","MB":"MB","GB":"GB","weekday-0-long":"Niedziela","weekday-1-long":"Poniedziałek","weekday-2-long":"Wtorek","weekday-3-long":"Środa","weekday-4-long":"Czwartek","weekday-5-long":"Piątek","weekday-6-long":"Sobota","weekday-0-short":"Nd","weekday-1-short":"Pn","weekday-2-short":"Wt","weekday-3-short":"Śr","weekday-4-short":"Cz","weekday-5-short":"Pt","weekday-6-short":"Sb","month-0-long":"Styczeń","month-1-long":"Luty","month-2-long":"Marzec","month-3-long":"Kwiecień","month-4-long":"Maj","month-5-long":"Czerwiec","month-6-long":"Lipiec","month-7-long":"Sierpień","month-8-long":"Wrzesień","month-9-long":"Październik","month-10-long":"Listopad","month-11-long":"Grudzień","month-0-genitive":"stycznia","month-1-genitive":"lutego","month-2-genitive":"marca","month-3-genitive":"kwietnia","month-4-genitive":"maja","month-5-genitive":"czerwca","month-6-genitive":"lipca","month-7-genitive":"sierpnia","month-8-genitive":"września","month-9-genitive":"października","month-10-genitive":"listopada","month-11-genitive":"grudnia","month-0-short":"sty","month-1-short":"lut","month-2-short":"mar","month-3-short":"kwi","month-4-short":"maj","month-5-short":"cze","month-6-short":"lip","month-7-short":"sie","month-8-short":"wrz","month-9-short":"paź","month-10-short":"lis","month-11-short":"gru","minutes-ago-long":{"_index":["plural","value"],"_":{"zero":"w tym momencie","one":"przed minutą","two":"dwie minuty temu","few":"{{value}} minuty temu","many":"{{value}} minut temu"}},"hours-ago-long":{"_index":["plural","value"],"_":{"zero":"w tej godzinie","one":"godzinę temu","two":"dwie godziny temu","few":"{{value}} godziny temu","many":"{{value}} godzin temu"}},"days-ago-long":{"_index":["plural","value"],"_":{"zero":"dzisiaj","one":"wczoraj","two":"przedwczoraj","few":"{{value}} dni temu","many":"{{value}} dni temu"}},"weeks-ago-long":{"_index":["plural","value"],"_":{"zero":"w tym tygodniu","one":"w zeszłym tygodniu","two":"dwa tygodnie temu","few":"{{value}} tygodnie temu","many":"{{value}} tygodni temu"}},"months-ago-long":{"_index":["plural","value"],"_":{"zero":"w tym miesiącu","one":"w zeszłym miesiącu","two":"dwa miesiące temu","few":"{{value}} miesiące temu","many":"{{value}} miesięcy temu"}},"years-ago-long":{"_index":["plural","value"],"_":{"zero":"w tym roku","one":"w zeszłym roku","two":"dwa lata temu","few":"{{value}} lata temu","many":"{{value}} lat temu"}},"minutes-until-long":{"_index":["plural","value"],"_":{"zero":"teraz","one":"za minutę","two":"za dwie minuty","few":"za {{value}} minuty","many":"za {{value}} minut"}},"hours-until-long":{"_index":["plural","value"],"_":{"zero":"teraz","one":"za godzinę","two":"za dwie godziny","few":"za {{value}} godziny","many":"za {{value}} godzin"}},"days-until-long":{"_index":["plural","value"],"_":{"zero":"dzisiaj","one":"jutro","two":"za dwa dni","few":"za {{value}} dni","many":"za {{value}} dni"}},"weeks-until-long":{"_index":["plural","value"],"_":{"zero":"w tym tygodniu","one":"w przyszłym tygodniu","two":"za dwa tygodnie","few":"za {{value}} tygodnie","many":"za {{value}} tygodni"}},"months-until-long":{"_index":["plural","value"],"_":{"zero":"w tym miesiącu","one":"w przyszłym miesiącu","two":"za dwa miesiące","few":"za {{value}} miesiące","many":"za {{value}} miesięcy"}},"years-until-long":{"_index":["plural","value"],"_":{"zero":"w tym roku","one":"w przyszłym roku","two":"za dwa lata","few":"za {{value}} lata","many":"za {{value}} lat"}},"minutes-ago-short":{"_index":["plural","value"],"_":{"zero":"teraz","other":"{{value}} min temu"}},"hours-ago-short":{"_index":["plural","value"],"_":{"zero":"teraz","other":"{{value}} godz. temu"}},"days-ago-short":{"_index":["plural","value"],"_":{"zero":"dzisiaj","other":"{{value}} dni temu"}},"minutes-until-short":{"_index":["plural","value"],"_":{"zero":"teraz","other":"za {{value}} min"}},"hours-until-short":{"_index":["plural","value"],"_":{"zero":"teraz","other":"za {{value}} godz."}},"days-until-short":{"_index":["plural","value"],"_":{"zero":"dzisiaj","other":"za {{value}} dni"}},"incorrectDate":"(nieprawidłowa data)","dateTimeFormat_%c":"%a, %e %b %Y, %H:%M:%S","dateTimeFormat_%x":"%e.%m.%Y","dateTimeFormat_%X":"%H:%M:%S","shortTimeFormat":"%H:%M","shortDateTimeFormat":"%x %H:%M","weekStartsOnMonday":"1","time_am":"AM","time_pm":"PM"}