{"topup-confirmation-title2":"Трафик","topup-confirmation-message":"Пополнение подтверждено","topup-incorrectcode-title2":"Трафик","topup-incorrectcode-message3":"Введён некорректный код пополнения.","updating":"Обновление","updating-ellipsis":"Обновление…","yesterday":"Вчера","today":"Сегодня","never":"Никогда","magnitude":"{{value}} {{unit}}","currency":"{{currency}}{{value}}","widget":"Виджет \"Трафик\"","widget-authed-sim-heading":"Вставлена новая SIM-карта {{provider}}","widget-authed-sim-meta":"Нажмите для учёта звонков и сети.","widget-nonauthed-sim-heading":"Вставлена новая SIM-карта","widget-nonauthed-sim-meta":"Нажмите для учёта расхода интернета.","widget-airplane-mode-heading":"Режим Полёта","widget-airplane-mode-meta":"Пожалуйста, отключите Режим Полёта, чтобы включить Трафик.","widget-no-sim2-heading":"Не вставлена SIM-карта","widget-no-sim2-meta":"Вставьте SIM, чтобы включить Трафик.","widget-sim-locked-heading":"SIM-карта залочена","widget-sim-locked-meta":"Разблокируйте для включения Трафика.","fte":"Знакомство с приложением \"Трафик\"","fte-authed-sim":"Экономьте деньги, ведя учёт использования вами телефона и Интернета.","fte-nonauthed-sim":"Экономьте деньги, ведя учёт использования вами Интернета.","fte-no-sim":"Получайте чёткую информацию о том, сколько интернета вы используете.","fte-sim-info2":"Информация, отображаемая в \"Трафике\", поступает напрямую с этого устройства. Для получения подробной информации о счетё свяжитесь с вашим оператором мобильной связи.","fte-plantype-title":"Тип контракта","fte-plantype-hint":"Выберите тип контракта, который вы заключили с вашим оператором мобильной связи.","fte-prepaid2-title":"Низкий баланс","fte-prepaid2-hint":"Установить предупреждение о низком балансе.","fte-prepaid3-title":"Уведомление и отчёт","fte-prepaid3-hint":"Получать отчёты об использовании вами Интернета, и установить предупреждение, чтобы избежать перерасхода.","fte-postpaid2-title":"Отчёт(звонки/трафик)","fte-postpaid2-hint":"Получать отчёты об использовании вами телефона и Интернета.","fte-postpaid3-title":"Перерасход трафика","fte-postpaid3-hint":"Установить предупреждение, чтобы избежать перерасхода трафика.","fte-onlydata2-title":"Отчёт(трафик)","fte-onlydata2-hint":"Получать отчёты об использовании вами Интернета.","fte-onlydata3-title":"Перерасход трафика","fte-onlydata3-hint":"Установить предупреждение, чтобы избежать перерасхода трафика.","phone-activity":"Активность телефона","balance":"Баланс","on-roaming-message2":"Роуминг: нет автоматического обновления баланса. С вас могут взять плату за обновление вручную.","balance-error-message2":"Баланс не обновился корректно. Попробуйте обновить вручную.","airplane-mode-error-message2":"Отключите режим полета, чтобы обновить или пополнить баланс.","disable-airplane-mode":"Вы хотите отключить Режим Полёта, чтобы обновить баланс или пополнить счёт?","no-coverage-error-message2":"Вам нужно быть в зоне покрытия, чтобы обновить или пополнить баланс.","top-up":"Пополнение","enter-top-up-code":"Введите код пополнения","top-up-code-explanation2":"Вы можете найти его на скретч-карте или прямо в вашем чеке.","wait-for-confirmation":"Вы получите сообщение подтверждения","incorrect-code2":"Убедитесь, что код верен и попробуйте снова.","topup-error2":"При отправке кода возникла проблема. Пожалуйста, попробуйте снова.","application-error-title":"Сервис недоступен","application-error-message":"Свяжитесь с представителем вашей компании","service-unavailable-title":"Сервис недоступен","service-unavailable-message":"В данный момент недоступны ни обновление, ни пополнение. Попробуйте позже.","data-usage":"Загружено данных","update-button":"Обновить","topup-button2":"Использовать код пополнения","topup-ussd-button2":"Открыть меню пополнения","ok":"OK","top-up-in-progress2":"Идёт обработка вашего пополнения.","top-up-timed-out2":"Обновите ваш баланс для подтверждения. Если баланс не изменился, попробуйте пополнить снова.","on-topup-not-confirmed-title":"Пополнение не подтверждено.","on-topup-not-confirmed-message":"Попробуйте обновить свой баланс или повторить пополнение.","send":"послать","plantype-setup-title":"Мой тариф на телефон и интернет -","prepaid":"Предоплаченный","postpaid":"В кредит (Postpaid)","phoneactivity":"Активность телефона","short-date-format":"%d %Eb","sms-sent":"Отправлен SMS","call-made":"Сделан звонок","settings":"Параметры","low-balance-alert":"Предупреждение о низком балансе","low-balance-explanation2":"Когда баланс ниже","phone-and-internet-data-report":"Отчёт об использовании телефона и Интернета","internet-data-report":"Internet data report","starting-on":"Начало периода","cancel":"Отмена","monthly":"Ежемесячно","weekly":"Еженедельно","monday":"Понедельник","tuesday":"Вторник","wednesday":"Среда","thursday":"Четверг","friday":"Пятница","saturday":"Суббота","sunday":"Воскресенье","billing-cycle-ends":"Цикл биллинга заканчивается","tracking-will-reset":"В этот день отслеживание будет сброшено","yes":"Да","done":"Готово","confirmation":"Подтверждение","reset-confirmation-warning":"Все текущие данные будут удалены. Вы уверены, что хотите произвести сброс?","reset":"Сбросить","reset-wifi":"Сбросить трафик Wi-Fi","reset-mobile":"Сбросить мобильный трафик","reset-all-data-usage":"Сбросить мобильный и Wi-Fi трафик","not-set":"Не установлен","used":"Использовано","limit-passed":"Лимит превышен","limit":"Лимит","data-limit-header":"Лимит трафика","data-limit-alert":"Предупреждение о расходе трафика","data-limit-value2":"Если расход выше","data-limit-dialog-title2":"Введите предупреждение о лимите мобильного трафика","data-limit-dialog-explanation2":"После превышения лимита скорость уменьшается. Для установки подходящего уровня предупреждения свяжитесь с вашим провайдером.","wifi-usage":"по Wi-Fi","mobile-usage":"по сотовой сети","wifi-usage-settings":"Трафик Wi-Fi","mobile-usage-settings":"Трафик сотовой сети","im-prepaid":"Я на предоплате","im-postpaid":"Я на кредитном плане","reset-data-usage":"Сбросить расход трафика","reset-report":"Сброс отчёта","next":"Далее","back":"Назад","lets-go":"Вперёд!","alert":"Предупреждение","alert-limit":"Предупреждение о лимите","fte-welcome-title":"Добро пожаловать","data-limit-notification-title2":"Израсходовано {{limit}} трафика","data-limit-notification-text2":"Вы достигли выбранного вами лимита","low-balance-notification-title":"Низкий баланс","low-balance-notification-text":"осталось {{remaining}} кредита на телефоне","zero-balance-message":"Баланс достиг нуля, кредита на телефоне не осталось.","not-available":"Недоступно","usage":"Трафик","internet":"Интернет","phone":"Телефон","loading-interface-data":"Загрузка данных интерфейса. Повторите попытку через некоторое время.","verbose-chart-date-format":"{{monthday-number}} {{em-month}}","day-hour-format":"{{day}}, {{time}}","B":"байт","KB":"КБ","MB":"МБ","GB":"ГБ","weekday-0-long":"Воскресенье","weekday-1-long":"Понедельник","weekday-2-long":"Вторник","weekday-3-long":"Среда","weekday-4-long":"Четверг","weekday-5-long":"Пятница","weekday-6-long":"Суббота","weekday-0-short":"Вс","weekday-1-short":"Пн","weekday-2-short":"Вт","weekday-3-short":"Ср","weekday-4-short":"Чт","weekday-5-short":"Пт","weekday-6-short":"Сб","month-0-long":"Январь","month-1-long":"Февраль","month-2-long":"Март","month-3-long":"Апрель","month-4-long":"Май","month-5-long":"Июнь","month-6-long":"Июль","month-7-long":"Август","month-8-long":"Сентябрь","month-9-long":"Октябрь","month-10-long":"Ноябрь","month-11-long":"Декабрь","month-0-genitive":"января","month-1-genitive":"февраля","month-2-genitive":"марта","month-3-genitive":"апреля","month-4-genitive":"мая","month-5-genitive":"июня","month-6-genitive":"июля","month-7-genitive":"августа","month-8-genitive":"сентября","month-9-genitive":"октября","month-10-genitive":"ноября","month-11-genitive":"декабря","month-0-short":"Январь","month-1-short":"Февраль","month-2-short":"Март","month-3-short":"Апрель","month-4-short":"Май","month-5-short":"Июнь","month-6-short":"Июль","month-7-short":"Август","month-8-short":"Сентябрь","month-9-short":"Октябрь","month-10-short":"Ноябрь","month-11-short":"Декабрь","minutes-ago-long":{"_index":["plural","value"],"_":{"zero":"прямо сейчас","one":"{{value}} минуту назад","two":"{{value}} минуты назад","few":"{{value}} минуты назад","many":"{{value}} минут назад","other":"{{value}} минут назад"}},"hours-ago-long":{"_index":["plural","value"],"_":{"zero":"прямо сейчас","one":"{{value}} час назад","two":"{{value}} часа назад","few":"{{value}} часа назад","many":"{{value}} часов назад","other":"{{value}} часов назад"}},"days-ago-long":{"_index":["plural","value"],"_":{"zero":"сегодня","one":"{{value}} день назад","two":"{{value}} дня назад","few":"{{value}} дня назад","many":"{{value}} дней назад","other":"{{value}} дней назад"}},"weeks-ago-long":{"_index":["plural","value"],"_":{"zero":"эта неделя","one":"{{value}} неделя назад","two":"{{value}} недели назад","few":"{{value}} недели назад","many":"{{value}} недель назад","other":"{{value}} недель назад"}},"months-ago-long":{"_index":["plural","value"],"_":{"zero":"этот месяц","one":"{{value}} месяц назад","two":"{{value}} месяца назад","few":"{{value}} месяца назад","many":"{{value}} месяцев назад","other":"{{value}} месяцев назад"}},"years-ago-long":{"_index":["plural","value"],"_":{"zero":"этот год","one":"{{value}} год назад","two":"{{value}} года назад","few":"{{value}} года назад","many":"{{value}} лет назад","other":"{{value}} лет назад"}},"minutes-until-long":{"_index":["plural","value"],"_":{"zero":"сейчас","one":"через {{value}} минуту","two":"через {{value}} минуты","few":"через {{value}} минуты","many":"через {{value}} минут","other":"через {{value}} минут"}},"hours-until-long":{"_index":["plural","value"],"_":{"zero":"сейчас","one":"через {{value}} час","two":"через {{value}} часа","few":"через {{value}} часа","many":"через {{value}} часов","other":"через {{value}} часов"}},"days-until-long":{"_index":["plural","value"],"_":{"zero":"сегодня","one":"через {{value}} день","two":"через {{value}} дня","few":"через {{value}} дня","many":"через {{value}} дней","other":"через {{value}} дней"}},"weeks-until-long":{"_index":["plural","value"],"_":{"zero":"эта неделя","one":"через {{value}} неделю","two":"через {{value}} недели","few":"через {{value}} недели","many":"через {{value}} недель","other":"через {{value}} недель"}},"months-until-long":{"_index":["plural","value"],"_":{"zero":"этот месяц","one":"через {{value}} месяц","two":"через {{value}} месяца","few":"через {{value}} месяца","many":"через {{value}} месяцев","other":"через {{value}} месяцев"}},"years-until-long":{"_index":["plural","value"],"_":{"zero":"этот год","one":"через {{value}} год","two":"через {{value}} года","few":"через {{value}} года","many":"через {{value}} лет","other":"через {{value}} лет"}},"minutes-ago-short":{"_index":["plural","value"],"_":{"zero":"сейчас","other":"{{value}}м назад"}},"hours-ago-short":{"_index":["plural","value"],"_":{"zero":"сейчас","other":"{{value}}ч назад"}},"days-ago-short":{"_index":["plural","value"],"_":{"zero":"сегодня","other":"{{value}}д назад"}},"minutes-until-short":{"_index":["plural","value"],"_":{"zero":"сейчас","other":"через {{value}}м"}},"hours-until-short":{"_index":["plural","value"],"_":{"zero":"сейчас","other":"через {{value}}ч"}},"days-until-short":{"_index":["plural","value"],"_":{"zero":"сегодня","other":"через {{value}}д"}},"incorrectDate":"(некорректная дата)","dateTimeFormat_%c":"%a, %e %Eb %Y, %H:%M:%S","dateTimeFormat_%x":"%d.%m.%Y","dateTimeFormat_%X":"%H:%M:%S","shortTimeFormat":"%H:%M","shortDateTimeFormat":"%x %H:%M","weekStartsOnMonday":"1","time_am":"AM","time_pm":"PM"}