{"topup-confirmation-title2":"Využitie","topup-confirmation-message":"Platená služba potvrdená","topup-incorrectcode-title2":"Využitie","topup-incorrectcode-message3":"Zadaný chybný kód platenej služby. ","updating":"Aktualizácia","updating-ellipsis":"Aktualizuje sa…","yesterday":"včera","today":"dnes","never":"Nikdy","magnitude":"{{value}} {{unit}}","currency":"{{value}} {{currency}}","widget":"Využitie služieb","widget-authed-sim-heading":"Vložená nová karta SIM od {{provider}}","widget-authed-sim-meta":"Ťuknite a môžete sledovať vašu spotrebu","widget-nonauthed-sim-heading":"Vložená nová karta SIM","widget-nonauthed-sim-meta":"Ťuknite a môžete sledovať vašu spotrebu","widget-airplane-mode-heading":"Režim V lietadle","widget-airplane-mode-meta":"Aplikácia Využitie vyžaduje vypnutie režimu V lietadle.","widget-no-sim2-heading":"Nebola vložená žiadna karta SIM","widget-no-sim2-meta":"Vložte kartu SIM a sledujte vašu spotrebu","widget-sim-locked-heading":"Uzamknutá karta SIM","widget-sim-locked-meta":"Odblokujte kartu a sledujte vašu spotrebu","fte":"Úvodné nastavenie aplikácie Využitie služieb","fte-authed-sim":"Šetrite peniaze sledovaním využitia pripojenia k internetu. ","fte-nonauthed-sim":"Šetrite peniaze sledovaním využitia svojho pripojenia k internetu.","fte-no-sim":"Získajte jasné informácie o tom, ako využívate internet. ","fte-sim-info2":"Informácie zobrazujú dátové prenosy zaznamenané týmto zariadením. Detailnejšie informácie o stave účtu si overte u vášho operátora mobilných služieb. ","fte-plantype-title":"Typ služby","fte-plantype-hint":"Vyberte typ služby, ktorú používate u svojho mobilného operátora.","fte-prepaid2-title":"Upozornenie na nízky zostatok ","fte-prepaid2-hint":"Nastavte upozornenie na nízky stav kreditu. ","fte-prepaid3-title":"Hlásenia a upozornenia o dátach","fte-prepaid3-hint":"Získava údaje o vašom internetovom pripojení a upozorní, ak ho využívate príliš.","fte-postpaid2-title":"Hlásenia o telefóne a dátach","fte-postpaid2-hint":"Získava údaje o vašom telefóne a využívaní internetového pripojenia.","fte-postpaid3-title":"Upozornenie na dáta","fte-postpaid3-hint":"Upozorní na zvýšené využívanie dát.","fte-onlydata2-title":"Hlásenia o dátach","fte-onlydata2-hint":"Získava údaje o využívaní internetového pripojenia.","fte-onlydata3-title":"Upozornenie na dáta","fte-onlydata3-hint":"Upozorní na zvýšené využívanie dát.","phone-activity":"Aktivita telefónu","balance":"Zostatok","on-roaming-message2":"Roaming: automatické aktualizácie zostatku sú vypnuté. Manuálne aktualizácie môžu byť spoplatnené.","balance-error-message2":"Zostatok nebol korektne aktualizovaný. Skúste to znova ručne. ","airplane-mode-error-message2":"Ak chcete aktualizovať zostatok alebo dobiť kredit, vypnite režim V lietadle.","disable-airplane-mode":"Chcete kvôli aktualizácii zostatku alebo dobitiu kreditu vypnúť režim V lietadle? ","no-coverage-error-message2":"Ak chcete aktualizovať zostatok alebo dobiť kredit, musíte sa nachádzať v pokrytí sieťou. ","top-up":"Dobitie kreditu","enter-top-up-code":"Zadajte kód pre dobitie kreditu","top-up-code-explanation2":"Nájdete ho na stieracom mieste karty alebo priamo na doklade o platbe.","wait-for-confirmation":"Obdržíte potvrdzujúcu správu","incorrect-code2":"Zadajte správny kód a skúste to znova.","topup-error2":"Pri odosielaní kódu sa vyskytla chyba. Skúste to znova neskôr.","application-error-title":"Služba nie je dostupná","application-error-message":"Kontaktujte zástupcu spoločnosti","service-unavailable-title":"Služba nie je dostupná","service-unavailable-message":"Žiadne aktualizácie ani predplatené služby nie sú momentálne dostupné. Skúste to neskôr. ","data-usage":"Využitie dát","update-button":"Aktualizácie","topup-button2":"Použiť kód dobitia","topup-ussd-button2":"Otvoriť ponuku dobitia ","ok":"OK","top-up-in-progress2":"Vaše dobitie sa práve spracováva.","top-up-timed-out2":"Na potvrdenie dobitia si aktualizujte zostatok. Ak sa nezmenil, skúste dobitie zopakovať.","on-topup-not-confirmed-title":"Dobitie kreditu nepotvrdené","on-topup-not-confirmed-message":"Skúste aktualizovať zostatok, alebo opakujte dobíjanie.","send":"odoslať","plantype-setup-title":"Môj telefón a dáta sú","prepaid":"predplatené","postpaid":"účtované","phoneactivity":"Aktivita telefónu","short-date-format":"%d. %b","sms-sent":"Odoslané SMS","call-made":"Uskutočnené hovory","settings":"Nastavenia","low-balance-alert":"Upozornenie na nízky zostatok","low-balance-explanation2":"Ak je zostatok pod","phone-and-internet-data-report":"Hlásenia o využívaní telefónu a internetového pripojenia","internet-data-report":"Internet data report","starting-on":"Začiatok","cancel":"Zrušiť","monthly":"Raz mesačne","weekly":"Raz týždenne","monday":"Pondelok","tuesday":"Utorok","wednesday":"Streda","thursday":"Štvrtok","friday":"Piatok","saturday":"Sobota","sunday":"Nedeľa","billing-cycle-ends":"Koniec platobného obdobia","tracking-will-reset":"Sledovanie bude k tomuto dňu vynulované. ","yes":"Áno","done":"Hotovo","confirmation":"Potvrdenie","reset-confirmation-warning":"Všetky aktuálne údaje budú odstránené. Naozaj chcete pokračovať? ","reset":"Vynulovať","reset-wifi":"Vynulovať Wi-Fi","reset-mobile":"Vynulovať mobilné dáta","reset-all-data-usage":"Vynulovať mobilné dáta a Wi-Fi","not-set":"Nie je nastavené","used":"Využité","limit-passed":"Limit vypršal","limit":"Limit","data-limit-header":"Dátový limit","data-limit-alert":"Upozorniť na prenosy dát","data-limit-value2":"Ak je využitie nad","data-limit-dialog-title2":"Zadajte váš limit pre mobilné dáta ","data-limit-dialog-explanation2":"Rýchlosť pripojenia je zvyčajne po presiahnutí limitu znížená. Ak neviete, aký limit je pre vás najvhodnejší, poraďte sa s vašim poskytovateľom dát.","wifi-usage":"Wi-Fi","mobile-usage":"Mobilné dáta","wifi-usage-settings":"Využívanie Wi-Fi","mobile-usage-settings":"Využívanie mobilných dát","im-prepaid":"Predplatená","im-postpaid":"Účtovaná","reset-data-usage":"Vynulovanie počítadla dát","reset-report":"Vynulovať hlásenia","next":"Ďalej","back":"Naspäť","lets-go":"Začať","alert":"Upozornenie","alert-limit":"Upozornenie na limit","fte-welcome-title":"Vitajte","data-limit-notification-title2":"Dosiahnutý limit {{limit}}","data-limit-notification-text2":"Dosiahli ste vami nastavený dátový limit","low-balance-notification-title":"Nízky zostatok","low-balance-notification-text":"Zostávajúci kredit telefónu je {{remaining}}","zero-balance-message":"Zostatok klesol na nulu. Už nemáte dostupný žiadny kredit.  ","not-available":"Nie je dostupné","usage":"Využitie","internet":"Internet","phone":"Telefón","loading-interface-data":"Načítavajú sa údaje rozhrania. Skúste to znova o chvíľu.","verbose-chart-date-format":"{{monthday-number}}.{{em-month}} ","day-hour-format":"{{day}}, {{time}}","B":"b","KB":"kB","MB":"MB","GB":"GB","weekday-0-long":"Nedeľa","weekday-1-long":"Pondelok","weekday-2-long":"Utorok","weekday-3-long":"Streda","weekday-4-long":"Štvrtok","weekday-5-long":"Piatok","weekday-6-long":"Sobota","weekday-0-short":"Ne","weekday-1-short":"Po","weekday-2-short":"Ut","weekday-3-short":"St","weekday-4-short":"Št","weekday-5-short":"Pi","weekday-6-short":"So","month-0-long":"Január","month-1-long":"Február","month-2-long":"Marec","month-3-long":"Apríl","month-4-long":"Máj","month-5-long":"Jún","month-6-long":"Júl","month-7-long":"August","month-8-long":"September","month-9-long":"Október","month-10-long":"November","month-11-long":"December","month-0-genitive":"januára","month-1-genitive":"februára","month-2-genitive":"marca","month-3-genitive":"apríla","month-4-genitive":"mája","month-5-genitive":"júna","month-6-genitive":"júla","month-7-genitive":"augusta","month-8-genitive":"septembra","month-9-genitive":"októbra","month-10-genitive":"novembra","month-11-genitive":"decembra","month-0-short":"jan","month-1-short":"feb","month-2-short":"mar","month-3-short":"apr","month-4-short":"máj","month-5-short":"jún","month-6-short":"júl","month-7-short":"aug","month-8-short":"sep","month-9-short":"okt","month-10-short":"nov","month-11-short":"dec","minutes-ago-long":{"_index":["plural","value"],"_":{"zero":"teraz","one":"pred minútou","two":"pred {{value}} minútami","few":"pred {{value}} minútami","many":"pred {{value}} minútami","other":"pred {{value}} minútami"}},"hours-ago-long":{"_index":["plural","value"],"_":{"zero":"teraz","one":"pred hodinou","two":"pred {{value}} hodinami","few":"pred {{value}} hodinami","many":"pred {{value}} hodinami","other":"pred {{value}} hodinami"}},"days-ago-long":{"_index":["plural","value"],"_":{"zero":"dnes","one":"včera","two":"pred {{value}} dňami","few":"pred {{value}} dňami","many":"pred {{value}} dňami","other":"pred {{value}} dňami"}},"weeks-ago-long":{"_index":["plural","value"],"_":{"zero":"tento týždeň","one":"minulý týždeň","two":"pred {{value}} týždňami","few":"pred {{value}} týždňami","many":"pred {{value}} týždňami","other":"pred {{value}} týždňami"}},"months-ago-long":{"_index":["plural","value"],"_":{"zero":"tento mesiac","one":"minulý mesiac","two":"pred {{value}} mesiacmi","few":"pred {{value}} mesiacmi","many":"pred {{value}} mesiacmi","other":"pred {{value}} mesiacmi"}},"years-ago-long":{"_index":["plural","value"],"_":{"zero":"tento rok","one":"minulý rok","two":"pred {{value}} rokmi","few":"pred {{value}} rokmi","many":"pred {{value}} rokmi","other":"pred {{value}} rokmi"}},"minutes-until-long":{"_index":["plural","value"],"_":{"zero":"teraz","one":"o minútu","two":"o {{value}} minúty","few":"o {{value}} minúty","many":"o {{value}} minút","other":"o {{value}} minút"}},"hours-until-long":{"_index":["plural","value"],"_":{"zero":"teraz","one":"o hodinu","two":"o {{value}} hodiny","few":"o {{value}} hodiny","many":"o {{value}} hodín","other":"o {{value}} hodín"}},"days-until-long":{"_index":["plural","value"],"_":{"zero":"dnes","one":"zajtra","two":"o {{value}} dni","few":"o {{value}} dni","many":"o {{value}} dní","other":"o {{value}} dní"}},"weeks-until-long":{"_index":["plural","value"],"_":{"zero":"tento týždeň","one":"budúci týždeň","two":"o {{value}} týždne","few":"o {{value}} týždne","many":"o {{value}} týždňov","other":"o {{value}} týždňov"}},"months-until-long":{"_index":["plural","value"],"_":{"zero":"tento mesiac","one":"budúci mesiac","two":"o {{value}} mesiace","few":"o {{value}} mesiace","many":"o {{value}} mesiacov","other":"o {{value}} mesiacov"}},"years-until-long":{"_index":["plural","value"],"_":{"zero":"tento rok","one":"budúci rok","two":"o {{value}} roky","few":"o {{value}} roky","many":"o {{value}} rokov","other":"o {{value}} rokov"}},"minutes-ago-short":{"_index":["plural","value"],"_":{"zero":"teraz","other":"pred {{value}}m"}},"hours-ago-short":{"_index":["plural","value"],"_":{"zero":"teraz","other":"pred {{value}}h"}},"days-ago-short":{"_index":["plural","value"],"_":{"zero":"dnes","other":"pred {{value}}d"}},"minutes-until-short":{"_index":["plural","value"],"_":{"zero":"teraz","other":"o {{value}}m"}},"hours-until-short":{"_index":["plural","value"],"_":{"zero":"teraz","other":"o {{value}}h"}},"days-until-short":{"_index":["plural","value"],"_":{"zero":"dnes","other":"o {{value}}d"}},"incorrectDate":"(neplatný dátum)","dateTimeFormat_%c":"%a, %e. %b %Y %H:%M:%S","dateTimeFormat_%x":"%d.%m.%Y","dateTimeFormat_%X":"%H:%M:%S","shortTimeFormat":"%H:%M","shortDateTimeFormat":"%x %H:%M","weekStartsOnMonday":"1","time_am":"AM","time_pm":"PM"}