{"topup-confirmation-title2":"Контрола трошкова","topup-confirmation-message":"Допуна кодом потврђена","topup-incorrectcode-title2":"Контрола трошкова","topup-incorrectcode-message3":"Унели сте неисправан код за допуну","updating":"Ажурирање","updating-ellipsis":"Ажурирам…","yesterday":"Јуче","today":"Данас","never":"Никад","magnitude":"{{value}} {{unit}}","currency":"{{value}} {{currency}}","widget":"Widget контроле трошкова","widget-authed-sim-heading":"Нова {{provider}} SIM картица је убачена","widget-authed-sim-meta":"Отпочни праћење телефона и пренос података на интернету.","widget-nonauthed-sim-heading":"Нова SIM картица је убачена","widget-nonauthed-sim-meta":"Почни праћење преноса података.","widget-airplane-mode-heading":"Режим у авиону","widget-airplane-mode-meta":"Молимо Вас, искључите режим рада у авиону да бисте користили контролу трошкова.","widget-no-sim2-heading":"Нема SIM картице","widget-no-sim2-meta":"Убаците SIM картицу.","widget-sim-locked-heading":"Закључана SIM картица","widget-sim-locked-meta":"Откључајте SIM картицу.","fte":"Први утисци о апликацији","fte-authed-sim":"Уштедите новац пратећи коришћење телефона и интернета.","fte-nonauthed-sim":"Уштедите новац пратећи коришћење интернета.","fte-no-sim":"Сазнајте колико тачно користите интернет.","fte-sim-info2":"Информације приказане у контроли трошкова долазе директно са уређаја који користите. За детаљније информације контактирајте свог мрежног оператера.","fte-plantype-title":"Врста уговора","fte-plantype-hint":"Изаберите врсту уговора са Вашим мрежним оператером.","fte-prepaid2-title":"Упозорење о стању на рачуну","fte-prepaid2-hint":"Поставите упозорење како не бисте остали без средстава на рачуну.","fte-prepaid3-title":"Извештаји и упозорења о размени података","fte-prepaid3-hint":"Примајте извештаје о употреби интернета и поставите упозорења за избегавање прекомерне употребе.","fte-postpaid2-title":"Извештај о употреби телефона и података","fte-postpaid2-hint":"Примај извештаје о употреби телефона и интернета.","fte-postpaid3-title":"Упозорење размене података","fte-postpaid3-hint":"Поставите упозорење да бисте избегли прекомерну размену података.","fte-onlydata2-title":"Извештај података","fte-onlydata2-hint":"Примајте извештаје о употреби интернета.","fte-onlydata3-title":"Упозорење података","fte-onlydata3-hint":"Поставите упозорење да бисте избегли прекомерну размену података.","phone-activity":"Активност телефона","balance":"Стање рачуна","on-roaming-message2":"Роминг: нема аутоматске провере стања на рачуну. Постоји могућност да ће доћи до наплате уколико проверите ручно.","balance-error-message2":"Стање на рачуну није успешно утврђено. Покушајте ручно.","airplane-mode-error-message2":"Искључите режим рада у авиону да бисте проверили стање или допунили кредит.","disable-airplane-mode":"Да ли желите да онемогућите режим рада у авиону како бисте проверили стање или допунили рачун?","no-coverage-error-message2":"Потребна је мобилна мрежа да бисте проверили или допунили кредит.","top-up":"Допуна кредитом","enter-top-up-code":"Унесите код за допуну","top-up-code-explanation2":"Пронађите га на греб-греб картици или на рачуну који сте добили.","wait-for-confirmation":"Добићете поруку као потврду","incorrect-code2":"Проверите исправност кода и покушајте поново.","topup-error2":"Дошло је до грешке приликом слања кода. Молим Вас да покушате поново.","application-error-title":"Услуга није доступна","application-error-message":"Контактирајте подршку","service-unavailable-title":"Услуга није доступна","service-unavailable-message":"Ажурирање и допуна кодом тренутно нису могући. Молим Вас покушајте касније.","data-usage":"Количина преузетих података","update-button":"Ажурирај","topup-button2":"Користите код за допуну","topup-ussd-button2":"Отворите мени за допуну","ok":"У реду","top-up-in-progress2":"Ваша допуна се процесира.","top-up-timed-out2":"Допуните кредит како бисте потврдили. Уколико немате кредита, покушајте га поново допунити.","on-topup-not-confirmed-title":"Допуна није потврђена","on-topup-not-confirmed-message":"Покушајте да ажурирате Ваше стање, или поново допуните Ваш телефон.","send":"пошаљи","plantype-setup-title":"Мој телефон и интернет пакет је","prepaid":"Припејд","postpaid":"Постпејд","phoneactivity":"Активност телефона","short-date-format":"%d %b ","sms-sent":"Послата SMS порука","call-made":"Обављени позиви","settings":"Поставке","low-balance-alert":"Упозорење о кредиту","low-balance-explanation2":"Када је стање на рачуну испод","phone-and-internet-data-report":"Извештај о употреби телефона и интернета","internet-data-report":"Извештај о употреби интернета","starting-on":"Почетак","cancel":"Откажи","monthly":"Месечно","weekly":"Недељно","monday":"Понедељак","tuesday":"Уторак","wednesday":"Среда","thursday":"Четвртак","friday":"Петак","saturday":"Субота","sunday":"Недеља","billing-cycle-ends":"Наплата се завршава","tracking-will-reset":"Праћење се обнавља овог датума","yes":"Да","done":"Завршено","confirmation":"Потврда","reset-confirmation-warning":"Сви тренутни подаци ће бити избрисани. Да ли сте сигурни да желите да обришете?","reset":"Ресетуј","reset-wifi":"Ресетуј Wi-Fi потрошњу","reset-mobile":"Ресетуј потрошњу мобилних података","reset-all-data-usage":"Ресетуј потрошње моб. & Wi-Fi података","not-set":"Није подешено","used":"Искоришћено","limit-passed":"Ограничење је прекорачено","limit":"Ограничење","data-limit-header":"Ограничење","data-limit-alert":"Упозорење употребе података","data-limit-value2":"Када прекорачим","data-limit-dialog-title2":"Унесите ограничење мобилних података за упозорење","data-limit-dialog-explanation2":"Брзина везе се смањује после досезања ограничења. Проверите са оператером како да наместите ниво узбуне.","wifi-usage":"Wi-Fi","mobile-usage":"Мобилне мреже","wifi-usage-settings":"Wi-Fi","mobile-usage-settings":"Мобилне мреже","im-prepaid":"Припејд","im-postpaid":"Постпејд ","reset-data-usage":"Ресетуј праћење","reset-report":"Ресетуј извештај","next":"Следеће","back":"Прeтходно","lets-go":"Идемо!","alert":"Упозорење","alert-limit":"Упозорење ограничења","fte-welcome-title":"Добродошли","data-limit-notification-title2":"{{limit}} података искоришћено","data-limit-notification-text2":"Достигли сте ограничење","low-balance-notification-title":"Понестаје Вам кредита","low-balance-notification-text":"{{remaining}} кредита је преостало","zero-balance-message":"Немате више кредита.","not-available":"Није доступно","usage":"Контрола трошкова","internet":"Интернет","phone":"Телефон","loading-interface-data":"Учитавам податке интерфејса. Молим Вас покушајте касније.","verbose-chart-date-format":"{{em-month}} {{monthday-number}} ","day-hour-format":"{{day}}, {{time}}","B":"B","KB":"KB","MB":"MB","GB":"GB","weekday-0-long":"Недеља","weekday-1-long":"Понедељак","weekday-2-long":"Уторак","weekday-3-long":"Среда","weekday-4-long":"Четвртак","weekday-5-long":"Петак","weekday-6-long":"Субота","weekday-0-short":"Нед","weekday-1-short":"Пон","weekday-2-short":"Уто","weekday-3-short":"Сре","weekday-4-short":"Чет","weekday-5-short":"Пет","weekday-6-short":"Суб","month-0-long":"јануар","month-1-long":"фебруар","month-2-long":"март","month-3-long":"април","month-4-long":"мај","month-5-long":"јун","month-6-long":"јул","month-7-long":"август","month-8-long":"септембар","month-9-long":"октобар","month-10-long":"новембар","month-11-long":"децембар","month-0-genitive":"јануара","month-1-genitive":"фебруара","month-2-genitive":"марта","month-3-genitive":"априла","month-4-genitive":"маја","month-5-genitive":"јуна","month-6-genitive":"јула","month-7-genitive":"августа","month-8-genitive":"септембра","month-9-genitive":"октобра","month-10-genitive":"новембра","month-11-genitive":"децембра","month-0-short":"јан","month-1-short":"феб","month-2-short":"мар","month-3-short":"апр","month-4-short":"мај","month-5-short":"јун","month-6-short":"јул","month-7-short":"авг","month-8-short":"сеп","month-9-short":"окт","month-10-short":"нов","month-11-short":"дец","minutes-ago-long":{"_index":["plural","value"],"_":{"zero":"управо","one":"пре минут","two":"пре {{value}} минута","few":"пре {{value}} минута","many":"пре {{value}} минута","other":"пре {{value}} минута"}},"hours-ago-long":{"_index":["plural","value"],"_":{"zero":"управо","one":"пре сат времена","two":"пре {{value}} сата","few":"пре {{value}} сати","many":"пре {{value}} сати","other":"пре {{value}} сати"}},"days-ago-long":{"_index":["plural","value"],"_":{"zero":"данас","one":"јуче","two":"пре {{value}} дана","few":"пре {{value}} дана","many":"пре {{value}} дана","other":"пре {{value}} дана"}},"weeks-ago-long":{"_index":["plural","value"],"_":{"zero":"ове недеље","one":"прошле недеље","two":"пре {{value}} недеље","few":"пре {{value}} недеља","many":"пре {{value}} недеља","other":"пре {{value}} недеља"}},"months-ago-long":{"_index":["plural","value"],"_":{"zero":"овог месеца","one":"прошлог месеца","two":"пре {{value}} месеца","few":"пре {{value}} месеци","many":"пре {{value}} месеци","other":"пре {{value}} месеци"}},"years-ago-long":{"_index":["plural","value"],"_":{"zero":"ове године","one":"прошле године","two":"пре {{value}} године","few":"пре {{value}} година","many":"пре {{value}} година","other":"пре {{value}} година"}},"minutes-until-long":{"_index":["plural","value"],"_":{"zero":"управо","one":"за један минут","two":"за {{value}} минута","few":"за {{value}} минута","many":"за {{value}} минута","other":"за {{value}} минута"}},"hours-until-long":{"_index":["plural","value"],"_":{"zero":"управо","one":"за сат времена","two":"за {{value}} сата","few":"за {{value}} сати","many":"за {{value}} сати","other":"за {{value}} сати"}},"days-until-long":{"_index":["plural","value"],"_":{"zero":"данас","one":"сутра","two":"за {{value}} дана","few":"за {{value}} дана","many":"за {{value}} дана","other":"за {{value}} дана"}},"weeks-until-long":{"_index":["plural","value"],"_":{"zero":"ове недеље","one":"следеће недеље","two":"за {{value}} недеље","few":"за {{value}} недеља","many":"за {{value}} недеља","other":"за {{value}} недеља"}},"months-until-long":{"_index":["plural","value"],"_":{"zero":"овог месеца","one":"следећег месеца","two":"за {{value}} месеца","few":"за {{value}} месеци","many":"за {{value}} месеци","other":"за {{value}} месеци"}},"years-until-long":{"_index":["plural","value"],"_":{"zero":"ове године","one":"следеће године","two":"за {{value}} године","few":"за {{value}} година","many":"за {{value}} година","other":"за {{value}} година"}},"minutes-ago-short":{"_index":["plural","value"],"_":{"zero":"управо","other":"пре {{value}}м"}},"hours-ago-short":{"_index":["plural","value"],"_":{"zero":"управо","other":"пре {{value}}с"}},"days-ago-short":{"_index":["plural","value"],"_":{"zero":"данас","other":"пре {{value}}д"}},"minutes-until-short":{"_index":["plural","value"],"_":{"zero":"управо","other":"за {{value}}м"}},"hours-until-short":{"_index":["plural","value"],"_":{"zero":"управо","other":"за {{value}}с"}},"days-until-short":{"_index":["plural","value"],"_":{"zero":"данас","other":"за {{value}}д"}},"incorrectDate":"(нетачан датум)","dateTimeFormat_%c":"%a %e %b %Y %H:%M:%S","dateTimeFormat_%x":"%d.%m.%Y","dateTimeFormat_%X":"%H:%M:%S","shortTimeFormat":"%H:%M","shortDateTimeFormat":"%x %H:%M","weekStartsOnMonday":"1","time_am":"AM","time_pm":"PM"}