{"topup-confirmation-title2":"Kontrola troškova","topup-confirmation-message":"Dopuna kodom potvrđena","topup-incorrectcode-title2":"Kontrola troškova","topup-incorrectcode-message3":"Uneli ste neispravan kod za dopunu","updating":"Ažuriranje","updating-ellipsis":"Ažuriram…","yesterday":"Juče","today":"Danas","never":"Nikad","magnitude":"{{value}} {{unit}}","currency":"{{value}} {{currency}}","widget":"Widget kontrole troškova","widget-authed-sim-heading":"Nova {{provider}} SIM kartica je ubačena","widget-authed-sim-meta":"Otpočni praćenje telefona i prenos podataka na internetu.","widget-nonauthed-sim-heading":"Nova SIM kartica je ubačena","widget-nonauthed-sim-meta":"Počni praćenje prenosa podataka.","widget-airplane-mode-heading":"Režim u avionu","widget-airplane-mode-meta":"Molimo Vas, isključite režim rada u avionu da biste koristili kontrolu troškova.","widget-no-sim2-heading":"Nema SIM kartice","widget-no-sim2-meta":"Ubacite SIM karticu.","widget-sim-locked-heading":"Zaključana SIM kartica","widget-sim-locked-meta":"Otključajte SIM karticu.","fte":"Prvi utisci o aplikaciji","fte-authed-sim":"Uštedite novac prateći korišćenje telefona i interneta.","fte-nonauthed-sim":"Uštedite novac prateći korišćenje interneta.","fte-no-sim":"Saznajte koliko tačno koristite internet.","fte-sim-info2":"Informacije prikazane u kontroli troškova dolaze direktno sa uređaja koji koristite. Za detaljnije informacije kontaktirajte svog mrežnog operatera.","fte-plantype-title":"Vrsta ugovora","fte-plantype-hint":"Izaberite vrstu ugovora sa Vašim mrežnim operaterom.","fte-prepaid2-title":"Upozorenje o stanju na računu","fte-prepaid2-hint":"Postavite upozorenje kako ne biste ostali bez sredstava na računu.","fte-prepaid3-title":"Izveštaji i upozorenja o razmeni podataka","fte-prepaid3-hint":"Primajte izveštaje o upotrebi interneta i postavite upozorenja za izbegavanje prekomerne upotrebe.","fte-postpaid2-title":"Izveštaj o upotrebi telefona i podataka","fte-postpaid2-hint":"Primaj izveštaje o upotrebi telefona i interneta.","fte-postpaid3-title":"Upozorenje razmene podataka","fte-postpaid3-hint":"Postavite upozorenje da biste izbegli prekomernu razmenu podataka.","fte-onlydata2-title":"Izveštaj podataka","fte-onlydata2-hint":"Primajte izveštaje o upotrebi interneta.","fte-onlydata3-title":"Upozorenje podataka","fte-onlydata3-hint":"Postavite upozorenje da biste izbegli prekomernu razmenu podataka.","phone-activity":"Aktivnost telefona","balance":"Stanje računa","on-roaming-message2":"Roming: nema automatske provere stanja na računu. Postoji mogućnost da će doći do naplate ukoliko proverite ručno.","balance-error-message2":"Stanje na računu nije uspešno utvrđeno. Pokušajte ručno.","airplane-mode-error-message2":"Isključite režim rada u avionu da biste proverili stanje ili dopunili kredit.","disable-airplane-mode":"Da li želite da onemogućite režim rada u avionu kako biste proverili stanje ili dopunili račun?","no-coverage-error-message2":"Potrebna je mobilna mreža da biste proverili ili dopunili kredit.","top-up":"Dopuna kreditom","enter-top-up-code":"Unesite kod za dopunu","top-up-code-explanation2":"Pronađite ga na greb-greb kartici ili na računu koji ste dobili.","wait-for-confirmation":"Dobićete poruku kao potvrdu","incorrect-code2":"Proverite ispravnost koda i pokušajte ponovo.","topup-error2":"Došlo je do greške prilikom slanja koda. Molim Vas da pokušate ponovo.","application-error-title":"Usluga nije dostupna","application-error-message":"Kontaktirajte podršku","service-unavailable-title":"Usluga nije dostupna","service-unavailable-message":"Ažuriranje i dopuna kodom trenutno nisu mogući. Molim Vas pokušajte kasnije.","data-usage":"Količina preuzetih podataka","update-button":"Ažuriraj","topup-button2":"Koristite kod za dopunu","topup-ussd-button2":"Otvorite meni za dopunu","ok":"U redu","top-up-in-progress2":"Vaša dopuna se procesira.","top-up-timed-out2":"Dopunite kredit kako biste potvrdili. Ukoliko nemate kredita, pokušajte ga ponovo dopuniti.","on-topup-not-confirmed-title":"Dopuna nije potvrđena","on-topup-not-confirmed-message":"Pokušajte da ažurirate Vaše stanje, ili ponovo dopunite Vaš telefon.","send":"pošalji","plantype-setup-title":"Moj telefon i internet paket je","prepaid":"Pripejd","postpaid":"Postpejd","phoneactivity":"Aktivnost telefona","short-date-format":"%d %b ","sms-sent":"Poslata SMS poruka","call-made":"Obavljeni pozivi","settings":"Postavke","low-balance-alert":"Upozorenje o kreditu","low-balance-explanation2":"Kada je stanje na računu ispod","phone-and-internet-data-report":"Izveštaj o upotrebi telefona i interneta","internet-data-report":"Izveštaj o upotrebi interneta","starting-on":"Početak","cancel":"Otkaži","monthly":"Mesečno","weekly":"Nedeljno","monday":"Ponedeljak","tuesday":"Utorak","wednesday":"Sreda","thursday":"Četvrtak","friday":"Petak","saturday":"Subota","sunday":"Nedelja","billing-cycle-ends":"Naplata se završava","tracking-will-reset":"Praćenje se obnavlja ovog datuma","yes":"Da","done":"Završeno","confirmation":"Potvrda","reset-confirmation-warning":"Svi trenutni podaci će biti izbrisani. Da li ste sigurni da želite da obrišete?","reset":"Resetuj","reset-wifi":"Resetuj Wi-Fi potrošnju","reset-mobile":"Resetuj potrošnju mobilnih podataka","reset-all-data-usage":"Resetuj potrošnje mob. & Wi-Fi podataka","not-set":"Nije podešeno","used":"Iskorišćeno","limit-passed":"Ograničenje je prekoračeno","limit":"Ograničenje","data-limit-header":"Ograničenje","data-limit-alert":"Upozorenje upotrebe podataka","data-limit-value2":"Kada prekoračim","data-limit-dialog-title2":"Unesite ograničenje mobilnih podataka za upozorenje","data-limit-dialog-explanation2":"Brzina veze se smanjuje posle dosezanja ograničenja. Proverite sa operaterom kako da namestite nivo uzbune.","wifi-usage":"Wi-Fi","mobile-usage":"Mobilne mreže","wifi-usage-settings":"Wi-Fi","mobile-usage-settings":"Mobilne mreže","im-prepaid":"Pripejd","im-postpaid":"Postpejd ","reset-data-usage":"Resetuj praćenje","reset-report":"Resetuj izveštaj","next":"Sledeće","back":"Prethodno","lets-go":"Idemo!","alert":"Upozorenje","alert-limit":"Upozorenje ograničenja","fte-welcome-title":"Dobrodošli","data-limit-notification-title2":"{{limit}} podataka iskorišćeno","data-limit-notification-text2":"Dostigli ste ograničenje","low-balance-notification-title":"Ponestaje Vam kredita","low-balance-notification-text":"{{remaining}} kredita je preostalo","zero-balance-message":"Nemate više kredita.","not-available":"Nije dostupno","usage":"Kontrola troškova","internet":"Internet","phone":"Telefon","loading-interface-data":"Učitavam podatke interfejsa. Molim Vas pokušajte kasnije.","verbose-chart-date-format":"{{em-month}} {{monthday-number}} ","day-hour-format":"{{day}}, {{time}}","B":"B","KB":"KB","MB":"MB","GB":"GB","weekday-0-long":"Nedelja","weekday-1-long":"Ponedeljak","weekday-2-long":"Utorak","weekday-3-long":"Sreda","weekday-4-long":"Četvrtak","weekday-5-long":"Petak","weekday-6-long":"Subota","weekday-0-short":"Ned","weekday-1-short":"Pon","weekday-2-short":"Uto","weekday-3-short":"Sre","weekday-4-short":"Čet","weekday-5-short":"Pet","weekday-6-short":"Sub","month-0-long":"januar","month-1-long":"februar","month-2-long":"mart","month-3-long":"april","month-4-long":"maj","month-5-long":"jun","month-6-long":"jul","month-7-long":"avgust","month-8-long":"septembar","month-9-long":"oktobar","month-10-long":"novembar","month-11-long":"decembar","month-0-genitive":"januara","month-1-genitive":"februara","month-2-genitive":"marta","month-3-genitive":"aprila","month-4-genitive":"maja","month-5-genitive":"juna","month-6-genitive":"jula","month-7-genitive":"avgusta","month-8-genitive":"septembra","month-9-genitive":"oktobra","month-10-genitive":"novembra","month-11-genitive":"decembra","month-0-short":"jan","month-1-short":"feb","month-2-short":"mar","month-3-short":"apr","month-4-short":"maj","month-5-short":"jun","month-6-short":"jul","month-7-short":"avg","month-8-short":"sep","month-9-short":"okt","month-10-short":"nov","month-11-short":"dec","minutes-ago-long":{"_index":["plural","value"],"_":{"zero":"upravo","one":"pre minut","two":"pre {{value}} minuta","few":"pre {{value}} minuta","many":"pre {{value}} minuta","other":"pre {{value}} minuta"}},"hours-ago-long":{"_index":["plural","value"],"_":{"zero":"upravo","one":"pre sat vremena","two":"pre {{value}} sata","few":"pre {{value}} sati","many":"pre {{value}} sati","other":"pre {{value}} sati"}},"days-ago-long":{"_index":["plural","value"],"_":{"zero":"danas","one":"juče","two":"pre {{value}} dana","few":"pre {{value}} dana","many":"pre {{value}} dana","other":"pre {{value}} dana"}},"weeks-ago-long":{"_index":["plural","value"],"_":{"zero":"ove nedelje","one":"prošle nedelje","two":"pre {{value}} nedelje","few":"pre {{value}} nedelja","many":"pre {{value}} nedelja","other":"pre {{value}} nedelja"}},"months-ago-long":{"_index":["plural","value"],"_":{"zero":"ovog meseca","one":"prošlog meseca","two":"pre {{value}} meseca","few":"pre {{value}} meseci","many":"pre {{value}} meseci","other":"pre {{value}} meseci"}},"years-ago-long":{"_index":["plural","value"],"_":{"zero":"ove godine","one":"prošle godine","two":"pre {{value}} godine","few":"pre {{value}} godina","many":"pre {{value}} godina","other":"pre {{value}} godina"}},"minutes-until-long":{"_index":["plural","value"],"_":{"zero":"upravo","one":"za jedan minut","two":"za {{value}} minuta","few":"za {{value}} minuta","many":"za {{value}} minuta","other":"za {{value}} minuta"}},"hours-until-long":{"_index":["plural","value"],"_":{"zero":"upravo","one":"za sat vremena","two":"za {{value}} sata","few":"za {{value}} sati","many":"za {{value}} sati","other":"za {{value}} sati"}},"days-until-long":{"_index":["plural","value"],"_":{"zero":"danas","one":"sutra","two":"za {{value}} dana","few":"za {{value}} dana","many":"za {{value}} dana","other":"za {{value}} dana"}},"weeks-until-long":{"_index":["plural","value"],"_":{"zero":"ove nedelje","one":"sledeće nedelje","two":"za {{value}} nedelje","few":"za {{value}} nedelja","many":"za {{value}} nedelja","other":"za {{value}} nedelja"}},"months-until-long":{"_index":["plural","value"],"_":{"zero":"ovog meseca","one":"sledećeg meseca","two":"za {{value}} meseca","few":"za {{value}} meseci","many":"za {{value}} meseci","other":"za {{value}} meseci"}},"years-until-long":{"_index":["plural","value"],"_":{"zero":"ove godine","one":"sledeće godine","two":"za {{value}} godine","few":"za {{value}} godina","many":"za {{value}} godina","other":"za {{value}} godina"}},"minutes-ago-short":{"_index":["plural","value"],"_":{"zero":"upravo","other":"pre {{value}}m"}},"hours-ago-short":{"_index":["plural","value"],"_":{"zero":"upravo","other":"pre {{value}}s"}},"days-ago-short":{"_index":["plural","value"],"_":{"zero":"danas","other":"pre {{value}}d"}},"minutes-until-short":{"_index":["plural","value"],"_":{"zero":"upravo","other":"za {{value}}m"}},"hours-until-short":{"_index":["plural","value"],"_":{"zero":"upravo","other":"za {{value}}s"}},"days-until-short":{"_index":["plural","value"],"_":{"zero":"danas","other":"za {{value}}d"}},"incorrectDate":"(netačan datum)","dateTimeFormat_%c":"%a %e %b %Y %H:%M:%S","dateTimeFormat_%x":"%d.%m.%Y","dateTimeFormat_%X":"%H:%M:%S","shortTimeFormat":"%H:%M","shortDateTimeFormat":"%x %H:%M","weekStartsOnMonday":"1","time_am":"AM","time_pm":"PM"}