{"topup-confirmation-title2":"Förbrukning","topup-confirmation-message":"Påfyllning bekräftad","topup-incorrectcode-title2":"Förbrukning","topup-incorrectcode-message3":"Felaktig påfyllnadskod angiven.","updating":"Uppdaterar","updating-ellipsis":"Uppdaterar…","yesterday":"Igår","today":"Idag","never":"Aldrig","magnitude":"{{value}} {{unit}}","currency":"{{currency}}{{value}}","widget":"Förbruknings widget","widget-authed-sim-heading":"Nytt SIM-kort från {{provider}} insatt","widget-authed-sim-meta":"Peka här för att följa din telefon- och internetanvändning","widget-nonauthed-sim-heading":"Nytt SIM-kort insatt","widget-nonauthed-sim-meta":"Peka här för att följa din internetanvändning.","widget-airplane-mode-heading":"Flygplansläge ","widget-airplane-mode-meta":"Stäng av flygplansläge för att aktivera Förbrukning.","widget-no-sim2-heading":"Inget SIM-kort insatt.","widget-no-sim2-meta":"Sätt in SIM-kortet för att aktivera appen Förbrukning","widget-sim-locked-heading":"Låst SIM-kort","widget-sim-locked-meta":"Lås upp SIM-kortet för att aktivera appen Förbrukning","fte":"Förbrukning: första gången erfarenhet","fte-authed-sim":"Spara pengar genom att hålla koll på telefon- och internetanvändning.","fte-nonauthed-sim":"Spara pengar genom att hålla koll på din internetanvändning.","fte-no-sim":"Få tydlig information om hur mycket internet du använder.","fte-sim-info2":"Information som visas i Förbrukning kommer direkt från enheten. Kontrollera med din mobiloperatör för detaljerad kontoinformation.","fte-plantype-title":"Typ av avtal","fte-plantype-hint":"Välj den typ av avtal du har med din mobiloperatör.","fte-prepaid2-title":"Varning lågt saldo","fte-prepaid2-hint":"Ställ in en varning för att undvika att få slut på pengar.","fte-prepaid3-title":"Datarapport och varning","fte-prepaid3-hint":"Ta emot rapporter om din internetanvändning och ställ in en varning för att undvika hög dataförbrukning.","fte-postpaid2-title":"Samtal och datarapport","fte-postpaid2-hint":"Ta emot rapporter om telefon- och internetanvändning.","fte-postpaid3-title":"Varning data","fte-postpaid3-hint":"Ställ in en varning för att undvika hög dataförbrukning.","fte-onlydata2-title":"Datarapport","fte-onlydata2-hint":"Ta emot rapporter om din internetanvändning.","fte-onlydata3-title":"Varning data","fte-onlydata3-hint":"Ställ in en varning för att undvika hög dataförbrukning.","phone-activity":"Telefonaktivitet","balance":"Saldo","on-roaming-message2":"Roaming: ingen automatisk saldouppdatering. Du kan debiteras för att uppdatera manuellt.","balance-error-message2":"Saldo uppdaterades inte korrekt. Prova att uppdatera manuellt.","airplane-mode-error-message2":"Inaktivera flygplansläge för att uppdatera ditt saldo eller fylla på.","disable-airplane-mode":"Vill du inaktivera flygplansläge för att uppdatera eller fylla på?","no-coverage-error-message2":"Telefonen behöver täckning för att uppdatera ditt saldo eller fylla på.","top-up":"Påfyllning","enter-top-up-code":"Ange påfyllnadskoden","top-up-code-explanation2":"Hitta den på värdebeviset eller direkt i kvittot.","wait-for-confirmation":"Du får ett bekräftelsemeddelande","incorrect-code2":"Kontrollera att koden är korrekt och försök igen.","topup-error2":"Det gick inte att skicka koden. Vänligen, försök igen.","application-error-title":"Tjänsten otillgänglig","application-error-message":"Kontakta din företagsrepresentant","service-unavailable-title":"Tjänsten otillgänglig","service-unavailable-message":"Varken uppdatering eller påfyllning är möjlig för tillfället. Försök igen senare.","data-usage":"Dataanvändning","update-button":"Uppdatera","topup-button2":"Använd påfyllnadskod","topup-ussd-button2":"Öppna meny för påfyllning","ok":"OK","top-up-in-progress2":"Din påfyllning behandlas.","top-up-timed-out2":"Uppdatera ditt saldo för att bekräfta. Om saldot är oförändrat, försök fylla på igen.","on-topup-not-confirmed-title":"Påfyllning inte bekräftad","on-topup-not-confirmed-message":"Prova att uppdatera ditt saldo eller försök med påfyllning.","send":"skicka","plantype-setup-title":"Min telefon och internetbetalning är","prepaid":"Kontantkort","postpaid":"Abonnemang","phoneactivity":"Telefonaktivitet","short-date-format":"%d, %b","sms-sent":"SMS skickade","call-made":"Samtal ringda","settings":"Inställningar","low-balance-alert":"Varning lågt saldo","low-balance-explanation2":"När saldo är under","phone-and-internet-data-report":"Datarapport telefon och internet","internet-data-report":"Datarapport internet","starting-on":"Börjar den","cancel":"Avbryt","monthly":"Månadsvis","weekly":"Veckovis","monday":"Måndag","tuesday":"Tisdag","wednesday":"Onsdag","thursday":"Torsdag","friday":"Fredag","saturday":"Lördag","sunday":"Söndag","billing-cycle-ends":"Faktureringsperiod slutar","tracking-will-reset":"Spårning återställs denna dag","yes":"Ja","done":"Klar","confirmation":"Bekräftelse","reset-confirmation-warning":"All nuvarande data kommer att raderas. Är du säker på att du vill återställa?","reset":"Återställ","reset-wifi":"Återställ Wi-Fi","reset-mobile":"Återställ mobil","reset-all-data-usage":"Återställ mobil & Wi-Fi data","not-set":"Inte satt","used":"Använt","limit-passed":"Gräns passerad","limit":"Gräns","data-limit-header":"Gräns dataanvändning","data-limit-alert":"Varning dataanvändning","data-limit-value2":"När använd data är över","data-limit-dialog-title2":"Ange en varningsnivå för mobil data","data-limit-dialog-explanation2":"Uppkopplingshastigheter minskar när gränsen är nådd. Kontrollera med din dataleverantör för att fastställa en lämplig varningsnivå.","wifi-usage":"Wi-Fi förbrukning","mobile-usage":"Mobil förbrukning","wifi-usage-settings":"Wi-Fi förbrukning","mobile-usage-settings":"Mobil förbrukning","im-prepaid":"Jag har kontantkort","im-postpaid":"Jag har abonnemang","reset-data-usage":"Återställ dataanvändning","reset-report":"Återställ rapport","next":"Nästa","back":"Tillbaka","lets-go":"Låt oss börja!","alert":"Varning","alert-limit":"Varningsnivå","fte-welcome-title":"Välkommen","data-limit-notification-title2":"{{limit}} av data som använts","data-limit-notification-text2":"Du har nått den gräns du valde","low-balance-notification-title":"Lågt saldo","low-balance-notification-text":"{{remaining}} återstående kredit","zero-balance-message":"Saldot har nått noll, ingen kredit kvar.","not-available":"Ej tillgänglig","usage":"Förbrukning","internet":"Internet","phone":"Telefon","loading-interface-data":"Laddar gränssnittsdata. Försök igen om en stund.","verbose-chart-date-format":"{{em-month}} {{monthday-number}}","day-hour-format":"{{day}}, {{time}}","B":"B","KB":"kB","MB":"MB","GB":"GB","weekday-0-long":"Söndag","weekday-1-long":"Måndag","weekday-2-long":"Tisdag","weekday-3-long":"Onsdag","weekday-4-long":"Torsdag","weekday-5-long":"Fredag","weekday-6-long":"Lördag","weekday-0-short":"Sön","weekday-1-short":"Mån","weekday-2-short":"Tis","weekday-3-short":"Ons","weekday-4-short":"Tor","weekday-5-short":"Fre","weekday-6-short":"Lör","month-0-long":"Januari","month-1-long":"Februari","month-2-long":"Mars","month-3-long":"April","month-4-long":"Maj","month-5-long":"Juni","month-6-long":"Juli","month-7-long":"Augusti","month-8-long":"September","month-9-long":"Oktober","month-10-long":"November","month-11-long":"December","month-0-genitive":"Januari","month-1-genitive":"Februari","month-2-genitive":"Mars","month-3-genitive":"April","month-4-genitive":"Maj","month-5-genitive":"Juni","month-6-genitive":"Juli","month-7-genitive":"Augusti","month-8-genitive":"September","month-9-genitive":"Oktober","month-10-genitive":"November","month-11-genitive":"December","month-0-short":"Jan","month-1-short":"Feb","month-2-short":"Mar","month-3-short":"Apr","month-4-short":"Maj","month-5-short":"Jun","month-6-short":"Jul","month-7-short":"Aug","month-8-short":"Sep","month-9-short":"Okt","month-10-short":"Nov","month-11-short":"Dec","minutes-ago-long":{"_index":["plural","value"],"_":{"zero":"nyss","one":"en minut sen","two":"{{value}} minuter sen","few":"{{value}} minuter sen","many":"{{value}} minuter sen","other":"{{value}} minuter sen"}},"hours-ago-long":{"_index":["plural","value"],"_":{"zero":"nyss","one":"en timme sen","two":"{{value}} timmar sen","few":"{{value}} timmar sen","many":"{{value}} timmar sen","other":"{{value}} timmar sen"}},"days-ago-long":{"_index":["plural","value"],"_":{"zero":"idag","one":"igår","two":"{{value}} dagar sen","few":"{{value}} dagar sen","many":"{{value}} dagar sen","other":"{{value}} dagar sen"}},"weeks-ago-long":{"_index":["plural","value"],"_":{"zero":"denna vecka","one":"förra veckan","two":"{{value}} veckor sen","few":"{{value}} veckor sen","many":"{{value}} veckor sen","other":"{{value}} veckor sen"}},"months-ago-long":{"_index":["plural","value"],"_":{"zero":"denna månad","one":"förra månaden","two":"{{value}} månader sen","few":"{{value}} månader sen","many":"{{value}} månader sen","other":"{{value}} månader sen"}},"years-ago-long":{"_index":["plural","value"],"_":{"zero":"detta år","one":"förra året","two":"{{value}} år sen","few":"{{value}} år sen","many":"{{value}} år sen","other":"{{value}} år sen"}},"minutes-until-long":{"_index":["plural","value"],"_":{"zero":"nu","one":"om en minut","two":"om {{value}} minuter","few":"om {{value}} minuter","many":"om {{value}} minuter","other":"om {{value}} minuter"}},"hours-until-long":{"_index":["plural","value"],"_":{"zero":"nu","one":"om en timme","two":"om {{value}} timmar","few":"om {{value}} timmar","many":"om {{value}} timmar","other":"om {{value}} timmar"}},"days-until-long":{"_index":["plural","value"],"_":{"zero":"idag","one":"imorgon","two":"om {{value}} dagar","few":"om {{value}} dagar","many":"om {{value}} dagar","other":"om {{value}} dagar"}},"weeks-until-long":{"_index":["plural","value"],"_":{"zero":"denna vecka","one":"nästa vecka","two":"om {{value}} veckor","few":"om {{value}} veckor","many":"om {{value}} veckor","other":"om {{value}} veckor"}},"months-until-long":{"_index":["plural","value"],"_":{"zero":"denna månad","one":"nästa månad","two":"om {{value}} månader","few":"om {{value}} månader","many":"om {{value}} månader","other":"om {{value}} månader"}},"years-until-long":{"_index":["plural","value"],"_":{"zero":"detta år","one":"nästa år","two":"om {{value}} år","few":"om {{value}} år","many":"om {{value}} år","other":"om {{value}} år"}},"minutes-ago-short":{"_index":["plural","value"],"_":{"zero":"nyss","other":"{{value}} min sen"}},"hours-ago-short":{"_index":["plural","value"],"_":{"zero":"nyss","other":"{{value}} tim. sen"}},"days-ago-short":{"_index":["plural","value"],"_":{"zero":"idag","other":"{{value}} dygn sen"}},"minutes-until-short":{"_index":["plural","value"],"_":{"zero":"nu","other":"om {{value}} min"}},"hours-until-short":{"_index":["plural","value"],"_":{"zero":"nu","other":"om {{value}} tim."}},"days-until-short":{"_index":["plural","value"],"_":{"zero":"idag","other":"om {{value}} dygn"}},"incorrectDate":"(felaktigt datum)","dateTimeFormat_%c":"%a %e %b %Y %H:%M:%S","dateTimeFormat_%x":"%d/%m/%Y","dateTimeFormat_%X":"%H:%M:%S","shortTimeFormat":"%H:%M","shortDateTimeFormat":"%x %H:%M","weekStartsOnMonday":"1","time_am":"AM","time_pm":"PM"}