{"topup-confirmation-title2":"使用情况","topup-confirmation-message":"充值已确认。","topup-incorrectcode-title2":"使用情况","topup-incorrectcode-message3":"输入的充值码不正确。","updating":"正在更新","updating-ellipsis":"正在更新…","yesterday":"昨天","today":"今天","never":"从未","magnitude":"{{value}} {{unit}}","currency":"{{currency}}{{value}}","widget":"使用量工具","widget-authed-sim-heading":"插入了新的 {{provider}} SIM 卡","widget-authed-sim-meta":"点按以跟踪你的通话和网络使用量。","widget-nonauthed-sim-heading":"已插入新 SIM 卡","widget-nonauthed-sim-meta":"点按以跟踪你的网络使用量。","widget-airplane-mode-heading":"飞行模式","widget-airplane-mode-meta":"请关闭飞行模式以便开启使用量统计。","widget-no-sim2-heading":"无 SIM 卡","widget-no-sim2-meta":"插入一张 SIM 卡启用用量统计","widget-sim-locked-heading":"已锁定的 SIM 卡","widget-sim-locked-meta":"解锁您的 SIM 卡使其恢复。","fte":"首次访问使用量工具","fte-authed-sim":"持续跟踪你的通话和网络使用量以节约支出。","fte-nonauthed-sim":"持续跟踪你的网络使用量以节约支出。","fte-no-sim":"清晰呈现你的网络流量。","fte-sim-info2":"使用量界面显示的信息来自这台设备自身，如果要获取账户相关的详细信息，请联系你的移动服务提供商。","fte-plantype-title":"联系人类别","fte-plantype-hint":"请选择您与移动服务提供商所签订的合约类型。","fte-prepaid2-title":"余额不足警告","fte-prepaid2-hint":"设置预警以避免额度用尽。","fte-prepaid3-title":"数据报告和警报","fte-prepaid3-hint":"收集您的互联网使用情况报告，并设置提醒，避免使用过多流量。","fte-postpaid2-title":"电话和数据报告","fte-postpaid2-hint":"收集有关您的手机和互联网的使用情况的报告。","fte-postpaid3-title":"数据警告","fte-postpaid3-hint":"设置一项警报以避免使用过多数据流量。","fte-onlydata2-title":"数据报告","fte-onlydata2-hint":"接收有关您互联网使用量的报告。","fte-onlydata3-title":"数据警告","fte-onlydata3-hint":"设置一项警报以避免使用过多数据流量。","phone-activity":"通话活动","balance":"余额","on-roaming-message2":"漫游时：不会自动更新余额，充值后请手动更新。","balance-error-message2":"余额未能正确更新，试试手动更新。","airplane-mode-error-message2":"关闭飞行模式以便更新余额或充值。","disable-airplane-mode":"是否希望停用飞行模式以更新或充值？","no-coverage-error-message2":"需要有手机信号覆盖才能更新余额或充值。","top-up":"充值","enter-top-up-code":"输入充值代码","top-up-code-explanation2":"在充值卡上或者直接在收据里可以找到他。","wait-for-confirmation":"您会收到一条确认短信","incorrect-code2":"请确认您输入的充值代码是否正确，然后再尝试一次。","topup-error2":"发送充值码的过程中出现了点问题。请再试一次。","application-error-title":"服务不可用","application-error-message":"联系您的公司代表。","service-unavailable-title":"服务不可用","service-unavailable-message":"现在即不能更新也不能充值。请稍后再试。","data-usage":"数据用量","update-button":"更新","topup-button2":"使用充值代码","topup-ussd-button2":"打开充值代码菜单","ok":"确定","top-up-in-progress2":"正在充值中。","top-up-timed-out2":"请刷新您的余额以确认。如果您的余额显示并没有改变，请尝试再次充值。","on-topup-not-confirmed-title":"充值未确认。","on-topup-not-confirmed-message":"尝试更新您的余额或者重试一次充值。","send":"发送","plantype-setup-title":"我的通话与互联网套餐是","prepaid":"预付费","postpaid":"后付费","phoneactivity":"通话活动","short-date-format":"%b %e 日","sms-sent":"发送短信","call-made":"已拨打的电话","settings":"设置","low-balance-alert":"余额不足警告","low-balance-explanation2":"当余额低于","phone-and-internet-data-report":"通话和互联网数据报告","internet-data-report":"Internet data report","starting-on":"开始","cancel":"取消","monthly":"每月","weekly":"每周","monday":"星期一","tuesday":"星期二","wednesday":"星期三","thursday":"星期四","friday":"星期五","saturday":"星期六","sunday":"星期日","billing-cycle-ends":"账单周期结束","tracking-will-reset":"跟踪将会在此日期重置","yes":"是","done":"完成","confirmation":"确认","reset-confirmation-warning":"当前所有数据都将被删除，确定要重置吗？","reset":"重置","reset-wifi":"重置 Wi-Fi 使用情况","reset-mobile":"重置移动网络使用情况","reset-all-data-usage":"重置移动网络和 Wi-Fi 的数据流量使用情况","not-set":"未设置","used":"已使用","limit-passed":"允许的限额","limit":"限制","data-limit-header":"数据使用限额","data-limit-alert":"数据使用警告","data-limit-value2":"当使用超过","data-limit-dialog-title2":"输入一个移动数据限额警示","data-limit-dialog-explanation2":"达到限额后连接速率将会降低，查询你的数据服务以设置一个合适的警示级别。","wifi-usage":"Wi-Fi 用量","mobile-usage":"手机使用","wifi-usage-settings":"Wi-Fi 用量","mobile-usage-settings":"手机使用","im-prepaid":"我是预付费用户","im-postpaid":"我是后付费用户","reset-data-usage":"重置数据流量使用情况","reset-report":"重置报告","next":"下一步","back":"上一步","lets-go":"出发！","alert":"警告","alert-limit":"警告限制","fte-welcome-title":"欢迎","data-limit-notification-title2":"已使用 {{limit}} 的数据流量","data-limit-notification-text2":"您已达到了您选择的限制","low-balance-notification-title":"低余额","low-balance-notification-text":"剩余通话余额 {{remaining}}","zero-balance-message":"余额已尽，手机没有通话余额了。","not-available":"不可用","usage":"使用情况","internet":"互联网","phone":"通话","loading-interface-data":"正在载入接口数据。请稍等一会。","verbose-chart-date-format":"{{em-month}} {{monthday-number}}","day-hour-format":"{{day}}, {{time}}","B":"B","KB":"kB","MB":"MB","GB":"GB","weekday-0-long":"星期日","weekday-1-long":"星期一","weekday-2-long":"星期二","weekday-3-long":"星期三","weekday-4-long":"星期四","weekday-5-long":"星期五","weekday-6-long":"星期六","weekday-0-short":"周日","weekday-1-short":"周一","weekday-2-short":"周二","weekday-3-short":"周三","weekday-4-short":"周四","weekday-5-short":"周五","weekday-6-short":"周六","month-0-long":"1 月","month-1-long":"2 月","month-2-long":"3 月","month-3-long":"4 月","month-4-long":"5 月","month-5-long":"6 月","month-6-long":"7 月","month-7-long":"8 月","month-8-long":"9 月","month-9-long":"10 月","month-10-long":"11 月","month-11-long":"12 月","month-0-genitive":"一月","month-1-genitive":"二月","month-2-genitive":"三月","month-3-genitive":"四月","month-4-genitive":"五月","month-5-genitive":"六月","month-6-genitive":"七月","month-7-genitive":"八月","month-8-genitive":"九月","month-9-genitive":"十月","month-10-genitive":"十一月","month-11-genitive":"十二月","month-0-short":"1 月","month-1-short":"2 月","month-2-short":"3 月","month-3-short":"4 月","month-4-short":"5 月","month-5-short":"6 月","month-6-short":"7 月","month-7-short":"8 月","month-8-short":"9 月","month-9-short":"10 月","month-10-short":"11 月","month-11-short":"12 月","minutes-ago-long":{"_index":["plural","value"],"_":{"zero":"刚才","one":"1 分钟前","two":"{{ value }} 分钟前","few":"{{ value }} 分钟前","many":"{{ value }} 分钟前","other":"{{ value }} 分钟前"}},"hours-ago-long":{"_index":["plural","value"],"_":{"zero":"刚才","one":"1 小时前","two":"{{ value }} 小时前","few":"{{ value }} 小时前","many":"{{ value }} 小时前","other":"{{ value }} 小时前"}},"days-ago-long":{"_index":["plural","value"],"_":{"zero":"今天","one":"昨天","two":"{{value}} 天前","few":"{{value}} 天前","many":"{{value}} 天前","other":"{{value}} 天前"}},"weeks-ago-long":{"_index":["plural","value"],"_":{"zero":"本周","one":"上周","two":"{{value}} 周前","few":"{{value}} 周前","many":"{{value}} 周前","other":"{{value}} 周前"}},"months-ago-long":{"_index":["plural","value"],"_":{"zero":"本月","one":"上月","two":"{{value}} 个月前","few":"{{value}} 个月前","many":"{{value}} 个月前","other":"{{value}} 个月前"}},"years-ago-long":{"_index":["plural","value"],"_":{"zero":"今年","one":"去年","two":"{{value}} 年前","few":"{{value}} 年前","many":"{{value}} 年前","other":"{{value}} 年前"}},"minutes-until-long":{"_index":["plural","value"],"_":{"zero":"现在","one":"1 分钟内","two":"剩{{value}}分钟","few":"剩{{value}}分钟","many":"剩{{value}}分钟","other":"剩{{value}}分钟"}},"hours-until-long":{"_index":["plural","value"],"_":{"zero":"现在","one":"1 小时内","two":"剩{{value}}小时","few":"剩{{value}}小时","many":"剩{{value}}小时","other":"剩{{value}}小时"}},"days-until-long":{"_index":["plural","value"],"_":{"zero":"今天","one":"明天","two":"剩{{value}}天","few":"剩{{value}}天","many":"剩{{value}}天","other":"剩{{value}}天"}},"weeks-until-long":{"_index":["plural","value"],"_":{"zero":"本周","one":"下周","two":"剩{{value}}周","few":"剩{{value}}周","many":"剩{{value}}周","other":"剩{{value}}周"}},"months-until-long":{"_index":["plural","value"],"_":{"zero":"本月","one":"下月","two":"剩{{value}}个月","few":"剩{{value}}个月","many":"剩{{value}}个月","other":"剩{{value}}个月"}},"years-until-long":{"_index":["plural","value"],"_":{"zero":"今年","one":"明年","two":"剩{{value}}年","few":"剩{{value}}年","many":"剩{{value}}年","other":"剩{{value}}年"}},"minutes-ago-short":{"_index":["plural","value"],"_":{"zero":"刚才","other":"{{value}} 分钟前"}},"hours-ago-short":{"_index":["plural","value"],"_":{"zero":"刚才","other":"{{value}}小时前"}},"days-ago-short":{"_index":["plural","value"],"_":{"zero":"今天","other":"{{value}} 天前"}},"minutes-until-short":{"_index":["plural","value"],"_":{"zero":"现在","other":"剩{{value}}分钟"}},"hours-until-short":{"_index":["plural","value"],"_":{"zero":"现在","other":"剩{{value}}小时"}},"days-until-short":{"_index":["plural","value"],"_":{"zero":"今天","other":"剩{{value}}天"}},"incorrectDate":"（日期不正确）","dateTimeFormat_%c":"%Y 年 %b %e 日 %a %H:%M:%S","dateTimeFormat_%x":"%Y/%m/%d","dateTimeFormat_%X":"%H:%M:%S","shortTimeFormat":"%H:%M","shortDateTimeFormat":"%x %H:%M","weekStartsOnMonday":"0","time_am":"上午","time_pm":"下午"}