{"brandShortName":"B2G OS","browserBrandShortName":"متصفح","browserBrandFullName":"مُتصفح موزيلا","ringtone-none":"لاشيء","ringer_classic_prism":"بريزم الكلاسيكية","ringer_classic_courier":"البريد الكلاسيكي","ringer_classic_touchmatic":"الكلاسيكية Touchmatic","ringer_classic_electric":"الكلاسيكية الكهربائية","ringer_classic_wallphone":"Classic Wallphone","ringer_disco_drive":"محرك الأقراص","ringer_vamos_la_elektro":"Vamos Là Elektro","ringer_digitalascent":"Analog Ascent","ringer_low_bit_swing":"تأرجح منخفض قليلاً","ringer_ringing_gems":"نغمات الأحجار الكريمة","ringer_rain_echoes":"أصداء المطر","ringer_progressive_dapple":"Progressive Dapple","ringer_digital_dapple":"Analog Dapple","ringer_loud_windchimes":"Wind Chimes","ringer_bitbounce":"Bit Bounce","ringer_firefox":"{{brandShortName}}","notifier_minimal_bands":"Minimal Bands","notifier_exclamation":"علامة تعجب","notifier_boomer":"Boomer","notifier_rewind":"Rewind","notifier_bop":"Bop","notifier_ting":"Ting","notifier_bap":"Bap","notifier_dididi":"Dididi","notifier_spring":"Spring","notifier_bell":"Bell","notifier_bell_extd":"Bell Extended","notifier_ring":"نغمة","notifier_firefox":"{{brandShortName}}","manage-title":"إدارة النغمات","actions-share":"مشاركة النغمة","actions-delete":"حذف نغمة","actions-cancel":"ألغِ","delete-title":"حذف نغمة","delete-desc":"هل أنت متأكد أنك تريد أن تحذف \"{{tone}}\" ؟","delete-desc-default-ringtone":"\"{{tone}}\" هي النغمة الحالية .\\n\\nهل أنت متأكد أنك تريد حذفها؟","delete-desc-default-alerttone":"\"{{tone}}\" هي نغمة المنبه الحالية.\\n\\nهل أنت متأكد أنك تريد حذفها؟","delete-cancel":"ألغِ","delete-confirm":"احذف","deleted-tone":"تم حذف النغمة.","created-tone":"تم إنشاء نغمة جديدة.","set-default-tone":"تم تعيين النغمة كنغمة افتراضية.","pick-title":"اختر الصوت","pick-done":"تمّ","list-title-ringtone":"نغمات الفيرفكس","list-title-alerttone":"التنبيهات","list-title-custom":"نغمات مخصصة","create-title":"إنشاء نغمة","create-save":"احفظ","create-cancel":"ألغِ","play-error-title":"ملف تالف","play-error-desc":"الملف تالف. لا يمكن أن يستخدم لإنشاء نغمة.","save-error-title":"لم يتم إنشاء النغمة","save-error-desc":"حدث خطأ في إنشاء النغمة. حاول مرة أخرى.","default-label":"استخدامها كنغمة افتراضية","ok":"موافق","ringtone-untitled":"بدون عنوان"}