{"brandShortName":"B2G ওএস","browserBrandShortName":"ওয়েব ব্রাউজার","browserBrandFullName":"মজিলা ওয়েব ব্রাউজার","ringtone-none":"একটিও নয়","ringer_classic_prism":"ক্লাসিক প্রিসম","ringer_classic_courier":"ক্লাসিক কুরিয়ার","ringer_classic_touchmatic":"ক্লাসিক টাচমেটিক","ringer_classic_electric":"ক্লাসিক ইলেক্ট্রিক","ringer_classic_wallphone":"ক্লাসিক ওয়ালফোন","ringer_disco_drive":"ডিস্কো ড্রাইভ","ringer_vamos_la_elektro":"ভ্যামস লা ইলেক্ট্রো","ringer_digitalascent":"অ্যানালগ আসেন্ট","ringer_low_bit_swing":"লো বিট সুইং","ringer_ringing_gems":"রিংগিং জেমস","ringer_rain_echoes":"রেইন ইকোস","ringer_progressive_dapple":"প্রগ্রেসিভ ডাপল","ringer_digital_dapple":"অ্যানালগ ডাপল","ringer_loud_windchimes":"উইন্ড চাইমস","ringer_bitbounce":"বিট বাউন্স","ringer_firefox":"{{brandShortName}}","notifier_minimal_bands":"মিনিমাল ব্যান্ডস","notifier_exclamation":"আশ্চর্য","notifier_boomer":"বুমার","notifier_rewind":"রিউইন্ড","notifier_bop":"বপ্","notifier_ting":"টিং","notifier_bap":"ব্যাপ","notifier_dididi":"দিদিদি","notifier_spring":"স্প্রিং","notifier_bell":"বেল","notifier_bell_extd":"বেল এক্সটেন্ডেড","notifier_ring":"রিং","notifier_firefox":"{{brandShortName}}","manage-title":"রিংটোন ব্যবস্থাপনা","actions-share":"রিংটোন শেয়ার","actions-delete":"রিংটোন অপসারণ","actions-cancel":"বাতিল","delete-title":"রিংটোন অপসারণ","delete-desc":"আপনি \"{{tone}}\" অপসারণের ব্যপারে নিশ্চিত?","delete-desc-default-ringtone":"\"{{tone}}\" বর্তমান ডিফল্ট রিংটোন।\\n\\nআপনি এটি অপসারণের ব্যপারে নিশ্চিত?","delete-desc-default-alerttone":"\"{{tone}}\" বর্তমান ডিফল্ট এলার্টটোন।\\n\\nআপনি কি এটি অপসারণের ব্যপারে নিশ্চিত?","delete-cancel":"বাতিল","delete-confirm":"অপসারণ","deleted-tone":"রিংটোন অপসারিত হয়েছে।","created-tone":"নতুন রিংটোন তৈরি হয়েছে।","set-default-tone":"ডিফল্ট রিংটোন হিসেবে সেট হয়েছে।","pick-title":"রিংটোন নির্বাচন করুন","pick-done":"সম্পন্ন","list-title-ringtone":"ফায়ারফক্স রিংটোন","list-title-alerttone":"এলার্ট","list-title-custom":"নিজস্ব রিংটোন","create-title":"রিংটোন তৈরি করুন","create-save":"সংরক্ষণ","create-cancel":"বাতিল","play-error-title":"নষ্ট হওয়া ফাইল","play-error-desc":"এই ফাইলটি নষ্ট। এটি রিংটোন তৈরিতে ব্যবহার করা যাবেনা।","save-error-title":"রিংটোন তৈরি হয়নি","save-error-desc":"রিংটোন তৈরিতে একটি সমস্যা হয়েছে। দয়া করে পুনরায় চেষ্টা করুন।","default-label":"ডিফল্ট রিংটোন হিসেবে ব্যবহার করুন","ok":"ঠিক আছে","ringtone-untitled":"শিরোনামহীন"}