{"brandShortName":"B2G OS","browserBrandShortName":"Navegador web","browserBrandFullName":"Navegador web de Mozilla","ringtone-none":"Cap","ringer_classic_prism":"Prisma clàssic","ringer_classic_courier":"Courier clàssic","ringer_classic_touchmatic":"Touchmatic clàssic","ringer_classic_electric":"Elèctric clàssic","ringer_classic_wallphone":"Telèfon clàssic","ringer_disco_drive":"Disco Drive","ringer_vamos_la_elektro":"Vamos Là Elektro","ringer_digitalascent":"Analog Ascent","ringer_low_bit_swing":"Low Bit Swing","ringer_ringing_gems":"Gemmes sonores","ringer_rain_echoes":"Ecos de pluja","ringer_progressive_dapple":"Progressive Dapple","ringer_digital_dapple":"Analog Dapple","ringer_loud_windchimes":"Sonalles eòliques","ringer_bitbounce":"Rebot de bits","ringer_firefox":"{{brandShortName}}","notifier_minimal_bands":"Bandes minimalistes","notifier_exclamation":"Exclamació","notifier_boomer":"Renou","notifier_rewind":"Rebobina","notifier_bop":"Bop","notifier_ting":"Ting","notifier_bap":"Bap","notifier_dididi":"Dididi","notifier_spring":"Molla","notifier_bell":"Campana","notifier_bell_extd":"Campana (llarg)","notifier_ring":"Timbre","notifier_firefox":"{{brandShortName}}","manage-title":"Gestioneu els tons de trucada","actions-share":"Comparteix el to de trucada","actions-delete":"Elimina to de trucada","actions-cancel":"Cancel·la","delete-title":"Elimina to de trucada","delete-desc":"Segur que voleu eliminar «{{tone}}»?","delete-desc-default-ringtone":"«{{tone}}» és actualment el to de trucada per defecte.\\n\\nSegur que voleu eliminar-lo?","delete-desc-default-alerttone":"«{{tone}}» és actualment l'alerta per defecte.\\n\\nSegur que voleu eliminar-la?","delete-cancel":"Cancel·la","delete-confirm":"Elimina","deleted-tone":"S'ha eliminat el to de trucada.","created-tone":"S'ha creat un to de trucada nou.","set-default-tone":"S'ha definit com a to de trucada per defecte.","pick-title":"Trieu un to","pick-done":"Fet","list-title-ringtone":"Tons de trucada del Firefox","list-title-alerttone":"Alertes","list-title-custom":"Tons de trucada personalitzats","create-title":"Crea un to de trucada","create-save":"Desa","create-cancel":"Cancel·la","play-error-title":"Fitxer malmès","play-error-desc":"El fitxer és malmès. No es pot fer servir per crear un to de trucada.","save-error-title":"No s'ha creat el to de trucada","save-error-desc":"S'ha produït un problema en crear el to de trucada. Torneu-ho a provar.","default-label":"Utilitza com a to de trucada per defecte","ok":"D'acord","ringtone-untitled":"Sense títol"}