{"brandShortName":"B2G OS","browserBrandShortName":"Webový prohlížeč","browserBrandFullName":"Webový prohlížeč Mozilla","ringtone-none":"Žádný","ringer_classic_prism":"Classic Prism","ringer_classic_courier":"Classic Courier","ringer_classic_touchmatic":"Classic Touchmatic","ringer_classic_electric":"Classic Electric","ringer_classic_wallphone":"Classic Wallphone","ringer_disco_drive":"Disco Drive","ringer_vamos_la_elektro":"Vamos Là Elektro","ringer_digitalascent":"Analog Ascent","ringer_low_bit_swing":"Low Bit Swing","ringer_ringing_gems":"Ringing Gems","ringer_rain_echoes":"Rain Echoes","ringer_progressive_dapple":"Progressive Dapple","ringer_digital_dapple":"Analog Dapple","ringer_loud_windchimes":"Wind Chimes","ringer_bitbounce":"Bit Bounce","ringer_firefox":"{{brandShortName}}","notifier_minimal_bands":"Minimal Bands","notifier_exclamation":"Exclamation","notifier_boomer":"Boomer","notifier_rewind":"Rewind","notifier_bop":"Bop","notifier_ting":"Ting","notifier_bap":"Bap","notifier_dididi":"Dididi","notifier_spring":"Spring","notifier_bell":"Bell","notifier_bell_extd":"Bell Extended","notifier_ring":"Ring","notifier_firefox":"{{brandShortName}}","manage-title":"Správa vyzvánění","actions-share":"Sdílet vyzvánění","actions-delete":"Smazat vyzvánění","actions-cancel":"Zrušit","delete-title":"Smazání vyzvánění","delete-desc":"Opravdu chcete smazat \"{{tone}}\"?","delete-desc-default-ringtone":"\"{{tone}}\" je aktuálně nastaven jako vyzvánění.\n\n Jste ji jist(a), že chcete vyzvánění smazat?","delete-desc-default-alerttone":"\"{{tone}}\" je aktuálně nastaven jako zvuk upozornění.\n\n Jste ji jist(a), že chcete vyzvánění smazat?","delete-cancel":"Zrušit","delete-confirm":"Smazat","deleted-tone":"Vyzvánění smazáno.","created-tone":"Nové vyzvánění vytvořeno.","set-default-tone":"Vyzvánění nastaveno jako výchozí.","pick-title":"Výběr zvuku","pick-done":"Hotovo","list-title-ringtone":"Vyzvánění Firefoxu","list-title-alerttone":"Upozornění","list-title-custom":"Vlastní vyzvánění","create-title":"Vytvoření vyzvánění","create-save":"Uložit","create-cancel":"Zrušit","play-error-title":"Poškozený soubor","play-error-desc":"Soubor je poškozen, a proto nemůže být použit k vytvoření vyzvánění.","save-error-title":"Vyzvánění nebylo vytvořeno","save-error-desc":"Problém s vytvořením vyzvánění. Zkuste to prosím znovu.","default-label":"Použít jako výchozí vyzvánění","ok":"OK","ringtone-untitled":"Nepojmenované"}