{"brandShortName":"B2G OS","browserBrandShortName":"Webbrowser","browserBrandFullName":"Mozilla Webbrowser","ringtone-none":"Ingen","ringer_classic_prism":"Elektrisk ringetone","ringer_classic_courier":"Skinger ringetone","ringer_classic_touchmatic":"Vanvittig ringetone","ringer_classic_electric":"Gammel ringetone","ringer_classic_wallphone":"Oldgammel ringetone","ringer_disco_drive":"Disco","ringer_vamos_la_elektro":"Electro","ringer_digitalascent":"Tiltagende stueorgel","ringer_low_bit_swing":"Funky","ringer_ringing_gems":"Ringende smykker","ringer_rain_echoes":"Regnende ekko","ringer_progressive_dapple":"Tiltagende væverier","ringer_digital_dapple":"Analoge væverier","ringer_loud_windchimes":"Vindharper","ringer_bitbounce":"Trommehop","ringer_firefox":"{{brandShortName}}","notifier_minimal_bands":"Miniband","notifier_exclamation":"Udråb","notifier_boomer":"Boom boom","notifier_rewind":"Tilbage","notifier_bop":"Bop","notifier_ting":"Ting","notifier_bap":"Bap","notifier_dididi":"Dididi","notifier_spring":"Fjeder","notifier_bell":"Klokke","notifier_bell_extd":"Lang klokke","notifier_ring":"Ring","notifier_firefox":"{{brandShortName}}","manage-title":"Håndter ringetoner","actions-share":"Del ringetone","actions-delete":"Slet ringetone","actions-cancel":"Annuller","delete-title":"Slet ringetone","delete-desc":"Er du sikker på, at du vil slette \"{{tone}}\"?","delete-desc-default-ringtone":"\"{{tone}}\" er den nuværende standardringetone.\n\nEr du sikker på, at du vil slette den?","delete-desc-default-alerttone":"\"{{tone}}\" er den nuværende standardalarm.\n\nEr du sikker på, at du vil slette den?","delete-cancel":"Annuller","delete-confirm":"Slet","deleted-tone":"Ringetone slettet.","created-tone":"Ny ringetone oprettet.","set-default-tone":"Ringetone sat som standard.","pick-title":"Vælg lyd","pick-done":"Færdig","list-title-ringtone":"Firefox' ringetoner","list-title-alerttone":"Alarmer","list-title-custom":"Andre ringetoner","create-title":"Opret ringetone","create-save":"Gem","create-cancel":"Annuller","play-error-title":"Ødelagt fil","play-error-desc":"Filen er ødelagt. Den kan ikke bruges til at oprette en ringetone.","save-error-title":"Ringetone ikke oprettet","save-error-desc":"Der var et problem med at oprette ringetonen. Prøv igen.","default-label":"Brug som standardringetone","ok":"OK","ringtone-untitled":"Uden navn"}