{"brandShortName":"B2G OS","browserBrandShortName":"Internet-Browser","browserBrandFullName":"Mozilla-Internet-Browser","ringtone-none":"Nichts","ringer_classic_prism":"Classic Prism","ringer_classic_courier":"Classic Courier","ringer_classic_touchmatic":"Classic Touchmatic","ringer_classic_electric":"Classic Electric","ringer_classic_wallphone":"Classic Wallphone","ringer_disco_drive":"Disco Drive","ringer_vamos_la_elektro":"Vamos Là Elektro","ringer_digitalascent":"Analog Ascent","ringer_low_bit_swing":"Low Bit Swing","ringer_ringing_gems":"Ringing Gems","ringer_rain_echoes":"Rain Echoes","ringer_progressive_dapple":"Progressive Dapple","ringer_digital_dapple":"Analog Dapple","ringer_loud_windchimes":"Wind Chimes","ringer_bitbounce":"Bit Bounce","ringer_firefox":"{{brandShortName}}","notifier_minimal_bands":"Minimal Bands","notifier_exclamation":"Exclamation","notifier_boomer":"Boomer","notifier_rewind":"Rewind","notifier_bop":"Bop","notifier_ting":"Ting","notifier_bap":"Bap","notifier_dididi":"Dididi","notifier_spring":"Spring","notifier_bell":"Bell","notifier_bell_extd":"Bell Extended","notifier_ring":"Ring","notifier_firefox":"{{brandShortName}}","manage-title":"Töne verwalten","actions-share":"Klingelton weitergeben","actions-delete":"Klingelton löschen","actions-cancel":"Abbrechen","delete-title":"Klingelton löschen","delete-desc":"Soll \"{{tone}}\" wirklich gelöscht werden?","delete-desc-default-ringtone":"\"{{tone}}\" ist derzeit der Standardklingelton.\n\nSoll er wirklich gelöscht werden?","delete-desc-default-alerttone":"\"{{tone}}\" ist derzeit der Standardalarmton.\n\nSoll er wirklich gelöscht werden?","delete-cancel":"Abbrechen","delete-confirm":"Löschen","deleted-tone":"Klingelton gelöscht","created-tone":"Neuer Klingelton erstellt","set-default-tone":"Klingelton als Standard festgelegt","pick-title":"Klingelton auswählen","pick-done":"Fertig","list-title-ringtone":"Firefox-Klingeltöne","list-title-alerttone":"Alarmtöne","list-title-custom":"Benutzerdefinierte Klingeltöne","create-title":"Klingelton erstellen","create-save":"Speichern","create-cancel":"Abbrechen","play-error-title":"Datei beschädigt","play-error-desc":"Die Datei ist beschädigt und kann nicht zur Erstellung eines Klingeltons verwendet werden.","save-error-title":"Klingelton nicht erstellt","save-error-desc":"Beim Erstellen des Klingeltons trat ein Fehler auf. Bitte versuchen Sie es erneut.","default-label":"Als Standardklingelton verwenden","ok":"OK","ringtone-untitled":"Unbenannt"}