{"brandShortName":"B2G OS","browserBrandShortName":"Περιηγητής","browserBrandFullName":"Περιηγητής Mozilla","ringtone-none":"Κανένας","ringer_classic_prism":"Classic Prism","ringer_classic_courier":"Classic Courier","ringer_classic_touchmatic":"Classic Touchmatic","ringer_classic_electric":"Classic Electric","ringer_classic_wallphone":"Classic Wallphone","ringer_disco_drive":"Disco Drive","ringer_vamos_la_elektro":"Vamos Là Elektro","ringer_digitalascent":"Analog Ascent","ringer_low_bit_swing":"Low Bit Swing","ringer_ringing_gems":"Ringing Gems","ringer_rain_echoes":"Rain Echoes","ringer_progressive_dapple":"Progressive Dapple","ringer_digital_dapple":"Analog Dapple","ringer_loud_windchimes":"Wind Chimes","ringer_bitbounce":"Bit Bounce","ringer_firefox":"{{brandShortName}}","notifier_minimal_bands":"Minimal Bands","notifier_exclamation":"Exclamation","notifier_boomer":"Boomer","notifier_rewind":"Rewind","notifier_bop":"Bop","notifier_ting":"Ting","notifier_bap":"Bap","notifier_dididi":"Dididi","notifier_spring":"Spring","notifier_bell":"Bell","notifier_bell_extd":"Bell Extended","notifier_ring":"Ring","notifier_firefox":"{{brandShortName}}","manage-title":"Διαχείριση ήχων","actions-share":"Μοιραστείτε","actions-delete":"Διαγραφή ήχου","actions-cancel":"Ακύρωση","delete-title":"Διαγραφή ήχου","delete-desc":"Είστε σίγουροι πως θέλετε να διαγράψετε τον ήχο «{{tone}}»;","delete-desc-default-ringtone":"Ο ήχος «{{tone}}» είναι ο τρέχων προεπιλεγμένος ήχος κλήσης.\n\nΕίστε σίγουροι ότι θέλετε να τον διαγράψετε;","delete-desc-default-alerttone":"Ο ήχος «{{tone}}» είναι ο τρέχων προεπιλεγμένος ήχος ειδοποιήσεων.\n\nΕίστε σίγουροι ότι θέλετε να τον διαγράψετε;","delete-cancel":"Ακύρωση","delete-confirm":"Διαγραφή","deleted-tone":"Ο ήχος διαγράφηκε.","created-tone":"Νέος ήχος δημιουργήθηκε.","set-default-tone":"Ο ήχος ορίστηκε ως προεπιλογή.","pick-title":"Επιλογή ήχου","pick-done":"ΟΚ","list-title-ringtone":"Ήχοι Firefox","list-title-alerttone":"Ειδοποιήσεις","list-title-custom":"Προσαρμοσμένοι ήχοι","create-title":"Δημιουργία ήχου","create-save":"Αποθήκευση","create-cancel":"Ακύρωση","play-error-title":"Κατεστραμμένο αρχείο","play-error-desc":"Το αρχείο είναι κατεστραμμένο. Δε μπορεί να χρησιμοποιηθεί για τη δημιουργία ήχου.","save-error-title":"Ο ήχος δε δημιουργήθηκε","save-error-desc":"Προέκυψε σφάλμα κατά τη δημιουργία του ήχου. Παρακαλούμε προσπαθήστε ξανά.","default-label":"Χρήση ως προεπιλεγμένο ήχο κλήσης","ok":"ΟΚ","ringtone-untitled":"Χωρίς τίτλο"}