{"brandShortName":"B2G OS","browserBrandShortName":"Navegador","browserBrandFullName":"Navegador de Mozilla","ringtone-none":"Ninguna","ringer_classic_prism":"Classic Prism","ringer_classic_courier":"Classic Courier","ringer_classic_touchmatic":"Classic Touchmatic","ringer_classic_electric":"Classic Electric","ringer_classic_wallphone":"Classic Wallphone","ringer_disco_drive":"Disco Drive","ringer_vamos_la_elektro":"Vamos Là Elektro","ringer_digitalascent":"Analog Ascent","ringer_low_bit_swing":"Low Bit Swing","ringer_ringing_gems":"Ringing Gems","ringer_rain_echoes":"Rain Echoes","ringer_progressive_dapple":"Progressive Dapple","ringer_digital_dapple":"Analog Dapple","ringer_loud_windchimes":"Wind Chimes","ringer_bitbounce":"Bit Bounce","ringer_firefox":"{{brandShortName}}","notifier_minimal_bands":"Minimal Bands","notifier_exclamation":"Exclamation","notifier_boomer":"Boomer","notifier_rewind":"Rewind","notifier_bop":"Bop","notifier_ting":"Ting","notifier_bap":"Bap","notifier_dididi":"Dididi","notifier_spring":"Spring","notifier_bell":"Bell","notifier_bell_extd":"Bell Extended","notifier_ring":"Ring","notifier_firefox":"{{brandShortName}}","manage-title":"Administrar tonos","actions-share":"Compartir tono","actions-delete":"Borrar tono","actions-cancel":"Cancelar","delete-title":"Eliminar tono","delete-desc":"¿Está seguro que desea eliminar \"{{tone}}\"?","delete-desc-default-ringtone":"\"{{tone}}\" es el tono actualmente seleccionado.\\n\\n¿Está seguro de que desea eliminarlo?","delete-desc-default-alerttone":"\"{{tone}}\" es el tono de alarma actualmente seleccionado.\\n\\n¿Está seguro de que desea eliminarlo?","delete-cancel":"Cancelar","delete-confirm":"Borrar","deleted-tone":"Tono borrado.","created-tone":"Nuevo tono creado.","set-default-tone":"Tono configurado como predeterminado.","pick-title":"Seleccionar sonido","pick-done":"Hecho","list-title-ringtone":"Tonos de Firefox","list-title-alerttone":"Alertas","list-title-custom":"Tonos personalizados","create-title":"Crear tono","create-save":"Guardar","create-cancel":"Cancelar","play-error-title":"Archivo corrupto","play-error-desc":"El archivo está corrupto. No puede usarse para crear un tono.","save-error-title":"Tono no creado","save-error-desc":"Hubo un problema al crear el tema. Pruebe de nuevo.","default-label":"Usar como tono por defecto.","ok":"Aceptar","ringtone-untitled":"Sin título"}