{"brandShortName":"B2G SEa","browserBrandShortName":"Web nabigatzailea","browserBrandFullName":"Mozilla web nabigatzailea","ringtone-none":"Bat ere ez","ringer_classic_prism":"Prisma klasikoa","ringer_classic_courier":"Mezulari klasikoa","ringer_classic_touchmatic":"Touchmatic klasikoa","ringer_classic_electric":"Elektriko klasikoa","ringer_classic_wallphone":"Telefono klasikoa","ringer_disco_drive":"Disco Drive","ringer_vamos_la_elektro":"Vamos Là Elektro","ringer_digitalascent":"Analogiko gorakorra","ringer_low_bit_swing":"Bit baxuko dilinda","ringer_ringing_gems":"Harribitxi-hotsa","ringer_rain_echoes":"Euri-oihartzuna","ringer_progressive_dapple":"Dapple progresiboa","ringer_digital_dapple":"Dapple analogikoa","ringer_loud_windchimes":"Haize-hotsa","ringer_bitbounce":"Bit-punpa","ringer_firefox":"{{brandShortName}}","notifier_minimal_bands":"Banda minimalista","notifier_exclamation":"Deiadarra","notifier_boomer":"Burrunba","notifier_rewind":"Birbobinatzea","notifier_bop":"Bop","notifier_ting":"Ting","notifier_bap":"Bap","notifier_dididi":"Dididi","notifier_spring":"Udaberria","notifier_bell":"Kanpaia","notifier_bell_extd":"Kanpai hedatua","notifier_ring":"Txirrina","notifier_firefox":"{{brandShortName}}","manage-title":"Kudeatu txirrin-tonuak","actions-share":"Partekatu txirrin-tonua","actions-delete":"Ezabatu txirrin-tonua","actions-cancel":"Utzi","delete-title":"Ezabatu txirrin-tonua","delete-desc":"Ziur zaude \"{{tone}}\" ezabatu nahi duzula?","delete-desc-default-ringtone":"\"{{tone}}\" da uneko txirrin-tonu lehenetsia.\\n\\nZiur zaude ezabatu egin nahi duzula?","delete-desc-default-alerttone":"\"{{tone}}\" da uneko abisu-tonu lehenetsia.\\n\\nZiur zaude ezabatu egin nahi duzula?","delete-cancel":"Utzi","delete-confirm":"Ezabatu","deleted-tone":"Txirrin-tonua ezabatuta.","created-tone":"Txirrin-tonu berria sortuta.","set-default-tone":"Txirrin-tonua lehenetsi gisa ezarrita.","pick-title":"Hautatu soinua","pick-done":"Eginda","list-title-ringtone":"Firefoxen txirrin-tonuak","list-title-alerttone":"Abisuak","list-title-custom":"Txirrin-tonu pertsonalizatuak","create-title":"Sortu txirrin-tonua","create-save":"Gorde","create-cancel":"Utzi","play-error-title":"Hondatutako fitxategia","play-error-desc":"Fitxategia hondatuta dago. Ezin da erabili txirrin-tonua sortzeko.","save-error-title":"Txirrin-tonua ez da sortu","save-error-desc":"Arazo bat gertatu da txirrin-tonua sortzean. Saiatu berriro mesedez.","default-label":"Erabili txirrin-tonu lehenetsi gisa","ok":"Ados","ringtone-untitled":"Izengabea"}