{"brandShortName":"B2G OS","browserBrandShortName":"Navigateur web","browserBrandFullName":"Navigateur web de Mozilla","ringtone-none":"Aucune","ringer_classic_prism":"Téléphone 1","ringer_classic_courier":"Téléphone 2","ringer_classic_touchmatic":"Téléphone 3","ringer_classic_electric":"Ancien téléphone 1","ringer_classic_wallphone":"Ancien téléphone 2","ringer_disco_drive":"Disco Drive","ringer_vamos_la_elektro":"Vamos Là Elektro","ringer_digitalascent":"Progressif 1","ringer_low_bit_swing":"Oscillation électro","ringer_ringing_gems":"Sonnerie cristalline","ringer_rain_echoes":"Gouttes de pluie","ringer_progressive_dapple":"Progressif 2","ringer_digital_dapple":"Numérique","ringer_loud_windchimes":"Carillon","ringer_bitbounce":"Petit rebond","ringer_firefox":"{{brandShortName}}","notifier_minimal_bands":"Minimaliste","notifier_exclamation":"Exclamation","notifier_boomer":"Porte","notifier_rewind":"En arrière","notifier_bop":"Bop","notifier_ting":"Ding","notifier_bap":"Bip","notifier_dididi":"Tidi","notifier_spring":"Ressort","notifier_bell":"Cloche","notifier_bell_extd":"Cloche (long)","notifier_ring":"Sonnerie","notifier_firefox":"{{brandShortName}}","manage-title":"Gérer les sonneries","actions-share":"Partager la sonnerie","actions-delete":"Supprimer la sonnerie","actions-cancel":"Annuler","delete-title":"Supprimer la sonnerie","delete-desc":"Voulez-vous vraiment supprimer « {{tone}} » ?","delete-desc-default-ringtone":"« {{tone}} » est la sonnerie par défaut.\n\nVoulez-vous vraiment la supprimer ?","delete-desc-default-alerttone":"« {{tone}} » est l’alerte par défaut.\n\nVoulez-vous vraiment la supprimer ?","delete-cancel":"Annuler","delete-confirm":"Supprimer","deleted-tone":"Sonnerie supprimée.","created-tone":"Nouvelle sonnerie créée.","set-default-tone":"Définie par défaut.","pick-title":"Choisir un son","pick-done":"Terminé","list-title-ringtone":"Sonneries Firefox","list-title-alerttone":"Alertes","list-title-custom":"Sonneries personnalisées","create-title":"Créer sonnerie","create-save":"Enregistrer","create-cancel":"Annuler","play-error-title":"Fichier corrompu","play-error-desc":"Le fichier est corrompu. Il ne peut pas être utilisé pour créer une sonnerie.","save-error-title":"Échec de la création","save-error-desc":"Une erreur est survenue lors de la création de la sonnerie. Veuillez réessayer.","default-label":"Sonnerie par défaut.","ok":"OK","ringtone-untitled":"Sans titre"}