{"brandShortName":"B2G OS","browserBrandShortName":"Navegador web","browserBrandFullName":"Navegador web de Mozilla","ringtone-none":"Ningún","ringer_classic_prism":"Classic Prism","ringer_classic_courier":"Classic Courier","ringer_classic_touchmatic":"Classic Touchmatic","ringer_classic_electric":"Classic Electric","ringer_classic_wallphone":"Classic Wallphone","ringer_disco_drive":"Disco Drive","ringer_vamos_la_elektro":"Vamos Là Elektro","ringer_digitalascent":"Analog Ascent","ringer_low_bit_swing":"Low Bit Swing","ringer_ringing_gems":"Ringing Gems","ringer_rain_echoes":"Rain Echoes","ringer_progressive_dapple":"Progressive Dapple","ringer_digital_dapple":"Analog Dapple","ringer_loud_windchimes":"Wind Chimes","ringer_bitbounce":"Bit Bounce","ringer_firefox":"{{brandShortName}}","notifier_minimal_bands":"Minimal Bands","notifier_exclamation":"Exclamation","notifier_boomer":"Boomer","notifier_rewind":"Rewind","notifier_bop":"Bop","notifier_ting":"Ting","notifier_bap":"Bap","notifier_dididi":"Dididi","notifier_spring":"Spring","notifier_bell":"Bell","notifier_bell_extd":"Bell Extended","notifier_ring":"Ring","notifier_firefox":"{{brandShortName}}","manage-title":"Xestionar tons","actions-share":"Compartir ton","actions-delete":"Eliminar ton","actions-cancel":"Cancelar","delete-title":"Eliminar ton","delete-desc":"Confirma que quere eliminar \"{{tone}}\"?","delete-desc-default-ringtone":"\"{{tone}}\" é o ton predeterminado actual.\n\nConfirma que quere eliminalo?","delete-desc-default-alerttone":"\"{{tone}}\" é a alerta predeterminada actual.\n\nConfirma que quere eliminala?","delete-cancel":"Cancelar","delete-confirm":"Eliminar","deleted-tone":"Eliminouse o ton.","created-tone":"Creouse un novo ton.","set-default-tone":"Estabelecido como predeterminado.","pick-title":"Seleccionar son","pick-done":"Feito","list-title-ringtone":"Tons do Firefox","list-title-alerttone":"Alertas","list-title-custom":"Tons personalizados","create-title":"Crear ton","create-save":"Gardar","create-cancel":"Cancelar","play-error-title":"Ficheiro danado","play-error-desc":"O ficheiro está dando. Non é posíbel usalo para crear un ton.","save-error-title":"Non se creou o ton","save-error-desc":"Produciuse un problema ao crear o ton. Tente de novo.","default-label":"Usar como ton predeterminado","ok":"Aceptar","ringtone-untitled":"Sen título"}