{"brandShortName":"B2G OS","browserBrandShortName":"Webböngésző","browserBrandFullName":"Mozilla webböngésző","ringtone-none":"Nincs","ringer_classic_prism":"Klasszikus Prism","ringer_classic_courier":"Klasszikus Courier","ringer_classic_touchmatic":"Klasszikus Touchmatic","ringer_classic_electric":"Klasszikus elektromos","ringer_classic_wallphone":"Klasszikus berregés","ringer_disco_drive":"Diszkókirály","ringer_vamos_la_elektro":"Vamos Là Elektro","ringer_digitalascent":"Analóg emelkedés","ringer_low_bit_swing":"Egyszerű ritmus","ringer_ringing_gems":"Csengő drágakövek","ringer_rain_echoes":"Esővisszhang","ringer_progressive_dapple":"Progresszív minta","ringer_digital_dapple":"Analóg minta","ringer_loud_windchimes":"Szélzúgás","ringer_bitbounce":"Pattogó bitek","ringer_firefox":"{{brandShortName}}","notifier_minimal_bands":"Minimális sávok","notifier_exclamation":"Felkiáltás","notifier_boomer":"Bumm","notifier_rewind":"Vissza","notifier_bop":"Bop","notifier_ting":"Ting","notifier_bap":"Bap","notifier_dididi":"Dididi","notifier_spring":"Rugó","notifier_bell":"Csengő","notifier_bell_extd":"Hosszú csengő","notifier_ring":"Csengetés","notifier_firefox":"{{brandShortName}}","manage-title":"Csengőhangok kezelése","actions-share":"Csengőhang megosztása","actions-delete":"Csengőhang törlése","actions-cancel":"Mégse","delete-title":"Csengőhang törlése","delete-desc":"Biztosan törli a(z) „{{tone}}” csengőhangot?","delete-desc-default-ringtone":"„{{tone}}” az alapértelmezett csengőhang.\n\nBiztosan törli?","delete-desc-default-alerttone":"„{{tone}}” az alapértelmezett riasztás.\n\nBiztosan törli?","delete-cancel":"Mégse","delete-confirm":"Törlés","deleted-tone":"Csengőhang törölve.","created-tone":"Új csengőhang létrehozva.","set-default-tone":"Alapértelmezett csengőhang beállítva.","pick-title":"Hang kiválasztása","pick-done":"Kész","list-title-ringtone":"Firefox csengőhangok","list-title-alerttone":"Riasztások","list-title-custom":"Saját csengőhangok","create-title":"Új csengőhang","create-save":"Mentés","create-cancel":"Mégse","play-error-title":"Érvénytelen fájl","play-error-desc":"A fájl érvénytelen. Nem használható fel csengőhangként.","save-error-title":"Csengőhang létrehozása sikertelen","save-error-desc":"Hiba a csengőhang létrehozásakor. Próbálja újra.","default-label":"Beállítás alapértelmezett csengőhangként.","ok":"OK","ringtone-untitled":"Névtelen"}