{"brandShortName":"B2G OS","browserBrandShortName":"Browser web","browserBrandFullName":"Browser web Mozilla","ringtone-none":"Nessuna","ringer_classic_prism":"Classic Prism","ringer_classic_courier":"Classic Courier","ringer_classic_touchmatic":"Classic Touchmatic","ringer_classic_electric":"Classic Electric","ringer_classic_wallphone":"Classic Wallphone","ringer_disco_drive":"Disco Drive","ringer_vamos_la_elektro":"Vamos Là Elektro","ringer_digitalascent":"Analog Ascent","ringer_low_bit_swing":"Low Bit Swing","ringer_ringing_gems":"Ringing Gems","ringer_rain_echoes":"Rain Echoes","ringer_progressive_dapple":"Progressive Dapple","ringer_digital_dapple":"Analog Dapple","ringer_loud_windchimes":"Wind Chimes","ringer_bitbounce":"Bit Bounce","ringer_firefox":"{{brandShortName}}","notifier_minimal_bands":"Minimal Bands","notifier_exclamation":"Exclamation","notifier_boomer":"Boomer","notifier_rewind":"Rewind","notifier_bop":"Bop","notifier_ting":"Ting","notifier_bap":"Bap","notifier_dididi":"Dididi","notifier_spring":"Spring","notifier_bell":"Bell","notifier_bell_extd":"Bell Extended","notifier_ring":"Ring","notifier_firefox":"{{brandShortName}}","manage-title":"Gestione suonerie","actions-share":"Condividi suoneria","actions-delete":"Elimina suoneria","actions-cancel":"Annulla","delete-title":"Elimina suoneria","delete-desc":"Eliminare la suoneria “{{tone}}”?","delete-desc-default-ringtone":"“{{tone}}” è attualmente la suoneria predefinita.\n\nProcedere con l’eliminazione?","delete-desc-default-alerttone":"“{{tone}}” è attualmente l’allarme predefinito.\n\nProcedere con l’eliminazione?","delete-cancel":"Annulla","delete-confirm":"Elimina","deleted-tone":"Suoneria eliminata.","created-tone":"Creata nuova suoneria.","set-default-tone":"Suoneria impostata come predefinita.","pick-title":"Seleziona suono","pick-done":"Fatto","list-title-ringtone":"Suonerie di Firefox","list-title-alerttone":"Avvisi","list-title-custom":"Suonerie personalizzate","create-title":"Crea suoneria","create-save":"Salva","create-cancel":"Annulla","play-error-title":"File danneggiato","play-error-desc":"Il file è danneggiato e non può essere utilizzato per creare una suoneria.","save-error-title":"Suoneria non creata","save-error-desc":"Si è verificato un errore durante la creazione della suoneria. Riprovare.","default-label":"Utilizza come suoneria predefinita","ok":"OK","ringtone-untitled":"Senza titolo"}