{"brandShortName":"B2G OS","browserBrandShortName":"Web ブラウザ","browserBrandFullName":"Mozilla Web ブラウザ","ringtone-none":"なし","ringer_classic_prism":"Classic Prism","ringer_classic_courier":"Classic Courier","ringer_classic_touchmatic":"Classic Touchmatic","ringer_classic_electric":"Classic Electric","ringer_classic_wallphone":"Classic Wallphone","ringer_disco_drive":"Disco Drive","ringer_vamos_la_elektro":"Vamos Là Elektro","ringer_digitalascent":"Analog Ascent","ringer_low_bit_swing":"Low Bit Swing","ringer_ringing_gems":"Ringing Gems","ringer_rain_echoes":"Rain Echoes","ringer_progressive_dapple":"Progressive Dapple","ringer_digital_dapple":"Analog Dapple","ringer_loud_windchimes":"Wind Chimes","ringer_bitbounce":"Bit Bounce","ringer_firefox":"{{brandShortName}}","notifier_minimal_bands":"Minimal Bands","notifier_exclamation":"Exclamation","notifier_boomer":"Boomer","notifier_rewind":"Rewind","notifier_bop":"Bop","notifier_ting":"Ting","notifier_bap":"Bap","notifier_dididi":"Dididi","notifier_spring":"Spring","notifier_bell":"Bell","notifier_bell_extd":"Bell Extended","notifier_ring":"Ring","notifier_firefox":"{{brandShortName}}","manage-title":"着信音の管理","actions-share":"着信音を共有する","actions-delete":"着信音を削除する","actions-cancel":"キャンセル","delete-title":"着信音の削除","delete-desc":"本当に \"{{tone}}\" を削除してもよろしいですか？","delete-desc-default-ringtone":"\"{{tone}}\" は現在の既定の着信音です。\n\n本当に削除してもよろしいですか？","delete-desc-default-alerttone":"\"{{tone}}\" は現在の既定の通知音です。\n\n本当に削除してもよろしいですか？","delete-cancel":"キャンセル","delete-confirm":"削除","deleted-tone":"着信音を削除しました。","created-tone":"新しい着信音を作成しました。","set-default-tone":"着信音を既定に設定しました。","pick-title":"サウンドの選択","pick-done":"完了","list-title-ringtone":"Firefox 着信音","list-title-alerttone":"通知音","list-title-custom":"カスタム着信音","create-title":"着信音の作成","create-save":"保存","create-cancel":"キャンセル","play-error-title":"ファイルが壊れています","play-error-desc":"このファイルは壊れています。着信音の作成に使用できません。","save-error-title":"着信音の作成失敗","save-error-desc":"問題が発生したため着信音を作成できませんでした。再度試してください。","default-label":"既定の着信音に設定する","ok":"OK","ringtone-untitled":"無題"}