{"brandShortName":"B2G OS","browserBrandShortName":"កម្មវិធី​អ៊ីនធឺណិត","browserBrandFullName":"កម្មវិធី​អ៊ីនធឺណិត​ Mozilla","ringtone-none":"គ្មាន","ringer_classic_prism":"Classic Prism","ringer_classic_courier":"Classic Courier","ringer_classic_touchmatic":"Classic Touchmatic","ringer_classic_electric":"Classic Electric","ringer_classic_wallphone":"Classic Wallphone","ringer_disco_drive":"Disco Drive","ringer_vamos_la_elektro":"Vamos Là Elektro","ringer_digitalascent":"Analog Ascent","ringer_low_bit_swing":"Low Bit Swing","ringer_ringing_gems":"សំឡេង​រោទ៍","ringer_rain_echoes":"ខ្ទរ​ទឹក​ភ្លៀង","ringer_progressive_dapple":"ដំណើរ​សំឡេង​ឡើង","ringer_digital_dapple":"ដំណើរ​សំឡេង​អាណាឡូក","ringer_loud_windchimes":"សូរ​បន្លឺ​ដូច​ខ្យល់","ringer_bitbounce":"សូរ​លោត​ចុះឡើង","ringer_firefox":"{{brandShortName}}","notifier_minimal_bands":"ចង្វាក់​បេន​​តូច","notifier_exclamation":"សូរ​លាន់មាត់","notifier_boomer":"Boomer","notifier_rewind":"Rewind","notifier_bop":"Bop","notifier_ting":"Ting","notifier_bap":"Bap","notifier_dididi":"Dididi","notifier_spring":"Spring","notifier_bell":"កណ្ដឹង","notifier_bell_extd":"Bell Extended","notifier_ring":"រោទ៍","notifier_firefox":"{{brandShortName}}","manage-title":"គ្រប់គ្រង​សំឡេង​រោទ៍","actions-share":"ចែក​រំលែក​សំឡេង​រោទ៍","actions-delete":"លុប​សំឡេង​រោទ៍","actions-cancel":"បោះបង់","delete-title":"លុប​សំឡេង​រោទ៍","delete-desc":"តើ​អ្នក​ពិត​ជា​ចង់​លុប \"{{tone}}\" មែន​ទេ?","delete-desc-default-ringtone":"\"{{tone}}\" ជា​សំឡេង​រោទ៍​លំនាំដើម​បច្ចុប្បន្ន។\\n\\nតើ​អ្នក​ប្រាកដ​ជា​ចង់​លុប​វា​ឬ?","delete-desc-default-alerttone":"\"{{tone}}\" ជា​ការ​ជូនដំណឹង​លំនាំដើម​បច្ចុប្បន្ន។\\n\\nតើ​អ្នក​ប្រាកដ​ជា​ចង់​លុប​វា​ឬ?","delete-cancel":"បោះបង់","delete-confirm":"លុប","deleted-tone":"បាន​លុប​សំឡេង​រោទ៍។","created-tone":"បាន​បង្កើត​សំឡេង​រោទ៍​ថ្មី។","set-default-tone":"បាន​កំណត់​សំឡេង​រោទ៍​ជា​លំនាំ​ដើម។","pick-title":"ជ្រើស​សំឡេង","pick-done":"រួចរាល់","list-title-ringtone":"សំឡេង​រោទ៍ Firefox","list-title-alerttone":"ព្រមាន","list-title-custom":"សំឡេង​រោទ៍​ផ្ទាល់​ខ្លួន","create-title":"បង្កើត​សំឡេង​រោទ៍","create-save":"រក្សាទុក","create-cancel":"បោះបង់","play-error-title":"ឯកសារ​ខូច","play-error-desc":"ឯកសារ​នេះ​ខូច ដូច្នេះ​មិន​អាច​ប្រើ​ក្នុង​ការ​បង្កើត​សំឡេង​រោទ៍​បាន​ឡើយ។","save-error-title":"មិន​បាន​បង្កើត​សំឡេង​រោទ៍","save-error-desc":"មាន​បញ្ហា​បាន​កើត​ឡើង​ក្នុង​ការ​បង្កើត​សំឡេង​រោទ៍។ សូម​ព្យាយាម​ម្ដង​ទៀត។","default-label":"ប្រើ​ជា​សំឡេង​រោទ៍​លំនាំ​ដើម","ok":"យល់ព្រម","ringtone-untitled":"គ្មាន​ចំណង​ជើង"}