{"brandShortName":"B2G OS","browserBrandShortName":"웹 브라우저","browserBrandFullName":"Mozilla 웹 브라우저","ringtone-none":"없음","ringer_classic_prism":"클래식 프리즘","ringer_classic_courier":"클래식 코리어","ringer_classic_touchmatic":"클래식 터치매틱","ringer_classic_electric":"클래식 일렉트릭","ringer_classic_wallphone":"클래식 월폰","ringer_disco_drive":"디스코 드라이브","ringer_vamos_la_elektro":"Vamos Là Elektro","ringer_digitalascent":"아날로그 상승","ringer_low_bit_swing":"낮은 비트 스윙","ringer_ringing_gems":"울리는 보석","ringer_rain_echoes":"비 메아리","ringer_progressive_dapple":"점진적인 얼룩덜룩","ringer_digital_dapple":"아날로그 얼룩덜룩","ringer_loud_windchimes":"윈드벨","ringer_bitbounce":"비트 바운스","ringer_firefox":"{{brandShortName}}","notifier_minimal_bands":"작은 밴드","notifier_exclamation":"감탄","notifier_boomer":"부머","notifier_rewind":"되감기","notifier_bop":"밥","notifier_ting":"딸랑딸랑","notifier_bap":"뱁","notifier_dididi":"디디디","notifier_spring":"봄","notifier_bell":"벨","notifier_bell_extd":"벨 확장","notifier_ring":"따르릉","notifier_firefox":"{{brandShortName}}","manage-title":"벨소리 관리","actions-share":"벨소리 공유","actions-delete":"벨소리 삭제","actions-cancel":"취소","delete-title":"벨소리 삭제","delete-desc":"\"{{tone}}\" 소리를 삭제하시겠습니까?","delete-desc-default-ringtone":"\"{{tone}}\" 소리는 현재 기본 벨소리입니다.\n\n정말로 지우시겠습니까?","delete-desc-default-alerttone":"\"{{tone}}\" 소리는 현재 기본 경고음입니다.\n\n정말로 지우시겠습니까?","delete-cancel":"취소","delete-confirm":"삭제","deleted-tone":"벨소리가 지워졌습니다.","created-tone":"새 벨소리가 만들어졌습니다.","set-default-tone":"기본 벨소리로 설정되었습니다.","pick-title":"소리 선택","pick-done":"완료","list-title-ringtone":"Firefox 벨소리","list-title-alerttone":"경고음","list-title-custom":"개인화 벨소리","create-title":"벨소리 만들기","create-save":"저장","create-cancel":"취소","play-error-title":"꺠진 파일","play-error-desc":"파일이 깨졌습니다. 벨소리로 사용할 수 없습니다.","save-error-title":"벨소리가 생성되지 않음","save-error-desc":"벨소리를 만드는데 문제가 발생하였습니다. 다시 시도해 주세요.","default-label":"기본 벨소리로 사용","ok":"OK","ringtone-untitled":"이름없음"}