{"brandShortName":"B2G OS","browserBrandShortName":"Saityno naršyklė","browserBrandFullName":"„Mozillos“ saityno naršyklė","ringtone-none":"Be garso","ringer_classic_prism":"Klasikinis „Prism“","ringer_classic_courier":"Klasikinis „Courier“","ringer_classic_touchmatic":"Klasikinis „Touchmatic“","ringer_classic_electric":"Klasikinis „Electric“","ringer_classic_wallphone":"Klasikinis „Wallphone“","ringer_disco_drive":"Disko improvizacija","ringer_vamos_la_elektro":"Vamos Là Elektro","ringer_digitalascent":"Analoginis kopimas","ringer_low_bit_swing":"Videožaidimo svingas","ringer_ringing_gems":"Byrantys perlai","ringer_rain_echoes":"Lietaus atgarsiai","ringer_progressive_dapple":"Stiprėjančios bangos","ringer_digital_dapple":"Ramios vilnys","ringer_loud_windchimes":"Varpeliai vėjyje","ringer_bitbounce":"Šokinėjantys bitai","ringer_firefox":"{{brandShortName}}","notifier_minimal_bands":"Paliestos stygos","notifier_exclamation":"Šauktukas","notifier_boomer":"Lūpinė armonikėlė","notifier_rewind":"Atsukimas atgal","notifier_bop":"Bop","notifier_ting":"Cypt","notifier_bap":"Bap","notifier_dididi":"Dididi","notifier_spring":"Spyruoklė","notifier_bell":"Tram","notifier_bell_extd":"Tadam","notifier_ring":"Bing","notifier_firefox":"{{brandShortName}}","manage-title":"Skamb. garsų tvarkymas","actions-share":"Dalintis skambėjimo garsu","actions-delete":"Šalinti skambėjimo garsą","actions-cancel":"Atsisakyti","delete-title":"Skambėjimo garso šalinimas","delete-desc":"Ar tikrai norite pašalinti skambėjimo garsą „{{tone}}“?","delete-desc-default-ringtone":"„{{tone}}“ yra dabar naudojamas skambėjimo garsas.\n\nAr tikrai norite jį pašalinti?","delete-desc-default-alerttone":"„{{tone}}“ yra dabar naudojamas įspėjimo garsas.\n\nAr tikrai norite jį pašalinti?","delete-cancel":"Atsisakyti","delete-confirm":"Šalinti","deleted-tone":"Skambėjimo garsas pašalintas.","created-tone":"Sukurtas naujas skambėjimo garsas.","set-default-tone":"Skambėjimo garsas skirtas numatytuoju.","pick-title":"Parinkite skamb. garsą","pick-done":"Atlikta","list-title-ringtone":"„Firefox“ skambėjimo garsai","list-title-alerttone":"Įspėjimai","list-title-custom":"Kiti skambėjimo garsai","create-title":"Skamb. garso kūrimas","create-save":"Įrašyti","create-cancel":"Atsisakyti","play-error-title":"Failas sugadintas","play-error-desc":"Šis failas sugadintas. Jo panaudoti skambėjimo garsui sukurti neįmanoma.","save-error-title":"Skambėjimo garsas nesukurtas","save-error-desc":"Kuriant skambėjimo garsą, iškilo nesklandumų. Pabandykite dar kartą.","default-label":"Skirti numatytuoju skambėjimo garsu","ok":"Gerai","ringtone-untitled":"Be pavadinimo"}