{"brandShortName":"B2G OS","browserBrandShortName":"Webbrowser","browserBrandFullName":"Mozilla-webbrowser","ringtone-none":"Geen","ringer_classic_prism":"Classic Prism","ringer_classic_courier":"Classic Courier","ringer_classic_touchmatic":"Classic Touchmatic","ringer_classic_electric":"Classic Electric","ringer_classic_wallphone":"Classic Wallphone","ringer_disco_drive":"Disco Drive","ringer_vamos_la_elektro":"Vamos Là Elektro","ringer_digitalascent":"Analog Ascent","ringer_low_bit_swing":"Low Bit Swing","ringer_ringing_gems":"Ringing Gems","ringer_rain_echoes":"Rain Echoes","ringer_progressive_dapple":"Progressive Dapple","ringer_digital_dapple":"Analog Dapple","ringer_loud_windchimes":"Wind Chimes","ringer_bitbounce":"Bit Bounce","ringer_firefox":"{{brandShortName}}","notifier_minimal_bands":"Minimal Bands","notifier_exclamation":"Exclamation","notifier_boomer":"Boomer","notifier_rewind":"Rewind","notifier_bop":"Bop","notifier_ting":"Ting","notifier_bap":"Bap","notifier_dididi":"Dididi","notifier_spring":"Spring","notifier_bell":"Bell","notifier_bell_extd":"Bell Extended","notifier_ring":"Ring","notifier_firefox":"{{brandShortName}}","manage-title":"Beltonen beheren","actions-share":"Beltoon delen","actions-delete":"Beltoon verwijderen","actions-cancel":"Annuleren","delete-title":"Beltoon verwijderen","delete-desc":"Weet u zeker dat u “{{tone}}” wilt verwijderen?","delete-desc-default-ringtone":"“{{tone}}” is de huidige standaardbeltoon.\n\nWeet u zeker dat u deze wilt verwijderen?","delete-desc-default-alerttone":"“{{tone}}” is de huidige standaarmelding.\n\nWeet u zeker dat u deze wilt verwijderen?","delete-cancel":"Annuleren","delete-confirm":"Verwijderen","deleted-tone":"Beltoon verwijderd.","created-tone":"Nieuwe beltoon aangemaakt.","set-default-tone":"Beltoon als standaard ingesteld.","pick-title":"Geluid selecteren","pick-done":"Gereed","list-title-ringtone":"Firefox-beltonen","list-title-alerttone":"Meldingen","list-title-custom":"Eigen beltonen","create-title":"Beltoon aanmaken","create-save":"Opslaan","create-cancel":"Annuleren","play-error-title":"Beschadigd bestand","play-error-desc":"Het bestand is beschadigd. Het kan niet worden gebruikt om een beltoon aan te maken.","save-error-title":"Beltoon niet aangemaakt","save-error-desc":"Er was een probleem bij het aanmaken van de beltoon. Probeer het opnieuw.","default-label":"Gebruiken als standaardbeltoon","ok":"OK","ringtone-untitled":"Naamloos"}