{"brandShortName":"B2G OS","browserBrandShortName":"ਵੈੱਬ ਬਰਾਊਜ਼ਰ","browserBrandFullName":"ਮੋਜ਼ੀਲਾ ਵੈੱਬ ਬਰਾਊਜ਼ਰ","ringtone-none":"ਕੋਈ ਨਹੀਂ","ringer_classic_prism":"ਟਕਸਾਲੀ ਪ੍ਰਿਜ਼ਮ","ringer_classic_courier":"ਟਕਸਾਲੀ ਕੋਰੀਅਰ","ringer_classic_touchmatic":"ਟਕਸਾਲੀ ਟੱਚਮੈਟਿਕ","ringer_classic_electric":"ਟਕਸਾਲੀ ਇਲੈਕਟ੍ਰਿਕ","ringer_classic_wallphone":"ਟਕਸਾਲੀ ਕੰਧ-ਫੋਨ","ringer_disco_drive":"ਡਿਸਕੋ ਡਰਾਇਵ","ringer_vamos_la_elektro":"Vamos Là Elektro","ringer_digitalascent":"Analog Ascent","ringer_low_bit_swing":"Low Bit Swing","ringer_ringing_gems":"Ringing Gems","ringer_rain_echoes":"Rain Echoes","ringer_progressive_dapple":"Progressive Dapple","ringer_digital_dapple":"Analog Dapple","ringer_loud_windchimes":"Wind Chimes","ringer_bitbounce":"Bit Bounce","ringer_firefox":"{{brandShortName}}","notifier_minimal_bands":"ਘੱਟੋ-ਘੱਟ ਬੈਂਡ","notifier_exclamation":"Exclamation","notifier_boomer":"ਬੂਮਰ","notifier_rewind":"ਰੀਵਾਇਡ","notifier_bop":"ਬੂਪ","notifier_ting":"ਟਿੰਗ","notifier_bap":"ਬਾਪ","notifier_dididi":"ਦੀਦੀਦੀ","notifier_spring":"Spring","notifier_bell":"ਬਿੱਲ","notifier_bell_extd":"ਲੰਮੀ ਘੰਟੀ","notifier_ring":"ਘੰਟੀ","notifier_firefox":"{{brandShortName}}","manage-title":"ਰਿੰਗ-ਟੋਨ ਪ੍ਰਬੰਧ","actions-share":"ਰਿੰਗ-ਟੋਨ ਸਾਂਝੀ ਕਰੋ","actions-delete":"ਰਿੰਗ-ਟੋਨ ਹਟਾਓ","actions-cancel":"ਰੱਦ ਕਰੋ","delete-title":"ਰਿੰਗ-ਟੋਨ ਹਟਾਓ","delete-desc":"ਕੀ ਤੁਸੀਂ \"{{tone}}\" ਨੂੰ ਹਟਾਉਣਾ ਚਾਹੁੰਦੇ ਹੋ?","delete-desc-default-ringtone":"\"{{tone}}\" is the current default ringtone.\n\nAre you sure you want to delete it?","delete-desc-default-alerttone":"\"{{tone}}\" is the current default alert.\n\nAre you sure you want to delete it?","delete-cancel":"ਰੱਦ ਕਰੋ","delete-confirm":"ਹਟਾਓ","deleted-tone":"ਰਿੰਗ-ਟੋਨ ਹਟਾਈ ਗਈ।","created-tone":"ਨਵੀਂ ਰਿੰਗ-ਟੋਨ ਬਣਾਈ ਗਈ।","set-default-tone":"ਰਿੰਗ-ਟੋਨ ਮੂਲ ਬਣਾਈ ਗਈ।","pick-title":"ਆਵਾਜ਼ ਚੁਣੋ","pick-done":"ਮੁਕੰਮਲ","list-title-ringtone":"ਫਾਇਰਫਾਕਸ ਰਿੰਗ-ਟੋਨ","list-title-alerttone":"ਚੇਤਾਵਨੀ","list-title-custom":"ਪਸੰਦੀਦਾ ਰਿੰਗ-ਟੋਨ","create-title":"ਰਿੰਗ-ਟੋਨ ਬਣਾਓ","create-save":"ਸੰਭਾਲੋ","create-cancel":"ਰੱਦ ਕਰੋ","play-error-title":"ਨਿਕਾਰਾ ਫਾਇਲ","play-error-desc":"ਫਾਇਲ ਖਰਾਬ ਹੋ ਗਈ। ਇਹ ਰਿੰਗ-ਟੋਨ ਬਣਾਉਣ ਲਈ ਨਹੀਂ ਵਰਤੀ ਜਾ ਸਕਦੀ।","save-error-title":"ਰਿੰਗ-ਟੋਨ ਬਣਾਈ ਨਹੀਂ ਗਈ","save-error-desc":"ਰਿੰਗ-ਟੋਨ ਬਣਾਉਣ ਵਿੱਚ ਸਮੱਸਿਆ ਸੀ। ਫੇਰ ਕੋਸ਼ਿਸ਼ ਕਰੋ।","default-label":"ਮੂਲ ਰਿੰਗ-ਟੋਨ ਵਜੋਂ ਵਰਤੋਂ","ok":"ਠੀਕ ਹੈ","ringtone-untitled":"ਬਿਨਾਂ-ਨਾਂ"}