{"brandShortName":"B2G OS","browserBrandShortName":"Web Browser","browserBrandFullName":"Mozilla Web Browser","ringtone-none":"Brak","ringer_classic_prism":"Classic Prism","ringer_classic_courier":"Classic Courier","ringer_classic_touchmatic":"Telefon elektroniczny","ringer_classic_electric":"Telefon elektryczny","ringer_classic_wallphone":"Telefon ścienny","ringer_disco_drive":"Soft disco","ringer_vamos_la_elektro":"Vamos Là Elektro","ringer_digitalascent":"Analog Ascent","ringer_low_bit_swing":"Low Bit Swing","ringer_ringing_gems":"Dźwięczne kryształy","ringer_rain_echoes":"Krople deszczu","ringer_progressive_dapple":"Progressive Dapple","ringer_digital_dapple":"Analog Dapple","ringer_loud_windchimes":"Hulający wiatr","ringer_bitbounce":"Bit Bounce","ringer_firefox":"{{brandShortName}}","notifier_minimal_bands":"Prosta harfa","notifier_exclamation":"Hej!","notifier_boomer":"Bomba","notifier_rewind":"Retrospekcja","notifier_bop":"Bop","notifier_ting":"Pyk","notifier_bap":"Bap","notifier_dididi":"Trala","notifier_spring":"Sprężyna","notifier_bell":"Dzwonek","notifier_bell_extd":"Dłuższy dzwonek","notifier_ring":"Dzyń","notifier_firefox":"{{brandShortName}}","manage-title":"Zarządzanie dzwonkami","actions-share":"Udostępnij dzwonek","actions-delete":"Usuń dzwonek","actions-cancel":"Anuluj","delete-title":"Usuwanie dzwonka","delete-desc":"Na pewno usunąć dzwonek „{{tone}}”?","delete-desc-default-ringtone":"„{{tone}}” jest obecnie domyślnym dzwonkiem.\n\nCzy na pewno chcesz go usunąć?","delete-desc-default-alerttone":"„{{tone}}” jest obecnie domyślnym dźwiękiem alarmów.\n\nCzy na pewno chcesz go usunąć?","delete-cancel":"Anuluj","delete-confirm":"Usuń","deleted-tone":"Dzwonek usunięty.","created-tone":"Utworzono nowy dzwonek.","set-default-tone":"Dzwonek ustawiony jako domyślny.","pick-title":"Wybór dźwięku","pick-done":"Gotowe","list-title-ringtone":"Dzwonki","list-title-alerttone":"Alarmy","list-title-custom":"Inne","create-title":"Tworzenie dzwonka","create-save":"Zapisz","create-cancel":"Anuluj","play-error-title":"Uszkodzony plik","play-error-desc":"Plik jest uszkodzony i nie może zostać użyty do utworzenia dzwonka.","save-error-title":"Nie utworzono dzwonka","save-error-desc":"Wystąpił problem podczas tworzenia dzwonka. Spróbuj ponownie.","default-label":"Użyj jako domyślnego dzwonka","ok":"OK","ringtone-untitled":"Brak nazwy"}