{"brandShortName":"B2G OS","browserBrandShortName":"Веб-браузер","browserBrandFullName":"Веб-браузер Mozilla","ringtone-none":"Нет","ringer_classic_prism":"Классический","ringer_classic_courier":"Офисный","ringer_classic_touchmatic":"Зуммер","ringer_classic_electric":"Электрический","ringer_classic_wallphone":"Старый","ringer_disco_drive":"Дискодрайв","ringer_vamos_la_elektro":"Vamos Là Elektro","ringer_digitalascent":"Аналоговый восход","ringer_low_bit_swing":"Низкобитный свинг","ringer_ringing_gems":"Звенящие самоцветы","ringer_rain_echoes":"Эхо дождя","ringer_progressive_dapple":"Нарастающие волны","ringer_digital_dapple":"Аналоговые волны","ringer_loud_windchimes":"Струны ветра","ringer_bitbounce":"Технобит","ringer_firefox":"{{brandShortName}}","notifier_minimal_bands":"Минимелодия","notifier_exclamation":"Восклицание","notifier_boomer":"Гармонь","notifier_rewind":"Перемотка","notifier_bop":"Боп","notifier_ting":"Писк","notifier_bap":"Бап","notifier_dididi":"Дидиди","notifier_spring":"Пружина","notifier_bell":"Трам","notifier_bell_extd":"Тадам","notifier_ring":"Бинг","notifier_firefox":"{{brandShortName}}","manage-title":"Управление мелодиями","actions-share":"Поделиться мелодией","actions-delete":"Удалить мелодию","actions-cancel":"Отмена","delete-title":"Удалить мелодию","delete-desc":"Вы уверены, что хотите удалить \"{{tone}}\"?","delete-desc-default-ringtone":"\"{{tone}}\" является текущей мелодией по умолчанию.\n\nВы уверены, что хотите её удалить?","delete-desc-default-alerttone":"\"{{tone}}\" является текущим будильником по умолчанию.\n\nВы уверены, что хотите его удалить?","delete-cancel":"Отмена","delete-confirm":"Удалить","deleted-tone":"Мелодия удалена.","created-tone":"Создана новая мелодия.","set-default-tone":"Мелодия установлена по умолчанию.","pick-title":"Выбор звука","pick-done":"Готово","list-title-ringtone":"Мелодии Firefox","list-title-alerttone":"Будильники","list-title-custom":"Свои мелодии","create-title":"Создать мелодию","create-save":"Сохранить","create-cancel":"Отмена","play-error-title":"Повреждённый файл","play-error-desc":"Файл повреждён. Он не может быть использован для создания мелодии.","save-error-title":"Мелодия не создана","save-error-desc":"При создании мелодии возникла проблема. Пожалуйста, попробуйте ещё раз.","default-label":"Использовать как мелодию по умолчанию","ok":"OK","ringtone-untitled":"Без имени"}