{"brandShortName":"B2G OS","browserBrandShortName":"Webový prehliadač","browserBrandFullName":"Webový prehliadač Mozilla","ringtone-none":"Žiadny","ringer_classic_prism":"Classic Prism","ringer_classic_courier":"Classic Courier","ringer_classic_touchmatic":"Classic Touchmatic","ringer_classic_electric":"Classic Electric","ringer_classic_wallphone":"Classic Wallphone","ringer_disco_drive":"Disco Drive","ringer_vamos_la_elektro":"Vamos Là Elektro","ringer_digitalascent":"Analog Ascent","ringer_low_bit_swing":"Low Bit Swing","ringer_ringing_gems":"Ringing Gems","ringer_rain_echoes":"Rain Echoes","ringer_progressive_dapple":"Progressive Dapple","ringer_digital_dapple":"Analog Dapple","ringer_loud_windchimes":"Wind Chimes","ringer_bitbounce":"Bit Bounce","ringer_firefox":"{{brandShortName}}","notifier_minimal_bands":"Minimal Bands","notifier_exclamation":"Exclamation","notifier_boomer":"Boomer","notifier_rewind":"Rewind","notifier_bop":"Bop","notifier_ting":"Ting","notifier_bap":"Bap","notifier_dididi":"Dididi","notifier_spring":"Spring","notifier_bell":"Bell","notifier_bell_extd":"Bell Extended","notifier_ring":"Ring","notifier_firefox":"{{brandShortName}}","manage-title":"Správa vyzváňaní","actions-share":"Zdieľať vyzváňanie","actions-delete":"Odstrániť vyzváňanie","actions-cancel":"Zrušiť","delete-title":"Odstránenie vyzváňania","delete-desc":"Naozaj chcete odstrániť vyzváňanie \"{{tone}}\"?","delete-desc-default-ringtone":"\"{{tone}}\" je aktuálne predvoleným vyzváňaním.\n\nNaozaj ho chcete odstrániť?","delete-desc-default-alerttone":"\"{{tone}}\" je aktuálne predvoleným tónom upozornení.\n\nNaozaj ho chcete odstrániť?","delete-cancel":"Zrušiť","delete-confirm":"Odstrániť","deleted-tone":"Vyzváňanie bolo odstránené.","created-tone":"Nové vyzváňanie bolo vytvorené.","set-default-tone":"Vyzváňanie bolo nastavené ako predvolené.","pick-title":"Zvoľte zvuk","pick-done":"Hotovo","list-title-ringtone":"Vyzváňania Firefox","list-title-alerttone":"Upozornenia","list-title-custom":"Vlastné vyzváňania","create-title":"Vytvorenie vyzváňania","create-save":"Uložiť","create-cancel":"Zrušiť","play-error-title":"Poškodený súbor","play-error-desc":"Súbor je poškodený. Nie je možné ho použiť na vytvorenie vyzváňania.","save-error-title":"Vyzváňanie nebolo vytvorené","save-error-desc":"Pri vytváraní vyzváňania sa vyskytla chyba. Skúste to znova.","default-label":"Použiť ako predvolené vyzváňanie","ok":"OK","ringtone-untitled":"Bez názvu"}