{"brandShortName":"B2G OS","browserBrandShortName":"Shfletues Web","browserBrandFullName":"Shfletuesi Web i Mozilla-s","ringtone-none":"Asnjë","ringer_classic_prism":"Classic Prism","ringer_classic_courier":"Classic Courier","ringer_classic_touchmatic":"Classic Touchmatic","ringer_classic_electric":"Classic Electric","ringer_classic_wallphone":"Classic Wallphone","ringer_disco_drive":"Disco Drive","ringer_vamos_la_elektro":"Vamos Là Elektro","ringer_digitalascent":"Analog Ascent","ringer_low_bit_swing":"Low Bit Swing","ringer_ringing_gems":"Ringing Gems","ringer_rain_echoes":"Rain Echoes","ringer_progressive_dapple":"Progressive Dapple","ringer_digital_dapple":"Analog Dapple","ringer_loud_windchimes":"Wind Chimes","ringer_bitbounce":"Bit Bounce","ringer_firefox":"{{brandShortName}}","notifier_minimal_bands":"Minimal Bands","notifier_exclamation":"Exclamation","notifier_boomer":"Boomer","notifier_rewind":"Rewind","notifier_bop":"Bop","notifier_ting":"Ting","notifier_bap":"Bap","notifier_dididi":"Dididi","notifier_spring":"Spring","notifier_bell":"Bell","notifier_bell_extd":"Bell Extended","notifier_ring":"Ring","notifier_firefox":"{{brandShortName}}","manage-title":"Administroni Zile","actions-share":"Ndajeni zilen me të tjerë","actions-delete":"Fshije zilen","actions-cancel":"Anuloje","delete-title":"Fshini Zile","delete-desc":"Jeni i sigurt se doni të fshihet \"{{tone}}\"?","delete-desc-default-ringtone":"\"{{tone}}\" është zilja parazgjedhje e tanishme.\n\nJeni i sigurt se doni të fshihet?","delete-desc-default-alerttone":"\"{{tone}}\" është tingulli parazgjedhje i tanishëm.\n\nJeni i sigurt se doni të fshihet?","delete-cancel":"Anuloje","delete-confirm":"Fshije","deleted-tone":"Zilja u fshi.","created-tone":"U krijua zile e re.","set-default-tone":"Zilja u caktua si parazgjedhja.","pick-title":"Përzgjidhni Tingull","pick-done":"U bë","list-title-ringtone":"Zile Firefox-i","list-title-alerttone":"Sinjalizime","list-title-custom":"Zile Vetjake","create-title":"Krijoni Zile","create-save":"Ruaje","create-cancel":"Anuloje","play-error-title":"Kartelë e Dëmtuar","play-error-desc":"Kartela është e dëmtuar. Nuk përdoret dot për krijim zileje.","save-error-title":"Zilja Nuk u Krijua","save-error-desc":"Pati një problem në krijimin e ziles. Ju lutemi, riprovoni.","default-label":"Përdore si zilen parazgjedhje","ok":"OK","ringtone-untitled":"E patitull"}