{"brandShortName":"B2G OS","browserBrandShortName":"Веб прегледач","browserBrandFullName":"Mozilla веб прегледач","ringtone-none":"Ниједан","ringer_classic_prism":"Classic Prism","ringer_classic_courier":"Classic Courier","ringer_classic_touchmatic":"Classic Touchmatic","ringer_classic_electric":"Classic Electric","ringer_classic_wallphone":"Classic Wallphone","ringer_disco_drive":"Disco Drive","ringer_vamos_la_elektro":"Vamos Là Elektro","ringer_digitalascent":"Analog Ascent","ringer_low_bit_swing":"Low Bit Swing","ringer_ringing_gems":"Ringing Gems","ringer_rain_echoes":"Rain Echoes","ringer_progressive_dapple":"Progressive Dapple","ringer_digital_dapple":"Analog Dapple","ringer_loud_windchimes":"Wind Chimes","ringer_bitbounce":"Bit Bounce","ringer_firefox":"{{brandShortName}}","notifier_minimal_bands":"Minimal Bands","notifier_exclamation":"Exclamation","notifier_boomer":"Boomer","notifier_rewind":"Rewind","notifier_bop":"Bop","notifier_ting":"Ting","notifier_bap":"Bap","notifier_dididi":"Dididi","notifier_spring":"Spring","notifier_bell":"Bell","notifier_bell_extd":"Bell Extended","notifier_ring":"Ring","notifier_firefox":"{{brandShortName}}","manage-title":"Управљање мелодијама","actions-share":"Подели мелодију","actions-delete":"Избриши мелодију","actions-cancel":"Откажи","delete-title":"Избрши мелодију","delete-desc":"Да ли сте сигурни да желите да обришете \"{{tone}}\"?","delete-desc-default-ringtone":"\"{{tone}}\" је тренутно подразумевана мелодија.\n\nДа ли сте сигурни да желите да је обришете?","delete-desc-default-alerttone":"\"{{tone}}\" је тренутно подразумевано упозорење.\n\nДа ли сте сигурни да желите да га обришете?","delete-cancel":"Откажи","delete-confirm":"Избриши","deleted-tone":"Мелодија је обрисана.","created-tone":"Нова мелодија је направљена.","set-default-tone":"Мелодија је постављена.","pick-title":"Одабери звук","pick-done":"Готово","list-title-ringtone":"Firefox мелодије","list-title-alerttone":"Упозорења","list-title-custom":"Корисничке мелодије","create-title":"Направи мел.","create-save":"Сними","create-cancel":"Откажи","play-error-title":"Оштећена датотека","play-error-desc":"Датотека је оштећена. Не може да се користи за прављење мелодије.","save-error-title":"Мелодија није направљена","save-error-desc":"Дошло је до грешке при прављењу мелодије. Покушајте поново.","default-label":"Користи као подразумевану мелодију","ok":"У реду","ringtone-untitled":"Без имена"}