{"brandShortName":"B2G OS","browserBrandShortName":"Veb pregledač","browserBrandFullName":"Mozilla veb pregledač","ringtone-none":"Nijedan","ringer_classic_prism":"Classic Prism","ringer_classic_courier":"Classic Courier","ringer_classic_touchmatic":"Classic Touchmatic","ringer_classic_electric":"Classic Electric","ringer_classic_wallphone":"Classic Wallphone","ringer_disco_drive":"Disco Drive","ringer_vamos_la_elektro":"Vamos Là Elektro","ringer_digitalascent":"Analog Ascent","ringer_low_bit_swing":"Low Bit Swing","ringer_ringing_gems":"Ringing Gems","ringer_rain_echoes":"Rain Echoes","ringer_progressive_dapple":"Progressive Dapple","ringer_digital_dapple":"Analog Dapple","ringer_loud_windchimes":"Wind Chimes","ringer_bitbounce":"Bit Bounce","ringer_firefox":"{{brandShortName}}","notifier_minimal_bands":"Minimal Bands","notifier_exclamation":"Exclamation","notifier_boomer":"Boomer","notifier_rewind":"Rewind","notifier_bop":"Bop","notifier_ting":"Ting","notifier_bap":"Bap","notifier_dididi":"Dididi","notifier_spring":"Spring","notifier_bell":"Bell","notifier_bell_extd":"Bell Extended","notifier_ring":"Ring","notifier_firefox":"{{brandShortName}}","manage-title":"Upravljanje melodijama","actions-share":"Podeli melodiju","actions-delete":"Izbriši melodiju","actions-cancel":"Otkaži","delete-title":"Izbrši melodiju","delete-desc":"Da li ste sigurni da želite da obrišete \"{{tone}}\"?","delete-desc-default-ringtone":"\"{{tone}}\" je trenutno podrazumevana melodija.\n\nDa li ste sigurni da želite da je obrišete?","delete-desc-default-alerttone":"\"{{tone}}\" je trenutno podrazumevano upozorenje.\n\nDa li ste sigurni da želite da ga obrišete?","delete-cancel":"Otkaži","delete-confirm":"Izbriši","deleted-tone":"Melodija je obrisana.","created-tone":"Nova melodija je napravljena.","set-default-tone":"Melodija je postavljena.","pick-title":"Odaberi zvuk","pick-done":"Gotovo","list-title-ringtone":"Firefox melodije","list-title-alerttone":"Upozorenja","list-title-custom":"Korisničke melodije","create-title":"Napravi mel.","create-save":"Snimi","create-cancel":"Otkaži","play-error-title":"Oštećena datoteka","play-error-desc":"Datoteka je oštećena. Ne može da se koristi za pravljenje melodije.","save-error-title":"Melodija nije napravljena","save-error-desc":"Došlo je do greške pri pravljenju melodije. Pokušajte ponovo.","default-label":"Koristi kao podrazumevanu melodiju","ok":"U redu","ringtone-untitled":"Bez imena"}