{"brandShortName":"B2G OS","browserBrandShortName":"Webbläsare","browserBrandFullName":"Webbläsare Mozilla","ringtone-none":"Ingen","ringer_classic_prism":"Classic Prism","ringer_classic_courier":"Classic Courier","ringer_classic_touchmatic":"Classic Touchmatic","ringer_classic_electric":"Classic Electric","ringer_classic_wallphone":"Classic Wallphone","ringer_disco_drive":"Disco Drive","ringer_vamos_la_elektro":"Vamos Là Elektro","ringer_digitalascent":"Analog Ascent","ringer_low_bit_swing":"Low Bit Swing","ringer_ringing_gems":"Ringing Gems","ringer_rain_echoes":"Rain Echoes","ringer_progressive_dapple":"Progressive Dapple","ringer_digital_dapple":"Analog Dapple","ringer_loud_windchimes":"Wind Chimes","ringer_bitbounce":"Bit Bounce","ringer_firefox":"{{brandShortName}}","notifier_minimal_bands":"Minimal Bands","notifier_exclamation":"Exclamation","notifier_boomer":"Boomer","notifier_rewind":"Rewind","notifier_bop":"Bop","notifier_ting":"Ting","notifier_bap":"Bap","notifier_dididi":"Dididi","notifier_spring":"Spring","notifier_bell":"Bell","notifier_bell_extd":"Bell Extended","notifier_ring":"Ring","notifier_firefox":"{{brandShortName}}","manage-title":"Hantera ringsignaler","actions-share":"Dela ringsignal","actions-delete":"Ta bort ringsignal","actions-cancel":"Avbryt","delete-title":"Ta bort ringsignal","delete-desc":"Är du säker på att du vill ta bort \"{{tone}}\"?","delete-desc-default-ringtone":"\"{{tone}}\" är den nuvarande standardringsignalen.\n\nÄr du säker på att du vill ta bort den?","delete-desc-default-alerttone":"\"{{tone}}\" är det nuvarande standardaviseringsljudet.\n\nÄr du säker på att du vill ta bort det?","delete-cancel":"Avbryt","delete-confirm":"Ta bort","deleted-tone":"Ringsignal borttagen.","created-tone":"Ny ringsignal skapad.","set-default-tone":"Ringsignal satt till standard.","pick-title":"Välj ljud","pick-done":"Klar","list-title-ringtone":"Firefox-ringsignaler","list-title-alerttone":"Aviseringsljud","list-title-custom":"Anpassade ringsignaler","create-title":"Skapa ringsignal","create-save":"Spara","create-cancel":"Avbryt","play-error-title":"Skadad fil","play-error-desc":"Filen är skadad. Den kan inte användas för att skapa en ringsignal.","save-error-title":"Ringsignal skapades inte","save-error-desc":"Det uppstod ett problem när ringsignal skapades. Försök igen.","default-label":"Använd som standardringsignal","ok":"OK","ringtone-untitled":"Namnlös"}