{"brandShortName":"B2G OS","browserBrandShortName":"Web Tarayıcısı","browserBrandFullName":"Mozilla Web Tarayıcısı","ringtone-none":"Yok","ringer_classic_prism":"Klasik Prizma","ringer_classic_courier":"Klasik Kurye","ringer_classic_touchmatic":"Klasik Dokunmatik","ringer_classic_electric":"Klasik Elektrik","ringer_classic_wallphone":"Klasik Duvar Telefonu","ringer_disco_drive":"Disko Sürüşü","ringer_vamos_la_elektro":"Vamos Là Elektro","ringer_digitalascent":"Analog Çıkış","ringer_low_bit_swing":"Düşük Bitli Salınım","ringer_ringing_gems":"Cevherler","ringer_rain_echoes":"Yağmur Yankıları","ringer_progressive_dapple":"İlerleyen Benek","ringer_digital_dapple":"Analog Benek","ringer_loud_windchimes":"Rüzgâr Zilleri","ringer_bitbounce":"Bit Sıçraması","ringer_firefox":"{{brandShortName}}","notifier_minimal_bands":"Minimal Bandolar","notifier_exclamation":"Ünlem","notifier_boomer":"Spekülatör","notifier_rewind":"Geri Sar","notifier_bop":"Bop","notifier_ting":"Ting","notifier_bap":"Bap","notifier_dididi":"Dididi","notifier_spring":"Bahar","notifier_bell":"Çan","notifier_bell_extd":"Uzun Çan","notifier_ring":"Zil","notifier_firefox":"{{brandShortName}}","manage-title":"Zil seslerini yönet","actions-share":"Zil sesini paylaş","actions-delete":"Zil sesini sil","actions-cancel":"İptal","delete-title":"Zil sesini sil","delete-desc":"\"{{tone}}\" sesini silmek istediğinizden emin misiniz?","delete-desc-default-ringtone":"\"{{tone}}\" şu anda varsayılan zil sesiniz.\\n\\nSilmek istediğinizden emin misiniz?","delete-desc-default-alerttone":"\"{{tone}}\" şu anda varsayılan uyarınız.\\n\\nSilmek istediğinizden emin misiniz? ","delete-cancel":"İptal","delete-confirm":"Sil","deleted-tone":"Zil sesi silindi.","created-tone":"Yeni zil sesi oluşturuldu.","set-default-tone":"Zil sesi varsayılan olarak ayarlandı.","pick-title":"Ses seçin","pick-done":"Bitti","list-title-ringtone":"Firefox zil sesler","list-title-alerttone":"Uyarılar","list-title-custom":"Özel zil sesleri","create-title":"Zil sesi oluştur","create-save":"Kaydet","create-cancel":"İptal","play-error-title":"Bozuk dosya","play-error-desc":"Dosya hasar gördüğü için zil sesi oluşturmakta kullanılamaz.","save-error-title":"Zil sesi oluşturulamadı","save-error-desc":"Zil sesi oluşturulurken bir sorun oluştu. Lütfen tekrar deneyin.","default-label":"Varsayılan zil sesi olarak kullan","ok":"Tamam","ringtone-untitled":"Adsız"}