{"brandShortName":"B2G OS","browserBrandShortName":"网络浏览器","browserBrandFullName":"Mozilla 网络浏览器","ringtone-none":"无","ringer_classic_prism":"经典七彩","ringer_classic_courier":"经典信使","ringer_classic_touchmatic":"经典 Touchmatic","ringer_classic_electric":"经典电子音","ringer_classic_wallphone":"经典墙上电话","ringer_disco_drive":"迪斯科","ringer_vamos_la_elektro":"瓦莫斯拉电子音","ringer_digitalascent":"模拟上升","ringer_low_bit_swing":"低位摇摆","ringer_ringing_gems":"铃声宝石","ringer_rain_echoes":"雨声回响","ringer_progressive_dapple":"渐进波纹","ringer_digital_dapple":"模拟波纹","ringer_loud_windchimes":"风铃","ringer_bitbounce":"轻轻弹跳","ringer_firefox":"{{brandShortName}}","notifier_minimal_bands":"最小波段","notifier_exclamation":"惊叹","notifier_boomer":"隆隆声","notifier_rewind":"重绕","notifier_bop":"波普","notifier_ting":"叮叮声","notifier_bap":"Bap","notifier_dididi":"嘀嘀声","notifier_spring":"弹簧音","notifier_bell":"钟声","notifier_bell_extd":"绵长钟声","notifier_ring":"响铃","notifier_firefox":"{{brandShortName}}","manage-title":"管理铃声","actions-share":"分享铃声","actions-delete":"删除铃声","actions-cancel":"取消","delete-title":"删除铃声","delete-desc":"您确定要删除“{{tone}}”么？","delete-desc-default-ringtone":"“{{tone}}”目前是默认铃声。您确定要删除么？","delete-desc-default-alerttone":"“{{tone}}”目前是默认闹钟铃声。您确定要删除么？","delete-cancel":"取消","delete-confirm":"删除","deleted-tone":"铃声已删除。","created-tone":"新铃声已创建。","set-default-tone":"已设置为默认铃声。","pick-title":"选择音量","pick-done":"完成","list-title-ringtone":"Firefox 铃声","list-title-alerttone":"闹钟","list-title-custom":"自定义铃声","create-title":"创建铃声","create-save":"保存","create-cancel":"取消","play-error-title":"文件已损坏","play-error-desc":"此文件已损坏，无法被用来创建铃声。","save-error-title":"铃声未创建","save-error-desc":"创建铃声时出现问题。请重试。","default-label":"设为默认铃声","ok":"确定","ringtone-untitled":"未命名"}