{"brandShortName":"B2G OS","browserBrandShortName":"網頁瀏覽器","browserBrandFullName":"Mozilla 網頁瀏覽器","ringtone-none":"無","ringer_classic_prism":"Classic Prism","ringer_classic_courier":"Classic Courier","ringer_classic_touchmatic":"Classic Touchmatic","ringer_classic_electric":"Classic Electric","ringer_classic_wallphone":"Classic Wallphone","ringer_disco_drive":"Disco Drive","ringer_vamos_la_elektro":"Vamos Là Elektro","ringer_digitalascent":"Analog Ascent","ringer_low_bit_swing":"Low Bit Swing","ringer_ringing_gems":"Ringing Gems","ringer_rain_echoes":"Rain Echoes","ringer_progressive_dapple":"Progressive Dapple","ringer_digital_dapple":"Analog Dapple","ringer_loud_windchimes":"Wind Chimes","ringer_bitbounce":"Bit Bounce","ringer_firefox":"{{brandShortName}}","notifier_minimal_bands":"Minimal Bands","notifier_exclamation":"Exclamation","notifier_boomer":"Boomer","notifier_rewind":"Rewind","notifier_bop":"Bop","notifier_ting":"Ting","notifier_bap":"Bap","notifier_dididi":"Dididi","notifier_spring":"Spring","notifier_bell":"Bell","notifier_bell_extd":"Bell Extended","notifier_ring":"Ring","notifier_firefox":"{{brandShortName}}","manage-title":"管理鈴聲","actions-share":"分享鈴聲","actions-delete":"刪除鈴聲","actions-cancel":"取消","delete-title":"刪除鈴聲","delete-desc":"您確定要刪除鈴聲「{{tone}}」？","delete-desc-default-ringtone":"「{{tone}}」是目前的預設鈴聲。\n\n您確定要刪除嗎？","delete-desc-default-alerttone":"「{{tone}}」是目前的預設警示聲。\n\n您確定要刪除嗎？","delete-cancel":"取消","delete-confirm":"刪除","deleted-tone":"已刪除鈴聲。","created-tone":"已建立新鈴聲。","set-default-tone":"已將鈴聲設為預設鈴聲。","pick-title":"選擇音效","pick-done":"完成","list-title-ringtone":"Firefox 鈴聲","list-title-alerttone":"警示","list-title-custom":"自訂鈴聲","create-title":"建立鈴聲","create-save":"儲存","create-cancel":"取消","play-error-title":"檔案已毀損","play-error-desc":"檔案已毀損，無法用來建立鈴聲。","save-error-title":"未建立鈴聲","save-error-desc":"建立鈴聲時遇到問題，請再試一次。","default-label":"設定為預設鈴聲","ok":"確定","ringtone-untitled":"無標題"}