{"wap-push-message":"رسالة WAP Push","close":"اغلق","accept":"اقبل","quit":"أنهِ","cancel":"ألغِ","store":"خزّن","try-again":"حاول مرة أخرى","finish":"انهاء","sim":"SIM {{id}}","dsds-notification-title-with-sim":"({{sim}}) {{title}}","this-message-has-expired":"انتهت صلاحية هذه الرسالة","cp-pin":{"placeholder":"PIN"},"cp-message-received":"اُستلمت رسالة الاعدادات","cp-container-title":"اعدادت نقطة وصول OTA","cp-accept-help":"اُستلمت راسلة الاعدادات ، اضغط على \"قبول\" للمتابعة","cp-accept-help-pin":"كان يجب ان يزودك بالرمز PIN الذي ارسل لك رسالة الاعدادات","cp-quit-app-confirm-dialog-message":"الرسالة لم تنتهي بعد , هل تريد الخروج؟","cp-auth-failure-confirm-dialog-message":"رمز PIN الذي ادخلته غير صحيح ,  كان يجب ان يزودك بالرمز,  الذي ارسل لك رسالة الاعدادات","cp-store-confirm-dialog-message":"انت على وشك انت تخزن الـ (APNs) الآتية على هاتفك ","cp-finish-confirm-dialog-message":"انتهينا , الـ (APNs) الآن مخزنة","cp-finish-confirm-dialog-message-invalid-doc":"رسالة الاعدادات التي استلمتها لن يتم الوثوق بها ضد بطاقة ال SIM , لذلك لا تستطيع استخدانها لإعداد جهازك ","cp-finish-confirm-dialog-message-auth-error":"حدث خطأ خلال السماح لمرسل الرسالة.","cp-finish-confirm-dialog-message-auth-unsupported-mechanism":"آلية الوثوق لم تدعم بعد.","cp-finish-confirm-dialog-message-no-apns":"رسالة الأعدادات التي استلمتها لا تحتوي على ال APNs صالحة ."}