{"wap-push-message":"WAP-push-besked","close":"Luk","accept":"Accepter","quit":"Afslut","cancel":"Annuller","store":"Gem","try-again":"Prøv igen","finish":"Afslut","sim":"Simkort {{id}}","dsds-notification-title-with-sim":"({{sim}}) {{title}}","this-message-has-expired":"Denne besked er udløbet","cp-pin":{"placeholder":"Pinkode"},"cp-message-received":"Opsætningsmeddelelse modtaget","cp-container-title":"Opsætning af OTA-access point","cp-accept-help":"Opsætningsmeddelelse modtaget, klik på 'Accepter' for at fortsætte.","cp-accept-help-pin":"Du skulle gerne have modtaget pinkoden af dem, som har sendt dig opsætningsmeddelelsen.","cp-quit-app-confirm-dialog-message":"Meddelelsen er endnu ikke blevet håndteret, er du sikker på, at du vil afslutte?","cp-auth-failure-confirm-dialog-message":"Forkert pinkode. Du skulle gerne have modtaget pinkoden af dem, som har sendt dig opsætningsmeddelelsen.","cp-store-confirm-dialog-message":"Du er ved at gemme følgende APN(er) på din enhed:","cp-finish-confirm-dialog-message":"Færdig, APN(erne) er nu gemt.","cp-finish-confirm-dialog-message-invalid-doc":"Den modtagne opsætningsmeddelelse kunne ikke godkendes til dit simkort, og kan derfor ikke bruges til at opsætte din enhed.","cp-finish-confirm-dialog-message-auth-error":"Der opstod en fejl ved godkendelse af meddelelsens afsender.","cp-finish-confirm-dialog-message-auth-unsupported-mechanism":"Godkendelsesfunktionen er endnu ikke understøttet.","cp-finish-confirm-dialog-message-no-apns":"Den modtagne opsætningsmeddelelse har ikke et gyldigt APN."}