{"wap-push-message":"Mensaje WAP Push","close":"Cerrar","accept":"Aceptar","quit":"Salir","cancel":"Cancelar","store":"Guardar","try-again":"Probar de nuevo","finish":"Finalizar","sim":"SIM {{id}}","dsds-notification-title-with-sim":"({{sim}}) {{title}}","this-message-has-expired":"Este mensaje ha caducado","cp-pin":{"placeholder":"PIN"},"cp-message-received":"Mensaje de configuración recibido","cp-container-title":"Configuración de punto de acceso OTA","cp-accept-help":"Mensaje de configuración recibido, haga clic en 'Aceptar' para continuar.","cp-accept-help-pin":"El código PIN debe proporcionarlo quien le envía el mensaje de configuración.","cp-quit-app-confirm-dialog-message":"Todavía no se ha procesado el mensaje, ¿de verdad desea salir?","cp-auth-failure-confirm-dialog-message":"El PIN que ha escrito no es correcto. El código PIN debe proporcionarlo quien le envía el mensaje de configuración.","cp-store-confirm-dialog-message":"Va a guardar en el teléfono el/los APN siguiente(s):","cp-finish-confirm-dialog-message":"Ya está(n) guardado(s) el/los APN.","cp-finish-confirm-dialog-message-invalid-doc":"El mensaje de configuración que recibió no pudo autenticarse mediante la tarjeta SIM, por lo que no se puede utilizar para configurar el dispositivo.","cp-finish-confirm-dialog-message-auth-error":"Hubo un error al autenticar el remitente del mensaje.","cp-finish-confirm-dialog-message-auth-unsupported-mechanism":"El mecanismo de autenticación aún no es compatible.","cp-finish-confirm-dialog-message-no-apns":"El mensaje de configuración que recibió no tiene APN válidos."}