{"wap-push-message":"WAP Push mezua","close":"Itxi","accept":"Onartu","quit":"Irten","cancel":"Utzi","store":"Biltegiratu","try-again":"Saiatu berriro","finish":"Amaitu","sim":"{{id}}. SIMa","dsds-notification-title-with-sim":"({{sim}}) {{title}}","this-message-has-expired":"Mezua iraungita dago","cp-pin":{"placeholder":"PINa"},"cp-message-received":"Konfigurazio-mezua jaso da","cp-container-title":"OTA sarbide-puntuaren konfigurazioa","cp-accept-help":"Konfigurazio-mezua jaso da, sakatu 'Onartu' jarraitzeko.","cp-accept-help-pin":"Konfigurazio-mezua bidali dizunak eman beharko lizuke PIN kodea.","cp-quit-app-confirm-dialog-message":"Mezua ez da prozesatu oraindik, benetan irten nahi duzu?","cp-auth-failure-confirm-dialog-message":"Sartu duzun PINa okerra da. Konfigurazio-mezua bidali dizunak eman beharko lizuke PIN kodea.","cp-store-confirm-dialog-message":"Ondorengo APNa(k) gordetzear zaude telefonoan:","cp-finish-confirm-dialog-message":"Eginda, APNa(k) orain gordeta dago/daude.","cp-finish-confirm-dialog-message-invalid-doc":"Jaso duzun konfigurazio-mezua ezin da autentifikatu zure SIM txartelaren aurka, beraz ezin da zure gailua konfiguratzeko erabili.","cp-finish-confirm-dialog-message-auth-error":"Errore bat gertatu da mezuaren bidaltzailea autentifikatzean.","cp-finish-confirm-dialog-message-auth-unsupported-mechanism":"Autentifikazio-mekanismoa ez da onartzen oraindik.","cp-finish-confirm-dialog-message-no-apns":"Jaso duzun konfigurazio-mezuak ez dauka baliozko APNrik."}