{"wap-push-message":"WAP Push üzenet","close":"Bezárás","accept":"Elfogadás","quit":"Kilépés","cancel":"Mégse","store":"Tárolás","try-again":"Újra","finish":"Befejezés","sim":"SIM {{id}}","dsds-notification-title-with-sim":"({{sim}}) {{title}}","this-message-has-expired":"Ez az üzenet lejárt","cp-pin":{"placeholder":"PIN kód"},"cp-message-received":"Konfigurációs üzenet érkezett","cp-container-title":"OTA hozzáférési pont beállítása","cp-accept-help":"Konfigurációs üzenet érkezett, kattintson az „Elfogadás”-ra a folytatáshoz.","cp-accept-help-pin":"A PIN kódot annak kell megadnia Önnek, aki a konfigurációs üzenetet küldte.","cp-quit-app-confirm-dialog-message":"Az üzenet még nincs feldolgozva, valóban ki szeretne lépni?","cp-auth-failure-confirm-dialog-message":"A megadott PIN helytelen. A PIN kódot annak kell megadnia Önnek, aki a konfigurációs üzenetet küldte.","cp-store-confirm-dialog-message":"A következő APN-eket fogja tárolni a telefonon:","cp-finish-confirm-dialog-message":"Kész vagyunk, az APN-ek tárolva vannak.","cp-finish-confirm-dialog-message-invalid-doc":"A kapott konfigurációs üzenet nem hitelesíthető a SIM-kártyával, így nem használható az eszköz konfigurálására.","cp-finish-confirm-dialog-message-auth-error":"Hiba történt az üzenet küldőjének hitelesítésekor.","cp-finish-confirm-dialog-message-auth-unsupported-mechanism":"A hitelesítési mechanizmus még nem támogatott.","cp-finish-confirm-dialog-message-no-apns":"A kapott konfigurációs üzenet nem tartalmaz érvényes APN-eket."}