{"wap-push-message":"Messaggio push WAP","close":"Chiudi","accept":"Accetta","quit":"Esci","cancel":"Annulla","store":"Salva","try-again":"Riprova","finish":"Completa","sim":"SIM {{id}}","dsds-notification-title-with-sim":"({{sim}}) {{title}}","this-message-has-expired":"Questo messaggio è scaduto","cp-pin":{"placeholder":"PIN"},"cp-message-received":"Ricevuto messaggio configurazione","cp-container-title":"Configurazione access point OTA","cp-accept-help":"Messaggio di configurazione ricevuto, selezionare “Accetta” per proseguire.","cp-accept-help-pin":"Il codice PIN dovrebbe essere stato fornito dal mittente del messaggio di configurazione.","cp-quit-app-confirm-dialog-message":"Il messaggio non è ancora stato elaborato. Uscire comunque?","cp-auth-failure-confirm-dialog-message":"Il codice PIN inserito è errato. Il codice PIN dovrebbe essere stato fornito dal mittente del messaggio di configurazione.","cp-store-confirm-dialog-message":"I seguenti APN stanno per essere salvati sul telefono:","cp-finish-confirm-dialog-message":"La configurazione degli APN è stata completata.","cp-finish-confirm-dialog-message-invalid-doc":"Non è possibile autenticare il messaggio ricevuto con la SIM in uso. Impossibile configurare il dispositivo.","cp-finish-confirm-dialog-message-auth-error":"Si è verificato un errore durante l’autenticazione del mittente del messaggio.","cp-finish-confirm-dialog-message-auth-unsupported-mechanism":"Il meccanismo di autenticazione non è ancora supportato.","cp-finish-confirm-dialog-message-no-apns":"Il messaggio di configurazione ricevuto non include APN validi."}