{"wap-push-message":"សារ WAP Push","close":"បិទ","accept":"ទទួល","quit":"ចេញ","cancel":"បោះបង់","store":"រក្សាទុក","try-again":"ព្យាយាម​ម្ដង​ទៀត","finish":"បញ្ចប់","sim":"SIM {{id}}","dsds-notification-title-with-sim":"({{sim}}) {{title}}","this-message-has-expired":"សារ​នេះ​បាន​ផុត​កំណត់","cp-pin":{"placeholder":"កូដ PIN"},"cp-message-received":"បាន​ទទួល​សារ​កំណត់​រចនាសម្ព័ន្ធ","cp-container-title":"ការ​កំណត់​រចនាសម្ព័ន្ធ​ចំណុច​ចូល​ដំណើរការ OTA","cp-accept-help":"បាន​ទទួល​សារ​ការ​​កំណត់​រចនាសម្ព័ន្ធ, ចុច​ ​“ទទួល” ដើម្បី​បន្ត។","cp-accept-help-pin":"កូដ PIN គួរ​ត្រូវ​បាន​ផ្ដល់​ឲ្យ​អ្នក​ដោយ​អ្នក​ណា​ម្នាក់​ដែល​បាន​ផ្ញើ​សារ​កំណត់​រចនាសម្ព័ន្ធ​ឲ្យ​អ្នក។","cp-quit-app-confirm-dialog-message":"សារ​មិន​ត្រូវ​បាន​ដំណើរការ​នៅ​ឡើយ​ទេ តើ​អ្នក​ពិត​ជា​ចង់ចេញ​ឬ?","cp-auth-failure-confirm-dialog-message":"កូដ PIN ដែល​អ្នក​បាន​បញ្ចូល​មិន​ត្រឹមត្រូវ។ កូដ PIN គួរ​ត្រូវ​បាន​ផ្ដល់ឲ្យ​អ្នក ដោយ​អ្នក​ណាម្នាក់ដែល​បានផ្ញើសារ​កំណត់​រចនាសម្ព័ន្ធ​ឲ្យ​អ្នក។","cp-store-confirm-dialog-message":"អ្នក​រៀប​នឹង​រក្សាទុក​ APN(s) ទាំង​នេះ​​ក្នុង​ទូរស័ព្ទ​របស់​អ្នក៖","cp-finish-confirm-dialog-message":"យើង​រួច​រាល់​ហើយ ឥឡូវ APN(s) ត្រូវ​បាន​រក្សាទុក។","cp-finish-confirm-dialog-message-invalid-doc":"សារ​កំណត់​រចនាសម្ព័ន្ធ​ដែល​អ្នក​បាន​ទទួល​មិន​អាច​ត្រូវ​បាន​ផ្ទៀងផ្ទាត់​ជា​មួយ​ SIM កាត​របស់​អ្នក​បាន​ទេ ដូច្នេះ​មិន​អាច​ត្រូវ​បាន​ប្រើ​ ដើម្បី​កំណត់​រចនាសម្ព័ន្ធ​ឧបករណ៍​របស់​អ្នក​បាន​ទេ។","cp-finish-confirm-dialog-message-auth-error":"មាន​កំហុស​ខណៈ​ដែល​ផ្ទៀងផ្ទាត់​អ្នក​ផ្ញើ​សារ។","cp-finish-confirm-dialog-message-auth-unsupported-mechanism":"យន្តការ​ផ្ទៀងផ្ទាត់​មិន​ត្រូវ​បាន​គាំទ្រ​នៅ​ឡើយ​ទេ។","cp-finish-confirm-dialog-message-no-apns":"អ្នកបាន​ទទួល​សារ​កំណត់​រចនាសម្ព័ន្ធ​ដែលមិន​មាន​ APNs ត្រឹមត្រូវ។"}