{"wap-push-message":"WAP Push message","close":"Затвори","accept":"Прифати","quit":"Исклучи","cancel":"Откажи","store":"Продавница","try-again":"Повторно","finish":"Заврши","sim":"SIM {{id}}","dsds-notification-title-with-sim":"({{sim}}) {{title}}","this-message-has-expired":"Оваа порака е застарена","cp-pin":{"placeholder":"ПИН"},"cp-message-received":"Конфигурациската порака е примена","cp-container-title":"Конфигурација на OTA Access Point","cp-accept-help":"Конфигурациската порака е примена. Кликнете на „Прифати“ за да продолжите.","cp-accept-help-pin":"ПИН-кодот би требало да го добиете од каде што сте ја добиле конфигурациската порака.","cp-quit-app-confirm-dialog-message":"Пораката сѐ уште не е проследена. Навистина сакате да се откажете?","cp-auth-failure-confirm-dialog-message":"ПИН-кодот што го внесовте не е точен. ПИН-кодот би требало да го добиете од каде што сте ја добиле конфигурациската порака.","cp-store-confirm-dialog-message":"Имињата на следните пристапни точки ќе бидат зачувани на вашиот телефон:","cp-finish-confirm-dialog-message":"Готово, имињата на пристапните точки се зачувани.","cp-finish-confirm-dialog-message-invalid-doc":"Конфигурациската порака што ја примивте не одговара на вашата СИМ-картичка, па не може да се користи на овој уред.","cp-finish-confirm-dialog-message-auth-error":"Се случи грешка при потврдувањето на испраќачот на пораката.","cp-finish-confirm-dialog-message-auth-unsupported-mechanism":"Механизмот на автентификација сѐ уште не е поддржан.","cp-finish-confirm-dialog-message-no-apns":"Конфигурациската порака што ја добивте не содржи валидни имиња на пристапни точки."}