{"wap-push-message":"WAP-pushbericht","close":"Sluiten","accept":"Accepteren","quit":"Afsluiten","cancel":"Annuleren","store":"Opslaan","try-again":"Opnieuw proberen","finish":"Voltooien","sim":"Simkaart {{id}}","dsds-notification-title-with-sim":"({{sim}}) {{title}}","this-message-has-expired":"Deze melding is verlopen","cp-pin":{"placeholder":"Pincode"},"cp-message-received":"Configuratiebericht ontvangen","cp-container-title":"OTA-toegangspuntconfiguratie","cp-accept-help":"Configuratiebericht ontvangen, klik op ‘Accepteren’ om door te gaan.","cp-accept-help-pin":"De pincode hoort aan u te zijn verstrekt door degene die u het configuratiebericht heeft gestuurd.","cp-quit-app-confirm-dialog-message":"Het bericht is nog niet verwerkt, wilt u echt afsluiten?","cp-auth-failure-confirm-dialog-message":"De ingevoerde pincode is onjuist. De pincode hoort aan u te zijn verstrekt door degene die u het configuratiebericht heeft gestuurd.","cp-store-confirm-dialog-message":"U gaat de volgende APN(’s) op uw telefoon opslaan:","cp-finish-confirm-dialog-message":"We zijn klaar, de APN(’s) zijn nu opgeslagen.","cp-finish-confirm-dialog-message-invalid-doc":"Het configuratiebericht dat u hebt ontvangen kon niet tegen uw simkaart worden geverifieerd, dus het kan niet worden gebruikt om uw apparaat te configureren.","cp-finish-confirm-dialog-message-auth-error":"Er is een fout opgetreden bij het verifiëren van de verzender van het bericht.","cp-finish-confirm-dialog-message-auth-unsupported-mechanism":"Het verificatiemechanisme wordt nog niet ondersteund.","cp-finish-confirm-dialog-message-no-apns":"Het configuratiebericht dat u hebt ontvangen bevat geen geldige APN’s."}