{"wap-push-message":"Wiadomość WAP Push","close":"Zamknij","accept":"Zaakceptuj","quit":"Wyjdź","cancel":"Anuluj","store":"Zapisz","try-again":"Spróbuj ponownie","finish":"Zakończ","sim":"SIM {{id}}","dsds-notification-title-with-sim":"{{title}} ({{sim}})","this-message-has-expired":"Przedawniona wiadomość","cp-pin":{"placeholder":"PIN"},"cp-message-received":"Odebrano wiadmość konfiguracyjną","cp-container-title":"Konfiguracja punktu dostępu","cp-accept-help":"Otrzymano wiadmość konfiguracyjną. Wybierz „Zaakceptuj”, aby kontynuować.","cp-accept-help-pin":"Kod PIN powinien zostać dostarczony przez wysyłającego wiadomość konfiguracyjną.","cp-quit-app-confirm-dialog-message":"Wiadomość nie została jeszcze przetworzona - na pewno wyjść?","cp-auth-failure-confirm-dialog-message":"Wprowadzony kod PIN jest nieprawidłowy. Kod PIN powinien zostać dostarczony przez wysyłającego wiadomość konfiguracyjną.","cp-store-confirm-dialog-message":"Następujące punkty dostępu zostaną zapisane na telefonie:","cp-finish-confirm-dialog-message":"Gotowe, punkty dostępu zostały zapisane.","cp-finish-confirm-dialog-message-invalid-doc":"Otrzymana wiadomość konfuguracyjna nie może zostać uwierzytelniona dla tej karty SIM i nie może zostać wykorzystana do skonfigurowania urządzenia.","cp-finish-confirm-dialog-message-auth-error":"Wystąpił błąd podczas uwierzytelniania wysyłającego wiadomość.","cp-finish-confirm-dialog-message-auth-unsupported-mechanism":"Mechanizm uwierzytelniania nie jest jeszcze obsługiwany.","cp-finish-confirm-dialog-message-no-apns":"Otrzymana wiadomość konfiguracyjna nie zawiera prawidłowych nazw punktów dostępu."}