{"wap-push-message":"WAP Push message","close":"Închide","accept":"Acceptă","quit":"Ieși","cancel":"Renunță","store":"Stochează","try-again":"Încearcă din nou","finish":"Finalizează","sim":"SIM {{id}}","dsds-notification-title-with-sim":"({{sim}}) {{title}}","this-message-has-expired":"Acest mesaj a expirat","cp-pin":{"placeholder":"Cod PIN"},"cp-message-received":"Mesaj de configurare primit","cp-container-title":"Configurarea punctului de acces OTA","cp-accept-help":"Mesaj de configurare primit, clic pe „Acceptă” pentru a continua.","cp-accept-help-pin":"Codul PIN ar trebui să fi fost furnizat de către cine ți-a trimis mesajul de configurare.","cp-quit-app-confirm-dialog-message":"Mesajul nu a fost procesat încă, sigur dorești să ieși?","cp-auth-failure-confirm-dialog-message":"Codul PIN introdus este incorect. Codul PIN ar trebui să fi fost furnizat de către cine ți-a trimis mesajul de configurare.","cp-store-confirm-dialog-message":"Ești pe cale să stochezi următoarele APN(-uri) pe telefon:","cp-finish-confirm-dialog-message":"Suntem gata, APN(-urile) sunt acum stocate.","cp-finish-confirm-dialog-message-invalid-doc":"Mesajul de configurare primit nu a putut fi autentificat folosind cartela SIM, așadar nu poate fi folosit pentru a configura dispozitivul.","cp-finish-confirm-dialog-message-auth-error":"A apărut o eroare la autentificarea expeditorului mesajului.","cp-finish-confirm-dialog-message-auth-unsupported-mechanism":"Mecanismul de autentificare nu este suportat încă.","cp-finish-confirm-dialog-message-no-apns":"Mesajul de configurare pe care l-ai primit nu are APN-uri valide."}