{"wap-push-message":"Сообщение WAP Push","close":"Закрыть","accept":"Принять","quit":"Выход","cancel":"Отмена","store":"Хранить","try-again":"Попробовать снова","finish":"Готово","sim":"SIM {{id}}","dsds-notification-title-with-sim":"({{sim}}) {{title}}","this-message-has-expired":"Это сообщение истекло","cp-pin":{"placeholder":"PIN"},"cp-message-received":"Получено сообщение с конфигурацией","cp-container-title":"Конфигурация точки доступа OTA","cp-accept-help":"Получено сообщение с конфигурацией, щёлкните на “Принять” для продолжения.","cp-accept-help-pin":"PIN-код должен быть предоставлен вам тем, кто послал вам сообщение с конфигурацией.","cp-quit-app-confirm-dialog-message":"Сообщение ещё не было обработано, вы действительно хотите выйти?","cp-auth-failure-confirm-dialog-message":"Введённый вами PIN-код является неверным. PIN-код должен быть предоставлен вам тем, кто послал вам сообщение с конфигурацией.","cp-store-confirm-dialog-message":"Вы собираетесь сохранить на вашем телефоне следующие APN:","cp-finish-confirm-dialog-message":"Мы закончили, APN были сохранены.","cp-finish-confirm-dialog-message-invalid-doc":"Полученное вами сообщение с конфигурацией, не могло быть аутентифицировано с вашей SIM-картой, поэтому не могло быть использовано для настройки вашего устройства.","cp-finish-confirm-dialog-message-auth-error":"При аутентификации отправителя сообщения произошла ошибка.","cp-finish-confirm-dialog-message-auth-unsupported-mechanism":"Механизм аутентификации пока не поддерживается.","cp-finish-confirm-dialog-message-no-apns":"Полученное вами сообщение с конфигурацией не содержит корректных APN."}