{"wap-push-message":"WAP Push порука","close":"Затвори","accept":"Прихвати","quit":"Изађи","cancel":"Откажи","store":"Запамти","try-again":"Покушај поново","finish":"Заврши","sim":"SIM {{id}}","dsds-notification-title-with-sim":"({{sim}}) {{title}}","this-message-has-expired":"Ова порука је истекла","cp-pin":{"placeholder":"PIN"},"cp-message-received":"Примљена је порука са поставкама","cp-container-title":"Поставке OTA AP","cp-accept-help":"Порука са поставкама је примљена, притисните 'Прихвати' да бисте наставили.","cp-accept-help-pin":"PIN шифра Вам је требала бити обезбеђена од стране оног ко Вам је послао поруку са поставкама.","cp-quit-app-confirm-dialog-message":"Порука још није обрађена, да ли стварно желите да одустанете?","cp-auth-failure-confirm-dialog-message":"PIN који сте унели је нетачан. PIN шифра Вам је требала бити обезбеђена од стране оног ко Вам је послао поруку са поставкама.","cp-store-confirm-dialog-message":"У процесу сте чувања следећих APN-ова на Ваш телефон:","cp-finish-confirm-dialog-message":"Готови смо, APN је сада сачуван.","cp-finish-confirm-dialog-message-invalid-doc":"Порука са поставкама коју сте примили се није могла аутентификовати од стране Ваше SIM картице, па се не може користити за подешавање Вашег уређаја.","cp-finish-confirm-dialog-message-auth-error":"Дошло је до грешке током аутентификације пошиљаоца поруке.","cp-finish-confirm-dialog-message-auth-unsupported-mechanism":"Механизам аутентификације још није подржан.","cp-finish-confirm-dialog-message-no-apns":"Порука са поставкама коју сте примили не садржи исправне APN-ове."}