{"wap-push-message":"WAP Push poruka","close":"Zatvori","accept":"Prihvati","quit":"Izađi","cancel":"Otkaži","store":"Zapamti","try-again":"Pokušaj ponovo","finish":"Završi","sim":"SIM {{id}}","dsds-notification-title-with-sim":"({{sim}}) {{title}}","this-message-has-expired":"Ova poruka je istekla","cp-pin":{"placeholder":"PIN"},"cp-message-received":"Primljena je poruka sa postavkama","cp-container-title":"Postavke OTA AP","cp-accept-help":"Poruka sa postavkama je primljena, pritisnite 'Prihvati' da biste nastavili.","cp-accept-help-pin":"PIN šifra Vam je trebala biti obezbeđena od strane onog ko Vam je poslao poruku sa postavkama.","cp-quit-app-confirm-dialog-message":"Poruka još nije obrađena, da li stvarno želite da odustanete?","cp-auth-failure-confirm-dialog-message":"PIN koji ste uneli je netačan. PIN šifra Vam je trebala biti obezbeđena od strane onog ko Vam je poslao poruku sa postavkama.","cp-store-confirm-dialog-message":"U procesu ste čuvanja sledećih APN-ova na Vaš telefon:","cp-finish-confirm-dialog-message":"Gotovi smo, APN je sada sačuvan.","cp-finish-confirm-dialog-message-invalid-doc":"Poruka sa postavkama koju ste primili se nije mogla autentifikovati od strane Vaše SIM kartice, pa se ne može koristiti za podešavanje Vašeg uređaja.","cp-finish-confirm-dialog-message-auth-error":"Došlo je do greške tokom autentifikacije pošiljaoca poruke.","cp-finish-confirm-dialog-message-auth-unsupported-mechanism":"Mehanizam autentifikacije još nije podržan.","cp-finish-confirm-dialog-message-no-apns":"Poruka sa postavkama koju ste primili ne sadrži ispravne APN-ove."}