{"wap-push-message":"WAP-pushmeddelande","close":"Stäng","accept":"Acceptera","quit":"Avsluta","cancel":"Avbryt","store":"Lagra","try-again":"Försök igen","finish":"Slutför","sim":"SIM {{id}}","dsds-notification-title-with-sim":"({{sim}}) {{title}}","this-message-has-expired":"Meddelandet har upphört","cp-pin":{"placeholder":"PIN"},"cp-message-received":"Konfigurationsmeddelande mottaget","cp-container-title":"OTA åtkomstpunktskonfiguration","cp-accept-help":"Konfigurationsmeddelande mottaget, klicka på \"Acceptera\" för att fortsätta.","cp-accept-help-pin":"PIN-koden ska ha försetts av de som skicka konfigurationsmeddelandet till dig.","cp-quit-app-confirm-dialog-message":"Meddelandet har inte behandlats än, vill du verkligen sluta?","cp-auth-failure-confirm-dialog-message":"PIN-koden som du har angett är felaktig. PIN-koden ska ha försetts av de som skicka konfigurationsmeddelandet till dig.","cp-store-confirm-dialog-message":"Du håller på att lagra följande APN(er) på telefonen:","cp-finish-confirm-dialog-message":"Vi är färdiga, APN(er) lagras nu.","cp-finish-confirm-dialog-message-invalid-doc":"Konfigurationsmeddelande du fick kunde inte verifieras mot ditt SIM-kort, så det kan inte användas för att konfigurera enheten.","cp-finish-confirm-dialog-message-auth-error":"Det fanns ett fel under autentisering av meddelandets avsändare.","cp-finish-confirm-dialog-message-auth-unsupported-mechanism":"Autentiseringsmekanismen stöds inte än.","cp-finish-confirm-dialog-message-no-apns":"Konfigurationsmeddelande som du fått har inga giltiga APN:er."}