{"geolocation-tracker":"Geolocation tracker","geoloc-start":"Start","geoloc-stop":"Stop","geoloc-clear":"Clear","geoloc-debug":"Show debug traces","geoloc-keep":"Keep locations","geoloc-save":"Save as a file","geoloc-parameters":"Parameters","geoloc-status":"Status","geoloc-debug-log":"Debug log","geoloc-timeout":"Timeout","geoloc-maxage":"Max. age","geoloc-highaccuracy":"High accuracy","geoloc-msecs":"Timeout and max. age are specified in milliseconds.","gps-fixes":"Fixes","last-fix":"Last","date-last-fix":{"placeholder":"None"},"weekday-0-long":"Domingo","weekday-1-long":"Luns","weekday-2-long":"Martes","weekday-3-long":"Mércores","weekday-4-long":"Xoves","weekday-5-long":"Venres","weekday-6-long":"Sábado","weekday-0-short":"Dom","weekday-1-short":"Lun","weekday-2-short":"Mar","weekday-3-short":"Mer","weekday-4-short":"Xov","weekday-5-short":"Ven","weekday-6-short":"Sab","month-0-long":"Xaneiro","month-1-long":"Febreiro","month-2-long":"Marzo","month-3-long":"Abril","month-4-long":"Maio","month-5-long":"Xuño","month-6-long":"Xullo","month-7-long":"Agosto","month-8-long":"Setembro","month-9-long":"Outubro","month-10-long":"Novembro","month-11-long":"Decembro","month-0-genitive":"Xaneiro","month-1-genitive":"Febreiro","month-2-genitive":"Marzo","month-3-genitive":"Abril","month-4-genitive":"Maio","month-5-genitive":"Xuño","month-6-genitive":"Xullo","month-7-genitive":"Agosto","month-8-genitive":"Setembro","month-9-genitive":"Outubro","month-10-genitive":"Novembro","month-11-genitive":"Decembro","month-0-short":"Xan","month-1-short":"Feb","month-2-short":"Mar","month-3-short":"Abr","month-4-short":"Maio","month-5-short":"Xun","month-6-short":"Xul","month-7-short":"Ago","month-8-short":"Set","month-9-short":"Out","month-10-short":"Nov","month-11-short":"Dec","minutes-ago-long":{"_index":["plural","value"],"_":{"zero":"xusto agora","one":"hai un minuto","two":"hai {{value}} minutos","few":"hai {{value}} minutos","many":"hai {{value}} minutos","other":"hai {{value}} minutos"}},"hours-ago-long":{"_index":["plural","value"],"_":{"zero":"xusto agora","one":"hai unha hora","two":"hai {{value}} horas","few":"hai {{value}} horas","many":"hai {{value}} horas","other":"hai {{value}} horas"}},"days-ago-long":{"_index":["plural","value"],"_":{"zero":"hoxe","one":"onte","two":"hai {{value}} días","few":"hai {{value}} días","many":"hai {{value}} días","other":"hai {{value}} días"}},"weeks-ago-long":{"_index":["plural","value"],"_":{"zero":"esta semana","one":"a semana pasada","two":"hai {{value}} semanas","few":"hai {{value}} semanas","many":"hai {{value}} semanas","other":"hai {{value}} semanas"}},"months-ago-long":{"_index":["plural","value"],"_":{"zero":"Este mes","one":"o mes pasado","two":"hai {{value}} meses","few":"hai {{value}} meses","many":"hai {{value}} meses","other":"hai {{value}} meses"}},"years-ago-long":{"_index":["plural","value"],"_":{"zero":"este ano","one":"o ano pasado","two":"hai {{value}} anos","few":"hai {{value}} anos","many":"hai {{value}} anos","other":"hai {{value}} anos"}},"minutes-until-long":{"_index":["plural","value"],"_":{"zero":"agora","one":"nun minuto","two":"en {{value}} minutos","few":"en {{value}} minutos","many":"en {{value}} minutos","other":"en {{value}} minutos"}},"hours-until-long":{"_index":["plural","value"],"_":{"zero":"agora","one":"nunha hora","two":"en {{value}} horas","few":"en {{value}} horas","many":"en {{value}} horas","other":"en {{value}} horas"}},"days-until-long":{"_index":["plural","value"],"_":{"zero":"hoxe","one":"mañá","two":"en {{value}} días","few":"en {{value}} días","many":"en {{value}} días","other":"en {{value}} días"}},"weeks-until-long":{"_index":["plural","value"],"_":{"zero":"esta semana","one":"a semana que ven","two":"en {{value}} semanas","few":"en {{value}} semanas","many":"en {{value}} semanas","other":"en {{value}} semanas"}},"months-until-long":{"_index":["plural","value"],"_":{"zero":"Este mes","one":"o mes que ven","two":"en {{value}} meses","few":"en {{value}} meses","many":"en {{value}} meses","other":"en {{value}} meses"}},"years-until-long":{"_index":["plural","value"],"_":{"zero":"este ano","one":"o ano que ven","two":"en {{value}} anos","few":"en {{value}} anos","many":"en {{value}} anos","other":"en {{value}} anos"}},"minutes-ago-short":{"_index":["plural","value"],"_":{"zero":"xusto agora","other":"hai {{value}}min"}},"hours-ago-short":{"_index":["plural","value"],"_":{"zero":"xusto agora","other":"hai {{value}}h"}},"days-ago-short":{"_index":["plural","value"],"_":{"zero":"hoxe","other":"hai {{value}}d"}},"minutes-until-short":{"_index":["plural","value"],"_":{"zero":"agora","other":"en {{value}}min"}},"hours-until-short":{"_index":["plural","value"],"_":{"zero":"agora","other":"en {{value}}h"}},"days-until-short":{"_index":["plural","value"],"_":{"zero":"hoxe","other":"en {{value}}d"}},"incorrectDate":"(data incorrecta)","dateTimeFormat_%c":"%a, %e de %b, %Y %H:%M:%S","dateTimeFormat_%x":"%d/%m/%Y","dateTimeFormat_%X":"%H:%M:%S","shortTimeFormat":"%H:%M","shortDateTimeFormat":"%x %H:%M %p","weekStartsOnMonday":"1","time_am":"AM","time_pm":"PM"}