{"geolocation-tracker":"Geolocation tracker","geoloc-start":"Start","geoloc-stop":"Stop","geoloc-clear":"Clear","geoloc-debug":"Show debug traces","geoloc-keep":"Keep locations","geoloc-save":"Save as a file","geoloc-parameters":"Parameters","geoloc-status":"Status","geoloc-debug-log":"Debug log","geoloc-timeout":"Timeout","geoloc-maxage":"Max. age","geoloc-highaccuracy":"High accuracy","geoloc-msecs":"Timeout and max. age are specified in milliseconds.","gps-fixes":"Fixes","last-fix":"Last","date-last-fix":{"placeholder":"None"},"weekday-0-long":"일요일","weekday-1-long":"월요일","weekday-2-long":"화요일","weekday-3-long":"수요일","weekday-4-long":"목요일","weekday-5-long":"금요일","weekday-6-long":"토요일","weekday-0-short":"일","weekday-1-short":"월","weekday-2-short":"화","weekday-3-short":"수","weekday-4-short":"목","weekday-5-short":"금","weekday-6-short":"토","month-0-long":"1월","month-1-long":"2월","month-2-long":"3월","month-3-long":"4월","month-4-long":"5월","month-5-long":"6월","month-6-long":"7월","month-7-long":"8월","month-8-long":"9월","month-9-long":"10월","month-10-long":"11월","month-11-long":"12월","month-0-genitive":"1월","month-1-genitive":"2월","month-2-genitive":"3월","month-3-genitive":"4월","month-4-genitive":"5월","month-5-genitive":"6월","month-6-genitive":"7월","month-7-genitive":"8월","month-8-genitive":"9월","month-9-genitive":"10월","month-10-genitive":"11월","month-11-genitive":"12월","month-0-short":"1월","month-1-short":"2월","month-2-short":"3월","month-3-short":"4월","month-4-short":"5월","month-5-short":"6월","month-6-short":"7월","month-7-short":"8월","month-8-short":"9월","month-9-short":"10월","month-10-short":"11월","month-11-short":"12월","minutes-ago-long":{"_index":["plural","value"],"_":{"zero":"지금","one":"1분 전","two":"{{value}}분 전","few":"{{value}}분 전","many":"{{value}}분 전","other":"{{value}}분 전"}},"hours-ago-long":{"_index":["plural","value"],"_":{"zero":"지금","one":"1시간 전","two":"{{value}}시간 전","few":"{{value}}시간 전","many":"{{value}}시간 전","other":"{{value}}시간 전"}},"days-ago-long":{"_index":["plural","value"],"_":{"zero":"오늘","one":"어제","two":"{{value}}일 전","few":"{{value}}일 전","many":"{{value}}일 전","other":"{{value}}일 전"}},"weeks-ago-long":{"_index":["plural","value"],"_":{"zero":"이번 주","one":"지난 주","two":"{{value}}주 전","few":"{{value}}주 전","many":"{{value}}주 전","other":"{{value}}주 전"}},"months-ago-long":{"_index":["plural","value"],"_":{"zero":"이번 달","one":"지난 달","two":"{{value}}개월 전","few":"{{value}}개월 전","many":"{{value}}개월 전","other":"{{value}}개월 전"}},"years-ago-long":{"_index":["plural","value"],"_":{"zero":"올해","one":"작년","two":"{{value}}년 전","few":"{{value}}년 전","many":"{{value}}년 전","other":"{{value}}년 전"}},"minutes-until-long":{"_index":["plural","value"],"_":{"zero":"지금","one":"1분 후","two":"{{value}}분 후","few":"{{value}}분 후","many":"{{value}}분 후","other":"{{value}}분 후"}},"hours-until-long":{"_index":["plural","value"],"_":{"zero":"지금","one":"한 시간 후","two":"{{value}}시간 후","few":"{{value}}시간 후","many":"{{value}}시간 후","other":"{{value}}시간 후"}},"days-until-long":{"_index":["plural","value"],"_":{"zero":"오늘","one":"내일","two":"{{value}}일 후","few":"{{value}}일 후","many":"{{value}}일 후","other":"{{value}}일 후"}},"weeks-until-long":{"_index":["plural","value"],"_":{"zero":"이번 주","one":"다음 주","two":"{{value}}주 후","few":"{{value}}주 후","many":"{{value}}주 후","other":"{{value}}주 후"}},"months-until-long":{"_index":["plural","value"],"_":{"zero":"이번 달","one":"다음 달","two":"{{value}}개월 후","few":"{{value}}개월 후","many":"{{value}}개월 후","other":"{{value}}개월 후"}},"years-until-long":{"_index":["plural","value"],"_":{"zero":"올해","one":"내년","two":"{{value}}년 후","few":"{{value}}년 후","many":"{{value}}년 후","other":"{{value}}년 후"}},"minutes-ago-short":{"_index":["plural","value"],"_":{"zero":"지금","other":"{{value}}분 전"}},"hours-ago-short":{"_index":["plural","value"],"_":{"zero":"지금","other":"{{value}}시간 전"}},"days-ago-short":{"_index":["plural","value"],"_":{"zero":"오늘","other":"{{value}}일 전"}},"minutes-until-short":{"_index":["plural","value"],"_":{"zero":"지금","other":"{{value}}분 후"}},"hours-until-short":{"_index":["plural","value"],"_":{"zero":"지금","other":"{{value}}시간 후"}},"days-until-short":{"_index":["plural","value"],"_":{"zero":"오늘","other":"{{value}}일 후"}},"incorrectDate":"(잘못된 날짜)","dateTimeFormat_%c":"%Y년 %B %e일 %a %I:%M:%S %p","dateTimeFormat_%x":"%Y/%m/%d","dateTimeFormat_%X":"%I:%M:%S %p","shortTimeFormat":"%I:%M %p","shortDateTimeFormat":"%x %I:%M %p","weekStartsOnMonday":"0","time_am":"오전","time_pm":"오후"}