{"number-selected2":{"_index":["plural","n"],"_":{"zero":"تحديد","one":"{{ n }} مُختارة","two":"{{ n }} مُختارة","few":"{{ n }} مُختارة","many":"{{ n }} مُختارة","other":"{{ n }} مُختارة"}},"delete-photo?":"حذف الصورة ؟","delete-video?":"حذف الفيديو؟","delete-n-items?":{"_index":["plural","n"],"_":{"zero":"لاشيء محدد","one":"حذف العنصر المحدد؟","two":"حذف {{ n }} عناصر؟","few":"حذف {{ n }} عناصر؟","many":"حذف {{ n }} عناصر؟","other":"حذف {{ n }} عناصر؟"}},"pickoneimage2":"تحديد","cropimage":"قص","cancel":"إلغاء","delete":"احذف","ok":"موافق","edit":"تحرير","save":"حفِظ","done":"تمّ","exposure":"توسيع","crop":"قص","effects":"تأثيرات","borders":"حدود","enhance-on":"التحسين التلقائي مفعل","enhance-off":"التحسين التلقائي غير مفعل","original":"الصورة الأصلية","blackandwhite":"B&W","sepia":"بني داكن","freeform":"إطار حُرّ","portrait":"طولي","landscape":"عرضي","square":"مربع","emptygallery2-title":"لا يوجد صور أو فيديو","emptygallery2-text":"استخدم نطبيق الكاميرا للبدء","emptygallery2-title-pick":"لايوجد صور","nocard3-title":"بطاقة الذاكرة غير موجودة","nocard4-text":"أدخل بطاقة الذاكرة لاستخدام التطبيق","pluggedin2-title":"بطاقة الذاكرة قيد الاستخدام","pluggedin2-text":"إفصل الجوّال لاستخدام هذا التطبيق","scanning-title":"جارِ البحث","scanning-text":"جارِ البحث عن الصور والفيديوهات","upgrade-title":"تحديث قاعدة البيانات","upgrade-text":"الرجاء الانتظار ليقوم المعرض بتحديث قاعدة البيانات الخاصة به.","share-noprovider":"لا يمكن مشاركة هذا النوع من ملفات الصور.","memorycardfull":"لا يمكن تحرير الصور: بطاقة الذاكرة ممتلئة ","imagetoobig":"الصورة كبيرة جدا لعرضها على هذا الجهاز.","imageinvalid":"الصورة تحتوي على خطأ ولا يمكن عرضها.","saved":"{{filename}} حُفِظ في المعرض","overlay-camera-button":"الذهاب إلى الكاميرا","name-label":"إسم","size-label":"الحجم","image-type-label":"نوع الصورة","date-taken-label":"تاريخ إلتقاط الصورة","resolution-label":"الدقة","close-button":"اغلق","byteUnit-B":"بايت","byteUnit-KB":"كيلوبايت","byteUnit-MB":"ميجا بايت","byteUnit-GB":"غيغا بايت","gallery":"المعرض","preview":"معاينة","date-group-header":"%B %Y","weekday-0-long":"الأحد","weekday-1-long":"الإثنين","weekday-2-long":"الثلاثاء","weekday-3-long":"الأربعاء","weekday-4-long":"الخميس","weekday-5-long":"الجمعة","weekday-6-long":"السبت","weekday-0-short":"أحد","weekday-1-short":"إثنين","weekday-2-short":"ثلاثاء","weekday-3-short":"أربعاء","weekday-4-short":"خميس","weekday-5-short":"جمعة","weekday-6-short":"سبت","month-0-long":"يناير","month-1-long":"فبراير","month-2-long":"مارس","month-3-long":"أبريل","month-4-long":"مايو","month-5-long":"يونيو","month-6-long":"يوليو","month-7-long":"أغسطس","month-8-long":"سبتمبر","month-9-long":"أكتوبر","month-10-long":"نوفمبر","month-11-long":"ديسمبر","month-0-genitive":"يناير","month-1-genitive":"فبراير","month-2-genitive":"مارس","month-3-genitive":"أبريل","month-4-genitive":"مايو","month-5-genitive":"يونيو","month-6-genitive":"يوليو","month-7-genitive":"أغسطس","month-8-genitive":"سبتمبر","month-9-genitive":"أكتوبر","month-10-genitive":"نوفمبر","month-11-genitive":"ديسمبر","month-0-short":"يناير","month-1-short":"فبراير","month-2-short":"مارس","month-3-short":"ابريل","month-4-short":"مايو","month-5-short":"يونيو","month-6-short":"يوليو","month-7-short":"أغسطس","month-8-short":"سبتمبر","month-9-short":"أكتوبر","month-10-short":"نوفمبر","month-11-short":"ديسمبر","minutes-ago-long":{"_index":["plural","value"],"_":{"zero":"الآن","one":"منذ دقيقة","two":"منذ دقيقتين","few":"منذ {{value}} دقائق","many":"منذ {{value}} دقيقة","other":"منذ {{value}} دقيقة"}},"hours-ago-long":{"_index":["plural","value"],"_":{"zero":"الآن","one":"منذ ساعة","two":"منذ ساعتين","few":"قبل {{value}} ساعات","many":"قبل {{value}} ساعة","other":"قبل {{value}} ساعة"}},"days-ago-long":{"_index":["plural","value"],"_":{"zero":"اليوم","one":"الأمس","two":"منذ يومين","few":"منذ {{value}} أيام","many":"منذ {{value}} يوم","other":"منذ {{value}} يوم"}},"weeks-ago-long":{"_index":["plural","value"],"_":{"zero":"هذا الأسبوع","one":"الأسبوع الماضي","two":"منذ أسبوعين","few":"منذ {{value}} أسابيع","many":"منذ {{value}} أسبوع","other":"منذ {{value}} أسبوع"}},"months-ago-long":{"_index":["plural","value"],"_":{"zero":"هذا الشهر","one":"الشهر الماضي","two":"منذ شهرين","few":"منذ {{value}} أشهر","many":"منذ {{value}} شهر","other":"منذ {{value}} شهر"}},"years-ago-long":{"_index":["plural","value"],"_":{"zero":"هذه السنة","one":"السنة الماضية","two":"منذ سنتين","few":"منذ {{value}} سنوات","many":"منذ {{value}} سنة","other":"منذ {{value}} سنة"}},"minutes-until-long":{"_index":["plural","value"],"_":{"zero":"الآن","one":"خلال دقيقة","two":"خلال دقيقتين","few":"خلال {{value}} دقائق","many":"خلال {{value}} دقيقة","other":"خلال {{value}} دقيقة"}},"hours-until-long":{"_index":["plural","value"],"_":{"zero":"الآن","one":"خلال ساعة","two":"خلال ساعتين","few":"خلال {{value}} ساعات","many":"خلال {{value}} ساعة","other":"خلال {{value}} ساعة"}},"days-until-long":{"_index":["plural","value"],"_":{"zero":"اليوم","one":"غداً","two":"خلال يومين","few":"خلال {{value}} أيام","many":"خلال {{value}} يوم","other":"خلال {{value}} يوم"}},"weeks-until-long":{"_index":["plural","value"],"_":{"zero":"هذا الأسبوع","one":"الأسبوع القادم","two":"خلال أسبوعين","few":"خلال {{value}} أسابيع","many":"خلال {{value}} أسبوع","other":"خلال {{value}} أسبوع"}},"months-until-long":{"_index":["plural","value"],"_":{"zero":"هذا الشهر","one":"الشهر القادم","two":"خلال شهرين","few":"خلال {{value}} أشهر","many":"خلال {{value}} شهر","other":"خلال {{value}} شهر"}},"years-until-long":{"_index":["plural","value"],"_":{"zero":"هذه السنة","one":"السنة القادمة","two":"خلال سنتين","few":"خلال {{value}} سنوات","many":"خلال {{value}} سنة","other":"خلال {{value}} سنة"}},"minutes-ago-short":{"_index":["plural","value"],"_":{"zero":"الآن","other":"منذ {{value}} دقيقة"}},"hours-ago-short":{"_index":["plural","value"],"_":{"zero":"الآن","other":"منذ {{value}} س"}},"days-ago-short":{"_index":["plural","value"],"_":{"zero":"اليوم","other":"منذ {{value}} ي"}},"minutes-until-short":{"_index":["plural","value"],"_":{"zero":"الآن","other":"خلال {{value}} د"}},"hours-until-short":{"_index":["plural","value"],"_":{"zero":"الآن","other":"خلال {{value}} س"}},"days-until-short":{"_index":["plural","value"],"_":{"zero":"اليوم","other":"خلال {{value}} ي"}},"incorrectDate":"(تاريخ غير صحيح)","dateTimeFormat_%c":"%a %b %e %Y %I:%M:%S %p","dateTimeFormat_%x":"%m/%d/%Y","dateTimeFormat_%X":"%I:%M:%S %p","shortTimeFormat":"%I:%M %p","shortDateTimeFormat":"%x %I:%M %p","weekStartsOnMonday":"0","time_am":"ص","time_pm":"م"}