{"number-selected2":{"_index":["plural","n"],"_":{"zero":"Vybrat","one":"Jedna vybrána","two":"Dvě vybrány","few":"{{ n }} vybrány","many":"{{ n }} vybráno","other":"{{ n }} vybráno"}},"delete-photo?":"Smazat fotografii?","delete-video?":"Smazat video?","delete-n-items?":{"_index":["plural","n"],"_":{"zero":"Nic není vybráno","one":"Smazat vybranou položku?","two":"Smazat obě vybrané položky?","few":"Smazat {{ n }} položky?","many":"Smazat {{ n }} položek?","other":"Smazat {{ n }} položek?"}},"pickoneimage2":"Vybrat","cropimage":"Oříznout","cancel":"Zrušit","delete":"Smazat","ok":"OK","edit":"Upravit","save":"Uložit","done":"Hotovo","exposure":"Expozice","crop":"Oříznout","effects":"Efekty","borders":"Okraje","enhance-on":"Automatické vylepšení zapnuto","enhance-off":"Automatické vylepšení vypnuto","original":"Originál","blackandwhite":"Č&B","sepia":"Sépie","freeform":"Bez omezení","portrait":"Na výšku","landscape":"Na šířku","square":"Čtverec","emptygallery2-title":"Žádné fotografie ani video","emptygallery2-text":"Pro začátek použijte aplikaci Fotoaparát.","emptygallery2-title-pick":"Žádné fotografie","nocard3-title":"Chybí paměťová karta","nocard4-text":"Pro použití této aplikace vložte paměťovou kartu. ","pluggedin2-title":"Paměťová karta se používá","pluggedin2-text":"Pro použití této aplikace odpojte telefon.","scanning-title":"Prohledávání","scanning-text":"Hledají se fotky a videa.","upgrade-title":"Aktualizace databáze","upgrade-text":"Čekejte prosím, aplikace Galerie aktualizuje svou databázi.","share-noprovider":"Tento typ obrázku nelze sdílet.","memorycardfull":"Fotografii nelze upravit: Paměťová karta je plná.","imagetoobig":"Pro zobrazení na tomto zařízení je obrázek příliš velký. ","imageinvalid":"Obrázek je neplatný či poškozený a nemůže tak být zobrazen.","saved":"{{filename}} uložen do aplikace Galerie ","overlay-camera-button":"Přejít na Fotoaparát","name-label":"Název","size-label":"Velikost","image-type-label":"Typ obrázku","date-taken-label":"Datum pořízení","resolution-label":"Rozlišení","close-button":"Zavřít","byteUnit-B":"Bajtů","byteUnit-KB":"KB","byteUnit-MB":"MB","byteUnit-GB":"GB","gallery":"Galerie","preview":"Náhled","date-group-header":"%B %Y","weekday-0-long":"Neděle","weekday-1-long":"Pondělí","weekday-2-long":"Úterý","weekday-3-long":"Středa","weekday-4-long":"Čtvrtek","weekday-5-long":"Pátek","weekday-6-long":"Sobota","weekday-0-short":"Ne","weekday-1-short":"Po","weekday-2-short":"Út","weekday-3-short":"St","weekday-4-short":"Čt","weekday-5-short":"Pá","weekday-6-short":"So","month-0-long":"Leden","month-1-long":"Únor","month-2-long":"Březen","month-3-long":"Duben","month-4-long":"Květen","month-5-long":"Červen","month-6-long":"Červenec","month-7-long":"Srpen","month-8-long":"Září","month-9-long":"Říjen","month-10-long":"Listopad","month-11-long":"Prosinec","month-0-genitive":"Leden","month-1-genitive":"Únor","month-2-genitive":"Březen","month-3-genitive":"Duben","month-4-genitive":"Květen","month-5-genitive":"Červen","month-6-genitive":"Červenec","month-7-genitive":"Srpen","month-8-genitive":"Září","month-9-genitive":"Říjen","month-10-genitive":"Listopad","month-11-genitive":"Prosinec","month-0-short":"leden","month-1-short":"únor","month-2-short":"březen","month-3-short":"duben","month-4-short":"květen","month-5-short":"červen","month-6-short":"červenec","month-7-short":"srpen","month-8-short":"září","month-9-short":"říjen","month-10-short":"listopad","month-11-short":"prosinec","minutes-ago-long":{"_index":["plural","value"],"_":{"zero":"právě teď","one":"před minutou","two":"před 2 minutami","few":"před {{value}} minutami","many":"před {{value}} minutami","other":"před {{value}} minutami"}},"hours-ago-long":{"_index":["plural","value"],"_":{"zero":"právě teď","one":"před hodinou","two":"před 2 hodinami","few":"před {{value}} hodinami","many":"před {{value}} hodinami","other":"před {{value}} hodinami"}},"days-ago-long":{"_index":["plural","value"],"_":{"zero":"dnes","one":"včera","two":"předevčírem","few":"před {{value}} dny","many":"před {{value}} dny","other":"před {{value}} dny"}},"weeks-ago-long":{"_index":["plural","value"],"_":{"zero":"tento týden","one":"minutý týden","two":"před {{value}} týdny","few":"před {{value}} týdny","many":"před {{value}} týdny","other":"před {{value}} týdny"}},"months-ago-long":{"_index":["plural","value"],"_":{"zero":"tento měsíc","one":"minulý měsíc","two":"před {{value}} měsíci","few":"před {{value}} měsíci","many":"před {{value}} měsíci","other":"před {{value}} měsíci"}},"years-ago-long":{"_index":["plural","value"],"_":{"zero":"tento rok","one":"minulý rok","two":"před {{value}} roky","few":"před {{value}} roky","many":"před {{value}} roky","other":"před {{value}} roky"}},"minutes-until-long":{"_index":["plural","value"],"_":{"zero":"nyní","one":"za minutu","two":"za 2 minuty","few":"za {{value}} minuty","many":"za {{value}} minut","other":"za {{value}} minut"}},"hours-until-long":{"_index":["plural","value"],"_":{"zero":"nyní","one":"za hodinu","two":"za 2 hodiny","few":"za {{value}} hodiny","many":"za {{value}} hodin","other":"za {{value}} hodin"}},"days-until-long":{"_index":["plural","value"],"_":{"zero":"dnes","one":"zítra","two":"pozítří","few":"za {{value}} dny","many":"za {{value}} dnů","other":"za {{value}} dnů"}},"weeks-until-long":{"_index":["plural","value"],"_":{"zero":"tento týden","one":"příští týden","two":"za {{value}} týdny","few":"za {{value}} týdny","many":"za {{value}} týdnů","other":"za {{value}} týdnů"}},"months-until-long":{"_index":["plural","value"],"_":{"zero":"tento měsíc","one":"příští měsíc","two":"za {{value}} měsíce","few":"za {{value}} měsíce","many":"za {{value}} měsíců","other":"za {{value}} měsíců"}},"years-until-long":{"_index":["plural","value"],"_":{"zero":"tento rok","one":"příští rok","two":"za {{value}} roky","few":"za {{value}} roky","many":"za {{value}} roků","other":"za {{value}} roků"}},"minutes-ago-short":{"_index":["plural","value"],"_":{"zero":"právě teď","other":"před {{value}} min"}},"hours-ago-short":{"_index":["plural","value"],"_":{"zero":"právě teď","other":"před {{value}} hod"}},"days-ago-short":{"_index":["plural","value"],"_":{"zero":"dnes","other":"před {{value}} dny"}},"minutes-until-short":{"_index":["plural","value"],"_":{"zero":"nyní","other":"za {{value}} min"}},"hours-until-short":{"_index":["plural","value"],"_":{"zero":"nyní","other":"za {{value}} hod"}},"days-until-short":{"_index":["plural","value"],"_":{"zero":"dnes","other":"za {{value}} dny"}},"incorrectDate":"(neplatné datum)","dateTimeFormat_%c":"%a %e. %b %Y %H:%M:%S","dateTimeFormat_%x":"%e. %m. %Y","dateTimeFormat_%X":"%H:%M:%S","shortTimeFormat":"%H:%M","shortDateTimeFormat":"%x %H:%M","weekStartsOnMonday":"1","time_am":"AM","time_pm":"PM"}