{"number-selected2":{"_index":["plural","n"],"_":{"zero":"Seleccionar","one":"{{ n }} seleccionada","two":"{{ n }} seleccionadas","few":"{{ n }} seleccionadas","many":"{{ n }} seleccionadas","other":"{{ n }} seleccionadas"}},"delete-photo?":"¿Borrar foto?","delete-video?":"¿Borrar vídeo?","delete-n-items?":{"_index":["plural","n"],"_":{"zero":"Ninguno seleccionado","one":"¿Eliminar el elemento seleccionado?","two":"¿Eliminar {{n}} elementos?","few":"¿Eliminar {{n}} elementos?","many":"¿Eliminar {{n}} elementos?","other":"¿Eliminar {{n}} elementos?"}},"pickoneimage2":"Seleccionar","cropimage":"Recortar","cancel":"Cancelar","delete":"Borrar","ok":"Aceptar","edit":"Editar","save":"Guardar","done":"Hecho","exposure":"Exposición","crop":"Recortar","effects":"Efectos","borders":"Bordes","enhance-on":"Mejora automática sí","enhance-off":"Mejora automática no","original":"Original","blackandwhite":"B/N","sepia":"Sepia","freeform":"Forma libre","portrait":"Vertical","landscape":"Horizontal","square":"Cuadrada","emptygallery2-title":"No hay ni fotos ni vídeos","emptygallery2-text":"Use la aplicación Cámara para comenzar.","emptygallery2-title-pick":"Sin fotos","nocard3-title":"No hay tarjeta de memoria","nocard4-text":"Introduzca una tarjeta de memoria para usar esta aplicación.","pluggedin2-title":"Tarjeta de memoria en uso","pluggedin2-text":"Desconecte su teléfono para utilizar esta aplicación.","scanning-title":"Examinando","scanning-text":"Buscando fotos y videos.","upgrade-title":"Actualización de base de datos","upgrade-text":"Espere mientras la Galería actualiza su base de datos.","share-noprovider":"No se puede compartir este tipo de archivo de imagen.","memorycardfull":"No se pueden editar las fotos: la tarjeta de memoria está llena.","imagetoobig":"La imagen es demasiado grande para mostrarse en este dispositivo.","imageinvalid":"La imagen no es válida o está dañada y no puede mostrarse.","saved":"{{filename}} guardado en la Galería","overlay-camera-button":"Ir a la aplicación Cámara","name-label":"Nombre","size-label":"Tamaño","image-type-label":"Tipo de imagen","date-taken-label":"Tomada el","resolution-label":"Resolución","close-button":"Cerrar","byteUnit-B":"Bytes","byteUnit-KB":"Kb","byteUnit-MB":"Mb","byteUnit-GB":"Gb","gallery":"Galería","preview":"Previsualizar","date-group-header":"%B %Y","weekday-0-long":"domingo","weekday-1-long":"lunes","weekday-2-long":"martes","weekday-3-long":"miércoles","weekday-4-long":"jueves","weekday-5-long":"viernes","weekday-6-long":"sábado","weekday-0-short":"do.","weekday-1-short":"lu.","weekday-2-short":"ma.","weekday-3-short":"mi.","weekday-4-short":"ju.","weekday-5-short":"vi.","weekday-6-short":"sá.","month-0-long":"enero","month-1-long":"febrero","month-2-long":"marzo","month-3-long":"abril","month-4-long":"mayo","month-5-long":"junio","month-6-long":"julio","month-7-long":"agosto","month-8-long":"septiembre","month-9-long":"octubre","month-10-long":"noviembre","month-11-long":"diciembre","month-0-genitive":"enero","month-1-genitive":"febrero","month-2-genitive":"marzo","month-3-genitive":"abril","month-4-genitive":"mayo","month-5-genitive":"junio","month-6-genitive":"julio","month-7-genitive":"agosto","month-8-genitive":"septiembre","month-9-genitive":"octubre","month-10-genitive":"noviembre","month-11-genitive":"diciembre","month-0-short":"ene.","month-1-short":"feb.","month-2-short":"mar.","month-3-short":"abr.","month-4-short":"may.","month-5-short":"jun.","month-6-short":"jul.","month-7-short":"ago.","month-8-short":"sep.","month-9-short":"oct.","month-10-short":"nov.","month-11-short":"dic.","minutes-ago-long":{"_index":["plural","value"],"_":{"zero":"ahora","one":"hace un minuto","two":"hace {{value}} minutos","few":"hace {{value}} minutos","many":"hace {{value}} minutos","other":"hace {{value}} minutos"}},"hours-ago-long":{"_index":["plural","value"],"_":{"zero":"ahora","one":"hace una hora","two":"hace {{value}} horas","few":"hace {{value}} horas","many":"hace {{value}} horas","other":"hace {{value}} horas"}},"days-ago-long":{"_index":["plural","value"],"_":{"zero":"hoy","one":"ayer","two":"hace {{value}} días","few":"hace {{value}} días","many":"hace {{value}} días","other":"hace {{value}} días"}},"weeks-ago-long":{"_index":["plural","value"],"_":{"zero":"esta semana","one":"la semana pasada","two":"hace {{value}} semanas","few":"hace {{value}} semanas","many":"hace {{value}} semanas","other":"hace {{value}} semanas"}},"months-ago-long":{"_index":["plural","value"],"_":{"zero":"este mes","one":"el último mes","two":"hace {{value}} meses","few":"hace {{value}} meses","many":"hace {{value}} meses","other":"hace {{value}} meses"}},"years-ago-long":{"_index":["plural","value"],"_":{"zero":"este año","one":"último año","two":"hace {{value}} años","few":"hace {{value}} años","many":"hace {{value}} años","other":"hace {{value}} años"}},"minutes-until-long":{"_index":["plural","value"],"_":{"zero":"ahora","one":"en un minuto","two":"en {{value}} minutos","few":"en {{value}} minutos","many":"en {{value}} minutos","other":"en {{value}} minutos"}},"hours-until-long":{"_index":["plural","value"],"_":{"zero":"ahora","one":"en una hora","two":"en {{value}} horas","few":"en {{value}} horas","many":"en {{value}} horas","other":"en {{value}} horas"}},"days-until-long":{"_index":["plural","value"],"_":{"zero":"hoy","one":"mañana","two":"en {{value}} días","few":"en {{value}} días","many":"en {{value}} días","other":"en {{value}} días"}},"weeks-until-long":{"_index":["plural","value"],"_":{"zero":"esta semana","one":"la próxima semana","two":"en {{value}} semanas","few":"en {{value}} semanas","many":"en {{value}} semanas","other":"en {{value}} semanas"}},"months-until-long":{"_index":["plural","value"],"_":{"zero":"este mes","one":"próximo mes","two":"en {{value}} meses","few":"en {{value}} meses","many":"en {{value}} meses","other":"en {{value}} meses"}},"years-until-long":{"_index":["plural","value"],"_":{"zero":"este año","one":"próximo año","two":"en {{value}} años","few":"en {{value}} años","many":"en {{value}} años","other":"en {{value}} años"}},"minutes-ago-short":{"_index":["plural","value"],"_":{"zero":"ahora","other":"hace {{value}} m"}},"hours-ago-short":{"_index":["plural","value"],"_":{"zero":"ahora","other":"hace {{value}} h"}},"days-ago-short":{"_index":["plural","value"],"_":{"zero":"hoy","other":"hace {{value}} d"}},"minutes-until-short":{"_index":["plural","value"],"_":{"zero":"ahora","other":"en {{value}} m"}},"hours-until-short":{"_index":["plural","value"],"_":{"zero":"ahora","other":"en {{value}} h"}},"days-until-short":{"_index":["plural","value"],"_":{"zero":"hoy","other":"en {{value}} d"}},"incorrectDate":"(fecha incorrecta)","dateTimeFormat_%c":"%a, %e de %b, %Y %H:%M:%S","dateTimeFormat_%x":"%d/%m/%Y","dateTimeFormat_%X":"%H:%M:%S","shortTimeFormat":"%H:%M","shortDateTimeFormat":"%x %H:%M %p","weekStartsOnMonday":"1","time_am":"AM","time_pm":"PM"}