{"number-selected2":{"_index":["plural","n"],"_":{"zero":"Hautatu","one":"{{ n }} hautatuta","two":"{{ n }} hautatuta","few":"{{ n }} hautatuta","many":"{{ n }} hautatuta","other":"{{ n }} hautatuta"}},"delete-photo?":"Ezabatu argazkia?","delete-video?":"Ezabatu bideoa?","delete-n-items?":{"_index":["plural","n"],"_":{"zero":"Ez da ezer hautatu","one":"Ezabatu hautatutako elementua?","two":"Ezabatu {{ n }} elementu?","few":"Ezabatu {{ n }} elementu?","many":"Ezabatu {{ n }} elementu?","other":"Ezabatu {{ n }} elementu?"}},"pickoneimage2":"Hautatu","cropimage":"Moztu","cancel":"Utzi","delete":"Ezabatu","ok":"Ados","edit":"Editatu","save":"Gorde","done":"Eginda","exposure":"Esposizioa","crop":"Moztu","effects":"Efektuak","borders":"Ertzak","enhance-on":"Auto-hobetzea aktibo","enhance-off":"Auto-hobetzea inaktibo","original":"Jatorrizkoa","blackandwhite":"Zuri-beltza","sepia":"Sepia","freeform":"Librea","portrait":"Bertikala","landscape":"Horizontala","square":"Karratua","emptygallery2-title":"Argazki edo bideorik ez","emptygallery2-text":"Erabili kameraren aplikazioa erabiltzen hasteko.","emptygallery2-title-pick":"Argazkirik ez","nocard3-title":"Memoria-txartelik ez","nocard4-text":"Sartu memoria-txartela aplikazio hau erabiltzeko.","pluggedin2-title":"Memoria-txartela erabiltzen ari da","pluggedin2-text":"Desentxufatu telefonoa aplikazio hau erabiltzeko.","scanning-title":"Eskaneatzen","scanning-text":"Argazkiak eta bideoak bilatzen.","upgrade-title":"Datu-basearen bertsio-berritzea","upgrade-text":"Itxaron mesedez galeriak bere datu-basea eguneratzen duen artean.","share-noprovider":"Ezin da irudi-fitxategi mota hau partekatu.","memorycardfull":"Ezin da argazkiarik editatu: memoria-txartela beteta dago.","imagetoobig":"Irudia handiegia da gailu honetan bistaratzeko.","imageinvalid":"Irudia baliogabea da edo hondatuta dago eta ezin da bistaratu.","saved":"{{filename}} galerian gorde da","overlay-camera-button":"Joan kamerara","name-label":"Izena","size-label":"Tamaina","image-type-label":"Irudi mota","date-taken-label":"Hartze-data","resolution-label":"Bereizmena","close-button":"Itxi","byteUnit-B":"Byte","byteUnit-KB":"KB","byteUnit-MB":"MB","byteUnit-GB":"GB","gallery":"Galeria","preview":"Aurrebista","date-group-header":"%Y.eko %B","weekday-0-long":"igandea","weekday-1-long":"astelehena","weekday-2-long":"asteartea","weekday-3-long":"asteazkena","weekday-4-long":"osteguna","weekday-5-long":"ostirala","weekday-6-long":"larunbata","weekday-0-short":"ig.","weekday-1-short":"al.","weekday-2-short":"ar.","weekday-3-short":"az.","weekday-4-short":"og.","weekday-5-short":"or.","weekday-6-short":"lr.","month-0-long":"urtarrila","month-1-long":"otsaila","month-2-long":"martxoa","month-3-long":"apirila","month-4-long":"maiatza","month-5-long":"ekaina","month-6-long":"uztaila","month-7-long":"abuztua","month-8-long":"iraila","month-9-long":"urria","month-10-long":"azaroa","month-11-long":"abendua","month-0-genitive":"urtarrila","month-1-genitive":"otsaila","month-2-genitive":"martxoa","month-3-genitive":"apirila","month-4-genitive":"maiatza","month-5-genitive":"ekaina","month-6-genitive":"uztaila","month-7-genitive":"abuztua","month-8-genitive":"iraila","month-9-genitive":"urria","month-10-genitive":"azaroa","month-11-genitive":"abendua","month-0-short":"urt","month-1-short":"ots","month-2-short":"mar","month-3-short":"api","month-4-short":"mai","month-5-short":"eka","month-6-short":"uzt","month-7-short":"abu","month-8-short":"ira","month-9-short":"urr","month-10-short":"aza","month-11-short":"abe","minutes-ago-long":{"_index":["plural","value"],"_":{"zero":"orain","one":"duela minutu bat","two":"duela {{value}} minutu","few":"duela {{value}} minutu","many":"duela {{value}} minutu","other":"duela {{value}} minutu"}},"hours-ago-long":{"_index":["plural","value"],"_":{"zero":"orain","one":"duela ordubete","two":"duela {{value}} ordu","few":"duela {{value}} ordu","many":"duela {{value}} ordu","other":"duela {{value}} ordu"}},"days-ago-long":{"_index":["plural","value"],"_":{"zero":"gaur","one":"atzo","two":"herenegun","few":"duela {{value}} egun","many":"duela {{value}} egun","other":"duela {{value}} egun"}},"weeks-ago-long":{"_index":["plural","value"],"_":{"zero":"aste honetan","one":"azken astean","two":"duela {{value}} aste","few":"duela {{value}} aste","many":"duela {{value}} aste","other":"duela {{value}} aste"}},"months-ago-long":{"_index":["plural","value"],"_":{"zero":"hilabete honetan","one":"azken hilabetean","two":"duela {{value}} hilabete","few":"duela {{value}} hilabete","many":"duela {{value}} hilabete","other":"duela {{value}} hilabete"}},"years-ago-long":{"_index":["plural","value"],"_":{"zero":"aurten","one":"iaz","two":"duela {{value}} urte","few":"duela {{value}} urte","many":"duela {{value}} urte","other":"duela {{value}} urte"}},"minutes-until-long":{"_index":["plural","value"],"_":{"zero":"orain","one":"minutu barru","two":"{{value}} minutu barru","few":"{{value}} minutu barru","many":"{{value}} minutu barru","other":"{{value}} minutu barru"}},"hours-until-long":{"_index":["plural","value"],"_":{"zero":"orain","one":"ordubete barru","two":"{{value}} ordu barru","few":"{{value}} ordu barru","many":"{{value}} ordu barru","other":"{{value}} ordu barru"}},"days-until-long":{"_index":["plural","value"],"_":{"zero":"gaur","one":"bihar","two":"etzi","few":"{{value}} egun barru","many":"{{value}} egun barru","other":"{{value}} egun barru"}},"weeks-until-long":{"_index":["plural","value"],"_":{"zero":"aste honetan","one":"hurrengo astean","two":"{{value}} aste barru","few":"{{value}} aste barru","many":"{{value}} aste barru","other":"{{value}} aste barru"}},"months-until-long":{"_index":["plural","value"],"_":{"zero":"hil honetan","one":"hurrengo hilean","two":"{{value}} hilabete barru","few":"{{value}} hilabete barru","many":"{{value}} hilabete barru","other":"{{value}} hilabete barru"}},"years-until-long":{"_index":["plural","value"],"_":{"zero":"aurten","one":"hurrengo urtean","two":"{{value}} urte barru","few":"{{value}} urte barru","many":"{{value}} urte barru","other":"{{value}} urte barru"}},"minutes-ago-short":{"_index":["plural","value"],"_":{"zero":"orain","other":"duela {{value}}m"}},"hours-ago-short":{"_index":["plural","value"],"_":{"zero":"orain","other":"duela {{value}}h"}},"days-ago-short":{"_index":["plural","value"],"_":{"zero":"gaur","other":"duela {{value}}eg."}},"minutes-until-short":{"_index":["plural","value"],"_":{"zero":"orain","other":"{{value}}m barru"}},"hours-until-short":{"_index":["plural","value"],"_":{"zero":"orain","other":"{{value}}h barru"}},"days-until-short":{"_index":["plural","value"],"_":{"zero":"gaur","other":"{{value}}eg. barru"}},"incorrectDate":"(data okerra)","dateTimeFormat_%c":"%a, %Y.eko %Bren %ea %H:%M:%S","dateTimeFormat_%x":"%Y/%m/%d","dateTimeFormat_%X":"%H:%M:%S","shortTimeFormat":"%H:%M","shortDateTimeFormat":"%x %H:%M","weekStartsOnMonday":"1","time_am":"AM","time_pm":"PM"}