{"number-selected2":{"_index":["plural","n"],"_":{"zero":"Kiválasztás","one":"{{ n }} kiválasztva","two":"{{ n }} kiválasztva","few":"{{ n }} kiválasztva","many":"{{ n }} kiválasztva","other":"{{ n }} kiválasztva"}},"delete-photo?":"Törli a fotót?","delete-video?":"Törli a videót?","delete-n-items?":{"_index":["plural","n"],"_":{"zero":"Nincs kiválasztva","one":"Törli a kiválasztott elemet?","two":"{{ n }} elem törlése?","few":"{{ n }} elem törlése?","many":"{{ n }} elem törlése?","other":"{{ n }} elem törlése?"}},"pickoneimage2":"Kiválasztás","cropimage":"Kivágás","cancel":"Mégse","delete":"Törlés","ok":"OK","edit":"Szerkesztés","save":"Mentés","done":"Kész","exposure":"Megvilágítás","crop":"Kivágás","effects":"Effektusok","borders":"Szegélyek","enhance-on":"Automata javítás be","enhance-off":"Automata javítás ki","original":"Eredeti","blackandwhite":"F&F","sepia":"Szépia","freeform":"Szabadkézi","portrait":"Álló","landscape":"Fekvő","square":"Négyzet","emptygallery2-title":"Nincsenek fotók vagy videók","emptygallery2-text":"A kezdéshez indítsa el a Kamera appot.","emptygallery2-title-pick":"Nincsenek fotók","nocard3-title":"Nincs memóriakártya","nocard4-text":"Az app használatához tegye be a memóriakártyát.","pluggedin2-title":"A memóriakártya használatban van","pluggedin2-text":"Az app használatához húzza ki a telefont","scanning-title":"Vizsgálat","scanning-text":"Fotók és videók keresése.","upgrade-title":"Adatbázis-frissítés","upgrade-text":"Kis türelmet a Galéria adatbázisának frissítéséig.","share-noprovider":"Ez a képfájltípus nem osztható meg.","memorycardfull":"A fotók nem szerkeszthetők: a memóriakártya megtelt.","imagetoobig":"A kép túl nagy a megjelenítéshez az eszközön.","imageinvalid":"A kép érvénytelen vagy sérült és nem jeleníthető meg.","saved":"{{filename}} elmentve a Galériába","overlay-camera-button":"Ugrás a Kamerára","name-label":"Név","size-label":"Méret","image-type-label":"Képtípus","date-taken-label":"Készítés dátuma","resolution-label":"Felbontás","close-button":"Bezárás","byteUnit-B":"Bájt","byteUnit-KB":"KB","byteUnit-MB":"MB","byteUnit-GB":"GB","gallery":"Galéria","preview":"Előnézet","date-group-header":"%Y. %B","weekday-0-long":"Vasárnap","weekday-1-long":"Hétfő","weekday-2-long":"Kedd","weekday-3-long":"Szerda","weekday-4-long":"Csütörtök","weekday-5-long":"Péntek","weekday-6-long":"Szombat","weekday-0-short":"Va.","weekday-1-short":"Hé.","weekday-2-short":"Ke.","weekday-3-short":"Sze.","weekday-4-short":"Csü.","weekday-5-short":"Pé.","weekday-6-short":"Szo.","month-0-long":"Január","month-1-long":"Február","month-2-long":"Március","month-3-long":"Április","month-4-long":"Május","month-5-long":"Június","month-6-long":"Július","month-7-long":"Augusztus","month-8-long":"Szeptember","month-9-long":"Október","month-10-long":"November","month-11-long":"December","month-0-genitive":"Január","month-1-genitive":"Február","month-2-genitive":"Március","month-3-genitive":"Április","month-4-genitive":"Május","month-5-genitive":"Június","month-6-genitive":"Július","month-7-genitive":"Augusztus","month-8-genitive":"Szeptember","month-9-genitive":"Október","month-10-genitive":"November","month-11-genitive":"December","month-0-short":"Jan","month-1-short":"Feb","month-2-short":"Már","month-3-short":"Ápr","month-4-short":"Máj","month-5-short":"Jún","month-6-short":"Júl","month-7-short":"Aug","month-8-short":"Szep","month-9-short":"Okt","month-10-short":"Nov","month-11-short":"Dec","minutes-ago-long":{"_index":["plural","value"],"_":{"zero":"épp most","one":"egy perccel ezelőtt","two":"{{value}} perccel ezelőtt","few":"{{value}} perccel ezelőtt","many":"{{value}} perccel ezelőtt","other":"{{value}} perccel ezelőtt"}},"hours-ago-long":{"_index":["plural","value"],"_":{"zero":"épp most","one":"egy órája","two":"{{value}} órával ezelőtt","few":"{{value}} órával ezelőtt","many":"{{value}} órával ezelőtt","other":"{{value}} órával ezelőtt"}},"days-ago-long":{"_index":["plural","value"],"_":{"zero":"ma","one":"tegnap","two":"{{value}} nappal ezelőtt","few":"{{value}} nappal ezelőtt","many":"{{value}} nappal ezelőtt","other":"{{value}} nappal ezelőtt"}},"weeks-ago-long":{"_index":["plural","value"],"_":{"zero":"ez a hét","one":"múlt hét","two":"{{value}} héttel ezelőtt","few":"{{value}} héttel ezelőtt","many":"{{value}} héttel ezelőtt","other":"{{value}} héttel ezelőtt"}},"months-ago-long":{"_index":["plural","value"],"_":{"zero":"ez a hónap","one":"előző hónap","two":"{{value}} hónappal ezelőtt","few":"{{value}} hónappal ezelőtt","many":"{{value}} hónappal ezelőtt","other":"{{value}} hónappal ezelőtt"}},"years-ago-long":{"_index":["plural","value"],"_":{"zero":"ez az év","one":"tavaly","two":"{{value}} évvel ezelőtt","few":"{{value}} évvel ezelőtt","many":"{{value}} évvel ezelőtt","other":"{{value}} évvel ezelőtt"}},"minutes-until-long":{"_index":["plural","value"],"_":{"zero":"most","one":"egy percen belül","two":"{{value}} percen belül","few":"{{value}} percen belül","many":"{{value}} percen belül","other":"{{value}} percen belül"}},"hours-until-long":{"_index":["plural","value"],"_":{"zero":"most","one":"egy órán belül","two":"{{value}} órán belül","few":"{{value}} órán belül","many":"{{value}} órán belül","other":"{{value}} órán belül"}},"days-until-long":{"_index":["plural","value"],"_":{"zero":"ma","one":"holnap","two":"{{value}} napon belül","few":"{{value}} napon belül","many":"{{value}} napon belül","other":"{{value}} napon belül"}},"weeks-until-long":{"_index":["plural","value"],"_":{"zero":"ez a hét","one":"következő hét","two":"{{value}} héten belül","few":"{{value}} héten belül","many":"{{value}} héten belül","other":"{{value}} héten belül"}},"months-until-long":{"_index":["plural","value"],"_":{"zero":"ez a hónap","one":"következő hónap","two":"{{value}} héten belül","few":"{{value}} héten belül","many":"{{value}} héten belül","other":"{{value}} héten belül"}},"years-until-long":{"_index":["plural","value"],"_":{"zero":"ez az év","one":"következő év","two":"{{value}} éven belül","few":"{{value}} éven belül","many":"{{value}} éven belül","other":"{{value}} éven belül"}},"minutes-ago-short":{"_index":["plural","value"],"_":{"zero":"épp most","other":"{{value}}p ezelőtt"}},"hours-ago-short":{"_index":["plural","value"],"_":{"zero":"épp most","other":"{{value}}ó ezelőtt"}},"days-ago-short":{"_index":["plural","value"],"_":{"zero":"ma","other":"{{value}}n ezelőtt"}},"minutes-until-short":{"_index":["plural","value"],"_":{"zero":"most","other":"{{value}} percen belül"}},"hours-until-short":{"_index":["plural","value"],"_":{"zero":"most","other":"{{value}} órán belül"}},"days-until-short":{"_index":["plural","value"],"_":{"zero":"ma","other":"{{value}} napon belül"}},"incorrectDate":"(helytelen dátum)","dateTimeFormat_%c":"%Y. %b %d %a %H:%M:%S","dateTimeFormat_%x":"%Y. %m. %d.","dateTimeFormat_%X":"%H:%M:%S","shortTimeFormat":"%H:%M","shortDateTimeFormat":"%x %H:%M","weekStartsOnMonday":"0","time_am":"DE","time_pm":"DU"}