{"number-selected2":{"_index":["plural","n"],"_":{"zero":"Seleziona","one":"{{ n }} selezionato","two":"{{ n }} selezionati","few":"{{ n }} selezionati","many":"{{ n }} selezionati","other":"{{ n }} selezionati"}},"delete-photo?":"Eliminare questa foto?","delete-video?":"Eliminare questo video?","delete-n-items?":{"_index":["plural","n"],"_":{"zero":"Nessun elemento selezionato","one":"Eliminare l’elemento selezionato?","two":"Eliminare {{ n }} elementi?","few":"Eliminare {{ n }} elementi?","many":"Eliminare {{ n }} elementi?","other":"Eliminare {{ n }} elementi?"}},"pickoneimage2":"Seleziona","cropimage":"Ritaglia","cancel":"Annulla","delete":"Elimina","ok":"OK","edit":"Modifica","save":"Salva","done":"Fatto","exposure":"Esposizione","crop":"Ritaglia","effects":"Effetti","borders":"Bordi","enhance-on":"Correz. automatica attiva","enhance-off":"Correz. automatica disattivata","original":"Originale","blackandwhite":"Bianco e nero","sepia":"Seppia","freeform":"A mano libera","portrait":"Ritratto","landscape":"Panorama","square":"Quadrato","emptygallery2-title":"Nessuna foto o video","emptygallery2-text":"Utilizza l’applicazione Fotocamera per iniziare.","emptygallery2-title-pick":"Nessuna foto","nocard3-title":"Nessuna scheda di memoria","nocard4-text":"Inserire una scheda di memoria per utilizzare questa applicazione.","pluggedin2-title":"Scheda di memoria in uso","pluggedin2-text":"Scollegare il telefono per utilizzare questa app.","scanning-title":"Scansione","scanning-text":"Ricerca di foto e video.","upgrade-title":"Aggiornamento database","upgrade-text":"Attendere l’aggiornamento del database per Galleria.","share-noprovider":"Impossibile condividere questo tipo di file immagine.","memorycardfull":"Impossibile modificare le foto: la scheda di memoria è piena.","imagetoobig":"L’immagine è troppo grande e non può essere visualizzata su questo dispositivo.","imageinvalid":"L’immagine è danneggiata o non valida e non può essere visualizzata.","saved":"{{filename}} salvato in Galleria","overlay-camera-button":"Vai a Fotocamera","name-label":"Nome","size-label":"Dimensione","image-type-label":"Formato","date-taken-label":"Data creazione","resolution-label":"Risoluzione","close-button":"Chiudi","byteUnit-B":"Byte","byteUnit-KB":"kB","byteUnit-MB":"MB","byteUnit-GB":"GB","gallery":"Galleria","preview":"Anteprima","date-group-header":"%B %Y","weekday-0-long":"domenica","weekday-1-long":"lunedì","weekday-2-long":"martedì","weekday-3-long":"mercoledì","weekday-4-long":"giovedì","weekday-5-long":"venerdì","weekday-6-long":"sabato","weekday-0-short":"dom","weekday-1-short":"lun","weekday-2-short":"mar","weekday-3-short":"mer","weekday-4-short":"gio","weekday-5-short":"ven","weekday-6-short":"sab","month-0-long":"gennaio","month-1-long":"febbraio","month-2-long":"marzo","month-3-long":"aprile","month-4-long":"maggio","month-5-long":"giugno","month-6-long":"luglio","month-7-long":"agosto","month-8-long":"settembre","month-9-long":"ottobre","month-10-long":"novembre","month-11-long":"dicembre","month-0-genitive":"gennaio","month-1-genitive":"febbraio","month-2-genitive":"marzo","month-3-genitive":"aprile","month-4-genitive":"maggio","month-5-genitive":"giugno","month-6-genitive":"luglio","month-7-genitive":"agosto","month-8-genitive":"settembre","month-9-genitive":"ottobre","month-10-genitive":"novembre","month-11-genitive":"dicembre","month-0-short":"gen","month-1-short":"feb","month-2-short":"mar","month-3-short":"apr","month-4-short":"mag","month-5-short":"giu","month-6-short":"lug","month-7-short":"ago","month-8-short":"set","month-9-short":"ott","month-10-short":"nov","month-11-short":"dic","minutes-ago-long":{"_index":["plural","value"],"_":{"zero":"adesso","one":"un minuto fa","two":"{{value}} minuti fa","few":"{{value}} minuti fa","many":"{{value}} minuti fa","other":"{{value}} minuti fa"}},"hours-ago-long":{"_index":["plural","value"],"_":{"zero":"adesso","one":"un’ora fa","two":"{{value}} ore fa","few":"{{value}} ore fa","many":"{{value}} ore fa","other":"{{value}} ore fa"}},"days-ago-long":{"_index":["plural","value"],"_":{"zero":"oggi","one":"ieri","two":"{{value}} giorni fa","few":"{{value}} giorni fa","many":"{{value}} giorni fa","other":"{{value}} giorni fa"}},"weeks-ago-long":{"_index":["plural","value"],"_":{"zero":"questa settimana","one":"settimana scorsa","two":"{{value}} settimane fa","few":"{{value}} settimane fa","many":"{{value}} settimane fa","other":"{{value}} settimane fa"}},"months-ago-long":{"_index":["plural","value"],"_":{"zero":"questo mese","one":"mese scorso","two":"{{value}} mesi fa","few":"{{value}} mesi fa","many":"{{value}} mesi fa","other":"{{value}} mesi fa"}},"years-ago-long":{"_index":["plural","value"],"_":{"zero":"quest’anno","one":"anno scorso","two":"{{value}} anni fa","few":"{{value}} anni fa","many":"{{value}} anni fa","other":"{{value}} anni fa"}},"minutes-until-long":{"_index":["plural","value"],"_":{"zero":"adesso","one":"tra un minuto","two":"tra {{value}} minuti","few":"tra {{value}} minuti","many":"tra {{value}} minuti","other":"tra {{value}} minuti"}},"hours-until-long":{"_index":["plural","value"],"_":{"zero":"adesso","one":"tra un’ora","two":"tra {{value}} ore","few":"tra {{value}} ore","many":"tra {{value}} ore","other":"tra {{value}} ore"}},"days-until-long":{"_index":["plural","value"],"_":{"zero":"oggi","one":"domani","two":"tra {{value}} giorni","few":"tra {{value}} giorni","many":"tra {{value}} giorni","other":"tra {{value}} giorni"}},"weeks-until-long":{"_index":["plural","value"],"_":{"zero":"questa settimana","one":"prossima settimana","two":"tra {{value}} settimane","few":"tra {{value}} settimane","many":"tra {{value}} settimane","other":"tra {{value}} settimane"}},"months-until-long":{"_index":["plural","value"],"_":{"zero":"questo mese","one":"prossimo mese","two":"in {{value}} mesi","few":"tra {{value}} mesi","many":"tra {{value}} mesi","other":"in {{value}} mesi"}},"years-until-long":{"_index":["plural","value"],"_":{"zero":"quest’anno","one":"prossimo anno","two":"tra {{value}} anni","few":"tra {{value}} anni","many":"tra {{value}} anni","other":"tra {{value}} anni"}},"minutes-ago-short":{"_index":["plural","value"],"_":{"zero":"adesso","other":"{{value}}m fa"}},"hours-ago-short":{"_index":["plural","value"],"_":{"zero":"adesso","other":"{{value}}h fa"}},"days-ago-short":{"_index":["plural","value"],"_":{"zero":"oggi","other":"{{value}}g fa"}},"minutes-until-short":{"_index":["plural","value"],"_":{"zero":"adesso","other":"tra {{value}}m"}},"hours-until-short":{"_index":["plural","value"],"_":{"zero":"adesso","other":"tra {{value}}h"}},"days-until-short":{"_index":["plural","value"],"_":{"zero":"oggi","other":"tra {{value}}d"}},"incorrectDate":"(data errata)","dateTimeFormat_%c":"%a %e %b %Y %H:%M:%S","dateTimeFormat_%x":"%d/%m/%Y","dateTimeFormat_%X":"%H:%M:%S","shortTimeFormat":"%H:%M","shortDateTimeFormat":"%x %H:%M","weekStartsOnMonday":"1","time_am":"AM","time_pm":"PM"}