{"number-selected2":{"_index":["plural","n"],"_":{"zero":"選択してください","one":"{{ n }} 件選択","two":"{{ n }} 件選択","few":"{{ n }} 件選択","many":"{{ n }} 件選択","other":"{{ n }} 件選択"}},"delete-photo?":"写真を削除しますか？","delete-video?":"動画を削除しますか？","delete-n-items?":{"_index":["plural","n"],"_":{"zero":"選択なし","one":"選択したアイテムを削除しますか？","two":"{{ n }} 件のアイテムを削除しますか？","few":"{{ n }} 件のアイテムを削除しますか？","many":"{{ n }} 件のアイテムを削除しますか？","other":"{{ n }} 件のアイテムを削除しますか？"}},"pickoneimage2":"選択","cropimage":"切り抜き","cancel":"キャンセル","delete":"削除","ok":"OK","edit":"編集","save":"保存","done":"完了","exposure":"露出","crop":"切り抜き","effects":"効果","borders":"枠線","enhance-on":"自動色調補正 ON","enhance-off":"自動色調補正 OFF","original":"オリジナル","blackandwhite":"白黒","sepia":"セピア","freeform":"自由変形","portrait":"縦長","landscape":"横長","square":"正方形","emptygallery2-title":"写真または動画がありません","emptygallery2-text":"カメラアプリで写真を撮影してください。","emptygallery2-title-pick":"写真がありません","nocard3-title":"メモリーカードがありません","nocard4-text":"このアプリを使うにはメモリーカードを挿入してください。","pluggedin2-title":"メモリーカードが使用中です","pluggedin2-text":"このアプリを使うにはケーブルを抜いてください。","scanning-title":"スキャン中","scanning-text":"写真と動画を探しています。","upgrade-title":"データベースのアップグレード","upgrade-text":"ギャラリーのデータベースを更新しています。しばらくお待ちください。","share-noprovider":"この形式の画像ファイルは共有できません。","memorycardfull":"写真を編集できません: メモリーカードが満杯です。","imagetoobig":"画像サイズがこの端末で表示するには大きすぎます。","imageinvalid":"画像ファイルが正しくないか壊れているため表示できませんでした。","saved":"{{filename}} をギャラリーに保存しました","overlay-camera-button":"カメラアプリへ移動","name-label":"タイトル","size-label":"サイズ","image-type-label":"画像形式","date-taken-label":"撮影日","resolution-label":"解像度","close-button":"閉じる","byteUnit-B":"Bytes","byteUnit-KB":"KB","byteUnit-MB":"MB","byteUnit-GB":"GB","gallery":"ギャラリー","preview":"プレビュー","date-group-header":"%Y年%B","weekday-0-long":"日曜日","weekday-1-long":"月曜日","weekday-2-long":"火曜日","weekday-3-long":"水曜日","weekday-4-long":"木曜日","weekday-5-long":"金曜日","weekday-6-long":"土曜日","weekday-0-short":"日","weekday-1-short":"月","weekday-2-short":"火","weekday-3-short":"水","weekday-4-short":"木","weekday-5-short":"金","weekday-6-short":"土","month-0-long":"1月","month-1-long":"2月","month-2-long":"3月","month-3-long":"4月","month-4-long":"5月","month-5-long":"6月","month-6-long":"7月","month-7-long":"8月","month-8-long":"9月","month-9-long":"10月","month-10-long":"11月","month-11-long":"12月","month-0-genitive":"1月","month-1-genitive":"2月","month-2-genitive":"3月","month-3-genitive":"4月","month-4-genitive":"5月","month-5-genitive":"6月","month-6-genitive":"7月","month-7-genitive":"8月","month-8-genitive":"9月","month-9-genitive":"10月","month-10-genitive":"11月","month-11-genitive":"12月","month-0-short":"1月","month-1-short":"2月","month-2-short":"3月","month-3-short":"4月","month-4-short":"5月","month-5-short":"6月","month-6-short":"7月","month-7-short":"8月","month-8-short":"9月","month-9-short":"10月","month-10-short":"11月","month-11-short":"12月","minutes-ago-long":{"_index":["plural","value"],"_":{"zero":"1分以内","one":"1分前","two":"{{value}}分前","few":"{{value}}分前","many":"{{value}}分前","other":"{{value}}分前"}},"hours-ago-long":{"_index":["plural","value"],"_":{"zero":"1時間以内","one":"1時間前","two":"{{value}}時間前","few":"{{value}}時間前","many":"{{value}}時間前","other":"{{value}}時間前"}},"days-ago-long":{"_index":["plural","value"],"_":{"zero":"今日","one":"昨日","two":"{{value}}日前","few":"{{value}}日前","many":"{{value}}日前","other":"{{value}}日前"}},"weeks-ago-long":{"_index":["plural","value"],"_":{"zero":"今週","one":"先週","two":"{{value}}週間前","few":"{{value}}週間前","many":"{{value}}週間前","other":"{{value}}週間前"}},"months-ago-long":{"_index":["plural","value"],"_":{"zero":"今月","one":"先月","two":"{{value}}か月前","few":"{{value}}か月前","many":"{{value}}か月前","other":"{{value}}か月前"}},"years-ago-long":{"_index":["plural","value"],"_":{"zero":"今年","one":"昨年","two":"{{value}}年前","few":"{{value}}年前","many":"{{value}}年前","other":"{{value}}年前"}},"minutes-until-long":{"_index":["plural","value"],"_":{"zero":"1分以内","one":"1分後","two":"{{value}}分後","few":"{{value}}分後","many":"{{value}}分後","other":"{{value}}分後"}},"hours-until-long":{"_index":["plural","value"],"_":{"zero":"1時間以内","one":"1時間後","two":"{{value}}時間後","few":"{{value}}時間後","many":"{{value}}時間後","other":"{{value}}時間後"}},"days-until-long":{"_index":["plural","value"],"_":{"zero":"今日","one":"明日","two":"{{value}}日後","few":"{{value}}日後","many":"{{value}}日後","other":"{{value}}日後"}},"weeks-until-long":{"_index":["plural","value"],"_":{"zero":"今週","one":"来週","two":"{{value}}週間後","few":"{{value}}週間後","many":"{{value}}週間後","other":"{{value}}週間後"}},"months-until-long":{"_index":["plural","value"],"_":{"zero":"今月","one":"来月","two":"{{value}}か月後","few":"{{value}}か月後","many":"{{value}}か月後","other":"{{value}}か月後"}},"years-until-long":{"_index":["plural","value"],"_":{"zero":"今年","one":"来年","two":"{{value}}年後","few":"{{value}}年後","many":"{{value}}年後","other":"{{value}}年後"}},"minutes-ago-short":{"_index":["plural","value"],"_":{"zero":"直前","other":"{{value}}分前"}},"hours-ago-short":{"_index":["plural","value"],"_":{"zero":"数分前","other":"{{value}}時間前"}},"days-ago-short":{"_index":["plural","value"],"_":{"zero":"今日","other":"{{value}}日前"}},"minutes-until-short":{"_index":["plural","value"],"_":{"zero":"直後","other":"{{value}}分後"}},"hours-until-short":{"_index":["plural","value"],"_":{"zero":"数分後","other":"{{value}}時間後"}},"days-until-short":{"_index":["plural","value"],"_":{"zero":"今日","other":"{{value}}日後"}},"incorrectDate":"(日付が不正です)","dateTimeFormat_%c":"%Y年%b%e日(%a) %p%I:%M:%S","dateTimeFormat_%x":"%Y/%m/%d","dateTimeFormat_%X":"%p%I:%M:%S","shortTimeFormat":"%p%I:%M","shortDateTimeFormat":"%x %p%I:%M","weekStartsOnMonday":"0","time_am":"午前","time_pm":"午後"}