{"number-selected2":{"_index":["plural","n"],"_":{"zero":"ជ្រើស","one":"បាន​ជ្រើស {{ n }}","two":"បាន​ជ្រើស {{ n }}","few":"បាន​ជ្រើស {{ n }}","many":"បាន​ជ្រើស {{ n }}","other":"បាន​ជ្រើស {{ n }}"}},"delete-photo?":"លុប​រូបថត​ឬ?","delete-video?":"លុប​វីដេអូ​ឬ?","delete-n-items?":{"_index":["plural","n"],"_":{"zero":"គ្មានអ្វី​បាន​ជ្រើស","one":"លុប​ធាតុ​ដែល​បាន​ជ្រើស​ឬ?","two":"លុប​ធាតុ {{ n }} ឬ?","few":"លុប​ធាតុ {{ n }} ឬ?","many":"លុប​ធាតុ {{ n }} ឬ?","other":"លុប​ធាតុ {{ n }} ឬ?"}},"pickoneimage2":"ជ្រើស","cropimage":"ច្រឹប","cancel":"បោះបង់","delete":"​លុប","ok":"យល់ព្រម","edit":"កែសម្រួល","save":"រក្សា​​ទុក","done":"រួចរាល់","exposure":"កា​របង្ហាញ","crop":"ច្រឹប","effects":"បែបផែន","borders":"ស៊ុម","enhance-on":"បើក​ការ​ធ្វើ​ឲ្យ​ប្រសើរ​ឡើង​ស្វ័យប្រវត្តិ","enhance-off":"បិទ​ការ​ធ្វើ​ឲ្យ​ប្រសើរ​ឡើង​ដោយ​ស្វ័យ​ប្រវត្តិ","original":"ដើម","blackandwhite":"ស&ខ្មៅ","sepia":"ពណ៌​សូកូឡា","freeform":"ទម្រង់​សេរី","portrait":"បញ្ឈរ","landscape":"ផ្ដេក","square":"ការេ","emptygallery2-title":"គ្មាន​រូបថត ឬ​វីដេអូ","emptygallery2-text":"ប្រើ​កម្មវិធី​កាមេរ៉ា​ដើម្បី​ចាប់ផ្ដើម។","emptygallery2-title-pick":"គ្មាន​រូបថត","nocard3-title":"គ្មាន​កាត​អង្គ​ចងចាំ","nocard4-text":"បញ្ចូល​កាត​អង្គ​ចងចាំ​ដើម្បី​ប្រើ​កម្មវិធី​នេះ។","pluggedin2-title":"កាត​អង្គ​ចងចាំ​កំពុង​ប្រើ","pluggedin2-text":"ដក​ទូរស័ព្ទ​ដើម្បី​ប្រើ​កម្មវិធី​នេះ។","scanning-title":"ការ​វិភាគរក","scanning-text":"រក​មើល​រូបថត និង​វីដេអូ។","upgrade-title":"ធ្វើ​ឲ្យ​មូលដ្ឋាន​ទិន្នន័យ​ទាន់​សម័យ","upgrade-text":"សូម​រង់ចាំ​ខណៈ​ពេល​ធ្វើ​បច្ចុប្បន្នភាព​វិចិត្រ​​​​សាល​មូលដ្ឋាន​ទិន្នន័យ​របស់​វា។","share-noprovider":"មិន​អាច​ចែករំលែក​ប្រភេទ​ឯកសារ​រូបភាព​នេះ។","memorycardfull":"មិន​អាច​កែ​រូបថត៖ កាត​អង្គ​ចងចាំ​ពេញ។","imagetoobig":"រូបភាព​ធំពេក​ក្នុង​ការ​បង្ហាញ​លើ​ឧបករណ៍​នេះ។","imageinvalid":"រូបភាព​មិន​ត្រឹមត្រូវ ឬ​​ខូច ហើយ​មិន​អាច​បង្ហាញ​បាន​ទេ។","saved":"បាន​រក្សាទុក {{filename}} ទៅ​វិចិត្រសាល","overlay-camera-button":"ចូល​ទៅ​កាមេរ៉ា","name-label":"ឈ្មោះ","size-label":"ទំហំ","image-type-label":"ប្រភេទ​រូបភាព​","date-taken-label":"កាលបរិច្ឆេទ​ថត","resolution-label":"​គុណភាព​បង្ហាញ","close-button":"បិទ","byteUnit-B":"បៃ","byteUnit-KB":"KB","byteUnit-MB":"MB","byteUnit-GB":"GB","gallery":"វិចិត្រសាល","preview":"មើល​ជាមុន​","date-group-header":"%B %Y","weekday-0-long":"អាទិត្យ","weekday-1-long":"ច័ន្ទ","weekday-2-long":"អង្គារ","weekday-3-long":"ពុធ","weekday-4-long":"ព្រហស្បតិ៍","weekday-5-long":"សុក្រ","weekday-6-long":"សៅរ៍","weekday-0-short":"អាទិត្យ","weekday-1-short":"ច័ន្ទ","weekday-2-short":"អង្គារ","weekday-3-short":"ពុធ","weekday-4-short":"ព្រហស្បតិ៍","weekday-5-short":"សុក្រ","weekday-6-short":"សៅរ៍","month-0-long":"មករា","month-1-long":"កុម្ភៈ","month-2-long":"មីនា","month-3-long":"មេសា","month-4-long":"ឧសភា","month-5-long":"មិថុនា","month-6-long":"កក្កដា","month-7-long":"សីហា","month-8-long":"កញ្ញា","month-9-long":"តុលា","month-10-long":"វិច្ឆិកា","month-11-long":"ធ្នូ","month-0-genitive":"មករា","month-1-genitive":"កុម្ភៈ","month-2-genitive":"មីនា","month-3-genitive":"មេសា","month-4-genitive":"ឧសភា","month-5-genitive":"មិថុនា","month-6-genitive":"កក្កដា","month-7-genitive":"សីហា","month-8-genitive":"កញ្ញា","month-9-genitive":"តុលា","month-10-genitive":"វិច្ឆិកា","month-11-genitive":"ធ្នូ","month-0-short":"មករា","month-1-short":"កុម្ភៈ","month-2-short":"មីនា","month-3-short":"មេសា","month-4-short":"ឧសភា","month-5-short":"មិថុនា","month-6-short":"កក្កដា","month-7-short":"សីហា","month-8-short":"កញ្ញា","month-9-short":"តុលា","month-10-short":"វិច្ឆិកា","month-11-short":"ធ្នូ","minutes-ago-long":{"_index":["plural","value"],"_":{"zero":"អម្បាញ់មិញនេះ","one":"មួយ​នាទី​មុន","two":"{{value}} នាទី​មុន","few":"{{value}} នាទី​មុន","many":"{{value}} នាទី​មុន","other":"{{value}} នាទី​មុន"}},"hours-ago-long":{"_index":["plural","value"],"_":{"zero":"អម្បាញ់មិញនេះ","one":"មួយ​ម៉ោង​មុន","two":"{{value}} ម៉ោង​មុន","few":"{{value}} ម៉ោង​មុន","many":"{{value}} ម៉ោង​មុន","other":"{{value}} ម៉ោង​មុន"}},"days-ago-long":{"_index":["plural","value"],"_":{"zero":"ថ្ងៃ​នេះ","one":"ម្សិលមិញ","two":"{{value}} ថ្ងៃ​មុន","few":"{{value}} ថ្ងៃ​មុន","many":"{{value}} ថ្ងៃ​មុន","other":"{{value}} ថ្ងៃ​មុន"}},"weeks-ago-long":{"_index":["plural","value"],"_":{"zero":"សប្ដាហ៍​នេះ","one":"សប្ដាហ៍​មុន","two":"{{value}} សប្ដាហ៍​មុន","few":"{{value}} សប្ដាហ៍​មុន","many":"{{value}} សប្ដាហ៍​មុន","other":"{{value}} សប្ដាហ៍​មុន"}},"months-ago-long":{"_index":["plural","value"],"_":{"zero":"ខែ​នេះ","one":"ខែ​មុន","two":"{{value}} ខែ​មុន","few":"{{value}} ខែ​មុន","many":"{{value}} ខែ​មុន","other":"{{value}} ខែ​មុន"}},"years-ago-long":{"_index":["plural","value"],"_":{"zero":"ឆ្នាំនេះ","one":"ឆ្នាំ​មុន","two":"{{value}} ឆ្នាំ​មុន","few":"{{value}} ឆ្នាំ​មុន","many":"{{value}} ឆ្នាំ​មុន","other":"{{value}} ឆ្នាំ​មុន"}},"minutes-until-long":{"_index":["plural","value"],"_":{"zero":"ឥឡូវ","one":"ក្នុង​ពេល​មួយ​នាទី","two":"ក្នុង​ពេល {{value}} នាទី","few":"ក្នុង​ពេល {{value}} នាទី","many":"ក្នុង​ពេល​ {{value}} នាទី​","other":"ក្នុង​ពេល {{value}} នាទី"}},"hours-until-long":{"_index":["plural","value"],"_":{"zero":"ឥឡូវ","one":"ក្នុង​រយៈពេល​១​ម៉ោង","two":"ក្នុង​ពេល​​ {{value}} ម៉ោង","few":"ក្នុង​ពេល​​ {{value}} ម៉ោង","many":"ក្នុង​ពេល​​ {{value}} ម៉ោង","other":"ក្នុង​ពេល​​ {{value}} ម៉ោង"}},"days-until-long":{"_index":["plural","value"],"_":{"zero":"ថ្ងៃ​នេះ","one":"ថ្ងៃស្អែក","two":"ក្នុង​ពេល​​ {{value}} ថ្ងៃ","few":"ក្នុង​ពេល​​ {{value}} ថ្ងៃ","many":"ក្នុង​ពេល​​ {{value}} ថ្ងៃ","other":"ក្នុង​ពេល​​ {{value}} ថ្ងៃ"}},"weeks-until-long":{"_index":["plural","value"],"_":{"zero":"សប្ដាហ៍​នេះ","one":"សប្ដាហ៍​ក្រោយ","two":"ក្នុង​ពេល {{value}} សប្ដាហ៍","few":"ក្នុង​ពេល {{value}} សប្ដាហ៍","many":"ក្នុង​ពេល {{value}} សប្ដាហ៍","other":"ក្នុង​ពេល {{value}} សប្ដាហ៍"}},"months-until-long":{"_index":["plural","value"],"_":{"zero":"ខែ​នេះ","one":"ខែ​ក្រោយ","two":"ក្នុង​ពេល {{value}} ខែ","few":"ក្នុង​ពេល {{value}} ខែ","many":"ក្នុង​ពេល {{value}} ខែ","other":"ក្នុង​ពេល {{value}} ខែ"}},"years-until-long":{"_index":["plural","value"],"_":{"zero":"ឆ្នាំនេះ","one":"ឆ្នាំ​ក្រោយ","two":"ក្នុង​ពេល {{value}} ឆ្នាំ","few":"ក្នុង​ពេល {{value}} ឆ្នាំ","many":"ក្នុង​ពេល {{value}} ឆ្នាំ","other":"ក្នុង​ពេល {{value}} ឆ្នាំ"}},"minutes-ago-short":{"_index":["plural","value"],"_":{"zero":"អម្បាញ់មិញនេះ","other":"{{value}}នាទី​មុន"}},"hours-ago-short":{"_index":["plural","value"],"_":{"zero":"អម្បាញ់មិញនេះ","other":"{{value}}ម៉ោង​មុន"}},"days-ago-short":{"_index":["plural","value"],"_":{"zero":"ថ្ងៃ​នេះ","other":"{{value}}ថ្ងៃ​មុន"}},"minutes-until-short":{"_index":["plural","value"],"_":{"zero":"ឥឡូវ","other":"ក្នុង​ពេល {{value}}នាទី"}},"hours-until-short":{"_index":["plural","value"],"_":{"zero":"ឥឡូវ","other":"ក្នុង​ពេល {{value}}ម៉ោង"}},"days-until-short":{"_index":["plural","value"],"_":{"zero":"ថ្ងៃ​នេះ","other":"ក្នុង​ពេល {{value}}ថ្ងៃ"}},"incorrectDate":"(កាលបរិច្ឆេទ​មិន​ត្រឹមត្រូវ)","dateTimeFormat_%c":"%a %b %e %Y %I:%M:%S %p","dateTimeFormat_%x":"%m/%d/%Y","dateTimeFormat_%X":"%I:%M:%S %p","shortTimeFormat":"%I:%M %p","shortDateTimeFormat":"%x %I:%M %p","weekStartsOnMonday":"0","time_am":"ព្រឹក","time_pm":"PM"}