{"number-selected2":{"_index":["plural","n"],"_":{"zero":"Избери","one":"{{ n }} избрано","two":"{{ n }} избрани","few":"{{ n }} избрани","many":"{{ n }} избрани","other":"{{ n }} избрани"}},"delete-photo?":"Избриши фотографија?","delete-video?":"Избриши видео?","delete-n-items?":{"_index":["plural","n"],"_":{"zero":"Ништо не е избрано","one":"Избриши ја избраната ставка?","two":"Избриши {{ n }} ставки?","few":"Избриши {{ n }} ставки?","many":"Избриши {{ n }} ставки?","other":"Избриши {{ n }} ставки?"}},"pickoneimage2":"Избери","cropimage":"Исечи","cancel":"Откажи","delete":"Избриши","ok":"Во ред","edit":"Уреди","save":"Сними","done":"Готово","exposure":"Експозиција","crop":"Исечи","effects":"Ефекти","borders":"Граници","enhance-on":"Авто-подобрување вклучено","enhance-off":"Авто-подобрување исклучено","original":"Оригинал","blackandwhite":"Црно-бело","sepia":"Сепиа","freeform":"Слободна форма","portrait":"Портрет","landscape":"Песјаж","square":"Квадрат","emptygallery2-title":"Нема слики или видеа","emptygallery2-text":"Користете ја камерата за да започнете.","emptygallery2-title-pick":"Нема фотографии","nocard3-title":"Нема мемориска картичка","nocard4-text":"Внесете мемориска картичка за да се користи оваа апликација.","pluggedin2-title":"Мемориската картичка е во употреба","pluggedin2-text":"Извадете го кабелот за да ја користите оваа апликација.","scanning-title":"Скенирам","scanning-text":"Пребарувам фотографии и видеа.","upgrade-title":"Надградба на база","upgrade-text":"Ве молам почекајте додека Галерија ја ажурира својата база на податоци.","share-noprovider":"Овој тип на слика не може да се сподели.","memorycardfull":"Не може да се уредуваат сликите. Мемориската картичка е полна.","imagetoobig":"Оваа слика е преголема за да се прикаже на овој уред.","imageinvalid":"Оваа слика е корумпирана и не може да биде прикажана.","saved":"{{filename}} е снимено во галеријата","overlay-camera-button":"Оди во Камера","name-label":"Име","size-label":"Големина","image-type-label":"Тип на слика","date-taken-label":"Снимено на датум","resolution-label":"Решение","close-button":"Затвори","byteUnit-B":"Бајти","byteUnit-KB":"КБ","byteUnit-MB":"МБ","byteUnit-GB":"ГБ","gallery":"Галерија","preview":"Преглед","date-group-header":"%B %Y","weekday-0-long":"Недела","weekday-1-long":"Понеделник","weekday-2-long":"Вторник","weekday-3-long":"Среда","weekday-4-long":"Четврток","weekday-5-long":"Петок","weekday-6-long":"Сабота","weekday-0-short":"Нед","weekday-1-short":"Пон","weekday-2-short":"Вто","weekday-3-short":"Сре","weekday-4-short":"Чет","weekday-5-short":"Пет","weekday-6-short":"Саб","month-0-long":"јануари","month-1-long":"февруари","month-2-long":"март","month-3-long":"април","month-4-long":"мај","month-5-long":"јуни","month-6-long":"јули","month-7-long":"август","month-8-long":"септември","month-9-long":"октомври","month-10-long":"ноември","month-11-long":"декември","month-0-genitive":"јануари","month-1-genitive":"февруари","month-2-genitive":"март","month-3-genitive":"април","month-4-genitive":"мај","month-5-genitive":"јуни","month-6-genitive":"јули","month-7-genitive":"август","month-8-genitive":"септември","month-9-genitive":"октомври","month-10-genitive":"ноември","month-11-genitive":"декември","month-0-short":"јан","month-1-short":"фев","month-2-short":"мар","month-3-short":"апр","month-4-short":"мај","month-5-short":"јун","month-6-short":"јул","month-7-short":"авг","month-8-short":"сеп","month-9-short":"окт","month-10-short":"ное","month-11-short":"дек","minutes-ago-long":{"_index":["plural","value"],"_":{"zero":"сега","one":"пред една минута","two":"пред {{value}} минути","few":"пред {{value}} минути","many":"пред {{value}} минути","other":"пред {{value}} минути"}},"hours-ago-long":{"_index":["plural","value"],"_":{"zero":"сега","one":"пред еден час","two":"пред {{value}} часа","few":"пред {{value}} часа","many":"пред {{value}} часови","other":"пред {{value}} часови"}},"days-ago-long":{"_index":["plural","value"],"_":{"zero":"денес","one":"вчера","two":"пред {{value}} дена","few":"пред {{value}} дена","many":"пред {{value}} денови","other":"пред {{value}} денови"}},"weeks-ago-long":{"_index":["plural","value"],"_":{"zero":"оваа недела","one":"минатата недела","two":"пред {{value}} недели","few":"пред {{value}} недели","many":"пред {{value}} недели","other":"пред {{value}} недели"}},"months-ago-long":{"_index":["plural","value"],"_":{"zero":"овој месец","one":"минатиот месец","two":"пред {{value}} месеци","few":"пред {{value}} месеци","many":"пред {{value}} месеци","other":"пред {{value}} месеци"}},"years-ago-long":{"_index":["plural","value"],"_":{"zero":"оваа година","one":"минатата година","two":"пред {{value}} години","few":"пред {{value}} години","many":"пред {{value}} години","other":"пред {{value}} години"}},"minutes-until-long":{"_index":["plural","value"],"_":{"zero":"сега","one":"за една минута","two":"за {{value}} минути","few":"за {{value}} минути","many":"за {{value}} минути","other":"за {{value}} минути"}},"hours-until-long":{"_index":["plural","value"],"_":{"zero":"сега","one":"за еден час","two":"за {{value}} часа","few":"за {{value}} часа","many":"за {{value}} часови","other":"за {{value}} часови"}},"days-until-long":{"_index":["plural","value"],"_":{"zero":"денес","one":"утре","two":"за {{value}} дена","few":"за {{value}} дена","many":"за {{value}} денови","other":"за {{value}} денови"}},"weeks-until-long":{"_index":["plural","value"],"_":{"zero":"оваа седмица","one":"следната седмица","two":"за {{value}} седмици","few":"за {{value}} седмици","many":"за {{value}} седмици","other":"за {{value}} седмици"}},"months-until-long":{"_index":["plural","value"],"_":{"zero":"овој месец","one":"следниот месец","two":"за {{value}} месеци","few":"за {{value}} месеци","many":"за {{value}} месеци","other":"за {{value}} месеци"}},"years-until-long":{"_index":["plural","value"],"_":{"zero":"оваа година","one":"следната година","two":"за {{value}} години","few":"за {{value}} години","many":"за {{value}} години","other":"за {{value}} години"}},"minutes-ago-short":{"_index":["plural","value"],"_":{"zero":"сега","other":"пред {{value}}m"}},"hours-ago-short":{"_index":["plural","value"],"_":{"zero":"сега","other":"пред {{value}}h"}},"days-ago-short":{"_index":["plural","value"],"_":{"zero":"денес","other":"пред {{value}}d"}},"minutes-until-short":{"_index":["plural","value"],"_":{"zero":"сега","other":"за {{value}}m"}},"hours-until-short":{"_index":["plural","value"],"_":{"zero":"сега","other":"за {{value}}h"}},"days-until-short":{"_index":["plural","value"],"_":{"zero":"денес","other":"за {{value}}d"}},"incorrectDate":"(неточен датум)","dateTimeFormat_%c":"%a %b %e %Y %H:%M:%S","dateTimeFormat_%x":"%d/%m/%Y","dateTimeFormat_%X":"%H:%M:%S","shortTimeFormat":"%H:%M","shortDateTimeFormat":"%x %H:%M","weekStartsOnMonday":"1","time_am":"AM","time_pm":"PM"}