{"number-selected2":{"_index":["plural","n"],"_":{"zero":"चयन गर्नुहोस","one":"{{ n }} चयन गरिएको","two":"{{ n }} चयन गरिएको","few":"{{ n }} चयन गरिएको","many":"{{ n }} चयन गरिएको","other":"{{ n }} चयन गरिएको"}},"delete-photo?":"तस्विर मेटाउने?","delete-video?":"भिडियो मेटाउने?","delete-n-items?":{"_index":["plural","n"],"_":{"zero":"केही चयन गरिएको छैन","one":"चयन गरिएको वस्तु मेटाउनुहुन्छ?","two":"{{ n }} वटा वस्तुहरु मेटाउने?","few":"{{ n }} वटा वस्तुहरु मेटाउने?","many":"{{ n }} वटा वस्तुहरु मेटाउने?","other":"{{ n }} वटा वस्तुहरु मेटाउने?"}},"pickoneimage2":"चयन गर्नुहोस्","cropimage":"काटछाँट गर्नुहोस्","cancel":"रद्द गर्नुहोस्","delete":"मेटाउनुहोस्","ok":"ठीक छ","edit":"सम्पादन","save":"बचत गर्नुहोस्","done":"पूरा भयो","exposure":"प्रर्दशन","crop":"काटछाँट गर्नुहोस्","effects":"असरहरू","borders":"किनाराहरू","enhance-on":"स्वतः-बढाउन खुल्ला","enhance-off":"स्वतः-बढाउन बन्द","original":"वास्तविक","blackandwhite":"B&W","sepia":"गाढा कालो रङ","freeform":"स्वतन्त्ररुप","portrait":"पोर्ट्रेट","landscape":"ल्यान्डस्केप","square":"चारपाटे","emptygallery2-title":"तस्विर र भिडियोहरु छैन","emptygallery2-text":"सुरु हुनका लागि क्यामेरा एपको प्रयोग गर्नुहोस्।","emptygallery2-title-pick":"फोटो छैन","nocard3-title":"मेमोरी कार्ड छैन","nocard4-text":"यो एप प्रयोग गर्नका लागि मेमोरी कार्ड घुसाउनुहोस्।","pluggedin2-title":"मेमोरी कार्ड प्रयोगमा छ","pluggedin2-text":"यो एप प्रयोग गर्नका लागि फोनलाई छुटाउनुहोस्।","scanning-title":"स्क्यानिङ","scanning-text":"फोटोहरु र भिडियोहरुको खोजि हुँदै","upgrade-title":"डेटाबेस स्तरवृद्धि","upgrade-text":"कृपया ग्यालेरीले आफ्नो डेटाबेस अद्यावधिक गर्दासम्म प्रतिक्षा गर्नुहोस्।","share-noprovider":"यो तस्विरको फाइल प्रकारलाई बाड्न सकिदैन।","memorycardfull":"तस्विरहरुलाई सम्पादन गर्न सकिदैन: मेमोरी कार्ड भरिएको छ।","imagetoobig":"यस यन्त्रमा देखाउनका लागि छवि धरै ठूलो छ।","imageinvalid":"छवि अवैधानिक वा बिग्रिएको हुन सक्छ तेसैले देखाउनका सकिएन।","saved":"{{filename}} ग्यालरीमा बचत गरियो","overlay-camera-button":"क्यामेरातर्फ जानुहोस्","name-label":"नाम","size-label":"साइज","image-type-label":"छवि प्रकार","date-taken-label":"लिइएको मिति","resolution-label":"रिजोल्युसन","close-button":"बन्द गर्नुहोस्","byteUnit-B":"बाइटहरू","byteUnit-KB":"किलोबाइट","byteUnit-MB":"मेगाबाइट","byteUnit-GB":"गिगाबाइट","gallery":"ग्यालेरी","preview":"पूर्वावलोकन","date-group-header":"%B %Y","weekday-0-long":"आइतबार","weekday-1-long":"सोमबार","weekday-2-long":"मंगलबार","weekday-3-long":"बुधबार","weekday-4-long":"बिहिबार","weekday-5-long":"शुक्रबार","weekday-6-long":"शनिबार","weekday-0-short":"आइत","weekday-1-short":"सोम","weekday-2-short":"मङ्गल","weekday-3-short":"बुध","weekday-4-short":"बिहि","weekday-5-short":"शुक्र","weekday-6-short":"शनि","month-0-long":"जनवरी","month-1-long":"फेब्रुअरी","month-2-long":"ंमार्च","month-3-long":"अप्रिल","month-4-long":"मे","month-5-long":"जुन","month-6-long":"जुलाई","month-7-long":"अगस्ट","month-8-long":"सेप्टेम्बर","month-9-long":"अक्टोबर","month-10-long":"नोभेम्बर","month-11-long":"डिसेम्बर","month-0-genitive":"जनवरी","month-1-genitive":"फेब्रुअरी","month-2-genitive":"ंमार्च","month-3-genitive":"अप्रिल","month-4-genitive":"मे","month-5-genitive":"जुन","month-6-genitive":"जुलाई","month-7-genitive":"अगस्ट","month-8-genitive":"सेप्टेम्बर","month-9-genitive":"अक्टोबर","month-10-genitive":"नोभेम्बर","month-11-genitive":"डिसेम्बर","month-0-short":"जन","month-1-short":"फेब","month-2-short":"मार्च","month-3-short":"अप्रिल","month-4-short":"मे","month-5-short":"जुन","month-6-short":"जुलाई","month-7-short":"अगस्ट","month-8-short":"सेप्टेम्वर","month-9-short":"अक्टुवर","month-10-short":"नोभेम्वर","month-11-short":"डिसेम्वर","minutes-ago-long":{"_index":["plural","value"],"_":{"zero":"भर्खरै","one":"एक मिनेट अगाडि","two":"{{value}} मिनेट अगाडि","few":"{{value}} मिनेट अगाडि","many":"{{value}} मिनेट अगाडि","other":"{{value}} मिनेट अगाडि"}},"hours-ago-long":{"_index":["plural","value"],"_":{"zero":"भर्खरै","one":"एक घन्टा अगाडि","two":"{{value}} घण्टा अगाडि","few":"{{value}} घण्टा अगाडि","many":"{{value}} घण्टा अगाडि","other":"{{value}} घण्टा अगाडि"}},"days-ago-long":{"_index":["plural","value"],"_":{"zero":"आज","one":"हिजो","two":"{{value}} दिन अगाडि","few":"{{value}} दिन अगाडि","many":"{{value}} दिन अगाडि","other":"{{value}} दिन अगाडि"}},"weeks-ago-long":{"_index":["plural","value"],"_":{"zero":"यो हप्ता","one":"गएको हप्ता","two":"{{value}} हप्ता अगाडि","few":"{{value}} हप्ता अगाडि","many":"{{value}} हप्ता अगाडि","other":"{{value}} हप्ता अगाडि"}},"months-ago-long":{"_index":["plural","value"],"_":{"zero":"यो महिना","one":"गएको महिना","two":"{{value}} महिना अगाडि","few":"{{value}} महिना अगाडि","many":"{{value}} महिना अगाडि","other":"{{value}} महिना अगाडि"}},"years-ago-long":{"_index":["plural","value"],"_":{"zero":"यो वर्ष","one":"अघिल्लो वर्ष","two":"{{value}} वर्ष अगाडि","few":"{{value}} वर्ष अगाडि","many":"{{value}} वर्ष अगाडि","other":"{{value}} वर्ष अगाडि"}},"minutes-until-long":{"_index":["plural","value"],"_":{"zero":"अहिले","one":"एक मिनेटमा","two":"{{value}} मिनेटमा","few":"{{value}} मिनेटमा","many":"{{value}} मिनेटमा","other":"{{value}} मिनेटमा"}},"hours-until-long":{"_index":["plural","value"],"_":{"zero":"अहिले","one":"एक घण्टामा","two":"{{value}} घण्टामा","few":"{{value}} घण्टामा","many":"{{value}} घण्टामा","other":"{{value}} घण्टामा"}},"days-until-long":{"_index":["plural","value"],"_":{"zero":"आज","one":"भोलि","two":"{{value}} दिनमा","few":"{{value}} दिनमा","many":"{{value}} दिनमा","other":"{{value}} दिनमा"}},"weeks-until-long":{"_index":["plural","value"],"_":{"zero":"यो हप्ता","one":"पछिल्लो हप्ता","two":"{{value}} हप्तामा","few":"{{value}} हप्तामा","many":"{{value}} हप्तामा","other":"{{value}} हप्तामा"}},"months-until-long":{"_index":["plural","value"],"_":{"zero":"यस महिना","one":"पछिल्लो महिना","two":"{{value}} महिनामा","few":"{{value}} महिनामा","many":"{{value}} महिनामा","other":"{{value}} महिनामा"}},"years-until-long":{"_index":["plural","value"],"_":{"zero":"यस बर्ष","one":"आर्को बर्ष","two":"{{value}} बर्षमा","few":"{{value}} बर्षमा","many":"{{value}} वर्षमा","other":"{{value}} वर्षमा"}},"minutes-ago-short":{"_index":["plural","value"],"_":{"zero":"भर्खरै","other":"{{value}}मिनेट अघि"}},"hours-ago-short":{"_index":["plural","value"],"_":{"zero":"भर्खरै","other":"{{value}}घण्टा अघि"}},"days-ago-short":{"_index":["plural","value"],"_":{"zero":"आज","other":"{{value}}दिन अघि"}},"minutes-until-short":{"_index":["plural","value"],"_":{"zero":"अहिले","other":"{{value}}मिनेटमा"}},"hours-until-short":{"_index":["plural","value"],"_":{"zero":"अहिले","other":"{{value}}घण्टामा"}},"days-until-short":{"_index":["plural","value"],"_":{"zero":"आज","other":"{{value}}दिनमा"}},"incorrectDate":"(गलत मिति)","dateTimeFormat_%c":"%a %b %e %Y %I:%M:%S %p","dateTimeFormat_%x":"%m/%d/%Y","dateTimeFormat_%X":"%I:%M:%S %p","shortTimeFormat":"%I:%M %p","shortDateTimeFormat":"%x %I:%M %p","weekStartsOnMonday":"0","time_am":"ए एम","time_pm":"पी एम"}