{"number-selected2":{"_index":["plural","n"],"_":{"zero":"Selecteren","one":"{{ n }} geselecteerd","two":"{{ n }} geselecteerd","few":"{{ n }} geselecteerd","many":"{{ n }} geselecteerd","other":"{{ n }} geselecteerd"}},"delete-photo?":"Foto verwijderen?","delete-video?":"Video verwijderen?","delete-n-items?":{"_index":["plural","n"],"_":{"zero":"Niets geselecteerd","one":"Geselecteerde item verwijderen?","two":"{{ n }} items verwijderen?","few":"{{ n }} items verwijderen?","many":"{{ n }} items verwijderen?","other":"{{ n }} items verwijderen?"}},"pickoneimage2":"Selecteren","cropimage":"Bijsnijden","cancel":"Annuleren","delete":"Verwijderen","ok":"OK","edit":"Bewerken","save":"Opslaan","done":"Gereed","exposure":"Belichting","crop":"Bijsnijden","effects":"Effecten","borders":"Randen","enhance-on":"Auto-verbeteren aan","enhance-off":"Auto-verbeteren uit","original":"Origineel","blackandwhite":"Z/W","sepia":"Sepia","freeform":"Vrije vorm","portrait":"Staand","landscape":"Liggend","square":"Vierkant","emptygallery2-title":"Geen foto’s of video’s","emptygallery2-text":"Gebruik de Camera-app om te beginnen.","emptygallery2-title-pick":"Geen foto’s","nocard3-title":"Geen geheugenkaart","nocard4-text":"Plaats een geheugenkaart om deze app te gebruiken.","pluggedin2-title":"Geheugenkaart in gebruik","pluggedin2-text":"Ontkoppel de telefoon om deze app te gebruiken.","scanning-title":"Scannen","scanning-text":"Zoeken naar foto’s en video’s.","upgrade-title":"Database-upgrade","upgrade-text":"Een moment, database van Galerij wordt bijgewerkt.","share-noprovider":"Kan dit type afbeeldingsbestand niet delen.","memorycardfull":"Kan geen foto’s bewerken: geheugenkaart is vol.","imagetoobig":"Afbeelding is te groot om op dit apparaat te worden weergegeven.","imageinvalid":"Afbeelding is ongeldig of beschadigd en kan niet worden weergegeven.","saved":"{{filename}} opgelagen in Galerij","overlay-camera-button":"Naar camera","name-label":"Naam","size-label":"Grootte","image-type-label":"Afbeeldingstype","date-taken-label":"Gemaakt op","resolution-label":"Resolutie","close-button":"Sluiten","byteUnit-B":"Bytes","byteUnit-KB":"KB","byteUnit-MB":"MB","byteUnit-GB":"GB","gallery":"Galerij","preview":"Voorbeeld","date-group-header":"%B %Y","weekday-0-long":"zondag","weekday-1-long":"maandag","weekday-2-long":"dinsdag","weekday-3-long":"woensdag","weekday-4-long":"donderdag","weekday-5-long":"vrijdag","weekday-6-long":"zaterdag","weekday-0-short":"zon","weekday-1-short":"maa","weekday-2-short":"din","weekday-3-short":"woe","weekday-4-short":"don","weekday-5-short":"vrij","weekday-6-short":"zat","month-0-long":"januari","month-1-long":"februari","month-2-long":"maart","month-3-long":"april","month-4-long":"mei","month-5-long":"juni","month-6-long":"juli","month-7-long":"augustus","month-8-long":"september","month-9-long":"oktober","month-10-long":"november","month-11-long":"december","month-0-genitive":"januari","month-1-genitive":"februari","month-2-genitive":"maart","month-3-genitive":"april","month-4-genitive":"mei","month-5-genitive":"juni","month-6-genitive":"juli","month-7-genitive":"augustus","month-8-genitive":"september","month-9-genitive":"oktober","month-10-genitive":"november","month-11-genitive":"december","month-0-short":"jan","month-1-short":"feb","month-2-short":"mrt","month-3-short":"apr","month-4-short":"mei","month-5-short":"jun","month-6-short":"jul","month-7-short":"aug","month-8-short":"sep","month-9-short":"okt","month-10-short":"nov","month-11-short":"dec","minutes-ago-long":{"_index":["plural","value"],"_":{"zero":"zojuist","one":"een minuut geleden","two":"{{value}} minuten geleden","few":"{{value}} minuten geleden","many":"{{value}} minuten geleden","other":"{{value}} minuten geleden"}},"hours-ago-long":{"_index":["plural","value"],"_":{"zero":"zojuist","one":"een uur geleden","two":"{{value}} uur geleden","few":"{{value}} uur geleden","many":"{{value}} uur geleden","other":"{{value}} uur geleden"}},"days-ago-long":{"_index":["plural","value"],"_":{"zero":"vandaag","one":"gisteren","two":"{{value}} dagen geleden","few":"{{value}} dagen geleden","many":"{{value}} dagen geleden","other":"{{value}} dagen geleden"}},"weeks-ago-long":{"_index":["plural","value"],"_":{"zero":"deze week","one":"vorige week","two":"{{value}} weken geleden","few":"{{value}} weken geleden","many":"{{value}} weken geleden","other":"{{value}} weken geleden"}},"months-ago-long":{"_index":["plural","value"],"_":{"zero":"deze maand","one":"vorige maand","two":"{{value}} maanden geleden","few":"{{value}} maanden geleden","many":"{{value}} maanden geleden","other":"{{value}} maanden geleden"}},"years-ago-long":{"_index":["plural","value"],"_":{"zero":"dit jaar","one":"vorig jaar","two":"{{value}} jaar geleden","few":"{{value}} jaar geleden","many":"{{value}} jaar geleden","other":"{{value}} jaar geleden"}},"minutes-until-long":{"_index":["plural","value"],"_":{"zero":"nu","one":"zo meteen","two":"over {{value}} minuten","few":"over {{value}} minuten","many":"over {{value}} minuten","other":"over {{value}} minuten"}},"hours-until-long":{"_index":["plural","value"],"_":{"zero":"nu","one":"over een uur","two":"over {{value}} uur","few":"over {{value}} uur","many":"over {{value}} uur","other":"over {{value}} uur"}},"days-until-long":{"_index":["plural","value"],"_":{"zero":"vandaag","one":"morgen","two":"over {{value}} dagen","few":"over {{value}} dagen","many":"over {{value}} dagen","other":"over {{value}} dagen"}},"weeks-until-long":{"_index":["plural","value"],"_":{"zero":"deze week","one":"volgende week","two":"over {{value}} weken","few":"over {{value}} weken","many":"over {{value}} weken","other":"over {{value}} weken"}},"months-until-long":{"_index":["plural","value"],"_":{"zero":"deze maand","one":"volgende maand","two":"over {{value}} maanden","few":"over {{value}} maanden","many":"over {{value}} maanden","other":"over {{value}} maanden"}},"years-until-long":{"_index":["plural","value"],"_":{"zero":"dit jaar","one":"volgend jaar","two":"over {{value}} jaar","few":"over {{value}} jaar","many":"over {{value}} jaar","other":"over {{value}} jaar"}},"minutes-ago-short":{"_index":["plural","value"],"_":{"zero":"zojuist","other":"{{value}}m geleden"}},"hours-ago-short":{"_index":["plural","value"],"_":{"zero":"zojuist","other":"{{value}}h geleden"}},"days-ago-short":{"_index":["plural","value"],"_":{"zero":"vandaag","other":"{{value}}d geleden"}},"minutes-until-short":{"_index":["plural","value"],"_":{"zero":"nu","other":"over {{value}}m"}},"hours-until-short":{"_index":["plural","value"],"_":{"zero":"nu","other":"over {{value}}h"}},"days-until-short":{"_index":["plural","value"],"_":{"zero":"vandaag","other":"over {{value}}d"}},"incorrectDate":"(onjuiste datum)","dateTimeFormat_%c":"%a %e %b %Y %H:%M:%S","dateTimeFormat_%x":"%d-%m-%Y","dateTimeFormat_%X":"%H:%M:%S","shortTimeFormat":"%H:%M","shortDateTimeFormat":"%x %H:%M","weekStartsOnMonday":"1","time_am":"AM","time_pm":"PM"}