{"number-selected2":{"_index":["plural","n"],"_":{"zero":"Označi","one":"{{ n }} je označena","two":"{{ n }} su označene","few":"{{ n }} je označeno","many":"{{ n }} je označeno","other":"{{ n }} je označeno"}},"delete-photo?":"Obrisati sliku?","delete-video?":"Obrisati video?","delete-n-items?":{"_index":["plural","n"],"_":{"zero":"Ništa nije označeno","one":"Obrisati označenu stavku?","two":"Obrisati {{ n }} stavke?","few":"Obrisati {{ n }} stavki?","many":"Obrisati {{ n }} stavki?","other":"Obrisati {{ n }} stavki?"}},"pickoneimage2":"Označi","cropimage":"Iseci","cancel":"Otkaži","delete":"Obriši","ok":"U redu","edit":"Uredi","save":"Sačuvaj","done":"Gotovo","exposure":"Ekspozicija","crop":"Iseci","effects":"Efekti","borders":"Okviri","enhance-on":"auto-poboljšanje uključeno","enhance-off":"auto-poboljšanje isključeno","original":"Original","blackandwhite":"Crno-bela","sepia":"Sepia","freeform":"Ručno","portrait":"Uspravno","landscape":"Položeno","square":"Kvadrat","emptygallery2-title":"Nema slika ili videa","emptygallery2-text":"Koristite aplikaciju kamere da biste započeli.","emptygallery2-title-pick":"Nema slika","nocard3-title":"Nema memorijske kartice","nocard4-text":"Umetnite memorijsku karticu za korišćenje ove aplikacije.","pluggedin2-title":"Memorijska kartica je trenutno u upotrebi","pluggedin2-text":"Otkačite priključak sa telefona da biste koristili ovu aplikaciju.","scanning-title":"Skeniranje","scanning-text":"Pretraga fotografija i video snimaka.","upgrade-title":"Nadogradnja baze","upgrade-text":"Molim Vas sačekajte dok Galerija ne ažurira svoju bazu.","share-noprovider":"Ova vrsta slike se ne može deliti.","memorycardfull":"Nije moguće uređivati slike: memorijska kartica je puna.","imagetoobig":"Slika je previše velika da bi bila prikazana na ovom uređaju.","imageinvalid":"Slika nije validna ili je neispravna i ne može biti prikazana.","saved":"{{filename}} je snimljen","overlay-camera-button":"Kamera","name-label":"Naziv","size-label":"Veličina","image-type-label":"Tip slike","date-taken-label":"Datum slikanja","resolution-label":"Rezolucija","close-button":"Zatvori","byteUnit-B":"bajtova","byteUnit-KB":"KB","byteUnit-MB":"MB","byteUnit-GB":"GB","gallery":"Galerija","preview":"Prikaz","date-group-header":"%B %Y","weekday-0-long":"Nedelja","weekday-1-long":"Ponedeljak","weekday-2-long":"Utorak","weekday-3-long":"Sreda","weekday-4-long":"Četvrtak","weekday-5-long":"Petak","weekday-6-long":"Subota","weekday-0-short":"Ned","weekday-1-short":"Pon","weekday-2-short":"Uto","weekday-3-short":"Sre","weekday-4-short":"Čet","weekday-5-short":"Pet","weekday-6-short":"Sub","month-0-long":"januar","month-1-long":"februar","month-2-long":"mart","month-3-long":"april","month-4-long":"maj","month-5-long":"jun","month-6-long":"jul","month-7-long":"avgust","month-8-long":"septembar","month-9-long":"oktobar","month-10-long":"novembar","month-11-long":"decembar","month-0-genitive":"januara","month-1-genitive":"februara","month-2-genitive":"marta","month-3-genitive":"aprila","month-4-genitive":"maja","month-5-genitive":"juna","month-6-genitive":"jula","month-7-genitive":"avgusta","month-8-genitive":"septembra","month-9-genitive":"oktobra","month-10-genitive":"novembra","month-11-genitive":"decembra","month-0-short":"jan","month-1-short":"feb","month-2-short":"mar","month-3-short":"apr","month-4-short":"maj","month-5-short":"jun","month-6-short":"jul","month-7-short":"avg","month-8-short":"sep","month-9-short":"okt","month-10-short":"nov","month-11-short":"dec","minutes-ago-long":{"_index":["plural","value"],"_":{"zero":"upravo","one":"pre minut","two":"pre {{value}} minuta","few":"pre {{value}} minuta","many":"pre {{value}} minuta","other":"pre {{value}} minuta"}},"hours-ago-long":{"_index":["plural","value"],"_":{"zero":"upravo","one":"pre sat vremena","two":"pre {{value}} sata","few":"pre {{value}} sati","many":"pre {{value}} sati","other":"pre {{value}} sati"}},"days-ago-long":{"_index":["plural","value"],"_":{"zero":"danas","one":"juče","two":"pre {{value}} dana","few":"pre {{value}} dana","many":"pre {{value}} dana","other":"pre {{value}} dana"}},"weeks-ago-long":{"_index":["plural","value"],"_":{"zero":"ove nedelje","one":"prošle nedelje","two":"pre {{value}} nedelje","few":"pre {{value}} nedelja","many":"pre {{value}} nedelja","other":"pre {{value}} nedelja"}},"months-ago-long":{"_index":["plural","value"],"_":{"zero":"ovog meseca","one":"prošlog meseca","two":"pre {{value}} meseca","few":"pre {{value}} meseci","many":"pre {{value}} meseci","other":"pre {{value}} meseci"}},"years-ago-long":{"_index":["plural","value"],"_":{"zero":"ove godine","one":"prošle godine","two":"pre {{value}} godine","few":"pre {{value}} godina","many":"pre {{value}} godina","other":"pre {{value}} godina"}},"minutes-until-long":{"_index":["plural","value"],"_":{"zero":"upravo","one":"za jedan minut","two":"za {{value}} minuta","few":"za {{value}} minuta","many":"za {{value}} minuta","other":"za {{value}} minuta"}},"hours-until-long":{"_index":["plural","value"],"_":{"zero":"upravo","one":"za sat vremena","two":"za {{value}} sata","few":"za {{value}} sati","many":"za {{value}} sati","other":"za {{value}} sati"}},"days-until-long":{"_index":["plural","value"],"_":{"zero":"danas","one":"sutra","two":"za {{value}} dana","few":"za {{value}} dana","many":"za {{value}} dana","other":"za {{value}} dana"}},"weeks-until-long":{"_index":["plural","value"],"_":{"zero":"ove nedelje","one":"sledeće nedelje","two":"za {{value}} nedelje","few":"za {{value}} nedelja","many":"za {{value}} nedelja","other":"za {{value}} nedelja"}},"months-until-long":{"_index":["plural","value"],"_":{"zero":"ovog meseca","one":"sledećeg meseca","two":"za {{value}} meseca","few":"za {{value}} meseci","many":"za {{value}} meseci","other":"za {{value}} meseci"}},"years-until-long":{"_index":["plural","value"],"_":{"zero":"ove godine","one":"sledeće godine","two":"za {{value}} godine","few":"za {{value}} godina","many":"za {{value}} godina","other":"za {{value}} godina"}},"minutes-ago-short":{"_index":["plural","value"],"_":{"zero":"upravo","other":"pre {{value}}m"}},"hours-ago-short":{"_index":["plural","value"],"_":{"zero":"upravo","other":"pre {{value}}s"}},"days-ago-short":{"_index":["plural","value"],"_":{"zero":"danas","other":"pre {{value}}d"}},"minutes-until-short":{"_index":["plural","value"],"_":{"zero":"upravo","other":"za {{value}}m"}},"hours-until-short":{"_index":["plural","value"],"_":{"zero":"upravo","other":"za {{value}}s"}},"days-until-short":{"_index":["plural","value"],"_":{"zero":"danas","other":"za {{value}}d"}},"incorrectDate":"(netačan datum)","dateTimeFormat_%c":"%a %e %b %Y %H:%M:%S","dateTimeFormat_%x":"%d.%m.%Y","dateTimeFormat_%X":"%H:%M:%S","shortTimeFormat":"%H:%M","shortDateTimeFormat":"%x %H:%M","weekStartsOnMonday":"1","time_am":"AM","time_pm":"PM"}