{"number-selected2":{"_index":["plural","n"],"_":{"zero":"選取","one":"已選擇 {{ n }} 張","two":"已選擇 {{ n }} 張","few":"已選擇 {{ n }} 張","many":"已選擇 {{ n }} 張","other":"已選擇 {{ n }} 張"}},"delete-photo?":"刪除相片？","delete-video?":"刪除影片？","delete-n-items?":{"_index":["plural","n"],"_":{"zero":"未選取項目","one":"刪除選取的項目？","two":"刪除這 {{ n }} 項？","few":"刪除這 {{ n }} 項？","many":"刪除這 {{ n }} 項？","other":"刪除這 {{ n }} 項？"}},"pickoneimage2":"選取","cropimage":"裁切","cancel":"取消","delete":"刪除","ok":"確定","edit":"編輯","save":"儲存","done":"完成","exposure":"曝光","crop":"裁切","effects":"特效","borders":"外框","enhance-on":"自動調整已開啟","enhance-off":"自動調整已關閉","original":"原始","blackandwhite":"黑白","sepia":"棕褐色調","freeform":"自由變形","portrait":"直式","landscape":"橫式","square":"正方形","emptygallery2-title":"無相片或影片","emptygallery2-text":"使用「相機」程式拍點照片。","emptygallery2-title-pick":"沒有照片","nocard3-title":"無記憶卡","nocard4-text":"插入記憶卡以使用此程式。","pluggedin2-title":"記憶卡現正使用中","pluggedin2-text":"拔除傳輸線以使用此程式。","scanning-title":"掃描中","scanning-text":"正在搜尋相片與影片。","upgrade-title":"資料庫升級","upgrade-text":"圖片資料庫升級中，請稍候。","share-noprovider":"無法分享此檔案類型的圖片。","memorycardfull":"無法編輯相片: 記憶卡已滿。","imagetoobig":"圖片太大，無法於此裝置顯示","imageinvalid":"圖片無效或已毀損，無法顯示。","saved":"已將 {{filename}} 儲存至圖片庫","overlay-camera-button":"前往相機","name-label":"名稱","size-label":"大小","image-type-label":"圖片類型","date-taken-label":"拍攝日期","resolution-label":"解析度","close-button":"關閉","byteUnit-B":"位元組","byteUnit-KB":"KB","byteUnit-MB":"MB","byteUnit-GB":"GB","gallery":"圖片庫","preview":"預覽","date-group-header":"%Y 年 %b","weekday-0-long":"星期日","weekday-1-long":"星期一","weekday-2-long":"星期二","weekday-3-long":"星期三","weekday-4-long":"星期四","weekday-5-long":"星期五","weekday-6-long":"星期六","weekday-0-short":"日","weekday-1-short":"一","weekday-2-short":"二","weekday-3-short":"三","weekday-4-short":"四","weekday-5-short":"五","weekday-6-short":"六","month-0-long":"一月","month-1-long":"二月","month-2-long":"三月","month-3-long":"四月","month-4-long":"五月","month-5-long":"六月","month-6-long":"七月","month-7-long":"八月","month-8-long":"九月","month-9-long":"十月","month-10-long":"十一月","month-11-long":"十二月","month-0-genitive":"1 月","month-1-genitive":"2 月","month-2-genitive":"3 月","month-3-genitive":"4 月","month-4-genitive":"5 月","month-5-genitive":"6 月","month-6-genitive":"7 月","month-7-genitive":"8 月","month-8-genitive":"9 月","month-9-genitive":"10 月","month-10-genitive":"11 月","month-11-genitive":"12 月","month-0-short":"1 月","month-1-short":"2 月","month-2-short":"3 月","month-3-short":"4 月","month-4-short":"5 月","month-5-short":"6 月","month-6-short":"7 月","month-7-short":"8 月","month-8-short":"9 月","month-9-short":"10 月","month-10-short":"11 月","month-11-short":"12 月","minutes-ago-long":{"_index":["plural","value"],"_":{"zero":"剛剛","one":"1 分鐘前","two":"{{value}} 分鐘前","few":"{{value}} 分鐘前","many":"{{value}} 分鐘前","other":"{{value}} 分鐘前"}},"hours-ago-long":{"_index":["plural","value"],"_":{"zero":"剛剛","one":"1 小時前","two":"{{value}} 小時前","few":"{{value}} 小時前","many":"{{value}} 小時前","other":"{{value}} 小時前"}},"days-ago-long":{"_index":["plural","value"],"_":{"zero":"今天","one":"昨天","two":"{{value}} 天前","few":"{{value}} 天前","many":"{{value}} 天前","other":"{{value}} 天前"}},"weeks-ago-long":{"_index":["plural","value"],"_":{"zero":"本週","one":"上週","two":"{{value}} 週前","few":"{{value}} 週前","many":"{{value}} 週前","other":"{{value}} 週前"}},"months-ago-long":{"_index":["plural","value"],"_":{"zero":"本月","one":"上月","two":"{{value}} 月前","few":"{{value}} 月前","many":"{{value}} 月前","other":"{{value}} 月前"}},"years-ago-long":{"_index":["plural","value"],"_":{"zero":"今年","one":"去年","two":"{{value}} 年前","few":"{{value}} 年前","many":"{{value}} 年前","other":"{{value}} 年前"}},"minutes-until-long":{"_index":["plural","value"],"_":{"zero":"現在","one":"1 分鐘內","two":"{{value}} 分鐘內","few":"{{value}} 分鐘內","many":"{{value}} 分鐘內","other":"{{value}} 分鐘內"}},"hours-until-long":{"_index":["plural","value"],"_":{"zero":"現在","one":"1 小時內","two":"{{value}} 小時前","few":"{{value}} 小時前","many":"{{value}} 小時前","other":"{{value}} 小時前"}},"days-until-long":{"_index":["plural","value"],"_":{"zero":"今天","one":"明天","two":"{{value}} 天內","few":"{{value}} 天內","many":"{{value}} 天內","other":"{{value}} 天內"}},"weeks-until-long":{"_index":["plural","value"],"_":{"zero":"本週","one":"下週","two":"{{value}} 週內","few":"{{value}} 週內","many":"{{value}} 週內","other":"{{value}} 週內"}},"months-until-long":{"_index":["plural","value"],"_":{"zero":"本月","one":"下月","two":"{{value}} 月內","few":"{{value}} 月內","many":"{{value}} 月內","other":"{{value}} 月內"}},"years-until-long":{"_index":["plural","value"],"_":{"zero":"今年","one":"明年","two":"{{value}} 年內","few":"{{value}} 年內","many":"{{value}} 年內","other":"{{value}} 年內"}},"minutes-ago-short":{"_index":["plural","value"],"_":{"zero":"剛剛","other":"{{value}} 分鐘前"}},"hours-ago-short":{"_index":["plural","value"],"_":{"zero":"剛剛","other":"{{value}} 小時前"}},"days-ago-short":{"_index":["plural","value"],"_":{"zero":"今天","other":"{{value}} 天前"}},"minutes-until-short":{"_index":["plural","value"],"_":{"zero":"現在","other":"{{value}} 分內"}},"hours-until-short":{"_index":["plural","value"],"_":{"zero":"現在","other":"{{value}} 時內"}},"days-until-short":{"_index":["plural","value"],"_":{"zero":"今天","other":"{{value}} 天內"}},"incorrectDate":"（日期不正確）","dateTimeFormat_%c":"%Y年%b%d日 %a %p %I:%M:%S","dateTimeFormat_%x":"%Y/%m/%d","dateTimeFormat_%X":"%p %I:%M:%S","shortTimeFormat":"%p %I:%M","shortDateTimeFormat":"%x %p %I:%M","weekStartsOnMonday":"1","time_am":"上午","time_pm":"下午"}