{"search-or-enter-address":{"placeholder":"Διεύθυνση ή αναζήτηση"},"delete-title":"Διαγράφη εφαρμογής","delete-body":"Η εφαρμογή {{name}} και όλα της τα δεδομένα θα διαγραφούν.","delete":"Διαγραφή","cancel":"Ακύρωση","homescreen-settings":"Homescreen Settings","change-wallpaper":"Αλλαγή ταπετσαρίας","add-smart-collections":"Προσθήκη έξυπνων συλλογών","edit-mode":"Επεξεργασία","edit-done":"ΟΚ","stop-download-title":"Διακοπή {{name}}","stop-download-body":"Θέλετε να διακόψετε τη τρέχουσα λήψη;","stop-download-action":"Διακοπή","resume-download-title":"Επανεκκίνηση λήψης","resume-download-body":"Θέλετε να γίνει λήψη του {{name}}?","resume-download-action":"Λήψη","collection-categoryId-22":"Βιβλία","collection-categoryId-142":"Μουσική","collection-categoryId-181":"Ταινίες","collection-categoryId-194":"Διαδίκτυο","collection-categoryId-207":"Παιχνίδια","collection-categoryId-211":"Βίντεο","collection-categoryId-213":"Τηλεόραση","collection-categoryId-220":"Εστιατόρια","collection-categoryId-225":"Διάσημοι","collection-categoryId-238":"Αγορές","collection-categoryId-242":"Εικόνες","collection-categoryId-244":"Τεχνολογία","collection-categoryId-245":"Ειδήσεις","collection-categoryId-248":"Email","collection-categoryId-249":"Καιρός","collection-categoryId-256":"Πολιτισμός","collection-categoryId-260":"Αθλητικά","collection-categoryId-270":"Συνταγές","collection-categoryId-271":"Πληροφόρηση","collection-categoryId-272":"Ταξιδιωτικοί Οδηγοί","collection-categoryId-274":"Εργασία","collection-categoryId-275":"Ιατρικά","collection-categoryId-277":"Αστεία","collection-categoryId-279":"Εκμάθηση και Εκπαίδευση","collection-categoryId-282":"Μόδα","collection-categoryId-286":"Ηλεκτρονικά","collection-categoryId-288":"Αυτοκίνητα","collection-categoryId-289":"Κοινωνικά","collection-categoryId-291":"Ηλεκτρονικά παιχνίδια","collection-categoryId-292":"Ημερήσιες προσφορές","collection-categoryId-294":"Προσωπική επικοινωνία","collection-categoryId-296":"Κοντά μου","collection-categoryId-297":"Αστρολογία","collection-categoryId-302":"Παιδιά","collection-categoryId-303":"Οικονομικές υπηρεσίες","collection-categoryId-306":"Ταξίδια","collection-categoryId-316":"Ξενοδοχεία","collection-categoryId-320":"Γνωριμίες","collection-categoryId-321":"Οικονομικά νέα","collection-categoryId-325":"Μπέιζμπολ","collection-categoryId-338":"Αγγελίες","collection-categoryId-347":"Μωρά","collection-categoryId-349":"Φωτογραφία","collection-categoryId-356":"Ομορφιά","collection-categoryId-357":"Εργαλεία","collection-categoryId-360":"Παραγωγικότητα","collection-categoryId-365":"Κόμικ","collection-categoryId-366":"Lifestyle","collection-categoryId-368":"Εξατομίκευση","collection-categoryId-372":"Μεταφορές","collection-categoryId-373":"Επικοινωνία","collection-categoryId-376":"Διασκέδαση","collection-categoryId-377":"Ποδόσφαιρο","collection-categoryId-381":"Θρησκεία","collection-categoryId-382":"Φυσική κατάσταση","collection-categoryId-387":"Δραστηριότητες","collection-categoryId-399":"DIY","collection-categoryId-449":"Βαριέμαι","collection-categoryId-462":"Σαπουνόπερες","collection-categoryId-463":"Πολιτικά","collection-categoryId-473":"Κρίκετ","collection-categoryId-491":"Παγκόσμιο Κύπελλο","collection-categoryId-501":"Βραζιλιάνικες εφαρμογές","collection-categoryId-504":"Bollywood","collection-categoryId-505":"Φαγητά και ποτά","collection-categoryId-507":"Ταξίδια και τοπικές πληροφορίες","collection-categoryId-510":"Τεχνολογία και επιστήμη","collection-categoryId-511":"Πολυμέσα και βίντεο","collection-categoryId-512":"Υγεία και φυσική κατάσταση","collection-categoryId-513":"Επιχειρήσεις","collection-categoryId-520":"Ποδήλατο","collection-categoryId-521":"Σερφ","gaia-grid-stop-download-title":"Stop {{name}}","gaia-grid-stop-download-body":"Do you want to stop the download in progress?","gaia-grid-stop-download-action":"Stop","gaia-grid-resume-download-title":"Restart Download","gaia-grid-resume-download-body":"Do you want to download {{name}}?","gaia-grid-resume-download-action":"Download","gaia-grid-unrecoverable-error-title":"Remove Application","gaia-grid-unrecoverable-error-body":"Cannot install application due to an unrecoverable error. Please try downloading again. The application will be removed.","gaia-grid-unrecoverable-error-action":"OK","gaia-grid-cancel":"Cancel","gaia-menu-cancel":"Cancel"}