{"search-or-enter-address":{"placeholder":"Busque o escriba dirección"},"delete-title":"Borrar {{name}}","delete-body":"{{name}} y todos sus datos serán borrados.","delete":"Borrar","cancel":"Cancelar","homescreen-settings":"Homescreen Settings","change-wallpaper":"Cambiar fondo de pantalla","add-smart-collections":"Agregar colecciones inteligentes","edit-mode":"Editar","edit-done":"Hecho","stop-download-title":"Detener {{name}}","stop-download-body":"¿Seguro que desea parar la descarga en progreso?","stop-download-action":"Parar","resume-download-title":"Reiniciar descarga","resume-download-body":"¿Quiere descargar {{name}}?","resume-download-action":"Descargar","collection-categoryId-22":"Libros","collection-categoryId-142":"Música","collection-categoryId-181":"Películas","collection-categoryId-194":"Internet","collection-categoryId-207":"Juegos","collection-categoryId-211":"Vídeo","collection-categoryId-213":"TV","collection-categoryId-220":"Restaurantes","collection-categoryId-225":"Famosos","collection-categoryId-238":"Compras","collection-categoryId-242":"Imágenes","collection-categoryId-244":"Tecnología","collection-categoryId-245":"Noticias","collection-categoryId-248":"Correo","collection-categoryId-249":"Tiempo","collection-categoryId-256":"Cultura","collection-categoryId-260":"Deportes","collection-categoryId-270":"Recetas","collection-categoryId-271":"Referencia","collection-categoryId-272":"Guías de viaje","collection-categoryId-274":"Trabajos","collection-categoryId-275":"Médico","collection-categoryId-277":"Diversión","collection-categoryId-279":"Aprender y educar","collection-categoryId-282":"Moda","collection-categoryId-286":"Electrónica","collection-categoryId-288":"Coches","collection-categoryId-289":"Social","collection-categoryId-291":"Videojuegos","collection-categoryId-292":"Ofertas","collection-categoryId-294":"Comunicación personal","collection-categoryId-296":"Cerca de mi","collection-categoryId-297":"Astrología","collection-categoryId-302":"Niños","collection-categoryId-303":"Servicios financieros","collection-categoryId-306":"Viajes","collection-categoryId-316":"Hoteles","collection-categoryId-320":"Citas","collection-categoryId-321":"Noticias financieras","collection-categoryId-325":"Béisbol","collection-categoryId-338":"Clasificados","collection-categoryId-347":"Bebés","collection-categoryId-349":"Fotografía","collection-categoryId-356":"Belleza","collection-categoryId-357":"Utilidades","collection-categoryId-360":"Productividad","collection-categoryId-365":"Cómics","collection-categoryId-366":"Estilo de vida","collection-categoryId-368":"Personalización","collection-categoryId-372":"Transporte","collection-categoryId-373":"Telecomunicaciones","collection-categoryId-376":"Entretenimiento","collection-categoryId-377":"Fútbol","collection-categoryId-381":"Religión","collection-categoryId-382":"Fitness","collection-categoryId-387":"Actividades al aire libre","collection-categoryId-399":"DIY","collection-categoryId-449":"Estoy aburrido","collection-categoryId-462":"Telenovelas","collection-categoryId-463":"Política","collection-categoryId-473":"Cricket","collection-categoryId-491":"Mundial","collection-categoryId-501":"Aplis de Brasil","collection-categoryId-504":"Bollywood","collection-categoryId-505":"Comida y bebida","collection-categoryId-507":"Viajes y local","collection-categoryId-510":"Tecnología y ciencia","collection-categoryId-511":"Media y vídeo","collection-categoryId-512":"Salud y fitness","collection-categoryId-513":"Empresas","collection-categoryId-520":"Ciclismo","collection-categoryId-521":"Surf","gaia-grid-stop-download-title":"Stop {{name}}","gaia-grid-stop-download-body":"Do you want to stop the download in progress?","gaia-grid-stop-download-action":"Stop","gaia-grid-resume-download-title":"Restart Download","gaia-grid-resume-download-body":"Do you want to download {{name}}?","gaia-grid-resume-download-action":"Download","gaia-grid-unrecoverable-error-title":"Remove Application","gaia-grid-unrecoverable-error-body":"Cannot install application due to an unrecoverable error. Please try downloading again. The application will be removed.","gaia-grid-unrecoverable-error-action":"OK","gaia-grid-cancel":"Cancel","gaia-menu-cancel":"Cancel"}