{"search-or-enter-address":{"placeholder":"Buscar ou escribir enderezo"},"delete-title":"Eliminar{{name}}","delete-body":"Eliminarase {{name}} e todos os seus datos.","delete":"Eliminar","cancel":"Cancelar","homescreen-settings":"Axustes pantalla inicial","change-wallpaper":"Cambiar fondo de pantalla","add-smart-collections":"Engadir coleccións intelixentes","edit-mode":"Editar","edit-done":"Feito","stop-download-title":"Deter {{name}}","stop-download-body":"Quere deter a descarga en progreso?","stop-download-action":"Deter","resume-download-title":"Reiniciar a descarga","resume-download-body":"Quere descargar {{name}}?","resume-download-action":"Descargar","collection-categoryId-22":"Libros","collection-categoryId-142":"Música","collection-categoryId-181":"Películas","collection-categoryId-194":"Internet","collection-categoryId-207":"Xogos","collection-categoryId-211":"Vídeo","collection-categoryId-213":"TV","collection-categoryId-220":"Restaurantes","collection-categoryId-225":"Famosos","collection-categoryId-238":"Compras","collection-categoryId-242":"Imaxes","collection-categoryId-244":"Tecnoloxía","collection-categoryId-245":"Noticias","collection-categoryId-248":"Correo","collection-categoryId-249":"Tempo","collection-categoryId-256":"Cultura","collection-categoryId-260":"Deportes","collection-categoryId-270":"Receitas","collection-categoryId-271":"Referencias","collection-categoryId-272":"Guías turísticas","collection-categoryId-274":"Traballo","collection-categoryId-275":"Medicina","collection-categoryId-277":"Diversión","collection-categoryId-279":"Cultura e educación","collection-categoryId-282":"Moda","collection-categoryId-286":"Electrónica","collection-categoryId-288":"Coches","collection-categoryId-289":"Social","collection-categoryId-291":"Videoxogos","collection-categoryId-292":"Ofertas","collection-categoryId-294":"Comunicación persoal","collection-categoryId-296":"Sobre min","collection-categoryId-297":"Astroloxía","collection-categoryId-302":"Nenos","collection-categoryId-303":"Servizos financeiros","collection-categoryId-306":"Viaxes","collection-categoryId-316":"Hoteis","collection-categoryId-320":"Citas","collection-categoryId-321":"Finanzas","collection-categoryId-325":"Baseball","collection-categoryId-338":"Anuncios","collection-categoryId-347":"Bebé","collection-categoryId-349":"Fotografía","collection-categoryId-356":"Beleza","collection-categoryId-357":"Utilidades","collection-categoryId-360":"Produtividade","collection-categoryId-365":"Cómics","collection-categoryId-366":"Estilo de vida","collection-categoryId-368":"Personalización","collection-categoryId-372":"Transportes","collection-categoryId-373":"Telecomunicacións","collection-categoryId-376":"Entretemento","collection-categoryId-377":"Fútbol","collection-categoryId-381":"Relixión","collection-categoryId-382":"Fitness","collection-categoryId-387":"Actividades ó aire libre","collection-categoryId-399":"Bricolaxe","collection-categoryId-449":"Estou aburrido","collection-categoryId-462":"Telenovelas","collection-categoryId-463":"Política","collection-categoryId-473":"Cricket","collection-categoryId-491":"Copa do mundo","collection-categoryId-501":"Aplicativos brasileiros","collection-categoryId-504":"Bollywood","collection-categoryId-505":"Comida e bebida","collection-categoryId-507":"Viaxes e local","collection-categoryId-510":"Tecnoloxía e ciencia","collection-categoryId-511":"Medios e vídeo","collection-categoryId-512":"Saúde e fitness","collection-categoryId-513":"Negocio","collection-categoryId-520":"Ciclismo","collection-categoryId-521":"Surf","gaia-grid-stop-download-title":"Deter {{name}}","gaia-grid-stop-download-body":"Quere deter a descarga en progreso?","gaia-grid-stop-download-action":"Deter","gaia-grid-resume-download-title":"Reiniciar a descarga","gaia-grid-resume-download-body":"Quere descargar {{name}}?","gaia-grid-resume-download-action":"Descargar","gaia-grid-unrecoverable-error-title":"Retirar aplicativo","gaia-grid-unrecoverable-error-body":"Non é posíbel instalar o aplicativo debido a un erro irrecuperábel. Tente descargalo de novo. Retirarase o aplicativo.","gaia-grid-unrecoverable-error-action":"Aceptar","gaia-grid-cancel":"Cancelar","gaia-menu-cancel":"Cancelar"}