{"search-or-enter-address":{"placeholder":"検索語またはアドレスを入力"},"delete-title":"{{name}} の削除","delete-body":"{{name}} とそのすべてのデータを削除します。","delete":"削除","cancel":"キャンセル","homescreen-settings":"Homescreen Settings","change-wallpaper":"壁紙を変更","add-smart-collections":"スマートコレクションを追加","edit-mode":"編集","edit-done":"完了","stop-download-title":"{{name}} のダウンロード中止","stop-download-body":"ダウンロードを中止しますか？","stop-download-action":"中止","resume-download-title":"ダウンロードの再開","resume-download-body":"{{name}} をダウンロードしますか？","resume-download-action":"ダウンロード","collection-categoryId-22":"書籍","collection-categoryId-142":"音楽","collection-categoryId-181":"映画","collection-categoryId-194":"インターネット","collection-categoryId-207":"ゲーム","collection-categoryId-211":"ビデオ","collection-categoryId-213":"テレビ","collection-categoryId-220":"レストラン","collection-categoryId-225":"有名人","collection-categoryId-238":"買い物","collection-categoryId-242":"画像","collection-categoryId-244":"技術","collection-categoryId-245":"ニュース","collection-categoryId-248":"メール","collection-categoryId-249":"天気","collection-categoryId-256":"文化","collection-categoryId-260":"スポーツ","collection-categoryId-270":"料理レシピ","collection-categoryId-271":"参考書","collection-categoryId-272":"旅行ガイド","collection-categoryId-274":"仕事","collection-categoryId-275":"医療","collection-categoryId-277":"愉快","collection-categoryId-279":"学習と教育","collection-categoryId-282":"ファッション","collection-categoryId-286":"電子機器","collection-categoryId-288":"自動車","collection-categoryId-289":"ソーシャル","collection-categoryId-291":"テレビゲーム","collection-categoryId-292":"お得情報","collection-categoryId-294":"パーソナル通信","collection-categoryId-296":"周辺情報","collection-categoryId-297":"占星術","collection-categoryId-302":"キッズ","collection-categoryId-303":"金融サービス","collection-categoryId-306":"旅行","collection-categoryId-316":"ホテル","collection-categoryId-320":"デート","collection-categoryId-321":"金融ニュース","collection-categoryId-325":"野球","collection-categoryId-338":"求人広告","collection-categoryId-347":"乳幼児","collection-categoryId-349":"写真","collection-categoryId-356":"美容","collection-categoryId-357":"ユーティリティ","collection-categoryId-360":"生産性","collection-categoryId-365":"コミック","collection-categoryId-366":"ライフスタイル","collection-categoryId-368":"パーソナライズ","collection-categoryId-372":"運送","collection-categoryId-373":"通信","collection-categoryId-376":"エンタテインメント","collection-categoryId-377":"サッカー","collection-categoryId-381":"宗教","collection-categoryId-382":"フィットネス","collection-categoryId-387":"アウトドア活動","collection-categoryId-399":"DIY","collection-categoryId-449":"退屈しのぎ","collection-categoryId-462":"テレビ小説","collection-categoryId-463":"政治","collection-categoryId-473":"クリケット","collection-categoryId-491":"ワールドカップ","collection-categoryId-501":"ブラジル向けアプリ","collection-categoryId-504":"インド映画","collection-categoryId-505":"飲食物","collection-categoryId-507":"旅行と地域","collection-categoryId-510":"技術と科学","collection-categoryId-511":"メディアと映像","collection-categoryId-512":"健康とフィットネス","collection-categoryId-513":"ビジネス","collection-categoryId-520":"自転車","collection-categoryId-521":"サーフィン","gaia-grid-stop-download-title":"Stop {{name}}","gaia-grid-stop-download-body":"Do you want to stop the download in progress?","gaia-grid-stop-download-action":"Stop","gaia-grid-resume-download-title":"Restart Download","gaia-grid-resume-download-body":"Do you want to download {{name}}?","gaia-grid-resume-download-action":"Download","gaia-grid-unrecoverable-error-title":"Remove Application","gaia-grid-unrecoverable-error-body":"Cannot install application due to an unrecoverable error. Please try downloading again. The application will be removed.","gaia-grid-unrecoverable-error-action":"OK","gaia-grid-cancel":"Cancel","gaia-menu-cancel":"Cancel"}