{"search-or-enter-address":{"placeholder":"검색어나 주소 입력"},"delete-title":"{{name}} 삭제","delete-body":"{{name}} 항목과 데이터가 모두 삭제됩니다.","delete":"삭제","cancel":"취소","homescreen-settings":"Homescreen Settings","change-wallpaper":"바탕화면 변경","add-smart-collections":"스마트 모음 추가","edit-mode":"수정","edit-done":"완료","stop-download-title":"{{name}} 중지","stop-download-body":"진행중인 다운로드를 취소하시겠습니까?","stop-download-action":"중지","resume-download-title":"다운로드 재시작","resume-download-body":"{{name}} 항목을 다운로드 하시겠습니까?","resume-download-action":"다운로드","collection-categoryId-22":"책","collection-categoryId-142":"음악","collection-categoryId-181":"영화","collection-categoryId-194":"인터넷","collection-categoryId-207":"게임","collection-categoryId-211":"동영상","collection-categoryId-213":"TV","collection-categoryId-220":"음식점","collection-categoryId-225":"연예","collection-categoryId-238":"쇼핑","collection-categoryId-242":"사진","collection-categoryId-244":"기술","collection-categoryId-245":"뉴스","collection-categoryId-248":"이메일","collection-categoryId-249":"날씨","collection-categoryId-256":"문화","collection-categoryId-260":"스포츠","collection-categoryId-270":"요리","collection-categoryId-271":"참고","collection-categoryId-272":"여행 가이드","collection-categoryId-274":"일자리","collection-categoryId-275":"의료","collection-categoryId-277":"유머","collection-categoryId-279":"교육","collection-categoryId-282":"패션","collection-categoryId-286":"전자기기","collection-categoryId-288":"자동차","collection-categoryId-289":"사회","collection-categoryId-291":"비디오 게임","collection-categoryId-292":"데일리 이벤트","collection-categoryId-294":"개인 의사소통","collection-categoryId-296":"내 주면","collection-categoryId-297":"운세","collection-categoryId-302":"어린이","collection-categoryId-303":"금융 서비스","collection-categoryId-306":"여행","collection-categoryId-316":"호텔","collection-categoryId-320":"데이트","collection-categoryId-321":"금융 뉴스","collection-categoryId-325":"야구","collection-categoryId-338":"광고","collection-categoryId-347":"육아","collection-categoryId-349":"사진","collection-categoryId-356":"미용","collection-categoryId-357":"유틸리티","collection-categoryId-360":"생산성","collection-categoryId-365":"만화","collection-categoryId-366":"라이프스타일","collection-categoryId-368":"개인화","collection-categoryId-372":"교통","collection-categoryId-373":"통신","collection-categoryId-376":"연예","collection-categoryId-377":"축구","collection-categoryId-381":"종교","collection-categoryId-382":"건강","collection-categoryId-387":"야외 활동","collection-categoryId-399":"DIY","collection-categoryId-449":"지루해","collection-categoryId-462":"연속극","collection-categoryId-463":"정치","collection-categoryId-473":"크리켓","collection-categoryId-491":"월드컵","collection-categoryId-501":"브라질 앱","collection-categoryId-504":"인도영화","collection-categoryId-505":"음식과 음료","collection-categoryId-507":"지역 여행","collection-categoryId-510":"기술과 과학","collection-categoryId-511":"미디어와 동영상","collection-categoryId-512":"건광과 운동","collection-categoryId-513":"사업","collection-categoryId-520":"자전거","collection-categoryId-521":"서핑","gaia-grid-stop-download-title":"Stop {{name}}","gaia-grid-stop-download-body":"Do you want to stop the download in progress?","gaia-grid-stop-download-action":"Stop","gaia-grid-resume-download-title":"Restart Download","gaia-grid-resume-download-body":"Do you want to download {{name}}?","gaia-grid-resume-download-action":"Download","gaia-grid-unrecoverable-error-title":"Remove Application","gaia-grid-unrecoverable-error-body":"Cannot install application due to an unrecoverable error. Please try downloading again. The application will be removed.","gaia-grid-unrecoverable-error-action":"OK","gaia-grid-cancel":"Cancel","gaia-menu-cancel":"Cancel"}