{"search-or-enter-address":{"placeholder":"Voer zoekterm of adres in"},"delete-title":"{{name}} verwijderen","delete-body":"{{name}} en alle gegevens ervan zullen worden verwijderd.","delete":"Verwijderen","cancel":"Annuleren","homescreen-settings":"Startscherminstellingen","change-wallpaper":"Achtergrond wijzigen","add-smart-collections":"Slimme collecties toevoegen","edit-mode":"Bewerken","edit-done":"Gereed","stop-download-title":"{{name}} stoppen","stop-download-body":"Wilt u de actieve download stoppen?","stop-download-action":"Stoppen","resume-download-title":"Download herstarten","resume-download-body":"Wilt u {{name}} downloaden?","resume-download-action":"Downloaden","collection-categoryId-22":"Boeken","collection-categoryId-142":"Muziek","collection-categoryId-181":"Films","collection-categoryId-194":"Internet","collection-categoryId-207":"Games","collection-categoryId-211":"Video","collection-categoryId-213":"TV","collection-categoryId-220":"Restaurants","collection-categoryId-225":"Celebs","collection-categoryId-238":"Winkelen","collection-categoryId-242":"Afbeeldingen","collection-categoryId-244":"Tech","collection-categoryId-245":"Nieuws","collection-categoryId-248":"E-mail","collection-categoryId-249":"Weer","collection-categoryId-256":"Cultuur","collection-categoryId-260":"Sport","collection-categoryId-270":"Recepten","collection-categoryId-271":"Naslag","collection-categoryId-272":"Reisgidsen","collection-categoryId-274":"Banen","collection-categoryId-275":"Medisch","collection-categoryId-277":"Humor","collection-categoryId-279":"Leren & onderwijs","collection-categoryId-282":"Mode","collection-categoryId-286":"Electronica","collection-categoryId-288":"Auto’s","collection-categoryId-289":"Sociaal","collection-categoryId-291":"Videogames","collection-categoryId-292":"Dagelijkse deals","collection-categoryId-294":"Persoonlijke communicatie","collection-categoryId-296":"Omgeving","collection-categoryId-297":"Astrologie","collection-categoryId-302":"Kinderen","collection-categoryId-303":"Financiële diensten","collection-categoryId-306":"Reizen","collection-categoryId-316":"Hotels","collection-categoryId-320":"Dating","collection-categoryId-321":"Financieel nieuws","collection-categoryId-325":"Honkbal","collection-categoryId-338":"Advertenties","collection-categoryId-347":"Baby","collection-categoryId-349":"Fotografie","collection-categoryId-356":"Beauty","collection-categoryId-357":"Hulpprogramma’s","collection-categoryId-360":"Productiviteit","collection-categoryId-365":"Strips","collection-categoryId-366":"Lifestyle","collection-categoryId-368":"Personalisatie","collection-categoryId-372":"Vervoer","collection-categoryId-373":"Telecommunicatie","collection-categoryId-376":"Entertainment","collection-categoryId-377":"Voetbal","collection-categoryId-381":"Religie","collection-categoryId-382":"Fitness","collection-categoryId-387":"Outdooractiviteiten","collection-categoryId-399":"Doe-het-zelf","collection-categoryId-449":"Ik verveel me","collection-categoryId-462":"Soaps","collection-categoryId-463":"Politiek","collection-categoryId-473":"Cricket","collection-categoryId-491":"Wereldbeker","collection-categoryId-501":"Braziliaanse apps","collection-categoryId-504":"Bollywood","collection-categoryId-505":"Eten & drinken","collection-categoryId-507":"Reizen & lokaal","collection-categoryId-510":"Wetenschap & techniek","collection-categoryId-511":"Media & video","collection-categoryId-512":"Gezondheid & fitness","collection-categoryId-513":"Zaken","collection-categoryId-520":"Fietsen","collection-categoryId-521":"Surfen","gaia-grid-stop-download-title":"{{name}} stoppen","gaia-grid-stop-download-body":"Wilt u de actieve download stoppen?","gaia-grid-stop-download-action":"Stoppen","gaia-grid-resume-download-title":"Download herstarten","gaia-grid-resume-download-body":"Wilt u {{name}} downloaden?","gaia-grid-resume-download-action":"Downloaden","gaia-grid-unrecoverable-error-title":"Applicatie verwijderen","gaia-grid-unrecoverable-error-body":"Kan applicatie vanwege een onherstelbare fout niet installeren. Probeer nogmaals te downloaden. De applicatie zal worden verwijderd.","gaia-grid-unrecoverable-error-action":"OK","gaia-grid-cancel":"Annuleren","gaia-menu-cancel":"Annuleren"}