{"search-or-enter-address":{"placeholder":"Поиск или ввод адреса"},"delete-title":"Удаление {{name}}","delete-body":"{{name}} и все его данные будут удалены.","delete":"Удалить","cancel":"Отмена","homescreen-settings":"Homescreen Settings","change-wallpaper":"Сменить обои","add-smart-collections":"Добавить Умные подборки","edit-mode":"Изменить","edit-done":"Готово","stop-download-title":"Остановка {{name}}","stop-download-body":"Вы хотите остановить процесс загрузки?","stop-download-action":"Остановить","resume-download-title":"Перезапуск загрузки","resume-download-body":"Вы хотите загрузить {{name}}?","resume-download-action":"Загрузить","collection-categoryId-22":"Книги","collection-categoryId-142":"Музыка","collection-categoryId-181":"Кино","collection-categoryId-194":"Интернет","collection-categoryId-207":"Игры","collection-categoryId-211":"Видео","collection-categoryId-213":"ТВ","collection-categoryId-220":"Рестораны","collection-categoryId-225":"Знаменитости","collection-categoryId-238":"Шоппинг","collection-categoryId-242":"Изображения","collection-categoryId-244":"Технологии","collection-categoryId-245":"Новости","collection-categoryId-248":"Эл. почта","collection-categoryId-249":"Погода","collection-categoryId-256":"Культура","collection-categoryId-260":"Спорт","collection-categoryId-270":"Рецепты","collection-categoryId-271":"Ссылки","collection-categoryId-272":"Путеводители","collection-categoryId-274":"Работа","collection-categoryId-275":"Медицина","collection-categoryId-277":"Юмор","collection-categoryId-279":"Образование и Обучение","collection-categoryId-282":"Мода","collection-categoryId-286":"Электроника","collection-categoryId-288":"Авто","collection-categoryId-289":"Общение","collection-categoryId-291":"Видеоигры","collection-categoryId-292":"Ежедневные предложения","collection-categoryId-294":"Персональная связь","collection-categoryId-296":"Вокруг меня","collection-categoryId-297":"Астрология","collection-categoryId-302":"Дети","collection-categoryId-303":"Финансовые услуги","collection-categoryId-306":"Путешествия","collection-categoryId-316":"Отели","collection-categoryId-320":"Знакомства","collection-categoryId-321":"Финансовые новости","collection-categoryId-325":"Бейсбол","collection-categoryId-338":"Объявления","collection-categoryId-347":"Малыши","collection-categoryId-349":"Фотография","collection-categoryId-356":"Красота","collection-categoryId-357":"Утилиты","collection-categoryId-360":"Продуктивность","collection-categoryId-365":"Комиксы","collection-categoryId-366":"Стиль жизни","collection-categoryId-368":"Персонализация","collection-categoryId-372":"Транспорт","collection-categoryId-373":"Телекоммуникация","collection-categoryId-376":"Развлечения","collection-categoryId-377":"Футбол","collection-categoryId-381":"Религия","collection-categoryId-382":"Фитнесс","collection-categoryId-387":"Активный отдых","collection-categoryId-399":"Сделай сам","collection-categoryId-449":"Мне так скучно","collection-categoryId-462":"Теленовеллы","collection-categoryId-463":"Политика","collection-categoryId-473":"Крикет","collection-categoryId-491":"Кубок мира","collection-categoryId-501":"Бразильские приложения","collection-categoryId-504":"Болливуд","collection-categoryId-505":"Еда и Напитки","collection-categoryId-507":"Путешествия и Места","collection-categoryId-510":"Наука и Техника","collection-categoryId-511":"Медиа и Видео","collection-categoryId-512":"Здоровье и Фитнесс","collection-categoryId-513":"Бизнес","collection-categoryId-520":"Велосипедный спорт","collection-categoryId-521":"Сёрфинг","gaia-grid-stop-download-title":"Stop {{name}}","gaia-grid-stop-download-body":"Do you want to stop the download in progress?","gaia-grid-stop-download-action":"Stop","gaia-grid-resume-download-title":"Restart Download","gaia-grid-resume-download-body":"Do you want to download {{name}}?","gaia-grid-resume-download-action":"Download","gaia-grid-unrecoverable-error-title":"Remove Application","gaia-grid-unrecoverable-error-body":"Cannot install application due to an unrecoverable error. Please try downloading again. The application will be removed.","gaia-grid-unrecoverable-error-action":"OK","gaia-grid-cancel":"Cancel","gaia-menu-cancel":"Cancel"}