{"search-or-enter-address":{"placeholder":"Zadajte adresu alebo vyhľadávanie"},"delete-title":"Odstrániť {{name}}","delete-body":"{{name}} a všetky jej údaje budú odstránené.","delete":"Odstrániť","cancel":"Zrušiť","homescreen-settings":"Homescreen Settings","change-wallpaper":"Zmeniť tapetu","add-smart-collections":"Pridať kolekcie","edit-mode":"Upraviť","edit-done":"Hotovo","stop-download-title":"Zastaviť {{name}}","stop-download-body":"Naozaj chcete zastaviť prebiehajúce preberanie súboru?","stop-download-action":"Zastaviť","resume-download-title":"Reštartovať preberanie","resume-download-body":"Chcete prevziať {{name}}?","resume-download-action":"Prevziať","collection-categoryId-22":"Knihy","collection-categoryId-142":"Hudba","collection-categoryId-181":"Filmy","collection-categoryId-194":"Internet","collection-categoryId-207":"Hry","collection-categoryId-211":"Video","collection-categoryId-213":"Televízia","collection-categoryId-220":"Reštaurácie","collection-categoryId-225":"Celebrity","collection-categoryId-238":"Nakupovanie","collection-categoryId-242":"Obrázky","collection-categoryId-244":"Technika","collection-categoryId-245":"Správy","collection-categoryId-248":"E-mail","collection-categoryId-249":"Počasie","collection-categoryId-256":"Kultúra","collection-categoryId-260":"Šport","collection-categoryId-270":"Recepty","collection-categoryId-271":"Referencie","collection-categoryId-272":"Cestovanie","collection-categoryId-274":"Práca","collection-categoryId-275":"Zdravie","collection-categoryId-277":"Zábavné","collection-categoryId-279":"Vzdelanie","collection-categoryId-282":"Móda","collection-categoryId-286":"Elektronika","collection-categoryId-288":"Autá","collection-categoryId-289":"Sociálne","collection-categoryId-291":"Videohry","collection-categoryId-292":"Každodenné úlohy","collection-categoryId-294":"Osobná komunikácia","collection-categoryId-296":"Okolo mňa","collection-categoryId-297":"Astrológia","collection-categoryId-302":"Malé deti","collection-categoryId-303":"Finančné služby","collection-categoryId-306":"Cestovanie","collection-categoryId-316":"Hotely","collection-categoryId-320":"Randenie","collection-categoryId-321":"Finančné správy","collection-categoryId-325":"Bejzbal","collection-categoryId-338":"Klasifikované","collection-categoryId-347":"Dieťatko","collection-categoryId-349":"Fotografie","collection-categoryId-356":"Krása","collection-categoryId-357":"Nástroje","collection-categoryId-360":"Produktivita","collection-categoryId-365":"Komiksy","collection-categoryId-366":"Životný štýl","collection-categoryId-368":"Prispôsobenie","collection-categoryId-372":"Doprava","collection-categoryId-373":"Telekomunikácie","collection-categoryId-376":"Zábava","collection-categoryId-377":"Futbal","collection-categoryId-381":"Náboženstvo","collection-categoryId-382":"Fitnes","collection-categoryId-387":"Vonkajšie aktivity","collection-categoryId-399":"Urob si sám","collection-categoryId-449":"Nudím sa","collection-categoryId-462":"Telenovely","collection-categoryId-463":"Politika","collection-categoryId-473":"Kriket","collection-categoryId-491":"Svetový pohár","collection-categoryId-501":"Brazílske aplikácie","collection-categoryId-504":"Bollywood","collection-categoryId-505":"Jedlo a nápoje","collection-categoryId-507":"Cestovanie a lokálne","collection-categoryId-510":"Veda a technika","collection-categoryId-511":"Médiá a video","collection-categoryId-512":"Zdravie a fitnes","collection-categoryId-513":"Obchodovanie","collection-categoryId-520":"Cyklistika","collection-categoryId-521":"Surfovanie","gaia-grid-stop-download-title":"Stop {{name}}","gaia-grid-stop-download-body":"Do you want to stop the download in progress?","gaia-grid-stop-download-action":"Stop","gaia-grid-resume-download-title":"Restart Download","gaia-grid-resume-download-body":"Do you want to download {{name}}?","gaia-grid-resume-download-action":"Download","gaia-grid-unrecoverable-error-title":"Remove Application","gaia-grid-unrecoverable-error-body":"Cannot install application due to an unrecoverable error. Please try downloading again. The application will be removed.","gaia-grid-unrecoverable-error-action":"OK","gaia-grid-cancel":"Cancel","gaia-menu-cancel":"Cancel"}