{"search-or-enter-address":{"placeholder":"Појам или адреса"},"delete-title":"Обриши {{name}}","delete-body":"{{name}} и сви његови подаци ће бити обрисани.","delete":"Обриши","cancel":"Откажи","homescreen-settings":"Поставке почетног екрана","change-wallpaper":"Промени позадинску слику","add-smart-collections":"Додај колекције","edit-mode":"Уређивање","edit-done":"Готово","stop-download-title":"Заустави {{name}}","stop-download-body":"Да ли желите да зауставите преузимање?","stop-download-action":"Заустави","resume-download-title":"Рестартуј преузимање","resume-download-body":"Да ли желите да преузмете {{name}}?","resume-download-action":"Преузми","collection-categoryId-22":"Књиге","collection-categoryId-142":"Музика","collection-categoryId-181":"Филмови","collection-categoryId-194":"Интернет","collection-categoryId-207":"Игрице","collection-categoryId-211":"Видео","collection-categoryId-213":"ТВ","collection-categoryId-220":"Ресторани","collection-categoryId-225":"Славни","collection-categoryId-238":"Шопинг","collection-categoryId-242":"Слике","collection-categoryId-244":"Технологија","collection-categoryId-245":"Вести","collection-categoryId-248":"Е-пошта","collection-categoryId-249":"Временска прогноза","collection-categoryId-256":"Култура","collection-categoryId-260":"Спорт","collection-categoryId-270":"Рецепти","collection-categoryId-271":"Упутства","collection-categoryId-272":"Водичи за путовања","collection-categoryId-274":"Послови","collection-categoryId-275":"Медицина","collection-categoryId-277":"Смешно","collection-categoryId-279":"Учење и едукација","collection-categoryId-282":"Мода","collection-categoryId-286":"Електроника","collection-categoryId-288":"Аутомобили","collection-categoryId-289":"Друштвене","collection-categoryId-291":"Видео игрице","collection-categoryId-292":"Дневне понуде","collection-categoryId-294":"Лична комуникација","collection-categoryId-296":"Око мене","collection-categoryId-297":"Астрологија","collection-categoryId-302":"Деца","collection-categoryId-303":"Сервиси за финансије","collection-categoryId-306":"Путовања","collection-categoryId-316":"Хотели","collection-categoryId-320":"Забављање","collection-categoryId-321":"Финансијске вести","collection-categoryId-325":"Бејзбол","collection-categoryId-338":"Огласи","collection-categoryId-347":"Бебе","collection-categoryId-349":"Фотографије","collection-categoryId-356":"Лепота","collection-categoryId-357":"Услужне апликације","collection-categoryId-360":"Продуктивност","collection-categoryId-365":"Стрипови","collection-categoryId-366":"Животни стил","collection-categoryId-368":"Персонализација","collection-categoryId-372":"Саобраћај","collection-categoryId-373":"Телекомуникације","collection-categoryId-376":"Забава","collection-categoryId-377":"Фудбал","collection-categoryId-381":"Религија","collection-categoryId-382":"Фитнес","collection-categoryId-387":"Активности на отвореном","collection-categoryId-399":"Уради сам","collection-categoryId-449":"Досадно ми је","collection-categoryId-462":"Теленовеле","collection-categoryId-463":"Политика","collection-categoryId-473":"Крикет","collection-categoryId-491":"Светско првенство","collection-categoryId-501":"Бразилске апликације","collection-categoryId-504":"Bollywood","collection-categoryId-505":"Храна и пића","collection-categoryId-507":"Путовања и локалне","collection-categoryId-510":"Технологија и наука","collection-categoryId-511":"Медија и видео","collection-categoryId-512":"Здравље и фитнес","collection-categoryId-513":"Бизнис","collection-categoryId-520":"Вожња бициклом","collection-categoryId-521":"Сурфовање","gaia-grid-stop-download-title":"Заустави {{name}}","gaia-grid-stop-download-body":"Да ли желите да зауставите преузимање?","gaia-grid-stop-download-action":"Заустави","gaia-grid-resume-download-title":"Рестартуј преузимање","gaia-grid-resume-download-body":"Да ли желите да преузмете {{name}}?","gaia-grid-resume-download-action":"Преузми","gaia-grid-unrecoverable-error-title":"Уклони апликацију","gaia-grid-unrecoverable-error-body":"Не могу инсталирати апликацију због грешке. Молим покушајте поново. Апликација ће бити уклоњена.","gaia-grid-unrecoverable-error-action":"У реду","gaia-grid-cancel":"Откажи","gaia-menu-cancel":"Откажи"}