{"search-or-enter-address":{"placeholder":"Pojam ili adresa"},"delete-title":"Obriši {{name}}","delete-body":"{{name}} i svi njegovi podaci će biti obrisani.","delete":"Obriši","cancel":"Otkaži","homescreen-settings":"Postavke početnog ekrana","change-wallpaper":"Promeni pozadinsku sliku","add-smart-collections":"Dodaj kolekcije","edit-mode":"Uređivanje","edit-done":"Gotovo","stop-download-title":"Zaustavi {{name}}","stop-download-body":"Da li želite da zaustavite preuzimanje?","stop-download-action":"Zaustavi","resume-download-title":"Restartuj preuzimanje","resume-download-body":"Da li želite da preuzmete {{name}}?","resume-download-action":"Preuzmi","collection-categoryId-22":"Knjige","collection-categoryId-142":"Muzika","collection-categoryId-181":"Filmovi","collection-categoryId-194":"Internet","collection-categoryId-207":"Igrice","collection-categoryId-211":"Video","collection-categoryId-213":"TV","collection-categoryId-220":"Restorani","collection-categoryId-225":"Slavni","collection-categoryId-238":"Šoping","collection-categoryId-242":"Slike","collection-categoryId-244":"Tehnologija","collection-categoryId-245":"Vesti","collection-categoryId-248":"E-pošta","collection-categoryId-249":"Vremenska prognoza","collection-categoryId-256":"Kultura","collection-categoryId-260":"Sport","collection-categoryId-270":"Recepti","collection-categoryId-271":"Uputstva","collection-categoryId-272":"Vodiči za putovanja","collection-categoryId-274":"Poslovi","collection-categoryId-275":"Medicina","collection-categoryId-277":"Smešno","collection-categoryId-279":"Učenje i edukacija","collection-categoryId-282":"Moda","collection-categoryId-286":"Elektronika","collection-categoryId-288":"Automobili","collection-categoryId-289":"Društvene","collection-categoryId-291":"Video igrice","collection-categoryId-292":"Dnevne ponude","collection-categoryId-294":"Lična komunikacija","collection-categoryId-296":"Oko mene","collection-categoryId-297":"Astrologija","collection-categoryId-302":"Deca","collection-categoryId-303":"Servisi za finansije","collection-categoryId-306":"Putovanja","collection-categoryId-316":"Hoteli","collection-categoryId-320":"Zabavljanje","collection-categoryId-321":"Finansijske vesti","collection-categoryId-325":"Bejzbol","collection-categoryId-338":"Oglasi","collection-categoryId-347":"Bebe","collection-categoryId-349":"Fotografije","collection-categoryId-356":"Lepota","collection-categoryId-357":"Uslužne aplikacije","collection-categoryId-360":"Produktivnost","collection-categoryId-365":"Stripovi","collection-categoryId-366":"Životni stil","collection-categoryId-368":"Personalizacija","collection-categoryId-372":"Saobraćaj","collection-categoryId-373":"Telekomunikacije","collection-categoryId-376":"Zabava","collection-categoryId-377":"Fudbal","collection-categoryId-381":"Religija","collection-categoryId-382":"Fitnes","collection-categoryId-387":"Aktivnosti na otvorenom","collection-categoryId-399":"Uradi sam","collection-categoryId-449":"Dosadno mi je","collection-categoryId-462":"Telenovele","collection-categoryId-463":"Politika","collection-categoryId-473":"Kriket","collection-categoryId-491":"Svetsko prvenstvo","collection-categoryId-501":"Brazilske aplikacije","collection-categoryId-504":"Bollywood","collection-categoryId-505":"Hrana i pića","collection-categoryId-507":"Putovanja i lokalne","collection-categoryId-510":"Tehnologija i nauka","collection-categoryId-511":"Medija i video","collection-categoryId-512":"Zdravlje i fitnes","collection-categoryId-513":"Biznis","collection-categoryId-520":"Vožnja biciklom","collection-categoryId-521":"Surfovanje","gaia-grid-stop-download-title":"Zaustavi {{name}}","gaia-grid-stop-download-body":"Da li želite da zaustavite preuzimanje?","gaia-grid-stop-download-action":"Zaustavi","gaia-grid-resume-download-title":"Restartuj preuzimanje","gaia-grid-resume-download-body":"Da li želite da preuzmete {{name}}?","gaia-grid-resume-download-action":"Preuzmi","gaia-grid-unrecoverable-error-title":"Ukloni aplikaciju","gaia-grid-unrecoverable-error-body":"Ne mogu instalirati aplikaciju zbog greške. Molim pokušajte ponovo. Aplikacija će biti uklonjena.","gaia-grid-unrecoverable-error-action":"U redu","gaia-grid-cancel":"Otkaži","gaia-menu-cancel":"Otkaži"}