{"search-or-enter-address":{"placeholder":"Arama yap veya adres gir"},"delete-title":"{{name}} uygulamasını sil","delete-body":"{{name}} ve tüm verileri silinecek.","delete":"Sil","cancel":"İptal","homescreen-settings":"Ana ekran ayarları","change-wallpaper":"Duvar kâğıdını değiştir","add-smart-collections":"Akıllı koleksiyon ekle","edit-mode":"Düzenle","edit-done":"Bitti","stop-download-title":"{{name}} indirmesini durdur","stop-download-body":"Devam eden indirmeyi durdurmak istiyor musunuz?","stop-download-action":"Durdur","resume-download-title":"İndirmeyi yeniden başlat","resume-download-body":"{{name}} uygulamasını indirmek istiyor musunuz?","resume-download-action":"İndir","collection-categoryId-22":"Kitaplar","collection-categoryId-142":"Müzik","collection-categoryId-181":"Filmler","collection-categoryId-194":"İnternet","collection-categoryId-207":"Oyunlar","collection-categoryId-211":"Video","collection-categoryId-213":"TV","collection-categoryId-220":"Restoranlar","collection-categoryId-225":"Ünlüler","collection-categoryId-238":"Alışveriş","collection-categoryId-242":"Resimler","collection-categoryId-244":"Teknoloji","collection-categoryId-245":"Haberler","collection-categoryId-248":"E-posta","collection-categoryId-249":"Hava Durumu","collection-categoryId-256":"Kültür","collection-categoryId-260":"Spor","collection-categoryId-270":"Tarifler","collection-categoryId-271":"Kaynak","collection-categoryId-272":"Seyahat Rehberleri","collection-categoryId-274":"İşler","collection-categoryId-275":"Sağlık","collection-categoryId-277":"Komik","collection-categoryId-279":"Eğitim","collection-categoryId-282":"Moda","collection-categoryId-286":"Elektronik","collection-categoryId-288":"Otomobil","collection-categoryId-289":"Sosyal","collection-categoryId-291":"Video Oyunları","collection-categoryId-292":"Günlük Fırsatlar","collection-categoryId-294":"Kişisel İletişim","collection-categoryId-296":"Yakınımdakiler","collection-categoryId-297":"Astroloji","collection-categoryId-302":"Çocuklar","collection-categoryId-303":"Finansal Hizmetler","collection-categoryId-306":"Seyahat","collection-categoryId-316":"Oteller","collection-categoryId-320":"Tanışma","collection-categoryId-321":"Finans Haberleri","collection-categoryId-325":"Beyzbol","collection-categoryId-338":"İlanlar","collection-categoryId-347":"Bebek","collection-categoryId-349":"Fotoğrafçılık","collection-categoryId-356":"Güzellik","collection-categoryId-357":"Araçlar","collection-categoryId-360":"Üretkenlik","collection-categoryId-365":"Çizgi Romanlar","collection-categoryId-366":"Yaşam Tarzı","collection-categoryId-368":"Kişiselleştirme","collection-categoryId-372":"Ulaşım","collection-categoryId-373":"İletişim","collection-categoryId-376":"Eğlence","collection-categoryId-377":"Futbol","collection-categoryId-381":"Din","collection-categoryId-382":"Zindelik","collection-categoryId-387":"Açık Hava Etkinlikleri","collection-categoryId-399":"Kendin Yap","collection-categoryId-449":"Sıkıldım","collection-categoryId-462":"Kısa Diziler","collection-categoryId-463":"Politika","collection-categoryId-473":"Kriket","collection-categoryId-491":"Dünya Kupası","collection-categoryId-501":"Brezilya Uygulamaları","collection-categoryId-504":"Bollywood","collection-categoryId-505":"Yiyecek ve İçecekler","collection-categoryId-507":"Seyahat ve Yerel","collection-categoryId-510":"Teknoloji ve Bilim","collection-categoryId-511":"Medya ve Video","collection-categoryId-512":"Sağlık ve Zindelik","collection-categoryId-513":"İş","collection-categoryId-520":"Bisiklet","collection-categoryId-521":"Sörf","gaia-grid-stop-download-title":"{{name}} indirmesini durdur","gaia-grid-stop-download-body":"Devam eden indirmeyi durdurmak istiyor musunuz?","gaia-grid-stop-download-action":"Durdur","gaia-grid-resume-download-title":"İndirmeyi yeniden başlat","gaia-grid-resume-download-body":"{{name}} indirilsin mi?","gaia-grid-resume-download-action":"İndir","gaia-grid-unrecoverable-error-title":"Uygulamayı kaldır","gaia-grid-unrecoverable-error-body":"Çözülemeyen bir hata nedeniyle uygulama yüklenemedi. Lütfen yeniden indirmeyi deneyin. Bu uygulama silinecektir.","gaia-grid-unrecoverable-error-action":"Tamam","gaia-grid-cancel":"İptal","gaia-menu-cancel":"İptal"}