{"search-or-enter-address":{"placeholder":"搜索或输入网址"},"delete-title":"删除“{{name}}”","delete-body":"“{{name}}”及其所有数据将被删除。","delete":"删除","cancel":"取消","homescreen-settings":"Homescreen Settings","change-wallpaper":"更改壁纸","add-smart-collections":"添加智能收藏集","edit-mode":"编辑","edit-done":"完成","stop-download-title":"停止 {{name}}","stop-download-body":"您确定要停止正在进行的下载吗？","stop-download-action":"停止","resume-download-title":"重新开始下载","resume-download-body":"你是否想下载 {{name}}？","resume-download-action":"下载","collection-categoryId-22":"书籍","collection-categoryId-142":"音乐","collection-categoryId-181":"电影","collection-categoryId-194":"互联网","collection-categoryId-207":"游戏","collection-categoryId-211":"视频","collection-categoryId-213":"电视","collection-categoryId-220":"餐饮","collection-categoryId-225":"名人","collection-categoryId-238":"购物","collection-categoryId-242":"图片","collection-categoryId-244":"科技","collection-categoryId-245":"新闻","collection-categoryId-248":"电邮","collection-categoryId-249":"天气","collection-categoryId-256":"文化","collection-categoryId-260":"体育","collection-categoryId-270":"烹饪","collection-categoryId-271":"参考","collection-categoryId-272":"旅行指南","collection-categoryId-274":"工作","collection-categoryId-275":"医药","collection-categoryId-277":"搞笑","collection-categoryId-279":"学习&教育","collection-categoryId-282":"时尚","collection-categoryId-286":"电子","collection-categoryId-288":"汽车","collection-categoryId-289":"社交","collection-categoryId-291":"视频游戏","collection-categoryId-292":"优惠","collection-categoryId-294":"个人沟通","collection-categoryId-296":"周围","collection-categoryId-297":"星座","collection-categoryId-302":"儿童","collection-categoryId-303":"金融服务","collection-categoryId-306":"旅游","collection-categoryId-316":"宾馆","collection-categoryId-320":"约会","collection-categoryId-321":"经济新闻","collection-categoryId-325":"垒球","collection-categoryId-338":"分类广告","collection-categoryId-347":"婴儿","collection-categoryId-349":"摄影","collection-categoryId-356":"佳人","collection-categoryId-357":"公用事业","collection-categoryId-360":"生产力","collection-categoryId-365":"漫画","collection-categoryId-366":"生活","collection-categoryId-368":"个性化","collection-categoryId-372":"交通","collection-categoryId-373":"电信","collection-categoryId-376":"娱乐","collection-categoryId-377":"足球","collection-categoryId-381":"宗教","collection-categoryId-382":"健身","collection-categoryId-387":"户外","collection-categoryId-399":"DIY","collection-categoryId-449":"好无聊","collection-categoryId-462":"电视剧","collection-categoryId-463":"政治","collection-categoryId-473":"板球","collection-categoryId-491":"世界杯","collection-categoryId-501":"巴西人 App","collection-categoryId-504":"宝莱坞","collection-categoryId-505":"吃喝","collection-categoryId-507":"旅行&本地","collection-categoryId-510":"科技","collection-categoryId-511":"媒体&视频","collection-categoryId-512":"健康&健身","collection-categoryId-513":"商务","collection-categoryId-520":"骑行","collection-categoryId-521":"冲浪","gaia-grid-stop-download-title":"Stop {{name}}","gaia-grid-stop-download-body":"Do you want to stop the download in progress?","gaia-grid-stop-download-action":"Stop","gaia-grid-resume-download-title":"Restart Download","gaia-grid-resume-download-body":"Do you want to download {{name}}?","gaia-grid-resume-download-action":"Download","gaia-grid-unrecoverable-error-title":"Remove Application","gaia-grid-unrecoverable-error-body":"Cannot install application due to an unrecoverable error. Please try downloading again. The application will be removed.","gaia-grid-unrecoverable-error-action":"OK","gaia-grid-cancel":"Cancel","gaia-menu-cancel":"Cancel"}