{"ok":"D'acord","download-button":"Baixa","install-button":"Instal·la","cancel-button":"Cancel·la","download_error":"Error de baixada","install_error":"Error d'instal·lació","err_descriptor_download_failed":"La baixada ha fallat per un error del servidor.","err_bad_descriptor":"La baixada ha fallat per un error del servidor.","err_too_big":"El fitxer és massa gran per baixar-lo.","err_unsupported_type":"El vostre telèfon no reconeix aquest tipus de fitxer multimèdia adquirit.","err_bad_type":"La baixada ha fallat per un error del servidor.","err_content_download_failed":"La baixada ha fallat per un error del servidor.","err_bad_drm_message":"La baixada ha fallat per un error del servidor.","err_bad_image":"La imatge baixada no es pot mostrar en el dispositiu.","err_bad_audio":"El fitxer baixat no es pot reproduir en el dispositiu.","err_no_space":"No hi ha suficient espai al dispositiu per desar la cançó.","err_no_sdcard":"No es pot desar la cançó perquè no hi ha targeta de memòria.","err_sdcard_in_use":"No es pot desar la cançó perquè la targeta de memòria és en ús. Desendolleu el vostre telèfon i proveu a baixar-la de nou.","err_ds_save_failure":"Error en desar el fitxer multimèdia.","err_db_store_failure":"Error en desar el fitxer multimèdia.","success_song":"Cançó baixada i instal·lada. Utilitzeu l'aplicació Música per reproduir-la.","success_ringtone":"S'ha baixat i instal·lat el to de trucada.","success_wallpaper":"S'ha baixat i instal·lat el fons de pantalla.","ringtone-or-song-question":"Do you want to install this audio file as a song or as a ringtone?","ringtone-response":"To de trucada","song-response":"Cançó","download-confirmation-title-song":"Voleu baixar la cançó?","download-confirmation-title-ringtone":"Voleu baixar el to de trucada?","download-confirmation-title-wallpaper":"Voleu baixar el fons de pantalla?","downloading-song":"S'està baixant la cançó…","downloading-ringtone":"S'està baixant el to de trucada…","downloading-wallpaper":"S'està baixant el fons de pantalla…","locked-content-advisory":"{{vendor}} ha bloquejat aquest fitxer multimèdia perquè no es pugui compartir amb altres o transferir-lo a un altre dispositiu.","locked-content-advisory-generic":"El venedor ha bloquejat aquest fitxer multimèdia perquè no es pugui compartir amb altres o transferir-lo a un altre dispositiu.","download-confirmation-name":"Nom","download-confirmation-type":"Tipus","download-confirmation-size":"Mida","download-confirmation-vendor":"Proveïdor","download-confirmation-description":"Informació","download-progress-title":"S'està baixant","preview-image-title":"Previsualitza la imatge","preview-audio-title":"Previsualitza l'àudio","byteUnit-B":"bytes","byteUnit-KB":"kB","byteUnit-MB":"MB","byteUnit-GB":"GB","done":"Fet","pick-ringtone":"Trieu to de trucada","pick-wallpaper":"Trieu fons de pantalla","no-installed-ringtones":"No s'ha instal·lat cap to de trucada protegit","no-installed-wallpaper":"No s'ha instal·lat cap fons de pantalla protegit"}