{"ok":"OK","download-button":"Stáhnout","install-button":"Nainstalovat","cancel-button":"Zrušit","download_error":"Chyba stahování","install_error":"Chyba instalace","err_descriptor_download_failed":"Při stahování nastala chyba serveru.","err_bad_descriptor":"Při stahování nastala chyba serveru.","err_too_big":"Soubor je příliš veliký ke stažení.","err_unsupported_type":"Tento typ zakoupeného média není na vašem telefonu podporován.","err_bad_type":"Při stahování nastala chyba serveru.","err_content_download_failed":"Při stahování nastala chyba serveru.","err_bad_drm_message":"Při stahování nastala chyba serveru.","err_bad_image":"Stažený obrázek nelze na tomto zařízení zobrazit.","err_bad_audio":"Stažený soubor nelze na tomto zařízení přehrát.","err_no_space":"Na vašem zařízení není dostatek volné paměti pro uložení této skladby.","err_no_sdcard":"Skladbu nelze uložit, protože není vložena paměťová karta.","err_sdcard_in_use":"Skladbu nelze uložit, protože paměťová karta je právě používána. Odpojte svůj telefon a zkuste ji stáhnout znovu.","err_ds_save_failure":"Chyba při ukládání multimediálního souboru.","err_db_store_failure":"Chyba při ukládání multimediálního souboru.","success_song":"Skladba byla stažena a nainstalována. Pro její přehrání použijte aplikaci Hudba.","success_ringtone":"Vyzvánění bylo staženo a nainstalováno.","success_wallpaper":"Tapeta byla stažena a nainstalována.","ringtone-or-song-question":"Chcete tento zvukový soubor nainstalovat jako skladbu nebo jako vyzvánění? ","ringtone-response":"Vyzvánění","song-response":"Skladba","download-confirmation-title-song":"Stáhnout skladbu?","download-confirmation-title-ringtone":"Stáhnout vyzvánění?","download-confirmation-title-wallpaper":"Stáhnout tapetu?","downloading-song":"Stahování skladby…","downloading-ringtone":"Stahování vyzvánění…","downloading-wallpaper":"Stahování tapety…","locked-content-advisory":"Tento multimediální soubor byl uzamčen prodejcem {{vendor}}. Nelze jej tedy sdílet s ostatními nebo přenášet na nová zařízení.","locked-content-advisory-generic":"Tento multimediální soubor byl prodejcem uzamčen a nelze jej tedy sdílet s ostatními nebo přenášet na nová zařízení.","download-confirmation-name":"Název","download-confirmation-type":"Typ","download-confirmation-size":"Velikost","download-confirmation-vendor":"Prodejce","download-confirmation-description":"Info","download-progress-title":"Stahování","preview-image-title":"Náhled obrázku","preview-audio-title":"Audio ukázka","byteUnit-B":"bytů","byteUnit-KB":"KB","byteUnit-MB":"MB","byteUnit-GB":"GB","done":"Hotovo","pick-ringtone":"Vybrat vyzvánění","pick-wallpaper":"Vybrat tapetu","no-installed-ringtones":"Nejsou nainstalována žádná uzamčená vyzvánění","no-installed-wallpaper":"Nejsou nainstalovány žádné uzamčené tapety"}