{"ok":"Aceptar","download-button":"Descargar","install-button":"Instalar","cancel-button":"Cancelar","download_error":"Error en descarga","install_error":"Error en instalación","err_descriptor_download_failed":"La descarga se interrumpió debido a un error del servidor.","err_bad_descriptor":"La descarga se interrumpió debido a un error del servidor.","err_too_big":"El archivo es demasiado grande para descargarse.","err_unsupported_type":"El tipo de archivo multimedia adquirido no es compatible con su teléfono.","err_bad_type":"La descarga se interrumpió debido a un error del servidor.","err_content_download_failed":"La descarga se interrumpió debido a un error del servidor.","err_bad_drm_message":"La descarga se interrumpió debido a un error del servidor.","err_bad_image":"La imagen descargada no puede mostrarse en este dispositivo.","err_bad_audio":"El archivo descargado no puede reproducirse en este dispositivo.","err_no_space":"No hay suficiente espacio de almacenamiento en el dispositivo para guardar la canción.","err_no_sdcard":"No podemos guardar la canción porque no hay tarjeta de memoria.","err_sdcard_in_use":"No podemos guardar la canción porque no hay tarjeta de memoria en uso. Desconecte el teléfono y pruebe a descargarla de nuevo.","err_ds_save_failure":"Error al guardar archivo multimedia.","err_db_store_failure":"Error al guardar archivo multimedia.","success_song":"Canción guardada e instalada. Use la aplicación Música para reproducirla.","success_ringtone":"Tono de llamada descargado e instalado.","success_wallpaper":"Fondo de pantalla descargado e instalado.","ringtone-or-song-question":"Do you want to install this audio file as a song or as a ringtone?","ringtone-response":"Tono de llamada","song-response":"Canción","download-confirmation-title-song":"¿Descargar canción?","download-confirmation-title-ringtone":"¿Descargar tono de llamada?","download-confirmation-title-wallpaper":"¿Descargar fondo de pantalla?","downloading-song":"Descargando canción...","downloading-ringtone":"Descargando tono de llamada...","downloading-wallpaper":"Descargando fondo de pantalla...","locked-content-advisory":"{{vendor}} ha bloqueado este archivo multimedia para que no se comparta con nadie ni se transfiera a un nuevo dispositivo.","locked-content-advisory-generic":"El vendedor ha bloqueado este archivo multimedia para que no se comparta con nadie ni se transfiera a un nuevo dispositivo.","download-confirmation-name":"Nombre","download-confirmation-type":"Tipo","download-confirmation-size":"Tamaño","download-confirmation-vendor":"Fabricante","download-confirmation-description":"Info","download-progress-title":"Descargando","preview-image-title":"Previsualizar imagen","preview-audio-title":"Escuchar muestra","byteUnit-B":"bytes","byteUnit-KB":"Kb","byteUnit-MB":"Mb","byteUnit-GB":"Gb","done":"Hecho","pick-ringtone":"Seleccionar tono","pick-wallpaper":"Seleccionar fondo","no-installed-ringtones":"No hay instalado ningún tono bloqueado","no-installed-wallpaper":"No hay instalado ningún fondo bloqueado"}