{"ok":"Ados","download-button":"Deskargatu","install-button":"Instalatu","cancel-button":"Utzi","download_error":"Deskarga-errorea","install_error":"Instalazio-errorea","err_descriptor_download_failed":"Deskargak huts egin du zerbitzariaren errore bat dela eta.","err_bad_descriptor":"Deskargak huts egin du zerbitzariaren errore bat dela eta.","err_too_big":"Fitxategia handiegia da deskargatzeko.","err_unsupported_type":"Zure gailuak ez du erositako multimedia mota hau onartzen.","err_bad_type":"Deskargak huts egin du zerbitzariaren errore bat dela eta.","err_content_download_failed":"Deskargak huts egin du zerbitzariaren errore bat dela eta.","err_bad_drm_message":"Deskargak huts egin du zerbitzariaren errore bat dela eta.","err_bad_image":"Ezin da deskargatutako irudia bistaratu gailu honetan.","err_bad_audio":"Ezin da deskargatutako fitxategia erreproduzitu gailu honetan.","err_no_space":"Ez dago abesti hau biltegiratzeko leku libre nahikorik zure gailuan.","err_no_sdcard":"Ezin da abestia gorde memoria-txartelik ez dagoelako.","err_sdcard_in_use":"Ezin da abestia gorde memoria-txartela erabiltzen ari delako. Desentxufatu telefonoa eta saiatu berriro deskargatzen.","err_ds_save_failure":"Errorea multimedia-fitxategia gordetzean.","err_db_store_failure":"Errorea multimedia-fitxategia gordetzean.","success_song":"Abestia deskargatuta eta instalatuta. Erreproduzitzeko, erabili Musika aplikazioa.","success_ringtone":"Txirrin-tonua deskargatuta eta instalatuta.","success_wallpaper":"Horma-papera deskargatuta eta instalatuta.","ringtone-or-song-question":"Do you want to install this audio file as a song or as a ringtone?","ringtone-response":"Txirrin-tonua","song-response":"Abestia","download-confirmation-title-song":"Deskargatu abestia?","download-confirmation-title-ringtone":"Deskargatu txirrin-tonua?","download-confirmation-title-wallpaper":"Deskargatu horma-papera?","downloading-song":"Abestia deskargatzen…","downloading-ringtone":"Txirrin-tonua deskargatzen…","downloading-wallpaper":"Horma-papera deskargatzen…","locked-content-advisory":"{{vendor}} hornitzaileak multimedia-fitxategia blokeatu du ezin dadin beste inorekin partekatu edo gailu berri batera transferitu.","locked-content-advisory-generic":"Saltzaileak multimedia-fitxategia blokeatu du ezin dadin beste inorekin partekatu edo gailu berri batera transferitu.","download-confirmation-name":"Izena","download-confirmation-type":"Mota","download-confirmation-size":"Tamaina","download-confirmation-vendor":"Hornitzailea","download-confirmation-description":"Informazioa","download-progress-title":"Deskargatzen","preview-image-title":"Aurreikusi irudia","preview-audio-title":"Aurreikusi audioa","byteUnit-B":"byte","byteUnit-KB":"KB","byteUnit-MB":"MB","byteUnit-GB":"GB","done":"Eginda","pick-ringtone":"Hautatu txirrin-tonua","pick-wallpaper":"Hautatu horma-papera","no-installed-ringtones":"Ez dago blokeatutako txirrin-tonurik instalatuta","no-installed-wallpaper":"Ez dago blokeatutako horma-paperik instalatuta"}