{"ok":"Aceptar","download-button":"Descargar","install-button":"Instalar","cancel-button":"Cancelar","download_error":"Erro na descarga","install_error":"Erro de instalación","err_descriptor_download_failed":"A descarga fallou por un erro do servidor.","err_bad_descriptor":"A descarga fallou por un erro do servidor.","err_too_big":"O ficheiro é demasiado grande para descargarse.","err_unsupported_type":"O tipo de ficheiro multimedia adquirido non é compatíbel co seu teléfono.","err_bad_type":"A descarga fallou por un erro do servidor.","err_content_download_failed":"A descarga fallou por un erro do servidor.","err_bad_drm_message":"A descarga fallou por un erro do servidor.","err_bad_image":"Non é posíbel amosar a imaxe descargada neste dispositivo.","err_bad_audio":"Non é posíbel reproducir o ficheiro descargado neste dispositivo.","err_no_space":"Non hai suficiente espazo de almacenamento no dispositivo para gardar esta canción.","err_no_sdcard":"Non é posíbel gardar a canción porque non hai tarxeta de memoria.","err_sdcard_in_use":"Non é posíbel gardar a canción porque a tarxeta de memoria está en uso. Desconecte o teléfono e tente descargala de novo.","err_ds_save_failure":"Produciuse un erro ao gardar o ficheiro multimedia.","err_db_store_failure":"Produciuse un erro ao gardar o ficheiro multimedia.","success_song":"Descargouse e instalouse a canción. Use o aplicativo Música para reproducila.","success_ringtone":"Descargouse e instalouse o ton de chamada.","success_wallpaper":"Descargouse e instalouse o fondo de pantalla.","ringtone-or-song-question":"Quere instalar este ficheiro de son como unha canción ou como un ton de chamada?","ringtone-response":"Ton de chamada","song-response":"Canción","download-confirmation-title-song":"Descargar a canción?","download-confirmation-title-ringtone":"Descargar o ton de chamada?","download-confirmation-title-wallpaper":"Descargar o fondo de pantalla?","downloading-song":"Descargando a canción…","downloading-ringtone":"Descargando o ton de chamada…","downloading-wallpaper":"Descargando o fondo de pantalla…","locked-content-advisory":"{{vendor}} bloqueou este ficheiro multimedia para que non sexa posíbel compartilo ou transferilo a un novo dispositivo.","locked-content-advisory-generic":"O vendedor bloqueou este ficheiro multimedia para que non sexa posíbel compartilo ou transferilo a un novo dispositivo.","download-confirmation-name":"Nome","download-confirmation-type":"Tipo","download-confirmation-size":"Tamaño","download-confirmation-vendor":"Fabricante","download-confirmation-description":"Información","download-progress-title":"Descargando","preview-image-title":"Previsualizar imaxe","preview-audio-title":"Escoitar mostra","byteUnit-B":"bytes","byteUnit-KB":"KB","byteUnit-MB":"MB","byteUnit-GB":"GB","done":"Feito","pick-ringtone":"Seleccionar ton","pick-wallpaper":"Seleccionar fondo","no-installed-ringtones":"Ningún ton de chamada protexido instalado","no-installed-wallpaper":"Ningún fondo protexido instalado"}