{"ok":"OK","download-button":"Letöltés","install-button":"Telepítés","cancel-button":"Mégse","download_error":"Letöltési hiba","install_error":"Telepítési hiba","err_descriptor_download_failed":"A letöltés kiszolgáló hiba miatt hiúsult meg.","err_bad_descriptor":"A letöltés kiszolgáló hiba miatt hiúsult meg.","err_too_big":"A fájl túl nagy a letöltéshez.","err_unsupported_type":"Az ilyen típusú megvásárolt médiafájlt nem támogatja a telefonja.","err_bad_type":"A letöltés kiszolgáló hiba miatt hiúsult meg.","err_content_download_failed":"A letöltés kiszolgáló hiba miatt hiúsult meg.","err_bad_drm_message":"A letöltés kiszolgáló hiba miatt hiúsult meg.","err_bad_image":"A letöltött kép nem jeleníthető meg ezen az eszközön.","err_bad_audio":"A letöltött fájl nem játszható le ezen az eszközön.","err_no_space":"Nincs elegendő tárolóterület az eszközön a zene mentéséhez.","err_no_sdcard":"A zene nem menthető el, mert nincs memóriakártya a telefonban.","err_sdcard_in_use":"A zene nem menthető el, mert használatban van a memóriakártya. Húzza ki a telefont, és próbálja meg ismét a letöltést.","err_ds_save_failure":"Hiba lépett fel a média-fájl mentése közben.","err_db_store_failure":"Hiba lépett fel a média-fájl mentése közben.","success_song":"A zene le lett töltve. A Zene app segítségével lejátszhatja azt.","success_ringtone":"Csengőhang letöltve és telepítve.","success_wallpaper":"Háttérkép letöltve és telepítve.","ringtone-or-song-question":"Do you want to install this audio file as a song or as a ringtone?","ringtone-response":"Csengőhang","song-response":"Zene","download-confirmation-title-song":"Letölti a zenét","download-confirmation-title-ringtone":"Letölti a csengőhangot","download-confirmation-title-wallpaper":"Letölti a háttérképet","downloading-song":"Zene letöltése…","downloading-ringtone":"Csengőhang letöltése…","downloading-wallpaper":"Háttérkép letöltése…","locked-content-advisory":"A(z) {{vendor}} zárolta ezt a médiafájlt, így az nem osztható másokkal és nem lehet átvinni új eszközre sem.","locked-content-advisory-generic":"Az eladó zárolta ezt a médiafájlt, így az nem osztható másokkal és nem lehet átvinni új eszközre sem.","download-confirmation-name":"Név","download-confirmation-type":"Típus","download-confirmation-size":"Méret","download-confirmation-vendor":"Kiadó","download-confirmation-description":"Információ","download-progress-title":"Letöltés","preview-image-title":"Kép előnézet","preview-audio-title":"Zene előhallgatás","byteUnit-B":"bájt","byteUnit-KB":"KB","byteUnit-MB":"MB","byteUnit-GB":"GB","done":"Kész","pick-ringtone":"Válasszon csengőhangot","pick-wallpaper":"Válasszon háttérképet","no-installed-ringtones":"Nincs telepítve zárolt csengőhang","no-installed-wallpaper":"Nincs telepítve zárolt háttérkép"}