{"ok":"OK","download-button":"Download","install-button":"Installa","cancel-button":"Annulla","download_error":"Errore download","install_error":"Errore installazione","err_descriptor_download_failed":"Download non riuscito a causa di un errore del server.","err_bad_descriptor":"Download non riuscito a causa di un errore del server.","err_too_big":"Dimensione file eccessiva per il download.","err_unsupported_type":"Questo tipo di file acquistato non è supportato dal telefono in uso.","err_bad_type":"Download non riuscito a causa di un errore del server.","err_content_download_failed":"Download non riuscito a causa di un errore del server.","err_bad_drm_message":"Download non riuscito a causa di un errore del server.","err_bad_image":"L’immagine scaricata non è visualizzabile su questo dispositivo.","err_bad_audio":"Impossibile riprodurre il download su questo dispositivo.","err_no_space":"Spazio disponibile insufficiente per il salvataggio di questa canzone.","err_no_sdcard":"Impossibile salvare la canzone, nessuna scheda di memoria disponibile.","err_sdcard_in_use":"Impossibile salvare il file, la scheda di memoria è in uso. Scollegare il telefono e riprovare.","err_ds_save_failure":"Errore durante il salvataggio del file.","err_db_store_failure":"Errore durante il salvataggio del file.","success_song":"Canzone scaricata e installata. Utilizzare l’app Musica per riprodurla.","success_ringtone":"Suoneria scaricata e installata.","success_wallpaper":"Sfondo scaricato e installato.","ringtone-or-song-question":"Installare questo file audio come canzone o come suoneria?","ringtone-response":"Suoneria","song-response":"Canzone","download-confirmation-title-song":"Scaricare la canzone?","download-confirmation-title-ringtone":"Scaricare la suoneria?","download-confirmation-title-wallpaper":"Scaricare lo sfondo?","downloading-song":"Download canzone…","downloading-ringtone":"Download suoneria…","downloading-wallpaper":"Download sfondo…","locked-content-advisory":"{{vendor}} ha protetto questo file impedendone la condivisione con altri o il trasferimento a nuovi dispositivi.","locked-content-advisory-generic":"Il venditore ha protetto questo file impedendone la condivisione con altri o il trasferimento a nuovi dispositivi.","download-confirmation-name":"Nome","download-confirmation-type":"Tipo","download-confirmation-size":"Dimensione","download-confirmation-vendor":"Fornitore","download-confirmation-description":"Info","download-progress-title":"Download…","preview-image-title":"Anteprima immagine","preview-audio-title":"Anteprima audio","byteUnit-B":"byte","byteUnit-KB":"kB","byteUnit-MB":"MB","byteUnit-GB":"GB","done":"Fatto","pick-ringtone":"Seleziona suoneria","pick-wallpaper":"Seleziona sfondo","no-installed-ringtones":"Nessuna suoneria protetta installata","no-installed-wallpaper":"Nessuno sfondo protetto installato"}