{"ok":"Gerai","download-button":"Parsiųsti","install-button":"Įdiegti","cancel-button":"Atsisakyti","download_error":"Parsiuntimo klaida","install_error":"Įdiegimo klaida","err_descriptor_download_failed":"Parsiuntimas nepavyko dėl serverio klaidos.","err_bad_descriptor":"Parsiuntimas nepavyko dėl serverio klaidos.","err_too_big":"Failas per didelis, jo parsiųsti negalima.","err_unsupported_type":"Šio tipo pirkiniai šiame įrenginyje nepalaikomi.","err_bad_type":"Parsiuntimas nepavyko dėl serverio klaidos.","err_content_download_failed":"Parsiuntimas nepavyko dėl serverio klaidos.","err_bad_drm_message":"Parsiuntimas nepavyko dėl serverio klaidos.","err_bad_image":"Parsiųsto paveikslo šiame įrenginyje negalima parodyti.","err_bad_audio":"Parsiųsto įrašo šiame įrenginyje negalima atkurti.","err_no_space":"Jūsų įrenginyje nepakanka vietos šiai dainai įrašyti.","err_no_sdcard":"Dainos įrašyti negalima, nes neįdėta atminties kortelė.","err_sdcard_in_use":"Dainos įrašyti negalima, nes atminties kortelė naudojama. Atjunkite šį įrenginį nuo kitų ir bandykite dar kartą.","err_ds_save_failure":"Klaida įrašant failą.","err_db_store_failure":"Klaida įrašant failą.","success_song":"Daina parsiųsta ir įdiegta. Jai groti naudokitės Muzikos programa.","success_ringtone":"Skambėjimo garsas parsiųstas ir įdiegtas.","success_wallpaper":"Ekrano fonas parsiųstas ir įdiegtas.","ringtone-or-song-question":"Do you want to install this audio file as a song or as a ringtone?","ringtone-response":"Kaip skambėjimo garsą","song-response":"Kaip dainą","download-confirmation-title-song":"Parsiųsti dainą?","download-confirmation-title-ringtone":"Parsiųsti skambėjimo garsą?","download-confirmation-title-wallpaper":"Parsiųsti ekrano foną?","downloading-song":"Daina parsiunčiama…","downloading-ringtone":"Skambėjimo garsas parsiunčiamas…","downloading-wallpaper":"Ekrano fonas parsiunčiamas…","locked-content-advisory":"„{{vendor}}“ šį failą užrakino, kad juo negalima būtų dalintis su kitais ar perkelti į kitą įrenginį.","locked-content-advisory-generic":"Pardavėjas šį failą užrakino, kad juo negalima būtų dalintis su kitais ar perkelti į kitą įrenginį.","download-confirmation-name":"Pavadinimas","download-confirmation-type":"Tipas","download-confirmation-size":"Dydis","download-confirmation-vendor":"Pardavėjas","download-confirmation-description":"Informacija","download-progress-title":"Parsiunčiama","preview-image-title":"Peržiūrėti paveikslą","preview-audio-title":"Klausyti įrašo","byteUnit-B":"B","byteUnit-KB":"KB","byteUnit-MB":"MB","byteUnit-GB":"GB","done":"Atlikta","pick-ringtone":"Pasirinkite skambėjimo garsą","pick-wallpaper":"Pasirinkite ekrano foną","no-installed-ringtones":"Nėra įdiegtų užrakintų skambėjimo garsų","no-installed-wallpaper":"Nėra įdiegtų užrakintų ekrano fonų"}