{"ok":"Во ред","download-button":"Преземи","install-button":"Инсталирај","cancel-button":"Откажи","download_error":"Грешка при преземање","install_error":"Грешка при инсталација","err_descriptor_download_failed":"Преземањето не успеа заради грешка на серверот.","err_bad_descriptor":"Преземањето не успеа заради грешка на серверот.","err_too_big":"Датотеката за преземање е преголема.","err_unsupported_type":"Овој тип на купени медии не е поддржан од Вашиот телефон.","err_bad_type":"Преземањето не успеа заради грешка на серверот.","err_content_download_failed":"Преземањето не успеа заради грешка на серверот.","err_bad_drm_message":"Преземањето не успеа заради грешка на серверот.","err_bad_image":"Преземената слика не може да се прикаже на овој уред.","err_bad_audio":"Преземената датотека не може да се репродуцира на овој уред.","err_no_space":"На Вашиот уред нема доволно простор за да се зачуваа оваа песна.","err_no_sdcard":"Песната не може да се сними бидејќи нема мемориска картичка.","err_sdcard_in_use":"Песната не може да се сними бидејќи мемориската картичка е зафатена. Исклучете го Вашиот телефон и обидете се да ја преземете повторно.","err_ds_save_failure":"Грешка при снимањето на медија-датотеката.","err_db_store_failure":"Грешка при снимањето на медија-датотеката.","success_song":"Песната е преземена и инсталирана. Преслушајте ја во апликацијата Музика.","success_ringtone":"Мелодијата е преземена и инсталирана.","success_wallpaper":"Тапетот е преземен и инсталиран.","ringtone-or-song-question":"Do you want to install this audio file as a song or as a ringtone?","ringtone-response":"Мелодија","song-response":"Песна","download-confirmation-title-song":"Да ја преземам песната?","download-confirmation-title-ringtone":"Да ја преземам мелодијата?","download-confirmation-title-wallpaper":"Да го преземам тапетот?","downloading-song":"Песната се презема…","downloading-ringtone":"Мелодијата се презема…","downloading-wallpaper":"Тапетот се презема…","locked-content-advisory":"Оваа медија-датотека е заклучена од {{vendor}} за да не може да се споделува или пак да се пренесува на нов уред.","locked-content-advisory-generic":"Продавачот ја заклучил оваа медија-датотека за да не може да се споделува или пак да се пренесува на нов уред.","download-confirmation-name":"Име","download-confirmation-type":"Тип","download-confirmation-size":"Големина","download-confirmation-vendor":"Добавувач","download-confirmation-description":"Опис","download-progress-title":"Преземање","preview-image-title":"Преглед на слика","preview-audio-title":"Преслушување на аудио","byteUnit-B":"бајти","byteUnit-KB":"KB","byteUnit-MB":"MB","byteUnit-GB":"GB","done":"Готово","pick-ringtone":"Изберете мелодија","pick-wallpaper":"Изберете тапет","no-installed-ringtones":"Нема заклучени мелодии","no-installed-wallpaper":"Нема заклучен тапет"}