{"ok":"OK","download-button":"Muat turun","install-button":"Pemasangan","cancel-button":"Batal","download_error":"Muat turun Gagal","install_error":"Ralat Pemasangan","err_descriptor_download_failed":"Muat turun gagal disebabkan ralat pelayan.","err_bad_descriptor":"Muat turun gagal disebabkan ralat pelayan.","err_too_big":"Fail terlalu besar untuk dimuat turun.","err_unsupported_type":"Pembelian media jenis ini tidak disokong pada telefon anda.","err_bad_type":"Muat turun gagal disebabkan ralat pelayan.","err_content_download_failed":"Muat turun gagal disebabkan ralat pelayan.","err_bad_drm_message":"Muat turun gagal disebabkan ralat pelayan.","err_bad_image":"Imej muat turun tidak dapat dipaparkan pada peranti ini.","err_bad_audio":"Fail dimuat turun tidak dapat dipaparkan pada peranti ini.","err_no_space":"Tidak terdapat ruang storan yang mencukupi pada peranti anda untuk menyimpan lagu ini.","err_no_sdcard":"Tidak dapat menyimpan lagi disebabkan tiada kad memori.","err_sdcard_in_use":"Tidak dapat menyimpan lagu disebabkan kad memori sedang digunakan. Cabut telefon anda dan cuba lagi memuat turun.","err_ds_save_failure":"Ralat menyimpan fail media.","err_db_store_failure":"Ralat menyimpan fail media.","success_song":"Lagu dimut turun dan dipasang. Gunakan app Muzik dan mainkannya.","success_ringtone":"Nada dering dimuat turun dan dipasang.","success_wallpaper":"Kertas dinding dimuat turun dan dipasang.","ringtone-or-song-question":"Do you want to install this audio file as a song or as a ringtone?","ringtone-response":"Nada dering","song-response":"Lagu","download-confirmation-title-song":"Muat turun lagu?","download-confirmation-title-ringtone":"Muat turun nada dering?","download-confirmation-title-wallpaper":"Muat turun kertas dinding?","downloading-song":"Muat turun lagu...","downloading-ringtone":"Memuat turun nada dering…","downloading-wallpaper":"Memuat turun kertas dinding...","locked-content-advisory":"{{vendor}} telah mengunci fail media ini supaya ianya tidak dapat dikongsi atau dipindahkan ke peranti baru yang lain.","locked-content-advisory-generic":"Penjual telah mengunci fail media ini supaya ianya tidak dapat dikongsi atau dipindahkan ke peranti baru yang lain.","download-confirmation-name":"Nama","download-confirmation-type":"Jenis","download-confirmation-size":"Saiz","download-confirmation-vendor":"Vendor","download-confirmation-description":"Info","download-progress-title":"Memuat turun","preview-image-title":"Pralihat imej","preview-audio-title":"Pralihat audio","byteUnit-B":"bait","byteUnit-KB":"KB","byteUnit-MB":"MB","byteUnit-GB":"GB","done":"Selesai","pick-ringtone":"Pilih Nada Dering","pick-wallpaper":"Pilih Kertas DInding","no-installed-ringtones":"Tiada Nada Dering Terkunci Dipasang","no-installed-wallpaper":"Tiada Kertas Dingding Terkunci Dipasang"}