{"ok":"OK","download-button":"Загрузить","install-button":"Установить","cancel-button":"Отмена","download_error":"Ошибка загрузки","install_error":"Ошибка установки","err_descriptor_download_failed":"Загрузка не удалась из-за ошибки сервера.","err_bad_descriptor":"Загрузка не удалась из-за ошибки сервера.","err_too_big":"Размер загружаемого файла превышает максимальный.","err_unsupported_type":"Этот тип купленного медиа не поддерживается на вашем телефоне.","err_bad_type":"Загрузка не удалась из-за ошибки сервера.","err_content_download_failed":"Загрузка не удалась из-за ошибки сервера.","err_bad_drm_message":"Загрузка не удалась из-за ошибки сервера.","err_bad_image":"Загруженное изображение не может быть просмотрено на этом устройстве.","err_bad_audio":"Загруженный файл не может быть воспроизведен на этом устройстве.","err_no_space":"Для сохранения этой песни на вашем устройстве недостаточно свободной памяти.","err_no_sdcard":"Не могу сохранить песню так как отсутствует карта памяти.","err_sdcard_in_use":"Не могу сохранить песню так как карта памяти сейчас занята. Отсоедините ваш телефон и попробуйте загрузить снова.","err_ds_save_failure":"Ошибка сохранения медиафайла.","err_db_store_failure":"Ошибка сохранения медиафайла.","success_song":"Песня загружена и установлена. Для её проигрывания используйте приложение Музыка.","success_ringtone":"Мелодия загружена и установлена.","success_wallpaper":"Обои загружены и установлены.","ringtone-or-song-question":"Do you want to install this audio file as a song or as a ringtone?","ringtone-response":"Мелодия","song-response":"Песня","download-confirmation-title-song":"Загрузить песню?","download-confirmation-title-ringtone":"Загрузить мелодию?","download-confirmation-title-wallpaper":"Загрузить обои?","downloading-song":"Загрузка песни…","downloading-ringtone":"Загрузка мелодии…","downloading-wallpaper":"Загрузка обоев…","locked-content-advisory":"{{vendor}} защитил этот медиафайл от копирования, чтобы им нельзя было поделиться с другими или перенести на новое устройство.","locked-content-advisory-generic":"Продавец защитил этот медиафайл от копирования, чтобы им нельзя было поделиться с другими или перенести на новое устройство.","download-confirmation-name":"Имя","download-confirmation-type":"Тип","download-confirmation-size":"Размер","download-confirmation-vendor":"Поставщик","download-confirmation-description":"Инфо","download-progress-title":"Загрузка","preview-image-title":"Предпросмотр изображения","preview-audio-title":"Предпросмотр аудио","byteUnit-B":"байт","byteUnit-KB":"КБ","byteUnit-MB":"МБ","byteUnit-GB":"ГБ","done":"Готово","pick-ringtone":"Выбрать мелодию","pick-wallpaper":"Выбрать обои","no-installed-ringtones":"Защищённые от копирования мелодии не установлены","no-installed-wallpaper":"Защищённые от копирования обои не установлены"}