{"ok":"OK","download-button":"Prevziať","install-button":"Nainštalovať","cancel-button":"Zrušiť","download_error":"Chyba pri preberaní","install_error":"Chyba pri inštalácii","err_descriptor_download_failed":"Pri preberaní súboru sa vyskytla chyba servera.","err_bad_descriptor":"Preberanie zlyhalo kvôli chybe servera.","err_too_big":"Súbor je príliš veľký, nie je možné ho prevziať.","err_unsupported_type":"Tento typ média nie je vo vašom telefóne podporovaný.","err_bad_type":"Preberanie zlyhalo kvôli chybe servera.","err_content_download_failed":"Preberanie zlyhalo kvôli chybe servera.","err_bad_drm_message":"Preberanie zlyhalo kvôli chybe servera.","err_bad_image":"Prevzatý obrázok nie je možné zobraziť na tomto zariadení.","err_bad_audio":"Prevzatý súbor nie je možné prehrať na tomto zariadení.","err_no_space":"Na uloženie tejto skladby nie je dostatok voľného miesta v úložisku.","err_no_sdcard":"Skladbu nie je možné uložiť, pretože nie je dostupná žiadna pamäťová karta.","err_sdcard_in_use":"Skladbu nie je možné uložiť, pretože pamäťová karta sa práve používa. Odpojte telefón a skúste to znova.","err_ds_save_failure":"Chyba pri ukladaní súboru média.","err_db_store_failure":"Chyba pri ukladaní súboru média.","success_song":"Skladba bola prevzatá a nainštalovaná. Prehráte ju pomocou aplikácie Hudba.","success_ringtone":"Zvonenie bolo prevzaté a nainštalované.","success_wallpaper":"Tapeta bola prevzatá a nainštalovaná.","ringtone-or-song-question":"Do you want to install this audio file as a song or as a ringtone?","ringtone-response":"Zvonenie","song-response":"Skladba","download-confirmation-title-song":"Prevziať skladbu?","download-confirmation-title-ringtone":"Prevziať zvonenie?","download-confirmation-title-wallpaper":"Prevziať tapetu?","downloading-song":"Preberá sa skladba…","downloading-ringtone":"Preberá sa zvonenie…","downloading-wallpaper":"Preberá sa tapeta…","locked-content-advisory":"Predávajúci ({{vendor}}) uzamkol tento súbor s médiom, takže ho nie je možné zdieľať s ostatnými ani preniesť do iného zariadenia.","locked-content-advisory-generic":"Predávajúci uzamkol tento súbor s médiom, takže ho nie je možné zdieľať s ostatnými ani preniesť do iného zariadenia.","download-confirmation-name":"Názov","download-confirmation-type":"Typ","download-confirmation-size":"Veľkosť","download-confirmation-vendor":"Spoločnosť","download-confirmation-description":"Informácie","download-progress-title":"Preberá sa","preview-image-title":"Ukážka obrázka","preview-audio-title":"Ukážka zvuku","byteUnit-B":"bajtov","byteUnit-KB":"kB","byteUnit-MB":"MB","byteUnit-GB":"GB","done":"Hotovo","pick-ringtone":"Zvoľte si zvonenie","pick-wallpaper":"Zvoľte si tapetu","no-installed-ringtones":"Nie sú nainštalované žiadne zamknuté zvonenia","no-installed-wallpaper":"Nie sú nainštalované žiadne zamknuté tapety"}