{"ok":"У реду","download-button":"Преузми","install-button":"Инсталирај","cancel-button":"Откажи","download_error":"Грешка при преузимању","install_error":"Грешка при инсталацији","err_descriptor_download_failed":"Преузимање није успело због грешке на серверу.","err_bad_descriptor":"Преузимање није успело због грешке на серверу.","err_too_big":"Датотека је превелика за преузимање.","err_unsupported_type":"Ова врста купљеног медија није подржан на Вашем телефону.","err_bad_type":"Преузимање није успело због грешке на серверу.","err_content_download_failed":"Преузимање није успело због грешке на серверу.","err_bad_drm_message":"Преузимање није успело због грешке на серверу.","err_bad_image":"Преузета слика не може бити приказана на овом уређају.","err_bad_audio":"Преузета датотека не може бити приказана на овом уређају.","err_no_space":"Нема довољно места на Вашем уређају да би се могла сачувати ова песма.","err_no_sdcard":"Песма се не може сачувати јер нема меморијске картице.","err_sdcard_in_use":"Песма се не може сачувати јер је меморијска картица тренутно у употреби. Ископчајте телефон и покушајте поново да преузмете песму.","err_ds_save_failure":"Грешка током чувања мултимедијалне датотеке.","err_db_store_failure":"Грешка током чувања мултимедијалне датотеке.","success_song":"Песма је преузета и инсталирана. Да би је преслушали, покрените апликацију Музика.","success_ringtone":"Мелодија је преузета и инсталирана.","success_wallpaper":"Позадинска слика је преузета и инсталирана.","ringtone-or-song-question":"Да ли желите да инсталирате ову аудио датотеку као песму или као мелодију?","ringtone-response":"Мелодију","song-response":"Песму","download-confirmation-title-song":"Преузети песму?","download-confirmation-title-ringtone":"Преузети мелодију?","download-confirmation-title-wallpaper":"Преузети позадинску слику?","downloading-song":"Преузимање песме…","downloading-ringtone":"Преузимање мелодије…","downloading-wallpaper":"Преузимање позадинске слике…","locked-content-advisory":"{{vendor}} је закључао ову мултимедијалну датотеку да се не би могла делити са другима или пренети на нови уређај.","locked-content-advisory-generic":"Продавац је закључао ову мултимедијалну датотеку да се не би могла делити са другима или пренети на нови уређај.","download-confirmation-name":"Назив","download-confirmation-type":"Врста","download-confirmation-size":"Величина","download-confirmation-vendor":"Продавац","download-confirmation-description":"Информације","download-progress-title":"Преузимање","preview-image-title":"Преглед слике","preview-audio-title":"Преглед аудиa","byteUnit-B":"бајта","byteUnit-KB":"KB","byteUnit-MB":"MB","byteUnit-GB":"GB","done":"Завршено","pick-ringtone":"Изабери мелодију","pick-wallpaper":"Изабери позадинску слику","no-installed-ringtones":"Нема инсталираних закључаних мелодија","no-installed-wallpaper":"Нема инсталираних закључаних позадинских слика"}