{
  "name": "Bangla - Avro",
  "label": "বাংলা - অভ্র",
  "imEngine": "jsavrophonetic",
  "types": [
    "text",
    "url"
  ],
  "pages": {
    "main": {
      "layout": [
        "q w e r t y u i o p",
        "a s d f g h j k l ঁ",
        "SHIFT ` z x c v b n m BACKSPACE",
        "?123 SWITCH SPACE . RETURN"
      ]
    },
    "NUMBERS": {
      "layout": [
        "১ ২ ৩ ৪ ৫ ৬ ৭ ৮ ৯ ০",
        "@ # ৳ % & * - + ( )",
        "ALT ! \" ' : ; / ? BACKSPACE",
        "ABC SWITCH SPACE . RETURN"
      ]
    },
    "SYMBOLS": "inherit"
  },
  "keys": {
    "a": {
      "alternatives": "A"
    },
    "b": {
      "alternatives": "B"
    },
    "c": {
      "alternatives": "C"
    },
    "d": {
      "alternatives": "D"
    },
    "e": {
      "alternatives": "E"
    },
    "f": {
      "alternatives": "F"
    },
    "g": {
      "alternatives": "H"
    },
    "i": {
      "alternatives": "I"
    },
    "j": {
      "alternatives": "J"
    },
    "k": {
      "alternatives": "K"
    },
    "l": {
      "alternatives": "L"
    },
    "m": {
      "alternatives": "M"
    },
    "n": {
      "alternatives": "N"
    },
    "o": {
      "alternatives": "O"
    },
    "p": {
      "alternatives": "P"
    },
    "q": {
      "alternatives": "Q"
    },
    "r": {
      "alternatives": "R"
    },
    "s": {
      "alternatives": "S"
    },
    "t": {
      "alternatives": "T"
    },
    "u": {
      "alternatives": "U"
    },
    "v": {
      "alternatives": "V"
    },
    "w": {
      "alternatives": "W"
    },
    "x": {
      "alternatives": "X"
    },
    "y": {
      "alternatives": "Y"
    },
    "z": {
      "alternatives": "Z"
    },
    ".": {
      "alternatives": ", ? ! ; :"
    },
    "০": {
      "alternatives": "º"
    },
    "১": {
      "alternatives": "1 "
    },
    "২": {
      "alternatives": "2 "
    },
    "৩": {
      "alternatives": "3 "
    },
    "৪": {
      "alternatives": "4 "
    },
    "৫": {
      "alternatives": "5 "
    },
    "৬": {
      "alternatives": "6 "
    },
    "৭": {
      "alternatives": "7 "
    },
    "৮": {
      "alternatives": "8 "
    },
    "৯": {
      "alternatives": "9 "
    },
    "৳": {
      "alternatives": "$ € £ ¥"
    },
    "?": {
      "alternatives": "¿"
    },
    "!": {
      "alternatives": "¡"
    }
  }
}