{
  "name": "English - Colemak",
  "label": "Colemak",
  "imEngine": "latin",
  "types": [
    "text",
    "url",
    "email"
  ],
  "autoCorrectLanguage": "en_us",
  "pages": {
    "main": {
      "layout": [
        "q w f p g j l u y ;",
        "a r s t d h n e i o",
        "SHIFT z x c v b k m BACKSPACE",
        "?123 SWITCH SPACE . RETURN"
      ]
    },
    "NUMBERS": "inherit",
    "SYMBOLS": "inherit"
  },
  "keys": {
    "a": {
      "alternatives": "á à â ä å ã ā æ"
    },
    "c": {
      "alternatives": "ç ć č"
    },
    "e": {
      "alternatives": "é è ê ë ē ę € ɛ"
    },
    "i": {
      "alternatives": "ï í ì î ī į"
    },
    "o": {
      "alternatives": "ö ó ò ô ō ő œ ø ɵ"
    },
    "u": {
      "alternatives": "ü ú ù û ű ū"
    },
    "s": {
      "alternatives": "ß ś š $"
    },
    "S": {
      "alternatives": "Ś Š $"
    },
    "n": {
      "alternatives": "ñ ń"
    },
    "l": {
      "alternatives": "ł £"
    },
    "y": {
      "alternatives": "ÿ ¥"
    },
    "z": {
      "alternatives": "ž ź ż"
    },
    ".": {
      "alternatives": ", ? ! : ) ( …"
    }
  }
}