{
  "name": "English",
  "label": "English",
  "imEngine": "latin",
  "types": [
    "text",
    "url",
    "email"
  ],
  "autoCorrectLanguage": "en_us",
  "pages": {
    "main": {
      "layout": [
        "q w e r t y u i o p",
        "a s d f g h j k l",
        "SHIFT z x c v b n m BACKSPACE",
        "?123 SWITCH SPACE . RETURN"
      ],
      "variants": {
        "email": [
          "q w e r t y u i o p",
          "a s d f g h j k l _",
          "SHIFT z x c v b n m BACKSPACE",
          "?123 SWITCH @ SPACE . RETURN"
        ],
        "url": [
          "q w e r t y u i o p",
          "a s d f g h j k l :",
          "SHIFT z x c v b n m BACKSPACE",
          "?123 SWITCH SPACE . RETURN"
        ]
      }
    },
    "NUMBERS": {
      "layout": [
        "1 2 3 4 5 6 7 8 9 0",
        "@ # $ % & * - + ( )",
        "ALT ! \" ' : ; / ? BACKSPACE",
        "ABC SWITCH SPACE . RETURN"
      ]
    },
    "SYMBOLS": "inherit"
  },
  "keys": {
    "0": {
      "alternatives": "º"
    },
    "1": {
      "alternatives": "1st "
    },
    "2": {
      "alternatives": "2nd "
    },
    "3": {
      "alternatives": "3rd "
    },
    "4": {
      "alternatives": "4th "
    },
    "5": {
      "alternatives": "5th "
    },
    "6": {
      "alternatives": "6th "
    },
    "7": {
      "alternatives": "7th "
    },
    "8": {
      "alternatives": "8th "
    },
    "9": {
      "alternatives": "9th "
    },
    "a": {
      "alternatives": "á à â ä å ã ā æ"
    },
    "c": {
      "alternatives": "ç ć č"
    },
    "e": {
      "alternatives": "é è ê ë ē ę € ɛ"
    },
    "i": {
      "alternatives": "ï í ì î ī į"
    },
    "o": {
      "alternatives": "ö ó ò ô ō œ ø ɵ"
    },
    "u": {
      "alternatives": "ü ú ù û ū"
    },
    "s": {
      "alternatives": "ß ś š $"
    },
    "S": {
      "alternatives": "Ś Š $"
    },
    "n": {
      "alternatives": "ñ ń"
    },
    "l": {
      "alternatives": "ł £"
    },
    "y": {
      "alternatives": "ÿ ¥"
    },
    "z": {
      "alternatives": "ž ź ż"
    },
    ".": {
      "alternatives": ", ? ! ; :"
    },
    "$": {
      "alternatives": "€ £ ¥"
    },
    "?": {
      "alternatives": "¿"
    },
    "!": {
      "alternatives": "¡"
    }
  }
}