{
  "name": "Spanish",
  "label": "Español",
  "imEngine": "latin",
  "types": [
    "text",
    "url",
    "email"
  ],
  "autoCorrectLanguage": "es",
  "pages": {
    "main": {
      "layout": [
        "q w e r t y u i o p",
        "a s d f g h j k l ñ",
        "SHIFT z x c v b n m BACKSPACE",
        "?123 SWITCH SPACE . RETURN"
      ],
      "variants": {
        "email": [
          "q w e r t y u i o p",
          "a s d f g h j k l _",
          "SHIFT z x c v b n m BACKSPACE",
          "?123 SWITCH @ SPACE . RETURN"
        ],
        "url": [
          "q w e r t y u i o p",
          "a s d f g h j k l :",
          "SHIFT z x c v b n m BACKSPACE",
          "?123 SWITCH SPACE . RETURN"
        ]
      }
    },
    "NUMBERS": {
      "layout": [
        "1 2 3 4 5 6 7 8 9 0",
        "- / : ; ( ) € & @ %",
        "ALT ¿ ? ¡ ! \" ' * BACKSPACE",
        "ABC SWITCH SPACE . RETURN"
      ]
    },
    "SYMBOLS": {
      "layout": [
        "[ ] { } # % ^ + = °",
        "_ \\ | ~ < > $ £ ¥ •",
        "ALT ¿ ? ¡ ! \" ' * BACKSPACE",
        "ABC SWITCH SPACE . RETURN"
      ]
    }
  },
  "keys": {
    "0": {
      "alternatives": "º"
    },
    "1": {
      "alternatives": "1º 1ª"
    },
    "2": {
      "alternatives": "2º 2ª"
    },
    "3": {
      "alternatives": "3º 3ª"
    },
    "4": {
      "alternatives": "4º 4ª"
    },
    "5": {
      "alternatives": "5º 5ª"
    },
    "6": {
      "alternatives": "6º 6ª"
    },
    "7": {
      "alternatives": "7º 7ª"
    },
    "8": {
      "alternatives": "8º 8ª"
    },
    "9": {
      "alternatives": "9º 9ª"
    },
    "a": {
      "alternatives": "á ª à â ä å ã ā æ"
    },
    "c": {
      "alternatives": "ç"
    },
    "e": {
      "alternatives": "é € è ê ë ē ę ɛ"
    },
    "i": {
      "alternatives": "í ï ì î ī į"
    },
    "o": {
      "alternatives": "ó º ö ò ô ō œ ø ɵ"
    },
    "u": {
      "alternatives": "ú ü ù û ū"
    },
    "s": {
      "alternatives": "$ ß š"
    },
    "l": {
      "alternatives": "£ l·l"
    },
    "n": {
      "alternatives": "ń"
    },
    "y": {
      "alternatives": "¥"
    },
    ".": {
      "alternatives": "·"
    },
    ":)": {
      "alternatives": ":) :D :( ;D :* :/"
    },
    "€": {
      "alternatives": "$ £ ¥"
    }
  }
}