{
  "name": "French",
  "label": "Français",
  "imEngine": "latin",
  "types": [
    "text",
    "url",
    "email"
  ],
  "autoCorrectLanguage": "fr",
  "pages": {
    "main": {
      "layout": [
        "a z e r t y u i o p",
        "q s d f g h j k l m",
        "SHIFT w x c v b n ' BACKSPACE",
        "?123 SWITCH SPACE . RETURN"
      ]
    },
    "NUMBERS": "inherit",
    "SYMBOLS": "inherit"
  },
  "keys": {
    "a": {
      "alternatives": "à â æ á ã ä å ā"
    },
    "c": {
      "alternatives": "ç ć č"
    },
    "e": {
      "alternatives": "é è ê ë € ē"
    },
    "i": {
      "alternatives": "î ï ì í ī"
    },
    "o": {
      "alternatives": "ô œ ò ó õ ö ō ø"
    },
    "u": {
      "alternatives": "ù û ü ú ū"
    },
    "s": {
      "alternatives": "ś š ş ß"
    },
    "S": {
      "alternatives": "Ś Š Ş"
    },
    "n": {
      "alternatives": "ń ñ ň"
    },
    ".": {
      "alternatives": ", ? ! - ; :"
    }
  }
}