{
  "name": "Hungarian",
  "label": "Magyar",
  "imEngine": "latin",
  "types": [
    "text",
    "url",
    "email"
  ],
  "autoCorrectLanguage": "hu",
  "pages": {
    "main": {
      "layout": [
        "q w e r t z u i o p",
        "a s d f g h j k l '",
        "SHIFT y x c v b n m BACKSPACE",
        "?123 SWITCH SPACE . RETURN"
      ],
      "variants": {
        "email": [
          "q w e r t z u i o p",
          "a s d f g h j k l _",
          "SHIFT y x c v b n m BACKSPACE",
          "?123 SWITCH @ SPACE . RETURN"
        ],
        "url": [
          "q w e r t z u i o p",
          "a s d f g h j k l :",
          "SHIFT y x c v b n m BACKSPACE",
          "?123 SWITCH SPACE . RETURN"
        ]
      }
    },
    "NUMBERS": {
      "layout": [
        "1 2 3 4 5 6 7 8 9 0",
        "@ # $ % & * - + ( )",
        "ALT ! \" ' : ; / ? BACKSPACE",
        "ABC SWITCH SPACE . RETURN"
      ]
    },
    "SYMBOLS": "inherit"
  },
  "keys": {
    "0": {
      "alternatives": "º"
    },
    "a": {
      "alternatives": "á à â ä å ã ā æ ª"
    },
    "c": {
      "alternatives": "ç ć č"
    },
    "e": {
      "alternatives": "é è ê ë ē ę € ɛ"
    },
    "i": {
      "alternatives": "í ï ì î ī į"
    },
    "o": {
      "alternatives": "ó ö ő ò ô ō œ ø ɵ"
    },
    "u": {
      "alternatives": "ú ü ű ù û ū"
    },
    "s": {
      "alternatives": "$ ß ś š"
    },
    "S": {
      "alternatives": "Ś Š Ş"
    },
    "n": {
      "alternatives": "ñ ń"
    },
    "l": {
      "alternatives": "£ ł"
    },
    "y": {
      "alternatives": "¥ ÿ"
    },
    "z": {
      "alternatives": "ž ź ż"
    },
    ".": {
      "alternatives": ", ? ! ; : ( ) / …"
    },
    "$": {
      "alternatives": "€ £ ¥"
    },
    "?": {
      "alternatives": "¿"
    },
    "!": {
      "alternatives": ". ¡"
    },
    "-": {
      "alternatives": "–"
    },
    "\"": {
      "alternatives": "„ ”"
    }
  }
}