{
  "name": "Macedonian",
  "label": "Македонски",
  "imEngine": "latin",
  "types": [
    "text",
    "url",
    "email"
  ],
  "pages": {
    "main": {
      "layout": [
        "љ њ е р т ѕ у и о п ш",
        "а с д ф г х ј к л ч ќ",
        "SHIFT з џ ц в б н м ѓ ж BACKSPACE",
        "?123 SWITCH SPACE . RETURN"
      ]
    },
    "NUMBERS": "inherit",
    "SYMBOLS": "inherit"
  },
  "keys": {
    "е": {
      "alternatives": "ѐ"
    },
    "и": {
      "alternatives": "ѝ"
    }
  }
}