{
  "name": "Myanmar",
  "label": "မြန်မာ",
  "imEngine": "latin",
  "types": [
    "text",
    "url",
    "email"
  ],
  "pages": {
    "main": {
      "layout": [
        "ဆ တ န မ အ ပ က င သ စ",
        "ေ ျ ိ ် ါ ့ ြ ု ူ း",
        "SHIFT ဖ ထ ခ လ ဘ ည ာ BACKSPACE",
        "?123 SWITCH SPACE . RETURN"
      ]
    },
    "NUMBERS": {
      "layout": [
        "၁ ၂ ၃ ၄ ၅ ၆ ၇ ၈ ၉ ၀",
        "ဎ ဍ ဋ ရ ဟ ဧ / ? ( )",
        "#+= ၏ ဩ ဪ ၊ ။ BACKSPACE",
        "ABC SWITCH SPACE . RETURN"
      ]
    },
    "SYMBOLS": {
      "layout": [
        "! @ # $ % ^ & * £ €",
        "| ~ \" ` { } _ - + =",
        "၁၂၃ \\ ' [ ] < > ; BACKSPACE",
        "ABC SWITCH SPACE . RETURN"
      ]
    }
  },
  "keys": {
    "€": {
      "alternatives": "€ ¥"
    }
  }
}