{
  "name": "Slovak",
  "label": "Slovenčina",
  "imEngine": "latin",
  "types": [
    "text",
    "url",
    "email"
  ],
  "autoCorrectLanguage": "sk",
  "pages": {
    "main": {
      "layout": [
        "q w e r t y u i o p",
        "a s d f g h j k l '",
        "SHIFT z x c v b n m BACKSPACE",
        "?123 SWITCH SPACE . RETURN"
      ]
    },
    "NUMBERS": "inherit",
    "SYMBOLS": "inherit"
  },
  "keys": {
    "a": {
      "alternatives": "á ä"
    },
    "c": {
      "alternatives": "č"
    },
    "d": {
      "alternatives": "ď"
    },
    "e": {
      "alternatives": "é"
    },
    "i": {
      "alternatives": "í"
    },
    "l": {
      "alternatives": "ľ ĺ"
    },
    "n": {
      "alternatives": "ň"
    },
    "o": {
      "alternatives": "ó ô"
    },
    "r": {
      "alternatives": "ŕ"
    },
    "s": {
      "alternatives": "š"
    },
    "t": {
      "alternatives": "ť"
    },
    "u": {
      "alternatives": "ú"
    },
    "y": {
      "alternatives": "ý"
    },
    "z": {
      "alternatives": "ž"
    }
  }
}