{"back":"رجوع","save":"حِفظ","hide":"إخفاء","cancel":"إلغاء","confirm":"تأكيد","done":"تم","events":"احداث","edit":"حرّر","allday-events":"جميع أحداث اليوم","no-events":"لا يوجد أحداث","hint-swipe-action":"مرر بإصبعك","hint-swipe-to-navigate":"للتنقل بين تواريخ التقويم.","show-today":"اليوم","show-month-view":"شهر","show-week-view":"أسبوع","show-day-view":"يوم","settings-show":"الإعدادات","settings-hide":"أخفِ الإعدادات","add-account":"أضف حساباً","new-event":"إضافة حدث","view-event-header":"حدث","new-event-header":"أضف حدث","edit-event-header":"حرّر الحدث ","account-header":"الحساب","account-list-header":"الحسابات","advanced-settings-short":"إعدادات","advanced-settings-header":"إعدادات التقويم","advanced-settings-personalization":"تخصيص","advanced-settings-reminders":"التذكيرات","advanced-settings-add-account":"أضف حسابا","field-user":{"placeholder":"إسم المستخدم"},"field-password":{"placeholder":"كلمة السّر"},"field-full-url":{"placeholder":"العنوان"},"modify-account-setting-up":"الرجاء الانتظار حتى يتم اعداد حسابك","modify-account-unable-to-sync":"غير قادر على التزامن","modify-account-sign-in":"تسجيل الدخول","preset-caldav":"CalDav","preset-yahoo":"Yahoo!","preset-google":"Google","preset-local":"تقويم دون اتصال ","preset-mozilla":"موزيلا زِمبرا","calendar-local":"تقويم دون متصل","event-title":{"placeholder":"العنوان"},"event-location":{"placeholder":"أين؟"},"event-description":{"placeholder":"الملاحظات"},"event-is-allday":"جميع أحداث اليوم؟","event-start-date":{"placeholder":"تاريخ البدء"},"event-end-date":{"placeholder":"تاريخ الإنتهاء"},"event-start-time":{"placeholder":"توقيت البدء"},"event-end-time":{"placeholder":"توقيت الإنتهاء"},"event-delete":"حذف الحدث","remove-account-data":"حذف البيانات المحلية","remove-account-dialog":"حذف الحساب","remove-account-dialog-details":"حذف هذا الحساب يؤدي إلى حذف كل نسخك المحلية للتقويمات و الأحداث","drawer-sync-button":"مزامنة","sync-frequency":"مزامنة التقويم","sync-frequency-15min":{"textContent":"١٥ دقيقة"},"sync-frequency-30min":{"textContent":"٣٠ دقيقة"},"sync-frequency-manual":{"textContent":"يدوياُ"},"one-day-duration":"{{startDate}}<br> من  {{startTime}} إلى {{endTime}}","multiple-day-duration":"من {{startTime}} {{startDate}}<br> إلى {{endTime}} {{endDate}}","one-all-day-duration":"كل الأيام <br>{{startDate}}","multiple-all-day-duration":"كل الأيام من {{startDate}}<br> إلى {{endDate}}","none":"لا يوجد","reminder":"تذكير:","remind-me":"ذكّرني","alarm-at-event-standard":"في وقت الحدث","alarm-at-event-allday":"في يوم الحدث","alarm-start-notice":"{{title}} يبدأ {{distance}}","alarm-started-notice":"{{title}} بَدَأ {{distance}}","minutes-before":{"_index":["plural","value"],"_":{"zero":"قبل 0 دقيقة","one":"قبل دقيقة واحدة","two":"قبل دقيقتين","few":"قبل {{value}} دقائق","many":"قبل {{value}} دقائق","other":"قبل {{value}} دقائق"}},"hours-before":{"_index":["plural","value"],"_":{"zero":"قبل 0 ساعة","one":"قبل ساعة واحدة","two":"قبل ساعتين","few":"قبل {{value}} ساعات","many":"قبل {{value}} ساعة","other":"قبل {{value}} ساعات"}},"days-before":{"_index":["plural","value"],"_":{"zero":"قبل 0 يوم","one":"قبل يوم واحد","two":"قبل يومين","few":"قبل {{value}} أيام","many":"قبل {{value}} يوم","other":"قبل {{value}} يوم"}},"weeks-before":{"_index":["plural","value"],"_":{"zero":"قبل 0 أسابيع","one":"قبل أسبوع واحد","two":"قبل أسبوعين","few":"قبل {{value}} أسابيع","many":"قبل {{value}} أسبوع","other":"قبل {{value}} أسبوع"}},"months-before":{"_index":["plural","value"],"_":{"zero":"قبل 0 شهر","one":"قبل شهر واحد","two":"قبل شهرين","few":"قبل {{value}} أشهر","many":"قبل {{value}} شهر","other":"قبل {{value}} شهر"}},"years-before":{"_index":["plural","value"],"_":{"zero":"قبل 0 سنة","one":"قبل سنة واحدة","two":"قبل سنتين","few":"قبل {{value}} سنوات","many":"قبل {{value}} سنة","other":"قبل {{value}} سنة"}},"minutes-after":{"_index":["plural","value"],"_":{"zero":"بعد 0 دقيقة","one":"بعد دقيقة واحدة","two":"بعد دقيقتين","few":"بعد {{value}} دقائق","many":"بعد {{value}} دقيقة","other":"بعد {{value}} دقيقة"}},"hours-after":{"_index":["plural","value"],"_":{"zero":"بعد 0 ساعة","one":"بعد ساعة واحدة","two":"بعد ساعتين","few":"بعد {{value}} ساعات","many":"بعد {{value}} ساعة","other":"بعد {{value}} ساعة"}},"days-after":{"_index":["plural","value"],"_":{"zero":"بعد 0 يوم","one":"بعد يوم واحد","two":"بعد يومين","few":"بعد {{value}} أيام","many":"بعد {{value}} يوم","other":"بعد {{value}} يوم"}},"weeks-after":{"_index":["plural","value"],"_":{"zero":"بعد 0 أسبوع","one":"بعد أسبوع واحد","two":"بعد أسبوعين","few":"بعد {{value}} أسابيع","many":"بعد {{value}} أسبوع","other":"بعد {{value}} أسبوع"}},"months-after":{"_index":["plural","value"],"_":{"zero":"بعد 0 شهر","one":"بعد شهر واحد","two":"بعد شهرين","few":"بعد {{value}} أشهر","many":"بعد {{value}} شهر","other":"بعد {{value}} شهر"}},"years-after":{"_index":["plural","value"],"_":{"zero":"بعد 0 سنة","one":"بعد سنة واحدة","two":"بعد سنتين","few":"بعد {{value}} سنوات","many":"بعد {{value}} سنة","other":"بعد {{value}} سنة"}},"hour-format":"%I %p","hour-allday":"طول اليوم","current-time":"%I:%M","multi-month-view-header-format":"%b %Y","day-view-header-format":"%b %e, %A","months-day-view-header-format":"%A, %b %e","longDateFormat":"%A, %B %d, %Y","error-start-after-end":"تاريخ الانتهاء يجب أن يكون بعد تاريخ البدء","error-unauthenticated":"اسم المستخدم أو كلمة السِّر غير صحيحة","error-internal-server-error":"خطأ في الخادم. تحقق من تسجيل دخولك وحاول مرة أخرى.","error-default":"هنالك خطأ. حاول مرة أخرى.","error-offline":"لا يوجد اتصال. تحقق من اعدادت الشبكة وحاول مرة أخرى.","error-account-exist":"هذا الحساب موجود مسبقاً.","notification-error-sync-title":"خطأ في تزامن التقويم","notification-error-sync-description":"انقر لمزيد من المعلومات","weekday-0-single-char":"S","weekday-1-single-char":"M","weekday-2-single-char":"T","weekday-3-single-char":"W","weekday-4-single-char":"T","weekday-5-single-char":"F","weekday-6-single-char":"S","weekday-0-long":"الأحد","weekday-1-long":"الإثنين","weekday-2-long":"الثلاثاء","weekday-3-long":"الأربعاء","weekday-4-long":"الخميس","weekday-5-long":"الجمعة","weekday-6-long":"السبت","weekday-0-short":"أحد","weekday-1-short":"إثنين","weekday-2-short":"ثلاثاء","weekday-3-short":"أربعاء","weekday-4-short":"خميس","weekday-5-short":"جمعة","weekday-6-short":"سبت","month-0-long":"يناير","month-1-long":"فبراير","month-2-long":"مارس","month-3-long":"أبريل","month-4-long":"مايو","month-5-long":"يونيو","month-6-long":"يوليو","month-7-long":"أغسطس","month-8-long":"سبتمبر","month-9-long":"أكتوبر","month-10-long":"نوفمبر","month-11-long":"ديسمبر","month-0-genitive":"يناير","month-1-genitive":"فبراير","month-2-genitive":"مارس","month-3-genitive":"أبريل","month-4-genitive":"مايو","month-5-genitive":"يونيو","month-6-genitive":"يوليو","month-7-genitive":"أغسطس","month-8-genitive":"سبتمبر","month-9-genitive":"أكتوبر","month-10-genitive":"نوفمبر","month-11-genitive":"ديسمبر","month-0-short":"يناير","month-1-short":"فبراير","month-2-short":"مارس","month-3-short":"ابريل","month-4-short":"مايو","month-5-short":"يونيو","month-6-short":"يوليو","month-7-short":"أغسطس","month-8-short":"سبتمبر","month-9-short":"أكتوبر","month-10-short":"نوفمبر","month-11-short":"ديسمبر","minutes-ago-long":{"_index":["plural","value"],"_":{"zero":"الآن","one":"منذ دقيقة","two":"منذ دقيقتين","few":"منذ {{value}} دقائق","many":"منذ {{value}} دقيقة","other":"منذ {{value}} دقيقة"}},"hours-ago-long":{"_index":["plural","value"],"_":{"zero":"الآن","one":"منذ ساعة","two":"منذ ساعتين","few":"قبل {{value}} ساعات","many":"قبل {{value}} ساعة","other":"قبل {{value}} ساعة"}},"days-ago-long":{"_index":["plural","value"],"_":{"zero":"اليوم","one":"الأمس","two":"منذ يومين","few":"منذ {{value}} أيام","many":"منذ {{value}} يوم","other":"منذ {{value}} يوم"}},"weeks-ago-long":{"_index":["plural","value"],"_":{"zero":"هذا الأسبوع","one":"الأسبوع الماضي","two":"منذ أسبوعين","few":"منذ {{value}} أسابيع","many":"منذ {{value}} أسبوع","other":"منذ {{value}} أسبوع"}},"months-ago-long":{"_index":["plural","value"],"_":{"zero":"هذا الشهر","one":"الشهر الماضي","two":"منذ شهرين","few":"منذ {{value}} أشهر","many":"منذ {{value}} شهر","other":"منذ {{value}} شهر"}},"years-ago-long":{"_index":["plural","value"],"_":{"zero":"هذه السنة","one":"السنة الماضية","two":"منذ سنتين","few":"منذ {{value}} سنوات","many":"منذ {{value}} سنة","other":"منذ {{value}} سنة"}},"minutes-until-long":{"_index":["plural","value"],"_":{"zero":"الآن","one":"خلال دقيقة","two":"خلال دقيقتين","few":"خلال {{value}} دقائق","many":"خلال {{value}} دقيقة","other":"خلال {{value}} دقيقة"}},"hours-until-long":{"_index":["plural","value"],"_":{"zero":"الآن","one":"خلال ساعة","two":"خلال ساعتين","few":"خلال {{value}} ساعات","many":"خلال {{value}} ساعة","other":"خلال {{value}} ساعة"}},"days-until-long":{"_index":["plural","value"],"_":{"zero":"اليوم","one":"غداً","two":"خلال يومين","few":"خلال {{value}} أيام","many":"خلال {{value}} يوم","other":"خلال {{value}} يوم"}},"weeks-until-long":{"_index":["plural","value"],"_":{"zero":"هذا الأسبوع","one":"الأسبوع القادم","two":"خلال أسبوعين","few":"خلال {{value}} أسابيع","many":"خلال {{value}} أسبوع","other":"خلال {{value}} أسبوع"}},"months-until-long":{"_index":["plural","value"],"_":{"zero":"هذا الشهر","one":"الشهر القادم","two":"خلال شهرين","few":"خلال {{value}} أشهر","many":"خلال {{value}} شهر","other":"خلال {{value}} شهر"}},"years-until-long":{"_index":["plural","value"],"_":{"zero":"هذه السنة","one":"السنة القادمة","two":"خلال سنتين","few":"خلال {{value}} سنوات","many":"خلال {{value}} سنة","other":"خلال {{value}} سنة"}},"minutes-ago-short":{"_index":["plural","value"],"_":{"zero":"الآن","other":"منذ {{value}} دقيقة"}},"hours-ago-short":{"_index":["plural","value"],"_":{"zero":"الآن","other":"منذ {{value}} س"}},"days-ago-short":{"_index":["plural","value"],"_":{"zero":"اليوم","other":"منذ {{value}} ي"}},"minutes-until-short":{"_index":["plural","value"],"_":{"zero":"الآن","other":"خلال {{value}} د"}},"hours-until-short":{"_index":["plural","value"],"_":{"zero":"الآن","other":"خلال {{value}} س"}},"days-until-short":{"_index":["plural","value"],"_":{"zero":"اليوم","other":"خلال {{value}} ي"}},"incorrectDate":"(تاريخ غير صحيح)","dateTimeFormat_%c":"%a %b %e %Y %I:%M:%S %p","dateTimeFormat_%x":"%m/%d/%Y","dateTimeFormat_%X":"%I:%M:%S %p","shortTimeFormat":"%I:%M %p","shortDateTimeFormat":"%x %I:%M %p","weekStartsOnMonday":"0","time_am":"ص","time_pm":"م"}