{"back":"Zpět","save":"Uložit","hide":"Skrýt","cancel":"Zrušit","confirm":"Potvrdit","done":"Hotovo","events":"Události","edit":"Upravit","allday-events":"Celodenní události","no-events":"Žádné události","hint-swipe-action":"Přejížděním","hint-swipe-to-navigate":"přecházíte mezi daty v kalendáři.","show-today":"Dnes","show-month-view":"Měsíc","show-week-view":"Týden","show-day-view":"Den","settings-show":"Nastavení","settings-hide":"Skrýt nastavení","add-account":"Přidat účet","new-event":"Přidat událost","view-event-header":"Událost","new-event-header":"Přidání události","edit-event-header":"Úprava události","account-header":"Účet","account-list-header":"Účty","advanced-settings-short":"Nastavení","advanced-settings-header":"Nastavení","advanced-settings-personalization":"Personalizace","advanced-settings-reminders":"Upozornění","advanced-settings-add-account":"Přidat účet","field-user":{"placeholder":"Uživatelské jméno"},"field-password":{"placeholder":"Heslo"},"field-full-url":{"placeholder":"URL"},"modify-account-setting-up":"Počkejte prosím na dokončení nastavení svého účtu","modify-account-unable-to-sync":"Synchronizace se nezdařila","modify-account-sign-in":"Přihlášení","preset-caldav":"CalDav","preset-yahoo":"Yahoo!","preset-google":"Google","preset-local":"Offline kalendář","preset-mozilla":"Mozilla Zimbra","calendar-local":"Offline kalendář","event-title":{"placeholder":"Název"},"event-location":{"placeholder":"Kde?"},"event-description":{"placeholder":"Poznámky"},"event-is-allday":"Celodenní událost?","event-start-date":{"placeholder":"Datum počátku"},"event-end-date":{"placeholder":"Datum konce"},"event-start-time":{"placeholder":"Čas počátku"},"event-end-time":{"placeholder":"Čas konce"},"event-delete":"Smazat události","remove-account-data":"Odebrat místní data","remove-account-dialog":"Odebrat účet","remove-account-dialog-details":"Odebráním účtu odeberete rovněž přidružené kalendáře a události.","drawer-sync-button":"Synchronizovat","sync-frequency":"Synchronizace","sync-frequency-15min":{"textContent":"15 min"},"sync-frequency-30min":{"textContent":"30 min"},"sync-frequency-manual":"Manuálně","one-day-duration":"{{startDate}}<br>od {{startTime}} do {{endTime}}","multiple-day-duration":"Od {{startTime}} {{startDate}}<br>do {{endTime}} {{endDate}}","one-all-day-duration":"Celý den<br>{{startDate}}","multiple-all-day-duration":"Celý den od {{startDate}}<br>do {{endDate}}","none":"Žádné","reminder":"Upozornění:","remind-me":"Upozorni mě","alarm-at-event-standard":"V čase události","alarm-at-event-allday":"V den události","alarm-start-notice":"{{title}} začne za {{distance}}","alarm-started-notice":"{{title}} začal {{distance}}","minutes-before":{"_index":["plural","value"],"_":{"zero":"0 minut před","one":"1 minutu před","two":"{{value}} minuty před","few":"{{value}} minuty před","many":"{{value}} minut před","other":"{{value}} minut před"}},"hours-before":{"_index":["plural","value"],"_":{"zero":"0 hodin před","one":"1 hodinu před","two":"{{value}} hodiny před","few":"{{value}} hodiny před","many":"{{value}} hodin před","other":"{{value}} hodin před"}},"days-before":{"_index":["plural","value"],"_":{"zero":"0 dní před","one":"1 den před","two":"{{value}} dny před","few":"{{value}} dny před","many":"{{value}} dní před","other":"{{value}} dní před"}},"weeks-before":{"_index":["plural","value"],"_":{"zero":"0 týdnů před","one":"1 týden před","two":"{{value}} týdny před","few":"{{value}} týdny před","many":"{{value}} týdnů před","other":"{{value}} týdnů před"}},"months-before":{"_index":["plural","value"],"_":{"zero":"0 měsíců před","one":"1 měsíc před","two":"{{value}} měsíce před","few":"{{value}} měsíce před","many":"{{value}} měsíců před","other":"{{value}} měsíců před"}},"years-before":{"_index":["plural","value"],"_":{"zero":"0 roků před","one":"1 rok před","two":"{{value}} roky před","few":"{{value}} roky před","many":"{{value}} roků před","other":"{{value}} roků před"}},"minutes-after":{"_index":["plural","value"],"_":{"zero":"0 minut poté","one":"1 minutu poté","two":"{{value}} minuty poté","few":"{{value}} minuty poté","many":"{{value}} minut poté","other":"{{value}} minut poté"}},"hours-after":{"_index":["plural","value"],"_":{"zero":"0 hodin poté","one":"1 hodinu poté","two":"{{value}} hodiny poté","few":"{{value}} hodiny poté","many":"{{value}} hodin poté","other":"{{value}} hodin poté"}},"days-after":{"_index":["plural","value"],"_":{"zero":"0 dní poté","one":"1 den poté","two":"{{value}} dny poté","few":"{{value}} dny poté","many":"{{value}} dní poté","other":"{{value}} dní poté"}},"weeks-after":{"_index":["plural","value"],"_":{"zero":"0 týdnů poté","one":"1 týden poté","two":"{{value}} týdny poté","few":"{{value}} týdny poté","many":"{{value}} týdnů poté","other":"{{value}} týdnů poté"}},"months-after":{"_index":["plural","value"],"_":{"zero":"0 měsíců poté","one":"1 měsíc poté","two":"{{value}} měsíce poté","few":"{{value}} měsíce poté","many":"{{value}} měsíců poté","other":"{{value}} měsíců poté"}},"years-after":{"_index":["plural","value"],"_":{"zero":"0 roků poté","one":"1 rok poté","two":"{{value}} roky poté","few":"{{value}} roky poté","many":"{{value}} roků poté","other":"{{value}} roků poté"}},"hour-format":"%H","hour-allday":"Celý den","current-time":"%H:%M","multi-month-view-header-format":"%b %Y","day-view-header-format":"%a %e. %Eb","months-day-view-header-format":"%A, %e. %Eb","longDateFormat":"%A, e. %Eb %Y","error-start-after-end":"Datum konce musí být po datu začátku","error-unauthenticated":"Chybné uživatelské jméno nebo heslo","error-internal-server-error":"Chyba serveru. Zkontrolujte přihlášení a zkuste to znovu.","error-default":"Neznámá chyba. Zkuste to znovu později.","error-offline":"Není připojení. Zkontrolujte nastavení sítě a zkuste to znovu.","error-account-exist":"Tento účet již existuje.","notification-error-sync-title":"Chyba při synchronizaci kalendáře","notification-error-sync-description":"Klepněte pro více informací","weekday-0-single-char":"N","weekday-1-single-char":"P","weekday-2-single-char":"Ú","weekday-3-single-char":"S","weekday-4-single-char":"Č","weekday-5-single-char":"P","weekday-6-single-char":"S","weekday-0-long":"Neděle","weekday-1-long":"Pondělí","weekday-2-long":"Úterý","weekday-3-long":"Středa","weekday-4-long":"Čtvrtek","weekday-5-long":"Pátek","weekday-6-long":"Sobota","weekday-0-short":"Ne","weekday-1-short":"Po","weekday-2-short":"Út","weekday-3-short":"St","weekday-4-short":"Čt","weekday-5-short":"Pá","weekday-6-short":"So","month-0-long":"Leden","month-1-long":"Únor","month-2-long":"Březen","month-3-long":"Duben","month-4-long":"Květen","month-5-long":"Červen","month-6-long":"Červenec","month-7-long":"Srpen","month-8-long":"Září","month-9-long":"Říjen","month-10-long":"Listopad","month-11-long":"Prosinec","month-0-genitive":"Leden","month-1-genitive":"Únor","month-2-genitive":"Březen","month-3-genitive":"Duben","month-4-genitive":"Květen","month-5-genitive":"Červen","month-6-genitive":"Červenec","month-7-genitive":"Srpen","month-8-genitive":"Září","month-9-genitive":"Říjen","month-10-genitive":"Listopad","month-11-genitive":"Prosinec","month-0-short":"leden","month-1-short":"únor","month-2-short":"březen","month-3-short":"duben","month-4-short":"květen","month-5-short":"červen","month-6-short":"červenec","month-7-short":"srpen","month-8-short":"září","month-9-short":"říjen","month-10-short":"listopad","month-11-short":"prosinec","minutes-ago-long":{"_index":["plural","value"],"_":{"zero":"právě teď","one":"před minutou","two":"před 2 minutami","few":"před {{value}} minutami","many":"před {{value}} minutami","other":"před {{value}} minutami"}},"hours-ago-long":{"_index":["plural","value"],"_":{"zero":"právě teď","one":"před hodinou","two":"před 2 hodinami","few":"před {{value}} hodinami","many":"před {{value}} hodinami","other":"před {{value}} hodinami"}},"days-ago-long":{"_index":["plural","value"],"_":{"zero":"dnes","one":"včera","two":"předevčírem","few":"před {{value}} dny","many":"před {{value}} dny","other":"před {{value}} dny"}},"weeks-ago-long":{"_index":["plural","value"],"_":{"zero":"tento týden","one":"minutý týden","two":"před {{value}} týdny","few":"před {{value}} týdny","many":"před {{value}} týdny","other":"před {{value}} týdny"}},"months-ago-long":{"_index":["plural","value"],"_":{"zero":"tento měsíc","one":"minulý měsíc","two":"před {{value}} měsíci","few":"před {{value}} měsíci","many":"před {{value}} měsíci","other":"před {{value}} měsíci"}},"years-ago-long":{"_index":["plural","value"],"_":{"zero":"tento rok","one":"minulý rok","two":"před {{value}} roky","few":"před {{value}} roky","many":"před {{value}} roky","other":"před {{value}} roky"}},"minutes-until-long":{"_index":["plural","value"],"_":{"zero":"nyní","one":"za minutu","two":"za 2 minuty","few":"za {{value}} minuty","many":"za {{value}} minut","other":"za {{value}} minut"}},"hours-until-long":{"_index":["plural","value"],"_":{"zero":"nyní","one":"za hodinu","two":"za 2 hodiny","few":"za {{value}} hodiny","many":"za {{value}} hodin","other":"za {{value}} hodin"}},"days-until-long":{"_index":["plural","value"],"_":{"zero":"dnes","one":"zítra","two":"pozítří","few":"za {{value}} dny","many":"za {{value}} dnů","other":"za {{value}} dnů"}},"weeks-until-long":{"_index":["plural","value"],"_":{"zero":"tento týden","one":"příští týden","two":"za {{value}} týdny","few":"za {{value}} týdny","many":"za {{value}} týdnů","other":"za {{value}} týdnů"}},"months-until-long":{"_index":["plural","value"],"_":{"zero":"tento měsíc","one":"příští měsíc","two":"za {{value}} měsíce","few":"za {{value}} měsíce","many":"za {{value}} měsíců","other":"za {{value}} měsíců"}},"years-until-long":{"_index":["plural","value"],"_":{"zero":"tento rok","one":"příští rok","two":"za {{value}} roky","few":"za {{value}} roky","many":"za {{value}} roků","other":"za {{value}} roků"}},"minutes-ago-short":{"_index":["plural","value"],"_":{"zero":"právě teď","other":"před {{value}} min"}},"hours-ago-short":{"_index":["plural","value"],"_":{"zero":"právě teď","other":"před {{value}} hod"}},"days-ago-short":{"_index":["plural","value"],"_":{"zero":"dnes","other":"před {{value}} dny"}},"minutes-until-short":{"_index":["plural","value"],"_":{"zero":"nyní","other":"za {{value}} min"}},"hours-until-short":{"_index":["plural","value"],"_":{"zero":"nyní","other":"za {{value}} hod"}},"days-until-short":{"_index":["plural","value"],"_":{"zero":"dnes","other":"za {{value}} dny"}},"incorrectDate":"(neplatné datum)","dateTimeFormat_%c":"%a %e. %b %Y %H:%M:%S","dateTimeFormat_%x":"%e. %m. %Y","dateTimeFormat_%X":"%H:%M:%S","shortTimeFormat":"%H:%M","shortDateTimeFormat":"%x %H:%M","weekStartsOnMonday":"1","time_am":"AM","time_pm":"PM"}