{"back":"Atzera","save":"Gorde","hide":"Ezkutatu","cancel":"Utzi","confirm":"Berretsi","done":"Eginda","events":"Gertaerak","edit":"Editatu","allday-events":"Egun osoko gertaerak","no-events":"Gertaerarik ez","hint-swipe-action":"Pasatu","hint-swipe-to-navigate":"egutegiko egunen artean nabigatzeko.","show-today":"Gaur","show-month-view":"Hilabetea","show-week-view":"Astea","show-day-view":"Eguna","settings-show":"Ezarpenak","settings-hide":"Ezkutatu ezarpenak","add-account":"Gehitu kontua","new-event":"Gehitu gertaera","view-event-header":"Gertaera","new-event-header":"Gehitu gertaera","edit-event-header":"Editatu gertaera","account-header":"Kontua","account-list-header":"Kontuak","advanced-settings-short":"Ezarpenak","advanced-settings-header":"Egutegi-ezarpenak","advanced-settings-personalization":"Pertsonalizazioa","advanced-settings-reminders":"Gogorarazleak","advanced-settings-add-account":"Gehitu kontua","field-user":{"placeholder":"Erabiltzaile-izena"},"field-password":{"placeholder":"Pasahitza"},"field-full-url":{"placeholder":"URLa"},"modify-account-setting-up":"Itxoin zure kontua konfiguratu bitartean","modify-account-unable-to-sync":"Ezin da sinkronizatu","modify-account-sign-in":"Hasi saioa","preset-caldav":"CalDav","preset-yahoo":"Yahoo!","preset-google":"Google","preset-local":"Offline egutegia","preset-mozilla":"Mozilla Zimbra","calendar-local":"Offline egutegia","event-title":{"placeholder":"Izenburua"},"event-location":{"placeholder":"Non?"},"event-description":{"placeholder":"Oharrak"},"event-is-allday":"Egun osoko gertaera?","event-start-date":{"placeholder":"Hasiera-data"},"event-end-date":{"placeholder":"Amaiera-data"},"event-start-time":{"placeholder":"Hasiera-ordua"},"event-end-time":{"placeholder":"Amaiera-ordua"},"event-delete":"Ezabatu gertaera","remove-account-data":"Kendu datu lokalak","remove-account-dialog":"Kendu kontua","remove-account-dialog-details":"Kontu hau kentzean zurekin lotutako egutegi eta gertaeren kopia lokalak ere kenduko dira.","drawer-sync-button":"Sinkr.","sync-frequency":"Sinkr. egutegia","sync-frequency-15min":"15 min","sync-frequency-30min":"30 min","sync-frequency-manual":"Eskuz","one-day-duration":"{{startDate}}<br>hasi: {{endTime}}, bukatu: {{endDate}}","multiple-day-duration":"Hasi: {{startTime}} {{startDate}}<br>bukatu: {{endTime}} {{endDate}}","one-all-day-duration":"Egun osoa<br>{{startDate}}","multiple-all-day-duration":"Egun osoa, hasi: {{startDate}}<br>bukatu: {{endDate}}","none":"Bat ere ez","reminder":"Gogoan izan:","remind-me":"Gogora iezadazu","alarm-at-event-standard":"Gertaeraren orduan","alarm-at-event-allday":"Gertaeraren egunean","alarm-start-notice":"{{title}} {{distance}} hasiko da","alarm-started-notice":"{{title}} hasita {{distance}}","minutes-before":{"_index":["plural","value"],"_":{"zero":"0 minutu lehenago","one":"Minutu bat lehenago","two":"{{value}} minutu lehenago","few":"{{value}} minutu lehenago","many":"{{value}} minutu lehenago","other":"{{value}} minutu lehenago"}},"hours-before":{"_index":["plural","value"],"_":{"zero":"0 ordu lehenago","one":"Ordubete lehenago","two":"{{value}} ordu lehenago","few":"{{value}} ordu lehenago","many":"{{value}} ordu lehenago","other":"{{value}} ordu lehenago"}},"days-before":{"_index":["plural","value"],"_":{"zero":"0 egun lehenago","one":"Egun bat lehenago","two":"{{value}} egun lehenago","few":"{{value}} egun lehenago","many":"{{value}} egun lehenago","other":"{{value}} egun lehenago"}},"weeks-before":{"_index":["plural","value"],"_":{"zero":"0 aste lehenago","one":"Astebete lehenago","two":"{{value}} aste lehenago","few":"{{value}} aste lehenago","many":"{{value}} aste lehenago","other":"{{value}} aste lehenago"}},"months-before":{"_index":["plural","value"],"_":{"zero":"0 hilabete lehenago","one":"Hilabete lehenago","two":"{{value}} hilabete lehenago","few":"{{value}} hilabete lehenago","many":"{{value}} hilabete lehenago","other":"{{value}} hilabete lehenago"}},"years-before":{"_index":["plural","value"],"_":{"zero":"0 urte lehenago","one":"Urtebete lehenago","two":"{{value}} urte lehenago","few":"{{value}} urte lehenago","many":"{{value}} urte lehenago","other":"{{value}} urte lehenago"}},"minutes-after":{"_index":["plural","value"],"_":{"zero":"0 minutu geroago","one":"Minutu bat geroago ","two":"{{value}} minutu geroago","few":"{{value}} minutu geroago","many":"{{value}} minutu geroago","other":"{{value}} minutu geroago"}},"hours-after":{"_index":["plural","value"],"_":{"zero":"0 ordu geroago","one":"Ordubete geroago","two":"{{value}} ordu geroago","few":"{{value}} ordu geroago","many":"{{value}} ordu geroago","other":"{{value}} ordu geroago"}},"days-after":{"_index":["plural","value"],"_":{"zero":"0 egun geroago","one":"Egun bat geroago","two":"{{value}} egun geroago","few":"{{value}} egun geroago","many":"{{value}} egun geroago","other":"{{value}} egun geroago"}},"weeks-after":{"_index":["plural","value"],"_":{"zero":"0 aste geroago","one":"Astebete geroago","two":"{{value}} aste geroago","few":"{{value}} aste geroago","many":"{{value}} aste geroago","other":"{{value}} aste geroago"}},"months-after":{"_index":["plural","value"],"_":{"zero":"0 hilabete geroago","one":"Hilabete geroago","two":"{{value}} hilabete geroago","few":"{{value}} hilabete geroago","many":"{{value}} hilabete geroago","other":"{{value}} hilabete geroago"}},"years-after":{"_index":["plural","value"],"_":{"zero":"0 urte geroago","one":"Urtebete geroago","two":"{{value}} urte geroago","few":"{{value}} urte geroago","many":"{{value}} urte geroago","other":"{{value}} urte geroago "}},"hour-format":"%H","hour-allday":"Egun osoa","current-time":"%H:%M","multi-month-view-header-format":"%Y.eko %B","day-view-header-format":"%A, %Bk %e","months-day-view-header-format":"%A, %b %e","longDateFormat":"%A, %Y.eko %Bren %da","error-start-after-end":"Amaiera-datak hasiera-data baina geroagokoa izan behar du","error-unauthenticated":"Erabiltzaile-izen eta/edo pasahitz okerrak","error-internal-server-error":"Zerbitzariaren errorea. Egiaztatu erabiltzaile-izena eta saiatu berriro.","error-default":"Zerbait oker dago. Saiatu berriro geroago.","error-offline":"Konexiorik ez. Egiaztatu sare-konfigurazioa eta saiatu berriro.","error-account-exist":"Kontu hau badago lehendik ere.","notification-error-sync-title":"Errorea egutegia sinkronizatzean","notification-error-sync-description":"Sakatu informazio gehiagorako","weekday-0-single-char":"I","weekday-1-single-char":"A","weekday-2-single-char":"A","weekday-3-single-char":"A","weekday-4-single-char":"O","weekday-5-single-char":"O","weekday-6-single-char":"L","weekday-0-long":"igandea","weekday-1-long":"astelehena","weekday-2-long":"asteartea","weekday-3-long":"asteazkena","weekday-4-long":"osteguna","weekday-5-long":"ostirala","weekday-6-long":"larunbata","weekday-0-short":"ig.","weekday-1-short":"al.","weekday-2-short":"ar.","weekday-3-short":"az.","weekday-4-short":"og.","weekday-5-short":"or.","weekday-6-short":"lr.","month-0-long":"urtarrila","month-1-long":"otsaila","month-2-long":"martxoa","month-3-long":"apirila","month-4-long":"maiatza","month-5-long":"ekaina","month-6-long":"uztaila","month-7-long":"abuztua","month-8-long":"iraila","month-9-long":"urria","month-10-long":"azaroa","month-11-long":"abendua","month-0-genitive":"urtarrila","month-1-genitive":"otsaila","month-2-genitive":"martxoa","month-3-genitive":"apirila","month-4-genitive":"maiatza","month-5-genitive":"ekaina","month-6-genitive":"uztaila","month-7-genitive":"abuztua","month-8-genitive":"iraila","month-9-genitive":"urria","month-10-genitive":"azaroa","month-11-genitive":"abendua","month-0-short":"urt","month-1-short":"ots","month-2-short":"mar","month-3-short":"api","month-4-short":"mai","month-5-short":"eka","month-6-short":"uzt","month-7-short":"abu","month-8-short":"ira","month-9-short":"urr","month-10-short":"aza","month-11-short":"abe","minutes-ago-long":{"_index":["plural","value"],"_":{"zero":"orain","one":"duela minutu bat","two":"duela {{value}} minutu","few":"duela {{value}} minutu","many":"duela {{value}} minutu","other":"duela {{value}} minutu"}},"hours-ago-long":{"_index":["plural","value"],"_":{"zero":"orain","one":"duela ordubete","two":"duela {{value}} ordu","few":"duela {{value}} ordu","many":"duela {{value}} ordu","other":"duela {{value}} ordu"}},"days-ago-long":{"_index":["plural","value"],"_":{"zero":"gaur","one":"atzo","two":"herenegun","few":"duela {{value}} egun","many":"duela {{value}} egun","other":"duela {{value}} egun"}},"weeks-ago-long":{"_index":["plural","value"],"_":{"zero":"aste honetan","one":"azken astean","two":"duela {{value}} aste","few":"duela {{value}} aste","many":"duela {{value}} aste","other":"duela {{value}} aste"}},"months-ago-long":{"_index":["plural","value"],"_":{"zero":"hilabete honetan","one":"azken hilabetean","two":"duela {{value}} hilabete","few":"duela {{value}} hilabete","many":"duela {{value}} hilabete","other":"duela {{value}} hilabete"}},"years-ago-long":{"_index":["plural","value"],"_":{"zero":"aurten","one":"iaz","two":"duela {{value}} urte","few":"duela {{value}} urte","many":"duela {{value}} urte","other":"duela {{value}} urte"}},"minutes-until-long":{"_index":["plural","value"],"_":{"zero":"orain","one":"minutu barru","two":"{{value}} minutu barru","few":"{{value}} minutu barru","many":"{{value}} minutu barru","other":"{{value}} minutu barru"}},"hours-until-long":{"_index":["plural","value"],"_":{"zero":"orain","one":"ordubete barru","two":"{{value}} ordu barru","few":"{{value}} ordu barru","many":"{{value}} ordu barru","other":"{{value}} ordu barru"}},"days-until-long":{"_index":["plural","value"],"_":{"zero":"gaur","one":"bihar","two":"etzi","few":"{{value}} egun barru","many":"{{value}} egun barru","other":"{{value}} egun barru"}},"weeks-until-long":{"_index":["plural","value"],"_":{"zero":"aste honetan","one":"hurrengo astean","two":"{{value}} aste barru","few":"{{value}} aste barru","many":"{{value}} aste barru","other":"{{value}} aste barru"}},"months-until-long":{"_index":["plural","value"],"_":{"zero":"hil honetan","one":"hurrengo hilean","two":"{{value}} hilabete barru","few":"{{value}} hilabete barru","many":"{{value}} hilabete barru","other":"{{value}} hilabete barru"}},"years-until-long":{"_index":["plural","value"],"_":{"zero":"aurten","one":"hurrengo urtean","two":"{{value}} urte barru","few":"{{value}} urte barru","many":"{{value}} urte barru","other":"{{value}} urte barru"}},"minutes-ago-short":{"_index":["plural","value"],"_":{"zero":"orain","other":"duela {{value}}m"}},"hours-ago-short":{"_index":["plural","value"],"_":{"zero":"orain","other":"duela {{value}}h"}},"days-ago-short":{"_index":["plural","value"],"_":{"zero":"gaur","other":"duela {{value}}eg."}},"minutes-until-short":{"_index":["plural","value"],"_":{"zero":"orain","other":"{{value}}m barru"}},"hours-until-short":{"_index":["plural","value"],"_":{"zero":"orain","other":"{{value}}h barru"}},"days-until-short":{"_index":["plural","value"],"_":{"zero":"gaur","other":"{{value}}eg. barru"}},"incorrectDate":"(data okerra)","dateTimeFormat_%c":"%a, %Y.eko %Bren %ea %H:%M:%S","dateTimeFormat_%x":"%Y/%m/%d","dateTimeFormat_%X":"%H:%M:%S","shortTimeFormat":"%H:%M","shortDateTimeFormat":"%x %H:%M","weekStartsOnMonday":"1","time_am":"AM","time_pm":"PM"}