{"back":"Retour","save":"Enregistrer","hide":"Masquer","cancel":"Annuler","confirm":"Confirmer","done":"Terminé","events":"Évènements","edit":"Modifier","allday-events":"Évènements sur jours entiers","no-events":"Aucun évènement","hint-swipe-action":"Faites glisser","hint-swipe-to-navigate":"pour naviguer dans l’agenda.","show-today":"Aujourd’hui","show-month-view":"Mois","show-week-view":"Semaine","show-day-view":"Jour","settings-show":"Paramètres","settings-hide":"Masquer les paramètres","add-account":"Ajouter un compte","new-event":"Ajouter un évènement","view-event-header":"Évènement","new-event-header":"Nouveau","edit-event-header":"Modifier","account-header":"Compte","account-list-header":"Comptes","advanced-settings-short":"Paramètres","advanced-settings-header":"Paramètres","advanced-settings-personalization":"Personnalisation","advanced-settings-reminders":"Rappels","advanced-settings-add-account":"Ajouter un compte","field-user":{"placeholder":"Utilisateur"},"field-password":{"placeholder":"Mot de passe"},"field-full-url":{"placeholder":"Adresse URL"},"modify-account-setting-up":"Veuillez patienter pendant la configuration de votre compte","modify-account-unable-to-sync":"Synchronisation impossible","modify-account-sign-in":"Se connecter","preset-caldav":"CalDav","preset-yahoo":"Yahoo!","preset-google":"Google","preset-local":"Agenda hors connexion","preset-mozilla":"Mozilla Zimbra","calendar-local":"Agenda hors connexion","event-title":{"placeholder":"Titre"},"event-location":{"placeholder":"Où ?"},"event-description":{"placeholder":"Notes"},"event-is-allday":"Évènement sur toute la journée ?","event-start-date":{"placeholder":"Date de début"},"event-end-date":{"placeholder":"Date de fin"},"event-start-time":{"placeholder":"Heure de début"},"event-end-time":{"placeholder":"Heure de fin"},"event-delete":"Supprimer l’évènement","remove-account-data":"Supprimer les données locales","remove-account-dialog":"Supprimer le compte","remove-account-dialog-details":"Supprimer ce compte supprimera également votre copie locale des agendas et évènements associés.","drawer-sync-button":"Synchroniser","sync-frequency":"Synchroniser l’agenda","sync-frequency-15min":"Toutes les 15 minutes","sync-frequency-30min":"Toutes les 30 minutes","sync-frequency-manual":"Manuellement","one-day-duration":"Le {{startDate}}<br>de {{startTime}} à {{endTime}}","multiple-day-duration":"De {{startTime}} le {{startDate}}<br>jusqu’à {{endTime}} le {{endDate}}","one-all-day-duration":"Toute la journée du<br>{{startDate}}","multiple-all-day-duration":"Toute la journée, du {{startDate}}<br>au {{endDate}}","none":"Jamais","reminder":"Rappel :","remind-me":"Me le rappeler","alarm-at-event-standard":"Lors de l’évènement","alarm-at-event-allday":"Le jour de l’évènement","alarm-start-notice":"{{title}} débutera {{distance}}","alarm-started-notice":"{{title}} a débuté {{distance}}","minutes-before":{"_index":["plural","value"],"_":{"zero":"0 minutes avant","one":"1 minute avant","two":"{{value}} minutes avant","few":"{{value}} minutes avant","many":"{{value}} minutes avant","other":"{{value}} minutes avant"}},"hours-before":{"_index":["plural","value"],"_":{"zero":"0 heures avant","one":"1 heure avant","two":"{{value}} heures avant","few":"{{value}} heures avant","many":"{{value}} heures avant","other":"{{value}} heures avant"}},"days-before":{"_index":["plural","value"],"_":{"zero":"0 jours avant","one":"1 jour avant","two":"{{value}} jours avant","few":"{{value}} jours avant","many":"{{value}} jours avant","other":"{{value}} jours avant"}},"weeks-before":{"_index":["plural","value"],"_":{"zero":"0 semaines avant","one":"1 semaine avant","two":"{{value}} semaines avant","few":"{{value}} semaines avant","many":"{{value}} semaines avant","other":"{{value}} semaines avant"}},"months-before":{"_index":["plural","value"],"_":{"zero":"0 mois avant","one":"1 mois avant","two":"{{value}} mois avant","few":"{{value}} mois avant","many":"{{value}} mois avant","other":"{{value}} mois avant"}},"years-before":{"_index":["plural","value"],"_":{"zero":"0 ans avant","one":"1 an avant","two":"{{value}} ans avant","few":"{{value}} ans avant","many":"{{value}} ans avant","other":"{{value}} ans avant"}},"minutes-after":{"_index":["plural","value"],"_":{"zero":"0 minutes après","one":"1 minute après","two":"{{value}} minutes après","few":"{{value}} minutes après","many":"{{value}} minutes après","other":"{{value}} minutes après"}},"hours-after":{"_index":["plural","value"],"_":{"zero":"0 heures après","one":"1 heure après","two":"{{value}} heures après","few":"{{value}} heures après","many":"{{value}} heures après","other":"{{value}} heures après"}},"days-after":{"_index":["plural","value"],"_":{"zero":"0 jours après","one":"1 jour après","two":"{{value}} jours après","few":"{{value}} jours après","many":"{{value}} jours après","other":"{{value}} jours après"}},"weeks-after":{"_index":["plural","value"],"_":{"zero":"0 semaines après","one":"1 semaine après","two":"{{value}} semaines après","few":"{{value}} semaines après","many":"{{value}} semaines après","other":"{{value}} semaines après"}},"months-after":{"_index":["plural","value"],"_":{"zero":"0 mois après","one":"1 mois après","two":"{{value}} mois après","few":"{{value}} mois après","many":"{{value}} mois après","other":"{{value}} mois après"}},"years-after":{"_index":["plural","value"],"_":{"zero":"0 ans après","one":"1 an après","two":"{{value}} ans après","few":"{{value}} ans après","many":"{{value}} ans après","other":"{{value}} ans après"}},"hour-format":"%Hh","hour-allday":"Toute la journée","current-time":"%H:%M","multi-month-view-header-format":"%b %Y","day-view-header-format":"%A %e %Eb","months-day-view-header-format":"%A %e %Eb","longDateFormat":"%e %Eb %Y","error-start-after-end":"La date de fin doit être postérieure à celle de début","error-unauthenticated":"Mauvais nom d’utilisateur et/ou mot de passe","error-internal-server-error":"Erreur du serveur. Vérifiez votre nom d’utilisateur et réessayez.","error-default":"Une erreur s’est produite. Veuillez réessayer plus tard.","error-offline":"Aucune connexion. Vérifiez la configuration réseau et réessayez.","error-account-exist":"Ce compte existe déjà.","notification-error-sync-title":"Erreur synchronisation agenda","notification-error-sync-description":"Appuyer pour plus d’informations","weekday-0-single-char":"D","weekday-1-single-char":"L","weekday-2-single-char":"M","weekday-3-single-char":"M","weekday-4-single-char":"J","weekday-5-single-char":"V","weekday-6-single-char":"S","weekday-0-long":"Dimanche","weekday-1-long":"Lundi","weekday-2-long":"Mardi","weekday-3-long":"Mercredi","weekday-4-long":"Jeudi","weekday-5-long":"Vendredi","weekday-6-long":"Samedi","weekday-0-short":"dim","weekday-1-short":"lun","weekday-2-short":"mar","weekday-3-short":"mer","weekday-4-short":"jeu","weekday-5-short":"ven","weekday-6-short":"sam","month-0-long":"Janvier","month-1-long":"Février","month-2-long":"Mars","month-3-long":"Avril","month-4-long":"Mai","month-5-long":"Juin","month-6-long":"Juillet","month-7-long":"Août","month-8-long":"Septembre","month-9-long":"Octobre","month-10-long":"Novembre","month-11-long":"Décembre","month-0-genitive":"janvier","month-1-genitive":"février","month-2-genitive":"mars","month-3-genitive":"avril","month-4-genitive":"mai","month-5-genitive":"juin","month-6-genitive":"juillet","month-7-genitive":"août","month-8-genitive":"septembre","month-9-genitive":"octobre","month-10-genitive":"novembre","month-11-genitive":"décembre","month-0-short":"jan.","month-1-short":"fév.","month-2-short":"mars","month-3-short":"avr.","month-4-short":"mai","month-5-short":"juin","month-6-short":"juil.","month-7-short":"août","month-8-short":"sep.","month-9-short":"oct.","month-10-short":"nov.","month-11-short":"déc.","minutes-ago-long":{"_index":["plural","value"],"_":{"zero":"à l’instant","one":"il y a {{value}} minute","two":"il y a {{value}} minutes","few":"il y a {{value}} minutes","many":"il y a {{value}} minutes","other":"il y a {{value}} minutes"}},"hours-ago-long":{"_index":["plural","value"],"_":{"zero":"à l’instant","one":"il y a {{value}} heure","two":"il y a {{value}} heures","few":"il y a {{value}} heures","many":"il y a {{value}} heures","other":"il y a {{value}} heures"}},"days-ago-long":{"_index":["plural","value"],"_":{"zero":"aujourd’hui","one":"hier","two":"il y a {{value}} jours","few":"il y a {{value}} jours","many":"il y a {{value}} jours","other":"il y a {{value}} jours"}},"weeks-ago-long":{"_index":["plural","value"],"_":{"zero":"cette semaine","one":"la semaine dernière","two":"il y a {{value}} semaines","few":"il y a {{value}} semaines","many":"il y a {{value}} semaines","other":"il y a {{value}} semaines"}},"months-ago-long":{"_index":["plural","value"],"_":{"zero":"ce mois-ci","one":"le mois dernier","two":"il y a {{value}} mois","few":"il y a {{value}} mois","many":"il y a {{value}} mois","other":"il y a {{value}} mois"}},"years-ago-long":{"_index":["plural","value"],"_":{"zero":"cette année","one":"l’année dernière","two":"il y a {{value}} ans","few":"il y a {{value}} ans","many":"il y a {{value}} ans","other":"il y a {{value}} ans"}},"minutes-until-long":{"_index":["plural","value"],"_":{"zero":"maintenant","one":"dans {{value}} minute","two":"dans {{value}} minutes","few":"dans {{value}} minutes","many":"dans {{value}} minutes","other":"dans {{value}} minutes"}},"hours-until-long":{"_index":["plural","value"],"_":{"zero":"maintenant","one":"dans {{value}} heure","two":"dans {{value}} heures","few":"dans {{value}} heures","many":"dans {{value}} heures","other":"dans {{value}} heures"}},"days-until-long":{"_index":["plural","value"],"_":{"zero":"aujourd’hui","one":"demain","two":"dans {{value}} jours","few":"dans {{value}} jours","many":"dans {{value}} jours","other":"dans {{value}} jours"}},"weeks-until-long":{"_index":["plural","value"],"_":{"zero":"cette semaine","one":"la semaine prochaine","two":"dans {{value}} semaines","few":"dans {{value}} semaines","many":"dans {{value}} semaines","other":"dans {{value}} semaines"}},"months-until-long":{"_index":["plural","value"],"_":{"zero":"ce mois-ci","one":"le mois prochain","two":"dans {{value}} mois","few":"dans {{value}} mois","many":"dans {{value}} mois","other":"dans {{value}} mois"}},"years-until-long":{"_index":["plural","value"],"_":{"zero":"cette année","one":"l’année prochaine","two":"dans {{value}} ans","few":"dans {{value}} ans","many":"dans {{value}} ans","other":"dans {{value}} ans"}},"minutes-ago-short":{"_index":["plural","value"],"_":{"zero":"à l’instant","other":"il y a {{value}} min"}},"hours-ago-short":{"_index":["plural","value"],"_":{"zero":"à l’instant","other":"il y a {{value}}h"}},"days-ago-short":{"_index":["plural","value"],"_":{"zero":"aujourd’hui","other":"il y a {{value}}j"}},"minutes-until-short":{"_index":["plural","value"],"_":{"zero":"maintenant","other":"dans {{value}}m"}},"hours-until-short":{"_index":["plural","value"],"_":{"zero":"maintenant","other":"dans {{value}}h"}},"days-until-short":{"_index":["plural","value"],"_":{"zero":"aujourd’hui","other":"dans {{value}}j"}},"incorrectDate":"(date incorrecte)","dateTimeFormat_%c":"%a %e %b %Y %H:%M:%S","dateTimeFormat_%x":"%d/%m/%Y","dateTimeFormat_%X":"%H:%M:%S","shortTimeFormat":"%H:%M","shortDateTimeFormat":"%x %H:%M","weekStartsOnMonday":"1","time_am":"AM","time_pm":"PM"}