{"back":"Atrás","save":"Gardar","hide":"Agochar","cancel":"Cancelar","confirm":"Confirmar","done":"Feito","events":"Eventos","edit":"Editar","allday-events":"Eventos para todo o día","no-events":"Sen eventos","hint-swipe-action":"Deslice o dedo","hint-swipe-to-navigate":"para navegar polas datas do calendario.","show-today":"Hoxe","show-month-view":"Mes","show-week-view":"Semana","show-day-view":"Día","settings-show":"Axustes","settings-hide":"Agochar os axustes","add-account":"Engadir unha conta","new-event":"Engadir evento","view-event-header":"Evento","new-event-header":"Engadir evento","edit-event-header":"Editar evento","account-header":"Conta","account-list-header":"Contas","advanced-settings-short":"Axustes","advanced-settings-header":"Axustes","advanced-settings-personalization":"Personalización","advanced-settings-reminders":"Avisos","advanced-settings-add-account":"Engadir conta","field-user":{"placeholder":"Nome de usuario"},"field-password":{"placeholder":"Contrasinal"},"field-full-url":{"placeholder":"URL"},"modify-account-setting-up":"Agarde mentres se configura a súa conta","modify-account-unable-to-sync":"Foi imposíbel sincronizar","modify-account-sign-in":"Identificarse","preset-caldav":"CalDav","preset-yahoo":"Yahoo!","preset-google":"Google","preset-local":"Calendario interno","preset-mozilla":"Mozilla Zimbra","calendar-local":"Calendario interno","event-title":{"placeholder":"Título"},"event-location":{"placeholder":"Onde?"},"event-description":{"placeholder":"Notas"},"event-is-allday":"Evento para todo o día?","event-start-date":{"placeholder":"Data de inicio"},"event-end-date":{"placeholder":"Data de remate"},"event-start-time":{"placeholder":"Hora de inicio"},"event-end-time":{"placeholder":"Hora de remate"},"event-delete":"Eliminar evento","remove-account-data":"Retirar data local","remove-account-dialog":"Retirar conta","remove-account-dialog-details":"Retirando esta conta tamén retirará a copia local dos seus calendarios e eventos.","drawer-sync-button":"Síncrono","sync-frequency":"Sincronizar calendario","sync-frequency-15min":"15 min","sync-frequency-30min":"30 min","sync-frequency-manual":"Manualmente","one-day-duration":"O {{startDate}}<br>de {{startTime}} a {{endTime}}","multiple-day-duration":"Dende as {{startTime}} do {{startDate}}<br>ata as {{endTime}} do {{endDate}}","one-all-day-duration":"Todo o día<br>{{startDate}}","multiple-all-day-duration":"Todo o día dende o {{startDate}}<br>ata o {{endDate}}","none":"Ningún","reminder":"Recordatorio:","remind-me":"Lembrarmo","alarm-at-event-standard":"Á hora do evento","alarm-at-event-allday":"O día do evento","alarm-start-notice":"{{title}} iniciando {{distance}}","alarm-started-notice":"{{title}} iniciouse {{distance}}","minutes-before":{"_index":["plural","value"],"_":{"zero":"0 minutos antes","one":"1 minuto antes","two":"{{value}} minutos antes","few":"{{value}} minutos antes","many":"{{value}} minutos antes","other":"{{value}} minutos antes"}},"hours-before":{"_index":["plural","value"],"_":{"zero":"0 horas antes","one":"1 hora antes","two":"{{value}} horas antes","few":"{{value}} horas antes","many":"{{value}} horas antes","other":"{{value}} horas antes"}},"days-before":{"_index":["plural","value"],"_":{"zero":"0 días antes","one":"1 día antes","two":"{{value}} días antes","few":"{{value}} días antes","many":"{{value}} días antes","other":"{{value}} días antes"}},"weeks-before":{"_index":["plural","value"],"_":{"zero":"0 semanas antes","one":"1 semana antes","two":"{{value}} semanas antes","few":"{{value}} semanas antes","many":"{{value}} semanas antes","other":"{{value}} semanas antes"}},"months-before":{"_index":["plural","value"],"_":{"zero":"0 meses antes","one":"1 mes antes","two":"{{value}} meses antes","few":"{{value}} meses antes","many":"{{value}} meses antes","other":"{{value}} meses antes"}},"years-before":{"_index":["plural","value"],"_":{"zero":"0 anos antes","one":"1 ano antes","two":"{{value}} anos antes","few":"{{value}} anos antes","many":"{{value}} anos antes","other":"{{value}} anos antes"}},"minutes-after":{"_index":["plural","value"],"_":{"zero":"0 minutos despois","one":"1 minuto despois","two":"{{value}} minutos despois","few":"{{value}} minutos despois","many":"{{value}} minutos despois","other":"{{value}} minutos despois"}},"hours-after":{"_index":["plural","value"],"_":{"zero":"0 horas despois","one":"1 hora despois","two":"{{value}} horas despois","few":"{{value}} horas despois","many":"{{value}} horas despois","other":"{{value}} horas despois"}},"days-after":{"_index":["plural","value"],"_":{"zero":"0 días despois","one":"1 día despois","two":"{{value}} días despois","few":"{{value}} días despois","many":"{{value}} días despois","other":"{{value}} días despois"}},"weeks-after":{"_index":["plural","value"],"_":{"zero":"0 semanas despois","one":"1 semana despois","two":"{{value}} semanas despois","few":"{{value}} semanas despois","many":"{{value}} semanas despois","other":"{{value}} semanas despois"}},"months-after":{"_index":["plural","value"],"_":{"zero":"0 meses despois","one":"1 mes despois","two":"{{value}} meses despois","few":"{{value}} meses despois","many":"{{value}} meses despois","other":"{{value}} meses despois"}},"years-after":{"_index":["plural","value"],"_":{"zero":"0 anos despois","one":"1 ano despois","two":"{{value}} anos despois","few":"{{value}} anos despois","many":"{{value}} anos despois","other":"{{value}} anos despois"}},"hour-format":"%H","hour-allday":"Todo o día","current-time":"%H:%M","multi-month-view-header-format":"%b %y","day-view-header-format":"%A, %e de %b","months-day-view-header-format":"%A %e %b","longDateFormat":"%A, %d de %B, %Y","error-start-after-end":"A data de remate debe ser posterior á data de inicio","error-unauthenticated":"Nome de usuario e/ou contrasinal incorrectos","error-internal-server-error":"Erro do servidor. Comprobe o seu nome de usuario e tente de novo.","error-default":"Produciuse un erro. Tente de novo.","error-offline":"Sen conexión. Comprobe a configuración da súa rede e tente de novo.","error-account-exist":"Esta conta xa existe.","notification-error-sync-title":"Erro de sincronización do calendario","notification-error-sync-description":"Toque para máis información","weekday-0-single-char":"s","weekday-1-single-char":"d","weekday-2-single-char":"S","weekday-3-single-char":"W","weekday-4-single-char":"S","weekday-5-single-char":"F","weekday-6-single-char":"s","weekday-0-long":"Domingo","weekday-1-long":"Luns","weekday-2-long":"Martes","weekday-3-long":"Mércores","weekday-4-long":"Xoves","weekday-5-long":"Venres","weekday-6-long":"Sábado","weekday-0-short":"Dom","weekday-1-short":"Lun","weekday-2-short":"Mar","weekday-3-short":"Mer","weekday-4-short":"Xov","weekday-5-short":"Ven","weekday-6-short":"Sab","month-0-long":"Xaneiro","month-1-long":"Febreiro","month-2-long":"Marzo","month-3-long":"Abril","month-4-long":"Maio","month-5-long":"Xuño","month-6-long":"Xullo","month-7-long":"Agosto","month-8-long":"Setembro","month-9-long":"Outubro","month-10-long":"Novembro","month-11-long":"Decembro","month-0-genitive":"Xaneiro","month-1-genitive":"Febreiro","month-2-genitive":"Marzo","month-3-genitive":"Abril","month-4-genitive":"Maio","month-5-genitive":"Xuño","month-6-genitive":"Xullo","month-7-genitive":"Agosto","month-8-genitive":"Setembro","month-9-genitive":"Outubro","month-10-genitive":"Novembro","month-11-genitive":"Decembro","month-0-short":"Xan","month-1-short":"Feb","month-2-short":"Mar","month-3-short":"Abr","month-4-short":"Maio","month-5-short":"Xun","month-6-short":"Xul","month-7-short":"Ago","month-8-short":"Set","month-9-short":"Out","month-10-short":"Nov","month-11-short":"Dec","minutes-ago-long":{"_index":["plural","value"],"_":{"zero":"xusto agora","one":"hai un minuto","two":"hai {{value}} minutos","few":"hai {{value}} minutos","many":"hai {{value}} minutos","other":"hai {{value}} minutos"}},"hours-ago-long":{"_index":["plural","value"],"_":{"zero":"xusto agora","one":"hai unha hora","two":"hai {{value}} horas","few":"hai {{value}} horas","many":"hai {{value}} horas","other":"hai {{value}} horas"}},"days-ago-long":{"_index":["plural","value"],"_":{"zero":"hoxe","one":"onte","two":"hai {{value}} días","few":"hai {{value}} días","many":"hai {{value}} días","other":"hai {{value}} días"}},"weeks-ago-long":{"_index":["plural","value"],"_":{"zero":"esta semana","one":"a semana pasada","two":"hai {{value}} semanas","few":"hai {{value}} semanas","many":"hai {{value}} semanas","other":"hai {{value}} semanas"}},"months-ago-long":{"_index":["plural","value"],"_":{"zero":"Este mes","one":"o mes pasado","two":"hai {{value}} meses","few":"hai {{value}} meses","many":"hai {{value}} meses","other":"hai {{value}} meses"}},"years-ago-long":{"_index":["plural","value"],"_":{"zero":"este ano","one":"o ano pasado","two":"hai {{value}} anos","few":"hai {{value}} anos","many":"hai {{value}} anos","other":"hai {{value}} anos"}},"minutes-until-long":{"_index":["plural","value"],"_":{"zero":"agora","one":"nun minuto","two":"en {{value}} minutos","few":"en {{value}} minutos","many":"en {{value}} minutos","other":"en {{value}} minutos"}},"hours-until-long":{"_index":["plural","value"],"_":{"zero":"agora","one":"nunha hora","two":"en {{value}} horas","few":"en {{value}} horas","many":"en {{value}} horas","other":"en {{value}} horas"}},"days-until-long":{"_index":["plural","value"],"_":{"zero":"hoxe","one":"mañá","two":"en {{value}} días","few":"en {{value}} días","many":"en {{value}} días","other":"en {{value}} días"}},"weeks-until-long":{"_index":["plural","value"],"_":{"zero":"esta semana","one":"a semana que ven","two":"en {{value}} semanas","few":"en {{value}} semanas","many":"en {{value}} semanas","other":"en {{value}} semanas"}},"months-until-long":{"_index":["plural","value"],"_":{"zero":"Este mes","one":"o mes que ven","two":"en {{value}} meses","few":"en {{value}} meses","many":"en {{value}} meses","other":"en {{value}} meses"}},"years-until-long":{"_index":["plural","value"],"_":{"zero":"este ano","one":"o ano que ven","two":"en {{value}} anos","few":"en {{value}} anos","many":"en {{value}} anos","other":"en {{value}} anos"}},"minutes-ago-short":{"_index":["plural","value"],"_":{"zero":"xusto agora","other":"hai {{value}}min"}},"hours-ago-short":{"_index":["plural","value"],"_":{"zero":"xusto agora","other":"hai {{value}}h"}},"days-ago-short":{"_index":["plural","value"],"_":{"zero":"hoxe","other":"hai {{value}}d"}},"minutes-until-short":{"_index":["plural","value"],"_":{"zero":"agora","other":"en {{value}}min"}},"hours-until-short":{"_index":["plural","value"],"_":{"zero":"agora","other":"en {{value}}h"}},"days-until-short":{"_index":["plural","value"],"_":{"zero":"hoxe","other":"en {{value}}d"}},"incorrectDate":"(data incorrecta)","dateTimeFormat_%c":"%a, %e de %b, %Y %H:%M:%S","dateTimeFormat_%x":"%d/%m/%Y","dateTimeFormat_%X":"%H:%M:%S","shortTimeFormat":"%H:%M","shortDateTimeFormat":"%x %H:%M %p","weekStartsOnMonday":"1","time_am":"AM","time_pm":"PM"}