{"back":"Natrag","save":"Spremi","hide":"Sakrij","cancel":"Otkaži","confirm":"Potvrdi","done":"Gotovo","events":"Događaji","edit":"Uredi","allday-events":"Cijelodnevni događaji","no-events":"No Events","hint-swipe-action":"Povucite","hint-swipe-to-navigate":"za navigaciju između datuma.","show-today":"Danas","show-month-view":"Mjesec","show-week-view":"Tjedan","show-day-view":"Dan","settings-show":"Postavke","settings-hide":"Sakrij postavke","add-account":"Dodaj korisnički račun","new-event":"Dodaj događaj","view-event-header":"Event","new-event-header":"Add Event","edit-event-header":"Edit Event","account-header":"Račun","account-list-header":"Računi","advanced-settings-short":"Settings","advanced-settings-header":"Postavke","advanced-settings-personalization":"Personalizacija","advanced-settings-reminders":"Podsjetnici","advanced-settings-add-account":"Add Account","field-user":{"placeholder":"Korisničko ime"},"field-password":{"placeholder":"Lozinka"},"field-full-url":{"placeholder":"URL"},"modify-account-setting-up":"Molim pričekajte dok se račun podešava","modify-account-unable-to-sync":"Sinkronizacija nije moguća","modify-account-sign-in":"Prijava","preset-caldav":"CalDav","preset-yahoo":"Yahoo!","preset-google":"Google","preset-local":"Izvanmrežni kalendar","preset-mozilla":"Mozilla Zimbra","calendar-local":"Izvanmrežni kalendar","event-title":{"placeholder":"Naslov"},"event-location":{"placeholder":"Gdje?"},"event-description":{"placeholder":"Bilješke"},"event-is-allday":"Cijelodnevni događaj","event-start-date":{"placeholder":"Datum početka"},"event-end-date":{"placeholder":"Datum kraja"},"event-start-time":{"placeholder":"Vrijeme početka"},"event-end-time":{"placeholder":"Vrijeme kraja"},"event-delete":"Obriši događaj","remove-account-data":"Ukloni lokalne podatke","remove-account-dialog":"Ukloni račun","remove-account-dialog-details":"Uklanjanje ovog računa će također ukloniti vašu lokalnu kopiju povezanih kalendara i događaja.","drawer-sync-button":"Sync","sync-frequency":"Sinkroniziraj kalendar","sync-frequency-15min":{"textContent":"15 min"},"sync-frequency-30min":{"textContent":"30 min"},"sync-frequency-manual":{"textContent":"Ručno"},"one-day-duration":"{{startDate}}<br>from {{startTime}} to {{endTime}}","multiple-day-duration":"From {{startTime}} {{startDate}}<br>to {{endTime}} {{endDate}}","one-all-day-duration":"All day<br>{{startDate}}","multiple-all-day-duration":"All day from {{startDate}}<br>to {{endDate}}","none":"Nema","reminder":"Reminder:","remind-me":"Podsjeti me","alarm-at-event-standard":"Na vrijeme događaja","alarm-at-event-allday":"Na dan događaja","alarm-start-notice":"{{title}} počinje {{distance}}","alarm-started-notice":"{{title}} započeo {{distance}}","minutes-before":{"_index":["plural","value"],"_":{"zero":"0 minuta prije","one":"1 minutu prije","two":"{{value}} minute prije","few":"{{value}} minuta prije","many":"{{value}} minuta prije","other":"{{value}} minuta prije"}},"hours-before":{"_index":["plural","value"],"_":{"zero":"0 sati prije","one":"1 sat prije","two":"{{value}} sata prije","few":"{{value}} sati prije","many":"{{value}} sati prije","other":"{{value}} sati prije"}},"days-before":{"_index":["plural","value"],"_":{"zero":"0 dana prije","one":"1 dan prije","two":"{{value}} dana prije","few":"{{value}} dana prije","many":"{{value}} dana prije","other":"{{value}} dana prije"}},"weeks-before":{"_index":["plural","value"],"_":{"zero":"0 tjedana prije","one":"1 tjedan prije","two":"{{value}} tjedna prije","few":"{{value}} tjedana prije","many":"{{value}} tjedana prije","other":"{{value}} tjedana prije"}},"months-before":{"_index":["plural","value"],"_":{"zero":"0 mjeseci prije","one":"1 mjesec prije","two":"{{value}} mjeseca prije","few":"{{value}} mjeseci prije","many":"{{value}} mjeseci prije","other":"{{value}} mjeseci prije"}},"years-before":{"_index":["plural","value"],"_":{"zero":"0 godina prije","one":"1 godinu prije","two":"{{value}} godine prije","few":"{{value}} godina prije","many":"{{value}} godina prije","other":"{{value}} godina prije"}},"minutes-after":{"_index":["plural","value"],"_":{"zero":"0 minuta nakon","one":"1 minutu nakon","two":"{{value}} minute nakon","few":"{{value}} minuta nakon","many":"{{value}} minuta nakon","other":"{{value}} minuta nakon"}},"hours-after":{"_index":["plural","value"],"_":{"zero":"0 sati nakon","one":"1 sat nakon","two":"{{value}} sata nakon","few":"{{value}} sati nakon","many":"{{value}} sati nakon","other":"{{value}} sati nakon"}},"days-after":{"_index":["plural","value"],"_":{"zero":"0 dana nakon","one":"1 dan nakon","two":"{{value}} dana nakon","few":"{{value}} dana nakon","many":"{{value}} dana nakon","other":"{{value}} dana nakon"}},"weeks-after":{"_index":["plural","value"],"_":{"zero":"0 tjedana nakon","one":"1 tjedan nakon","two":"{{value}} tjedna nakon","few":"{{value}} tjedana nakon","many":"{{value}} tjedana nakon","other":"{{value}} tjedana nakon"}},"months-after":{"_index":["plural","value"],"_":{"zero":"0 mjeseca nakon","one":"1 mjesec nakon","two":"{{value}} mjeseca nakon","few":"{{value}} mjeseci nakon","many":"{{value}} mjeseci nakon","other":"{{value}} mjeseca nakon"}},"years-after":{"_index":["plural","value"],"_":{"zero":"0 godina nakon","one":"1 godina nakon","two":"{{value}} godine nakon","few":"{{value}} godina nakon","many":"{{value}} godina nakon","other":"{{value}} godina nakon"}},"hour-format":"%H","hour-allday":"Cijeli dan","current-time":"%I:%M","multi-month-view-header-format":"%b %Y","day-view-header-format":"%e &b, %A","months-day-view-header-format":"%A, %b %e","longDateFormat":"%A, %B %d, %Y","error-start-after-end":"Datum kraja mora biti nakon datuma početka","error-unauthenticated":"Krivo korisničko ime i/ili lozinka","error-internal-server-error":"Greška poslužitelja. Provjerite pristupne podatke i pokušajte ponovno.","error-default":"Nešto nije u redu. Pokušajte ponovno.","error-offline":"Nema veze. Provjerite mrežne postavke i pokušajte ponovno.","error-account-exist":"Ovaj račun već postoji.","notification-error-sync-title":"Greške sinkronizacije kalendara","notification-error-sync-description":"Pritisnite za više informacija","weekday-0-single-char":"S","weekday-1-single-char":"M","weekday-2-single-char":"T","weekday-3-single-char":"W","weekday-4-single-char":"T","weekday-5-single-char":"F","weekday-6-single-char":"S","weekday-0-long":"Nedjelja","weekday-1-long":"Ponedjeljak","weekday-2-long":"Utorak","weekday-3-long":"Srijeda","weekday-4-long":"Četvrtak","weekday-5-long":"Petak","weekday-6-long":"Subota","weekday-0-short":"Ned","weekday-1-short":"Pon","weekday-2-short":"Uto","weekday-3-short":"Sri","weekday-4-short":"Čet","weekday-5-short":"Pet","weekday-6-short":"Sub","month-0-long":"Siječanj","month-1-long":"Veljača","month-2-long":"Ožujak","month-3-long":"Travanj","month-4-long":"Svibanj","month-5-long":"Lipanj","month-6-long":"Srpanj","month-7-long":"Kolovoz","month-8-long":"Rujan","month-9-long":"Listopad","month-10-long":"Studeni","month-11-long":"Prosinac","month-0-genitive":"Siječnja","month-1-genitive":"Veljače","month-2-genitive":"Ožujka","month-3-genitive":"Travnja","month-4-genitive":"Svibnja","month-5-genitive":"Lipnja","month-6-genitive":"Srpnja","month-7-genitive":"Kolovoza","month-8-genitive":"Rujna","month-9-genitive":"Listopada","month-10-genitive":"Studenoga","month-11-genitive":"Prosinca","month-0-short":"Sij","month-1-short":"Velj","month-2-short":"Ožu","month-3-short":"Tra","month-4-short":"Svi","month-5-short":"Lip","month-6-short":"Srp","month-7-short":"Kol","month-8-short":"Ruj","month-9-short":"Lis","month-10-short":"Stu","month-11-short":"Pro","minutes-ago-long":{"_index":["plural","value"],"_":{"zero":"upravo","one":"prije minutu","two":"prije {{value}} minute","few":"prije {{value}} minutes","many":"prije {{value}} minuta","other":"prije {{value}} minuta"}},"hours-ago-long":{"_index":["plural","value"],"_":{"zero":"upravo","one":"prije sat vremena","two":"prije {{value}} sata","few":"prije {{value}} sati","many":"prije {{value}} sati","other":"prije {{value}} sati"}},"days-ago-long":{"_index":["plural","value"],"_":{"zero":"danas","one":"jučer","two":"prije {{value}} dana","few":"prije {{value}} dana","many":"prije {{value}} dana","other":"prije {{value}} dana"}},"weeks-ago-long":{"_index":["plural","value"],"_":{"zero":"ovaj tjedan","one":"prošli tjedan","two":"prije {{value}} tjedna","few":"prije {{value}} tjedana","many":"prije {{value}} tjedana","other":"prije {{value}} tjedana"}},"months-ago-long":{"_index":["plural","value"],"_":{"zero":"ovaj mjesec","one":"prošli mjesec","two":"prije {{value}} mjeseca","few":"prije {{value}} mjeseci","many":"prije {{value}} mjeseci","other":"prije {{value}} mjeseci"}},"years-ago-long":{"_index":["plural","value"],"_":{"zero":"ove godine","one":"prošle godine","two":"prije {{value}} godine","few":"prije {{value}} godina","many":"prije {{value}} godina","other":"prije {{value}} godina"}},"minutes-until-long":{"_index":["plural","value"],"_":{"zero":"upravo","one":"za minutu","two":"za {{value}} minute","few":"za {{value}} minuta","many":"za {{value}} minuta","other":"za {{value}} minuta"}},"hours-until-long":{"_index":["plural","value"],"_":{"zero":"upravo","one":"za sat vremena","two":"za {{value}} sata","few":"za {{value}} sati","many":"za {{value}} sati","other":"za {{value}} sati"}},"days-until-long":{"_index":["plural","value"],"_":{"zero":"danas","one":"sutra","two":"za {{value}} dana","few":"za {{value}} dana","many":"za {{value}} dana","other":"za {{value}} dana"}},"weeks-until-long":{"_index":["plural","value"],"_":{"zero":"ovaj tjedan","one":"idući tjedan","two":"za {{value}} tjedna","few":"za {{value}} tjedana","many":"za {{value}} tjedana","other":"za {{value}} tjedana"}},"months-until-long":{"_index":["plural","value"],"_":{"zero":"ovaj mjesec","one":"idući mjesec","two":"za {{value}} mjeseca","few":"za {{value}} mjeseci","many":"za {{value}} mjeseci","other":"za {{value}} mjeseci"}},"years-until-long":{"_index":["plural","value"],"_":{"zero":"ove godine","one":"iduće godine","two":"za {{value}} godine","few":"za {{value}} godina","many":"za {{value}} godina","other":"za {{value}} godina"}},"minutes-ago-short":{"_index":["plural","value"],"_":{"zero":"upravo","other":"prije {{value}}m"}},"hours-ago-short":{"_index":["plural","value"],"_":{"zero":"upravo","other":"prije {{value}}s"}},"days-ago-short":{"_index":["plural","value"],"_":{"zero":"danas","other":"prije {{value}}d"}},"minutes-until-short":{"_index":["plural","value"],"_":{"zero":"sada","other":"za {{value}}m"}},"hours-until-short":{"_index":["plural","value"],"_":{"zero":"sada","other":"za {{value}}s"}},"days-until-short":{"_index":["plural","value"],"_":{"zero":"danas","other":"za {{value}}d"}},"incorrectDate":"(netočan datum)","dateTimeFormat_%c":"%a %e %b %Y %H:%M:%S","dateTimeFormat_%x":"%d.%m.%Y","dateTimeFormat_%X":"%H:%M:%S","shortTimeFormat":"%H:%M","shortDateTimeFormat":"%x %H:%M","weekStartsOnMonday":"1","time_am":"AM","time_pm":"PM"}