{"back":"戻る","save":"保存","hide":"非表示","cancel":"キャンセル","confirm":"確認","done":"完了","events":"予定","edit":"編集","allday-events":"終日の予定","no-events":"予定なし","hint-swipe-action":"スワイプ","hint-swipe-to-navigate":"してカレンダーの日付を移動できます。","show-today":"今日","show-month-view":"月","show-week-view":"週","show-day-view":"日","settings-show":"設定","settings-hide":"設定を隠す","add-account":"アカウント追加","new-event":"予定追加","view-event-header":"予定","new-event-header":"予定追加","edit-event-header":"予定編集","account-header":"アカウント","account-list-header":"アカウント一覧","advanced-settings-short":"設定","advanced-settings-header":"カレンダー設定","advanced-settings-personalization":"個人設定","advanced-settings-reminders":"アラーム設定","advanced-settings-add-account":"アカウント追加","field-user":{"placeholder":"ユーザ名"},"field-password":{"placeholder":"パスワード"},"field-full-url":{"placeholder":"URL"},"modify-account-setting-up":"アカウントを設定しています。しばらくお待ちください","modify-account-unable-to-sync":"同期できません","modify-account-sign-in":"サインイン","preset-caldav":"CalDav","preset-yahoo":"Yahoo!","preset-google":"Google","preset-local":"オフラインカレンダー","preset-mozilla":"Mozilla Zimbra","calendar-local":"オフラインカレンダー","event-title":{"placeholder":"タイトル"},"event-location":{"placeholder":"場所"},"event-description":{"placeholder":"メモ"},"event-is-allday":"終日の予定？","event-start-date":{"placeholder":"開始日"},"event-end-date":{"placeholder":"終了日"},"event-start-time":{"placeholder":"開始時刻"},"event-end-time":{"placeholder":"終了時刻"},"event-delete":"予定を削除","remove-account-data":"ローカルデータ削除","remove-account-dialog":"アカウント削除","remove-account-dialog-details":"このアカウントを削除すると、関連付けられたカレンダーと予定のローカルコピーも削除されます。","drawer-sync-button":"同期","sync-frequency":"カレンダーの同期","sync-frequency-15min":{"textContent":"15分"},"sync-frequency-30min":{"textContent":"30分"},"sync-frequency-manual":{"textContent":"手動設定"},"one-day-duration":"{{startDate}}<br>{{startTime}} から {{endTime}} まで","multiple-day-duration":"{{startDate}}の {{startTime}} から<br>{{endDate}}の {{endTime}} まで","one-all-day-duration":"終日<br>{{startDate}}","multiple-all-day-duration":"終日 {{startDate}} から<br>{{endDate}} まで","none":"なし","reminder":"アラーム通知:","remind-me":"アラーム通知する","alarm-at-event-standard":"予定時刻に通知","alarm-at-event-allday":"予定日に通知","alarm-start-notice":"{{title}} の開始予定まであと {{distance}}","alarm-started-notice":"{{title}} の開始予定から {{distance}} 経過","minutes-before":{"_index":["plural","value"],"_":{"zero":"0分前","one":"1分前","two":"{{value}}分前","few":"{{value}}分前","many":"{{value}}分前","other":"{{value}}分前"}},"hours-before":{"_index":["plural","value"],"_":{"zero":"0時間前","one":"1時間前","two":"{{value}}時間前","few":"{{value}}時間前","many":"{{value}}時間前","other":"{{value}}時間前"}},"days-before":{"_index":["plural","value"],"_":{"zero":"0日前","one":"1日前","two":"{{value}}日前","few":"{{value}}日前","many":"{{value}}日前","other":"{{value}}日前"}},"weeks-before":{"_index":["plural","value"],"_":{"zero":"0週間前","one":"1週間前","two":"{{value}}週間前","few":"{{value}}週間前","many":"{{value}}週間前","other":"{{value}}週間前"}},"months-before":{"_index":["plural","value"],"_":{"zero":"0か月前","one":"1か月前","two":"{{value}}か月前","few":"{{value}}か月前","many":"{{value}}か月前","other":"{{value}}か月前"}},"years-before":{"_index":["plural","value"],"_":{"zero":"0年前","one":"1年前","two":"{{value}}年前","few":"{{value}}年前","many":"{{value}}年前","other":"{{value}}年前"}},"minutes-after":{"_index":["plural","value"],"_":{"zero":"0分後","one":"1分後","two":"{{value}}分後","few":"{{value}}分後","many":"{{value}}分後","other":"{{value}}分後"}},"hours-after":{"_index":["plural","value"],"_":{"zero":"0時間後","one":"1時間後","two":"{{value}}時間後","few":"{{value}}時間後","many":"{{value}}時間後","other":"{{value}}時間後"}},"days-after":{"_index":["plural","value"],"_":{"zero":"0日後","one":"1日後","two":"{{value}}日後","few":"{{value}}日後","many":"{{value}}日後","other":"{{value}}日後"}},"weeks-after":{"_index":["plural","value"],"_":{"zero":"0週間後","one":"1週間後","two":"{{value}}週間後","few":"{{value}}週間後","many":"{{value}}週間後","other":"{{value}}週間後"}},"months-after":{"_index":["plural","value"],"_":{"zero":"0か月後","one":"1か月後","two":"{{value}}か月後","few":"{{value}}か月後","many":"{{value}}か月後","other":"{{value}}か月後"}},"years-after":{"_index":["plural","value"],"_":{"zero":"0年後","one":"1年後","two":"{{value}}年後","few":"{{value}}年後","many":"{{value}}年後","other":"{{value}}年後"}},"hour-format":"%p%I時","hour-allday":"終日","current-time":"%I:%M","multi-month-view-header-format":"%Y年%B～","day-view-header-format":"%B%e日 %A","months-day-view-header-format":"%B%e日 %A","longDateFormat":"%Y年%B%e日(%a)","error-start-after-end":"終了日時は開始日時より後に設定してください。","error-unauthenticated":"ログインまたはパスワードの入力に誤りがあります。","error-internal-server-error":"サーバエラーが発生しました。ログイン状態を確認して再度試してください。","error-default":"エラーが発生しました。後で再度試してください。","error-offline":"接続がありません。ネットワーク設定を確認して再度試してください。","error-account-exist":"このアカウントは既に設定されています。","notification-error-sync-title":"カレンダー同期エラー","notification-error-sync-description":"タップして情報を見る","weekday-0-single-char":"S","weekday-1-single-char":"M","weekday-2-single-char":"T","weekday-3-single-char":"W","weekday-4-single-char":"T","weekday-5-single-char":"F","weekday-6-single-char":"S","weekday-0-long":"日曜日","weekday-1-long":"月曜日","weekday-2-long":"火曜日","weekday-3-long":"水曜日","weekday-4-long":"木曜日","weekday-5-long":"金曜日","weekday-6-long":"土曜日","weekday-0-short":"日","weekday-1-short":"月","weekday-2-short":"火","weekday-3-short":"水","weekday-4-short":"木","weekday-5-short":"金","weekday-6-short":"土","month-0-long":"1月","month-1-long":"2月","month-2-long":"3月","month-3-long":"4月","month-4-long":"5月","month-5-long":"6月","month-6-long":"7月","month-7-long":"8月","month-8-long":"9月","month-9-long":"10月","month-10-long":"11月","month-11-long":"12月","month-0-genitive":"1月","month-1-genitive":"2月","month-2-genitive":"3月","month-3-genitive":"4月","month-4-genitive":"5月","month-5-genitive":"6月","month-6-genitive":"7月","month-7-genitive":"8月","month-8-genitive":"9月","month-9-genitive":"10月","month-10-genitive":"11月","month-11-genitive":"12月","month-0-short":"1月","month-1-short":"2月","month-2-short":"3月","month-3-short":"4月","month-4-short":"5月","month-5-short":"6月","month-6-short":"7月","month-7-short":"8月","month-8-short":"9月","month-9-short":"10月","month-10-short":"11月","month-11-short":"12月","minutes-ago-long":{"_index":["plural","value"],"_":{"zero":"1分以内","one":"1分前","two":"{{value}}分前","few":"{{value}}分前","many":"{{value}}分前","other":"{{value}}分前"}},"hours-ago-long":{"_index":["plural","value"],"_":{"zero":"1時間以内","one":"1時間前","two":"{{value}}時間前","few":"{{value}}時間前","many":"{{value}}時間前","other":"{{value}}時間前"}},"days-ago-long":{"_index":["plural","value"],"_":{"zero":"今日","one":"昨日","two":"{{value}}日前","few":"{{value}}日前","many":"{{value}}日前","other":"{{value}}日前"}},"weeks-ago-long":{"_index":["plural","value"],"_":{"zero":"今週","one":"先週","two":"{{value}}週間前","few":"{{value}}週間前","many":"{{value}}週間前","other":"{{value}}週間前"}},"months-ago-long":{"_index":["plural","value"],"_":{"zero":"今月","one":"先月","two":"{{value}}か月前","few":"{{value}}か月前","many":"{{value}}か月前","other":"{{value}}か月前"}},"years-ago-long":{"_index":["plural","value"],"_":{"zero":"今年","one":"昨年","two":"{{value}}年前","few":"{{value}}年前","many":"{{value}}年前","other":"{{value}}年前"}},"minutes-until-long":{"_index":["plural","value"],"_":{"zero":"1分以内","one":"1分後","two":"{{value}}分後","few":"{{value}}分後","many":"{{value}}分後","other":"{{value}}分後"}},"hours-until-long":{"_index":["plural","value"],"_":{"zero":"1時間以内","one":"1時間後","two":"{{value}}時間後","few":"{{value}}時間後","many":"{{value}}時間後","other":"{{value}}時間後"}},"days-until-long":{"_index":["plural","value"],"_":{"zero":"今日","one":"明日","two":"{{value}}日後","few":"{{value}}日後","many":"{{value}}日後","other":"{{value}}日後"}},"weeks-until-long":{"_index":["plural","value"],"_":{"zero":"今週","one":"来週","two":"{{value}}週間後","few":"{{value}}週間後","many":"{{value}}週間後","other":"{{value}}週間後"}},"months-until-long":{"_index":["plural","value"],"_":{"zero":"今月","one":"来月","two":"{{value}}か月後","few":"{{value}}か月後","many":"{{value}}か月後","other":"{{value}}か月後"}},"years-until-long":{"_index":["plural","value"],"_":{"zero":"今年","one":"来年","two":"{{value}}年後","few":"{{value}}年後","many":"{{value}}年後","other":"{{value}}年後"}},"minutes-ago-short":{"_index":["plural","value"],"_":{"zero":"直前","other":"{{value}}分前"}},"hours-ago-short":{"_index":["plural","value"],"_":{"zero":"数分前","other":"{{value}}時間前"}},"days-ago-short":{"_index":["plural","value"],"_":{"zero":"今日","other":"{{value}}日前"}},"minutes-until-short":{"_index":["plural","value"],"_":{"zero":"直後","other":"{{value}}分後"}},"hours-until-short":{"_index":["plural","value"],"_":{"zero":"数分後","other":"{{value}}時間後"}},"days-until-short":{"_index":["plural","value"],"_":{"zero":"今日","other":"{{value}}日後"}},"incorrectDate":"(日付が不正です)","dateTimeFormat_%c":"%Y年%b%e日(%a) %p%I:%M:%S","dateTimeFormat_%x":"%Y/%m/%d","dateTimeFormat_%X":"%p%I:%M:%S","shortTimeFormat":"%p%I:%M","shortDateTimeFormat":"%x %p%I:%M","weekStartsOnMonday":"0","time_am":"午前","time_pm":"午後"}