{"back":"ថយក្រោយ","save":"រក្សា​​ទុក","hide":"លាក់","cancel":"បោះបង់","confirm":"បញ្ជាក់","done":"រួចរាល់","events":"ព្រឹត្តិការណ៍","edit":"កែសម្រួល","allday-events":"ព្រឹត្តិការណ៍​​ពេញ​មួយ​ថ្ងៃ","no-events":"គ្មាន​ព្រឹត្តិការណ៍","hint-swipe-action":"អូស","hint-swipe-to-navigate":"ដើម្បី​រកមើល​កាលបរិច្ឆេទ​ប្រតិទិន។","show-today":"ថ្ងៃ​នេះ","show-month-view":"ខែ","show-week-view":"សប្ដាហ៍","show-day-view":"ថ្ងៃ","settings-show":"ការ​កំណត់","settings-hide":"លាក់​ការ​កំណត់","add-account":"បន្ថែម​គណនី","new-event":"បន្ថែម​ព្រឹត្តិការណ៍","view-event-header":"ព្រឹត្តិការណ៍","new-event-header":"បន្ថែម​ព្រឹត្តិការណ៍","edit-event-header":"កែសម្រួល​ព្រឹត្តិការណ៍","account-header":"គណនី","account-list-header":"គណនី","advanced-settings-short":"ការ​កំណត់","advanced-settings-header":"ការ​កំណត់​ប្រតិទិន","advanced-settings-personalization":"កំណត់​លក្ខណៈ​ផ្ទាល់ខ្លួន","advanced-settings-reminders":"កម្មវិធី​រំលឹក","advanced-settings-add-account":"បន្ថែម​គណនី","field-user":{"placeholder":"ឈ្មោះ​អ្នក​ប្រើ"},"field-password":{"placeholder":"ពាក្យ​សម្ងាត់"},"field-full-url":{"placeholder":"URL"},"modify-account-setting-up":"សូម​រង់ចាំ​​ខណៈ​ពេល​​​កំពុង​​រៀបចំ​​​គណនី​របស់​អ្នក​","modify-account-unable-to-sync":"មិន​អាច​ធ្វើ​សមកាលកម្ម","modify-account-sign-in":"ចូល","preset-caldav":"CalDav","preset-yahoo":"Yahoo!","preset-google":"Google","preset-local":"ប្រតិទិន​​ពេល​គ្មាន​អ៊ីនធឺណិត","preset-mozilla":"Mozilla ស៊ីមប្រា","calendar-local":"ប្រតិទិន​ពេល​​គ្មាន​អ៊ីនធឺណិត","event-title":{"placeholder":"ចំណង​ជើង"},"event-location":{"placeholder":"ឯណា?"},"event-description":{"placeholder":"ចំណាំ"},"event-is-allday":"ព្រឹត្តិការណ៍​មួយ​ថ្ងៃ​ពេញ?","event-start-date":{"placeholder":"កាលបរិច្ឆេទ​ចាប់ផ្តើម"},"event-end-date":{"placeholder":"កាលបរិច្ឆេទ​បញ្ចប់"},"event-start-time":{"placeholder":"ម៉ោង​ចាប់ផ្ដើម"},"event-end-time":{"placeholder":"ម៉ោង​បញ្ចប់"},"event-delete":"លុប​ព្រឹត្តិការណ៍","remove-account-data":"លុប​ទិន្នន័យ​ក្នុង​​មូលដ្ឋាន","remove-account-dialog":"យក​គណនី​ចេញ","remove-account-dialog-details":"ការ​យក​គណនី​នេះ​ចេញ​​ក៏​នឹង​លុប​​ច្បាប់​ចម្លង​​ប្រតិទិន និង​ព្រឹត្តិការណ៍​ដែល​ទាក់ទង​ក្នុង​​ម៉ាស៊ីន​​របស់​អ្នក​ដែរ។","drawer-sync-button":"ធ្វើ​សមកាលកម្ម","sync-frequency":"ធ្វើ​សមកាល​ប្រតិទិន","sync-frequency-15min":"15 នាទី","sync-frequency-30min":"30 នាទី","sync-frequency-manual":"ដោយ​ដៃ","one-day-duration":"{{startDate}}<br>ពី {{startTime}} ទៅ {{endTime}}","multiple-day-duration":"ពី {{startTime}} {{startDate}}<br>to {{endTime}} {{endDate}}","one-all-day-duration":"ពេញ​មួយ​ថ្ងៃ<br>{{startDate}}","multiple-all-day-duration":"ពេញ​មួយ​ថ្ងៃ​ពី {{startDate}}<br>to {{endDate}}","none":"គ្មាន","reminder":"កម្មវិធី​រំលឹក៖","remind-me":"រំលឹក​ខ្ញុំ","alarm-at-event-standard":"នៅ​អំឡុង​ពេល​ព្រឹត្តិការណ៍","alarm-at-event-allday":"នៅ​ថ្ងៃ​ព្រឹត្តិការណ៍","alarm-start-notice":"{{title}}ចាប់ផ្ដើម​នៅ {{distance}}","alarm-started-notice":"{{title}} ចាប់ផ្ដើម {{distance}}","minutes-before":{"_index":["plural","value"],"_":{"zero":"0 នាទី​មុន","one":"1 នាទី​មុន","two":"{{value}} នាទី​មុន","few":"{{value}} នាទី​មុន","many":"{{value}} នាទី​មុន","other":"{{value}} នាទី​មុន"}},"hours-before":{"_index":["plural","value"],"_":{"zero":"0 ម៉ោង​មុន","one":"1 ម៉ោង​មុន","two":"{{value}} ម៉ោង​មុន","few":"{{value}} ម៉ោង​មុន","many":"{{value}} ម៉ោង​មុន","other":"{{value}} hours before"}},"days-before":{"_index":["plural","value"],"_":{"zero":"0 ថ្ងៃ​មុន","one":"1 ថ្ងៃ​មុន","two":"{{value}} ថ្ងៃ​មុន","few":"{{value}} ថ្ងៃ​មុន","many":"{{value}} ថ្ងៃ​មុន","other":"{{value}} ថ្ងៃ​​មុន"}},"weeks-before":{"_index":["plural","value"],"_":{"zero":"0 សប្ដាហ៍​មុន","one":"1 សប្ដាហ៍​មុន","two":"{{value}} សប្ដាហ៍​មុន","few":"{{value}} សប្ដាហ៍​មុន","many":"{{value}} សប្ដាហ៍​មុន","other":"{{value}} សប្ដាហ៍​មុន"}},"months-before":{"_index":["plural","value"],"_":{"zero":"0 ខែ​មុន","one":"1 ខែ​មុន","two":"{{value}} ខែ​មុន","few":"{{value}} ខែ​មុន","many":"{{value}} ខែ​មុន","other":"{{value}} ខែ​មុន"}},"years-before":{"_index":["plural","value"],"_":{"zero":"0 ឆ្នាំ​មុន","one":"1 ឆ្នាំ​មុន","two":"{{value}} ឆ្នាំ​មុន","few":"{{value}} ឆ្នាំ​មុន","many":"{{value}} ឆ្នាំ​មុន","other":"{{value}} ឆ្នាំ​មុន"}},"minutes-after":{"_index":["plural","value"],"_":{"zero":"0 នាទី​ក្រោយ","one":"1 នាទី​ក្រោយ","two":"{{value}} នាទី​ក្រោយ","few":"{{value}} នាទី​ក្រោយ","many":"{{value}} នាទី​​ក្រោយ","other":"{{value}} នាទី​ក្រោយ"}},"hours-after":{"_index":["plural","value"],"_":{"zero":"0 ម៉ោង​ក្រោយ","one":"1 ម៉ោង​ក្រោយ","two":"{{value}} ម៉ោង​ក្រោយ","few":"{{value}} ម៉ោង​ក្រោយ","many":"{{value}} ម៉ោង​ក្រោយ","other":"{{value}} ម៉ោង​ក្រោយ"}},"days-after":{"_index":["plural","value"],"_":{"zero":"0 ថ្ងៃ​ក្រោយ","one":"1 ថ្ងៃ​ក្រោយ","two":"{{value}} ថ្ងៃ​ក្រោយ","few":"{{value}} ថ្ងៃ​ក្រោយ","many":"{{value}} ថ្ងៃ​ក្រោយ","other":"{{value}} ថ្ងៃ​ក្រោយ"}},"weeks-after":{"_index":["plural","value"],"_":{"zero":"0 សប្ដាហ៍​ក្រោយ","one":"1 សប្ដាហ៍​ក្រោយ","two":"{{value}} សប្ដាហ៍​ក្រោយ","few":"{{value}} សប្ដាហ៍​ក្រោយ","many":"{{value}} សប្ដាហ៍​ក្រោយ","other":"{{value}} សប្ដាហ៍​ក្រោយ"}},"months-after":{"_index":["plural","value"],"_":{"zero":"0 ខែ​ក្រោយ","one":"1 ខែ​ក្រោយ","two":"{{value}} ខែ​ក្រោយ","few":"{{value}} ខែ​​ក្រោយ","many":"{{value}} ខែ​​ក្រោយ","other":"{{value}} ខែ​​ក្រោយ"}},"years-after":{"_index":["plural","value"],"_":{"zero":"0 ឆ្នាំ​ក្រោយ","one":"1 ឆ្នាំ​ក្រោយ","two":"{{value}} ឆ្នាំ​ក្រោយ","few":"{{value}} ឆ្នាំ​ក្រោយ","many":"{{value}} ឆ្នាំ​ក្រោយ","other":"{{value}} ឆ្នាំ​ក្រោយ"}},"hour-format":"%I %p","hour-allday":"ពេញ​មួយ​ថ្ងៃ","current-time":"%I:%M","multi-month-view-header-format":"%b %Y","day-view-header-format":"%b %e, %A","months-day-view-header-format":"%A, %b %e","longDateFormat":"%A, %B %d, %Y","error-start-after-end":"កាលបរិច្ឆេទ​បញ្ចប់​ត្រូវតែ​នៅ​បន្ទាប់​កាលបរិច្ឆេទ​ចាប់ផ្ដើម","error-unauthenticated":"កាល​ចូល និង/ឬ​ពាក្យ​សម្ងាត់​​ខុស","error-internal-server-error":"កំហុស​ម៉ាស៊ីនមេ។ ពិនិត្យ​​​ការ​ចូល​របស់​អ្នក និង​ព្យាយាម​ម្ដង​ទៀត។","error-default":"មាន​អ្វី​មួយ​ខុស។ ព្យាយាម​ម្ដង​ទៀត​ពេល​ក្រោយ។","error-offline":"មិន​មាន​​​អ៊ីនធឺណិត។ សូម​ពិនិត្យមើល​ការ​កំណត់​រចនាសម្ព័ន្ធ​​បណ្ដាញ​របស់​អ្នក និង​​ព្យាយាម​ម្ដងទៀត ។","error-account-exist":"គណនី​នេះ​មាន​រួច​ហើយ។","notification-error-sync-title":"កំហុស​ធ្វើ​សមកាល​កម្ម​ប្រតិទិន","notification-error-sync-description":"ចុច​​មើល​​ព័ត៌មាន​បន្ថែម","weekday-0-single-char":"S","weekday-1-single-char":"M","weekday-2-single-char":"T","weekday-3-single-char":"W","weekday-4-single-char":"T","weekday-5-single-char":"F","weekday-6-single-char":"S","weekday-0-long":"អាទិត្យ","weekday-1-long":"ច័ន្ទ","weekday-2-long":"អង្គារ","weekday-3-long":"ពុធ","weekday-4-long":"ព្រហស្បតិ៍","weekday-5-long":"សុក្រ","weekday-6-long":"សៅរ៍","weekday-0-short":"អាទិត្យ","weekday-1-short":"ច័ន្ទ","weekday-2-short":"អង្គារ","weekday-3-short":"ពុធ","weekday-4-short":"ព្រហស្បតិ៍","weekday-5-short":"សុក្រ","weekday-6-short":"សៅរ៍","month-0-long":"មករា","month-1-long":"កុម្ភៈ","month-2-long":"មីនា","month-3-long":"មេសា","month-4-long":"ឧសភា","month-5-long":"មិថុនា","month-6-long":"កក្កដា","month-7-long":"សីហា","month-8-long":"កញ្ញា","month-9-long":"តុលា","month-10-long":"វិច្ឆិកា","month-11-long":"ធ្នូ","month-0-genitive":"មករា","month-1-genitive":"កុម្ភៈ","month-2-genitive":"មីនា","month-3-genitive":"មេសា","month-4-genitive":"ឧសភា","month-5-genitive":"មិថុនា","month-6-genitive":"កក្កដា","month-7-genitive":"សីហា","month-8-genitive":"កញ្ញា","month-9-genitive":"តុលា","month-10-genitive":"វិច្ឆិកា","month-11-genitive":"ធ្នូ","month-0-short":"មករា","month-1-short":"កុម្ភៈ","month-2-short":"មីនា","month-3-short":"មេសា","month-4-short":"ឧសភា","month-5-short":"មិថុនា","month-6-short":"កក្កដា","month-7-short":"សីហា","month-8-short":"កញ្ញា","month-9-short":"តុលា","month-10-short":"វិច្ឆិកា","month-11-short":"ធ្នូ","minutes-ago-long":{"_index":["plural","value"],"_":{"zero":"អម្បាញ់មិញនេះ","one":"មួយ​នាទី​មុន","two":"{{value}} នាទី​មុន","few":"{{value}} នាទី​មុន","many":"{{value}} នាទី​មុន","other":"{{value}} នាទី​មុន"}},"hours-ago-long":{"_index":["plural","value"],"_":{"zero":"អម្បាញ់មិញនេះ","one":"មួយ​ម៉ោង​មុន","two":"{{value}} ម៉ោង​មុន","few":"{{value}} ម៉ោង​មុន","many":"{{value}} ម៉ោង​មុន","other":"{{value}} ម៉ោង​មុន"}},"days-ago-long":{"_index":["plural","value"],"_":{"zero":"ថ្ងៃ​នេះ","one":"ម្សិលមិញ","two":"{{value}} ថ្ងៃ​មុន","few":"{{value}} ថ្ងៃ​មុន","many":"{{value}} ថ្ងៃ​មុន","other":"{{value}} ថ្ងៃ​មុន"}},"weeks-ago-long":{"_index":["plural","value"],"_":{"zero":"សប្ដាហ៍​នេះ","one":"សប្ដាហ៍​មុន","two":"{{value}} សប្ដាហ៍​មុន","few":"{{value}} សប្ដាហ៍​មុន","many":"{{value}} សប្ដាហ៍​មុន","other":"{{value}} សប្ដាហ៍​មុន"}},"months-ago-long":{"_index":["plural","value"],"_":{"zero":"ខែ​នេះ","one":"ខែ​មុន","two":"{{value}} ខែ​មុន","few":"{{value}} ខែ​មុន","many":"{{value}} ខែ​មុន","other":"{{value}} ខែ​មុន"}},"years-ago-long":{"_index":["plural","value"],"_":{"zero":"ឆ្នាំនេះ","one":"ឆ្នាំ​មុន","two":"{{value}} ឆ្នាំ​មុន","few":"{{value}} ឆ្នាំ​មុន","many":"{{value}} ឆ្នាំ​មុន","other":"{{value}} ឆ្នាំ​មុន"}},"minutes-until-long":{"_index":["plural","value"],"_":{"zero":"ឥឡូវ","one":"ក្នុង​ពេល​មួយ​នាទី","two":"ក្នុង​ពេល {{value}} នាទី","few":"ក្នុង​ពេល {{value}} នាទី","many":"ក្នុង​ពេល​ {{value}} នាទី​","other":"ក្នុង​ពេល {{value}} នាទី"}},"hours-until-long":{"_index":["plural","value"],"_":{"zero":"ឥឡូវ","one":"ក្នុង​រយៈពេល​១​ម៉ោង","two":"ក្នុង​ពេល​​ {{value}} ម៉ោង","few":"ក្នុង​ពេល​​ {{value}} ម៉ោង","many":"ក្នុង​ពេល​​ {{value}} ម៉ោង","other":"ក្នុង​ពេល​​ {{value}} ម៉ោង"}},"days-until-long":{"_index":["plural","value"],"_":{"zero":"ថ្ងៃ​នេះ","one":"ថ្ងៃស្អែក","two":"ក្នុង​ពេល​​ {{value}} ថ្ងៃ","few":"ក្នុង​ពេល​​ {{value}} ថ្ងៃ","many":"ក្នុង​ពេល​​ {{value}} ថ្ងៃ","other":"ក្នុង​ពេល​​ {{value}} ថ្ងៃ"}},"weeks-until-long":{"_index":["plural","value"],"_":{"zero":"សប្ដាហ៍​នេះ","one":"សប្ដាហ៍​ក្រោយ","two":"ក្នុង​ពេល {{value}} សប្ដាហ៍","few":"ក្នុង​ពេល {{value}} សប្ដាហ៍","many":"ក្នុង​ពេល {{value}} សប្ដាហ៍","other":"ក្នុង​ពេល {{value}} សប្ដាហ៍"}},"months-until-long":{"_index":["plural","value"],"_":{"zero":"ខែ​នេះ","one":"ខែ​ក្រោយ","two":"ក្នុង​ពេល {{value}} ខែ","few":"ក្នុង​ពេល {{value}} ខែ","many":"ក្នុង​ពេល {{value}} ខែ","other":"ក្នុង​ពេល {{value}} ខែ"}},"years-until-long":{"_index":["plural","value"],"_":{"zero":"ឆ្នាំនេះ","one":"ឆ្នាំ​ក្រោយ","two":"ក្នុង​ពេល {{value}} ឆ្នាំ","few":"ក្នុង​ពេល {{value}} ឆ្នាំ","many":"ក្នុង​ពេល {{value}} ឆ្នាំ","other":"ក្នុង​ពេល {{value}} ឆ្នាំ"}},"minutes-ago-short":{"_index":["plural","value"],"_":{"zero":"អម្បាញ់មិញនេះ","other":"{{value}}នាទី​មុន"}},"hours-ago-short":{"_index":["plural","value"],"_":{"zero":"អម្បាញ់មិញនេះ","other":"{{value}}ម៉ោង​មុន"}},"days-ago-short":{"_index":["plural","value"],"_":{"zero":"ថ្ងៃ​នេះ","other":"{{value}}ថ្ងៃ​មុន"}},"minutes-until-short":{"_index":["plural","value"],"_":{"zero":"ឥឡូវ","other":"ក្នុង​ពេល {{value}}នាទី"}},"hours-until-short":{"_index":["plural","value"],"_":{"zero":"ឥឡូវ","other":"ក្នុង​ពេល {{value}}ម៉ោង"}},"days-until-short":{"_index":["plural","value"],"_":{"zero":"ថ្ងៃ​នេះ","other":"ក្នុង​ពេល {{value}}ថ្ងៃ"}},"incorrectDate":"(កាលបរិច្ឆេទ​មិន​ត្រឹមត្រូវ)","dateTimeFormat_%c":"%a %b %e %Y %I:%M:%S %p","dateTimeFormat_%x":"%m/%d/%Y","dateTimeFormat_%X":"%I:%M:%S %p","shortTimeFormat":"%I:%M %p","shortDateTimeFormat":"%x %I:%M %p","weekStartsOnMonday":"0","time_am":"ព្រឹក","time_pm":"PM"}