{"back":"뒤로","save":"저장","hide":"숨기기","cancel":"취소","confirm":"확인","done":"완료","events":"일정","edit":"수정","allday-events":"전체 일정","no-events":"일정 없음","hint-swipe-action":"옆으로 밀기","hint-swipe-to-navigate":"캘린더의 날짜를 이동합니다.","show-today":"오늘","show-month-view":"월간","show-week-view":"주간","show-day-view":"일간","settings-show":"설정","settings-hide":"설정 숨기기","add-account":"계정 추가","new-event":"일정 추가","view-event-header":"일정","new-event-header":"일정 추가","edit-event-header":"일정 수정","account-header":"계정","account-list-header":"계정 모음","advanced-settings-short":"설정","advanced-settings-header":"캘린더 설정","advanced-settings-personalization":"개인화","advanced-settings-reminders":"알림","advanced-settings-add-account":"계정 추가","field-user":{"placeholder":"사용자명"},"field-password":{"placeholder":"암호"},"field-full-url":{"placeholder":"URL"},"modify-account-setting-up":"계정이 설정되는 동안 기다려 주십시오.","modify-account-unable-to-sync":"동기화 비활성화","modify-account-sign-in":"로그인","preset-caldav":"CalDav","preset-yahoo":"Yahoo!","preset-google":"Google","preset-local":"오프라인 캘린더","preset-mozilla":"Mozilla Zimbra","calendar-local":"오프라인 캘린더","event-title":{"placeholder":"제목"},"event-location":{"placeholder":"장소"},"event-description":{"placeholder":"메모"},"event-is-allday":"종일","event-start-date":{"placeholder":"시작일"},"event-end-date":{"placeholder":"종료일"},"event-start-time":{"placeholder":"시작 시간"},"event-end-time":{"placeholder":"종료 시간"},"event-delete":"일정 삭제","remove-account-data":"로컬 데이터 삭제","remove-account-dialog":"계정 삭제","remove-account-dialog-details":"이 계정을 삭제하면 로컬에 복사되어 있는 연결된 캘린더와 일정도 같이 삭제됩니다.","drawer-sync-button":"동기화","sync-frequency":"동기화 주기","sync-frequency-15min":{"textContent":"15분"},"sync-frequency-30min":{"textContent":"30분"},"sync-frequency-manual":{"textContent":"수동으로"},"one-day-duration":"{{startDate}}<br>{{startTime}} ~ {{endTime}}","multiple-day-duration":"{{startTime}} {{startDate}}<br>~ {{endTime}} {{endDate}}","one-all-day-duration":"종일<br>{{startDate}}","multiple-all-day-duration":"종일 {{startDate}}<br>~ {{endDate}}","none":"안함","reminder":"미리 알림:","remind-me":"미리 알림 설정","alarm-at-event-standard":"시작 시간","alarm-at-event-allday":"시작 일","alarm-start-notice":"{{title}} {{distance}} 시작","alarm-started-notice":"{{title}} {{distance}} 시작됨","minutes-before":{"_index":["plural","value"],"_":{"zero":"0 분 전","one":"1분 전","two":"{{value}}분 전","few":"{{value}}분 전","many":"{{value}}분 전","other":"{{value}}분 전"}},"hours-before":{"_index":["plural","value"],"_":{"zero":"0 시간 전","one":"한 시간 전","two":"{{value}}시간 전","few":"{{value}}시간 전","many":"{{value}}시간 전","other":"{{value}}시간 전"}},"days-before":{"_index":["plural","value"],"_":{"zero":"0 일 전","one":"하루 전","two":"{{value}}일 전","few":"{{value}}일 전","many":"{{value}}일 전","other":"{{value}}일 전"}},"weeks-before":{"_index":["plural","value"],"_":{"zero":"0주 전","one":"한주 전","two":"{{value}}주 전","few":"{{value}}주 전","many":"{{value}}주 전","other":"{{value}}주 전"}},"months-before":{"_index":["plural","value"],"_":{"zero":"0개월 전","one":"1개월 전","two":"{{value}}개월 전","few":"{{value}}개월 전","many":"{{value}}개월 전","other":"{{value}}개월 전"}},"years-before":{"_index":["plural","value"],"_":{"zero":"0년 전","one":"1년 전","two":"{{value}}년 전","few":"{{value}}년 전","many":"{{value}}년 전","other":"{{value}}년 전"}},"minutes-after":{"_index":["plural","value"],"_":{"zero":"0분 후","one":"1분 후","two":"{{value}}분 후","few":"{{value}}분 후","many":"{{value}}분 후","other":"{{value}}분 후"}},"hours-after":{"_index":["plural","value"],"_":{"zero":"0시간 후","one":"한시간 후","two":"{{value}}시간 후","few":"{{value}}시간 후","many":"{{value}}시간 후","other":"{{value}}시간 후"}},"days-after":{"_index":["plural","value"],"_":{"zero":"0일 후","one":"하루 후","two":"{{value}}일 후","few":"{{value}}일 후","many":"{{value}}일 후","other":"{{value}}일 후"}},"weeks-after":{"_index":["plural","value"],"_":{"zero":"0주 후","one":"한주 후","two":"{{value}}주 후","few":"{{value}}주 후","many":"{{value}}주 후","other":"{{value}}주 후"}},"months-after":{"_index":["plural","value"],"_":{"zero":"0개월 후","one":"1개월 후","two":"{{value}}개월 후","few":"{{value}}개월 후","many":"{{value}}개월 후","other":"{{value}}개월 후"}},"years-after":{"_index":["plural","value"],"_":{"zero":"0년 후","one":"1년 후","two":"{{value}}년 후","few":"{{value}}년 후","many":"{{value}}년 후","other":"{{value}}년 후"}},"hour-format":"%I %p","hour-allday":"종일","current-time":"%I:%M","multi-month-view-header-format":"%Y년 %b","day-view-header-format":"%B %e일 %A","months-day-view-header-format":"%b월 %e일 %A","longDateFormat":"%Y년 %B월 %d일 %A","error-start-after-end":"종료일은 시작일보다 나중이어야 함","error-unauthenticated":"잘못된 아이디나 암호","error-internal-server-error":"내부 서버 오류입니다. 로그인을 확인하고 다시 시도해 보십시오.","error-default":"알 수 없는 오류입니다. 나중에 다시 시도해 보십시오.","error-offline":"연결된 네트워크가 없습니다. 네트워크 설정을 확인해 보시고 다시 시도해 보십시오.","error-account-exist":"이 계정은 이미 존재합니다.","notification-error-sync-title":"캘린더 동기화 오류","notification-error-sync-description":"더 알아보시려면 여기를 탭하십시오","weekday-0-single-char":"S","weekday-1-single-char":"M","weekday-2-single-char":"T","weekday-3-single-char":"W","weekday-4-single-char":"T","weekday-5-single-char":"F","weekday-6-single-char":"S","weekday-0-long":"일요일","weekday-1-long":"월요일","weekday-2-long":"화요일","weekday-3-long":"수요일","weekday-4-long":"목요일","weekday-5-long":"금요일","weekday-6-long":"토요일","weekday-0-short":"일","weekday-1-short":"월","weekday-2-short":"화","weekday-3-short":"수","weekday-4-short":"목","weekday-5-short":"금","weekday-6-short":"토","month-0-long":"1월","month-1-long":"2월","month-2-long":"3월","month-3-long":"4월","month-4-long":"5월","month-5-long":"6월","month-6-long":"7월","month-7-long":"8월","month-8-long":"9월","month-9-long":"10월","month-10-long":"11월","month-11-long":"12월","month-0-genitive":"1월","month-1-genitive":"2월","month-2-genitive":"3월","month-3-genitive":"4월","month-4-genitive":"5월","month-5-genitive":"6월","month-6-genitive":"7월","month-7-genitive":"8월","month-8-genitive":"9월","month-9-genitive":"10월","month-10-genitive":"11월","month-11-genitive":"12월","month-0-short":"1월","month-1-short":"2월","month-2-short":"3월","month-3-short":"4월","month-4-short":"5월","month-5-short":"6월","month-6-short":"7월","month-7-short":"8월","month-8-short":"9월","month-9-short":"10월","month-10-short":"11월","month-11-short":"12월","minutes-ago-long":{"_index":["plural","value"],"_":{"zero":"지금","one":"1분 전","two":"{{value}}분 전","few":"{{value}}분 전","many":"{{value}}분 전","other":"{{value}}분 전"}},"hours-ago-long":{"_index":["plural","value"],"_":{"zero":"지금","one":"1시간 전","two":"{{value}}시간 전","few":"{{value}}시간 전","many":"{{value}}시간 전","other":"{{value}}시간 전"}},"days-ago-long":{"_index":["plural","value"],"_":{"zero":"오늘","one":"어제","two":"{{value}}일 전","few":"{{value}}일 전","many":"{{value}}일 전","other":"{{value}}일 전"}},"weeks-ago-long":{"_index":["plural","value"],"_":{"zero":"이번 주","one":"지난 주","two":"{{value}}주 전","few":"{{value}}주 전","many":"{{value}}주 전","other":"{{value}}주 전"}},"months-ago-long":{"_index":["plural","value"],"_":{"zero":"이번 달","one":"지난 달","two":"{{value}}개월 전","few":"{{value}}개월 전","many":"{{value}}개월 전","other":"{{value}}개월 전"}},"years-ago-long":{"_index":["plural","value"],"_":{"zero":"올해","one":"작년","two":"{{value}}년 전","few":"{{value}}년 전","many":"{{value}}년 전","other":"{{value}}년 전"}},"minutes-until-long":{"_index":["plural","value"],"_":{"zero":"지금","one":"1분 후","two":"{{value}}분 후","few":"{{value}}분 후","many":"{{value}}분 후","other":"{{value}}분 후"}},"hours-until-long":{"_index":["plural","value"],"_":{"zero":"지금","one":"한 시간 후","two":"{{value}}시간 후","few":"{{value}}시간 후","many":"{{value}}시간 후","other":"{{value}}시간 후"}},"days-until-long":{"_index":["plural","value"],"_":{"zero":"오늘","one":"내일","two":"{{value}}일 후","few":"{{value}}일 후","many":"{{value}}일 후","other":"{{value}}일 후"}},"weeks-until-long":{"_index":["plural","value"],"_":{"zero":"이번 주","one":"다음 주","two":"{{value}}주 후","few":"{{value}}주 후","many":"{{value}}주 후","other":"{{value}}주 후"}},"months-until-long":{"_index":["plural","value"],"_":{"zero":"이번 달","one":"다음 달","two":"{{value}}개월 후","few":"{{value}}개월 후","many":"{{value}}개월 후","other":"{{value}}개월 후"}},"years-until-long":{"_index":["plural","value"],"_":{"zero":"올해","one":"내년","two":"{{value}}년 후","few":"{{value}}년 후","many":"{{value}}년 후","other":"{{value}}년 후"}},"minutes-ago-short":{"_index":["plural","value"],"_":{"zero":"지금","other":"{{value}}분 전"}},"hours-ago-short":{"_index":["plural","value"],"_":{"zero":"지금","other":"{{value}}시간 전"}},"days-ago-short":{"_index":["plural","value"],"_":{"zero":"오늘","other":"{{value}}일 전"}},"minutes-until-short":{"_index":["plural","value"],"_":{"zero":"지금","other":"{{value}}분 후"}},"hours-until-short":{"_index":["plural","value"],"_":{"zero":"지금","other":"{{value}}시간 후"}},"days-until-short":{"_index":["plural","value"],"_":{"zero":"오늘","other":"{{value}}일 후"}},"incorrectDate":"(잘못된 날짜)","dateTimeFormat_%c":"%Y년 %B %e일 %a %I:%M:%S %p","dateTimeFormat_%x":"%Y/%m/%d","dateTimeFormat_%X":"%I:%M:%S %p","shortTimeFormat":"%I:%M %p","shortDateTimeFormat":"%x %I:%M %p","weekStartsOnMonday":"0","time_am":"오전","time_pm":"오후"}