{"back":"Terug","save":"Opslaan","hide":"Verbergen","cancel":"Annuleren","confirm":"Bevestigen","done":"Gereed","events":"Gebeurtenissen","edit":"Bewerken","allday-events":"De hele dag","no-events":"Geen gebeurtenissen","hint-swipe-action":"Veeg","hint-swipe-to-navigate":"om tussen agendadatums te navigeren.","show-today":"Vandaag","show-month-view":"Maand","show-week-view":"Week","show-day-view":"Dag","settings-show":"Instellingen","settings-hide":"Instellingen verbergen","add-account":"Account toevoegen","new-event":"Gebeurtenis toevoegen","view-event-header":"Gebeurtenis","new-event-header":"Gebeurtenis toevoegen","edit-event-header":"Gebeurtenis bewerken","account-header":"Account","account-list-header":"Accounts","advanced-settings-short":"Instellingen","advanced-settings-header":"Agenda-instellingen","advanced-settings-personalization":"Personalisatie","advanced-settings-reminders":"Herinneringen","advanced-settings-add-account":"Account toevoegen","field-user":{"placeholder":"Gebruikersnaam"},"field-password":{"placeholder":"Wachtwoord"},"field-full-url":{"placeholder":"URL"},"modify-account-setting-up":"Een moment geduld, uw account wordt ingesteld","modify-account-unable-to-sync":"Kan niet synchroniseren","modify-account-sign-in":"Aanmelden","preset-caldav":"CalDav","preset-yahoo":"Yahoo!","preset-google":"Google","preset-local":"Offline-agenda","preset-mozilla":"Mozilla Zimbra","calendar-local":"Offline-agenda","event-title":{"placeholder":"Titel"},"event-location":{"placeholder":"Waar?"},"event-description":{"placeholder":"Notities"},"event-is-allday":"De hele dag?","event-start-date":{"placeholder":"Begindatum"},"event-end-date":{"placeholder":"Einddatum"},"event-start-time":{"placeholder":"Aanvangstijd"},"event-end-time":{"placeholder":"Eindtijd"},"event-delete":"Gebeurtenis verwijderen","remove-account-data":"Lokale gegevens verwijderen","remove-account-dialog":"Account verwijderen","remove-account-dialog-details":"Als u deze account verwijdert, wordt uw lokale versie van verbonden agenda’s en gebeurtenissen ook verwijderd.","drawer-sync-button":"Synchroniseren","sync-frequency":"Agenda synchroniseren","sync-frequency-15min":"15 min","sync-frequency-30min":"30 min","sync-frequency-manual":"Handmatig","one-day-duration":"{{startDate}}<br>van {{startTime}} tot {{endTime}}","multiple-day-duration":"Van {{startTime}} {{startDate}}<br>tot {{endTime}} {{endDate}}","one-all-day-duration":"Hele dag<br>{{startDate}}","multiple-all-day-duration":"Hele dag van {{startDate}}<br>tot {{endDate}}","none":"Geen","reminder":"Herinnering:","remind-me":"Mij herinneren","alarm-at-event-standard":"Op tijdstip van gebeurtenis","alarm-at-event-allday":"Op dag van gebeurtenis","alarm-start-notice":"{{title}} begint {{distance}}","alarm-started-notice":"{{title}} begon {{distance}}","minutes-before":{"_index":["plural","value"],"_":{"zero":"0 minuten van tevoren","one":"1 minuut van tevoren","two":"{{value}} minuten van tevoren","few":"{{value}} minuten van tevoren","many":"{{value}} minuten van tevoren","other":"{{value}} minuten van tevoren"}},"hours-before":{"_index":["plural","value"],"_":{"zero":"0 uur van tevoren","one":"1 uur van tevoren","two":"{{value}} uur van tevoren","few":"{{value}} uur van tevoren","many":"{{value}} uur van tevoren","other":"{{value}} uur van tevoren"}},"days-before":{"_index":["plural","value"],"_":{"zero":"0 dagen van tevoren","one":"1 dag van tevoren","two":"{{value}} dagen van tevoren","few":"{{value}} dagen van tevoren","many":"{{value}} dagen van tevoren","other":"{{value}} dagen van tevoren"}},"weeks-before":{"_index":["plural","value"],"_":{"zero":"0 weken van tevoren","one":"1 week van tevoren","two":"{{value}} weken van tevoren","few":"{{value}} weken van tevoren","many":"{{value}} weken van tevoren","other":"{{value}} weken van tevoren"}},"months-before":{"_index":["plural","value"],"_":{"zero":"0 maanden van tevoren","one":"1 maand van tevoren","two":"{{value}} maanden van tevoren","few":"{{value}} maanden van tevoren","many":"{{value}} maanden van tevoren","other":"{{value}} maanden van tevoren"}},"years-before":{"_index":["plural","value"],"_":{"zero":"0 jaar van tevoren","one":"1 jaar van tevoren","two":"{{value}} jaar van tevoren","few":"{{value}} jaar van tevoren","many":"{{value}} jaar van tevoren","other":"{{value}} jaar van tevoren"}},"minutes-after":{"_index":["plural","value"],"_":{"zero":"0 minuten erna","one":"1 minuut erna","two":"{{value}} minuten erna","few":"{{value}} minuten erna","many":"{{value}} minuten erna","other":"{{value}} minuten erna"}},"hours-after":{"_index":["plural","value"],"_":{"zero":"0 uur erna","one":"1 uur erna","two":"{{value}} uur erna","few":"{{value}} uur erna","many":"{{value}} uur erna","other":"{{value}} uur erna"}},"days-after":{"_index":["plural","value"],"_":{"zero":"0 dagen erna","one":"1 dag erna","two":"{{value}} dagen erna","few":"{{value}} dagen erna","many":"{{value}} dagen erna","other":"{{value}} dagen erna"}},"weeks-after":{"_index":["plural","value"],"_":{"zero":"0 weken erna","one":"1 week erna","two":"{{value}} weken erna","few":"{{value}} weken erna","many":"{{value}} weken erna","other":"{{value}} weken erna"}},"months-after":{"_index":["plural","value"],"_":{"zero":"0 maanden erna","one":"1 maand erna","two":"{{value}} maanden erna","few":"{{value}} maanden erna","many":"{{value}} maanden erna","other":"{{value}} maanden erna"}},"years-after":{"_index":["plural","value"],"_":{"zero":"0 jaar erna","one":"1 jaar erna","two":"{{value}} jaar erna","few":"{{value}} jaar erna","many":"{{value}} jaar erna","other":"{{value}} jaar erna"}},"hour-format":"%H","hour-allday":"Hele dag","current-time":"%H:%M","multi-month-view-header-format":"%b %Y","day-view-header-format":"%A %e %b","months-day-view-header-format":"%A %e %b","longDateFormat":"%A %d %B %Y","error-start-after-end":"Einddatum moet na begindatum liggen","error-unauthenticated":"Onjuiste aanmelding en/of wachtwoord","error-internal-server-error":"Serverfout. Controleer uw aanmelding en probeer het nogmaals.","error-default":"Er is iets mis. Probeer het later nogmaals.","error-offline":"Geen verbinding. Controleer uw netwerkconfiguratie en probeer het nogmaals.","error-account-exist":"Deze account bestaat al.","notification-error-sync-title":"Fout bij agendasynchronisatie","notification-error-sync-description":"Tik voor meer info","weekday-0-single-char":"Z","weekday-1-single-char":"M","weekday-2-single-char":"D","weekday-3-single-char":"W","weekday-4-single-char":"D","weekday-5-single-char":"V","weekday-6-single-char":"Z","weekday-0-long":"zondag","weekday-1-long":"maandag","weekday-2-long":"dinsdag","weekday-3-long":"woensdag","weekday-4-long":"donderdag","weekday-5-long":"vrijdag","weekday-6-long":"zaterdag","weekday-0-short":"zon","weekday-1-short":"maa","weekday-2-short":"din","weekday-3-short":"woe","weekday-4-short":"don","weekday-5-short":"vrij","weekday-6-short":"zat","month-0-long":"januari","month-1-long":"februari","month-2-long":"maart","month-3-long":"april","month-4-long":"mei","month-5-long":"juni","month-6-long":"juli","month-7-long":"augustus","month-8-long":"september","month-9-long":"oktober","month-10-long":"november","month-11-long":"december","month-0-genitive":"januari","month-1-genitive":"februari","month-2-genitive":"maart","month-3-genitive":"april","month-4-genitive":"mei","month-5-genitive":"juni","month-6-genitive":"juli","month-7-genitive":"augustus","month-8-genitive":"september","month-9-genitive":"oktober","month-10-genitive":"november","month-11-genitive":"december","month-0-short":"jan","month-1-short":"feb","month-2-short":"mrt","month-3-short":"apr","month-4-short":"mei","month-5-short":"jun","month-6-short":"jul","month-7-short":"aug","month-8-short":"sep","month-9-short":"okt","month-10-short":"nov","month-11-short":"dec","minutes-ago-long":{"_index":["plural","value"],"_":{"zero":"zojuist","one":"een minuut geleden","two":"{{value}} minuten geleden","few":"{{value}} minuten geleden","many":"{{value}} minuten geleden","other":"{{value}} minuten geleden"}},"hours-ago-long":{"_index":["plural","value"],"_":{"zero":"zojuist","one":"een uur geleden","two":"{{value}} uur geleden","few":"{{value}} uur geleden","many":"{{value}} uur geleden","other":"{{value}} uur geleden"}},"days-ago-long":{"_index":["plural","value"],"_":{"zero":"vandaag","one":"gisteren","two":"{{value}} dagen geleden","few":"{{value}} dagen geleden","many":"{{value}} dagen geleden","other":"{{value}} dagen geleden"}},"weeks-ago-long":{"_index":["plural","value"],"_":{"zero":"deze week","one":"vorige week","two":"{{value}} weken geleden","few":"{{value}} weken geleden","many":"{{value}} weken geleden","other":"{{value}} weken geleden"}},"months-ago-long":{"_index":["plural","value"],"_":{"zero":"deze maand","one":"vorige maand","two":"{{value}} maanden geleden","few":"{{value}} maanden geleden","many":"{{value}} maanden geleden","other":"{{value}} maanden geleden"}},"years-ago-long":{"_index":["plural","value"],"_":{"zero":"dit jaar","one":"vorig jaar","two":"{{value}} jaar geleden","few":"{{value}} jaar geleden","many":"{{value}} jaar geleden","other":"{{value}} jaar geleden"}},"minutes-until-long":{"_index":["plural","value"],"_":{"zero":"nu","one":"zo meteen","two":"over {{value}} minuten","few":"over {{value}} minuten","many":"over {{value}} minuten","other":"over {{value}} minuten"}},"hours-until-long":{"_index":["plural","value"],"_":{"zero":"nu","one":"over een uur","two":"over {{value}} uur","few":"over {{value}} uur","many":"over {{value}} uur","other":"over {{value}} uur"}},"days-until-long":{"_index":["plural","value"],"_":{"zero":"vandaag","one":"morgen","two":"over {{value}} dagen","few":"over {{value}} dagen","many":"over {{value}} dagen","other":"over {{value}} dagen"}},"weeks-until-long":{"_index":["plural","value"],"_":{"zero":"deze week","one":"volgende week","two":"over {{value}} weken","few":"over {{value}} weken","many":"over {{value}} weken","other":"over {{value}} weken"}},"months-until-long":{"_index":["plural","value"],"_":{"zero":"deze maand","one":"volgende maand","two":"over {{value}} maanden","few":"over {{value}} maanden","many":"over {{value}} maanden","other":"over {{value}} maanden"}},"years-until-long":{"_index":["plural","value"],"_":{"zero":"dit jaar","one":"volgend jaar","two":"over {{value}} jaar","few":"over {{value}} jaar","many":"over {{value}} jaar","other":"over {{value}} jaar"}},"minutes-ago-short":{"_index":["plural","value"],"_":{"zero":"zojuist","other":"{{value}}m geleden"}},"hours-ago-short":{"_index":["plural","value"],"_":{"zero":"zojuist","other":"{{value}}h geleden"}},"days-ago-short":{"_index":["plural","value"],"_":{"zero":"vandaag","other":"{{value}}d geleden"}},"minutes-until-short":{"_index":["plural","value"],"_":{"zero":"nu","other":"over {{value}}m"}},"hours-until-short":{"_index":["plural","value"],"_":{"zero":"nu","other":"over {{value}}h"}},"days-until-short":{"_index":["plural","value"],"_":{"zero":"vandaag","other":"over {{value}}d"}},"incorrectDate":"(onjuiste datum)","dateTimeFormat_%c":"%a %e %b %Y %H:%M:%S","dateTimeFormat_%x":"%d-%m-%Y","dateTimeFormat_%X":"%H:%M:%S","shortTimeFormat":"%H:%M","shortDateTimeFormat":"%x %H:%M","weekStartsOnMonday":"1","time_am":"AM","time_pm":"PM"}