{"back":"ਪਿੱਛੇ","save":"ਸੰਭਾਲੋ","hide":"ਓਹਲੇ","cancel":"ਰੱਦ ਕਰੋ","confirm":"ਪੁਸ਼ਟੀ","done":"ਮੁਕੰਮਲ","events":"ਘਟਨਾਵਾਂ","edit":"ਸੋਧ","allday-events":"ਸਾਰਾ ਦਿਨ ਸਮਾਗਮ","no-events":"ਕੋਈ ਸਮਾਗਮ ਨਹੀਂ","hint-swipe-action":"ਘਸਾਓ","hint-swipe-to-navigate":"ਕੈਲੰਡਰ ਮਿਤੀਆਂ ਵਿੱਚ ਜਾਣ ਲਈ।","show-today":"ਅੱਜ","show-month-view":"ਮਹੀਨਾ","show-week-view":"ਹਫ਼ਤਾ","show-day-view":"ਦਿਨ","settings-show":"ਸੈਟਿੰਗ","settings-hide":"ਸੈਟਿੰਗ ਓਹਲੇ","add-account":"ਖਾਤਾ ਜੋੜੋ","new-event":"ਘਟਨਾ ਜੋੜੋ","view-event-header":"ਸਮਾਗਮ","new-event-header":"ਸਮਾਗਮ ਜੋੜੋ","edit-event-header":"ਸਮਾਗਮ ਸੋਧੋ","account-header":"ਖਾਤਾ","account-list-header":"ਖਾਤੇ","advanced-settings-short":"ਸੈਟਿੰਗ","advanced-settings-header":"ਕੈਲੰਡਰ ਸੈਟਿੰਗ","advanced-settings-personalization":"ਨਿੱਜੀ","advanced-settings-reminders":"ਰੀਮਾਈਡਰ","advanced-settings-add-account":"ਖਾਤਾ ਜੋੜੋ","field-user":{"placeholder":"ਯੂਜ਼ਰ ਨਾਂ"},"field-password":{"placeholder":"ਪਾਸਵਰਡ"},"field-full-url":{"placeholder":"URL"},"modify-account-setting-up":"ਤੁਹਾਡੇ ਖਾਤੇ ਨੂੰ ਸੈਟਅੱਪ ਹੋਣ ਤੱਕ ਉਡੀਕੋ ਜੀ","modify-account-unable-to-sync":"ਸਿੰਕ ਕਰਨ ਅਸਮਰੱਥ","modify-account-sign-in":"ਸਾਇਨ ਇਨ","preset-caldav":"CalDav","preset-yahoo":"Yahoo!","preset-google":"Google","preset-local":"ਆਫਲਾਈਨ ਕੈਲੰਡਰ","preset-mozilla":"ਮੋਜ਼ੀਲਾ Zimbra","calendar-local":"ਆਫਲਾਈਨ ਕੈਲੰਡਰ","event-title":{"placeholder":"ਨਾਂ"},"event-location":{"placeholder":"ਕਿੱਥੇ?"},"event-description":{"placeholder":"ਸੂਚਨਾ"},"event-is-allday":"ਸਾਰੇ ਦਿਨ ਦਾ ਸਮਾਗਮ?","event-start-date":{"placeholder":"ਸ਼ੁਰੂ ਮਿਤੀ"},"event-end-date":{"placeholder":"ਅੰਤ ਮਿਤੀ"},"event-start-time":{"placeholder":"ਸ਼ੁਰੂ ਸਮਾਂ"},"event-end-time":{"placeholder":"ਅੰਤ ਸਮਾਂ"},"event-delete":"ਸਮਾਗਮ ਹਟਾਓ","remove-account-data":"ਲੋਕਲ ਡਾਟਾ ਹਟਾਓ","remove-account-dialog":"ਖਾਤਾ ਹਟਾਉ","remove-account-dialog-details":"ਇਸ ਖਾਤੇ ਨੂੰ ਹਟਾਉਣ ਨਾਲ ਸੰਬੰਧਿਤ ਕੈਲੰਡਰ ਤੇ ਸਮਾਗਮ ਦੀ ਤੁਹਾਡੀ ਲੋਕਲ ਕਾਪੀ ਵੀ ਹਟਾਈ ਜਾਵੇਗੀ।","drawer-sync-button":"ਸਿੰਕ ","sync-frequency":"ਕੈਲੰਡਰ ਸਿੰਕ ਕਰੋ","sync-frequency-15min":{"textContent":"15 ਮਿੰਟ"},"sync-frequency-30min":{"textContent":"30 ਮਿੰਟ"},"sync-frequency-manual":{"textContent":"ਦਸਤੀ"},"one-day-duration":"{{startDate}}<br>ਤੋਂ {{startTime}} {{endTime}} ਤੱਕ","multiple-day-duration":"{{startTime}} {{startDate}}ਤੋਂ<br> {{endTime}} {{endDate}} ਤੱਕ","one-all-day-duration":"ਸਾਰਾ ਦਿਨ<br>{{startDate}}","multiple-all-day-duration":"ਸਾਰਾ ਦਿਨ {{startDate}}ਤੋਂ<br> {{endDate}} ਤੱਕ","none":"ਕੋਈ ਨਹੀਂ","reminder":"Reminder:","remind-me":"ਮੈਨੂੰ ਯਾਦ ਕਰਵਾਉ","alarm-at-event-standard":"ਸਮਾਗਮ ਦੇ ਸਮੇਂ","alarm-at-event-allday":"ਸਮਾਗਮ ਦੇ ਦਿਨ","alarm-start-notice":"{{title}} ਸ਼ੁਰੂ ਹੋ ਰਿਹਾ ਹੈ {{distance}}","alarm-started-notice":"{{title}} ਸ਼ੁਰੂ ਹੋਇਆ {{distance}}","minutes-before":{"_index":["plural","value"],"_":{"zero":"0 ਮਿੰਟ ਪਹਿਲਾਂ","one":"1 ਮਿੰਟ ਪਹਿਲਾਂ","two":"{{value}} ਮਿੰਟ ਪਹਿਲਾਂ","few":"{{value}} ਮਿੰਟ ਪਹਿਲਾਂ","many":"{{value}} ਮਿੰਟ ਪਹਿਲਾਂ","other":"{{value}} ਮਿੰਟ ਪਹਿਲਾਂ"}},"hours-before":{"_index":["plural","value"],"_":{"zero":"0 ਘੰਟੇ ਪਹਿਲਾਂ","one":"1 ਘੰਟਾ ਪਹਿਲਾਂ","two":"{{value}} ਘੰਟੇ ਪਹਿਲਾਂ","few":"{{value}} ਘੰਟੇ ਪਹਿਲਾਂ","many":"{{value}} ਘੰਟੇ ਪਹਿਲਾਂ","other":"{{value}} ਘੰਟੇ ਪਹਿਲਾਂ"}},"days-before":{"_index":["plural","value"],"_":{"zero":"0 ਦਿਨ ਪਹਿਲਾਂ","one":"1 ਦਿਨ ਪਹਿਲਾਂ","two":"{{value}} ਦਿਨ ਪਹਿਲਾਂ","few":"{{value}} ਦਿਨ ਪਹਿਲਾਂ","many":"{{value}} ਦਿਨ ਪਹਿਲਾਂ","other":"{{value}} ਦਿਨ ਪਹਿਲਾਂ"}},"weeks-before":{"_index":["plural","value"],"_":{"zero":"0 ਹਫ਼ਤੇ ਪਹਿਲਾਂ","one":"1 ਹਫ਼ਤਾ ਪਹਿਲਾਂ","two":"{{value}} ਹਫ਼ਤੇ ਪਹਿਲਾਂ","few":"{{value}} ਹਫ਼ਤੇ ਪਹਿਲਾਂ","many":"{{value}} ਹਫ਼ਤੇ ਪਹਿਲਾਂ","other":"{{value}} ਹਫ਼ਤੇ ਪਹਿਲਾਂ"}},"months-before":{"_index":["plural","value"],"_":{"zero":"0 ਮਹੀਨੇ ਪਹਿਲਾਂ","one":"1 ਮਹੀਨੇ ਪਹਿਲਾਂ","two":"{{value}} ਮਹੀਨੇ ਪਹਿਲਾਂ","few":"{{value}} ਮਹੀਨੇ ਪਹਿਲਾਂ","many":"{{value}} ਮਹੀਨੇ ਪਹਿਲਾਂ","other":"{{value}} ਮਹੀਨੇ ਪਹਿਲਾਂ"}},"years-before":{"_index":["plural","value"],"_":{"zero":"0 ਸਾਲ ਪਹਿਲਾਂ","one":"1 ਸਾਲ ਪਹਿਲਾਂ","two":"{{value}} ਸਾਲ ਪਹਿਲਾਂ","few":"{{value}} ਸਾਲ ਪਹਿਲਾਂ","many":"{{value}} ਸਾਲ ਪਹਿਲਾਂ","other":"{{value}} ਸਾਲ ਪਹਿਲਾਂ"}},"minutes-after":{"_index":["plural","value"],"_":{"zero":"0 ਮਿੰਟ ਬਾਅਦ","one":"1 ਮਿੰਟ ਬਾਅਦ","two":"{{value}} ਮਿੰਟ ਬਾਅਦ","few":"{{value}} ਮਿੰਟ ਬਾਅਦ","many":"{{value}} ਮਿੰਟ ਬਾਅਦ","other":"{{value}} ਮਿੰਟ ਬਾਅਦ"}},"hours-after":{"_index":["plural","value"],"_":{"zero":"0 ਘੰਟੇ ਬਾਅਦ","one":"1 ਘੰਟੇ ਬਾਅਦ","two":"{{value}} ਘੰਟੇ ਬਾਅਦ","few":"{{value}} ਘੰਟੇ ਬਾਅਦ","many":"{{value}} ਘੰਟੇ ਬਾਅਦ","other":"{{value}} ਘੰਟੇ ਬਾਅਦ"}},"days-after":{"_index":["plural","value"],"_":{"zero":"0 ਦਿਨ ਬਾਅਦ","one":"1 ਦਿਨ ਬਾਅਦ","two":"{{value}} ਦਿਨ ਬਾਅਦ","few":"{{value}} ਦਿਨ ਬਾਅਦ","many":"{{value}} ਦਿਨ ਬਾਅਦ","other":"{{value}} ਦਿਨ ਬਾਅਦ"}},"weeks-after":{"_index":["plural","value"],"_":{"zero":"0 ਹਫ਼ਤੇ ਬਾਅਦ","one":"1 ਹਫ਼ਤੇ ਬਾਅਦ","two":"{{value}} ਹਫ਼ਤੇ ਬਾਅਦ","few":"{{value}} ਹਫ਼ਤੇ ਬਾਅਦ","many":"{{value}} ਹਫ਼ਤੇ ਬਾਅਦ","other":"{{value}} ਹਫ਼ਤੇ ਬਾਅਦ"}},"months-after":{"_index":["plural","value"],"_":{"zero":"0 ਮਹੀਨੇ ਬਾਅਦ","one":"1 ਮਹੀਨੇ ਬਾਅਦ","two":"{{value}} ਮਹੀਨੇ ਬਾਅਦ","few":"{{value}} ਮਹੀਨੇ ਬਾਅਦ","many":"{{value}} ਮਹੀਨੇ ਬਾਅਦ","other":"{{value}} ਮਹੀਨੇ ਬਾਅਦ"}},"years-after":{"_index":["plural","value"],"_":{"zero":"0 ਸਾਲ ਬਾਅਦ","one":"1 ਸਾਲ ਬਾਅਦ","two":"{{value}} ਸਾਲ ਬਾਅਦ","few":"{{value}} ਸਾਲ ਬਾਅਦ","many":"{{value}} ਸਾਲ ਬਾਅਦ","other":"{{value}} ਸਾਲ ਬਾਅਦ"}},"hour-format":"%I %p","hour-allday":"ਸਾਰਾ ਦਿਨ","current-time":"%I:%M","multi-month-view-header-format":"%b %Y","day-view-header-format":"%b %e, %A","months-day-view-header-format":"%A, %b %e","longDateFormat":"%A, %B %d, %Y","error-start-after-end":"ਅੰਤ ਮਿਤੀ ਸ਼ੁਰੂ ਮਿਤੀ ਦੇ ਬਾਅਦ ਹੋਣੀ ਚਾਹੀਦੀ ਹੈ","error-unauthenticated":"ਗਲਤ ਲਾਗਇਨ ਅਤੇ/ਜਾਂ ਪਾਸਵਰਡ","error-internal-server-error":"ਸਰਵਰ ਗਲਤੀ। ਆਪਣਾ ਲਾਗਇਨ ਜਾਂਚ ਤੇ ਫੇਰ ਕੋਸ਼ਿਸ਼ ਕਰੋ","error-default":"ਕੁਝ ਗਲਤ ਹੋ ਗਿਆ ਹੈ। ਬਾਅਦ ਵਿੱਚ ਫੇਰ ਕੋਸ਼ਿਸ਼ ਕਰੋ।","error-offline":"ਕੋਈ ਕੁਨੈਕਸ਼ਨ ਨਹੀਂ। ਆਪਣੀ ਨੈੱਟਵਰਕ ਸੰਰਚਨਾ ਦੀ ਜਾਂਚ ਕਰੋ ਅਤੇ ਫੇਰ ਕੋਸ਼ਿਸ਼ ਕਰੋ।","error-account-exist":"ਇਹ ਖਾਤਾ ਪਹਿਲਾਂ ਹੀ ਮੌਜੂਦ ਹੈ।","notification-error-sync-title":"ਕੈਲੰਡਰ ਸਿੰਕ ਗਲਤੀ","notification-error-sync-description":"ਹੋਰ ਜਾਣਕਾਰੀ ਲਈ ਛੂਹੋ","weekday-0-single-char":"S","weekday-1-single-char":"M","weekday-2-single-char":"T","weekday-3-single-char":"W","weekday-4-single-char":"T","weekday-5-single-char":"F","weekday-6-single-char":"S","weekday-0-long":"ਐਤਵਾਰ","weekday-1-long":"ਸੋਮਵਾਰ","weekday-2-long":"ਮੰਗਲਵਾਰ","weekday-3-long":"ਬੁੱਧਵਾਰ","weekday-4-long":"ਵੀਰਵਾਰ","weekday-5-long":"ਸ਼ੁੱਕਰਵਾਰ","weekday-6-long":"ਸ਼ਨਿੱਚਰਵਾਰ","weekday-0-short":"ਐਤ","weekday-1-short":"ਸੋਮ","weekday-2-short":"ਮੰਗਲ","weekday-3-short":"ਬੁੱਧ","weekday-4-short":"ਵੀਰ","weekday-5-short":"ਸ਼ੁੱਕਰ","weekday-6-short":"ਸ਼ਨਿੱ","month-0-long":"ਜਨਵਰੀ","month-1-long":"ਫਰਵਰੀ","month-2-long":"ਮਾਰਚ","month-3-long":"ਅਪਰੈਲ","month-4-long":"ਮਈ","month-5-long":"ਜੂਨ","month-6-long":"ਜੁਲਾਈ","month-7-long":"ਅਗਸਤ","month-8-long":"ਸਤੰਬਰ","month-9-long":"ਅਕਤੂਬਰ","month-10-long":"ਨਵੰਬਰ","month-11-long":"ਦਸੰਬਰ","month-0-genitive":"ਜਨਵਰੀ","month-1-genitive":"ਫਰਵਰੀ","month-2-genitive":"ਮਾਰਚ","month-3-genitive":"ਅਪਰੈਲ","month-4-genitive":"ਮਈ","month-5-genitive":"ਜੂਨ","month-6-genitive":"ਜੁਲਾਈ","month-7-genitive":"ਅਗਸਤ","month-8-genitive":"ਸਤੰਬਰ","month-9-genitive":"ਅਕਤੂਬਰ","month-10-genitive":"ਨਵੰਬਰ","month-11-genitive":"ਦਸੰਬਰ","month-0-short":"ਜਨ","month-1-short":"ਫਰ","month-2-short":"ਮਾਰ","month-3-short":"ਅਪ","month-4-short":"ਮਈ","month-5-short":"ਜੂਨ","month-6-short":"ਜੁਲਾ","month-7-short":"ਅਗ","month-8-short":"ਸਤੰ","month-9-short":"ਅਕਤੂ","month-10-short":"ਨਵੰ","month-11-short":"ਦਸੰ","minutes-ago-long":{"_index":["plural","value"],"_":{"zero":"ਹੁਣੇ ਹੀਂ","one":"ਮਿੰਟ ਕੁ ਪਹਿਲਾਂ","two":"{{value}} ਮਿੰਟ ਪਹਿਲਾਂ","few":"{{value}} ਮਿੰਟ ਪਹਿਲਾਂ","many":"{{value}} ਮਿੰਟ ਪਹਿਲਾਂ","other":"{{value}}  ਮਿੰਟ ਪਹਿਲਾਂ"}},"hours-ago-long":{"_index":["plural","value"],"_":{"zero":"ਹੁਣੇ ਹੀ","one":"ਘੰਟਾ ਪਹਿਲਾਂ","two":"{{value}} ਘੰਟੇ ਪਹਿਲਾਂ","few":"{{value}} ਘੰਟੇ ਪਹਿਲਾਂ","many":"{{value}} ਘੰਟੇ ਪਹਿਲਾਂ","other":"{{value}} ਘੰਟੇ ਪਹਿਲਾਂ"}},"days-ago-long":{"_index":["plural","value"],"_":{"zero":"ਅੱਜ","one":"ਕੱਲ੍ਹ","two":"{{value}} ਦਿਨ ਪਹਿਲਾਂ","few":"{{value}} ਦਿਨ ਪਹਿਲਾਂ","many":"{{value}} ਦਿਨ ਪਹਿਲਾਂ","other":"{{value}} ਦਿਨ ਪਹਿਲਾਂ"}},"weeks-ago-long":{"_index":["plural","value"],"_":{"zero":"ਇਹ ਹਫ਼ਤੇ","one":"ਪਿਛਲੇ ਹਫ਼ਤੇ","two":"{{value}} ਹਫ਼ਤੇ ਪਹਿਲਾਂ","few":"{{value}} ਹਫ਼ਤੇ ਪਹਿਲਾਂ","many":"{{value}} ਹਫ਼ਤੇ ਪਹਿਲਾਂ","other":"{{value}} ਹਫ਼ਤੇ ਪਹਿਲਾਂ"}},"months-ago-long":{"_index":["plural","value"],"_":{"zero":"ਇਹ ਮਹੀਨੇ","one":"ਪਿਛਲੇ ਮਹੀਨੇ","two":"{{value}} ਮਹੀਨੇ ਪਹਿਲਾਂ","few":"{{value}} ਮਹੀਨੇ ਪਹਿਲਾਂ","many":"{{value}} ਮਹੀਨੇ ਪਹਿਲਾਂ","other":"{{value}} ਮਹੀਨੇ ਪਹਿਲਾਂ"}},"years-ago-long":{"_index":["plural","value"],"_":{"zero":"ਇਹ ਸਾਲ","one":"ਪਿਛਲੇ ਸਾਲ","two":"{{value}} ਸਾਲ ਪਹਿਲਾਂ","few":"{{value}} ਸਾਲ ਪਹਿਲਾਂ","many":"{{value}} ਸਾਲ ਪਹਿਲਾਂ","other":"{{value}} ਸਾਲ ਪਹਿਲਾਂ"}},"minutes-until-long":{"_index":["plural","value"],"_":{"zero":"ਹੁਣ","one":"ਮਿੰਟ ਵਿੱਚ","two":"{{value}} ਮਿੰਟਾਂ ਵਿੱਚ","few":"{{value}} ਮਿੰਟਾਂ ਵਿੱਚ","many":"{{value}} ਮਿੰਟਾਂ ਵਿੱਚ","other":"{{value}} ਮਿੰਟਾਂ ਵਿੱਚ"}},"hours-until-long":{"_index":["plural","value"],"_":{"zero":"ਹੁਣ","one":"ਇੱਕ ਘੰਟੇ ਵਿੱਚ","two":"{{value}} ਘੰਟਿਆਂ ਵਿੱਚ","few":"{{value}} ਘੰਟਿਆਂ ਵਿੱਚ","many":"{{value}} ਘੰਟਿਆਂ ਵਿੱਚ","other":"{{value}} ਘੰਟਿਆਂ ਵਿੱਚ"}},"days-until-long":{"_index":["plural","value"],"_":{"zero":"ਅੱਜ","one":"ਭਲਕੇ","two":"{{value}} ਦਿਨਾਂ ਵਿੱਚ","few":"{{value}} ਦਿਨਾਂ ਵਿੱਚ","many":"{{value}} ਦਿਨਾਂ ਵਿੱਚ","other":"{{value}} ਦਿਨਾਂ ਵਿੱਚ"}},"weeks-until-long":{"_index":["plural","value"],"_":{"zero":"ਇਸ ਹਫ਼ਤੇ","one":"ਅਗਲੇ ਹਫ਼ਤੇ","two":"{{value}} ਹਫ਼ਤਿਆਂ ਵਿੱਚ","few":"{{value}} ਹਫ਼ਤਿਆਂ ਵਿੱਚ","many":"{{value}} ਹਫ਼ਤਿਆਂ ਵਿੱਚ","other":"{{value}} ਹਫ਼ਤਿਆਂ ਵਿੱਚ"}},"months-until-long":{"_index":["plural","value"],"_":{"zero":"ਇਸ ਮਹੀਨੇ","one":"ਅਗਲੇ ਮਹੀਨੇ","two":"{{value}} ਮਹੀਨਿਆਂ ਵਿੱਚ","few":"{{value}} ਮਹੀਨਿਆਂ ਵਿੱਚ","many":"{{value}} ਮਹੀਨਿਆਂ ਵਿੱਚ","other":"{{value}} ਮਹੀਨਿਆਂ ਵਿੱਚ"}},"years-until-long":{"_index":["plural","value"],"_":{"zero":"ਇਸ ਸਾਲ","one":"ਅਗਲੇ ਸਾਲ","two":"{{value}} ਸਾਲਾਂ ਵਿੱਚ","few":"{{value}} ਸਾਲਾਂ ਵਿੱਚ","many":"{{value}} ਸਾਲਾਂ ਵਿੱਚ","other":"{{value}} ਸਾਲਾਂ ਵਿੱਚ"}},"minutes-ago-short":{"_index":["plural","value"],"_":{"zero":"ਹੁਣੇ ਹੀ","other":"{{value}}ਮਿੰ ਪਹਿਲਾਂ"}},"hours-ago-short":{"_index":["plural","value"],"_":{"zero":"ਹੁਣੇ ਹੀਂ","other":"{{value}}ਘੰ ਪਹਿਲਾਂ"}},"days-ago-short":{"_index":["plural","value"],"_":{"zero":"ਅੱਜ","other":"{{value}}ਦਿ ਪਹਿਲਾਂ"}},"minutes-until-short":{"_index":["plural","value"],"_":{"zero":"ਹੁਣ","other":"{{value}}ਮਿੰ ਵਿੱਚ"}},"hours-until-short":{"_index":["plural","value"],"_":{"zero":"ਹੁਣ","other":"{{value}}ਘੰ ਵਿੱਚ"}},"days-until-short":{"_index":["plural","value"],"_":{"zero":"ਅੱਜ","other":"{{value}}ਦਿ ਵਿੱਚ"}},"incorrectDate":"(ਗਲਤ ਮਿਤੀ)","dateTimeFormat_%c":"%a %e %b  %Y %I:%M:%S %p","dateTimeFormat_%x":"%d/%m/%Y","dateTimeFormat_%X":"%I:%M:%S %p","shortTimeFormat":"%I:%M %p","shortDateTimeFormat":"%x %I:%M %p","weekStartsOnMonday":"1","time_am":"ਸਵੇਰੇ","time_pm":"ਸ਼ਾਮ"}