{"back":"Voltar","save":"Salvar","hide":"Ocultar","cancel":"Cancelar","confirm":"Confirmar","done":"Concluído","events":"Eventos","edit":"Editar","allday-events":"Eventos de dia todo","no-events":"Nenhum evento","hint-swipe-action":"Arraste","hint-swipe-to-navigate":"para navegar entre datas.","show-today":"Hoje","show-month-view":"Mês","show-week-view":"Semana","show-day-view":"Dia","settings-show":"Configurações","settings-hide":"Ocultar configurações","add-account":"Adicionar uma conta","new-event":"Adicionar evento","view-event-header":"Evento","new-event-header":"Adicionar evento","edit-event-header":"Editar evento","account-header":"Conta","account-list-header":"Contas","advanced-settings-short":"Configurações","advanced-settings-header":"Configurações do calendário","advanced-settings-personalization":"Personalização","advanced-settings-reminders":"Lembretes","advanced-settings-add-account":"Adicionar conta","field-user":{"placeholder":"Nome de usuário"},"field-password":{"placeholder":"Senha"},"field-full-url":{"placeholder":"URL"},"modify-account-setting-up":"Por favor, aguarde enquanto sua conta é configurada","modify-account-unable-to-sync":"Não foi possível sincronizar","modify-account-sign-in":"Identificar-me","preset-caldav":"CalDav","preset-yahoo":"Yahoo!","preset-google":"Google","preset-local":"Calendário off-line","preset-mozilla":"Mozilla Zimbra","calendar-local":"Calendário off-line","event-title":{"placeholder":"Título"},"event-location":{"placeholder":"Onde?"},"event-description":{"placeholder":"Observações"},"event-is-allday":"O evento dura o dia todo?","event-start-date":{"placeholder":"Data de início"},"event-end-date":{"placeholder":"Data de término"},"event-start-time":{"placeholder":"Hora de início"},"event-end-time":{"placeholder":"Hora de término"},"event-delete":"Apagar evento","remove-account-data":"Apagar dados locais","remove-account-dialog":"Apagar conta","remove-account-dialog-details":"Apagar essa conta também apagará sua cópia local de calendários e eventos associados.","drawer-sync-button":"Sincronizar","sync-frequency":"Sincronizar","sync-frequency-15min":{"textContent":"A cada 15min"},"sync-frequency-30min":{"textContent":"A cada 30min"},"sync-frequency-manual":{"textContent":"Manualmente"},"one-day-duration":"{{startDate}}<br>de {{startTime}} a {{endTime}}","multiple-day-duration":"De {{startDate}} {{startTime}}<br>a {{endDate}} {{endTime}}","one-all-day-duration":"Dia inteiro<br>{{startDate}}","multiple-all-day-duration":"Todo dia de {{startDate}}<br>a {{endDate}}","none":"Nenhum","reminder":"Lembrete:","remind-me":"Lembrar-me","alarm-at-event-standard":"Na hora do evento","alarm-at-event-allday":"No dia do evento","alarm-start-notice":"{{title}} começa em {{distance}}","alarm-started-notice":"{{title}} começou a {{distance}}","minutes-before":{"_index":["plural","value"],"_":{"zero":"0 minutos antes","one":"1 minuto antes","two":"{{value}} minutos antes","few":"{{value}} minutos antes","many":"{{value}} minutos antes","other":"{{value}} minutos antes"}},"hours-before":{"_index":["plural","value"],"_":{"zero":"0 horas antes","one":"1 hora antes","two":"{{value}} horas antes","few":"{{value}} horas antes","many":"{{value}} horas antes","other":"{{value}} horas antes"}},"days-before":{"_index":["plural","value"],"_":{"zero":"0 dias antes","one":"1 dia antes","two":"{{value}} dias antes","few":"{{value}} dias antes","many":"{{value}} dias antes","other":"{{value}} dias antes"}},"weeks-before":{"_index":["plural","value"],"_":{"zero":"0 semanas antes","one":"1 semana antes","two":"{{value}} semanas antes","few":"{{value}} semanas antes","many":"{{value}} semanas antes","other":"{{value}} semanas antes"}},"months-before":{"_index":["plural","value"],"_":{"zero":"0 meses antes","one":"1 mês antes","two":"{{value}} meses antes","few":"{{value}} meses antes","many":"{{value}} meses antes","other":"{{value}} meses antes"}},"years-before":{"_index":["plural","value"],"_":{"zero":"0 anos antes","one":"1 ano antes","two":"{{value}} anos antes","few":"{{value}} anos antes","many":"{{value}} anos antes","other":"{{value}} anos antes"}},"minutes-after":{"_index":["plural","value"],"_":{"zero":"0 minutos depois","one":"1 minuto depois","two":"{{value}} minutos depois","few":"{{value}} minutos depois","many":"{{value}} minutos depois","other":"{{value}} minutos depois"}},"hours-after":{"_index":["plural","value"],"_":{"zero":"0 horas depois","one":"1 hora depois","two":"{{value}} horas depois","few":"{{value}} horas depois","many":"{{value}} horas depois","other":"{{value}} horas depois"}},"days-after":{"_index":["plural","value"],"_":{"zero":"0 dias depois","one":"1 dia depois","two":"{{value}} dias depois","few":"{{value}} dias depois","many":"{{value}} dias depois","other":"{{value}} dias depois"}},"weeks-after":{"_index":["plural","value"],"_":{"zero":"0 semanas depois","one":"1 semana depois","two":"{{value}} semanas depois","few":"{{value}} semanas depois","many":"{{value}} semanas depois","other":"{{value}} semanas depois"}},"months-after":{"_index":["plural","value"],"_":{"zero":"0 meses depois","one":"1 mês depois","two":"{{value}} meses depois","few":"{{value}} meses depois","many":"{{value}} meses depois","other":"{{value}} meses depois"}},"years-after":{"_index":["plural","value"],"_":{"zero":"0 anos depois","one":"1 ano depois","two":"{{value}} anos depois","few":"{{value}} anos depois","many":"{{value}} anos depois","other":"{{value}} anos depois"}},"hour-format":"%H","hour-allday":"Dia todo","current-time":"%H:%M","multi-month-view-header-format":"%b %Y","day-view-header-format":"%a, %e de %B","months-day-view-header-format":"%A, %e de %B","longDateFormat":"%A, %e de %B, %Y","error-start-after-end":"A data de término deve vir após a data de início","error-unauthenticated":"Usuário e/ou senha incorreto","error-internal-server-error":"Erro do servidor. Verifique suas informações e tente novamente.","error-default":"Algo está errado. Tente novamente.","error-offline":"Sem conexão. Verifique sua conexão e tente novamente.","error-account-exist":"Essa conta já existe.","notification-error-sync-title":"Erro ao sincronizar calendário","notification-error-sync-description":"Toque para mais informações","weekday-0-single-char":"S","weekday-1-single-char":"M","weekday-2-single-char":"T","weekday-3-single-char":"W","weekday-4-single-char":"T","weekday-5-single-char":"F","weekday-6-single-char":"S","weekday-0-long":"Domingo","weekday-1-long":"Segunda-feira","weekday-2-long":"Terça-feira","weekday-3-long":"Quarta-feira","weekday-4-long":"Quinta-feira","weekday-5-long":"Sexta-feira","weekday-6-long":"Sábado","weekday-0-short":"Dom","weekday-1-short":"Seg","weekday-2-short":"Ter","weekday-3-short":"Qua","weekday-4-short":"Qui","weekday-5-short":"Sex","weekday-6-short":"Sáb","month-0-long":"Janeiro","month-1-long":"Fevereiro","month-2-long":"Março","month-3-long":"Abril","month-4-long":"Maio","month-5-long":"Junho","month-6-long":"Julho","month-7-long":"Agosto","month-8-long":"Setembro","month-9-long":"Outubro","month-10-long":"Novembro","month-11-long":"Dezembro","month-0-genitive":"Janeiro","month-1-genitive":"Fevereiro","month-2-genitive":"Março","month-3-genitive":"Abril","month-4-genitive":"Maio","month-5-genitive":"Junho","month-6-genitive":"Julho","month-7-genitive":"Agosto","month-8-genitive":"Setembro","month-9-genitive":"Outubro","month-10-genitive":"Novembro","month-11-genitive":"Dezembro","month-0-short":"Jan","month-1-short":"Fev","month-2-short":"Mar","month-3-short":"Abr","month-4-short":"Mai","month-5-short":"Jun","month-6-short":"Jul","month-7-short":"Ago","month-8-short":"Set","month-9-short":"Out","month-10-short":"Nov","month-11-short":"Dez","minutes-ago-long":{"_index":["plural","value"],"_":{"zero":"há pouco","one":"um minuto atrás","two":"{{value}} minutos atrás","few":"{{value}} minutos atrás","many":"{{value}} minutos atrás","other":"{{value}} minutos atrás"}},"hours-ago-long":{"_index":["plural","value"],"_":{"zero":"há pouco","one":"uma hora atrás","two":"{{value}} horas atrás","few":"{{value}} horas atrás","many":"{{value}} horas atrás","other":"{{value}} horas atrás"}},"days-ago-long":{"_index":["plural","value"],"_":{"zero":"hoje","one":"ontem","two":"{{value}} dias atrás","few":"{{value}} dias atrás","many":"{{value}} dias atrás","other":"{{value}} dias atrás"}},"weeks-ago-long":{"_index":["plural","value"],"_":{"zero":"esta semana","one":"semana passada","two":"{{value}} semanas atrás","few":"{{value}} semanas atrás","many":"{{value}} semanas atrás","other":"{{value}} semanas atrás"}},"months-ago-long":{"_index":["plural","value"],"_":{"zero":"este mês","one":"mês passado","two":"{{value}} meses atrás","few":"{{value}} meses atrás","many":"{{value}} meses atrás","other":"{{value}} meses atrás"}},"years-ago-long":{"_index":["plural","value"],"_":{"zero":"este ano","one":"ano passado","two":"{{value}} anos atrás","few":"{{value}} anos atrás","many":"{{value}} anos atrás","other":"{{value}} anos atrás"}},"minutes-until-long":{"_index":["plural","value"],"_":{"zero":"agora","one":"em um minuto","two":"em {{value}} minutos","few":"em {{value}} minutos","many":"em {{value}} minutos","other":"em {{value}} minutos"}},"hours-until-long":{"_index":["plural","value"],"_":{"zero":"agora","one":"em uma hora","two":"em {{value}} horas","few":"em {{value}} horas","many":"em {{value}} horas","other":"em {{value}} horas"}},"days-until-long":{"_index":["plural","value"],"_":{"zero":"hoje","one":"amanhã","two":"em {{value}} dias","few":"em {{value}} dias","many":"em {{value}} dias","other":"em {{value}} dias"}},"weeks-until-long":{"_index":["plural","value"],"_":{"zero":"esta semana","one":"semana que vem","two":"em {{value}} semanas","few":"em {{value}} semanas","many":"em {{value}} semanas","other":"em {{value}} semanas"}},"months-until-long":{"_index":["plural","value"],"_":{"zero":"este mês","one":"mês que vem","two":"em {{value}} meses","few":"em {{value}} meses","many":"em {{value}} meses","other":"em {{value}} meses"}},"years-until-long":{"_index":["plural","value"],"_":{"zero":"este ano","one":"ano que vem","two":"em {{value}} anos","few":"em {{value}} anos","many":"em {{value}} anos","other":"em {{value}} anos"}},"minutes-ago-short":{"_index":["plural","value"],"_":{"zero":"há pouco","other":"{{value}}min atrás"}},"hours-ago-short":{"_index":["plural","value"],"_":{"zero":"há pouco","other":"{{value}}h atrás"}},"days-ago-short":{"_index":["plural","value"],"_":{"zero":"hoje","other":"{{value}}d atrás"}},"minutes-until-short":{"_index":["plural","value"],"_":{"zero":"agora","other":"em {{value}}min"}},"hours-until-short":{"_index":["plural","value"],"_":{"zero":"agora","other":"em {{value}}h"}},"days-until-short":{"_index":["plural","value"],"_":{"zero":"hoje","other":"em {{value}}d"}},"incorrectDate":"(data incorreta)","dateTimeFormat_%c":"%A, %e de %B de %Y %Hh %Mmin %Ss","dateTimeFormat_%x":"%d/%m/%Y","dateTimeFormat_%X":"%Hh %Mmin %Ss","shortTimeFormat":"%Hh%M","shortDateTimeFormat":"%x %Hh%M","weekStartsOnMonday":"0","time_am":"AM","time_pm":"PM"}