{"back":"Înapoi","save":"Salvează","hide":"Ascunde","cancel":"Renunță","confirm":"Confirmă","done":"Gata","events":"Evenimente","edit":"Editează","allday-events":"Evenimente toată ziua","no-events":"No Events","hint-swipe-action":"Glisează","hint-swipe-to-navigate":"pentru a naviga între datele calendaristice.","show-today":"Astăzi","show-month-view":"Lună","show-week-view":"Săptămână","show-day-view":"Zi","settings-show":"Setări","settings-hide":"Ascunde setările","add-account":"Adaugă un cont","new-event":"Adaugă eveniment","view-event-header":"Event","new-event-header":"Add Event","edit-event-header":"Edit Event","account-header":"Cont","account-list-header":"Conturi","advanced-settings-short":"Settings","advanced-settings-header":"Setări pt. calendar","advanced-settings-personalization":"Personalizare","advanced-settings-reminders":"Mementouri","advanced-settings-add-account":"Add Account","field-user":{"placeholder":"Utilizator"},"field-password":{"placeholder":"Parolă"},"field-full-url":{"placeholder":"Adresă web"},"modify-account-setting-up":"Te rugăm să aștepți cât timp contul îți este configurat","modify-account-unable-to-sync":"Nu se poate sincroniza","modify-account-sign-in":"Autentificare","preset-caldav":"CalDav","preset-yahoo":"Yahoo!","preset-google":"Google","preset-local":"Calendar offline","preset-mozilla":"Mozilla Zimbra","calendar-local":"Calendar offline","event-title":{"placeholder":"Titlu"},"event-location":{"placeholder":"Unde?"},"event-description":{"placeholder":"Notițe"},"event-is-allday":"Eveniment toată ziua?","event-start-date":{"placeholder":"Data inițială"},"event-end-date":{"placeholder":"Data finală"},"event-start-time":{"placeholder":"Ora de începere"},"event-end-time":{"placeholder":"Ora de finalizare"},"event-delete":"Șterge evenimentul","remove-account-data":"Elimină datele locale","remove-account-dialog":"Elimină contul","remove-account-dialog-details":"Eliminarea acestui cont va elimina și copia locală a calendarelor și evenimentelor asociate.","drawer-sync-button":"Sync","sync-frequency":"Sincronizează calendarul","sync-frequency-15min":{"textContent":"15 min"},"sync-frequency-30min":{"textContent":"30 min"},"sync-frequency-manual":{"textContent":"Manual"},"one-day-duration":"{{startDate}}<br>from {{startTime}} to {{endTime}}","multiple-day-duration":"From {{startTime}} {{startDate}}<br>to {{endTime}} {{endDate}}","one-all-day-duration":"All day<br>{{startDate}}","multiple-all-day-duration":"All day from {{startDate}}<br>to {{endDate}}","none":"Nimic","reminder":"Reminder:","remind-me":"Adu-mi aminte","alarm-at-event-standard":"La ora evenimentului","alarm-at-event-allday":"În ziua evenimentului","alarm-start-notice":"{{title}} începe {{distance}}","alarm-started-notice":"{{title}} a început {{distance}}","minutes-before":{"_index":["plural","value"],"_":{"zero":"cu 0 minute înainte","one":"cu 1 minut înainte","two":"cu {{value}} minute înainte","few":"cu {{value}} minute înainte","many":"cu {{value}} minute înainte","other":"cu {{value}} minute înainte"}},"hours-before":{"_index":["plural","value"],"_":{"zero":"cu 0 ore înainte","one":"cu 1 oră înainte","two":"cu {{value}} ore înainte","few":"cu {{value}} ore înainte","many":"cu {{value}} ore înainte","other":"cu {{value}} ore înainte"}},"days-before":{"_index":["plural","value"],"_":{"zero":"cu 0 zile înainte","one":"cu 1 zi înainte","two":"cu {{value}} zile înainte","few":"cu {{value}} zile înainte","many":"cu {{value}} zile înainte","other":"cu {{value}} zile înainte"}},"weeks-before":{"_index":["plural","value"],"_":{"zero":"cu 0 săptămâni înainte","one":"cu 1 săptămână înainte","two":"cu {{value}} săptămâni înainte","few":"cu {{value}} săptămâni înainte","many":"cu {{value}} săptămâni înainte","other":"cu {{value}} săptămâni înainte"}},"months-before":{"_index":["plural","value"],"_":{"zero":"cu 0 luni înainte","one":"cu 1 lună înainte","two":"cu {{value}} luni înainte","few":"cu {{value}} luni înainte","many":"cu {{value}} luni înainte","other":"cu {{value}} luni înainte"}},"years-before":{"_index":["plural","value"],"_":{"zero":"cu 0 ani înainte","one":"cu 1 an înainte","two":"cu {{value}} ani înainte","few":"cu {{value}} ani înainte","many":"cu {{value}} ani înainte","other":"cu {{value}} ani înainte"}},"minutes-after":{"_index":["plural","value"],"_":{"zero":"la 0 minute după","one":"la 1 minut după","two":"la {{value}} minute după","few":"la {{value}} minute după","many":"la {{value}} minute după","other":"la {{value}} minute după"}},"hours-after":{"_index":["plural","value"],"_":{"zero":"la 0 ore după","one":"la 1 oră după","two":"la {{value}} ore după","few":"la {{value}} ore după","many":"la {{value}} ore după","other":"la {{value}} ore după"}},"days-after":{"_index":["plural","value"],"_":{"zero":"la 0 zile după","one":"la 1 zi după","two":"la {{value}} zile după","few":"la {{value}} zile după","many":"la {{value}} zile după","other":"la {{value}} zile după"}},"weeks-after":{"_index":["plural","value"],"_":{"zero":"la 0 săptămâni după","one":"la 1 săptămână după","two":"la {{value}} săptămâni după","few":"la {{value}} săptămâni după","many":"la {{value}} săptămâni după","other":"la {{value}} săptămâni după"}},"months-after":{"_index":["plural","value"],"_":{"zero":"la 0 luni după","one":"la 1 lună după","two":"la {{value}} luni după","few":"la {{value}} luni după","many":"la {{value}} luni după","other":"la {{value}} luni după"}},"years-after":{"_index":["plural","value"],"_":{"zero":"la 0 ani după","one":"la 1 an după","two":"la {{value}} ani după","few":"la {{value}} ani după","many":"la {{value}} ani după","other":"la {{value}} ani după"}},"hour-format":"%H","hour-allday":"Toată ziua","current-time":"%I:%M","multi-month-view-header-format":"%b %Y","day-view-header-format":"%A, %e %B","months-day-view-header-format":"%A, %b %e","longDateFormat":"%A, %B %d, %Y","error-start-after-end":"Data finală trebuie să fie după data inițială","error-unauthenticated":"Autentificare greșită și/sau parola","error-internal-server-error":"Eroare de server. Verifică autentificarea și reîncearcă.","error-default":"Ceva este în neregulă. Reîncearcă mai târziu.","error-offline":"Fără conexiune. Verifică configurația rețelei și reîncearcă.","error-account-exist":"Acest cont există deja.","notification-error-sync-title":"Eroare la sincronizarea calendarului","notification-error-sync-description":"Apasă pentru mai multe informații","weekday-0-single-char":"S","weekday-1-single-char":"M","weekday-2-single-char":"T","weekday-3-single-char":"W","weekday-4-single-char":"T","weekday-5-single-char":"F","weekday-6-single-char":"S","weekday-0-long":"duminică","weekday-1-long":"luni","weekday-2-long":"marți","weekday-3-long":"miercuri","weekday-4-long":"joi","weekday-5-long":"vineri","weekday-6-long":"sâmbătă","weekday-0-short":"dum","weekday-1-short":"lun","weekday-2-short":"mar","weekday-3-short":"mie","weekday-4-short":"joi","weekday-5-short":"vin","weekday-6-short":"sâm","month-0-long":"ianuarie","month-1-long":"februarie","month-2-long":"martie","month-3-long":"aprilie","month-4-long":"mai","month-5-long":"iunie","month-6-long":"iulie","month-7-long":"august","month-8-long":"septembrie","month-9-long":"octombrie","month-10-long":"noiembrie","month-11-long":"decembrie","month-0-genitive":"ianuarie","month-1-genitive":"februarie","month-2-genitive":"martie","month-3-genitive":"aprilie","month-4-genitive":"mai","month-5-genitive":"iunie","month-6-genitive":"iulie","month-7-genitive":"august","month-8-genitive":"septembrie","month-9-genitive":"octombrie","month-10-genitive":"noiembrie","month-11-genitive":"decembrie","month-0-short":"ian","month-1-short":"feb","month-2-short":"mar","month-3-short":"apr","month-4-short":"mai","month-5-short":"iun","month-6-short":"iul","month-7-short":"aug","month-8-short":"sep","month-9-short":"oct","month-10-short":"noi","month-11-short":"dec","minutes-ago-long":{"_index":["plural","value"],"_":{"zero":"chiar acum","one":"acum un minut","two":"acum {{value}} minute","few":"acum {{value}} minute","many":"acum {{value}} minute","other":"acum {{value}} minute"}},"hours-ago-long":{"_index":["plural","value"],"_":{"zero":"chiar acum","one":"acum cu o oră","two":"acum {{value}} ore","few":"acum {{value}} ore","many":"acum {{value}} ore","other":"acum {{value}} ore"}},"days-ago-long":{"_index":["plural","value"],"_":{"zero":"astăzi","one":"ieri","two":"acum {{value}} zile","few":"acum {{value}} zile","many":"acum {{value}} zile","other":"acum {{value}} zile"}},"weeks-ago-long":{"_index":["plural","value"],"_":{"zero":"săptămâna aceasta","one":"săptămâna trecută","two":"acum {{value}} săptămâni","few":"acum {{value}} săptămâni","many":"acum {{value}} săptămâni","other":"acum {{value}} săptămâni"}},"months-ago-long":{"_index":["plural","value"],"_":{"zero":"luna aceasta","one":"luna trecută","two":"acum {{value}} luni","few":"acum {{value}} luni","many":"acum {{value}} luni","other":"acum {{value}} luni"}},"years-ago-long":{"_index":["plural","value"],"_":{"zero":"anul acesta","one":"anul trecut","two":"acum {{value}} ani","few":"acum {{value}} ani","many":"acum {{value}} ani","other":"acum {{value}} ani"}},"minutes-until-long":{"_index":["plural","value"],"_":{"zero":"acum","one":"într-un minut","two":"în {{value}} minute","few":"în {{value}} minute","many":"în {{value}} minute","other":"în {{value}} minute"}},"hours-until-long":{"_index":["plural","value"],"_":{"zero":"acum","one":"într-o oră","two":"în {{value}} ore","few":"în {{value}} ore","many":"în {{value}} ore","other":"în {{value}} ore"}},"days-until-long":{"_index":["plural","value"],"_":{"zero":"astăzi","one":"mâine","two":"în {{value}} zile","few":"în {{value}} zile","many":"în {{value}} zile","other":"în {{value}} zile"}},"weeks-until-long":{"_index":["plural","value"],"_":{"zero":"săptămâna aceasta","one":"săptămâna următoare","two":"în {{value}} săptămâni","few":"în {{value}} săptămâni","many":"în {{value}} săptămâni","other":"în {{value}} săptămâni"}},"months-until-long":{"_index":["plural","value"],"_":{"zero":"luna aceasta","one":"luna următoare","two":"în {{value}} luni","few":"în {{value}} luni","many":"în {{value}} luni","other":"în {{value}} luni"}},"years-until-long":{"_index":["plural","value"],"_":{"zero":"anul acesta","one":"anul următor","two":"în {{value}} ani","few":"în {{value}} ani","many":"în {{value}} ani","other":"în {{value}} ani"}},"minutes-ago-short":{"_index":["plural","value"],"_":{"zero":"chiar acum","other":"acum {{value}} min."}},"hours-ago-short":{"_index":["plural","value"],"_":{"zero":"chiar acum","other":"acum {{value}}h"}},"days-ago-short":{"_index":["plural","value"],"_":{"zero":"astăzi","other":"acum {{value}}z"}},"minutes-until-short":{"_index":["plural","value"],"_":{"zero":"acum","other":"în {{value}}m"}},"hours-until-short":{"_index":["plural","value"],"_":{"zero":"acum","other":"în {{value}}h"}},"days-until-short":{"_index":["plural","value"],"_":{"zero":"astăzi","other":"în {{value}}z"}},"incorrectDate":"(dată incorectă)","dateTimeFormat_%c":"%a, %e %b %Y %H:%M:%S","dateTimeFormat_%x":"%d/%m/%Y","dateTimeFormat_%X":"%H:%M:%S","shortTimeFormat":"%H:%M","shortDateTimeFormat":"%x %H:%M","weekStartsOnMonday":"0","time_am":"AM","time_pm":"PM"}