{"back":"Назад","save":"Сохранить","hide":"Скрыть","cancel":"Отмена","confirm":"Подтвердить","done":"Готово","events":"События","edit":"Изменить","allday-events":"События на весь день","no-events":"Нет событий","hint-swipe-action":"Проведите пальцем","hint-swipe-to-navigate":"для перехода между календарными датами.","show-today":"Сегодня","show-month-view":"Месяц","show-week-view":"Неделя","show-day-view":"День","settings-show":"Параметры","settings-hide":"Скрыть параметры","add-account":"Добавить уч. запись","new-event":"Добавить событие","view-event-header":"Событие","new-event-header":"Добавление","edit-event-header":"Изменение","account-header":"Уч. запись","account-list-header":"Учётные записи","advanced-settings-short":"Параметры","advanced-settings-header":"Параметры","advanced-settings-personalization":"Персонализация","advanced-settings-reminders":"Напоминания","advanced-settings-add-account":"Добавить учётную запись","field-user":{"placeholder":"Имя пользователя"},"field-password":{"placeholder":"Пароль"},"field-full-url":{"placeholder":"URL"},"modify-account-setting-up":"Пожалуйста, подождите, пока идёт настройка вашей учётной записи","modify-account-unable-to-sync":"Не удалось синхронизироваться","modify-account-sign-in":"Войти","preset-caldav":"CalDav","preset-yahoo":"Yahoo!","preset-google":"Google","preset-local":"Офлайн-календарь","preset-mozilla":"Mozilla Zimbra","calendar-local":"Офлайн-календарь","event-title":{"placeholder":"Заголовок"},"event-location":{"placeholder":"Где?"},"event-description":{"placeholder":"Заметки"},"event-is-allday":"Событие на весь день?","event-start-date":{"placeholder":"Начальная дата"},"event-end-date":{"placeholder":"Конечная дата"},"event-start-time":{"placeholder":"Начальное время"},"event-end-time":{"placeholder":"Конечное время"},"event-delete":"Удалить событие","remove-account-data":"Удалить локальные данные","remove-account-dialog":"Удалить учётную запись","remove-account-dialog-details":"Удаление этой учётной записи также приведёт к удалению вашей локальной копии связанных с ней календарей и событий.","drawer-sync-button":"Синхронизация","sync-frequency":"Синхронизация календаря","sync-frequency-15min":{"textContent":"Каждые 15 минут"},"sync-frequency-30min":{"textContent":"Каждые 30 минут"},"sync-frequency-manual":{"textContent":"Вручную"},"one-day-duration":"{{startDate}}<br>с {{startTime}} до {{endTime}}","multiple-day-duration":"С {{startTime}} {{startDate}}<br>до {{endTime}} {{endDate}}","one-all-day-duration":"Весь день<br>{{startDate}}","multiple-all-day-duration":"Весь день с {{startDate}}<br>до {{endDate}}","none":"Нет","reminder":"Напоминание:","remind-me":"Напомнить мне","alarm-at-event-standard":"Во время события","alarm-at-event-allday":"В день события","alarm-start-notice":"{{title}} начинается {{distance}}","alarm-started-notice":"{{title}} началось {{distance}}","minutes-before":{"_index":["plural","value"],"_":{"zero":"За 0 минут","one":"За {{value}} минуту","two":"За {{value}} минуты","few":"За {{value}} минуты","many":"За {{value}} минут","other":"За {{value}} минут"}},"hours-before":{"_index":["plural","value"],"_":{"zero":"За 0 часов","one":"За {{value}} час","two":"За {{value}} часа","few":"За {{value}} часа","many":"За {{value}} часов","other":"За {{value}} часов"}},"days-before":{"_index":["plural","value"],"_":{"zero":"За 0 дней","one":"За {{value}} день","two":"За {{value}} дня","few":"За {{value}} дня","many":"За {{value}} дней","other":"За {{value}} дней"}},"weeks-before":{"_index":["plural","value"],"_":{"zero":"За 0 недель","one":"За {{value}} неделю","two":"За {{value}} недели","few":"За {{value}} недели","many":"За {{value}} недель","other":"За {{value}} недель"}},"months-before":{"_index":["plural","value"],"_":{"zero":"За 0 месяцев","one":"За {{value}} месяц","two":"За {{value}} месяца","few":"За {{value}} месяца","many":"За {{value}} месяцев","other":"За {{value}} месяцев"}},"years-before":{"_index":["plural","value"],"_":{"zero":"За 0 лет","one":"За {{value}} год","two":"За {{value}} года","few":"За {{value}} года","many":"За {{value}} лет","other":"За {{value}} лет"}},"minutes-after":{"_index":["plural","value"],"_":{"zero":"Через 0 минут","one":"Через {{value}} минуту","two":"Через {{value}} минуты","few":"Через {{value}} минуты","many":"Через {{value}} минут","other":"Через {{value}} минут"}},"hours-after":{"_index":["plural","value"],"_":{"zero":"Через 0 часов","one":"Через {{value}} час","two":"Через {{value}} часа","few":"Через {{value}} часа","many":"Через {{value}} часов","other":"Через {{value}} часов"}},"days-after":{"_index":["plural","value"],"_":{"zero":"Через 0 дней","one":"Через {{value}} день","two":"Через {{value}} дня","few":"Через {{value}} дня","many":"Через {{value}} дней","other":"Через {{value}} дней"}},"weeks-after":{"_index":["plural","value"],"_":{"zero":"Через 0 недель","one":"Через {{value}} неделю","two":"Через {{value}} недели","few":"Через {{value}} недели","many":"Через {{value}} недель","other":"Через {{value}} недель"}},"months-after":{"_index":["plural","value"],"_":{"zero":"Через 0 месяцев","one":"Через {{value}} месяц","two":"Через {{value}} месяца","few":"Через {{value}} месяца","many":"Через {{value}} месяцев","other":"Через {{value}} месяцев"}},"years-after":{"_index":["plural","value"],"_":{"zero":"Через 0 лет","one":"Через {{value}} год","two":"Через {{value}} года","few":"Через {{value}} года","many":"Через {{value}} лет","other":"Через {{value}} лет"}},"hour-format":"%H","hour-allday":"На день","current-time":"%H:%M","multi-month-view-header-format":"%b %Y","day-view-header-format":"%a, %e %Eb","months-day-view-header-format":"%A, %e %Eb","longDateFormat":"%A, %e %Eb %Y","error-start-after-end":"Конечная дата должна идти после начальной даты","error-unauthenticated":"Неверный логин и/или пароль","error-internal-server-error":"Ошибка сервера. Проверьте ваш логин и попробуйте снова.","error-default":"Что-то пошло не так. Попробуйте ещё раз позже.","error-offline":"Нет соединения. Проверьте вашу настройку сети и попробуйте снова.","error-account-exist":"Эта уч. запись уже существует.","notification-error-sync-title":"Ошибка синхронизации календаря","notification-error-sync-description":"Нажмите для подробностей","weekday-0-single-char":"S","weekday-1-single-char":"M","weekday-2-single-char":"T","weekday-3-single-char":"W","weekday-4-single-char":"T","weekday-5-single-char":"F","weekday-6-single-char":"S","weekday-0-long":"Воскресенье","weekday-1-long":"Понедельник","weekday-2-long":"Вторник","weekday-3-long":"Среда","weekday-4-long":"Четверг","weekday-5-long":"Пятница","weekday-6-long":"Суббота","weekday-0-short":"Вс","weekday-1-short":"Пн","weekday-2-short":"Вт","weekday-3-short":"Ср","weekday-4-short":"Чт","weekday-5-short":"Пт","weekday-6-short":"Сб","month-0-long":"Январь","month-1-long":"Февраль","month-2-long":"Март","month-3-long":"Апрель","month-4-long":"Май","month-5-long":"Июнь","month-6-long":"Июль","month-7-long":"Август","month-8-long":"Сентябрь","month-9-long":"Октябрь","month-10-long":"Ноябрь","month-11-long":"Декабрь","month-0-genitive":"января","month-1-genitive":"февраля","month-2-genitive":"марта","month-3-genitive":"апреля","month-4-genitive":"мая","month-5-genitive":"июня","month-6-genitive":"июля","month-7-genitive":"августа","month-8-genitive":"сентября","month-9-genitive":"октября","month-10-genitive":"ноября","month-11-genitive":"декабря","month-0-short":"Январь","month-1-short":"Февраль","month-2-short":"Март","month-3-short":"Апрель","month-4-short":"Май","month-5-short":"Июнь","month-6-short":"Июль","month-7-short":"Август","month-8-short":"Сентябрь","month-9-short":"Октябрь","month-10-short":"Ноябрь","month-11-short":"Декабрь","minutes-ago-long":{"_index":["plural","value"],"_":{"zero":"прямо сейчас","one":"{{value}} минуту назад","two":"{{value}} минуты назад","few":"{{value}} минуты назад","many":"{{value}} минут назад","other":"{{value}} минут назад"}},"hours-ago-long":{"_index":["plural","value"],"_":{"zero":"прямо сейчас","one":"{{value}} час назад","two":"{{value}} часа назад","few":"{{value}} часа назад","many":"{{value}} часов назад","other":"{{value}} часов назад"}},"days-ago-long":{"_index":["plural","value"],"_":{"zero":"сегодня","one":"{{value}} день назад","two":"{{value}} дня назад","few":"{{value}} дня назад","many":"{{value}} дней назад","other":"{{value}} дней назад"}},"weeks-ago-long":{"_index":["plural","value"],"_":{"zero":"эта неделя","one":"{{value}} неделя назад","two":"{{value}} недели назад","few":"{{value}} недели назад","many":"{{value}} недель назад","other":"{{value}} недель назад"}},"months-ago-long":{"_index":["plural","value"],"_":{"zero":"этот месяц","one":"{{value}} месяц назад","two":"{{value}} месяца назад","few":"{{value}} месяца назад","many":"{{value}} месяцев назад","other":"{{value}} месяцев назад"}},"years-ago-long":{"_index":["plural","value"],"_":{"zero":"этот год","one":"{{value}} год назад","two":"{{value}} года назад","few":"{{value}} года назад","many":"{{value}} лет назад","other":"{{value}} лет назад"}},"minutes-until-long":{"_index":["plural","value"],"_":{"zero":"сейчас","one":"через {{value}} минуту","two":"через {{value}} минуты","few":"через {{value}} минуты","many":"через {{value}} минут","other":"через {{value}} минут"}},"hours-until-long":{"_index":["plural","value"],"_":{"zero":"сейчас","one":"через {{value}} час","two":"через {{value}} часа","few":"через {{value}} часа","many":"через {{value}} часов","other":"через {{value}} часов"}},"days-until-long":{"_index":["plural","value"],"_":{"zero":"сегодня","one":"через {{value}} день","two":"через {{value}} дня","few":"через {{value}} дня","many":"через {{value}} дней","other":"через {{value}} дней"}},"weeks-until-long":{"_index":["plural","value"],"_":{"zero":"эта неделя","one":"через {{value}} неделю","two":"через {{value}} недели","few":"через {{value}} недели","many":"через {{value}} недель","other":"через {{value}} недель"}},"months-until-long":{"_index":["plural","value"],"_":{"zero":"этот месяц","one":"через {{value}} месяц","two":"через {{value}} месяца","few":"через {{value}} месяца","many":"через {{value}} месяцев","other":"через {{value}} месяцев"}},"years-until-long":{"_index":["plural","value"],"_":{"zero":"этот год","one":"через {{value}} год","two":"через {{value}} года","few":"через {{value}} года","many":"через {{value}} лет","other":"через {{value}} лет"}},"minutes-ago-short":{"_index":["plural","value"],"_":{"zero":"сейчас","other":"{{value}}м назад"}},"hours-ago-short":{"_index":["plural","value"],"_":{"zero":"сейчас","other":"{{value}}ч назад"}},"days-ago-short":{"_index":["plural","value"],"_":{"zero":"сегодня","other":"{{value}}д назад"}},"minutes-until-short":{"_index":["plural","value"],"_":{"zero":"сейчас","other":"через {{value}}м"}},"hours-until-short":{"_index":["plural","value"],"_":{"zero":"сейчас","other":"через {{value}}ч"}},"days-until-short":{"_index":["plural","value"],"_":{"zero":"сегодня","other":"через {{value}}д"}},"incorrectDate":"(некорректная дата)","dateTimeFormat_%c":"%a, %e %Eb %Y, %H:%M:%S","dateTimeFormat_%x":"%d.%m.%Y","dateTimeFormat_%X":"%H:%M:%S","shortTimeFormat":"%H:%M","shortDateTimeFormat":"%x %H:%M","weekStartsOnMonday":"1","time_am":"AM","time_pm":"PM"}