{"back":"Naspäť","save":"Uložiť","hide":"Skryť","cancel":"Zrušiť","confirm":"Potvrdiť","done":"Hotovo","events":"Udalosti","edit":"Upraviť","allday-events":"Celodenné udalosti","no-events":"Žiadne udalosti","hint-swipe-action":"Potiahnutím prstom","hint-swipe-to-navigate":"prechádzate medzi jednotlivými dňami kalendára.","show-today":"Dnes","show-month-view":"Mesiac","show-week-view":"Týždeň","show-day-view":"Deň","settings-show":"Nastavenia","settings-hide":"Skryť nastavenia","add-account":"Pridať účet","new-event":"Pridať udalosť","view-event-header":"Udalosť","new-event-header":"Pridanie udalosti","edit-event-header":"Úprava udalosti","account-header":"Účet","account-list-header":"Účty","advanced-settings-short":"Nastavenia","advanced-settings-header":"Nastavenia kalendára","advanced-settings-personalization":"Prispôsobenie","advanced-settings-reminders":"Pripomienky","advanced-settings-add-account":"Pridať účet","field-user":{"placeholder":"Meno používateľa"},"field-password":{"placeholder":"Heslo"},"field-full-url":{"placeholder":"Adresa URL"},"modify-account-setting-up":"Prosím, čakajte, kým váš účet bude nastavený","modify-account-unable-to-sync":"Synchronizácia zlyhala","modify-account-sign-in":"Prihlásiť","preset-caldav":"CalDav","preset-yahoo":"Yahoo!","preset-google":"Google","preset-local":"Offline kalendár","preset-mozilla":"Mozilla Zimbra","calendar-local":"Offline kalendár","event-title":{"placeholder":"Názov"},"event-location":{"placeholder":"Kde?"},"event-description":{"placeholder":"Poznámka"},"event-is-allday":"Celodenná udalosť?","event-start-date":{"placeholder":"Čas začiatku"},"event-end-date":{"placeholder":"Dátum ukončenia"},"event-start-time":{"placeholder":"Čas začiatku"},"event-end-time":{"placeholder":"Čas ukončenia"},"event-delete":"Odstrániť udalosť","remove-account-data":"Odstrániť lokálne údaje","remove-account-dialog":"Odstrániť účet","remove-account-dialog-details":"Odstránením tohto účtu bude odstránená lokálna kópia pridružených kalendárov a udalostí.","drawer-sync-button":"Synchronizovať","sync-frequency":"Synchronizácia kalendára","sync-frequency-15min":{"textContent":"15 minút"},"sync-frequency-30min":{"textContent":"30 minút"},"sync-frequency-manual":{"textContent":"Manuálne"},"one-day-duration":"{{startDate}}<br>od {{startTime}} do {{endTime}}","multiple-day-duration":"Od {{startDate}} {{startTime}}<br>do {{endDate}} {{endTime}}","one-all-day-duration":"Celý deň<br>{{startDate}}","multiple-all-day-duration":"Celý deň od {{startDate}}<br>do {{endDate}}","none":"Žiadne","reminder":"Pripomienka:","remind-me":"Pripomenúť","alarm-at-event-standard":"V čase udalosti","alarm-at-event-allday":"V deň udalosti","alarm-start-notice":"{{title}} začína {{distance}}","alarm-started-notice":"{{title}} začal {{distance}}","minutes-before":{"_index":["plural","value"],"_":{"zero":"0 minút vopred","one":"1 minútu vopred","two":"{{value}} minúty vopred","few":"{{value}} minúty vopred","many":"{{value}} minút vopred","other":"{{value}} minút vopred"}},"hours-before":{"_index":["plural","value"],"_":{"zero":"0 hodín vopred","one":"1 hodinu vopred","two":"{{value}} hodiny vopred","few":"{{value}} hodiny vopred","many":"{{value}} hodín vopred","other":"{{value}} hodín vopred"}},"days-before":{"_index":["plural","value"],"_":{"zero":"0 dní vopred","one":"1 deň vopred","two":"{{value}} dni vopred","few":"{{value}} dni vopred","many":"{{value}} dní vopred","other":"{{value}} dní vopred"}},"weeks-before":{"_index":["plural","value"],"_":{"zero":"0 týždňov vopred","one":"1 týždeň vopred","two":"{{value}} týždne vopred","few":"{{value}} týždne vopred","many":"{{value}} týždňov vopred","other":"{{value}} týždňov vopred"}},"months-before":{"_index":["plural","value"],"_":{"zero":"0 mesiacov vopred","one":"1 mesiac vopred","two":"{{value}} mesiace vopred","few":"{{value}} mesiace vopred","many":"{{value}} mesiacov vopred","other":"{{value}} mesiacov vopred"}},"years-before":{"_index":["plural","value"],"_":{"zero":"0 rokov vopred","one":"1 rok vopred","two":"{{value}} roky vopred","few":"{{value}} roky vopred","many":"{{value}} rokov vopred","other":"{{value}} rokov vopred"}},"minutes-after":{"_index":["plural","value"],"_":{"zero":"po 0 minútach","one":"po 1 minúte","two":"po {{value}} minútach","few":"po {{value}} minútach","many":"po {{value}} minútach","other":"po {{value}} minútach"}},"hours-after":{"_index":["plural","value"],"_":{"zero":"po 0 hodinách","one":"po 1 hodine","two":"po {{value}} hodinách","few":"po {{value}} hodinách","many":"po {{value}} hodinách","other":"po {{value}} hodinách"}},"days-after":{"_index":["plural","value"],"_":{"zero":"po 0 dňoch","one":"po 1 dni","two":"po {{value}} dňoch","few":"po {{value}} dňoch","many":"po {{value}} dňoch","other":"po {{value}} dňoch"}},"weeks-after":{"_index":["plural","value"],"_":{"zero":"po 0 týždňoch","one":"po 1 týždni","two":"po {{value}} týždňoch","few":"po {{value}} týždňoch","many":"po {{value}} týždňoch","other":"po {{value}} týždňoch"}},"months-after":{"_index":["plural","value"],"_":{"zero":"po 0 mesiacoch","one":"po 1 mesiaci","two":"po {{value}} mesiacoch","few":"po {{value}} mesiacoch","many":"po {{value}} mesiacoch","other":"po {{value}} mesiacoch"}},"years-after":{"_index":["plural","value"],"_":{"zero":"po 0 rokoch","one":"po 1 roku","two":"po {{value}} rokoch","few":"po {{value}} rokoch","many":"po {{value}} rokoch","other":"po {{value}} rokoch"}},"hour-format":"%H","hour-allday":"Celý deň","current-time":"%H:%M","multi-month-view-header-format":"%b %Y","day-view-header-format":"%a, %e. %Eb","months-day-view-header-format":"%A, %e. %Eb","longDateFormat":"%A, e. %Eb %Y","error-start-after-end":"Dátum ukončenia musí nasledovať až po dátume začiatku","error-unauthenticated":"Nesprávne prihlasovacie meno/heslo","error-internal-server-error":"Chyba servera. Skontrolujte vaše prihlásenie a skúste to znova.","error-default":"Niečo sa pokazilo. Skúste to znova neskôr.","error-offline":"Žiadne pripojenie. Skontrolujte nastavenie siete a skúste to znova.","error-account-exist":"Tento účet už existuje.","notification-error-sync-title":"Chyba pri synchronizácii kalendára","notification-error-sync-description":"Ťuknutím zobrazíte ďalšie informácie","weekday-0-single-char":"S","weekday-1-single-char":"M","weekday-2-single-char":"T","weekday-3-single-char":"W","weekday-4-single-char":"T","weekday-5-single-char":"F","weekday-6-single-char":"S","weekday-0-long":"Nedeľa","weekday-1-long":"Pondelok","weekday-2-long":"Utorok","weekday-3-long":"Streda","weekday-4-long":"Štvrtok","weekday-5-long":"Piatok","weekday-6-long":"Sobota","weekday-0-short":"Ne","weekday-1-short":"Po","weekday-2-short":"Ut","weekday-3-short":"St","weekday-4-short":"Št","weekday-5-short":"Pi","weekday-6-short":"So","month-0-long":"Január","month-1-long":"Február","month-2-long":"Marec","month-3-long":"Apríl","month-4-long":"Máj","month-5-long":"Jún","month-6-long":"Júl","month-7-long":"August","month-8-long":"September","month-9-long":"Október","month-10-long":"November","month-11-long":"December","month-0-genitive":"januára","month-1-genitive":"februára","month-2-genitive":"marca","month-3-genitive":"apríla","month-4-genitive":"mája","month-5-genitive":"júna","month-6-genitive":"júla","month-7-genitive":"augusta","month-8-genitive":"septembra","month-9-genitive":"októbra","month-10-genitive":"novembra","month-11-genitive":"decembra","month-0-short":"jan","month-1-short":"feb","month-2-short":"mar","month-3-short":"apr","month-4-short":"máj","month-5-short":"jún","month-6-short":"júl","month-7-short":"aug","month-8-short":"sep","month-9-short":"okt","month-10-short":"nov","month-11-short":"dec","minutes-ago-long":{"_index":["plural","value"],"_":{"zero":"teraz","one":"pred minútou","two":"pred {{value}} minútami","few":"pred {{value}} minútami","many":"pred {{value}} minútami","other":"pred {{value}} minútami"}},"hours-ago-long":{"_index":["plural","value"],"_":{"zero":"teraz","one":"pred hodinou","two":"pred {{value}} hodinami","few":"pred {{value}} hodinami","many":"pred {{value}} hodinami","other":"pred {{value}} hodinami"}},"days-ago-long":{"_index":["plural","value"],"_":{"zero":"dnes","one":"včera","two":"pred {{value}} dňami","few":"pred {{value}} dňami","many":"pred {{value}} dňami","other":"pred {{value}} dňami"}},"weeks-ago-long":{"_index":["plural","value"],"_":{"zero":"tento týždeň","one":"minulý týždeň","two":"pred {{value}} týždňami","few":"pred {{value}} týždňami","many":"pred {{value}} týždňami","other":"pred {{value}} týždňami"}},"months-ago-long":{"_index":["plural","value"],"_":{"zero":"tento mesiac","one":"minulý mesiac","two":"pred {{value}} mesiacmi","few":"pred {{value}} mesiacmi","many":"pred {{value}} mesiacmi","other":"pred {{value}} mesiacmi"}},"years-ago-long":{"_index":["plural","value"],"_":{"zero":"tento rok","one":"minulý rok","two":"pred {{value}} rokmi","few":"pred {{value}} rokmi","many":"pred {{value}} rokmi","other":"pred {{value}} rokmi"}},"minutes-until-long":{"_index":["plural","value"],"_":{"zero":"teraz","one":"o minútu","two":"o {{value}} minúty","few":"o {{value}} minúty","many":"o {{value}} minút","other":"o {{value}} minút"}},"hours-until-long":{"_index":["plural","value"],"_":{"zero":"teraz","one":"o hodinu","two":"o {{value}} hodiny","few":"o {{value}} hodiny","many":"o {{value}} hodín","other":"o {{value}} hodín"}},"days-until-long":{"_index":["plural","value"],"_":{"zero":"dnes","one":"zajtra","two":"o {{value}} dni","few":"o {{value}} dni","many":"o {{value}} dní","other":"o {{value}} dní"}},"weeks-until-long":{"_index":["plural","value"],"_":{"zero":"tento týždeň","one":"budúci týždeň","two":"o {{value}} týždne","few":"o {{value}} týždne","many":"o {{value}} týždňov","other":"o {{value}} týždňov"}},"months-until-long":{"_index":["plural","value"],"_":{"zero":"tento mesiac","one":"budúci mesiac","two":"o {{value}} mesiace","few":"o {{value}} mesiace","many":"o {{value}} mesiacov","other":"o {{value}} mesiacov"}},"years-until-long":{"_index":["plural","value"],"_":{"zero":"tento rok","one":"budúci rok","two":"o {{value}} roky","few":"o {{value}} roky","many":"o {{value}} rokov","other":"o {{value}} rokov"}},"minutes-ago-short":{"_index":["plural","value"],"_":{"zero":"teraz","other":"pred {{value}}m"}},"hours-ago-short":{"_index":["plural","value"],"_":{"zero":"teraz","other":"pred {{value}}h"}},"days-ago-short":{"_index":["plural","value"],"_":{"zero":"dnes","other":"pred {{value}}d"}},"minutes-until-short":{"_index":["plural","value"],"_":{"zero":"teraz","other":"o {{value}}m"}},"hours-until-short":{"_index":["plural","value"],"_":{"zero":"teraz","other":"o {{value}}h"}},"days-until-short":{"_index":["plural","value"],"_":{"zero":"dnes","other":"o {{value}}d"}},"incorrectDate":"(neplatný dátum)","dateTimeFormat_%c":"%a, %e. %b %Y %H:%M:%S","dateTimeFormat_%x":"%d.%m.%Y","dateTimeFormat_%X":"%H:%M:%S","shortTimeFormat":"%H:%M","shortDateTimeFormat":"%x %H:%M","weekStartsOnMonday":"1","time_am":"AM","time_pm":"PM"}