{"back":"Mbrapsht","save":"Ruaje","hide":"Fshihe","cancel":"Anuloje","confirm":"Ripohojeni","done":"U bë","events":"Veprimtari","edit":"Përpunoni","allday-events":"Veprimtari Gjithë Ditën","no-events":"Pa Veprimtari","hint-swipe-action":"Rrëshqitni gishtin","hint-swipe-to-navigate":"që të lëvizni nëpër data kalendari.","show-today":"Sot","show-month-view":"Muaj","show-week-view":"Javë","show-day-view":"Ditë","settings-show":"Rregullime","settings-hide":"Fshihi rregullimet","add-account":"Shtoni llogari","new-event":"Shtoni veprimtari","view-event-header":"Veprimtari","new-event-header":"Shtoni Veprimtari","edit-event-header":"Përpunoni Veprimtari","account-header":"Llogari","account-list-header":"Llogari","advanced-settings-short":"Rregullime","advanced-settings-header":"Rregullime Kalendari","advanced-settings-personalization":"Personalizim","advanced-settings-reminders":"Kujtues","advanced-settings-add-account":"Shtoni Llogari","field-user":{"placeholder":"Emër përdoruesi"},"field-password":{"placeholder":"Fjalëkalim"},"field-full-url":{"placeholder":"URL"},"modify-account-setting-up":"Ju lutemi, prisni, ndërkohë që rregullohet llogaria juaj","modify-account-unable-to-sync":"Nuk arrin të njëkohësohet","modify-account-sign-in":"Hyni","preset-caldav":"CalDav","preset-yahoo":"Yahoo!","preset-google":"Google","preset-local":"Kalendar jashtë linje","preset-mozilla":"Mozilla Zimbra","calendar-local":"Kalendar jashtë linje","event-title":{"placeholder":"Titull"},"event-location":{"placeholder":"Ku?"},"event-description":{"placeholder":"Shënime"},"event-is-allday":"Veprimtari gjithë ditën?","event-start-date":{"placeholder":"Datë fillimi"},"event-end-date":{"placeholder":"Datë mbarimi"},"event-start-time":{"placeholder":"Kohë fillimi"},"event-end-time":{"placeholder":"Kohë mabrimi"},"event-delete":"Fshijeni veprimtarinë","remove-account-data":"Hiq të dhëna vendore","remove-account-dialog":"Hiqe llogarinë","remove-account-dialog-details":"Heqja e kësaj llogarie do të heqë edhe kopjen tuaj vendore të kalendarëve dhe ngjarjeve përshoqëruar asaj.","drawer-sync-button":"Njëkohësim","sync-frequency":"Njëkohësoje Kalendarin","sync-frequency-15min":{"textContent":"Çdo 15 min"},"sync-frequency-30min":{"textContent":"Çdo 30 min"},"sync-frequency-manual":{"textContent":"Dorazi"},"one-day-duration":"{{startDate}}<br>nga {{startTime}} deri më {{endTime}}","multiple-day-duration":"Nga {{startTime}} {{startDate}}<br>deri më {{endTime}} {{endDate}}","one-all-day-duration":"Gjithë ditën<br>{{startDate}}","multiple-all-day-duration":"Gjithë ditën nga {{startDate}}<br>deri më {{endDate}}","none":"Asnjë","reminder":"Kujtues:","remind-me":"Kujtoma","alarm-at-event-standard":"Në kohën e veprimtarisë","alarm-at-event-allday":"Ditën e veprimtarisë","alarm-start-notice":"{{title}} fillon për {{distance}}","alarm-started-notice":"{{title}} ka {{distance}} që ka filluar","minutes-before":{"_index":["plural","value"],"_":{"zero":"0 minuta më parë","one":"1 minutë më parë","two":"{{value}} minuta më parë","few":"{{value}} minuta më parë","many":"{{value}} minuta më parë","other":"{{value}} minuta më parë"}},"hours-before":{"_index":["plural","value"],"_":{"zero":"0 orë më parë","one":"1 orë më parë","two":"{{value}} orë më parë","few":"{{value}} orë më parë","many":"{{value}} orë më parë","other":"{{value}} orë më parë"}},"days-before":{"_index":["plural","value"],"_":{"zero":"0 ditë më parë","one":"1 ditë më parë","two":"{{value}} ditë më parë","few":"{{value}} ditë më parë","many":"{{value}} ditë më parë","other":"{{value}} ditë më parë"}},"weeks-before":{"_index":["plural","value"],"_":{"zero":"0 javë më parë","one":"1 javë më parë","two":"{{value}} javë më parë","few":"{{value}} javë më parë","many":"{{value}} javë më parë","other":"{{value}} javë më parë"}},"months-before":{"_index":["plural","value"],"_":{"zero":"0 muaj më parë","one":"1 muaj më parë","two":"{{value}} muaj më parë","few":"{{value}} muaj më parë","many":"{{value}} muaj më parë","other":"{{value}} muaj më parë"}},"years-before":{"_index":["plural","value"],"_":{"zero":"0 vjet më parë","one":"1 vit më parë","two":"{{value}} vjet më parë","few":"{{value}} vjet më parë","many":"{{value}} vjet më parë","other":"{{value}} vjet më parë"}},"minutes-after":{"_index":["plural","value"],"_":{"zero":"0 minuta më pas","one":"1 minutë më pas","two":"{{value}} minuta më pas","few":"{{value}} minuta më pas","many":"{{value}} minuta më pas","other":"{{value}} minuta më pas"}},"hours-after":{"_index":["plural","value"],"_":{"zero":"0 orë më pas","one":"1 orë më pas","two":"{{value}} orë më pas","few":"{{value}} orë më pas","many":"{{value}} orë më pas","other":"{{value}} orë më pas"}},"days-after":{"_index":["plural","value"],"_":{"zero":"0 ditë më pas","one":"1 ditë më pas","two":"{{value}} ditë më pas","few":"{{value}} ditë më pas","many":"{{value}} ditë më pas","other":"{{value}} ditë më pas"}},"weeks-after":{"_index":["plural","value"],"_":{"zero":"0 javë më pas","one":"1 javë më pas","two":"{{value}} javë më pas","few":"{{value}} javë më pas","many":"{{value}} javë më pas","other":"{{value}} javë më pas"}},"months-after":{"_index":["plural","value"],"_":{"zero":"0 muaj më pas","one":"1 muaj më pas","two":"{{value}} muaj më pas","few":"{{value}} muaj më pas","many":"{{value}} muaj më pas","other":"{{value}} muaj më pas"}},"years-after":{"_index":["plural","value"],"_":{"zero":"0 vjet më pas","one":"1 vit më pas","two":"{{value}} vjet më pas","few":"{{value}} vjet më pas","many":"{{value}} vjet më pas","other":"{{value}} vjet më pas"}},"hour-format":"%I %p","hour-allday":"Gjithë Ditën","current-time":"%I:%M","multi-month-view-header-format":"%b %Y","day-view-header-format":"%A %e %b","months-day-view-header-format":"%A, %e %b","longDateFormat":"%A, %d %B, %Y","error-start-after-end":"Data e përfundimit duhet të bjerë pas datës së fillimit","error-unauthenticated":"Hyrje dhe/ose fjalëkalim i gabuar","error-internal-server-error":"Gabim shërbyesi. Kontrolloni hyrjen tuaj dhe riprovoni.","error-default":"Diç shkoi ters. Riprovoni më vonë.","error-offline":"Nuk ka lidhje. Kontrolloni formësimin e rrjetit tuaj dhe riprovoni.","error-account-exist":"Ka tashmë një llogari të tillë.","notification-error-sync-title":"Gabim njëkohësimi kalendari","notification-error-sync-description":"Për më tepër info, prekeni","weekday-0-single-char":"S","weekday-1-single-char":"M","weekday-2-single-char":"T","weekday-3-single-char":"W","weekday-4-single-char":"T","weekday-5-single-char":"F","weekday-6-single-char":"S","weekday-0-long":"E diel","weekday-1-long":"E hënë","weekday-2-long":"E martë","weekday-3-long":"E mërkurë","weekday-4-long":"E enjte","weekday-5-long":"E premte","weekday-6-long":"E shtunë","weekday-0-short":"Die","weekday-1-short":"Hën","weekday-2-short":"Mar","weekday-3-short":"Mër","weekday-4-short":"Enj","weekday-5-short":"Pre","weekday-6-short":"Sht","month-0-long":"Janar","month-1-long":"Shkurt","month-2-long":"Mars","month-3-long":"Prill","month-4-long":"Maj","month-5-long":"Qershor","month-6-long":"Korrik","month-7-long":"Gusht","month-8-long":"Shtator","month-9-long":"Tetor","month-10-long":"Nëntor","month-11-long":"Dhjetor","month-0-genitive":"të Janarit","month-1-genitive":"të Shkurtit","month-2-genitive":"të Marsit","month-3-genitive":"të Prillit","month-4-genitive":"të Majit","month-5-genitive":"të Qershorit","month-6-genitive":"të Korrikut","month-7-genitive":"të Gushtit","month-8-genitive":"të Shtatorit","month-9-genitive":"të Tetorit","month-10-genitive":"të Nëntorit","month-11-genitive":"të Dhjetorit","month-0-short":"Jan","month-1-short":"Shk","month-2-short":"Mar","month-3-short":"Pri","month-4-short":"Maj","month-5-short":"Qer","month-6-short":"Kor","month-7-short":"Gus","month-8-short":"Sht","month-9-short":"Tet","month-10-short":"Nën","month-11-short":"Dhj","minutes-ago-long":{"_index":["plural","value"],"_":{"zero":"mu tani","one":"një minutë më parë","two":"{{value}} minuta më parë","few":"{{value}} minuta më parë","many":"{{value}} minuta më parë","other":"{{value}} minuta më parë"}},"hours-ago-long":{"_index":["plural","value"],"_":{"zero":"mu tani","one":"një orë më parë","two":"{{value}} orë më parë","few":"{{value}} orë më parë","many":"{{value}} orë më parë","other":"{{value}} orë më parë"}},"days-ago-long":{"_index":["plural","value"],"_":{"zero":"sot","one":"dje","two":"{{value}} ditë më parë","few":"{{value}} ditë më parë","many":"{{value}} ditë më parë","other":"{{value}} ditë më parë"}},"weeks-ago-long":{"_index":["plural","value"],"_":{"zero":"këtë javë","one":"javën e kaluar","two":"{{value}} javë më parë","few":"{{value}} javë më parë","many":"{{value}} javë më parë","other":"{{value}} javë më parë"}},"months-ago-long":{"_index":["plural","value"],"_":{"zero":"këtë muaj","one":"muajin e kaluar","two":"{{value}} muaj më parë","few":"{{value}} muaj më parë","many":"{{value}} muaj më parë","other":"{{value}} muaj më parë"}},"years-ago-long":{"_index":["plural","value"],"_":{"zero":"këtë vit","one":"vitin e kaluar","two":"{{value}} vite më parë","few":"{{value}} vite më parë","many":"{{value}} vite më parë","other":"{{value}} vite më parë"}},"minutes-until-long":{"_index":["plural","value"],"_":{"zero":"tani","one":"për një minutë","two":"për {{value}} minuta","few":"për {{value}} minuta","many":"për {{value}} minuta","other":"për {{value}} minuta"}},"hours-until-long":{"_index":["plural","value"],"_":{"zero":"tani","one":"për një orë","two":"për {{value}} orë","few":"për {{value}} orë","many":"për {{value}} orë","other":"për {{value}} orë"}},"days-until-long":{"_index":["plural","value"],"_":{"zero":"sot","one":"nesër","two":"për {{value}} ditë","few":"për {{value}} ditë","many":"për {{value}} ditë","other":"për {{value}} ditë"}},"weeks-until-long":{"_index":["plural","value"],"_":{"zero":"këtë javë","one":"javën pasuese","two":"për {{value}} javë","few":"për {{value}} javë","many":"për {{value}} javë","other":"për {{value}} javë"}},"months-until-long":{"_index":["plural","value"],"_":{"zero":"këtë muaj","one":"muajin pasues","two":"për {{value}} muaj","few":"për {{value}} muaj","many":"për {{value}} muaj","other":"për {{value}} muaj"}},"years-until-long":{"_index":["plural","value"],"_":{"zero":"këtë vit","one":"vitin pasues","two":"për {{value}} vjet","few":"për {{value}} vjet","many":"për {{value}} vjet","other":"për {{value}} vjet"}},"minutes-ago-short":{"_index":["plural","value"],"_":{"zero":"mu tani","other":"{{value}}m më parë"}},"hours-ago-short":{"_index":["plural","value"],"_":{"zero":"mu tani","other":"{{value}}h më parë"}},"days-ago-short":{"_index":["plural","value"],"_":{"zero":"sot","other":"{{value}}d më parë"}},"minutes-until-short":{"_index":["plural","value"],"_":{"zero":"tani","other":"për {{value}}m"}},"hours-until-short":{"_index":["plural","value"],"_":{"zero":"tani","other":"për {{value}}h"}},"days-until-short":{"_index":["plural","value"],"_":{"zero":"sot","other":"për {{value}}d"}},"incorrectDate":"(datë e pasaktë)","dateTimeFormat_%c":"%a %e %b %Y %I:%M:%S %p","dateTimeFormat_%x":"%m/%d/%Y","dateTimeFormat_%X":"%I:%M:%S %p","shortTimeFormat":"%I:%M %p","shortDateTimeFormat":"%x %I:%M %p","weekStartsOnMonday":"0","time_am":"AM","time_pm":"PM"}