{"back":"Tillbaka","save":"Spara","hide":"Dölj","cancel":"Avbryt","confirm":"Bekräfta","done":"Klar","events":"Händelser","edit":"Redigera","allday-events":"Heldagshändelser","no-events":"Inga händelser","hint-swipe-action":"Dra","hint-swipe-to-navigate":"för att navigera mellan datum i kalendern.","show-today":"Idag","show-month-view":"Månad","show-week-view":"Vecka","show-day-view":"Dag","settings-show":"Inställningar","settings-hide":"Dölj inställningar","add-account":"Lägg till ett konto","new-event":"Lägg till händelse","view-event-header":"Händelse","new-event-header":"Lägg till händelse","edit-event-header":"Redigera händelse","account-header":"Konto","account-list-header":"Konton","advanced-settings-short":"Inställningar","advanced-settings-header":"Kalenderinställningar","advanced-settings-personalization":"Anpassning","advanced-settings-reminders":"Påminnelser","advanced-settings-add-account":"Lägg till konto","field-user":{"placeholder":"Användarnamn"},"field-password":{"placeholder":"Lösenord"},"field-full-url":{"placeholder":"URL"},"modify-account-setting-up":"Vänta medan ditt konto konfigureras","modify-account-unable-to-sync":"Kan inte synkronisera","modify-account-sign-in":"Logga in","preset-caldav":"CalDav","preset-yahoo":"Yahoo!","preset-google":"Google","preset-local":"Kalender nedkopplad","preset-mozilla":"Mozilla Zimbra","calendar-local":"Kalender nedkopplad","event-title":{"placeholder":"Titel"},"event-location":{"placeholder":"Var?"},"event-description":{"placeholder":"Anteckningar"},"event-is-allday":"Heldagsaktivitet?","event-start-date":{"placeholder":"Startdatum"},"event-end-date":{"placeholder":"Slutdatum"},"event-start-time":{"placeholder":"Starttid"},"event-end-time":{"placeholder":"Sluttid"},"event-delete":"Ta bort händelse","remove-account-data":"Ta bort lokal data","remove-account-dialog":"Ta bort konto","remove-account-dialog-details":"Borttagning av kontot kommer även ta bort din lokala kopia av tillhörande kalendrar och händelser.","drawer-sync-button":"Synkronisera","sync-frequency":"Synkronisera kalender","sync-frequency-15min":"15 min","sync-frequency-30min":"30 min","sync-frequency-manual":"Manuellt","one-day-duration":"{{startDate}}<br>från {{startTime}} till {{endTime}}","multiple-day-duration":"Från {{startTime}} {{startDate}}<br>till {{endTime}} {{endDate}}","one-all-day-duration":"Heldag<br>{{startDate}}","multiple-all-day-duration":"Heldag från {{startDate}}<br>till {{endDate}}","none":"Inte","reminder":"Påminnelse:","remind-me":"Påminn mig","alarm-at-event-standard":"Vid tidpunkten för händelse","alarm-at-event-allday":"På dagen för händelse","alarm-start-notice":"{{title}} startar {{distance}}","alarm-started-notice":"{{title}} startade {{distance}}","minutes-before":{"_index":["plural","value"],"_":{"zero":"0 minuter före","one":"1 minut före","two":"{{value}} minuter före","few":"{{value}} minuter före","many":"{{value}} minuter före","other":"{{value}} minuter före"}},"hours-before":{"_index":["plural","value"],"_":{"zero":"0 timmar före","one":"1 timme före","two":"{{value}} timmar före","few":"{{value}} timmar före","many":"{{value}} timmar före","other":"{{value}} timmar före"}},"days-before":{"_index":["plural","value"],"_":{"zero":"0 dagar före","one":"1 dag före","two":"{{value}} dagar före","few":"{{value}} dagar före","many":"{{value}} dagar före","other":"{{value}} dagar före"}},"weeks-before":{"_index":["plural","value"],"_":{"zero":"0 veckor före","one":"1 vecka före","two":"{{value}} veckor före","few":"{{value}} veckor före","many":"{{value}} veckor före","other":"{{value}} veckor före"}},"months-before":{"_index":["plural","value"],"_":{"zero":"0 månader före","one":"1 månad före","two":"{{value}} månader före","few":"{{value}} månader före","many":"{{value}} månader före","other":"{{value}} månader före"}},"years-before":{"_index":["plural","value"],"_":{"zero":"0 år före","one":"1 år före","two":"{{value}} år före","few":"{{value}} år före","many":"{{value}} år före","other":"{{value}} år före"}},"minutes-after":{"_index":["plural","value"],"_":{"zero":"0 minuter efter","one":"1 minut efter","two":"{{value}} minuter efter","few":"{{value}} minuter efter","many":"{{value}} minuter efter","other":"{{value}} minuter efter"}},"hours-after":{"_index":["plural","value"],"_":{"zero":"0 timmar efter","one":"1 timme efter","two":"{{value}} timmar efter","few":"{{value}} timmar efter","many":"{{value}} timmar efter","other":"{{value}} timmar efter"}},"days-after":{"_index":["plural","value"],"_":{"zero":"0 dagar efter","one":"1 dag efter","two":"{{value}} dagar efter","few":"{{value}} dagar efter","many":"{{value}} dagar efter","other":"{{value}} dagar efter"}},"weeks-after":{"_index":["plural","value"],"_":{"zero":"0 veckor efter","one":"1 vecka efter","two":"{{value}} veckor efter","few":"{{value}} veckor efter","many":"{{value}} veckor efter","other":"{{value}} veckor efter"}},"months-after":{"_index":["plural","value"],"_":{"zero":"0 månader efter","one":"1 månad efter","two":"{{value}} månader efter","few":"{{value}} månader efter","many":"{{value}} månader efter","other":"{{value}} månader efter"}},"years-after":{"_index":["plural","value"],"_":{"zero":"0 år efter","one":"1 år efter","two":"{{value}} år efter","few":"{{value}} år efter","many":"{{value}} år efter","other":"{{value}} år efter"}},"hour-format":"%H","hour-allday":"Heldag","current-time":"%H:%M","multi-month-view-header-format":"%b %Y","day-view-header-format":"%A %e %b","months-day-view-header-format":"%A %e %b","longDateFormat":"%A %d %B %Y","error-start-after-end":"Slutdatum måste komma efter startdatum.","error-unauthenticated":"Fel användarnamn och/eller lösenord","error-internal-server-error":"Serverfel. Kontrollera din inloggning och försök igen.","error-default":"Något är fel. Försök igen senare.","error-offline":"Ingen anslutning. Kontrollera din nätverkskonfiguration och försök igen.","error-account-exist":"Kontot finns redan.","notification-error-sync-title":"Fel kalendersynk","notification-error-sync-description":"Peka här för mer information","weekday-0-single-char":"S","weekday-1-single-char":"M","weekday-2-single-char":"T","weekday-3-single-char":"O","weekday-4-single-char":"T","weekday-5-single-char":"F","weekday-6-single-char":"L","weekday-0-long":"Söndag","weekday-1-long":"Måndag","weekday-2-long":"Tisdag","weekday-3-long":"Onsdag","weekday-4-long":"Torsdag","weekday-5-long":"Fredag","weekday-6-long":"Lördag","weekday-0-short":"Sön","weekday-1-short":"Mån","weekday-2-short":"Tis","weekday-3-short":"Ons","weekday-4-short":"Tor","weekday-5-short":"Fre","weekday-6-short":"Lör","month-0-long":"Januari","month-1-long":"Februari","month-2-long":"Mars","month-3-long":"April","month-4-long":"Maj","month-5-long":"Juni","month-6-long":"Juli","month-7-long":"Augusti","month-8-long":"September","month-9-long":"Oktober","month-10-long":"November","month-11-long":"December","month-0-genitive":"Januari","month-1-genitive":"Februari","month-2-genitive":"Mars","month-3-genitive":"April","month-4-genitive":"Maj","month-5-genitive":"Juni","month-6-genitive":"Juli","month-7-genitive":"Augusti","month-8-genitive":"September","month-9-genitive":"Oktober","month-10-genitive":"November","month-11-genitive":"December","month-0-short":"Jan","month-1-short":"Feb","month-2-short":"Mar","month-3-short":"Apr","month-4-short":"Maj","month-5-short":"Jun","month-6-short":"Jul","month-7-short":"Aug","month-8-short":"Sep","month-9-short":"Okt","month-10-short":"Nov","month-11-short":"Dec","minutes-ago-long":{"_index":["plural","value"],"_":{"zero":"nyss","one":"en minut sen","two":"{{value}} minuter sen","few":"{{value}} minuter sen","many":"{{value}} minuter sen","other":"{{value}} minuter sen"}},"hours-ago-long":{"_index":["plural","value"],"_":{"zero":"nyss","one":"en timme sen","two":"{{value}} timmar sen","few":"{{value}} timmar sen","many":"{{value}} timmar sen","other":"{{value}} timmar sen"}},"days-ago-long":{"_index":["plural","value"],"_":{"zero":"idag","one":"igår","two":"{{value}} dagar sen","few":"{{value}} dagar sen","many":"{{value}} dagar sen","other":"{{value}} dagar sen"}},"weeks-ago-long":{"_index":["plural","value"],"_":{"zero":"denna vecka","one":"förra veckan","two":"{{value}} veckor sen","few":"{{value}} veckor sen","many":"{{value}} veckor sen","other":"{{value}} veckor sen"}},"months-ago-long":{"_index":["plural","value"],"_":{"zero":"denna månad","one":"förra månaden","two":"{{value}} månader sen","few":"{{value}} månader sen","many":"{{value}} månader sen","other":"{{value}} månader sen"}},"years-ago-long":{"_index":["plural","value"],"_":{"zero":"detta år","one":"förra året","two":"{{value}} år sen","few":"{{value}} år sen","many":"{{value}} år sen","other":"{{value}} år sen"}},"minutes-until-long":{"_index":["plural","value"],"_":{"zero":"nu","one":"om en minut","two":"om {{value}} minuter","few":"om {{value}} minuter","many":"om {{value}} minuter","other":"om {{value}} minuter"}},"hours-until-long":{"_index":["plural","value"],"_":{"zero":"nu","one":"om en timme","two":"om {{value}} timmar","few":"om {{value}} timmar","many":"om {{value}} timmar","other":"om {{value}} timmar"}},"days-until-long":{"_index":["plural","value"],"_":{"zero":"idag","one":"imorgon","two":"om {{value}} dagar","few":"om {{value}} dagar","many":"om {{value}} dagar","other":"om {{value}} dagar"}},"weeks-until-long":{"_index":["plural","value"],"_":{"zero":"denna vecka","one":"nästa vecka","two":"om {{value}} veckor","few":"om {{value}} veckor","many":"om {{value}} veckor","other":"om {{value}} veckor"}},"months-until-long":{"_index":["plural","value"],"_":{"zero":"denna månad","one":"nästa månad","two":"om {{value}} månader","few":"om {{value}} månader","many":"om {{value}} månader","other":"om {{value}} månader"}},"years-until-long":{"_index":["plural","value"],"_":{"zero":"detta år","one":"nästa år","two":"om {{value}} år","few":"om {{value}} år","many":"om {{value}} år","other":"om {{value}} år"}},"minutes-ago-short":{"_index":["plural","value"],"_":{"zero":"nyss","other":"{{value}} min sen"}},"hours-ago-short":{"_index":["plural","value"],"_":{"zero":"nyss","other":"{{value}} tim. sen"}},"days-ago-short":{"_index":["plural","value"],"_":{"zero":"idag","other":"{{value}} dygn sen"}},"minutes-until-short":{"_index":["plural","value"],"_":{"zero":"nu","other":"om {{value}} min"}},"hours-until-short":{"_index":["plural","value"],"_":{"zero":"nu","other":"om {{value}} tim."}},"days-until-short":{"_index":["plural","value"],"_":{"zero":"idag","other":"om {{value}} dygn"}},"incorrectDate":"(felaktigt datum)","dateTimeFormat_%c":"%a %e %b %Y %H:%M:%S","dateTimeFormat_%x":"%d/%m/%Y","dateTimeFormat_%X":"%H:%M:%S","shortTimeFormat":"%H:%M","shortDateTimeFormat":"%x %H:%M","weekStartsOnMonday":"1","time_am":"AM","time_pm":"PM"}