{"back":"后退","save":"保存","hide":"隐藏","cancel":"取消","confirm":"确认","done":"完成","events":"事件","edit":"编辑","allday-events":"全天事件","no-events":"没有事件","hint-swipe-action":"滑动","hint-swipe-to-navigate":"在日历不同日期之间浏览。","show-today":"今天","show-month-view":"月","show-week-view":"周","show-day-view":"日","settings-show":"设置","settings-hide":"隐藏设置","add-account":"添加账户","new-event":"新建事件","view-event-header":"事件","new-event-header":"新建事件","edit-event-header":"编辑事件","account-header":"账户","account-list-header":"账户","advanced-settings-short":"设置","advanced-settings-header":"日历设置","advanced-settings-personalization":"个性化","advanced-settings-reminders":"提醒","advanced-settings-add-account":"添加账户","field-user":{"placeholder":"用户名"},"field-password":{"placeholder":"密码"},"field-full-url":{"placeholder":"URL"},"modify-account-setting-up":"请稍候，正在设置您的账户","modify-account-unable-to-sync":"无法同步","modify-account-sign-in":"登录","preset-caldav":"CalDav","preset-yahoo":"Yahoo!","preset-google":"Google","preset-local":"离线日历","preset-mozilla":"Mozilla Zimbra","calendar-local":"离线日历","event-title":{"placeholder":"标题"},"event-location":{"placeholder":"位置"},"event-description":{"placeholder":"备注"},"event-is-allday":"全天事件？","event-start-date":{"placeholder":"开始日期"},"event-end-date":{"placeholder":"结束日期"},"event-start-time":{"placeholder":"开始时间"},"event-end-time":{"placeholder":"结束时间"},"event-delete":"删除事件","remove-account-data":"移除本地数据","remove-account-dialog":"移除账户","remove-account-dialog-details":"移除此账户也将从本地移除您的与之相关联的日历与事件副本。","drawer-sync-button":"同步","sync-frequency":"同步日历","sync-frequency-15min":{"textContent":"15 分钟"},"sync-frequency-30min":{"textContent":"30 分钟"},"sync-frequency-manual":{"textContent":"手动"},"one-day-duration":"{{startDate}}<br>自 {{startTime}} 至 {{endTime}}","multiple-day-duration":"自 {{startTime}} {{startDate}}<br>至 {{endTime}} {{endDate}}","one-all-day-duration":"全天<br>{{startDate}}","multiple-all-day-duration":"全天，自 {{startDate}}<br>至 {{endDate}}","none":"无","reminder":"提醒：","remind-me":"提醒我","alarm-at-event-standard":"事件发生时","alarm-at-event-allday":"事件发生当日","alarm-start-notice":"{{title}} 开始于 {{distance}}","alarm-started-notice":"“{{title}}”在 {{distance}} 已开始","minutes-before":{"_index":["plural","value"],"_":{"zero":"0 分钟前","one":"1 分钟前","two":"{{value}} 分钟前","few":"{{value}} 分钟前","many":"{{value}} 分钟前","other":"{{value}} 分钟前"}},"hours-before":{"_index":["plural","value"],"_":{"zero":"0 小时前","one":"1小时前","two":"{{value}} 小时前","few":"{{value}} 小时前","many":"{{value}} 小时前","other":"{{value}} 小时前"}},"days-before":{"_index":["plural","value"],"_":{"zero":"0 天前","one":"1 天前","two":"{{value}} 天前","few":"{{value}} 天前","many":"{{value}} 天前","other":"{{value}} 天前"}},"weeks-before":{"_index":["plural","value"],"_":{"zero":"0 周前","one":"1 周之前","two":"{{value}} 周前","few":"{{value}} 周前","many":"{{value}} 周前","other":"{{value}} 周前"}},"months-before":{"_index":["plural","value"],"_":{"zero":"0 月前","one":"1 个月前","two":"{{value}} 个月前","few":"{{value}} 个月前","many":"{{value}} 个月前","other":"{{value}} 个月前"}},"years-before":{"_index":["plural","value"],"_":{"zero":"0 年前","one":"1 年前","two":"{{value}} 年前","few":"{{value}} 年前","many":"{{value}} 年前","other":"{{value}} 年前"}},"minutes-after":{"_index":["plural","value"],"_":{"zero":"0 分钟后","one":"1分钟后","two":"{{value}} 分钟后","few":"{{value}}分钟后","many":"{{value}} 分钟后","other":"{{value}} 分钟后"}},"hours-after":{"_index":["plural","value"],"_":{"zero":"0 小时后","one":"1小时后","two":"{{value}} 小时后","few":"{{value}} 小时后","many":"{{value}} 小时后","other":"{{value}} 小时后"}},"days-after":{"_index":["plural","value"],"_":{"zero":"0 天后","one":"1天后","two":"{{value}} 天后","few":"{{value}} 天后","many":"{{value}} 天后","other":"{{value}} 天后"}},"weeks-after":{"_index":["plural","value"],"_":{"zero":"0 周后","one":"1周后","two":"{{value}} 周后","few":"{{value}} 周后","many":"{{value}} 周后","other":"{{value}} 周后"}},"months-after":{"_index":["plural","value"],"_":{"zero":"0 个月后","one":"1 个月后","two":"{{value}} 个月后","few":"{{value}} 个月后","many":"{{value}} 个月后","other":"{{value}} 个月后"}},"years-after":{"_index":["plural","value"],"_":{"zero":"0 年后","one":"1 年后","two":"{{value}} 年后","few":"{{value}} 年后","many":"{{value}} 年后","other":"{{value}} 年后"}},"hour-format":"%H","hour-allday":"全天","current-time":"%H:%M","multi-month-view-header-format":"%b %Y","day-view-header-format":"%B %e 日 %A","months-day-view-header-format":"%m月%e日%A","longDateFormat":"%Y 年 %B %e 日 %A","error-start-after-end":"结束日期必须晚于开始日期","error-unauthenticated":"错误的登录名“和/或”密码","error-internal-server-error":"服务器错误。请检查您的登录信息后重试。","error-default":"出问题了，请稍后再试。","error-offline":"没有连接。检查你的网络设置后再试一次。","error-account-exist":"此账户已存在。","notification-error-sync-title":"日历同步错误","notification-error-sync-description":"轻触获知更多信息","weekday-0-single-char":"S","weekday-1-single-char":"M","weekday-2-single-char":"T","weekday-3-single-char":"W","weekday-4-single-char":"T","weekday-5-single-char":"F","weekday-6-single-char":"S","weekday-0-long":"星期日","weekday-1-long":"星期一","weekday-2-long":"星期二","weekday-3-long":"星期三","weekday-4-long":"星期四","weekday-5-long":"星期五","weekday-6-long":"星期六","weekday-0-short":"周日","weekday-1-short":"周一","weekday-2-short":"周二","weekday-3-short":"周三","weekday-4-short":"周四","weekday-5-short":"周五","weekday-6-short":"周六","month-0-long":"1 月","month-1-long":"2 月","month-2-long":"3 月","month-3-long":"4 月","month-4-long":"5 月","month-5-long":"6 月","month-6-long":"7 月","month-7-long":"8 月","month-8-long":"9 月","month-9-long":"10 月","month-10-long":"11 月","month-11-long":"12 月","month-0-genitive":"一月","month-1-genitive":"二月","month-2-genitive":"三月","month-3-genitive":"四月","month-4-genitive":"五月","month-5-genitive":"六月","month-6-genitive":"七月","month-7-genitive":"八月","month-8-genitive":"九月","month-9-genitive":"十月","month-10-genitive":"十一月","month-11-genitive":"十二月","month-0-short":"1 月","month-1-short":"2 月","month-2-short":"3 月","month-3-short":"4 月","month-4-short":"5 月","month-5-short":"6 月","month-6-short":"7 月","month-7-short":"8 月","month-8-short":"9 月","month-9-short":"10 月","month-10-short":"11 月","month-11-short":"12 月","minutes-ago-long":{"_index":["plural","value"],"_":{"zero":"刚才","one":"1 分钟前","two":"{{ value }} 分钟前","few":"{{ value }} 分钟前","many":"{{ value }} 分钟前","other":"{{ value }} 分钟前"}},"hours-ago-long":{"_index":["plural","value"],"_":{"zero":"刚才","one":"1 小时前","two":"{{ value }} 小时前","few":"{{ value }} 小时前","many":"{{ value }} 小时前","other":"{{ value }} 小时前"}},"days-ago-long":{"_index":["plural","value"],"_":{"zero":"今天","one":"昨天","two":"{{value}} 天前","few":"{{value}} 天前","many":"{{value}} 天前","other":"{{value}} 天前"}},"weeks-ago-long":{"_index":["plural","value"],"_":{"zero":"本周","one":"上周","two":"{{value}} 周前","few":"{{value}} 周前","many":"{{value}} 周前","other":"{{value}} 周前"}},"months-ago-long":{"_index":["plural","value"],"_":{"zero":"本月","one":"上月","two":"{{value}} 个月前","few":"{{value}} 个月前","many":"{{value}} 个月前","other":"{{value}} 个月前"}},"years-ago-long":{"_index":["plural","value"],"_":{"zero":"今年","one":"去年","two":"{{value}} 年前","few":"{{value}} 年前","many":"{{value}} 年前","other":"{{value}} 年前"}},"minutes-until-long":{"_index":["plural","value"],"_":{"zero":"现在","one":"1 分钟内","two":"剩{{value}}分钟","few":"剩{{value}}分钟","many":"剩{{value}}分钟","other":"剩{{value}}分钟"}},"hours-until-long":{"_index":["plural","value"],"_":{"zero":"现在","one":"1 小时内","two":"剩{{value}}小时","few":"剩{{value}}小时","many":"剩{{value}}小时","other":"剩{{value}}小时"}},"days-until-long":{"_index":["plural","value"],"_":{"zero":"今天","one":"明天","two":"剩{{value}}天","few":"剩{{value}}天","many":"剩{{value}}天","other":"剩{{value}}天"}},"weeks-until-long":{"_index":["plural","value"],"_":{"zero":"本周","one":"下周","two":"剩{{value}}周","few":"剩{{value}}周","many":"剩{{value}}周","other":"剩{{value}}周"}},"months-until-long":{"_index":["plural","value"],"_":{"zero":"本月","one":"下月","two":"剩{{value}}个月","few":"剩{{value}}个月","many":"剩{{value}}个月","other":"剩{{value}}个月"}},"years-until-long":{"_index":["plural","value"],"_":{"zero":"今年","one":"明年","two":"剩{{value}}年","few":"剩{{value}}年","many":"剩{{value}}年","other":"剩{{value}}年"}},"minutes-ago-short":{"_index":["plural","value"],"_":{"zero":"刚才","other":"{{value}} 分钟前"}},"hours-ago-short":{"_index":["plural","value"],"_":{"zero":"刚才","other":"{{value}}小时前"}},"days-ago-short":{"_index":["plural","value"],"_":{"zero":"今天","other":"{{value}} 天前"}},"minutes-until-short":{"_index":["plural","value"],"_":{"zero":"现在","other":"剩{{value}}分钟"}},"hours-until-short":{"_index":["plural","value"],"_":{"zero":"现在","other":"剩{{value}}小时"}},"days-until-short":{"_index":["plural","value"],"_":{"zero":"今天","other":"剩{{value}}天"}},"incorrectDate":"（日期不正确）","dateTimeFormat_%c":"%Y 年 %b %e 日 %a %H:%M:%S","dateTimeFormat_%x":"%Y/%m/%d","dateTimeFormat_%X":"%H:%M:%S","shortTimeFormat":"%H:%M","shortDateTimeFormat":"%x %H:%M","weekStartsOnMonday":"0","time_am":"上午","time_pm":"下午"}