{"title":"কীবোর্ড","ok":"ঠিক আছে","keyboardSettings":"কীবোর্ড সেটিং","vibration":"ভাইব্রেশন","clickSound":"ক্লিক শব্দ","autoCorrect":"স্বয়ংক্রিয় সংশোধন","wordSuggestion":"শব্দ প্রস্তাবনা","wordSuggestions2":{"ariaLabel":"শব্দ প্রস্তাবনা"},"dismiss2":{"ariaLabel":"বাতিল"},"alternateLayoutKey2":{"ariaLabel":"আরো নাম্বার ও চিহ্ন"},"basicLayoutKey2":{"ariaLabel":"অক্ষর"},"upperCaseKey2":{"ariaLabel":"Shift"},"backSpaceKey2":{"ariaLabel":"অপসারণ"},"spaceKey2":{"ariaLabel":"স্পেস"},"returnKey2":{"ariaLabel":"ফেরত"},"periodKey2":{"ariaLabel":"পিরিয়ড"},"commaKey2":{"ariaLabel":"কমা"},"colonKey2":{"ariaLabel":"কোলন"},"semicolonKey2":{"ariaLabel":"সেমিকোলন"},"questionMarkKey2":{"ariaLabel":"প্রশ্নবোধক চিহ্ন"},"exclamationPointKey2":{"ariaLabel":"আশ্চর্যবোধক চিহ্ন"},"leftBracketKey2":{"ariaLabel":"বাম বন্ধনী"},"rightBracketKey2":{"ariaLabel":"ডান বন্ধনী"},"doubleQuoteKey2":{"ariaLabel":"উদ্ধৃতি চিহ্ন"},"leftDoubleAngleQuoteKey2":{"ariaLabel":"বামের দ্বিগুন কৌনিক কোট"},"rightDoubleAngleQuoteKey2":{"ariaLabel":"ডানের দ্বিগুন কৌনিক কোট"}}