{"title":"Tastatur","ok":"OK","keyboardSettings":"Tastaturindstillinger","vibration":"Vibrer","clickSound":"Kliklyd","autoCorrect":"Automatisk stavekontrol","wordSuggestion":"Foreslå ord","wordSuggestions2":{"ariaLabel":"Foreslå ord"},"dismiss2":{"ariaLabel":"Slå fra"},"alternateLayoutKey2":{"ariaLabel":"flere tal og symboler"},"basicLayoutKey2":{"ariaLabel":"bogstaver"},"upperCaseKey2":{"ariaLabel":"skift"},"backSpaceKey2":{"ariaLabel":"slet"},"spaceKey2":{"ariaLabel":"mellemrum"},"returnKey2":{"ariaLabel":"enter"},"periodKey2":{"ariaLabel":"punktum"},"commaKey2":{"ariaLabel":"komma"},"colonKey2":{"ariaLabel":"kolon"},"semicolonKey2":{"ariaLabel":"semikolon"},"questionMarkKey2":{"ariaLabel":"spørgsmålstegn"},"exclamationPointKey2":{"ariaLabel":"udråbstegn"},"leftBracketKey2":{"ariaLabel":"venstre parantes"},"rightBracketKey2":{"ariaLabel":"højre parantes"},"doubleQuoteKey2":{"ariaLabel":"gåseøjne"},"leftDoubleAngleQuoteKey2":{"ariaLabel":"venstre citattegn"},"rightDoubleAngleQuoteKey2":{"ariaLabel":"højre citattegn"}}