{"title":"Tastatur","ok":"OK","keyboardSettings":"Tastatur-Einstellungen","vibration":"Vibration","clickSound":"Tastentöne","autoCorrect":"Autokorrektur","wordSuggestion":"Wortvorschläge","wordSuggestions2":{"ariaLabel":"Wortvorschläge"},"dismiss2":{"ariaLabel":"Schließen"},"alternateLayoutKey2":{"ariaLabel":"Weitere Zahlen und Symbole"},"basicLayoutKey2":{"ariaLabel":"Buchstaben"},"upperCaseKey2":{"ariaLabel":"Umschalt"},"backSpaceKey2":{"ariaLabel":"Rücktaste"},"spaceKey2":{"ariaLabel":"Leertaste"},"returnKey2":{"ariaLabel":"Eingabe"},"periodKey2":{"ariaLabel":"Punkt"},"commaKey2":{"ariaLabel":"Komma"},"colonKey2":{"ariaLabel":"Doppelpunkt"},"semicolonKey2":{"ariaLabel":"Semikolon"},"questionMarkKey2":{"ariaLabel":"Fragezeichen"},"exclamationPointKey2":{"ariaLabel":"Ausrufezeichen"},"leftBracketKey2":{"ariaLabel":"Öffnende eckige Klammer"},"rightBracketKey2":{"ariaLabel":"Schließende eckige Klammer"},"doubleQuoteKey2":{"ariaLabel":"Doppelte Anführungszeichen"},"leftDoubleAngleQuoteKey2":{"ariaLabel":"Öffnende doppelte französische Anführungszeichen"},"rightDoubleAngleQuoteKey2":{"ariaLabel":"Schließende doppelte französische Anführungszeichen"}}