{"title":"Teklatua","ok":"Ados","keyboardSettings":"Teklatuaren ezarpenak","vibration":"Bibrazioa","clickSound":"Klik-soinua","autoCorrect":"Zuzenketa automatikoa","wordSuggestion":"Hitz-iradokizuna","wordSuggestions2":{"ariaLabel":"Hitz-iradokizunak"},"dismiss2":{"ariaLabel":"Baztertu"},"alternateLayoutKey2":{"ariaLabel":"zenbaki eta sinbolo gehiago"},"basicLayoutKey2":{"ariaLabel":"letrak"},"upperCaseKey2":{"ariaLabel":"shift"},"backSpaceKey2":{"ariaLabel":"ezabatu"},"spaceKey2":{"ariaLabel":"zuriunea"},"returnKey2":{"ariaLabel":"itzuli"},"periodKey2":{"ariaLabel":"puntua"},"commaKey2":{"ariaLabel":"koma"},"colonKey2":{"ariaLabel":"bi puntu"},"semicolonKey2":{"ariaLabel":"puntu eta koma"},"questionMarkKey2":{"ariaLabel":"galdera-ikurra"},"exclamationPointKey2":{"ariaLabel":"harridura-ikurra"},"leftBracketKey2":{"ariaLabel":"ezker-kortxetea"},"rightBracketKey2":{"ariaLabel":"eskuin-kortxetea"},"doubleQuoteKey2":{"ariaLabel":"komatxo bikoitza"},"leftDoubleAngleQuoteKey2":{"ariaLabel":"ezker alboko kakotxak"},"rightDoubleAngleQuoteKey2":{"ariaLabel":"eskuin alboko kakotxak"}}