{"title":"Clavier","ok":"OK","keyboardSettings":"Paramètres du clavier","vibration":"Vibreur","clickSound":"Son de clic","autoCorrect":"Correction automatique","wordSuggestion":"Suggestion de mots","wordSuggestions2":{"ariaLabel":"Suggestions de mots"},"dismiss2":{"ariaLabel":"Rejeter"},"alternateLayoutKey2":{"ariaLabel":"chiffres et symboles supplémentaires"},"basicLayoutKey2":{"ariaLabel":"lettres"},"upperCaseKey2":{"ariaLabel":"majuscule"},"backSpaceKey2":{"ariaLabel":"retour arrière"},"spaceKey2":{"ariaLabel":"espace"},"returnKey2":{"ariaLabel":"entrée"},"periodKey2":{"ariaLabel":"point"},"commaKey2":{"ariaLabel":"virgule"},"colonKey2":{"ariaLabel":"deux-points"},"semicolonKey2":{"ariaLabel":"point-virgule"},"questionMarkKey2":{"ariaLabel":"point d’interrogation"},"exclamationPointKey2":{"ariaLabel":"point d’exclamation"},"leftBracketKey2":{"ariaLabel":"parenthèse gauche"},"rightBracketKey2":{"ariaLabel":"parenthèse droite"},"doubleQuoteKey2":{"ariaLabel":"guillemets"},"leftDoubleAngleQuoteKey2":{"ariaLabel":"guillemet français double gauche"},"rightDoubleAngleQuoteKey2":{"ariaLabel":"guillemet français double droit"}}