{"title":"Teclado","ok":"Aceptar","keyboardSettings":"Axustes do teclado","vibration":"Vibración","clickSound":"Son da pulsación","autoCorrect":"Corrección automática","wordSuggestion":"Suxestión de palabras","wordSuggestions2":{"ariaLabel":"Suxestión de palabras"},"dismiss2":{"ariaLabel":"Rexeitar"},"alternateLayoutKey2":{"ariaLabel":"outros números e símbolos"},"basicLayoutKey2":{"ariaLabel":"letras"},"upperCaseKey2":{"ariaLabel":"maiúscula"},"backSpaceKey2":{"ariaLabel":"elimina"},"spaceKey2":{"ariaLabel":"espazo"},"returnKey2":{"ariaLabel":"intro"},"periodKey2":{"ariaLabel":"punto"},"commaKey2":{"ariaLabel":"coma"},"colonKey2":{"ariaLabel":"dous puntos"},"semicolonKey2":{"ariaLabel":"punto e coma"},"questionMarkKey2":{"ariaLabel":"signo de interrogación"},"exclamationPointKey2":{"ariaLabel":"signo de exclamación"},"leftBracketKey2":{"ariaLabel":"paréntese esquerda"},"rightBracketKey2":{"ariaLabel":"paréntese dereita"},"doubleQuoteKey2":{"ariaLabel":"comiñas dobres"},"leftDoubleAngleQuoteKey2":{"ariaLabel":"comiñas compostas angulares á esquerda"},"rightDoubleAngleQuoteKey2":{"ariaLabel":"comiñas compostas angulares á dereita"}}