{"title":"Tastiera","ok":"OK","keyboardSettings":"Impostazioni tastiera","vibration":"Vibrazione","clickSound":"Riproduci clic","autoCorrect":"Correzione automatica","wordSuggestion":"Suggerimento parole","wordSuggestions2":{"ariaLabel":"Suggerimenti parole"},"dismiss2":{"ariaLabel":"Ignora"},"alternateLayoutKey2":{"ariaLabel":"altri numeri e simboli"},"basicLayoutKey2":{"ariaLabel":"lettere"},"upperCaseKey2":{"ariaLabel":"maiusc"},"backSpaceKey2":{"ariaLabel":"elimina"},"spaceKey2":{"ariaLabel":"spazio"},"returnKey2":{"ariaLabel":"invio"},"periodKey2":{"ariaLabel":"punto"},"commaKey2":{"ariaLabel":"virgola"},"colonKey2":{"ariaLabel":"due punti"},"semicolonKey2":{"ariaLabel":"punto e virgola"},"questionMarkKey2":{"ariaLabel":"punto di domanda"},"exclamationPointKey2":{"ariaLabel":"punto esclamativo"},"leftBracketKey2":{"ariaLabel":"aperta parentesi"},"rightBracketKey2":{"ariaLabel":"chiusa parentesi"},"doubleQuoteKey2":{"ariaLabel":"doppie virgolette"},"leftDoubleAngleQuoteKey2":{"ariaLabel":"aperte virgolette basse"},"rightDoubleAngleQuoteKey2":{"ariaLabel":"chiuse virgolette basse"}}