{"title":"ក្ដារចុច","ok":"យល់ព្រម","keyboardSettings":"ការ​កំណត់​ក្ដារចុច","vibration":"ញ័រ","clickSound":"សំឡេង​ចុច","autoCorrect":"​កែតម្រូវ​ស្វ័យប្រវត្តិ","wordSuggestion":"ការ​ស្នើ​ពាក្យ","wordSuggestions2":{"ariaLabel":"ការ​ស្នើ​ពាក្យ"},"dismiss2":{"ariaLabel":"ចាកចេញ"},"alternateLayoutKey2":{"ariaLabel":"លេខ​និង​និមិត្តសញ្ញា​​ផ្សេង​ទៀត"},"basicLayoutKey2":{"ariaLabel":"អក្សរ"},"upperCaseKey2":{"ariaLabel":"shift"},"backSpaceKey2":{"ariaLabel":"លុប"},"spaceKey2":{"ariaLabel":"ចន្លោះ​មិន​ឃើញ"},"returnKey2":{"ariaLabel":"ត្រឡប់"},"periodKey2":{"ariaLabel":"សញ្ញា​ចុច"},"commaKey2":{"ariaLabel":"ក្បៀស"},"colonKey2":{"ariaLabel":"ចុច​ពីរ"},"semicolonKey2":{"ariaLabel":"ចុច​ក្បៀស"},"questionMarkKey2":{"ariaLabel":"សញ្ញា​សួរ"},"exclamationPointKey2":{"ariaLabel":"សញ្ញា​ឧទាន"},"leftBracketKey2":{"ariaLabel":"តង្កៀប​ឆ្វេង"},"rightBracketKey2":{"ariaLabel":"តង្កៀប​ស្ដាំ"},"doubleQuoteKey2":{"ariaLabel":"សញ្ញា​សម្រង់​ទ្វេ"},"leftDoubleAngleQuoteKey2":{"ariaLabel":"សញ្ញា​សម្រង់​ខាង​​ឆ្វេង​​ទ្វេ («)"},"rightDoubleAngleQuoteKey2":{"ariaLabel":"សញ្ញា​សម្រង់​ខាង​ស្ដាំ​ទ្វេ (»)"}}