{"title":"Papan kekunci","ok":"OK","keyboardSettings":"Tetapan papan kekunci","vibration":"Getaran","clickSound":"Bunyi klik","autoCorrect":"Auto pembetulan","wordSuggestion":"Cadangan kata","wordSuggestions2":{"ariaLabel":"Word suggestions"},"dismiss2":{"ariaLabel":"Dismiss"},"alternateLayoutKey2":{"ariaLabel":"more numbers and symbols"},"basicLayoutKey2":{"ariaLabel":"huruf"},"upperCaseKey2":{"ariaLabel":"shift"},"backSpaceKey2":{"ariaLabel":"padam"},"spaceKey2":{"ariaLabel":"space"},"returnKey2":{"ariaLabel":"kembali"},"periodKey2":{"ariaLabel":"tempoh"},"commaKey2":{"ariaLabel":"koma"},"colonKey2":{"ariaLabel":"tanda titik bertindih"},"semicolonKey2":{"ariaLabel":"koma bertitik"},"questionMarkKey2":{"ariaLabel":"tanya tanya"},"exclamationPointKey2":{"ariaLabel":"tanda seru"},"leftBracketKey2":{"ariaLabel":"left bracket"},"rightBracketKey2":{"ariaLabel":"right bracket"},"doubleQuoteKey2":{"ariaLabel":"double quote"},"leftDoubleAngleQuoteKey2":{"ariaLabel":"left double angle quote"},"rightDoubleAngleQuoteKey2":{"ariaLabel":"right double angle quote"}}