{"title":"Toetsenbord","ok":"OK","keyboardSettings":"Toetsenbordinstellingen","vibration":"Trilling","clickSound":"Klikgeluid","autoCorrect":"Autocorrectie","wordSuggestion":"Woordsuggestie","wordSuggestions2":{"ariaLabel":"Woordsuggesties"},"dismiss2":{"ariaLabel":"Verwijderen"},"alternateLayoutKey2":{"ariaLabel":"meer cijfers en symbolen"},"basicLayoutKey2":{"ariaLabel":"letters"},"upperCaseKey2":{"ariaLabel":"shift"},"backSpaceKey2":{"ariaLabel":"delete"},"spaceKey2":{"ariaLabel":"spatie"},"returnKey2":{"ariaLabel":"return"},"periodKey2":{"ariaLabel":"punt"},"commaKey2":{"ariaLabel":"komma"},"colonKey2":{"ariaLabel":"dubbele punt"},"semicolonKey2":{"ariaLabel":"puntkomma"},"questionMarkKey2":{"ariaLabel":"vraagteken"},"exclamationPointKey2":{"ariaLabel":"uitroepteken"},"leftBracketKey2":{"ariaLabel":"haakje-links"},"rightBracketKey2":{"ariaLabel":"haakje-rechts"},"doubleQuoteKey2":{"ariaLabel":"dubbele aanhalingstekens"},"leftDoubleAngleQuoteKey2":{"ariaLabel":"dubbel aanhalingsteken naar links"},"rightDoubleAngleQuoteKey2":{"ariaLabel":"dubbel aanhalingsteken naar rechts"}}