{"title":"Klawiatura","ok":"OK","keyboardSettings":"Ustawienia klawiatury","vibration":"Wibracje","clickSound":"Dźwięki","autoCorrect":"Autokorekta","wordSuggestion":"Sugerowanie słów","wordSuggestions2":{"ariaLabel":"Sugerowane słowa"},"dismiss2":{"ariaLabel":"Odrzuć"},"alternateLayoutKey2":{"ariaLabel":"więcej cyfr i symboli"},"basicLayoutKey2":{"ariaLabel":"litery"},"upperCaseKey2":{"ariaLabel":"wielka litera"},"backSpaceKey2":{"ariaLabel":"znak usuwania"},"spaceKey2":{"ariaLabel":"spacja"},"returnKey2":{"ariaLabel":"nowa linia"},"periodKey2":{"ariaLabel":"kropka"},"commaKey2":{"ariaLabel":"przecinek"},"colonKey2":{"ariaLabel":"dwukropek"},"semicolonKey2":{"ariaLabel":"średnik"},"questionMarkKey2":{"ariaLabel":"znak zapytania"},"exclamationPointKey2":{"ariaLabel":"wykrzyknik"},"leftBracketKey2":{"ariaLabel":"otwarcie nawiasu"},"rightBracketKey2":{"ariaLabel":"zamknięcie nawiasu"},"doubleQuoteKey2":{"ariaLabel":"cudzysłów"},"leftDoubleAngleQuoteKey2":{"ariaLabel":"lewy podwójny cudzysłów ostrokątny"},"rightDoubleAngleQuoteKey2":{"ariaLabel":"prawy podwójny cudzysłów ostrokątny"}}