{"title":"Keyboard","ok":"Ok","keyboardSettings":"Setări pt. tastatură","vibration":"Vibrații","clickSound":"Sunet de clic","autoCorrect":"Corectare automată","wordSuggestion":"Sugestii de cuvinte","wordSuggestions2":{"ariaLabel":"Word suggestions"},"dismiss2":{"ariaLabel":"Dismiss"},"alternateLayoutKey2":{"ariaLabel":"more numbers and symbols"},"basicLayoutKey2":{"ariaLabel":"letters"},"upperCaseKey2":{"ariaLabel":"shift"},"backSpaceKey2":{"ariaLabel":"delete"},"spaceKey2":{"ariaLabel":"space"},"returnKey2":{"ariaLabel":"return"},"periodKey2":{"ariaLabel":"period"},"commaKey2":{"ariaLabel":"comma"},"colonKey2":{"ariaLabel":"colon"},"semicolonKey2":{"ariaLabel":"semicolon"},"questionMarkKey2":{"ariaLabel":"question mark"},"exclamationPointKey2":{"ariaLabel":"exclamation point"},"leftBracketKey2":{"ariaLabel":"left bracket"},"rightBracketKey2":{"ariaLabel":"right bracket"},"doubleQuoteKey2":{"ariaLabel":"double quote"},"leftDoubleAngleQuoteKey2":{"ariaLabel":"left double angle quote"},"rightDoubleAngleQuoteKey2":{"ariaLabel":"right double angle quote"}}