{"title":"Тастатура","ok":"У реду","keyboardSettings":"Поставке тастатуре","vibration":"Вибрација","clickSound":"Звук клика","autoCorrect":"Исправљање речи","wordSuggestion":"Предлог речи","wordSuggestions2":{"ariaLabel":"Предлози речи"},"dismiss2":{"ariaLabel":"Поништи"},"alternateLayoutKey2":{"ariaLabel":"више бројева и симбола"},"basicLayoutKey2":{"ariaLabel":"слова"},"upperCaseKey2":{"ariaLabel":"шифт"},"backSpaceKey2":{"ariaLabel":"избриши"},"spaceKey2":{"ariaLabel":"размак"},"returnKey2":{"ariaLabel":"ентер"},"periodKey2":{"ariaLabel":"тачка"},"commaKey2":{"ariaLabel":"зарез"},"colonKey2":{"ariaLabel":"двотачка"},"semicolonKey2":{"ariaLabel":"тачка зарез"},"questionMarkKey2":{"ariaLabel":"упитник"},"exclamationPointKey2":{"ariaLabel":"узвичник"},"leftBracketKey2":{"ariaLabel":"лева заграда"},"rightBracketKey2":{"ariaLabel":"десна заграда"},"doubleQuoteKey2":{"ariaLabel":"двоструки наводници"},"leftDoubleAngleQuoteKey2":{"ariaLabel":"леви наводник"},"rightDoubleAngleQuoteKey2":{"ariaLabel":"десни наводник"}}