{"title":"Tastatura","ok":"U redu","keyboardSettings":"Postavke tastature","vibration":"Vibracija","clickSound":"Zvuk klika","autoCorrect":"Ispravljanje reči","wordSuggestion":"Predlog reči","wordSuggestions2":{"ariaLabel":"Predlozi reči"},"dismiss2":{"ariaLabel":"Poništi"},"alternateLayoutKey2":{"ariaLabel":"više brojeva i simbola"},"basicLayoutKey2":{"ariaLabel":"slova"},"upperCaseKey2":{"ariaLabel":"šift"},"backSpaceKey2":{"ariaLabel":"izbriši"},"spaceKey2":{"ariaLabel":"razmak"},"returnKey2":{"ariaLabel":"enter"},"periodKey2":{"ariaLabel":"tačka"},"commaKey2":{"ariaLabel":"zarez"},"colonKey2":{"ariaLabel":"dvotačka"},"semicolonKey2":{"ariaLabel":"tačka zarez"},"questionMarkKey2":{"ariaLabel":"upitnik"},"exclamationPointKey2":{"ariaLabel":"uzvičnik"},"leftBracketKey2":{"ariaLabel":"leva zagrada"},"rightBracketKey2":{"ariaLabel":"desna zagrada"},"doubleQuoteKey2":{"ariaLabel":"dvostruki navodnici"},"leftDoubleAngleQuoteKey2":{"ariaLabel":"levi navodnik"},"rightDoubleAngleQuoteKey2":{"ariaLabel":"desni navodnik"}}