{"title":"Tangentbord","ok":"OK","keyboardSettings":"Inställningar","vibration":"Vibration","clickSound":"Klickljud","autoCorrect":"Automatisk korrigering","wordSuggestion":"Ordförslag","wordSuggestions2":{"ariaLabel":"Ordförslag"},"dismiss2":{"ariaLabel":"Avfärda"},"alternateLayoutKey2":{"ariaLabel":"fler nummer och symboler"},"basicLayoutKey2":{"ariaLabel":"bokstäver"},"upperCaseKey2":{"ariaLabel":"skift"},"backSpaceKey2":{"ariaLabel":"backsteg"},"spaceKey2":{"ariaLabel":"blanksteg"},"returnKey2":{"ariaLabel":"retur"},"periodKey2":{"ariaLabel":"punkt"},"commaKey2":{"ariaLabel":"komma"},"colonKey2":{"ariaLabel":"kolon"},"semicolonKey2":{"ariaLabel":"semikolon"},"questionMarkKey2":{"ariaLabel":"frågetecken"},"exclamationPointKey2":{"ariaLabel":"utropstecken"},"leftBracketKey2":{"ariaLabel":"vänster hakparentes"},"rightBracketKey2":{"ariaLabel":"höger hakparentes"},"doubleQuoteKey2":{"ariaLabel":"dubbel citationstecken"},"leftDoubleAngleQuoteKey2":{"ariaLabel":"vänster dubbel vinkelcitationstecken"},"rightDoubleAngleQuoteKey2":{"ariaLabel":"höger dubbel vinkelcitationstecken"}}