{"title":"Klavye","ok":"Tamam","keyboardSettings":"Klavye ayarları","vibration":"Titreşim","clickSound":"Tık sesi","autoCorrect":"Otomatik düzeltme","wordSuggestion":"Kelime önerisi","wordSuggestions2":{"ariaLabel":"Kelime önerileri"},"dismiss2":{"ariaLabel":"Kapat"},"alternateLayoutKey2":{"ariaLabel":"daha fazla rakam ve simge"},"basicLayoutKey2":{"ariaLabel":"harfler"},"upperCaseKey2":{"ariaLabel":"shift"},"backSpaceKey2":{"ariaLabel":"sil"},"spaceKey2":{"ariaLabel":"boşluk"},"returnKey2":{"ariaLabel":"enter"},"periodKey2":{"ariaLabel":"nokta"},"commaKey2":{"ariaLabel":"virgül"},"colonKey2":{"ariaLabel":"iki nokta"},"semicolonKey2":{"ariaLabel":"noktalı virgül"},"questionMarkKey2":{"ariaLabel":"soru işareti"},"exclamationPointKey2":{"ariaLabel":"ünlem işareti"},"leftBracketKey2":{"ariaLabel":"sol parantez"},"rightBracketKey2":{"ariaLabel":"sağ parantez"},"doubleQuoteKey2":{"ariaLabel":"çift tırnak"},"leftDoubleAngleQuoteKey2":{"ariaLabel":"sol açılı çift tırnak"},"rightDoubleAngleQuoteKey2":{"ariaLabel":"sağ açılı çift tırnak"}}