{"Showbiz":"Espectáculo","Social":"Social","Games":"Juegos","Music":"Música","wrapper-search-name":"{{topic}} en {{name}}","contextmenu-add-wallpaper":"Cambiar fondo de pantalla","contextmenu-add-smart-collections":"Agregar colecciones inteligentes","delete-title":"Borrar {{name}}","delete-body":"{{name}} y todos sus datos serán borrados.","delete":"Borrar","cancel":"Cancelar","remove-title-2":"Eliminar {{name}}","remove-body":"¿Eliminar {{name}} de la pantalla de inicio?","remove":"Eliminar","longDateFormat":"%A %e de %B","download":"Descargar","restart-download-title":"Reiniciar descarga","restart-download-body":"¿Quiere descargar {{name}}?","paginationBarText":"Page {{current}} of {{total}}","paginationScroller":{"ariaLabel":"Homescreen"},"loadingEvme2":"Cargando…","evme-searchbar-default":{"_":"Todo…","placeholder":"Estoy pensando en…"},"evme-searchbar-default2":{"_":"Estoy pensando en…","placeholder":"Estoy pensando en…"},"evme-searchbar-clear":"Atrás","evme-searchbar-title":"Todo","evme-helper-default":"Escriba un tema o una búsqueda","evme-helper-default2":"Escriba cualquier tema o palabra clave","evme-helper-dismiss":"Cancelar","evme-helper-no-refine":"No se encontró ninguna opción","evme-helper-history-title":"Historial:","evme-helper-history-link":"Historial","evme-helper-history-clear":"Limpiar historial","evme-helper-didyoumean-title":"Quiso decir:","evme-helper-refine-title":"Quiso decir:","evme-helper-title-prefix":"Todo","evme-helper-title-empty":"Todo","evme-helper-save-search":"Add to homescreen","evme-helper-unsave-search":"Remove from homescreen","evme-apps-market-download":"Descargar","evme-apps-market-more-apps":"Más aplicaciones","evme-apps-loading-app":"Cargando…","evme-appsmore-loading":"Cargando…","evme-alert-app-install-confirm":"¿Agregar {{name}} a la pantalla de inicio?","evme-alert-app-install-exists":"{{name}} ya estaba agregada a la pantalla de inicio","evme-alert-offline-smart-collections-more":"Conéctese a Internet para agregar más colecciones inteligentes","evme-alert-save-wallpaper":"¿Usar como fondo de pantalla?","evme-alert-no-more-smart-collections":"No hay ninguna colección inteligente que agregar","evme-banner-app-install-success":"{{name}} agregada a la pantalla de inicio","evme-banner-save-wallpaper":"Fondo de pantalla establecido correctamente","evme-shortcuts-more":"Más","evme-collectionssuggest-loading":"Cargando","evme-collectionssuggest-loading-cancel":"Cancelar","evme-collectionssuggest-prompt-create-custom":"Cree su propia colección inteligente","evme-backgroundimage-source-label":"Origen:","evme-collection-title-prefix":"Todo","evme-collection-title-suffix":"Teléfono","evme-collection-loading-more":"Cargando...","evme-connectionmessage-apps":"Conéctese a Internet para obtener aplicaciones para {{query}}","evme-connectionmessage-apps-has-installed":"Conéctese a Internet para obtener más aplicaciones para {{query}}","evme-tips-app-explain":{"innerHTML":"Encuentre todo lo que le encanta con las aplicaciones más fantásticas."},"evme-tips-searchbar-focus":{"innerHTML":"Por ejemplo, encuentre a su cantante o grupo favorito…"},"evme-tips-exact-results":{"innerHTML":"Estas son las aplicaciones para <b>{{query}}</b>,<br /><br /> toque en cualquier icono para abrirla."},"evme-shortcut-custom":"Personalizar...","evme-shortcut-id-astrology":"Astrología","evme-shortcut-id-autos":"Coches","evme-shortcut-id-beauty":"Belleza","evme-shortcut-id-books":"Libros","evme-shortcut-id-celebs":"Famosos","evme-shortcut-id-daily-deals":"Ofertas","evme-shortcut-id-dating":"Amistad","evme-shortcut-id-electronics":"Electrónica","evme-shortcut-id-email":"Correo","evme-shortcut-id-entertainment":"Entretenimiento","evme-shortcut-id-environment":"Naturaleza","evme-shortcut-id-fashion":"Moda","evme-shortcut-id-funny":"Diversión","evme-shortcut-id-games":"Juegos","evme-shortcut-id-government":"Gobierno","evme-shortcut-id-health":"Salud","evme-shortcut-id-jobs":"Trabajo","evme-shortcut-id-local":"Local","evme-shortcut-id-maps":"Mapas","evme-shortcut-id-movies":"Películas","evme-shortcut-id-music":"Música","evme-shortcut-id-new-apps":"Nuevas aplicaciones","evme-shortcut-id-news":"Noticias","evme-shortcut-id-photography":"Fotografía","evme-shortcut-id-recipes":"Recetas","evme-shortcut-id-restaurants":"Restaurantes","evme-shortcut-id-shopping":"Compras","evme-shortcut-id-social":"Social","evme-shortcut-id-sports":"Deportes","evme-shortcut-id-tech-news":"Tecnología","evme-shortcut-id-top-apps":"Aplicaciones más descargadas","evme-shortcut-id-travel":"Viajes","evme-shortcut-id-tv":"TV","evme-shortcut-id-video":"Vídeo","evme-shortcut-id-utilities":"Utilidades","evme-shortcut-id-weather":"Tiempo","evme-add-to-top-of-collection":"Añadir a la parte superior de las colecciones","evme-save-to-homescreen":"Añadir a la pantalla de inicio","edit-dialog-header":"Editar","edit-dialog-name":"Nombre del sitio web","edit-dialog-url":"Dirección","edit-dialog-cancel":"Cancelar","edit-dialog-done":"Hecho","evme-close":{"ariaLabel":"Close"},"evme-done":{"ariaLabel":"Save"}}