{"Showbiz":"Espectáculos","Social":"Social","Games":"Xogos","Music":"Música","wrapper-search-name":"{{topic}} en {{name}}","contextmenu-add-wallpaper":"Cambiar fondo de pantalla","contextmenu-add-smart-collections":"Engadir coleccións intelixentes","delete-title":"Eliminar{{name}}","delete-body":"Eliminarase {{name}} e todos os seus datos.","delete":"Eliminar","cancel":"Cancelar","remove-title-2":"Retirar {{name}}","remove-body":"Quere retirar {{name}} da pantalla inicial?","remove":"Retirar","longDateFormat":"%A, %e de %B","download":"Descargar","restart-download-title":"Reiniciar a descarga","restart-download-body":"Quere descargar {{name}}?","paginationBarText":"Páxina {{current}} de {{total}}","paginationScroller":{"ariaLabel":"Pantalla inicial"},"loadingEvme2":"Cargando…","evme-searchbar-default":{"_":"Todo…","placeholder":"Estou interesado en…"},"evme-searchbar-default2":{"_":"Estou interesado en…","placeholder":"Estou interesado en…"},"evme-searchbar-clear":"Atrás","evme-searchbar-title":"Todo","evme-helper-default":"Escriba un tema ou unha busca","evme-helper-default2":"Escriba calquera tema ou palabra clave","evme-helper-dismiss":"Rexeitar","evme-helper-no-refine":"Non se atoparon opcións","evme-helper-history-title":"Historial:","evme-helper-history-link":"Historial","evme-helper-history-clear":"Limpar historial","evme-helper-didyoumean-title":"Quizais quixo dicir:","evme-helper-refine-title":"Quizais quixo dicir:","evme-helper-title-prefix":"Todo","evme-helper-title-empty":"Todo","evme-helper-save-search":"Engadir á pantalla inicial","evme-helper-unsave-search":"Retirar da pantalla inicial","evme-apps-market-download":"Descargar","evme-apps-market-more-apps":"Máis aplicativos","evme-apps-loading-app":"Cargando…","evme-appsmore-loading":"Cargando…","evme-alert-app-install-confirm":"Quere engadir {{name}} á pantalla inicial?","evme-alert-app-install-exists":"{{name}} xa estaba engadida á pantalla inicial","evme-alert-offline-smart-collections-more":"Conéctese á Internet para engadir máis coleccións intelixentes","evme-alert-save-wallpaper":"Establecer como fondo?","evme-alert-no-more-smart-collections":"Ningunha colección intelixente para engadir","evme-banner-app-install-success":"Engadiuse {{name}} á pantalla inicial","evme-banner-save-wallpaper":"Fondo estabelecido correctamente","evme-shortcuts-more":"Máis","evme-collectionssuggest-loading":"Cargando…","evme-collectionssuggest-loading-cancel":"Cancelar","evme-collectionssuggest-prompt-create-custom":"Crear a súa propia colección intelixente","evme-backgroundimage-source-label":"Orixe:","evme-collection-title-prefix":"Todo","evme-collection-title-suffix":"Teléfono","evme-collection-loading-more":"Cargando…","evme-connectionmessage-apps":"Conéctese á Internet para obter aplicativos para {{query}}","evme-connectionmessage-apps-has-installed":"Conéctese á Internet para obter máis aplicativos para {{query}}","evme-tips-app-explain":{"innerHTML":"Atope as cousas que quere cos mellores aplicativos."},"evme-tips-searchbar-focus":{"innerHTML":"Por exemplo, atope ao seu cantante ou grupo favorito…"},"evme-tips-exact-results":{"innerHTML":"Estes son os aplicativos para <b>{{query}}</b>,<br /><br /> toque calquera icona para abrilo."},"evme-shortcut-custom":"Personalizar…","evme-shortcut-id-astrology":"Astroloxía","evme-shortcut-id-autos":"Coches","evme-shortcut-id-beauty":"Beleza","evme-shortcut-id-books":"Libros","evme-shortcut-id-celebs":"Famosos","evme-shortcut-id-daily-deals":"Ofertas","evme-shortcut-id-dating":"Citas","evme-shortcut-id-electronics":"Electrónica","evme-shortcut-id-email":"Correo","evme-shortcut-id-entertainment":"Entretemento","evme-shortcut-id-environment":"Natureza","evme-shortcut-id-fashion":"Moda","evme-shortcut-id-funny":"Diversión","evme-shortcut-id-games":"Xogos","evme-shortcut-id-government":"Política","evme-shortcut-id-health":"Saúde","evme-shortcut-id-jobs":"Traballo","evme-shortcut-id-local":"Local","evme-shortcut-id-maps":"Mapas","evme-shortcut-id-movies":"Películas","evme-shortcut-id-music":"Música","evme-shortcut-id-new-apps":"Novos aplicativos","evme-shortcut-id-news":"Noticias","evme-shortcut-id-photography":"Fotografía","evme-shortcut-id-recipes":"Receitas","evme-shortcut-id-restaurants":"Restaurantes","evme-shortcut-id-shopping":"Compras","evme-shortcut-id-social":"Social","evme-shortcut-id-sports":"Deportes","evme-shortcut-id-tech-news":"Tecnoloxía","evme-shortcut-id-top-apps":"Populares","evme-shortcut-id-travel":"Viaxes","evme-shortcut-id-tv":"TV","evme-shortcut-id-video":"Vídeo","evme-shortcut-id-utilities":"Utilidades","evme-shortcut-id-weather":"Tempo","evme-add-to-top-of-collection":"Engadir ao inicio da colección","evme-save-to-homescreen":"Gardar na pantalla inicial","edit-dialog-header":"Editar","edit-dialog-name":"Nome do sitio web","edit-dialog-url":"Enderezo","edit-dialog-cancel":"Cancelar","edit-dialog-done":"Feito","evme-close":{"ariaLabel":"Pechar"},"evme-done":{"ariaLabel":"Gardar"}}