{"Showbiz":"Szórakozás","Social":"Közösség","Games":"Játék","Music":"Zene","wrapper-search-name":"{{topic}} ezen: {{name}}","contextmenu-add-wallpaper":"Háttér módosítása","contextmenu-add-smart-collections":"Okos gyűjtemény felvétele","delete-title":"{{name}} törlése","delete-body":"{{name}} és minden adata törlésre kerül.","delete":"Törlés","cancel":"Mégse","remove-title-2":"{{name}} eltávolítása","remove-body":"{{name}} eltávolítása a kezdőképernyőről?","remove":"Eltávolítás","longDateFormat":"%B %e., %A","download":"Download","restart-download-title":"Letöltés újraindítása","restart-download-body":"Szeretné letölteni ezt: {{name}}?","paginationBarText":"Page {{current}} of {{total}}","paginationScroller":{"ariaLabel":"Homescreen"},"loadingEvme2":"Betöltés…","evme-searchbar-default":{"_":"Minden…","placeholder":"Erre gondolok…"},"evme-searchbar-default2":{"_":"Erre gondolok…","placeholder":"Erre gondolok…"},"evme-searchbar-clear":"Vissza","evme-searchbar-title":"Minden:","evme-helper-default":"Írjon be egy témát vagy keresőszót","evme-helper-default2":"Írjon be egy témát/kulcsszót","evme-helper-dismiss":"Bezárás","evme-helper-no-refine":"Nem találhatók lehetőségek","evme-helper-history-title":"Előzmények:","evme-helper-history-link":"Előzmények","evme-helper-history-clear":"Előzmények törlése","evme-helper-didyoumean-title":"Talán erre gondolt:","evme-helper-refine-title":"Talán erre gondolt:","evme-helper-title-prefix":"Minden:","evme-helper-title-empty":"Minden:","evme-helper-save-search":"Add to homescreen","evme-helper-unsave-search":"Remove from homescreen","evme-apps-market-download":"Letöltés","evme-apps-market-more-apps":"Több app","evme-apps-loading-app":"Betöltés…","evme-appsmore-loading":"Betöltés…","evme-alert-app-install-confirm":"Felveszi a kezdőképernyőre ezt: {{name}}","evme-alert-app-install-exists":"{{name}} már fel van véve a kezdőképernyőre","evme-alert-offline-smart-collections-more":"Csatlakozzon az internetre több okos gyűjtemény felvételéhez","evme-alert-save-wallpaper":"Beállítja háttérképként","evme-alert-no-more-smart-collections":"Nincs felvehető okos gyűjtemény","evme-banner-app-install-success":"{{name}} felvéve a kezdőképernyőre","evme-banner-save-wallpaper":"Háttérkép beállítva","evme-shortcuts-more":"Több","evme-collectionssuggest-loading":"Betöltés…","evme-collectionssuggest-loading-cancel":"Mégse","evme-collectionssuggest-prompt-create-custom":"Saját okos gyűjtemény létrehozása","evme-backgroundimage-source-label":"Forrás:","evme-collection-title-prefix":"Minden:","evme-collection-title-suffix":"Telefon","evme-collection-loading-more":"Betöltés…","evme-connectionmessage-apps":"Csatlakozzon az internetre további appok beszerzéséhez {{query}} témában","evme-connectionmessage-apps-has-installed":"Csatlakozzon az internetre még több app beszerzéséhez beszerzéséhez {{query}} témában","evme-tips-app-explain":{"innerHTML":"Keresse meg amit szeret a legmenőbb appokkal."},"evme-tips-searchbar-focus":{"innerHTML":"Például a kedvenc énekesét vagy zenekarát…"},"evme-tips-exact-results":{"innerHTML":"Az alábbi appok felelnek meg ennek: <b>{{query}}</b>,<br /><br /> koppintson az ikonra a megnyitásához."},"evme-shortcut-custom":"Egyéni…","evme-shortcut-id-astrology":"Asztrológia","evme-shortcut-id-autos":"Autó","evme-shortcut-id-beauty":"Szépség","evme-shortcut-id-books":"Könyv","evme-shortcut-id-celebs":"Celeb","evme-shortcut-id-daily-deals":"Kupon","evme-shortcut-id-dating":"Randizás","evme-shortcut-id-electronics":"Elektronika","evme-shortcut-id-email":"E-mail","evme-shortcut-id-entertainment":"Szórakozás","evme-shortcut-id-environment":"Környezet","evme-shortcut-id-fashion":"Divat","evme-shortcut-id-funny":"Vicces","evme-shortcut-id-games":"Játék","evme-shortcut-id-government":"Kormányzat","evme-shortcut-id-health":"Egészség","evme-shortcut-id-jobs":"Állás","evme-shortcut-id-local":"Helyi","evme-shortcut-id-maps":"Térkép","evme-shortcut-id-movies":"Film","evme-shortcut-id-music":"Zene","evme-shortcut-id-new-apps":"Új app","evme-shortcut-id-news":"Hírek","evme-shortcut-id-photography":"Fotók","evme-shortcut-id-recipes":"Recept","evme-shortcut-id-restaurants":"Étterem","evme-shortcut-id-shopping":"Vásárlás","evme-shortcut-id-social":"Közösség","evme-shortcut-id-sports":"Sport","evme-shortcut-id-tech-news":"Tech hírek","evme-shortcut-id-top-apps":"Menő app","evme-shortcut-id-travel":"Utazás","evme-shortcut-id-tv":"TV","evme-shortcut-id-video":"Videó","evme-shortcut-id-utilities":"Eszközök","evme-shortcut-id-weather":"Időjárás","evme-add-to-top-of-collection":"Gyűjtemény tetejéhez adás","evme-save-to-homescreen":"Kezdőképernyőre mentés","edit-dialog-header":"Szerkesztés","edit-dialog-name":"Webhely neve","edit-dialog-url":"Cím","edit-dialog-cancel":"Mégse","edit-dialog-done":"Kész","evme-close":{"ariaLabel":"Close"},"evme-done":{"ariaLabel":"Save"}}