{"Showbiz":"연예","Social":"소셜","Games":"게임","Music":"음악","wrapper-search-name":"{{name}}- {{topic}}","contextmenu-add-wallpaper":"배경 화면 변경","contextmenu-add-smart-collections":"스마트 모음 추가","delete-title":"{{name}} 삭제","delete-body":"{{name}}과 데이터가 모두 삭제됩니다.","delete":"삭제","cancel":"취소","remove-title-2":"{{name}} 제거","remove-body":"홈 화면에서 {{name}}앱을 제거하시겠습니가?","remove":"제거","longDateFormat":"%B %e일 %A","download":"다운로드","restart-download-title":"다운로드 다시 시작","restart-download-body":"{{name}}를 다운로드하시겠습니까?","paginationBarText":"Page {{current}} of {{total}}","paginationScroller":{"ariaLabel":"Homescreen"},"loadingEvme2":"시작하는 중…","evme-searchbar-default":{"_":"전체…","placeholder":"지금 나는…"},"evme-searchbar-default2":{"_":"앱 검색…","placeholder":"앱 검색…"},"evme-searchbar-clear":"뒤로","evme-searchbar-title":"전체","evme-helper-default":"주제나 검색어 입력","evme-helper-default2":"주제나 검색어를 입력하세요","evme-helper-dismiss":"해제","evme-helper-no-refine":"선택 사항 없음","evme-helper-history-title":"검색 기록:","evme-helper-history-link":"검색 기록","evme-helper-history-clear":"검색 기록 지우기","evme-helper-didyoumean-title":"추천:","evme-helper-refine-title":"추천:","evme-helper-title-prefix":"전체","evme-helper-title-empty":"전체","evme-helper-save-search":"Add to homescreen","evme-helper-unsave-search":"Remove from homescreen","evme-apps-market-download":"다운로드","evme-apps-market-more-apps":"더 많은 앱","evme-apps-loading-app":"시작하는 중…","evme-appsmore-loading":"시작하는 중…","evme-alert-app-install-confirm":"{{name}}을 홈 화면에 추가하시겠습니까?","evme-alert-app-install-exists":"{{name}}은 이미 홈 화면에 있습니다.","evme-alert-offline-smart-collections-more":"더 많은 스마트 컬렉션을 추가하기 위해 인터넷에 연결","evme-alert-save-wallpaper":"배경 화면으로 설정하시겠습니까?","evme-alert-no-more-smart-collections":"추가할 스마트 컬렉션 없음","evme-banner-app-install-success":"홈 화면에 {{name}} 추가 완료","evme-banner-save-wallpaper":"바탕화면 설정 완료","evme-shortcuts-more":"더 보기","evme-collectionssuggest-loading":"시작하는 중…","evme-collectionssuggest-loading-cancel":"취소","evme-collectionssuggest-prompt-create-custom":"맞춤형 스마트 컬렉션 만들기","evme-backgroundimage-source-label":"출처:","evme-collection-title-prefix":"전체","evme-collection-title-suffix":"전화번호","evme-collection-loading-more":"가져오는 중…","evme-connectionmessage-apps":"{{query}}에 대한 앱을 가져오기 위해 인터넷에 연결","evme-connectionmessage-apps-has-installed":"{{query}}에 대한 더 많은 앱을 가져오기 위해 인터넷에 연결","evme-tips-app-explain":{"innerHTML":"멋진 앱으로 좋아하는 걸 찾아보십시오."},"evme-tips-searchbar-focus":{"innerHTML":"예를 들면, 좋아하는 가수나 밴드 등등…"},"evme-tips-exact-results":{"innerHTML":"<b>{{query}}</b>에 대한 앱입니다.<br /><br /> 탭하면 열립니다."},"evme-shortcut-custom":"사용자 정의…","evme-shortcut-id-astrology":"운세","evme-shortcut-id-autos":"자동차","evme-shortcut-id-beauty":"미용","evme-shortcut-id-books":"책","evme-shortcut-id-celebs":"유명 인사","evme-shortcut-id-daily-deals":"할인 정보","evme-shortcut-id-dating":"소개팅","evme-shortcut-id-electronics":"전자기기","evme-shortcut-id-email":"이메일","evme-shortcut-id-entertainment":"엔터테인먼트","evme-shortcut-id-environment":"환경","evme-shortcut-id-fashion":"패션","evme-shortcut-id-funny":"재미","evme-shortcut-id-games":"게임","evme-shortcut-id-government":"정부기관","evme-shortcut-id-health":"건강","evme-shortcut-id-jobs":"직업","evme-shortcut-id-local":"위치","evme-shortcut-id-maps":"지도","evme-shortcut-id-movies":"영화","evme-shortcut-id-music":"음악","evme-shortcut-id-new-apps":"신규 앱","evme-shortcut-id-news":"뉴스","evme-shortcut-id-photography":"사진","evme-shortcut-id-recipes":"요리","evme-shortcut-id-restaurants":"식당","evme-shortcut-id-shopping":"쇼핑","evme-shortcut-id-social":"소셜","evme-shortcut-id-sports":"스포츠","evme-shortcut-id-tech-news":"IT뉴스","evme-shortcut-id-top-apps":"인기 앱","evme-shortcut-id-travel":"여행","evme-shortcut-id-tv":"TV","evme-shortcut-id-video":"동영상","evme-shortcut-id-utilities":"유틸리티","evme-shortcut-id-weather":"날씨","evme-add-to-top-of-collection":"위쪽 컬렉션에 추가","evme-save-to-homescreen":"홈 화면에 추가","edit-dialog-header":"편집","edit-dialog-name":"웹사이트 이름","edit-dialog-url":"주소","edit-dialog-cancel":"취소","edit-dialog-done":"완료","evme-close":{"ariaLabel":"Close"},"evme-done":{"ariaLabel":"Save"}}