{"Showbiz":"Шоу-бизнис","Social":"Друштвени","Games":"Игри","Music":"Музика","wrapper-search-name":"{{topic}} на {{name}}","contextmenu-add-wallpaper":"Промени тапет","contextmenu-add-smart-collections":"Додај Паметни збирки","delete-title":"Избриши {{name}}","delete-body":"{{name}} и сите негови податоци ќе бидат избришани.","delete":"Избриши","cancel":"Откажи","remove-title-2":"Отстрани {{name}}","remove-body":"Отстрани {{name}} од домашниот екран?","remove":"Отстрани","longDateFormat":"%A, %e %B","download":"Преземи","restart-download-title":"Рестартирај преземање","restart-download-body":"Дали сакате да преземете {{name}}?","paginationBarText":"Page {{current}} of {{total}}","paginationScroller":{"ariaLabel":"Homescreen"},"loadingEvme2":"Се вчитува…","evme-searchbar-default":{"_":"Сѐ…","placeholder":"Размислувам за…"},"evme-searchbar-default2":{"_":"Размислувам за…","placeholder":"Размислувам за…"},"evme-searchbar-clear":"Назад","evme-searchbar-title":"Сѐ","evme-helper-default":"Внесете тема или пребарување","evme-helper-default2":"Внесете тема или клучен збор","evme-helper-dismiss":"Заборави","evme-helper-no-refine":"Не се најдени опции","evme-helper-history-title":"Историја:","evme-helper-history-link":"Историја","evme-helper-history-clear":"Исчисти ја историјата","evme-helper-didyoumean-title":"Дали мислевте:","evme-helper-refine-title":"Дали мислевте:","evme-helper-title-prefix":"Сѐ","evme-helper-title-empty":"Сѐ","evme-helper-save-search":"Add to homescreen","evme-helper-unsave-search":"Remove from homescreen","evme-apps-market-download":"Преземи","evme-apps-market-more-apps":"Повеќе апликации","evme-apps-loading-app":"Сѐ вчитува…","evme-appsmore-loading":"Сѐ вчитува…","evme-alert-app-install-confirm":"Додај {{name}} на домашниот екран?","evme-alert-app-install-exists":"{{name}} веќе постои на домашниот екран","evme-alert-offline-smart-collections-more":"Врзете се на Интернет за додавање на повеќе Паметни збирки","evme-alert-save-wallpaper":"Да поставам како тапет?","evme-alert-no-more-smart-collections":"Нема Паметни збирки за додавање","evme-banner-app-install-success":"{{name}} е додаден на домашниот екран","evme-banner-save-wallpaper":"Тапетот е успешно поставен","evme-shortcuts-more":"Повеќе","evme-collectionssuggest-loading":"Се вчитува…","evme-collectionssuggest-loading-cancel":"Откажи","evme-collectionssuggest-prompt-create-custom":"Создадете сопствени Паметни збирки","evme-backgroundimage-source-label":"Извор:","evme-collection-title-prefix":"Сѐ","evme-collection-title-suffix":"Телефон","evme-collection-loading-more":"Се вчитува…","evme-connectionmessage-apps":"Поврзете се на интернет за да земете апликации за {{query}}","evme-connectionmessage-apps-has-installed":"Поврзете се на интернет за да земете повеќе апликации за {{query}}","evme-tips-app-explain":{"innerHTML":"Најдете ги нештата што ги саката со најдобрите апликации."},"evme-tips-searchbar-focus":{"innerHTML":"На пример, најдете го Вашиот омилен пејач или бенд…"},"evme-tips-exact-results":{"innerHTML":"Ова се апликациите за <b>{{query}}</b>,<br /><br /> притиснете на било која икона за да ги отворите."},"evme-shortcut-custom":"По избор...","evme-shortcut-id-astrology":"Астрологија","evme-shortcut-id-autos":"Автомобили","evme-shortcut-id-beauty":"Убавина","evme-shortcut-id-books":"Книги","evme-shortcut-id-celebs":"Славни лица","evme-shortcut-id-daily-deals":"Дневни зделки","evme-shortcut-id-dating":"Љубовни средби","evme-shortcut-id-electronics":"Електроника","evme-shortcut-id-email":"Е-пошта","evme-shortcut-id-entertainment":"Забава","evme-shortcut-id-environment":"Животна средина","evme-shortcut-id-fashion":"Мода","evme-shortcut-id-funny":"Смешки","evme-shortcut-id-games":"Игри","evme-shortcut-id-government":"Влада","evme-shortcut-id-health":"Здравје","evme-shortcut-id-jobs":"Работа","evme-shortcut-id-local":"Локално","evme-shortcut-id-maps":"Мапи","evme-shortcut-id-movies":"Филмови","evme-shortcut-id-music":"Музика","evme-shortcut-id-new-apps":"Нови апликации","evme-shortcut-id-news":"Вести","evme-shortcut-id-photography":"Фотографија","evme-shortcut-id-recipes":"Рецепти","evme-shortcut-id-restaurants":"Ресторани","evme-shortcut-id-shopping":"Шопинг","evme-shortcut-id-social":"Социјални мрежи","evme-shortcut-id-sports":"Спорт","evme-shortcut-id-tech-news":"Вести од технологијата","evme-shortcut-id-top-apps":"Најдобри апликации","evme-shortcut-id-travel":"Патувања","evme-shortcut-id-tv":"ТВ","evme-shortcut-id-video":"Видео","evme-shortcut-id-utilities":"Алатки","evme-shortcut-id-weather":"Време","evme-add-to-top-of-collection":"Додај на врвот на збирката","evme-save-to-homescreen":"Зачувај на Домашен екран","edit-dialog-header":"Уреди","edit-dialog-name":"Име на веб сајт","edit-dialog-url":"Адреса","edit-dialog-cancel":"Откажи","edit-dialog-done":"Готово","evme-close":{"ariaLabel":"Close"},"evme-done":{"ariaLabel":"Save"}}