{"Showbiz":"Dunia Hiburan","Social":"Sosial","Games":"Permainan","Music":"Muzik","wrapper-search-name":"{{topic}} pada {{name}}","contextmenu-add-wallpaper":"Tukar Kertas Dinding","contextmenu-add-smart-collections":"Tambah Koleksi Pintar","delete-title":"Hapus {{name}}","delete-body":"{{name}} dan semua datanya akan dihapuskan.","delete":"Hapus","cancel":"Batal","remove-title-2":"Singkir {{name}}","remove-body":"Singkir {{name}} daripada laman utama?","remove":"Singkir","longDateFormat":"%A, %B %e","download":"Muat turun","restart-download-title":"Ulang mula muat turun","restart-download-body":"Adakah anda ingin muat turun {{name}}?","paginationBarText":"Page {{current}} of {{total}}","paginationScroller":{"ariaLabel":"Skrin Utama"},"loadingEvme2":"Mumuat...","evme-searchbar-default":{"_":"Kesemuanya...","placeholder":"Saya memikirkan ..."},"evme-searchbar-default2":{"_":"Saya memikirkan ...","placeholder":"Saya memikirkan ..."},"evme-searchbar-clear":"Undur","evme-searchbar-title":"Kesemuanya...","evme-helper-default":"Masukkan pertanyaan untuk sebarang topik atau carian","evme-helper-default2":"Masukkan sebarang topik atau kata kunci","evme-helper-dismiss":"Bersurai","evme-helper-no-refine":"Tiada pilihan ditemui","evme-helper-history-title":"Sejarah:","evme-helper-history-link":"Sejarah","evme-helper-history-clear":"Lapangkan sejarah","evme-helper-didyoumean-title":"Adakah anda maksudkan:","evme-helper-refine-title":"Adakah anda maksudkan:","evme-helper-title-prefix":"Kesemuanya","evme-helper-title-empty":"Kesemuanya","evme-helper-save-search":"Add to homescreen","evme-helper-unsave-search":"Singkir dari skrin utama","evme-apps-market-download":"Muat turun","evme-apps-market-more-apps":"Lagi App","evme-apps-loading-app":"Mumuat...","evme-appsmore-loading":"Mumuat...","evme-alert-app-install-confirm":"Tambah {{name}} ke Skrin Utama?","evme-alert-app-install-exists":"{{name}} sudah ditambah ke Skrin Utama","evme-alert-offline-smart-collections-more":"Sambung ke Internet untuk menambah lagi Koleksi Pintar","evme-alert-save-wallpaper":"Tetapkan sebagai kertas dinding?","evme-alert-no-more-smart-collections":"Tiada Koleksi Pintar untuk ditambah","evme-banner-app-install-success":"{{name}} ditambah ke Skrin Utama","evme-banner-save-wallpaper":"Kertas Dinding berjaya ditetapkan","evme-shortcuts-more":"Lagi","evme-collectionssuggest-loading":"Mumuat...","evme-collectionssuggest-loading-cancel":"Batal","evme-collectionssuggest-prompt-create-custom":"Cipta Koleksi Pintar anda sendiri","evme-backgroundimage-source-label":"Sumber:","evme-collection-title-prefix":"Kesemuanya","evme-collection-title-suffix":"Telefon","evme-collection-loading-more":"Mumuat...","evme-connectionmessage-apps":"Sambung ke Internet untuk mendapatkan app untuk {{query}}","evme-connectionmessage-apps-has-installed":"Sambung ke Internet untuk mendapatkan lebih banyak app untuk {{query}}","evme-tips-app-explain":{"innerHTML":"Cari perkara y ang anda sukai dengan app terhebat."},"evme-tips-searchbar-focus":{"innerHTML":"Sebagai contoh, cari penyanyi atau kumpulan kegemaran..."},"evme-tips-exact-results":{"innerHTML":"Berikut adalah app untuk <b>{{query}}</b>.<br/><br/> tap sebarang ikon untuk membukanya."},"evme-shortcut-custom":"Suaian...","evme-shortcut-id-astrology":"Astrologi","evme-shortcut-id-autos":"Auto","evme-shortcut-id-beauty":"Kecantikan","evme-shortcut-id-books":"Buku","evme-shortcut-id-celebs":"Selebriti","evme-shortcut-id-daily-deals":"Janji Harian","evme-shortcut-id-dating":"Pertemuan","evme-shortcut-id-electronics":"Elektronik","evme-shortcut-id-email":"Emel","evme-shortcut-id-entertainment":"Hiburan","evme-shortcut-id-environment":"Persekitaran","evme-shortcut-id-fashion":"Fesyen","evme-shortcut-id-funny":"Jenaka","evme-shortcut-id-games":"Permainan","evme-shortcut-id-government":"Kerajaan","evme-shortcut-id-health":"Kesihatan","evme-shortcut-id-jobs":"Kerja","evme-shortcut-id-local":"Lokal","evme-shortcut-id-maps":"Peta","evme-shortcut-id-movies":"Wayang","evme-shortcut-id-music":"Muzik","evme-shortcut-id-new-apps":"App Baru","evme-shortcut-id-news":"Berita","evme-shortcut-id-photography":"Fotografi","evme-shortcut-id-recipes":"Resepi","evme-shortcut-id-restaurants":"Restoran","evme-shortcut-id-shopping":"Membeli-belah","evme-shortcut-id-social":"Sosial","evme-shortcut-id-sports":"Sukan","evme-shortcut-id-tech-news":"Berita Tek","evme-shortcut-id-top-apps":"App Popular","evme-shortcut-id-travel":"Pelancongan","evme-shortcut-id-tv":"TV","evme-shortcut-id-video":"Video","evme-shortcut-id-utilities":"Utiliti","evme-shortcut-id-weather":"Cuaca","evme-add-to-top-of-collection":"Tambah ke koleksi terbaik","evme-save-to-homescreen":"Simpan ke Skrin Utama","edit-dialog-header":"Sunting","edit-dialog-name":"Website name","edit-dialog-url":"Address","edit-dialog-cancel":"Batal","edit-dialog-done":"Selesai","evme-close":{"ariaLabel":"Tutup"},"evme-done":{"ariaLabel":"Simpan"}}