{"Showbiz":"ਸ਼ੋ-ਬਿਜ਼","Social":"ਸਮਾਜਿਕ","Games":"ਖੇਡਾਂ","Music":"ਸੰਗੀਤ","wrapper-search-name":"{{name}} ਉੱਤੇ {{topic}}","contextmenu-add-wallpaper":"ਵਾਲਪੇਪਰ ਬਦਲੋ","contextmenu-add-smart-collections":"ਚੁਸਤ ਭੰਡਾਰ ਵਿੱਚ ਜੋੜੋ","delete-title":"{{name}} ਹਟਾਓ","delete-body":"{{name}} ਅਤੇ ਇਸ ਦਾ ਸਾਰਾ ਡਾਟਾ ਹਟਾਇਆ ਜਾਵੇਗਾ।","delete":"ਹਟਾਓ","cancel":"ਰੱਦ ਕਰੋ","remove-title-2":"{{name}} ਹਟਾਓ","remove-body":"ਮੁੱਖ ਸਕਰੀਨ ਤੋਂ {{name}} ਨੂੰ ਹਟਾਉਣਾ ਹੈ?","remove":"ਹਟਾਓ","longDateFormat":"%A %e %B ","download":"ਡਾਊਨਲੋਡ","restart-download-title":"ਡਾਊਨਲੋਡ ਮੁੜ-ਸ਼ੁਰੂ","restart-download-body":"ਕੀ ਤੁਸੀਂ {{name}} ਡਾਊਨਲੋਡ ਕਰਨਾ ਚਾਹੁੰਦੇ ਹੋ?","paginationBarText":"Page {{current}} of {{total}}","paginationScroller":{"ariaLabel":"Homescreen"},"loadingEvme2":"…ਲੋਡ ਕੀਤਾ ਜਾ ਰਿਹਾ ਹੈ","evme-searchbar-default":{"_":"…ਹਰ ਚੀਜ਼","placeholder":"…ਬਾਰੇ ਮੈਂ ਸੋਚਿਆ ਹੈ"},"evme-searchbar-default2":{"_":"…ਬਾਰੇ ਮੈਂ ਸੋਚਿਆ ਹੈ","placeholder":"…ਬਾਰੇ ਮੈਂ ਸੋਚਿਆ ਹੈ"},"evme-searchbar-clear":"ਵਾਪਿਸ","evme-searchbar-title":"ਹਰ ਚੀਜ਼","evme-helper-default":"ਕੋਈ ਵਿਸ਼ਾ ਜਾਂ ਖੋਜ ਸਵਾਲ ਦਿਉ","evme-helper-default2":"ਕੋਈ ਵਿਸ਼ਾ ਜਾਂ ਸ਼ਬਦ ਦਿਓ","evme-helper-dismiss":"ਰੱਦ","evme-helper-no-refine":"ਕੋਈ ਚੋਣ ਨਹੀਂ ਲੱਭੀ","evme-helper-history-title":"ਅਤੀਤ:","evme-helper-history-link":"ਅਤੀਤ","evme-helper-history-clear":"ਅਤੀਤ ਸਾਫ਼ ਕਰੋ","evme-helper-didyoumean-title":"ਤੁਹਾਡਾ ਭਾਵ ਸੀ:","evme-helper-refine-title":"ਤੁਹਾਡਾ ਭਾਵ ਸੀ:","evme-helper-title-prefix":"ਹਰ-ਚੀਜ਼","evme-helper-title-empty":"ਹਰ-ਚੀਜ਼","evme-helper-save-search":"Add to homescreen","evme-helper-unsave-search":"Remove from homescreen","evme-apps-market-download":"ਡਾਊਨਲੋਡ","evme-apps-market-more-apps":"ਹੋਰ ਐਪਸ","evme-apps-loading-app":"…ਲੋਡ ਕੀਤੀ ਜਾ ਰਹੀ ਹੈ","evme-appsmore-loading":"…ਲੋਡ ਕੀਤੀ ਜਾ ਰਹੀ ਹੈ","evme-alert-app-install-confirm":"{{name}} ਨੂੰ ਮੁੱਖ ਸਕਰੀਨ ਉੱਤੇ ਜੋੜਨਾ ਹੈ?","evme-alert-app-install-exists":"{{name}} ਪਹਿਲਾਂ ਹੀ ਮੁੱਕ ਸਕਰੀਨ ਉੱਤੇ ਜੋੜਿਆ ਗਿਆ ਸੀ","evme-alert-offline-smart-collections-more":"ਹੋਰ ਚੁਸਤ ਭੰਡਾਰ ਜੋੜਨ ਲਈ ਇੰਟਰਨੈੱਟ ਨਾਲ ਕੁਨੈਕਟ ਕਰੋ","evme-alert-save-wallpaper":"ਵਾਲਪੇਪਰ ਲਗਾਉਣਾ ਹੈ?","evme-alert-no-more-smart-collections":"ਜੋੜਨ ਲਈ ਕੋਈ ਚੁਸਤ ਭੰਡਾਰ ਨਹੀਂ ਹੈ","evme-banner-app-install-success":"{{name}} ਨੂੰ ਮੁੱਖ ਸਫ਼ੇ ਉੱਤੇ ਜੋੜਿਆ ਗਿਆ","evme-banner-save-wallpaper":"ਵਾਲਪੇਪਰ ਠੀਕ ਤਰ੍ਹਾਂ ਲਗਾਇਆ ਗਿਆ ਹੈ","evme-shortcuts-more":"ਹੋਰ","evme-collectionssuggest-loading":"…ਲੋਡ ਕੀਤੀ ਜਾ ਰਹੀ ਹੈ","evme-collectionssuggest-loading-cancel":"ਰੱਦ ਕਰੋ","evme-collectionssuggest-prompt-create-custom":"ਆਪਣਾ ਚੁਸਤ ਭੰਡਾਰ ਬਣਾਓ","evme-backgroundimage-source-label":"ਸਰੋਤ:","evme-collection-title-prefix":"ਹਰ ਚੀਜ਼","evme-collection-title-suffix":"ਫੋਨ","evme-collection-loading-more":"…ਲੋਡ ਕੀਤਾ ਜਾ ਰਿਹਾ ਹੈ","evme-connectionmessage-apps":"{{query}} ਲਈ ਐਪਸ ਲੈਣ ਲਈ ਇੰਟਰਨੈੱਟ ਨਾਲ ਕੁਨੈਕਟ ਕਰੋ","evme-connectionmessage-apps-has-installed":"{{query}} ਲਈ ਹੋਰ ਵੀ ਐਪਸ ਲੈਣ ਲਈ ਇੰਟਰਨੈੱਟ ਨਾਲ ਕੁਨੈਕਟ ਕਰੋ","evme-tips-app-explain":{"innerHTML":"ਸਭ ਤੋਂ ਵਧੀਆ ਐਪਸ ਨਾਲ ਆਪਣੀ ਪਸੰਦ ਦੀਆਂ ਚੀਜ਼ਾਂ ਲੱਭੋ।"},"evme-tips-searchbar-focus":{"innerHTML":"ਉਦਾਹਰਨ ਲਈ ਆਪਣੀ ਪਸੰਦ ਦਾ ਗਾਇਕ ਜਾਂ ਵੀਡੀਓ…"},"evme-tips-exact-results":{"innerHTML":"<b>{{query}}</b> ਲਈ ਐਪਸ ਹਨ,<br /><br /> ਇਸ ਨੂੰ ਖੋਲ੍ਹਣ ਲਈ ਕਿਸੇ ਆਈਕਾਨ ਨੂੰ ਛੂਹੋ।"},"evme-shortcut-custom":"…ਪਸੰਦੀਦਾ","evme-shortcut-id-astrology":"ਜੋਤਸ਼","evme-shortcut-id-autos":"ਆਟੋ","evme-shortcut-id-beauty":"ਖੂਬਸੂਰਤੀ","evme-shortcut-id-books":"ਕਿਤਾਬਾਂ","evme-shortcut-id-celebs":"ਨਾਮਵਰ ਹਸਤੀਆਂ","evme-shortcut-id-daily-deals":"ਰੋਜ਼ਾਨਾ ਸੌਦੇ","evme-shortcut-id-dating":"ਡੇਟਿੰਗ","evme-shortcut-id-electronics":"ਇਲੈਕਟ੍ਰੋਨਿਕਸ","evme-shortcut-id-email":"ਈਮੇਲ","evme-shortcut-id-entertainment":"ਮਨੋਰੰਜਨ","evme-shortcut-id-environment":"ਵਾਤਾਵਰਨ","evme-shortcut-id-fashion":"ਫੈਸ਼ਨ","evme-shortcut-id-funny":"ਮਖੌਲ","evme-shortcut-id-games":"ਖੇਡਾਂ","evme-shortcut-id-government":"ਸਰਕਾਰ","evme-shortcut-id-health":"ਸਿਹਤ","evme-shortcut-id-jobs":"ਕੰਮ","evme-shortcut-id-local":"ਲੋਕਲ","evme-shortcut-id-maps":"ਨਕਸ਼ੇ","evme-shortcut-id-movies":"ਫਿਲਮਾਂ","evme-shortcut-id-music":"ਸੰਗੀਤ","evme-shortcut-id-new-apps":"ਨਵੇਂ ਐਪਸ","evme-shortcut-id-news":"ਖ਼ਬਰਾਂ","evme-shortcut-id-photography":"ਫੋਟੋਗਰਾਫ਼ੀ","evme-shortcut-id-recipes":"ਖਾਣੇ ਦੇ ਗੁਰ","evme-shortcut-id-restaurants":"ਰੈਸਟੋਰੈਂਟ","evme-shortcut-id-shopping":"ਖਰੀਦਦਾਰੀ","evme-shortcut-id-social":"ਸਮਾਿਜਕ","evme-shortcut-id-sports":"ਖੇਡਾਂ","evme-shortcut-id-tech-news":"ਤਕਨੀਕੀ ਖ਼ਬਰਾਂ","evme-shortcut-id-top-apps":"ਚੋਟੀਆਂ ਦੀਆਂ ਐਪਸ","evme-shortcut-id-travel":"ਯਾਤਰਾ","evme-shortcut-id-tv":"ਟੀਵੀ","evme-shortcut-id-video":"ਵੀਡੀਓ","evme-shortcut-id-utilities":"ਸਹੂਲਤਾਂ","evme-shortcut-id-weather":"ਮੌਸਮ","evme-add-to-top-of-collection":"ਭੰਡਾਰ ਵਿੱਚ ਜੋੜੋ","evme-save-to-homescreen":"ਮੁੱਖ ਸਕਰੀਨ ਉੱਤੇ ਜੋੜੋ","edit-dialog-header":"ਸੋਧ","edit-dialog-name":"ਵੈੱਬਸਾਈਟ ਨਾਂ","edit-dialog-url":"ਸਿਰਨਾਵਾਂ","edit-dialog-cancel":"ਰੱਦ ਕਰੋ","edit-dialog-done":"ਮੁਕੰਮਲ","evme-close":{"ariaLabel":"Close"},"evme-done":{"ariaLabel":"Save"}}