{"Showbiz":"Rozrywka","Social":"Społecznościowe","Games":"Gry","Music":"Muzyka","wrapper-search-name":"„{{topic}}” w „{{name}}”","contextmenu-add-wallpaper":"Zmień tło ekranu","contextmenu-add-smart-collections":"Dodaj folder wyszukiwania","delete-title":"Usuwanie „{{name}}”","delete-body":"Aplikacja „{{name}}” i wszystkie powiązane z nią dane zostaną usunięte.","delete":"Usuń","cancel":"Anuluj","remove-title-2":"Usuwanie „{{name}}”","remove-body":"Usunąć „{{name}}” z ekranu głównego?","remove":"Usuń","longDateFormat":"%A, %e %Eb","download":"Pobierz","restart-download-title":"Wznawianie pobierania","restart-download-body":"Pobrać aplikację „{{name}}”?","paginationBarText":"Strona {{current}} z {{total}}","paginationScroller":{"ariaLabel":"Ekran główny"},"loadingEvme2":"Wczytywanie…","evme-searchbar-default":{"_":"Wyszukaj cokolwiek…","placeholder":"Wyszukaj cokolwiek…"},"evme-searchbar-default2":{"_":"Wyszukaj cokolwiek…","placeholder":"Wyszukaj cokolwiek…"},"evme-searchbar-clear":"Wstecz","evme-searchbar-title":"Wszystko","evme-helper-default":"Wprowadź dowolny temat lub zapytanie","evme-helper-default2":"Wprowadź temat lub słowo kluczowe","evme-helper-dismiss":"Odrzuć","evme-helper-no-refine":"Nie znaleziono ustawień","evme-helper-history-title":"Historia:","evme-helper-history-link":"Historia","evme-helper-history-clear":"Wyczyść historię","evme-helper-didyoumean-title":"Czy chodziło o:","evme-helper-refine-title":"Czy chodziło o:","evme-helper-title-prefix":"Wszystko","evme-helper-title-empty":"Wszystko","evme-helper-save-search":"Dodaj do ekranu głównego","evme-helper-unsave-search":"Usuń z ekranu głównego","evme-apps-market-download":"Pobierz","evme-apps-market-more-apps":"Więcej aplikacji","evme-apps-loading-app":"Wczytywanie…","evme-appsmore-loading":"Wczytywanie…","evme-alert-app-install-confirm":"Dodać aplikację „{{name}}” do ekranu głównego?","evme-alert-app-install-exists":"Aplikacja „{{name}}” znajduje się już na ekranie głównym","evme-alert-offline-smart-collections-more":"Połącz się z Internetem, aby dodać więcej folderów wyszukiwania","evme-alert-save-wallpaper":"Ustawić jako tło ekranu?","evme-alert-no-more-smart-collections":"Brak folderów wyszukiwania do dodania","evme-banner-app-install-success":"Aplikacja „{{name}}” została dodana do ekranu głównego","evme-banner-save-wallpaper":"Ustawiono jako tło","evme-shortcuts-more":"Więcej","evme-collectionssuggest-loading":"Wczytywanie…","evme-collectionssuggest-loading-cancel":"Anuluj","evme-collectionssuggest-prompt-create-custom":"Utwórz własny folder wyszukiwania","evme-backgroundimage-source-label":"Źródło:","evme-collection-title-prefix":"Wszystko","evme-collection-title-suffix":"Telefon","evme-collection-loading-more":"Wczytywanie…","evme-connectionmessage-apps":"Połącz się z internetem, aby pobrać aplikacje dla „{{query}}”","evme-connectionmessage-apps-has-installed":"Połącz się z internetem, aby pobrać jeszcze więcej aplikacji dla „{{query}}”","evme-tips-app-explain":{"innerHTML":"Wyszukuj ulubione rzeczy dzięki najlepszym aplikacjom."},"evme-tips-searchbar-focus":{"innerHTML":"Przykładowo, wyszukaj swoją ulubioną muzykę…"},"evme-tips-exact-results":{"innerHTML":"Wybrane aplikacje dla zapytania „<b>{{query}}</b>”,<br /><br /> stuknij w ikonę, aby otworzyć aplikację."},"evme-shortcut-custom":"Użytkownika","evme-shortcut-id-astrology":"Astrologia","evme-shortcut-id-autos":"Samochody","evme-shortcut-id-beauty":"Uroda","evme-shortcut-id-books":"Książki","evme-shortcut-id-celebs":"Gwiazdy","evme-shortcut-id-daily-deals":"Promocje dnia","evme-shortcut-id-dating":"Randki","evme-shortcut-id-electronics":"Elektronika","evme-shortcut-id-email":"E-mail","evme-shortcut-id-entertainment":"Rozrywka","evme-shortcut-id-environment":"Środowisko","evme-shortcut-id-fashion":"Moda","evme-shortcut-id-funny":"Śmieszne","evme-shortcut-id-games":"Gry","evme-shortcut-id-government":"Polityka","evme-shortcut-id-health":"Zdrowie","evme-shortcut-id-jobs":"Praca","evme-shortcut-id-local":"Lokalne","evme-shortcut-id-maps":"Mapy","evme-shortcut-id-movies":"Filmy","evme-shortcut-id-music":"Muzyka","evme-shortcut-id-new-apps":"Nowe aplikacje","evme-shortcut-id-news":"Wiadomości","evme-shortcut-id-photography":"Fotografie","evme-shortcut-id-recipes":"Przepisy","evme-shortcut-id-restaurants":"Restauracje","evme-shortcut-id-shopping":"Zakupy","evme-shortcut-id-social":"Sieci społecznościowe","evme-shortcut-id-sports":"Sport","evme-shortcut-id-tech-news":"Wiadomości technologiczne","evme-shortcut-id-top-apps":"Popularne aplikacje","evme-shortcut-id-travel":"Podróże","evme-shortcut-id-tv":"TV","evme-shortcut-id-video":"Wideo","evme-shortcut-id-utilities":"Narzędzia","evme-shortcut-id-weather":"Pogoda","evme-add-to-top-of-collection":"Przypnij na górze folderu wyszukiwania","evme-save-to-homescreen":"Dodaj do ekranu głównego","edit-dialog-header":"Edycja","edit-dialog-name":"Nazwa","edit-dialog-url":"Adres","edit-dialog-cancel":"Anuluj","edit-dialog-done":"Gotowe","evme-close":{"ariaLabel":"Zamknij"},"evme-done":{"ariaLabel":"Zapisz"}}