{"Showbiz":"Entretenimento","Social":"Social","Games":"Jogos","Music":"Música","wrapper-search-name":"{{topic}} em {{name}}","contextmenu-add-wallpaper":"Mudar papel de parede","contextmenu-add-smart-collections":"Adicionar coleção inteligente","delete-title":"Apagar {{name}}","delete-body":"{{name}} e todos os seus dados serão apagados.","delete":"Apagar","cancel":"Cancelar","remove-title-2":"Remover {{name}}","remove-body":"Remover {{name}} da tela inicial?","remove":"Remover","longDateFormat":"%A, %e de %B","download":"Baixar","restart-download-title":"Reiniciar download","restart-download-body":"Deseja baixar {{name}}?","paginationBarText":"Page {{current}} of {{total}}","paginationScroller":{"ariaLabel":"Homescreen"},"loadingEvme2":"Carregando…","evme-searchbar-default":{"_":"Tudo…","placeholder":"Estou pensando em…"},"evme-searchbar-default2":{"_":"Estou pensando em…","placeholder":"Estou pensando em…"},"evme-searchbar-clear":"Voltar","evme-searchbar-title":"Tudo","evme-helper-default":"Insira um assunto para pesquisar","evme-helper-default2":"Insira um assunto ou palavra-chave","evme-helper-dismiss":"Esconder","evme-helper-no-refine":"Nenhuma opção encontrada","evme-helper-history-title":"Histórico:","evme-helper-history-link":"Histórico","evme-helper-history-clear":"Limpar histórico","evme-helper-didyoumean-title":"Você quis dizer:","evme-helper-refine-title":"Você quis dizer:","evme-helper-title-prefix":"Tudo","evme-helper-title-empty":"Tudo","evme-helper-save-search":"Add to homescreen","evme-helper-unsave-search":"Remove from homescreen","evme-apps-market-download":"Baixar","evme-apps-market-more-apps":"Mais aplicativos","evme-apps-loading-app":"Carregando…","evme-appsmore-loading":"Carregando…","evme-alert-app-install-confirm":"Adicionar {{name}} à Tela Inicial?","evme-alert-app-install-exists":"{{name}} já foi adicionado à Tela Inicial","evme-alert-offline-smart-collections-more":"Conecte-se à Internet para adicionar mais coleções inteligentes","evme-alert-save-wallpaper":"Definir como papel de parede?","evme-alert-no-more-smart-collections":"Nenhuma coleção inteligente para adicionar","evme-banner-app-install-success":"{{name}} adicionado à Tela Inicial","evme-banner-save-wallpaper":"Papel de parede definido com sucesso","evme-shortcuts-more":"Mais","evme-collectionssuggest-loading":"Carregando…","evme-collectionssuggest-loading-cancel":"Cancelar","evme-collectionssuggest-prompt-create-custom":"Crie sua própria coleção inteligente","evme-backgroundimage-source-label":"Fonte:","evme-collection-title-prefix":"Tudo","evme-collection-title-suffix":"Telefone","evme-collection-loading-more":"Carregando…","evme-connectionmessage-apps":"Conecte-se à Internet para achar um aplicativo para {{query}}","evme-connectionmessage-apps-has-installed":"Conecte-se à Internet para achar ainda mais aplicativos para {{query}}","evme-tips-app-explain":{"innerHTML":"Encontre as coisas que você ama com os aplicativos mais legais."},"evme-tips-searchbar-focus":{"innerHTML":"Por exemplo, encontre sua banda ou cantor favorito…"},"evme-tips-exact-results":{"innerHTML":"Esses são os aplicativos para <b>{{query}}</b>,<br /><br /> toque qualquer ícone para abrir."},"evme-shortcut-custom":"Customizado","evme-shortcut-id-astrology":"Astrologia","evme-shortcut-id-autos":"Carros","evme-shortcut-id-beauty":"Beleza","evme-shortcut-id-books":"Livros","evme-shortcut-id-celebs":"Celebridades","evme-shortcut-id-daily-deals":"Promoções","evme-shortcut-id-dating":"Namoro","evme-shortcut-id-electronics":"Eletrônicos","evme-shortcut-id-email":"E-mail","evme-shortcut-id-entertainment":"Entretenimento","evme-shortcut-id-environment":"Ambiente","evme-shortcut-id-fashion":"Moda","evme-shortcut-id-funny":"Comédia","evme-shortcut-id-games":"Jogos","evme-shortcut-id-government":"Governo","evme-shortcut-id-health":"Saúde","evme-shortcut-id-jobs":"Empregos","evme-shortcut-id-local":"Notícias Locais","evme-shortcut-id-maps":"Mapas","evme-shortcut-id-movies":"Filmes","evme-shortcut-id-music":"Música","evme-shortcut-id-new-apps":"Aplicativos novos","evme-shortcut-id-news":"Notícias","evme-shortcut-id-photography":"Fotografia","evme-shortcut-id-recipes":"Receitas","evme-shortcut-id-restaurants":"Restaurantes","evme-shortcut-id-shopping":"Compras","evme-shortcut-id-social":"Social","evme-shortcut-id-sports":"Esportes","evme-shortcut-id-tech-news":"Tecnologia","evme-shortcut-id-top-apps":"Aplicativos populares","evme-shortcut-id-travel":"Viagens","evme-shortcut-id-tv":"TV","evme-shortcut-id-video":"Vídeo","evme-shortcut-id-utilities":"Utilidades","evme-shortcut-id-weather":"Clima","evme-add-to-top-of-collection":"Adicionar ao topo da coleção","evme-save-to-homescreen":"Salvar na Tela Inicial","edit-dialog-header":"Editar","edit-dialog-name":"Nome do site","edit-dialog-url":"Endereço","edit-dialog-cancel":"Cancelar","edit-dialog-done":"Pronto","evme-close":{"ariaLabel":"Close"},"evme-done":{"ariaLabel":"Save"}}