{"Showbiz":"Showbiz","Social":"Social","Games":"Jocuri","Music":"Muzică","wrapper-search-name":"{{topic}} pe {{name}}","contextmenu-add-wallpaper":"Schimbă fundalul","contextmenu-add-smart-collections":"Adaugă colecții inteligente","delete-title":"Șterge {{name}}","delete-body":"{{name}} și toate datele sale vor fi șterse.","delete":"Șterge","cancel":"Renunță","remove-title-2":"Elimină {{name}}","remove-body":"Elimini {{name}} de pe ecranul principal?","remove":"Elimină","longDateFormat":"%A, %e %B","download":"Descarcă","restart-download-title":"Repornește descărcarea","restart-download-body":"Dorești să descarci {{name}}?","paginationBarText":"Page {{current}} of {{total}}","paginationScroller":{"ariaLabel":"Homescreen"},"loadingEvme2":"Se încarcă…","evme-searchbar-default":{"_":"Totul…","placeholder":"Mă gândesc la…"},"evme-searchbar-default2":{"_":"Mă gândesc la…","placeholder":"Mă gândesc la…"},"evme-searchbar-clear":"Înapoi","evme-searchbar-title":"Totul","evme-helper-default":"Introdu orice subiect sau căutare","evme-helper-default2":"Introdu orice subiect sau cuvânt cheie","evme-helper-dismiss":"Înlătură","evme-helper-no-refine":"Nicio opțiune găsită","evme-helper-history-title":"Istoric:","evme-helper-history-link":"Istoric","evme-helper-history-clear":"Curăță istoricul","evme-helper-didyoumean-title":"Ai vrut să spui:","evme-helper-refine-title":"Ai vrut să spui:","evme-helper-title-prefix":"Totul","evme-helper-title-empty":"Totul","evme-helper-save-search":"Add to homescreen","evme-helper-unsave-search":"Remove from homescreen","evme-apps-market-download":"Descarcă","evme-apps-market-more-apps":"Mai multe aplicații","evme-apps-loading-app":"Se încarcă…","evme-appsmore-loading":"Se încarcă…","evme-alert-app-install-confirm":"Adaugi {{name}} la ecranul principal?","evme-alert-app-install-exists":"{{name}} a fost deja adăugat la ecranul principal","evme-alert-offline-smart-collections-more":"Conectează-te la net pentru a adăuga mai multe colecții inteligente","evme-alert-save-wallpaper":"Setezi ca imagine de fundal?","evme-alert-no-more-smart-collections":"Nicio colecție inteligentă de adăugat","evme-banner-app-install-success":"{{name}} adăugat la ecranul principal","evme-banner-save-wallpaper":"Imagine de fundal setată cu succes","evme-shortcuts-more":"Mai multe","evme-collectionssuggest-loading":"Se încarcă…","evme-collectionssuggest-loading-cancel":"Renunță","evme-collectionssuggest-prompt-create-custom":"Creează-ți propria colecție inteligentă","evme-backgroundimage-source-label":"Sursă:","evme-collection-title-prefix":"Totul","evme-collection-title-suffix":"Telefon","evme-collection-loading-more":"Se încarcă…","evme-connectionmessage-apps":"Conectează-te la net pentru a obține aplicații pentru {{query}}","evme-connectionmessage-apps-has-installed":"Conectează-te la net pentru a obține și mai multe aplicații pentru {{query}}","evme-tips-app-explain":{"innerHTML":"Găsește lucrurile îndrăgite cu cele mai grozave aplicații."},"evme-tips-searchbar-focus":{"innerHTML":"De exemplu, găsește cântărețul sau trupa favorită…"},"evme-tips-exact-results":{"innerHTML":"Acestea sunt aplicațiile pentru <b>{{query}}</b>,<br /><br />Atinge orice icoană pentru a le deschide."},"evme-shortcut-custom":"Personalizat...","evme-shortcut-id-astrology":"Astrologie","evme-shortcut-id-autos":"Auto","evme-shortcut-id-beauty":"Frumusețe","evme-shortcut-id-books":"Cărți","evme-shortcut-id-celebs":"Celebrități","evme-shortcut-id-daily-deals":"Oferte zilnice","evme-shortcut-id-dating":"Întâlniri","evme-shortcut-id-electronics":"Electronice","evme-shortcut-id-email":"E-mail","evme-shortcut-id-entertainment":"Divertisment","evme-shortcut-id-environment":"Mediu înconjurător","evme-shortcut-id-fashion":"Modă","evme-shortcut-id-funny":"Amuzament","evme-shortcut-id-games":"Jocuri","evme-shortcut-id-government":"Guvernământ","evme-shortcut-id-health":"Sănătate","evme-shortcut-id-jobs":"Locuri de muncă","evme-shortcut-id-local":"Local","evme-shortcut-id-maps":"Hărți","evme-shortcut-id-movies":"Videoclipuri","evme-shortcut-id-music":"Muzică","evme-shortcut-id-new-apps":"Aplicații noi","evme-shortcut-id-news":"Noutăți","evme-shortcut-id-photography":"Fotografie","evme-shortcut-id-recipes":"Rețete","evme-shortcut-id-restaurants":"Restaurante","evme-shortcut-id-shopping":"Cumpărături","evme-shortcut-id-social":"Socializare","evme-shortcut-id-sports":"Sporturi","evme-shortcut-id-tech-news":"Noutăți tehnologice","evme-shortcut-id-top-apps":"Aplicații de top","evme-shortcut-id-travel":"Călătorie","evme-shortcut-id-tv":"TV","evme-shortcut-id-video":"Video","evme-shortcut-id-utilities":"Utilități","evme-shortcut-id-weather":"Meteo","evme-add-to-top-of-collection":"Adaugă în fruntea colecției","evme-save-to-homescreen":"Salvează la ecran","edit-dialog-header":"Editează","edit-dialog-name":"Numele saitului","edit-dialog-url":"Adresa","edit-dialog-cancel":"Renunță","edit-dialog-done":"Gata","evme-close":{"ariaLabel":"Close"},"evme-done":{"ariaLabel":"Save"}}