{"Showbiz":"Showbiz","Social":"Sociálne","Games":"Hry","Music":"Hudba","wrapper-search-name":"{{topic}} na {{name}}","contextmenu-add-wallpaper":"Zmeniť tapetu","contextmenu-add-smart-collections":"Pridať kolekcie","delete-title":"Odstrániť {{name}}?","delete-body":"Aplikácia {{name}} a všetky jej údaje budú odstránené.","delete":"Odstrániť","cancel":"Zrušiť","remove-title-2":"Odstránenie {{name}}","remove-body":"Naozaj chcete odstrániť {{name}} z úvodnej obrazovky?","remove":"Odstrániť","longDateFormat":"%A, %e. %Eb","download":"Prevziať","restart-download-title":"Reštartovanie preberania","restart-download-body":"Chcete prevziať {{name}}?","paginationBarText":"Page {{current}} of {{total}}","paginationScroller":{"ariaLabel":"Homescreen"},"loadingEvme2":"Načítava sa…","evme-searchbar-default":{"_":"Všetko…","placeholder":"Myslím na…"},"evme-searchbar-default2":{"_":"Myslím na…","placeholder":"Myslím na…"},"evme-searchbar-clear":"Naspäť","evme-searchbar-title":"Všetko","evme-helper-default":"Zadajte tému alebo výraz vyhľadávania","evme-helper-default2":"Zadajte tému alebo kľúčové slovo","evme-helper-dismiss":"Odmietnuť","evme-helper-no-refine":"Nebolo nič nájdené","evme-helper-history-title":"História:","evme-helper-history-link":"História","evme-helper-history-clear":"Vymazať históriu","evme-helper-didyoumean-title":"Mysleli ste:","evme-helper-refine-title":"Mysleli ste:","evme-helper-title-prefix":"Všetko pre","evme-helper-title-empty":"Všetko","evme-helper-save-search":"Add to homescreen","evme-helper-unsave-search":"Remove from homescreen","evme-apps-market-download":"Prevziať","evme-apps-market-more-apps":"Ďalšie aplikácie","evme-apps-loading-app":"Načítava sa…","evme-appsmore-loading":"Načítava sa…","evme-alert-app-install-confirm":"Chcete {{name}} pridať na úvodnú obrazovku?","evme-alert-app-install-exists":"{{name}} sa už nachádza na úvodnej obrazovke","evme-alert-offline-smart-collections-more":"Ak chcete získať ďalšie kolekcie, pripojte sa k sieti internet.","evme-alert-save-wallpaper":"Nastaviť ako tapetu?","evme-alert-no-more-smart-collections":"Žiadne dostupné kolekcie","evme-banner-app-install-success":"Aplikácia {{name}} úspešne pridaná na úvodnú obrazovku","evme-banner-save-wallpaper":"Tapeta úspešne nastavená","evme-shortcuts-more":"Ďalšie","evme-collectionssuggest-loading":"Načítava sa…","evme-collectionssuggest-loading-cancel":"Zrušiť","evme-collectionssuggest-prompt-create-custom":"Vytvorte si vlastnú kolekciu","evme-backgroundimage-source-label":"Zdroj:","evme-collection-title-prefix":"Všetko","evme-collection-title-suffix":"Telefón","evme-collection-loading-more":"Načítava sa…","evme-connectionmessage-apps":"Pripojte sa k sieti internet a získajte aplikácie pre {{query}}","evme-connectionmessage-apps-has-installed":"Pripojte sa k sieti internet a získajte ďalšie aplikácie pre {{query}}","evme-tips-app-explain":{"innerHTML":"Nájdite veci, ktoré milujete, pomocou najlepších aplikácií."},"evme-tips-searchbar-focus":{"innerHTML":"Napríklad, nájdite obľúbeného speváka alebo skupinu…"},"evme-tips-exact-results":{"innerHTML":"Toto sú aplikácie nájdené pre výraz <b>{{query}}</b>,<br /><br /> ťuknutím na ikonu danú aplikáciu spustíte."},"evme-shortcut-custom":"Vlastná...","evme-shortcut-id-astrology":"Astrológia","evme-shortcut-id-autos":"Automobily","evme-shortcut-id-beauty":"Krása","evme-shortcut-id-books":"Knihy","evme-shortcut-id-celebs":"Celebrity","evme-shortcut-id-daily-deals":"Denné úlohy","evme-shortcut-id-dating":"Randenie","evme-shortcut-id-electronics":"Elektronika","evme-shortcut-id-email":"E-mail","evme-shortcut-id-entertainment":"Zábava","evme-shortcut-id-environment":"Životné prostredie","evme-shortcut-id-fashion":"Móda","evme-shortcut-id-funny":"Zábava","evme-shortcut-id-games":"Hry","evme-shortcut-id-government":"Vláda","evme-shortcut-id-health":"Zdravie","evme-shortcut-id-jobs":"Práca","evme-shortcut-id-local":"Lokálne","evme-shortcut-id-maps":"Mapy","evme-shortcut-id-movies":"Filmy","evme-shortcut-id-music":"Hudba","evme-shortcut-id-new-apps":"Nové aplikácie","evme-shortcut-id-news":"Správy","evme-shortcut-id-photography":"Fotografia","evme-shortcut-id-recipes":"Recepty","evme-shortcut-id-restaurants":"Reštaurácie","evme-shortcut-id-shopping":"Nakupovanie","evme-shortcut-id-social":"Sociálne siete","evme-shortcut-id-sports":"Šport","evme-shortcut-id-tech-news":"Technologické novinky","evme-shortcut-id-top-apps":"Naj aplikácie","evme-shortcut-id-travel":"Cestovanie","evme-shortcut-id-tv":"Televízia","evme-shortcut-id-video":"Video","evme-shortcut-id-utilities":"Nástroje","evme-shortcut-id-weather":"Počasie","evme-add-to-top-of-collection":"Pridať navrch kolekcie","evme-save-to-homescreen":"Uložiť na úvodnú obrazovku","edit-dialog-header":"Úprava","edit-dialog-name":"Názov stránky","edit-dialog-url":"Adresa","edit-dialog-cancel":"Zrušiť","edit-dialog-done":"Hotovo","evme-close":{"ariaLabel":"Close"},"evme-done":{"ariaLabel":"Save"}}