{"Showbiz":"Nöje","Social":"Socialt","Games":"Spel","Music":"Musik","wrapper-search-name":"{{topic}} på {{name}}","contextmenu-add-wallpaper":"Ändra bakgrundsbild","contextmenu-add-smart-collections":"Lägg till smart samling","delete-title":"Ta bort {{name}}","delete-body":"{{name}} och all dess data kommer att raderas.","delete":"Ta bort","cancel":"Avbryt","remove-title-2":"Ta bort {{name}}","remove-body":"Ta bort {{name}} från hemskärmen?","remove":"Ta bort","longDateFormat":"%A, %e %B","download":"Hämtning","restart-download-title":"Starta om hämtning","restart-download-body":"Vill du hämta {{name}}?","paginationBarText":"Sida {{current}} av {{total}}","paginationScroller":{"ariaLabel":"Hemskärm"},"loadingEvme2":"Hämtar…","evme-searchbar-default":{"_":"Allt…","placeholder":"Jag tänker på…"},"evme-searchbar-default2":{"_":"Jag tänker på…","placeholder":"Jag tänker på…"},"evme-searchbar-clear":"Tillbaka","evme-searchbar-title":"Allt","evme-helper-default":"Ange ett ämne eller sökfråga","evme-helper-default2":"Ange ett ämne eller nyckelord","evme-helper-dismiss":"Avvisa","evme-helper-no-refine":"Inga alternativ hittades","evme-helper-history-title":"Historik:","evme-helper-history-link":"Historik","evme-helper-history-clear":"Rensa historik","evme-helper-didyoumean-title":"Menade du:","evme-helper-refine-title":"Menade du:","evme-helper-title-prefix":"Allt","evme-helper-title-empty":"Allt","evme-helper-save-search":"Lägg till på hemskärmen","evme-helper-unsave-search":"Ta bort från hemskärmen","evme-apps-market-download":"Hämta","evme-apps-market-more-apps":"Fler appar","evme-apps-loading-app":"Hämtar…","evme-appsmore-loading":"Hämtar…","evme-alert-app-install-confirm":"Lägg till {{name}} på hemskärmen?","evme-alert-app-install-exists":"{{name}} finns redan på hemskärmen","evme-alert-offline-smart-collections-more":"Anslut till internet för att lägga till fler smarta samlingar","evme-alert-save-wallpaper":"Ange som bakgrund?","evme-alert-no-more-smart-collections":"Inga smarta samlingar att lägga till","evme-banner-app-install-success":"{{name}} har lagts till hemskärmen","evme-banner-save-wallpaper":"Bakgrund inställd","evme-shortcuts-more":"Mer","evme-collectionssuggest-loading":"Hämtar…","evme-collectionssuggest-loading-cancel":"Avbryt","evme-collectionssuggest-prompt-create-custom":"Skapa din egna smarta samling","evme-backgroundimage-source-label":"Källa:","evme-collection-title-prefix":"Allt","evme-collection-title-suffix":"Telefon","evme-collection-loading-more":"Hämtar…","evme-connectionmessage-apps":"Anslut till internet för att hämta appar för {{query}}","evme-connectionmessage-apps-has-installed":"Anslut till internet för att hämta ännu fler appar för {{query}}","evme-tips-app-explain":{"innerHTML":"Hitta saker som du älskar med de coolaste apparna."},"evme-tips-searchbar-focus":{"innerHTML":"Till exempel, hitta din favoritsångare eller band…"},"evme-tips-exact-results":{"innerHTML":"Detta är apparna för <b>{{query}}</b>,<br /><br /> peka på någon ikon för att öppna den."},"evme-shortcut-custom":"Anpassad...","evme-shortcut-id-astrology":"Astrologi","evme-shortcut-id-autos":"Bilar","evme-shortcut-id-beauty":"Skönhet","evme-shortcut-id-books":"Böcker","evme-shortcut-id-celebs":"Kändisar","evme-shortcut-id-daily-deals":"Dagliga erbjudanden","evme-shortcut-id-dating":"Dejting","evme-shortcut-id-electronics":"Elektronik","evme-shortcut-id-email":"E-post","evme-shortcut-id-entertainment":"Underhållning","evme-shortcut-id-environment":"Miljö","evme-shortcut-id-fashion":"Mode","evme-shortcut-id-funny":"Skoj","evme-shortcut-id-games":"Spel","evme-shortcut-id-government":"Myndighet","evme-shortcut-id-health":"Hälsa","evme-shortcut-id-jobs":"Jobb","evme-shortcut-id-local":"Lokal","evme-shortcut-id-maps":"Kartor","evme-shortcut-id-movies":"Filmer","evme-shortcut-id-music":"Musik","evme-shortcut-id-new-apps":"Nya appar","evme-shortcut-id-news":"Nyheter","evme-shortcut-id-photography":"Foto","evme-shortcut-id-recipes":"Recept","evme-shortcut-id-restaurants":"Restauranger","evme-shortcut-id-shopping":"Shopping","evme-shortcut-id-social":"Socialt","evme-shortcut-id-sports":"Sport","evme-shortcut-id-tech-news":"Tekniknyheter","evme-shortcut-id-top-apps":"Bästa appar","evme-shortcut-id-travel":"Resa","evme-shortcut-id-tv":"Tv","evme-shortcut-id-video":"Video","evme-shortcut-id-utilities":"Verktyg","evme-shortcut-id-weather":"Väder","evme-add-to-top-of-collection":"Lägg till i toppen av samlingen","evme-save-to-homescreen":"Spara till hemskärmen","edit-dialog-header":"Redigera","edit-dialog-name":"Webbsida","edit-dialog-url":"Adress","edit-dialog-cancel":"Avbryt","edit-dialog-done":"Klar","evme-close":{"ariaLabel":"Stäng"},"evme-done":{"ariaLabel":"Spara"}}