{"Showbiz":"Şov dünyası","Social":"Sosyal","Games":"Oyunlar","Music":"Müzik","wrapper-search-name":"{{name}} üzerinde {{topic}}","contextmenu-add-wallpaper":"Duvar kâğıdını değiştir","contextmenu-add-smart-collections":"Akıllı koleksiyon ekle","delete-title":"{{name}} uygulamasını sil","delete-body":"{{name}} ve tüm verileri silinecek.","delete":"Sil","cancel":"İptal","remove-title-2":"{{name}} uygulamasını kaldır","remove-body":"{{name}} ana ekrandan kaldırılsın mı?","remove":"Kaldır","longDateFormat":"%e %B %A","download":"İndir","restart-download-title":"İndirmeyi yeniden başlat","restart-download-body":"{{name}} uygulamasını indirmek istiyor musunuz?","paginationBarText":"Sayfa {{current}} / {{total}}","paginationScroller":{"ariaLabel":"Ana ekran"},"loadingEvme2":"Yükleniyor…","evme-searchbar-default":{"_":"Her şey…","placeholder":"Aklımdan geçen şey…"},"evme-searchbar-default2":{"_":"Aklımdan geçen şey…","placeholder":"Aklımdan geçen şey…"},"evme-searchbar-clear":"Geri","evme-searchbar-title":"Her şey","evme-helper-default":"Bir konu veya arama sorgusu girin","evme-helper-default2":"Bir konu veya anahtar kelime girin","evme-helper-dismiss":"Kapat","evme-helper-no-refine":"Seçenek bulunamadı","evme-helper-history-title":"Geçmiş:","evme-helper-history-link":"Geçmiş","evme-helper-history-clear":"Geçmişi temizle","evme-helper-didyoumean-title":"Bunu mu demek istediniz?:","evme-helper-refine-title":"Bunu mu demek istediniz?:","evme-helper-title-prefix":"Ara:","evme-helper-title-empty":"Her şey","evme-helper-save-search":"Ana ekrana ekle","evme-helper-unsave-search":"Ana ekrandan kaldır","evme-apps-market-download":"İndir","evme-apps-market-more-apps":"Daha fazla uygulama","evme-apps-loading-app":"Yükleniyor…","evme-appsmore-loading":"Yükleniyor…","evme-alert-app-install-confirm":"{{name}} Ana Ekran'a eklensin mi?","evme-alert-app-install-exists":"{{name}} zaten Ana Ekran'a eklenmiş","evme-alert-offline-smart-collections-more":"Daha fazla Akıllı Koleksiyon eklemek için internete bağlanın","evme-alert-save-wallpaper":"Duvar kâğıdı yapılsın mı?","evme-alert-no-more-smart-collections":"Eklenecek akıllı koleksiyon yok","evme-banner-app-install-success":"{{name}} Ana Ekran'a eklendi","evme-banner-save-wallpaper":"Duvar kâğıdı başarıyla ayarlandı","evme-shortcuts-more":"Daha fazlası","evme-collectionssuggest-loading":"Yükleniyor…","evme-collectionssuggest-loading-cancel":"İptal","evme-collectionssuggest-prompt-create-custom":"Kendi Akıllı Koleksiyon'unuzu yaratın","evme-backgroundimage-source-label":"Kaynak:","evme-collection-title-prefix":"Her şey","evme-collection-title-suffix":"Telefon","evme-collection-loading-more":"Yükleniyor…","evme-connectionmessage-apps":"{{query}} aramasıyla uygulamalar edinmek için internete bağlanın","evme-connectionmessage-apps-has-installed":"{{query}} aramasıyla daha fazla uygulama edinmek için internete bağlanın","evme-tips-app-explain":{"innerHTML":"En havalı uygulamalarla sevdiğiniz şeyleri bulun."},"evme-tips-searchbar-focus":{"innerHTML":"Örneğin, en sevdiğiniz şarkıcı veya grubu bulun…"},"evme-tips-exact-results":{"innerHTML":"Bunlar <b>{{query}}</b> sorgusu için bulunan uygulamalardır.<br /><br /> Açmak istediğinizin simgesine dokunun."},"evme-shortcut-custom":"Özel...","evme-shortcut-id-astrology":"Astroloji","evme-shortcut-id-autos":"Otomobil","evme-shortcut-id-beauty":"Güzellik","evme-shortcut-id-books":"Kitaplar","evme-shortcut-id-celebs":"Ünlüler","evme-shortcut-id-daily-deals":"Günlük Fırsatlar","evme-shortcut-id-dating":"Arkadaşlık","evme-shortcut-id-electronics":"Elektronik","evme-shortcut-id-email":"E-posta","evme-shortcut-id-entertainment":"Eğlence","evme-shortcut-id-environment":"Çevre","evme-shortcut-id-fashion":"Moda","evme-shortcut-id-funny":"Komik","evme-shortcut-id-games":"Oyunlar","evme-shortcut-id-government":"Devlet","evme-shortcut-id-health":"Sağlık","evme-shortcut-id-jobs":"İşler","evme-shortcut-id-local":"Yerel","evme-shortcut-id-maps":"Haritalar","evme-shortcut-id-movies":"Filmler","evme-shortcut-id-music":"Müzik","evme-shortcut-id-new-apps":"Yeni Uygulamalar","evme-shortcut-id-news":"Haberler","evme-shortcut-id-photography":"Fotoğrafçılık","evme-shortcut-id-recipes":"Tarifler","evme-shortcut-id-restaurants":"Lokantalar","evme-shortcut-id-shopping":"Alışveriş","evme-shortcut-id-social":"Sosyal","evme-shortcut-id-sports":"Spor","evme-shortcut-id-tech-news":"Teknoloji Haberleri","evme-shortcut-id-top-apps":"En Beğenilen Uygulamalar","evme-shortcut-id-travel":"Seyahat","evme-shortcut-id-tv":"Televizyon","evme-shortcut-id-video":"Video","evme-shortcut-id-utilities":"Araçlar","evme-shortcut-id-weather":"Hava Durumu","evme-add-to-top-of-collection":"Koleksiyonun başına ekle","evme-save-to-homescreen":"Ana ekrana kaydet","edit-dialog-header":"Düzenle","edit-dialog-name":"Web sitesi adı","edit-dialog-url":"Adres","edit-dialog-cancel":"İptal","edit-dialog-done":"Bitti","evme-close":{"ariaLabel":"Kapat"},"evme-done":{"ariaLabel":"Kaydet"}}