{"Showbiz":"秀出自己","Social":"社交","Games":"游戏","Music":"音乐","wrapper-search-name":"“{{name}}”的“{{topic}}”","contextmenu-add-wallpaper":"更改壁纸","contextmenu-add-smart-collections":"添加智能收藏集","delete-title":"删除“{{name}}”","delete-body":"“{{name}}”及其所有数据将被删除。","delete":"删除","cancel":"取消","remove-title-2":"移除 {{name}}","remove-body":"要从主屏幕移除“{{name}}”吗？","remove":"移除","longDateFormat":"%B %e 日 %A","download":"下载","restart-download-title":"重新开始下载","restart-download-body":"你是否想下载 {{name}}？","paginationBarText":"Page {{current}} of {{total}}","paginationScroller":{"ariaLabel":"Homescreen"},"loadingEvme2":"正在载入…","evme-searchbar-default":{"_":"一切…","placeholder":"我正打算…"},"evme-searchbar-default2":{"_":"我正打算…","placeholder":"我正打算…"},"evme-searchbar-clear":"后退","evme-searchbar-title":"全部","evme-helper-default":"输入任意主题或者搜索要求","evme-helper-default2":"输入主题或者关键词","evme-helper-dismiss":"解除","evme-helper-no-refine":"未找到选项","evme-helper-history-title":"历史记录：","evme-helper-history-link":"历史记录","evme-helper-history-clear":"清空历史记录","evme-helper-didyoumean-title":"您是不是要找：","evme-helper-refine-title":"您是不是要找：","evme-helper-title-prefix":"全部","evme-helper-title-empty":"全部","evme-helper-save-search":"Add to homescreen","evme-helper-unsave-search":"Remove from homescreen","evme-apps-market-download":"下载","evme-apps-market-more-apps":"更多应用","evme-apps-loading-app":"正在载入…","evme-appsmore-loading":"正在载入…","evme-alert-app-install-confirm":"要添加 {{name}} 到主屏幕吗？","evme-alert-app-install-exists":"{{name}} 已经被添加到主屏幕","evme-alert-offline-smart-collections-more":"连接到互联网添加更多的智能收藏集","evme-alert-save-wallpaper":"设为壁纸？","evme-alert-no-more-smart-collections":"没有可添加的智能收藏集","evme-banner-app-install-success":"{{name}} 已添加到主屏幕","evme-banner-save-wallpaper":"壁纸设置成功","evme-shortcuts-more":"更多","evme-collectionssuggest-loading":"载入中…","evme-collectionssuggest-loading-cancel":"取消","evme-collectionssuggest-prompt-create-custom":"创建您自己的智能收藏集","evme-backgroundimage-source-label":"来源：","evme-collection-title-prefix":"全部","evme-collection-title-suffix":"电话","evme-collection-loading-more":"载入中…","evme-connectionmessage-apps":"连接到互联网获取有关 {{query}} 的应用","evme-connectionmessage-apps-has-installed":"连接到互联网获取更多有关 {{query}} 的应用","evme-tips-app-explain":{"innerHTML":"找到您所喜爱的炫酷应用。"},"evme-tips-searchbar-focus":{"innerHTML":"比如查找您喜爱的歌手或乐团…"},"evme-tips-exact-results":{"innerHTML":"这些都是有关 <b>{{query}}</b> 的应用，<br /><br />，轻触任何图标打开它。"},"evme-shortcut-custom":"定制…","evme-shortcut-id-astrology":"星座","evme-shortcut-id-autos":"汽车","evme-shortcut-id-beauty":"佳人","evme-shortcut-id-books":"图书","evme-shortcut-id-celebs":"名人","evme-shortcut-id-daily-deals":"优惠","evme-shortcut-id-dating":"约会","evme-shortcut-id-electronics":"电子","evme-shortcut-id-email":"电子邮件","evme-shortcut-id-entertainment":"娱乐","evme-shortcut-id-environment":"环境","evme-shortcut-id-fashion":"时尚","evme-shortcut-id-funny":"搞笑","evme-shortcut-id-games":"游戏","evme-shortcut-id-government":"政府","evme-shortcut-id-health":"健康","evme-shortcut-id-jobs":"职场","evme-shortcut-id-local":"本地","evme-shortcut-id-maps":"地图","evme-shortcut-id-movies":"电影","evme-shortcut-id-music":"音乐","evme-shortcut-id-new-apps":"新应用","evme-shortcut-id-news":"新闻","evme-shortcut-id-photography":"摄影","evme-shortcut-id-recipes":"食谱","evme-shortcut-id-restaurants":"餐馆","evme-shortcut-id-shopping":"购物","evme-shortcut-id-social":"社交","evme-shortcut-id-sports":"体育","evme-shortcut-id-tech-news":"科技新闻","evme-shortcut-id-top-apps":"热门应用","evme-shortcut-id-travel":"旅游","evme-shortcut-id-tv":"电视","evme-shortcut-id-video":"视频","evme-shortcut-id-utilities":"公用事业","evme-shortcut-id-weather":"天气","evme-add-to-top-of-collection":"添加到收藏集顶端","evme-save-to-homescreen":"保存到主屏幕","edit-dialog-header":"编辑","edit-dialog-name":"网站名称","edit-dialog-url":"地址","edit-dialog-cancel":"取消","edit-dialog-done":"完成","evme-close":{"ariaLabel":"Close"},"evme-done":{"ariaLabel":"Save"}}