{"setup-app-name-header":"Ел. поща","setup-empty-account-prompt":"Няма настройки за получаване и изпращане на ел. поща. Искате ли да въведете настройките сега?","setup-pick-service":"За да получавате и изпращате поща, трябва да зададете акаунт.","setup-account-header3":"Нов акаунт","setup-info-name":{"placeholder":"Име"},"setup-info-email":{"placeholder":"someone@example.com"},"setup-info-password":{"placeholder":"Парола"},"setup-info-next":"Напред","setup-progress-wait-msg":"Настройка на акаунт","setup-completed-header":"Настройка на ел. поща","setup-completed-label":"Всичко е готово!","setup-add-another-account":"Добавяне на друг акаунт","setup-show-mail":"Продължаване към Ел. поща","setup-error-offline":"Няма връзка с интернет. Свържете се към мрежа и опитайте отново.","setup-error-bad-user-or-pass2":"Грешно потребителско име или парола. Проверете за грешки.","setup-error-bad-address":"Invalid e-mail address. Check for typos.","setup-error-not-authorized":"Сървърът каза, че нямате достъп за създаване на акаунт","setup-error-pop-server-not-great":"Този сървър не се поддържа. POP3 сървърът не поддържа нужните функционалности.","setup-error-unknown2":"Непозната грешка. Проверете мрежовата свързаност или опитайте да настроите ръчно.","setup-error-needs-app-pass":"Трябва да използвате специфична парола за приложението, за двуфакторни Gmail акаунти","setup-error-imap-disabled":"Трябва да включите IMAP за Вашия Gmail акаунт","setup-error-pop3-disabled":"Трябва да включите POP3 за Вашия Gmail акаунт","setup-error-bad-security":"Неуспешно сигурно свързване с \"{{server}}\". Възможен е проблем с Вашате мрежа или със сървъра.","setup-error-unresponsive-server":"Неуспешно свързване с \"{{server}}\". Възможен е проблем с мрежата.","setup-error-server-problem":"Има проблем с \"{{server}}\". Опитайте по-късно.","setup-error-no-config-info":"Неуспешно автоматично конфигуриране. Поправете адреса на ел.поща или опитайте да настроите ръчно.","setup-error-server-maintenance":"Сървърът \"{{server}}\" iе изключен за поддръжка. Опитайте по-късно.","setup-error-account-already-exists":"Този акаунт вече е конфигуриран","setup-manual-config2":"Ръчна настройка","setup-manual-config-header":"Ръчна настройка","setup-manual-account-type":"Тип акаунт","setup-manual-imap-header":"IMAP настройки","setup-manual-pop3-header":"POP3 настройки","setup-manual-smtp-header":"SMTP настройки","setup-manual-activesync-header":"ActiveSync настройки","setup-manual-next":"Напред","setup-manual-socket":"Тип сокет","setup-manual-socket-ssl":"SSL","setup-manual-socket-starttls":"STARTTLS","setup-manual-hostname":{"placeholder":"Hostname"},"setup-manual-port":{"placeholder":"Номер на порт"},"setup-manual-username":{"placeholder":"Потребителско име"},"setup-manual-activesync-username":{"placeholder":"Domain\\Username"},"setup-bad-password-header":"Грешна парола!","setup-bad-password":"Неуспешно влизане на сървъра. Възможно е паролата да е сгрешена.","setup-new-password":{"placeholder":"Нова парола"},"setup-fix-password":"Опитайте отново с нова парола","setup-gmail-twofactor-header":"Включена е двуфакторна проверка","setup-gmail-twofactor-message":"Трябва да въведете специфична парола за приложението.","setup-gmail-twofactor-fix":"Използвайте парола за приложението","setup-gmail-imap-header":"IMAP изключен","setup-gmail-imap-message":"Трябва да включите IMAP в своя Gmail акаунт","setup-gmail-imap-retry":"Отново","setup-gmail-pop3-header":"POP3 изключен ","setup-gmail-pop3-message":"Трябва да включите POP3 в своя Gmail акаунт","setup-gmail-pop3-retry":"Отново","settings-main-header":"Настройки на Ел.поща","settings-sub-header-account":"Акаунт","settings-account-name":"Вашето име","settings-account-display-notifications":"Показване на известия за нови съобщения","settings-account-play-sound-onsend":"Play sound after message is sent","settings-account-signature-label":"Signature","signature-save":"Save Signature","signature-discard-confirm":"Discard","settings-sub-header-data":"Данни","settings-account-check-mail":"Проверка за нови съобщения","settings-sub-header-server":"Сървърни настройки","settings-account-userpass":"Потребителско име и парола","settings-default-signature":"Sent Using FirefoxOS","settings-done":"Готово","settings-account-section":"Акаунти","settings-account-add":"Добавяне на акаунт","settings-account-delete":"Изтриване на акаунт","settings-account-delete-prompt":"Сигурни ли сте, че искате да изтриете своя {{account}} пощенски акаунт? Ще трябва да свалите отново пощата си, ако създадете акаунта наново.","settings-account-delete-cancel":"Отказ","settings-account-delete-confirm":"Изтриване","settings-account-clarify-imap":"{{account-name}} (IMAP)","settings-account-clarify-pop3":"{{account-name}} (POP3)","settings-account-clarify-smtp":"{{account-name}} (SMTP)","settings-general-section":"Общи настройки","settings-show-images":"Винаги показвай картинки","settings-download-attachments":"Сваляне на притурки","settings-check-every-5min":"5 минути","settings-check-every-10min":"10 минути","settings-check-every-15min":"15 минути","settings-check-every-30min":"30 минути","settings-check-every-60min":"60 минути","settings-check-every-manual":"Ръчно","settings-check-dynamic":{"_index":["plural","n"],"_":{"zero":"секунди","one":"{{ n }} секунда","two":"{{ n }} секунди","few":"{{ n }} секунди","many":"{{ n }} секунди","other":"{{ n }} секунди"}},"settings-default-account":"Акаунт по подразбиране","settings-account-type":"Тип акаунт","settings-account-credentials":"Акредитации","settings-activesync-label":"ActiveSync настройки","settings-imap-label":"IMAP настройки","settings-pop3-label":"POP3 настройки","settings-smtp-label":"SMTP настройки","settings-hostname":"Hostname","settings-port":"Порт","settings-username":"Потребителско име","settings-password":"Парола","settings-save":"Запазване","settings-password-empty":"Полето за парола не трябва да е празно","settings-account-synchronize-window":"Дни за синхронизация","settings-synchronize-auto":"Автоматично","settings-synchronize-one-day":"1 ден","settings-synchronize-three-days":"3 дни","settings-synchronize-one-week":"1 седмица","settings-synchronize-two-weeks":"2 седмици","settings-synchronize-one-month":"1 месец","settings-synchronize-all":"Всички съобщения","envelope-from":"От","envelope-to":"До","envelope-cc":"Копие","envelope-bcc":"Скрито","compose-header":"Създаване на съобщение","compose-header-short":"Създаване","compose-send":"Изпращане","compose-to":"До","compose-cc":"копие","compose-bcc":"скрито","compose-attachments":{"_index":["plural","n"],"_":{"zero":"Притурки","one":"{{ n }} притурка","two":"{{ n }} притурки","few":"{{ n }} притурки","many":"{{ n }} притурки","other":"{{ n }} притурки"}},"compose-attachment-still-working":"One moment, still working on the previous attachment...","compose-subject":"Тема","compose-draft-save":"Запазване в Чернови","compose-discard-message":"Отказване на ел. поща?","compose-discard-confirm":"Отказване","compose-send-message-failed":"Неуспешно изпращане на ел. поща","composer-attachment-large":"Притурката е твърде голяма","composer-attachments-large":"Притурките са твърде големи","compose-attchment-size-exceeded":"Избраната притурка е твърде голяма, за да бъде изпратена с това съобщение.","compose-attchments-size-exceeded":"Избраните притурки са твърде големи, за да бъдат изпратени с това съобщение. Опитайте да изберете по-малко файлове.","dialog-button-ok":"Добре","default-attachment-filename":"attachment{{ n }}","attachment-size-kib":"{{kilobytes}}K","message-attachment-view":{"textContent":"Преглед"},"message-attachment-too-large":"This file is too large to download.","message-no-subject":"(без тема)","message-edit-menu-edit":"Edit","message-edit-menu-delete":"Изтриване","message-edit-delete-confirm":"Изтриване на съобщението?","message-send-attachment-disabled-confirm":"Притурки не могат да бъдат препращани.","message-multiedit-header":{"_index":["plural","n"],"_":{"zero":"Редактиране","one":"{{ n }} избрано","two":"{{ n }} избрани","few":"{{ n }} избрани","many":"{{ n }} избрани","other":"{{ n }} избрани"}},"browse-to-url-prompt":"Отиване на URL?: {{ url }}","message-download-images":{"_index":["plural","n"],"_":{"one":"Тази ел. поща съдържа едно изображение. Натиснете за сваляне.","two":"Тази ел. поща съдържа {{ n }} изображения. Натиснете за сваляне.","few":"Тази ел. поща съдържа {{ n }} изображения. Натиснете за сваляне.","many":"Тази ел. поща съдържа {{ n }} изображения. Натиснете за сваляне.","other":"Тази ел. поща съдържа {{ n }} изображения. Натиснете за сваляне."}},"message-show-external-images":"Показване на външни изображения","message-multiedit-cancel":"Отказ","message-multiedit-delete-confirm":{"_index":["plural","n"],"_":{"one":"Изтриване на тази ел. поща?","two":"Изтриване на {{ n }} ел. пощи?","few":"Изтриване на {{ n }} ел. пощи?","many":"Изтриване на {{ n }} ел. пощи?","other":"Изтриване на {{ n }} ел. пощи?"}},"message-large-message-cancel":"Отказ","message-large-message-ok":"Продължаване","message-large-message-confirm":"Съобщението е голямо и може да отнеме известно време, за да се свали.","message-search-from":"От","message-search-to":"До","message-search-subject":"Тема","message-search-body":"Текст","message-search-all":"Всички","message-search-input":{"placeholder":"Търсене на поща"},"message-search-cancel":"Cancel","messages-syncing":"ареждане на съобщения","messages-sync-more":"Зареждане на още съобщения от сървъра","messages-folder-empty":"Липсва поща в тази папка","messages-search-empty":"Няма съответствия в локално запазените съобщения","messages-folder-select":"Избиране на папка","message-contact-menu-create":"Запазване на нов контакт","message-contact-menu-add-existing":"Добавяне към съществуващ контакт","message-contact-menu-view":"Разглеждане на контакт","message-contact-menu-reply":"Отговор","message-contact-menu-new":"Изпращане на нова поща","message-reply-menu-reply":"Отговор","message-reply-menu-reply-all":"Отговор до всички","message-reply-menu-forward":"Препращане","message-reply-menu-cancel":"Отказ","reply-quoting-wrote":"{name} написа","forward-original-message":"Оригинално съобщение","forward-header-subject":"Тема","forward-header-date":"Дата","forward-header-from":"От","forward-header-reply-to":"Отговор до","forward-header-to":"До","forward-header-cc":"Копие","folder-inbox":"Пощенска кутия","folder-sent":"Изпратени писма","folder-drafts":"Чернови","folder-trash":"Кошче","folder-queue":"Неизпратени","folder-junk":"Нежелана поща","folder-archives":"Архиви","folder-localdrafts":"Локални чернови","folder-outbox":"Outbox","drawer-back":"Back","drawer-accounts-header":"Accounts","drawer-settings-link":"Settings","folder-last-synced-label":"Last sync:","message-list-top-action":"Top","toaster-undo":"Отмяна","toaster-retry":"Отново","toaster-message-star":{"_index":["plural","n"],"_":{"one":"1 зададен флаг","two":"{{ n }} зададени флага","few":"{{ n }} зададени флага","many":"{{ n }} зададени флага","other":"{{ n }} зададени флага"}},"toaster-message-unstar":{"_index":["plural","n"],"_":{"one":"1 премахнат флаг","two":"{{ n }} премахнати флага","few":"{{ n }} премахнати флага","many":"{{ n }} премахнати флага","other":"{{ n }} премахнати флага"}},"toaster-message-read":{"_index":["plural","n"],"_":{"one":"1 съобщение маркирано като прочетено","two":"{{ n }} съобщения маркирани като прочетени","few":"{{ n }} съобщения маркирани като прочетени","many":"{{ n }} съобщения маркирани като прочетени","other":"{{ n }} съобщения маркирани като прочетени"}},"toaster-message-unread":{"_index":["plural","n"],"_":{"one":"1 съобщение маркирано като непрочетено","two":"{{ n }} съобщения маркирани като непрочетени","few":"{{ n }} съобщения маркирани като непрочетени","many":"{{ n }} съобщения маркирани като непрочетени","other":"{{ n }} съобщения маркирани като непрочетени"}},"toaster-message-move":{"_index":["plural","n"],"_":{"one":"1 преместено съобщение","two":"{{ n }} преместени съобщения","few":"{{ n }} преместени съобщения","many":"{{ n }} преместени съобщения","other":"{{ n }} преместени съобщения"}},"toaster-message-delete":{"_index":["plural","n"],"_":{"one":"1 изтрито съобщение","two":"{{ n }} изтрити съобщения","few":"{{ n }} изтрити съобщения","many":"{{ n }} изтрити съобщения","other":"{{ n }} изтрити съобщения"}},"toaster-retryable-syncfailed":"Грешка при свързването със сървъра","compose-invalid-addresses-title":"Invalid Addresses","compose-invalid-addresses-description":"Your message contains one or more invalid email addresses. Please correct them before sending.","background-send-pending":"Network unavailable. Email saved to outbox.","background-send-sending":"Sending mail…","background-send-success":"Email sent.","background-send-error":"Error occurred. Email saved to outbox.","background-send-error-recipients":"Recipient error. Email saved to outbox.","background-send-error-title":"Mail failed to send","send-failure-recipients":"Check the spelling of the addresses above. Your mail server indicated one or more of the addresses above are incorrect.","send-failure-unknown":"The message could not be sent.","form-clear-input":"Премахване на текст","confirm-dialog-title":"Потвърждение","senders-separation-sign":", ","new-emails":{"_index":["plural","n"],"_":{"one":"1 нова ел. поща","two":"{{ n }} нови ел. пощи","few":"{{ n }} нови ел. пощи","many":"{{ n }} нови ел. пощи","other":"{{ n }} нови ел. пощи"}},"new-emails-notify-one-account":{"_index":["plural","n"],"_":{"one":"1 нова ел. поща","two":"{{ n }} нови ел. пощи","few":"{{ n }} нови ел. пощи","many":"{{ n }} нови ел. пощи","other":"{{ n }} нови ел. пощи"}},"new-emails-notify-multiple-accounts":{"_index":["plural","n"],"_":{"one":"1 нова ел. поща ({{ accountName }})","two":"{{ n }} нови ел. пощи ({{ accountName }})","few":"{{ n }} нови ел. пощи ({{ accountName }})","many":"{{ n }} нови ел. пощи ({{ accountName }})","other":"{{ n }} нови ел. пощи ({{ accountName }})"}},"new-emails-notify-multiple-accounts-body":"{{ from }} “{{ subject }}”","weekday-0-long":"Неделя","weekday-1-long":"Понеделник","weekday-2-long":"Вторник","weekday-3-long":"Сряда","weekday-4-long":"Четвъртък","weekday-5-long":"Петък","weekday-6-long":"Събота","weekday-0-short":"Нед","weekday-1-short":"Пон","weekday-2-short":"Вт","weekday-3-short":"Ср","weekday-4-short":"Чет","weekday-5-short":"Пет","weekday-6-short":"Съб","month-0-long":"Януари","month-1-long":"Февруари","month-2-long":"Maрт","month-3-long":"Aприл","month-4-long":"Май","month-5-long":"Юни","month-6-long":"Юли","month-7-long":"Август","month-8-long":"Септември","month-9-long":"Oктомври","month-10-long":"Ноември","month-11-long":"Декември","month-0-genitive":"Януари","month-1-genitive":"Февруари","month-2-genitive":"Maрт","month-3-genitive":"Aприл","month-4-genitive":"Май","month-5-genitive":"Юни","month-6-genitive":"Юли","month-7-genitive":"Август","month-8-genitive":"Септември","month-9-genitive":"Oктомври","month-10-genitive":"Ноември","month-11-genitive":"Декември","month-0-short":"Ян","month-1-short":"Фев","month-2-short":"Мар","month-3-short":"Апр","month-4-short":"Май","month-5-short":"Юни","month-6-short":"Юли","month-7-short":"Авг","month-8-short":"Сеп","month-9-short":"Окт","month-10-short":"Ное","month-11-short":"Дек","minutes-ago-long":{"_index":["plural","value"],"_":{"zero":"в момента","one":"преди минута","two":"преди {{value}} минути","few":"преди {{value}} минути","many":"преди {{value}} минути","other":"преди {{value}} минути"}},"hours-ago-long":{"_index":["plural","value"],"_":{"zero":"в момента","one":"преди час","two":"преди {{value}} часа","few":"преди {{value}} часа","many":"преди {{value}} часа","other":"преди {{value}} часа"}},"days-ago-long":{"_index":["plural","value"],"_":{"zero":"днес","one":"вчера","two":"преди {{value}} дни","few":"преди {{value}} дни","many":"преди {{value}} дни","other":"преди {{value}} дни"}},"weeks-ago-long":{"_index":["plural","value"],"_":{"zero":"тази седмица","one":"миналата седмица","two":"преди {{value}} седмици","few":"преди {{value}} седмици","many":"преди {{value}} седмици","other":"преди {{value}} седмици"}},"months-ago-long":{"_index":["plural","value"],"_":{"zero":"този месец","one":"миналия месец","two":"преди {{value}} месеца","few":"преди {{value}} месеца","many":"преди {{value}} месеца","other":"преди {{value}} месеца"}},"years-ago-long":{"_index":["plural","value"],"_":{"zero":"тази година","one":"миналата година","two":"преди {{value}} години","few":"преди {{value}} години","many":"преди {{value}} години","other":"преди {{value}} години"}},"minutes-until-long":{"_index":["plural","value"],"_":{"zero":"now","one":"in a minute","two":"in {{value}} minutes","few":"in {{value}} minutes","many":"in {{value}} minutes","other":"in {{value}} minutes"}},"hours-until-long":{"_index":["plural","value"],"_":{"zero":"сега","one":"до един час","two":"след {{value}} часа","few":"след {{value}} часа","many":"след {{value}} часа","other":"след {{value}} часа"}},"days-until-long":{"_index":["plural","value"],"_":{"zero":"днес","one":"утре","two":"след {{value}} дни","few":"след {{value}} дни","many":"след {{value}} дни","other":"след {{value}} дни"}},"weeks-until-long":{"_index":["plural","value"],"_":{"zero":"тази седмица","one":"другата седмица","two":"след {{value}} седмици","few":"след {{value}} седмици","many":"след {{value}} седмици","other":"след {{value}} седмици"}},"months-until-long":{"_index":["plural","value"],"_":{"zero":"този месец","one":"другия месец","two":"след {{value}} месеца","few":"след {{value}} месеца","many":"след {{value}} месеца","other":"след {{value}} месеца"}},"years-until-long":{"_index":["plural","value"],"_":{"zero":"тази година","one":"следващата година","two":"след {{value}} години","few":"след {{value}} години","many":"след {{value}} години","other":"след {{value}} години"}},"minutes-ago-short":{"_index":["plural","value"],"_":{"zero":"в момента","other":"преди {{value}}мин."}},"hours-ago-short":{"_index":["plural","value"],"_":{"zero":"в момента","other":"преди {{value}}ч."}},"days-ago-short":{"_index":["plural","value"],"_":{"zero":"днес","other":"преди {{value}}дни"}},"minutes-until-short":{"_index":["plural","value"],"_":{"zero":"сега","other":"след {{value}}мин."}},"hours-until-short":{"_index":["plural","value"],"_":{"zero":"сега","other":"след {{value}}ч."}},"days-until-short":{"_index":["plural","value"],"_":{"zero":"днес","other":"след {{value}}дни"}},"incorrectDate":"(невалидна дата)","dateTimeFormat_%c":"%a, %e %b %Y %H:%M:%S","dateTimeFormat_%x":"%d %m %Y","dateTimeFormat_%X":"%H:%M:%S","shortTimeFormat":"%H:%M","shortDateTimeFormat":"%x %H:%M","weekStartsOnMonday":"1","time_am":"AM","time_pm":"PM"}