{"setup-app-name-header":"Correu","setup-empty-account-prompt":"La vostra configuració no permet enviar ni rebre correu. Voleu canviar-la ara?","setup-pick-service":"Per enviar o rebre correu cal que configureu un compte.","setup-account-header3":"Compte nou","setup-info-name":{"placeholder":"El vostre nom"},"setup-info-email":{"placeholder":"usuari@exemple.com"},"setup-info-password":{"placeholder":"Contrasenya"},"setup-info-next":"Següent","setup-progress-wait-msg":"S'està configurant el compte","setup-completed-header":"Config. del compte","setup-completed-label":"Això és tot!","setup-add-another-account":"Afegeix un altre compte","setup-show-mail":"Vés al correu","setup-error-offline":"Actualment aquest dispositiu està fora de línia. Connecteu-vos a una xarxa i torneu-ho a provar.","setup-error-bad-user-or-pass2":"Nom d'usuari o contrasenya no vàlids. Comproveu si hi ha errors.","setup-error-bad-address":"Adreça electrònica no vàlida. Comproveu si hi ha errors.","setup-error-not-authorized":"El servidor diu que no esteu autoritzat per crear un compte","setup-error-pop-server-not-great":"El servidor és incompatible. El servidor POP3 no implementa les funcions necessàries.","setup-error-unknown2":"S'ha produït un error desconegut. Comproveu la connexió de xarxa o proveu l'opció de configuració manual.","setup-error-needs-app-pass":"Heu d'utilitzar una contrasenya específica de l'aplicació per als comptes de Gmail amb verificació en dos passos","setup-error-imap-disabled":"Heu d'activar l'IMAP al vostre compte Gmail","setup-error-pop3-disabled":"Heu d'activar el POP3 al vostre compte Gmail","setup-error-bad-security":"No es pot establir una connexió segura amb «{{server}}». Pot haver-hi un problema de xarxa o del servidor.","setup-error-unresponsive-server":"No es pot establir una connexió amb «{{server}}». Pot haver-hi un problema de xarxa.","setup-error-server-problem":"Hi ha un problema amb el servidor «{{server}}». Torneu-ho a provar més tard.","setup-error-no-config-info":"No es pot configurar el compte automàticament. Corregiu l'adreça electrònica o proveu l'opció de configuració manual.","setup-error-server-maintenance":"El servidor «{{server}}» està fora de línia per manteniment. Torneu-ho a provar més tard.","setup-error-account-already-exists":"Aquest compte ja està configurat.","setup-manual-config2":"Configuració manual","setup-manual-config-header":"Config. manual","setup-manual-account-type":"Tipus de compte","setup-manual-imap-header":"Paràmetres d'IMAP","setup-manual-pop3-header":"Paràmetres de POP3","setup-manual-smtp-header":"Paràmetres de SMTP","setup-manual-activesync-header":"Paràmetres de l'ActiveSync","setup-manual-next":"Següent","setup-manual-socket":"Tipus de sòcol","setup-manual-socket-ssl":"SSL","setup-manual-socket-starttls":"STARTTLS","setup-manual-hostname":{"placeholder":"Nom del servidor"},"setup-manual-port":{"placeholder":"Número de port"},"setup-manual-username":{"placeholder":"Nom d'usuari"},"setup-manual-activesync-username":{"placeholder":"Domini\\Usuari"},"setup-bad-password-header":"Contrasenya no vàlida","setup-bad-password":"No s'ha pogut iniciar la sessió al servidor. Potser la contrasenya no és vàlida?","setup-new-password":{"placeholder":"Contrasenya nova"},"setup-fix-password":"Torneu-ho a provar amb una contrasenya nova","setup-gmail-twofactor-header":"Verificació en dos passos activada","setup-gmail-twofactor-message":"Heu d'introduïr una contrasenya específica per a l'aplicació a continuació.","setup-gmail-twofactor-fix":"Utilitza la contrasenya d'aplicació","setup-gmail-imap-header":"IMAP desactivat","setup-gmail-imap-message":"Heu d'activar l'IMAP al vostre compte Gmail","setup-gmail-imap-retry":"Reintenta","setup-gmail-pop3-header":"POP3 desactivat","setup-gmail-pop3-message":"Heu d'activar el POP3 al vostre compte Gmail","setup-gmail-pop3-retry":"Reintenta","settings-main-header":"Paràmetres correu","settings-sub-header-account":"Compte","settings-account-name":"El vostre nom","settings-account-display-notifications":"Mostra notificacions dels missatges nous","settings-account-play-sound-onsend":"Reprodueix un so després d'enviar un missatge","settings-account-signature-label":"Signature","signature-save":"Save Signature","signature-discard-confirm":"Discard","settings-sub-header-data":"Dades","settings-account-check-mail":"Cerca si hi ha missatges nous","settings-sub-header-server":"Paràmetres del servidor","settings-account-userpass":"Nom d'usuari i contrasenya","settings-default-signature":"Sent Using FirefoxOS","settings-done":"Fet","settings-account-section":"Comptes","settings-account-add":"Afegeix un compte","settings-account-delete":"Elimina el compte","settings-account-delete-prompt":"Segur que voleu eliminar el compte de correu {{account}}? Si torneu a crear el compte, s'haurà de tornar a baixar el correu.","settings-account-delete-cancel":"Cancel·la","settings-account-delete-confirm":"Elimina","settings-account-clarify-imap":"{{account-name}} (IMAP)","settings-account-clarify-pop3":"{{account-name}} (POP3)","settings-account-clarify-smtp":"{{account-name}} (SMTP)","settings-general-section":"Paràmetres generals","settings-show-images":"Mostra sempre les imatges","settings-download-attachments":"Baixa els adjunts","settings-check-every-5min":"Cada 5 minuts","settings-check-every-10min":"Cada 10 minuts","settings-check-every-15min":"Cada 15 minuts","settings-check-every-30min":"Cada 30 minuts","settings-check-every-60min":"Cada hora","settings-check-every-manual":"Manualment","settings-check-dynamic":{"_index":["plural","n"],"_":{"zero":"segons","one":"{{ n }} segons","two":"{{ n }} segons","few":"{{ n }} segons","many":"{{ n }} segons","other":"{{ n }} segons"}},"settings-default-account":"Compte per defecte","settings-account-type":"Tipus de compte","settings-account-credentials":"Credencials","settings-activesync-label":"Paràmetres de l'ActiveSync","settings-imap-label":"Paràmetres d'IMAP","settings-pop3-label":"Paràmetres de POP3","settings-smtp-label":"Paràmetres de SMTP","settings-hostname":"Nom del servidor","settings-port":"Port","settings-username":"Nom d'usuari","settings-password":"Contrasenya","settings-save":"Desa","settings-password-empty":"El camp de contrasenya no pot estar buit","settings-account-synchronize-window":"Dies per sincronitzar","settings-synchronize-auto":"Automàtic","settings-synchronize-one-day":"1 dia","settings-synchronize-three-days":"3 dies","settings-synchronize-one-week":"1 setmana","settings-synchronize-two-weeks":"2 setmanes","settings-synchronize-one-month":"1 mes","settings-synchronize-all":"Tots els missatges","envelope-from":"De","envelope-to":"A","envelope-cc":"Cc","envelope-bcc":"Cco","compose-header":"Redacta un missatge","compose-header-short":"Redacta","compose-send":"Envia","compose-to":"A","compose-cc":"cc","compose-bcc":"cco","compose-attachments":{"_index":["plural","n"],"_":{"zero":"Adjuncions","one":"{{ n }} adjunció","two":"{{ n }} adjuncions","few":"{{ n }} adjuncions","many":"{{ n }} adjuncions","other":"{{ n }} adjuncions"}},"compose-attachment-still-working":"Encara s'està executant l'adjunció anterior...","compose-subject":"Assumpte","compose-draft-save":"Desa als esborranys locals","compose-discard-message":"Voleu descartar el correu?","compose-discard-confirm":"Descarta","compose-send-message-failed":"No s'ha pogut enviar el correu","composer-attachment-large":"L'adjunció és massa gran","composer-attachments-large":"Les adjuncions són massa grans","compose-attchment-size-exceeded":"L'adjunció seleccionada és massa gran per enviar-la amb el missatge.","compose-attchments-size-exceeded":"Les adjuncions seleccionades són massa grans per enviar-la amb el missatge. Proveu de seleccionar menys fitxers.","dialog-button-ok":"D'acord","default-attachment-filename":"fitxer_adjunt{{ n }}","attachment-size-kib":"{{kilobytes}} K","message-attachment-view":{"textContent":"Obre"},"message-attachment-too-large":"El fitxer és massa gran per baixar-lo.","message-no-subject":"(sense assumpte)","message-edit-menu-edit":"Edit","message-edit-menu-delete":"Elimina","message-edit-delete-confirm":"Voleu eliminar el missatge de correu?","message-send-attachment-disabled-confirm":"No es poden reenviar les adjuncions.","message-multiedit-header":{"_index":["plural","n"],"_":{"zero":"Edita","one":"{{ n }} seleccionat","two":"{{ n }} seleccionats","few":"{{ n }} seleccionats","many":"{{ n }} seleccionats","other":"{{ n }} seleccionats"}},"browse-to-url-prompt":"Voleu obrir l'URL?: {{ url }}","message-download-images":{"_index":["plural","n"],"_":{"one":"El correu té una imatge. Toqueu per baixar-la.","two":"El correu té {{ n }} imatges. Toqueu per baixar-les.","few":"El correu té {{ n }} imatges. Toqueu per baixar-les.","many":"El correu té {{ n }} imatges. Toqueu per baixar-les.","other":"El correu té {{ n }} imatges. Toqueu per baixar-les."}},"message-show-external-images":"Mostra les imatges externes","message-multiedit-cancel":"Cancel·la","message-multiedit-delete-confirm":{"_index":["plural","n"],"_":{"one":"Voleu eliminar aquest missatge de correu?","two":"Voleu eliminar {{ n }} missatges de correu?","few":"Voleu eliminar {{ n }} missatges de correu?","many":"Voleu eliminar {{ n }} missatges de correu?","other":"Voleu eliminar {{ n }} missatges de correu?"}},"message-large-message-cancel":"Cancel·la","message-large-message-ok":"Continua","message-large-message-confirm":"Aquest missatge és llarg i pot trigar a baixar-se.","message-search-from":"De","message-search-to":"A","message-search-subject":"Assum.","message-search-body":"Cos","message-search-all":"Tot","message-search-input":{"placeholder":"Cerca al correu"},"message-search-cancel":"Cancel·la","messages-syncing":"S'estan carregant els missatges","messages-sync-more":"Carrega més missatges del servidor","messages-folder-empty":"No s'ha trobat correu en aquesta carpeta","messages-search-empty":"No hi ha coincidències als missatges de la memòria cau local","messages-folder-select":"Trieu una carpeta","message-contact-menu-create":"Desa com a contacte nou","message-contact-menu-add-existing":"Afegeix a un contacte existent","message-contact-menu-view":"Mostra el contacte","message-contact-menu-reply":"Respon","message-contact-menu-new":"Envia-li un correu nou","message-reply-menu-reply":"Respon","message-reply-menu-reply-all":"Respon a tots","message-reply-menu-forward":"Reenvia","message-reply-menu-cancel":"Cancel·la","reply-quoting-wrote":"{name} ha escrit","forward-original-message":"Missatge original","forward-header-subject":"Assumpte","forward-header-date":"Data","forward-header-from":"De","forward-header-reply-to":"Respon a","forward-header-to":"A","forward-header-cc":"Cc","folder-inbox":"Safata d'entrada","folder-sent":"Enviats","folder-drafts":"Esborranys","folder-trash":"Paperera","folder-queue":"Per enviar","folder-junk":"Correu brossa","folder-archives":"Arxiu","folder-localdrafts":"Esborranys locals","folder-outbox":"Outbox","drawer-back":"Enrere","drawer-accounts-header":"Comptes","drawer-settings-link":"Paràmetres","folder-last-synced-label":"Última sinc.:","message-list-top-action":"Top","toaster-undo":"Desfés","toaster-retry":"Reintenta","toaster-message-star":{"_index":["plural","n"],"_":{"one":"S'ha destacat 1 missatge","two":"S'han destacat {{ n }} missatges","few":"S'han destacat {{ n }} missatges","many":"S'han destacat {{ n }} missatges","other":"S'han destacat {{ n }} missatges"}},"toaster-message-unstar":{"_index":["plural","n"],"_":{"one":"S'ha deixat de destacar 1 missatge","two":"S'han deixat de destacar {{ n }} missatges","few":"S'han deixat de destacar {{ n }} missatges","many":"S'han deixat de destacar {{ n }} missatges","other":"S'han deixat de destacar {{ n }} missatges"}},"toaster-message-read":{"_index":["plural","n"],"_":{"one":"S'ha marcat 1 missatge com a llegit","two":"S'han marcat {{ n }} missatges com a llegits","few":"S'han marcat {{ n }} missatges com a llegits","many":"S'han marcat {{ n }} missatges com a llegits","other":"S'han marcat {{ n }} missatges com a llegits"}},"toaster-message-unread":{"_index":["plural","n"],"_":{"one":"S'ha marcat 1 missatge com a no llegit","two":"S'han marcat {{ n }} missatges com a no llegits","few":"S'han marcat {{ n }} missatges com a no llegits","many":"S'han marcat {{ n }} missatges com a no llegits","other":"S'han marcat {{ n }} missatges com a no llegits"}},"toaster-message-move":{"_index":["plural","n"],"_":{"one":"S'ha mogut 1 missatge","two":"S'han mogut {{ n }} missatges","few":"S'han mogut {{ n }} missatges","many":"S'han mogut {{ n }} missatges","other":"S'han mogut {{ n }} missatges"}},"toaster-message-delete":{"_index":["plural","n"],"_":{"one":"S'ha eliminat 1 missatge","two":"S'han eliminat {{ n }} missatges","few":"S'han eliminat {{ n }} missatges","many":"S'han eliminat {{ n }} missatges","other":"S'han eliminat {{ n }} missatges"}},"toaster-retryable-syncfailed":"No es pot connectar amb el servidor","compose-invalid-addresses-title":"Invalid Addresses","compose-invalid-addresses-description":"Your message contains one or more invalid email addresses. Please correct them before sending.","background-send-pending":"Network unavailable. Email saved to outbox.","background-send-sending":"Sending mail…","background-send-success":"Email sent.","background-send-error":"Error occurred. Email saved to outbox.","background-send-error-recipients":"Recipient error. Email saved to outbox.","background-send-error-title":"Mail failed to send","send-failure-recipients":"Check the spelling of the addresses above. Your mail server indicated one or more of the addresses above are incorrect.","send-failure-unknown":"The message could not be sent.","form-clear-input":"Elimina el text","confirm-dialog-title":"Confirmació","senders-separation-sign":", ","new-emails":{"_index":["plural","n"],"_":{"one":"1 correu nou","two":"{{ n }} correus nous","few":"{{ n }} correus nous","many":"{{ n }} correus nous","other":"{{ n }} correus nous"}},"new-emails-notify-one-account":{"_index":["plural","n"],"_":{"one":"1 correu nou","two":"{{ n }} correus nous","few":"{{ n }} correus nous","many":"{{ n }} correus nous","other":"{{ n }} correus nous"}},"new-emails-notify-multiple-accounts":{"_index":["plural","n"],"_":{"one":"1 missatge nou ({{ accountName }})","two":"{{ n }} missatges nous ({{ accountName }})","few":"{{ n }} missatges nous ({{ accountName }})","many":"{{ n }} missatges nous ({{ accountName }})","other":"{{ n }} missatges nous ({{ accountName }})"}},"new-emails-notify-multiple-accounts-body":"{{ from }} «{{ subject }}»","weekday-0-long":"diumenge","weekday-1-long":"dilluns","weekday-2-long":"dimarts","weekday-3-long":"dimecres","weekday-4-long":"dijous","weekday-5-long":"divendres","weekday-6-long":"dissabte","weekday-0-short":"dg","weekday-1-short":"dl","weekday-2-short":"dt","weekday-3-short":"dc","weekday-4-short":"dj","weekday-5-short":"dv","weekday-6-short":"ds","month-0-long":"gener","month-1-long":"febrer","month-2-long":"març","month-3-long":"abril","month-4-long":"maig","month-5-long":"juny","month-6-long":"juliol","month-7-long":"agost","month-8-long":"setembre","month-9-long":"octubre","month-10-long":"novembre","month-11-long":"desembre","month-0-genitive":"de gener","month-1-genitive":"de febrer","month-2-genitive":"de març","month-3-genitive":"d'abril","month-4-genitive":"de maig","month-5-genitive":"de juny","month-6-genitive":"de juliol","month-7-genitive":"d'agost","month-8-genitive":"de setembre","month-9-genitive":"d'octubre","month-10-genitive":"de novembre","month-11-genitive":"de desembre","month-0-short":"gen","month-1-short":"febr","month-2-short":"març","month-3-short":"abr","month-4-short":"maig","month-5-short":"juny","month-6-short":"jul","month-7-short":"ag","month-8-short":"set","month-9-short":"oct","month-10-short":"nov","month-11-short":"des","minutes-ago-long":{"_index":["plural","value"],"_":{"zero":"ara","one":"fa un minut","two":"fa {{value}} minuts","few":"fa {{value}} minuts","many":"fa {{value}} minuts","other":"fa {{value}} minuts"}},"hours-ago-long":{"_index":["plural","value"],"_":{"zero":"ara","one":"fa una hora","two":"fa {{value}} hores","few":"fa {{value}} hores","many":"fa {{value}} hores","other":"fa {{value}} hores"}},"days-ago-long":{"_index":["plural","value"],"_":{"zero":"avui","one":"ahir","two":"fa {{value}} dies","few":"fa {{value}} dies","many":"fa {{value}} dies","other":"fa {{value}} dies"}},"weeks-ago-long":{"_index":["plural","value"],"_":{"zero":"aquesta setmana","one":"la setmana passada","two":"fa {{value}} setmanes","few":"fa {{value}} setmanes","many":"fa {{value}} setmanes","other":"fa {{value}} setmanes"}},"months-ago-long":{"_index":["plural","value"],"_":{"zero":"aquest mes","one":"el mes passat","two":"fa {{value}} mesos","few":"fa {{value}} mesos","many":"fa {{value}} mesos","other":"fa {{value}} mesos"}},"years-ago-long":{"_index":["plural","value"],"_":{"zero":"enguany","one":"l'any passat","two":"fa {{value}} anys","few":"fa {{value}} anys","many":"fa {{value}} anys","other":"fa {{value}} anys"}},"minutes-until-long":{"_index":["plural","value"],"_":{"zero":"ara","one":"d'aquí un minut","two":"d'aquí {{value}} minuts","few":"d'aquí {{value}} minuts","many":"d'aquí {{value}} minuts","other":"d'aquí {{value}} minuts"}},"hours-until-long":{"_index":["plural","value"],"_":{"zero":"ara","one":"d'aquí una hora","two":"d'aquí {{value}} hores","few":"d'aquí {{value}} hores","many":"d'aquí {{value}} hores","other":"d'aquí {{value}} hores"}},"days-until-long":{"_index":["plural","value"],"_":{"zero":"avui","one":"demà","two":"d'aquí {{value}} dies","few":"d'aquí {{value}} dies","many":"d'aquí {{value}} dies","other":"d'aquí {{value}} dies"}},"weeks-until-long":{"_index":["plural","value"],"_":{"zero":"aquesta setmana","one":"la setmana que ve","two":"d'aquí {{value}} setmanes","few":"d'aquí {{value}} setmanes","many":"d'aquí {{value}} setmanes","other":"d'aquí {{value}} setmanes"}},"months-until-long":{"_index":["plural","value"],"_":{"zero":"aquest mes","one":"el mes que ve","two":"d'aquí {{value}} mesos","few":"d'aquí {{value}} mesos","many":"d'aquí {{value}} mesos","other":"d'aquí {{value}} mesos"}},"years-until-long":{"_index":["plural","value"],"_":{"zero":"enguany","one":"l'any que ve","two":"d'aquí {{value}} anys","few":"d'aquí {{value}} anys","many":"d'aquí {{value}} anys","other":"d'aquí {{value}} anys"}},"minutes-ago-short":{"_index":["plural","value"],"_":{"zero":"ara","other":"fa {{value}} m"}},"hours-ago-short":{"_index":["plural","value"],"_":{"zero":"ara","other":"fa {{value}} h"}},"days-ago-short":{"_index":["plural","value"],"_":{"zero":"avui","other":"fa {{value}} d"}},"minutes-until-short":{"_index":["plural","value"],"_":{"zero":"ara","other":"d'aquí {{value}} m"}},"hours-until-short":{"_index":["plural","value"],"_":{"zero":"ara","other":"d'aquí {{value}} h"}},"days-until-short":{"_index":["plural","value"],"_":{"zero":"avui","other":"d'aquí {{value}} d"}},"incorrectDate":"(data no vàlida)","dateTimeFormat_%c":"%a %e %Eb, %Y %H:%M:%S","dateTimeFormat_%x":"%d/%m/%Y","dateTimeFormat_%X":"%H:%M:%S","shortTimeFormat":"%H:%M","shortDateTimeFormat":"%x %H:%M","weekStartsOnMonday":"1","time_am":"am","time_pm":"pm"}