{"setup-app-name-header":"Mail","setup-empty-account-prompt":"Før du kan sende og modtage mails skal enheden opsættes. Vil du gøre det nu?","setup-pick-service":"Du skal opsætte en konto for at kunne sende og modtage mail.","setup-account-header3":"Ny konto","setup-info-name":{"placeholder":"Dit navn"},"setup-info-email":{"placeholder":"mail@eksempel.dk"},"setup-info-password":{"placeholder":"Adgangskode"},"setup-info-next":"Næste","setup-progress-wait-msg":"Opsætter konto","setup-completed-header":"Opret mailkonto","setup-completed-label":"Færdig!","setup-add-another-account":"Tilføj en konto","setup-show-mail":"Fortsæt til Mail","setup-error-offline":"Enheden er offline. Opret forbindelse til nettet og prøv igen.","setup-error-bad-user-or-pass2":"Ugyldigt brugernavn eller adgangskode. Kontroller for tastefejl.","setup-error-bad-address":"Ugyldig mailadresse. Kontroller for tastefejl.","setup-error-not-authorized":"Serveren oplyser, at du ikke har tilladelse til at oprette en konto","setup-error-pop-server-not-great":"Serveren er ikke understøttet. POP3-serveren gennemfører ikke de nødvendige funktioner.","setup-error-unknown2":"En ukendt fejl opstod. Kontroller din forbindelse til nettet, eller benyt manuel opsætning.","setup-error-needs-app-pass":"Du skal bruge en program-specifik adgangskode til Gmail-konti med totrinsbekræftelse","setup-error-imap-disabled":"Du skal aktivere IMAP på din Gmail-konto","setup-error-pop3-disabled":"Du skal aktivere POP3 på din Gmail-konto","setup-error-bad-security":"Kunne ikke oprette en sikker forbindelse til \"{{server}}\". Der kan være problemer med din netforbindelse eller med serveren.","setup-error-unresponsive-server":"Kunne ikke oprette forbindelse til \"{{server}}\". Der kan være problemer med din netforbindelse.","setup-error-server-problem":"Der opstod et problem med serveren \"{{server}}\". Prøv igen senere.","setup-error-no-config-info":"Kunne ikke opsætte din konto automatisk. Ret din mailadresse, eller benyt manuel opsætning.","setup-error-server-maintenance":"Serveren \"{{server}}\" er offline pga. vedligeholdelse. Prøv igen senere.","setup-error-account-already-exists":"Denne konto er allerede oprettet.","setup-manual-config2":"Manuel opsætning","setup-manual-config-header":"Manuel opsætning","setup-manual-account-type":"Kontotype","setup-manual-imap-header":"IMAP-indstillinger","setup-manual-pop3-header":"POP3-indstillinger","setup-manual-smtp-header":"SMTP-indstillinger","setup-manual-activesync-header":"ActiveSync-indstillinger","setup-manual-next":"Næste","setup-manual-socket":"Socket-type","setup-manual-socket-ssl":"SSL","setup-manual-socket-starttls":"STARTTLS","setup-manual-hostname":{"placeholder":"Værtsnavn"},"setup-manual-port":{"placeholder":"Portnummer"},"setup-manual-username":{"placeholder":"Brugernavn"},"setup-manual-activesync-username":{"placeholder":"Domæne\\Brugernavn"},"setup-bad-password-header":"Ugyldig adgangskode!","setup-bad-password":"Vi kunne ikke logge ind på serveren. Måske er din adgangskode forkert??","setup-new-password":{"placeholder":"Ny adgangskode"},"setup-fix-password":"Prøv med en ny adgangskode","setup-gmail-twofactor-header":"Totrinsbekræftelse aktiveret","setup-gmail-twofactor-message":"Du skal indtaste en program-specifik adgangskode nedenfor.","setup-gmail-twofactor-fix":"Brug program-specifik adgangskode","setup-gmail-imap-header":"IMAP deaktiveret","setup-gmail-imap-message":"Du skal aktivere IMAP på din Gmail-konto","setup-gmail-imap-retry":"Prøv igen","setup-gmail-pop3-header":"POP3 deaktiveret","setup-gmail-pop3-message":"Du skal aktivere POP3 på din Gmail-konto","setup-gmail-pop3-retry":"Prøv igen","settings-main-header":"Mailindstillinger","settings-sub-header-account":"Konto","settings-account-name":"Dit navn","settings-account-display-notifications":"Giv besked ved nye meddelelser","settings-account-play-sound-onsend":"Afspil lyd, når meddelelsen er sendt","settings-account-signature-label":"Signature","signature-save":"Save Signature","signature-discard-confirm":"Discard","settings-sub-header-data":"Data","settings-account-check-mail":"Kontroller for nye meddelelser","settings-sub-header-server":"Serverindstillinger","settings-account-userpass":"Brugernavn og adgangskode","settings-default-signature":"Sent Using FirefoxOS","settings-done":"Færdig","settings-account-section":"Konti","settings-account-add":"Tilføj konto","settings-account-delete":"Slet konto","settings-account-delete-prompt":"Er du sikker på, at du vil slette kontoen {{account}}? Du skal hente dine mails igen, hvis du senere genopretter kontoen.","settings-account-delete-cancel":"Annuller","settings-account-delete-confirm":"Slet","settings-account-clarify-imap":"{{account-name}} (IMAP)","settings-account-clarify-pop3":"{{account-name}} (POP3)","settings-account-clarify-smtp":"{{account-name}} (SMTP)","settings-general-section":"Generelle indstillinger","settings-show-images":"Vis altid billeder","settings-download-attachments":"Hent vedhæftede filer","settings-check-every-5min":"Hvert 5. minut","settings-check-every-10min":"Hvert 10. minut","settings-check-every-15min":"Hvert 15. minut","settings-check-every-30min":"Hvert 30. minut","settings-check-every-60min":"Hver time","settings-check-every-manual":"Manuelt","settings-check-dynamic":{"_index":["plural","n"],"_":{"zero":"sekunder","one":"{{ n }} sekund","two":"{{ n }} sekunder","few":"{{ n }} sekunder","many":"{{ n }} sekunder","other":"{{ n }} sekunder"}},"settings-default-account":"Brug som standard til mail","settings-account-type":"Kontotype","settings-account-credentials":"Login-oplysninger","settings-activesync-label":"ActiveSync-indstillinger","settings-imap-label":"IMAP-indstillinger","settings-pop3-label":"POP3-indstillinger","settings-smtp-label":"SMTP-indstillinger","settings-hostname":"Værtsnavn","settings-port":"Port","settings-username":"Brugernavn","settings-password":"Adgangskode","settings-save":"Gem","settings-password-empty":"Adgangskodefeltet må ikke være tomt","settings-account-synchronize-window":"Dage til synkronisering","settings-synchronize-auto":"Automatisk","settings-synchronize-one-day":"1 dag","settings-synchronize-three-days":"3 dage","settings-synchronize-one-week":"1 uge","settings-synchronize-two-weeks":"2 uger","settings-synchronize-one-month":"1 måned","settings-synchronize-all":"Alle mails","envelope-from":"Fra","envelope-to":"Til","envelope-cc":"Cc","envelope-bcc":"Bcc","compose-header":"Skriv mail","compose-header-short":"Skriv","compose-send":"Send","compose-to":"Til","compose-cc":"cc","compose-bcc":"bcc","compose-attachments":{"_index":["plural","n"],"_":{"zero":"Vedhæftede filer","one":"{{ n }} vedhæftet fil","two":"{{ n }} vedhæftede filer","few":"{{ n }} vedhæftede filer","many":"{{ n }} vedhæftede filer","other":"{{ n }} vedhæftede filer"}},"compose-attachment-still-working":"Øjeblik, arbejder stadig med den forrige vedhæftning…","compose-subject":"Emne","compose-draft-save":"Gem som lokal kladde","compose-discard-message":"Slet mail?","compose-discard-confirm":"Slet","compose-send-message-failed":"Afsendelse af mail mislykkedes","composer-attachment-large":"Den vedhæftede fil er for stor","composer-attachments-large":"De vedhæftede filer er for store","compose-attchment-size-exceeded":"Den markerede vedhæftede fil er for stor til at kunne sendes med denne mail.","compose-attchments-size-exceeded":"De markerede vedhæftede filer er for store til at kunne sendes med denne mail. Prøv med færre filer.","dialog-button-ok":"OK","default-attachment-filename":"vedhæftning{{ n }}","attachment-size-kib":"{{kilobytes}}K","message-attachment-view":"Vis","message-attachment-too-large":"Denne fil er for stor til at hente.","message-no-subject":"(intet emne)","message-edit-menu-edit":"Rediger","message-edit-menu-delete":"Slet","message-edit-delete-confirm":"Slet mail?","message-send-attachment-disabled-confirm":"Vedhæftede filer kan ikke videresendes.","message-multiedit-header":{"_index":["plural","n"],"_":{"zero":"Rediger","one":"{{ n }} valgt","two":"{{ n }} valgt","few":"{{ n }} valgt","many":"{{ n }} valgt","other":"{{ n }} valgt"}},"browse-to-url-prompt":"Åbn websted: {{ url }}","message-download-images":{"_index":["plural","n"],"_":{"one":"Denne mail indeholder et billede. Klik for at hente.","two":"Denne mail indeholder {{ n }} billeder. Klik for at hente.","few":"Denne mail indeholder {{ n }} billeder. Klik for at hente.","many":"Denne mail indeholder {{ n }} billeder. Klik for at hente.","other":"Denne mail indeholder {{ n }} billeder. Klik for at hente."}},"message-show-external-images":"Vis eksterne billeder","message-multiedit-cancel":"Annuller","message-multiedit-delete-confirm":{"_index":["plural","n"],"_":{"one":"Slet denne mail?","two":"Slet {{ n }} mails?","few":"Slet {{ n }} mails?","many":"Slet {{ n }} mails?","other":"Slet {{ n }} mails?"}},"message-large-message-cancel":"Annuller","message-large-message-ok":"Fortsæt","message-large-message-confirm":"Denne mail er stor og kan tage lidt tid at hente.","message-search-from":"Fra","message-search-to":"Til","message-search-subject":"Emne","message-search-body":"Indhold","message-search-all":"Alt","message-search-input":{"placeholder":"Søg efter mail"},"message-search-cancel":"Annuller","messages-syncing":"Indlæser mails","messages-sync-more":"Indlæs flere mails fra serveren","messages-folder-empty":"Ingen mail i denne mappe","messages-search-empty":"Ingen forekomster i lokalt gemte mails","messages-folder-select":"Vælg mappe","message-contact-menu-create":"Gem ny kontakt","message-contact-menu-add-existing":"Føj til eksisterende kontakt","message-contact-menu-view":"Vis kontakt","message-contact-menu-reply":"Svar","message-contact-menu-new":"Send ny mail","message-reply-menu-reply":"Svar","message-reply-menu-reply-all":"Svar alle","message-reply-menu-forward":"Videresend","message-reply-menu-cancel":"Annuller","reply-quoting-wrote":"{name} skrev","forward-original-message":"Oprindelig mail","forward-header-subject":"Subject","forward-header-date":"Date","forward-header-from":"From","forward-header-reply-to":"Reply-To","forward-header-to":"To","forward-header-cc":"Cc","folder-inbox":"Indbakke","folder-sent":"Sendt","folder-drafts":"Kladder","folder-trash":"Papirkurv","folder-queue":"Ikke-sendte","folder-junk":"Spam","folder-archives":"Arkiv","folder-localdrafts":"Lokale kladder","folder-outbox":"Udbakke","drawer-back":"Tilbage","drawer-accounts-header":"Konti","drawer-settings-link":"Indstillinger","folder-last-synced-label":"Senest synkroniseret:","message-list-top-action":"Top","toaster-undo":"Fortryd","toaster-retry":"Prøv igen","toaster-message-star":{"_index":["plural","n"],"_":{"one":"1 meddelelsesflag sat","two":"{{ n }} meddelelsesflag sat","few":"{{ n }} meddelelsesflag sat","many":"{{ n }} meddelelsesflag sat","other":"{{ n }} meddelelsesflag sat"}},"toaster-message-unstar":{"_index":["plural","n"],"_":{"one":"1 meddelelsesflag fjernet","two":"{{ n }} meddelelsesflag fjernet","few":"{{ n }} meddelelsesflag fjernet","many":"{{ n }} meddelelsesflag fjernet","other":"{{ n }} meddelelsesflag fjernet"}},"toaster-message-read":{"_index":["plural","n"],"_":{"one":"1 mail markeret som læst","two":"{{ n }} mails markeret som læst","few":"{{ n }} mails markeret som læst","many":"{{ n }} mails markeret som læst","other":"{{ n }} mails markeret som læst"}},"toaster-message-unread":{"_index":["plural","n"],"_":{"one":"1 mail markeret som ulæst","two":"{{ n }} mails markeret som ulæst","few":"{{ n }} mails markeret som ulæst","many":"{{ n }} mails markeret som ulæst","other":"{{ n }} mails markeret som ulæst"}},"toaster-message-move":{"_index":["plural","n"],"_":{"one":"1 mail flyttet","two":"{{ n }} mails flyttet","few":"{{ n }} mails flyttet","many":"{{ n }} mails flyttet","other":"{{ n }} mails flyttet"}},"toaster-message-delete":{"_index":["plural","n"],"_":{"one":"1 mail slettet","two":"{{ n }} mails slettet","few":"{{ n }} mails slettet","many":"{{ n }} mails slettet","other":"{{ n }} mails slettet"}},"toaster-retryable-syncfailed":"Kan ikke oprette forbindelse","compose-invalid-addresses-title":"Ugyldig adresse","compose-invalid-addresses-description":"Din meddelelse indeholder en eller flere ugyldige mailadresser. Ret dem, før du sender.","background-send-pending":"Netværk ikke tilgængeligt. Meddelelsen er gemt i Udbakke.","background-send-sending":"Sender meddelelse…","background-send-success":"Meddelelsen er sendt.","background-send-error":"Der opstod en fejl, meddelelsen er gemt i Udbakke.","background-send-error-recipients":"Modtagerfejl. Meddelelsen er gemt i Udbakke.","background-send-error-title":"Meddelelsen kunne ikke sendes","send-failure-recipients":"Kontroller de ovenstående mailadresser. Mailserveren indikerer, at en eller flere af adresserne er ugyldige.","send-failure-unknown":"Meddelelsen kunne ikke sendes.","form-clear-input":"Fjern tekst","confirm-dialog-title":"Bekræft","senders-separation-sign":",","new-emails":{"_index":["plural","n"],"_":{"one":"1 ny mail","two":"{{ n }} nye mails","few":"{{ n }} nye mails","many":"{{ n }} nye mails","other":"{{ n }} nye mails"}},"new-emails-notify-one-account":{"_index":["plural","n"],"_":{"one":"1 ny mail","two":"{{ n }} nye mails","few":"{{ n }} nye mails","many":"{{ n }} nye mails","other":"{{ n }} nye mails"}},"new-emails-notify-multiple-accounts":{"_index":["plural","n"],"_":{"one":"1 ny mail, ({{ accountName }})","two":"{{ n }} nye mails, ({{ accountName }})","few":"{{ n }} nye mails, ({{ accountName }})","many":"{{ n }} nye mails, ({{ accountName }})","other":"{{ n }} nye mails, ({{ accountName }})"}},"new-emails-notify-multiple-accounts-body":"{{ from }} “{{ subject }}”","weekday-0-long":"Søndag","weekday-1-long":"Mandag","weekday-2-long":"Tirsdag","weekday-3-long":"Onsdag","weekday-4-long":"Torsdag","weekday-5-long":"Fredag","weekday-6-long":"Lørdag","weekday-0-short":"Søn","weekday-1-short":"Man","weekday-2-short":"Tir","weekday-3-short":"Ons","weekday-4-short":"Tor","weekday-5-short":"Fre","weekday-6-short":"Lør","month-0-long":"Januar","month-1-long":"Februar","month-2-long":"Marts","month-3-long":"April","month-4-long":"Maj","month-5-long":"Juni","month-6-long":"Juli","month-7-long":"August","month-8-long":"September","month-9-long":"Oktober","month-10-long":"November","month-11-long":"December","month-0-genitive":"januar","month-1-genitive":"februar","month-2-genitive":"marts","month-3-genitive":"april","month-4-genitive":"maj","month-5-genitive":"juni","month-6-genitive":"juli","month-7-genitive":"august","month-8-genitive":"september","month-9-genitive":"oktober","month-10-genitive":"november","month-11-genitive":"december","month-0-short":"Jan","month-1-short":"Feb","month-2-short":"Mar","month-3-short":"Apr","month-4-short":"Maj","month-5-short":"Jun","month-6-short":"Jul","month-7-short":"Aug","month-8-short":"Sep","month-9-short":"Okt","month-10-short":"Nov","month-11-short":"Dec","minutes-ago-long":{"_index":["plural","value"],"_":{"zero":"nu","one":"for et minut siden","two":"for {{value}} minutter siden","few":"for {{value}} minutter siden","many":"for {{value}} minutter siden","other":"for {{value}} minutter siden"}},"hours-ago-long":{"_index":["plural","value"],"_":{"zero":"nu","one":"for en time siden","two":"for {{value}} timer siden","few":"for {{value}} timer siden","many":"for {{value}} timer siden","other":"for {{value}} timer siden"}},"days-ago-long":{"_index":["plural","value"],"_":{"zero":"i dag","one":"i går","two":"for {{value}} dage siden","few":"for {{value}} dage siden","many":"for {{value}} dage siden","other":"for {{value}} dage siden"}},"weeks-ago-long":{"_index":["plural","value"],"_":{"zero":"denne uge","one":"sidste uge","two":"for {{value}} uger siden","few":"for {{value}} uger siden","many":"for {{value}} uger siden","other":"for {{value}} uger siden"}},"months-ago-long":{"_index":["plural","value"],"_":{"zero":"denne måned","one":"sidste måned","two":"for {{value}} måneder siden","few":"for {{value}} måneder siden","many":"for {{value}} måneder siden","other":"for {{value}} måneder siden"}},"years-ago-long":{"_index":["plural","value"],"_":{"zero":"dette år","one":"sidste år","two":"for {{value}} år siden","few":"for {{value}} år siden","many":"for {{value}} år siden","other":"for {{value}} år siden"}},"minutes-until-long":{"_index":["plural","value"],"_":{"zero":"nu","one":"om et minut","two":"om {{value}} minutter","few":"om {{value}} minutter","many":"om {{value}} minutter","other":"om {{value}} minutter"}},"hours-until-long":{"_index":["plural","value"],"_":{"zero":"nu","one":"om en time","two":"om {{value}} timer","few":"om {{value}} timer","many":"om {{value}} timer","other":"om {{value}} timer"}},"days-until-long":{"_index":["plural","value"],"_":{"zero":"i dag","one":"i morgen","two":"om {{value}} dage","few":"om {{value}} dage","many":"om {{value}} dage","other":"om {{value}} dage"}},"weeks-until-long":{"_index":["plural","value"],"_":{"zero":"denne uge","one":"næste uge","two":"om {{value}} uger","few":"om {{value}} uger","many":"om {{value}} uger","other":"om {{value}} uger"}},"months-until-long":{"_index":["plural","value"],"_":{"zero":"denne måned","one":"næste måned","two":"om {{value}} måneder","few":"om {{value}} måneder","many":"om {{value}} måneder","other":"om {{value}} måneder"}},"years-until-long":{"_index":["plural","value"],"_":{"zero":"i år","one":"næste år","two":"om {{value}} år","few":"om {{value}} år","many":"om {{value}} år","other":"om {{value}} år"}},"minutes-ago-short":{"_index":["plural","value"],"_":{"zero":"nu","other":"{{value}}m siden"}},"hours-ago-short":{"_index":["plural","value"],"_":{"zero":"nu","other":"{{value}}t siden"}},"days-ago-short":{"_index":["plural","value"],"_":{"zero":"i dag","other":"{{value}}d siden"}},"minutes-until-short":{"_index":["plural","value"],"_":{"zero":"nu","other":"om {{value}}m"}},"hours-until-short":{"_index":["plural","value"],"_":{"zero":"nu","other":"om {{value}}t"}},"days-until-short":{"_index":["plural","value"],"_":{"zero":"i dag","other":"om {{value}}d"}},"incorrectDate":"(forkert dato)","dateTimeFormat_%c":"%a d. %e. %b %Y %H:%M:%S","dateTimeFormat_%x":"%d-%m-%Y","dateTimeFormat_%X":"%H:%M:%S","shortTimeFormat":"%H:%M","shortDateTimeFormat":"%x %H:%M","weekStartsOnMonday":"1","time_am":"AM","time_pm":"PM"}