{"setup-app-name-header":"Email","setup-empty-account-prompt":"Δεν έχετε ρυθμίσει την αποστολή και λήψη email. Θα θέλατε να το κάνετε τώρα;","setup-pick-service":"Για να στείλετε και να λάβετε email, θα πρέπει να ρυθμίσετε έναν λογαριασμό.","setup-account-header3":"Νέα διεύθυνση","setup-info-name":{"placeholder":"Το όνομά σας"},"setup-info-email":{"placeholder":"someone@example.com"},"setup-info-password":{"placeholder":"Κωδικός"},"setup-info-next":"Επόμενο","setup-progress-wait-msg":"Παρακαλούμε περιμένετε όσο ρυθμίζεται ο λογαριασμός σας","setup-completed-header":"Ρύθμιση Email","setup-completed-label":"Επιτυχής ρύθμιση!","setup-add-another-account":"Προσθέστε κι άλλο λογαριασμό","setup-show-mail":"Συνέχεια στο Email","setup-error-offline":"Δεν υπάρχει σύνδεση. Συνδεθείτε και προσπαθήστε ξανά.","setup-error-bad-user-or-pass2":"Λάθος όνομα χρήστη ή κωδικός. Ελέγξτε για τυπογραφικά λάθη.","setup-error-bad-address":"Μη έγκυρη διεύθυνση email. Ελέγξτε για τυπογραφικό λάθος.","setup-error-not-authorized":"Ο διακομιστής δήλωσε ότι δεν είστε εξουσιοδοτημένος να δημιουργήσετε έναν λογαριασμό","setup-error-pop-server-not-great":"Δεν υποστηρίζεται ο διακομιστής. Ο εξυπηρετητής POP3 δεν υλοποιεί τις απαιτούμενες λειτουργίες.","setup-error-unknown2":"Παρουσιάστηκε ένα άγνωστο σφάλμα. Ελέγξτε τη σύνδεσή σας ή δοκιμάστε την χειροκίνητη ρύθμιση.","setup-error-needs-app-pass":"Για λογαριασμούς Gmail με επαλήθευση σε δύο βήματα θα πρέπει να χρησιμοποιήσετε έναν κωδικό πρόσβασης για συγκεκριμένη εφαρμογή ","setup-error-imap-disabled":"Πρέπει να ενεργοποιήσετε το IMAP για τον Gmail λογαριασμό σας","setup-error-pop3-disabled":"Πρέπει να ενεργοποιήσετε POP3 στο λογαριασμό Gmail σας","setup-error-bad-security":"Αποτυχία δημιουργίας ασφαλούς σύνδεσης με τον διακομιστή «{{server}}». Μπορεί να υπάρχει πρόβλημα με το δίκτυο σας ή τον διακομιστή.","setup-error-unresponsive-server":"Αποτυχία δημιουργίας ασφαλούς σύνδεσης με τον διακομιστή «{{server}}». Μπορεί να υπάρχει πρόβλημα με το δίκτυο.","setup-error-server-problem":"Υπάρχει πρόβλημα με τον διακομιστή «{{server}}». Δοκιμάστε ξανά αργότερα.","setup-error-no-config-info":"Αποτυχία αυτόματης ρύθμισης του λογαριασμού σας. Διορθώστε την διεύθυνση e-mail σας ή δοκιμάστε τη χειροκίνητη ρύθμιση.","setup-error-server-maintenance":"Ο διακομιστής «{{server}}» είναι εκτός δικτύου για συντήρηση. Παρακαλούμε προσπαθήστε αργότερα.","setup-error-account-already-exists":"Αυτός ο λογαριασμός έχει ήδη ρυθμιστεί.","setup-manual-config2":"Χειροκίνητη εγκατάσταση","setup-manual-config-header":"Περισσότερα","setup-manual-account-type":"Τύπος λογαριασμού","setup-manual-imap-header":"Ρυθμίσεις IMAP","setup-manual-pop3-header":"Ρυθμίσεις POP3","setup-manual-smtp-header":"Ρυθμίσεις SMTP","setup-manual-activesync-header":"Ρυθμίσεις ActiveSync","setup-manual-next":"Επόμενο","setup-manual-socket":"Τύπος Socket","setup-manual-socket-ssl":"SSL","setup-manual-socket-starttls":"STARTTLS","setup-manual-hostname":{"placeholder":"Όνομα συστήματος"},"setup-manual-port":{"placeholder":"Αριθμός θύρας"},"setup-manual-username":{"placeholder":"Όνομα χρήστη"},"setup-manual-activesync-username":{"placeholder":"Τομέας\\Όνομα χρήστη"},"setup-bad-password-header":"Λάθος κωδικός!","setup-bad-password":"Δεν μπορέσαμε να συνδεθούμε στον διακομιστή. Μήπως ο κωδικός σας είναι λάθος;","setup-new-password":{"placeholder":"Νέος κωδικός πρόσβασης"},"setup-fix-password":"Δοκιμάστε ξανά με νέο κωδικό","setup-gmail-twofactor-header":"Ενεργοποιήθηκε η επαλήθευση σε δύο βήματα","setup-gmail-twofactor-message":"Πρέπει να εισάγετε έναν κωδικό πρόσβασης για συγκεκριμένη εφαρμογή.","setup-gmail-twofactor-fix":"Χρησιμοποιήστε τον κωδικό πρόσβασης της εφαρμογής","setup-gmail-imap-header":"IMAP απενεργοποιημένο","setup-gmail-imap-message":"Θα πρέπει να ενεργοποιήσετε το IMAP στον Gmail λογαριασμό σας","setup-gmail-imap-retry":"Δοκιμάστε ξανά","setup-gmail-pop3-header":"POP3 απενεργοποιημένο","setup-gmail-pop3-message":"Πρέπει να ενεργοποιήσετε το POP3 στο λογαριασμό Gmail σας","setup-gmail-pop3-retry":"Επανάληψη","settings-main-header":"Ρυθμίσεις","settings-sub-header-account":"Λογαριασμός","settings-account-name":"Το όνομά σας","settings-account-display-notifications":"Εμφάνιση ενημερώσεων για νέα μηνύματα","settings-account-play-sound-onsend":"Αναπαραγωγή ήχου μετά την αποστολή του μηνύματος","settings-account-signature-label":"Signature","signature-save":"Save Signature","signature-discard-confirm":"Discard","settings-sub-header-data":"Δεδομένα","settings-account-check-mail":"Έλεγχος για νέα μηνύματα","settings-sub-header-server":"Ρυθμίσεις διακομιστή","settings-account-userpass":"Όνομα χρήστη και κωδικός ","settings-default-signature":"Sent Using FirefoxOS","settings-done":"ΟΚ","settings-account-section":"Λογαριασμοί","settings-account-add":"Προσθήκη λογαριασμού","settings-account-delete":"Διαγραφή λογαριασμού","settings-account-delete-prompt":"Είστε σίγουροι πως θέλετε να αφαιρέσετε τον {{account}} λογαριασμό σας; Θα πρέπει να κατεβάσετε ξανά όλα τα emails σας αν τον προσθέσετε ξανά.","settings-account-delete-cancel":"Ακύρωση","settings-account-delete-confirm":"Διαγραφή","settings-account-clarify-imap":"{{account-name}} (IMAP)","settings-account-clarify-pop3":"{{account-name}} (POP3)","settings-account-clarify-smtp":"{{account-name}} (SMTP)","settings-general-section":"Γενικές ρυθμίσεις","settings-show-images":"Πάντα εμφάνιση εικόνων","settings-download-attachments":"Λήψη συνημμένων","settings-check-every-5min":"Κάθε 5 λεπτά","settings-check-every-10min":"Κάθε 10 λεπτά","settings-check-every-15min":"Κάθε 15 λεπτά","settings-check-every-30min":"Κάθε 30 λεπτά","settings-check-every-60min":"Κάθε 60 λεπτά","settings-check-every-manual":"Χειροκίνητα","settings-check-dynamic":{"_index":["plural","n"],"_":{"zero":"δευτερόλεπτα","one":"{{ n }} δευτερόλεπτα","two":"{{ n }} δευτερόλεπτα","few":"{{ n }} δευτερόλεπτα","many":"{{ n }} δευτερόλεπτα","other":"{{ n }} δευτερόλεπτα"}},"settings-default-account":"Προεπιλεγμένος λογαριασμός","settings-account-type":"Τύπος λογαριασμού","settings-account-credentials":"Στοιχεία","settings-activesync-label":"Ρυθμίσεις ActiveSync","settings-imap-label":"Ρυθμίσεις IMAP","settings-pop3-label":"Ρυθμίσεις POP3","settings-smtp-label":"Ρυθμίσεις SMTP","settings-hostname":"Όνομα κεντρικού υπολογιστή","settings-port":"Θύρα","settings-username":"Όνομα χρήστη","settings-password":"Κωδικός","settings-save":"Αποθήκευση","settings-password-empty":"Ο κωδικός δεν μπορεί να είναι κενός!","settings-account-synchronize-window":"Ημέρες για συγχρονισμό","settings-synchronize-auto":"Αυτόματα","settings-synchronize-one-day":"1 ημέρα","settings-synchronize-three-days":"3 ημέρες","settings-synchronize-one-week":"1 εβδομάδα","settings-synchronize-two-weeks":"2 εβδομάδες","settings-synchronize-one-month":"1 μήνας","settings-synchronize-all":"Όλα τα μηνύματα","envelope-from":"Από","envelope-to":"Προς","envelope-cc":"Κοιν.","envelope-bcc":"Κρυφή Κοιν.","compose-header":"Σύνταξη μηνύματος","compose-header-short":"Σύνταξη","compose-send":"Αποστολή","compose-to":"Προς","compose-cc":"Κοιν.","compose-bcc":"Κρυφή Κοιν.","compose-attachments":{"_index":["plural","n"],"_":{"zero":"Συνημμένα","one":"{{ n }} συνημμένο","two":"{{ n }} συνημμένα","few":"{{ n }} συνημμένα","many":"{{ n }} συνημμένα","other":"{{ n }} συνημμένα"}},"compose-attachment-still-working":"Μια στιγμή, γίνεται επεξεργασία του προηγούμενου συνημμένου…","compose-subject":"Θέμα","compose-draft-save":"Αποθήκευση στα Πρόχειρα","compose-discard-message":"Απόρριψη email;","compose-discard-confirm":"Απόρριψη","compose-send-message-failed":"Η αποστολή του email απέτυχε","composer-attachment-large":"Υπερβολικά μεγάλο συνημμένο","composer-attachments-large":"Υπερβολικά μεγάλα συνημμένα","compose-attchment-size-exceeded":"Το συγκεκριμένο συνημμένο είναι υπερβολικά μεγάλο για να σταλεί με αυτό το μήνυμα.","compose-attchments-size-exceeded":"Τα συγκεκριμένα συνημμένα είναι υπερβολικά μεγάλα για να σταλούν με αυτό το μήνυμα. Δοκιμάστε επιλέγοντας λιγότερα αρχεία.","dialog-button-ok":"ΟΚ","default-attachment-filename":"επισύναψη{{ n }}","attachment-size-kib":"{{kilobytes}}K","message-attachment-view":{"textContent":"Προβολή"},"message-attachment-too-large":"Το αρχείο είναι πολύ μεγάλο για λήψη.","message-no-subject":"(κανένα θέμα)","message-edit-menu-edit":"Edit","message-edit-menu-delete":"Διαγραφή","message-edit-delete-confirm":"Διαγραφή μηνύματος email;","message-send-attachment-disabled-confirm":"Τα συνημμένα δεν μπόρεσαν να διαβιβαστούν.","message-multiedit-header":{"_index":["plural","n"],"_":{"zero":"Επεξεργασία","one":"{{ n }} επιλεγμένο","two":"{{ n }} επιλεγμένα","few":"{{ n }} επιλεγμένα","many":"{{ n }} επιλεγμένα","other":"{{ n }} επιλεγμένα"}},"browse-to-url-prompt":"Περιήγηση στο URL;: {{ url }}","message-download-images":{"_index":["plural","n"],"_":{"one":"Αυτό το email περιέχει μία εικόνα. Πατήστε για να την κατεβάσετε.","two":"Αυτό το email περιέχει {{ n }} εικόνες. Πατήστε για να τις κατεβάσετε.","few":"Αυτό το email περιέχει {{ n }} εικόνες. Πατήστε για να τις κατεβάσετε.","many":"Αυτό το email περιέχει {{ n }} εικόνες. Πατήστε για να τις κατεβάσετε.","other":"Αυτό το email περιέχει {{ n }} εικόνες. Πατήστε για να τις κατεβάσετε."}},"message-show-external-images":"Εμφάνιση εξωτερικών εικόνων","message-multiedit-cancel":"Ακύρωση","message-multiedit-delete-confirm":{"_index":["plural","n"],"_":{"one":"Διαγραφή αυτού του μηνύματoς;","two":"Διαγραφή {{ n }} μηνυμάτων;","few":"Διαγραφή {{ n }} μηνυμάτων;","many":"Διαγραφή {{ n }} μηνυμάτων;","other":"Διαγραφή {{ n }} μηνυμάτων;"}},"message-large-message-cancel":"Ακύρωση","message-large-message-ok":"Συνέχεια","message-large-message-confirm":"Αυτό το μήνυμα είναι μεγάλο και ίσως η λήψη του χρειαστεί κάποιο χρόνο.","message-search-from":"Από","message-search-to":"Προς","message-search-subject":"Θέμα","message-search-body":"Σώμα","message-search-all":"Όλα","message-search-input":{"placeholder":"Αναζήτηση"},"message-search-cancel":"Ακύρωση","messages-syncing":"Φόρτωση μηνυμάτων","messages-sync-more":"Φόρτωση περισσότερων μηνυμάτων από τον διακομιστή","messages-folder-empty":"Δεν υπάρχουν μηνύματα σε αυτόν τον φάκελο","messages-search-empty":"Δεν βρέθηκαν αποτελέσματα στα τοπικά αποθηκευμένα μηνύματα","messages-folder-select":"Επιλέξτε φάκελο","message-contact-menu-create":"Αποθήκευση νέας επαφής","message-contact-menu-add-existing":"Προσθήκη σε υπάρχουσα επαφή","message-contact-menu-view":"Προβολή επαφής","message-contact-menu-reply":"Απάντηση","message-contact-menu-new":"Αποστολή νέου email","message-reply-menu-reply":"Απάντηση","message-reply-menu-reply-all":"Απάντηση σε όλους","message-reply-menu-forward":"Προώθηση","message-reply-menu-cancel":"Ακύρωση","reply-quoting-wrote":"Ο χρήστης {name} έγραψε","forward-original-message":"Αρχικό μήνυμα","forward-header-subject":"Θέμα","forward-header-date":"Ημερομηνία","forward-header-from":"Από","forward-header-reply-to":"Απάντηση προς","forward-header-to":"Προς","forward-header-cc":"Κοιν.","folder-inbox":"Εισερχόμενα","folder-sent":"Απεσταλμένα","folder-drafts":"Πρόχειρα","folder-trash":"Ανεπιθύμητα","folder-queue":"Μη απεσταλμένα","folder-junk":"Κάδος απορριμμάτων","folder-archives":"Αρχείο","folder-localdrafts":"Τοπικά πρόχειρα","folder-outbox":"Outbox","drawer-back":"Πίσω","drawer-accounts-header":"Λογαριασμοί","drawer-settings-link":"Ρυθμίσεις","folder-last-synced-label":"Τελευταίος συγχρονισμός:","message-list-top-action":"Top","toaster-undo":"Αναίρεση","toaster-retry":"Προσπαθήστε ξανά","toaster-message-star":{"_index":["plural","n"],"_":{"one":"1 μήνυμα επισημάνθηκε","two":"{{ n }} μηνύματα επισημάνθηκαν","few":"{{ n }} μηνύματα επισημάνθηκαν","many":"{{ n }} μηνύματα επισημάνθηκαν","other":"{{ n }} μηνύματα επισημάνθηκαν"}},"toaster-message-unstar":{"_index":["plural","n"],"_":{"one":"1 επισήμανση μηνύματος αφαιρέθηκε","two":"{{ n }} επισημάνσεις μηνυμάτων αφαιρέθηκαν","few":"{{ n }} επισημάνσεις μηνυμάτων αφαιρέθηκαν","many":"{{ n }} επισημάνσεις μηνυμάτων αφαιρέθηκαν","other":"{{ n }} επισημάνσεις μηνυμάτων αφαιρέθηκαν"}},"toaster-message-read":{"_index":["plural","n"],"_":{"one":"1 μήνυμα επισημάνθηκε ως διαβασμένο","two":"{{ n }} μηνύματα επισημάνθηκαν ως διαβασμένα","few":"{{ n }} μηνύματα επισημάνθηκαν ως διαβασμένα","many":"{{ n }} μηνύματα επισημάνθηκαν ως διαβασμένα","other":"{{ n }} μηνύματα επισημάνθηκαν ως διαβασμένα"}},"toaster-message-unread":{"_index":["plural","n"],"_":{"one":"1 μήνυμα επισημάνθηκε ως μη διαβασμένο","two":"{{ n }} μηνύματα επισημάνθηκαν ως μη διαβασμένα","few":"{{ n }} μηνύματα επισημάνθηκαν ως μη διαβασμένα","many":"{{ n }} μηνύματα επισημάνθηκαν ως μη διαβασμένα","other":"{{ n }} μηνύματα επισημάνθηκαν ως μη διαβασμένα"}},"toaster-message-move":{"_index":["plural","n"],"_":{"one":"1 μήνυμα μετακινήθηκε","two":"{{ n }} μηνύματα μετακινήθηκαν","few":"{{ n }} μηνύματα μετακινήθηκαν","many":"{{ n }} μηνύματα μετακινήθηκαν","other":"{{ n }} μηνύματα μετακινήθηκαν"}},"toaster-message-delete":{"_index":["plural","n"],"_":{"one":"1 μήνυμα διαγράφηκε","two":"{{ n }} μηνύματα διαγράφηκαν","few":"{{ n }} μηνύματα διαγράφηκαν","many":"{{ n }} μηνύματα διαγράφηκαν","other":"{{ n }} μηνύματα διαγράφηκαν"}},"toaster-retryable-syncfailed":"Δεν ήταν δυνατή η σύνδεση με τον διακομιστή","compose-invalid-addresses-title":"Invalid Addresses","compose-invalid-addresses-description":"Your message contains one or more invalid email addresses. Please correct them before sending.","background-send-pending":"Network unavailable. Email saved to outbox.","background-send-sending":"Sending mail…","background-send-success":"Email sent.","background-send-error":"Error occurred. Email saved to outbox.","background-send-error-recipients":"Recipient error. Email saved to outbox.","background-send-error-title":"Mail failed to send","send-failure-recipients":"Check the spelling of the addresses above. Your mail server indicated one or more of the addresses above are incorrect.","send-failure-unknown":"The message could not be sent.","form-clear-input":"Αφαίρεση κειμένου","confirm-dialog-title":"Επιβεβαίωση","senders-separation-sign":", ","new-emails":{"_index":["plural","n"],"_":{"one":"1 Νέο Email","two":"{{ n }} Νέα Email","few":"{{ n }} Νέα Email","many":"{{ n }} Νέα Email","other":"{{ n }} Νέα Email"}},"new-emails-notify-one-account":{"_index":["plural","n"],"_":{"one":"1 Νέο Email","two":"{{ n }} Νέα Email","few":"{{ n }} Νέα Email","many":"{{ n }} Νέα Email","other":"{{ n }} Νέα Email"}},"new-emails-notify-multiple-accounts":{"_index":["plural","n"],"_":{"one":"1 Νέο Email ({{ accountName }})","two":"{{ n }} Νέα Email ({{ accountName }})","few":"{{ n }} Νέα Email ({{ accountName }})","many":"{{ n }} Νέα Email ({{ accountName }})","other":"{{ n }} Νέα Email ({{ accountName }})"}},"new-emails-notify-multiple-accounts-body":"{{ from }} «{{ subject }}»","weekday-0-long":"Κυριακή","weekday-1-long":"Δευτέρα","weekday-2-long":"Τρίτη","weekday-3-long":"Τετάρτη","weekday-4-long":"Πέμπτη","weekday-5-long":"Παρασκευή","weekday-6-long":"Σάββατο","weekday-0-short":"Κυρ","weekday-1-short":"Δευ","weekday-2-short":"Τρι","weekday-3-short":"Τετ","weekday-4-short":"Πεμ","weekday-5-short":"Παρ","weekday-6-short":"Σαβ","month-0-long":"Ιανουάριος","month-1-long":"Φεβρουάριος","month-2-long":"Μάρτιος","month-3-long":"Απρίλιος","month-4-long":"Μάιος","month-5-long":"Ιούνιος","month-6-long":"Ιούλιος","month-7-long":"Αύγουστος","month-8-long":"Σεπτέμβριος","month-9-long":"Οκτώβριος","month-10-long":"Νοέμβριος","month-11-long":"Δεκέμβριος","month-0-genitive":"Ιανουαρίου","month-1-genitive":"Φεβρουαρίου","month-2-genitive":"Μαρτίου","month-3-genitive":"Απριλίου","month-4-genitive":"Μαΐου","month-5-genitive":"Ιουνίου","month-6-genitive":"Ιουλίου","month-7-genitive":"Αυγούστου","month-8-genitive":"Σεπτεμβρίου","month-9-genitive":"Οκτωβρίου","month-10-genitive":"Νοεμβρίου","month-11-genitive":"Δεκεμβρίου","month-0-short":"Ιαν","month-1-short":"Φεβ","month-2-short":"Μαρ","month-3-short":"Απρ","month-4-short":"Μάι","month-5-short":"Ιουν","month-6-short":"Ιουλ","month-7-short":"Αυγ","month-8-short":"Σεπ","month-9-short":"Οκτ","month-10-short":"Νοε","month-11-short":"Δεκ","minutes-ago-long":{"_index":["plural","value"],"_":{"zero":"μόλις τώρα","one":"πριν από ένα λεπτό","two":"πριν από {{value}} λεπτά","few":"πριν από {{value}} λεπτά","many":"πριν από {{value}} λεπτά","other":"πριν από {{value}} λεπτά"}},"hours-ago-long":{"_index":["plural","value"],"_":{"zero":"μόλις τώρα","one":"πριν από μία ώρα","two":"πριν από {{value}} ώρες","few":"πριν από {{value}} ώρες","many":"πριν από {{value}} ώρες","other":"πριν από {{value}} ώρες"}},"days-ago-long":{"_index":["plural","value"],"_":{"zero":"σήμερα","one":"χθες","two":"πριν από {{value}} ημέρες","few":"πριν από {{value}} ημέρες","many":"πριν από {{value}} ημέρες","other":"πριν από {{value}} ημέρες"}},"weeks-ago-long":{"_index":["plural","value"],"_":{"zero":"αυτή την εβδομάδα","one":"την τελευταία εβδομάδα","two":"πριν από {{value}} εβδομάδες","few":"πριν από {{value}} εβδομάδες","many":"πριν από {{value}} εβδομάδες","other":"πριν από {{value}} εβδομάδες"}},"months-ago-long":{"_index":["plural","value"],"_":{"zero":"αυτό τον μήνα","one":"τον τελευταίο μήνα","two":"πριν από {{value}} μήνες","few":"πριν από {{value}} μήνες","many":"πριν από {{value}} μήνες","other":"πριν από {{value}} μήνες"}},"years-ago-long":{"_index":["plural","value"],"_":{"zero":"αυτό το έτος","one":"το περασμένο έτος","two":"πριν από {{value}} χρόνια","few":"πριν από {{value}} χρόνια","many":"πριν από {{value}} χρόνια","other":"πριν από {{value}} χρόνια"}},"minutes-until-long":{"_index":["plural","value"],"_":{"zero":"τώρα","one":"σε ένα λεπτό","two":"σε {{value}} λεπτά","few":"σε {{value}} λεπτά","many":"σε {{value}} λεπτά","other":"σε {{value}} λεπτά"}},"hours-until-long":{"_index":["plural","value"],"_":{"zero":"τώρα","one":"σε μία ώρα","two":"σε {{value}} ώρες","few":"σε {{value}} ώρες","many":"σε {{value}} ώρες","other":"σε {{value}} ώρες"}},"days-until-long":{"_index":["plural","value"],"_":{"zero":"σήμερα","one":"αύριο","two":"σε {{value}} ημέρες","few":"σε {{value}} ημέρες","many":"σε {{value}} ημέρες","other":"σε {{value}} ημέρες"}},"weeks-until-long":{"_index":["plural","value"],"_":{"zero":"αυτή την εβδομάδα","one":"την επόμενη εβδομάδα","two":"σε {{value}} εβδομάδες","few":"σε {{value}} εβδομάδες","many":"σε {{value}} εβδομάδες","other":"σε {{value}} εβδομάδες"}},"months-until-long":{"_index":["plural","value"],"_":{"zero":"αυτό τον μήνα","one":"στον επόμενο μήνα","two":"σε {{value}} μήνες","few":"σε {{value}} μήνες","many":"σε {{value}} μήνες","other":"σε {{value}} μήνες"}},"years-until-long":{"_index":["plural","value"],"_":{"zero":"αυτό το έτος","one":"επόμενο έτος","two":"σε {{value}} έτη","few":"σε {{value}} έτη","many":"σε {{value}} έτη","other":"σε {{value}} έτη"}},"minutes-ago-short":{"_index":["plural","value"],"_":{"zero":"τώρα","other":"πριν {{value}}′"}},"hours-ago-short":{"_index":["plural","value"],"_":{"zero":"τώρα","other":"πριν {{value}} ώρ."}},"days-ago-short":{"_index":["plural","value"],"_":{"zero":"σήμερα","other":"πριν {{value}} ημ."}},"minutes-until-short":{"_index":["plural","value"],"_":{"zero":"τώρα","other":"σε {{value}}′"}},"hours-until-short":{"_index":["plural","value"],"_":{"zero":"τώρα","other":"σε {{value}} ώρ."}},"days-until-short":{"_index":["plural","value"],"_":{"zero":"σήμερα","other":"σε {{value}} ημ."}},"incorrectDate":"(λάθος ημερομηνία)","dateTimeFormat_%c":"%a, %e %Eb %Y, %H:%M:%S","dateTimeFormat_%x":"%d/%m/%Y","dateTimeFormat_%X":"%H:%M:%S","shortTimeFormat":"%H:%M","shortDateTimeFormat":"%x %H:%M","weekStartsOnMonday":"0","time_am":"πμ","time_pm":"μμ"}