{"setup-app-name-header":"Correo","setup-empty-account-prompt":"A súa conta non está configurada para enviar ou recibir correo. Desexa configurala agora?","setup-pick-service":"Para enviar e recibir correos, necesitará configurar unha conta.","setup-account-header3":"Nova conta","setup-info-name":{"placeholder":"O seu nome"},"setup-info-email":{"placeholder":"vostede@exemplo.com"},"setup-info-password":{"placeholder":"Contrasinal"},"setup-info-next":"Seguinte","setup-progress-wait-msg":"Configurando conta","setup-completed-header":"Configuración da conta","setup-completed-label":"Todo feito!","setup-add-another-account":"Engadir outra conta","setup-show-mail":"Ver o correo","setup-error-offline":"Este dispositivo está desconectado. Conéctese a unha rede e tente de novo.","setup-error-bad-user-or-pass2":"Usuario ou contrasinal incorrecto. Compróbeos.","setup-error-bad-address":"Enderezo de correo incorrecto. Compróbeo.","setup-error-not-authorized":"O servidor responde que non está autorizado para crear unha conta","setup-error-pop-server-not-great":"Servidor incompatíbel. O servidor POP3 non ten as funcionalidades requiridas.","setup-error-unknown2":"Produciuse un erro descoñecido. Comprobe a conexión de rede ou tente coa configuración manual.","setup-error-needs-app-pass":"Debe usar un contrasinal específico do aplicativo para a comprobación de dous pasos das contas de Gmail","setup-error-imap-disabled":"Debe activar IMAP na súa conta de Gmail","setup-error-pop3-disabled":"Debe activar POP3 na súa conta de Gmail","setup-error-bad-security":"Non é posíbel estabelecer unha conexión segura con \"{{server}}\". Pode haber un problema coa súa rede ou co servidor.","setup-error-unresponsive-server":"Non é posíbel estabelecer unha conexión con \"{{server}}\". Pode haber un problema coa rede.","setup-error-server-problem":"Hai un problema co servidor \"{{server}}\". Tente de novo máis tarde.","setup-error-no-config-info":"Foi imposíbel configurar automaticamente a súa conta. Corrixa o seu enderezo de correo ou tente coa configuración manual.","setup-error-server-maintenance":"O servidor \"{{server}}\" non está dispoñíbel por mantemento. Tente de novo máis tarde.","setup-error-account-already-exists":"Esta conta xa está configurada.","setup-manual-config2":"Configuración manual","setup-manual-config-header":"Config. manual","setup-manual-account-type":"Tipo de conta","setup-manual-imap-header":"Axustes IMAP","setup-manual-pop3-header":"Axustes POP3","setup-manual-smtp-header":"Axustes SMTP","setup-manual-activesync-header":"Axustes ActiveSync","setup-manual-next":"Seguinte","setup-manual-socket":"Tipo de sócket","setup-manual-socket-ssl":"SSL","setup-manual-socket-starttls":"STARTTLS","setup-manual-hostname":{"placeholder":"Nome do servidor"},"setup-manual-port":{"placeholder":"Número de porto"},"setup-manual-username":{"placeholder":"Nome de usuario"},"setup-manual-activesync-username":{"placeholder":"Dominio\\Nome de usuario"},"setup-bad-password-header":"Contrasinal incorrecto!","setup-bad-password":"Non foi posíbel identificarse no servidor. Quizais o contrasinal non é correcto?","setup-new-password":{"placeholder":"Novo contrasinal"},"setup-fix-password":"Probe con outro contrasinal","setup-gmail-twofactor-header":"Comprobación en dous pasos activada","setup-gmail-twofactor-message":"Precisa escribir un contrasinal específico do aplicativo a continuación.","setup-gmail-twofactor-fix":"Usar o contrasinal do aplicativo","setup-gmail-imap-header":"IMAP desactivado","setup-gmail-imap-message":"Debe activar IMAP na súa conta de Gmail","setup-gmail-imap-retry":"Tentar de novo","setup-gmail-pop3-header":"POP3 desactivado","setup-gmail-pop3-message":"Debe activar POP3 na súa conta de Gmail","setup-gmail-pop3-retry":"Tentar de novo","settings-main-header":"Axustes correo","settings-sub-header-account":"Conta","settings-account-name":"O seu nome","settings-account-display-notifications":"Amosar notificacións de novas mensaxes","settings-account-play-sound-onsend":"Reproducir un son despois de enviar a mensaxe","settings-account-signature-label":"Signature","signature-save":"Save Signature","signature-discard-confirm":"Discard","settings-sub-header-data":"Datos","settings-account-check-mail":"Comprobar se hai novas mensaxes","settings-sub-header-server":"Axustes do servidor","settings-account-userpass":"Nome de usuario e contrasinal","settings-default-signature":"Sent Using FirefoxOS","settings-done":"Feito","settings-account-section":"Contas","settings-account-add":"Engadir conta","settings-account-delete":"Eliminar conta","settings-account-delete-prompt":"Confirma que quere eliminar a súa conta de correo {{account}}? Se volve crear a conta terá que volver descargar o seu correo.","settings-account-delete-cancel":"Cancelar","settings-account-delete-confirm":"Eliminar","settings-account-clarify-imap":"{{account-name}} (IMAP)","settings-account-clarify-pop3":"{{account-name}} (POP3)","settings-account-clarify-smtp":"{{account-name}} (SMTP)","settings-general-section":"Axustes xerais","settings-show-images":"Amosar sempre as imaxes","settings-download-attachments":"Descargar os anexos","settings-check-every-5min":"Cada 5 minutos","settings-check-every-10min":"Cada 10 minutos","settings-check-every-15min":"Cada 15 minutos","settings-check-every-30min":"Cada 30 minutos","settings-check-every-60min":"Cada ora","settings-check-every-manual":"Manualmente","settings-check-dynamic":{"_index":["plural","n"],"_":{"zero":"segundos","one":"{{ n }} segundo","two":"{{ n }} segundos","few":"{{ n }} segundos","many":"{{ n }} segundos","other":"{{ n }} segundos"}},"settings-default-account":"Estabelecer como predeterminado","settings-account-type":"Tipo de conta","settings-account-credentials":"Credenciais","settings-activesync-label":"Axustes ActiveSync","settings-imap-label":"Axustes IMAP","settings-pop3-label":"Axustes POP3","settings-smtp-label":"Axustes SMTP","settings-hostname":"Nome do servidor","settings-port":"Porto","settings-username":"Nome de usuario","settings-password":"Contrasinal","settings-save":"Gardar","settings-password-empty":"O campo do contrasinal non pode estar baleiro","settings-account-synchronize-window":"Días para sincronizar","settings-synchronize-auto":"Automático","settings-synchronize-one-day":"1 día","settings-synchronize-three-days":"3 días","settings-synchronize-one-week":"1 semana","settings-synchronize-two-weeks":"2 semanas","settings-synchronize-one-month":"1 mes","settings-synchronize-all":"Todas as mensaxes","envelope-from":"De","envelope-to":"Para","envelope-cc":"CC","envelope-bcc":"Cco","compose-header":"Redactar","compose-header-short":"Redactar","compose-send":"Enviar","compose-to":"Para","compose-cc":"Cc","compose-bcc":"Cco","compose-attachments":{"_index":["plural","n"],"_":{"zero":"Anexos","one":"{{ n }} anexo","two":"{{ n }} anexos","few":"{{ n }} anexos","many":"{{ n }} anexos","other":"{{ n }} anexos"}},"compose-attachment-still-working":"Agarde, aínda se está engadindo o anexo anterior...","compose-subject":"Asunto","compose-draft-save":"Gardar en borradores locais","compose-discard-message":"Descartar o correo?","compose-discard-confirm":"Descartar","compose-send-message-failed":"Fallou o envío do correo","composer-attachment-large":"Anexo demasiado grande","composer-attachments-large":"Anexos demasiado grandes","compose-attchment-size-exceeded":"O anexo seleccionado é demasiado grande para envialo con esta mensaxe.","compose-attchments-size-exceeded":"Os anexos seleccionados son demasiado grandes para envialos con esta mensaxe. Tente con menos ficheiros.","dialog-button-ok":"Aceptar","default-attachment-filename":"anexo{{ n }}","attachment-size-kib":"{{kilobytes}}K","message-attachment-view":"Ver","message-attachment-too-large":"Este ficheiro é demasiado grande para descargarse.","message-no-subject":"(sen asunto)","message-edit-menu-edit":"Editar","message-edit-menu-delete":"Eliminar","message-edit-delete-confirm":"Eliminar a mensaxe de correo?","message-send-attachment-disabled-confirm":"Non é posíbel reenviar os anexos.","message-multiedit-header":{"_index":["plural","n"],"_":{"zero":"Editar","one":"{{ n }} seleccionada","two":"{{ n }} seleccionadas","few":"{{ n }} seleccionadas","many":"{{ n }} seleccionadas","other":"{{ n }} seleccionadas"}},"browse-to-url-prompt":"Examinar o URL?: {{ url }}","message-download-images":{"_index":["plural","n"],"_":{"one":"Este correo contén unha imaxe. Prema para descargala.","two":"Este correo contén {{ n }} imaxes. Prema para descargalas.","few":"Este correo contén {{ n }} imaxes. Prema para descargalas.","many":"Este correo contén {{ n }} imaxes. Prema para descargalas.","other":"Este correo contén {{ n }} imaxes. Prema para descargalas."}},"message-show-external-images":"Amosar imaxes externas","message-multiedit-cancel":"Cancelar","message-multiedit-delete-confirm":{"_index":["plural","n"],"_":{"one":"Eliminar esta mensaxe de correo?","two":"Eliminar {{ n }} mensaxes de correo?","few":"Eliminar {{ n }} mensaxes de correo?","many":"Eliminar {{ n }} mensaxes de correo?","other":"Eliminar {{ n }} mensaxes de correo?"}},"message-large-message-cancel":"Cancelar","message-large-message-ok":"Continuar","message-large-message-confirm":"Esta mensaxe é grande e pode levarlle algún tempo a descarga.","message-search-from":"De","message-search-to":"Para","message-search-subject":"Asunto","message-search-body":"Corpo","message-search-all":"Todas","message-search-input":{"placeholder":"Buscar correo"},"message-search-cancel":"Cancelar","messages-syncing":"Cargando as mensaxes","messages-sync-more":"Cargar máis mensaxes do servidor","messages-folder-empty":"Ningún correo neste cartafol","messages-search-empty":"Non hai coincidencias nas mensaxes locais na caché","messages-folder-select":"Seleccionar cartafol","message-contact-menu-create":"Gardar novo contacto","message-contact-menu-add-existing":"Engadir a un contacto existente","message-contact-menu-view":"Ver contacto","message-contact-menu-reply":"Responder","message-contact-menu-new":"Enviar un correo novo","message-reply-menu-reply":"Responder","message-reply-menu-reply-all":"Responder a todos","message-reply-menu-forward":"Reenviar","message-reply-menu-cancel":"Cancelar","reply-quoting-wrote":"{name} escribiu","forward-original-message":"Mensaxe orixinal","forward-header-subject":"Asunto","forward-header-date":"Data","forward-header-from":"De","forward-header-reply-to":"Responder a","forward-header-to":"Para","forward-header-cc":"CC","folder-inbox":"Caixa de entrada","folder-sent":"Enviados","folder-drafts":"Borradores","folder-trash":"Papeleira","folder-queue":"Non enviadas","folder-junk":"Correo lixo","folder-archives":"Arquivos","folder-localdrafts":"Borradores locais","folder-outbox":"Caixa de saída","drawer-back":"Atrás","drawer-accounts-header":"Contas","drawer-settings-link":"Axustes","folder-last-synced-label":"Última sinc.:","message-list-top-action":"Top","toaster-undo":"Desfacer","toaster-retry":"Tentar de novo","toaster-message-star":{"_index":["plural","n"],"_":{"one":"1 mensaxe marcada como seguida","two":"{{ n }} mensaxes marcadas como seguidas","few":"{{ n }} mensaxes marcadas como seguidas","many":"{{ n }} mensaxes marcadas como seguidas","other":"{{ n }} mensaxes marcadas como seguidas"}},"toaster-message-unstar":{"_index":["plural","n"],"_":{"one":"1 mensaxe marcada como non seguida","two":"{{ n }} mensaxes marcadas como non seguidas","few":"{{ n }} mensaxes marcadas como non seguidas","many":"{{ n }} mensaxes marcadas como non seguidas","other":"{{ n }} mensaxes marcadas como non seguidas"}},"toaster-message-read":{"_index":["plural","n"],"_":{"one":"1 mensaxe marcada como lida","two":"{{ n }} mensaxes marcadas como lidas","few":"{{ n }} mensaxes marcadas como lidas","many":"{{ n }} mensaxes marcadas como lidas","other":"{{ n }} mensaxes marcadas como lidas"}},"toaster-message-unread":{"_index":["plural","n"],"_":{"one":"1 mensaxe marcada como non lida","two":"{{ n }} mensaxes marcadas como non lidas","few":"{{ n }} mensaxes marcadas como non lidas","many":"{{ n }} mensaxes marcadas como non lidas","other":"{{ n }} mensaxes marcadas como non lidas"}},"toaster-message-move":{"_index":["plural","n"],"_":{"one":"moveuse 1 mensaxe","two":"movéronse {{ n }} mensaxes","few":"movéronse {{ n }} mensaxes","many":"movéronse {{ n }} mensaxes","other":"movéronse {{ n }} mensaxes"}},"toaster-message-delete":{"_index":["plural","n"],"_":{"one":"eliminouse 1 mensaxe","two":"elimináronse {{ n }} mensaxes","few":"elimináronse {{ n }} mensaxes","many":"elimináronse {{ n }} mensaxes","other":"elimináronse {{ n }} mensaxes"}},"toaster-retryable-syncfailed":"Foi imposíbel conectar co servidor","compose-invalid-addresses-title":"Enderezos incorrectos","compose-invalid-addresses-description":"A súa mensaxe contén un ou máis enderezos de correo incorrectos. Corríxeos antes de envíala.","background-send-pending":"Rede non dispoñíbel. Gardouse o correo no cartafol de saída.","background-send-sending":"Enviando correo…","background-send-success":"Correo enviado.","background-send-error":"Produciuse un erro. Gardouse o correo no cartafol de saída.","background-send-error-recipients":"Erro de destinatario. Gardouse o correo no cartafol de saída.","background-send-error-title":"Fallo ao enviar o correo","send-failure-recipients":"Comprobe que os enderezos son correctos. O servidor de correo indicou que un ou máis dos enderezos de arriba son incorrectos.","send-failure-unknown":"Non foi posíbel enviar a mensaxe.","form-clear-input":"Retirar texto","confirm-dialog-title":"Confirmación","senders-separation-sign":", ","new-emails":{"_index":["plural","n"],"_":{"one":"1 nova mensaxe ","two":"{{ n }} novas mensaxes","few":"{{ n }} novas mensaxes","many":"{{ n }} novas mensaxes","other":"{{ n }} novas mensaxes"}},"new-emails-notify-one-account":{"_index":["plural","n"],"_":{"one":"1 nova mensaxe ","two":"{{ n }} novas mensaxes","few":"{{ n }} novas mensaxes","many":"{{ n }} novas mensaxes","other":"{{ n }} novas mensaxes"}},"new-emails-notify-multiple-accounts":{"_index":["plural","n"],"_":{"one":"1 nova mensaxe ({{ accountName }})","two":"{{ n }} novas mensaxes ({{ accountName }})","few":"{{ n }} novas mensaxes ({{ accountName }})","many":"{{ n }} novas mensaxes ({{ accountName }})","other":"{{ n }} novas mensaxes ({{ accountName }})"}},"new-emails-notify-multiple-accounts-body":"{{ from }} “{{ subject }}”","weekday-0-long":"Domingo","weekday-1-long":"Luns","weekday-2-long":"Martes","weekday-3-long":"Mércores","weekday-4-long":"Xoves","weekday-5-long":"Venres","weekday-6-long":"Sábado","weekday-0-short":"Dom","weekday-1-short":"Lun","weekday-2-short":"Mar","weekday-3-short":"Mer","weekday-4-short":"Xov","weekday-5-short":"Ven","weekday-6-short":"Sab","month-0-long":"Xaneiro","month-1-long":"Febreiro","month-2-long":"Marzo","month-3-long":"Abril","month-4-long":"Maio","month-5-long":"Xuño","month-6-long":"Xullo","month-7-long":"Agosto","month-8-long":"Setembro","month-9-long":"Outubro","month-10-long":"Novembro","month-11-long":"Decembro","month-0-genitive":"Xaneiro","month-1-genitive":"Febreiro","month-2-genitive":"Marzo","month-3-genitive":"Abril","month-4-genitive":"Maio","month-5-genitive":"Xuño","month-6-genitive":"Xullo","month-7-genitive":"Agosto","month-8-genitive":"Setembro","month-9-genitive":"Outubro","month-10-genitive":"Novembro","month-11-genitive":"Decembro","month-0-short":"Xan","month-1-short":"Feb","month-2-short":"Mar","month-3-short":"Abr","month-4-short":"Maio","month-5-short":"Xun","month-6-short":"Xul","month-7-short":"Ago","month-8-short":"Set","month-9-short":"Out","month-10-short":"Nov","month-11-short":"Dec","minutes-ago-long":{"_index":["plural","value"],"_":{"zero":"xusto agora","one":"hai un minuto","two":"hai {{value}} minutos","few":"hai {{value}} minutos","many":"hai {{value}} minutos","other":"hai {{value}} minutos"}},"hours-ago-long":{"_index":["plural","value"],"_":{"zero":"xusto agora","one":"hai unha hora","two":"hai {{value}} horas","few":"hai {{value}} horas","many":"hai {{value}} horas","other":"hai {{value}} horas"}},"days-ago-long":{"_index":["plural","value"],"_":{"zero":"hoxe","one":"onte","two":"hai {{value}} días","few":"hai {{value}} días","many":"hai {{value}} días","other":"hai {{value}} días"}},"weeks-ago-long":{"_index":["plural","value"],"_":{"zero":"esta semana","one":"a semana pasada","two":"hai {{value}} semanas","few":"hai {{value}} semanas","many":"hai {{value}} semanas","other":"hai {{value}} semanas"}},"months-ago-long":{"_index":["plural","value"],"_":{"zero":"Este mes","one":"o mes pasado","two":"hai {{value}} meses","few":"hai {{value}} meses","many":"hai {{value}} meses","other":"hai {{value}} meses"}},"years-ago-long":{"_index":["plural","value"],"_":{"zero":"este ano","one":"o ano pasado","two":"hai {{value}} anos","few":"hai {{value}} anos","many":"hai {{value}} anos","other":"hai {{value}} anos"}},"minutes-until-long":{"_index":["plural","value"],"_":{"zero":"agora","one":"nun minuto","two":"en {{value}} minutos","few":"en {{value}} minutos","many":"en {{value}} minutos","other":"en {{value}} minutos"}},"hours-until-long":{"_index":["plural","value"],"_":{"zero":"agora","one":"nunha hora","two":"en {{value}} horas","few":"en {{value}} horas","many":"en {{value}} horas","other":"en {{value}} horas"}},"days-until-long":{"_index":["plural","value"],"_":{"zero":"hoxe","one":"mañá","two":"en {{value}} días","few":"en {{value}} días","many":"en {{value}} días","other":"en {{value}} días"}},"weeks-until-long":{"_index":["plural","value"],"_":{"zero":"esta semana","one":"a semana que ven","two":"en {{value}} semanas","few":"en {{value}} semanas","many":"en {{value}} semanas","other":"en {{value}} semanas"}},"months-until-long":{"_index":["plural","value"],"_":{"zero":"Este mes","one":"o mes que ven","two":"en {{value}} meses","few":"en {{value}} meses","many":"en {{value}} meses","other":"en {{value}} meses"}},"years-until-long":{"_index":["plural","value"],"_":{"zero":"este ano","one":"o ano que ven","two":"en {{value}} anos","few":"en {{value}} anos","many":"en {{value}} anos","other":"en {{value}} anos"}},"minutes-ago-short":{"_index":["plural","value"],"_":{"zero":"xusto agora","other":"hai {{value}}min"}},"hours-ago-short":{"_index":["plural","value"],"_":{"zero":"xusto agora","other":"hai {{value}}h"}},"days-ago-short":{"_index":["plural","value"],"_":{"zero":"hoxe","other":"hai {{value}}d"}},"minutes-until-short":{"_index":["plural","value"],"_":{"zero":"agora","other":"en {{value}}min"}},"hours-until-short":{"_index":["plural","value"],"_":{"zero":"agora","other":"en {{value}}h"}},"days-until-short":{"_index":["plural","value"],"_":{"zero":"hoxe","other":"en {{value}}d"}},"incorrectDate":"(data incorrecta)","dateTimeFormat_%c":"%a, %e de %b, %Y %H:%M:%S","dateTimeFormat_%x":"%d/%m/%Y","dateTimeFormat_%X":"%H:%M:%S","shortTimeFormat":"%H:%M","shortDateTimeFormat":"%x %H:%M %p","weekStartsOnMonday":"1","time_am":"AM","time_pm":"PM"}