{"setup-app-name-header":"E-pošta","setup-empty-account-prompt":"Nemate podešen račun za slanje ili primanje e-pošte. Želite li ga podesiti sada?","setup-pick-service":"Da biste mogli slati i primati e-poštu, trebate podesiti račun.","setup-account-header3":"Novi račun","setup-info-name":{"placeholder":"Vaše ime"},"setup-info-email":{"placeholder":"korisnik@domena.com"},"setup-info-password":{"placeholder":"Lozinka"},"setup-info-next":"Naprijed","setup-progress-wait-msg":"Podešavanje računa","setup-completed-header":"Podešavanje e-pošte","setup-completed-label":"Gotovo!","setup-add-another-account":"Dodaj novi račun","setup-show-mail":"Pokreni E-poštu","setup-error-offline":"Ovaj uređaj trenutno nije umrežen. Spojite se na mrežu i pokušajte ponovno.","setup-error-bad-user-or-pass2":"Netočno korisničko ime ili lozinka. Provjerite jeste točno upisali podatke.","setup-error-bad-address":"Invalid e-mail address. Check for typos.","setup-error-not-authorized":"The server said you’re not authorized to create an account","setup-error-pop-server-not-great":"Poslužitelj nije podržan. POP3 poslužitelj ne podržava traženo.","setup-error-unknown2":"Došlo je do nepoznate greške. Provjerite svoju mrežnu vezu ili pokušajte ručno podešavanje.","setup-error-needs-app-pass":"Za Gmail račune s dvostrukom metodom prijave trebate koristiti posebne lozinke za aplikacije","setup-error-imap-disabled":"Morate omogućiti IMAP za svoj Gmail račun","setup-error-pop3-disabled":"Morate omogućiti POP3 za svoj Gmail račun","setup-error-bad-security":"Nije moguće uspostaviti sigurnu vezu sa \"{{server}}\". Možda postoji problem s vašom mrežom ili poslužiteljem.","setup-error-unresponsive-server":"Nije moguće uspostaviti vezu sa \"{{server}}\". Možda postoji problem s mrežom.","setup-error-server-problem":"Postoji problem s poslužiteljem \"{{server}}\". Pokušajte ponovno kasnije.","setup-error-no-config-info":"Automatsko podešavanje računa nije moguće. Ispravite svoju adresu e-pošte ili pokušajte ručnu konfiguraciju.","setup-error-server-maintenance":"U tijeku je održavanje poslužitelja \"{{server}}\". Pokušajte ponovno kasnije.","setup-error-account-already-exists":"Ovaj korisnički račun je već postavljen.","setup-manual-config2":"Ručno podešavanje","setup-manual-config-header":"Podešavanje","setup-manual-account-type":"Vrsta računa","setup-manual-imap-header":"IMAP postavke","setup-manual-pop3-header":"POP3 postavke","setup-manual-smtp-header":"SMTP postavke","setup-manual-activesync-header":"ActiveSync postavke","setup-manual-next":"Naprijed","setup-manual-socket":"Vrsta priključka","setup-manual-socket-ssl":"SSL","setup-manual-socket-starttls":"STARTTLS","setup-manual-hostname":{"placeholder":"Adresa poslužitelja"},"setup-manual-port":{"placeholder":"Port"},"setup-manual-username":{"placeholder":"Korisničko ime"},"setup-manual-activesync-username":{"placeholder":"Domain\\Username"},"setup-bad-password-header":"Kriva lozinka!","setup-bad-password":"Prijava na poslužitelj nije uspjela. Možda ste upisali krivu lozinku?","setup-new-password":{"placeholder":"Nova lozinka"},"setup-fix-password":"Pokušaj ponovno s novom lozinkom","setup-gmail-twofactor-header":"Dvostruka metoda prijave uključena","setup-gmail-twofactor-message":"Ispod trebate upisati lozinku izdanu za ovu aplikaciju.","setup-gmail-twofactor-fix":"Koristi posebnu lozinku za ovu aplikaciju","setup-gmail-imap-header":"IMAP onemogućen","setup-gmail-imap-message":"Morate uključiti IMAP za svoj Gmail račun","setup-gmail-imap-retry":"Pokušaj ponovno","setup-gmail-pop3-header":"POP3 onemogućen","setup-gmail-pop3-message":"Morate uključiti POP3 za svoj Gmail račun","setup-gmail-pop3-retry":"Pokušaj ponovno","settings-main-header":"Postavke e-pošte","settings-sub-header-account":"Račun","settings-account-name":"Vaše ime","settings-account-display-notifications":"Prikazuj obavijesti za nove poruke","settings-account-play-sound-onsend":"Play sound after message is sent","settings-account-signature-label":"Signature","signature-save":"Save Signature","signature-discard-confirm":"Discard","settings-sub-header-data":"Podaci","settings-account-check-mail":"Provjeri za nove poruke","settings-sub-header-server":"Postavke poslužitelja","settings-account-userpass":"Korisničko ime i lozinka","settings-default-signature":"Sent Using FirefoxOS","settings-done":"Gotovo","settings-account-section":"Računi","settings-account-add":"Dodaj račun","settings-account-delete":"Obriši račun","settings-account-delete-prompt":"Jeste li sigurni da želite obrisati {{account}} račun e-pošte? Ako ponovno stvorite isti račun, trebat ćete ponovno preuzeti sve poruke.","settings-account-delete-cancel":"Otkaži","settings-account-delete-confirm":"Obriši","settings-account-clarify-imap":"{{account-name}} (IMAP)","settings-account-clarify-pop3":"{{account-name}} (POP3)","settings-account-clarify-smtp":"{{account-name}} (SMTP)","settings-general-section":"Opće postavke","settings-show-images":"Uvijek prikaži slike","settings-download-attachments":"Preuzmi privitke","settings-check-every-5min":"Svakih 5 minuta","settings-check-every-10min":"Svakih 10 minuta","settings-check-every-15min":"Svakih 15 minuta","settings-check-every-30min":"Svakih 30 minuta","settings-check-every-60min":"Svaki sat","settings-check-every-manual":"Ručno","settings-check-dynamic":{"_index":["plural","n"],"_":{"zero":"sekundi","one":"{{ n }} sekunda","two":"{{ n }} sekunde","few":"{{ n }} sekundi","many":"{{ n }} sekundi","other":"{{ n }} sekundi"}},"settings-default-account":"Zadani račun","settings-account-type":"Vrsta računa","settings-account-credentials":"Pristupni podaci","settings-activesync-label":"ActiveSync postavke","settings-imap-label":"IMAP postavke","settings-pop3-label":"POP3 postavke","settings-smtp-label":"SMTP postavke","settings-hostname":"Adresa poslužitelja","settings-port":"Port","settings-username":"Korisničko ime","settings-password":"Lozinka","settings-save":"Spremi","settings-password-empty":"Polje lozinke ne bi smijelo biti prazno","settings-account-synchronize-window":"Sinkronizacija prema danima","settings-synchronize-auto":"Automatski","settings-synchronize-one-day":"1 dan","settings-synchronize-three-days":"3 dana","settings-synchronize-one-week":"1 tjedan","settings-synchronize-two-weeks":"2 tjedna","settings-synchronize-one-month":"1 mjesec","settings-synchronize-all":"Sve poruke","envelope-from":"Šalje","envelope-to":"Prima","envelope-cc":"Cc","envelope-bcc":"Bcc","compose-header":"Sastavi poruku","compose-header-short":"Sastavi","compose-send":"Pošalji","compose-to":"Prima","compose-cc":"cc","compose-bcc":"bcc","compose-attachments":{"_index":["plural","n"],"_":{"zero":"Privici","one":"{{ n }} privitak","two":"{{ n }} privitka","few":"{{ n }} privitaka","many":"{{ n }} privitaka","other":"{{ n }} privitaka"}},"compose-attachment-still-working":"One moment, still working on the previous attachment...","compose-subject":"Naslov","compose-draft-save":"Spremi u Lokalne skice","compose-discard-message":"Obrisati poruku?","compose-discard-confirm":"Obriši","compose-send-message-failed":"Slanje e-pošte nije uspjelo","composer-attachment-large":"Priložena datoteka je prevelika","composer-attachments-large":"Priložene datoteke su prevelike","compose-attchment-size-exceeded":"Odabrani priložak je prevelik za slanje pomoću ove poruke.","compose-attchments-size-exceeded":"Odabrani prilošci su preveliki za slanje pomoću ove poruke. Pokušaj odabrati manje datoteka.","dialog-button-ok":"OK","default-attachment-filename":"attachment{{ n }}","attachment-size-kib":"{{kilobytes}}K","message-attachment-view":{"textContent":"Prikaži"},"message-attachment-too-large":"This file is too large to download.","message-no-subject":"(bez naslova)","message-edit-menu-edit":"Edit","message-edit-menu-delete":"Obriši","message-edit-delete-confirm":"Obrisati poruku?","message-send-attachment-disabled-confirm":"Priložak ne može biti prosljeđen.","message-multiedit-header":{"_index":["plural","n"],"_":{"zero":"Uredi","one":"{{ n }} odabranu","two":"{{ n }} odabrane","few":"{{ n }} odabranih","many":"{{ n }} odabranih","other":"{{ n }} odabranih"}},"browse-to-url-prompt":"Posjetiti adresu?: {{ url }}","message-download-images":{"_index":["plural","n"],"_":{"one":"Ova poruka sadrži jednu sliku. Pritisnite za preuzimanje.","two":"Ova poruka sadrži {{ n }} slike. Kliknite za preuzimanje.","few":"Ova poruka sadrži {{ n }} slika. Pritisnite za preuzimanje.","many":"Ova poruka sadrži {{ n }} slika. Pritisnite za preuzimanje.","other":"Ova poruka sadrži {{ n }} slika. Pritisnite za preuzimanje."}},"message-show-external-images":"Prikaži vanjske slike","message-multiedit-cancel":"Otkaži","message-multiedit-delete-confirm":{"_index":["plural","n"],"_":{"one":"Obrisati ovu poruku?","two":"Obrisati {{ n }} poruke?","few":"Obrisati {{ n }} poruka?","many":"Obrisati {{ n }} poruka?","other":"Obrisati {{ n }} poruka?"}},"message-large-message-cancel":"Otkaži","message-large-message-ok":"Nastavi","message-large-message-confirm":"Ova poruka je velika i možda će se preuzimati duže vrijeme.","message-search-from":"Šalje","message-search-to":"Prima","message-search-subject":"Naslov","message-search-body":"Tekst","message-search-all":"Sve","message-search-input":{"placeholder":"Pretraži poruke"},"message-search-cancel":"Cancel","messages-syncing":"Učitavanje poruka","messages-sync-more":"Učitaj više poruka s poslužitelja","messages-folder-empty":"Nema poruka u ovoj mapi","messages-search-empty":"Nema rezultata u lokalno spremljenim porukama","messages-folder-select":"Odaberi mapu","message-contact-menu-create":"Spremi novi kontakt","message-contact-menu-add-existing":"Dodaj postojećem kontaktu","message-contact-menu-view":"Prikaži kontakt","message-contact-menu-reply":"Odgovori","message-contact-menu-new":"Pošalji novu e-poštu","message-reply-menu-reply":"Odgovori","message-reply-menu-reply-all":"Odgovori svima","message-reply-menu-forward":"Proslijedi","message-reply-menu-cancel":"Otkaži","reply-quoting-wrote":"{name} je napisao/la","forward-original-message":"Izvorna poruka","forward-header-subject":"Subject","forward-header-date":"Date","forward-header-from":"From","forward-header-reply-to":"Reply-To","forward-header-to":"To","forward-header-cc":"Cc","folder-inbox":"Primljena pošta","folder-sent":"Poslana pošta","folder-drafts":"Skice","folder-trash":"Smeće","folder-queue":"Odlazna pošta","folder-junk":"Neželjena pošta","folder-archives":"Arhiva","folder-localdrafts":"Lokalne skice","folder-outbox":"Outbox","drawer-back":"Back","drawer-accounts-header":"Accounts","drawer-settings-link":"Settings","folder-last-synced-label":"Last sync:","message-list-top-action":"Top","toaster-undo":"Vrati","toaster-retry":"Pokušaj ponovno","toaster-message-star":{"_index":["plural","n"],"_":{"one":"Postavljena 1 oznaka poruke","two":"Postavljene {{ n }} oznake poruka","few":"Postavljeno {{ n }} oznaka poruka","many":"Postavljeno {{ n }} oznaka poruka","other":"Postavljeno {{ n }} oznaka poruka"}},"toaster-message-unstar":{"_index":["plural","n"],"_":{"one":"Uklonjena 1 oznaka poruke","two":"Uklonjene {{ n }} oznake poruka","few":"Uklonjeno {{ n }} oznaka poruka","many":"Uklonjeno {{ n }} oznaka poruka","other":"Uklonjeno {{ n }} oznaka poruka"}},"toaster-message-read":{"_index":["plural","n"],"_":{"one":"1 poruka označena kao pročitana","two":"{{ n }} poruke označene kao pročitane","few":"{{ n }} poruka označeno kao pročitano","many":"{{ n }} poruka označeno kao pročitano","other":"{{ n }} poruka označeno kao pročitano"}},"toaster-message-unread":{"_index":["plural","n"],"_":{"one":"1 poruka označena kao nepročitana","two":"{{ n }} poruke označene kao nepročitane","few":"{{ n }} poruka označeno kao nepročitano","many":"{{ n }} poruka označeno kao nepročitano","other":"{{ n }} poruka označeno kao nepročitano"}},"toaster-message-move":{"_index":["plural","n"],"_":{"one":"Premještena 1 poruka","two":"Premještene {{ n }} poruke","few":"Premješteno {{ n }} poruka","many":"Premješteno {{ n }} poruka","other":"Premješteno {{ n }} poruka"}},"toaster-message-delete":{"_index":["plural","n"],"_":{"one":"Obrisana 1 poruka","two":"Obrisane {{ n }} poruke","few":"Obrisano {{ n }} poruka","many":"Obrisano {{ n }} poruka","other":"Obrisano {{ n }} poruka"}},"toaster-retryable-syncfailed":"Povezivanje na poslužitelj nije uspjelo","compose-invalid-addresses-title":"Invalid Addresses","compose-invalid-addresses-description":"Your message contains one or more invalid email addresses. Please correct them before sending.","background-send-pending":"Network unavailable. Email saved to outbox.","background-send-sending":"Sending mail…","background-send-success":"Email sent.","background-send-error":"Error occurred. Email saved to outbox.","background-send-error-recipients":"Recipient error. Email saved to outbox.","background-send-error-title":"Mail failed to send","send-failure-recipients":"Check the spelling of the addresses above. Your mail server indicated one or more of the addresses above are incorrect.","send-failure-unknown":"The message could not be sent.","form-clear-input":"Ukloni tekst","confirm-dialog-title":"Potvrda","senders-separation-sign":", ","new-emails":{"_index":["plural","n"],"_":{"one":"1 nova e-pošta","two":"{{ n }} nove e-pošte","few":"{{ n }} novih e-pošti","many":"{{ n }} novih e-pošti","other":"{{ n }} novih e-pošti"}},"new-emails-notify-one-account":{"_index":["plural","n"],"_":{"one":"1 nova e-pošta","two":"{{ n }} nove e-pošte","few":"{{ n }} novih e-pošti","many":"{{ n }} novih e-pošti","other":"{{ n }} novih e-pošti"}},"new-emails-notify-multiple-accounts":{"_index":["plural","n"],"_":{"one":"1 nova e-pošta ({{ accountName }})","two":"{{ n }} nove e-pošte ({{ accountName }})","few":"{{ n }} novih e-pošta ({{ accountName }})","many":"{{ n }} novih e-pošta ({{ accountName }})","other":"{{ n }} novih e-pošta ({{ accountName }})"}},"new-emails-notify-multiple-accounts-body":"{{ from }} “{{ subject }}”","weekday-0-long":"Nedjelja","weekday-1-long":"Ponedjeljak","weekday-2-long":"Utorak","weekday-3-long":"Srijeda","weekday-4-long":"Četvrtak","weekday-5-long":"Petak","weekday-6-long":"Subota","weekday-0-short":"Ned","weekday-1-short":"Pon","weekday-2-short":"Uto","weekday-3-short":"Sri","weekday-4-short":"Čet","weekday-5-short":"Pet","weekday-6-short":"Sub","month-0-long":"Siječanj","month-1-long":"Veljača","month-2-long":"Ožujak","month-3-long":"Travanj","month-4-long":"Svibanj","month-5-long":"Lipanj","month-6-long":"Srpanj","month-7-long":"Kolovoz","month-8-long":"Rujan","month-9-long":"Listopad","month-10-long":"Studeni","month-11-long":"Prosinac","month-0-genitive":"Siječnja","month-1-genitive":"Veljače","month-2-genitive":"Ožujka","month-3-genitive":"Travnja","month-4-genitive":"Svibnja","month-5-genitive":"Lipnja","month-6-genitive":"Srpnja","month-7-genitive":"Kolovoza","month-8-genitive":"Rujna","month-9-genitive":"Listopada","month-10-genitive":"Studenoga","month-11-genitive":"Prosinca","month-0-short":"Sij","month-1-short":"Velj","month-2-short":"Ožu","month-3-short":"Tra","month-4-short":"Svi","month-5-short":"Lip","month-6-short":"Srp","month-7-short":"Kol","month-8-short":"Ruj","month-9-short":"Lis","month-10-short":"Stu","month-11-short":"Pro","minutes-ago-long":{"_index":["plural","value"],"_":{"zero":"upravo","one":"prije minutu","two":"prije {{value}} minute","few":"prije {{value}} minutes","many":"prije {{value}} minuta","other":"prije {{value}} minuta"}},"hours-ago-long":{"_index":["plural","value"],"_":{"zero":"upravo","one":"prije sat vremena","two":"prije {{value}} sata","few":"prije {{value}} sati","many":"prije {{value}} sati","other":"prije {{value}} sati"}},"days-ago-long":{"_index":["plural","value"],"_":{"zero":"danas","one":"jučer","two":"prije {{value}} dana","few":"prije {{value}} dana","many":"prije {{value}} dana","other":"prije {{value}} dana"}},"weeks-ago-long":{"_index":["plural","value"],"_":{"zero":"ovaj tjedan","one":"prošli tjedan","two":"prije {{value}} tjedna","few":"prije {{value}} tjedana","many":"prije {{value}} tjedana","other":"prije {{value}} tjedana"}},"months-ago-long":{"_index":["plural","value"],"_":{"zero":"ovaj mjesec","one":"prošli mjesec","two":"prije {{value}} mjeseca","few":"prije {{value}} mjeseci","many":"prije {{value}} mjeseci","other":"prije {{value}} mjeseci"}},"years-ago-long":{"_index":["plural","value"],"_":{"zero":"ove godine","one":"prošle godine","two":"prije {{value}} godine","few":"prije {{value}} godina","many":"prije {{value}} godina","other":"prije {{value}} godina"}},"minutes-until-long":{"_index":["plural","value"],"_":{"zero":"upravo","one":"za minutu","two":"za {{value}} minute","few":"za {{value}} minuta","many":"za {{value}} minuta","other":"za {{value}} minuta"}},"hours-until-long":{"_index":["plural","value"],"_":{"zero":"upravo","one":"za sat vremena","two":"za {{value}} sata","few":"za {{value}} sati","many":"za {{value}} sati","other":"za {{value}} sati"}},"days-until-long":{"_index":["plural","value"],"_":{"zero":"danas","one":"sutra","two":"za {{value}} dana","few":"za {{value}} dana","many":"za {{value}} dana","other":"za {{value}} dana"}},"weeks-until-long":{"_index":["plural","value"],"_":{"zero":"ovaj tjedan","one":"idući tjedan","two":"za {{value}} tjedna","few":"za {{value}} tjedana","many":"za {{value}} tjedana","other":"za {{value}} tjedana"}},"months-until-long":{"_index":["plural","value"],"_":{"zero":"ovaj mjesec","one":"idući mjesec","two":"za {{value}} mjeseca","few":"za {{value}} mjeseci","many":"za {{value}} mjeseci","other":"za {{value}} mjeseci"}},"years-until-long":{"_index":["plural","value"],"_":{"zero":"ove godine","one":"iduće godine","two":"za {{value}} godine","few":"za {{value}} godina","many":"za {{value}} godina","other":"za {{value}} godina"}},"minutes-ago-short":{"_index":["plural","value"],"_":{"zero":"upravo","other":"prije {{value}}m"}},"hours-ago-short":{"_index":["plural","value"],"_":{"zero":"upravo","other":"prije {{value}}s"}},"days-ago-short":{"_index":["plural","value"],"_":{"zero":"danas","other":"prije {{value}}d"}},"minutes-until-short":{"_index":["plural","value"],"_":{"zero":"sada","other":"za {{value}}m"}},"hours-until-short":{"_index":["plural","value"],"_":{"zero":"sada","other":"za {{value}}s"}},"days-until-short":{"_index":["plural","value"],"_":{"zero":"danas","other":"za {{value}}d"}},"incorrectDate":"(netočan datum)","dateTimeFormat_%c":"%a %e %b %Y %H:%M:%S","dateTimeFormat_%x":"%d.%m.%Y","dateTimeFormat_%X":"%H:%M:%S","shortTimeFormat":"%H:%M","shortDateTimeFormat":"%x %H:%M","weekStartsOnMonday":"1","time_am":"AM","time_pm":"PM"}