{"setup-app-name-header":"メール","setup-empty-account-prompt":"メールアカウントが設定されていません。今すぐ設定しますか？","setup-pick-service":"メールを送受信するにはアカウントを設定する必要があります","setup-account-header3":"新規アカウント","setup-info-name":{"placeholder":"お名前"},"setup-info-email":{"placeholder":"someone@example.jp"},"setup-info-password":{"placeholder":"パスワード"},"setup-info-next":"次へ","setup-progress-wait-msg":"アカウントを設定中です","setup-completed-header":"メールアカウントの設定","setup-completed-label":"設定完了しました","setup-add-another-account":"他のアカウントを追加","setup-show-mail":"メールを受信する","setup-error-offline":"この端末は現在オフラインです。ネットワークに接続して再度試してください。","setup-error-bad-user-or-pass2":"ユーザ名またはパスワードが違います。入力を確認してください。","setup-error-bad-address":"メールアドレスが正しくありません。入力を確認してください。","setup-error-not-authorized":"アカウントを作成する権限がありません。","setup-error-pop-server-not-great":"サーバがサポートされていません。POP3 サーバが必要な機能を実装していません。","setup-error-unknown2":"原因不明のエラーが発生しました。ネットワーク接続を確認するか手動で設定してください。","setup-error-needs-app-pass":"2 段階認証の Gmail アカウントにはアプリ固有のパスワードを使用してください。","setup-error-imap-disabled":"Gmail のアカウント設定で IMAP を有効にしてください。","setup-error-pop3-disabled":"Gmail のアカウント設定で POP3 を有効にしてください。","setup-error-bad-security":"\"{{server}}\" サーバとの安全な接続を確立できません。ネットワークまたはサーバに問題がある可能性があります。","setup-error-unresponsive-server":"\"{{server}}\" サーバとの安全な接続を確立できません。ネットワークに問題がある可能性があります。","setup-error-server-problem":"\"{{server}}\" サーバに問題があります。後で再度試してください。","setup-error-no-config-info":"アカウントの自動設定ができません。メールアドレスを正しく入力するか手動で設定してください。","setup-error-server-maintenance":"\"{{server}}\" サーバがメンテナンス中のためオフラインです。後で再度試してください。","setup-error-account-already-exists":"このアカウントは既に設定されています。","setup-manual-config2":"手動設定","setup-manual-config-header":"手動設定","setup-manual-account-type":"アカウントの種類","setup-manual-imap-header":"IMAP 設定","setup-manual-pop3-header":"POP3 設定","setup-manual-smtp-header":"SMTP 設定","setup-manual-activesync-header":"ActiveSync 設定","setup-manual-next":"次へ","setup-manual-socket":"ソケットの種類","setup-manual-socket-ssl":"SSL","setup-manual-socket-starttls":"STARTTLS","setup-manual-hostname":{"placeholder":"ホスト名"},"setup-manual-port":{"placeholder":"ポート番号"},"setup-manual-username":{"placeholder":"ユーザ名"},"setup-manual-activesync-username":{"placeholder":"ドメイン\\ユーザ名"},"setup-bad-password-header":"パスワードが違います","setup-bad-password":"サーバにサインインできません。パスワードが間違っていませんか？","setup-new-password":{"placeholder":"新しいパスワード"},"setup-fix-password":"新しいパスワードを入力してください","setup-gmail-twofactor-header":"2 段階認証が有効です","setup-gmail-twofactor-message":"以下にアプリ固有のパスワードを入力する必要があります。","setup-gmail-twofactor-fix":"アプリのパスワードを使用","setup-gmail-imap-header":"IMAP が無効です","setup-gmail-imap-message":"Gmail のアカウント設定で IMAP を有効にしてください。","setup-gmail-imap-retry":"再試行","setup-gmail-pop3-header":"POP3 が無効です","setup-gmail-pop3-message":"Gmail のアカウント設定で POP3 を有効にしてください。","setup-gmail-pop3-retry":"再試行","settings-main-header":"メール設定","settings-sub-header-account":"アカウント","settings-account-name":"お名前","settings-account-display-notifications":"新着メッセージの通知を表示する","settings-account-play-sound-onsend":"メッセージ送信後に音を鳴らす","settings-account-signature-label":"Signature","signature-save":"Save Signature","signature-discard-confirm":"Discard","settings-sub-header-data":"データ通信","settings-account-check-mail":"新着メッセージの確認","settings-sub-header-server":"サーバ設定","settings-account-userpass":"ユーザ名とパスワード","settings-default-signature":"Sent Using FirefoxOS","settings-done":"完了","settings-account-section":"アカウント","settings-account-add":"アカウントを追加","settings-account-delete":"アカウントを削除","settings-account-delete-prompt":"本当に {{account}} のアカウントを削除してもよろしいですか？ アカウントを再作成した場合はメールをダウンロードし直す必要があります。","settings-account-delete-cancel":"キャンセル","settings-account-delete-confirm":"削除","settings-account-clarify-imap":"{{account-name}} (IMAP)","settings-account-clarify-pop3":"{{account-name}} (POP3)","settings-account-clarify-smtp":"{{account-name}} (SMTP)","settings-general-section":"全般設定","settings-show-images":"常に画像を表示する","settings-download-attachments":"添付ファイルのダウンロード","settings-check-every-5min":"5分ごと","settings-check-every-10min":"10分ごと","settings-check-every-15min":"15分ごと","settings-check-every-30min":"30分ごと","settings-check-every-60min":"1時間ごと","settings-check-every-manual":"手動設定","settings-check-dynamic":{"_index":["plural","n"],"_":{"zero":"秒","one":"{{ n }}秒","two":"{{ n }}秒","few":"{{ n }}秒","many":"{{ n }}秒","other":"{{ n }}秒"}},"settings-default-account":"既定のアカウントに設定","settings-account-type":"アカウント種別","settings-account-credentials":"証明書","settings-activesync-label":"ActiveSync 設定","settings-imap-label":"IMAP 設定","settings-pop3-label":"POP3 設定","settings-smtp-label":"SMTP 設定","settings-hostname":"ホスト名","settings-port":"ポート番号","settings-username":"ユーザ名","settings-password":"パスワード","settings-save":"保存","settings-password-empty":"パスワードを空にすることはできません","settings-account-synchronize-window":"同期する日数","settings-synchronize-auto":"自動","settings-synchronize-one-day":"1日分","settings-synchronize-three-days":"3日分","settings-synchronize-one-week":"1週間分","settings-synchronize-two-weeks":"2週間分","settings-synchronize-one-month":"1か月分","settings-synchronize-all":"すべてのメッセージ","envelope-from":"差出人","envelope-to":"宛先","envelope-cc":"Cc","envelope-bcc":"Bcc","compose-header":"メッセージ作成","compose-header-short":"作成","compose-send":"送信","compose-to":"宛先","compose-cc":"Cc","compose-bcc":"Bcc","compose-attachments":{"_index":["plural","n"],"_":{"zero":"添付なし","one":"添付{{ n }}個","two":"添付{{ n }}個","few":"添付{{ n }}個","many":"添付{{ n }}個","other":"添付{{ n }}個"}},"compose-attachment-still-working":"少しお待ちください。添付ファイルを順に処理しています...","compose-subject":"件名","compose-draft-save":"ローカルの下書きに保存","compose-discard-message":"編集中のメールを破棄しますか？","compose-discard-confirm":"破棄","compose-send-message-failed":"メールの送信に失敗しました","composer-attachment-large":"添付ファイルのサイズが大き過ぎます","composer-attachments-large":"添付ファイルのサイズが大き過ぎます","compose-attchment-size-exceeded":"選択された添付ファイルのサイズが大き過ぎるため、このメッセージは送信できません。","compose-attchments-size-exceeded":"選択された添付ファイルのサイズが大き過ぎるため、このメッセージは送信できません。ファイルの数を減らしてみてください。","dialog-button-ok":"OK","default-attachment-filename":"attachment{{ n }}","attachment-size-kib":"{{kilobytes}}K","message-attachment-view":{"textContent":"表示"},"message-attachment-too-large":"このファイルをダウンロードするにはサイズが大きすぎます。","message-no-subject":"(件名なし)","message-edit-menu-edit":"Edit","message-edit-menu-delete":"削除","message-edit-delete-confirm":"メッセージを削除してもよろしいですか？","message-send-attachment-disabled-confirm":"添付ファイルは転送されません。","message-multiedit-header":{"_index":["plural","n"],"_":{"zero":"編集","one":"{{ n }}件選択","two":"{{ n }}件選択","few":"{{ n }}件選択","many":"{{ n }}件選択","other":"{{ n }}件選択"}},"browse-to-url-prompt":"URL をブラウザで開きますか？: {{ url }}","message-download-images":{"_index":["plural","n"],"_":{"one":"このメールには画像が含まれています。クリックでダウンロードを開始します。","two":"このメールには{{ n }}枚の画像が含まれています。クリックでダウンロードを開始します。","few":"このメールには{{ n }}枚の画像が含まれています。クリックでダウンロードを開始します。","many":"このメールには{{ n }}枚の画像が含まれています。クリックでダウンロードを開始します。","other":"このメールには{{ n }}枚の画像が含まれています。クリックでダウンロードを開始します。"}},"message-show-external-images":"SD カードから写真を表示","message-multiedit-cancel":"キャンセル","message-multiedit-delete-confirm":{"_index":["plural","n"],"_":{"one":"このメッセージを削除しますか？","two":"{{ n }}件のメッセージを削除しますか？","few":"{{ n }}件のメッセージを削除しますか？","many":"{{ n }}件のメッセージを削除しますか？","other":"{{ n }}件のメッセージを削除しますか？"}},"message-large-message-cancel":"キャンセル","message-large-message-ok":"続行","message-large-message-confirm":"メッセージのサイズが大きいためダウンロードに時間がかかります。","message-search-from":"差出人","message-search-to":"宛先","message-search-subject":"件名","message-search-body":"本文","message-search-all":"すべて","message-search-input":{"placeholder":"メールを検索"},"message-search-cancel":"キャンセル","messages-syncing":"メッセージ読み込み中","messages-sync-more":"メッセージをさらに表示","messages-folder-empty":"このフォルダにメールはありません","messages-search-empty":"ローカルにキャッシュされたメッセージに一致するものはありません","messages-folder-select":"フォルダを選択してください","message-contact-menu-create":"連絡先を保存","message-contact-menu-add-existing":"既存の連絡先に追加","message-contact-menu-view":"連絡先の詳細","message-contact-menu-reply":"返信","message-contact-menu-new":"メッセージを作成","message-reply-menu-reply":"返信","message-reply-menu-reply-all":"全員に返信","message-reply-menu-forward":"転送","message-reply-menu-cancel":"キャンセル","reply-quoting-wrote":"{name} wrote","forward-original-message":"Original message","forward-header-subject":"Subject","forward-header-date":"Date","forward-header-from":"From","forward-header-reply-to":"Reply-To","forward-header-to":"To","forward-header-cc":"Cc","folder-inbox":"受信トレイ","folder-sent":"送信済みトレイ","folder-drafts":"下書き","folder-trash":"ごみ箱","folder-queue":"未送信トレイ","folder-junk":"迷惑メール","folder-archives":"アーカイブ","folder-localdrafts":"下書き(ローカル)","folder-outbox":"Outbox","drawer-back":"戻る","drawer-accounts-header":"アカウント","drawer-settings-link":"設定","folder-last-synced-label":"最終同期:","message-list-top-action":"Top","toaster-undo":"元に戻す","toaster-retry":"再試行","toaster-message-star":{"_index":["plural","n"],"_":{"one":"メッセージにスターを付けました","two":"{{ n }}件のメッセージにスターを付けました","few":"{{ n }}件のメッセージにスターを付けました","many":"{{ n }}件のメッセージにスターを付けました","other":"{{ n }}件のメッセージにスターを付けました"}},"toaster-message-unstar":{"_index":["plural","n"],"_":{"one":"メッセージからスターを外しました","two":"{{ n }}件のメッセージからスターを外しました","few":"{{ n }}件のメッセージからスターを外しました","many":"{{ n }}件のメッセージからスターを外しました","other":"{{ n }}件のメッセージからスターを外しました"}},"toaster-message-read":{"_index":["plural","n"],"_":{"one":"メッセージを既読にしました","two":"{{ n }}件のメッセージを既読にしました","few":"{{ n }}件のメッセージを既読にしました","many":"{{ n }}件のメッセージを既読にしました","other":"{{ n }}件のメッセージを既読にしました"}},"toaster-message-unread":{"_index":["plural","n"],"_":{"one":"メッセージを未読にしました","two":"{{ n }}件のメッセージを未読にしました","few":"{{ n }}件のメッセージを未読にしました","many":"{{ n }}件のメッセージを未読にしました","other":"{{ n }}件のメッセージを未読にしました"}},"toaster-message-move":{"_index":["plural","n"],"_":{"one":"メッセージを移動しました","two":"{{ n }}件のメッセージを移動しました","few":"{{ n }}件のメッセージを移動しました","many":"{{ n }}件のメッセージを移動しました","other":"{{ n }}件のメッセージを移動しました"}},"toaster-message-delete":{"_index":["plural","n"],"_":{"one":"メッセージを削除しました","two":"{{ n }}件のメッセージを削除しました","few":"{{ n }}件のメッセージを削除しました","many":"{{ n }}件のメッセージを削除しました","other":"{{ n }}件のメッセージを削除しました"}},"toaster-retryable-syncfailed":"サーバに接続できません","compose-invalid-addresses-title":"Invalid Addresses","compose-invalid-addresses-description":"Your message contains one or more invalid email addresses. Please correct them before sending.","background-send-pending":"Network unavailable. Email saved to outbox.","background-send-sending":"Sending mail…","background-send-success":"Email sent.","background-send-error":"Error occurred. Email saved to outbox.","background-send-error-recipients":"Recipient error. Email saved to outbox.","background-send-error-title":"Mail failed to send","send-failure-recipients":"Check the spelling of the addresses above. Your mail server indicated one or more of the addresses above are incorrect.","send-failure-unknown":"The message could not be sent.","form-clear-input":"テキストを削除","confirm-dialog-title":"確認","senders-separation-sign":", ","new-emails":{"_index":["plural","n"],"_":{"one":"新着メール 1 件","two":"新着メール {{ n }} 件","few":"新着メール {{ n }} 件","many":"新着メール {{ n }} 件","other":"新着メール {{ n }} 件"}},"new-emails-notify-one-account":{"_index":["plural","n"],"_":{"one":"新着メール 1 件","two":"新着メール {{ n }} 件","few":"新着メール {{ n }} 件","many":"新着メール {{ n }} 件","other":"新着メール {{ n }} 件"}},"new-emails-notify-multiple-accounts":{"_index":["plural","n"],"_":{"one":"新着メール 1 件 ({{ accountName }})","two":"新着メール {{ n }} 件 ({{ accountName }})","few":"新着メール {{ n }} 件 ({{ accountName }})","many":"新着メール {{ n }} 件 ({{ accountName }})","other":"新着メール {{ n }} 件 ({{ accountName }})"}},"new-emails-notify-multiple-accounts-body":"{{ from }} “{{ subject }}”","weekday-0-long":"日曜日","weekday-1-long":"月曜日","weekday-2-long":"火曜日","weekday-3-long":"水曜日","weekday-4-long":"木曜日","weekday-5-long":"金曜日","weekday-6-long":"土曜日","weekday-0-short":"日","weekday-1-short":"月","weekday-2-short":"火","weekday-3-short":"水","weekday-4-short":"木","weekday-5-short":"金","weekday-6-short":"土","month-0-long":"1月","month-1-long":"2月","month-2-long":"3月","month-3-long":"4月","month-4-long":"5月","month-5-long":"6月","month-6-long":"7月","month-7-long":"8月","month-8-long":"9月","month-9-long":"10月","month-10-long":"11月","month-11-long":"12月","month-0-genitive":"1月","month-1-genitive":"2月","month-2-genitive":"3月","month-3-genitive":"4月","month-4-genitive":"5月","month-5-genitive":"6月","month-6-genitive":"7月","month-7-genitive":"8月","month-8-genitive":"9月","month-9-genitive":"10月","month-10-genitive":"11月","month-11-genitive":"12月","month-0-short":"1月","month-1-short":"2月","month-2-short":"3月","month-3-short":"4月","month-4-short":"5月","month-5-short":"6月","month-6-short":"7月","month-7-short":"8月","month-8-short":"9月","month-9-short":"10月","month-10-short":"11月","month-11-short":"12月","minutes-ago-long":{"_index":["plural","value"],"_":{"zero":"1分以内","one":"1分前","two":"{{value}}分前","few":"{{value}}分前","many":"{{value}}分前","other":"{{value}}分前"}},"hours-ago-long":{"_index":["plural","value"],"_":{"zero":"1時間以内","one":"1時間前","two":"{{value}}時間前","few":"{{value}}時間前","many":"{{value}}時間前","other":"{{value}}時間前"}},"days-ago-long":{"_index":["plural","value"],"_":{"zero":"今日","one":"昨日","two":"{{value}}日前","few":"{{value}}日前","many":"{{value}}日前","other":"{{value}}日前"}},"weeks-ago-long":{"_index":["plural","value"],"_":{"zero":"今週","one":"先週","two":"{{value}}週間前","few":"{{value}}週間前","many":"{{value}}週間前","other":"{{value}}週間前"}},"months-ago-long":{"_index":["plural","value"],"_":{"zero":"今月","one":"先月","two":"{{value}}か月前","few":"{{value}}か月前","many":"{{value}}か月前","other":"{{value}}か月前"}},"years-ago-long":{"_index":["plural","value"],"_":{"zero":"今年","one":"昨年","two":"{{value}}年前","few":"{{value}}年前","many":"{{value}}年前","other":"{{value}}年前"}},"minutes-until-long":{"_index":["plural","value"],"_":{"zero":"1分以内","one":"1分後","two":"{{value}}分後","few":"{{value}}分後","many":"{{value}}分後","other":"{{value}}分後"}},"hours-until-long":{"_index":["plural","value"],"_":{"zero":"1時間以内","one":"1時間後","two":"{{value}}時間後","few":"{{value}}時間後","many":"{{value}}時間後","other":"{{value}}時間後"}},"days-until-long":{"_index":["plural","value"],"_":{"zero":"今日","one":"明日","two":"{{value}}日後","few":"{{value}}日後","many":"{{value}}日後","other":"{{value}}日後"}},"weeks-until-long":{"_index":["plural","value"],"_":{"zero":"今週","one":"来週","two":"{{value}}週間後","few":"{{value}}週間後","many":"{{value}}週間後","other":"{{value}}週間後"}},"months-until-long":{"_index":["plural","value"],"_":{"zero":"今月","one":"来月","two":"{{value}}か月後","few":"{{value}}か月後","many":"{{value}}か月後","other":"{{value}}か月後"}},"years-until-long":{"_index":["plural","value"],"_":{"zero":"今年","one":"来年","two":"{{value}}年後","few":"{{value}}年後","many":"{{value}}年後","other":"{{value}}年後"}},"minutes-ago-short":{"_index":["plural","value"],"_":{"zero":"直前","other":"{{value}}分前"}},"hours-ago-short":{"_index":["plural","value"],"_":{"zero":"数分前","other":"{{value}}時間前"}},"days-ago-short":{"_index":["plural","value"],"_":{"zero":"今日","other":"{{value}}日前"}},"minutes-until-short":{"_index":["plural","value"],"_":{"zero":"直後","other":"{{value}}分後"}},"hours-until-short":{"_index":["plural","value"],"_":{"zero":"数分後","other":"{{value}}時間後"}},"days-until-short":{"_index":["plural","value"],"_":{"zero":"今日","other":"{{value}}日後"}},"incorrectDate":"(日付が不正です)","dateTimeFormat_%c":"%Y年%b%e日(%a) %p%I:%M:%S","dateTimeFormat_%x":"%Y/%m/%d","dateTimeFormat_%X":"%p%I:%M:%S","shortTimeFormat":"%p%I:%M","shortDateTimeFormat":"%x %p%I:%M","weekStartsOnMonday":"0","time_am":"午前","time_pm":"午後"}