{"setup-app-name-header":"សំបុត្រ","setup-empty-account-prompt":"អ្នក​មិន​បាន​កំណត់​ការ​ផ្ញើ ឬ​ទទួល​អ៊ីមែល។ តើ​អ្នក​ចង់​កំណត់​ឥឡូវ​ឬ?","setup-pick-service":"ដើម្បី​ផ្ញើ និង​ទទួល​អ៊ីមែល អ្នក​​ត្រូវ​បង្កើត​គណនី​មួយ។","setup-account-header3":"គណនី​ថ្មី","setup-info-name":{"placeholder":"ឈ្មោះ​របស់​អ្នក"},"setup-info-email":{"placeholder":"someone@example.com"},"setup-info-password":{"placeholder":"ពាក្យ​សម្ងាត់"},"setup-info-next":"បន្ទាប់","setup-progress-wait-msg":"បង្កើត​គណនី","setup-completed-header":"ការ​បង្កើត​គណនី​អ៊ីមែល","setup-completed-label":"ធ្វើ​រួច​ទាំងអស់!","setup-add-another-account":"បន្ថែម​គណនី​ផ្សេង","setup-show-mail":"បន្ត​​ទៅ​​អ៊ីមែល","setup-error-offline":"ឥឡូវ​ឧបករណ៍​នេះ​មិន​ភ្ជាប់​អ៊ីនធឺណិត។ ភ្ជាប់​ទៅ​អ៊ីនធឺណិត និង​ព្យាយាម​ម្ដង​ទៀត។","setup-error-bad-user-or-pass2":"ឈ្មោះ​អ្នក​ប្រើ និង​ពាក្យ​សម្ងាត់​មិន​ត្រឹមត្រូវ។ ពិនិត្យ​ការ​វាយ។","setup-error-bad-address":"អាសយដ្ឋាន​អ៊ីមែល​មិន​ត្រឹមត្រូវ។ ពិនិត្យ​អក្ខរាវិរុទ្ធ។","setup-error-not-authorized":"ម៉ាស៊ីន​មេ​​បង្ហាញ​​​ថា​អ្នក​មិន​ត្រូវ​បាន​​អនុញ្ញាត​ឲ្យ​បង្កើត​គណនី​ឡើយ","setup-error-pop-server-not-great":"ម៉ាស៊ីន​មេ​មិន​គាំទ្រ។ ម៉ាស៊ីនមេ POP3 មិន​អនុវត្ត​លក្ខណៈ​ដែល​បាន​ទាមទារ។","setup-error-unknown2":"កំហុស​មិន​ស្គាល់​​បាន​កើត​ឡើង។ ពិនិត្យ​ការ​ភ្ជាប់​បណ្ដាញ​របស់​អ្នក ឬ​ព្យាយាម​ជម្រើស​​ការ​កំណត់​រចនាសម្ព័ន្ធ​ដោយ​ដៃ","setup-error-needs-app-pass":"អ្នក​ត្រូវតែ​ប្រើ​ពាក្យ​សម្ងាត់​តាម​កម្មវិធី​ជាក់​លាក់​សម្រាប់​គណនី Gmail ដែល​មាន​ពីរ​កត្តា","setup-error-imap-disabled":"អ្នក​ត្រូវតែ​បើក IMAP សម្រាប់​គណនី Gmail របស់​អ្នក","setup-error-pop3-disabled":"អ្នក​ត្រូវតែ​បើក POP3 សម្រាប់​គណនី Gmail របស់​អ្នក","setup-error-bad-security":"មិន​អាច​បង្កើត​ការ​តភ្ជាប់​សុវត្ថិភាព​ជាមួយ \"{{server}}\"។ ប្រហែល​មាន​បញ្ហា​ជាមួយ​បណ្ដាញ ឬ​ម៉ាស៊ីន​មេ​របស់​អ្នក។","setup-error-unresponsive-server":"មិន​អាច​បង្កើត​ការ​តភ្ជាប់​​ជាមួយ \"{{server}}\"។ ប្រហែល​មាន​បញ្ហា​ជាមួយ​បណ្ដាញ។","setup-error-server-problem":"មាន​បញ្ហា​ជាមួយ​ម៉ាស៊ីន​មេ \"{{server}}\"។ ព្យាយាម​ម្ដង​ទៀត​ពេល​ក្រោយ។","setup-error-no-config-info":"មិន​អាច​កំណត់​រចនាសម្ព័ន្ធ​​គណនី​របស់​អ្នក​ស្វ័យប្រវត្តិ​ទេ។ កែ​អាសយដ្ឋាន​អ៊ីមែល​របស់​អ្នក ឬ​ព្យាយាម​ជម្រើស​កំណត់​រចនាសម្ព័ន្ធ​​ដោយ​ដៃ។","setup-error-server-maintenance":"ម៉ាស៊ីនមេ \"{{server}}\" គឺ​នៅ​ក្រៅ​បណ្ដាញ​សម្រាប់​ការថែទាំ។ ព្យាយាម​ម្ដង​ទៀត​ពេល​ក្រោយ។","setup-error-account-already-exists":"គណនី​នេះ​បាន​កំណត់​រចនាសម្ព័ន្ធ​រួចហើយ។","setup-manual-config2":"រៀបចំ​ដោយ​ដៃ","setup-manual-config-header":"រៀបចំ​ដោយ​ដៃ","setup-manual-account-type":"ប្រភេទ​គណនី","setup-manual-imap-header":"ការ​កំណត់ IMAP","setup-manual-pop3-header":"ការ​កំណត់ POP3","setup-manual-smtp-header":"ការកំណត់​ SMTP","setup-manual-activesync-header":"ការ​កំណត់​ ActiveSync","setup-manual-next":"បន្ទាប់","setup-manual-socket":"ប្រភេទ​រន្ធ","setup-manual-socket-ssl":"SSL","setup-manual-socket-starttls":"STARTTLS","setup-manual-hostname":{"placeholder":"ឈ្មោះ​ម៉ាស៊ីន​បង្ហោះ"},"setup-manual-port":{"placeholder":"លេខ​ច្រក"},"setup-manual-username":{"placeholder":"ឈ្មោះ​អ្នក​ប្រើ"},"setup-manual-activesync-username":{"placeholder":"ដែន\\ឈ្មោះ​អ្នក​ប្រើ"},"setup-bad-password-header":"ពាក្យ​សម្ងាត់​មិន​ល្អ!","setup-bad-password":"យើង​មិន​អាច​ចូល​ទៅ​កាន់​ម៉ាស៊ីន​មេ​បាន​ទេ។ ប្រហែល​ពាក្យ​សម្ងាត់​របស់​អ្នក​មិន​ត្រឹមត្រូវ?","setup-new-password":{"placeholder":"ពាក្យ​សម្ងាត់​ថ្មី"},"setup-fix-password":"ព្យាយាម​ឡើងវិញ​ជាមួយ​ពាក្យ​សម្ងាត់​ថ្មី","setup-gmail-twofactor-header":"បាន​បើក​ពីរ​កត្តា","setup-gmail-twofactor-message":"អ្នក​ត្រូវ​បញ្ចូល​ពាក្យ​សម្ងាត់​តាម​កម្មវិធី​ជាក់លាក់​ខាង​ក្រោម។","setup-gmail-twofactor-fix":"ប្រើ​ពាក្យ​សម្ងាត់​តាម​កម្មវិធី","setup-gmail-imap-header":"បាន​បិទ IMAP","setup-gmail-imap-message":"អ្នក​ត្រូវតែ​បើក IMAP លើ​គណនី Gmail របស់​អ្នក","setup-gmail-imap-retry":"ព្យាយាម​ម្តង​ទៀត","setup-gmail-pop3-header":"បាន​បិទ POP3","setup-gmail-pop3-message":"អ្នក​ត្រូវតែ​បើក POP3 លើ​គណនី Gmail របស់​អ្នក","setup-gmail-pop3-retry":"ព្យាយាម​ម្តង​ទៀត","settings-main-header":"ការ​កំណត់​សំបុត្រ","settings-sub-header-account":"គណនី","settings-account-name":"ឈ្មោះ​របស់​អ្នក","settings-account-display-notifications":"បង្ហាញ​ការ​ជូន​ដំណឹង​សម្រាប់​សារ​ថ្មី","settings-account-play-sound-onsend":"ចាក់​សំឡេង​បន្ទាប់​ពី​បាន​ផ្ញើ​សារ","settings-account-signature-label":"Signature","signature-save":"Save Signature","signature-discard-confirm":"Discard","settings-sub-header-data":"កាល​បរិច្ឆេទ","settings-account-check-mail":"ពិនិត្យ​សារ​ថ្មី","settings-sub-header-server":"ការកំណត់ម៉ាស៊ីនមេ","settings-account-userpass":"ឈ្មោះ​អ្នកប្រើ និង​ពាក្យ​សម្ងាត់​","settings-default-signature":"Sent Using FirefoxOS","settings-done":"ធ្វើ​រួច","settings-account-section":"គណនី","settings-account-add":"បន្ថែម​គណនី","settings-account-delete":"លុប​គណនី","settings-account-delete-prompt":"តើ​អ្នក​ប្រាកដ​ចង់​លុប​គណនី​អ៊ីមែល {{account}} របស់​អ្នក​ឬ? អ្នក​នឹង​ត្រូវ​ទាញយក​សារ​ឡើងវិញ បើ​អ្នក​​បង្កើត​គណនី​ឡើង​វិញ។","settings-account-delete-cancel":"បោះបង់","settings-account-delete-confirm":"លុប","settings-account-clarify-imap":"{{account-name}} (IMAP)","settings-account-clarify-pop3":"{{account-name}} (POP3)","settings-account-clarify-smtp":"{{account-name}} (SMTP)","settings-general-section":"ការ​កំណត់​ទូទៅ","settings-show-images":"បង្ហាញ​រូបភាព​ជានិច្ច","settings-download-attachments":"ទាញយក​ឯកសារ​ភ្ជាប់","settings-check-every-5min":"រៀងរាល់ 5 នាទី","settings-check-every-10min":"រៀងរាល់ 10 ​នាទី","settings-check-every-15min":"រៀងរាល់ 15 នាទី","settings-check-every-30min":"រៀងរាល់ 30 ​នាទី","settings-check-every-60min":"រាល់ម៉ោង","settings-check-every-manual":"ដោយ​ដៃ","settings-check-dynamic":{"_index":["plural","n"],"_":{"zero":"វិនាទី","one":"{{ n }} វិនាទី","two":"{{ n }} វិនាទី","few":"{{ n }} វិនាទី","many":"{{ n }} វិនាទី","other":"{{ n }} វិនាទី"}},"settings-default-account":"កំណត់​ជា​អ៊ីមែល​លំនាំដើម","settings-account-type":"ប្រភេទ​គណនី","settings-account-credentials":"លិខិត​សម្គាល់","settings-activesync-label":"ការ​កំណត់​សមកាល​សកម្ម","settings-imap-label":"ការ​កំណត់ IMAP","settings-pop3-label":"ការ​កំណត់ POP3","settings-smtp-label":"ការកំណត់​ SMTP","settings-hostname":"ឈ្មោះ​ម៉ាស៊ីន​បង្ហោះ","settings-port":"ច្រក","settings-username":"ឈ្មោះ​អ្នក​ប្រើ","settings-password":"ពាក្យ​សម្ងាត់","settings-save":"រក្សា​​ទុក","settings-password-empty":"ប្រឡោះ​ពាក្យ​សម្ងាត់​មិន​គួរ​ទុក​ឲ្យ​ទទេ","settings-account-synchronize-window":"ថ្ងៃ​ត្រូវ​ធ្វើ​សមកាលកម្ម","settings-synchronize-auto":"ស្វ័យ​ប្រវត្តិ","settings-synchronize-one-day":"1 ថ្ងៃ","settings-synchronize-three-days":"3 ថ្ងៃ","settings-synchronize-one-week":"1 សប្ដាហ៍","settings-synchronize-two-weeks":"2 សប្ដាហ៍","settings-synchronize-one-month":"1 ខែ","settings-synchronize-all":"សារ​ទាំងអស់","envelope-from":"ពី","envelope-to":"ជូន​ចំពោះ","envelope-cc":"ចម្លង​ជូន","envelope-bcc":"ចម្លង​ជាសម្ងាត់​ជូន","compose-header":"តែង​សារ","compose-header-short":"តែង","compose-send":"ផ្ញើ","compose-to":"ជូន​ចំពោះ","compose-cc":"ចម្លង​ជូន","compose-bcc":"ចម្លង​ជា​សម្ងាត់​ជូន","compose-attachments":{"_index":["plural","n"],"_":{"zero":"ឯកសារ​ភ្ជាប់","one":"{{ n }} ឯកសារ​ភ្ជាប់","two":"{{ n }} ឯកសារ​ភ្ជាប់","few":"{{ n }} ឯកសារ​ភ្ជាប់","many":"{{ n }} ឯកសារ​ភ្ជាប់","other":"{{ n }} ឯកសារ​ភ្ជាប់"}},"compose-attachment-still-working":"នៅ​ពេល​នេះ, នៅ​តែ​កំពុង​ដំណើរការ​លើ​ឯកសារ​ភ្ជាប់​ពី​មុន...","compose-subject":"ប្រធានបទ","compose-draft-save":"រក្សាទុក​ទៅ​សេចក្ដី​ព្រាង​មូលដ្ឋាន","compose-discard-message":"បោះបង់​ចោល​អ៊ីមែល?","compose-discard-confirm":"បោះបង់ចោល","compose-send-message-failed":"បាន​បរាជ័យ​​ផ្ញើ​អ៊ីមែល","composer-attachment-large":"ឯកសារ​ភ្ជាប់​ធំ​ពេក","composer-attachments-large":"ឯកសារ​ភ្ជាប់​ធំ​ពេក","compose-attchment-size-exceeded":"ឯកសារ​ភ្ជាប់​ដែល​បាន​ជ្រើស​ដើម្បី​ផ្ញើ​ជាមួយ​សារ​នេះ​គឺ​ធំ​ពេក។","compose-attchments-size-exceeded":"ឯកសារ​ភ្ជាប់​ដែល​បាន​ជ្រើស​ដើម្បី​ផ្ញើ​ជាមួយ​សារ​នេះ​គឺ​ធំ​ពេក។ សាកល្បង​ជ្រើស​ឯកសារ​តិច​ជាង​នេះ។","dialog-button-ok":"យល់​ព្រម","default-attachment-filename":"attachment{{ n }}","attachment-size-kib":"{{kilobytes}}K","message-attachment-view":"មើល","message-attachment-too-large":"ឯកសារ​ធំ​ពេក​ត្រូវ​ទាញយក។","message-no-subject":"(គ្មាន​ប្រធានបទ)","message-edit-menu-edit":"កែសម្រួល","message-edit-menu-delete":"លុប","message-edit-delete-confirm":"លុប​​សារ​អ៊ីមែល​ឬ?","message-send-attachment-disabled-confirm":"ឯកសារ​ភ្ជាប់​មិន​អាច​បញ្ជូន​បន្ត​បាន​ទេ។","message-multiedit-header":{"_index":["plural","n"],"_":{"zero":"កែសម្រួល","one":"បាន​ជ្រើស {{ n }}","two":"បាន​ជ្រើស {{ n }}","few":"បាន​ជ្រើស {{ n }}","many":"បាន​ជ្រើស {{ n }}","other":"បាន​ជ្រើស {{ n }}"}},"browse-to-url-prompt":"រុករក​ទៅ​កាន់ URL?: {{ url }}","message-download-images":{"_index":["plural","n"],"_":{"one":"អ៊ីមែល​នេះ​មាន​រូបភាព​មួយ។ ចុច​ដើម្បី​ទាញ​យក។","two":"អ៊ីមែល​នេះ​មាន​រូបភាព​ {{ n }} ។ ចុច​ដើម្បី​ទាញយក។","few":"អ៊ីមែល​នេះ​មាន​រូបភាព​ {{ n }} ។ ចុច​ដើម្បី​ទាញយក។","many":"អ៊ីមែល​នេះ​មាន​រូបភាព​ {{ n }} ។ ចុច​ដើម្បី​ទាញយក។","other":"អ៊ីមែល​នេះ​មាន​រូបភាព​ {{ n }} ។ ចុច​ដើម្បី​ទាញយក។"}},"message-show-external-images":"បង្ហាញ​រូបភាព​ខាង​ក្រៅ","message-multiedit-cancel":"បោះបង់","message-multiedit-delete-confirm":{"_index":["plural","n"],"_":{"one":"លុប​សារ​អ៊ីមែល​នេះ​ឬ?","two":"លុប​សារ​អ៊ីមែល {{ n }} ឬ?","few":"លុប​សារ​អ៊ីមែល {{ n }} ឬ?","many":"លុប​សារ​អ៊ីមែល {{ n }} ឬ?","other":"លុប​សារ​អ៊ីមែល {{ n }} ឬ?"}},"message-large-message-cancel":"បោះបង់","message-large-message-ok":"បន្ត","message-large-message-confirm":"សារ​នេះ​ធំពេក និង​អាច​ចំណាយ​ពេល​ខ្លះ​ដើម្បី​ទាញយក។","message-search-from":"ពី","message-search-to":"ជូន​ចំពោះ","message-search-subject":"ប្រធានបទ","message-search-body":"តួសេចក្ដី","message-search-all":"ទាំងអស់","message-search-input":{"placeholder":"ស្វែងរក​សារ"},"message-search-cancel":"បោះបង់","messages-syncing":"ផ្ទុក​សារ","messages-sync-more":"ផ្ទុក​សារ​ច្រើន​ទៀត​ពី​ម៉ាស៊ីន​មេ","messages-folder-empty":"គ្មាន​សារ​​នៅ​ក្នុង​ថត​នេះ","messages-search-empty":"គ្មាន​សារ​ត្រូវគ្នា​ក្នុង​ឃ្លាំង​​​សារ​​ដែល​បាន​លាក់​ខាង​ក្នុង","messages-folder-select":"ជ្រើស​ថត","message-contact-menu-create":"រក្សាទុក​ទំនាក់ទំនង​ថ្មី","message-contact-menu-add-existing":"បន្ថែម​ទៅ​ទំនាក់ទំនង​ដែល​មាន​ស្រាប់","message-contact-menu-view":"មើល​ទំនាក់ទំនង","message-contact-menu-reply":"ឆ្លើយតប","message-contact-menu-new":"ផ្ញើ​សារ​ថ្មី","message-reply-menu-reply":"ឆ្លើយតប","message-reply-menu-reply-all":"ឆ្លើយតបទៅទាំងអស់គ្នា","message-reply-menu-forward":"បញ្ជូន​បន្ត","message-reply-menu-cancel":"បោះបង់","reply-quoting-wrote":"{name} បាន​សរសេរ","forward-original-message":"សារ​ដើម","forward-header-subject":"ប្រធាន​បទ","forward-header-date":"កាល​បរិច្ឆេទ","forward-header-from":"ពី","forward-header-reply-to":"ឆ្លើយ​តប​ទៅ","forward-header-to":"ជូន​ចំពោះ","forward-header-cc":"ចម្លង​ជូន","folder-inbox":"ប្រអប់​ទទួល","folder-sent":"បាន​ផ្ញើ","folder-drafts":"សេចក្ដី​ព្រាង","folder-trash":"ធុងសំរាម","folder-queue":"មិន​បាន​ផ្ញើ","folder-junk":"ឥត​បាន​ការ","folder-archives":"ប័ណ្ណសារ","folder-localdrafts":"សេចក្ដី​ព្រាង​មូលដ្ឋាន","folder-outbox":"ប្រអប់​ចេញ","drawer-back":"ថយក្រោយ","drawer-accounts-header":"គណនី","drawer-settings-link":"ការ​កំណត់","folder-last-synced-label":"សមកាល​ចុង​ក្រោយ៖","message-list-top-action":"Top","toaster-undo":"មិនធ្វើ​វិញ","toaster-retry":"ព្យាយាម​ម្តង​ទៀត","toaster-message-star":{"_index":["plural","n"],"_":{"one":"បាន​កំណត់​ទង់​​ឲ្យ​សារ​ 1","two":"{{ n }} កំណត់ទង់សារ","few":"{{ n }} កំណត់​ទង់សារ","many":"{{ n }} កំណត់​ទង់សារ","other":"{{ n }} កំណត់ទង់សារ"}},"toaster-message-unstar":{"_index":["plural","n"],"_":{"one":"បាន​យក​ទង់​ចេញ​​​​ពី​សារ 1","two":"{{ n }} បាន​ដកទង់សារ​​ចេញ","few":"{{ n }} បាន​ដក​ទង់​សារ​ចេញ","many":"{{ n }} បាន​ដកទង់សារ​ចេញ","other":"{{ n }} បាន​ដក​ទង់សារ​ចេញ"}},"toaster-message-read":{"_index":["plural","n"],"_":{"one":"បាន​សម្គាល់​សារ 1 ថា​អាន​រួច","two":"បាន​សម្គាល់​សារ {{ n }} ថា​អាន​រួច","few":"បាន​សម្គាល់​សារ {{ n }} ថា​អាន​រួច","many":"បាន​សម្គាល់​សារ {{ n }} ថា​អាន​រួច","other":"បាន​សម្គាល់​សារ {{ n }} ថា​អាន​រួច"}},"toaster-message-unread":{"_index":["plural","n"],"_":{"one":"បាន​សម្គាល់​សារ 1 ថា​​មិន​ទាន់​អាន","two":"បាន​សម្គាល់​សារ {{ n }} ថា​​មិន​ទាន់​អាន","few":"បាន​សម្គាល់​សារ {{ n }} ថា​​មិន​ទាន់​អាន","many":"បាន​សម្គាល់​សារ {{ n }} ថា​​មិន​ទាន់​អាន","other":"បាន​សម្គាល់​សារ {{ n }} ថា​​មិន​ទាន់​អាន"}},"toaster-message-move":{"_index":["plural","n"],"_":{"one":"បាន​ផ្លាស់ទី​សារ 1","two":"បាន​ផ្លាស់ទី​សារ {{ n }}","few":"បាន​ផ្លាស់ទី​សារ {{ n }}","many":"បាន​ផ្លាស់ទី​សារ {{ n }}","other":"បាន​ផ្លាស់ទី​សារ {{ n }}"}},"toaster-message-delete":{"_index":["plural","n"],"_":{"one":"បាន​លុប​សារ 1","two":"បាន​លុប​សារ {{ n }}","few":"បាន​លុប​សារ {{ n }}","many":"បាន​លុប​សារ {{ n }}","other":"បាន​លុប​សារ {{ n }}"}},"toaster-retryable-syncfailed":"មិន​អាច​ភ្ជាប់​ទៅ​កាន់​ម៉ាស៊ីន​មេ","compose-invalid-addresses-title":"អាសយដ្ឋាន​មិន​ត្រឹមត្រូវ","compose-invalid-addresses-description":"សារ​របស់​អ្នក​មាន​អាសយដ្ឋាន​មិន​ត្រឹមត្រូវ​មួយ ឬ​ច្រើន។ សូម​បញ្ចូល​វា​មុន​ពេល​ផ្ញើ។","background-send-pending":"បណ្ដាញ​មិន​អាច​ប្រើ​បាន។ អ៊ីមែល​បាន​រក្សាទុក​ទៅ​ប្រអប់​ចេញ។","background-send-sending":"កំពុង​ផ្ញើ​មែល…","background-send-success":"អ៊ីមែល​បាន​ផ្ញើ។","background-send-error":"កំហុស​បាន​កើត​ឡើង។ អ៊ីមែល​បាន​រក្សាទុក​ទៅ​ប្រអប់​ចេញ។","background-send-error-recipients":"កំហុស​អ្នក​ទទួល។ អ៊ីមែល​បាន​រក្សាទុក​ទៅ​ប្រអប់​ចេញ។","background-send-error-title":"មែល​បាន​បរាជ័យ​ក្នុង​ការ​ផ្ញើ","send-failure-recipients":"ពិនិត្យមើល​អក្ខរាវិរុទ្ធ​អាសយដ្ឋាន​ខាងលើ។ ម៉ាស៊ីន​មេ​មែល​របស់​អ្នក​បាន​បង្ហាញ​អាសយដ្ឋាន​មួយ ឬ​ច្រើន​នៅ​ខាង​លើ​គឺ​មិន​ត្រឹមត្រូវ។","send-failure-unknown":"សារ​មិន​អាច​ត្រូវ​បាន​ផ្ញើ។","form-clear-input":"យក​អត្ថបទ​ចេញ","confirm-dialog-title":"ការ​បញ្ជាក់","senders-separation-sign":", ","new-emails":{"_index":["plural","n"],"_":{"one":"មាន​​អ៊ីមែល​ថ្មី 1","two":"មាន​អ៊ីមែល​ថ្មី {{ n }}","few":"មាន​អ៊ីមែល​ថ្មី {{ n }}","many":"មាន​អ៊ីមែល​ថ្មី {{ n }}","other":"មាន​អ៊ីមែល​ថ្មី {{ n }}"}},"new-emails-notify-one-account":{"_index":["plural","n"],"_":{"one":"មាន​អ៊ីមែល​ថ្មី 1","two":"មាន​អ៊ីមែល​ថ្មី {{ n }}","few":"មាន​អ៊ីមែល​ថ្មី {{ n }}","many":"មាន​អ៊ីមែល​ថ្មី {{ n }}","other":"អ៊ីមែល​ថ្មី {{ n }}"}},"new-emails-notify-multiple-accounts":{"_index":["plural","n"],"_":{"one":"អ៊ីមែលថ្មី 1 ({{ accountName }})","two":"អ៊ីមែល​ថ្មី {{ n }} ({{ accountName }})","few":"អ៊ីមែល​ថ្មី {{ n }} ({{ accountName }})","many":"{{ n }} អ៊ីមែល​ថ្មី ({{ accountName }})","other":"{{ n }} អ៊ីមែល​ថ្មី ({{ accountName }})"}},"new-emails-notify-multiple-accounts-body":"{{ from }} “{{ subject }}”","weekday-0-long":"អាទិត្យ","weekday-1-long":"ច័ន្ទ","weekday-2-long":"អង្គារ","weekday-3-long":"ពុធ","weekday-4-long":"ព្រហស្បតិ៍","weekday-5-long":"សុក្រ","weekday-6-long":"សៅរ៍","weekday-0-short":"អាទិត្យ","weekday-1-short":"ច័ន្ទ","weekday-2-short":"អង្គារ","weekday-3-short":"ពុធ","weekday-4-short":"ព្រហស្បតិ៍","weekday-5-short":"សុក្រ","weekday-6-short":"សៅរ៍","month-0-long":"មករា","month-1-long":"កុម្ភៈ","month-2-long":"មីនា","month-3-long":"មេសា","month-4-long":"ឧសភា","month-5-long":"មិថុនា","month-6-long":"កក្កដា","month-7-long":"សីហា","month-8-long":"កញ្ញា","month-9-long":"តុលា","month-10-long":"វិច្ឆិកា","month-11-long":"ធ្នូ","month-0-genitive":"មករា","month-1-genitive":"កុម្ភៈ","month-2-genitive":"មីនា","month-3-genitive":"មេសា","month-4-genitive":"ឧសភា","month-5-genitive":"មិថុនា","month-6-genitive":"កក្កដា","month-7-genitive":"សីហា","month-8-genitive":"កញ្ញា","month-9-genitive":"តុលា","month-10-genitive":"វិច្ឆិកា","month-11-genitive":"ធ្នូ","month-0-short":"មករា","month-1-short":"កុម្ភៈ","month-2-short":"មីនា","month-3-short":"មេសា","month-4-short":"ឧសភា","month-5-short":"មិថុនា","month-6-short":"កក្កដា","month-7-short":"សីហា","month-8-short":"កញ្ញា","month-9-short":"តុលា","month-10-short":"វិច្ឆិកា","month-11-short":"ធ្នូ","minutes-ago-long":{"_index":["plural","value"],"_":{"zero":"អម្បាញ់មិញនេះ","one":"មួយ​នាទី​មុន","two":"{{value}} នាទី​មុន","few":"{{value}} នាទី​មុន","many":"{{value}} នាទី​មុន","other":"{{value}} នាទី​មុន"}},"hours-ago-long":{"_index":["plural","value"],"_":{"zero":"អម្បាញ់មិញនេះ","one":"មួយ​ម៉ោង​មុន","two":"{{value}} ម៉ោង​មុន","few":"{{value}} ម៉ោង​មុន","many":"{{value}} ម៉ោង​មុន","other":"{{value}} ម៉ោង​មុន"}},"days-ago-long":{"_index":["plural","value"],"_":{"zero":"ថ្ងៃ​នេះ","one":"ម្សិលមិញ","two":"{{value}} ថ្ងៃ​មុន","few":"{{value}} ថ្ងៃ​មុន","many":"{{value}} ថ្ងៃ​មុន","other":"{{value}} ថ្ងៃ​មុន"}},"weeks-ago-long":{"_index":["plural","value"],"_":{"zero":"សប្ដាហ៍​នេះ","one":"សប្ដាហ៍​មុន","two":"{{value}} សប្ដាហ៍​មុន","few":"{{value}} សប្ដាហ៍​មុន","many":"{{value}} សប្ដាហ៍​មុន","other":"{{value}} សប្ដាហ៍​មុន"}},"months-ago-long":{"_index":["plural","value"],"_":{"zero":"ខែ​នេះ","one":"ខែ​មុន","two":"{{value}} ខែ​មុន","few":"{{value}} ខែ​មុន","many":"{{value}} ខែ​មុន","other":"{{value}} ខែ​មុន"}},"years-ago-long":{"_index":["plural","value"],"_":{"zero":"ឆ្នាំនេះ","one":"ឆ្នាំ​មុន","two":"{{value}} ឆ្នាំ​មុន","few":"{{value}} ឆ្នាំ​មុន","many":"{{value}} ឆ្នាំ​មុន","other":"{{value}} ឆ្នាំ​មុន"}},"minutes-until-long":{"_index":["plural","value"],"_":{"zero":"ឥឡូវ","one":"ក្នុង​ពេល​មួយ​នាទី","two":"ក្នុង​ពេល {{value}} នាទី","few":"ក្នុង​ពេល {{value}} នាទី","many":"ក្នុង​ពេល​ {{value}} នាទី​","other":"ក្នុង​ពេល {{value}} នាទី"}},"hours-until-long":{"_index":["plural","value"],"_":{"zero":"ឥឡូវ","one":"ក្នុង​រយៈពេល​១​ម៉ោង","two":"ក្នុង​ពេល​​ {{value}} ម៉ោង","few":"ក្នុង​ពេល​​ {{value}} ម៉ោង","many":"ក្នុង​ពេល​​ {{value}} ម៉ោង","other":"ក្នុង​ពេល​​ {{value}} ម៉ោង"}},"days-until-long":{"_index":["plural","value"],"_":{"zero":"ថ្ងៃ​នេះ","one":"ថ្ងៃស្អែក","two":"ក្នុង​ពេល​​ {{value}} ថ្ងៃ","few":"ក្នុង​ពេល​​ {{value}} ថ្ងៃ","many":"ក្នុង​ពេល​​ {{value}} ថ្ងៃ","other":"ក្នុង​ពេល​​ {{value}} ថ្ងៃ"}},"weeks-until-long":{"_index":["plural","value"],"_":{"zero":"សប្ដាហ៍​នេះ","one":"សប្ដាហ៍​ក្រោយ","two":"ក្នុង​ពេល {{value}} សប្ដាហ៍","few":"ក្នុង​ពេល {{value}} សប្ដាហ៍","many":"ក្នុង​ពេល {{value}} សប្ដាហ៍","other":"ក្នុង​ពេល {{value}} សប្ដាហ៍"}},"months-until-long":{"_index":["plural","value"],"_":{"zero":"ខែ​នេះ","one":"ខែ​ក្រោយ","two":"ក្នុង​ពេល {{value}} ខែ","few":"ក្នុង​ពេល {{value}} ខែ","many":"ក្នុង​ពេល {{value}} ខែ","other":"ក្នុង​ពេល {{value}} ខែ"}},"years-until-long":{"_index":["plural","value"],"_":{"zero":"ឆ្នាំនេះ","one":"ឆ្នាំ​ក្រោយ","two":"ក្នុង​ពេល {{value}} ឆ្នាំ","few":"ក្នុង​ពេល {{value}} ឆ្នាំ","many":"ក្នុង​ពេល {{value}} ឆ្នាំ","other":"ក្នុង​ពេល {{value}} ឆ្នាំ"}},"minutes-ago-short":{"_index":["plural","value"],"_":{"zero":"អម្បាញ់មិញនេះ","other":"{{value}}នាទី​មុន"}},"hours-ago-short":{"_index":["plural","value"],"_":{"zero":"អម្បាញ់មិញនេះ","other":"{{value}}ម៉ោង​មុន"}},"days-ago-short":{"_index":["plural","value"],"_":{"zero":"ថ្ងៃ​នេះ","other":"{{value}}ថ្ងៃ​មុន"}},"minutes-until-short":{"_index":["plural","value"],"_":{"zero":"ឥឡូវ","other":"ក្នុង​ពេល {{value}}នាទី"}},"hours-until-short":{"_index":["plural","value"],"_":{"zero":"ឥឡូវ","other":"ក្នុង​ពេល {{value}}ម៉ោង"}},"days-until-short":{"_index":["plural","value"],"_":{"zero":"ថ្ងៃ​នេះ","other":"ក្នុង​ពេល {{value}}ថ្ងៃ"}},"incorrectDate":"(កាលបរិច្ឆេទ​មិន​ត្រឹមត្រូវ)","dateTimeFormat_%c":"%a %b %e %Y %I:%M:%S %p","dateTimeFormat_%x":"%m/%d/%Y","dateTimeFormat_%X":"%I:%M:%S %p","shortTimeFormat":"%I:%M %p","shortDateTimeFormat":"%x %I:%M %p","weekStartsOnMonday":"0","time_am":"ព្រឹក","time_pm":"PM"}