{"setup-app-name-header":"메일","setup-empty-account-prompt":"이메일을 보내거나 받을 설정이 되어있지 않습니다. 지금 하시겠습니까?","setup-pick-service":"계정을 설정하면 이메일을 보내고 받을 수 있습니다.","setup-account-header3":"신규 설정","setup-info-name":{"placeholder":"이름"},"setup-info-email":{"placeholder":"someone@example.com"},"setup-info-password":{"placeholder":"암호"},"setup-info-next":"다음","setup-progress-wait-msg":"계정 설정 중...","setup-completed-header":"계정 설정 완료","setup-completed-label":"모두 완료!","setup-add-another-account":"다른 계정 추가","setup-show-mail":"메일 보기","setup-error-offline":"이 기기는 현재 오프라인입니다. 네트워크에 연결하고 다시 시도해 주십시오.","setup-error-bad-user-or-pass2":"사용자명이나 암호가 유효하지 않습니다. 오타가 있는지 확인해 보십시오.","setup-error-bad-address":"유효하지 않는 메일 주소입니다. 오자가 없는지 확인해 주십시오.","setup-error-not-authorized":"사용자가 계정을 만들 허가를 받지 않았다고 서버에서 응답함","setup-error-pop-server-not-great":"지원하지 않는 서버입니다. POP3 서버로서 요구 기능을 가지고 있지 않습니다.","setup-error-unknown2":"알 수 없는 오류가 발생했습니다. 네트워크 연결을 확인해보시거나 수동으로 설정해 보십시오.","setup-error-needs-app-pass":"Gmail 계정에서 기기 인증 암호를 넣어야 함","setup-error-imap-disabled":"Gmail 계정에 IMAP 기능을 사용해야 함","setup-error-pop3-disabled":"Gmail 계정에 POP3 기능을 사용해야 함","setup-error-bad-security":"\"{{server}}\"와 보안 연결을 할 수 없습니다. 네트워크나 서버의 문제일 수 있습니다.","setup-error-unresponsive-server":"\"{{server}}\"와 연결을 할 수 없습니다. 네트워크나 서버의 문제일 수 있습니다.","setup-error-server-problem":"\"{{server}}\"와 연결하는 데 문제가 있습니다. 나중에 다시 시도해 보십시오.","setup-error-no-config-info":"계정을 자동으로 설정할 수 없습니다. 이메일 주소를 올바르게 고치거나 수동으로 설정해 보십시오.","setup-error-server-maintenance":"\"{{server}}\" 서버가 점검을 위해 오프라인입니다. 나중에 다시 시도해 보십시오.","setup-error-account-already-exists":"이 계정은 이미 설정되어있는 계정입니다.","setup-manual-config2":"수동으로 설정","setup-manual-config-header":"수동 설정","setup-manual-account-type":"계정 종류","setup-manual-imap-header":"IMAP 설정","setup-manual-pop3-header":"POP3 설정","setup-manual-smtp-header":"SMTP 설정","setup-manual-activesync-header":"ActiveSync 설정","setup-manual-next":"다음","setup-manual-socket":"소켓 형식","setup-manual-socket-ssl":"SSL","setup-manual-socket-starttls":"STARTTLS","setup-manual-hostname":{"placeholder":"호스트명"},"setup-manual-port":{"placeholder":"포트 번호"},"setup-manual-username":{"placeholder":"사용자명"},"setup-manual-activesync-username":{"placeholder":"도메인\\사용자명"},"setup-bad-password-header":"잘못된 암호!","setup-bad-password":"서버에 로그인을 하지 못했습니다. 올바른 암호입니까?","setup-new-password":{"placeholder":"새 암호"},"setup-fix-password":"새 암호로 재시도","setup-gmail-twofactor-header":"기기 인증 설정","setup-gmail-twofactor-message":"애플리케이션 특정 암호를 아래에 입력하십시오.","setup-gmail-twofactor-fix":"애플리케이션 특정 암호 사용","setup-gmail-imap-header":"IMAP 꺼짐","setup-gmail-imap-message":"Gmail 계정에서 IMAP을 켜야 합니다.","setup-gmail-imap-retry":"다시 시도","setup-gmail-pop3-header":"POP3 꺼짐","setup-gmail-pop3-message":"Gmail 계정에서 POP3를 켜야 합니다.","setup-gmail-pop3-retry":"다시 시도","settings-main-header":"메일 설정","settings-sub-header-account":"계정","settings-account-name":"이름","settings-account-display-notifications":"새 메일 알림 표시","settings-account-play-sound-onsend":"메시지 전송 후 소리 재생","settings-account-signature-label":"Signature","signature-save":"Save Signature","signature-discard-confirm":"Discard","settings-sub-header-data":"데이터","settings-account-check-mail":"새 메일 확인","settings-sub-header-server":"서버 설정","settings-account-userpass":"사용자 계정과 암호","settings-default-signature":"Sent Using FirefoxOS","settings-done":"완료","settings-account-section":"계정","settings-account-add":"계정 추가","settings-account-delete":"계정 삭제","settings-account-delete-prompt":"정말 {{account}} 메일 계정을 삭제하시겠습니까? 계정을 다시 만들면 메일을 모두 다시 다운로드 해야 합니다.","settings-account-delete-cancel":"취소","settings-account-delete-confirm":"삭제","settings-account-clarify-imap":"{{account-name}} (IMAP)","settings-account-clarify-pop3":"{{account-name}} (POP3)","settings-account-clarify-smtp":"{{account-name}} (SMTP)","settings-general-section":"일반 설정","settings-show-images":"이미지 항상 보기","settings-download-attachments":"첨부 파일 다운로드","settings-check-every-5min":"5분마다","settings-check-every-10min":"10분마다","settings-check-every-15min":"15분마다","settings-check-every-30min":"30분마다","settings-check-every-60min":"60분마다","settings-check-every-manual":"수동으로","settings-check-dynamic":{"_index":["plural","n"],"_":{"zero":"초","one":"{{ n }}초","two":"{{ n }}초","few":"{{ n }}초","many":"{{ n }}초","other":"{{ n }}초"}},"settings-default-account":"기본 계정","settings-account-type":"계정 형식","settings-account-credentials":"보증서","settings-activesync-label":"ActiveSync 설정","settings-imap-label":"IMAP 설정","settings-pop3-label":"POP3 설정","settings-smtp-label":"SMTP 설정","settings-hostname":"호스트명","settings-port":"포트","settings-username":"사용자명","settings-password":"암호","settings-save":"저장","settings-password-empty":"암호 비어있음","settings-account-synchronize-window":"동기화 주기","settings-synchronize-auto":"자동","settings-synchronize-one-day":"매일","settings-synchronize-three-days":"삼일","settings-synchronize-one-week":"한 주","settings-synchronize-two-weeks":"두 주","settings-synchronize-one-month":"한 달","settings-synchronize-all":"메시지 전체","envelope-from":"보낸 사람","envelope-to":"받는 사람","envelope-cc":"참조","envelope-bcc":"숨은 참조","compose-header":"메시지 쓰기","compose-header-short":"쓰기","compose-send":"보내기","compose-to":"받는 사람","compose-cc":"참조","compose-bcc":"숨은 참조","compose-attachments":{"_index":["plural","n"],"_":{"zero":"첨부","one":"{{ n }}개 첨부됨","two":"{{ n }}개 첨부됨","few":"{{ n }}개 첨부됨","many":"{{ n }}개 첨부됨","other":"{{ n }}개 첨부됨"}},"compose-attachment-still-working":"이전 첨부파일을 처리중입니다. 잠시만 기다려주세요...","compose-subject":"제목","compose-draft-save":"임시 저장","compose-discard-message":"이메일을 취소하시겠습니까?","compose-discard-confirm":"취소","compose-send-message-failed":"이메일 보내기 실패","composer-attachment-large":"첨부 파일 너무 큼","composer-attachments-large":"첨부 파일 너무 큼","compose-attchment-size-exceeded":"선택한 첨부 파일이 너무 커서 이메일을 보낼 수 없습니다.","compose-attchments-size-exceeded":"선택한 첨부 파일이 너무 커서 이메일을 보낼 수 없습니다. 파일 개수를 줄여 보세요.","dialog-button-ok":"예","default-attachment-filename":"첨부파일-{{ n }}","attachment-size-kib":"{{kilobytes}}K","message-attachment-view":{"textContent":"보기"},"message-attachment-too-large":"파일이 너무 커서 다운로드 할 수 없습니다.","message-no-subject":"(제목 없음)","message-edit-menu-edit":"Edit","message-edit-menu-delete":"삭제","message-edit-delete-confirm":"이메일 메시지를 삭제하시겠습니까?","message-send-attachment-disabled-confirm":"첨부 파일을 전달 할 수 없습니다.","message-multiedit-header":{"_index":["plural","n"],"_":{"zero":"편집","one":"{{ n }}개 선택됨","two":"{{ n }}개 선택됨","few":"{{ n }}개 선택됨","many":"{{ n }}개 선택됨","other":"{{ n }}개 선택됨"}},"browse-to-url-prompt":"다음 URL을 브라우저로 여시겠습니까?: {{ url }}","message-download-images":{"_index":["plural","n"],"_":{"one":"이메일에는 이미지가 한 장 있습니다. 누르면 다운로드됩니다.","two":"이메일에는 이미지가 {{ n }}장 있습니다. 누르면 다운로드됩니다.","few":"이메일에는 이미지가 {{ n }}장 있습니다. 누르면 다운로드됩니다.","many":"이메일에는 이미지가 {{ n }}장 있습니다. 누르면 다운로드됩니다.","other":"이메일에는 이미지가 {{ n }}장 있습니다. 누르면 다운로드됩니다."}},"message-show-external-images":"외부 이미지 보이기","message-multiedit-cancel":"취소","message-multiedit-delete-confirm":{"_index":["plural","n"],"_":{"one":"이메일 메시지를 삭제하시겠습니까?","two":"이메일 메시지 두 개를 삭제하시겠습니까?","few":"이메일 메시지 {{ n }}개를 삭제하시겠습니까?","many":"이메일 메시지 {{ n }}개를 삭제하시겠습니까?","other":"이메일 메시지 {{ n }}개를 삭제하시겠습니까?"}},"message-large-message-cancel":"취소","message-large-message-ok":"계속","message-large-message-confirm":"현재 메시지는 너무 커서 다운로드하는데 시간이 걸립니다.","message-search-from":"보냄","message-search-to":"받음","message-search-subject":"제목","message-search-body":"본문","message-search-all":"모두","message-search-input":{"placeholder":"메일 검색"},"message-search-cancel":"취소","messages-syncing":"메시지를 읽어오는 중","messages-sync-more":"서버에서 메시지 더 읽어오기","messages-folder-empty":"메일이 없는 폴더","messages-search-empty":"로컬에 캐쉬된 메시지 가운데 일치하는 것 없음","messages-folder-select":"폴더 선택","message-contact-menu-create":"새 연락처 저장","message-contact-menu-add-existing":"기존 연락처에 추가","message-contact-menu-view":"연락처 보기","message-contact-menu-reply":"회신","message-contact-menu-new":"새 메일 보내기","message-reply-menu-reply":"답장","message-reply-menu-reply-all":"모두에게 답장","message-reply-menu-forward":"전달","message-reply-menu-cancel":"취소","reply-quoting-wrote":"{name} 씀","forward-original-message":"원본 메시지","forward-header-subject":"제목","forward-header-date":"날짜","forward-header-from":"보낸 사람","forward-header-reply-to":"회신 주소","forward-header-to":"받는 사람","forward-header-cc":"참조","folder-inbox":"Inbox","folder-sent":"Sent","folder-drafts":"Drafts","folder-trash":"Trash","folder-queue":"Unsent","folder-junk":"Junk","folder-archives":"Archives","folder-localdrafts":"Local Drafts","folder-outbox":"Outbox","drawer-back":"뒤로","drawer-accounts-header":"계정","drawer-settings-link":"설정","folder-last-synced-label":"최종 동기화:","message-list-top-action":"Top","toaster-undo":"실행 취소","toaster-retry":"다시 시도","toaster-message-star":{"_index":["plural","n"],"_":{"one":"메시지 한 개를 표시함","two":"메시지 {{ n }}개를 표시함","few":"메시지 {{ n }}개를 표시함","many":"메시지 {{ n }}개를 표시함","other":"메시지 {{ n }}개를 표시함"}},"toaster-message-unstar":{"_index":["plural","n"],"_":{"one":"메시지 한 개의 표시를 삭제함","two":"메시지 {{ n }}개의 표시를 삭제함","few":"메시지 {{ n }}개의 표시를 삭제함","many":"메시지 {{ n }}개의 표시를 삭제함","other":"메시지 {{ n }}개의 표시를 삭제함"}},"toaster-message-read":{"_index":["plural","n"],"_":{"one":"메시지 한 개를 읽은 것으로 표시함","two":"메시지 {{ n }}개를 읽은 것으로 표시함","few":"메시지 {{ n }}개를 읽은 것으로 표시함","many":"메시지 {{ n }}개를 읽은 것으로 표시함","other":"메시지 {{ n }}개를 읽은 것으로 표시함"}},"toaster-message-unread":{"_index":["plural","n"],"_":{"one":"메시지 한 개를 읽지 않은 것으로 표시함","two":"메시지 {{ n }}개를 읽지 않은 것으로 표시함","few":"메시지 {{ n }}개를 읽지 않은 것으로 표시함","many":"메시지 {{ n }}개를 읽지 않은 것으로 표시함","other":"메시지 {{ n }}개를 읽지 않은 것으로 표시함"}},"toaster-message-move":{"_index":["plural","n"],"_":{"one":"메시지 한 개 옮김","two":"메시지 {{ n }}개 옮김","few":"메시지 {{ n }}개 옮김","many":"메시지 {{ n }}개 옮김","other":"메시지 {{ n }}개 옮김"}},"toaster-message-delete":{"_index":["plural","n"],"_":{"one":"메시지 한 개 삭제함","two":"메시지 {{ n }}개 삭제함","few":"메시지 {{ n }}개 삭제함","many":"메시지 {{ n }}개 삭제함","other":"메시지 {{ n }}개 삭제함"}},"toaster-retryable-syncfailed":"서버에 연결할 수 없음","compose-invalid-addresses-title":"Invalid Addresses","compose-invalid-addresses-description":"Your message contains one or more invalid email addresses. Please correct them before sending.","background-send-pending":"Network unavailable. Email saved to outbox.","background-send-sending":"Sending mail…","background-send-success":"Email sent.","background-send-error":"Error occurred. Email saved to outbox.","background-send-error-recipients":"Recipient error. Email saved to outbox.","background-send-error-title":"Mail failed to send","send-failure-recipients":"Check the spelling of the addresses above. Your mail server indicated one or more of the addresses above are incorrect.","send-failure-unknown":"The message could not be sent.","form-clear-input":"글 지우기","confirm-dialog-title":"확인","senders-separation-sign":", ","new-emails":{"_index":["plural","n"],"_":{"one":"새 메일 1개","two":"새 메일 {{ n }}개 ","few":"새 메일 {{ n }}개","many":"새 메일 {{ n }}개","other":"새 메일 {{ n }}개"}},"new-emails-notify-one-account":{"_index":["plural","n"],"_":{"one":"새 메일 한개 ","two":"새 메일 {{ n }}개","few":"새 메일 {{ n }}개","many":"새 메일 {{ n }}개","other":"새 메일 {{ n }}개"}},"new-emails-notify-multiple-accounts":{"_index":["plural","n"],"_":{"one":"새 메일 한 개({{ accountName }})","two":"새 메일 {{ n }}개 ({{ accountName }})","few":"새 메일 {{ n }}개 ({{ accountName }})","many":"새 메일 {{ n }}개 ({{ accountName }})","other":"새 메일 {{ n }}개 ({{ accountName }})"}},"new-emails-notify-multiple-accounts-body":"{{ from }} “{{ subject }}”","weekday-0-long":"일요일","weekday-1-long":"월요일","weekday-2-long":"화요일","weekday-3-long":"수요일","weekday-4-long":"목요일","weekday-5-long":"금요일","weekday-6-long":"토요일","weekday-0-short":"일","weekday-1-short":"월","weekday-2-short":"화","weekday-3-short":"수","weekday-4-short":"목","weekday-5-short":"금","weekday-6-short":"토","month-0-long":"1월","month-1-long":"2월","month-2-long":"3월","month-3-long":"4월","month-4-long":"5월","month-5-long":"6월","month-6-long":"7월","month-7-long":"8월","month-8-long":"9월","month-9-long":"10월","month-10-long":"11월","month-11-long":"12월","month-0-genitive":"1월","month-1-genitive":"2월","month-2-genitive":"3월","month-3-genitive":"4월","month-4-genitive":"5월","month-5-genitive":"6월","month-6-genitive":"7월","month-7-genitive":"8월","month-8-genitive":"9월","month-9-genitive":"10월","month-10-genitive":"11월","month-11-genitive":"12월","month-0-short":"1월","month-1-short":"2월","month-2-short":"3월","month-3-short":"4월","month-4-short":"5월","month-5-short":"6월","month-6-short":"7월","month-7-short":"8월","month-8-short":"9월","month-9-short":"10월","month-10-short":"11월","month-11-short":"12월","minutes-ago-long":{"_index":["plural","value"],"_":{"zero":"지금","one":"1분 전","two":"{{value}}분 전","few":"{{value}}분 전","many":"{{value}}분 전","other":"{{value}}분 전"}},"hours-ago-long":{"_index":["plural","value"],"_":{"zero":"지금","one":"1시간 전","two":"{{value}}시간 전","few":"{{value}}시간 전","many":"{{value}}시간 전","other":"{{value}}시간 전"}},"days-ago-long":{"_index":["plural","value"],"_":{"zero":"오늘","one":"어제","two":"{{value}}일 전","few":"{{value}}일 전","many":"{{value}}일 전","other":"{{value}}일 전"}},"weeks-ago-long":{"_index":["plural","value"],"_":{"zero":"이번 주","one":"지난 주","two":"{{value}}주 전","few":"{{value}}주 전","many":"{{value}}주 전","other":"{{value}}주 전"}},"months-ago-long":{"_index":["plural","value"],"_":{"zero":"이번 달","one":"지난 달","two":"{{value}}개월 전","few":"{{value}}개월 전","many":"{{value}}개월 전","other":"{{value}}개월 전"}},"years-ago-long":{"_index":["plural","value"],"_":{"zero":"올해","one":"작년","two":"{{value}}년 전","few":"{{value}}년 전","many":"{{value}}년 전","other":"{{value}}년 전"}},"minutes-until-long":{"_index":["plural","value"],"_":{"zero":"지금","one":"1분 후","two":"{{value}}분 후","few":"{{value}}분 후","many":"{{value}}분 후","other":"{{value}}분 후"}},"hours-until-long":{"_index":["plural","value"],"_":{"zero":"지금","one":"한 시간 후","two":"{{value}}시간 후","few":"{{value}}시간 후","many":"{{value}}시간 후","other":"{{value}}시간 후"}},"days-until-long":{"_index":["plural","value"],"_":{"zero":"오늘","one":"내일","two":"{{value}}일 후","few":"{{value}}일 후","many":"{{value}}일 후","other":"{{value}}일 후"}},"weeks-until-long":{"_index":["plural","value"],"_":{"zero":"이번 주","one":"다음 주","two":"{{value}}주 후","few":"{{value}}주 후","many":"{{value}}주 후","other":"{{value}}주 후"}},"months-until-long":{"_index":["plural","value"],"_":{"zero":"이번 달","one":"다음 달","two":"{{value}}개월 후","few":"{{value}}개월 후","many":"{{value}}개월 후","other":"{{value}}개월 후"}},"years-until-long":{"_index":["plural","value"],"_":{"zero":"올해","one":"내년","two":"{{value}}년 후","few":"{{value}}년 후","many":"{{value}}년 후","other":"{{value}}년 후"}},"minutes-ago-short":{"_index":["plural","value"],"_":{"zero":"지금","other":"{{value}}분 전"}},"hours-ago-short":{"_index":["plural","value"],"_":{"zero":"지금","other":"{{value}}시간 전"}},"days-ago-short":{"_index":["plural","value"],"_":{"zero":"오늘","other":"{{value}}일 전"}},"minutes-until-short":{"_index":["plural","value"],"_":{"zero":"지금","other":"{{value}}분 후"}},"hours-until-short":{"_index":["plural","value"],"_":{"zero":"지금","other":"{{value}}시간 후"}},"days-until-short":{"_index":["plural","value"],"_":{"zero":"오늘","other":"{{value}}일 후"}},"incorrectDate":"(잘못된 날짜)","dateTimeFormat_%c":"%Y년 %B %e일 %a %I:%M:%S %p","dateTimeFormat_%x":"%Y/%m/%d","dateTimeFormat_%X":"%I:%M:%S %p","shortTimeFormat":"%I:%M %p","shortDateTimeFormat":"%x %I:%M %p","weekStartsOnMonday":"0","time_am":"오전","time_pm":"오후"}