{"setup-app-name-header":"Пошта","setup-empty-account-prompt":"Не сте наместени за праќање и примање на пошта. Дали сега сакате да го сторите тоа?","setup-pick-service":"За да праќате и примате пошта, треба да поставите сметка.","setup-account-header3":"Нова сметка","setup-info-name":{"placeholder":"Вашето име"},"setup-info-email":{"placeholder":"someone@example.com"},"setup-info-password":{"placeholder":"Лозинка"},"setup-info-next":"Следно","setup-progress-wait-msg":"Поставување на сметка","setup-completed-header":"Поставување на сметка","setup-completed-label":"Готово!","setup-add-another-account":"Додај друга сметка","setup-show-mail":"Продолжи кон поштата","setup-error-offline":"Овој уред моментално нема пристап на интернет. Поврзете се на мрежа и обидете се повторно.","setup-error-bad-user-or-pass2":"Погрешно корисничко име или лозинка. Проверете за грешки.","setup-error-bad-address":"Непостои оваа адреса за е-пошта. Проверете за печатни грешки.","setup-error-not-authorized":"Серверот вели дека немате дозвола да создадете сметка","setup-error-pop-server-not-great":"Неподржан сервер. POP3 серверот не ги има имплементирано потребните можности.","setup-error-unknown2":"Настана непозната грешка. Проверете ја мрежната врска или обидете се со рачна конфигурација.","setup-error-needs-app-pass":"За сметките на Gmail со двојна проверка мора да користите посебна лозинка за оваа апликација","setup-error-imap-disabled":"За активната сметка на Gmail мора да овозможите IMAP","setup-error-pop3-disabled":"POP3 мора да биде овозможено на вашата Gmail сметка","setup-error-bad-security":"Со \"{{server}}\" не може да се воспостави безбедна врска. Можеби има проблем со серверот или со мрежата.","setup-error-unresponsive-server":"Со \"{{server}}\" не може да се воспостави врска. Можеби има проблем со мрежата.","setup-error-server-problem":"Има проблем со серверот \"{{server}}\". Подоцна обидете се повторно.","setup-error-no-config-info":"Вашата сметка не може автоматски да се конфигурира. Поправета ја Вашата адреса за е-пошта и обидете се повторно.","setup-error-server-maintenance":"Серверот \"{{server}}\" е недостапен заради одржување. Подоцна обидете се повторно.","setup-error-account-already-exists":"Оваа сметка веќе е конфигурирана.","setup-manual-config2":"Рачно поставување","setup-manual-config-header":"Рачно поставување","setup-manual-account-type":"Тип на сметка","setup-manual-imap-header":"Поставки за IMAP","setup-manual-pop3-header":"POP3 поставки","setup-manual-smtp-header":"Поставки за SMTP","setup-manual-activesync-header":"Поставки за ActiveSync","setup-manual-next":"Следно","setup-manual-socket":"Тип на сокет","setup-manual-socket-ssl":"SSL","setup-manual-socket-starttls":"STARTTLS","setup-manual-hostname":{"placeholder":"Име на домаќин"},"setup-manual-port":{"placeholder":"Број на порта"},"setup-manual-username":{"placeholder":"Корисничко име"},"setup-manual-activesync-username":{"placeholder":"Domain\\Username"},"setup-bad-password-header":"Погрешна лозинка!","setup-bad-password":"Не можеме да се пријавиме на серверот. Можеби внесовте погрешна лозинка?","setup-new-password":{"placeholder":"Нова лозинка"},"setup-fix-password":"Обиди се со новата лозинка","setup-gmail-twofactor-header":"Овозможена е двојна проверка","setup-gmail-twofactor-message":"Треба да внесете посебна лозинка за оваа апликација.","setup-gmail-twofactor-fix":"Користи лозинка за апликација","setup-gmail-imap-header":"IMAP е оневмозжен","setup-gmail-imap-message":"Мора да овозможите IMAP на Вашата Gmail сметка ","setup-gmail-imap-retry":"Обиди се повторно","setup-gmail-pop3-header":"Исклучен POP3","setup-gmail-pop3-message":"Мора да овозоможите POP3 на вашата Gmail сметка","setup-gmail-pop3-retry":"Повторно","settings-main-header":"Поставки за пошта","settings-sub-header-account":"Сметка","settings-account-name":"Вашето име","settings-account-display-notifications":"Прикажи известувања за нови пораки","settings-account-play-sound-onsend":"Play sound after message is sent","settings-account-signature-label":"Signature","signature-save":"Save Signature","signature-discard-confirm":"Discard","settings-sub-header-data":"Податоци","settings-account-check-mail":"Провери за нови пораки","settings-sub-header-server":"Серверски поставки","settings-account-userpass":"Корисничко име и лозинка","settings-default-signature":"Sent Using FirefoxOS","settings-done":"Заврши","settings-account-section":"Сметки","settings-account-add":"Додај сметка","settings-account-delete":"Избриши сметка","settings-account-delete-prompt":"Сигурно сакате да ја избришете Вашата сметка за пошта на {{account}}? Ако истата ја креирате повторно, ќе треба одново да ја симнувате целата пошта.","settings-account-delete-cancel":"Откажи","settings-account-delete-confirm":"Избриши","settings-account-clarify-imap":"{{account-name}} (IMAP)","settings-account-clarify-pop3":"{{account-name}} (POP3)","settings-account-clarify-smtp":"{{account-name}} (SMTP)","settings-general-section":"Општи поставки","settings-show-images":"Секогаш прикажувај слики","settings-download-attachments":"Преземи прилози","settings-check-every-5min":"Секои 5 минути","settings-check-every-10min":"Секои 10 минути","settings-check-every-15min":"Секои 15 минути","settings-check-every-30min":"Секои 30 минути","settings-check-every-60min":"Секој час","settings-check-every-manual":"На барање","settings-check-dynamic":{"_index":["plural","n"],"_":{"few":"{{ n }} секунди","many":"{{ n }} секунди","one":"{{ n }} секунди","other":"{{ n }} секунди","two":"{{ n }} секунди","zero":"секунди"}},"settings-default-account":"Основна сметка","settings-account-type":"Тип на сметка","settings-account-credentials":"Генералии","settings-activesync-label":"Поставки за ActiveSync","settings-imap-label":"Поставки за IMAP","settings-pop3-label":"POP3 поставки","settings-smtp-label":"Поставки за SMTP","settings-hostname":"Име на домаќин","settings-port":"Порта","settings-username":"Корисичко име","settings-password":"Лозинка","settings-save":"Сними","settings-password-empty":"Полето за лозинка не треба да бире празно","settings-account-synchronize-window":"Ажурирани денови","settings-synchronize-auto":"Автоматски","settings-synchronize-one-day":"1 ден","settings-synchronize-three-days":"3 дена","settings-synchronize-one-week":"1 недела","settings-synchronize-two-weeks":"2 недели","settings-synchronize-one-month":"1 месец","settings-synchronize-all":"Сите пораки","envelope-from":"Од","envelope-to":"До","envelope-cc":"Копија","envelope-bcc":"Слепа копија","compose-header":"Состави порака","compose-header-short":"Состави","compose-send":"Испрати","compose-to":"До","compose-cc":"Копија","compose-bcc":"Слепа копија","compose-attachments":{"_index":["plural","n"],"_":{"zero":"Прилози","one":"{{ n }} Прилог","two":"{{ n }} Прилози","few":"{{ n }} Прилози","many":"{{ n }} Прилози","other":"{{ n }} Прилози"}},"compose-attachment-still-working":"One moment, still working on the previous attachment...","compose-subject":"Предмет","compose-draft-save":"Сними го локалните скици","compose-discard-message":"Заборави ја поштата?","compose-discard-confirm":"Заборави","compose-send-message-failed":"Испраќањето не успеа","composer-attachment-large":"Прилогот е премногу голем","composer-attachments-large":"Прилозите се премногу големи","compose-attchment-size-exceeded":"Избраниот прилог е премногу голем за да се испрати со оваа порака.","compose-attchments-size-exceeded":"Избраните прилози се премногу големи за да се испрати со оваа порака. Изберете помалку датотеки.","dialog-button-ok":"Во ред","default-attachment-filename":"приврзок{{ n }}","attachment-size-kib":"{{kilobytes}}K","message-attachment-view":{"textContent":"Прикажи"},"message-attachment-too-large":"This file is too large to download.","message-no-subject":"(no subject)","message-edit-menu-edit":"Edit","message-edit-menu-delete":"Избриши","message-edit-delete-confirm":"Избриши ја пораката?","message-send-attachment-disabled-confirm":"Прилозите не може да се препраќаат.","message-multiedit-header":{"_index":["plural","n"],"_":{"zero":"Уреди","one":"{{ n }} избран","two":"{{ n }} избрани","few":"{{ n }} избрани","many":"{{ n }} избрани","other":"{{ n }} избрани"}},"browse-to-url-prompt":"Сурфај на URL?: {{ url }}","message-download-images":{"_index":["plural","n"],"_":{"one":"Оваа порака содржи една слика. Кликнете за да ја преземете.","two":"Оваа порака содржи {{ n }} слики. Кликнете за да ги преземете.","few":"Оваа порака содржи {{ n }} слики. Кликнете за да ги преземете.","many":"Оваа порака содржи {{ n }} слики. Кликнете за да ги преземете.","other":"Оваа порака содржи {{ n }} слики. Кликнете за да ги преземете."}},"message-show-external-images":"Прикажи надворешни слики","message-multiedit-cancel":"Откажи","message-multiedit-delete-confirm":{"_index":["plural","n"],"_":{"one":"Избриши ја оваа порака?","two":"Избриши {{ n }} пораки?","few":"Избриши {{ n }} пораки?","many":"Избриши {{ n }} пораки?","other":"Избриши {{ n }} пораки?"}},"message-large-message-cancel":"Откажи","message-large-message-ok":"Продолжи","message-large-message-confirm":"Ова порака е голема и може да треба повеќе време за преземање","message-search-from":"Од","message-search-to":"До","message-search-subject":"Предмет","message-search-body":"Тело","message-search-all":"Сѐ","message-search-input":{"placeholder":"Барај пошта"},"message-search-cancel":"Cancel","messages-syncing":"Вчитување на пораки","messages-sync-more":"Вчитување на пораки од серверот","messages-folder-empty":"Во оваа папка нема пошта","messages-search-empty":"Ништо пронајдено во пораките складирани локално","messages-folder-select":"Избери папка","message-contact-menu-create":"Сними нов контакт","message-contact-menu-add-existing":"Додај во постоечки контакт","message-contact-menu-view":"Прикажи контакт","message-contact-menu-reply":"Одовори","message-contact-menu-new":"Испрати нова пошта","message-reply-menu-reply":"Одговори","message-reply-menu-reply-all":"Одговори на сите","message-reply-menu-forward":"Препрати","message-reply-menu-cancel":"Откажи","reply-quoting-wrote":"{name} напиша","forward-original-message":"Оригинална порака","forward-header-subject":"Subject","forward-header-date":"Date","forward-header-from":"From","forward-header-reply-to":"Reply-To","forward-header-to":"To","forward-header-cc":"Cc","folder-inbox":"Сандаче","folder-sent":"Испратени","folder-drafts":"Скици","folder-trash":"Ѓубре","folder-queue":"Непратени","folder-junk":"Отпад","folder-archives":"Архиви","folder-localdrafts":"Локални скици","folder-outbox":"Outbox","drawer-back":"Back","drawer-accounts-header":"Accounts","drawer-settings-link":"Settings","folder-last-synced-label":"Last sync:","message-list-top-action":"Top","toaster-undo":"Врати","toaster-retry":"Повтори","toaster-message-star":{"_index":["plural","n"],"_":{"one":"1 порака означена","two":"{{ n }} пораки означени","few":"{{ n }} пораки означени","many":"{{ n }} пораки означени","other":"{{ n }} пораки означени"}},"toaster-message-unstar":{"_index":["plural","n"],"_":{"one":"1 порака без ознака","two":"{{ n }} пораки без ознака","few":"{{ n }} пораки без ознака","many":"{{ n }} пораки без ознака","other":"{{ n }} пораки без ознака"}},"toaster-message-read":{"_index":["plural","n"],"_":{"one":"1 порака означена како прочитана","two":"{{ n }} пораки означени како прочитани","few":"{{ n }} пораки означени како прочитани","many":"{{ n }} пораки означени како прочитани","other":"{{ n }} пораки означени како прочитани"}},"toaster-message-unread":{"_index":["plural","n"],"_":{"one":"1 порака означена како непрочитана","two":"{{ n }} пораки означени како непрочитани","few":"{{ n }} пораки означени како непрочитани","many":"{{ n }} пораки означени како непрочитани","other":"{{ n }} пораки означени како непрочитани"}},"toaster-message-move":{"_index":["plural","n"],"_":{"one":"1 преместена порака","two":"{{ n }} преместени пораки","few":"{{ n }} преместени пораки","many":"{{ n }} преместени пораки","other":"{{ n }} преместени пораки"}},"toaster-message-delete":{"_index":["plural","n"],"_":{"one":"1 избришана порака","two":"{{ n }} избришани пораки","few":"{{ n }} избришани пораки","many":"{{ n }} избришани пораки","other":"{{ n }} избришани пораки"}},"toaster-retryable-syncfailed":"Не можам да се поврзам со серверот","compose-invalid-addresses-title":"Invalid Addresses","compose-invalid-addresses-description":"Your message contains one or more invalid email addresses. Please correct them before sending.","background-send-pending":"Network unavailable. Email saved to outbox.","background-send-sending":"Sending mail…","background-send-success":"Email sent.","background-send-error":"Error occurred. Email saved to outbox.","background-send-error-recipients":"Recipient error. Email saved to outbox.","background-send-error-title":"Mail failed to send","send-failure-recipients":"Check the spelling of the addresses above. Your mail server indicated one or more of the addresses above are incorrect.","send-failure-unknown":"The message could not be sent.","form-clear-input":"Отстрани текст","confirm-dialog-title":"Потврда","senders-separation-sign":", ","new-emails":{"_index":["plural","n"],"_":{"one":"1 нова порака","two":"{{ n }} нови пораки","few":"{{ n }} нови пораки","many":"{{ n }} нови пораки","other":"{{ n }} нови пораки"}},"new-emails-notify-one-account":{"_index":["plural","n"],"_":{"few":"{{ n }} нови пораки","many":"{{ n }} нови пораки","one":"1 нова порака","other":"{{ n }} нови пораки","two":"{{ n }} нови пораки"}},"new-emails-notify-multiple-accounts":{"_index":["plural","n"],"_":{"few":"{{ n }} нови пораки ({{ accountName }})","many":"{{ n }} нови пораки ({{ accountName }})","one":"1 нова порака ({{ accountName }})","other":"{{ n }} нови пораки ({{ accountName }})","two":"{{ n }} нови пораки ({{ accountName }})"}},"new-emails-notify-multiple-accounts-body":"{{ from }} “{{ subject }}”","weekday-0-long":"Недела","weekday-1-long":"Понеделник","weekday-2-long":"Вторник","weekday-3-long":"Среда","weekday-4-long":"Четврток","weekday-5-long":"Петок","weekday-6-long":"Сабота","weekday-0-short":"Нед","weekday-1-short":"Пон","weekday-2-short":"Вто","weekday-3-short":"Сре","weekday-4-short":"Чет","weekday-5-short":"Пет","weekday-6-short":"Саб","month-0-long":"јануари","month-1-long":"февруари","month-2-long":"март","month-3-long":"април","month-4-long":"мај","month-5-long":"јуни","month-6-long":"јули","month-7-long":"август","month-8-long":"септември","month-9-long":"октомври","month-10-long":"ноември","month-11-long":"декември","month-0-genitive":"јануари","month-1-genitive":"февруари","month-2-genitive":"март","month-3-genitive":"април","month-4-genitive":"мај","month-5-genitive":"јуни","month-6-genitive":"јули","month-7-genitive":"август","month-8-genitive":"септември","month-9-genitive":"октомври","month-10-genitive":"ноември","month-11-genitive":"декември","month-0-short":"јан","month-1-short":"фев","month-2-short":"мар","month-3-short":"апр","month-4-short":"мај","month-5-short":"јун","month-6-short":"јул","month-7-short":"авг","month-8-short":"сеп","month-9-short":"окт","month-10-short":"ное","month-11-short":"дек","minutes-ago-long":{"_index":["plural","value"],"_":{"zero":"сега","one":"пред една минута","two":"пред {{value}} минути","few":"пред {{value}} минути","many":"пред {{value}} минути","other":"пред {{value}} минути"}},"hours-ago-long":{"_index":["plural","value"],"_":{"zero":"сега","one":"пред еден час","two":"пред {{value}} часа","few":"пред {{value}} часа","many":"пред {{value}} часови","other":"пред {{value}} часови"}},"days-ago-long":{"_index":["plural","value"],"_":{"zero":"денес","one":"вчера","two":"пред {{value}} дена","few":"пред {{value}} дена","many":"пред {{value}} денови","other":"пред {{value}} денови"}},"weeks-ago-long":{"_index":["plural","value"],"_":{"zero":"оваа недела","one":"минатата недела","two":"пред {{value}} недели","few":"пред {{value}} недели","many":"пред {{value}} недели","other":"пред {{value}} недели"}},"months-ago-long":{"_index":["plural","value"],"_":{"zero":"овој месец","one":"минатиот месец","two":"пред {{value}} месеци","few":"пред {{value}} месеци","many":"пред {{value}} месеци","other":"пред {{value}} месеци"}},"years-ago-long":{"_index":["plural","value"],"_":{"zero":"оваа година","one":"минатата година","two":"пред {{value}} години","few":"пред {{value}} години","many":"пред {{value}} години","other":"пред {{value}} години"}},"minutes-until-long":{"_index":["plural","value"],"_":{"zero":"сега","one":"за една минута","two":"за {{value}} минути","few":"за {{value}} минути","many":"за {{value}} минути","other":"за {{value}} минути"}},"hours-until-long":{"_index":["plural","value"],"_":{"zero":"сега","one":"за еден час","two":"за {{value}} часа","few":"за {{value}} часа","many":"за {{value}} часови","other":"за {{value}} часови"}},"days-until-long":{"_index":["plural","value"],"_":{"zero":"денес","one":"утре","two":"за {{value}} дена","few":"за {{value}} дена","many":"за {{value}} денови","other":"за {{value}} денови"}},"weeks-until-long":{"_index":["plural","value"],"_":{"zero":"оваа седмица","one":"следната седмица","two":"за {{value}} седмици","few":"за {{value}} седмици","many":"за {{value}} седмици","other":"за {{value}} седмици"}},"months-until-long":{"_index":["plural","value"],"_":{"zero":"овој месец","one":"следниот месец","two":"за {{value}} месеци","few":"за {{value}} месеци","many":"за {{value}} месеци","other":"за {{value}} месеци"}},"years-until-long":{"_index":["plural","value"],"_":{"zero":"оваа година","one":"следната година","two":"за {{value}} години","few":"за {{value}} години","many":"за {{value}} години","other":"за {{value}} години"}},"minutes-ago-short":{"_index":["plural","value"],"_":{"zero":"сега","other":"пред {{value}}m"}},"hours-ago-short":{"_index":["plural","value"],"_":{"zero":"сега","other":"пред {{value}}h"}},"days-ago-short":{"_index":["plural","value"],"_":{"zero":"денес","other":"пред {{value}}d"}},"minutes-until-short":{"_index":["plural","value"],"_":{"zero":"сега","other":"за {{value}}m"}},"hours-until-short":{"_index":["plural","value"],"_":{"zero":"сега","other":"за {{value}}h"}},"days-until-short":{"_index":["plural","value"],"_":{"zero":"денес","other":"за {{value}}d"}},"incorrectDate":"(неточен датум)","dateTimeFormat_%c":"%a %b %e %Y %H:%M:%S","dateTimeFormat_%x":"%d/%m/%Y","dateTimeFormat_%X":"%H:%M:%S","shortTimeFormat":"%H:%M","shortDateTimeFormat":"%x %H:%M","weekStartsOnMonday":"1","time_am":"AM","time_pm":"PM"}