{"setup-app-name-header":"E-mail","setup-empty-account-prompt":"U hebt nog niets ingesteld voor het verzenden of ontvangen van e-mail. Wilt u dat nu doen?","setup-pick-service":"Om e-mail te verzenden en te ontvangen dient u een account in te stellen.","setup-account-header3":"Nieuwe account","setup-info-name":{"placeholder":"Uw naam"},"setup-info-email":{"placeholder":"iemand@voorbeeld.com"},"setup-info-password":{"placeholder":"Wachtwoord"},"setup-info-next":"Volgende","setup-progress-wait-msg":"Account wordt ingesteld","setup-completed-header":"E-mailaccount instellen","setup-completed-label":"Alles gereed!","setup-add-another-account":"Nog een account toevoegen","setup-show-mail":"Doorgaan naar E-mail","setup-error-offline":"Dit apparaat is momenteel offline. Maak verbinding met een netwerk en probeer het nogmaals.","setup-error-bad-user-or-pass2":"Ongeldige gebruikersnaam of wachtwoord. Controleer op typefouten.","setup-error-bad-address":"Ongeldig e-mailadres. Controleer op typefouten.","setup-error-not-authorized":"De server meldde dat u niet gemachtigd bent om een account aan te maken","setup-error-pop-server-not-great":"Server niet ondersteund. De POP3-server implementeert vereiste functies niet.","setup-error-unknown2":"Er is een onbekende fout opgetreden. Controleer uw netwerkverbinding of probeer de optie voor handmatige configuratie.","setup-error-needs-app-pass":"U moet een applicatiespecifiek wachtwoord gebruiken voor twee-factor-Gmail-accounts","setup-error-imap-disabled":"U moet IMAP inschakelen voor uw Gmail-account","setup-error-pop3-disabled":"U moet POP3 inschakelen voor uw Gmail-account","setup-error-bad-security":"Kan geen beveiligde verbinding met “{{server}}” opzetten. Er is mogelijk een probleem met uw netwerk of de server.","setup-error-unresponsive-server":"Kan geen verbinding met “{{server}}” opzetten. Er is mogelijk een probleem met het netwerk.","setup-error-server-problem":"Er is een probleem met de server “{{server}}”. Probeer het later nog eens.","setup-error-no-config-info":"Kan uw account niet automatisch configureren. Corrigeer uw e-mailadres of probeer de optie voor handmatige configuratie.","setup-error-server-maintenance":"De server “{{server}}” is offline voor onderhoud. Probeer het later nog eens.","setup-error-account-already-exists":"Deze account is al geconfigureerd.","setup-manual-config2":"Handmatig instellen","setup-manual-config-header":"Instellen","setup-manual-account-type":"Accounttype","setup-manual-imap-header":"IMAP-instellingen","setup-manual-pop3-header":"POP3-instellingen","setup-manual-smtp-header":"SMTP-instellingen","setup-manual-activesync-header":"ActiveSync-instellingen","setup-manual-next":"Volgende","setup-manual-socket":"Sockettype","setup-manual-socket-ssl":"SSL","setup-manual-socket-starttls":"STARTTLS","setup-manual-hostname":{"placeholder":"Hostnaam"},"setup-manual-port":{"placeholder":"Poortnummer"},"setup-manual-username":{"placeholder":"Gebruikersnaam"},"setup-manual-activesync-username":{"placeholder":"Domein\\Gebruikersnaam"},"setup-bad-password-header":"Onjuist wachtwoord!","setup-bad-password":"Aanmelden bij de server is niet gelukt. Misschien is uw wachtwoord onjuist?","setup-new-password":{"placeholder":"Nieuw wachtwoord"},"setup-fix-password":"Opnieuw proberen met nieuw wachtwoord","setup-gmail-twofactor-header":"Twee-factor ingeschakeld","setup-gmail-twofactor-message":"U dient hieronder een applicatiespecifiek wachtwoord in te voeren.","setup-gmail-twofactor-fix":"Applicatiewachtwoord gebruiken","setup-gmail-imap-header":"IMAP uitgeschakeld","setup-gmail-imap-message":"U moet IMAP inschakelen bij uw Gmail-account ","setup-gmail-imap-retry":"Opnieuw proberen","setup-gmail-pop3-header":"POP3 uitgeschakeld","setup-gmail-pop3-message":"U moet POP3 inschakelen bij uw Gmail-account","setup-gmail-pop3-retry":"Opnieuw proberen","settings-main-header":"E-mailinstellingen","settings-sub-header-account":"Account","settings-account-name":"Uw naam","settings-account-display-notifications":"Meldingen voor nieuwe berichten weergeven","settings-account-play-sound-onsend":"Geluid afspelen nadat bericht is verzonden","settings-account-signature-label":"Signature","signature-save":"Save Signature","signature-discard-confirm":"Discard","settings-sub-header-data":"Gegevens","settings-account-check-mail":"Controleren op nieuwe berichten","settings-sub-header-server":"Serverinstellingen","settings-account-userpass":"Gebruikersnaam en wachtwoord","settings-default-signature":"Sent Using FirefoxOS","settings-done":"Gereed","settings-account-section":"Accounts","settings-account-add":"Account toevoegen","settings-account-delete":"Account verwijderen","settings-account-delete-prompt":"Weet u zeker dat u uw {{account}}-mailaccount wilt verwijderen? U zult uw mail opnieuw moeten downloaden als u de account opnieuw aanmaakt.","settings-account-delete-cancel":"Annuleren","settings-account-delete-confirm":"Verwijderen","settings-account-clarify-imap":"{{account-name}} (IMAP)","settings-account-clarify-pop3":"{{account-name}} (POP3)","settings-account-clarify-smtp":"{{account-name}} (SMTP)","settings-general-section":"Algemene instellingen","settings-show-images":"Afbeeldingen altijd tonen","settings-download-attachments":"Bijlagen downloaden","settings-check-every-5min":"Elke 5 minuten","settings-check-every-10min":"Elke 10 minuten","settings-check-every-15min":"Elke 15 minuten","settings-check-every-30min":"Elke 30 minuten","settings-check-every-60min":"Elk uur","settings-check-every-manual":"Handmatig","settings-check-dynamic":{"_index":["plural","n"],"_":{"zero":"seconden","one":"{{ n }} seconde","two":"{{ n }} seconden","few":"{{ n }} seconden","many":"{{ n }} seconden","other":"{{ n }} seconden"}},"settings-default-account":"Instellen als standaard","settings-account-type":"Accounttype","settings-account-credentials":"Verificatiegegevens","settings-activesync-label":"ActiveSync-instellingen","settings-imap-label":"IMAP-instellingen","settings-pop3-label":"POP3-instellingen","settings-smtp-label":"SMTP-instellingen","settings-hostname":"Hostnaam","settings-port":"Poort","settings-username":"Gebruikersnaam","settings-password":"Wachtwoord","settings-save":"Opslaan","settings-password-empty":"Wachtwoordveld mag niet leeg zijn","settings-account-synchronize-window":"Te synchroniseren dagen","settings-synchronize-auto":"Automatisch","settings-synchronize-one-day":"1 dag","settings-synchronize-three-days":"3 dagen","settings-synchronize-one-week":"1 week","settings-synchronize-two-weeks":"2 weken","settings-synchronize-one-month":"1 maand","settings-synchronize-all":"Alle berichten","envelope-from":"Van","envelope-to":"Aan","envelope-cc":"Cc","envelope-bcc":"Bcc","compose-header":"Bericht opstellen","compose-header-short":"Opstellen","compose-send":"Verzenden","compose-to":"Aan","compose-cc":"cc","compose-bcc":"bcc","compose-attachments":{"_index":["plural","n"],"_":{"zero":"Bijlagen","one":"{{ n }} bijlage","two":"{{ n }} bijlagen","few":"{{ n }} bijlagen","many":"{{ n }} bijlagen","other":"{{ n }} bijlagen"}},"compose-attachment-still-working":"Een moment, nog bezig met de vorige bijlage…","compose-subject":"Onderwerp","compose-draft-save":"Opslaan in Lokale concepten","compose-discard-message":"E-mail verwijderen?","compose-discard-confirm":"Verwijderen","compose-send-message-failed":"Verzenden van e-mail is mislukt","composer-attachment-large":"Bijlage te groot","composer-attachments-large":"Bijlagen te groot","compose-attchment-size-exceeded":"De geselecteerde bijlage is te groot om met dit bericht te verzenden.","compose-attchments-size-exceeded":"De geselecteerde bijlagen zijn te groot om met dit bericht te verzenden. Probeer minder bestanden te selecteren.","dialog-button-ok":"OK","default-attachment-filename":"bijlage{{ n }}","attachment-size-kib":"{{kilobytes}}K","message-attachment-view":"Bekijken","message-attachment-too-large":"Dit bestand is te groot om te downloaden.","message-no-subject":"(geen onderwerp)","message-edit-menu-edit":"Bewerken","message-edit-menu-delete":"Verwijderen","message-edit-delete-confirm":"E-mailbericht verwijderen?","message-send-attachment-disabled-confirm":"Bijlagen kunnen niet worden doorgestuurd.","message-multiedit-header":{"_index":["plural","n"],"_":{"zero":"Bewerken","one":"{{ n }} geselecteerd","two":"{{ n }} geselecteerd","few":"{{ n }} geselecteerd","many":"{{ n }} geselecteerd","other":"{{ n }} geselecteerd"}},"browse-to-url-prompt":"Bladeren naar URL?: {{ url }}","message-download-images":{"_index":["plural","n"],"_":{"one":"Deze e-mail bevat één afbeelding. Klik om deze te downloaden.","two":"Deze e-mail bevat {{ n }} afbeeldingen. Klik om deze te downloaden.","few":"Deze e-mail bevat {{ n }} afbeeldingen. Klik om deze te downloaden.","many":"Deze e-mail bevat {{ n }} afbeeldingen. Klik om deze te downloaden.","other":"Deze e-mail bevat {{ n }} afbeeldingen. Klik om deze te downloaden."}},"message-show-external-images":"Externe afbeeldingen tonen","message-multiedit-cancel":"Annuleren","message-multiedit-delete-confirm":{"_index":["plural","n"],"_":{"one":"Dit e-mailbericht verwijderen?","two":"{{ n }} e-mailberichten verwijderen?","few":"{{ n }} e-mailberichten verwijderen?","many":"{{ n }} e-mailberichten verwijderen?","other":"{{ n }} e-mailberichten verwijderen?"}},"message-large-message-cancel":"Annuleren","message-large-message-ok":"Doorgaan","message-large-message-confirm":"Dit bericht is groot en het downloaden ervan kan even duren.","message-search-from":"Van","message-search-to":"Aan","message-search-subject":"Ond.","message-search-body":"Tekst","message-search-all":"Alles","message-search-input":{"placeholder":"E-mail doorzoeken"},"message-search-cancel":"Annuleren","messages-syncing":"Berichten laden","messages-sync-more":"Meer berichten van server laden","messages-folder-empty":"Geen e-mail in deze map","messages-search-empty":"Geen overeenkomsten in lokaal gebufferde berichten","messages-folder-select":"Map selecteren","message-contact-menu-create":"Nieuw contact opslaan","message-contact-menu-add-existing":"Toevoegen aan bestaand contact","message-contact-menu-view":"Contact bekijken","message-contact-menu-reply":"Antwoorden","message-contact-menu-new":"Nieuwe e-mail verzenden","message-reply-menu-reply":"Beantwoorden","message-reply-menu-reply-all":"Allen beantwoorden","message-reply-menu-forward":"Doorsturen","message-reply-menu-cancel":"Annuleren","reply-quoting-wrote":"{name} schreef","forward-original-message":"Originele bericht","forward-header-subject":"Onderwerp","forward-header-date":"Datum","forward-header-from":"Van","forward-header-reply-to":"Antwoord-naar","forward-header-to":"Aan","forward-header-cc":"Cc","folder-inbox":"Postvak IN","folder-sent":"Verzonden","folder-drafts":"Concepten","folder-trash":"Prullenbak","folder-queue":"Niet verzonden","folder-junk":"Ongewenst","folder-archives":"Archieven","folder-localdrafts":"Lokale concepten","folder-outbox":"Postvak UIT","drawer-back":"Terug","drawer-accounts-header":"Accounts","drawer-settings-link":"Instellingen","folder-last-synced-label":"Laatste synchr.:","message-list-top-action":"Bovenkant","toaster-undo":"Ongedaan maken","toaster-retry":"Opnieuw proberen","toaster-message-star":{"_index":["plural","n"],"_":{"one":"1 berichtvlag ingesteld","two":"{{ n }} berichtvlaggen ingesteld","few":"{{ n }} berichtvlaggen ingesteld","many":"{{ n }} berichtvlaggen ingesteld","other":"{{ n }} berichtvlaggen ingesteld"}},"toaster-message-unstar":{"_index":["plural","n"],"_":{"one":"1 berichtvlag verwijderd","two":"{{ n }} berichtvlaggen verwijderd","few":"{{ n }} berichtvlaggen verwijderd","many":"{{ n }} berichtvlaggen verwijderd","other":"{{ n }} berichtvlaggen verwijderd"}},"toaster-message-read":{"_index":["plural","n"],"_":{"one":"1 bericht gemarkeerd als gelezen","two":"{{ n }} berichten gemarkeerd als gelezen","few":"{{ n }} berichten gemarkeerd als gelezen","many":"{{ n }} berichten gemarkeerd als gelezen","other":"{{ n }} berichten gemarkeerd als gelezen"}},"toaster-message-unread":{"_index":["plural","n"],"_":{"one":"1 bericht gemarkeerd als ongelezen","two":"{{ n }} berichten gemarkeerd als ongelezen","few":"{{ n }} berichten gemarkeerd als ongelezen","many":"{{ n }} berichten gemarkeerd als ongelezen","other":"{{ n }} berichten gemarkeerd als ongelezen"}},"toaster-message-move":{"_index":["plural","n"],"_":{"one":"1 bericht verplaatst","two":"{{ n }} berichten verplaatst","few":"{{ n }} berichten verplaatst","many":"{{ n }} berichten verplaatst","other":"{{ n }} berichten verplaatst"}},"toaster-message-delete":{"_index":["plural","n"],"_":{"one":"1 bericht verwijderd","two":"{{ n }} berichten verwijderd","few":"{{ n }} berichten verwijderd","many":"{{ n }} berichten verwijderd","other":"{{ n }} berichten verwijderd"}},"toaster-retryable-syncfailed":"Kan geen verbinding maken met server","compose-invalid-addresses-title":"Ongeldige adressen","compose-invalid-addresses-description":"Uw bericht bevat een of meer ongeldige e-mailadressen. Corrigeer deze voor het verzenden.","background-send-pending":"Netwerk niet beschikbaar. E-mail opgeslagen in Postvak UIT.","background-send-sending":"E-mail verzenden…","background-send-success":"E-mail verzonden.","background-send-error":"Fout opgetreden. E-mail opgeslagen in Postvak UIT.","background-send-error-recipients":"Ontvangerfout. E-mail opgeslagen in Postvak UIT.","background-send-error-title":"Verzenden van e-mail is mislukt","send-failure-recipients":"Controleer de spelling van de bovenstaande adressen. Uw mailserver gaf aan dat een of meer bovenstaande adressen onjuist zijn.","send-failure-unknown":"Het bericht kon niet worden verzonden.","form-clear-input":"Tekst verwijderen","confirm-dialog-title":"Bevestiging","senders-separation-sign":", ","new-emails":{"_index":["plural","n"],"_":{"one":"1 nieuwe e-mail","two":"{{ n }} nieuwe e-mails","few":"{{ n }} nieuwe e-mails","many":"{{ n }} nieuwe e-mails","other":"{{ n }} nieuwe e-mails"}},"new-emails-notify-one-account":{"_index":["plural","n"],"_":{"one":"1 nieuwe e-mail","two":"{{ n }} nieuwe e-mails","few":"{{ n }} nieuwe e-mails","many":"{{ n }} nieuwe e-mails","other":"{{ n }} nieuwe e-mails"}},"new-emails-notify-multiple-accounts":{"_index":["plural","n"],"_":{"one":"1 nieuwe e-mail ({{ accountName }})","two":"{{ n }} nieuwe e-mails ({{ accountName }})","few":"{{ n }} nieuwe e-mails ({{ accountName }})","many":"{{ n }} nieuwe e-mails ({{ accountName }})","other":"{{ n }} nieuwe e-mails ({{ accountName }})"}},"new-emails-notify-multiple-accounts-body":"{{ from }} “{{ subject }}”","weekday-0-long":"zondag","weekday-1-long":"maandag","weekday-2-long":"dinsdag","weekday-3-long":"woensdag","weekday-4-long":"donderdag","weekday-5-long":"vrijdag","weekday-6-long":"zaterdag","weekday-0-short":"zon","weekday-1-short":"maa","weekday-2-short":"din","weekday-3-short":"woe","weekday-4-short":"don","weekday-5-short":"vrij","weekday-6-short":"zat","month-0-long":"januari","month-1-long":"februari","month-2-long":"maart","month-3-long":"april","month-4-long":"mei","month-5-long":"juni","month-6-long":"juli","month-7-long":"augustus","month-8-long":"september","month-9-long":"oktober","month-10-long":"november","month-11-long":"december","month-0-genitive":"januari","month-1-genitive":"februari","month-2-genitive":"maart","month-3-genitive":"april","month-4-genitive":"mei","month-5-genitive":"juni","month-6-genitive":"juli","month-7-genitive":"augustus","month-8-genitive":"september","month-9-genitive":"oktober","month-10-genitive":"november","month-11-genitive":"december","month-0-short":"jan","month-1-short":"feb","month-2-short":"mrt","month-3-short":"apr","month-4-short":"mei","month-5-short":"jun","month-6-short":"jul","month-7-short":"aug","month-8-short":"sep","month-9-short":"okt","month-10-short":"nov","month-11-short":"dec","minutes-ago-long":{"_index":["plural","value"],"_":{"zero":"zojuist","one":"een minuut geleden","two":"{{value}} minuten geleden","few":"{{value}} minuten geleden","many":"{{value}} minuten geleden","other":"{{value}} minuten geleden"}},"hours-ago-long":{"_index":["plural","value"],"_":{"zero":"zojuist","one":"een uur geleden","two":"{{value}} uur geleden","few":"{{value}} uur geleden","many":"{{value}} uur geleden","other":"{{value}} uur geleden"}},"days-ago-long":{"_index":["plural","value"],"_":{"zero":"vandaag","one":"gisteren","two":"{{value}} dagen geleden","few":"{{value}} dagen geleden","many":"{{value}} dagen geleden","other":"{{value}} dagen geleden"}},"weeks-ago-long":{"_index":["plural","value"],"_":{"zero":"deze week","one":"vorige week","two":"{{value}} weken geleden","few":"{{value}} weken geleden","many":"{{value}} weken geleden","other":"{{value}} weken geleden"}},"months-ago-long":{"_index":["plural","value"],"_":{"zero":"deze maand","one":"vorige maand","two":"{{value}} maanden geleden","few":"{{value}} maanden geleden","many":"{{value}} maanden geleden","other":"{{value}} maanden geleden"}},"years-ago-long":{"_index":["plural","value"],"_":{"zero":"dit jaar","one":"vorig jaar","two":"{{value}} jaar geleden","few":"{{value}} jaar geleden","many":"{{value}} jaar geleden","other":"{{value}} jaar geleden"}},"minutes-until-long":{"_index":["plural","value"],"_":{"zero":"nu","one":"zo meteen","two":"over {{value}} minuten","few":"over {{value}} minuten","many":"over {{value}} minuten","other":"over {{value}} minuten"}},"hours-until-long":{"_index":["plural","value"],"_":{"zero":"nu","one":"over een uur","two":"over {{value}} uur","few":"over {{value}} uur","many":"over {{value}} uur","other":"over {{value}} uur"}},"days-until-long":{"_index":["plural","value"],"_":{"zero":"vandaag","one":"morgen","two":"over {{value}} dagen","few":"over {{value}} dagen","many":"over {{value}} dagen","other":"over {{value}} dagen"}},"weeks-until-long":{"_index":["plural","value"],"_":{"zero":"deze week","one":"volgende week","two":"over {{value}} weken","few":"over {{value}} weken","many":"over {{value}} weken","other":"over {{value}} weken"}},"months-until-long":{"_index":["plural","value"],"_":{"zero":"deze maand","one":"volgende maand","two":"over {{value}} maanden","few":"over {{value}} maanden","many":"over {{value}} maanden","other":"over {{value}} maanden"}},"years-until-long":{"_index":["plural","value"],"_":{"zero":"dit jaar","one":"volgend jaar","two":"over {{value}} jaar","few":"over {{value}} jaar","many":"over {{value}} jaar","other":"over {{value}} jaar"}},"minutes-ago-short":{"_index":["plural","value"],"_":{"zero":"zojuist","other":"{{value}}m geleden"}},"hours-ago-short":{"_index":["plural","value"],"_":{"zero":"zojuist","other":"{{value}}h geleden"}},"days-ago-short":{"_index":["plural","value"],"_":{"zero":"vandaag","other":"{{value}}d geleden"}},"minutes-until-short":{"_index":["plural","value"],"_":{"zero":"nu","other":"over {{value}}m"}},"hours-until-short":{"_index":["plural","value"],"_":{"zero":"nu","other":"over {{value}}h"}},"days-until-short":{"_index":["plural","value"],"_":{"zero":"vandaag","other":"over {{value}}d"}},"incorrectDate":"(onjuiste datum)","dateTimeFormat_%c":"%a %e %b %Y %H:%M:%S","dateTimeFormat_%x":"%d-%m-%Y","dateTimeFormat_%X":"%H:%M:%S","shortTimeFormat":"%H:%M","shortDateTimeFormat":"%x %H:%M","weekStartsOnMonday":"1","time_am":"AM","time_pm":"PM"}