{"setup-app-name-header":"ਮੇਲ","setup-empty-account-prompt":"You are not set up to send or receive email. Would you like to do that now?","setup-pick-service":"ਵੱਲ send and receive email, you will need to set up an account.","setup-account-header3":"ਨਵਾਂ ਖਾਤਾ","setup-info-name":{"placeholder":"ਤੁਹਾਡਾ ਨਾਂ"},"setup-info-email":{"placeholder":"someone@example.com"},"setup-info-password":{"placeholder":"ਪਾਸਵਰਡ"},"setup-info-next":"ਅੱਗੇ","setup-progress-wait-msg":"ਖਾਤਾ ਸੈਟਅੱਪ","setup-completed-header":"ਮੇਲ ਖਾਤਾ ਸੈਟਅੱਪ","setup-completed-label":"ਸਭ ਮੁਕੰਮਲ!","setup-add-another-account":"ਹੋਰ ਖਾਤਾ ਸ਼ਾਮਿਲ ਕਰੋ","setup-show-mail":"ਮੇਲ ਲਈ ਜਾਰੀ ਰੱਖੋ","setup-error-offline":"This device is currently offline. Connect to a network and try again.","setup-error-bad-user-or-pass2":"ਗਲਤ ਯੂਜ਼ਰ-ਨਾਂ ਜਾਂ ਪਾਸਵਰਡ। ਗਲਤੀਆਂ ਲਈ ਜਾਂਚ ਕਰੋ।","setup-error-bad-address":"ਗਲਤ ਈਮੇਲ ਸਿਰਨਾਵਾਂ ਹੈ। ਗਲਤੀਆਂ ਲਈ ਜਾਂਚ ਕਰੋ।","setup-error-not-authorized":"ਸਰਵਰ ਨੇ ਜਵਾਬ ਦਿੱਤਾ ਹੈ ਕਿ ਤੁਸੀਂ ਖਾਤਾ ਬਣਾਉਣ ਲਈ ਪ੍ਰਮਾਣਿਤ ਨਹੀਂ ਹੋ।","setup-error-pop-server-not-great":"ਸਰਵਰ ਗ਼ੈਰ-ਸਹਾਇਕ ਹੈ। POP3 ਸਰਵਰ ਲਈ ਲੋੜੀਂਦੇ ਫੀਚਰ ਸਥਾਪਿਤ ਨਹੀਂ ਹਨ।","setup-error-unknown2":"An unknown error occurred. Check your network connection or try the manual configuration option.","setup-error-needs-app-pass":"ਤੁਹਾਨੂੰ ਦੋ-ਭਾਗੀ ਜੀਮੇਲ ਖਾਤਿਆਂ ਲਈ ਐਪਲੀਕੇਸ਼ਨਾਂ ਲਈ ਖਾਸ ਪਾਸਵਰਡ ਵਰਤਣਾ ਚਾਹੀਦਾ ਹੈ।","setup-error-imap-disabled":"ਤੁਹਾਨੂੰ ਆਪਣੇ ਜੀਮੇਲ ਖਾਤੇ ਲਈ IMAP ਯੋਗ ਕਰਨਾ ਚਾਹੀਦਾ ਹੈ।","setup-error-pop3-disabled":"ਤੁਹਾਨੂੰ ਆਪਣੇ ਜੀਮੇਲ ਖਾਤੇ ਲਈ POP3 ਯੋਗ ਕਰਨਾ ਚਾਹੀਦਾ ਹੈ।","setup-error-bad-security":"Unable to establish a secure connection with \"{{server}}\". There may be a problem with your network or the server.","setup-error-unresponsive-server":"Unable to establish a connection with \"{{server}}\". There may be a problem with the network.","setup-error-server-problem":"There is a problem with the server \"{{server}}\". Try again later.","setup-error-no-config-info":"Unable to automatically configure your account. Correct your e-mail address or try the manual configuration option.","setup-error-server-maintenance":"The server \"{{server}}\" is offline for maintenance. Try again later.","setup-error-account-already-exists":"ਇਹ ਖਾਤਾ ਪਹਿਲਾਂ ਹੀ ਸੰਰਚਿਤ ਹੈ।","setup-manual-config2":"ਦਸਤੀ ਸੈਟਅੱਪ","setup-manual-config-header":"ਦਸਤੀ ਸੈਟਅੱਪ","setup-manual-account-type":"ਖਾਤਾ ਕਿਸਮ","setup-manual-imap-header":"IMAP ਸੈਟਿੰਗ","setup-manual-pop3-header":"POP3 ਸੈਟਿੰਗ","setup-manual-smtp-header":"SMTP ਸੈਟਿੰਗ","setup-manual-activesync-header":"ActiveSync ਸੈਟਿੰਗ","setup-manual-next":"ਅੱਗੇ","setup-manual-socket":"ਸਾਕਟ ਕਿਸਮ","setup-manual-socket-ssl":"SSL","setup-manual-socket-starttls":"STARTTLS","setup-manual-hostname":{"placeholder":"ਹੋਸਟ-ਨਾਂ"},"setup-manual-port":{"placeholder":"ਪੋਰਟ ਨੰਬਰ"},"setup-manual-username":{"placeholder":"ਯੂਜ਼ਰ"},"setup-manual-activesync-username":{"placeholder":"ਡੋਮੇਨ\\ਯੂਜ਼ਰ-ਨਾਂ"},"setup-bad-password-header":"ਗਲਤ ਪਾਸਵਰਡ!","setup-bad-password":"ਅਸੀਂ ਸਰਵਰ ਉੱਤੇ ਸਾਇਨ ਇਨ ਨਹੀਂ ਕਰ ਸਕੇ। ਸ਼ਾਇਦ ਤੁਹਾਡਾ ਪਾਸਵਰਡ ਗਲਤ ਹੈ?","setup-new-password":{"placeholder":"ਨਵਾਂ ਪਾਸਵਰਡ"},"setup-fix-password":"ਨਵੇਂ ਪਾਸਵਰਡ ਨਾਲ ਮੁੜ-ਕੋਸ਼ਿਸ਼","setup-gmail-twofactor-header":"ਦੋ-ਭਾਗ ਚਾਲੂ ਹੈ","setup-gmail-twofactor-message":"ਤੁਹਾਨੂੰ ਖਾਸ ਐਪਲੀਕੇਸ਼ਨ ਲਈ ਪਾਸਵਰਡ ਹੇਠਾਂ ਦੇਣ ਦੀ ਲੋੜ ਹੈ।","setup-gmail-twofactor-fix":"ਐਪਲੀਕੇਸ਼ਨ ਪਾਸਵਰਡ ਵਰਤੋਂ","setup-gmail-imap-header":"IMAP ਬੰਦ ਕਰੋ","setup-gmail-imap-message":"ਤੁਹਾਨੂੰ ਆਪਣੇ ਜੀਮੇਲ ਖਾਤੇ ਲਈ IMAP ਚਾਲੂ ਕਰਨਾ ਚਾਹੀਦਾ ਹੈ","setup-gmail-imap-retry":"ਮੁੜ-ਕੋਸ਼ਿਸ਼","setup-gmail-pop3-header":"POP3 ਬੰਦ ਹੈ","setup-gmail-pop3-message":"ਤੁਹਾਨੂੰ ਆਪਣੇ ਜੀਮੇਲ ਖਾਤੇ ਲਈ POP3 ਚਾਲੂ ਕਰਨਾ ਚਾਹੀਦਾ ਹੈ","setup-gmail-pop3-retry":"ਮੁੜ-ਕੋਸ਼ਿਸ਼","settings-main-header":"ਮੇਲ ਸੈਟਿੰਗ","settings-sub-header-account":"ਖਾਤਾ","settings-account-name":"ਤੁਹਾਡਾ ਨਾਂ","settings-account-display-notifications":"ਨਵੇਂ ਸੁਨੇਹਿਆਂ ਲਈ ਸੂਚਨਾ ਵਿਖਾਓ","settings-account-play-sound-onsend":"ਸੁਨੇਹਾ ਭੇਜੇ ਜਾਣ ਦੇ ਬਾਅਦ ਆਵਾਜ਼ ਚਲਾਓ","settings-account-signature-label":"Signature","signature-save":"Save Signature","signature-discard-confirm":"Discard","settings-sub-header-data":"ਡਾਟਾ","settings-account-check-mail":"ਨਵੇਂ ਸੁਨੇਹੇ ਲਈ ਜਾਂਚ ਕਰੋ","settings-sub-header-server":"ਸਰਵਰ ਸੈਟਿੰਗ","settings-account-userpass":"ਯੂਜ਼ਰ-ਨਾਂ ਅਤੇ ਪਾਸਵਰਡ","settings-default-signature":"Sent Using FirefoxOS","settings-done":"ਮੁਕੰਮਲ","settings-account-section":"ਖਾਤੇ","settings-account-add":"ਖਾਤਾ ਸ਼ਾਮਿਲ","settings-account-delete":"ਖਾਤਾ ਹਟਾਓ","settings-account-delete-prompt":"ਕੀ ਤੁਸੀਂ ਆਪਣੇ {{account}} ਮੇਲ ਖਾਤੇ ਨੂੰ ਹਟਾਉਣਾ ਚਾਹੁੰਦੇ ਹੋ? ਜੇ ਤੁਸੀਂ ਖਾਤਾ ਮੁੜ ਕੇ ਬਣਾਉਂਦੇ ਹੋ ਤਾਂ ਤੁਹਾਨੂੰ ਆਪਣੇ ਮੇਲ ਫੇਰ ਡਾਊਨਲੋਡ ਕਰਨੇ ਹੋਣਗੇ।","settings-account-delete-cancel":"ਰੱਦ ਕਰੋ","settings-account-delete-confirm":"ਹਟਾਓ","settings-account-clarify-imap":"{{account-name}} (IMAP)","settings-account-clarify-pop3":"{{account-name}} (POP3)","settings-account-clarify-smtp":"{{account-name}} (SMTP)","settings-general-section":"ਆਮ ਸੈਟਿੰਗ","settings-show-images":"ਹਮੇਸ਼ਾ ਚਿੱਤਰ ਵੇਖਾਓ","settings-download-attachments":"ਨੱਥੀ ਡਾਊਨਲੋਡ ਕਰੋ","settings-check-every-5min":"ਹਰ 5 ਮਿੰਟ","settings-check-every-10min":"ਹਰ 10 ਮਿੰਟ","settings-check-every-15min":"ਹਰ 15 ਮਿੰਟ","settings-check-every-30min":"ਹਰ 30 ਮਿੰਟ","settings-check-every-60min":"ਹਰ ਘੰਟੇ","settings-check-every-manual":"ਦਸਤੀ","settings-check-dynamic":{"_index":["plural","n"],"_":{"zero":"ਸਕਿੰਟ","one":"{{ n }} ਸਕਿੰਟ","two":"{{ n }} ਸਕਿੰਟ","few":"{{ n }} ਸਕਿੰਟ","many":"{{ n }} ਸਕਿੰਟ","other":"{{ n }} ਸਕਿੰਟ"}},"settings-default-account":"ਮੂਲ ਈਮੇਲ ਵਜੋਂ ਸੈੱਟ ਕਰੋ","settings-account-type":"ਖਾਤਾ ਕਿਸਮ","settings-account-credentials":"ਸਨਦ","settings-activesync-label":"ActiveSync ਸੈਟਿੰਗ","settings-imap-label":"IMAP ਸੈਟਿੰਗ","settings-pop3-label":"POP3 ਸੈਟਿੰਗ","settings-smtp-label":"SMTP ਸੈਟਿੰਗ","settings-hostname":"Hostname","settings-port":"ਪੋਰਟ","settings-username":"ਯੂਜ਼ਰ-ਨਾਂ","settings-password":"ਪਾਸਵਰਡ","settings-save":"ਸੰਭਾਲੋ","settings-password-empty":"ਪਾਸਵਰਡ ਖੇਤਰ ਖਾਲੀ ਨਹੀਂ ਹੋ ਸਕਦਾ ਹੈ","settings-account-synchronize-window":"ਸਿੰਕ ਕਰਨ ਲਈ ਦਿਨ","settings-synchronize-auto":"ਆਟੋਮੈਟਿਕ","settings-synchronize-one-day":"1 ਦਿਨ","settings-synchronize-three-days":"3 ਦਿਨ","settings-synchronize-one-week":"1 ਹਫ਼ਤਾ","settings-synchronize-two-weeks":"2 ਹਫ਼ਤੇ","settings-synchronize-one-month":"1 ਮਹੀਨਾ","settings-synchronize-all":"ਸਭ ਸੁਨੇਹੇ","envelope-from":"ਵਲੋਂ","envelope-to":"ਵੱਲ","envelope-cc":"Cc","envelope-bcc":"Bcc","compose-header":"ਸੁਨੇਹਾ ਲਿਖੋ","compose-header-short":"ਲਿਖੋ","compose-send":"ਭੇਜੋ","compose-to":"ਵੱਲ","compose-cc":"cc","compose-bcc":"bcc","compose-attachments":{"_index":["plural","n"],"_":{"zero":"ਨੱਥੀ","one":"{{ n }} ਨੱਥੀ","two":"{{ n }} ਨੱਥੀ","few":"{{ n }} ਨੱਥੀ","many":"{{ n }} ਨੱਥੀ","other":"{{ n }} ਨੱਥੀ"}},"compose-attachment-still-working":"ਇੱਕ ਪਲ਼ ਰੁਕੋ, ਪਿਛਲੇ ਨੱਥੀ ਕਰਨ ਉੱਤੇ ਕੰਮ ਹਾਲੇ ਜਾਰੀ ਹੈ...","compose-subject":"ਵਿਸ਼ਾ","compose-draft-save":"ਲੋਕਲ ਫੋਲਡਰ ਵਿੱਚ ਸੰਭਾਲੋ","compose-discard-message":"ਈਮੇਲ ਅਣਡਿੱਠੀ ਕਰਨੀ ਹੈ?","compose-discard-confirm":"ਅਣਡਿੱਠੀ","compose-send-message-failed":"ਈਮੇਲ ਭੇਜਣਾ ਫੇਲ੍ਹ ਹੈ","composer-attachment-large":"ਨੱਥੀ ਬਹੁਤ ਵੱਡਾ ਹੈ","composer-attachments-large":"ਨੱਥੀ ਬਹੁਤ ਵੱਡੇ ਹਨ","compose-attchment-size-exceeded":"ਇਹ ਸੁਨੇਹੇ ਭੇਜਣ ਲਈ ਨੱਥੀ ਬਹੁਤ ਵੱਡਾ ਹੈ।","compose-attchments-size-exceeded":"The selected attachments are too large to send with this message. Try selecting fewer files.","dialog-button-ok":"ਠੀਕ ਹੈ","default-attachment-filename":"ਨੱਥੀ{{ n }}","attachment-size-kib":"{{kilobytes}}K","message-attachment-view":{"textContent":"ਵੇਖੋ"},"message-attachment-too-large":"This file is too large to download.","message-no-subject":"(ਕੋਈ ਵਿਸ਼ਾ ਨਹੀਂ)","message-edit-menu-edit":"Edit","message-edit-menu-delete":"ਹਟਾਓ","message-edit-delete-confirm":"ਈਮੇਲ ਸੁਨੇਹਾ ਹਟਾਉਣਾ ਹੈ?","message-send-attachment-disabled-confirm":"Attachments can not be forwarded.","message-multiedit-header":{"_index":["plural","n"],"_":{"zero":"ਸੋਧ","one":"{{ n }} ਚੁਣੀ","two":"{{ n }} ਚੁਣੀਆਂ","few":"{{ n }} ਚੁਣੀਆਂ","many":"{{ n }} ਚੁਣੀਆਂ","other":"{{ n }} ਚੁਣੀਆਂ"}},"browse-to-url-prompt":"Browse to URL?: {{ url }}","message-download-images":{"_index":["plural","n"],"_":{"one":"ਇਸ ਈਮੇਲ ਵਿੱਚ ਇੱਕ ਚਿੱਤਰ ਹੈ। ਡਾਊਨਲੋਡ ਕਰਨ ਲਈ ਕਲਿੱਕ ਕਰੋ।","two":"ਇਸ ਈਮੇਲ ਵਿੱਚ {{ n }} ਚਿੱਤਰ ਹਨ। ਡਾਊਨਲੋਡ ਕਰਨ ਲਈ ਕਲਿੱਕ ਕਰੋ।","few":"ਇਸ ਈਮੇਲ ਵਿੱਚ {{ n }} ਚਿੱਤਰ ਹਨ। ਡਾਊਨਲੋਡ ਕਰਨ ਲਈ ਕਲਿੱਕ ਕਰੋ।","many":"ਇਸ ਈਮੇਲ ਵਿੱਚ {{ n }} ਚਿੱਤਰ ਹਨ। ਡਾਊਨਲੋਡ ਕਰਨ ਲਈ ਕਲਿੱਕ ਕਰੋ।","other":"ਇਸ ਈਮੇਲ ਵਿੱਚ {{ n }} ਚਿੱਤਰ ਹਨ। ਡਾਊਨਲੋਡ ਕਰਨ ਲਈ ਕਲਿੱਕ ਕਰੋ।"}},"message-show-external-images":"ਬਾਹਰੀ ਚਿੱਤਰ ਵੇਖਾਓ","message-multiedit-cancel":"ਰੱਦ ਕਰੋ","message-multiedit-delete-confirm":{"_index":["plural","n"],"_":{"one":"ਇਹ ਈਮੇਲ ਸੁਨੇਹਾ ਹਟਾਉਣਾ ਹੈ?","two":"{{ n }} ਈਮੇਲ ਸੁਨੇਹੇ ਹਟਾਉਣੇ ਹਨ?","few":"{{ n }} ਈਮੇਲ ਸੁਨੇਹੇ ਹਟਾਉਣੇ ਹਨ?","many":"{{ n }} ਈਮੇਲ ਸੁਨੇਹੇ ਹਟਾਉਣੇ ਹਨ?","other":"{{ n }} ਈਮੇਲ ਸੁਨੇਹੇ ਹਟਾਉਣੇ ਹਨ?"}},"message-large-message-cancel":"ਰੱਦ ਕਰੋ","message-large-message-ok":"ਜਾਰੀ ਰੱਖੋ","message-large-message-confirm":"This message is large and may take some time to download.","message-search-from":"ਵਲੋਂ","message-search-to":"ਵੱਲ","message-search-subject":"ਵਿਸ਼ਾ","message-search-body":"ਮੁੱਖ ਭਾਗ","message-search-all":"ਸਭ","message-search-input":{"placeholder":"ਮੇਲ ਖੋਜ"},"message-search-cancel":"ਰੱਦ ਕਰੋ","messages-syncing":"ਸੁਨੇਹੇ ਲੋਡ ਕੀਤੇ ਜਾ ਰਹੇ ਹਨ","messages-sync-more":"Load more messages from server","messages-folder-empty":"No mail in this Folder","messages-search-empty":"No matches in locally cached messages","messages-folder-select":"ਫੋਲਡਰ ਚੁਣੋ","message-contact-menu-create":"ਨਵਾਂ ਸੰਪਰਕ ਸੰਭਾਲੋ","message-contact-menu-add-existing":"ਮੌਜੂਦਾ ਸੰਪਰਕ ਵਿੱਚ ਜੋੜੋ","message-contact-menu-view":"ਸੰਪਰਕ ਵੇਖੋ","message-contact-menu-reply":"ਜਵਾਬ","message-contact-menu-new":"ਨਵੀਂ ਮੇਲ ਭੇਜੋ","message-reply-menu-reply":"ਜਵਾਬ","message-reply-menu-reply-all":"ਸਭ ਨੂੰ ਜਵਾਬ","message-reply-menu-forward":"ਅੱਗੇ ਭੇਜੋ","message-reply-menu-cancel":"ਰੱਦ ਕਰੋ","reply-quoting-wrote":"{name} ਨੇ ਲਿਖਿਆ","forward-original-message":"ਅਸਲੀ ਸੁਨੇਹਾ","forward-header-subject":"ਵਿਸ਼ਾ","forward-header-date":"ਮਿਤੀ","forward-header-from":"ਵਲੋਂ","forward-header-reply-to":"ਜਵਾਬ-ਦਿਓ","forward-header-to":"ਵੱਲ","forward-header-cc":"Cc","folder-inbox":"ਇਨਬਾਕਸ","folder-sent":"ਭੇਜੇ","folder-drafts":"ਡਰਾਫਟ","folder-trash":"ਰੱਦੀ","folder-queue":"ਨਾ-ਭੇਜੇ","folder-junk":"ਜੰਕ","folder-archives":"ਅਕਾਇਵ","folder-localdrafts":"ਲੋਕਲ ਡਰਾਫਟ","folder-outbox":"Outbox","drawer-back":"ਪਿੱਛੇ","drawer-accounts-header":"ਖਾਤੇ","drawer-settings-link":"ਸੈਟਿੰਗ","folder-last-synced-label":"ਪਿਛਲਾ ਸਿੰਕ:","message-list-top-action":"Top","toaster-undo":"ਵਾਪਿਸ ਕਰੋ","toaster-retry":"ਮੁੜ-ਕੋਸ਼ਿਸ਼","toaster-message-star":{"_index":["plural","n"],"_":{"one":"1 message flag set","two":"{{ n }} messages flag set","few":"{{ n }} messages flag set","many":"{{ n }} messages flag set","other":"{{ n }} messages flag set"}},"toaster-message-unstar":{"_index":["plural","n"],"_":{"one":"1 message flag removed","two":"{{ n }} messages flag removed","few":"{{ n }} messages flag removed","many":"{{ n }} messages flag removed","other":"{{ n }} messages flag removed"}},"toaster-message-read":{"_index":["plural","n"],"_":{"one":"1 message marked as read","two":"{{ n }} ਸੁਨੇਹੇ ਪੜ੍ਹੇ ਬਣਾਏ ਗਏ","few":"{{ n }} ਸੁਨੇਹੇ ਪੜ੍ਹੇ ਬਣਾਏ ਗਏ","many":"{{ n }} ਸੁਨੇਹੇ ਪੜ੍ਹੇ ਬਣਾਏ ਗਏ","other":"{{ n }} ਸੁਨੇਹੇ ਪੜ੍ਹੇ ਬਣਾਏ ਗਏ"}},"toaster-message-unread":{"_index":["plural","n"],"_":{"one":"1 message marked as unread","two":"{{ n }} messages marked as unread","few":"{{ n }} messages marked as unread","many":"{{ n }} messages marked as unread","other":"{{ n }} messages marked as unread"}},"toaster-message-move":{"_index":["plural","n"],"_":{"one":"1 ਸੁਨੇਹੇ ਭੇਜਿਆ","two":"{{ n }} ਸੁਨੇਹੇ ਭੇਜੇ","few":"{{ n }} ਸੁਨੇਹੇ ਭੇਜੇ","many":"{{ n }} ਸੁਨੇਹੇ ਭੇਜੇ","other":"{{ n }} ਸੁਨੇਹੇ ਭੇਜੇ"}},"toaster-message-delete":{"_index":["plural","n"],"_":{"one":"1 ਸੁਨੇਹਾ ਹਟਾਇਆ","two":"{{ n }} ਸੁਨੇਹੇ ਹਟਾਏ","few":"{{ n }} ਸੁਨੇਹੇ ਹਟਾਏ","many":"{{ n }} ਸੁਨੇਹੇ ਹਟਾਏ","other":"{{ n }} ਸੁਨੇਹੇ ਹਟਾਏ"}},"toaster-retryable-syncfailed":"ਸਰਵਰ ਨਾਲ ਕੁਨੈਕਟ ਕਰਨ ਲਈ ਅਸਮਰੱਥ","compose-invalid-addresses-title":"Invalid Addresses","compose-invalid-addresses-description":"Your message contains one or more invalid email addresses. Please correct them before sending.","background-send-pending":"Network unavailable. Email saved to outbox.","background-send-sending":"Sending mail…","background-send-success":"Email sent.","background-send-error":"Error occurred. Email saved to outbox.","background-send-error-recipients":"Recipient error. Email saved to outbox.","background-send-error-title":"Mail failed to send","send-failure-recipients":"Check the spelling of the addresses above. Your mail server indicated one or more of the addresses above are incorrect.","send-failure-unknown":"The message could not be sent.","form-clear-input":"ਟੈਕਸਟ ਹਟਾਓ","confirm-dialog-title":"ਪੁਸ਼ਟੀ","senders-separation-sign":", ","new-emails":{"_index":["plural","n"],"_":{"one":"1 ਨਵੀਂ ਈਮੇਲ","two":"{{ n }} ਨਵੀਆਂ ਈਮੇਲਾਂ","few":"{{ n }} ਨਵੀਆਂ ਈਮੇਲਾਂ","many":"{{ n }} ਨਵੀਆਂ ਈਮੇਲਾਂ","other":"{{ n }} ਨਵੀਆਂ ਈਮੇਲਾਂ"}},"new-emails-notify-one-account":{"_index":["plural","n"],"_":{"one":"1 ਨਵੀਂ ਈਮੇਲ","two":"{{ n }} ਨਵੀਆਂ ਈਮੇਲਾਂ","few":"{{ n }} ਨਵੀਆਂ ਈਮੇਲਾਂ","many":"{{ n }} ਨਵੀਆਂ ਈਮੇਲਾਂ","other":"{{ n }} ਨਵੀਆਂ ਈਮੇਲਾਂ"}},"new-emails-notify-multiple-accounts":{"_index":["plural","n"],"_":{"one":"1 ਨਵੀਂ ਈਮੇਲ ({{ accountName }})","two":"{{ n }} ਨਵੀਆਂ ਈਮੇਲਾਂ ({{ accountName }})","few":"{{ n }} ਨਵੀਆਂ ਈਮੇਲਾਂ ({{ accountName }})","many":"{{ n }} ਨਵੀਆਂ ਈਮੇਲਾਂ ({{ accountName }})","other":"{{ n }} ਨਵੀਆਂ ਈਮੇਲਾਂ ({{ accountName }})"}},"new-emails-notify-multiple-accounts-body":"{{ from }} “{{ subject }}”","weekday-0-long":"ਐਤਵਾਰ","weekday-1-long":"ਸੋਮਵਾਰ","weekday-2-long":"ਮੰਗਲਵਾਰ","weekday-3-long":"ਬੁੱਧਵਾਰ","weekday-4-long":"ਵੀਰਵਾਰ","weekday-5-long":"ਸ਼ੁੱਕਰਵਾਰ","weekday-6-long":"ਸ਼ਨਿੱਚਰਵਾਰ","weekday-0-short":"ਐਤ","weekday-1-short":"ਸੋਮ","weekday-2-short":"ਮੰਗਲ","weekday-3-short":"ਬੁੱਧ","weekday-4-short":"ਵੀਰ","weekday-5-short":"ਸ਼ੁੱਕਰ","weekday-6-short":"ਸ਼ਨਿੱ","month-0-long":"ਜਨਵਰੀ","month-1-long":"ਫਰਵਰੀ","month-2-long":"ਮਾਰਚ","month-3-long":"ਅਪਰੈਲ","month-4-long":"ਮਈ","month-5-long":"ਜੂਨ","month-6-long":"ਜੁਲਾਈ","month-7-long":"ਅਗਸਤ","month-8-long":"ਸਤੰਬਰ","month-9-long":"ਅਕਤੂਬਰ","month-10-long":"ਨਵੰਬਰ","month-11-long":"ਦਸੰਬਰ","month-0-genitive":"ਜਨਵਰੀ","month-1-genitive":"ਫਰਵਰੀ","month-2-genitive":"ਮਾਰਚ","month-3-genitive":"ਅਪਰੈਲ","month-4-genitive":"ਮਈ","month-5-genitive":"ਜੂਨ","month-6-genitive":"ਜੁਲਾਈ","month-7-genitive":"ਅਗਸਤ","month-8-genitive":"ਸਤੰਬਰ","month-9-genitive":"ਅਕਤੂਬਰ","month-10-genitive":"ਨਵੰਬਰ","month-11-genitive":"ਦਸੰਬਰ","month-0-short":"ਜਨ","month-1-short":"ਫਰ","month-2-short":"ਮਾਰ","month-3-short":"ਅਪ","month-4-short":"ਮਈ","month-5-short":"ਜੂਨ","month-6-short":"ਜੁਲਾ","month-7-short":"ਅਗ","month-8-short":"ਸਤੰ","month-9-short":"ਅਕਤੂ","month-10-short":"ਨਵੰ","month-11-short":"ਦਸੰ","minutes-ago-long":{"_index":["plural","value"],"_":{"zero":"ਹੁਣੇ ਹੀਂ","one":"ਮਿੰਟ ਕੁ ਪਹਿਲਾਂ","two":"{{value}} ਮਿੰਟ ਪਹਿਲਾਂ","few":"{{value}} ਮਿੰਟ ਪਹਿਲਾਂ","many":"{{value}} ਮਿੰਟ ਪਹਿਲਾਂ","other":"{{value}}  ਮਿੰਟ ਪਹਿਲਾਂ"}},"hours-ago-long":{"_index":["plural","value"],"_":{"zero":"ਹੁਣੇ ਹੀ","one":"ਘੰਟਾ ਪਹਿਲਾਂ","two":"{{value}} ਘੰਟੇ ਪਹਿਲਾਂ","few":"{{value}} ਘੰਟੇ ਪਹਿਲਾਂ","many":"{{value}} ਘੰਟੇ ਪਹਿਲਾਂ","other":"{{value}} ਘੰਟੇ ਪਹਿਲਾਂ"}},"days-ago-long":{"_index":["plural","value"],"_":{"zero":"ਅੱਜ","one":"ਕੱਲ੍ਹ","two":"{{value}} ਦਿਨ ਪਹਿਲਾਂ","few":"{{value}} ਦਿਨ ਪਹਿਲਾਂ","many":"{{value}} ਦਿਨ ਪਹਿਲਾਂ","other":"{{value}} ਦਿਨ ਪਹਿਲਾਂ"}},"weeks-ago-long":{"_index":["plural","value"],"_":{"zero":"ਇਹ ਹਫ਼ਤੇ","one":"ਪਿਛਲੇ ਹਫ਼ਤੇ","two":"{{value}} ਹਫ਼ਤੇ ਪਹਿਲਾਂ","few":"{{value}} ਹਫ਼ਤੇ ਪਹਿਲਾਂ","many":"{{value}} ਹਫ਼ਤੇ ਪਹਿਲਾਂ","other":"{{value}} ਹਫ਼ਤੇ ਪਹਿਲਾਂ"}},"months-ago-long":{"_index":["plural","value"],"_":{"zero":"ਇਹ ਮਹੀਨੇ","one":"ਪਿਛਲੇ ਮਹੀਨੇ","two":"{{value}} ਮਹੀਨੇ ਪਹਿਲਾਂ","few":"{{value}} ਮਹੀਨੇ ਪਹਿਲਾਂ","many":"{{value}} ਮਹੀਨੇ ਪਹਿਲਾਂ","other":"{{value}} ਮਹੀਨੇ ਪਹਿਲਾਂ"}},"years-ago-long":{"_index":["plural","value"],"_":{"zero":"ਇਹ ਸਾਲ","one":"ਪਿਛਲੇ ਸਾਲ","two":"{{value}} ਸਾਲ ਪਹਿਲਾਂ","few":"{{value}} ਸਾਲ ਪਹਿਲਾਂ","many":"{{value}} ਸਾਲ ਪਹਿਲਾਂ","other":"{{value}} ਸਾਲ ਪਹਿਲਾਂ"}},"minutes-until-long":{"_index":["plural","value"],"_":{"zero":"ਹੁਣ","one":"ਮਿੰਟ ਵਿੱਚ","two":"{{value}} ਮਿੰਟਾਂ ਵਿੱਚ","few":"{{value}} ਮਿੰਟਾਂ ਵਿੱਚ","many":"{{value}} ਮਿੰਟਾਂ ਵਿੱਚ","other":"{{value}} ਮਿੰਟਾਂ ਵਿੱਚ"}},"hours-until-long":{"_index":["plural","value"],"_":{"zero":"ਹੁਣ","one":"ਇੱਕ ਘੰਟੇ ਵਿੱਚ","two":"{{value}} ਘੰਟਿਆਂ ਵਿੱਚ","few":"{{value}} ਘੰਟਿਆਂ ਵਿੱਚ","many":"{{value}} ਘੰਟਿਆਂ ਵਿੱਚ","other":"{{value}} ਘੰਟਿਆਂ ਵਿੱਚ"}},"days-until-long":{"_index":["plural","value"],"_":{"zero":"ਅੱਜ","one":"ਭਲਕੇ","two":"{{value}} ਦਿਨਾਂ ਵਿੱਚ","few":"{{value}} ਦਿਨਾਂ ਵਿੱਚ","many":"{{value}} ਦਿਨਾਂ ਵਿੱਚ","other":"{{value}} ਦਿਨਾਂ ਵਿੱਚ"}},"weeks-until-long":{"_index":["plural","value"],"_":{"zero":"ਇਸ ਹਫ਼ਤੇ","one":"ਅਗਲੇ ਹਫ਼ਤੇ","two":"{{value}} ਹਫ਼ਤਿਆਂ ਵਿੱਚ","few":"{{value}} ਹਫ਼ਤਿਆਂ ਵਿੱਚ","many":"{{value}} ਹਫ਼ਤਿਆਂ ਵਿੱਚ","other":"{{value}} ਹਫ਼ਤਿਆਂ ਵਿੱਚ"}},"months-until-long":{"_index":["plural","value"],"_":{"zero":"ਇਸ ਮਹੀਨੇ","one":"ਅਗਲੇ ਮਹੀਨੇ","two":"{{value}} ਮਹੀਨਿਆਂ ਵਿੱਚ","few":"{{value}} ਮਹੀਨਿਆਂ ਵਿੱਚ","many":"{{value}} ਮਹੀਨਿਆਂ ਵਿੱਚ","other":"{{value}} ਮਹੀਨਿਆਂ ਵਿੱਚ"}},"years-until-long":{"_index":["plural","value"],"_":{"zero":"ਇਸ ਸਾਲ","one":"ਅਗਲੇ ਸਾਲ","two":"{{value}} ਸਾਲਾਂ ਵਿੱਚ","few":"{{value}} ਸਾਲਾਂ ਵਿੱਚ","many":"{{value}} ਸਾਲਾਂ ਵਿੱਚ","other":"{{value}} ਸਾਲਾਂ ਵਿੱਚ"}},"minutes-ago-short":{"_index":["plural","value"],"_":{"zero":"ਹੁਣੇ ਹੀ","other":"{{value}}ਮਿੰ ਪਹਿਲਾਂ"}},"hours-ago-short":{"_index":["plural","value"],"_":{"zero":"ਹੁਣੇ ਹੀਂ","other":"{{value}}ਘੰ ਪਹਿਲਾਂ"}},"days-ago-short":{"_index":["plural","value"],"_":{"zero":"ਅੱਜ","other":"{{value}}ਦਿ ਪਹਿਲਾਂ"}},"minutes-until-short":{"_index":["plural","value"],"_":{"zero":"ਹੁਣ","other":"{{value}}ਮਿੰ ਵਿੱਚ"}},"hours-until-short":{"_index":["plural","value"],"_":{"zero":"ਹੁਣ","other":"{{value}}ਘੰ ਵਿੱਚ"}},"days-until-short":{"_index":["plural","value"],"_":{"zero":"ਅੱਜ","other":"{{value}}ਦਿ ਵਿੱਚ"}},"incorrectDate":"(ਗਲਤ ਮਿਤੀ)","dateTimeFormat_%c":"%a %e %b  %Y %I:%M:%S %p","dateTimeFormat_%x":"%d/%m/%Y","dateTimeFormat_%X":"%I:%M:%S %p","shortTimeFormat":"%I:%M %p","shortDateTimeFormat":"%x %I:%M %p","weekStartsOnMonday":"1","time_am":"ਸਵੇਰੇ","time_pm":"ਸ਼ਾਮ"}