{"setup-app-name-header":"Poczta","setup-empty-account-prompt":"Wysyłanie i odbieranie wiadomości e-mail wymaga konfiguracji. Zrobić to teraz?","setup-pick-service":"Aby wysyłać i odbierać wiadomości e-mail, należy skonfigurować konto.","setup-account-header3":"Nowe konto","setup-info-name":{"placeholder":"Imię Nazwisko / pseudonim"},"setup-info-email":{"placeholder":"inazwisko@jakasdomena.pl"},"setup-info-password":{"placeholder":"Hasło"},"setup-info-next":"Dalej","setup-progress-wait-msg":"Konfigurowanie konta…","setup-completed-header":"Konfiguracja konta","setup-completed-label":"Wszystko przygotowane!","setup-add-another-account":"Dodaj kolejne konto","setup-show-mail":"Przejdź do poczty","setup-error-offline":"Urządzenie nie ma połączenia z Internetem. Połącz się z siecią i spróbuj ponownie.","setup-error-bad-user-or-pass2":"Nieprawidłowa nazwa użytkownika lub hasło - może wkradła się literówka?","setup-error-bad-address":"Nieprawidłowy adres e-mail, sprawdź go pod kątem literówek.","setup-error-not-authorized":"Serwer twierdzi, że nie masz uprawnień do tworzenia kont pocztowych","setup-error-pop-server-not-great":"Nieobsługiwany typ serwera. Serwer POP3 nie udostępnia wymaganych funkcji.","setup-error-unknown2":"Wystąpił nieznany błąd. Sprawdź połączenie z siecią lub skorzystaj z ręcznej konfiguracji.","setup-error-needs-app-pass":"Należy użyć hasła specyficznego dla danego programu dla kont Gmail z weryfikacją dwuetapową","setup-error-imap-disabled":"Należy włączyć IMAP w ustawieniach konta Gmail","setup-error-pop3-disabled":"Należy włączyć POP3 w ustawieniach konta Gmail","setup-error-bad-security":"Nie udało się nawiązać bezpiecznego połączenia z serwerem „{{server}}”. Może to być winą połączenia sieciowego lub serwera.","setup-error-unresponsive-server":"Nie udało się nawiązać połączenia z serwerem „{{server}}”. Może to być winą połączenia sieciowego.","setup-error-server-problem":"Serwer „{{server}}” ma problemy. Spróbuj ponownie później.","setup-error-no-config-info":"Nie udało się automatycznie skonfigurować konta. Popraw adres e-mail lub skorzystaj z ręcznej konfiguracji.","setup-error-server-maintenance":"Serwer „{{server}}” jest niedostępny z powodu konserwacji. Spróbuj ponownie później.","setup-error-account-already-exists":"To konto już zostało dodane.","setup-manual-config2":"Ręczna konfiguracja","setup-manual-config-header":"Zaawansowane","setup-manual-account-type":"Typ konta","setup-manual-imap-header":"Ustawienia IMAP","setup-manual-pop3-header":"Ustawienia POP3","setup-manual-smtp-header":"Ustawienia SMTP","setup-manual-activesync-header":"Ustawienia ActiveSync","setup-manual-next":"Dalej","setup-manual-socket":"Typ połączenia","setup-manual-socket-ssl":"SSL","setup-manual-socket-starttls":"STARTTLS","setup-manual-hostname":{"placeholder":"Adres serwera"},"setup-manual-port":{"placeholder":"Numer portu"},"setup-manual-username":{"placeholder":"Nazwa użytkownika"},"setup-manual-activesync-username":{"placeholder":"Domena\\Nazwa użytkownika"},"setup-bad-password-header":"Nieprawidłowe hasło!","setup-bad-password":"Nie można było zalogować się na serwerze - może hasło jest nieprawidłowe?","setup-new-password":{"placeholder":"Nowe hasło"},"setup-fix-password":"Spróbuj z nowym hasłem","setup-gmail-twofactor-header":"Włączona weryfikacja dwuetapowa","setup-gmail-twofactor-message":"Poniżej należy wprowadzić hasło specyficzne dla aplikacji.","setup-gmail-twofactor-fix":"Użyj hasła aplikacji","setup-gmail-imap-header":"Wyłączony protokół IMAP","setup-gmail-imap-message":"Należy włączyć IMAP w ustawieniach konta Gmail","setup-gmail-imap-retry":"Ponów","setup-gmail-pop3-header":"Wyłączony protokół POP3","setup-gmail-pop3-message":"Należy włączyć POP3 w ustawieniach konta Gmail","setup-gmail-pop3-retry":"Ponów","settings-main-header":"Ustawienia","settings-sub-header-account":"Konto","settings-account-name":"Nazwa nadawcy","settings-account-display-notifications":"Powiadomienia o nowych wiadomościach","settings-account-play-sound-onsend":"Dźwięk po wysłaniu wiadomości","settings-account-signature-label":"Signature","signature-save":"Save Signature","signature-discard-confirm":"Discard","settings-sub-header-data":"Dane","settings-account-check-mail":"Sprawdzaj nową pocztę","settings-sub-header-server":"Ustawienia serwera","settings-account-userpass":"Nazwa użytkownika i hasło","settings-default-signature":"Sent Using FirefoxOS","settings-done":"Gotowe","settings-account-section":"Konta","settings-account-add":"Dodaj konto","settings-account-delete":"Usuń konto","settings-account-delete-prompt":"Czy na pewno usunąć konto pocztowe „{{account}}”? Wszystkie wiadomości trzeba będzie pobrać ponownie w przypadku jego ponownej konfiguracji.","settings-account-delete-cancel":"Anuluj","settings-account-delete-confirm":"Usuń","settings-account-clarify-imap":"{{account-name}} (IMAP)","settings-account-clarify-pop3":"{{account-name}} (POP3)","settings-account-clarify-smtp":"{{account-name}} (SMTP)","settings-general-section":"Ogólne ustawienia","settings-show-images":"Wyświetlaj obrazki","settings-download-attachments":"Pobieraj załączniki","settings-check-every-5min":"Co 5 minut","settings-check-every-10min":"Co 10 minut","settings-check-every-15min":"Co 15 minut","settings-check-every-30min":"Co 30 minut","settings-check-every-60min":"Co godzinę","settings-check-every-manual":"Ręcznie","settings-check-dynamic":{"_index":["plural","n"],"_":{"zero":"sekund","one":"{{n}} sekunda","two":"{{n}} sekundy","few":"{{n}} sekundy","many":"{{n}} sekund"}},"settings-default-account":"Domyślne konto","settings-account-type":"Typ konta","settings-account-credentials":"Dane konta","settings-activesync-label":"Ustawienia ActiveSync","settings-imap-label":"Ustawienia IMAP","settings-pop3-label":"Ustawienia POP3","settings-smtp-label":"Ustawienia SMTP","settings-hostname":"Nazwa hosta","settings-port":"Port","settings-username":"Nazwa użytkownika","settings-password":"Hasło","settings-save":"Zapisz","settings-password-empty":"Pole hasła nie powinno być puste!","settings-account-synchronize-window":"Dni do synchronizacji","settings-synchronize-auto":"automatycznie","settings-synchronize-one-day":"ostatni dzień","settings-synchronize-three-days":"ostatnie 3 dni","settings-synchronize-one-week":"ostatni tydzień","settings-synchronize-two-weeks":"ostatnie 2 tygodnie","settings-synchronize-one-month":"ostatni miesiąc","settings-synchronize-all":"wszystkie wiadomości","envelope-from":"Od","envelope-to":"Do","envelope-cc":"Kopia","envelope-bcc":"Ukryta kopia","compose-header":"Utwórz wiadomość","compose-header-short":"Utwórz","compose-send":"Wyślij","compose-to":"Do","compose-cc":"Kopia","compose-bcc":"Ukryta kopia","compose-attachments":{"_index":["plural","n"],"_":{"zero":"Załączniki","one":"{{n}} załącznik","two":"{{n}} załączniki","few":"{{n}} załączniki","many":"{{n}} załączników"}},"compose-attachment-still-working":"Jedną chwilę, poprzedni załącznik jest nadal przetwarzany…","compose-subject":"Temat","compose-draft-save":"Zapisz w Szkice lokalne","compose-discard-message":"Porzucić wiadomość?","compose-discard-confirm":"Porzuć","compose-send-message-failed":"Wysyłanie wiadomości nie powiodło się","composer-attachment-large":"Za duży załącznik","composer-attachments-large":"Za duże załączniki","compose-attchment-size-exceeded":"Wybrany załącznik jest zbyt duży, aby wysłać go z tą wiadomością.","compose-attchments-size-exceeded":"Wybrane załączniki są zbyt duże, aby wysłać je z tą wiadomością. Spróbuj zaznaczyć mniej plików.","dialog-button-ok":"OK","default-attachment-filename":"plik{{n}}","attachment-size-kib":"{{kilobytes}}KB","message-attachment-view":"Wyświetl","message-attachment-too-large":"Plik jest zbyt duży, aby go pobrać.","message-no-subject":"(brak tematu)","message-edit-menu-edit":"Edytuj","message-edit-menu-delete":"Usuń","message-edit-delete-confirm":"Usunąć wiadomość?","message-send-attachment-disabled-confirm":"Załączniki nie mogą być przekazywane.","message-multiedit-header":{"_index":["plural","n"],"_":{"zero":"Edytuj","one":"{{n}} zaznaczona","two":"{{n}} zaznaczone","few":"{{n}} zaznaczone","many":"{{n}} zaznaczonych"}},"browse-to-url-prompt":"Przejść do adresu: {{url}}?","message-download-images":{"_index":["plural","n"],"_":{"one":"Ta wiadomość zawiera jeden obrazek. Pobierz","two":"Ta wiadomość zawiera {{n}} obrazki. Pobierz","few":"Ta wiadomość zawiera {{n}} obrazki. Pobierz","many":"Ta wiadomość zawiera {{n}} obrazków. Pobierz"}},"message-show-external-images":"Wyświetl zewnętrzne obrazki","message-multiedit-cancel":"Anuluj","message-multiedit-delete-confirm":{"_index":["plural","n"],"_":{"one":"Usunąć tę wiadomość?","two":"Usunąć {{n}} wiadomości?","few":"Usunąć {{n}} wiadomości?","many":"Usunąć {{n}} wiadomości?"}},"message-large-message-cancel":"Anuluj","message-large-message-ok":"Kontynuuj","message-large-message-confirm":"Wiadomość jest duża i pobranie jej może chwilę zająć.","message-search-from":"Od","message-search-to":"Do","message-search-subject":"Temat","message-search-body":"Treść","message-search-all":"Całość","message-search-input":{"placeholder":"Wyszukaj wiadomości"},"message-search-cancel":"Anuluj","messages-syncing":"Wczytywanie wiadomości","messages-sync-more":"Wczytaj więcej wiadomości z serwera","messages-folder-empty":"Brak wiadomości w tym folderze","messages-search-empty":"Brak pasujących lokalnie pobranych wiadomości","messages-folder-select":"Wybierz folder","message-contact-menu-create":"Utwórz nowy kontakt","message-contact-menu-add-existing":"Dodaj do istniejącego kontaktu","message-contact-menu-view":"Wyświetl kontakt","message-contact-menu-reply":"Odpowiedz","message-contact-menu-new":"Wyślij nową wiadomość","message-reply-menu-reply":"Odpowiedz","message-reply-menu-reply-all":"Odp. wszystkim","message-reply-menu-forward":"Przekaż","message-reply-menu-cancel":"Anuluj","reply-quoting-wrote":"{name} pisze","forward-original-message":"Oryginalna wiadomość","forward-header-subject":"Temat","forward-header-date":"Data","forward-header-from":"Od","forward-header-reply-to":"Odpowiedź-do","forward-header-to":"Do","forward-header-cc":"Kopia","folder-inbox":"Odebrane","folder-sent":"Wysłane","folder-drafts":"Szkice","folder-trash":"Kosz","folder-queue":"Niewysłane","folder-junk":"Niechciane","folder-archives":"Archiwum","folder-localdrafts":"Szkice lokalne","folder-outbox":"Wychodzące","drawer-back":"Wstecz","drawer-accounts-header":"Konta","drawer-settings-link":"Ustawienia","folder-last-synced-label":"Ostatnia synchronizacja:","message-list-top-action":"Powróć na początek listy","toaster-undo":"Cofnij","toaster-retry":"Spróbuj ponownie","toaster-message-star":{"_index":["plural","n"],"_":{"one":"Ustawiono flagę wiadomości","two":"Ustawiono {{n}} flagi wiadomości","few":"Ustawiono {{n}} flagi wiadomości","many":"Ustawiono {{n}} flag wiadomości"}},"toaster-message-unstar":{"_index":["plural","n"],"_":{"one":"Usunięto flagę wiadomości","two":"Usunięto {{n}} flagi wiadomości","few":"Usunięto {{n}} flagi wiadomości","many":"Usunięto {{n}} flag wiadomości"}},"toaster-message-read":{"_index":["plural","n"],"_":{"one":"Wiadomość oznaczona jako przeczytana","two":"{{n}} wiadomości oznaczone jako przeczytane","few":"{{n}} wiadomości oznaczone jako przeczytane","many":"{{n}} wiadomości oznaczonych jako przeczytane"}},"toaster-message-unread":{"_index":["plural","n"],"_":{"one":"Wiadomość oznaczona jako nieprzeczytana","two":"{{n}} wiadomości oznaczone jako nieprzeczytane","few":"{{n}} wiadomości oznaczone jako nieprzeczytane","many":"{{n}} wiadomości oznaczonych jako nieprzeczytane"}},"toaster-message-move":{"_index":["plural","n"],"_":{"one":"Przeniesiono wiadomość","two":"Przeniesiono {{n}} wiadomości","few":"Przeniesiono {{n}} wiadomości","many":"Przeniesiono {{n}} wiadomości"}},"toaster-message-delete":{"_index":["plural","n"],"_":{"one":"Usunięto wiadomość","two":"Usunięto {{n}} wiadomości","few":"Usunięto {{n}} wiadomości","many":"Usunięto {{n}} wiadomości"}},"toaster-retryable-syncfailed":"Nie można było połączyć się z serwerem","compose-invalid-addresses-title":"Nieprawidłowe adresy","compose-invalid-addresses-description":"Wiadomość zawiera conajmniej jeden nieprawiłowy adres - proszę je poprawić przed próbą ponownego wysłania.","background-send-pending":"Sieć niedostępna. Wiadomość zachowana w „Wychodzące”.","background-send-sending":"Wysyłanie poczty…","background-send-success":"Wiadomość wysłana.","background-send-error":"Wystąpił błąd. Wiadomość zachowana w „Wychodzące”.","background-send-error-recipients":"Błąd adresta. Wiadomość zachowana w „Wychodzące”.","background-send-error-title":"Nie udało się wysłać wiadomości","send-failure-recipients":"Sprawdź pisownię adresów powyżej. Twój serwer pocztowy określił conajmniej jeden adres jako nieprawidłowy.","send-failure-unknown":"Wiadomość nie mogła zostać wysłana.","form-clear-input":"Wyczyść tekst","confirm-dialog-title":"Potwierdzenie","senders-separation-sign":", ","new-emails":{"_index":["plural","n"],"_":{"one":"Nowa wiadomość","two":"Dwie nowe wiadomości","few":"{{n}} nowe wiadomości","many":"{{n}} nowych wiadomości"}},"new-emails-notify-one-account":{"_index":["plural","n"],"_":{"one":"Nowa wiadomość","two":"{{n}} nowe wiadomości","few":"{{n}} nowe wiadomości","many":"{{n}} nowych wiadomości"}},"new-emails-notify-multiple-accounts":{"_index":["plural","n"],"_":{"one":"Nowa wiadomość - {{accountName}}","two":"{{n}} nowe wiadomości - {{accountName}}","few":"{{n}} nowe wiadomości - {{accountName}}","many":"{{n}} nowych wiadomości - {{accountName}}"}},"new-emails-notify-multiple-accounts-body":"{{from}} „{{subject}}”","weekday-0-long":"Niedziela","weekday-1-long":"Poniedziałek","weekday-2-long":"Wtorek","weekday-3-long":"Środa","weekday-4-long":"Czwartek","weekday-5-long":"Piątek","weekday-6-long":"Sobota","weekday-0-short":"Nd","weekday-1-short":"Pn","weekday-2-short":"Wt","weekday-3-short":"Śr","weekday-4-short":"Cz","weekday-5-short":"Pt","weekday-6-short":"Sb","month-0-long":"Styczeń","month-1-long":"Luty","month-2-long":"Marzec","month-3-long":"Kwiecień","month-4-long":"Maj","month-5-long":"Czerwiec","month-6-long":"Lipiec","month-7-long":"Sierpień","month-8-long":"Wrzesień","month-9-long":"Październik","month-10-long":"Listopad","month-11-long":"Grudzień","month-0-genitive":"stycznia","month-1-genitive":"lutego","month-2-genitive":"marca","month-3-genitive":"kwietnia","month-4-genitive":"maja","month-5-genitive":"czerwca","month-6-genitive":"lipca","month-7-genitive":"sierpnia","month-8-genitive":"września","month-9-genitive":"października","month-10-genitive":"listopada","month-11-genitive":"grudnia","month-0-short":"sty","month-1-short":"lut","month-2-short":"mar","month-3-short":"kwi","month-4-short":"maj","month-5-short":"cze","month-6-short":"lip","month-7-short":"sie","month-8-short":"wrz","month-9-short":"paź","month-10-short":"lis","month-11-short":"gru","minutes-ago-long":{"_index":["plural","value"],"_":{"zero":"w tym momencie","one":"przed minutą","two":"dwie minuty temu","few":"{{value}} minuty temu","many":"{{value}} minut temu"}},"hours-ago-long":{"_index":["plural","value"],"_":{"zero":"w tej godzinie","one":"godzinę temu","two":"dwie godziny temu","few":"{{value}} godziny temu","many":"{{value}} godzin temu"}},"days-ago-long":{"_index":["plural","value"],"_":{"zero":"dzisiaj","one":"wczoraj","two":"przedwczoraj","few":"{{value}} dni temu","many":"{{value}} dni temu"}},"weeks-ago-long":{"_index":["plural","value"],"_":{"zero":"w tym tygodniu","one":"w zeszłym tygodniu","two":"dwa tygodnie temu","few":"{{value}} tygodnie temu","many":"{{value}} tygodni temu"}},"months-ago-long":{"_index":["plural","value"],"_":{"zero":"w tym miesiącu","one":"w zeszłym miesiącu","two":"dwa miesiące temu","few":"{{value}} miesiące temu","many":"{{value}} miesięcy temu"}},"years-ago-long":{"_index":["plural","value"],"_":{"zero":"w tym roku","one":"w zeszłym roku","two":"dwa lata temu","few":"{{value}} lata temu","many":"{{value}} lat temu"}},"minutes-until-long":{"_index":["plural","value"],"_":{"zero":"teraz","one":"za minutę","two":"za dwie minuty","few":"za {{value}} minuty","many":"za {{value}} minut"}},"hours-until-long":{"_index":["plural","value"],"_":{"zero":"teraz","one":"za godzinę","two":"za dwie godziny","few":"za {{value}} godziny","many":"za {{value}} godzin"}},"days-until-long":{"_index":["plural","value"],"_":{"zero":"dzisiaj","one":"jutro","two":"za dwa dni","few":"za {{value}} dni","many":"za {{value}} dni"}},"weeks-until-long":{"_index":["plural","value"],"_":{"zero":"w tym tygodniu","one":"w przyszłym tygodniu","two":"za dwa tygodnie","few":"za {{value}} tygodnie","many":"za {{value}} tygodni"}},"months-until-long":{"_index":["plural","value"],"_":{"zero":"w tym miesiącu","one":"w przyszłym miesiącu","two":"za dwa miesiące","few":"za {{value}} miesiące","many":"za {{value}} miesięcy"}},"years-until-long":{"_index":["plural","value"],"_":{"zero":"w tym roku","one":"w przyszłym roku","two":"za dwa lata","few":"za {{value}} lata","many":"za {{value}} lat"}},"minutes-ago-short":{"_index":["plural","value"],"_":{"zero":"teraz","other":"{{value}} min temu"}},"hours-ago-short":{"_index":["plural","value"],"_":{"zero":"teraz","other":"{{value}} godz. temu"}},"days-ago-short":{"_index":["plural","value"],"_":{"zero":"dzisiaj","other":"{{value}} dni temu"}},"minutes-until-short":{"_index":["plural","value"],"_":{"zero":"teraz","other":"za {{value}} min"}},"hours-until-short":{"_index":["plural","value"],"_":{"zero":"teraz","other":"za {{value}} godz."}},"days-until-short":{"_index":["plural","value"],"_":{"zero":"dzisiaj","other":"za {{value}} dni"}},"incorrectDate":"(nieprawidłowa data)","dateTimeFormat_%c":"%a, %e %b %Y, %H:%M:%S","dateTimeFormat_%x":"%e.%m.%Y","dateTimeFormat_%X":"%H:%M:%S","shortTimeFormat":"%H:%M","shortDateTimeFormat":"%x %H:%M","weekStartsOnMonday":"1","time_am":"AM","time_pm":"PM"}