{"setup-app-name-header":"E-mail","setup-empty-account-prompt":"Você ainda não está pronto para enviar ou receber e-mails. Gostaria de resolver isso agora?","setup-pick-service":"Para enviar e receber e-mails, você precisa configurar uma conta.","setup-account-header3":"Nova conta","setup-info-name":{"placeholder":"Seu nome"},"setup-info-email":{"placeholder":"e-mail@exemplo.com"},"setup-info-password":{"placeholder":"Senha"},"setup-info-next":"Avançar","setup-progress-wait-msg":"Configurando sua conta","setup-completed-header":"Configuração de e-mail","setup-completed-label":"Tudo pronto!","setup-add-another-account":"Adicionar outra conta","setup-show-mail":"Ver minhas mensagens","setup-error-offline":"Este aparelho está desconectado. Conecte-se a uma rede e tente novamente.","setup-error-bad-user-or-pass2":"Nome de usuário ou senha inválido.","setup-error-bad-address":"Endereço de e-mail inválido. Confira erros de digitação.","setup-error-not-authorized":"O servidor informou que você não está autorizado a criar uma conta","setup-error-pop-server-not-great":"Servidor não suportado. O servidor POP3 não possui as funções necessárias.","setup-error-unknown2":"Ocorreu um erro desconhecido. Verifique sua conexão de rede ou tente a configuração manual.","setup-error-needs-app-pass":"Você deve usar uma senha específica para aplicativos em contas Gmail com verificação dupla","setup-error-imap-disabled":"Você deve ativar o protocolo IMAP da sua conta Gmail","setup-error-pop3-disabled":"Você deve ativar o protocolo POP3 da sua conta Gmail","setup-error-bad-security":"Não foi possível estabelecer uma conexão segura com \"{{server}}\". Pode haver um problema na sua rede ou no servidor.","setup-error-unresponsive-server":"Não foi possível estabelecer uma conexão com \"{{server}}\". Pode haver um problema na sua rede.","setup-error-server-problem":"Há um problema no servidor \"{{server}}\". Tente novamente mais tarde.","setup-error-no-config-info":"Não foi possível configurar automaticamente sua conta. Corrija seu endereço de e-mail ou tente a configuração manual.","setup-error-server-maintenance":"O servidor \"{{server}}\" está em manutenção. Tente novamente mais tarde.","setup-error-account-already-exists":"Esta conta já está configurada.","setup-manual-config2":"Configuração manual","setup-manual-config-header":"Configuração manual","setup-manual-account-type":"Tipo de conta","setup-manual-imap-header":"Configurações IMAP","setup-manual-pop3-header":"Configurações POP3","setup-manual-smtp-header":"Configurações SMTP","setup-manual-activesync-header":"Configurações ActiveSync","setup-manual-next":"Avançar","setup-manual-socket":"Tipo de socket","setup-manual-socket-ssl":"SSL","setup-manual-socket-starttls":"STARTTLS","setup-manual-hostname":{"placeholder":"Endereço"},"setup-manual-port":{"placeholder":"Número da porta"},"setup-manual-username":{"placeholder":"Nome de usuário"},"setup-manual-activesync-username":{"placeholder":"Domínio\\Usuário"},"setup-bad-password-header":"Senha incorreta!","setup-bad-password":"Não foi possível acessar seu servidor. Você digitou a senha correta?","setup-new-password":{"placeholder":"Nova senha"},"setup-fix-password":"Tentar com nova senha","setup-gmail-twofactor-header":"Verificação dupla ativada","setup-gmail-twofactor-message":"Você deve inserir uma senha específica para os aplicativos abaixo.","setup-gmail-twofactor-fix":"Usar senha de aplicativos","setup-gmail-imap-header":"IMAP desativado","setup-gmail-imap-message":"Você deve ativar o protocolo IMAP da sua conta Gmail","setup-gmail-imap-retry":"Tentar novamente","setup-gmail-pop3-header":"POP3 desativado","setup-gmail-pop3-message":"Você deve ativar o protocolo POP3 da sua conta Gmail","setup-gmail-pop3-retry":"Tentar novamente","settings-main-header":"Configurações","settings-sub-header-account":"Conta","settings-account-name":"Seu nome","settings-account-display-notifications":"Mostrar notificações para novas mensagens","settings-account-play-sound-onsend":"Tocar um som após enviar uma mensagem","settings-account-signature-label":"Signature","signature-save":"Save Signature","signature-discard-confirm":"Discard","settings-sub-header-data":"Dados","settings-account-check-mail":"Checar atualizações","settings-sub-header-server":"Configurações do servidor","settings-account-userpass":"Usuário e senha","settings-default-signature":"Sent Using FirefoxOS","settings-done":"Concluído","settings-account-section":"Contas","settings-account-add":"Adicionar conta","settings-account-delete":"Apagar conta","settings-account-delete-prompt":"Tem certeza de que deseja apagar sua conta {{account}}? Você terá que baixar suas mensagens novamente caso queira reconfigurá-la.","settings-account-delete-cancel":"Cancelar","settings-account-delete-confirm":"Apagar","settings-account-clarify-imap":"{{account-name}} (IMAP)","settings-account-clarify-pop3":"{{account-name}} (POP3)","settings-account-clarify-smtp":"{{account-name}} (SMTP)","settings-general-section":"Configurações gerais","settings-show-images":"Sempre exibir imagens","settings-download-attachments":"Baixar anexos","settings-check-every-5min":"A cada 5 minutos","settings-check-every-10min":"A cada 10 minutos","settings-check-every-15min":"A cada 15 minutos","settings-check-every-30min":"A cada 30 minutos","settings-check-every-60min":"A cada hora","settings-check-every-manual":"Manualmente","settings-check-dynamic":{"_index":["plural","n"],"_":{"zero":"segundos","one":"{{ n }} segundo","two":"{{ n }} segundos","few":"{{ n }} segundos","many":"{{ n }} segundos","other":"{{ n }} segundos"}},"settings-default-account":"Conta padrão","settings-account-type":"Tipo de conta","settings-account-credentials":"Dados de acesso","settings-activesync-label":"Configurações ActiveSync","settings-imap-label":"Configurações IMAP","settings-pop3-label":"Configurações POP3","settings-smtp-label":"Configurações SMTP","settings-hostname":"Endereço","settings-port":"Porta","settings-username":"Nome de usuário","settings-password":"Senha","settings-save":"Salvar","settings-password-empty":"A senha não deve ficar em branco","settings-account-synchronize-window":"Número de dias sincronizados","settings-synchronize-auto":"Automática","settings-synchronize-one-day":"1 dia","settings-synchronize-three-days":"3 dias","settings-synchronize-one-week":"1 semana","settings-synchronize-two-weeks":"2 semanas","settings-synchronize-one-month":"1 mês","settings-synchronize-all":"Todas as mensagens","envelope-from":"De","envelope-to":"Para","envelope-cc":"Cc","envelope-bcc":"Cco","compose-header":"Nova mensagem","compose-header-short":"Escrever","compose-send":"Enviar","compose-to":"Para","compose-cc":"Cc","compose-bcc":"Cco","compose-attachments":{"_index":["plural","n"],"_":{"zero":"Anexos","one":"{{ n }} anexo","two":"{{ n }} anexos","few":"{{ n }} anexos","many":"{{ n }} anexos","other":"{{ n }} anexos"}},"compose-attachment-still-working":"Um momento, terminando de anexar o arquivo anterior…","compose-subject":"Assunto","compose-draft-save":"Salvar nos rascunhos","compose-discard-message":"Descartar mensagem?","compose-discard-confirm":"Descartar","compose-send-message-failed":"Falha ao enviar mensagem","composer-attachment-large":"Anexo muito grande","composer-attachments-large":"Anexos muito grandes","compose-attchment-size-exceeded":"O anexo selecionado é muito grande para ser enviado com essa mensagem.","compose-attchments-size-exceeded":"Os anexos selecionados são muito grandes para serem enviados com essa mensagem. Tente selecionar menos arquivos.","dialog-button-ok":"OK","default-attachment-filename":"anexo{{ n }}","attachment-size-kib":"{{kilobytes}} kB","message-attachment-view":{"textContent":"Ver"},"message-attachment-too-large":"Esse arquivo é muito grande para ser baixado.","message-no-subject":"(sem assunto)","message-edit-menu-edit":"Edit","message-edit-menu-delete":"Apagar","message-edit-delete-confirm":"Apagar mensagem?","message-send-attachment-disabled-confirm":"Anexos não podem ser encaminhados.","message-multiedit-header":{"_index":["plural","n"],"_":{"zero":"Editar","one":"{{ n }} selecionada","two":"{{ n }} selecionadas","few":"{{ n }} selecionadas","many":"{{ n }} selecionadas","other":"{{ n }} selecionadas"}},"browse-to-url-prompt":"Visitar a URL {{ url }}?","message-download-images":{"_index":["plural","n"],"_":{"one":"Esta mensagem contém uma imagem. Toque para baixá-la.","two":"Esta mensagem contém {{ n }} imagens. Toque para baixá-las.","few":"Esta mensagem contém {{ n }} imagens. Toque para baixá-las.","many":"Esta mensagem contém {{ n }} imagens. Toque para baixá-las.","other":"Esta mensagem contém {{ n }} imagens. Toque para baixá-las."}},"message-show-external-images":"Exibir imagens externas","message-multiedit-cancel":"Cancelar","message-multiedit-delete-confirm":{"_index":["plural","n"],"_":{"one":"Apagar esta mensagem?","two":"Apagar as {{ n }} mensagens?","few":"Apagar as {{ n }} mensagens?","many":"Apagar as {{ n }} mensagens?","other":"Apagar as {{ n }} mensagens?"}},"message-large-message-cancel":"Cancelar","message-large-message-ok":"Continuar","message-large-message-confirm":"Essa mensagem é grande e pode demorar para ser carregada.","message-search-from":"De","message-search-to":"Para","message-search-subject":"Assunto","message-search-body":"Corpo","message-search-all":"Tudo","message-search-input":{"placeholder":"Pesquisar mensagens"},"message-search-cancel":"Cancelar","messages-syncing":"Carregando mensagens","messages-sync-more":"Carregar mais mensagens do servidor","messages-folder-empty":"Nenhuma mensagem nesta pasta","messages-search-empty":"Nenhum resultado nas mensagens locais","messages-folder-select":"Selecionar pasta","message-contact-menu-create":"Criar novo contato","message-contact-menu-add-existing":"Adicionar a um contato","message-contact-menu-view":"Ver contato","message-contact-menu-reply":"Responder","message-contact-menu-new":"Enviar nova mensagem","message-reply-menu-reply":"Responder","message-reply-menu-reply-all":"Responder para todos","message-reply-menu-forward":"Encaminhar","message-reply-menu-cancel":"Cancelar","reply-quoting-wrote":"{name} escreveu","forward-original-message":"Mensagem original","forward-header-subject":"Assunto","forward-header-date":"Data","forward-header-from":"De","forward-header-reply-to":"Responder a","forward-header-to":"Para","forward-header-cc":"Cc","folder-inbox":"Entrada","folder-sent":"Enviadas","folder-drafts":"Rascunhos","folder-trash":"Lixeira","folder-queue":"Saída","folder-junk":"Spam","folder-archives":"Arquivos","folder-localdrafts":"Rascunhos","folder-outbox":"Outbox","drawer-back":"Voltar","drawer-accounts-header":"Contas","drawer-settings-link":"Configurações","folder-last-synced-label":"Últ. sincronização:","message-list-top-action":"Top","toaster-undo":"Desfazer","toaster-retry":"Tentar novamente","toaster-message-star":{"_index":["plural","n"],"_":{"one":"1 mensagem marcada com estrela","two":"{{ n }} mensagens marcadas com estrela","few":"{{ n }} mensagens marcadas com estrela","many":"{{ n }} mensagens marcadas com estrela","other":"{{ n }} mensagens marcadas com estrela"}},"toaster-message-unstar":{"_index":["plural","n"],"_":{"one":"1 mensagem desmarcada com estrela","two":"{{ n }} mensagens desmarcadas com estrela","few":"{{ n }} mensagens desmarcadas com estrela","many":"{{ n }} mensagens desmarcadas com estrela","other":"{{ n }} mensagens desmarcadas com estrela"}},"toaster-message-read":{"_index":["plural","n"],"_":{"one":"1 mensagem marcada como lida","two":"{{ n }} mensagens marcadas como lidas","few":"{{ n }} mensagens marcadas como lidas","many":"{{ n }} mensagens marcadas como lidas","other":"{{ n }} mensagens marcadas como lidas"}},"toaster-message-unread":{"_index":["plural","n"],"_":{"one":"1 mensagem marcada como não lida","two":"{{ n }} mensagens marcadas como não lidas","few":"{{ n }} mensagens marcadas como não lidas","many":"{{ n }} mensagens marcadas como não lidas","other":"{{ n }} mensagens marcadas como não lidas"}},"toaster-message-move":{"_index":["plural","n"],"_":{"one":"1 mensagem movida","two":"{{ n }} mensagens movidas","few":"{{ n }} mensagens movidas","many":"{{ n }} mensagens movidas","other":"{{ n }} mensagens movidas"}},"toaster-message-delete":{"_index":["plural","n"],"_":{"one":"1 mensagem apagada","two":"{{ n }} mensagens apagadas","few":"{{ n }} mensagens apagadas","many":"{{ n }} mensagens apagadas","other":"{{ n }} mensagens apagadas"}},"toaster-retryable-syncfailed":"Não foi possível conectar-se ao servidor","compose-invalid-addresses-title":"Invalid Addresses","compose-invalid-addresses-description":"Your message contains one or more invalid email addresses. Please correct them before sending.","background-send-pending":"Network unavailable. Email saved to outbox.","background-send-sending":"Sending mail…","background-send-success":"Email sent.","background-send-error":"Error occurred. Email saved to outbox.","background-send-error-recipients":"Recipient error. Email saved to outbox.","background-send-error-title":"Mail failed to send","send-failure-recipients":"Check the spelling of the addresses above. Your mail server indicated one or more of the addresses above are incorrect.","send-failure-unknown":"The message could not be sent.","form-clear-input":"Limpar texto","confirm-dialog-title":"Confirmação","senders-separation-sign":", ","new-emails":{"_index":["plural","n"],"_":{"one":"1 e-mail novo","two":"{{ n }} e-mails novos","few":"{{ n }} e-mails novos","many":"{{ n }} e-mails novos","other":"{{ n }} e-mails novos"}},"new-emails-notify-one-account":{"_index":["plural","n"],"_":{"one":"1 novo e-mail","two":"{{ n }} novos emails","few":"{{ n }} novos emails","many":"{{ n }} novos emails","other":"{{ n }} novos emails"}},"new-emails-notify-multiple-accounts":{"_index":["plural","n"],"_":{"one":"1 novo email ({{ accountName }})","two":"{{ n }} novos emails ({{ accountName }})","few":"{{ n }} novos emails ({{ accountName }})","many":"{{ n }} novos emails ({{ accountName }})","other":"{{ n }} novos emails ({{ accountName }})"}},"new-emails-notify-multiple-accounts-body":"{{ from }} “{{ subject }}”","weekday-0-long":"Domingo","weekday-1-long":"Segunda-feira","weekday-2-long":"Terça-feira","weekday-3-long":"Quarta-feira","weekday-4-long":"Quinta-feira","weekday-5-long":"Sexta-feira","weekday-6-long":"Sábado","weekday-0-short":"Dom","weekday-1-short":"Seg","weekday-2-short":"Ter","weekday-3-short":"Qua","weekday-4-short":"Qui","weekday-5-short":"Sex","weekday-6-short":"Sáb","month-0-long":"Janeiro","month-1-long":"Fevereiro","month-2-long":"Março","month-3-long":"Abril","month-4-long":"Maio","month-5-long":"Junho","month-6-long":"Julho","month-7-long":"Agosto","month-8-long":"Setembro","month-9-long":"Outubro","month-10-long":"Novembro","month-11-long":"Dezembro","month-0-genitive":"Janeiro","month-1-genitive":"Fevereiro","month-2-genitive":"Março","month-3-genitive":"Abril","month-4-genitive":"Maio","month-5-genitive":"Junho","month-6-genitive":"Julho","month-7-genitive":"Agosto","month-8-genitive":"Setembro","month-9-genitive":"Outubro","month-10-genitive":"Novembro","month-11-genitive":"Dezembro","month-0-short":"Jan","month-1-short":"Fev","month-2-short":"Mar","month-3-short":"Abr","month-4-short":"Mai","month-5-short":"Jun","month-6-short":"Jul","month-7-short":"Ago","month-8-short":"Set","month-9-short":"Out","month-10-short":"Nov","month-11-short":"Dez","minutes-ago-long":{"_index":["plural","value"],"_":{"zero":"há pouco","one":"um minuto atrás","two":"{{value}} minutos atrás","few":"{{value}} minutos atrás","many":"{{value}} minutos atrás","other":"{{value}} minutos atrás"}},"hours-ago-long":{"_index":["plural","value"],"_":{"zero":"há pouco","one":"uma hora atrás","two":"{{value}} horas atrás","few":"{{value}} horas atrás","many":"{{value}} horas atrás","other":"{{value}} horas atrás"}},"days-ago-long":{"_index":["plural","value"],"_":{"zero":"hoje","one":"ontem","two":"{{value}} dias atrás","few":"{{value}} dias atrás","many":"{{value}} dias atrás","other":"{{value}} dias atrás"}},"weeks-ago-long":{"_index":["plural","value"],"_":{"zero":"esta semana","one":"semana passada","two":"{{value}} semanas atrás","few":"{{value}} semanas atrás","many":"{{value}} semanas atrás","other":"{{value}} semanas atrás"}},"months-ago-long":{"_index":["plural","value"],"_":{"zero":"este mês","one":"mês passado","two":"{{value}} meses atrás","few":"{{value}} meses atrás","many":"{{value}} meses atrás","other":"{{value}} meses atrás"}},"years-ago-long":{"_index":["plural","value"],"_":{"zero":"este ano","one":"ano passado","two":"{{value}} anos atrás","few":"{{value}} anos atrás","many":"{{value}} anos atrás","other":"{{value}} anos atrás"}},"minutes-until-long":{"_index":["plural","value"],"_":{"zero":"agora","one":"em um minuto","two":"em {{value}} minutos","few":"em {{value}} minutos","many":"em {{value}} minutos","other":"em {{value}} minutos"}},"hours-until-long":{"_index":["plural","value"],"_":{"zero":"agora","one":"em uma hora","two":"em {{value}} horas","few":"em {{value}} horas","many":"em {{value}} horas","other":"em {{value}} horas"}},"days-until-long":{"_index":["plural","value"],"_":{"zero":"hoje","one":"amanhã","two":"em {{value}} dias","few":"em {{value}} dias","many":"em {{value}} dias","other":"em {{value}} dias"}},"weeks-until-long":{"_index":["plural","value"],"_":{"zero":"esta semana","one":"semana que vem","two":"em {{value}} semanas","few":"em {{value}} semanas","many":"em {{value}} semanas","other":"em {{value}} semanas"}},"months-until-long":{"_index":["plural","value"],"_":{"zero":"este mês","one":"mês que vem","two":"em {{value}} meses","few":"em {{value}} meses","many":"em {{value}} meses","other":"em {{value}} meses"}},"years-until-long":{"_index":["plural","value"],"_":{"zero":"este ano","one":"ano que vem","two":"em {{value}} anos","few":"em {{value}} anos","many":"em {{value}} anos","other":"em {{value}} anos"}},"minutes-ago-short":{"_index":["plural","value"],"_":{"zero":"há pouco","other":"{{value}}min atrás"}},"hours-ago-short":{"_index":["plural","value"],"_":{"zero":"há pouco","other":"{{value}}h atrás"}},"days-ago-short":{"_index":["plural","value"],"_":{"zero":"hoje","other":"{{value}}d atrás"}},"minutes-until-short":{"_index":["plural","value"],"_":{"zero":"agora","other":"em {{value}}min"}},"hours-until-short":{"_index":["plural","value"],"_":{"zero":"agora","other":"em {{value}}h"}},"days-until-short":{"_index":["plural","value"],"_":{"zero":"hoje","other":"em {{value}}d"}},"incorrectDate":"(data incorreta)","dateTimeFormat_%c":"%A, %e de %B de %Y %Hh %Mmin %Ss","dateTimeFormat_%x":"%d/%m/%Y","dateTimeFormat_%X":"%Hh %Mmin %Ss","shortTimeFormat":"%Hh%M","shortDateTimeFormat":"%x %Hh%M","weekStartsOnMonday":"0","time_am":"AM","time_pm":"PM"}