{"setup-app-name-header":"Почта","setup-empty-account-prompt":"Отправка или получение почты не настроены. Вы хотите сделать это сейчас?","setup-pick-service":"Для отправки и получения почты вам необходимо настроить учётную запись.","setup-account-header3":"Учётная запись","setup-info-name":{"placeholder":"Ваше имя"},"setup-info-email":{"placeholder":"someone@example.ru"},"setup-info-password":{"placeholder":"Пароль"},"setup-info-next":"Далее","setup-progress-wait-msg":"Настройка уч. записи","setup-completed-header":"Настройка уч. записи","setup-completed-label":"Всё готово!","setup-add-another-account":"Добавить другую учётную запись","setup-show-mail":"Перейти в Почту","setup-error-offline":"Это устройство сейчас не подключено к сети. Подключитесь к сети и попробуйте снова.","setup-error-bad-user-or-pass2":"Неверное имя пользователя или пароль. Проверьте, нет ли опечаток.","setup-error-bad-address":"Некорректный адрес эл. почты. Проверьте на опечатки.","setup-error-not-authorized":"Сервер сообщил, что вам не разрешено создавать учётную запись","setup-error-pop-server-not-great":"Сервер не поддерживается. Сервер POP3 не поддерживает необходимые функции.","setup-error-unknown2":"Произошла неизвестная ошибка. Проверьте подключение к сети или попробуйте настроить вручную.","setup-error-needs-app-pass":"Вы должны использовать пароль, специфичный для приложения, для учётных записей Gmail использующих двухэтапную аутентификацию","setup-error-imap-disabled":"Вы должны включить IMAP для вашей учётной записи Gmail","setup-error-pop3-disabled":"Вы должны включить POP3 для вашей учётной записи Gmail","setup-error-bad-security":"Не удалось установить защищённое соединение с \"{{server}}\". Возможно, возникла проблема с вашей сетью или с сервером.","setup-error-unresponsive-server":"Не удалось установить соединение с \"{{server}}\". Возможно, возникла проблема с сетью.","setup-error-server-problem":"Возникла проблема с сервером \"{{server}}\". Повторите попытку позже.","setup-error-no-config-info":"Не удалось автоматически настроить вашу учётную запись. Исправьте ваш адрес эл. почты или попробуйте настроить вручную.","setup-error-server-maintenance":"Сервер \"{{server}}\" отключён для проведения технического обслуживания. Повторите попытку позже.","setup-error-account-already-exists":"Эта учетная запись уже настроена.","setup-manual-config2":"Вручную","setup-manual-config-header":"Вручную","setup-manual-account-type":"Тип учётной записи","setup-manual-imap-header":"Параметры IMAP","setup-manual-pop3-header":"Параметры POP3","setup-manual-smtp-header":"Параметры SMTP","setup-manual-activesync-header":"Параметры ActiveSync","setup-manual-next":"Далее","setup-manual-socket":"Защита соединения","setup-manual-socket-ssl":"SSL","setup-manual-socket-starttls":"STARTTLS","setup-manual-hostname":{"placeholder":"Имя сервера"},"setup-manual-port":{"placeholder":"Номер порта"},"setup-manual-username":{"placeholder":"Имя пользователя"},"setup-manual-activesync-username":{"placeholder":"Домен\\Имя пользователя"},"setup-bad-password-header":"Неверный пароль!","setup-bad-password":"Не удалось войти на сервер. Может быть, вы ввели неверный пароль?","setup-new-password":{"placeholder":"Новый пароль"},"setup-fix-password":"Попробуйте с новым паролем","setup-gmail-twofactor-header":"Включена двухэтапная аутентификация","setup-gmail-twofactor-message":"Вам нужно ввести ниже пароль, специфичный для приложения.","setup-gmail-twofactor-fix":"Используйте пароль приложения","setup-gmail-imap-header":"IMAP отключён","setup-gmail-imap-message":"Вы должны включить IMAP в вашей учётной записи Gmail","setup-gmail-imap-retry":"Повторить","setup-gmail-pop3-header":"POP3 отключён","setup-gmail-pop3-message":"Вы должны включить POP3 для вашей учётной записи Gmail","setup-gmail-pop3-retry":"Повторить","settings-main-header":"Параметры","settings-sub-header-account":"Уч. запись","settings-account-name":"Ваше имя","settings-account-display-notifications":"Отображать уведомления для новых сообщений","settings-account-play-sound-onsend":"Проигрывать звук после отправки сообщения","settings-account-signature-label":"Signature","signature-save":"Save Signature","signature-discard-confirm":"Discard","settings-sub-header-data":"Данные","settings-account-check-mail":"Проверка новых сообщений","settings-sub-header-server":"Параметры сервера","settings-account-userpass":"Имя пользователя и пароль","settings-default-signature":"Sent Using FirefoxOS","settings-done":"Готово","settings-account-section":"Учётные записи","settings-account-add":"Добавить учётную запись","settings-account-delete":"Удалить учётную запись","settings-account-delete-prompt":"Вы уверены, что хотите удалить вашу учётную запись эл. почты {{account}}? Если вы снова создадите эту учётную запись, вам придётся повторно загрузить вашу почту.","settings-account-delete-cancel":"Отмена","settings-account-delete-confirm":"Удалить","settings-account-clarify-imap":"{{account-name}} (IMAP)","settings-account-clarify-pop3":"{{account-name}} (POP3)","settings-account-clarify-smtp":"{{account-name}} (SMTP)","settings-general-section":"Основные параметры","settings-show-images":"Всегда показывать изображения","settings-download-attachments":"Загружать вложения ","settings-check-every-5min":"Каждые 5 минут","settings-check-every-10min":"Каждые 10 минут","settings-check-every-15min":"Каждые 15 минут","settings-check-every-30min":"Каждые 30 минут","settings-check-every-60min":"Каждый час","settings-check-every-manual":"Вручную","settings-check-dynamic":{"_index":["plural","n"],"_":{"zero":"секунд","one":"{{ n }} секунда","two":"{{ n }} секунды","few":"{{ n }} секунды","many":"{{ n }} секунд","other":"{{ n }} секунд"}},"settings-default-account":"Уч. запись по умолчанию","settings-account-type":"Тип учётной записи","settings-account-credentials":"Учётные данные","settings-activesync-label":"Параметры ActiveSync","settings-imap-label":"Параметры IMAP","settings-pop3-label":"Параметры POP3","settings-smtp-label":"Параметры SMTP","settings-hostname":"Имя сервера:","settings-port":"Порт","settings-username":"Имя пользователя","settings-password":"Пароль","settings-save":"Сохранить","settings-password-empty":"Пароль не должен быть пустым","settings-account-synchronize-window":"Синхронизировать почту","settings-synchronize-auto":"Автоматически","settings-synchronize-one-day":"за 1 день","settings-synchronize-three-days":"за 3 дня","settings-synchronize-one-week":"за 1 неделю","settings-synchronize-two-weeks":"за 2 недели","settings-synchronize-one-month":"за 1 месяц","settings-synchronize-all":"Все сообщения","envelope-from":"От","envelope-to":"Кому","envelope-cc":"Копия","envelope-bcc":"Скрытая копия","compose-header":"Составить сообщение","compose-header-short":"Составить","compose-send":"Послать","compose-to":"Кому","compose-cc":"Копия","compose-bcc":"Скрытая копия","compose-attachments":{"_index":["plural","n"],"_":{"zero":"Вложения","one":"{{ n }} вложение","two":"{{ n }} вложения","few":"{{ n }} вложения","many":"{{ n }} вложений","other":"{{ n }} вложений"}},"compose-attachment-still-working":"Один момент, всё ещё работаю над предыдущим вложением…","compose-subject":"Тема","compose-draft-save":"Сохранить в Локальные Черновики","compose-discard-message":"Выбросить черновик письма?","compose-discard-confirm":"Выбросить черновик","compose-send-message-failed":"Отправка почты не удалась","composer-attachment-large":"Слишком большое вложение","composer-attachments-large":"Слишком большие вложения","compose-attchment-size-exceeded":"Выбранное вложение слишком велико для отправки с этим сообщением.","compose-attchments-size-exceeded":"Выбранные вложения слишком велики для отправки с этим сообщением. Попробуйте выбрать меньше файлов.","dialog-button-ok":"OK","default-attachment-filename":"вложение{{ n }}","attachment-size-kib":"{{kilobytes}}K","message-attachment-view":{"textContent":"Просмотр"},"message-attachment-too-large":"Этот файл слишком велик для загрузки.","message-no-subject":"(без темы)","message-edit-menu-edit":"Edit","message-edit-menu-delete":"Удалить","message-edit-delete-confirm":"Удалить сообщение эл. почты?","message-send-attachment-disabled-confirm":"Вложения не могут быть пересланы.","message-multiedit-header":{"_index":["plural","n"],"_":{"zero":"Изменить","one":"{{ n }} выделен","two":"{{ n }} выделено","few":"{{ n }} выделено","many":"{{ n }} выделено","other":"{{ n }} выделено"}},"browse-to-url-prompt":"Перейти к URL?: {{ url }}","message-download-images":{"_index":["plural","n"],"_":{"one":"Письмо содержит {{ n }} изображение. Нажмите, чтобы загрузить.","two":"Письмо содержит {{ n }} изображения. Нажмите, чтобы загрузить.","few":"Письмо содержит {{ n }} изображения. Нажмите, чтобы загрузить.","many":"Письмо содержит {{ n }} изображений. Нажмите, чтобы загрузить.","other":"Письмо содержит {{ n }} изображений. Нажмите, чтобы загрузить."}},"message-show-external-images":"Показать внешние изображения","message-multiedit-cancel":"Отмена","message-multiedit-delete-confirm":{"_index":["plural","n"],"_":{"one":"Удалить {{ n }} сообщение эл. почты?","two":"Удалить {{ n }} сообщения эл. почты?","few":"Удалить {{ n }} сообщения эл. почты?","many":"Удалить {{ n }} сообщений эл. почты?","other":"Удалить {{ n }} сообщений эл. почты?"}},"message-large-message-cancel":"Отмена","message-large-message-ok":"Продолжить","message-large-message-confirm":"Это сообщение довольно большое и его загрузка может занять некоторое время.","message-search-from":"От","message-search-to":"Кому","message-search-subject":"Тема","message-search-body":"Тело","message-search-all":"Всё","message-search-input":{"placeholder":"Поиск в почте"},"message-search-cancel":"Отмена","messages-syncing":"Загрузка сообщений","messages-sync-more":"Загрузить больше сообщений","messages-folder-empty":"В папке нет почты","messages-search-empty":"Нет совпадений в локально закэшированных сообщениях","messages-folder-select":"Выбрать папку","message-contact-menu-create":"Сохранить новый контакт","message-contact-menu-add-existing":"Добавить в имеющийся контакт","message-contact-menu-view":"Просмотр контакта","message-contact-menu-reply":"Ответить","message-contact-menu-new":"Послать новое сообщение","message-reply-menu-reply":"Ответить","message-reply-menu-reply-all":"Ответить всем","message-reply-menu-forward":"Переслать","message-reply-menu-cancel":"Отмена","reply-quoting-wrote":"{name} написал","forward-original-message":"Исходное сообщение","forward-header-subject":"Тема","forward-header-date":"Дата","forward-header-from":"От","forward-header-reply-to":"Обратный адрес","forward-header-to":"Кому","forward-header-cc":"Копия","folder-inbox":"Входящие","folder-sent":"Отправленные","folder-drafts":"Черновики","folder-trash":"Удалённые","folder-queue":"Исходящие","folder-junk":"Спам","folder-archives":"Архивы","folder-localdrafts":"Локальные Черновики","folder-outbox":"Outbox","drawer-back":"Назад","drawer-accounts-header":"Учётные записи","drawer-settings-link":"Параметры","folder-last-synced-label":"Посл. синхронизация:","message-list-top-action":"Top","toaster-undo":"Отменить","toaster-retry":"Повторить","toaster-message-star":{"_index":["plural","n"],"_":{"one":"Установлены флаги для {{ n }} сообщения","two":"Установлены флаги для {{ n }} сообщений","few":"Установлены флаги для {{ n }} сообщений","many":"Установлены флаги для {{ n }} сообщений","other":"Установлены флаги для {{ n }} сообщений"}},"toaster-message-unstar":{"_index":["plural","n"],"_":{"one":"Удалены флаги для {{ n }} сообщения","two":"Удалены флаги для {{ n }} сообщений","few":"Удалены флаги для {{ n }} сообщений","many":"Удалены флаги для {{ n }} сообщений","other":"Удалены флаги для {{ n }} сообщений"}},"toaster-message-read":{"_index":["plural","n"],"_":{"one":"{{ n }} сообщение отмечено как прочитанное","two":"{{ n }} сообщения отмечено как прочитанные","few":"{{ n }} сообщения отмечено как прочитанные","many":"{{ n }} сообщений отмечены как прочитанные","other":"{{ n }} сообщений отмечены как прочитанные"}},"toaster-message-unread":{"_index":["plural","n"],"_":{"one":"{{ n }} сообщение отмечено как непрочитанное","two":"{{ n }} сообщения отмечено как непрочитанные","few":"{{ n }} сообщения отмечено как непрочитанные","many":"{{ n }} сообщений отмечены как непрочитанные","other":"{{ n }} сообщений отмечены как непрочитанные"}},"toaster-message-move":{"_index":["plural","n"],"_":{"one":"{{ n }} сообщение перемещено","two":"{{ n }} сообщения перемещено","few":"{{ n }} сообщения перемещено","many":"{{ n }} сообщений перемещены","other":"{{ n }} сообщений перемещены"}},"toaster-message-delete":{"_index":["plural","n"],"_":{"one":"{{ n }} сообщение удалено","two":"{{ n }} сообщения удалено","few":"{{ n }} сообщения удалено","many":"{{ n }} сообщений удалены","other":"{{ n }} сообщений удалены"}},"toaster-retryable-syncfailed":"Не удалось соединиться с сервером","compose-invalid-addresses-title":"Invalid Addresses","compose-invalid-addresses-description":"Your message contains one or more invalid email addresses. Please correct them before sending.","background-send-pending":"Network unavailable. Email saved to outbox.","background-send-sending":"Sending mail…","background-send-success":"Email sent.","background-send-error":"Error occurred. Email saved to outbox.","background-send-error-recipients":"Recipient error. Email saved to outbox.","background-send-error-title":"Mail failed to send","send-failure-recipients":"Check the spelling of the addresses above. Your mail server indicated one or more of the addresses above are incorrect.","send-failure-unknown":"The message could not be sent.","form-clear-input":"Удалить текст","confirm-dialog-title":"Подтверждение","senders-separation-sign":", ","new-emails":{"_index":["plural","n"],"_":{"one":"{{ n }} новое письмо","two":"{{ n }} новых письма","few":"{{ n }} новых письма","many":"{{ n }} новых писем","other":"{{ n }} новых писем"}},"new-emails-notify-one-account":{"_index":["plural","n"],"_":{"one":"{{ n }} новое письмо","two":"{{ n }} новых письма","few":"{{ n }} новых письма","many":"{{ n }} новых писем","other":"{{ n }} новых писем"}},"new-emails-notify-multiple-accounts":{"_index":["plural","n"],"_":{"one":"{{ n }} новое письмо ({{ accountName }})","two":"{{ n }} новых письма ({{ accountName }})","few":"{{ n }} новых письма ({{ accountName }})","many":"{{ n }} новых писем ({{ accountName }})","other":"{{ n }} новых писем ({{ accountName }})"}},"new-emails-notify-multiple-accounts-body":"{{ from }} “{{ subject }}”","weekday-0-long":"Воскресенье","weekday-1-long":"Понедельник","weekday-2-long":"Вторник","weekday-3-long":"Среда","weekday-4-long":"Четверг","weekday-5-long":"Пятница","weekday-6-long":"Суббота","weekday-0-short":"Вс","weekday-1-short":"Пн","weekday-2-short":"Вт","weekday-3-short":"Ср","weekday-4-short":"Чт","weekday-5-short":"Пт","weekday-6-short":"Сб","month-0-long":"Январь","month-1-long":"Февраль","month-2-long":"Март","month-3-long":"Апрель","month-4-long":"Май","month-5-long":"Июнь","month-6-long":"Июль","month-7-long":"Август","month-8-long":"Сентябрь","month-9-long":"Октябрь","month-10-long":"Ноябрь","month-11-long":"Декабрь","month-0-genitive":"января","month-1-genitive":"февраля","month-2-genitive":"марта","month-3-genitive":"апреля","month-4-genitive":"мая","month-5-genitive":"июня","month-6-genitive":"июля","month-7-genitive":"августа","month-8-genitive":"сентября","month-9-genitive":"октября","month-10-genitive":"ноября","month-11-genitive":"декабря","month-0-short":"Январь","month-1-short":"Февраль","month-2-short":"Март","month-3-short":"Апрель","month-4-short":"Май","month-5-short":"Июнь","month-6-short":"Июль","month-7-short":"Август","month-8-short":"Сентябрь","month-9-short":"Октябрь","month-10-short":"Ноябрь","month-11-short":"Декабрь","minutes-ago-long":{"_index":["plural","value"],"_":{"zero":"прямо сейчас","one":"{{value}} минуту назад","two":"{{value}} минуты назад","few":"{{value}} минуты назад","many":"{{value}} минут назад","other":"{{value}} минут назад"}},"hours-ago-long":{"_index":["plural","value"],"_":{"zero":"прямо сейчас","one":"{{value}} час назад","two":"{{value}} часа назад","few":"{{value}} часа назад","many":"{{value}} часов назад","other":"{{value}} часов назад"}},"days-ago-long":{"_index":["plural","value"],"_":{"zero":"сегодня","one":"{{value}} день назад","two":"{{value}} дня назад","few":"{{value}} дня назад","many":"{{value}} дней назад","other":"{{value}} дней назад"}},"weeks-ago-long":{"_index":["plural","value"],"_":{"zero":"эта неделя","one":"{{value}} неделя назад","two":"{{value}} недели назад","few":"{{value}} недели назад","many":"{{value}} недель назад","other":"{{value}} недель назад"}},"months-ago-long":{"_index":["plural","value"],"_":{"zero":"этот месяц","one":"{{value}} месяц назад","two":"{{value}} месяца назад","few":"{{value}} месяца назад","many":"{{value}} месяцев назад","other":"{{value}} месяцев назад"}},"years-ago-long":{"_index":["plural","value"],"_":{"zero":"этот год","one":"{{value}} год назад","two":"{{value}} года назад","few":"{{value}} года назад","many":"{{value}} лет назад","other":"{{value}} лет назад"}},"minutes-until-long":{"_index":["plural","value"],"_":{"zero":"сейчас","one":"через {{value}} минуту","two":"через {{value}} минуты","few":"через {{value}} минуты","many":"через {{value}} минут","other":"через {{value}} минут"}},"hours-until-long":{"_index":["plural","value"],"_":{"zero":"сейчас","one":"через {{value}} час","two":"через {{value}} часа","few":"через {{value}} часа","many":"через {{value}} часов","other":"через {{value}} часов"}},"days-until-long":{"_index":["plural","value"],"_":{"zero":"сегодня","one":"через {{value}} день","two":"через {{value}} дня","few":"через {{value}} дня","many":"через {{value}} дней","other":"через {{value}} дней"}},"weeks-until-long":{"_index":["plural","value"],"_":{"zero":"эта неделя","one":"через {{value}} неделю","two":"через {{value}} недели","few":"через {{value}} недели","many":"через {{value}} недель","other":"через {{value}} недель"}},"months-until-long":{"_index":["plural","value"],"_":{"zero":"этот месяц","one":"через {{value}} месяц","two":"через {{value}} месяца","few":"через {{value}} месяца","many":"через {{value}} месяцев","other":"через {{value}} месяцев"}},"years-until-long":{"_index":["plural","value"],"_":{"zero":"этот год","one":"через {{value}} год","two":"через {{value}} года","few":"через {{value}} года","many":"через {{value}} лет","other":"через {{value}} лет"}},"minutes-ago-short":{"_index":["plural","value"],"_":{"zero":"сейчас","other":"{{value}}м назад"}},"hours-ago-short":{"_index":["plural","value"],"_":{"zero":"сейчас","other":"{{value}}ч назад"}},"days-ago-short":{"_index":["plural","value"],"_":{"zero":"сегодня","other":"{{value}}д назад"}},"minutes-until-short":{"_index":["plural","value"],"_":{"zero":"сейчас","other":"через {{value}}м"}},"hours-until-short":{"_index":["plural","value"],"_":{"zero":"сейчас","other":"через {{value}}ч"}},"days-until-short":{"_index":["plural","value"],"_":{"zero":"сегодня","other":"через {{value}}д"}},"incorrectDate":"(некорректная дата)","dateTimeFormat_%c":"%a, %e %Eb %Y, %H:%M:%S","dateTimeFormat_%x":"%d.%m.%Y","dateTimeFormat_%X":"%H:%M:%S","shortTimeFormat":"%H:%M","shortDateTimeFormat":"%x %H:%M","weekStartsOnMonday":"1","time_am":"AM","time_pm":"PM"}