{"setup-app-name-header":"Pošta","setup-empty-account-prompt":"Nemáte nastavený účet, aby ste mohli prijímať a odosielať správy. Chcete tak spraviť teraz?","setup-pick-service":"Ak chcete odosielať a prijímať správy, musíte mať nastavený svoj účet.","setup-account-header3":"Nový účet","setup-info-name":{"placeholder":"Vaše meno"},"setup-info-email":{"placeholder":"priklad@priklad.sk"},"setup-info-password":{"placeholder":"Heslo"},"setup-info-next":"Ďalej","setup-progress-wait-msg":"Účet sa nastavuje","setup-completed-header":"Poštový účet","setup-completed-label":"Hotovo","setup-add-another-account":"Pridať ďalší účet","setup-show-mail":"Prejsť na Poštu","setup-error-offline":"Zariadenie pracuje v režime offline. Pripojte sa k sieti a skúste to znova.","setup-error-bad-user-or-pass2":"Neplatné používateľské meno alebo heslo. Overte ich platnosť.","setup-error-bad-address":"Neplatná e-mailová adresa. Skontrolujte možné preklepy.","setup-error-not-authorized":"Nemáte dostatočné práva na vytvorenie účtu","setup-error-pop-server-not-great":"Server nie je podporovaný. Server POP3 nemá implementované požadované funkcie.","setup-error-unknown2":"Vyskytla sa neznáma chyba. Skontrolujte pripojenie k sieti alebo skúste účet nastaviť manuálne.","setup-error-needs-app-pass":"Na prihlásenie pomocou verifikácie v dvoch krokoch na účte služby Gmail musíte zadať heslo aplikácie","setup-error-imap-disabled":"Na svojom účte služby Gmail musíte povoliť IMAP","setup-error-pop3-disabled":"Na svojom účte služby Gmail musíte povoliť POP3","setup-error-bad-security":"Nie je možné vytvoriť zabezpečené spojenie so serverom \"{{server}}\". Problém môže byť na strane servera alebo v sieti.","setup-error-unresponsive-server":"Nie je možné vytvoriť spojenie so serverom \"{{server}}\". Skontrolujte pripojenie k sieti.","setup-error-server-problem":"Pri komunikácii so serverom \"{{server}}\" sa vyskytla chyba. Skúste to neskôr.","setup-error-no-config-info":"Automatické nastavenie účtu zlyhalo. Skontrolujte správnosť zadanej e-mailovej adresy alebo skúste účet nastaviť manuálne.","setup-error-server-maintenance":"Práve prebieha údržba servera \"{{server}}\". Skúste to neskôr.","setup-error-account-already-exists":"Tento účet je už nastavený.","setup-manual-config2":"Manuálne nastavenie","setup-manual-config-header":"Zadajte údaje","setup-manual-account-type":"Typ účtu","setup-manual-imap-header":"Nastavenia IMAP","setup-manual-pop3-header":"Nastavenia POP3","setup-manual-smtp-header":"Nastavenia SMTP","setup-manual-activesync-header":"Nastavenia ActiveSync","setup-manual-next":"Ďalej","setup-manual-socket":"Typ socketu","setup-manual-socket-ssl":"SSL","setup-manual-socket-starttls":"STARTTLS","setup-manual-hostname":{"placeholder":"Server"},"setup-manual-port":{"placeholder":"Číslo portu"},"setup-manual-username":{"placeholder":"Používateľské meno"},"setup-manual-activesync-username":{"placeholder":"Doména\\Používateľské meno"},"setup-bad-password-header":"Neplatné heslo","setup-bad-password":"Prihlásenie na server zlyhalo. Použili ste správne heslo?","setup-new-password":{"placeholder":"Nové heslo"},"setup-fix-password":"Skúsiť znova s novým heslom","setup-gmail-twofactor-header":"Prihlásenie pomocou verifikácie v dvoch krokoch zapnuté","setup-gmail-twofactor-message":"Musíte zadať heslo aplikácie.","setup-gmail-twofactor-fix":"Použiť heslo aplikácie","setup-gmail-imap-header":"IMAP nie je povolený","setup-gmail-imap-message":"Na svojom účte služby Gmail musíte povoliť IMAP ","setup-gmail-imap-retry":"Znova","setup-gmail-pop3-header":"POP3 je vypnuté","setup-gmail-pop3-message":"Na svojom účte služby Gmail musíte povoliť POP3","setup-gmail-pop3-retry":"Znova","settings-main-header":"Nastavenie pošty","settings-sub-header-account":"Účet","settings-account-name":"Vaše meno","settings-account-display-notifications":"Zobrazovať upozornenia na nové správy","settings-account-play-sound-onsend":"Prehrať zvuk po odoslaní správy","settings-account-signature-label":"Signature","signature-save":"Save Signature","signature-discard-confirm":"Discard","settings-sub-header-data":"Údaje","settings-account-check-mail":"Vyhľadávať nové správy","settings-sub-header-server":"Nastavenia servera","settings-account-userpass":"Používateľské meno a heslo","settings-default-signature":"Sent Using FirefoxOS","settings-done":"Hotovo","settings-account-section":"Účty","settings-account-add":"Pridať účet","settings-account-delete":"Odstrániť účet","settings-account-delete-prompt":"Naozaj chcete odstrániť poštový účet {{account}}? Ak následne účet znova vytvoríte, budete musieť opätovne prevziať všetky e-mailové správy.","settings-account-delete-cancel":"Zrušiť","settings-account-delete-confirm":"Odstrániť","settings-account-clarify-imap":"{{account-name}} (IMAP)","settings-account-clarify-pop3":"{{account-name}} (POP3)","settings-account-clarify-smtp":"{{account-name}} (SMTP)","settings-general-section":"Všeobecné nastavenia","settings-show-images":"Vždy zobrazovať obrázky","settings-download-attachments":"Prevziať prílohy","settings-check-every-5min":"každých 5 minút","settings-check-every-10min":"každých 10 minút","settings-check-every-15min":"každých 15 minút","settings-check-every-30min":"každých 30 minút","settings-check-every-60min":"každú hodinu","settings-check-every-manual":"manuálne","settings-check-dynamic":{"_index":["plural","n"],"_":{"zero":"sekúnd","one":"{{ n }} sekundu","two":"{{ n }} sekundy","few":"{{ n }} sekundy","many":"{{ n }} sekúnd","other":"{{ n }} sekúnd"}},"settings-default-account":"Nastaviť ako predvolený účet","settings-account-type":"Typ účtu","settings-account-credentials":"Prihlasovacie údaje","settings-activesync-label":"Nastavenia ActiveSync","settings-imap-label":"Nastavenia IMAP","settings-pop3-label":"Nastavenia POP3","settings-smtp-label":"Nastavenia SMTP","settings-hostname":"Server","settings-port":"Port","settings-username":"Používateľské meno","settings-password":"Heslo","settings-save":"Uložiť","settings-password-empty":"Pole s heslom nesmie byť prázdne","settings-account-synchronize-window":"Obdobie na synchronizáciu","settings-synchronize-auto":"Automaticky","settings-synchronize-one-day":"1 deň","settings-synchronize-three-days":"3 dni","settings-synchronize-one-week":"1 týždeň","settings-synchronize-two-weeks":"2 týždne","settings-synchronize-one-month":"1 mesiac","settings-synchronize-all":"Všetky správy","envelope-from":"Od","envelope-to":"Komu","envelope-cc":"Kópia","envelope-bcc":"Skrytá kópia","compose-header":"Vytvorenie správy","compose-header-short":"Nová správa","compose-send":"Odoslať","compose-to":"Komu","compose-cc":"Kópia","compose-bcc":"Skrytá kópia","compose-attachments":{"_index":["plural","n"],"_":{"zero":"Prílohy","one":"{{ n }} príloha","two":"{{ n }} prílohy","few":"{{ n }} prílohy","many":"{{ n }} príloh","other":"{{ n }} príloh"}},"compose-attachment-still-working":"Chvíľku strpenia, spracováva sa predchádzajúca príloha...","compose-subject":"Predmet","compose-draft-save":"Uložiť medzi Lokálne návrhy","compose-discard-message":"Zahodiť správu?","compose-discard-confirm":"Zahodiť","compose-send-message-failed":"Odoslania správy zlyhalo","composer-attachment-large":"Príloha je príliš veľká","composer-attachments-large":"Prílohy sú príliš veľké","compose-attchment-size-exceeded":"Zvolená príloha je príliš veľká, aby mohla byť odoslaná v tejto správe.","compose-attchments-size-exceeded":"Zvolené prílohy sú príliš veľké, aby mohli byť odoslané v tejto správe. Skúste priložiť menej súborov.","dialog-button-ok":"OK","default-attachment-filename":"attachment{{ n }}","attachment-size-kib":"{{kilobytes}} kB","message-attachment-view":{"textContent":"Zobraziť"},"message-attachment-too-large":"Nie je možné prevziať súbor, pretože je príliš veľký.","message-no-subject":"(bez predmetu)","message-edit-menu-edit":"Edit","message-edit-menu-delete":"Odstrániť","message-edit-delete-confirm":"Odstrániť e-mailovú správu?","message-send-attachment-disabled-confirm":"Prílohy nie je možné odoslať ďalej.","message-multiedit-header":{"_index":["plural","n"],"_":{"zero":"Upraviť","one":"{{ n }} označená","two":"{{ n }} označené","few":"{{ n }} označené","many":"{{ n }} označených","other":"{{ n }} označených"}},"browse-to-url-prompt":"Prejsť na adresu: {{ url }}","message-download-images":{"_index":["plural","n"],"_":{"one":"Táto správa obsahuje jeden obrázok. Ťuknutím sem ho prevezmete.","two":"Táto správa obsahuje {{ n }} obrázky. Ťuknutím sem ich prevezmete.","few":"Táto správa obsahuje {{ n }} obrázky. Ťuknutím sem ich prevezmete.","many":"Táto správa obsahuje {{ n }} obrázkov. Ťuknutím sem ich prevezmete.","other":"Táto správa obsahuje {{ n }} obrázkov. Ťuknutím sem ich prevezmete."}},"message-show-external-images":"Zobraziť externé obrázky","message-multiedit-cancel":"Zrušiť","message-multiedit-delete-confirm":{"_index":["plural","n"],"_":{"one":"Naozaj chcete odstrániť túto e-mailovú správu?","two":"Naozaj chcete odstrániť {{ n }} e-mailové správy?","few":"Naozaj chcete odstrániť {{ n }} e-mailové správy?","many":"Naozaj chcete odstrániť {{ n }} e-mailových správ?","other":"Naozaj chcete odstrániť {{ n }} e-mailových správ?"}},"message-large-message-cancel":"Zrušiť","message-large-message-ok":"Pokračovať","message-large-message-confirm":"Táto správa je veľká a jej prevzatie môže trvať dlhšie.","message-search-from":"Od","message-search-to":"Komu","message-search-subject":"Predmet","message-search-body":"Telo","message-search-all":"Všetko","message-search-input":{"placeholder":"Prehľadávať správy"},"message-search-cancel":"Zrušiť","messages-syncing":"Načítavajú sa správy","messages-sync-more":"Načítať ďalšie správy zo servera","messages-folder-empty":"V tomto priečinku sa nenachádza žiadna správa","messages-search-empty":"Žiadne zhodné správy v lokálnej vyrovnávacej pamäti","messages-folder-select":"Zvoliť priečinok","message-contact-menu-create":"Uložiť nový kontakt","message-contact-menu-add-existing":"Pridať k existujúcemu kontaktu","message-contact-menu-view":"Zobraziť kontakt","message-contact-menu-reply":"Odpovedať","message-contact-menu-new":"Odoslať novú správu","message-reply-menu-reply":"Odpovedať","message-reply-menu-reply-all":"Odpovedať všetkým","message-reply-menu-forward":"Poslať ďalej","message-reply-menu-cancel":"Zrušiť","reply-quoting-wrote":"{name} napísal","forward-original-message":"Pôvodná správa","forward-header-subject":"Predmet","forward-header-date":"Dátum","forward-header-from":"Od","forward-header-reply-to":"Odpoveď na","forward-header-to":"Komu","forward-header-cc":"Kópia","folder-inbox":"Doručená pošta","folder-sent":"Odoslaná pošta","folder-drafts":"Návrhy","folder-trash":"Odpadkový kôš","folder-queue":"Pošta na odoslanie","folder-junk":"Spam","folder-archives":"Archívy","folder-localdrafts":"Lokálne návrhy","folder-outbox":"Outbox","drawer-back":"Naspäť","drawer-accounts-header":"Účty","drawer-settings-link":"Nastavenia","folder-last-synced-label":"Synchronizované:","message-list-top-action":"Top","toaster-undo":"Späť","toaster-retry":"Znova","toaster-message-star":{"_index":["plural","n"],"_":{"one":"1 správa bola označená hviezdou","two":"{{ n }} správy boli označené hviezdou","few":"{{ n }} správy boli označené hviezdou","many":"{{ n }} správ bolo označených hviezdou","other":"{{ n }} správ bolo označených hviezdou"}},"toaster-message-unstar":{"_index":["plural","n"],"_":{"one":"Označenie hviezdou bolo odstránené pre 1 správu","two":"Označenie hviezdou bolo odstránené pre {{ n }} správy","few":"Označenie hviezdou bolo odstránené pre {{ n }} správy","many":"Označenie hviezdou bolo odstránené pre {{ n }} správ","other":"Označenie hviezdou bolo odstránené pre {{ n }} správ"}},"toaster-message-read":{"_index":["plural","n"],"_":{"one":"1 správa bola označená ako prečítaná","two":"{{ n }} správy boli označené ako prečítané","few":"{{ n }} správy boli označené ako prečítané","many":"{{ n }} správ bolo označených ako prečítané","other":"{{ n }} správ bolo označených ako prečítané"}},"toaster-message-unread":{"_index":["plural","n"],"_":{"one":"1 správa bola označená ako neprečítaná","two":"{{ n }} správy boli označené ako neprečítané","few":"{{ n }} správy boli označené ako neprečítané","many":"{{ n }} správ bolo označených ako neprečítané","other":"{{ n }} správ bolo označených ako neprečítané"}},"toaster-message-move":{"_index":["plural","n"],"_":{"one":"1 správa bola presunutá","two":"{{ n }} správy boli presunuté","few":"{{ n }} správy boli presunuté","many":"{{ n }} správ bolo presunutých","other":"{{ n }} správ bolo presunutých"}},"toaster-message-delete":{"_index":["plural","n"],"_":{"one":"1 správa bola odstránená","two":"{{ n }} správy boli odstránené","few":"{{ n }} správy boli odstránené","many":"{{ n }} správ bolo odstránených","other":"{{ n }} správ bolo odstránených"}},"toaster-retryable-syncfailed":"Pripojenie k serveru zlyhalo","compose-invalid-addresses-title":"Invalid Addresses","compose-invalid-addresses-description":"Your message contains one or more invalid email addresses. Please correct them before sending.","background-send-pending":"Network unavailable. Email saved to outbox.","background-send-sending":"Sending mail…","background-send-success":"Email sent.","background-send-error":"Error occurred. Email saved to outbox.","background-send-error-recipients":"Recipient error. Email saved to outbox.","background-send-error-title":"Mail failed to send","send-failure-recipients":"Check the spelling of the addresses above. Your mail server indicated one or more of the addresses above are incorrect.","send-failure-unknown":"The message could not be sent.","form-clear-input":"Odstrániť text","confirm-dialog-title":"Potvrdenie","senders-separation-sign":", ","new-emails":{"_index":["plural","n"],"_":{"one":"1 nová e-mailová správa","two":"{{ n }} nové e-mailové správy","few":"{{ n }} nové e-mailové správy","many":"{{ n }} nových e-mailových správ","other":"{{ n }} nových e-mailových správ"}},"new-emails-notify-one-account":{"_index":["plural","n"],"_":{"one":"1 nová e-mailová správa","two":"{{ n }} nové e-mailové správy","few":"{{ n }} nové e-mailové správy","many":"{{ n }} nových e-mailových správ","other":"{{ n }} nových e-mailových správ"}},"new-emails-notify-multiple-accounts":{"_index":["plural","n"],"_":{"one":"1 nová e-mailová správa ({{ accountName }})","two":"{{ n }} nové e-mailové správy ({{ accountName }})","few":"{{ n }} nové e-mailové správy ({{ accountName }})","many":"{{ n }} nových e-mailových správ ({{ accountName }})","other":"{{ n }} nových e-mailových správ ({{ accountName }})"}},"new-emails-notify-multiple-accounts-body":"{{ from }} “{{ subject }}”","weekday-0-long":"Nedeľa","weekday-1-long":"Pondelok","weekday-2-long":"Utorok","weekday-3-long":"Streda","weekday-4-long":"Štvrtok","weekday-5-long":"Piatok","weekday-6-long":"Sobota","weekday-0-short":"Ne","weekday-1-short":"Po","weekday-2-short":"Ut","weekday-3-short":"St","weekday-4-short":"Št","weekday-5-short":"Pi","weekday-6-short":"So","month-0-long":"Január","month-1-long":"Február","month-2-long":"Marec","month-3-long":"Apríl","month-4-long":"Máj","month-5-long":"Jún","month-6-long":"Júl","month-7-long":"August","month-8-long":"September","month-9-long":"Október","month-10-long":"November","month-11-long":"December","month-0-genitive":"januára","month-1-genitive":"februára","month-2-genitive":"marca","month-3-genitive":"apríla","month-4-genitive":"mája","month-5-genitive":"júna","month-6-genitive":"júla","month-7-genitive":"augusta","month-8-genitive":"septembra","month-9-genitive":"októbra","month-10-genitive":"novembra","month-11-genitive":"decembra","month-0-short":"jan","month-1-short":"feb","month-2-short":"mar","month-3-short":"apr","month-4-short":"máj","month-5-short":"jún","month-6-short":"júl","month-7-short":"aug","month-8-short":"sep","month-9-short":"okt","month-10-short":"nov","month-11-short":"dec","minutes-ago-long":{"_index":["plural","value"],"_":{"zero":"teraz","one":"pred minútou","two":"pred {{value}} minútami","few":"pred {{value}} minútami","many":"pred {{value}} minútami","other":"pred {{value}} minútami"}},"hours-ago-long":{"_index":["plural","value"],"_":{"zero":"teraz","one":"pred hodinou","two":"pred {{value}} hodinami","few":"pred {{value}} hodinami","many":"pred {{value}} hodinami","other":"pred {{value}} hodinami"}},"days-ago-long":{"_index":["plural","value"],"_":{"zero":"dnes","one":"včera","two":"pred {{value}} dňami","few":"pred {{value}} dňami","many":"pred {{value}} dňami","other":"pred {{value}} dňami"}},"weeks-ago-long":{"_index":["plural","value"],"_":{"zero":"tento týždeň","one":"minulý týždeň","two":"pred {{value}} týždňami","few":"pred {{value}} týždňami","many":"pred {{value}} týždňami","other":"pred {{value}} týždňami"}},"months-ago-long":{"_index":["plural","value"],"_":{"zero":"tento mesiac","one":"minulý mesiac","two":"pred {{value}} mesiacmi","few":"pred {{value}} mesiacmi","many":"pred {{value}} mesiacmi","other":"pred {{value}} mesiacmi"}},"years-ago-long":{"_index":["plural","value"],"_":{"zero":"tento rok","one":"minulý rok","two":"pred {{value}} rokmi","few":"pred {{value}} rokmi","many":"pred {{value}} rokmi","other":"pred {{value}} rokmi"}},"minutes-until-long":{"_index":["plural","value"],"_":{"zero":"teraz","one":"o minútu","two":"o {{value}} minúty","few":"o {{value}} minúty","many":"o {{value}} minút","other":"o {{value}} minút"}},"hours-until-long":{"_index":["plural","value"],"_":{"zero":"teraz","one":"o hodinu","two":"o {{value}} hodiny","few":"o {{value}} hodiny","many":"o {{value}} hodín","other":"o {{value}} hodín"}},"days-until-long":{"_index":["plural","value"],"_":{"zero":"dnes","one":"zajtra","two":"o {{value}} dni","few":"o {{value}} dni","many":"o {{value}} dní","other":"o {{value}} dní"}},"weeks-until-long":{"_index":["plural","value"],"_":{"zero":"tento týždeň","one":"budúci týždeň","two":"o {{value}} týždne","few":"o {{value}} týždne","many":"o {{value}} týždňov","other":"o {{value}} týždňov"}},"months-until-long":{"_index":["plural","value"],"_":{"zero":"tento mesiac","one":"budúci mesiac","two":"o {{value}} mesiace","few":"o {{value}} mesiace","many":"o {{value}} mesiacov","other":"o {{value}} mesiacov"}},"years-until-long":{"_index":["plural","value"],"_":{"zero":"tento rok","one":"budúci rok","two":"o {{value}} roky","few":"o {{value}} roky","many":"o {{value}} rokov","other":"o {{value}} rokov"}},"minutes-ago-short":{"_index":["plural","value"],"_":{"zero":"teraz","other":"pred {{value}}m"}},"hours-ago-short":{"_index":["plural","value"],"_":{"zero":"teraz","other":"pred {{value}}h"}},"days-ago-short":{"_index":["plural","value"],"_":{"zero":"dnes","other":"pred {{value}}d"}},"minutes-until-short":{"_index":["plural","value"],"_":{"zero":"teraz","other":"o {{value}}m"}},"hours-until-short":{"_index":["plural","value"],"_":{"zero":"teraz","other":"o {{value}}h"}},"days-until-short":{"_index":["plural","value"],"_":{"zero":"dnes","other":"o {{value}}d"}},"incorrectDate":"(neplatný dátum)","dateTimeFormat_%c":"%a, %e. %b %Y %H:%M:%S","dateTimeFormat_%x":"%d.%m.%Y","dateTimeFormat_%X":"%H:%M:%S","shortTimeFormat":"%H:%M","shortDateTimeFormat":"%x %H:%M","weekStartsOnMonday":"1","time_am":"AM","time_pm":"PM"}