{"setup-app-name-header":"Е-пошта","setup-empty-account-prompt":"Нисте подесили слање и пријем е-поште. Да ли желите то учинити сада?","setup-pick-service":"Да бисте слали и примали e-пошту, требате подесити налог.","setup-account-header3":"Нов налог","setup-info-name":{"placeholder":"Ваше име"},"setup-info-email":{"placeholder":"korisnik@domen.com"},"setup-info-password":{"placeholder":"Лозинка"},"setup-info-next":"Следеће","setup-progress-wait-msg":"Подешавање налога","setup-completed-header":"Подешавање налога","setup-completed-label":"Готово!","setup-add-another-account":"Додај нови налог","setup-show-mail":"Настави на е-пошту","setup-error-offline":"Овај уређај је тренутно ван мреже. Прикључите се на мрежу и покушајте поново.","setup-error-bad-user-or-pass2":"Неисправно корисничко име или лозинка. Проверите има ли грешака у писању.","setup-error-bad-address":"Неисправна е-пошта. Проверите има ли грешака у писању.","setup-error-not-authorized":"Сервер јавља да нисте овлашћени за прављење налога","setup-error-pop-server-not-great":"Сервер није подржан. POP3 сервер не садржи захтеване могућности.","setup-error-unknown2":"Десила се непозната грешка. Проверите своју мрежну везу или покушајте ручно подешавање.","setup-error-needs-app-pass":"Морате користити посебну лозинку за апликације код Gmail налога.","setup-error-imap-disabled":"Морате омогућити IMAP протокол за Ваш Gmail налог","setup-error-pop3-disabled":"Морате омогућити POP3 за Ваш Gmail налог","setup-error-bad-security":"Није могуће успоставити безбедну везу са „{{server}}“. Можда имате потешкоћа са мрежом или сервером.","setup-error-unresponsive-server":"Неуспешно успостављање везе са „{{server}}“. Можда постоји проблем са мрежом.","setup-error-server-problem":"Сервер „{{server}}“ има потешкоће. Покушајте поново касније.","setup-error-no-config-info":"Аутоматско подешавање Вашег налога није успело. Исправите адресу е-поште или покушајте са могућношћу ручног подешавања.","setup-error-server-maintenance":"Сервер „{{server}}“ је ван мреже због одржавања. Покушајте поново касније.","setup-error-account-already-exists":"Овај налог је већ подешен.","setup-manual-config2":"Ручно подешавање","setup-manual-config-header":"Подешавање","setup-manual-account-type":"Врста налога","setup-manual-imap-header":"IMAP поставке","setup-manual-pop3-header":"POP3 поставке","setup-manual-smtp-header":"SMTP поставке","setup-manual-activesync-header":"ActiveSync поставке","setup-manual-next":"Даље","setup-manual-socket":"Врста прикључка","setup-manual-socket-ssl":"SSL","setup-manual-socket-starttls":"STARTTLS","setup-manual-hostname":{"placeholder":"Назив host-а"},"setup-manual-port":{"placeholder":"Порт"},"setup-manual-username":{"placeholder":"Корисничко име"},"setup-manual-activesync-username":{"placeholder":"Домен\\Корисничко име"},"setup-bad-password-header":"Неисправна лозинка!","setup-bad-password":"Пријава на сервер није успела. Да ли је лозинка исправна?","setup-new-password":{"placeholder":"Нова лозинка"},"setup-fix-password":"Покушајте поново са новом лозинком","setup-gmail-twofactor-header":"Two-Factor омогућен","setup-gmail-twofactor-message":"Испод треба унети лозинку издану за ову апликацију.","setup-gmail-twofactor-fix":"Употребите лозинку апликације","setup-gmail-imap-header":"IMAP је онемогућен","setup-gmail-imap-message":"Морате омогућити IMAP на Вашем Gmail налогу","setup-gmail-imap-retry":"Покушај поново","setup-gmail-pop3-header":"POP3 онемогућен","setup-gmail-pop3-message":"Морате омогућити POP3 на Вашем Gmail налогу","setup-gmail-pop3-retry":"Покушај поново","settings-main-header":"Поставке","settings-sub-header-account":"Налог","settings-account-name":"Ваше име","settings-account-display-notifications":"Прикажи обавештења за нове поруке","settings-account-play-sound-onsend":"Пусти звук након што је порука послата","settings-account-signature-label":"Signature","signature-save":"Save Signature","signature-discard-confirm":"Discard","settings-sub-header-data":"Подаци","settings-account-check-mail":"Провери за нове поруке","settings-sub-header-server":"Поставке сервера","settings-account-userpass":"Корисничко име и лозинка","settings-default-signature":"Sent Using FirefoxOS","settings-done":"Завршено","settings-account-section":"Налози","settings-account-add":"Додај налог","settings-account-delete":"Обриши налог","settings-account-delete-prompt":"Да ли сте сигурни да желите обрисати {{account}} налог e-поште? Мораћете опет преузети све поруке ако поново правите налог.","settings-account-delete-cancel":"Откажи","settings-account-delete-confirm":"Обриши","settings-account-clarify-imap":"{{account-name}} (IMAP)","settings-account-clarify-pop3":"{{account-name}} (POP3)","settings-account-clarify-smtp":"{{account-name}} (SMTP)","settings-general-section":"Опште поставке","settings-show-images":"Увек приказуј слике","settings-download-attachments":"Преузимај прилоге","settings-check-every-5min":"Сваких 5 минута","settings-check-every-10min":"Сваких 10 минута","settings-check-every-15min":"Сваких 15 минута","settings-check-every-30min":"Сваких 30 минута","settings-check-every-60min":"Сваки сат","settings-check-every-manual":"Ручно","settings-check-dynamic":{"_index":["plural","n"],"_":{"zero":"секунди","one":"{{ n }} секунда","two":"{{ n }} секунде","few":"{{ n }} секунди","many":"{{ n }} секунди","other":"{{ n }} секунди"}},"settings-default-account":"Подразумевани налог","settings-account-type":"Врста налога","settings-account-credentials":"Акредитиви","settings-activesync-label":"АctiveSync поставке","settings-imap-label":"IMAP поставке","settings-pop3-label":"POP3 поставке","settings-smtp-label":"SMTP поставке","settings-hostname":"Назив host-а","settings-port":"Порт","settings-username":"Корисничко име","settings-password":"Лозинка","settings-save":"Сачувај","settings-password-empty":"Поља за унос лозинке не смеју бити празна","settings-account-synchronize-window":"Дани за синхронизацију","settings-synchronize-auto":"Аутоматски","settings-synchronize-one-day":"1 дан","settings-synchronize-three-days":"3 дана","settings-synchronize-one-week":"1 недеља","settings-synchronize-two-weeks":"2 недеље","settings-synchronize-one-month":"1 месец","settings-synchronize-all":"Све поруке","envelope-from":"Од","envelope-to":"За","envelope-cc":"Cc","envelope-bcc":"Bcc","compose-header":"Састави поруку","compose-header-short":"Састави","compose-send":"Пошаљи","compose-to":"За","compose-cc":"cc","compose-bcc":"bcc","compose-attachments":{"_index":["plural","n"],"_":{"zero":"Прилога","one":"{{ n }} прилог","two":"{{ n }} прилога","few":"{{ n }} прилога","many":"{{ n }} прилога","other":"{{ n }} прилога"}},"compose-attachment-still-working":"Молим сачекајте, још увек радим на претходном прилогу…","compose-subject":"Тема","compose-draft-save":"Сними у фасцикли Недовршене","compose-discard-message":"Обрисати поруку?","compose-discard-confirm":"Обриши","compose-send-message-failed":"Слање е-поште није успело","composer-attachment-large":"Прилог је превелик","composer-attachments-large":"Прилози су превелики","compose-attchment-size-exceeded":"Одабрани прилог је превелик за поруку.","compose-attchments-size-exceeded":"Одабрани прилози су превелики за ову поруку. Одаберите мање датотека.","dialog-button-ok":"У реду","default-attachment-filename":"прилог{{ n }}","attachment-size-kib":"{{kilobytes}}K","message-attachment-view":"Прикажи","message-attachment-too-large":"Датотека је превелика да би се преузела.","message-no-subject":"(без теме)","message-edit-menu-edit":"Уреди","message-edit-menu-delete":"Обриши","message-edit-delete-confirm":"Обрисати поруку?","message-send-attachment-disabled-confirm":"Прилози не могу бити прослеђени.","message-multiedit-header":{"_index":["plural","n"],"_":{"zero":"Уреди","one":"{{ n }} одабрану","two":"{{ n }} одабране","few":"{{ n }} одабраних","many":"{{ n }} одабраних","other":"{{ n }} одабраних"}},"browse-to-url-prompt":"Посетити адресу?: {{ url }}","message-download-images":{"_index":["plural","n"],"_":{"one":"Ова порука садржи једну слику. Притисните за преузимање.","two":"Ова порука садржи {{ n }} слике. Притисните за преузимање.","few":"Ова порука садржи {{ n }} слика. Притисните за преузимање.","many":"Ова порука садржи {{ n }} слика. Притисните за преузимање.","other":"Ова порука садржи {{ n }} слика. Притисните за преузимање."}},"message-show-external-images":"Приказуј спољне слике","message-multiedit-cancel":"Откажи","message-multiedit-delete-confirm":{"_index":["plural","n"],"_":{"one":"Обрисати ову поруку?","two":"Обрисати {{ n }} поруке?","few":"Обрисати {{ n }} порука?","many":"Обрисати {{ n }} порука?","other":"Обрисати {{ n }} порука?"}},"message-large-message-cancel":"Откажи","message-large-message-ok":"Настави","message-large-message-confirm":"Ова порука је велика и може потрајати док се не преузме.","message-search-from":"Од","message-search-to":"За","message-search-subject":"Тема","message-search-body":"Текст","message-search-all":"Све","message-search-input":{"placeholder":"Претражи поруке"},"message-search-cancel":"Откажи","messages-syncing":"Учитавање порука","messages-sync-more":"Учитај још порука од сервера","messages-folder-empty":"Нема порука у овој фасцикли","messages-search-empty":"Нема поклапања у локално кешираним порукама","messages-folder-select":"Изабери фасциклу","message-contact-menu-create":"Запамти нови контакт","message-contact-menu-add-existing":"Додај у постојећи контакт","message-contact-menu-view":"Погледај контакт","message-contact-menu-reply":"Одговори","message-contact-menu-new":"Пошаљи нову е-пошту","message-reply-menu-reply":"Одговори","message-reply-menu-reply-all":"Одговори свима","message-reply-menu-forward":"Проследи","message-reply-menu-cancel":"Откажи","reply-quoting-wrote":"{name} пише","forward-original-message":"Изворна порука","forward-header-subject":"Тема","forward-header-date":"Датум","forward-header-from":"Од","forward-header-reply-to":"Одговорити","forward-header-to":"За","forward-header-cc":"Cc","folder-inbox":"Пријемно сандуче","folder-sent":"Послато","folder-drafts":"Недовршене","folder-trash":"Смеће","folder-queue":"Непослато","folder-junk":"Отпад","folder-archives":"Складиште","folder-localdrafts":"Недовршене","folder-outbox":"За слање","drawer-back":"Назад","drawer-accounts-header":"Налози","drawer-settings-link":"Поставке","folder-last-synced-label":"Последња синхронизација:","message-list-top-action":"На врх","toaster-undo":"Поништи","toaster-retry":"Покушај поново","toaster-message-star":{"_index":["plural","n"],"_":{"one":"1 порука са постављеном ознаком","two":"{{ n }} поруке са постављеном ознаком","few":"{{ n }} порука са постављеном ознаком","many":"{{ n }} порука са постављеном ознаком","other":"{{ n }} порука са постављеном ознаком"}},"toaster-message-unstar":{"_index":["plural","n"],"_":{"one":"Уклоњена 1 ознака поруке","two":"Уклоњене {{ n }} ознаке поруке","few":"Уклоњено {{ n }} ознака поруке","many":"Уклоњено {{ n }} ознака поруке","other":"Уклоњено {{ n }} ознака поруке"}},"toaster-message-read":{"_index":["plural","n"],"_":{"one":"1 порука је означена као прочитана","two":"{{ n }} поруке су означене као прочитане","few":"{{ n }} порукa је означенo као прочитано","many":"{{ n }} порука је означено као прочитано","other":"{{ n }} порука је означено као прочитано"}},"toaster-message-unread":{"_index":["plural","n"],"_":{"one":"1 порука је означена као непрочитана","two":"{{ n }} поруке су означене као непрочитане","few":"{{ n }} порукa је означено као непрочитанo","many":"{{ n }} порука је означено као непрочитанo","other":"{{ n }} порука је означено као непрочитанo"}},"toaster-message-move":{"_index":["plural","n"],"_":{"one":"1 порука је премештена","two":"{{ n }} поруке су премештене","few":"{{ n }} порукa је премештено","many":"{{ n }} порука је премештено","other":"{{ n }} порука је премештено"}},"toaster-message-delete":{"_index":["plural","n"],"_":{"one":"1 порука је обрисана","two":"{{ n }} поруке су обрисане","few":"{{ n }} порукa је обрисано","many":"{{ n }} порука је обрисано","other":"{{ n }} порука је обрисано"}},"toaster-retryable-syncfailed":"Неуспешно повезивање са сервером","compose-invalid-addresses-title":"Неважеће адресе","compose-invalid-addresses-description":"Ваша порука садржи једну или више неважећих адреса е-поште. Исправите их пре слања.","background-send-pending":"Мрежа недоступна. Е-пошта је сачувана у За слање.","background-send-sending":"Шаљем е-пошту…","background-send-success":"Е-пошта послата.","background-send-error":"Дошло је до грешке. Е-пошта је сачувана у За слање.","background-send-error-recipients":"Грешка прималаца. Е-пошта је сачувана у За слање.","background-send-error-title":"Пошта није послата","send-failure-recipients":"Проверите правопис горе наведених адреса. Ваш сервер е-поште је назначио да је барем једна од наведених адреса нетачна.","send-failure-unknown":"Ова порука нија могла бити послата.","form-clear-input":"Уклони текст","confirm-dialog-title":"Потврда","senders-separation-sign":", ","new-emails":{"_index":["plural","n"],"_":{"one":"1 нова е-пошта","two":"{{ n }} нове е-поште","few":"{{ n }} нових е-пошти","many":"{{ n }} нових е-пошти","other":"{{ n }} нових е-пошти"}},"new-emails-notify-one-account":{"_index":["plural","n"],"_":{"one":"1 нова е-пошта","two":"{{ n }} нове е-поште","few":"{{ n }} нових е-пошти","many":"{{ n }} нових е-пошти","other":"{{ n }} нових е-пошти"}},"new-emails-notify-multiple-accounts":{"_index":["plural","n"],"_":{"one":"1 нова е-пошта за ({{ accountName }})","two":"{{ n }} нове е-поште за ({{ accountName }})","few":"{{ n }} нових е-пошти за ({{ accountName }})","many":"{{ n }} нових е-пошти за ({{ accountName }})","other":"{{ n }} нових е-пошти за ({{ accountName }})"}},"new-emails-notify-multiple-accounts-body":"{{ from }} “{{ subject }}”","weekday-0-long":"Недеља","weekday-1-long":"Понедељак","weekday-2-long":"Уторак","weekday-3-long":"Среда","weekday-4-long":"Четвртак","weekday-5-long":"Петак","weekday-6-long":"Субота","weekday-0-short":"Нед","weekday-1-short":"Пон","weekday-2-short":"Уто","weekday-3-short":"Сре","weekday-4-short":"Чет","weekday-5-short":"Пет","weekday-6-short":"Суб","month-0-long":"јануар","month-1-long":"фебруар","month-2-long":"март","month-3-long":"април","month-4-long":"мај","month-5-long":"јун","month-6-long":"јул","month-7-long":"август","month-8-long":"септембар","month-9-long":"октобар","month-10-long":"новембар","month-11-long":"децембар","month-0-genitive":"јануара","month-1-genitive":"фебруара","month-2-genitive":"марта","month-3-genitive":"априла","month-4-genitive":"маја","month-5-genitive":"јуна","month-6-genitive":"јула","month-7-genitive":"августа","month-8-genitive":"септембра","month-9-genitive":"октобра","month-10-genitive":"новембра","month-11-genitive":"децембра","month-0-short":"јан","month-1-short":"феб","month-2-short":"мар","month-3-short":"апр","month-4-short":"мај","month-5-short":"јун","month-6-short":"јул","month-7-short":"авг","month-8-short":"сеп","month-9-short":"окт","month-10-short":"нов","month-11-short":"дец","minutes-ago-long":{"_index":["plural","value"],"_":{"zero":"управо","one":"пре минут","two":"пре {{value}} минута","few":"пре {{value}} минута","many":"пре {{value}} минута","other":"пре {{value}} минута"}},"hours-ago-long":{"_index":["plural","value"],"_":{"zero":"управо","one":"пре сат времена","two":"пре {{value}} сата","few":"пре {{value}} сати","many":"пре {{value}} сати","other":"пре {{value}} сати"}},"days-ago-long":{"_index":["plural","value"],"_":{"zero":"данас","one":"јуче","two":"пре {{value}} дана","few":"пре {{value}} дана","many":"пре {{value}} дана","other":"пре {{value}} дана"}},"weeks-ago-long":{"_index":["plural","value"],"_":{"zero":"ове недеље","one":"прошле недеље","two":"пре {{value}} недеље","few":"пре {{value}} недеља","many":"пре {{value}} недеља","other":"пре {{value}} недеља"}},"months-ago-long":{"_index":["plural","value"],"_":{"zero":"овог месеца","one":"прошлог месеца","two":"пре {{value}} месеца","few":"пре {{value}} месеци","many":"пре {{value}} месеци","other":"пре {{value}} месеци"}},"years-ago-long":{"_index":["plural","value"],"_":{"zero":"ове године","one":"прошле године","two":"пре {{value}} године","few":"пре {{value}} година","many":"пре {{value}} година","other":"пре {{value}} година"}},"minutes-until-long":{"_index":["plural","value"],"_":{"zero":"управо","one":"за један минут","two":"за {{value}} минута","few":"за {{value}} минута","many":"за {{value}} минута","other":"за {{value}} минута"}},"hours-until-long":{"_index":["plural","value"],"_":{"zero":"управо","one":"за сат времена","two":"за {{value}} сата","few":"за {{value}} сати","many":"за {{value}} сати","other":"за {{value}} сати"}},"days-until-long":{"_index":["plural","value"],"_":{"zero":"данас","one":"сутра","two":"за {{value}} дана","few":"за {{value}} дана","many":"за {{value}} дана","other":"за {{value}} дана"}},"weeks-until-long":{"_index":["plural","value"],"_":{"zero":"ове недеље","one":"следеће недеље","two":"за {{value}} недеље","few":"за {{value}} недеља","many":"за {{value}} недеља","other":"за {{value}} недеља"}},"months-until-long":{"_index":["plural","value"],"_":{"zero":"овог месеца","one":"следећег месеца","two":"за {{value}} месеца","few":"за {{value}} месеци","many":"за {{value}} месеци","other":"за {{value}} месеци"}},"years-until-long":{"_index":["plural","value"],"_":{"zero":"ове године","one":"следеће године","two":"за {{value}} године","few":"за {{value}} година","many":"за {{value}} година","other":"за {{value}} година"}},"minutes-ago-short":{"_index":["plural","value"],"_":{"zero":"управо","other":"пре {{value}}м"}},"hours-ago-short":{"_index":["plural","value"],"_":{"zero":"управо","other":"пре {{value}}с"}},"days-ago-short":{"_index":["plural","value"],"_":{"zero":"данас","other":"пре {{value}}д"}},"minutes-until-short":{"_index":["plural","value"],"_":{"zero":"управо","other":"за {{value}}м"}},"hours-until-short":{"_index":["plural","value"],"_":{"zero":"управо","other":"за {{value}}с"}},"days-until-short":{"_index":["plural","value"],"_":{"zero":"данас","other":"за {{value}}д"}},"incorrectDate":"(нетачан датум)","dateTimeFormat_%c":"%a %e %b %Y %H:%M:%S","dateTimeFormat_%x":"%d.%m.%Y","dateTimeFormat_%X":"%H:%M:%S","shortTimeFormat":"%H:%M","shortDateTimeFormat":"%x %H:%M","weekStartsOnMonday":"1","time_am":"AM","time_pm":"PM"}