{"setup-app-name-header":"E-pošta","setup-empty-account-prompt":"Niste podesili slanje i prijem e-pošte. Da li želite to učiniti sada?","setup-pick-service":"Da biste slali i primali e-poštu, trebate podesiti nalog.","setup-account-header3":"Nov nalog","setup-info-name":{"placeholder":"Vaše ime"},"setup-info-email":{"placeholder":"korisnik@domen.com"},"setup-info-password":{"placeholder":"Lozinka"},"setup-info-next":"Sledeće","setup-progress-wait-msg":"Podešavanje naloga","setup-completed-header":"Podešavanje naloga","setup-completed-label":"Gotovo!","setup-add-another-account":"Dodaj novi nalog","setup-show-mail":"Nastavi na e-poštu","setup-error-offline":"Ovaj uređaj je trenutno van mreže. Priključite se na mrežu i pokušajte ponovo.","setup-error-bad-user-or-pass2":"Neispravno korisničko ime ili lozinka. Proverite ima li grešaka u pisanju.","setup-error-bad-address":"Neispravna e-pošta. Proverite ima li grešaka u pisanju.","setup-error-not-authorized":"Server javlja da niste ovlašćeni za pravljenje naloga","setup-error-pop-server-not-great":"Server nije podržan. POP3 server ne sadrži zahtevane mogućnosti.","setup-error-unknown2":"Desila se nepoznata greška. Proverite svoju mrežnu vezu ili pokušajte ručno podešavanje.","setup-error-needs-app-pass":"Morate koristiti posebnu lozinku za aplikacije kod Gmail naloga.","setup-error-imap-disabled":"Morate omogućiti IMAP protokol za Vaš Gmail nalog","setup-error-pop3-disabled":"Morate omogućiti POP3 za Vaš Gmail nalog","setup-error-bad-security":"Nije moguće uspostaviti bezbednu vezu sa „{{server}}“. Možda imate poteškoća sa mrežom ili serverom.","setup-error-unresponsive-server":"Neuspešno uspostavljanje veze sa „{{server}}“. Možda postoji problem sa mrežom.","setup-error-server-problem":"Server „{{server}}“ ima poteškoće. Pokušajte ponovo kasnije.","setup-error-no-config-info":"Automatsko podešavanje Vašeg naloga nije uspelo. Ispravite adresu e-pošte ili pokušajte sa mogućnošću ručnog podešavanja.","setup-error-server-maintenance":"Server „{{server}}“ je van mreže zbog održavanja. Pokušajte ponovo kasnije.","setup-error-account-already-exists":"Ovaj nalog je već podešen.","setup-manual-config2":"Ručno podešavanje","setup-manual-config-header":"Podešavanje","setup-manual-account-type":"Vrsta naloga","setup-manual-imap-header":"IMAP postavke","setup-manual-pop3-header":"POP3 postavke","setup-manual-smtp-header":"SMTP postavke","setup-manual-activesync-header":"ActiveSync postavke","setup-manual-next":"Dalje","setup-manual-socket":"Vrsta priključka","setup-manual-socket-ssl":"SSL","setup-manual-socket-starttls":"STARTTLS","setup-manual-hostname":{"placeholder":"Naziv host-a"},"setup-manual-port":{"placeholder":"Port"},"setup-manual-username":{"placeholder":"Korisničko ime"},"setup-manual-activesync-username":{"placeholder":"Domen\\Korisničko ime"},"setup-bad-password-header":"Neispravna lozinka!","setup-bad-password":"Prijava na server nije uspela. Da li je lozinka ispravna?","setup-new-password":{"placeholder":"Nova lozinka"},"setup-fix-password":"Pokušajte ponovo sa novom lozinkom","setup-gmail-twofactor-header":"Two-Factor omogućen","setup-gmail-twofactor-message":"Ispod treba uneti lozinku izdanu za ovu aplikaciju.","setup-gmail-twofactor-fix":"Upotrebite lozinku aplikacije","setup-gmail-imap-header":"IMAP je onemogućen","setup-gmail-imap-message":"Morate omogućiti IMAP na Vašem Gmail nalogu","setup-gmail-imap-retry":"Pokušaj ponovo","setup-gmail-pop3-header":"POP3 onemogućen","setup-gmail-pop3-message":"Morate omogućiti POP3 na Vašem Gmail nalogu","setup-gmail-pop3-retry":"Pokušaj ponovo","settings-main-header":"Postavke","settings-sub-header-account":"Nalog","settings-account-name":"Vaše ime","settings-account-display-notifications":"Prikaži obaveštenja za nove poruke","settings-account-play-sound-onsend":"Pusti zvuk nakon što je poruka poslata","settings-account-signature-label":"Signature","signature-save":"Save Signature","signature-discard-confirm":"Discard","settings-sub-header-data":"Podaci","settings-account-check-mail":"Proveri za nove poruke","settings-sub-header-server":"Postavke servera","settings-account-userpass":"Korisničko ime i lozinka","settings-default-signature":"Sent Using FirefoxOS","settings-done":"Završeno","settings-account-section":"Nalozi","settings-account-add":"Dodaj nalog","settings-account-delete":"Obriši nalog","settings-account-delete-prompt":"Da li ste sigurni da želite obrisati {{account}} nalog e-pošte? Moraćete opet preuzeti sve poruke ako ponovo pravite nalog.","settings-account-delete-cancel":"Otkaži","settings-account-delete-confirm":"Obriši","settings-account-clarify-imap":"{{account-name}} (IMAP)","settings-account-clarify-pop3":"{{account-name}} (POP3)","settings-account-clarify-smtp":"{{account-name}} (SMTP)","settings-general-section":"Opšte postavke","settings-show-images":"Uvek prikazuj slike","settings-download-attachments":"Preuzimaj priloge","settings-check-every-5min":"Svakih 5 minuta","settings-check-every-10min":"Svakih 10 minuta","settings-check-every-15min":"Svakih 15 minuta","settings-check-every-30min":"Svakih 30 minuta","settings-check-every-60min":"Svaki sat","settings-check-every-manual":"Ručno","settings-check-dynamic":{"_index":["plural","n"],"_":{"zero":"sekundi","one":"{{ n }} sekunda","two":"{{ n }} sekunde","few":"{{ n }} sekundi","many":"{{ n }} sekundi","other":"{{ n }} sekundi"}},"settings-default-account":"Podrazumevani nalog","settings-account-type":"Vrsta naloga","settings-account-credentials":"Akreditivi","settings-activesync-label":"ActiveSync postavke","settings-imap-label":"IMAP postavke","settings-pop3-label":"POP3 postavke","settings-smtp-label":"SMTP postavke","settings-hostname":"Naziv host-a","settings-port":"Port","settings-username":"Korisničko ime","settings-password":"Lozinka","settings-save":"Sačuvaj","settings-password-empty":"Polja za unos lozinke ne smeju biti prazna","settings-account-synchronize-window":"Dani za sinhronizaciju","settings-synchronize-auto":"Automatski","settings-synchronize-one-day":"1 dan","settings-synchronize-three-days":"3 dana","settings-synchronize-one-week":"1 nedelja","settings-synchronize-two-weeks":"2 nedelje","settings-synchronize-one-month":"1 mesec","settings-synchronize-all":"Sve poruke","envelope-from":"Od","envelope-to":"Za","envelope-cc":"Cc","envelope-bcc":"Bcc","compose-header":"Sastavi poruku","compose-header-short":"Sastavi","compose-send":"Pošalji","compose-to":"Za","compose-cc":"cc","compose-bcc":"bcc","compose-attachments":{"_index":["plural","n"],"_":{"zero":"Priloga","one":"{{ n }} prilog","two":"{{ n }} priloga","few":"{{ n }} priloga","many":"{{ n }} priloga","other":"{{ n }} priloga"}},"compose-attachment-still-working":"Molim sačekajte, još uvek radim na prethodnom prilogu…","compose-subject":"Tema","compose-draft-save":"Snimi u fascikli Nedovršene","compose-discard-message":"Obrisati poruku?","compose-discard-confirm":"Obriši","compose-send-message-failed":"Slanje e-pošte nije uspelo","composer-attachment-large":"Prilog je prevelik","composer-attachments-large":"Prilozi su preveliki","compose-attchment-size-exceeded":"Odabrani prilog je prevelik za poruku.","compose-attchments-size-exceeded":"Odabrani prilozi su preveliki za ovu poruku. Odaberite manje datoteka.","dialog-button-ok":"U redu","default-attachment-filename":"prilog{{ n }}","attachment-size-kib":"{{kilobytes}}K","message-attachment-view":"Prikaži","message-attachment-too-large":"Datoteka je prevelika da bi se preuzela.","message-no-subject":"(bez teme)","message-edit-menu-edit":"Uredi","message-edit-menu-delete":"Obriši","message-edit-delete-confirm":"Obrisati poruku?","message-send-attachment-disabled-confirm":"Prilozi ne mogu biti prosleđeni.","message-multiedit-header":{"_index":["plural","n"],"_":{"zero":"Uredi","one":"{{ n }} odabranu","two":"{{ n }} odabrane","few":"{{ n }} odabranih","many":"{{ n }} odabranih","other":"{{ n }} odabranih"}},"browse-to-url-prompt":"Posetiti adresu?: {{ url }}","message-download-images":{"_index":["plural","n"],"_":{"one":"Ova poruka sadrži jednu sliku. Pritisnite za preuzimanje.","two":"Ova poruka sadrži {{ n }} slike. Pritisnite za preuzimanje.","few":"Ova poruka sadrži {{ n }} slika. Pritisnite za preuzimanje.","many":"Ova poruka sadrži {{ n }} slika. Pritisnite za preuzimanje.","other":"Ova poruka sadrži {{ n }} slika. Pritisnite za preuzimanje."}},"message-show-external-images":"Prikazuj spoljne slike","message-multiedit-cancel":"Otkaži","message-multiedit-delete-confirm":{"_index":["plural","n"],"_":{"one":"Obrisati ovu poruku?","two":"Obrisati {{ n }} poruke?","few":"Obrisati {{ n }} poruka?","many":"Obrisati {{ n }} poruka?","other":"Obrisati {{ n }} poruka?"}},"message-large-message-cancel":"Otkaži","message-large-message-ok":"Nastavi","message-large-message-confirm":"Ova poruka je velika i može potrajati dok se ne preuzme.","message-search-from":"Od","message-search-to":"Za","message-search-subject":"Tema","message-search-body":"Tekst","message-search-all":"Sve","message-search-input":{"placeholder":"Pretraži poruke"},"message-search-cancel":"Otkaži","messages-syncing":"Učitavanje poruka","messages-sync-more":"Učitaj još poruka od servera","messages-folder-empty":"Nema poruka u ovoj fascikli","messages-search-empty":"Nema poklapanja u lokalno keširanim porukama","messages-folder-select":"Izaberi fasciklu","message-contact-menu-create":"Zapamti novi kontakt","message-contact-menu-add-existing":"Dodaj u postojeći kontakt","message-contact-menu-view":"Pogledaj kontakt","message-contact-menu-reply":"Odgovori","message-contact-menu-new":"Pošalji novu e-poštu","message-reply-menu-reply":"Odgovori","message-reply-menu-reply-all":"Odgovori svima","message-reply-menu-forward":"Prosledi","message-reply-menu-cancel":"Otkaži","reply-quoting-wrote":"{name} piše","forward-original-message":"Izvorna poruka","forward-header-subject":"Tema","forward-header-date":"Datum","forward-header-from":"Od","forward-header-reply-to":"Odgovoriti","forward-header-to":"Za","forward-header-cc":"Cc","folder-inbox":"Prijemno sanduče","folder-sent":"Poslato","folder-drafts":"Nedovršene","folder-trash":"Smeće","folder-queue":"Neposlato","folder-junk":"Otpad","folder-archives":"Skladište","folder-localdrafts":"Nedovršene","folder-outbox":"Za slanje","drawer-back":"Nazad","drawer-accounts-header":"Nalozi","drawer-settings-link":"Postavke","folder-last-synced-label":"Poslednja sinhronizacija:","message-list-top-action":"Na vrh","toaster-undo":"Poništi","toaster-retry":"Pokušaj ponovo","toaster-message-star":{"_index":["plural","n"],"_":{"one":"1 poruka sa postavljenom oznakom","two":"{{ n }} poruke sa postavljenom oznakom","few":"{{ n }} poruka sa postavljenom oznakom","many":"{{ n }} poruka sa postavljenom oznakom","other":"{{ n }} poruka sa postavljenom oznakom"}},"toaster-message-unstar":{"_index":["plural","n"],"_":{"one":"Uklonjena 1 oznaka poruke","two":"Uklonjene {{ n }} oznake poruke","few":"Uklonjeno {{ n }} oznaka poruke","many":"Uklonjeno {{ n }} oznaka poruke","other":"Uklonjeno {{ n }} oznaka poruke"}},"toaster-message-read":{"_index":["plural","n"],"_":{"one":"1 poruka je označena kao pročitana","two":"{{ n }} poruke su označene kao pročitane","few":"{{ n }} poruka je označeno kao pročitano","many":"{{ n }} poruka je označeno kao pročitano","other":"{{ n }} poruka je označeno kao pročitano"}},"toaster-message-unread":{"_index":["plural","n"],"_":{"one":"1 poruka je označena kao nepročitana","two":"{{ n }} poruke su označene kao nepročitane","few":"{{ n }} poruka je označeno kao nepročitano","many":"{{ n }} poruka je označeno kao nepročitano","other":"{{ n }} poruka je označeno kao nepročitano"}},"toaster-message-move":{"_index":["plural","n"],"_":{"one":"1 poruka je premeštena","two":"{{ n }} poruke su premeštene","few":"{{ n }} poruka je premešteno","many":"{{ n }} poruka je premešteno","other":"{{ n }} poruka je premešteno"}},"toaster-message-delete":{"_index":["plural","n"],"_":{"one":"1 poruka je obrisana","two":"{{ n }} poruke su obrisane","few":"{{ n }} poruka je obrisano","many":"{{ n }} poruka je obrisano","other":"{{ n }} poruka je obrisano"}},"toaster-retryable-syncfailed":"Neuspešno povezivanje sa serverom","compose-invalid-addresses-title":"Nevažeće adrese","compose-invalid-addresses-description":"Vaša poruka sadrži jednu ili više nevažećih adresa e-pošte. Ispravite ih pre slanja.","background-send-pending":"Mreža nedostupna. E-pošta je sačuvana u Za slanje.","background-send-sending":"Šaljem e-poštu…","background-send-success":"E-pošta poslata.","background-send-error":"Došlo je do greške. E-pošta je sačuvana u Za slanje.","background-send-error-recipients":"Greška primalaca. E-pošta je sačuvana u Za slanje.","background-send-error-title":"Pošta nije poslata","send-failure-recipients":"Proverite pravopis gore navedenih adresa. Vaš server e-pošte je naznačio da je barem jedna od navedenih adresa netačna.","send-failure-unknown":"Ova poruka nija mogla biti poslata.","form-clear-input":"Ukloni tekst","confirm-dialog-title":"Potvrda","senders-separation-sign":", ","new-emails":{"_index":["plural","n"],"_":{"one":"1 nova e-pošta","two":"{{ n }} nove e-pošte","few":"{{ n }} novih e-pošti","many":"{{ n }} novih e-pošti","other":"{{ n }} novih e-pošti"}},"new-emails-notify-one-account":{"_index":["plural","n"],"_":{"one":"1 nova e-pošta","two":"{{ n }} nove e-pošte","few":"{{ n }} novih e-pošti","many":"{{ n }} novih e-pošti","other":"{{ n }} novih e-pošti"}},"new-emails-notify-multiple-accounts":{"_index":["plural","n"],"_":{"one":"1 nova e-pošta za ({{ accountName }})","two":"{{ n }} nove e-pošte za ({{ accountName }})","few":"{{ n }} novih e-pošti za ({{ accountName }})","many":"{{ n }} novih e-pošti za ({{ accountName }})","other":"{{ n }} novih e-pošti za ({{ accountName }})"}},"new-emails-notify-multiple-accounts-body":"{{ from }} “{{ subject }}”","weekday-0-long":"Nedelja","weekday-1-long":"Ponedeljak","weekday-2-long":"Utorak","weekday-3-long":"Sreda","weekday-4-long":"Četvrtak","weekday-5-long":"Petak","weekday-6-long":"Subota","weekday-0-short":"Ned","weekday-1-short":"Pon","weekday-2-short":"Uto","weekday-3-short":"Sre","weekday-4-short":"Čet","weekday-5-short":"Pet","weekday-6-short":"Sub","month-0-long":"januar","month-1-long":"februar","month-2-long":"mart","month-3-long":"april","month-4-long":"maj","month-5-long":"jun","month-6-long":"jul","month-7-long":"avgust","month-8-long":"septembar","month-9-long":"oktobar","month-10-long":"novembar","month-11-long":"decembar","month-0-genitive":"januara","month-1-genitive":"februara","month-2-genitive":"marta","month-3-genitive":"aprila","month-4-genitive":"maja","month-5-genitive":"juna","month-6-genitive":"jula","month-7-genitive":"avgusta","month-8-genitive":"septembra","month-9-genitive":"oktobra","month-10-genitive":"novembra","month-11-genitive":"decembra","month-0-short":"jan","month-1-short":"feb","month-2-short":"mar","month-3-short":"apr","month-4-short":"maj","month-5-short":"jun","month-6-short":"jul","month-7-short":"avg","month-8-short":"sep","month-9-short":"okt","month-10-short":"nov","month-11-short":"dec","minutes-ago-long":{"_index":["plural","value"],"_":{"zero":"upravo","one":"pre minut","two":"pre {{value}} minuta","few":"pre {{value}} minuta","many":"pre {{value}} minuta","other":"pre {{value}} minuta"}},"hours-ago-long":{"_index":["plural","value"],"_":{"zero":"upravo","one":"pre sat vremena","two":"pre {{value}} sata","few":"pre {{value}} sati","many":"pre {{value}} sati","other":"pre {{value}} sati"}},"days-ago-long":{"_index":["plural","value"],"_":{"zero":"danas","one":"juče","two":"pre {{value}} dana","few":"pre {{value}} dana","many":"pre {{value}} dana","other":"pre {{value}} dana"}},"weeks-ago-long":{"_index":["plural","value"],"_":{"zero":"ove nedelje","one":"prošle nedelje","two":"pre {{value}} nedelje","few":"pre {{value}} nedelja","many":"pre {{value}} nedelja","other":"pre {{value}} nedelja"}},"months-ago-long":{"_index":["plural","value"],"_":{"zero":"ovog meseca","one":"prošlog meseca","two":"pre {{value}} meseca","few":"pre {{value}} meseci","many":"pre {{value}} meseci","other":"pre {{value}} meseci"}},"years-ago-long":{"_index":["plural","value"],"_":{"zero":"ove godine","one":"prošle godine","two":"pre {{value}} godine","few":"pre {{value}} godina","many":"pre {{value}} godina","other":"pre {{value}} godina"}},"minutes-until-long":{"_index":["plural","value"],"_":{"zero":"upravo","one":"za jedan minut","two":"za {{value}} minuta","few":"za {{value}} minuta","many":"za {{value}} minuta","other":"za {{value}} minuta"}},"hours-until-long":{"_index":["plural","value"],"_":{"zero":"upravo","one":"za sat vremena","two":"za {{value}} sata","few":"za {{value}} sati","many":"za {{value}} sati","other":"za {{value}} sati"}},"days-until-long":{"_index":["plural","value"],"_":{"zero":"danas","one":"sutra","two":"za {{value}} dana","few":"za {{value}} dana","many":"za {{value}} dana","other":"za {{value}} dana"}},"weeks-until-long":{"_index":["plural","value"],"_":{"zero":"ove nedelje","one":"sledeće nedelje","two":"za {{value}} nedelje","few":"za {{value}} nedelja","many":"za {{value}} nedelja","other":"za {{value}} nedelja"}},"months-until-long":{"_index":["plural","value"],"_":{"zero":"ovog meseca","one":"sledećeg meseca","two":"za {{value}} meseca","few":"za {{value}} meseci","many":"za {{value}} meseci","other":"za {{value}} meseci"}},"years-until-long":{"_index":["plural","value"],"_":{"zero":"ove godine","one":"sledeće godine","two":"za {{value}} godine","few":"za {{value}} godina","many":"za {{value}} godina","other":"za {{value}} godina"}},"minutes-ago-short":{"_index":["plural","value"],"_":{"zero":"upravo","other":"pre {{value}}m"}},"hours-ago-short":{"_index":["plural","value"],"_":{"zero":"upravo","other":"pre {{value}}s"}},"days-ago-short":{"_index":["plural","value"],"_":{"zero":"danas","other":"pre {{value}}d"}},"minutes-until-short":{"_index":["plural","value"],"_":{"zero":"upravo","other":"za {{value}}m"}},"hours-until-short":{"_index":["plural","value"],"_":{"zero":"upravo","other":"za {{value}}s"}},"days-until-short":{"_index":["plural","value"],"_":{"zero":"danas","other":"za {{value}}d"}},"incorrectDate":"(netačan datum)","dateTimeFormat_%c":"%a %e %b %Y %H:%M:%S","dateTimeFormat_%x":"%d.%m.%Y","dateTimeFormat_%X":"%H:%M:%S","shortTimeFormat":"%H:%M","shortDateTimeFormat":"%x %H:%M","weekStartsOnMonday":"1","time_am":"AM","time_pm":"PM"}