{"setup-app-name-header":"邮件","setup-empty-account-prompt":"您还没有设置发送或接收电子邮件。要现在设置吗？","setup-pick-service":"要发送与接收电子邮件，您需要设置一个账户。","setup-account-header3":"新建账户","setup-info-name":{"placeholder":"您的名称（作为发件人名称）"},"setup-info-email":{"placeholder":"someone@example.com"},"setup-info-password":{"placeholder":"密码"},"setup-info-next":"下一步","setup-progress-wait-msg":"正在设置账户","setup-completed-header":"邮件账户设置","setup-completed-label":"完成！","setup-add-another-account":"添加其他账户","setup-show-mail":"进入收件箱","setup-error-offline":"此装置目前处于离线状态。连接到网络然后重试。","setup-error-bad-user-or-pass2":"无效的用户名或密码。请检查是否输入有误。","setup-error-bad-address":"无效的电子邮件地址。请检查是否输入有误。","setup-error-not-authorized":"服务器说您没有权限创建账户","setup-error-pop-server-not-great":"服务器不支持。POP3 服务器没有实现所需的功能特性。","setup-error-unknown2":"发生未知错误。请检查您的网络连接，或尝试手动配置选项。","setup-error-needs-app-pass":"您必须为两步验证的 Gmail 账户使用特定于应用程序的密码","setup-error-imap-disabled":"您必须为您的 Gmail 账户启用 IMAP","setup-error-pop3-disabled":"你必须在你的 Gmail 账户中启用 POP3","setup-error-bad-security":"无法与“{{server}}”建立安全连接。这可能是您的网络，或者该服务器的问题。","setup-error-unresponsive-server":"无法与“{{server}}”建立连接。这可能是网络问题。","setup-error-server-problem":"与服务器“{{server}}”有一个问题。请稍后重试。","setup-error-no-config-info":"无法自动配置您的账户。请更正您的电子邮件地址，或尝试手动配置选项。","setup-error-server-maintenance":"服务器“{{server}}”处于离线状态以便维护。请稍后重试。","setup-error-account-already-exists":"此账户已经配置。","setup-manual-config2":"手动设置","setup-manual-config-header":"手动设置","setup-manual-account-type":"账户类型","setup-manual-imap-header":"IMAP 设置","setup-manual-pop3-header":"POP3 设置","setup-manual-smtp-header":"SMTP 设置","setup-manual-activesync-header":"ActiveSync 设置","setup-manual-next":"下一步","setup-manual-socket":"套接字类型","setup-manual-socket-ssl":"SSL","setup-manual-socket-starttls":"STARTTLS","setup-manual-hostname":{"placeholder":"主机名"},"setup-manual-port":{"placeholder":"端口号"},"setup-manual-username":{"placeholder":"用户名"},"setup-manual-activesync-username":{"placeholder":"域\\用户名"},"setup-bad-password-header":"密码错误！","setup-bad-password":"未能登录到服务器，是您的密码错误吗？","setup-new-password":{"placeholder":"新密码"},"setup-fix-password":"使用新密码尝试","setup-gmail-twofactor-header":"启用两步验证","setup-gmail-twofactor-message":"您需要在下面输入一组特定于应用程序的密码。","setup-gmail-twofactor-fix":"使用应用程序密码","setup-gmail-imap-header":"停用 IMAP","setup-gmail-imap-message":"您必须在您的 Gmail 账户中启用 IMAP","setup-gmail-imap-retry":"重试","setup-gmail-pop3-header":"POP3 已禁用","setup-gmail-pop3-message":"你必须在你的 Gmail 账户中启用 POP3","setup-gmail-pop3-retry":"重试","settings-main-header":"邮件设置","settings-sub-header-account":"账户","settings-account-name":"您的名称（作为发件人名称）","settings-account-display-notifications":"收到新消息时显示通知","settings-account-play-sound-onsend":"消息发送后播放音效","settings-account-signature-label":"Signature","signature-save":"Save Signature","signature-discard-confirm":"Discard","settings-sub-header-data":"数据","settings-account-check-mail":"检查新消息","settings-sub-header-server":"服务器设置","settings-account-userpass":"用户名和密码","settings-default-signature":"Sent Using FirefoxOS","settings-done":"完成","settings-account-section":"账户","settings-account-add":"添加账户","settings-account-delete":"删除账户","settings-account-delete-prompt":"确定要删除您的“{{account}}”邮件账户吗？如果您重新创建此账户，您将不得不重新下载您的邮件。","settings-account-delete-cancel":"取消","settings-account-delete-confirm":"删除","settings-account-clarify-imap":"{{account-name}} (IMAP)","settings-account-clarify-pop3":"{{account-name}} (POP3)","settings-account-clarify-smtp":"{{account-name}} (SMTP)","settings-general-section":"通用设置","settings-show-images":"始终显示图像","settings-download-attachments":"下载附件","settings-check-every-5min":"每 5 分钟","settings-check-every-10min":"每 10 分钟","settings-check-every-15min":"每 15 分钟","settings-check-every-30min":"每 30 分钟","settings-check-every-60min":"每小时","settings-check-every-manual":"手动","settings-check-dynamic":{"_index":["plural","n"],"_":{"zero":"秒","one":"{{ n }} 秒","two":"{{ n }} 秒","few":"{{ n }} 秒","many":"{{ n }} 秒","other":"{{ n }} 秒"}},"settings-default-account":"设为默认账户","settings-account-type":"账户类型","settings-account-credentials":"登录凭据","settings-activesync-label":"ActiveSync 设置","settings-imap-label":"IMAP 设置","settings-pop3-label":"POP3 设置","settings-smtp-label":"SMTP 设置","settings-hostname":"主机名","settings-port":"端口","settings-username":"用户名","settings-password":"密码","settings-save":"保存","settings-password-empty":"密码不能为空！","settings-account-synchronize-window":"要同步的天数","settings-synchronize-auto":"自动","settings-synchronize-one-day":"1 天","settings-synchronize-three-days":"3 天","settings-synchronize-one-week":"1 周","settings-synchronize-two-weeks":"2 周","settings-synchronize-one-month":"1 个月","settings-synchronize-all":"所有邮件","envelope-from":"发件人","envelope-to":"收件人","envelope-cc":"抄送","envelope-bcc":"密送","compose-header":"撰写邮件","compose-header-short":"编写","compose-send":"发送","compose-to":"收件人","compose-cc":"抄送","compose-bcc":"密送","compose-attachments":{"_index":["plural","n"],"_":{"zero":"附件","one":"{{ n }} 附件","two":"{{ n }} 附件","few":"{{ n }} 附件","many":"{{ n }} 附件","other":"{{ n }} 附件"}},"compose-attachment-still-working":"稍等，仍在处理此前的附件...","compose-subject":"主题","compose-draft-save":"保存到本地草稿箱","compose-discard-message":"丢弃邮件？","compose-discard-confirm":"丢弃","compose-send-message-failed":"发送邮件失败","composer-attachment-large":"附件太大","composer-attachments-large":"附件太大","compose-attchment-size-exceeded":"为此消息选择发送的附件太大。","compose-attchments-size-exceeded":"为此消息选择发送的附件太大。请选择小一些的文件。","dialog-button-ok":"确定","default-attachment-filename":"附件{{ n }}","attachment-size-kib":"{{kilobytes}}K","message-attachment-view":{"textContent":"查看"},"message-attachment-too-large":"这个文件太大而无法下载。","message-no-subject":"（无主题）","message-edit-menu-edit":"Edit","message-edit-menu-delete":"删除","message-edit-delete-confirm":"要删除邮件吗？","message-send-attachment-disabled-confirm":"附件不能被转发。","message-multiedit-header":{"_index":["plural","n"],"_":{"zero":"编辑","one":"已选择 {{ n }} 封","two":"已选择 {{ n }} 封","few":"已选择 {{ n }} 封","many":"已选择 {{ n }} 封","other":"已选择 {{ n }} 封"}},"browse-to-url-prompt":"浏览网址?: {{ url }}","message-download-images":{"_index":["plural","n"],"_":{"one":"此封邮件包含 1 张图片。点击以下载。","two":"此封邮件包含 {{ n }} 张图片。轻触以开始下载。","few":"此封邮件包含 {{ n }} 张图片。轻触以开始下载。","many":"此封邮件包含 {{ n }} 张图片。轻触以开始下载。","other":"此封邮件包含 {{ n }} 张图片。轻触以开始下载。"}},"message-show-external-images":"显示外部图像","message-multiedit-cancel":"取消","message-multiedit-delete-confirm":{"_index":["plural","n"],"_":{"one":"要删除此封邮件吗？","two":"要删除所选的 {{ n }} 封邮件吗？","few":"要删除所选的 {{ n }} 封邮件吗？","many":"要删除所选的 {{ n }} 封邮件吗？","other":"要删除所选的 {{ n }} 封邮件吗？"}},"message-large-message-cancel":"取消","message-large-message-ok":"继续","message-large-message-confirm":"此消息很大，可能需要一些时间才能下载。","message-search-from":"发件人","message-search-to":"收件人","message-search-subject":"主题","message-search-body":"正文","message-search-all":"全部","message-search-input":{"placeholder":"搜索邮件"},"message-search-cancel":"取消","messages-syncing":"正在载入邮件","messages-sync-more":"从服务器上载入更多邮件","messages-folder-empty":"此文件夹中没有邮件","messages-search-empty":"本地缓存信息中没有匹配的内容","messages-folder-select":"选择文件夹","message-contact-menu-create":"保存新联系人","message-contact-menu-add-existing":"添加到现有联系人","message-contact-menu-view":"查看联系人","message-contact-menu-reply":"回复","message-contact-menu-new":"发送新邮件","message-reply-menu-reply":"回复","message-reply-menu-reply-all":"全部回复","message-reply-menu-forward":"转发","message-reply-menu-cancel":"取消","reply-quoting-wrote":"“{name}”写道","forward-original-message":"原始邮件","forward-header-subject":"主题","forward-header-date":"日期","forward-header-from":"发件人","forward-header-reply-to":"回复地址","forward-header-to":"收件人","forward-header-cc":"抄送","folder-inbox":"收件箱","folder-sent":"发送","folder-drafts":"草稿","folder-trash":"废件箱","folder-queue":"未发送","folder-junk":"垃圾","folder-archives":"归档","folder-localdrafts":"本地草稿箱","folder-outbox":"Outbox","drawer-back":"后退","drawer-accounts-header":"账户","drawer-settings-link":"设置","folder-last-synced-label":"最近同步：","message-list-top-action":"Top","toaster-undo":"撤销","toaster-retry":"重试","toaster-message-star":{"_index":["plural","n"],"_":{"one":"已为 1 封邮件添加旗标","two":"已为 {{ n }} 封邮件添加旗标","few":"已为 {{ n }} 封邮件添加旗标","many":"已为 {{ n }} 封邮件添加旗标","other":"已为 {{ n }} 封邮件添加旗标"}},"toaster-message-unstar":{"_index":["plural","n"],"_":{"one":"已移除 1 封邮件的旗标","two":"已移除 {{ n }} 封邮件的旗标","few":"已移除 {{ n }} 封邮件的旗标","many":"已移除 {{ n }} 封邮件的旗标","other":"已移除 {{ n }} 封邮件的旗标"}},"toaster-message-read":{"_index":["plural","n"],"_":{"one":"已标记 1 封邮件为已读","two":"已标记 {{ n }} 封邮件为已读","few":"已标记 {{ n }} 封邮件为已读","many":"已标记 {{ n }} 封邮件为已读","other":"已标记 {{ n }} 封邮件为已读"}},"toaster-message-unread":{"_index":["plural","n"],"_":{"one":"已标记 1 封邮件为未读","two":"已标记 {{ n }} 封邮件为未读","few":"已标记 {{ n }} 封邮件为未读","many":"已标记 {{ n }} 封邮件为未读","other":"已标记 {{ n }} 封邮件为未读"}},"toaster-message-move":{"_index":["plural","n"],"_":{"one":"已移动 1 封邮件","two":"已移动 {{ n }} 封邮件","few":"已移动 {{ n }} 封邮件","many":"已移动 {{ n }} 封邮件","other":"已移动 {{ n }} 封邮件"}},"toaster-message-delete":{"_index":["plural","n"],"_":{"one":"已删除 1 封邮件","two":"已删除 {{ n }} 封邮件","few":"已删除 {{ n }} 封邮件","many":"已删除 {{ n }} 封邮件","other":"已删除 {{ n }} 封邮件"}},"toaster-retryable-syncfailed":"无法连接服务器","compose-invalid-addresses-title":"Invalid Addresses","compose-invalid-addresses-description":"Your message contains one or more invalid email addresses. Please correct them before sending.","background-send-pending":"Network unavailable. Email saved to outbox.","background-send-sending":"Sending mail…","background-send-success":"Email sent.","background-send-error":"Error occurred. Email saved to outbox.","background-send-error-recipients":"Recipient error. Email saved to outbox.","background-send-error-title":"Mail failed to send","send-failure-recipients":"Check the spelling of the addresses above. Your mail server indicated one or more of the addresses above are incorrect.","send-failure-unknown":"The message could not be sent.","form-clear-input":"删除文本","confirm-dialog-title":"确认","senders-separation-sign":",","new-emails":{"_index":["plural","n"],"_":{"one":"1封新邮件","two":"{{ n }}封新邮件","few":"{{ n }}封新邮件","many":"{{ n }}封新邮件","other":"{{ n }}封新邮件"}},"new-emails-notify-one-account":{"_index":["plural","n"],"_":{"one":"1 封新邮件","two":"{{ n }} 封新邮件","few":"{{ n }} 封新邮件","many":"{{ n }} 封新邮件","other":"{{ n }} 封新邮件"}},"new-emails-notify-multiple-accounts":{"_index":["plural","n"],"_":{"one":"1 封新邮件 ({{ accountName }})","two":"{{ n }} 封新邮件 ({{ accountName }})","few":"{{ n }} 封新邮件 ({{ accountName }})","many":"{{ n }} 封新邮件 ({{ accountName }})","other":"{{ n }} 封新邮件 ({{ accountName }})"}},"new-emails-notify-multiple-accounts-body":"{{ from }} “{{ subject }}”","weekday-0-long":"星期日","weekday-1-long":"星期一","weekday-2-long":"星期二","weekday-3-long":"星期三","weekday-4-long":"星期四","weekday-5-long":"星期五","weekday-6-long":"星期六","weekday-0-short":"周日","weekday-1-short":"周一","weekday-2-short":"周二","weekday-3-short":"周三","weekday-4-short":"周四","weekday-5-short":"周五","weekday-6-short":"周六","month-0-long":"1 月","month-1-long":"2 月","month-2-long":"3 月","month-3-long":"4 月","month-4-long":"5 月","month-5-long":"6 月","month-6-long":"7 月","month-7-long":"8 月","month-8-long":"9 月","month-9-long":"10 月","month-10-long":"11 月","month-11-long":"12 月","month-0-genitive":"一月","month-1-genitive":"二月","month-2-genitive":"三月","month-3-genitive":"四月","month-4-genitive":"五月","month-5-genitive":"六月","month-6-genitive":"七月","month-7-genitive":"八月","month-8-genitive":"九月","month-9-genitive":"十月","month-10-genitive":"十一月","month-11-genitive":"十二月","month-0-short":"1 月","month-1-short":"2 月","month-2-short":"3 月","month-3-short":"4 月","month-4-short":"5 月","month-5-short":"6 月","month-6-short":"7 月","month-7-short":"8 月","month-8-short":"9 月","month-9-short":"10 月","month-10-short":"11 月","month-11-short":"12 月","minutes-ago-long":{"_index":["plural","value"],"_":{"zero":"刚才","one":"1 分钟前","two":"{{ value }} 分钟前","few":"{{ value }} 分钟前","many":"{{ value }} 分钟前","other":"{{ value }} 分钟前"}},"hours-ago-long":{"_index":["plural","value"],"_":{"zero":"刚才","one":"1 小时前","two":"{{ value }} 小时前","few":"{{ value }} 小时前","many":"{{ value }} 小时前","other":"{{ value }} 小时前"}},"days-ago-long":{"_index":["plural","value"],"_":{"zero":"今天","one":"昨天","two":"{{value}} 天前","few":"{{value}} 天前","many":"{{value}} 天前","other":"{{value}} 天前"}},"weeks-ago-long":{"_index":["plural","value"],"_":{"zero":"本周","one":"上周","two":"{{value}} 周前","few":"{{value}} 周前","many":"{{value}} 周前","other":"{{value}} 周前"}},"months-ago-long":{"_index":["plural","value"],"_":{"zero":"本月","one":"上月","two":"{{value}} 个月前","few":"{{value}} 个月前","many":"{{value}} 个月前","other":"{{value}} 个月前"}},"years-ago-long":{"_index":["plural","value"],"_":{"zero":"今年","one":"去年","two":"{{value}} 年前","few":"{{value}} 年前","many":"{{value}} 年前","other":"{{value}} 年前"}},"minutes-until-long":{"_index":["plural","value"],"_":{"zero":"现在","one":"1 分钟内","two":"剩{{value}}分钟","few":"剩{{value}}分钟","many":"剩{{value}}分钟","other":"剩{{value}}分钟"}},"hours-until-long":{"_index":["plural","value"],"_":{"zero":"现在","one":"1 小时内","two":"剩{{value}}小时","few":"剩{{value}}小时","many":"剩{{value}}小时","other":"剩{{value}}小时"}},"days-until-long":{"_index":["plural","value"],"_":{"zero":"今天","one":"明天","two":"剩{{value}}天","few":"剩{{value}}天","many":"剩{{value}}天","other":"剩{{value}}天"}},"weeks-until-long":{"_index":["plural","value"],"_":{"zero":"本周","one":"下周","two":"剩{{value}}周","few":"剩{{value}}周","many":"剩{{value}}周","other":"剩{{value}}周"}},"months-until-long":{"_index":["plural","value"],"_":{"zero":"本月","one":"下月","two":"剩{{value}}个月","few":"剩{{value}}个月","many":"剩{{value}}个月","other":"剩{{value}}个月"}},"years-until-long":{"_index":["plural","value"],"_":{"zero":"今年","one":"明年","two":"剩{{value}}年","few":"剩{{value}}年","many":"剩{{value}}年","other":"剩{{value}}年"}},"minutes-ago-short":{"_index":["plural","value"],"_":{"zero":"刚才","other":"{{value}} 分钟前"}},"hours-ago-short":{"_index":["plural","value"],"_":{"zero":"刚才","other":"{{value}}小时前"}},"days-ago-short":{"_index":["plural","value"],"_":{"zero":"今天","other":"{{value}} 天前"}},"minutes-until-short":{"_index":["plural","value"],"_":{"zero":"现在","other":"剩{{value}}分钟"}},"hours-until-short":{"_index":["plural","value"],"_":{"zero":"现在","other":"剩{{value}}小时"}},"days-until-short":{"_index":["plural","value"],"_":{"zero":"今天","other":"剩{{value}}天"}},"incorrectDate":"（日期不正确）","dateTimeFormat_%c":"%Y 年 %b %e 日 %a %H:%M:%S","dateTimeFormat_%x":"%Y/%m/%d","dateTimeFormat_%X":"%H:%M:%S","shortTimeFormat":"%H:%M","shortDateTimeFormat":"%x %H:%M","weekStartsOnMonday":"0","time_am":"上午","time_pm":"下午"}