{"add-bookmark-header":"أضف الرابط","edit-bookmark-header":"حرر الرابط","added-to-home-screen":"تم الإضافة إلى شاشة البداية","updated-bookmark":"تحديث العلامات","website-name":"إسم موقع الويب","address":"عنوان","cancel-action":"Cancel","add-action":"أضِف إلى شاشة البداية","done-action":"تمّ","remove-title":"حذف {{ name}}","remove-message":"حذف {{name}} من النظام ؟","remove-action":"احذف"}