{"add-bookmark-header":"লিঙ্ক যোগ করুন","edit-bookmark-header":"লিঙ্ক সম্পাদন করুন","added-to-home-screen":"প্রধান স্ক্রীনে যুক্ত হয়েছে","updated-bookmark":"হালনাগাদকৃত বুকমার্ক","website-name":"ওয়েবসাইটের নাম","address":"ঠিকানা","cancel-action":"বাতিল","add-action":"প্রধান স্ক্রিনে যোগ করুন","done-action":"সম্পন্ন","remove-title":"{{name}} অপসারণ","remove-message":"সিস্টেম থেকে {{name}} অপসারণ করবেন?","remove-action":"অপসারণ"}