{"add-bookmark-header":"Προσθήκη συνδέσμου","edit-bookmark-header":"Επεξεργασία συνδέσμου","added-to-home-screen":"Προστέθηκε στην Αρχική Οθόνη","updated-bookmark":"Ο σελιδοδείκτης ενημερώθηκε","website-name":"Όνομα Ιστοσελίδας","address":"Διεύθυνση","cancel-action":"Ακύρωση","add-action":"Προσθήκη στην Αρχική Οθόνη","done-action":"ΟΚ","remove-title":"Αφαίρεση {{name}}","remove-message":"Αφαίρεση {{name}} απο το σύστημα;","remove-action":"Αφαίρεση"}