{"add-bookmark-header":"लिङ्क थप्नुहोस्","edit-bookmark-header":"लिङ्क सम्पादन गर्नुहोस्","added-to-home-screen":"गृह पर्दामा थपियो","updated-bookmark":"पुस्तकचिनो अपडेट गरियो","website-name":"वेबसाइटको नाम","address":"ठेगाना","cancel-action":"Cancel","add-action":"गृह पर्दामा थप्नुहोस्","done-action":"पूरा भयो","remove-title":"{{name}} हटाउनुहोस्","remove-message":"{{name}} लाई प्रणालीबाट हटाउने?","remove-action":"हटाउनुहोस्"}