{"add-bookmark-header":"ਲਿੰਕ ਜੋੜੋ","edit-bookmark-header":"ਲਿੰਕ ਸੋਧ","added-to-home-screen":"ਮੁੱਖ ਸਕਰੀਨ ਵਿੱਚ ਜੋੜਿਆ","updated-bookmark":"ਬੁੱਕਮਾਰਕ ਅੱਪਡੇਟ ਕੀਤਾ","website-name":"ਵੈੱਬਸਾਈਟ ਨਾਂ","address":"ਸਿਰਨਾਵਾਂ","cancel-action":"ਰੱਦ ਕਰੋ","add-action":"ਘਰ ਸਕਰੀਨ ਵਿੱਚ ਜੋੜੋ","done-action":"ਮੁਕੰਮਲ","remove-title":"{{name}} ਹਟਾਓ","remove-message":"ਸਿਸਟਮ ਤੋਂ {{name}} ਹਟਾਉਣਾ ਹੈ?","remove-action":"ਹਟਾਓ"}