{"add-bookmark-header":"Добавить ссылку","edit-bookmark-header":"Изменить ссылку","added-to-home-screen":"Добавлено на Домашний экран","updated-bookmark":"Обновлённая закладка","website-name":"Имя веб-сайта","address":"Адрес","cancel-action":"Отмена","add-action":"Добавить на Домашний экран","done-action":"Готово","remove-title":"Удаление {{name}}","remove-message":"Удалить {{name}} из системы?","remove-action":"Удалить"}