{"add-bookmark-header":"Додај везу","edit-bookmark-header":"Измени везу","added-to-home-screen":"Додато na почетни екран","updated-bookmark":"Ажурирана забелешка","website-name":"Име веб странице","address":"Адреса","cancel-action":"Откажи","add-action":"Додај на почетни екран","done-action":"Готово","remove-title":"Уклони {{name}}","remove-message":"Уклони {{name}} из система?","remove-action":"Уклони"}