{"change-device-name":"Change phone name","device-status-connected-device":"Connected to phone audio","device-status-connected-device-media":"Connected to phone/media audio","bluetooth-header":"{{bluetooth}}","bluetooth-enable-msg":"Turn Bluetooth on to view devices in the area.","bluetooth-paired-devices":"الأجهزة المقترنة","bluetooth-devices-in-area":"أجهزة قريبة منك","bluetooth-visible-to-all":"Visible to all","bluetooth-name-maxlength-alert":"Your device name exceeds {{length}} characters. Please retry again.","bluetooth-address":"Bluetooth Address","bluetooth-address-unavailable":"Not available","bt-status-nopaired":"No devices paired","bt-status-turnoff":"Turned off","bt-status-paired":{"_index":["plural","n"],"_":{"zero":"{{name}}","one":"{{name}}, +{{n}} more","two":"{{name}}, +{{n}} more","few":"{{name}}, +{{n}} more","many":"{{name}}, +{{n}} more","other":"{{name}}, +{{n}} more"}},"device-status-tap-connect":"أنقر للإتصال","device-status-pairing":"جارِ الاقتران مع جهاز…","device-status-waiting":"في إنتظار جهاز آخر...","device-status-paired":"تم الاقتران","device-status-connecting":"جارِ الاتصال","device-status-connected":"مُتصل","device-status-connected-media":"Connected to media audio","device-option-unpair":"Unpair","device-option-confirm":"Confirm","device-option-unpair-confirmation":"Confirmation","device-option-unpair-device":"Unpair device?","device-option-connect":"Connect","device-option-disconnect":"Disconnect","search-for-device":"البحث عن اجهزة...","search-device":"إبحث عن أجهزة","rename-device":"Rename my device","unnamed-device":"جهاز مجهول ","change-phone-name-desc":"Change the name of your device as it appears in your computer","bluetooth-new-name":"New name","error-pair-title":"تعذّر الاقتران مع أي جهاز","error-pair-pincode":"تعذّر الاقتران مع الجهاز. تحقق من صحة كود PIN","error-pair-toofast":"تعذَر الاقتران مع الجهاز بسبب كثرة الطلبات المُرسلة.","error-connect-title":"Unable to connect devices","error-connect-msg":"Check that the device you’re trying to connect with is still in range and has Bluetooth turned on.","unpair-title":"Unpair a connected device?","unpair-msg":"You are currently connected to this device. Unpairing will also disconnect from it.","bluetooth":"بلوتوث","confirmation":"تأكيد","bluetooth-status-description":"البلوتوث غير مفعَل","turn-bluetooth-on":"هل تريد تفعيل البلوتوث؟","cancel":"إلغاء","turn-on":"شغّل","error-transfer-title":"فشل إرسال الملف عبر البلوتوث","error-transfer-settings":"فشل إرسال الملف عبر البلوتوث. تحقق من أن إعدادات البلوتوث صحيحة.","ok":"حسنا","pair":"إقتران","active-pair":"إقبل الجهاز للإقتران","active-pair-confirmation":"للإقتران مع {{device}}, تأكد من أن الجهازين يحملان نفس ال PIN المعروض :","active-pair-pincode":"للإقتران مع {{device}}, أدخل ال PIN على الجهاز.","active-pair-passkey":"للإقتران مع {{device}}, أدخل رمز المرور على الجهاز.","passive-pair":"طلب إقتران بلوتوث","passive-pair-confirmation":"{{device}}  يرغب بالإقتران بهذا الهاتف. للموافقة , ثق أن كلا الجهازين سيستخدمان نفس ال PIN المعروض: ","passive-pair-pincode":"{{device}} يرغب بالإقتران بهذا الهاتف. للموافقة , أدخل ال PIN على الجهاز.","passive-pair-passkey":"{{device}} يرغب بالإقتران بهذا الهاتف. للموافقة , أدخل رمز المرور على الجهاز.","pair-view-title":"طلب بلوتوث من","bluetooth-pairing-request-now-title":"طلب إقتران بلوتوث","pairing-request-timeout-title":"طلب إقتران بلوتوث","pairing-request-timeout-description":"انتتهت مدة طلب اقتران البلوتوث . حاول الاقتران مرة أخرى."}