{"change-device-name":"Change phone name","device-status-connected-device":"Connected to phone audio","device-status-connected-device-media":"Connected to phone/media audio","bluetooth-header":"{{bluetooth}}","bluetooth-enable-msg":"Turn Bluetooth on to view devices in the area.","bluetooth-paired-devices":"জুটিবদ্ধ ডিভাইস","bluetooth-devices-in-area":"সীমার মধ্যে সব ডিভাইস","bluetooth-visible-to-all":"Visible to all","bluetooth-name-maxlength-alert":"Your device name exceeds {{length}} characters. Please retry again.","bluetooth-address":"Bluetooth Address","bluetooth-address-unavailable":"Not available","bt-status-nopaired":"No devices paired","bt-status-turnoff":"Turned off","bt-status-paired":{"_index":["plural","n"],"_":{"zero":"{{name}}","one":"{{name}}, +{{n}} more","two":"{{name}}, +{{n}} more","few":"{{name}}, +{{n}} more","many":"{{name}}, +{{n}} more","other":"{{name}}, +{{n}} more"}},"device-status-tap-connect":"সংযুক্ত করতে ট্যাপ করুন","device-status-pairing":"ডিভাইসের সাথে জুটিবদ্ধ হচ্ছে…","device-status-waiting":"অপর ডিভাইসের জন্য অপেক্ষমান…","device-status-paired":"জুটিবদ্ধ","device-status-connecting":"সংযুক্ত হচ্ছে…","device-status-connected":"সংযুক্ত হয়েছে","device-status-connected-media":"Connected to media audio","device-option-unpair":"Unpair","device-option-confirm":"Confirm","device-option-unpair-confirmation":"Confirmation","device-option-unpair-device":"Unpair device?","device-option-connect":"Connect","device-option-disconnect":"Disconnect","search-for-device":"ডিভাইসের জন্য অনুসন্ধান করা হচ্ছে...","search-device":"ডিভাইস অনুসন্ধান করুন","rename-device":"Rename my device","unnamed-device":"অজানা ডিভাইস","change-phone-name-desc":"Change the name of your device as it appears in your computer","bluetooth-new-name":"New name","error-pair-title":"ডিভাইস জুটিবদ্ধ করা সম্ভব নয়","error-pair-pincode":"এই ডিভাইসের সাথে জুটিবদ্ধ হওয়া সম্ভব নয়। PIN সঠিক কিনা পরীক্ষা করুন।","error-pair-toofast":"এই ডিভাইসের সাথে জুটিবদ্ধ হওয়া সম্ভব নয়। মাত্রাতিরিক্ত অনুরোধ রয়েছে।","error-connect-title":"Unable to connect devices","error-connect-msg":"Check that the device you’re trying to connect with is still in range and has Bluetooth turned on.","unpair-title":"Unpair a connected device?","unpair-msg":"You are currently connected to this device. Unpairing will also disconnect from it.","bluetooth":"ব্লুটুথ","confirmation":"নিশ্চিতকরণ","bluetooth-status-description":"ব্লুটুথ নিষ্ক্রিয় করা হয়েছে","turn-bluetooth-on":"আপনি কি ব্লুটুথ চালু করতে চান?","cancel":"বাতিল","turn-on":"চালু করুন","error-transfer-title":"ব্লটুথ ফাইল স্থানান্তর ব্যর্থ হয়েছে","error-transfer-settings":"ব্লটুথ ফাইল স্থানান্তর ব্যর্থ হয়েছে। ব্লুটুথ সেটিং ঠিক আছে কিনা দেখুন।","ok":"ঠিক আছে","pair":"জুটিবদ্ধ","active-pair":"ডিভাইস জুটিবদ্ধ করা হবে কিনা তা নিশ্চিত করুন","active-pair-confirmation":"{{device}} এর সাথে জুটিবদ্ধ হওয়ার জন্য, নিশ্চিত করুন যে উভয় ডিভাইসে নিচের পিন প্রদর্শন করছে:","active-pair-pincode":"{{device}} এর সাথে জুটিবদ্ধ হতে, ডিভাইসটিতে পিনটি প্রবেশ করান।","active-pair-passkey":"{{device}} এর সাথে জুটিবদ্ধ হতে, ডিভাইসটিতে পাসকী টি প্রবেশ করান।","passive-pair":"ব্লুটুথের পেয়ার অনুরোধ","passive-pair-confirmation":"{{device}} এই ফোনের সাথে জুটিবদ্ধ হতে চাচ্ছে। গ্রহণ করতে, নিশ্চিত করুন যে উভয় ডিভাইসে নিচের এই পিন প্রদর্শন করছে:","passive-pair-pincode":"{{device}} এই ফোনের সাথে জুটিবদ্ধ হতে চাচ্ছে। গ্রহণ করতে, ডিভাইসে পিনটি প্রবেশ করান:","passive-pair-passkey":"{{device}} এই ফোনের সাথে জুটিবদ্ধ হতে চাচ্ছে। গ্রহণ করতে, ডিভাইসে পাসকী টি প্রবেশ করান:","pair-view-title":"যেখান থেকে ব্লুটুথ অনুরোধ এসেছে","bluetooth-pairing-request-now-title":"ব্লুটুথ জুটিবদ্ধের অনুরোধ","pairing-request-timeout-title":"ব্লুটুথ জুটিবদ্ধের অনুরোধ","pairing-request-timeout-description":"ব্লুটুথ জুটিবদ্ধ রিকোয়েস্ট অতিক্রান্ত। আবার জুটিবদ্ধ হবার চেষ্টা করুন।"}