{"change-device-name":"Change phone name","device-status-connected-device":"Connected to phone audio","device-status-connected-device-media":"Connected to phone/media audio","bluetooth-header":"{{bluetooth}}","bluetooth-enable-msg":"Turn Bluetooth on to view devices in the area.","bluetooth-paired-devices":"Dispositius aparellats","bluetooth-devices-in-area":"Dispositius propers","bluetooth-visible-to-all":"Visible to all","bluetooth-name-maxlength-alert":"Your device name exceeds {{length}} characters. Please retry again.","bluetooth-address":"Bluetooth Address","bluetooth-address-unavailable":"Not available","bt-status-nopaired":"No devices paired","bt-status-turnoff":"Turned off","bt-status-paired":{"_index":["plural","n"],"_":{"zero":"{{name}}","one":"{{name}}, +{{n}} more","two":"{{name}}, +{{n}} more","few":"{{name}}, +{{n}} more","many":"{{name}}, +{{n}} more","other":"{{name}}, +{{n}} more"}},"device-status-tap-connect":"Toqueu per connectar","device-status-pairing":"S'està aparellant amb el dispositiu…","device-status-waiting":"S'està esperant l'altre dispositiu…","device-status-paired":"Aparellat","device-status-connecting":"S'està connectant…","device-status-connected":"Connectat","device-status-connected-media":"Connected to media audio","device-option-unpair":"Unpair","device-option-confirm":"Confirm","device-option-unpair-confirmation":"Confirmation","device-option-unpair-device":"Unpair device?","device-option-connect":"Connect","device-option-disconnect":"Disconnect","search-for-device":"S'estan cercant dispositius…","search-device":"Cerca dispositius","rename-device":"Rename my device","unnamed-device":"Dispositiu desconegut","change-phone-name-desc":"Change the name of your device as it appears in your computer","bluetooth-new-name":"New name","error-pair-title":"No s'han pogut aparellar els dispositius","error-pair-pincode":"No s'han pogut aparellar els dispositius. Verifiqueu que el PIN introduït és correcte.","error-pair-toofast":"No s'han pogut aparellar els dispositius. Massa sol·licituds.","error-connect-title":"Unable to connect devices","error-connect-msg":"Check that the device you’re trying to connect with is still in range and has Bluetooth turned on.","unpair-title":"Unpair a connected device?","unpair-msg":"You are currently connected to this device. Unpairing will also disconnect from it.","bluetooth":"Bluetooth","confirmation":"Confirmació","bluetooth-status-description":"El Bluetooth està desactivat","turn-bluetooth-on":"Voleu activar el Bluetooth?","cancel":"Cancel·la","turn-on":"Activa","error-transfer-title":"La transferència Bluetooth ha fallat","error-transfer-settings":"La transferència Bluetooth ha fallat. Comproveu que els paràmetres de Bluetooth siguin correctes.","ok":"D'acord","pair":"Aparella","active-pair":"Confirmeu els dispositius per aparellar","active-pair-confirmation":"Per aparellar amb el dispositiu {{device}}, assegureu-vos que ambdós dispositius mostren el PIN següent:","active-pair-pincode":"Per aparellar amb {{device}}, introduïu el PIN al dispositiu.","active-pair-passkey":"Per aparellar amb {{device}}, introduïu la clau de pas al dispositiu.","passive-pair":"Sol·licitud d'aparellament Bluetooth","passive-pair-confirmation":"{{device}} vol aparellar-se amb aquest telèfon. Per acceptar, assegureu-vos que ambdós dispositius mostren el PIN següent:","passive-pair-pincode":"{{device}} vol aparellar-se amb aquest telèfon. Per acceptar, introduïu el PIN al dispositiu.","passive-pair-passkey":"{{device}} vol aparellar-se amb aquest telèfon. Per acceptar, introduïu la clau de pas al dispositiu.","pair-view-title":"Sol·licitud de Bluetooth de","bluetooth-pairing-request-now-title":"Sol·licitud d'aparellament Bluetooth","pairing-request-timeout-title":"Sol·licitud d'aparellament Bluetooth","pairing-request-timeout-description":"La sol·licitud d'aparellament Bluetooth ha caducat. Torneu-ho a intentar."}