{"change-device-name":"Change phone name","device-status-connected-device":"Connected to phone audio","device-status-connected-device-media":"Connected to phone/media audio","bluetooth-header":"{{bluetooth}}","bluetooth-enable-msg":"Turn Bluetooth on to view devices in the area.","bluetooth-paired-devices":"Spárovaná zařízení","bluetooth-devices-in-area":"Zařízení v okolí","bluetooth-visible-to-all":"Visible to all","bluetooth-name-maxlength-alert":"Your device name exceeds {{length}} characters. Please retry again.","bluetooth-address":"Bluetooth Address","bluetooth-address-unavailable":"Not available","bt-status-nopaired":"No devices paired","bt-status-turnoff":"Turned off","bt-status-paired":{"_index":["plural","n"],"_":{"zero":"{{name}}","one":"{{name}}, +{{n}} more","two":"{{name}}, +{{n}} more","few":"{{name}}, +{{n}} more","many":"{{name}}, +{{n}} more","other":"{{name}}, +{{n}} more"}},"device-status-tap-connect":"Pro připojení klepněte","device-status-pairing":"Párování s zařízení","device-status-waiting":"Čeká se na zařízení…","device-status-paired":"Spárováno","device-status-connecting":"Připojování…","device-status-connected":"Připojeno","device-status-connected-media":"Connected to media audio","device-option-unpair":"Unpair","device-option-confirm":"Confirm","device-option-unpair-confirmation":"Confirmation","device-option-unpair-device":"Unpair device?","device-option-connect":"Connect","device-option-disconnect":"Disconnect","search-for-device":"Hledání zařízení…","search-device":"Hledání zařízení","rename-device":"Rename my device","unnamed-device":"Neznámé zařízení","change-phone-name-desc":"Change the name of your device as it appears in your computer","bluetooth-new-name":"New name","error-pair-title":"Nepodařilo se spárovat zařízení","error-pair-pincode":"Nepodařilo se spárovat zařízení. Zkontrolujte, že je PIN správný.","error-pair-toofast":"Nepodařilo se spárovat zařízení. Velké množství požadavků.","error-connect-title":"Unable to connect devices","error-connect-msg":"Check that the device you’re trying to connect with is still in range and has Bluetooth turned on.","unpair-title":"Unpair a connected device?","unpair-msg":"You are currently connected to this device. Unpairing will also disconnect from it.","bluetooth":"Bluetooth","confirmation":"Potvrzení","bluetooth-status-description":"Bluetooth je zakázán","turn-bluetooth-on":"Chcete zapnout Bluetooth?","cancel":"Zrušit","turn-on":"Zapnout","error-transfer-title":"Chyba při přenos souborů pomocí Bluetooth","error-transfer-settings":"Přenos souborů pomocí Bluetooth skončil chybou. Zkontrolujte správnost nastavení Bluetooth.","ok":"OK ","pair":"Spárovat","active-pair":"Potvrďte zařízení, která chcete spárovat","active-pair-confirmation":"Pokud se chcete spárovat s {{device}}, ujistěte se, že mají obě zařízení aktuálně zobrazený následující kód PIN:  ","active-pair-pincode":"Pokud se chcete spárovat s {{device}}, zadejte na zařízení kód PIN. ","active-pair-passkey":"POkud se chcete spárovat s {{device}}, zadejte na zařízení přístupový kód.","passive-pair":"Požadavek na spárování skrze Bluetooth","passive-pair-confirmation":"{{device}} se chce spárovat s tímto telefonem. Pokud párování akceptujete, ujistěte se, že mají obě zařízení právě zobrazený následující kód PIN:","passive-pair-pincode":"{{device}} se chce spárovat s tímto telefonem. Pokud párování akceptujete, zadejte na zařízení kód PIN.","passive-pair-passkey":"{{device}} se chce spárovat s tímto telefonem. Pokud párování akceptujete, zadejte na zařízení přístupový kód.","pair-view-title":"Požadavek Bluetooth od","bluetooth-pairing-request-now-title":"Požadavek na spárování skrze Bluetooth","pairing-request-timeout-title":"Požadavek na spárování skrze Bluetooth","pairing-request-timeout-description":"Požadavek na spárování skrze Bluetooth vypršel. Zkuste zařízení spárovat znovu. "}