{"change-device-name":"Change phone name","device-status-connected-device":"Connected to phone audio","device-status-connected-device-media":"Connected to phone/media audio","bluetooth-header":"{{bluetooth}}","bluetooth-enable-msg":"Aktiver Bluetooth for at se enheder i nærheden.","bluetooth-paired-devices":"Parrede enheder","bluetooth-devices-in-area":"Enheder i området","bluetooth-visible-to-all":"Synlig for alle","bluetooth-name-maxlength-alert":"Din enheds navn indeholder flere end {{length}} tegn. Prøv igen.","bluetooth-address":"Bluetooth-adresse","bluetooth-address-unavailable":"Ikke tilgængelig","bt-status-nopaired":"Ingen enheder parret","bt-status-turnoff":"Deaktiveret","bt-status-paired":{"_index":["plural","n"],"_":{"zero":"{{name}}","one":"{{name}}, +{{n}} mere","two":"{{name}}, +{{n}} mere","few":"{{name}}, +{{n}} mere","many":"{{name}}, +{{n}} mere","other":"{{name}}, +{{n}} mere"}},"device-status-tap-connect":"Tryk for at forbinde","device-status-pairing":"Parrer med enhed…","device-status-waiting":"Venter på den anden enhed…","device-status-paired":"Parret","device-status-connecting":"Forbinder…","device-status-connected":"Forbundet","device-status-connected-media":"Forbundet til medielyd","device-option-unpair":"Afbryd parring","device-option-confirm":"Bekræft","device-option-unpair-confirmation":"Bekræftelse","device-option-unpair-device":"Afbryd parring?","device-option-connect":"Forbind","device-option-disconnect":"Afbryd","search-for-device":"Søger efter enheder…","search-device":"Søg efter enheder","rename-device":"Omdøb min enhed","unnamed-device":"Ukendt enhed","change-phone-name-desc":"Skift navnet, som din enhed vises med på din computer","bluetooth-new-name":"Nyt navn","error-pair-title":"Kunne ikke parre enheder","error-pair-pincode":"Kunne ikke parre med enheden. Kontroller at pinkoden er korrekt.","error-pair-toofast":"Kunne ikke parre med enheden. For mange forespørgsler.","error-connect-title":"Kunne ikke parre med enheden","error-connect-msg":"Kontroller at enheden, du vil parre med, stadig er inden for rækkevidde, og at Bluetooth er aktiveret.","unpair-title":"Afbryd parring af en forbundet enhed?","unpair-msg":"Du er i øjeblikket forbundet med denne enhed. Hvis du afbryder parring, vil du miste forbindelsen.","bluetooth":"Bluetooth","confirmation":"Bekræft","bluetooth-status-description":"Bluetooth er deaktiveret","turn-bluetooth-on":"Vil du aktivere Bluetooth?","cancel":"Annuller","turn-on":"Aktiver","error-transfer-title":"Filoverførsel via Bluetooth mislykkedes","error-transfer-settings":"Filoverførsel via Bluetooth mislykkedes. Kontroller dine indstillinger for Bluetooth.","ok":"OK","pair":"Par","active-pair":"Bekræft enheder der skal parres","active-pair-confirmation":"Parring med {{device}}. Sørg for at begge enheder viser den samme pinkode:","active-pair-pincode":"Parring med {{device}}. Indtast pinkode på enheden.","active-pair-passkey":"Parring med {{device}}. Indtast adgangskode på enheden.","passive-pair":"Forespørgsel på Bluetooth-parring","passive-pair-confirmation":"{{device}} vil gerne parres med denne enhed. Hvis du vil acceptere, så sørg for at begge enheder viser den samme pinkode:","passive-pair-pincode":"{{device}} vil gerne parres med denne enhed. Hvis du vil acceptere, så indtast pinkoden på enheden.","passive-pair-passkey":"{{device}} vil gerne parres med denne enhed. Hvis du vil acceptere, så indtast adgangskoden på enheden.","pair-view-title":"Bluetooth-forespørgsel fra","bluetooth-pairing-request-now-title":"Forespørgsel på Bluetooth-parring","pairing-request-timeout-title":"Forespørgsel på Bluetooth-parring","pairing-request-timeout-description":"Forespørgsel på Bluetooth-parring er udløbet. Prøv at parre igen."}