{"change-device-name":"Change phone name","device-status-connected-device":"Connected to phone audio","device-status-connected-device-media":"Connected to phone/media audio","bluetooth-header":"{{bluetooth}}","bluetooth-enable-msg":"Aktivieren Sie Bluetooth, um Geräte in der Umgebung angezeigt zu bekommen.","bluetooth-paired-devices":"Gekoppelte Geräte","bluetooth-devices-in-area":"Verfügbare Geräte","bluetooth-visible-to-all":"Für alle sichtbar","bluetooth-name-maxlength-alert":"Der Name des Geräts ist länger als {{length}} Zeichen. Bitte versuchen Sie es erneut.","bluetooth-address":"Bluetooth-Adresse","bluetooth-address-unavailable":"Nicht verfügbar","bt-status-nopaired":"Keine gekoppelten Geräte","bt-status-turnoff":"Deaktiviert","bt-status-paired":{"_index":["plural","n"],"_":{"zero":"{{name}}","one":"{{name}}, +{{n}} weiteres","two":"{{name}}, +{{n}} weitere","few":"{{name}}, +{{n}} weitere","many":"{{name}}, +{{n}} weitere","other":"{{name}}, +{{n}} weitere"}},"device-status-tap-connect":"Zum Verbinden antippen","device-status-pairing":"Koppeln mit Gerät…","device-status-waiting":"Warten auf anderes Gerät…","device-status-paired":"Gekoppelt","device-status-connecting":"Verbindet…","device-status-connected":"Verbunden","device-status-connected-media":"Verbunden mit Medien-Audio","device-option-unpair":"Entkoppeln","device-option-confirm":"Bestätigen","device-option-unpair-confirmation":"Bestätigung","device-option-unpair-device":"Gerät entkoppeln?","device-option-connect":"Verbinden","device-option-disconnect":"Verbindung trennen","search-for-device":"Nach Geräten wird gesucht…","search-device":"Nach Geräten suchen","rename-device":"Mein Gerät umbenennen","unnamed-device":"Unbekanntes Gerät","change-phone-name-desc":"Ändern Sie den Namen des Telefons, welcher bei einer Verbindung mit einem Computer angezeigt wird","bluetooth-new-name":"Neuer Name","error-pair-title":"Geräte konnten nicht gekoppelt werden.","error-pair-pincode":"Kopplung mit dem Gerät nicht möglich. Überprüfen Sie, ob die PIN korrekt ist.","error-pair-toofast":"Kopplung mit dem Gerät nicht möglich. Zu viele Anfragen.","error-connect-title":"Verbindung der Geräte nicht möglich","error-connect-msg":"Überprüfen Sie, ob das Gerät, mit dem eine Verbindung hergestellt werden soll, noch in Reichweite ist und Bluetooth aktiviert hat.","unpair-title":"Kopplung mit verbundenem Gerät aufheben?","unpair-msg":"Sie sind derzeit mit diesem Gerät verbunden. Aufheben der Kopplung wird auch die Verbindung trennen.","bluetooth":"Bluetooth","confirmation":"Bestätigung","bluetooth-status-description":"Bluetooth ist deaktiviert","turn-bluetooth-on":"Soll Bluetooth aktiviert werden?","cancel":"Abbrechen","turn-on":"Aktivieren","error-transfer-title":"Bluetooth-Dateitransfer fehlgeschlagen","error-transfer-settings":"Dateitransfer per Bluetooth schlug fehl. Überprüfen Sie die Bluetooth-Einstellungen.","ok":"OK","pair":"Koppeln","active-pair":"Kopplung von Geräten bestätigen","active-pair-confirmation":"Stellen Sie zur Kopplung mit {{device}} sicher, dass beide Geräte die folgende PIN anzeigen:","active-pair-pincode":"Geben Sie zur Kopplung mit {{device}} die PIN auf dem Gerät ein.","active-pair-passkey":"Geben Sie zur Kopplung mit {{device}} den Zugangsschlüssel auf dem Gerät ein.","passive-pair":"Bluetooth-Kopplungsanfrage","passive-pair-confirmation":"{{device}} will mit diesem Gerät koppeln. Stellen Sie zum Akzeptieren sicher, dass beide Geräte die folgende PIN anzeigen:","passive-pair-pincode":"{{device}} will mit diesem Gerät koppeln. Geben Sie zum Akzeptieren die PIN auf dem Gerät ein.","passive-pair-passkey":"{{device}} will mit diesem Gerät koppeln. Geben Sie zum Akzeptieren den Zugangsschlüssel auf dem Gerät ein.","pair-view-title":"Bluetooth-Anfrage von","bluetooth-pairing-request-now-title":"Bluetooth-Kopplungsanfrage","pairing-request-timeout-title":"Bluetooth-Kopplungsanfrage","pairing-request-timeout-description":"Bluetooth-Kopplungsanfrage abgelaufen. Bitte versuchen Sie es erneut."}