{"change-device-name":"Change phone name","device-status-connected-device":"Connected to phone audio","device-status-connected-device-media":"Connected to phone/media audio","bluetooth-header":"{{bluetooth}}","bluetooth-enable-msg":"Turn Bluetooth on to view devices in the area.","bluetooth-paired-devices":"Συζευγμένες συσκευές","bluetooth-devices-in-area":"Συσκευές στο χώρο","bluetooth-visible-to-all":"Visible to all","bluetooth-name-maxlength-alert":"Your device name exceeds {{length}} characters. Please retry again.","bluetooth-address":"Bluetooth Address","bluetooth-address-unavailable":"Not available","bt-status-nopaired":"No devices paired","bt-status-turnoff":"Turned off","bt-status-paired":{"_index":["plural","n"],"_":{"zero":"{{name}}","one":"{{name}}, +{{n}} more","two":"{{name}}, +{{n}} more","few":"{{name}}, +{{n}} more","many":"{{name}}, +{{n}} more","other":"{{name}}, +{{n}} more"}},"device-status-tap-connect":"Πατήστε για σύνδεση","device-status-pairing":"Σύζευξη με την συσκευή…","device-status-waiting":"Αναμονή για την άλλη συσκευή…","device-status-paired":"Συζευγμένη","device-status-connecting":"Συνδέεται…","device-status-connected":"Συνδεδεμένη","device-status-connected-media":"Connected to media audio","device-option-unpair":"Unpair","device-option-confirm":"Confirm","device-option-unpair-confirmation":"Confirmation","device-option-unpair-device":"Unpair device?","device-option-connect":"Connect","device-option-disconnect":"Disconnect","search-for-device":"Αναζήτηση συσκευών…","search-device":"Αναζήτηση για συσκευές","rename-device":"Rename my device","unnamed-device":"Άγνωστη συσκευή","change-phone-name-desc":"Change the name of your device as it appears in your computer","bluetooth-new-name":"New name","error-pair-title":"Αδυναμία σύζευξης των συσκευών","error-pair-pincode":"Αδυναμία σύζευξης με την συσκευή. Ελέγξτε ότι το PIN είναι σωστό.","error-pair-toofast":"Αδυναμία σύζευξης με την συσκευή. Πάρα πολλά αιτήματα.","error-connect-title":"Unable to connect devices","error-connect-msg":"Check that the device you’re trying to connect with is still in range and has Bluetooth turned on.","unpair-title":"Unpair a connected device?","unpair-msg":"You are currently connected to this device. Unpairing will also disconnect from it.","bluetooth":"Bluetooth","confirmation":"Επιβεβαίωση","bluetooth-status-description":"Το Bluetooth είναι απενεργοποιημένο","turn-bluetooth-on":"Θέλετε να ενεργοποιήσετε το Bluetooth;","cancel":"Ακύρωση","turn-on":"Ενεργοποίηση","error-transfer-title":"Η αποστολή αρχείου μέσω bluetooth απέτυχε","error-transfer-settings":"Η αποστολή αρχείου μέσω bluetooth απέτυχε. Ελέγξτε την ορθότητα των ρυθμίσεων του bluetooth.","ok":"ΟΚ","pair":"Σύζευξη","active-pair":"Επιβεβαίωση σύζευξης συσκευών","active-pair-confirmation":"Για σύζευξη με τη συσκευή {{device}}, βεβαιωθείτε ότι και στις δύο συσκευές εμφανίζεται το ακόλουθο PIN:","active-pair-pincode":"Για σύζευξη με τη συσκευή {{device}}, εισάγετε το PIN στη συσκευή.","active-pair-passkey":"Για σύζευξη με τη συσκευή {{device}}, εισάγετε το κλειδί πρόσβασης στη συσκευή.","passive-pair":"Αίτημα σύζευξης μέσω Bluetooth","passive-pair-confirmation":"Η συσκευή {{device}} επιθυμεί σύζευξη με αυτό το τηλέφωνο. Για αποδοχή, βεβαιωθείτε ότι και στις δύο συσκευές εμφανίζεται το ακόλουθο PIN:","passive-pair-pincode":"Η συσκευή {{device}} επιθυμεί σύζευξη με αυτό το τηλέφωνο. Για αποδοχή, εισάγετε το PIN στη συσκευή.","passive-pair-passkey":"Η συσκευή {{device}} επιθυμεί σύζευξη με αυτό το τηλέφωνο. Για αποδοχή, εισάγετε το κλειδί πρόσβασης στη συσκευή.","pair-view-title":"Αίτημα Bluetooth Από","bluetooth-pairing-request-now-title":"Αίτημα σύζευξης μέσω Bluetooth","pairing-request-timeout-title":"Αίτημα σύζευξης μέσω Bluetooth","pairing-request-timeout-description":"Το αίτημα σύζευξης έχει λήξει. Δοκιμάστε ξανά."}