{"change-device-name":"Change phone name","device-status-connected-device":"Connected to phone audio","device-status-connected-device-media":"Connected to phone/media audio","bluetooth-header":"{{bluetooth}}","bluetooth-enable-msg":"Turn Bluetooth on to view devices in the area.","bluetooth-paired-devices":"Dispositivos vinculados","bluetooth-devices-in-area":"Dispositivos en el área","bluetooth-visible-to-all":"Visible to all","bluetooth-name-maxlength-alert":"Your device name exceeds {{length}} characters. Please retry again.","bluetooth-address":"Bluetooth Address","bluetooth-address-unavailable":"Not available","bt-status-nopaired":"No devices paired","bt-status-turnoff":"Turned off","bt-status-paired":{"_index":["plural","n"],"_":{"zero":"{{name}}","one":"{{name}}, +{{n}} more","two":"{{name}}, +{{n}} more","few":"{{name}}, +{{n}} more","many":"{{name}}, +{{n}} more","other":"{{name}}, +{{n}} more"}},"device-status-tap-connect":"Pulse para conectar","device-status-pairing":"Vinculando dispositivos…","device-status-waiting":"Esperando a otro dispositivo…","device-status-paired":"Vinculados","device-status-connecting":"Conectando…","device-status-connected":"Conectado","device-status-connected-media":"Connected to media audio","device-option-unpair":"Unpair","device-option-confirm":"Confirm","device-option-unpair-confirmation":"Confirmation","device-option-unpair-device":"Unpair device?","device-option-connect":"Connect","device-option-disconnect":"Disconnect","search-for-device":"Buscando dispositivos…","search-device":"Buscar dispositivos","rename-device":"Rename my device","unnamed-device":"Dispositivo desconocido","change-phone-name-desc":"Change the name of your device as it appears in your computer","bluetooth-new-name":"New name","error-pair-title":"Imposible vincular los dispositivos","error-pair-pincode":"Imposible vincular el dispositivo. Compruebe que el PIN sea correcto.","error-pair-toofast":"Imposible vincular con el dispositivo. Demasiadas peticiones.","error-connect-title":"Unable to connect devices","error-connect-msg":"Check that the device you’re trying to connect with is still in range and has Bluetooth turned on.","unpair-title":"Unpair a connected device?","unpair-msg":"You are currently connected to this device. Unpairing will also disconnect from it.","bluetooth":"Bluetooth","confirmation":"Confirmación","bluetooth-status-description":"Bluetooth está desactivado","turn-bluetooth-on":"¿Le gustaría activar Bluetooth?","cancel":"Cancelar","turn-on":"Activar","error-transfer-title":"Error en la transferencia Bluetooth","error-transfer-settings":"Hubo un error en la transferencia Bluetooth. Compruebe que su configuración de Bluetooth sea correcta.","ok":"Aceptar","pair":"Vincular","active-pair":"Confirme dispositivos a vincular","active-pair-confirmation":"Para vincular con {{device}}, esté seguro de que ambos dispositivos estén mostrando el siguiente pin:","active-pair-pincode":"Para vincular con {{device}}, escriba el PIN en el dispositivo.","active-pair-passkey":"Para vincular con {{device}}, escriba la siguiente clave en el dispositivo.","passive-pair":"Vinculación de Bluetooth solicitada","passive-pair-confirmation":"A {{device}} le gustaría conectarse con este teléfono. Para aceptar, esté seguro de que ambos dispositivos estén mostrando el siguiente PIN:","passive-pair-pincode":"A {{device}} le gustaría conectarse con este teléfono. Para aceptar, escriba el PIN en el dispositivo.","passive-pair-passkey":"A {{device}} le gustaría conectarse con este teléfono. Para aceptar, escriba la clave en el dispositivo.","pair-view-title":"Petición Bluetooth de","bluetooth-pairing-request-now-title":"Petición de vinculación Bluetooth","pairing-request-timeout-title":"Petición de vinculación Bluetooth","pairing-request-timeout-description":"La petición de vinculación Bluetooth ha caducado. Pruebe de nuevo más tarde."}