{"change-device-name":"Change phone name","device-status-connected-device":"Connected to phone audio","device-status-connected-device-media":"Connected to phone/media audio","bluetooth-header":"{{bluetooth}}","bluetooth-enable-msg":"Turn Bluetooth on to view devices in the area.","bluetooth-paired-devices":"Parekatutako gailuak","bluetooth-devices-in-area":"Inguruko gailuak","bluetooth-visible-to-all":"Visible to all","bluetooth-name-maxlength-alert":"Your device name exceeds {{length}} characters. Please retry again.","bluetooth-address":"Bluetooth Address","bluetooth-address-unavailable":"Not available","bt-status-nopaired":"No devices paired","bt-status-turnoff":"Turned off","bt-status-paired":{"_index":["plural","n"],"_":{"zero":"{{name}}","one":"{{name}}, +{{n}} more","two":"{{name}}, +{{n}} more","few":"{{name}}, +{{n}} more","many":"{{name}}, +{{n}} more","other":"{{name}}, +{{n}} more"}},"device-status-tap-connect":"Sakatu konektatzeko","device-status-pairing":"Gailuarekin parekatzen…","device-status-waiting":"Beste gailuari itxoiten…","device-status-paired":"Parekatuta","device-status-connecting":"Konektatzen…","device-status-connected":"Konektatuta","device-status-connected-media":"Connected to media audio","device-option-unpair":"Unpair","device-option-confirm":"Confirm","device-option-unpair-confirmation":"Confirmation","device-option-unpair-device":"Unpair device?","device-option-connect":"Connect","device-option-disconnect":"Disconnect","search-for-device":"Gailuak bilatzen…","search-device":"Bilatu gailuak","rename-device":"Rename my device","unnamed-device":"Gailu ezezaguna","change-phone-name-desc":"Change the name of your device as it appears in your computer","bluetooth-new-name":"New name","error-pair-title":"Ezin dira gailuak parekatu","error-pair-pincode":"Ezin da gailuarekin parekatu. Egiaztatu PINa zuzena dela.","error-pair-toofast":"Ezin da gailuarekin parekatu. Eskaera gehiegi.","error-connect-title":"Unable to connect devices","error-connect-msg":"Check that the device you’re trying to connect with is still in range and has Bluetooth turned on.","unpair-title":"Unpair a connected device?","unpair-msg":"You are currently connected to this device. Unpairing will also disconnect from it.","bluetooth":"Bluetooth","confirmation":"Berrespena","bluetooth-status-description":"Bluetooth-a desgaituta dago","turn-bluetooth-on":"Bluetooth-a piztu nahi duzu?","cancel":"Utzi","turn-on":"Piztu","error-transfer-title":"Huts egin du Bluetooth bidezko fitxategi-transferentziak","error-transfer-settings":"Huts egin du Bluetooth bidezko fitxategi-transferentziak. Egiaztatu Bluetooth-ezarpenak zuzenak direla.","ok":"Ados","pair":"Parekatzea","active-pair":"Berretsi gailuak parekatzea","active-pair-confirmation":"{{device}} gailuarekin parekatzeko, ziurtatu bi gailuek ondorengo PINa bistan dutela:","active-pair-pincode":"{{device}} gailuarekin parekatzeko, sartu gailuko PINa.","active-pair-passkey":"{{device}} gailuarekin parekatzeko, sartu gailuko pasagakoa.","passive-pair":"Bluetooth parekatze-eskaera","passive-pair-confirmation":"{{device}} gailuak telefono honekin parekatu nahi du. Onartzeko, ziurtatu bi gailuek ondorengo PINa bistan dutela:","passive-pair-pincode":"{{device}} gailuak telefono honekin parekatu nahi du. Onartzeko, sartu gailuko PINa.","passive-pair-passkey":"{{device}} gailuak telefono honekin parekatu nahi du. Onartzeko, sartu gailuko pasagakoa.","pair-view-title":"Bluetooth eskaera hemendik","bluetooth-pairing-request-now-title":"Bluetooth parekatze-eskaera","pairing-request-timeout-title":"Bluetooth parekatze-eskaera","pairing-request-timeout-description":"Bluetooth parekatze-eskaera iraungi da. Saiatu berriro parekatzen."}