{"change-device-name":"Change phone name","device-status-connected-device":"Connected to phone audio","device-status-connected-device-media":"Connected to phone/media audio","bluetooth-header":"{{bluetooth}}","bluetooth-enable-msg":"Turn Bluetooth on to view devices in the area.","bluetooth-paired-devices":"Dispositivos asociados","bluetooth-devices-in-area":"Dispositivos na área","bluetooth-visible-to-all":"Visible to all","bluetooth-name-maxlength-alert":"Your device name exceeds {{length}} characters. Please retry again.","bluetooth-address":"Bluetooth Address","bluetooth-address-unavailable":"Not available","bt-status-nopaired":"No devices paired","bt-status-turnoff":"Turned off","bt-status-paired":{"_index":["plural","n"],"_":{"zero":"{{name}}","one":"{{name}}, +{{n}} more","two":"{{name}}, +{{n}} more","few":"{{name}}, +{{n}} more","many":"{{name}}, +{{n}} more","other":"{{name}}, +{{n}} more"}},"device-status-tap-connect":"Toque para conectar","device-status-pairing":"Asociando dispositivo…","device-status-waiting":"Agardando polo outro dispositivo…","device-status-paired":"Asociados","device-status-connecting":"Conectando…","device-status-connected":"Conectado","device-status-connected-media":"Connected to media audio","device-option-unpair":"Unpair","device-option-confirm":"Confirm","device-option-unpair-confirmation":"Confirmation","device-option-unpair-device":"Unpair device?","device-option-connect":"Connect","device-option-disconnect":"Disconnect","search-for-device":"Buscando dispositivos…","search-device":"Buscar dispositivos","rename-device":"Rename my device","unnamed-device":"Dispositivo descoñecido","change-phone-name-desc":"Change the name of your device as it appears in your computer","bluetooth-new-name":"New name","error-pair-title":"Imposíbel asociar os dispositivos","error-pair-pincode":"Foi imposíbel asociar o dispositivo. Comprobe que o PIN é correcto.","error-pair-toofast":"Foi imposíbel asociar o dispositivo. Demasiadas solicitudes.","error-connect-title":"Unable to connect devices","error-connect-msg":"Check that the device you’re trying to connect with is still in range and has Bluetooth turned on.","unpair-title":"Unpair a connected device?","unpair-msg":"You are currently connected to this device. Unpairing will also disconnect from it.","bluetooth":"Bluetooth","confirmation":"Confirmación","bluetooth-status-description":"O Bluetooth está desactivado","turn-bluetooth-on":"Quere activar o Bluetooth?","cancel":"Cancelar","turn-on":"Activar","error-transfer-title":"Fallou a transferencia Bluetooth","error-transfer-settings":"Fallou a transferencia Bluetooth do ficheiro. Comprobe que a configuración do Bluetooth é correcta.","ok":"Aceptar","pair":"Asociar","active-pair":"Confirmar dispositivos a asociar","active-pair-confirmation":"Para asociarse con {{device}}, asegúrese de que ambos dispositivos amosen o seguinte PIN:","active-pair-pincode":"Para asociarse con {{device}}, escriba o PIN no dispositivo.","active-pair-passkey":"Para asociarse con {{device}}, escriba a chave de paso no dispositivo.","passive-pair":"Solicitude de asociación Bluetooth","passive-pair-confirmation":"{{device}} desexa asociarse con este teléfono. Para aceptar, asegúrese de que ambos dispositivos amosen o seguinte PIN:","passive-pair-pincode":"{{device}} desexa asociarse con este teléfono. Para aceptar, escriba o PIN no dispositivo.","passive-pair-passkey":"{{device}} desexa asociarse con este teléfono. Para aceptar, escriba a chave de paso no dispositivo.","pair-view-title":"Solicitude Bluetooth de","bluetooth-pairing-request-now-title":"Solicitude de asociación Bluetooth","pairing-request-timeout-title":"Solicitude de asociación Bluetooth","pairing-request-timeout-description":"Caducou a solicitude de asociación Bluetooth. Tente asocialo de novo."}