{"change-device-name":"Change phone name","device-status-connected-device":"Connected to phone audio","device-status-connected-device-media":"Connected to phone/media audio","bluetooth-header":"{{bluetooth}}","bluetooth-enable-msg":"Turn Bluetooth on to view devices in the area.","bluetooth-paired-devices":"Upareni uređaji","bluetooth-devices-in-area":"Uređaji u blizini","bluetooth-visible-to-all":"Visible to all","bluetooth-name-maxlength-alert":"Your device name exceeds {{length}} characters. Please retry again.","bluetooth-address":"Bluetooth Address","bluetooth-address-unavailable":"Not available","bt-status-nopaired":"No devices paired","bt-status-turnoff":"Turned off","bt-status-paired":{"_index":["plural","n"],"_":{"zero":"{{name}}","one":"{{name}}, +{{n}} more","two":"{{name}}, +{{n}} more","few":"{{name}}, +{{n}} more","many":"{{name}}, +{{n}} more","other":"{{name}}, +{{n}} more"}},"device-status-tap-connect":"Pritisnite za povezivanje","device-status-pairing":"Uparivanje uređaja…","device-status-waiting":"Čekanje drugog uređaja…","device-status-paired":"Uparen","device-status-connecting":"Povezivanje…","device-status-connected":"Povezan","device-status-connected-media":"Connected to media audio","device-option-unpair":"Unpair","device-option-confirm":"Confirm","device-option-unpair-confirmation":"Confirmation","device-option-unpair-device":"Unpair device?","device-option-connect":"Connect","device-option-disconnect":"Disconnect","search-for-device":"Traženje uređaja…","search-device":"Traži uređaje","rename-device":"Rename my device","unnamed-device":"Nepoznat uređaj","change-phone-name-desc":"Change the name of your device as it appears in your computer","bluetooth-new-name":"New name","error-pair-title":"Uparivanje nije moguće","error-pair-pincode":"Uređaje nije moguće upariti. Provjerite je li PIN ispravan.","error-pair-toofast":"Uređaje nije moguće upariti. Previše zahtjeva.","error-connect-title":"Unable to connect devices","error-connect-msg":"Check that the device you’re trying to connect with is still in range and has Bluetooth turned on.","unpair-title":"Unpair a connected device?","unpair-msg":"You are currently connected to this device. Unpairing will also disconnect from it.","bluetooth":"Bluetooth","confirmation":"Potvrda","bluetooth-status-description":"Bluetooth je isključen","turn-bluetooth-on":"Želite li uključiti Bluetooth?","cancel":"Otkaži","turn-on":"Uključi","error-transfer-title":"Prijenos podataka putem Bluetootha nije uspio","error-transfer-settings":"Prijenos podataka putem Bluetootha nije uspio. Provjerite jesu li Bluetooth postavke ispravne.","ok":"U redu","pair":"Pair","active-pair":"Confirm devices to pair","active-pair-confirmation":"To pair with {{device}}, make sure that both devices currently have the following PIN displayed:","active-pair-pincode":"To pair with {{device}}, enter the PIN on the device.","active-pair-passkey":"To pair with {{device}}, enter the passkey on the device.","passive-pair":"Bluetooth pairing request","passive-pair-confirmation":"{{device}} would like to pair with this phone. To accept, make sure that both devices currently have the following PIN displayed:","passive-pair-pincode":"{{device}} would like to pair with this phone. To accept, enter the PIN on the device.","passive-pair-passkey":"{{device}} would like to pair with this phone. To accept, enter the passkey on the device.","pair-view-title":"Bluetooth Request From","bluetooth-pairing-request-now-title":"Bluetooth pairing request","pairing-request-timeout-title":"Bluetooth Pairing Request","pairing-request-timeout-description":"Bluetooth pairing request expired. Try to pair again."}