{"change-device-name":"Change phone name","device-status-connected-device":"Connected to phone audio","device-status-connected-device-media":"Connected to phone/media audio","bluetooth-header":"{{bluetooth}}","bluetooth-enable-msg":"Turn Bluetooth on to view devices in the area.","bluetooth-paired-devices":"Párosított eszközök","bluetooth-devices-in-area":"Közeli eszközök","bluetooth-visible-to-all":"Visible to all","bluetooth-name-maxlength-alert":"Your device name exceeds {{length}} characters. Please retry again.","bluetooth-address":"Bluetooth Address","bluetooth-address-unavailable":"Not available","bt-status-nopaired":"No devices paired","bt-status-turnoff":"Turned off","bt-status-paired":{"_index":["plural","n"],"_":{"zero":"{{name}}","one":"{{name}}, +{{n}} more","two":"{{name}}, +{{n}} more","few":"{{name}}, +{{n}} more","many":"{{name}}, +{{n}} more","other":"{{name}}, +{{n}} more"}},"device-status-tap-connect":"Koppintson a csatlakozáshoz","device-status-pairing":"Párosítás eszközzel…","device-status-waiting":"Várakozás a másik eszközre…","device-status-paired":"Párosítva","device-status-connecting":"Csatlakozás…","device-status-connected":"Kapcsolódva","device-status-connected-media":"Connected to media audio","device-option-unpair":"Unpair","device-option-confirm":"Confirm","device-option-unpair-confirmation":"Confirmation","device-option-unpair-device":"Unpair device?","device-option-connect":"Connect","device-option-disconnect":"Disconnect","search-for-device":"Eszközök keresése…","search-device":"Eszközök keresése","rename-device":"Rename my device","unnamed-device":"Ismeretlen eszköz","change-phone-name-desc":"Change the name of your device as it appears in your computer","bluetooth-new-name":"New name","error-pair-title":"Az eszközök nem párosíthatók","error-pair-pincode":"A párosítás nem sikerült az eszközzel. Ellenőrizze a PIN-t.","error-pair-toofast":"Az eszközzel párosítás sikertelen. Túl sok kérés.","error-connect-title":"Unable to connect devices","error-connect-msg":"Check that the device you’re trying to connect with is still in range and has Bluetooth turned on.","unpair-title":"Unpair a connected device?","unpair-msg":"You are currently connected to this device. Unpairing will also disconnect from it.","bluetooth":"Bluetooth","confirmation":"Megerősítés","bluetooth-status-description":"Bluetooth kikapcsolva","turn-bluetooth-on":"Be szeretné kapcsolni a Bluetooth kapcsolatot?","cancel":"Mégse","turn-on":"Bekapcsolás","error-transfer-title":"A Bluetooth fájlátvitel meghiúsult","error-transfer-settings":"A Bluetooth fájlátvitel meghiúsult. Ellenőrizze a Bluetooth beállítások helyességét.","ok":"OK","pair":"Párosítás","active-pair":"Párosítandó eszközök jóváhagyása","active-pair-confirmation":"A párosításhoz ezzel: {{device}} győződjön meg róla, hogy mindkét eszközön jelenleg a következő PIN látható:","active-pair-pincode":"Adja meg a PIN-t az eszközön a párosításhoz ezzel: {{device}}.","active-pair-passkey":"Adja meg a kulcsot az eszközön a párosításhoz ezzel: {{device}}.","passive-pair":"Bluetooth párosítási kérés","passive-pair-confirmation":"A(z) {{device}} párosítást kér ezzel a telefonnal. Az elfogadásához győződjön meg róla, hogy mindkét eszközön jelenleg a következő PIN látható:","passive-pair-pincode":"A(z) {{device}} párosítást kér ezzel a telefonnal. Az elfogadásához adja meg az eszközön látható PIN-t.","passive-pair-passkey":"A(z) {{device}} párosítást kér ezzel a telefonnal. Az elfogadásához adja meg az eszközön látható kulcsot.","pair-view-title":"Bluetooth kérés űrlap","bluetooth-pairing-request-now-title":"Bluetooth párosítási kérés","pairing-request-timeout-title":"Bluetooth párosítási kérés","pairing-request-timeout-description":"A Bluetooth párosítás kérése lejárt. Próbálja újrapárosítani."}