{"change-device-name":"Change phone name","device-status-connected-device":"Connected to phone audio","device-status-connected-device-media":"Connected to phone/media audio","bluetooth-header":"Bluetooth","bluetooth-enable-msg":"Attivare il bluetooth per visualizzare i dispositivi raggiungibili.","bluetooth-paired-devices":"Dispositivi associati","bluetooth-devices-in-area":"Dispositivi raggiungibili","bluetooth-visible-to-all":"Visibile a tutti","bluetooth-name-maxlength-alert":"Il nome del dispositivo è più lungo di {{length}} caratteri. Riprovare.","bluetooth-address":"Indirizzo bluetooth","bluetooth-address-unavailable":"Non disponibile","bt-status-nopaired":"Nessun dispositivo associato","bt-status-turnoff":"Disattivato","bt-status-paired":{"_index":["plural","n"],"_":{"zero":"{{name}}","one":"{{name}} (+1 altro)","two":"{{name}} (+ altri {{n}})","few":"{{name}} (+ altri {{n}})","many":"{{name}} (+ altri {{n}})","other":"{{name}} (+ altri {{n}})"}},"device-status-tap-connect":"Tocca per associare","device-status-pairing":"Associazione dispositivo…","device-status-waiting":"In attesa dell’altro dispositivo…","device-status-paired":"Associato","device-status-connecting":"Connessione…","device-status-connected":"Connesso","device-status-connected-media":"Connesso audio media","device-option-unpair":"Dissocia","device-option-confirm":"Conferma","device-option-unpair-confirmation":"Conferma","device-option-unpair-device":"Dissociare il dispositivo?","device-option-connect":"Connetti","device-option-disconnect":"Disconnetti","search-for-device":"Ricerca dispositivi…","search-device":"Ricerca dispositivi","rename-device":"Rinomina questo dispositivo","unnamed-device":"Dispositivo sconosciuto","change-phone-name-desc":"Modifica il nome del dispositivo visualizzato sul computer","bluetooth-new-name":"Nuovo nome","error-pair-title":"Impossibile associare i dispositivi","error-pair-pincode":"Impossibile associare i dispositivi. Verificare che il PIN sia corretto.","error-pair-toofast":"Impossibile associare il dispositivo. Numero eccessivo di richieste.","error-connect-title":"Impossibile associare i dispositivi","error-connect-msg":"Verificare che il dispositivo con cui si cerca di associarsi sia ancora raggiungibile e abbia il bluetooth attivo.","unpair-title":"Dissociare questo dispositivo?","unpair-msg":"Il dispositivo è attualmente connesso. Dissociandolo verrà chiusa anche la connessione.","bluetooth":"Bluetooth","confirmation":"Conferma","bluetooth-status-description":"Il bluetooth è disattivato","turn-bluetooth-on":"Attivare il bluetooth?","cancel":"Annulla","turn-on":"Attiva","error-transfer-title":"Trasferimento file bluetooth non riuscito","error-transfer-settings":"Trasferimento bluetooth non riuscito. Verificare che le impostazioni bluetooth siano corrette.","ok":"OK","pair":"Associa","active-pair":"Conferma i dispositivi da associare","active-pair-confirmation":"Per associare {{device}} assicurarsi che entrambi i dispositivi abbiano visualizzato il seguente PIN:","active-pair-pincode":"Per associare {{device}} inserire il PIN sul dispositivo.","active-pair-passkey":"Per associare {{device}} inserire la passkey sul dispositivo.","passive-pair":"Richiesta associazione bluetooth","passive-pair-confirmation":"Tentativo di associazione con questo telefono da parte di {{device}}. Per accettare verificare che entrambi i dispositivi abbiano visualizzato il seguente PIN:","passive-pair-pincode":"Tentativo di associazione con questo telefono da parte di {{device}}. Per accettare inserire il PIN sul dispositivo.","passive-pair-passkey":"Tentativo di associazione con questo telefono da parte di {{device}}. Per accettare inserire la passkey sul dispositivo.","pair-view-title":"Richiesta bluetooth da","bluetooth-pairing-request-now-title":"Richiesta associazione Bluetooth","pairing-request-timeout-title":"Richiesta associazione Bluetooth","pairing-request-timeout-description":"La richiesta di associazione Bluetooth è scaduta. Riprovare."}