{"change-device-name":"Change phone name","device-status-connected-device":"Connected to phone audio","device-status-connected-device-media":"Connected to phone/media audio","bluetooth-header":"{{bluetooth}}","bluetooth-enable-msg":"Turn Bluetooth on to view devices in the area.","bluetooth-paired-devices":"ペアリングされたデバイス","bluetooth-devices-in-area":"通信エリア内のデバイス","bluetooth-visible-to-all":"Visible to all","bluetooth-name-maxlength-alert":"Your device name exceeds {{length}} characters. Please retry again.","bluetooth-address":"Bluetooth Address","bluetooth-address-unavailable":"Not available","bt-status-nopaired":"No devices paired","bt-status-turnoff":"Turned off","bt-status-paired":{"_index":["plural","n"],"_":{"zero":"{{name}}","one":"{{name}}, +{{n}} more","two":"{{name}}, +{{n}} more","few":"{{name}}, +{{n}} more","many":"{{name}}, +{{n}} more","other":"{{name}}, +{{n}} more"}},"device-status-tap-connect":"タップして接続","device-status-pairing":"デバイスとペアリング中…","device-status-waiting":"他のデバイスを待機中…","device-status-paired":"ペアリング完了","device-status-connecting":"接続中…","device-status-connected":"接続完了","device-status-connected-media":"Connected to media audio","device-option-unpair":"Unpair","device-option-confirm":"Confirm","device-option-unpair-confirmation":"Confirmation","device-option-unpair-device":"Unpair device?","device-option-connect":"Connect","device-option-disconnect":"Disconnect","search-for-device":"デバイスを検索中…","search-device":"デバイスの検索","rename-device":"Rename my device","unnamed-device":"不明なデバイス","change-phone-name-desc":"Change the name of your device as it appears in your computer","bluetooth-new-name":"New name","error-pair-title":"デバイスとペアリングできません","error-pair-pincode":"デバイスとペアリングできません。PIN コードが正しいか確認してください。","error-pair-toofast":"デバイスとペアリングできません。要求が多すぎます。","error-connect-title":"Unable to connect devices","error-connect-msg":"Check that the device you’re trying to connect with is still in range and has Bluetooth turned on.","unpair-title":"Unpair a connected device?","unpair-msg":"You are currently connected to this device. Unpairing will also disconnect from it.","bluetooth":"Bluetooth","confirmation":"確認","bluetooth-status-description":"Bluetooth が無効です","turn-bluetooth-on":"Bluetooth を ON にしますか？","cancel":"キャンセル","turn-on":"ON にする","error-transfer-title":"Bluetooth ファイル転送失敗","error-transfer-settings":"Bluetooth ファイル転送に失敗しました。Bluetooth の設定が正しいか確認してください。","ok":"OK","pair":"ペアリング","active-pair":"ペアリングするデバイスを選択","active-pair-confirmation":"{{device}} とペアリングするには、次の PIN コードが両方のデバイスに表示されていることを確認してください:","active-pair-pincode":"{{device}} とペアリングするには、対象デバイスの PIN コードを入力してください。","active-pair-passkey":"{{device}} とペアリングするには、対象デバイスのパスキーを入力してください。","passive-pair":"Bluetooth ペアリング要求","passive-pair-confirmation":"{{device}} がペアリングを求めています。許可する前に、次の PIN コードが両方のデバイスに表示されていることを確認してください:","passive-pair-pincode":"{{device}} がペアリングを求めています。許可するには対象デバイスの PIN コードを入力してください。","passive-pair-passkey":"{{device}} がペアリングを求めています。許可するには対象デバイスのパスキーを入力してください。","pair-view-title":"Bluetooth 接続要求元","bluetooth-pairing-request-now-title":"Bluetooth ペアリング要求","pairing-request-timeout-title":"Bluetooth ペアリング要求","pairing-request-timeout-description":"Bluetooth ペアリング要求期限が切れました。再度ペアリングを試してください。"}