{"change-device-name":"Change phone name","device-status-connected-device":"Connected to phone audio","device-status-connected-device-media":"Connected to phone/media audio","bluetooth-header":"{{bluetooth}}","bluetooth-enable-msg":"Turn Bluetooth on to view devices in the area.","bluetooth-paired-devices":"ផ្គូផ្គង​ឧបករណ៍","bluetooth-devices-in-area":"ឧបករណ៍​នៅ​ក្នុង​តំបន់","bluetooth-visible-to-all":"Visible to all","bluetooth-name-maxlength-alert":"Your device name exceeds {{length}} characters. Please retry again.","bluetooth-address":"Bluetooth Address","bluetooth-address-unavailable":"Not available","bt-status-nopaired":"No devices paired","bt-status-turnoff":"Turned off","bt-status-paired":{"_index":["plural","n"],"_":{"zero":"{{name}}","one":"{{name}}, +{{n}} more","two":"{{name}}, +{{n}} more","few":"{{name}}, +{{n}} more","many":"{{name}}, +{{n}} more","other":"{{name}}, +{{n}} more"}},"device-status-tap-connect":"ចុច​ដើម្បី​ភ្ជាប់","device-status-pairing":"កំពុង​ផ្គូផ្គង​ជាមួយ​ឧបករណ៍...","device-status-waiting":"កំពុង​រង់ចាំ​ឧបករណ៍​ផ្សេងទៀត…","device-status-paired":"បាន​ផ្គូផ្គង","device-status-connecting":"កំពុង​តភ្ជាប់…","device-status-connected":"បាន​តភ្ជាប់","device-status-connected-media":"Connected to media audio","device-option-unpair":"Unpair","device-option-confirm":"Confirm","device-option-unpair-confirmation":"Confirmation","device-option-unpair-device":"Unpair device?","device-option-connect":"Connect","device-option-disconnect":"Disconnect","search-for-device":"កំពុង​ស្វែងរក​ឧបករណ៍...","search-device":"ស្វែងរក​ឧបករណ៍","rename-device":"Rename my device","unnamed-device":"មិន​ស្គាល់​ឧបករណ៍","change-phone-name-desc":"Change the name of your device as it appears in your computer","bluetooth-new-name":"New name","error-pair-title":"មិន​អាច​ផ្គូផ្គង​ឧបករណ៍","error-pair-pincode":"មិន​អាច​ផ្គូផ្គង​​ជាមួយ​ឧបករណ៍​នេះ។ ពិនិត្យ PIN ត្រឹមត្រូវ​ ឬ​ទេ។","error-pair-toofast":"មិន​អាច​ផ្គូផ្គង​ជាមួយ​ឧបករណ៍​នេះ។ មាន​សំណើ​ច្រើន​ពេក។","error-connect-title":"Unable to connect devices","error-connect-msg":"Check that the device you’re trying to connect with is still in range and has Bluetooth turned on.","unpair-title":"Unpair a connected device?","unpair-msg":"You are currently connected to this device. Unpairing will also disconnect from it.","bluetooth":"ប្ល៊ូធូស","confirmation":"ការ​បញ្ជាក់","bluetooth-status-description":"បាន​បិទ​ប្ល៊ូធូស","turn-bluetooth-on":"តើ​អ្នក​ចង់​បើក​ប្ល៊ូធូស​​​ឬ​?","cancel":"បោះបង់","turn-on":"បើក","error-transfer-title":"បាន​បរាជ័យ​ក្នុង​ការ​ផ្ទេរ​​ឯកសារ​តាម​ប្ល៊ូធូស","error-transfer-settings":"បាន​បរាជ័យ​ការ​​​ផ្ទេរ​ឯកសារ​​តាម​ប្ល៊ូធូស​​។ ពិនិត្យ​ការ​កំណត់​ប្ល៊ូធូស​ឲ្យ​បាន​​​ត្រឹមត្រូវ​។","ok":"យល់ព្រម","pair":"ផ្គូ","active-pair":"បញ្ជាក់​ឧបករណ៍​ដើម្បី​ផ្គូផ្គង","active-pair-confirmation":"ដើម្បី​ផ្គូផ្គង​ជាមួយ ​{{device}}, សូម​ប្រាកដ​ថា​ឧបករណ៍​ទាំងពីរ​​បច្ចុប្បន្ន​​មាន​កូដ PIN​ ខាង​ក្រោម៖","active-pair-pincode":"ដើម្បី​ផ្គូផ្គង​ជាមួយ {{device}}, សូម​បញ្ចូល​កូដ PIN នៅ​លើ​ឧបករណ៍។","active-pair-passkey":"ដើម្បី​ផ្គូផ្គង​ជាមួយ {{device}}, សូម​បញ្ចូល​ពាក្យ​សម្ងាត់​​នៅ​លើ​ឧបករណ៍។","passive-pair":"ស្នើ​ការ​ផ្គូផ្គង​​ប៊្លូធូស","passive-pair-confirmation":"{{device}} ចង់​ផ្គូ​ផ្គង​ជាមួយ​ទូរស័ព្ទ​នេះ។ ដើម្បី​ព្រម​ទទួល, សូម​ប្រាកដ​ថា​ឧបករណ៍​ទាំងពីរ​បង្ហាញ​កូដ PIN ដូច​ខាងក្រោម៖","passive-pair-pincode":"{{device}} ចង់​ផ្គូ​ជាមួយ​ទូរស័ព្ទ​នេះ។ ដើម្បី​ព្រមទទួល, បញ្ចូល​កូដ PIN លើ​ឧបករណ៍។","passive-pair-passkey":"{{device}} តើ​អ្នក​ផ្គូ​ផ្គង​ជាមួយ​ទូរស័ព្ទ​នេះ។ ដើម្បី​ព្រម​ទទួល, បញ្ចូល​ពាក្យ​សម្ងាត់​នៅ​លើ​ឧបករណ៍​នេះ។","pair-view-title":"ការ​ស្នើ​ប៊្លូធូស​ពី","bluetooth-pairing-request-now-title":"ស្នើ​ការ​ផ្គូផ្គង​​ប៊្លូធូស","pairing-request-timeout-title":"ស្នើ​ការ​ផ្គូផ្គង​​ប៊្លូធូស","pairing-request-timeout-description":"សំណើ​ផ្គូផ្គង​​ប៊្លូធូស​បាន​ផុត​កំណត់​ហើយ។ សូម​ព្យាយាម​ផ្គូផ្គង​ម្ដងទៀត។"}