{"change-device-name":"Change phone name","device-status-connected-device":"Connected to phone audio","device-status-connected-device-media":"Connected to phone/media audio","bluetooth-header":"{{bluetooth}}","bluetooth-enable-msg":"Turn Bluetooth on to view devices in the area.","bluetooth-paired-devices":"연결한 기기","bluetooth-devices-in-area":"근처에 있는 기기","bluetooth-visible-to-all":"Visible to all","bluetooth-name-maxlength-alert":"Your device name exceeds {{length}} characters. Please retry again.","bluetooth-address":"Bluetooth Address","bluetooth-address-unavailable":"Not available","bt-status-nopaired":"No devices paired","bt-status-turnoff":"Turned off","bt-status-paired":{"_index":["plural","n"],"_":{"zero":"{{name}}","one":"{{name}}, +{{n}} more","two":"{{name}}, +{{n}} more","few":"{{name}}, +{{n}} more","many":"{{name}}, +{{n}} more","other":"{{name}}, +{{n}} more"}},"device-status-tap-connect":"탭해서 연결","device-status-pairing":"기기와 연결하는 중…","device-status-waiting":"다른 기기를 기다리는 중…","device-status-paired":"연결 완료","device-status-connecting":"연결중…","device-status-connected":"연결됨","device-status-connected-media":"Connected to media audio","device-option-unpair":"Unpair","device-option-confirm":"Confirm","device-option-unpair-confirmation":"Confirmation","device-option-unpair-device":"Unpair device?","device-option-connect":"Connect","device-option-disconnect":"Disconnect","search-for-device":"기기를 찾는 중…","search-device":"기기 찾기","rename-device":"Rename my device","unnamed-device":"알 수 없는 기기","change-phone-name-desc":"Change the name of your device as it appears in your computer","bluetooth-new-name":"New name","error-pair-title":"기기와 연결할 수 없음","error-pair-pincode":"기기와 연결할 수 없습니다. PIN이 맞는지 확인해 보세요.","error-pair-toofast":"기기와 연결할 수 없습니다. 요청이 너무 많습니다.","error-connect-title":"Unable to connect devices","error-connect-msg":"Check that the device you’re trying to connect with is still in range and has Bluetooth turned on.","unpair-title":"Unpair a connected device?","unpair-msg":"You are currently connected to this device. Unpairing will also disconnect from it.","bluetooth":"블루투스","confirmation":"확인","bluetooth-status-description":"블루투스가 꺼져 있음","turn-bluetooth-on":"블루투스를 켜시겠습니까?","cancel":"취소","turn-on":"켜기","error-transfer-title":"블루투스 파일 전송 실패","error-transfer-settings":"블루투스 파일 전송이 실패했습니다. 블루투스 설정이 올바른지 확인해 보십시오.","ok":"예","pair":"연결","active-pair":"기기 연결 확인","active-pair-confirmation":"{{device}}와 연결하기 위해서 양쪽의 기기에서 다음의 PIN이 나타나고 있는지 확인하세요:","active-pair-pincode":"{{device}}와 연결하기 위해서 기기에 PIN을 입력하세요.","active-pair-passkey":"{{device}}와 연결하기 위해서 기기에 패스키를 입력하세요.","passive-pair":"블루투스 연결 요청","passive-pair-confirmation":"{{device}}와 이 전화기를 연결합니다. 양쪽 기기에 다음의 PIN이 나타나고 있는지 확인하고 승인하세요:","passive-pair-pincode":"{{device}}와 이 전화기를 연결합니다. 기기에 PIN을 입력해서 승인하세요.","passive-pair-passkey":"{{device}}와 이 전화기를 연결합니다. 기기에 패스키를 입력해서 승인하세요.","pair-view-title":"블루투스 요청","bluetooth-pairing-request-now-title":"블루투스 연결 요청","pairing-request-timeout-title":"블루투스 연결 요청","pairing-request-timeout-description":"블루투스 연결 요청이 만료되었습니다. 다시 시도하세요."}