{"change-device-name":"Change phone name","device-status-connected-device":"Connected to phone audio","device-status-connected-device-media":"Connected to phone/media audio","bluetooth-header":"{{bluetooth}}","bluetooth-enable-msg":"Turn Bluetooth on to view devices in the area.","bluetooth-paired-devices":"Susieti įrenginiai","bluetooth-devices-in-area":"Įrenginiai netoliese","bluetooth-visible-to-all":"Visible to all","bluetooth-name-maxlength-alert":"Your device name exceeds {{length}} characters. Please retry again.","bluetooth-address":"Bluetooth Address","bluetooth-address-unavailable":"Not available","bt-status-nopaired":"No devices paired","bt-status-turnoff":"Turned off","bt-status-paired":{"_index":["plural","n"],"_":{"zero":"{{name}}","one":"{{name}}, +{{n}} more","two":"{{name}}, +{{n}} more","few":"{{name}}, +{{n}} more","many":"{{name}}, +{{n}} more","other":"{{name}}, +{{n}} more"}},"device-status-tap-connect":"Bakstelėkite, kad būtų prisijungta","device-status-pairing":"Siejamasi su įrenginiu…","device-status-waiting":"Laukiama kito įrenginio…","device-status-paired":"Susisieta","device-status-connecting":"Jungiamasi…","device-status-connected":"Prisijungta","device-status-connected-media":"Connected to media audio","device-option-unpair":"Unpair","device-option-confirm":"Confirm","device-option-unpair-confirmation":"Confirmation","device-option-unpair-device":"Unpair device?","device-option-connect":"Connect","device-option-disconnect":"Disconnect","search-for-device":"Ieškoma įrenginių…","search-device":"Ieškoti įrenginių","rename-device":"Rename my device","unnamed-device":"Nežinomas įrenginys","change-phone-name-desc":"Change the name of your device as it appears in your computer","bluetooth-new-name":"New name","error-pair-title":"Susieti įrenginių nepavyko","error-pair-pincode":"Susisieti su kitu įrenginiu nepavyko. Patikrinkite, ar įvedėte teisingą PIN kodą.","error-pair-toofast":"Susisieti su kitu įrenginiu nepavyko. Pateikta per daug užklausų.","error-connect-title":"Unable to connect devices","error-connect-msg":"Check that the device you’re trying to connect with is still in range and has Bluetooth turned on.","unpair-title":"Unpair a connected device?","unpair-msg":"You are currently connected to this device. Unpairing will also disconnect from it.","bluetooth":"Bluetooth","confirmation":"Patvirtinkite","bluetooth-status-description":"„Bluetooth“ ryšys išjungtas","turn-bluetooth-on":"Ar norite įjungti „Bluetooth“ ryšį?","cancel":"Atsisakyti","turn-on":"Įjungti","error-transfer-title":"Failo persiųsti per „Bluetooth“ nepavyko","error-transfer-settings":"Failo persiųsti per „Bluetooth“ nepavyko. Patikrinkite, ar teisingos „Bluetooth“ nuostatos.","ok":"Gerai","pair":"Susisieti","active-pair":"Patvirtinkite įrenginių susiejimą","active-pair-confirmation":"Kad šis įrenginys būtų susietas su „{{device}}“, įsitikinkite ir patvirtinkite, jog abiejuose juose dabar rodomas šis PIN kodas:","active-pair-pincode":"Jeigu norite šį įrenginį susieti su „{{device}}“, įveskite pastarojo įrenginio PIN kodą.","active-pair-passkey":"Jeigu norite šį įrenginį susieti su „{{device}}“, įveskite pastarojo įrenginio saugos kodą.","passive-pair":"„Bluetooth“ susiejimo užklausa","passive-pair-confirmation":"Įrenginys „{{device}}“ bando susisieti su šiuo įrenginiu. Jeigu sutinkate, įsitikinkite ir patvirtinkite, jog abiejuose juos dabar rodomas šis PIN kodas:","passive-pair-pincode":"Įrenginys „{{device}}“ bando susisieti su šiuo įrenginiu. Jeigu sutinkate, įveskite siejamo įrenginio PIN kodą.","passive-pair-passkey":"Įrenginys „{{device}}“ bando susisieti su šiuo įrenginiu. Jeigu sutinkate, įveskite siejamo įrenginio saugos kodą.","pair-view-title":"„Bluetooth“ užklausa nuo","bluetooth-pairing-request-now-title":"„Bluetooth“ susiejimo užklausa","pairing-request-timeout-title":"„Bluetooth“ susiejimo užklausa","pairing-request-timeout-description":"„Bluetooth“ susiejimo užklausa nebegalioja. Bandykite įrenginius suporuoti iš naujo."}