{"change-device-name":"Change phone name","device-status-connected-device":"Connected to phone audio","device-status-connected-device-media":"Connected to phone/media audio","bluetooth-header":"{{bluetooth}}","bluetooth-enable-msg":"Turn Bluetooth on to view devices in the area.","bluetooth-paired-devices":"Спарени уреди","bluetooth-devices-in-area":"Уреди во близина","bluetooth-visible-to-all":"Visible to all","bluetooth-name-maxlength-alert":"Your device name exceeds {{length}} characters. Please retry again.","bluetooth-address":"Bluetooth Address","bluetooth-address-unavailable":"Not available","bt-status-nopaired":"No devices paired","bt-status-turnoff":"Turned off","bt-status-paired":{"_index":["plural","n"],"_":{"zero":"{{name}}","one":"{{name}}, +{{n}} more","two":"{{name}}, +{{n}} more","few":"{{name}}, +{{n}} more","many":"{{name}}, +{{n}} more","other":"{{name}}, +{{n}} more"}},"device-status-tap-connect":"Допрете за поврзување","device-status-pairing":"Спарувам со уред…","device-status-waiting":"Чекам на другиот уред…","device-status-paired":"Спарен","device-status-connecting":"Се поврзува…","device-status-connected":"Поврзан","device-status-connected-media":"Connected to media audio","device-option-unpair":"Unpair","device-option-confirm":"Confirm","device-option-unpair-confirmation":"Confirmation","device-option-unpair-device":"Unpair device?","device-option-connect":"Connect","device-option-disconnect":"Disconnect","search-for-device":"Пребарувам уреди…","search-device":"Пребарајте уреди","rename-device":"Rename my device","unnamed-device":"Непознат уред","change-phone-name-desc":"Change the name of your device as it appears in your computer","bluetooth-new-name":"New name","error-pair-title":"Не е можно да се спарат уредите","error-pair-pincode":"Не можам да се спарам со уредот. Проверете го пин-кодот.","error-pair-toofast":"Не можам да се спарам со уредот. Премногу барања.","error-connect-title":"Unable to connect devices","error-connect-msg":"Check that the device you’re trying to connect with is still in range and has Bluetooth turned on.","unpair-title":"Unpair a connected device?","unpair-msg":"You are currently connected to this device. Unpairing will also disconnect from it.","bluetooth":"Bluetooth","confirmation":"Потврда","bluetooth-status-description":"Bluetooth е оневозможен","turn-bluetooth-on":"Сакате да вклучите Bluetooth?","cancel":"Откажи","turn-on":"Вклучи","error-transfer-title":"Преносот на податоци преку Bluetooth не успеа","error-transfer-settings":"Преносот на податоци преку Bluetooth не успеа. Проверете дали поставките за Bluetooth се точни.","ok":"Во ред","pair":"Pair","active-pair":"Confirm devices to pair","active-pair-confirmation":"To pair with {{device}}, make sure that both devices currently have the following PIN displayed:","active-pair-pincode":"To pair with {{device}}, enter the PIN on the device.","active-pair-passkey":"To pair with {{device}}, enter the passkey on the device.","passive-pair":"Bluetooth pairing request","passive-pair-confirmation":"{{device}} would like to pair with this phone. To accept, make sure that both devices currently have the following PIN displayed:","passive-pair-pincode":"{{device}} would like to pair with this phone. To accept, enter the PIN on the device.","passive-pair-passkey":"{{device}} would like to pair with this phone. To accept, enter the passkey on the device.","pair-view-title":"Bluetooth Request From","bluetooth-pairing-request-now-title":"Bluetooth pairing request","pairing-request-timeout-title":"Bluetooth Pairing Request","pairing-request-timeout-description":"Bluetooth pairing request expired. Try to pair again."}