{"change-device-name":"Change phone name","device-status-connected-device":"Connected to phone audio","device-status-connected-device-media":"Connected to phone/media audio","bluetooth-header":"{{bluetooth}}","bluetooth-enable-msg":"Turn Bluetooth on to view devices in the area.","bluetooth-paired-devices":"Peranti digandingkan","bluetooth-devices-in-area":"Peranti dalam kawasan","bluetooth-visible-to-all":"Visible to all","bluetooth-name-maxlength-alert":"Your device name exceeds {{length}} characters. Please retry again.","bluetooth-address":"Bluetooth Address","bluetooth-address-unavailable":"Not available","bt-status-nopaired":"No devices paired","bt-status-turnoff":"Turned off","bt-status-paired":{"_index":["plural","n"],"_":{"zero":"{{name}}","one":"{{name}}, +{{n}} more","two":"{{name}}, +{{n}} more","few":"{{name}}, +{{n}} more","many":"{{name}}, +{{n}} more","other":"{{name}}, +{{n}} more"}},"device-status-tap-connect":"Tap untuk sambung","device-status-pairing":"Menggandingkan peranti…","device-status-waiting":"Menanti peranti yang lain…","device-status-paired":"Digandingkan","device-status-connecting":"Menyambung…","device-status-connected":"Bersambung","device-status-connected-media":"Connected to media audio","device-option-unpair":"Unpair","device-option-confirm":"Confirm","device-option-unpair-confirmation":"Confirmation","device-option-unpair-device":"Unpair device?","device-option-connect":"Connect","device-option-disconnect":"Disconnect","search-for-device":"Mencari peranti...","search-device":"Carian peranti","rename-device":"Rename my device","unnamed-device":"Peranti tidak dikenali","change-phone-name-desc":"Change the name of your device as it appears in your computer","bluetooth-new-name":"New name","error-pair-title":"Tidak dapat menggandingkan peranti","error-pair-pincode":"Tidak dapat menggandingkan peranti. Semak sama ada PIN betul.","error-pair-toofast":"Tidak dapat menggandingkan peranti. Terlalu banyak permintaan.","error-connect-title":"Unable to connect devices","error-connect-msg":"Check that the device you’re trying to connect with is still in range and has Bluetooth turned on.","unpair-title":"Unpair a connected device?","unpair-msg":"You are currently connected to this device. Unpairing will also disconnect from it.","bluetooth":"Bluetooth","confirmation":"Pengesahan","bluetooth-status-description":"Bluetooth dilumpuhkan","turn-bluetooth-on":"Adakah anda mahu menghidupkan Bluetooth?","cancel":"Batal","turn-on":"Hidupkan","error-transfer-title":"Penghantaran fail Bluetooth gagal","error-transfer-settings":"Penghantaran fail Bluetooth gagal. Semak sama ada tetapan Bluetooh adalah betul.","ok":"OK","pair":"Pair","active-pair":"Mengesahkan peranti untuk berpasangan","active-pair-confirmation":"Untuk berpasangan dengan {{device}}, pastikan kedua-dua peranti pada masa ini mempunyai PIN yang tertera:","active-pair-pincode":"Untuk berpasangan dengan {{device}}, masukkan PIN pada peranti.","active-pair-passkey":"Untuk berpasangan dengan {{device}}, masukkan kunci khas pada peranti.","passive-pair":"Permintaan bergandingan Bluetooth","passive-pair-confirmation":"{{device}} ingin berpasangan dengan telefon ini. Untuk menerima, pastikan kedua-dua peranti pada masa ini mempunyai PIN yang tertera:","passive-pair-pincode":"{{device}} ingin berpasangan dengan telefon ini. Untuk menerima, masukkan PIN pada peranti.","passive-pair-passkey":"{{device}} ingin berpasangan dengan telefon ini. Untuk menerima, masukkan kunci khas pada peranti.","pair-view-title":"Permintaan Bluetooth Dari","bluetooth-pairing-request-now-title":"Bluetooth pairing request","pairing-request-timeout-title":"Permintaan Berpasangan Bluetooth","pairing-request-timeout-description":"Permintaan berpasangan Bluetooth tamat tempoh. Cuba pasangkan semula."}