{"change-device-name":"Change phone name","device-status-connected-device":"Connected to phone audio","device-status-connected-device-media":"Connected to phone/media audio","bluetooth-header":"{{bluetooth}}","bluetooth-enable-msg":"Turn Bluetooth on to view devices in the area.","bluetooth-paired-devices":"जडान गरेको यन्त्रहरु","bluetooth-devices-in-area":"यो ठाउँमा भएको यन्त्रहरु","bluetooth-visible-to-all":"Visible to all","bluetooth-name-maxlength-alert":"Your device name exceeds {{length}} characters. Please retry again.","bluetooth-address":"Bluetooth Address","bluetooth-address-unavailable":"Not available","bt-status-nopaired":"No devices paired","bt-status-turnoff":"Turned off","bt-status-paired":{"_index":["plural","n"],"_":{"zero":"{{name}}","one":"{{name}}, +{{n}} more","two":"{{name}}, +{{n}} more","few":"{{name}}, +{{n}} more","many":"{{name}}, +{{n}} more","other":"{{name}}, +{{n}} more"}},"device-status-tap-connect":"जडान गर्न थिच्नुहोस्","device-status-pairing":"यन्त्रसँग जोडि बनाउँदै...","device-status-waiting":"अर्को यन्त्रको प्रतिक्षा गर्दै","device-status-paired":"जोडि मिलाइएको","device-status-connecting":"जडान हुँदैछ…","device-status-connected":"जडान गरियो","device-status-connected-media":"Connected to media audio","device-option-unpair":"Unpair","device-option-confirm":"Confirm","device-option-unpair-confirmation":"Confirmation","device-option-unpair-device":"Unpair device?","device-option-connect":"Connect","device-option-disconnect":"Disconnect","search-for-device":"यन्त्रहरु खोज्दै...","search-device":"यन्त्रहरुको खोजी गर्नुहोस्","rename-device":"Rename my device","unnamed-device":"अज्ञात यन्त्र","change-phone-name-desc":"Change the name of your device as it appears in your computer","bluetooth-new-name":"New name","error-pair-title":"यन्त्रहरु बिच सम्पर्क स्थापना हुन सकेन।","error-pair-pincode":"सम्पर्क स्थापना हुन सकेन। PIN ठीक छ कि छैन जाँच्नुहोस्।","error-pair-toofast":"ैधेरै अनुरोधहरुका कारण सम्पर्क स्थापना हुन सकेन।","error-connect-title":"Unable to connect devices","error-connect-msg":"Check that the device you’re trying to connect with is still in range and has Bluetooth turned on.","unpair-title":"Unpair a connected device?","unpair-msg":"You are currently connected to this device. Unpairing will also disconnect from it.","bluetooth":"ब्लुटुथ","confirmation":"यकिन","bluetooth-status-description":"ब्लुटुथ अक्षम भएको छ","turn-bluetooth-on":"के तपाईँ ब्लुटुथ सुरु गर्न चहानुहुन्छ?","cancel":"रद्द गर्नुहोस्","turn-on":"सुचारु गर्नुहोस्","error-transfer-title":"ब्लुटुथ फाइल स्थानान्तर गर्न असफल भयो","error-transfer-settings":"ब्लुटुथ फाइल स्थानान्तर गर्न असफल भयो। ब्लुटुथ सेटिङहरू ठिक छन् भनेर जाँच्नुहोस्।","ok":"ठीक छ","pair":"जोडि बनाउ","active-pair":"जोडि बनाउने यन्त्र पक्का गर्नुहोस्","active-pair-confirmation":"{{device}} सँग जोडि बनाउन दुबैमा यो PIN देखाएको छ कि छैन हेर्नुस्:","active-pair-pincode":"{{device}} सँग जोडि बनाउन, यो PIN प्रविष्ट गर्नुहोस्।","active-pair-passkey":"{{device}}सँग जोडि बनाउन passkey प्रविष्ट गर्नुहोस्।","passive-pair":"Bluetooth pairing request","passive-pair-confirmation":"{{device}} would like to pair with this phone. To accept, make sure that both devices currently have the following PIN displayed:","passive-pair-pincode":"{{device}} would like to pair with this phone. To accept, enter the PIN on the device.","passive-pair-passkey":"{{device}} would like to pair with this phone. To accept, enter the passkey on the device.","pair-view-title":"Bluetooth Request From","bluetooth-pairing-request-now-title":"Bluetooth pairing request","pairing-request-timeout-title":"Bluetooth Pairing Request","pairing-request-timeout-description":"Bluetooth pairing request expired. Try to pair again."}