{"change-device-name":"Change phone name","device-status-connected-device":"Connected to phone audio","device-status-connected-device-media":"Connected to phone/media audio","bluetooth-header":"{{bluetooth}}","bluetooth-enable-msg":"Zet Bluetooth aan om apparaten in de omgeving te bekijken.","bluetooth-paired-devices":"Gekoppelde apparaten","bluetooth-devices-in-area":"Apparaten in de omgeving","bluetooth-visible-to-all":"Zichtbaar voor anderen","bluetooth-name-maxlength-alert":"Uw apparaatnaam overschrijdt {{length}} tekens. Probeer het opnieuw.","bluetooth-address":"Bluetooth-adres","bluetooth-address-unavailable":"Niet beschikbaar","bt-status-nopaired":"Geen gekoppelde apparaten","bt-status-turnoff":"Uitgeschakeld","bt-status-paired":{"_index":["plural","n"],"_":{"zero":"{{name}}","one":"{{name}}, +{{n}} meer","two":"{{name}}, +{{n}} meer","few":"{{name}}, +{{n}} meer","many":"{{name}}, +{{n}} meer","other":"{{name}}, +{{n}} meer"}},"device-status-tap-connect":"Tik om verbinding te maken","device-status-pairing":"Koppelen met apparaat…","device-status-waiting":"Wachten op andere apparaat…","device-status-paired":"Gekoppeld","device-status-connecting":"Verbinden…","device-status-connected":"Verbonden","device-status-connected-media":"Verbonden met media-audio","device-option-unpair":"Ontkoppelen","device-option-confirm":"Bevestigen","device-option-unpair-confirmation":"Bevestiging","device-option-unpair-device":"Apparaat ontkoppelen?","device-option-connect":"Verbinding maken","device-option-disconnect":"Verbinding verbreken","search-for-device":"Zoeken naar apparaten…","search-device":"Zoeken naar apparaten","rename-device":"Mijn apparaat hernoemen","unnamed-device":"Onbekend apparaat","change-phone-name-desc":"De naam van uw apparaat zoals het in uw computer verschijnt wijzigen","bluetooth-new-name":"Nieuwe naam","error-pair-title":"Kan apparaten niet koppelen","error-pair-pincode":"Kan geen koppeling met het apparaat maken. Controleer of de pincode juist is.","error-pair-toofast":"Kan geen koppeling met het apparaat maken. Te veel verzoeken.","error-connect-title":"Kan apparaten niet verbinden","error-connect-msg":"Controleer of het apparaat waarmee u probeert te verbinden nog binnen bereik is en Bluetooth heeft ingeschakeld.","unpair-title":"Een verbonden apparaat ontkoppelen?","unpair-msg":"U bent momenteel met dit apparaat verbonden. Ontkoppelen zal ook de verbinding ermee verbreken.","bluetooth":"Bluetooth","confirmation":"Bevestiging","bluetooth-status-description":"Bluetooth is uitgeschakeld","turn-bluetooth-on":"Wilt u Bluetooth inschakelen?","cancel":"Annuleren","turn-on":"Inschakelen","error-transfer-title":"Bluetooth-bestandsoverdracht mislukt","error-transfer-settings":"Bluetooth-bestandsoverdracht is mislukt. Controleer of de Bluetooth-instellingen juist zijn.","ok":"OK","pair":"Koppelen","active-pair":"Te koppelen apparaten bevestigen","active-pair-confirmation":"Zorg ervoor dat beide apparaten de volgende pincode weergeven om een koppeling met {{device}} te maken:","active-pair-pincode":"Voer de pincode in op het apparaat om een koppeling met {{device}} te maken.","active-pair-passkey":"Voer de wachtwoordcode in op het apparaat om een koppeling met {{device}} te maken.","passive-pair":"Bluetooth-koppelingsverzoek","passive-pair-confirmation":"{{device}} wil een koppeling met deze telefoon maken. Zorg ervoor dat beide apparaten de volgende pincode weergeven om dit te accepteren:","passive-pair-pincode":"{{device}} wil een koppeling met deze telefoon maken. Voer de pincode in op het apparaat om dit te accepteren.","passive-pair-passkey":"{{device}} wil een koppeling met deze telefoon maken. Voer de wachtwoordcode in op het apparaat om dit te accepteren.","pair-view-title":"Bluetooth-verzoek van","bluetooth-pairing-request-now-title":"Bluetooth-koppelingsverzoek","pairing-request-timeout-title":"Bluetooth-koppelingsverzoek","pairing-request-timeout-description":"Bluetooth-koppelingsverzoek verlopen. Probeer nogmaals te koppelen."}