{"change-device-name":"Change phone name","device-status-connected-device":"Connected to phone audio","device-status-connected-device-media":"Connected to phone/media audio","bluetooth-header":"{{bluetooth}}","bluetooth-enable-msg":"Turn Bluetooth on to view devices in the area.","bluetooth-paired-devices":"ਪੇਅਰ ਕੀਤੇ ਯੰਤਰ","bluetooth-devices-in-area":"ਖੇਤਰ ਵਿੱਚ ਯੰਤਰ","bluetooth-visible-to-all":"Visible to all","bluetooth-name-maxlength-alert":"Your device name exceeds {{length}} characters. Please retry again.","bluetooth-address":"Bluetooth Address","bluetooth-address-unavailable":"Not available","bt-status-nopaired":"No devices paired","bt-status-turnoff":"Turned off","bt-status-paired":{"_index":["plural","n"],"_":{"zero":"{{name}}","one":"{{name}}, +{{n}} more","two":"{{name}}, +{{n}} more","few":"{{name}}, +{{n}} more","many":"{{name}}, +{{n}} more","other":"{{name}}, +{{n}} more"}},"device-status-tap-connect":"ਕੁਨੈਕਟ ਕਰਨ ਲਈ ਛੂਹੋ","device-status-pairing":"…ਯੰਤਰ ਨਾਲ ਪੇਅਰ ਕੀਤਾ ਜਾ ਰਿਹਾ ਹੈ","device-status-waiting":"…ਹੋਰ ਯੰਤਰ ਦੀ ਉਡੀਕ ਕੀਤੀ ਜਾ ਰਹੀ ਹੈ","device-status-paired":"ਪੇਅਰ ਹੈ","device-status-connecting":"…ਕੁਨੈਕਟ ਕੀਤਾ ਜਾ ਰਿਹਾ ਹੈ","device-status-connected":"ਕੁਨੈਕਟ ਹੈ","device-status-connected-media":"Connected to media audio","device-option-unpair":"Unpair","device-option-confirm":"Confirm","device-option-unpair-confirmation":"Confirmation","device-option-unpair-device":"Unpair device?","device-option-connect":"Connect","device-option-disconnect":"Disconnect","search-for-device":"…ਯੰਤਰਾਂ ਲਈ ਖੋਜ ਜਾਰੀ ਹੈ","search-device":"ਯੰਤਰਾਂ ਲਈ ਖੋਜ","rename-device":"Rename my device","unnamed-device":"ਅਣਜਾਣ ਯੰਤਰ","change-phone-name-desc":"Change the name of your device as it appears in your computer","bluetooth-new-name":"New name","error-pair-title":"ਯੰਤਰ ਪੇਅਰ ਕਰਨ ਲਈ ਅਸਮਰੱਥ।","error-pair-pincode":"ਯੰਤਰ ਨੂੰ ਪੇਅਰ ਕਰਨ ਲਈ ਅਸਮਰੱਥ ਹੈ। ਜਾਂਚ ਕਰੋ ਕਿ ਪਿੰਨ ਠੀਕ ਹੈ","error-pair-toofast":"ਯੰਤਰ ਨੂੰ ਪੇਅਰ ਕਰਨ ਲਈ ਅਸਮਰੱਥ ਹੈ। ਬਹੁਤ ਸਾਰੀਆਂ ਬੇਨਤੀਆਂ ਹਨ।","error-connect-title":"Unable to connect devices","error-connect-msg":"Check that the device you’re trying to connect with is still in range and has Bluetooth turned on.","unpair-title":"Unpair a connected device?","unpair-msg":"You are currently connected to this device. Unpairing will also disconnect from it.","bluetooth":"ਬਲਿਊਟੁੱਥ","confirmation":"ਪੁਸ਼ਟੀ","bluetooth-status-description":"ਬਲਿਊਟੁੱਥ ਚਾਲੂ ਹੈ","turn-bluetooth-on":"ਕੀ ਤੁਸੀਂ ਬਲਿਊਟੁੱਥ ਚਾਲੂ ਕਰਨਾ ਚਾਹੁੰਦੇ ਹੋ?","cancel":"ਰੱਦ ਕਰੋ","turn-on":"ਚਾਲੂ","error-transfer-title":"ਬਲਿਊਟੁੱਥ ਫਾਇਲ ਟਰਾਂਸਫਰ ਫੇਲ੍ਹ ਹੈ","error-transfer-settings":"ਬਲਿਊਟੁੱਥ ਫਾਇਲ ਟਰਾਂਸਫਰ ਫੇਲ੍ਹ ਹੈ। ਜਾਂਚ ਕਰੋ ਕਿ ਬਲਿਊਟੁੱਥ ਸੈਟਿੰਗ ਠੀਕ ਹਨ।","ok":"ਠੀਕ ਹੈ","pair":"ਪੇਅਰ","active-pair":"ਪੇਅਰ ਕਰਨ ਲਈ ਯੰਤਰ ਪੁਸ਼ਟੀ","active-pair-confirmation":"{{device}} ਨਾਲ ਪੇਅਰ ਕਰਨ ਲਈ, ਯਕੀਨੀ ਬਣਾਉ ਕਿ ਦੋਵੇਂ ਯੰਤਰਾਂ ਉੱਤੇ ਹੇਠ ਦਿੱਤਾ ਪਿੰਨ ਹੀ ਵਿਖਾਈ ਦੇ ਰਿਹਾ ਹੈ:","active-pair-pincode":"{{device}} ਨਾਲ ਪੇਅਰ ਕਰਨ ਲਈ, ਯੰਤਰ ਉੱਤੇ ਪਿੰਨ ਦਿਉ।","active-pair-passkey":"{{device}} ਨਾਲ ਪੇਅਰ ਕਰਨ ਲਈ, ਯੰਤਰ ਉੱਤੇ ਪਾਸ-ਕੁੰਜੀ ਦਿਉ।","passive-pair":"ਬਲਿਊਟੁੱਥ ਪੇਅਰ ਬੇਨਤੀ","passive-pair-confirmation":"{{device}} ਇਸ ਫੋਨ ਨਾਲ ਪੇਅਰ ਹੋਣਾ ਚਾਹੁੰਦਾ ਹੈ। ਮਨਜ਼ੂਰ ਕਰਨ ਲਈ  ਯਕੀਨੀ ਬਣਾਉ ਕਿ ਦੋਵੇਂ ਯੰਤਰਾਂ ਉੱਤੇ ਹੇਠ ਦਿੱਤਾ ਪਿੰਨ ਹੀ ਵਿਖਾਈ ਦੇ ਰਿਹਾ ਹੈ:","passive-pair-pincode":"{{device}} ਇਸ ਫੋਨ ਨਾਲ ਪੇਅਰ ਹੋਣਾ ਚਾਹੁੰਦਾ ਹੈ। ਮਨਜ਼ੂਰ ਕਰਨ ਲਈ  ਯੰਤਰ ਉੱਤੇ ਪਿੰਨ ਦਿਉ।","passive-pair-passkey":"{{device}} ਇਸ ਫੋਨ ਨਾਲ ਪੇਅਰ ਹੋਣਾ ਚਾਹੁੰਦਾ ਹੈ। ਮਨਜ਼ੂਰ ਕਰਨ ਲਈ  ਯੰਤਰ ਉੱਤੇ ਪਾਸ-ਕੁੰਜੀ ਦਿਉ।","pair-view-title":"ਬਲਿਊਟੁੱਥ ਬੇਨਤੀ ਤੋਂ","bluetooth-pairing-request-now-title":"ਬਲਿਊਟੁੱਥ ਪੇਅਰ ਕਰਨ ਬੇਨਤੀ","pairing-request-timeout-title":"ਬਲਿਊਟੁੱਥ ਪੇਅਰ ਕਰਨ ਬੇਨਤੀ","pairing-request-timeout-description":"ਬਲਿਊਟੁੱਥ ਪੇਅਰ ਕਰਨ ਦੀ ਬੇਨਤੀ ਦੀ ਮਿਆਦ ਪੁੱਗੀ। ਮੁੜ ਪੇਅਰ ਕਰਨ ਦੀ ਕੋਸ਼ਿਸ਼।"}