{"change-device-name":"Change phone name","device-status-connected-device":"Connected to phone audio","device-status-connected-device-media":"Connected to phone/media audio","bluetooth-header":"Bluetooth","bluetooth-enable-msg":"Włącz Bluetooth, aby wyświetlić dostępne urządzenia.","bluetooth-paired-devices":"Sparowane urządzenia","bluetooth-devices-in-area":"Urządzenia w zasięgu","bluetooth-visible-to-all":"Widoczny dla wszystkich","bluetooth-name-maxlength-alert":"Nazwa urządzenia przekracza {{length}} znaków. Proszę spróbować ponownie.","bluetooth-address":"Adres Bluetooth","bluetooth-address-unavailable":"Niedostępny","bt-status-nopaired":"Brak sparowanych urządzeń","bt-status-turnoff":"Wyłączony","bt-status-paired":{"_index":["plural","n"],"_":{"zero":"{{name}}","one":"{{name}}, i {{n}} więcej","two":"{{name}}, i {{n}} więcej","few":"{{name}}, i {{n}} więcej","many":"{{name}}, i {{n}} więcej"}},"device-status-tap-connect":"Pacnij, aby połączyć","device-status-pairing":"Parowanie z urządzeniem…","device-status-waiting":"Oczekiwanie na drugie urządzenie…","device-status-paired":"Sparowano","device-status-connecting":"Łączenie…","device-status-connected":"Połączono","device-status-connected-media":"Połączono z audio urządzenia (A2DP)","device-option-unpair":"Usuń powiązanie w parę","device-option-confirm":"Potwierdź","device-option-unpair-confirmation":"Potwierdzenie","device-option-unpair-device":"Usunąć powiązanie w parę?","device-option-connect":"Połącz","device-option-disconnect":"Rozłącz","search-for-device":"Wyszukiwanie urządzeń…","search-device":"Wyszukaj urządzenia","rename-device":"Zmień nazwę urządzenia","unnamed-device":"Nieznane urządzenie","change-phone-name-desc":"Zmień nazwę wyświetlaną innym urządzeniom i komputerom","bluetooth-new-name":"Nowa nazwa","error-pair-title":"Nie udało się sparować urządzeń","error-pair-pincode":"Nie udało się sparować z urządzeniem. Sprawdź, czy kod PIN jest prawidłowy.","error-pair-toofast":"Nie udało się sparować z urządzeniem. Zbyt wiele prób.","error-connect-title":"Nie udało się połączyć urządzeń","error-connect-msg":"Sprawdź, czy urządzenie, z którym usiłujesz się połączyć, jest nadal w zasięgu i ma włączony Bluetooth.","unpair-title":"Usunąć powiązanie w parę z połączonym urządzeniem?","unpair-msg":"Urządzenia są obecnie połączone, a usunięcie powiązania w parę rozłączy je.","bluetooth":"Bluetooth","confirmation":"Potwierdzenie","bluetooth-status-description":"Bluetooth jest wyłączony","turn-bluetooth-on":"Włączyć Bluetooth?","cancel":"Anuluj","turn-on":"Włącz","error-transfer-title":"Przesyłanie pliku przez Bluetooth nie powiodło się","error-transfer-settings":"Przesyłanie pliku przez Bluetooth nie powiodło się. Sprawdź, czy ustawienia Bluetooth są poprawne.","ok":"OK","pair":"Paruj","active-pair":"Potwierdź parowanie urządzeń","active-pair-confirmation":"Aby sparować z urządzeniem {{device}}, upewnij się, że na obu urządzeniach wprowadzono następujący kod PIN:","active-pair-pincode":"Wprowadź kod PIN, jaki trzeba wprowadzić na „{{device}}”.","active-pair-passkey":"Wprowadź klucz zabezpieczający, jaki trzeba wprowadzić na „{{device}}”.","passive-pair":"Prośba o sparowanie z urządzeniem Bluetooth","passive-pair-confirmation":"Otrzymano prośbę o sparowanie z urządzeniem „{{device}}”. Upewnij się, że oba urządzenia wyświetlają ten sam kod PIN:","passive-pair-pincode":"Otrzymano prośbę o sparowanie z urządzeniem „{{device}}”. Wprowadź na urządzeniu kod PIN.","passive-pair-passkey":"Otrzymano prośbę o sparowanie z urządzeniem „{{device}}”. Wprowadź kod zabezpieczający na urządzeniu.","pair-view-title":"Żądanie Bluetooth od","bluetooth-pairing-request-now-title":"Prośba o sparowanie z urządzeniem Bluetooth","pairing-request-timeout-title":"Prośba o sparowanie z urządzeniem Bluetooth","pairing-request-timeout-description":"Prośba o sparowanie wygasła. Spróbuj sparować ponownie."}