{"change-device-name":"Change phone name","device-status-connected-device":"Connected to phone audio","device-status-connected-device-media":"Connected to phone/media audio","bluetooth-header":"{{bluetooth}}","bluetooth-enable-msg":"Turn Bluetooth on to view devices in the area.","bluetooth-paired-devices":"Dispositivos pareados","bluetooth-devices-in-area":"Dispositivos na área","bluetooth-visible-to-all":"Visible to all","bluetooth-name-maxlength-alert":"Your device name exceeds {{length}} characters. Please retry again.","bluetooth-address":"Bluetooth Address","bluetooth-address-unavailable":"Not available","bt-status-nopaired":"No devices paired","bt-status-turnoff":"Turned off","bt-status-paired":{"_index":["plural","n"],"_":{"zero":"{{name}}","one":"{{name}}, +{{n}} more","two":"{{name}}, +{{n}} more","few":"{{name}}, +{{n}} more","many":"{{name}}, +{{n}} more","other":"{{name}}, +{{n}} more"}},"device-status-tap-connect":"Toque para conectar","device-status-pairing":"Pareando com o dispositivo…","device-status-waiting":"Esperando pelo dispositivo…","device-status-paired":"Pareado","device-status-connecting":"Conectando…","device-status-connected":"Conectado","device-status-connected-media":"Connected to media audio","device-option-unpair":"Unpair","device-option-confirm":"Confirm","device-option-unpair-confirmation":"Confirmation","device-option-unpair-device":"Unpair device?","device-option-connect":"Connect","device-option-disconnect":"Disconnect","search-for-device":"Buscando dispositivos…","search-device":"Buscar dispositivos","rename-device":"Rename my device","unnamed-device":"Dispositivo desconhecido","change-phone-name-desc":"Change the name of your device as it appears in your computer","bluetooth-new-name":"New name","error-pair-title":"Não foi possível parear","error-pair-pincode":"Não foi possível parear. Confira se o PIN está correto.","error-pair-toofast":"Não foi possível parear. Requisições demais foram feitas.","error-connect-title":"Unable to connect devices","error-connect-msg":"Check that the device you’re trying to connect with is still in range and has Bluetooth turned on.","unpair-title":"Unpair a connected device?","unpair-msg":"You are currently connected to this device. Unpairing will also disconnect from it.","bluetooth":"Bluetooth","confirmation":"Confirmação","bluetooth-status-description":"O Bluetooth está desativado","turn-bluetooth-on":"Deseja ativar o Bluetooth?","cancel":"Cancelar","turn-on":"Ativar","error-transfer-title":"Falha ao transferir o arquivo via Bluetooth","error-transfer-settings":"Falha ao transferir o arquivo via Bluetooth. Verfique se suas configurações Bluetooth estão corretas.","ok":"OK","pair":"Parear","active-pair":"Confirmar dispositivos a serem pareados","active-pair-confirmation":"Para parear com {{device}}, confira se ambos os dispositivos mostram o seguinte código:","active-pair-pincode":"Para parear com {{device}}, digite o código no dispositivo.","active-pair-passkey":"Para parear com {{device}}, digite a senha no dispositivo.","passive-pair":"Pedido de pareamento Bluetooth","passive-pair-confirmation":"{{device}} gostaria de parear com esse telefone. Para aceitar, confira se ambos os dispositivos mostram o seguinte código:","passive-pair-pincode":"{{device}} gostaria de parear com esse telefone. Para aceitar, digite o código no dispositivo.","passive-pair-passkey":"{{device}} gostaria de parear com esse telefone. Para aceitar, digite a senha no dispositivo.","pair-view-title":"Pedido Bluetooth de","bluetooth-pairing-request-now-title":"Pedido de pareamento Bluetooth","pairing-request-timeout-title":"Pedido de pareamento Bluetooth","pairing-request-timeout-description":"Pedido de pareamento Bluetooth expirado. Tente novamente."}