{"change-device-name":"Change phone name","device-status-connected-device":"Connected to phone audio","device-status-connected-device-media":"Connected to phone/media audio","bluetooth-header":"{{bluetooth}}","bluetooth-enable-msg":"Turn Bluetooth on to view devices in the area.","bluetooth-paired-devices":"Dispozitive asociate","bluetooth-devices-in-area":"Dispozitive din zonă","bluetooth-visible-to-all":"Visible to all","bluetooth-name-maxlength-alert":"Your device name exceeds {{length}} characters. Please retry again.","bluetooth-address":"Bluetooth Address","bluetooth-address-unavailable":"Not available","bt-status-nopaired":"No devices paired","bt-status-turnoff":"Turned off","bt-status-paired":{"_index":["plural","n"],"_":{"zero":"{{name}}","one":"{{name}}, +{{n}} more","two":"{{name}}, +{{n}} more","few":"{{name}}, +{{n}} more","many":"{{name}}, +{{n}} more","other":"{{name}}, +{{n}} more"}},"device-status-tap-connect":"Apasă pentru conectare","device-status-pairing":"Se asociază cu dispozitivul…","device-status-waiting":"Se așteaptă după celălalt dispozitiv…","device-status-paired":"Asociat","device-status-connecting":"Conectare…","device-status-connected":"Conectat","device-status-connected-media":"Connected to media audio","device-option-unpair":"Unpair","device-option-confirm":"Confirm","device-option-unpair-confirmation":"Confirmation","device-option-unpair-device":"Unpair device?","device-option-connect":"Connect","device-option-disconnect":"Disconnect","search-for-device":"Se caută dispozitive…","search-device":"Caută dispozitive","rename-device":"Rename my device","unnamed-device":"Dispozitiv necunoscut","change-phone-name-desc":"Change the name of your device as it appears in your computer","bluetooth-new-name":"New name","error-pair-title":"Nu se pot asocia dispozitive","error-pair-pincode":"Nu se poate asocia cu dispozitivul. Verifică ca codul PIN să fie corect.","error-pair-toofast":"Nu s-a putut asocia cu dispozitivul. Prea multe cereri.","error-connect-title":"Unable to connect devices","error-connect-msg":"Check that the device you’re trying to connect with is still in range and has Bluetooth turned on.","unpair-title":"Unpair a connected device?","unpair-msg":"You are currently connected to this device. Unpairing will also disconnect from it.","bluetooth":"Bluetooth","confirmation":"Confirmare","bluetooth-status-description":"Bluetooth este dezactivat","turn-bluetooth-on":"Dorești să pornești Bluetooth?","cancel":"Renunță","turn-on":"Pornește","error-transfer-title":"Transferul de fișiere prin Bluetooth a eșuat","error-transfer-settings":"Transferul de fișiere prin Bluetooth a eșuat. Verifică dacă setările Bluetooth sunt corecte.","ok":"Ok","pair":"Pair","active-pair":"Confirm devices to pair","active-pair-confirmation":"To pair with {{device}}, make sure that both devices currently have the following PIN displayed:","active-pair-pincode":"To pair with {{device}}, enter the PIN on the device.","active-pair-passkey":"To pair with {{device}}, enter the passkey on the device.","passive-pair":"Bluetooth pairing request","passive-pair-confirmation":"{{device}} would like to pair with this phone. To accept, make sure that both devices currently have the following PIN displayed:","passive-pair-pincode":"{{device}} would like to pair with this phone. To accept, enter the PIN on the device.","passive-pair-passkey":"{{device}} would like to pair with this phone. To accept, enter the passkey on the device.","pair-view-title":"Bluetooth Request From","bluetooth-pairing-request-now-title":"Bluetooth pairing request","pairing-request-timeout-title":"Bluetooth Pairing Request","pairing-request-timeout-description":"Bluetooth pairing request expired. Try to pair again."}