{"change-device-name":"Change phone name","device-status-connected-device":"Connected to phone audio","device-status-connected-device-media":"Connected to phone/media audio","bluetooth-header":"{{bluetooth}}","bluetooth-enable-msg":"Turn Bluetooth on to view devices in the area.","bluetooth-paired-devices":"Связанные устройства","bluetooth-devices-in-area":"Близлежащие устройства","bluetooth-visible-to-all":"Visible to all","bluetooth-name-maxlength-alert":"Your device name exceeds {{length}} characters. Please retry again.","bluetooth-address":"Bluetooth Address","bluetooth-address-unavailable":"Not available","bt-status-nopaired":"No devices paired","bt-status-turnoff":"Turned off","bt-status-paired":{"_index":["plural","n"],"_":{"zero":"{{name}}","one":"{{name}}, +{{n}} more","two":"{{name}}, +{{n}} more","few":"{{name}}, +{{n}} more","many":"{{name}}, +{{n}} more","other":"{{name}}, +{{n}} more"}},"device-status-tap-connect":"Нажмите для соединения","device-status-pairing":"Связь с устройством…","device-status-waiting":"Ожидание другого устройства…","device-status-paired":"Связаны","device-status-connecting":"Соединение…","device-status-connected":"Соединено","device-status-connected-media":"Connected to media audio","device-option-unpair":"Unpair","device-option-confirm":"Confirm","device-option-unpair-confirmation":"Confirmation","device-option-unpair-device":"Unpair device?","device-option-connect":"Connect","device-option-disconnect":"Disconnect","search-for-device":"Поиск устройств…","search-device":"Поиск устройств","rename-device":"Rename my device","unnamed-device":"Неизвестное устройство","change-phone-name-desc":"Change the name of your device as it appears in your computer","bluetooth-new-name":"New name","error-pair-title":"Не удалось связать устройства","error-pair-pincode":"Не удалось связаться с устройством. Проверьте корректность PIN.","error-pair-toofast":"Не удалось связаться с устройством. Слишком много запросов.","error-connect-title":"Unable to connect devices","error-connect-msg":"Check that the device you’re trying to connect with is still in range and has Bluetooth turned on.","unpair-title":"Unpair a connected device?","unpair-msg":"You are currently connected to this device. Unpairing will also disconnect from it.","bluetooth":"Bluetooth","confirmation":"Подтверждение","bluetooth-status-description":"Bluetooth отключён","turn-bluetooth-on":"Вы хотите включить Bluetooth?","cancel":"Отмена","turn-on":"Включить","error-transfer-title":"Передача файла через Bluetooth не удалась","error-transfer-settings":"Передача файла через Bluetooth не удалась. Проверьте корректность настроек Bluetooth.","ok":"OK","pair":"Связать","active-pair":"Подтвердить связь устройств","active-pair-confirmation":"Чтобы связаться с {{device}}, убедитесь, что на обоих устройствах сейчас отображается следующий PIN:","active-pair-pincode":"Чтобы связаться с {{device}}, введите на устройстве PIN.","active-pair-passkey":"Чтобы связаться с {{device}}, введите на устройстве passkey.","passive-pair":"Запрос на связь через Bluetooth","passive-pair-confirmation":"{{device}} хочет связаться с этим телефоном. Для принятия запроса, убедитесь, что на обоих устройствах сейчас отображается следующий PIN:","passive-pair-pincode":"{{device}} хочет связаться с этим телефоном. Для принятия запроса введите на устройстве PIN.","passive-pair-passkey":"{{device}} хочет связаться с этим телефоном. Для принятия запроса введите на устройстве passkey.","pair-view-title":"Запрос Bluetooth от","bluetooth-pairing-request-now-title":"Запрос на связь через Bluetooth","pairing-request-timeout-title":"Запрос на связь через Bluetooth","pairing-request-timeout-description":"Запрос на связь через Bluetooth истёк. Попробуйте связаться снова."}