{"change-device-name":"Change phone name","device-status-connected-device":"Connected to phone audio","device-status-connected-device-media":"Connected to phone/media audio","bluetooth-header":"{{bluetooth}}","bluetooth-enable-msg":"Turn Bluetooth on to view devices in the area.","bluetooth-paired-devices":"Spárované zariadenia","bluetooth-devices-in-area":"Zariadenia v okolí","bluetooth-visible-to-all":"Visible to all","bluetooth-name-maxlength-alert":"Your device name exceeds {{length}} characters. Please retry again.","bluetooth-address":"Bluetooth Address","bluetooth-address-unavailable":"Not available","bt-status-nopaired":"No devices paired","bt-status-turnoff":"Turned off","bt-status-paired":{"_index":["plural","n"],"_":{"zero":"{{name}}","one":"{{name}}, +{{n}} more","two":"{{name}}, +{{n}} more","few":"{{name}}, +{{n}} more","many":"{{name}}, +{{n}} more","other":"{{name}}, +{{n}} more"}},"device-status-tap-connect":"Ťuknutím sa pripojíte","device-status-pairing":"Prebieha párovanie so zariadením…","device-status-waiting":"Čaká sa na druhé zariadenie…","device-status-paired":"Spárované","device-status-connecting":"Pripája sa…","device-status-connected":"Pripojené","device-status-connected-media":"Connected to media audio","device-option-unpair":"Unpair","device-option-confirm":"Confirm","device-option-unpair-confirmation":"Confirmation","device-option-unpair-device":"Unpair device?","device-option-connect":"Connect","device-option-disconnect":"Disconnect","search-for-device":"Vyhľadávajú sa zariadenia…","search-device":"Vyhľadať zariadenia","rename-device":"Rename my device","unnamed-device":"Neznáme zariadenie","change-phone-name-desc":"Change the name of your device as it appears in your computer","bluetooth-new-name":"New name","error-pair-title":"Nie je možné spárovať zariadenia","error-pair-pincode":"Nie je možné spárovať zariadenia. Skontrolujte platnosť zadaného kódu PIN.","error-pair-toofast":"Nie je možné spárovať zariadenia. Príliš veľa požiadaviek.","error-connect-title":"Unable to connect devices","error-connect-msg":"Check that the device you’re trying to connect with is still in range and has Bluetooth turned on.","unpair-title":"Unpair a connected device?","unpair-msg":"You are currently connected to this device. Unpairing will also disconnect from it.","bluetooth":"Bluetooth","confirmation":"Potvrdenie","bluetooth-status-description":"Bluetooth je vypnutý","turn-bluetooth-on":"Chcete zapnúť Bluetooth?","cancel":"Zrušiť","turn-on":"Zapnúť","error-transfer-title":"Prenos súboru cez Bluetooth zlyhal","error-transfer-settings":"Prenos súboru cez Bluetooth zlyhal. Skontrolujte nastavenia Bluetooth.","ok":"OK","pair":"Spárovať","active-pair":"Potvrďte zaridadenia, ktoré chcete spárovať","active-pair-confirmation":"Ak sa chcete spárovať s {{device}}, uistite sa, že obe zariadenia práve majú zobrazený nasledovný kód PIN:","active-pair-pincode":"Ak sa chcete spárovať s {{device}}, zadajte na zariadení kód PIN.","active-pair-passkey":"Ak sa chcete spárovať s {{device}}, zadajte na zariadení prístupový kód.","passive-pair":"Požiadavka na spárovanie cez Bluetooth","passive-pair-confirmation":"{{device}} sa chce spárovať s týmto telefónom. Ak spárovanie akceptujete, uistite sa, že obe zariadenia práve majú zobrazený nasledovný kód PIN:","passive-pair-pincode":"{{device}} sa chce spárovať s týmto telefónom. Ak spárovanie akceptujete, zadajte na zariadení kód PIN.","passive-pair-passkey":"{{device}} sa chce spárovať s týmto telefónom. Ak spárovanie akceptujete, zadajte na zariadení prístupový kód.","pair-view-title":"Požiadavka cez Bluetooth od","bluetooth-pairing-request-now-title":"Požiadavka na spárovanie cez Bluetooth","pairing-request-timeout-title":"Požiadavka na spárovanie cez Bluetooth","pairing-request-timeout-description":"Požiadavka na spárovanie cez Bluetooth vypršala. Skúste zariadenia spárovať znova."}