{"change-device-name":"Change phone name","device-status-connected-device":"Connected to phone audio","device-status-connected-device-media":"Connected to phone/media audio","bluetooth-header":"{{bluetooth}}","bluetooth-enable-msg":"Turn Bluetooth on to view devices in the area.","bluetooth-paired-devices":"Pajisje të çiftuara","bluetooth-devices-in-area":"Pajisje brenda zonës","bluetooth-visible-to-all":"Visible to all","bluetooth-name-maxlength-alert":"Your device name exceeds {{length}} characters. Please retry again.","bluetooth-address":"Bluetooth Address","bluetooth-address-unavailable":"Not available","bt-status-nopaired":"No devices paired","bt-status-turnoff":"Turned off","bt-status-paired":{"_index":["plural","n"],"_":{"zero":"{{name}}","one":"{{name}}, +{{n}} more","two":"{{name}}, +{{n}} more","few":"{{name}}, +{{n}} more","many":"{{name}}, +{{n}} more","other":"{{name}}, +{{n}} more"}},"device-status-tap-connect":"Prekeni që të lidhet","device-status-pairing":"Po çiftohet me pajisje…","device-status-waiting":"Po pritet për pajisjen tjetër…","device-status-paired":"U çiftua","device-status-connecting":"Po lidhet…","device-status-connected":"E lidhur","device-status-connected-media":"Connected to media audio","device-option-unpair":"Unpair","device-option-confirm":"Confirm","device-option-unpair-confirmation":"Confirmation","device-option-unpair-device":"Unpair device?","device-option-connect":"Connect","device-option-disconnect":"Disconnect","search-for-device":"Po kërkohet për pajisje…","search-device":"Kërkoni për pajisje","rename-device":"Rename my device","unnamed-device":"Pajisje e panjohur","change-phone-name-desc":"Change the name of your device as it appears in your computer","bluetooth-new-name":"New name","error-pair-title":"Nuk arrin të çiftojë pajisje","error-pair-pincode":"Nuk çiftohet dot me pajisje. Kontrolloni nëse PIN-i është i saktë.","error-pair-toofast":"Nuk çiftohet dot me pajisje. Shumë kërkesa.","error-connect-title":"Unable to connect devices","error-connect-msg":"Check that the device you’re trying to connect with is still in range and has Bluetooth turned on.","unpair-title":"Unpair a connected device?","unpair-msg":"You are currently connected to this device. Unpairing will also disconnect from it.","bluetooth":"Bluetooth","confirmation":"Ripohim","bluetooth-status-description":"Bluetooth-i është i çaktivizuar","turn-bluetooth-on":"Doni ta aktivizoni Bluetooth-in?","cancel":"Anuloje","turn-on":"Aktivizoje","error-transfer-title":"Mbartja me Bluetooth e kartelës dështoi","error-transfer-settings":"Mbartja me Bluetooth e kartelës dështoi. Kontrolloni nëse janë të sakta rregullimet për Bluetooth-in.","ok":"OK","pair":"Çiftoji","active-pair":"Ripohoni pajisjet për çiftim","active-pair-confirmation":"Për çiftim me {{device}}, sigurohuni që të dyja pajisjes kanë të shfaqur PIN-in vijues:","active-pair-pincode":"Për çiftim me {{device}}, jepeni PIN-in te pajisja.","active-pair-passkey":"Për çiftim me {{device}}, jepeni kodkalimin te pajisja.","passive-pair":"Kërkesë çiftimi Bluetooth","passive-pair-confirmation":"{{device}} do të donte të çiftohej me këtë telefon. Për pranim, sigurohuni se të dyja pajisjet shfaqin PIN-in vijues:","passive-pair-pincode":"{{device}} do të donte të çiftohej me këtë telefon. Për pranim, jepeni PIN-in te pajisja.","passive-pair-passkey":"{{device}} do të donte të çiftohej me këtë telefon. Për pranim, jepeni kodkalimin te pajisja.","pair-view-title":"Kërkesë Bluetooth Nga","bluetooth-pairing-request-now-title":"Kërkesë çiftimi Bluetooth","pairing-request-timeout-title":"Kërkesë Çiftimi Bluetooth","pairing-request-timeout-description":"Kërkesa për çiftim Bluetooth skadoi. Riprovoni çiftimin."}