{"change-device-name":"Change phone name","device-status-connected-device":"Connected to phone audio","device-status-connected-device-media":"Connected to phone/media audio","bluetooth-header":"{{bluetooth}}","bluetooth-enable-msg":"Укључите Bluetooth да бисте видели уређаје у околини.","bluetooth-paired-devices":"Упарени уређаји","bluetooth-devices-in-area":"Уређаји у околини","bluetooth-visible-to-all":"Видљив свима","bluetooth-name-maxlength-alert":"Ваше име уређај премашује {{length}} карактера. Молимо Вас покушајте поново.","bluetooth-address":"Bluetooth адреса","bluetooth-address-unavailable":"Није доступна","bt-status-nopaired":"Нема упарених уређаја","bt-status-turnoff":"Искључено","bt-status-paired":{"_index":["plural","n"],"_":{"zero":"{{name}}","one":"{{name}}, + још {{n}}","two":"{{name}}, + још {{n}}","few":"{{name}}, + још {{n}}","many":"{{name}}, + још {{n}}","other":"{{name}}, + још {{n}}"}},"device-status-tap-connect":"Притисните за повезивање","device-status-pairing":"Упаривање са уређајем…","device-status-waiting":"Чекам други уређај…","device-status-paired":"Упарен","device-status-connecting":"Повезивање…","device-status-connected":"Повезано","device-status-connected-media":"Повезан на аудио медије","device-option-unpair":"Распари","device-option-confirm":"Потврди","device-option-unpair-confirmation":"Потврда","device-option-unpair-device":"Распари уређај?","device-option-connect":"Повежи","device-option-disconnect":"Прекини везу","search-for-device":"Тражење уређаја…","search-device":"Тражи уређаје","rename-device":"Преименуј уређај","unnamed-device":"Непознат уређај","change-phone-name-desc":"Промените назив Вашег уређаја који се приказује на Вашем рачунару","bluetooth-new-name":"Ново име","error-pair-title":"Упаривање није могуће","error-pair-pincode":"Није могуће упарити уређаје. Проверите да ли је PIN исправан.","error-pair-toofast":"Није могуће упарити уређаје. Превише захтева.","error-connect-title":"Неуспешно повезивање уређаја","error-connect-msg":"Проверите да ли је уређај са којим покушавате да се повежете у домету и да ли му је укључен Bluetooth.","unpair-title":"Распарити повезан уређај?","unpair-msg":"Тренутно сте повезани са овим уређајем. Распаривање ће такође и прекинути везу.","bluetooth":"Bluetooth","confirmation":"Потврда","bluetooth-status-description":"Bluetooth је искључен","turn-bluetooth-on":"Да ли желите да укључите Bluetooth?","cancel":"Откажи","turn-on":"Укључи","error-transfer-title":"Bluetooth пренос датотека неуспешан","error-transfer-settings":"Bluetooth пренос датотека неуспешан. Проверите да ли су Bluetooth поставке исправнe.","ok":"У реду","pair":"Упари","active-pair":"Потврда уређаја за упаривање","active-pair-confirmation":"Да би упарили телефон са {{device}}, уверите се да оба уређаја имају приказан следећи PIN:","active-pair-pincode":"Да би упарили телефон са {{device}}, унесите PIN на уређај.","active-pair-passkey":"Да би упарили телефон са {{device}}, унесите шифру на уређај.","passive-pair":"Захтев за Bluetooth упаривање","passive-pair-confirmation":"{{device}} би желео да се упари са овим телефоном. Да бисте прихватили, оба уређаја требају имати овај PIN приказан:","passive-pair-pincode":"{{device}} би желео да се упари са овим телефоном. За пристанак, унесите PIN на уређај.","passive-pair-passkey":"{{device}} би желео да се упари са овим телефоном. За пристанак, унесите лозинку на уређај.","pair-view-title":"Bluetooth захтев од","bluetooth-pairing-request-now-title":"Bluetooth захтев за упаривање","pairing-request-timeout-title":"Bluetooth захтев за упаривање","pairing-request-timeout-description":"Bluetooth захтев за упаривање је истекао. Покушајте да поново упарите."}