{"change-device-name":"Change phone name","device-status-connected-device":"Connected to phone audio","device-status-connected-device-media":"Connected to phone/media audio","bluetooth-header":"{{bluetooth}}","bluetooth-enable-msg":"Uključite Bluetooth da biste videli uređaje u okolini.","bluetooth-paired-devices":"Upareni uređaji","bluetooth-devices-in-area":"Uređaji u okolini","bluetooth-visible-to-all":"Vidljiv svima","bluetooth-name-maxlength-alert":"Vaše ime uređaj premašuje {{length}} karaktera. Molimo Vas pokušajte ponovo.","bluetooth-address":"Bluetooth adresa","bluetooth-address-unavailable":"Nije dostupna","bt-status-nopaired":"Nema uparenih uređaja","bt-status-turnoff":"Isključeno","bt-status-paired":{"_index":["plural","n"],"_":{"zero":"{{name}}","one":"{{name}}, + još {{n}}","two":"{{name}}, + još {{n}}","few":"{{name}}, + još {{n}}","many":"{{name}}, + još {{n}}","other":"{{name}}, + još {{n}}"}},"device-status-tap-connect":"Pritisnite za povezivanje","device-status-pairing":"Uparivanje sa uređajem…","device-status-waiting":"Čekam drugi uređaj…","device-status-paired":"Uparen","device-status-connecting":"Povezivanje…","device-status-connected":"Povezano","device-status-connected-media":"Povezan na audio medije","device-option-unpair":"Raspari","device-option-confirm":"Potvrdi","device-option-unpair-confirmation":"Potvrda","device-option-unpair-device":"Raspari uređaj?","device-option-connect":"Poveži","device-option-disconnect":"Prekini vezu","search-for-device":"Traženje uređaja…","search-device":"Traži uređaje","rename-device":"Preimenuj uređaj","unnamed-device":"Nepoznat uređaj","change-phone-name-desc":"Promenite naziv Vašeg uređaja koji se prikazuje na Vašem računaru","bluetooth-new-name":"Novo ime","error-pair-title":"Uparivanje nije moguće","error-pair-pincode":"Nije moguće upariti uređaje. Proverite da li je PIN ispravan.","error-pair-toofast":"Nije moguće upariti uređaje. Previše zahteva.","error-connect-title":"Neuspešno povezivanje uređaja","error-connect-msg":"Proverite da li je uređaj sa kojim pokušavate da se povežete u dometu i da li mu je uključen Bluetooth.","unpair-title":"Raspariti povezan uređaj?","unpair-msg":"Trenutno ste povezani sa ovim uređajem. Rasparivanje će takođe i prekinuti vezu.","bluetooth":"Bluetooth","confirmation":"Potvrda","bluetooth-status-description":"Bluetooth je isključen","turn-bluetooth-on":"Da li želite da uključite Bluetooth?","cancel":"Otkaži","turn-on":"Uključi","error-transfer-title":"Bluetooth prenos datoteka neuspešan","error-transfer-settings":"Bluetooth prenos datoteka neuspešan. Proverite da li su Bluetooth postavke ispravne.","ok":"U redu","pair":"Upari","active-pair":"Potvrda uređaja za uparivanje","active-pair-confirmation":"Da bi uparili telefon sa {{device}}, uverite se da oba uređaja imaju prikazan sledeći PIN:","active-pair-pincode":"Da bi uparili telefon sa {{device}}, unesite PIN na uređaj.","active-pair-passkey":"Da bi uparili telefon sa {{device}}, unesite šifru na uređaj.","passive-pair":"Zahtev za Bluetooth uparivanje","passive-pair-confirmation":"{{device}} bi želeo da se upari sa ovim telefonom. Da biste prihvatili, oba uređaja trebaju imati ovaj PIN prikazan:","passive-pair-pincode":"{{device}} bi želeo da se upari sa ovim telefonom. Za pristanak, unesite PIN na uređaj.","passive-pair-passkey":"{{device}} bi želeo da se upari sa ovim telefonom. Za pristanak, unesite lozinku na uređaj.","pair-view-title":"Bluetooth zahtev od","bluetooth-pairing-request-now-title":"Bluetooth zahtev za uparivanje","pairing-request-timeout-title":"Bluetooth zahtev za uparivanje","pairing-request-timeout-description":"Bluetooth zahtev za uparivanje je istekao. Pokušajte da ponovo uparite."}