{"change-device-name":"Change phone name","device-status-connected-device":"Connected to phone audio","device-status-connected-device-media":"Connected to phone/media audio","bluetooth-header":"{{bluetooth}}","bluetooth-enable-msg":"Aktivera Bluetooth för att visa enheter i området.","bluetooth-paired-devices":"Parkopplade enheter","bluetooth-devices-in-area":"Enheter i området","bluetooth-visible-to-all":"Synlig för alla","bluetooth-name-maxlength-alert":"Enhetens namn överskrider {{length}}-tecken. Försök igen.","bluetooth-address":"Bluetooth-adress","bluetooth-address-unavailable":"n/a","bt-status-nopaired":"Inga enheter parkopplade","bt-status-turnoff":"Avstängd","bt-status-paired":{"_index":["plural","n"],"_":{"zero":"{{name}}","one":"{{name}}, +{{n}} fler","two":"{{name}}, +{{n}} fler","few":"{{name}}, +{{n}} fler","many":"{{name}}, +{{n}} fler","other":"{{name}}, +{{n}} fler"}},"device-status-tap-connect":"Peka här för att ansluta","device-status-pairing":"Parkopplar med enhet…","device-status-waiting":"Väntar på annan enhet…","device-status-paired":"Parkopplade","device-status-connecting":"Ansluter…","device-status-connected":"Ansluten","device-status-connected-media":"Ansluten till media-ljud","device-option-unpair":"Ta bort parkoppling","device-option-confirm":"Bekräfta","device-option-unpair-confirmation":"Bekräftelse","device-option-unpair-device":"Ta bort parkopplad enhet?","device-option-connect":"Anslut","device-option-disconnect":"Koppla ner","search-for-device":"Söker efter enheter…","search-device":"Sök efter enheter","rename-device":"Byt namn på min enhet","unnamed-device":"Okänd enhet","change-phone-name-desc":"Byt namn på enheten som den visas i din dator","bluetooth-new-name":"Nytt namn","error-pair-title":"Kan inte para ihop enheter.","error-pair-pincode":"Kan inte para ihop med enheten. Kontrollera att PIN-koden är korrekt.","error-pair-toofast":"Kan inte para ihop med enheten. Alltför många förfrågningar.","error-connect-title":"Kan inte ansluta enheter","error-connect-msg":"Kontrollera att den enhet du försöker ansluta till fortfarande är i närheten och att Bluetooth är aktiverat.","unpair-title":"Ta bort parkoppling med ansluten enhet?","unpair-msg":"Du är ansluten till den här enheten. Ta bort parkoppling kommer också koppla från den.","bluetooth":"Bluetooth","confirmation":"Bekräftelse","bluetooth-status-description":"Bluetooth är inaktiverat","turn-bluetooth-on":"Vill du aktivera Bluetooth?","cancel":"Avbryt","turn-on":"Aktivera","error-transfer-title":"Bluetooth filöverföring misslyckades","error-transfer-settings":"Bluetooth filöverföring misslyckades. Kontrollera att Bluetooth-inställningarna är korrekta.","ok":"OK","pair":"Para ihop","active-pair":"Bekräfta enheter att para ihop","active-pair-confirmation":"För att para ihop med {{device}}, se till att följande PIN-kod visas i båda enheter:","active-pair-pincode":"För att para ihop med {{device}}, ange PIN-koden för enheten.","active-pair-passkey":"För att para ihop med {{device}}, ange lösenordet för enheten.","passive-pair":"Begäran Bluetooth-anslutning","passive-pair-confirmation":"{{device}} vill para ihop med telefonen. För att acceptera, se till att följande PIN-kod visas i båda enheterna:","passive-pair-pincode":"{{device}} vill para ihop med telefonen. För att acceptera, ange PIN-koden för enheten.","passive-pair-passkey":"{{device}} vill para ihop med telefonen. För att acceptera, ange lösenordet för enheten.","pair-view-title":"Bluetooth-begäran från","bluetooth-pairing-request-now-title":"Begäran Bluetooth-anslutning","pairing-request-timeout-title":"Begäran Bluetooth-anslutning","pairing-request-timeout-description":"Begäran om Bluetooth-anslutning har upphört. Försök para ihop igen."}