{"change-device-name":"Change phone name","device-status-connected-device":"Connected to phone audio","device-status-connected-device-media":"Connected to phone/media audio","bluetooth-header":"{{bluetooth}}","bluetooth-enable-msg":"Turn Bluetooth on to view devices in the area.","bluetooth-paired-devices":"Eşleştirilmiş aygıtlar","bluetooth-devices-in-area":"Etraftaki aygıtlar","bluetooth-visible-to-all":"Visible to all","bluetooth-name-maxlength-alert":"Your device name exceeds {{length}} characters. Please retry again.","bluetooth-address":"Bluetooth Address","bluetooth-address-unavailable":"Not available","bt-status-nopaired":"No devices paired","bt-status-turnoff":"Turned off","bt-status-paired":{"_index":["plural","n"],"_":{"zero":"{{name}}","one":"{{name}}, +{{n}} more","two":"{{name}}, +{{n}} more","few":"{{name}}, +{{n}} more","many":"{{name}}, +{{n}} more","other":"{{name}}, +{{n}} more"}},"device-status-tap-connect":"Bağlanmak için dokunun","device-status-pairing":"Aygıtla eşleştiriliyor…","device-status-waiting":"Diğer aygıt bekleniyor…","device-status-paired":"Eşleştirildi","device-status-connecting":"Bağlanıyor…","device-status-connected":"Bağlandı","device-status-connected-media":"Connected to media audio","device-option-unpair":"Unpair","device-option-confirm":"Confirm","device-option-unpair-confirmation":"Confirmation","device-option-unpair-device":"Unpair device?","device-option-connect":"Connect","device-option-disconnect":"Disconnect","search-for-device":"Aygıtlar aranıyor…","search-device":"Aygıtları ara","rename-device":"Rename my device","unnamed-device":"Bilinmeyen aygıt","change-phone-name-desc":"Change the name of your device as it appears in your computer","bluetooth-new-name":"New name","error-pair-title":"Aygıtlar eşleştirilemedi","error-pair-pincode":"Aygıtla eşleştirilemedi. PIN'i kontrol edin.","error-pair-toofast":"Aygıtla eşleştirilemedi. Çok fazla istek.","error-connect-title":"Unable to connect devices","error-connect-msg":"Check that the device you’re trying to connect with is still in range and has Bluetooth turned on.","unpair-title":"Unpair a connected device?","unpair-msg":"You are currently connected to this device. Unpairing will also disconnect from it.","bluetooth":"Bluetooth","confirmation":"Onay","bluetooth-status-description":"Bluetooth devre dışı","turn-bluetooth-on":"Bluetooth'u açmak istiyor musunuz?","cancel":"İptal","turn-on":"Aç","error-transfer-title":"Bluetooth dosya aktarımı başarısız oldu","error-transfer-settings":"Bluetooth dosya aktarımı başarısız oldu. Bluetooth ayarlarının doğruluğunu kontrol edin.","ok":"Tamam","pair":"Eşleştir","active-pair":"Eşleştirilecek cihazları onaylayın","active-pair-confirmation":"{{device}} ile eşleştirmek için her iki cihazda da şu PIN'in göründüğünden emin olun:","active-pair-pincode":"{{device}} ile eşleştirmek için cihazdaki PIN'i girin.","active-pair-passkey":"{{device}} ile eşleştirmek için cihazdaki parolayı girin.","passive-pair":"Bluetooth eşleştirme isteği","passive-pair-confirmation":"{{device}} bu telefonla eşleşmek istiyor. Kabul etmek için şu anda her iki cihazda da şu PIN'in göründüğünden emin olun:","passive-pair-pincode":"{{device}} bu telefonla eşleşmek istiyor. Kabul etmek için cihazdaki PIN'i girin.","passive-pair-passkey":"{{device}} bu telefonla eşleşmek istiyor. Kabul etmek için cihazdaki parolayı girin.","pair-view-title":"Bluetooth istek formu","bluetooth-pairing-request-now-title":"Bluetooth eşleştirme isteği","pairing-request-timeout-title":"Bluetooth eşleştirme isteği","pairing-request-timeout-description":"Bluetooth eşleştirme isteği zaman aşımına uğradı. Yeniden eşleştirmeyi deneyin."}