{"change-device-name":"Change phone name","device-status-connected-device":"Connected to phone audio","device-status-connected-device-media":"Connected to phone/media audio","bluetooth-header":"{{bluetooth}}","bluetooth-enable-msg":"Turn Bluetooth on to view devices in the area.","bluetooth-paired-devices":"已配对的设备","bluetooth-devices-in-area":"附近的设备","bluetooth-visible-to-all":"Visible to all","bluetooth-name-maxlength-alert":"Your device name exceeds {{length}} characters. Please retry again.","bluetooth-address":"Bluetooth Address","bluetooth-address-unavailable":"Not available","bt-status-nopaired":"No devices paired","bt-status-turnoff":"Turned off","bt-status-paired":{"_index":["plural","n"],"_":{"zero":"{{name}}","one":"{{name}}, +{{n}} more","two":"{{name}}, +{{n}} more","few":"{{name}}, +{{n}} more","many":"{{name}}, +{{n}} more","other":"{{name}}, +{{n}} more"}},"device-status-tap-connect":"轻触以连接","device-status-pairing":"与设备配对","device-status-waiting":"正在等待其他设备…","device-status-paired":"已配对","device-status-connecting":"正在连接...","device-status-connected":"已连接。","device-status-connected-media":"Connected to media audio","device-option-unpair":"Unpair","device-option-confirm":"Confirm","device-option-unpair-confirmation":"Confirmation","device-option-unpair-device":"Unpair device?","device-option-connect":"Connect","device-option-disconnect":"Disconnect","search-for-device":"正在搜索设备…","search-device":"搜索设备","rename-device":"Rename my device","unnamed-device":"未知设备","change-phone-name-desc":"Change the name of your device as it appears in your computer","bluetooth-new-name":"New name","error-pair-title":"无法与设备配对","error-pair-pincode":"无法与设备配对，请检查 PIN 是否正确。","error-pair-toofast":"无法配对设备，请求过多。","error-connect-title":"Unable to connect devices","error-connect-msg":"Check that the device you’re trying to connect with is still in range and has Bluetooth turned on.","unpair-title":"Unpair a connected device?","unpair-msg":"You are currently connected to this device. Unpairing will also disconnect from it.","bluetooth":"蓝牙","confirmation":"确认","bluetooth-status-description":"蓝牙已禁用","turn-bluetooth-on":"要打开蓝牙吗？","cancel":"取消","turn-on":"打开","error-transfer-title":"蓝牙文件传输失败","error-transfer-settings":"蓝牙文件传输失败。请检查蓝牙设置是否正确。","ok":"确定","pair":"配对","active-pair":"确认设备以配对","active-pair-confirmation":"要与 {{device}} 配对，请确认两个设备当前都显示了以下 PIN：","active-pair-pincode":"要与 {{device}} 配对，请在设备上输入 PIN。","active-pair-passkey":"要与“{{device}}”配对，请在设备上输入密钥。","passive-pair":"蓝牙配对请求","passive-pair-confirmation":"{{device}} 请求与此手机配对。如果同意，请确认两个设备当前都显示了以下 PIN：","passive-pair-pincode":"{{device}} 请求与此手机配对。如果同意，请在设备上输入 PIN。","passive-pair-passkey":"“{{device}}”请求与此手机配对。如果同意，请在设备上输入密钥。","pair-view-title":"蓝牙请求来自","bluetooth-pairing-request-now-title":"蓝牙配对请求","pairing-request-timeout-title":"蓝牙配对请求","pairing-request-timeout-description":"蓝牙配对请求已过期。请重新尝试配对。"}