{"close":"إغلاق","import":"استيراد","update":"تحديث","fbFriends":"اصدقاء الفيسبوك","live-serviceName":"Outlook","gmail-serviceName":"Gmail","facebook-serviceName":"اصدقاء الفيسبوك","selectAll":"اختر الكل","deselectAll":"إلغاء اختيار الكل","viewAll":"عرض جميع اصدقاء الفيسبوك","viewRecommend":"عرض الموصى به فقط","linkProposal":{"_index":["plural","numFriends"],"_":{"zero":"لا يوجد نتائج. إظهار الكل.","one":"إختيار المُوصى به","two":"إختيار أحد المُوصى به","few":"إختيار أحد المُوصى به","many":"اختر احد المُوصى به","other":"اختر احد المُوصى به"}},"fbFriendsFound":{"_index":["plural","numFriends"],"_":{"zero":"تم استيراد جميع اصدقائك","one":"تم إيجاد صديق واحد للاستيراد","two":"تم العثور على {{numFriends}} اصدقاء للاستيراد","few":"تم العثور على {{numFriends}} اصدقاء للاستيراد","many":"تم العثور على {{numFriends}} اصدقاء للاستيراد","other":"تم العثور على {{numFriends}} اصدقاء للاستيراد"}},"fbNoFriends":"No contacts available to import","facebook":"الفيسبوك","search-contact":{"placeholder":"بحث"},"noResults":"لم يتم العثور على جهة اتصال","done-search":"تم","progressFB3ImportTitle":"استيراد الاصدقاء إلى الاسماء","progressFB":"{{current}}/{{total}}","progressFB3UpdateTitle":"جارِ تحديث الاصدقاء في الاسماء","message2":"ربما يتطلب عدة دقائق","messageLinking":"الرجاء الانتظار. جارِ ربط اصدقائك وجهات اتصالك","messageCanceling":"الرجاء الإنتظار. نحن نقوم بإلغاء العملية الجارية.","error1":"خطأ {{from}}","error2":"هل تريد المحاولة مرة أخرى؟","errorProposal":"جارِ حساب المقترحات","errorFriends":"استرجاع الأصدقاء","errorLinking":"جارِ ربط جهة الاتصال ","timeout1":"{{from}} تجاوز المهلة","timeout2":"هل تريد المحاولة مرة أخرى؟","timeoutProposal":"جارِ حساب المقترحات","timeoutFriends":"استرجاع الأصدقاء","timeoutLinking":"جارِ ربط جهات الاتصال","wait1":"الرجاء الانتظار","wait2":"ربما يتطلب عدة دقائق","waitProposal":"الرجاء الانتظار. نقوم بحساب المقترح.","waitFriends":"انتظر، نقوم حاليا بالاتصال لجلب قائمة اصدقائك","curtainCancel":"إلغاء","curtainRetry":"محاولة مرة أخرى","curtainOK":"موافق","connectionLost":"لا يوجد اتصال بالانترنت","connectionLostMsg":"صور الأصدقاء لن تضاف إلى جهات الاتصال , المواصلة على أي حال ؟","yesOption":"موافق","noOption":"إلغاء","friendsUpdated":{"_index":["plural","numFriends"],"_":{"zero":"لم يتم تحديث أي صديق","one":"تم تحديث صديق واحد","two":"تم تحديث {{numFriends}} أصدقاء","few":"تم تحديث {{numFriends}} أصدقاء","many":"تم تحديث {{numFriends}} أصدقاء","other":"تم تحديث {{numFriends}} أصدقاء"}},"friendsMerged":{"_index":["plural","numDups"],"_":{"zero":"لا يتم إستيراد أي جهات إتصال مكررة","one":"تم إستيراد جهة إتصال مكررة واحدة","two":"تم إستيراد جهتا إتصال","few":"تم دمج {{numDups}} جهات إتصال","many":"تم دمج {{numDups}} جهة إتصال","other":"تم دمج {{numDups}} جهة إتصال"}},"notificationLogin":"جلسة الفيسبوك انتهت. الرجاء تسجيل الدخول.","syncError":"حدث خطأ في تزامن بيانات اصدقائك","callAirplaneModeMessage":"لإجراء مكالمة، قم بإلغاء وضع الطيران من الاعدادات.","callAirplaneModeBtnOk":"موافق","callAirplaneModeTitle":"وضع الطيران مُفعّل","numberIsBusyTitle":"الرقم مشغول","numberIsBusyMessage":"الرقم مشغول حاليا. يرجى المحاولة مرة أخرى في وقت لاحق.","fdnIsActiveTitle":"FDN فعّال","fdnIsActiveMessage":"FDN (Fixed Dialing Numbers) مفعلة و الرقم المرفق ليس على قائمة FDN : {{ number }}","voiceMail":"بريد صوتي","emergencyNumber":"رقم الطوارئ","emergencyDialogBodyBadNumber":"للإتصال يجب أن يكون الجوال مُتصل بشبكة.","emergencyDialogBodyDeviceNotAccepted":"مكالمات الطوارئ غير مسموحة من الشبكة.","emergencyDialogBtnOk":"موافق","emergencyDialogTitle":"لا يوجد اتصال بالشبكة ","invalidNumberToDialTitle":"رقم الهاتف غير صحيح","invalidNumberToDialMessage":"رقم الهاتف الذي تحاول الاتصال به غير صحيح","unableToCallTitle":"إجراء مكالمة هاتفية الآن غير ممكن","unableToCallMessage":"لا يمكن إجراء المكالمة , إذا كنت تقوم باتصال آخر , رجاءً أغلق الاتصال القديم أولاً.","otherConnectionInUseTitle":"وسيلة اتصال اخرى قيد الاستخدام","otherConnectionInUseMessage":"لديك مكالمة نشطة على اتصال آخر. يمكنك فقط استخدام اتصال واحد في كل مرة.","add":"إضافة","call":"إتصال","edit":"تعديل","cancel":"إلغاء","done":"تم","ok":"موافق","retry":"محاولة مرة أخرى","contacts":"جهات الاتصال","addContact":"إضافة جهة اتصال","deleteContact":"حذف جهة اتصال","selectContact":"حدد جهة اتصال","editContact":"تحرير جهة اتصال","deleteConfirmMsg":"حذف جهة اتصال؟","remove":"إزالة","delete":"احذف","comments":"تعليقات","no_contact_phones":"جهة الإتصال لا تحتوي رقم هاتف","no_contact_email":"جهة الإتصال لاتحتوي على بريد إلكتروني","no_contact_data":"This contact does not have a phone number and email address","removePhotoConfirm":"إزالة صورة جهة الإتصال؟","loadingContacts":"جارِ تحميل جهات الاتصال...","noContactsActivity":"لا يمكن الإضافة إلى جهات الإتصال بما أنك لا تملك أي جهات إتصال مسبقا","noName":"لا يوجد اسم","givenName":{"placeholder":"الاسم"},"familyName":{"placeholder":"إسم العائلة"},"tel":{"placeholder":"الهاتف"},"carrier":{"_":"جوَّال","placeholder":"جوَّال"},"separator":",","email":{"_":"البريد الالكتروني","placeholder":"البريد الالكتروني"},"streetAddress":{"placeholder":"الشارع"},"postalCode":{"placeholder":"الرمز البريدي"},"locality":{"placeholder":"المدينة"},"countryName":{"placeholder":"الدولة"},"comment":{"placeholder":"تعليق"},"org":{"placeholder":"الشركة"},"date":{"_":"التاريخ","placeholder":"التاريخ"},"date-span-placeholder":"التاريخ","birthday":"تاريخ الميلاد","dateFormat":"%B %e","dateOutput":"{{dayMonthFormatted}} {{year}}","anniversary":"الذكرى السنوية","addPhoto":"إضافة صورة","addPhone":"إضافة هاتف","addEmail":"إضافة بريد الكتروني","addAddress":"إضافة عنوان","addDate":"أضِف تاريخ","addComment":"إضافة ملاحظة","addFavorite":"إضافة للمفضلة","removeFavorite":"إزالة من المفضلة","exit":"خروج","expand":"توسيع","labelName":"الاسم:","labelLastName":"اسم العائلة:","labelPhoneNumber":"رقم الهاتف:","labelCarrier":"الجوَّال:","labelEmail":"البريد الإلكتروني:","labelStreet":"الشارع:","labelZip":"الرمز البريدي:","labelCity":"المدينة:","labelCountry":"البلد:","labelComment":"ملاحظة:","legendTitleMain":"معلومات أساسية","legendPhones":"أرقام الهاتف","legendEmail":"البريد الإلكتروني","legendAddress":"العنوان","legendPhoto":{"ariaLabel":"Photo"},"settings":"إعدادات","transferContactsTitle":"نقل جهات الاتصال","importContactsTitle":"إستورد جهات الإتصال","importContactsButton":"إستيراد جهات الإتصال","exportContactsTitle":"تصدير جهات الإتصال","exportContactsButton":"تصدير جهات الإتصال","exportContactsAction":"تصدير","simExport-title":"تصدير إلى SIM","sdExport-title":"صدِّر إلى بطاقة SD","btExport-title":"صدِّر إلى بلوتوث","sdUMSEnabled":"لا يمكن إستعمال بطاقة الذاكره نظرا أن وصلة الUSB فعَالة","exportErrorTitle":"خطأ في التصدير","contactsExported2":{"_index":["plural","exported"],"_":{"zero":"لم تصدَر جهات الإتصال","one":"تم تصدير{{exported}}/{{total}} جهة اتصال","two":"تم تصدير جهتان اتصال","few":"تم تصدير{{exported}}/{{total}} جهات اتصال","many":"تم تصدير{{exported}}/{{total}} جهة اتصال","other":"تم تصدير{{exported}}/{{total}} جهة اتصال"}},"exportError-general":"حدثت بعض الأخطأ أثناء التصدير","exportError-SD-shared":"لا يمكن الوصول للذاكرة الخارجية لأنها في وضعية المشاركة","exportError-SD-unavailable":"بطاقة الذاكرة غير متاحة","exportError-SD-noSpace":"لا توجد مساحة كافية على بطاقة الذاكرة لتصدير جهات الاتصال","exportError-SIM-unavailable":"بطاقة SIM غير متاحة","exportError-BT-shared":"لا يمكن الوصول الى بطاقة الذاكرة لأنها في وضعية المشاركة","exportError-BT-unavailable":"بطاقة الذاكرة غير متاحة","exportError-BT-noSpace":"لا توجد مساحة كافية على بطاقة الذاكرة لتصدير جهات الاتصال","social-network":"الشبكات الاجتماعية","social-link":"ربط جهة اتصال","social-unlink":"إلغاء ربط جهة الاتصال ","social-unlink-confirm-title":"هل تريد إلغاء الربط مع صديقك؟","social-unlink-confirm-accept":"إلغاء الربط","facebook-import":"إستيراد أصدقاء الفيسبوك","show-fb-profile":"عرض ملف الفيسبوك","msg-send":"رسالة","wall-post":"منشور جداري","facebook-export-forbidden":"لا يمكن مشاركة جهة الاتصال بسبب قيود الفيسبوك","otherAccount":"حسابات أخرى","facebookSwitchMsg":"مزامنة الأصدقاء","select_mobile":"اختر جوٌّال","select_email":"اختر بريد إلكتروني","select_recipient":"Select recipient","contactsOrderBy":"ترتيب حسب الإسم الأخير","importSim2":"بطاقة SIM","importGmail":"Gmail","bluetooth":"بلوتوث","importOutlook":"Outlook","fbUpdateFriends":"تحديث الاصدقاء المستوردين","cleaningFbData":"جارِ حذف بيانات الفيسبوك","loggingOutFb":"جارِ تسجيل الخروج من الفيسبوك","cleanFbConfirmMsg":"حذف جميع بيانات الفيسبوك؟","renewPwdMsg":"تم تغيير كلمة سِّر الفيسبوك، الرجاء تحديثها.","notEnabledYet":"غير مُفعَّل حتى الان","genericNoConnection":"لإستيراد جهات الإتصال قم بالإتصال بشبكة واي فاي أو بشبكة بيانات","simCard":"بطاقة SIM","memoryCard":"بطاقة الذاكرة","simNumber":"SIM {{number}}","setICEButton":"Set ICE Contacts","ICESettingTitle":"ICE Contacts","ICEDescription":"Add two contacts for making “In Case of Emergency” calls.","ICEContact1":"ICE Contact 1","ICESelectContact":"Select a contact","ICEContact2":"ICE Contact 2","create-new":"إنشاء جهة اتصال جديده","import-now":"إستورد جهات الاتصال من بطاقة SIM أو من حساب الفيسبوك","no-contacts":"لا توجد جهات اتصال","start-adding":"إبدأ بإضافتهم الآن","notImported":"لم يتم الإستيراد","imported":"إستورد","today":"اليوم","yesterday":"أمس","organise-contacts":"تنظيم جهات الإتصال","find-merge-contacts":"ابحث عن جهات الإتصال المكررة","preparing-contacts":"جارِ تجهيز جهات الإتصال","exportError-SIM-NoFreeRecordFound":"بطاقة SIM ممتلئة","exportError-SIM-CannotAccessPhoneBook":"لا يمكن الوصول إلى دفتر الهاتف في بطاقة SIM","exportError-SIM-Unavailable":"لم يتم إكتشاف SIM","exportError-SIM-GenericError":"حدث خطأ أثناء تصدير جهة الإتصال","noSimMsgExport":"لتصدير جهات الاتصال ادخل او فك قفل بطاقة SIM","noMemoryCardMsgExport":"لتصدير جهات الإتصال أدخل بطاقة الذاكرة","ContactManagementTitle":"إدارة جهات الإتصال","DeleteTitle":"احذف","bulkDeleteButton":"حذف جهة اتصال","BulkDelCancel":"الغي حذف جهات الإتصال","DeletedTxt":{"_index":["plural","n"],"_":{"zero":"لا يوجد جهات إتصال للحذف","one":"جهة إتصال واحده حذفت","two":"تم حذف جهتين إتصال","few":"تم خذف {{n}} جهات إتصال","many":"تم حذف {{n}} جهة إتصال","other":"تم حذف {{n}} جهة إتصال"}},"DeletingContacts":"حذف جهات  الاتصال","ContactConfirmDel":{"_index":["plural","n"],"_":{"zero":"لا يوجد جهات إتصال للحذف","one":"حذف جهة إتصال واحدة ؟ هذا لا يمكن التراجع عنه.","two":"أأحذف جهتين إتصال ؟ هذا لايمكن التراجع عنه.","few":"حذف {{n}} جهات إتصال ؟ هذا لايمكن التراجع عنه.","many":"حذف {{n}} جهة إتصال ؟ هذا لايمكن التراجع عنه.","other":"حذف {{n}} جهة إتصال ؟ هذا لايمكن التراجع عنه."}},"SelectedTxt":{"_index":["plural","n"],"_":{"zero":"جهات الاتصال","one":"{{n}} محدد","two":"{{n}} محدد","few":"{{n}} محدد","many":"{{n}} محدد","other":"{{n}} محدد"}},"video":"فيديو","audio":"مقطع صوتي","pick_destination":"{{ destination }} {{ carrier }}","removeField":{"ariaLabel":"Remove"},"undo":{"ariaLabel":"Undo"},"back":"للخلف","noSimMsg":"لإدخال جهات الإتصال أدخل او إفتح بطاقة SIM","noMemoryCardMsg":"لإدخال جهات الإتصال أدخل بطاقة الذاكرة","importMemoryCard":"بطاقة الذاكرة","noConnection11":"لإدخال أصدقاء الفيسبوك او جهات الإتصال إتصل بالشبكة عن طريق WIFI أو حزم بيانات الشبكة","simContacts-import":"استيراد جهات الاتصال من ال SIM","simContacts-importing":"جارِ استيراد جهات الاتصال من ال SIM ...","simContacts-reading":"جارِ القراءة من ال SIM ...","simContacts-error":"لا يمكن استيراد جهات الاتصال من ال SIM .. ","simContacts-imported3":{"_index":["plural","n"],"_":{"zero":"لم يتم العثور على جهات اتصال عل ال SIM ليتم استيرادها .. ","one":"تم استيراد جهة اتصال واحدة ","two":"تم استيراد جهتان اتصال","few":"تم استيراد {{n}} جهات اتصال ","many":"تم استيراد {{n}} جهة اتصال ","other":"تم استيراد {{n}} جهة اتصال "}},"memoryCardContacts-import":"استورد جهات الاتصال من بطاقة الذاكرة","memoryCardContacts-importing":"جارِ استيراد جهات الاتصال من بطاقة الذاكرة...","memoryCardContacts-reading":"يتم القراءة من بطاقة الذاكرة...","memoryCardContacts-error":"لم يتم استيراد أي جهة اتصال من بطاقة الذاكرة","memoryCardContacts-imported3":{"_index":["plural","n"],"_":{"zero":"لم يتم العثور على أي جهة اتصال على بطاقة الذاكرة للاستيراد","one":"تم استيراد جهة اتصال واحدة","two":"تم استيراد جهتان اتصال","few":"تم استيراد {{n}} جهات اتصال ","many":"تم إستيراد {{n}} جهات إتصال","other":"تم إستيراد {{n}} جهة إتصال"}},"genericProgress":"{{current}}/{{total}}","facebook-import-msg":{"_index":["plural","imported"],"_":{"zero":"لم يتم استيراد أي صديق من {{total}}","one":"تم استيراد صديق واحد من {{total}}","two":"تم إستيراد جهتا إتصال","few":"تم إستيراد {{imported}}/{{total}} جهات إتصال","many":"تم إستيراد {{imported}}/{{total}} جهة إتصال","other":"{{imported}}/{{total}} عدد الاصدقاء الذين تم استرادهم "}},"contactsMerged":{"_index":["plural","numDups"],"_":{"zero":"لم يتم دمج أي جهة إتصال مكررة","one":"تم دمج جهة إتصال مكررة واحدة","two":"تم دمج جهتا إتصال","few":"تم دمج {{numDups}} جهات إتصال","many":"تم دمج {{numDups}} جهة إتصال","other":"تم دمج {{numDups}} جهة إتصال"}},"weekday-0-long":"الأحد","weekday-1-long":"الإثنين","weekday-2-long":"الثلاثاء","weekday-3-long":"الأربعاء","weekday-4-long":"الخميس","weekday-5-long":"الجمعة","weekday-6-long":"السبت","weekday-0-short":"أحد","weekday-1-short":"إثنين","weekday-2-short":"ثلاثاء","weekday-3-short":"أربعاء","weekday-4-short":"خميس","weekday-5-short":"جمعة","weekday-6-short":"سبت","month-0-long":"يناير","month-1-long":"فبراير","month-2-long":"مارس","month-3-long":"أبريل","month-4-long":"مايو","month-5-long":"يونيو","month-6-long":"يوليو","month-7-long":"أغسطس","month-8-long":"سبتمبر","month-9-long":"أكتوبر","month-10-long":"نوفمبر","month-11-long":"ديسمبر","month-0-genitive":"يناير","month-1-genitive":"فبراير","month-2-genitive":"مارس","month-3-genitive":"أبريل","month-4-genitive":"مايو","month-5-genitive":"يونيو","month-6-genitive":"يوليو","month-7-genitive":"أغسطس","month-8-genitive":"سبتمبر","month-9-genitive":"أكتوبر","month-10-genitive":"نوفمبر","month-11-genitive":"ديسمبر","month-0-short":"يناير","month-1-short":"فبراير","month-2-short":"مارس","month-3-short":"ابريل","month-4-short":"مايو","month-5-short":"يونيو","month-6-short":"يوليو","month-7-short":"أغسطس","month-8-short":"سبتمبر","month-9-short":"أكتوبر","month-10-short":"نوفمبر","month-11-short":"ديسمبر","minutes-ago-long":{"_index":["plural","value"],"_":{"zero":"الآن","one":"منذ دقيقة","two":"منذ دقيقتين","few":"منذ {{value}} دقائق","many":"منذ {{value}} دقيقة","other":"منذ {{value}} دقيقة"}},"hours-ago-long":{"_index":["plural","value"],"_":{"zero":"الآن","one":"منذ ساعة","two":"منذ ساعتين","few":"قبل {{value}} ساعات","many":"قبل {{value}} ساعة","other":"قبل {{value}} ساعة"}},"days-ago-long":{"_index":["plural","value"],"_":{"zero":"اليوم","one":"الأمس","two":"منذ يومين","few":"منذ {{value}} أيام","many":"منذ {{value}} يوم","other":"منذ {{value}} يوم"}},"weeks-ago-long":{"_index":["plural","value"],"_":{"zero":"هذا الأسبوع","one":"الأسبوع الماضي","two":"منذ أسبوعين","few":"منذ {{value}} أسابيع","many":"منذ {{value}} أسبوع","other":"منذ {{value}} أسبوع"}},"months-ago-long":{"_index":["plural","value"],"_":{"zero":"هذا الشهر","one":"الشهر الماضي","two":"منذ شهرين","few":"منذ {{value}} أشهر","many":"منذ {{value}} شهر","other":"منذ {{value}} شهر"}},"years-ago-long":{"_index":["plural","value"],"_":{"zero":"هذه السنة","one":"السنة الماضية","two":"منذ سنتين","few":"منذ {{value}} سنوات","many":"منذ {{value}} سنة","other":"منذ {{value}} سنة"}},"minutes-until-long":{"_index":["plural","value"],"_":{"zero":"الآن","one":"خلال دقيقة","two":"خلال دقيقتين","few":"خلال {{value}} دقائق","many":"خلال {{value}} دقيقة","other":"خلال {{value}} دقيقة"}},"hours-until-long":{"_index":["plural","value"],"_":{"zero":"الآن","one":"خلال ساعة","two":"خلال ساعتين","few":"خلال {{value}} ساعات","many":"خلال {{value}} ساعة","other":"خلال {{value}} ساعة"}},"days-until-long":{"_index":["plural","value"],"_":{"zero":"اليوم","one":"غداً","two":"خلال يومين","few":"خلال {{value}} أيام","many":"خلال {{value}} يوم","other":"خلال {{value}} يوم"}},"weeks-until-long":{"_index":["plural","value"],"_":{"zero":"هذا الأسبوع","one":"الأسبوع القادم","two":"خلال أسبوعين","few":"خلال {{value}} أسابيع","many":"خلال {{value}} أسبوع","other":"خلال {{value}} أسبوع"}},"months-until-long":{"_index":["plural","value"],"_":{"zero":"هذا الشهر","one":"الشهر القادم","two":"خلال شهرين","few":"خلال {{value}} أشهر","many":"خلال {{value}} شهر","other":"خلال {{value}} شهر"}},"years-until-long":{"_index":["plural","value"],"_":{"zero":"هذه السنة","one":"السنة القادمة","two":"خلال سنتين","few":"خلال {{value}} سنوات","many":"خلال {{value}} سنة","other":"خلال {{value}} سنة"}},"minutes-ago-short":{"_index":["plural","value"],"_":{"zero":"الآن","other":"منذ {{value}} دقيقة"}},"hours-ago-short":{"_index":["plural","value"],"_":{"zero":"الآن","other":"منذ {{value}} س"}},"days-ago-short":{"_index":["plural","value"],"_":{"zero":"اليوم","other":"منذ {{value}} ي"}},"minutes-until-short":{"_index":["plural","value"],"_":{"zero":"الآن","other":"خلال {{value}} د"}},"hours-until-short":{"_index":["plural","value"],"_":{"zero":"الآن","other":"خلال {{value}} س"}},"days-until-short":{"_index":["plural","value"],"_":{"zero":"اليوم","other":"خلال {{value}} ي"}},"incorrectDate":"(تاريخ غير صحيح)","dateTimeFormat_%c":"%a %b %e %Y %I:%M:%S %p","dateTimeFormat_%x":"%m/%d/%Y","dateTimeFormat_%X":"%I:%M:%S %p","shortTimeFormat":"%I:%M %p","shortDateTimeFormat":"%x %I:%M %p","weekStartsOnMonday":"0","time_am":"ص","time_pm":"م","sim-picker-dial-via-with-number":"إتصل بـ {{phoneNumber}} بواسطة","sim-picker-select-sim":"اختر SIM","sim-picker-button":"SIM{{ n }}","sim-picker-button-default":"(الافتراضي)","label":"ملصق","mobile":"جوَّال","home":"المنزل","work":"العمل","personal":"شخصي","faxHome":"فاكس المنزل","faxOffice":"فاكس المكتب","faxOther":"فاكس آخر","another":"آخر","other":"آخرى","customTag":{"placeholder":"وسم مخصص"},"current":"الحالي","itemWithLabel":"{{label}}, {{item}}","waitDuplicateContacts":"جارِ البحث عن جهات الإتصال المكررة","waitMergingDuplicateContacts":"دمج جهات الإتصال المكررة","alertNoDuplicateContacts":"لا توجد جهات إتصال مكررة","merge":"ادمج","mergeDuplicateTitle":"دمج التكرارات","suggestedDuplicateContacts":"إقتراحات جهات الاتصال المكررة ل {{name}}","mergeActionButtonLabel":{"_index":["plural","n"],"_":{"zero":"لا توجد جهات إتصال محددة","one":"دمج مع جهة إتصال","two":"دمج مع جهتين إتصال","few":"دمج مع {{n}} جهات إتصال","many":"دمج مع {{n}} جهة إتصال","other":"دمج مع {{n}} جهة إتصال"}},"duplicatesFoundTitle":"عثّر على تكرارات","duplicatesFoundMessage":"{{name}} معلومات مكررة في جهات الإتصال التالية","addNewNumber":"إضافة رقم جديد","addToExistingContact":"إضافة إلى جهة اتصال موجوده","all":{"_":"الكل","ariaLabel":"الكل"},"callLog":"سجل المكالمات","callLogEdit":{"title":"تعديل سجل الإتصالات"},"callLogEditDialog":{"ariaLabel":"تحرير سجل المكالمات"},"connecting":"جارِ الاتصال","cf-async":"غير متزامن: {{ async }}\\n","cf-data":"معلومات: {{ data }}\\n","cf-error":"حدث خطأ عند محاولة الحصول على حالة تحويل المكالمات","cf-fax":"فاكس: {{ fax }}\\n","cf-inactive":"غير فعال","cf-packet":"حزمة: {{ packet }}\\n","cf-pad":"باد: {{ pad }}\\n","cf-sms":"رسالة قصيرة: {{ sms }}\\n","cf-status":"حالة تحويل المكالمات\\n","cf-sync":"متزامن: {{ sync }}\\n","cf-voice":"صوت: {{ voice }}\\n","confirm-deletion":"حذف المكالمات المختارة ؟","createNewContact":"إنشاء جهة اتصال جديدة","dialerAddContact":{"ariaLabel":"إضافة جهة إتصال"},"dialerAddContactDialog":{"ariaLabel":"أضِف جهة اتصال"},"edit-selected":{"_index":["plural","n"],"_":{"one":"{{ n }} مُختارة","two":"{{ n }} مُختارة","few":"{{ n }} مُختارة","many":"{{ n }} مُختارة","other":"{{ n }} مُختارة"}},"hideKeypad":{"ariaLabel":"إخفاء لوحة المفاتيح"},"ignore":"تجاهل الإتصال","incoming":"الواردة","keypad":{"ariaLabel":"لوحة المفاتيح"},"makeCall":{"ariaLabel":"إجراء مكالمة"},"missed":{"_":"لم يرد عليه","ariaLabel":"الفائتة"},"missedCall":"مكالمة فائتة","missedCallMultiSims":"(SIM {{n}}) المكالمات الفائتة","mmi-error":"حدث خطأ عند محاولة ارسال الرسالة","mmi-session-expired":"انتهت الجلسة","mmi-successfully-sent":"تم ارسال الرسالة بنجاح","mmi-notification-title-with-sim":"{{sim}}) {{title}}","mute":{"ariaLabel":"صمت"},"newCall":{"ariaLabel":"مكالمة جديدة"},"no-logs-msg-1":"لم يتم تسجيل أي مكالمة","no-logs-msg-2":"بدء التواصل الآن","no-logs-msg-3":"لا يوجد أي مكالمات لم يرد عليها","recents":{"ariaLabel":"المكالمات الأخيرة"},"reply":"الرد","send":"إرسال","switch-calls":"تحويل المكالمات","withheld-number":"الأرقام المحجوبة","from-contact":"من {{ contact }}","from-number":"من {{ number }}","from-withheld-number":"من رقم محجوب","sending":"جارِ الإرسال...","speakerOption":{"ariaLabel":"السماعة"},"ussd-services":"خدمات {{ operator }}","toggleKeypad":{"ariaLabel":"تبديل لوحة المفاتيح"},"type-your-response":{"placeholder":"أُكتب رّدك..."},"clear-all-text":"مسح الكل","hide":"أخفِ","hold":{"ariaLabel":"معلق"},"resume":{"_":"استأنف","ariaLabel":"استأنف"},"sendSms":"أرسل رسالة","callEnded":"إنتهت المكالمة","via-sim":"بواسطة n}}SIM}}","sim-number":"n }} SIM }}","hangup-a11y-button":{"ariaLabel":"إنهاء"},"pickup-a11y-button":{"ariaLabel":"رد"},"unlock-a11y-button":{"ariaLabel":"منزلق"},"roaming":"{{operator}} (Roaming)","delete-n-log?":{"_index":["plural","n"],"_":{"zero":"لا شيﺀ مختار","one":"حذف السجل المحدد؟","two":"حذف السجِّلين؟","few":"حذف {{ n }} السجلات؟","many":"حذف {{ n }} سجل؟","other":"حذف {{ n }} سجل؟"}},"callDurationMinutes":"{{ m }}:{{ s }}","callDurationHours":"{{ h }}:{{ m }}:{{ s}}","suggestionMatches":{"_index":["plural","n"],"_":{"one":"نتيجة واحدة مطابقة لـ \"{{ matchNumber }}\"","two":"تطابقان لـ \"{{ matchNumber }}\"","few":"{{ n }} تطابقات لـ \"{{ matchNumber }}\"","many":"{{ n }} من النتائج المطابقة لـ \"{{ matchNumber }}\"","other":"{{ n }} من النتائج المطابقة لـ \"{{ matchNumber }}\""}},"scCallBarring":"حظر المكالمات","scCallForwarding":"تحويل المكالمات","scClip":"المعرَف بجهة الاتصال","scClir":"معرف المتصل الصادر","scPwd":"تغيير كلمة السر","scCallWaiting":"إنتظار المكالمة","scPin":"تغيير رمز PIN","scPin2":"تغيير رمز PIN2","scPuk":"فك إقفال PIN","scPuk2":"فك أقفال PIN2","scImei":"IMEI","scUssd":"USSD","serviceClassVoice":"صوت","serviceClassData":"بيانات","serviceClassFax":"فاكس","serviceClassSms":"رسالة نصية","serviceClassDataSync":"مزامنة","serviceClassDataAsync":"متزامن","serviceClassPacket":"الحزمة","serviceClassPad":"PAD","smServiceEnabled":"تم تفعيل الخدمة","smServiceDisabled":"تم تعطيل الخدمة","smServiceRegistered":"تم التسجيل بنجاح","smServiceErased":"تم المحو بنجاح","smServiceInterrogated":"تم الطلب بنجاح","smServiceNotProvisioned":"الخدمة غير مُؤمّنة.","smClirPermanent":"لا يمكنك تغيير إعداد معرف المتصل","smClirDefaultOnNextCallOn":"الإعدادات الافتراضية لإظهار رقم المتصل هي مقيدة. المكالمة التالية: مقيدة","smClirDefaultOnNextCallOff":"الإعدادات الافتراضية لإظهار رقم المتصل هي مقيدة. المكالمة التالية: غير مقيدة","smClirDefaultOffNextCallOn":"الإعدادات الافتراضية لإظهار رقم المتصل هي غير مقيدة. المكالمة التالية: مقيدة","smClirDefaultOffNextCallOff":"الإعدادات الافتراضية لإظهار رقم المتصل هي غيرمقيدة. المكالمة التالية: غير مقيدة","smServiceEnabledFor":"تم تفعيل الخدمة ل:","smPinChanged":"تمَّ تغيير PIN بنجاح","smPinUnblocked":"رفع الحجب عن PIN بنجاح","smPin2Changed":"تمَّ تغيير PIN2 بنجاح","smPin2Unblocked":"ُُرُفع الحجب عن PIN2 بنجاح","ServiceIsEnabled":"Service is enabled","ServiceIsDisabled":"Service is disabled","ServiceIsEnabledFor":"Service is enabled for:","emMmiError":"مشكلة في الإتصال أو رمز MMI خاطئ","emMmiErrorPasswordIncorrect":"كلمة سر خاطئة","emMmiErrorNotSupported":"رمز MMI خاطئ أو غير مدعوم","emMmiErrorInvalidAction":"إجراء خاطئ","emMmiErrorInvalidScCode":"رمز خدمة خاطئ","emMmiErrorBadPuk":"رمز PUK الذي قمت بإدخاله غير صحيح","emMmiErrorBadPin":"PIN القديم الذي كتبته غير صحيح.","emMmiErrorNeedPuk2":"قم بإدخال رمز PUK2 لفتح الشريحة","emMmiErrorMismatchPin":"لا يوجد تطابق بين رموز PIN التي أدخلتها","emMmiErrorInvalidPin":"قم بإدخال رمز PIN مكون من 4 إلى 8 أرقام","emMmiErrorNeedsPuk":"شريحتك مغلقة برمز PUK","emMmiErrorEnablePin":"غير ناجح , قم بتفعيل قفل ال SIM/RUIM","emMmiErrorMmiFdn":"العملية تقتصرعلى أرقام اتصال ثابتة فقط","emMmiErrorStkCcUssdDial":"يتم تعديل طلب USSD لطلب DIAL","emMmiErrorStkCcUssdSs":"طلب USSD تعدل الى طلب SS","emMmiErrorStkCcUssdUssd":"يتم تعديل طلب USSD لطلب USSD جديد","emMmiErrorStkCcSsDial":"يتم تعديل الطلب SS لطلب DIAL","emMmiErrorStkCcSsUssd":"يتم تعديل الطلب SS لطلب USSD","emMmiErrorStkCcSsSs":"طلب SS تعدل الى طلب SS جديد","emMmiErrorPinPukAttempts":{"_index":["plural","n"],"_":{"one":"بقيت محاولة واحدة فقط","two":"تبقت محاولتين اثنتين","few":"تبقى {{ n }} المحاولات","many":"تبقى {{ n }} محاولة","other":"تبقى {{ n }} محاولة"}},"emMmiErrorSimBlocked":"لقد تجاوزت الحد الأقصى من المحولات . حُجِبت الـ SIM","RadioNotAvailable":"الراديو غير متوفر","GenericFailure":"فشل","PasswordIncorrect":"كلمة سر غير صحيحة","SimPin2":"SIM PIN2","SimPuk2":"SIM PUK2","RequestNotSupported":"الطلب غير مدعوم","OpNotAllowedDuringVoiceCall":"العملية غير مسموحة أثناء الإتصال الصوتي","SmsSendFailRetry":"فشل في إرسال SMS اعدالمحاولة","SimAbsent":"الشريحة غير موجودة","SubscriptionNotAvailable":"الإشتراك غير متاح","ModeNotSupported":"الوضع غير مدعوم","FdnCheckFailure":"فشل اختيار Fdn","IllegalSimOrMe":"SIM غير قانونية أو ME","DialModifiedToUssd":"طلب تعديل USSD","DialModifiedToSs":"طلب تعديل SS","DialModifiedToDial":"عدّل الإتصال الهاتفي للإتصال","UssdModifiedToDial":"تعديل USSD للإتصال","UssdModifiedToSs":"تعديل USSD إلى SS","UssdModifiedToUssd":"تعديل USSD إلى USSD","SsModifiedToDial":"تعديل SS للاتصال","SsModifiedToUssd":"تعديل SS إلىUSSD","SsModifiedToSs":"تعديل SS إلى SS ","SubscriptionNotSupported":"الإشتراك غير مدعوم","InvalidParameter":"معامل غير صالح","RejectedByRemote":"تم الرفض من طرف الخادم","conferenceCall":"Conference ({{n}})","caller-left-call":"{{ caller }} المتصل غادر المكالمة.","conferenceAddError":"غير قادر على دمج المكالمات","conferenceRemoveError":"غير قادر على إلغاء دمج المكالمات","longDateFormat":"%A, %B %e","select-audio-sources":"اختر مصادر الصوت","bluetooth-handsfree-device":"أجهزة البلوتوث اليدوية","receiver":"المُستقبل","speaker":"السماعة","voicemailNoNumberTitle":"رقم البريد الصوتي غير متاح","voicemailNoNumberText":"غير قادر على الإتصال بالبريد الصوتي. اضبط رقم البريد الصوتي لإجراء المكالمة.","voicemailNoNumberSettings":"الإعدادات","voicemailNoNumberCancel":"ألغِ","phoneNumberInput":{"ariaLabel":"رقم الهاتف"},"keypadDelete":{"ariaLabel":"احذف"},"voiceMailKey":{"ariaLabel":"البريد الصوتي"},"asterisk":{"ariaLabel":"نجمة"},"hashSign":{"ariaLabel":"إشارة الهاش"}}