{"close":"Close","import":"Import","update":"Update","fbFriends":"Facebook Friends","live-serviceName":"Outlook","gmail-serviceName":"Gmail","facebook-serviceName":"Facebook Friends","selectAll":"Select all","deselectAll":"Deselect all","viewAll":"View All Facebook Friends","viewRecommend":"View Only Recommended","linkProposal":{"_index":["plural","numFriends"],"_":{"zero":"No matching friends. Showing all","one":"Select the recommended one","two":"Select a recommended one","few":"Select a recommended one","many":"Select a recommended one","other":"Select a recommended one"}},"fbFriendsFound":{"_index":["plural","numFriends"],"_":{"zero":"All your friends are imported","one":"Found one friend to import","two":"Found {{numFriends}} friends to import","few":"Found {{numFriends}} friends to import","many":"Found {{numFriends}} friends to import","other":"Found {{numFriends}} friends to import"}},"fbNoFriends":"No contacts available to import","facebook":"Facebook","search-contact":{"placeholder":"Search"},"noResults":"No contacts found","done-search":"Done","progressFB3ImportTitle":"Importing friends to Contacts","progressFB":"{{current}}/{{total}}","progressFB3UpdateTitle":"Updating friends in Contacts","message2":"This may take a couple of minutes","messageLinking":"Please hold on. We are linking your friend and your contact.","messageCanceling":"Please hold on. We are canceling the ongoing operation.","error1":"Error {{from}}","error2":"Do you want to retry?","errorProposal":"calculating proposals","errorFriends":"retrieving friends","errorLinking":"linking contact","timeout1":"Exceeded timeout {{from}}","timeout2":"Do you want to retry?","timeoutProposal":"calculating proposals","timeoutFriends":"retrieving friends","timeoutLinking":"linking contacts","wait1":"Please hold on","wait2":"This may take a couple of minutes","waitProposal":"Please hold on. We are calculating a proposal.","waitFriends":"Please hold on. We are connecting to obtain your friend list.","curtainCancel":"Cancel","curtainRetry":"Retry","curtainOK":"OK","connectionLost":"No Internet connection","connectionLostMsg":"Friends’ photos will not be added to your contacts. Continue anyway?","yesOption":"OK","noOption":"Cancel","friendsUpdated":{"_index":["plural","numFriends"],"_":{"zero":"No friends updated","one":"Updated one friend","two":"Updated {{numFriends}} friends","few":"Updated {{numFriends}} friends","many":"Updated {{numFriends}} friends","other":"Updated {{numFriends}} friends"}},"friendsMerged":{"_index":["plural","numDups"],"_":{"zero":"No duplicated friends merged","one":"One duplicated friend merged","two":"{{numDups}} friends merged","few":"{{numDups}} friends merged","many":"{{numDups}} friends merged","other":"{{numDups}} friends merged"}},"notificationLogin":"Your Facebook session is invalid. Please sign in.","syncError":"There was an error synchronizing your friend’s data","callAirplaneModeMessage":"За да направите обаждане, трябва да деактивирате самолетния режим от настройките.","callAirplaneModeBtnOk":"Добре","callAirplaneModeTitle":"Беше активиран самолетен режим.","numberIsBusyTitle":"Зает номер","numberIsBusyMessage":"Номерът в момента е зает. Моля, опитайте по-късно.","fdnIsActiveTitle":"FDN active","fdnIsActiveMessage":"FDN (Fixed Dialing Numbers) is activated and the following number is not in your FDN list: {{ number }}","voiceMail":"Гласова поща","emergencyNumber":"Номер за спешни случаи","emergencyDialogBodyBadNumber":"За да направите обаждане, телефонът трябва да е свързан към мрежа.","emergencyDialogBodyDeviceNotAccepted":"Мрежата не позволява спешни обаждания.","emergencyDialogBtnOk":"Добре","emergencyDialogTitle":"Липсва мрежова свързаност","invalidNumberToDialTitle":"Невалиден телефонен номер","invalidNumberToDialMessage":"Телефонният номер, на който се обаждате, е невалиден","unableToCallTitle":"Не е възможно да бъде направено обаждане в момента","unableToCallMessage":"Не може да бъде направено обаждане. Ако вече набирате, моля първо затворете.","otherConnectionInUseTitle":"Other connection in use","otherConnectionInUseMessage":"You have an active call on another connection. You can only use one connection at a time.","add":"Добавяне","call":"Обаждане","edit":"Редактиране","cancel":"Отказ","done":"Готово","ok":"Добре","retry":"Отново","contacts":"Контакти","addContact":"Добавяне","deleteContact":"Изтриване на контакт","selectContact":"Избиране на контакт","editContact":"Редактиране","deleteConfirmMsg":"Да бъде ли изтрит контакта?","remove":"Премахване","delete":"Изтриване","comments":"Коментари","no_contact_phones":"Липсват телефони","no_contact_email":"Липсва ел.поща","no_contact_data":"This contact does not have a phone number and email address","removePhotoConfirm":"Да бъде ли премахната снимката на контакта?","loadingContacts":"Зареждане на контакти…","noContactsActivity":"Няма възможност за добавяне към контакт, тъй като списъкът с контакти е празен","noName":"Липсва име","givenName":{"placeholder":"Име"},"familyName":{"placeholder":"Фамилия"},"tel":{"placeholder":"Телефон"},"carrier":{"_":"Оператор","placeholder":"Оператор"},"separator":",","email":{"_":"Ел.поща","placeholder":"Ел.поща"},"streetAddress":{"placeholder":"Улица"},"postalCode":{"placeholder":"Пощенски код"},"locality":{"placeholder":"Град"},"countryName":{"placeholder":"Държава"},"comment":{"placeholder":"Коментар"},"org":{"placeholder":"Фирма"},"date":{"_":"Date","placeholder":"Date"},"date-span-placeholder":"Date","birthday":"Рожден ден","dateFormat":"%B %e","dateOutput":"{{dayMonthFormatted}} {{year}}","anniversary":"Anniversary","addPhoto":"Добавяне на снимка","addPhone":"Добавяне на телефон","addEmail":"Добавяне на ел.поща","addAddress":"Добавяне на адрес","addDate":"Add Date","addComment":"Добавяне на коментар","addFavorite":"Добавяне като любим","removeFavorite":"Премахване от любими","exit":"Изход","expand":"Разгъване","labelName":"Име:","labelLastName":"Фамилия:","labelPhoneNumber":"Телефон:","labelCarrier":"Оператор:","labelEmail":"Ел.поща:","labelStreet":"Улица:","labelZip":"Пощенски код:","labelCity":"Град:","labelCountry":"Държава:","labelComment":"Коментар:","legendTitleMain":"Основна информация","legendPhones":"Телефонни номера","legendEmail":"Ел.пощи","legendAddress":"Адреси","legendPhoto":{"ariaLabel":"Photo"},"settings":"Настройки","transferContactsTitle":"Трансфер на контакти","importContactsTitle":"Внасяне на контакти","importContactsButton":"Import Contacts","exportContactsTitle":"Експортиране","exportContactsButton":"Export Contacts","exportContactsAction":"Експортиране","simExport-title":"Експортиране към SIM","sdExport-title":"Експортиране към SD карта","btExport-title":"Експортиране към Bluetooth","sdUMSEnabled":"SD картата не може да бъде използване, тъй като е включено USB хранилището","exportErrorTitle":"Грешка при експорт","contactsExported2":{"_index":["plural","exported"],"_":{"zero":"Не са експортирани контакти","one":"{{exported}}/{{total}} експортирани контакта","two":"{{exported}}/{{total}} експортирани контакта","few":"{{exported}}/{{total}} експортирани контакта","many":"{{exported}}/{{total}} експортирани контакта","other":"{{exported}}/{{total}} експортирани контакта"}},"exportError-general":"Възникна грешка при експорта","exportError-SD-shared":"Картата памет не може да бъде достъпена, тъй като е споделена","exportError-SD-unavailable":"Не е достъпна карта памет","exportError-SD-noSpace":"Няма достатъчно място на картата памет, за да бъдат експортирани контактите","exportError-SIM-unavailable":"Няма налична SIM карта","exportError-BT-shared":"Картата памет не може да бъде достъпена, тъй като е споделена","exportError-BT-unavailable":"Не е достъпна карта памет","exportError-BT-noSpace":"Няма достатъчно място на картата памет, за да бъдат експортирани контактите","social-network":"Социални мрежи","social-link":"Свързване на контакт","social-unlink":"Разкачване на контакт","social-unlink-confirm-title":"Искате ли да разкачите Вашия приятел?","social-unlink-confirm-accept":"Разкачване","facebook-import":"Внасяне на Facebook приятели","show-fb-profile":"Разглеждане на Facebook профил","msg-send":"Съобщение","wall-post":"Мнение от стената","facebook-export-forbidden":"The contact cannot be shared due to Facebook constraint.","otherAccount":"Други регистрации","facebookSwitchMsg":"Синхронизиране","select_mobile":"Избиране на мобилен","select_email":"Избиране на ел.поща","select_recipient":"Select recipient","contactsOrderBy":"Подреждане по фамилия","importSim2":"SIM карта","importGmail":"Gmail","bluetooth":"Bluetooth","importOutlook":"Outlook","fbUpdateFriends":"Обновяване на внесени приятели","cleaningFbData":"Премахване на Facebook данни","loggingOutFb":"Излизане от Facebook","cleanFbConfirmMsg":"Премахване на всички Facebook данни?","renewPwdMsg":"Вашата парола във Facebook е била променена. Моля, обновете я.","notEnabledYet":"Не е включен още.","genericNoConnection":"Свържете се към Wi-Fi или мрежа за данни, за да внесете контакти","simCard":"SIM карта","memoryCard":"Карта памет","simNumber":"SIM {{number}}","setICEButton":"Set ICE Contacts","ICESettingTitle":"ICE Contacts","ICEDescription":"Add two contacts for making “In Case of Emergency” calls.","ICEContact1":"ICE Contact 1","ICESelectContact":"Select a contact","ICEContact2":"ICE Contact 2","create-new":"Създаване на нов контакт.","import-now":"Внасяне на Вашите контакти от SIM карта или Facebook","no-contacts":"Липсват контакти","start-adding":"Започнете да ги добавяте сега","notImported":"Не са внесени","imported":"Внесени","today":"Днес","yesterday":"Вчера","organise-contacts":"Организиране на контакти","find-merge-contacts":"Намиране на дублирани контакти","preparing-contacts":"Подготвяне на контакти","exportError-SIM-NoFreeRecordFound":"SIM картата е пълна","exportError-SIM-CannotAccessPhoneBook":"Списъкът с контакти на SIM картата не може да бъде достъпен","exportError-SIM-Unavailable":"Не е намерена SIM карта","exportError-SIM-GenericError":"Възникна грешка при експорта на контакт","noSimMsgExport":"За да експортирате контакти, сложете или отключете SIM картата","noMemoryCardMsgExport":"За да експортирате контакти, сложете карта памет","ContactManagementTitle":"Contacts Management","DeleteTitle":"Delete","bulkDeleteButton":"Delete Contacts","BulkDelCancel":"Contacts delete cancelled","DeletedTxt":{"_index":["plural","n"],"_":{"zero":"No Contact to Delete","one":"1 Contact removed","two":"{{n}} Contacts removed","few":"{{n}} Contacts removed","many":"{{n}} Contacts removed","other":"{{n}} Contacts removed"}},"DeletingContacts":"Deleting contacts","ContactConfirmDel":{"_index":["plural","n"],"_":{"zero":"No Contact to Delete","one":"Delete 1 Contact? This cannot be undone.","two":"Delete {{n}} Contacts? This cannot be undone.","few":"Delete {{n}} Contacts? This cannot be undone.","many":"Delete {{n}} Contacts? This cannot be undone.","other":"Delete {{n}} Contacts? This cannot be undone."}},"SelectedTxt":{"_index":["plural","n"],"_":{"zero":"Contacts","one":"{{n}} selected","two":"{{n}} selected","few":"{{n}} selected","many":"{{n}} selected","other":"{{n}} selected"}},"video":"Video","audio":"Audio","pick_destination":"{{ destination }} {{ carrier }}","removeField":{"ariaLabel":"Remove"},"undo":{"ariaLabel":"Undo"},"back":"Назад","noSimMsg":"За да внесете контакти, сложете или отключете SIM картата","noMemoryCardMsg":"За да внесете контакти, сложете карта памет","importMemoryCard":"Карта памет","noConnection11":"За да внесете Facebook приятели или контакти, свържете се към безжична мрежа или мрежа за данни.","simContacts-import":"Внасяне на SIM контакти","simContacts-importing":"Внасяне на SIM контакти…","simContacts-reading":"Четене от SIM картата…","simContacts-error":"Неуспешно внасяне на контакти от SIM","simContacts-imported3":{"_index":["plural","n"],"_":{"zero":"Няма намерени контакти на SIM картата","one":"Внесен един контакт","two":"Внесени {{n}} контакта","few":"Внесени {{n}} контакта","many":"Внесени {{n}} контакта","other":"Внесени {{n}} контакта"}},"memoryCardContacts-import":"Внасяне на контакти от картата памет","memoryCardContacts-importing":"Внасяне на контакти от картата памет…","memoryCardContacts-reading":"Четене от картата памет…","memoryCardContacts-error":"Неуспешно внасяне на контакти от картата памет","memoryCardContacts-imported3":{"_index":["plural","n"],"_":{"zero":"Няма намерени контакти на картата памет","one":"Внесен един контакт","two":"Внесени {{n}} контакта","few":"Внесени {{n}} контакта","many":"Внесени {{n}} контакта","other":"Внесени {{n}} контакта"}},"genericProgress":"{{current}}/{{total}}","facebook-import-msg":{"_index":["plural","imported"],"_":{"zero":"Не бяха внесени приятели (от общо {{total}})","one":"Един внесен приятел (от общо {{total}})","two":"{{imported}}/{{total}} внесени приятели","few":"{{imported}}/{{total}} внесени приятели","many":"{{imported}}/{{total}} внесени приятели","other":"{{imported}}/{{total}} внесени приятели"}},"contactsMerged":{"_index":["plural","numDups"],"_":{"zero":"No duplicated contacts merged","one":"One duplicated contact merged","two":"{{numDups}} contacts merged","few":"{{numDups}} contacts merged","many":"{{numDups}} contacts merged","other":"{{numDups}} contacts merged"}},"weekday-0-long":"Неделя","weekday-1-long":"Понеделник","weekday-2-long":"Вторник","weekday-3-long":"Сряда","weekday-4-long":"Четвъртък","weekday-5-long":"Петък","weekday-6-long":"Събота","weekday-0-short":"Нед","weekday-1-short":"Пон","weekday-2-short":"Вт","weekday-3-short":"Ср","weekday-4-short":"Чет","weekday-5-short":"Пет","weekday-6-short":"Съб","month-0-long":"Януари","month-1-long":"Февруари","month-2-long":"Maрт","month-3-long":"Aприл","month-4-long":"Май","month-5-long":"Юни","month-6-long":"Юли","month-7-long":"Август","month-8-long":"Септември","month-9-long":"Oктомври","month-10-long":"Ноември","month-11-long":"Декември","month-0-genitive":"Януари","month-1-genitive":"Февруари","month-2-genitive":"Maрт","month-3-genitive":"Aприл","month-4-genitive":"Май","month-5-genitive":"Юни","month-6-genitive":"Юли","month-7-genitive":"Август","month-8-genitive":"Септември","month-9-genitive":"Oктомври","month-10-genitive":"Ноември","month-11-genitive":"Декември","month-0-short":"Ян","month-1-short":"Фев","month-2-short":"Мар","month-3-short":"Апр","month-4-short":"Май","month-5-short":"Юни","month-6-short":"Юли","month-7-short":"Авг","month-8-short":"Сеп","month-9-short":"Окт","month-10-short":"Ное","month-11-short":"Дек","minutes-ago-long":{"_index":["plural","value"],"_":{"zero":"в момента","one":"преди минута","two":"преди {{value}} минути","few":"преди {{value}} минути","many":"преди {{value}} минути","other":"преди {{value}} минути"}},"hours-ago-long":{"_index":["plural","value"],"_":{"zero":"в момента","one":"преди час","two":"преди {{value}} часа","few":"преди {{value}} часа","many":"преди {{value}} часа","other":"преди {{value}} часа"}},"days-ago-long":{"_index":["plural","value"],"_":{"zero":"днес","one":"вчера","two":"преди {{value}} дни","few":"преди {{value}} дни","many":"преди {{value}} дни","other":"преди {{value}} дни"}},"weeks-ago-long":{"_index":["plural","value"],"_":{"zero":"тази седмица","one":"миналата седмица","two":"преди {{value}} седмици","few":"преди {{value}} седмици","many":"преди {{value}} седмици","other":"преди {{value}} седмици"}},"months-ago-long":{"_index":["plural","value"],"_":{"zero":"този месец","one":"миналия месец","two":"преди {{value}} месеца","few":"преди {{value}} месеца","many":"преди {{value}} месеца","other":"преди {{value}} месеца"}},"years-ago-long":{"_index":["plural","value"],"_":{"zero":"тази година","one":"миналата година","two":"преди {{value}} години","few":"преди {{value}} години","many":"преди {{value}} години","other":"преди {{value}} години"}},"minutes-until-long":{"_index":["plural","value"],"_":{"zero":"now","one":"in a minute","two":"in {{value}} minutes","few":"in {{value}} minutes","many":"in {{value}} minutes","other":"in {{value}} minutes"}},"hours-until-long":{"_index":["plural","value"],"_":{"zero":"сега","one":"до един час","two":"след {{value}} часа","few":"след {{value}} часа","many":"след {{value}} часа","other":"след {{value}} часа"}},"days-until-long":{"_index":["plural","value"],"_":{"zero":"днес","one":"утре","two":"след {{value}} дни","few":"след {{value}} дни","many":"след {{value}} дни","other":"след {{value}} дни"}},"weeks-until-long":{"_index":["plural","value"],"_":{"zero":"тази седмица","one":"другата седмица","two":"след {{value}} седмици","few":"след {{value}} седмици","many":"след {{value}} седмици","other":"след {{value}} седмици"}},"months-until-long":{"_index":["plural","value"],"_":{"zero":"този месец","one":"другия месец","two":"след {{value}} месеца","few":"след {{value}} месеца","many":"след {{value}} месеца","other":"след {{value}} месеца"}},"years-until-long":{"_index":["plural","value"],"_":{"zero":"тази година","one":"следващата година","two":"след {{value}} години","few":"след {{value}} години","many":"след {{value}} години","other":"след {{value}} години"}},"minutes-ago-short":{"_index":["plural","value"],"_":{"zero":"в момента","other":"преди {{value}}мин."}},"hours-ago-short":{"_index":["plural","value"],"_":{"zero":"в момента","other":"преди {{value}}ч."}},"days-ago-short":{"_index":["plural","value"],"_":{"zero":"днес","other":"преди {{value}}дни"}},"minutes-until-short":{"_index":["plural","value"],"_":{"zero":"сега","other":"след {{value}}мин."}},"hours-until-short":{"_index":["plural","value"],"_":{"zero":"сега","other":"след {{value}}ч."}},"days-until-short":{"_index":["plural","value"],"_":{"zero":"днес","other":"след {{value}}дни"}},"incorrectDate":"(невалидна дата)","dateTimeFormat_%c":"%a, %e %b %Y %H:%M:%S","dateTimeFormat_%x":"%d %m %Y","dateTimeFormat_%X":"%H:%M:%S","shortTimeFormat":"%H:%M","shortDateTimeFormat":"%x %H:%M","weekStartsOnMonday":"1","time_am":"AM","time_pm":"PM","sim-picker-dial-via-with-number":"Dial {{ phoneNumber }} via","sim-picker-select-sim":"Select SIM","sim-picker-button":"SIM{{ n }}","sim-picker-button-default":"(default)","label":"Етикет","mobile":"Мобилен","home":"Домашен","work":"Служебен","personal":"Личен","faxHome":"Домашен факс","faxOffice":"Служебен факс","faxOther":"Друг факс","another":"Друг","other":"Other","customTag":{"placeholder":"Custom tag"},"current":"Current","itemWithLabel":"{{label}}, {{item}}","waitDuplicateContacts":"Търсене на дублирани контакти","waitMergingDuplicateContacts":"Обединяване на дублирани контакти","alertNoDuplicateContacts":"Не са намерени дублирани контакти","merge":"Merge","mergeDuplicateTitle":"Обединяване на дубликати","suggestedDuplicateContacts":"Възможни дублирани контакти за {{name}}","mergeActionButtonLabel":{"_index":["plural","n"],"_":{"zero":"Няма избрани контакти","one":"Обединяване с {{n}} контакт","other":"Обединяване с {{n}} контакта"}},"duplicatesFoundTitle":"Намерени дубликати","duplicatesFoundMessage":"{{name}} дублира информация в следните контакти","addNewNumber":"Add new number","addToExistingContact":"Добавяне към съществуващ контакт","all":"Всички","callLog":"Обаждания","callLogEdit":{"title":"Edit call log"},"callLogEditDialog":{"ariaLabel":"Edit call log dialog"},"connecting":"Свързване","cf-async":"Асинхронно: {{ async }}\\n","cf-data":"Данни: {{ data }}\\n","cf-error":"Възникна грешка при получаването на статуса на пренасочване на обаждания","cf-fax":"Факс: {{ fax }}\\n","cf-inactive":"Неактивно","cf-packet":"Пакет: {{ packet }}\\n","cf-pad":"PAD: {{ pad }}\\n","cf-sms":"SMS: {{ sms }}\\n","cf-status":"Статус на пренасочване на обаждания\\n","cf-sync":"Синхронно: {{ sync }}\\n","cf-voice":"Глас: {{ voice }}\\n","confirm-deletion":"Изчистване на маркираните обаждания?","createNewContact":"Създаване на нов контакт","dialerAddContact":{"ariaLabel":"Add contact"},"dialerAddContactDialog":{"ariaLabel":"Add Contact Dialog"},"edit-selected":{"_index":["plural","n"],"_":{"one":"{{ n }} маркиран","two":"{{ n }} маркирани","few":"{{ n }} маркирани","many":"{{ n }} маркирани","other":"{{ n }} маркирани"}},"hideKeypad":{"ariaLabel":"Hide keypad"},"ignore":"Игнориране на обаждането","incoming":"Входящи","keypad":{"ariaLabel":"Keypad"},"makeCall":{"ariaLabel":"Make call"},"missed":"Пропуснати","missedCall":"Пропуснато обаждане","missedCallMultiSims":"(SIM {{ n }}) Missed call","mmi-error":"Възникна грешка при изпращането на съобщението","mmi-session-expired":"Сесията е изтекла","mmi-successfully-sent":"Съобщението е изпратено успешно","mmi-notification-title-with-sim":"({{sim}}) {{title}}","mute":{"ariaLabel":"Mute"},"newCall":{"ariaLabel":"New call"},"no-logs-msg-1":"Липсват записани обаждания","no-logs-msg-2":"Започнете да комуникирате сега","no-logs-msg-3":"Липсват пропуснати обаждания","recents":{"ariaLabel":"Recent calls"},"reply":"Отговаряне","send":"Готово","switch-calls":"Смяна на обажданията","withheld-number":"Скрит номер","from-contact":"От {{ contact }}","from-number":"От {{ number }}","from-withheld-number":"От скрит номер","sending":"Изпращане…","speakerOption":{"ariaLabel":"Speaker"},"ussd-services":"{{ operator }} услуги","toggleKeypad":{"ariaLabel":"Toggle keypad"},"type-your-response":{"placeholder":"Въвеждане на отговор…"},"clear-all-text":"Изчистване на текста","hide":"Скриване","hold":"Задържане","resume":"Продължаване","sendSms":"Изпращане на съобщение","callEnded":"Обаждането е прекратено","via-sim":"via SIM{{ n }}","sim-number":"SIM{{ n }}","hangup-a11y-button":{"aria-label":"Затваряне"},"pickup-a11y-button":{"aria-label":"Отговаряне"},"unlock-a11y-button":{"aria-label":"Плъзгач"},"roaming":"{{operator}} (Roaming)","delete-n-log?":{"_index":["plural","n"],"_":{"zero":"Няма маркирани","one":"Изтриване на маркирания запис?","two":"Изтриване на {{ n }} записа?","few":"Изтриване на {{ n }} записа?","many":"Изтриване на {{ n }} записа?","other":"Изтриване на {{ n }} записа?"}},"callDurationMinutes":"{{ m }}:{{ s }}","callDurationHours":"{{ h }}:{{ m }}:{{ s}}","suggestionMatches":{"_index":["plural","n"],"_":{"one":"{{ n }} съответствие за \"{{ matchNumber }}\"","two":"{{ n }} съответствия за \"{{ matchNumber }}\"","few":"{{ n }} съответствия за \"{{ matchNumber }}\"","many":"{{ n }} съответствия за \"{{ matchNumber }}\"","other":"{{ n }} съответствия за \"{{ matchNumber }}\""}},"scCallBarring":"Блокиране","scCallForwarding":"Пренасочване","scClip":"Clip","scClir":"Clir","scPwd":"Промяна на парола","scCallWaiting":"Изчакване на обажданията","scPin":"Смяна на PIN","scPin2":"Смяна на PIN2","scPuk":"Отблокиране","scPuk2":"Отблокиране","scImei":"IMEI","scUssd":"USSD","serviceClassVoice":"Глас","serviceClassData":"Данни","serviceClassFax":"FAX","serviceClassSms":"SMS","serviceClassDataSync":"Sync","serviceClassDataAsync":"Async","serviceClassPacket":"Пакет","serviceClassPad":"PAD","smServiceEnabled":"Услугата беше включена","smServiceDisabled":"Услугата беше изключена","smServiceRegistered":"Регистрацията беше успешна","smServiceErased":"Заличаването беше успешно","smServiceInterrogated":"Запитването беше успешно","smServiceNotProvisioned":"Услугата не е провизирана","smClirPermanent":"Не може да смените настройката за caller ID","smClirDefaultOnNextCallOn":"По подразбиране caller ID е ограничен. Следващо обаждане: Ограничен","smClirDefaultOnNextCallOff":"По подразбиране caller ID е ограничен. Следващо обаждане: Не е ограничен","smClirDefaultOffNextCallOn":"По подразбиране caller ID не е ограничен. Следващо обаждане: Ограничен","smClirDefaultOffNextCallOff":"По подразбиране caller ID не е ограничен. Следващо обаждане: Не е ограничен","smServiceEnabledFor":"Услугата е включена за:","smPinChanged":"Успешна смяна на PIN","smPinUnblocked":"Успешно отблокиране на PIN","smPin2Changed":"Успешна смяна на PIN2","smPin2Unblocked":"Успешно отблокиране на PIN2","ServiceIsEnabled":"Service is enabled","ServiceIsDisabled":"Service is disabled","ServiceIsEnabledFor":"Service is enabled for:","emMmiError":"Проблем със свързаността или невалиден MMI код","emMmiErrorPasswordIncorrect":"Грешна парола","emMmiErrorNotSupported":"Грешен или неподдържан MMI код","emMmiErrorInvalidAction":"Невалидно действие","emMmiErrorInvalidScCode":"Невалиден сервизен код","emMmiErrorBadPuk":"PUK кодът е невалиден","emMmiErrorBadPin":"Старият PIN код е неправилен","emMmiErrorNeedPuk2":"Въведете PUK2, за да разблокирате SIM картата","emMmiErrorMismatchPin":"PIN кодовете не са еднакви","emMmiErrorInvalidPin":"Въведете PIN код от 4 до 8 цифри","emMmiErrorNeedsPuk":"Вашата SIM карта е със заключен PUK","emMmiErrorEnablePin":"Неуспешно. Включи SIM/RUIM LOCK","emMmiErrorMmiFdn":"Операцията е ограничена само до фиксирани номера","emMmiErrorStkCcUssdDial":"USSD запитването е променено на DIAL запитване","emMmiErrorStkCcUssdSs":"USSD запитването е променено на SS запитване","emMmiErrorStkCcUssdUssd":"USSD запитването е променено на ново USSD запитване","emMmiErrorStkCcSsDial":"SS запитването е променено на DIAL запитване","emMmiErrorStkCcSsUssd":"SS запитването е променено на USSD запитване","emMmiErrorStkCcSsSs":"SS запитването е променено на ново SS запитване","emMmiErrorPinPukAttempts":{"_index":["plural","n"],"_":{"one":"Остава само {{ n }} опит","two":"Остават {{ n }} опита","few":"Остават {{ n }} опита","many":"Остават {{ n }} опита","other":"Остават {{ n }} опита"}},"emMmiErrorSimBlocked":"Максималният брой на опитите е надвишен. SIM е блокиран.","RadioNotAvailable":"Не е налично радио","GenericFailure":"Обща грешка","PasswordIncorrect":"Грешна парола","SimPin2":"SIM PIN2","SimPuk2":"SIM PUK2","RequestNotSupported":"Запитването не е поддържано","OpNotAllowedDuringVoiceCall":"Операцията не е позволена по време на гласово обаждане","SmsSendFailRetry":"SMS изпращане грешка повторение","SimAbsent":"Липсва SIM","SubscriptionNotAvailable":"Не е наличен абонамент","ModeNotSupported":"Режимът не е поддържан","FdnCheckFailure":"Грешка при проверката на Fdn","IllegalSimOrMe":"Невалиден SIM или ME","DialModifiedToUssd":"Набирането е променено на USSD","DialModifiedToSs":"Набирането е променено на SS","DialModifiedToDial":"Набирането е променено на набиране","UssdModifiedToDial":"USSD е променен на набиране","UssdModifiedToSs":"USSD е променен на SS","UssdModifiedToUssd":"USSD е променен на USSD","SsModifiedToDial":"SS е променен на набиране","SsModifiedToUssd":"SS е променен на USSD","SsModifiedToSs":"SS е променен на SS","SubscriptionNotSupported":"Абонамент не е поддържан","InvalidParameter":"Невалиден параметър","RejectedByRemote":"Отказан от отдалечен","conferenceCall":"Conference ({{n}})","caller-left-call":"{{ caller }} напусна обаждането.","conferenceAddError":"Неуспешно сливане на обажданията","conferenceRemoveError":"Неуспешно разделяне на обажданията","longDateFormat":"%A, %e %B","select-audio-sources":"Select audio sources","bluetooth-handsfree-device":"Bluetooth handsfree device","receiver":"Receiver","speaker":"Speaker","voicemailNoNumberTitle":"Voicemail number is unavailable","voicemailNoNumberText":"Unable to call the voicemail. Set up the voicemail number to place the call.","voicemailNoNumberSettings":"Settings","voicemailNoNumberCancel":"Cancel","phoneNumberInput":{"ariaLabel":"Phone number"},"keypadDelete":{"ariaLabel":"Delete"},"voiceMailKey":{"ariaLabel":"Voicemail"},"asterisk":{"ariaLabel":"Asterisk"},"hashSign":{"ariaLabel":"Hash sign"}}