{"close":"বন্ধ করুন","import":"নিয়ে আসুন","update":"হালনাগাদ","fbFriends":"ফেসবুকের বন্ধুরা","live-serviceName":"আউটলুক","gmail-serviceName":"জিমেইল","facebook-serviceName":"ফেসবুকের বন্ধুরা","selectAll":"সব নির্বাচন","deselectAll":"সব অনির্বাচন","viewAll":"ফেসবুকের সব বন্ধুদের দেখুন","viewRecommend":"শুধু মাত্র সুপারিশকৃত বন্ধুদের দেখান","linkProposal":{"_index":["plural","numFriends"],"_":{"zero":"কোন বন্ধুর মিল পাওয়া যায় নি। সব দেখানো হচ্ছে","one":"সুপারিশকৃত নির্বাচন করুন","two":"একজন সুপারিশকৃত নির্বাচন করুন","few":"একজন সুপারিশকৃত নির্বাচন করুন","many":"একজন সুপারিশকৃত নির্বাচন করুন","other":"একজন সুপারিশকৃত নির্বাচন করুন"}},"fbFriendsFound":{"_index":["plural","numFriends"],"_":{"zero":"আপনার সব বন্ধুর তথ্য যুক্ত করা হয়েছে","one":"নিয়ে আসার জন্য একটি বন্ধু পাওয়া গিয়েছে","two":"নিয়ে আসার জন্য {{numFriends}} টি বন্ধু পাওয়া গিয়েছে","few":"নিয়ে আসার জন্য {{numFriends}} টি বন্ধু পাওয়া গিয়েছে","many":"নিয়ে আসার জন্য {{numFriends}} টি বন্ধু পাওয়া গিয়েছে","other":"নিয়ে আসার জন্য {{numFriends}} টি বন্ধু পাওয়া গিয়েছে"}},"fbNoFriends":"ইম্পোর্ট করার মত কোন পরিচিতি নেই","facebook":"ফেসবুক","search-contact":{"placeholder":"অনুসন্ধান করুন"},"noResults":"কোন পরিচিতি পাওয়া যায় নাই","done-search":"সম্পন্ন","progressFB3ImportTitle":"বন্ধুদের পরিচিতিতে নিয়ে আসুন","progressFB":"{{current}}/{{total}}","progressFB3UpdateTitle":"পরিচিতিতে বন্ধুদের হালনাগাদ করুন","message2":"এতে কিছু সময় লাগতে পারে","messageLinking":"অনুগ্রহ করে ধৈর্য ধরুন। আমরা আপনার বন্ধু এবং আপনার পরিচিতি সংযুক্ত করছি।","messageCanceling":"ধৈর্য ধরুন। আমরা চলতি কাজটি বাতিল করছি।","error1":"ত্রুটি {{from}}","error2":"আপনি কি আবার চেষ্টা করতে চান?","errorProposal":"প্রস্তাবনা গণনা করা হচ্ছে","errorFriends":"বন্ধুদের পুনরুদ্ধার করা হচ্ছে","errorLinking":"পরিচিতি লিঙ্ক করা হচ্ছে","timeout1":"সময় অতিক্রম করেছে {{from}}","timeout2":"আপনি কি আবার চেষ্টা করতে চান?","timeoutProposal":"প্রস্তাবনা গণনা করা হচ্ছে","timeoutFriends":"বন্ধুদের তথ্য পুনরুদ্ধার করা হচ্ছে","timeoutLinking":"পরিচিতি লিঙ্ক করা হচ্ছে","wait1":"অনুগ্রহ করে ধৈর্য ধরুন","wait2":"এতে কিছু সময় লাগতে পারে","waitProposal":"অনুগ্রহ করে ধৈর্য ধরুন। আমরা প্রস্তাবনা গণনা করছি।","waitFriends":"অনুগ্রহ করে ধৈর্য ধরুন। আমরা আপনার বন্ধুতালিকা অর্জন করার জন্য সংযুক্ত হচ্ছি।","curtainCancel":"বাতিল","curtainRetry":"পুনরায় চেষ্টা করুন","curtainOK":"ঠিক আছে","connectionLost":"ইন্টারনেট সংযোগ নেই","connectionLostMsg":"পরিচিতিতে বন্ধুর ছবি যোগ হবে না। অব্যাহত রাখবেন?","yesOption":"ঠিক আছে","noOption":"বাতিল","friendsUpdated":{"_index":["plural","numFriends"],"_":{"zero":"কোন বন্ধুর তথ্য হালনাগাদ হয় নি","one":"একজন বন্ধুর তথ্য হালনাগাদ হয়েছে","two":"{{numFriends}} জন বন্ধুর তথ্য হালনাগাদ হয়েছে","few":"{{numFriends}} জন বন্ধুর তথ্য হালনাগাদ হয়েছে","many":"{{numFriends}} জন বন্ধুর তথ্য হালনাগাদ হয়েছে","other":"{{numFriends}} জন বন্ধুর তথ্য হালনাগাদ হয়েছে"}},"friendsMerged":{"_index":["plural","numDups"],"_":{"zero":"কোন সদৃশ বন্ধুকে যুক্ত করা হয়নি","one":"একজন সদৃশ বন্ধকে যুক্ত করা হয়েছে","two":"{{numDups}}টি বন্ধু যুক্ত করা হয়েছে","few":"{{numDups}}টি বন্ধু যুক্ত করা হয়েছে","many":"{{numDups}}টি বন্ধু যুক্ত করা হয়েছে","other":"{{numDups}}টি বন্ধু যুক্ত করা হয়েছে"}},"notificationLogin":"আপনার ফেসবুক সেশনটি সঠিক নয়। অনুগ্রহ করে সাইন ইন করুন।","syncError":"আপনার বন্ধুর তথ্য সিঙ্ক্রোনাইজ করতে গিয়ে একটি বিভ্রাট ঘটেছে","callAirplaneModeMessage":"ফোন করতে সেটিং থেকে আপনাকে বিমান মুড বন্ধ করতে হবে।","callAirplaneModeBtnOk":"ঠিক আছে","callAirplaneModeTitle":"এরোপ্লেন মুড চালু করা হয়েছে","numberIsBusyTitle":"নম্বরটি ব্যস্ত আছে","numberIsBusyMessage":"এই নম্বরটি বর্তমানে ব্যস্ত আছে। অনুগ্রহ করে পরে আবার চেষ্টা করুন।","fdnIsActiveTitle":"FDN সক্রিয়","fdnIsActiveMessage":"FDN (ফিক্সড্‌ ডায়ালিং নাম্বার) সক্রিয় এবং নিচের এই নাম্বার আপনার FDN লিস্টে নাই: {{ number }}","voiceMail":"ভয়েসমেইল","emergencyNumber":"জরুরী নম্বর","emergencyDialogBodyBadNumber":"ফোন করার জন্য, আপনার ফোনকে অবশ্যই নেটওয়ার্কে সংযুক্ত হতে হবে।","emergencyDialogBodyDeviceNotAccepted":"নেটওয়ার্কে জরুরী কল অনুমোদিত নয়।","emergencyDialogBtnOk":"ঠিক আছে","emergencyDialogTitle":"নেটওয়ার্ক সংযোগ নেই","invalidNumberToDialTitle":"অকার্যকর ফোন নাম্বার","invalidNumberToDialMessage":"আপনি যে ফোন নাম্বারে কল করেছেন তা সঠিক নয়।","unableToCallTitle":"বর্তমানে ফোনকল করতে ব্যর্থ","unableToCallMessage":"কলটি করা যাচ্ছে না। যদি আপনি ইতোমধ্যে ডায়াল করে থাকেন তাহলে প্রথমে তা কেটে নিন।","otherConnectionInUseTitle":"অন্য সংযোগ ব্যবহৃত হচ্ছে","otherConnectionInUseMessage":"অন্য সংযোগে আপনার একটি সক্রিয় কল রয়েছে। আপনি একবারে শুধু একটি সংযোগ ব্যবহার করতে পারবেন।","add":"যোগ","call":"কল করুন","edit":"সম্পাদনা","cancel":"বাতিল","done":"সম্পন্ন","ok":"ঠিক আছে","retry":"পুনরায় চেষ্টা","contacts":"পরিচিতি","addContact":"পরিচিতি যোগ করুন","deleteContact":"পরিচিতি অপসারণ","selectContact":"পরিচিতি নির্বাচন করুন","editContact":"সম্পাদনা","deleteConfirmMsg":"পরিচিতি অপসারণ করবেন?","remove":"অপসারণ","delete":"অপসারণ","comments":"মন্তব্য","no_contact_phones":"এই পরিচিতির কোনো ফোন নম্বর নেই","no_contact_email":"এই পরিচিতির কোনো ইমেইল ঠিকানা নেই","no_contact_data":"এই পরিচিতির কোনো ফোন নাম্বার ও ইমেইল ঠিকানা নেই","removePhotoConfirm":"পরিচিতির ছবি অপসারণ করবেন?","loadingContacts":"পরিচিতিদের তথ্য লোড করা হচ্ছে…","noContactsActivity":"আপনার পরিচিতি তালিকা শূন্য থাকায় তা পরিচিতিতে যোগ করা যাচ্ছে না","noName":"নামহীন","givenName":{"placeholder":"নামের প্রথমাংশ"},"familyName":{"placeholder":"নামের শেষাংশ"},"tel":{"placeholder":"ফোন"},"carrier":{"_":"অপারেটর","placeholder":"অপারেটর"},"separator":",","email":{"_":"ইমেইল","placeholder":"ইমেইল"},"streetAddress":{"placeholder":"রাস্তা"},"postalCode":{"placeholder":"পোস্টকোড"},"locality":{"placeholder":"শহর"},"countryName":{"placeholder":"দেশ"},"comment":{"placeholder":"মন্তব্য"},"org":{"placeholder":"কোম্পানি"},"date":{"_":"তারিখ","placeholder":"তারিখ"},"date-span-placeholder":"তারিখ","birthday":"জন্মদিন","dateFormat":"%B %e","dateOutput":"{{dayMonthFormatted}} {{year}}","anniversary":"বার্ষিকী","addPhoto":"ছবি যোগ","addPhone":"ফোন নম্বর যোগ","addEmail":"ইমেইল যোগ","addAddress":"ঠিকানা যোগ","addDate":"তারিখ যোগ","addComment":"মন্তব্য যোগ","addFavorite":"প্রিয় তালিকায় যোগ করুন","removeFavorite":"প্রিয় তালিকা হতে অপসারণ করুন","exit":"প্রস্থান করুন","expand":"প্রসারণ","labelName":"নামের প্রথমাংশ:","labelLastName":"নামের শেষাংশ:","labelPhoneNumber":"ফোন নম্বর:","labelCarrier":"ক্যারিয়ার:","labelEmail":"ইমেইল:","labelStreet":"সড়ক:","labelZip":"পোস্ট কোড:","labelCity":"শহর:","labelCountry":"দেশ:","labelComment":"মন্তব্য:","legendTitleMain":"প্রধান তথ্য","legendPhones":"ফোন নম্বর","legendEmail":"ইমেল ঠিকানা","legendAddress":"ঠিকানা","legendPhoto":{"ariaLabel":"ছবি"},"settings":"সেটিং","transferContactsTitle":"পরিচিতি স্থানান্তর","importContactsTitle":"পরিচিতি ইম্পোর্ট","importContactsButton":"পরিচিতি ইম্পোর্ট","exportContactsTitle":"পরিচিতি এক্সপোর্ট","exportContactsButton":"পরিচিতি এক্সপোর্ট","exportContactsAction":"এক্সপোর্ট","simExport-title":"সিম কার্ডে এক্সপোর্ট","sdExport-title":"এসডি কার্ডে এক্সপোর্ট","btExport-title":"ব্লুটুথের মাধ্যমে এক্সপোর্ট","sdUMSEnabled":"ইউএসবি স্টোরেজ সক্রিয় থাকায় এসডি কার্ড ব্যবহার করা যাচ্ছে না","exportErrorTitle":"এক্সপোর্ট সংক্রান্ত ত্রুটি","contactsExported2":{"_index":["plural","exported"],"_":{"zero":"কোন পরিচিতি এক্সপোর্ট করা হয়নি","one":"{{exported}}/{{total}} পরিচিতি এক্সপোর্ট করা হয়েছে","two":"{{exported}}/{{total}} পরিচিতি এক্সপোর্ট করা হয়েছে","few":"{{exported}}/{{total}} পরিচিতি এক্সপোর্ট করা হয়েছে","many":"{{exported}}/{{total}} পরিচিতি এক্সপোর্ট করা হয়েছে","other":"{{exported}}/{{total}} পরিচিতি এক্সপোর্ট করা হয়েছে"}},"exportError-general":"এক্সপোর্ট করার সময় কিছু সমস্যা হয়েছে","exportError-SD-shared":"শেয়ার্ড থাকা অবস্থায় মেমরি কার্ডে প্রবেশ করা যাবেনা","exportError-SD-unavailable":"মেমোরি কার্ড নেই","exportError-SD-noSpace":"পরিচিতি তালিকা এক্সপোর্ট করার জন্য মেমরি কার্ডে যথেষ্ট পরিমাণ জায়গা নেই","exportError-SIM-unavailable":"সিম কার্ড নেই","exportError-BT-shared":"শেয়ার্ড থাকা অবস্থায় মেমরি কার্ডে প্রবেশ করা যাবেনা","exportError-BT-unavailable":"মেমোরি কার্ড পাওয়া যায়নি","exportError-BT-noSpace":"পরিচিতি এক্সপোর্ট করার জন্য মেমরি কার্ডে যথেষ্ট জায়গা নেই","social-network":"সামাজিক নেটওয়ার্ক","social-link":"পরিচিতি লিঙ্ক করুন","social-unlink":"পরিচিতি লিঙ্কমুক্ত করুন","social-unlink-confirm-title":"আপনি কি আপনার বন্ধুকে লিঙ্কমুক্ত করতে চান?","social-unlink-confirm-accept":"লিঙ্কমুক্ত করুন","facebook-import":"ফেসবুকের বন্ধুদের তথ্য ফোনে নিয়ে আসুন","show-fb-profile":"ফেসবুক প্রোফাইল দেখুন","msg-send":"বার্তা","wall-post":"ওয়াল পোস্ট","facebook-export-forbidden":"ফেসবুকের বাধ্যবাধকতা থাকার কারনে পরিচিতি শেয়ার করা যাবেনা।","otherAccount":"অন্য অ্যাকাউন্ট","facebookSwitchMsg":"বন্ধু সিঙ্ক করুন","select_mobile":"মোবাইল নির্বাচন করুন","select_email":"ইমেইল নির্বাচন করুন","select_recipient":"প্রাপক নির্বাচন","contactsOrderBy":"নামের শেষের অংশ অনুযায়ী সাজান","importSim2":"সিম কার্ড","importGmail":"জিমেইল","bluetooth":"ব্লুটুথ","importOutlook":"আউটলুক","fbUpdateFriends":"মোবাইলে যুক্ত বন্ধুদের হালনাগাদ করা হয়েছে","cleaningFbData":"ফেসবুক ডাটা অপসারিত হচ্ছে","loggingOutFb":"ফেসবুক থেকে প্রস্থান","cleanFbConfirmMsg":"ফেসবুকের সব ডাটা অপসারিত হবে?","renewPwdMsg":"আপনার ফেসবুকে পাসওয়ার্ড পরিবর্তন করা হয়েছে। অনুগ্রহ করে, হালনাগাদ করুন।","notEnabledYet":"এখনও সক্রিয় নয়","genericNoConnection":"পরিচিতি ইমপোর্ট করতে ওয়াই-ফাই অথবা ডাটা নেটওয়ার্কে সংযুক্ত হোন","simCard":"সিম কার্ড","memoryCard":"মেমোরি কার্ড","simNumber":"সিম {{number}}","setICEButton":"Set ICE Contacts","ICESettingTitle":"ICE Contacts","ICEDescription":"Add two contacts for making “In Case of Emergency” calls.","ICEContact1":"ICE Contact 1","ICESelectContact":"Select a contact","ICEContact2":"ICE Contact 2","create-new":"নতুন পরিচিতি তৈরি করুন","import-now":"সিম কার্ড অথবা ফেসবুক থেকে আপনার পরিচিতি ইম্পোর্ট করুন","no-contacts":"কোনো পরিচিতি নেই","start-adding":"এখনই এদের যুক্ত করা শুরু করুন","notImported":"ইম্পোর্ট করা হয়নি","imported":"ইম্পোর্ট করা হয়েছে","today":"আজ","yesterday":"গতকাল","organise-contacts":"পরিচিতি সাজান","find-merge-contacts":"অনুরূপ পরিচিতির অনুসন্ধান","preparing-contacts":"পরিচিতি প্রস্তুত হচ্ছে","exportError-SIM-NoFreeRecordFound":"সিম কার্ড পূর্ণ","exportError-SIM-CannotAccessPhoneBook":"সিম কার্ডের ফোনবুক মেমোরিতে ঢোকা যাচ্ছে না","exportError-SIM-Unavailable":"কোনো সিম কার্ড নেই","exportError-SIM-GenericError":"পরিচিতি এক্সপোর্ট করার সময় একটি ত্রুটি হয়েছে","noSimMsgExport":"পরিচিতি এক্সপোর্ট করতে সিম কার্ড প্রবেশ বা আনলক করুন","noMemoryCardMsgExport":"পরিচিতি এক্সপোর্ট করতে মেমরি কার্ড প্রবেশ করুন","ContactManagementTitle":"পরিচিতি ব্যবস্থাপনা","DeleteTitle":"অপসারণ","bulkDeleteButton":"পরিচিতি অপসারণ","BulkDelCancel":"পরিচিতি অপসারণ বাতিল হয়েছে","DeletedTxt":{"_index":["plural","n"],"_":{"zero":"অপসারণের জন্য কোনো পরিচিতি নেই","one":"১টি পরিচিতি অপসারিত","two":"{{n}}টি পরিচিতি অপসারিত হয়েছে","few":"{{n}}টি পরিচিতি অপসারিত হয়েছে","many":"{{n}}টি পরিচিতি অপসারিত হয়েছে","other":"{{n}}টি পরিচিতি অপসারিত হয়েছে"}},"DeletingContacts":"পরিচিতি অপসারণ","ContactConfirmDel":{"_index":["plural","n"],"_":{"zero":"অপসারণের জন্য কোন পরিচিতি নেই","one":"১ টি পরিচিতি অপসারণ করবেন? এটি আর ফেরত পাওয়া যাবে না।","two":"{{n}}টি পরিচিতি অপসারণ করবেন? এগুলো আর ফেরত পাওয়া যাবে না।","few":"{{n}}টি পরিচিতি অপসারণ করবেন? এগুলো আর ফেরত পাওয়া যাবে না।","many":"{{n}}টি পরিচিতি অপসারণ করবেন? এগুলো আর ফেরত পাওয়া যাবে না।","other":"{{n}}টি পরিচিতি অপসারণ করবেন? এগুলো আর ফেরত পাওয়া যাবে না।"}},"SelectedTxt":{"_index":["plural","n"],"_":{"zero":"পরিচিতি","one":"{{n}}টি নির্বাচিত","two":"{{n}}টি নির্বাচিত","few":"{{n}}টি নির্বাচিত","many":"{{n}}টি নির্বাচিত","other":"{{n}}টি নির্বাচিত"}},"video":"ভিডিও","audio":"অডিও","pick_destination":"{{ destination }} {{ carrier }}","removeField":{"ariaLabel":"অপসারণ"},"undo":{"ariaLabel":"পূর্বাবস্থা"},"back":"পিছনে","noSimMsg":"পরিচিতিগুলি ইমপোর্ট করতে সিম কার্ড প্রবেশ করান অথবা আনলক করুন","noMemoryCardMsg":"পরিচিতিগুলি ইমপোর্ট করতে মেমরি কার্ড প্রবেশ করান","importMemoryCard":"মেমরি কার্ড","noConnection11":"ফেইসবুক বন্ধু অথবা পরিচিতিগুলি ইমপোর্ট করতে ওয়াই-ফাই বা ডাটা নেটওয়ার্কে যুক্ত করুন","simContacts-import":"পরিচিতিগুলি সিম কার্ডে নিয়ে আসুন","simContacts-importing":"পরিচিতিগুলি সিমে নিয়ে আসা হচ্ছে...","simContacts-reading":"সিম কার্ড থেকে পড়া হচ্ছে...","simContacts-error":"সিম কার্ড থেকে পরিচিতিগুলি আনা যায় নি","simContacts-imported3":{"_index":["plural","n"],"_":{"zero":"SIM থেকে নিয়ে আসার মত কোন পরিচিতি পাওয়া যায়নি","one":"একটি পরিচিতি আনা হয়েছে","two":"{{n}}টি পরিচিতি আনা হয়েছে","few":"{{n}}টি পরিচিতি আনা হয়েছে","many":"{{n}}টি পরিচিতি আনা হয়েছে","other":"{{n}}টি পরিচিতি আনা হয়েছে"}},"memoryCardContacts-import":"মেমরি কার্ড থেকে পরিচিতি নিয়ে আসুন","memoryCardContacts-importing":"পরিচিতি মেমরি কার্ড থেকে নিয়ে আসা হচ্ছে...","memoryCardContacts-reading":"মেমরি কার্ড থেকে পড়া হচ্ছে...","memoryCardContacts-error":"মেমরি কার্ড থেকে পরিচিতিগুলি আনা যায় নি","memoryCardContacts-imported3":{"_index":["plural","n"],"_":{"zero":"মেমোরি কার্ড থেকে নিয়ে আসার মত কোন পরিচিতি পাওয়া যায় নি","one":"একটি পরিচিত আনা হয়েছে","two":"{{n}}টি পরিচিত আনা হয়েছে","few":"{{n}}টি পরিচিতি আনা হয়েছে","many":"{{n}}টি পরিচিত আনা হয়েছে","other":"{{n}}টি পরিচিত আনা হয়েছে"}},"genericProgress":"{{current}}/{{total}}","facebook-import-msg":{"_index":["plural","imported"],"_":{"zero":"({{total}}এর মধ্যে) কোন বন্ধু আনা হয়নি","one":"({{total}}এর মধ্যে) একটি বন্ধু আনা হয়েছে","two":"{{imported}}/{{total}} বন্ধুর পরিচয় আনা হয়েছে","few":"{{imported}}/{{total}} বন্ধুর পরিচয় আনা হয়েছে","many":"{{imported}}/{{total}} বন্ধুর পরিচয় আনা হয়েছে","other":"{{imported}}/{{total}} বন্ধুর পরিচয় আনা হয়েছে"}},"contactsMerged":{"_index":["plural","numDups"],"_":{"zero":"সদৃশ পরিচিতি সংযুক্ত করা হয়নি","one":"একটি সদৃশ পরিচিতি যুক্ত করা হয়েছে","two":"{{numDups}}টি পরিচিতি যুক্ত করা হয়েছে","few":"{{numDups}}টি পরিচিতি যুক্ত করা হয়েছে","many":"{{numDups}}টি পরিচিতি যুক্ত করা হয়েছে","other":"{{numDups}}টি পরিচিতি যুক্ত করা হয়েছে"}},"weekday-0-long":"রবিবার","weekday-1-long":"সোমবার","weekday-2-long":"মঙ্গলবার","weekday-3-long":"বুধবার","weekday-4-long":"বৃহস্পতিবার","weekday-5-long":"শুক্রবার","weekday-6-long":"শনিবার","weekday-0-short":"রবি","weekday-1-short":"সোম","weekday-2-short":"মঙ্গল","weekday-3-short":"বুধ","weekday-4-short":"বৃহঃ","weekday-5-short":"শুক্র","weekday-6-short":"শনি","month-0-long":"জানুয়ারি","month-1-long":"ফেব্রুয়ারি","month-2-long":"মার্চ","month-3-long":"এপ্রিল","month-4-long":"মে","month-5-long":"জুন","month-6-long":"জুলাই","month-7-long":"আগস্ট","month-8-long":"সেপ্টেম্বর","month-9-long":"অক্টোবর","month-10-long":"নভেম্বর","month-11-long":"ডিসেম্বর","month-0-genitive":"জানুয়ারি","month-1-genitive":"ফেব্রুয়ারি","month-2-genitive":"মার্চ","month-3-genitive":"এপ্রিল","month-4-genitive":"মে","month-5-genitive":"জুন","month-6-genitive":"জুলাই","month-7-genitive":"আগস্ট","month-8-genitive":"সেপ্টেম্বর","month-9-genitive":"অক্টোবর","month-10-genitive":"নভেম্বর","month-11-genitive":"ডিসেম্বর","month-0-short":"জানু","month-1-short":"ফেব্রু","month-2-short":"মার্চ","month-3-short":"এপ্রিল","month-4-short":"মে","month-5-short":"জুন","month-6-short":"জুলাই","month-7-short":"আগস্ট","month-8-short":"সেপ্ট","month-9-short":"অক্টো","month-10-short":"নভে","month-11-short":"ডিসে","minutes-ago-long":{"_index":["plural","value"],"_":{"zero":"এইমাত্র","one":"১ মিনিট পূর্বে","two":"{{value}} মিনিট পূর্বে","few":"{{value}} মিনিট পূর্বে","many":"{{value}} মিনিট পূর্বে","other":"{{value}} মিনিট পূর্বে"}},"hours-ago-long":{"_index":["plural","value"],"_":{"zero":"এইমাত্র","one":"১ ঘন্টা পূর্বে","two":"{{value}} ঘন্টা পূর্বে","few":"{{value}} ঘন্টা পূর্বে","many":"{{value}} ঘন্টা পূর্বে","other":"{{value}} ঘন্টা পূর্বে"}},"days-ago-long":{"_index":["plural","value"],"_":{"zero":"আজ","one":"গতকাল","two":"{{value}} দিন পূর্বে","few":"{{value}} দিন পূর্বে","many":"{{value}} দিন পূর্বে","other":"{{value}} দিন পূর্বে"}},"weeks-ago-long":{"_index":["plural","value"],"_":{"zero":"এই সপ্তাহে","one":"গত সপ্তাহ","two":"{{value}} সপ্তাহ পূর্বে","few":"{{value}} সপ্তাহ পূর্বে","many":"{{value}} সপ্তাহ পূর্বে","other":"{{value}} সপ্তাহ পূর্বে"}},"months-ago-long":{"_index":["plural","value"],"_":{"zero":"চলতি মাস","one":"গত মাস","two":"{{value}} মাস পূর্বে","few":"{{value}} মাস পূর্বে","many":"{{value}} মাস পূর্বে","other":"{{value}} মাস পূর্বে"}},"years-ago-long":{"_index":["plural","value"],"_":{"zero":"এই বছর","one":"গত বছর","two":"{{value}} বছর আগে","few":"{{value}} বছর পূর্বে","many":"{{value}} বছর পূর্বে","other":"{{value}} বছর পূর্বে"}},"minutes-until-long":{"_index":["plural","value"],"_":{"zero":"এখন","one":"এক মিনিটের মধ্যে","two":"{{value}} মিনিটের মধ্যে","few":"{{value}} মিনিটের মধ্যে","many":"{{value}} মিনিটের মধ্যে","other":"{{value}} মিনিটের মধ্যে"}},"hours-until-long":{"_index":["plural","value"],"_":{"zero":"এখন","one":"এক ঘন্টার মধ্যে","two":"{{value}} ঘন্টার মধ্যে","few":"{{value}} ঘন্টার মধ্যে","many":"{{value}} ঘন্টার মধ্যে","other":"{{value}} ঘন্টার মধ্যে"}},"days-until-long":{"_index":["plural","value"],"_":{"zero":"আজ","one":"আগামীকাল","two":"{{value}} দিনের মধ্যে","few":"{{value}} দিনের মধ্যে","many":"{{value}} দিনের মধ্যে","other":"{{value}} দিনের মধ্যে"}},"weeks-until-long":{"_index":["plural","value"],"_":{"zero":"এই সপ্তাহ","one":"পরবর্তী সপ্তাহ","two":"{{value}} সপ্তাহের মধ্যে","few":"{{value}} সপ্তাহের মধ্যে","many":"{{value}} সপ্তাহের মধ্যে","other":"{{value}} সপ্তাহের মধ্যে"}},"months-until-long":{"_index":["plural","value"],"_":{"zero":"এই মাস","one":"পরবর্তী মাস","two":"{{value}} মাসের মধ্যে","few":"{{value}} মাসের মধ্যে","many":"{{value}} মাসের মধ্যে","other":"{{value}} মাসের মধ্যে"}},"years-until-long":{"_index":["plural","value"],"_":{"zero":"এই বছর","one":"আগামী বছর","two":"{{value}} বছরের মধ্যে","few":"{{value}} বছরের মধ্যে","many":"{{value}} বছরের মধ্যে","other":"{{value}} বছরের মধ্যে"}},"minutes-ago-short":{"_index":["plural","value"],"_":{"zero":"এইমাত্র","other":"{{value}}মি. পূর্বে"}},"hours-ago-short":{"_index":["plural","value"],"_":{"zero":"এইমাত্র","other":"{{value}}ঘন্টা পূর্বে"}},"days-ago-short":{"_index":["plural","value"],"_":{"zero":"আজ","other":"{{value}}দিন পূর্বে"}},"minutes-until-short":{"_index":["plural","value"],"_":{"zero":"এখন","other":"{{value}} মিনিটের মধ্যে"}},"hours-until-short":{"_index":["plural","value"],"_":{"zero":"এখন","other":"{{value}}ঘন্টার মধ্যে"}},"days-until-short":{"_index":["plural","value"],"_":{"zero":"আজ","other":"{{value}}দিনের মধ্যে"}},"incorrectDate":"(ভুল তারিখ)","dateTimeFormat_%c":"%a %b %e %Y %I:%M:%S %p","dateTimeFormat_%x":"%m/%d/%Y","dateTimeFormat_%X":"%I:%M:%S %p","shortTimeFormat":"%I:%M %p","shortDateTimeFormat":"%x %I:%M %p","weekStartsOnMonday":"0","time_am":"AM","time_pm":"PM","sim-picker-dial-via-with-number":"{{ phoneNumber }} ফোন কর","sim-picker-select-sim":"SIM নির্বাচন করুন","sim-picker-button":"SIM{{ n }}","sim-picker-button-default":"(পূর্বনির্ধারিত)","label":"লেবেল","mobile":"মোবাইল","home":"বাড়ি","work":"কর্মস্থল","personal":"ব্যক্তিগত","faxHome":"বাড়ির ফ্যাক্স","faxOffice":"অফিসের ফ্যাক্স","faxOther":"অন্যান্য ফ্যাক্স","another":"আরেকটা","other":"অন্যান্য","customTag":{"placeholder":"স্বনির্ধারিত ট্যাগ"},"current":"বর্তমান","itemWithLabel":"{{label}}, {{item}}","waitDuplicateContacts":"অনুরূপ পরিচিতি অনুসন্ধান করা হচ্ছে","waitMergingDuplicateContacts":"অনুরূপ পরিচিতিগুলো একত্রিত করা হচ্ছে","alertNoDuplicateContacts":"একইরকম একাধিক পরিচিতি পাওয়া যায়নি","merge":"মিলিত করুন","mergeDuplicateTitle":"নকল একত্রিত কর","suggestedDuplicateContacts":"{{name}} এর জন্য প্রস্তাবিত একইরকম পরিচিতি","mergeActionButtonLabel":{"_index":["plural","n"],"_":{"zero":"কোনো পরিচিতি নির্বাচন করা হয়নি","one":"{{n}} পরিচিতির সাথে একত্রিত করুন","two":"{{n}}টি পরিচিতির সাথে মিলিত করুন","few":"{{n}}টি পরিচিতির সাথে মিলিত করুন","many":"{{n}}টি পরিচিতির সাথে মিলিত করুন","other":"{{n}}টি পরিচিতির সাথে মিলিত করুন"}},"duplicatesFoundTitle":"অনুরূপ পাওয়া গেছে","duplicatesFoundMessage":"পরের পরিচিতি গুলোতে {{name}} অনুরূপ তথ্য আছে","addNewNumber":"নতুন নম্বর যোগ করুন","addToExistingContact":"পুরনো পরিচিতিতে যোগ করুন","all":{"_":"সকল","ariaLabel":"সকল"},"callLog":"কল তালিকা","callLogEdit":{"title":"কল লগ সম্পাদনা করুন"},"callLogEditDialog":{"ariaLabel":"কল লগ সংলাপ সম্পাদনা করুন"},"connecting":"সংযুক্ত করা হচ্ছে","cf-async":"এসিঙ্ক্রনাস: {{ async }}\\n","cf-data":"ডাটা: {{ data }}\\n","cf-error":"কল ফরওয়ার্ডিং স্টাটাস বের করতে ত্রুটি দেখা দিয়েছে","cf-fax":"ফ্যাক্স: {{ fax }}\\n","cf-inactive":"নিষ্ক্রিয়","cf-packet":"প্যাকেট: {{ packet }}\\n","cf-pad":"প্যাড: {{ pad }}\\n","cf-sms":"ক্ষুদে বার্তা: {{ sms }}\\n","cf-status":"কল ফরওয়ার্ডিং অবস্থা\\n","cf-sync":"সিঙ্ক: {{ sync }}\\n","cf-voice":"কন্ঠ: {{ voice }}\\n","confirm-deletion":"নির্বাচিত কল অপসারণ করবেন?","createNewContact":"নতুন পরিচিতি তৈরি করুন","dialerAddContact":{"ariaLabel":"পরিচিত যোগ করুন"},"dialerAddContactDialog":{"ariaLabel":"পরিচিতি সংলাপ যোগ করুন"},"edit-selected":{"_index":["plural","n"],"_":{"one":"{{ n }} সংখ্যক নির্বাচিত","two":"{{ n }} সংখ্যক নির্বাচিত","few":"{{ n }} সংখ্যক নির্বাচিত","many":"{{ n }} সংখ্যক নির্বাচিত","other":"{{ n }} সংখ্যক নির্বাচিত"}},"hideKeypad":{"ariaLabel":"কীপ্যাড লুকান"},"ignore":"কল উপেক্ষা করুন","incoming":"আগত","keypad":{"ariaLabel":"কীপ্যাড"},"makeCall":{"ariaLabel":"কল করুন"},"missed":{"_":"জবাববিহীন","ariaLabel":"জবাববিহীন"},"missedCall":"মিসড কল","missedCallMultiSims":"(SIM {{ n }}) জবাববিহীন কল","mmi-error":"বার্তা প্রেরণে ত্রুটি দেখা দিয়েছে","mmi-session-expired":"সেশন বাতিল হয়ে গিয়েছে","mmi-successfully-sent":"সফল ভাবে বার্তা প্রেরণ করা হয়েছে","mmi-notification-title-with-sim":"({{sim}}) {{title}}","mute":{"ariaLabel":"নিঃশব্দ করুন"},"newCall":{"ariaLabel":"নতুন কল"},"no-logs-msg-1":"কোন কল সংরক্ষণ করা হয় নাই","no-logs-msg-2":"এখনই যোগাযোগ শুরু করুন","no-logs-msg-3":"কোনো মিসড কল নেই","recents":{"ariaLabel":"সাম্প্রতিক কল"},"reply":"জবাব","send":"প্রেরণ","switch-calls":"কল পরিবর্তন","withheld-number":"উপেক্ষিত নম্বর","from-contact":"{{ contact }} হতে","from-number":"{{ number }} হতে","from-withheld-number":"উপেক্ষিত নম্বর থেকে","sending":"প্রেরিত হচ্ছে…","speakerOption":{"ariaLabel":"স্পিকার"},"ussd-services":"{{ operator }} সেবা","toggleKeypad":{"ariaLabel":"টোগল কীপ্যাড"},"type-your-response":{"placeholder":"আপনার উত্তর লিখুন…"},"clear-all-text":"সব লেখা পরিষ্কার কর","hide":"গোপন","hold":{"ariaLabel":"স্থগিত রাখুন"},"resume":{"_":"পুনরায় শুরু","ariaLabel":"পুনরায় শুরু"},"sendSms":"বার্তা প্রেরণ","callEnded":"কল সমাপ্ত","via-sim":"SIM{{ n }} দিয়ে","sim-number":"SIM{{ n }}","hangup-a11y-button":{"ariaLabel":"হ্যাং-আপ"},"pickup-a11y-button":{"ariaLabel":"ধরুন"},"unlock-a11y-button":{"ariaLabel":"স্লাইডার"},"roaming":"{{operator}} (রোমিং)","delete-n-log?":{"_index":["plural","n"],"_":{"zero":"কিছুই নির্বাচন করা হয়নি","one":"নির্বাচিত লগ অপসারণ করবেন?","two":"{{ n }} লগ অপসারণ করবেন?","few":"{{ n }} লগ অপসারণ করবেন?","many":"{{ n }} লগ অপসারণ করবেন?","other":"{{ n }} লগ অপসারণ করবেন?"}},"callDurationMinutes":"{{ m }}:{{ s }}","callDurationHours":"{{ h }}:{{ m }}:{{ s}}","suggestionMatches":{"_index":["plural","n"],"_":{"one":"\"{{ matchNumber }}\" জন্য {{ n }} টি মিলেছে","two":"\"{{ matchNumber }}\" জন্য {{ n }} টি মিলেছে","few":"\"{{ matchNumber }}\" জন্য {{ n }} টি মিলেছে","many":"\"{{ matchNumber }}\" জন্য {{ n }} টি মিলেছে","other":"\"{{ matchNumber }}\" জন্য {{ n }} টি মিলেছে"}},"scCallBarring":"কল বেয়ারিং","scCallForwarding":"কল ফরওয়ার্ডিং","scClip":"ইনকামিং কলার আইডি","scClir":"আউটগোয়িং কলার আইডি","scPwd":"পাসওয়ার্ড পরিবর্তন করুন","scCallWaiting":"কল ওয়েটিং","scPin":"পিন পরিবর্তন","scPin2":"পিন২ পরিবর্তন","scPuk":"পিন আনব্লক করুন","scPuk2":"পিন২ আনব্লক করুন","scImei":"IMEI","scUssd":"USSD","serviceClassVoice":"ভয়েস","serviceClassData":"ডাটা","serviceClassFax":"ফ্যাক্স","serviceClassSms":"ক্ষুদে বার্তা","serviceClassDataSync":"সিনক্রোনাইজ","serviceClassDataAsync":"অ্যাসিনক্রোনাইজ","serviceClassPacket":"প্যাকেট","serviceClassPad":"প্যাড","smServiceEnabled":"সার্ভিস সক্রিয় ছিল","smServiceDisabled":"সার্ভিস নিষ্ক্রিয় করা হয়েছে","smServiceRegistered":"রেজিস্ট্রেশন সফল হয়েছে","smServiceErased":"অপসারণ সফল হয়েছে","smServiceInterrogated":"অনুরোধ সফল হয়েছে","smServiceNotProvisioned":"সার্ভিস আরোপিত হয়নি","smClirPermanent":"আপনি কলার আইডি সেটিং পরিবর্তন করতে পারবেন না","smClirDefaultOnNextCallOn":"কলার আইডি পূর্বনির্ধারিতভাবে সংরক্ষিত করা আছে। পরবর্তী কল: সংরক্ষিত","smClirDefaultOnNextCallOff":"কলার আইডি পূর্বনির্ধারিতভাবে সংরক্ষিত। পরবর্তী কল: সংরক্ষিত নয়","smClirDefaultOffNextCallOn":"কলার আইডি পূর্বনির্ধারিতভাবে সংরক্ষিত করা নেই। পরবর্তী কল: সংরক্ষিত","smClirDefaultOffNextCallOff":"কলার আইডি পূর্বনির্ধারিতভাবে সংরক্ষিত নেই। পরবর্তী কল: সংরক্ষিত নয়","smServiceEnabledFor":"সার্ভিস সক্রিয় ছিল:","smPinChanged":"পিন সফলভাবে পরিবর্তিত","smPinUnblocked":"পিন সফলভাবে আনব্লক করা হয়েছে","smPin2Changed":"পিন২ সফলভাবে পরিবর্তিত হয়েছে","smPin2Unblocked":"পিন২ সফলভাবে আনব্লক করা হয়েছে","ServiceIsEnabled":"Service is enabled","ServiceIsDisabled":"Service is disabled","ServiceIsEnabledFor":"Service is enabled for:","emMmiError":"সংযোগে সমস্যা অথবা MMI কোড অকার্যকর","emMmiErrorPasswordIncorrect":"ভুল পাসওয়ার্ড","emMmiErrorNotSupported":"অকার্যকর বা অসমর্থিত MMI কোড","emMmiErrorInvalidAction":"অকার্যকর পদক্ষেপ","emMmiErrorInvalidScCode":"অকার্যকর সার্ভিস কোড","emMmiErrorBadPuk":"আপনি যে PUK টাইপ করেছেন তা সঠিক নয়","emMmiErrorBadPin":"আপনার টাইপ করা পুরনো পিন সঠিক নয়।","emMmiErrorNeedPuk2":"সিম কার্ড আনব্লক করতে PUK2 টাইপ করুন","emMmiErrorMismatchPin":"আপনার টাইপ করা পিন মিলছে না","emMmiErrorInvalidPin":"৪ থেকে ৮ সংখ্যাবিশিষ্ট একটি পিন টাইপ করুন","emMmiErrorNeedsPuk":"আপনার সিম কার্ড PUK দ্বারা লক রয়েছে","emMmiErrorEnablePin":"ব্যর্থ। সিম/রিম লক সক্রিয় করুন","emMmiErrorMmiFdn":"কার্যক্রম কেবলমাত্র নির্দিষ্ট নম্বরে ডায়ালের জন্য সংরক্ষিত","emMmiErrorStkCcUssdDial":"USSD অনুরোধ পরিবর্তিত হয়ে DIAL অনুরোধ হয়েছে","emMmiErrorStkCcUssdSs":"USSD অনুরোধ SS অনুরোধে পরিবর্তিত হয়েছে","emMmiErrorStkCcUssdUssd":"USSD অনুরোধ পরিবর্তিত হয়ে নতুন USSD অনুরোধ হয়েছে","emMmiErrorStkCcSsDial":"SS অনুরোধ পরিবর্তিত হয়ে DIAL অনুরোধ হয়েছে","emMmiErrorStkCcSsUssd":"SS অনুরোধ USSD অনুরোধে পরিবর্তিত","emMmiErrorStkCcSsSs":"SS অনুরোধ পরিবর্তিত হয়ে নতুন SS অনুরোধ হয়েছে","emMmiErrorPinPukAttempts":{"_index":["plural","n"],"_":{"one":"মাত্র {{ n }} টি পুনঃচেষ্টা বাকি আছে","two":"{{ n }} টি পুনঃচেষ্টা বাকি আছে","few":"{{ n }} টি পুনঃচেষ্টা বাকি আছে","many":"{{ n }} টি পুনঃচেষ্টা বাকি আছে","other":"{{ n }} টি পুনঃচেষ্টা বাকি আছে"}},"emMmiErrorSimBlocked":"সর্বোচ্চবার পুনঃচেষ্টা করা হয়েছে। সিম ব্লক হয়ে গেছে","RadioNotAvailable":"রেডিও বিদ্যমান নয়","GenericFailure":"সাধারণ বিফলতা","PasswordIncorrect":"পাসওয়ার্ড সঠিক নয়","SimPin2":"সিমের পিন২","SimPuk2":"সিম PUK2","RequestNotSupported":"অনুরোধ সমর্থিত নয়","OpNotAllowedDuringVoiceCall":"ভয়েস কলের সময় কাজটি অনুমোদিত নয়","SmsSendFailRetry":"এসএমএস পাঠাতে ব্যর্থ পুনরায় চেষ্টা করুন","SimAbsent":"সিম অনুপস্থিত","SubscriptionNotAvailable":"সাবস্ক্রিপশন বিদ্যমান নেই","ModeNotSupported":"মোড সমর্থিত নয়","FdnCheckFailure":"Fdn পরীক্ষা ব্যর্থ","IllegalSimOrMe":"অবৈধ SIM অথবা ME","DialModifiedToUssd":"ডায়াল USSD তে পরিবর্তন করা হয়েছে","DialModifiedToSs":"ডায়াল SS এ পরিবর্তিত হয়েছে","DialModifiedToDial":"ডায়াল ডায়ালে পরিবর্তিত হয়েছে","UssdModifiedToDial":"USSD ডায়ালে পরিবর্তিত","UssdModifiedToSs":"USSD SS-এ পরিবর্তিত হয়েছে","UssdModifiedToUssd":"USSD USSD-তে পরিবর্তিত হয়েছে","SsModifiedToDial":"SS ডায়ালে পরিবর্তিত হয়েছে","SsModifiedToUssd":"SS USSD-তে পরিবর্তিত হয়েছে","SsModifiedToSs":"SS SS-এ পরিবর্তিত হয়েছে","SubscriptionNotSupported":"সাবস্ক্রিপশন সমর্থিত নয়","InvalidParameter":"অকার্যকর প্যারামিটার","RejectedByRemote":"রিমোট কতৃক প্রত্যাখাত","conferenceCall":"কনফারেন্স ({{n}})","caller-left-call":"{{ caller }} কল ছেড়ে দিয়েছেন।","conferenceAddError":"কলগুলি একত্রিত করা যাচ্ছে না","conferenceRemoveError":"কলগুলি আলাদা করা যাচ্ছে না","longDateFormat":"%A, %B %e","select-audio-sources":"অডিও উৎস নির্বাচন করুন","bluetooth-handsfree-device":"ব্লুটুথ হ্যান্ডসফ্রি ডিভাইস","receiver":"গ্রাহক","speaker":"স্পিকার","voicemailNoNumberTitle":"ভয়েসমেইল নম্বরটি পাওয়া যাচ্ছে না","voicemailNoNumberText":"ভয়েসমেইল এ কল করতে ব্যর্থ। কল স্থাপন করতে ভয়েসমেইল নম্বর সেট আপ করুন।","voicemailNoNumberSettings":"সেটিং","voicemailNoNumberCancel":"বাতিল","phoneNumberInput":{"ariaLabel":"ফোন নাম্বার"},"keypadDelete":{"ariaLabel":"অপসারণ"},"voiceMailKey":{"ariaLabel":"ভয়েসমেইল"},"asterisk":{"ariaLabel":"তারকা চিহ্ন"},"hashSign":{"ariaLabel":"হ্যাশ চিহ্ন"}}