{"close":"Tanca","import":"Importa","update":"Actualitza","fbFriends":"Amistats del Facebook","live-serviceName":"Outlook","gmail-serviceName":"Gmail","facebook-serviceName":"Amistats del Facebook","selectAll":"Marca-ho tot","deselectAll":"Desmarca-ho tot","viewAll":"Mostra totes les amistats del Facebook","viewRecommend":"Mostra només les recomanades","linkProposal":{"_index":["plural","numFriends"],"_":{"zero":"No hi ha amistats coincidents. Es mostren totes","one":"Tria la recomanada","two":"Tria'n una de les recomanades","few":"Tria'n una de les recomanades","many":"Tria'n una de les recomanades","other":"Tria'n una de les recomanades"}},"fbFriendsFound":{"_index":["plural","numFriends"],"_":{"zero":"S'han importat totes les vostres amistats","one":"S'ha trobat una amistat per importar","two":"S'han trobat {{numFriends}} amistats per importar","few":"S'han trobat {{numFriends}} amistats per importar","many":"S'han trobat {{numFriends}} amistats per importar","other":"S'han trobat {{numFriends}} amistats per importar"}},"fbNoFriends":"No contacts available to import","facebook":"Facebook","search-contact":{"placeholder":"Cerca"},"noResults":"No s'ha trobat cap contacte","done-search":"Fet","progressFB3ImportTitle":"S'estan important les amistats als contactes","progressFB":"{{current}}/{{total}}","progressFB3UpdateTitle":"S'estan actualitzant les amistats als contactes","message2":"Això pot trigar uns minuts","messageLinking":"Espereu. Estem enllaçant l'amistat amb el contacte.","messageCanceling":"Espereu, s'està cancel·lant l'operació en curs.","error1":"Error en {{from}}","error2":"Voleu tornar-ho a provar?","errorProposal":"calcular les propostes","errorFriends":"recuperar les amistats","errorLinking":"enllaçar el contacte","timeout1":"S'ha excedit el temps d'espera per {{from}}","timeout2":"Voleu tornar-ho a provar?","timeoutProposal":"calcular les propostes","timeoutFriends":"recuperar les amistats","timeoutLinking":"enllaçar els contactes","wait1":"Espereu","wait2":"Això pot trigar uns minuts","waitProposal":"Espereu. Estem calculant una proposta.","waitFriends":"Espereu. S'està obtenint la llista d'amistats.","curtainCancel":"Cancel·la","curtainRetry":"Reintenta","curtainOK":"D'acord","connectionLost":"No hi ha connexió a Internet","connectionLostMsg":"Les fotos de les amistats no s'afegiran als contactes. Voleu continuar igualment?","yesOption":"D'acord","noOption":"Cancel·la","friendsUpdated":{"_index":["plural","numFriends"],"_":{"zero":"No s'ha actualitzat cap amistat","one":"S'ha actualitzat una amistat","two":"S'han actualitzat {{numFriends}} amistats","few":"S'han actualitzat {{numFriends}} amistats","many":"S'han actualitzat {{numFriends}} amistats","other":"S'han actualitzat {{numFriends}} amistats"}},"friendsMerged":{"_index":["plural","numDups"],"_":{"zero":"No s'ha combinat cap amistat duplicada","one":"S'ha combinat una amistat duplicada","two":"S'han combinat {{numDups}} amistats","few":"S'han combinat {{numDups}} amistats","many":"S'han combinat {{numDups}} amistats","other":"S'han combinat {{numDups}} amistats"}},"notificationLogin":"La sessió del Facebook no és vàlida. Inicieu una sessió vàlida.","syncError":"S'ha produït un error en sincronitzar les dades de les vostres amistats","callAirplaneModeMessage":"Per fer una trucada cal que desactiveu el mode d'avió als paràmetres.","callAirplaneModeBtnOk":"D'acord","callAirplaneModeTitle":"Mode d'avió activat","numberIsBusyTitle":"Número ocupat","numberIsBusyMessage":"El número ara està ocupat. Proveu-ho més tard.","fdnIsActiveTitle":"Números prefixats activats","fdnIsActiveMessage":"El NAD (Nombres d'Accés Directe) està activat i el següent número no és a la vostra llista NAD: {{ number }}","voiceMail":"Bústia de veu","emergencyNumber":"Número d'emergència","emergencyDialogBodyBadNumber":"Per fer una trucada, cal que el telèfon estigui connectat a una xarxa.","emergencyDialogBodyDeviceNotAccepted":"La xarxa no permet fer trucades d'emergència.","emergencyDialogBtnOk":"D'acord","emergencyDialogTitle":"No hi ha connexió a la xarxa","invalidNumberToDialTitle":"Número de telèfon no vàlid","invalidNumberToDialMessage":"El número de telèfon al qual esteu trucant no és vàlid.","unableToCallTitle":"No es pot fer una trucada ara mateix","unableToCallMessage":"No es pot fer una trucada. Si ja esteu marcant, primer pengeu.","otherConnectionInUseTitle":"Connexió existent en ús","otherConnectionInUseMessage":"Teniu una trucada activa en una altra connexió. Podeu només utilitzar una connexió alhora.","add":"Afegeix","call":"Truca","edit":"Edita","cancel":"Cancel·la","done":"Fet","ok":"D'acord","retry":"Reintenta","contacts":"Contactes","addContact":"Afegeix contacte","deleteContact":"Elimina el contacte","selectContact":"Trieu un contacte","editContact":"Edita contacte","deleteConfirmMsg":"Voleu eliminar el contacte?","remove":"Elimina","delete":"Elimina","comments":"Comentaris","no_contact_phones":"Aquest contacte no té número de telèfon","no_contact_email":"Aquest contacte no té adreça electrònica","no_contact_data":"This contact does not have a phone number and email address","removePhotoConfirm":"Voleu eliminar la imatge del contacte?","loadingContacts":"S'estan carregant els contactes…","noContactsActivity":"No es pot afegir a cap contacte perquè la llista de contactes és buida","noName":"Sense nom","givenName":{"placeholder":"Nom"},"familyName":{"placeholder":"Cognoms"},"tel":{"placeholder":"Telèfon"},"carrier":{"_":"Operador","placeholder":"Operador"},"separator":",","email":{"_":"Correu","placeholder":"Correu"},"streetAddress":{"placeholder":"Adreça"},"postalCode":{"placeholder":"Codi postal"},"locality":{"placeholder":"Població"},"countryName":{"placeholder":"País"},"comment":{"placeholder":"Comentari"},"org":{"placeholder":"Empresa"},"date":{"_":"Data","placeholder":"Data"},"date-span-placeholder":"Data","birthday":"Aniversari","dateFormat":"%e %Eb","dateOutput":"{{dayMonthFormatted}} {{year}}","anniversary":"Commemoració","addPhoto":"Afegeix una imatge","addPhone":"Afegeix un telèfon","addEmail":"Afegeix un correu","addAddress":"Afegeix una adreça","addDate":"Afegeix una data","addComment":"Afegeix un comentari","addFavorite":"Afegeix com a favorit","removeFavorite":"Elimina dels favorits","exit":"Surt","expand":"Amplia","labelName":"Nom:","labelLastName":"Cognoms:","labelPhoneNumber":"Telèfon:","labelCarrier":"Operador:","labelEmail":"Correu:","labelStreet":"Adreça:","labelZip":"Codi postal:","labelCity":"Població:","labelCountry":"País:","labelComment":"Anotació:","legendTitleMain":"Informació principal","legendPhones":"Números de telèfon","legendEmail":"Adreça electrònica","legendAddress":"Adreça","legendPhoto":{"ariaLabel":"Photo"},"settings":"Paràmetres","transferContactsTitle":"Transfereix els contactes","importContactsTitle":"Importa els contactes","importContactsButton":"Importa els contactes","exportContactsTitle":"Exporta els contactes","exportContactsButton":"Exporta els contactes","exportContactsAction":"Exporta","simExport-title":"Exporta a la SIM","sdExport-title":"Exporta a la targeta SD","btExport-title":"Exporta per Bluetooth","sdUMSEnabled":"No es pot utilitzar la targeta SD perquè el mode de disc USB està activat","exportErrorTitle":"Error d'exportació","contactsExported2":{"_index":["plural","exported"],"_":{"zero":"No s'ha exportat cap contacte","one":"{{exported}}/{{total}} contactes exportats","two":"{{exported}}/{{total}} contactes exportats","few":"{{exported}}/{{total}} contactes exportats","many":"{{exported}}/{{total}} contactes exportats","other":"{{exported}}/{{total}} contactes exportats"}},"exportError-general":"S'ha produït un error durant l'exportació","exportError-SD-shared":"No es pot accedir a la targeta de memòria perquè està compartida","exportError-SD-unavailable":"La targeta de memòria no és disponible","exportError-SD-noSpace":"No hi ha prou espai a la targeta de memòria per exportar els contactes","exportError-SIM-unavailable":"La targeta SIM no és disponible","exportError-BT-shared":"No es pot accedir a la targeta de memòria perquè està compartida","exportError-BT-unavailable":"La targeta de memòria no és disponible","exportError-BT-noSpace":"No hi ha prou espai a la targeta de memòria per exportar els contactes","social-network":"Xarxes socials","social-link":"Enllaça el contacte","social-unlink":"Desenllaça el contacte","social-unlink-confirm-title":"Voleu desenllaçar la vostra amistat?","social-unlink-confirm-accept":"Desenllaça","facebook-import":"Importa amistats del Facebook","show-fb-profile":"Mostra el perfil del Facebook","msg-send":"Missatge","wall-post":"Publica al mur","facebook-export-forbidden":"No es pot compartir el contacte per restriccions del Facebook.","otherAccount":"Altres comptes","facebookSwitchMsg":"Sincronitza amistats","select_mobile":"Trieu el mòbil","select_email":"Trieu el correu","select_recipient":"Select recipient","contactsOrderBy":"Ordena per cognom","importSim2":"Targeta SIM","importGmail":"Gmail","bluetooth":"Bluetooth","importOutlook":"Outlook","fbUpdateFriends":"Actualitza les amistats importades","cleaningFbData":"S'estan eliminant les dades del Facebook","loggingOutFb":"S'està tancant la sessió del Facebook","cleanFbConfirmMsg":"Voleu eliminar totes les dades del Facebook?","renewPwdMsg":"La vostra contrasenya del Facebook ha canviat. Actualitzeu-la.","notEnabledYet":"Encara no s'ha activat","genericNoConnection":"Per importar contactes connecteu-vos per Wi-Fi o xarxa de dades","simCard":"Targeta SIM","memoryCard":"Targeta de memòria","simNumber":"SIM {{number}}","setICEButton":"Set ICE Contacts","ICESettingTitle":"ICE Contacts","ICEDescription":"Add two contacts for making “In Case of Emergency” calls.","ICEContact1":"ICE Contact 1","ICESelectContact":"Select a contact","ICEContact2":"ICE Contact 2","create-new":"Crea un contacte nou","import-now":"Importa els contactes de la targeta SIM o del Facebook","no-contacts":"No hi ha contactes","start-adding":"Comenceu a afegir-los ara","notImported":"No s'ha importat","imported":"Importat","today":"Avui","yesterday":"Ahir","organise-contacts":"Organitza els contactes","find-merge-contacts":"Cerca contactes duplicats","preparing-contacts":"S'estan preparant els contactes","exportError-SIM-NoFreeRecordFound":"La targeta SIM és plena","exportError-SIM-CannotAccessPhoneBook":"No es pot accedir a l'agenda de la targeta SIM","exportError-SIM-Unavailable":"No s'ha detectat cap SIM","exportError-SIM-GenericError":"S'ha produït un error en exportar un contacte","noSimMsgExport":"Inseriu o desbloqueu la targeta SIM per exportar els contactes","noMemoryCardMsgExport":"Per exportar contactes, inseriu una targeta de memòria","ContactManagementTitle":"Gestió dels contactes","DeleteTitle":"Elimina","bulkDeleteButton":"Elimina els contactes","BulkDelCancel":"S'ha cancel·lat l'eliminació dels contactes","DeletedTxt":{"_index":["plural","n"],"_":{"zero":"No hi ha cap contacte per eliminar","one":"S'ha eliminat 1 contacte","two":"S'han eliminat {{n}} contactes","few":"S'han eliminat {{n}} contactes","many":"S'han eliminat {{n}} contactes","other":"S'han eliminat {{n}} contactes"}},"DeletingContacts":"S'estan eliminant els contactes","ContactConfirmDel":{"_index":["plural","n"],"_":{"zero":"No hi ha cap contacte per eliminar","one":"Voleu eliminar 1 contacte? Aquesta acció no es pot desfer.","two":"Voleu eliminar {{n}} contactes? Aquesta acció no es pot desfer.","few":"Voleu eliminar {{n}} contactes? Aquesta acció no es pot desfer.","many":"Voleu eliminar {{n}} contactes? Aquesta acció no es pot desfer.","other":"Voleu eliminar {{n}} contactes? Aquesta acció no es pot desfer."}},"SelectedTxt":{"_index":["plural","n"],"_":{"zero":"Contactes","one":"{{n}} seleccionat","two":"{{n}} seleccionats","few":"{{n}} selected","many":"{{n}} selected","other":"{{n}} selected"}},"video":"Video","audio":"Audio","pick_destination":"{{ destination }} {{ carrier }}","removeField":{"ariaLabel":"Remove"},"undo":{"ariaLabel":"Undo"},"back":"Enrere","noSimMsg":"Per importar contactes, inseriu o desbloquegeu la targeta SIM","noMemoryCardMsg":"Per importar contactes, inseriu una targeta de memòria","importMemoryCard":"Targeta de memòria","noConnection11":"Cal una connexió Wi-Fi o de dades per importar els contactes o amistats del Facebook","simContacts-import":"Importa els contactes de la SIM","simContacts-importing":"S'estan important els contactes de la SIM…","simContacts-reading":"S'està llegint la targeta SIM…","simContacts-error":"No s'han pogut importar els contactes de la SIM","simContacts-imported3":{"_index":["plural","n"],"_":{"zero":"No s'han detectat contactes en la SIM per importar","one":"S'ha importat un contacte","two":"S'han importat {{n}} contactes","few":"S'han importat {{n}} contactes","many":"S'han importat {{n}} contactes","other":"S'han importat {{n}} contactes"}},"memoryCardContacts-import":"Importa contactes de la targeta de memòria","memoryCardContacts-importing":"S'estan important contactes de la targeta de memòria…","memoryCardContacts-reading":"S'està llegint la targeta de memòria…","memoryCardContacts-error":"No s'han pogut importar els contactes de la targeta de memòria","memoryCardContacts-imported3":{"_index":["plural","n"],"_":{"zero":"No s'han detectat contactes en la targeta de memòria per importar","one":"S'ha importat un contacte","two":"S'han importat {{n}} contactes","few":"S'han importat {{n}} contactes","many":"S'han importat {{n}} contactes","other":"S'han importat {{n}} contactes"}},"genericProgress":"{{current}}/{{total}}","facebook-import-msg":{"_index":["plural","imported"],"_":{"zero":"No s'ha importat cap amistat (de {{total}})","one":"S'ha importat una amistat (de {{total}})","two":"{{imported}}/{{total}} amistats importades","few":"{{imported}}/{{total}} amistats importades","many":"{{imported}}/{{total}} amistats importades","other":"{{imported}}/{{total}} amistats importades"}},"contactsMerged":{"_index":["plural","numDups"],"_":{"zero":"No s'ha combinat cap contacte duplicat","one":"S'ha combinat un contacte duplicat","two":"S'han combinat {{numDups}} contactes","few":"S'han combinat {{numDups}} contactes","many":"S'han combinat {{numDups}} contactes","other":"S'han combinat {{numDups}} contactes"}},"weekday-0-long":"diumenge","weekday-1-long":"dilluns","weekday-2-long":"dimarts","weekday-3-long":"dimecres","weekday-4-long":"dijous","weekday-5-long":"divendres","weekday-6-long":"dissabte","weekday-0-short":"dg","weekday-1-short":"dl","weekday-2-short":"dt","weekday-3-short":"dc","weekday-4-short":"dj","weekday-5-short":"dv","weekday-6-short":"ds","month-0-long":"gener","month-1-long":"febrer","month-2-long":"març","month-3-long":"abril","month-4-long":"maig","month-5-long":"juny","month-6-long":"juliol","month-7-long":"agost","month-8-long":"setembre","month-9-long":"octubre","month-10-long":"novembre","month-11-long":"desembre","month-0-genitive":"de gener","month-1-genitive":"de febrer","month-2-genitive":"de març","month-3-genitive":"d'abril","month-4-genitive":"de maig","month-5-genitive":"de juny","month-6-genitive":"de juliol","month-7-genitive":"d'agost","month-8-genitive":"de setembre","month-9-genitive":"d'octubre","month-10-genitive":"de novembre","month-11-genitive":"de desembre","month-0-short":"gen","month-1-short":"febr","month-2-short":"març","month-3-short":"abr","month-4-short":"maig","month-5-short":"juny","month-6-short":"jul","month-7-short":"ag","month-8-short":"set","month-9-short":"oct","month-10-short":"nov","month-11-short":"des","minutes-ago-long":{"_index":["plural","value"],"_":{"zero":"ara","one":"fa un minut","two":"fa {{value}} minuts","few":"fa {{value}} minuts","many":"fa {{value}} minuts","other":"fa {{value}} minuts"}},"hours-ago-long":{"_index":["plural","value"],"_":{"zero":"ara","one":"fa una hora","two":"fa {{value}} hores","few":"fa {{value}} hores","many":"fa {{value}} hores","other":"fa {{value}} hores"}},"days-ago-long":{"_index":["plural","value"],"_":{"zero":"avui","one":"ahir","two":"fa {{value}} dies","few":"fa {{value}} dies","many":"fa {{value}} dies","other":"fa {{value}} dies"}},"weeks-ago-long":{"_index":["plural","value"],"_":{"zero":"aquesta setmana","one":"la setmana passada","two":"fa {{value}} setmanes","few":"fa {{value}} setmanes","many":"fa {{value}} setmanes","other":"fa {{value}} setmanes"}},"months-ago-long":{"_index":["plural","value"],"_":{"zero":"aquest mes","one":"el mes passat","two":"fa {{value}} mesos","few":"fa {{value}} mesos","many":"fa {{value}} mesos","other":"fa {{value}} mesos"}},"years-ago-long":{"_index":["plural","value"],"_":{"zero":"enguany","one":"l'any passat","two":"fa {{value}} anys","few":"fa {{value}} anys","many":"fa {{value}} anys","other":"fa {{value}} anys"}},"minutes-until-long":{"_index":["plural","value"],"_":{"zero":"ara","one":"d'aquí un minut","two":"d'aquí {{value}} minuts","few":"d'aquí {{value}} minuts","many":"d'aquí {{value}} minuts","other":"d'aquí {{value}} minuts"}},"hours-until-long":{"_index":["plural","value"],"_":{"zero":"ara","one":"d'aquí una hora","two":"d'aquí {{value}} hores","few":"d'aquí {{value}} hores","many":"d'aquí {{value}} hores","other":"d'aquí {{value}} hores"}},"days-until-long":{"_index":["plural","value"],"_":{"zero":"avui","one":"demà","two":"d'aquí {{value}} dies","few":"d'aquí {{value}} dies","many":"d'aquí {{value}} dies","other":"d'aquí {{value}} dies"}},"weeks-until-long":{"_index":["plural","value"],"_":{"zero":"aquesta setmana","one":"la setmana que ve","two":"d'aquí {{value}} setmanes","few":"d'aquí {{value}} setmanes","many":"d'aquí {{value}} setmanes","other":"d'aquí {{value}} setmanes"}},"months-until-long":{"_index":["plural","value"],"_":{"zero":"aquest mes","one":"el mes que ve","two":"d'aquí {{value}} mesos","few":"d'aquí {{value}} mesos","many":"d'aquí {{value}} mesos","other":"d'aquí {{value}} mesos"}},"years-until-long":{"_index":["plural","value"],"_":{"zero":"enguany","one":"l'any que ve","two":"d'aquí {{value}} anys","few":"d'aquí {{value}} anys","many":"d'aquí {{value}} anys","other":"d'aquí {{value}} anys"}},"minutes-ago-short":{"_index":["plural","value"],"_":{"zero":"ara","other":"fa {{value}} m"}},"hours-ago-short":{"_index":["plural","value"],"_":{"zero":"ara","other":"fa {{value}} h"}},"days-ago-short":{"_index":["plural","value"],"_":{"zero":"avui","other":"fa {{value}} d"}},"minutes-until-short":{"_index":["plural","value"],"_":{"zero":"ara","other":"d'aquí {{value}} m"}},"hours-until-short":{"_index":["plural","value"],"_":{"zero":"ara","other":"d'aquí {{value}} h"}},"days-until-short":{"_index":["plural","value"],"_":{"zero":"avui","other":"d'aquí {{value}} d"}},"incorrectDate":"(data no vàlida)","dateTimeFormat_%c":"%a %e %Eb, %Y %H:%M:%S","dateTimeFormat_%x":"%d/%m/%Y","dateTimeFormat_%X":"%H:%M:%S","shortTimeFormat":"%H:%M","shortDateTimeFormat":"%x %H:%M","weekStartsOnMonday":"1","time_am":"am","time_pm":"pm","sim-picker-dial-via-with-number":"Marca {{ phoneNumber }} amb","sim-picker-select-sim":"Trieu la SIM","sim-picker-button":"SIM{{ n }}","sim-picker-button-default":"(per defecte)","label":"Etiqueta","mobile":"Mòbil","home":"Casa","work":"Feina","personal":"Particular","faxHome":"Fax (casa)","faxOffice":"Fax (oficina)","faxOther":"Fax (altre)","another":"Altres","other":"Altres","customTag":{"placeholder":"Etiqueta personalitzada"},"current":"Actual","itemWithLabel":"{{label}}, {{item}}","waitDuplicateContacts":"S'estan cercant contactes duplicats","waitMergingDuplicateContacts":"S'estan fusionant contactes duplicats","alertNoDuplicateContacts":"No s'han trobat contactes duplicats","merge":"Combina","mergeDuplicateTitle":"Combina els duplicats","suggestedDuplicateContacts":"Contactes duplicats suggerits per a {{name}}","mergeActionButtonLabel":{"_index":["plural","n"],"_":{"zero":"No s'ha seleccionat cap contacte","one":"Combina amb {{n}} contacte","two":"Combina amb {{n}} contactes","few":"Combina amb {{n}} contactes","many":"Combina amb {{n}} contactes","other":"Combina amb {{n}} contactes"}},"duplicatesFoundTitle":"S'han trobat duplicats","duplicatesFoundMessage":"{{name}} duplica informació en els següents contactes","addNewNumber":"Afegeix un número nou","addToExistingContact":"Afegeix a un contacte existent","all":{"_":"Totes","ariaLabel":"Totes"},"callLog":"Registre trucades","callLogEdit":{"title":"Edita el registre de trucades"},"callLogEditDialog":{"ariaLabel":"Diàleg d'edició del registre de trucades"},"connecting":"Connectant","cf-async":"Asíncron: {{ async }}\\n","cf-data":"Dades: {{ data }}\\n","cf-error":"S'ha produït un error en recuperar l'estat de la desviació de trucades","cf-fax":"Fax: {{ fax }}\\n","cf-inactive":"Inactiu","cf-packet":"Paquet: {{ packet }}\\n","cf-pad":"Coixinet: {{ pad }}\\n","cf-sms":"SMS: {{ sms }}\\n","cf-status":"Estat de la desviació de trucades\\n","cf-sync":"Síncron: {{ sync }}\\n","cf-voice":"Veu: {{ voice }}\\n","confirm-deletion":"Voleu esborrar les trucades seleccionades?","createNewContact":"Crea un contacte nou","dialerAddContact":{"ariaLabel":"Afegeix un contacte"},"dialerAddContactDialog":{"ariaLabel":"Diàleg d'addició de contactes"},"edit-selected":{"_index":["plural","n"],"_":{"one":"{{ n }} seleccionada","two":"{{ n }} seleccionades","few":"{{ n }} seleccionades","many":"{{ n }} seleccionades","other":"{{ n }} seleccionades"}},"hideKeypad":{"ariaLabel":"Amaga el teclat"},"ignore":"Ignora la trucada","incoming":"Trucada entrant","keypad":{"ariaLabel":"Teclat"},"makeCall":{"ariaLabel":"Fes una trucada"},"missed":{"_":"Perdudes","ariaLabel":"Perdudes"},"missedCall":"Trucada perduda","missedCallMultiSims":"(SIM {{ n }}) Trucada perduda","mmi-error":"S'ha produït un error en enviar el missatge","mmi-session-expired":"La sessió ha vençut","mmi-successfully-sent":"Missatge enviat correctament","mmi-notification-title-with-sim":"({{sim}}) {{title}}","mute":{"ariaLabel":"Silencia"},"newCall":{"ariaLabel":"Trucada nova"},"no-logs-msg-1":"Cap trucada enregistrada","no-logs-msg-2":"Inicieu una conversa ara","no-logs-msg-3":"Cap trucada perduda","recents":{"ariaLabel":"Trucades recents"},"reply":"Respon","send":"Envia","switch-calls":"Commuta trucades","withheld-number":"Número ocult","from-contact":"De {{ contact }}","from-number":"De {{ number }}","from-withheld-number":"D'un número ocult","sending":"S'està enviant…","speakerOption":{"ariaLabel":"Altaveu"},"ussd-services":"Serveis de {{ operator }}","toggleKeypad":{"ariaLabel":"Commuta el teclat"},"type-your-response":{"placeholder":"Escriviu la vostra resposta…"},"clear-all-text":"Esborra tot el text","hide":"Amaga","hold":{"ariaLabel":"En espera"},"resume":{"_":"Reprèn","ariaLabel":"Reprèn"},"sendSms":"Envia un missatge","callEnded":"Trucada finalitzada","via-sim":"amb la SIM{{ n }}","sim-number":"SIM{{ n }}","hangup-a11y-button":{"ariaLabel":"Penja"},"pickup-a11y-button":{"ariaLabel":"Despenja"},"unlock-a11y-button":{"ariaLabel":"Lliscador"},"roaming":"{{operator}} (Roaming)","delete-n-log?":{"_index":["plural","n"],"_":{"zero":"No heu seleccionat res","one":"Voleu eliminar el registre seleccionat?","two":"Voleu eliminar {{ n }} registres?","few":"Voleu eliminar {{ n }} registres?","many":"Voleu eliminar {{ n }} registres?","other":"Voleu eliminar {{ n }} registres?"}},"callDurationMinutes":"{{ m }}:{{ s }}","callDurationHours":"{{ h }}:{{ m }}:{{ s}}","suggestionMatches":{"_index":["plural","n"],"_":{"one":"{{ n }} coincidència de «{{ matchNumber }}»","two":"{{ n }} coincidències de «{{ matchNumber }}»","few":"{{ n }} coincidències de «{{ matchNumber }}»","many":"{{ n }} coincidències de «{{ matchNumber }}»","other":"{{ n }} coincidències de «{{ matchNumber }}»"}},"scCallBarring":"Restricc. trucades","scCallForwarding":"Desviació trucad.","scClip":"ID trucada entr.","scClir":"ID trucada sort.","scPwd":"Canvi de contrasenya","scCallWaiting":"Trucada en espera","scPin":"Canvi de PIN","scPin2":"Canvi de PIN2","scPuk":"Desbloca el PIN","scPuk2":"Desbloca el PIN2","scImei":"IMEI","scUssd":"USSD","serviceClassVoice":"Veu","serviceClassData":"Dades","serviceClassFax":"FAX","serviceClassSms":"SMS","serviceClassDataSync":"Sínc.","serviceClassDataAsync":"Asínc.","serviceClassPacket":"Paquet","serviceClassPad":"PAD","smServiceEnabled":"S'ha activat el servei","smServiceDisabled":"S'ha desactivat el servei","smServiceRegistered":"El registre ha estat correcte","smServiceErased":"S'ha esborrat correctament","smServiceInterrogated":"La sol·licitud ha estat correcta","smServiceNotProvisioned":"Servei no proveït","smClirPermanent":"No podeu canviar el paràmetre d'identificació de trucada","smClirDefaultOnNextCallOn":"Per defecte, la identificació de trucada està restringida. Propera trucada: restringida","smClirDefaultOnNextCallOff":"Per defecte, la identificació de trucada està restringida. Propera trucada: no restringida","smClirDefaultOffNextCallOn":"Per defecte, la identificació de trucada no està restringida. Propera trucada: restringida","smClirDefaultOffNextCallOff":"Per defecte, la identificació de trucada no està restringida. Propera trucada: no restringida","smServiceEnabledFor":"S'ha activat el servei per a:","smPinChanged":"PIN canviat correctament","smPinUnblocked":"PIN desbloquejat correctament","smPin2Changed":"PIN2 canviat correctament","smPin2Unblocked":"PIN2 desbloquejat correctament","ServiceIsEnabled":"Service is enabled","ServiceIsDisabled":"Service is disabled","ServiceIsEnabledFor":"Service is enabled for:","emMmiError":"Problema de connexió o codi MMI no vàlid","emMmiErrorPasswordIncorrect":"Contrasenya incorrecta","emMmiErrorNotSupported":"Codi MMI no vàlid o no reconegut","emMmiErrorInvalidAction":"Acció no vàlida","emMmiErrorInvalidScCode":"Codi de servei no vàlid","emMmiErrorBadPuk":"El PUK que heu introduït no és correcte","emMmiErrorBadPin":"L'antic PIN que heu introduït no és correcte.","emMmiErrorNeedPuk2":"Introduïu el PUK2 per desbloquejar la targeta SIM","emMmiErrorMismatchPin":"Els PIN que heu introduït no coincideixen","emMmiErrorInvalidPin":"Introduïu un PIN de 4 a 8 dígits","emMmiErrorNeedsPuk":"La targeta SIM és bloquejada amb PUK","emMmiErrorEnablePin":"No és correcte. Activa el SIM/RUIM LOCK","emMmiErrorMmiFdn":"L'operació està restringida només a números prefixats","emMmiErrorStkCcUssdDial":"La sol·licitud USSD s'ha modificat a una sol·licitud DIAL","emMmiErrorStkCcUssdSs":"La sol·licitud USSD s'ha modificat a una sol·licitud SS","emMmiErrorStkCcUssdUssd":"La sol·licitud USSD s'ha modificat a una sol·licitud USSD nova","emMmiErrorStkCcSsDial":"La sol·licitud SS s'ha modificat a una sol·licitud DIAL","emMmiErrorStkCcSsUssd":"La sol·licitud SS s'ha modificat a una sol·licitud USSD","emMmiErrorStkCcSsSs":"La sol·licitud SS s'ha modificat a una sol·licitud SS nova","emMmiErrorPinPukAttempts":{"_index":["plural","n"],"_":{"one":"Només queda {{ n }} intent","two":"Queden {{ n }} intents","few":"Queden {{ n }} intents","many":"Queden {{ n }} intents","other":"Queden {{ n }} intents"}},"emMmiErrorSimBlocked":"S'ha excedit el màxim d'intents. La SIM s'ha bloquejat","RadioNotAvailable":"Ràdio no disponible","GenericFailure":"Error genèric","PasswordIncorrect":"Contrasenya incorrecta","SimPin2":"PIN2 de la SIM","SimPuk2":"PUK2 de la SIM","RequestNotSupported":"No es reconeix la sol·licitud","OpNotAllowedDuringVoiceCall":"No es permet l'operació durant una trucada","SmsSendFailRetry":"Reintent per error en enviar l'SMS","SimAbsent":"No hi ha cap SIM","SubscriptionNotAvailable":"Subscripció no disponible","ModeNotSupported":"Mode no implementat","FdnCheckFailure":"Error de comprovació de FDN","IllegalSimOrMe":"SIM o ME no vàlids","DialModifiedToUssd":"DIAL s'ha modificat a USSD","DialModifiedToSs":"DIAL s'ha modificat a SS","DialModifiedToDial":"DIAL s'ha modificat a DIAL","UssdModifiedToDial":"USSD s'ha modificat a DIAL","UssdModifiedToSs":"USSD s'ha modificat a SS","UssdModifiedToUssd":"USSD s'ha modificat a USSD","SsModifiedToDial":"SS s'ha modificat a DIAL","SsModifiedToUssd":"SS s'ha modificat a USSD","SsModifiedToSs":"SS s'ha modificat a SS","SubscriptionNotSupported":"No s'admet la subscripció","InvalidParameter":"Paràmetre no vàlid","RejectedByRemote":"Rebutjat pel remot","conferenceCall":"Conference ({{n}})","caller-left-call":"{{ caller }} ha penjat.","conferenceAddError":"No es poden combinar les trucades","conferenceRemoveError":"No es poden separar les trucades","longDateFormat":"%A %e %Eb","select-audio-sources":"Tria fonts d'àudio","bluetooth-handsfree-device":"Dispositiu Bluetooth mans lliures","receiver":"Receptor","speaker":"Altaveu","voicemailNoNumberTitle":"El número de la bústia de veu no està disponible","voicemailNoNumberText":"No es pot accedir a la bústia de veu. Configureu el número de la bústia de veu per fer la trucada.","voicemailNoNumberSettings":"Paràmetres","voicemailNoNumberCancel":"Cancel·la","phoneNumberInput":{"ariaLabel":"Número de telèfon"},"keypadDelete":{"ariaLabel":"Elimina"},"voiceMailKey":{"ariaLabel":"Bústia de veu"},"asterisk":{"ariaLabel":"Asterisc"},"hashSign":{"ariaLabel":"Símbol de coixinet"}}