{"close":"Zavřít","import":"Importovat","update":"Aktualizovat","fbFriends":"Přátelé z Facebooku","live-serviceName":"Outlook","gmail-serviceName":"Gmail","facebook-serviceName":"Přátelé z Facebooku","selectAll":"Vybrat vše","deselectAll":"Zrušit výběr","viewAll":"Zobrazit všechny přátele na Facebooku","viewRecommend":"Zobrazit pouze doporučené","linkProposal":{"_index":["plural","numFriends"],"_":{"zero":"Žádní odpovídající přátelé. Zobrazeno vše","one":"Vybrat doporučeného","two":"Vybrat doporučené","few":"Vybrat doporučené","many":"Vybrat doporučené","other":"Vybrat doporučené"}},"fbFriendsFound":{"_index":["plural","numFriends"],"_":{"zero":"Všichni přátelé jsou již naimportováni","one":"Nalezen jeden přítel pro import","two":"Nalezeni {{numFriends}} přátelé pro import","few":"Nalezeno {{numFriends}} přátel pro import","many":"Nalezeno {{numFriends}} přátel pro import","other":"Nalezeno {{numFriends}} přátel pro import"}},"fbNoFriends":"Žádný kontakt není k dispozici pro přidání","facebook":"Facebook","search-contact":{"placeholder":"Hledat"},"noResults":"Nenalezeny žádné kontakty","done-search":"Hotovo","progressFB3ImportTitle":"Importování přátel z Facebooku","progressFB":"{{current}}/{{total}}","progressFB3UpdateTitle":"Aktualizace přátel v kontaktech","message2":"Toto může trvat několik minut","messageLinking":"Mějte chvíli strpení. Probíhá propojení vašich přátel a kontaktů.","messageCanceling":"Mějte chvíli strpení. Probíhá rušení probíhající operace.","error1":"Chyba {{from}}","error2":"Zkusit znovu?","errorProposal":"při výpočtu návrhů","errorFriends":"při získávání přátel","errorLinking":"při propojování kontaktu","timeout1":"Vypršel časový limit {{from}}","timeout2":"Zkusit znovu?","timeoutProposal":"pro výpočet návrhů","timeoutFriends":"pro získání přátel","timeoutLinking":"pro propojení kontaktů","wait1":"Mějte chvíli strpení","wait2":"Toto může trvat několik minut","waitProposal":"Mějte chvíli strpení. Probíhá výpočet návrhů.","waitFriends":"Mějte chvíli strpení. Probíhá připojování pro získání vašeho seznamu přátel.","curtainCancel":"Zrušit","curtainRetry":"Opakovat","curtainOK":"OK","connectionLost":"Žádné připojení k internetu","connectionLostMsg":"Fotografie přátel nebudou připojeny k vašim kontaktům. Pokračovat?","yesOption":"OK","noOption":"Zrušit","friendsUpdated":{"_index":["plural","numFriends"],"_":{"zero":"Všichni přátelé jsou již aktuální","one":"Aktualizován jeden přítel","two":"Aktualizováni {{numFriends}} přátelé","few":"Aktualizováno {{numFriends}} přátel","many":"Aktualizováno {{numFriends}} přátel","other":"Aktualizováno {{numFriends}} přátel"}},"friendsMerged":{"_index":["plural","numDups"],"_":{"zero":"Nedošlo k žádnému sloučení přátel","one":"Jeden přátel byl sloučen","two":"{{numDups}} přátelé sloučeni","few":"{{numDups}} přátelé sloučeni","many":"{{numDups}} přátelů sloučeno","other":"{{numDups}} přátelů sloučeno"}},"notificationLogin":"Vaše relace již není platná. Přihlaste se prosím.","syncError":"Při synchronizaci dat vašich přátel nastala chyba","callAirplaneModeMessage":"Chcete-li volat, musíte v nastavení zakázat režim V letadle.","callAirplaneModeBtnOk":"OK","callAirplaneModeTitle":"Režim V letadle je aktivován","numberIsBusyTitle":"Číslo je zaneprázdněno","numberIsBusyMessage":"Číslo je aktuálně zaneprázdněno. Zkuste to prosím znovu později.","fdnIsActiveTitle":"FDN aktivní","fdnIsActiveMessage":"FDN (Fixed Dialing Numbers) je aktivní a následující číslo není na vašem FDN seznamu: {{ number }}","voiceMail":"Hlasová schránka","emergencyNumber":"Tísňové volání","emergencyDialogBodyBadNumber":"Chcete-li volat, musí být telefon připojen k síti.","emergencyDialogBodyDeviceNotAccepted":"Tísňová volání nejsou sítí povolena.","emergencyDialogBtnOk":"OK","emergencyDialogTitle":"Žádné síťové připojení","invalidNumberToDialTitle":"Neplatné telefonní číslo","invalidNumberToDialMessage":"Telefonní číslo, které vytáčíte, je neplatné.","unableToCallTitle":"V současné době nelze uskutečnit telefonní hovor.","unableToCallMessage":"Nelze uskutečnit telefonní hovor. Pokud již vytáčíte, zavěste prosím.","otherConnectionInUseTitle":"Právě se používá jiné spojení","otherConnectionInUseMessage":"Právě probíhá hovor v dalším vašem spojení. Současně je možné využívat pouze jedno spojení.","add":"Přidat","call":"Hovor","edit":"Upravit","cancel":"Zrušit","done":"Hotovo","ok":"OK","retry":"Opakovat","contacts":"Kontakty","addContact":"Přidat kontakt","deleteContact":"Smazat kontakt","selectContact":"Zvolit kontakt","editContact":"Úprava","deleteConfirmMsg":"Smazat kontakt?","remove":"Odebrat","delete":"Smazat","comments":"Komentáře","no_contact_phones":"Tento kontakt neobsahuje telefonní číslo","no_contact_email":"Tento kontakt neobsahuje e-mailovou adresu","no_contact_data":"Tento kontakt neobsahuje telefonní číslo a e-mailovou adresu","removePhotoConfirm":"Odebrat obrázek kontaktu?","loadingContacts":"Načítání kontaktů…","noContactsActivity":"Nelze přidat k žádnému kontaktu, protože váš seznam kontaktů je prázdný","noName":"Žádné jméno","givenName":{"placeholder":"Jméno"},"familyName":{"placeholder":"Příjmení"},"tel":{"placeholder":"Telefon"},"carrier":{"_":"Operátor","placeholder":"Operátor"},"separator":",","email":{"_":"E-mail","placeholder":"E-mail"},"streetAddress":{"placeholder":"Ulice"},"postalCode":{"placeholder":"PSČ"},"locality":{"placeholder":"Město"},"countryName":{"placeholder":"Země"},"comment":{"placeholder":"Komentář"},"org":{"placeholder":"Firma"},"date":{"_":"Datum","placeholder":"Datum"},"date-span-placeholder":"Datum","birthday":"Narozeniny","dateFormat":"%e. %Eb","dateOutput":"{{dayMonthFormatted}} {{year}}","anniversary":"Výročí","addPhoto":"Přidat fotografii","addPhone":"Přidat telefon","addEmail":"Přidat e-mail","addAddress":"Přidat adresu","addDate":"Přidat datum","addComment":"Přidat komentář","addFavorite":"Nastavit jako oblíbený","removeFavorite":"Odebrat z oblíbených","exit":"Ukončit","expand":"Rozbalit","labelName":"Jméno:","labelLastName":"Příjmení:","labelPhoneNumber":"Telefonní číslo:","labelCarrier":"Operátor:","labelEmail":"E-mail:","labelStreet":"Ulice:","labelZip":"PSČ:","labelCity":"Město:","labelCountry":"Země:","labelComment":"Komentář:","legendTitleMain":"Hlavní informace","legendPhones":"Telefonní čísla","legendEmail":"E-mailové adresy","legendAddress":"Adresy","legendPhoto":{"ariaLabel":"Fotografie"},"settings":"Nastavení","transferContactsTitle":"Přenos kontaktů","importContactsTitle":"Import kontaktů","importContactsButton":"Import kontaktů","exportContactsTitle":"Export kontaktů","exportContactsButton":"Export kontaktů","exportContactsAction":"Export","simExport-title":"Export na SIM kartu","sdExport-title":"Export na SD kartu","btExport-title":"Export skrze Bluetooth","sdUMSEnabled":"Nelze použít SD kartu, protože je povoleno USB storage ","exportErrorTitle":"Chyba při exportu","contactsExported2":{"_index":["plural","exported"],"_":{"zero":"Nebyly exportovány žádné kontakty","one":"{{exported}}/{{total}} kontakt exportován","two":"{{exported}}/{{total}} kontakty exportovány","few":"{{exported}}/{{total}} kontakty exportovány","many":"{{exported}}/{{total}} kontaktů exportováno","other":"{{exported}}/{{total}} kontaktů exportováno"}},"exportError-general":"Při exportu nastala neurčená chyba","exportError-SD-shared":"Nelze přistupovat k paměťové kartě, protože je sdílená   ","exportError-SD-unavailable":"Paměťová karta je nedostupná ","exportError-SD-noSpace":"Pro export kontaktů není dostatek volného místa na paměťové kartě ","exportError-SIM-unavailable":"Karta SIM není dostupná ","exportError-BT-shared":"Nelze přistupovat k paměťové kartě, protože je sdílená   ","exportError-BT-unavailable":"Paměťová karta je nedostupná ","exportError-BT-noSpace":"Pro export kontaktů není dostatek volného místa na paměťové kartě ","social-network":"Sociální sítě","social-link":"Propojit kontakt","social-unlink":"Odpojit kontakt","social-unlink-confirm-title":"Chcete vašeho přítele odpojit?","social-unlink-confirm-accept":"Odpojit","facebook-import":"Importovat přátele z Facebooku","show-fb-profile":"Zobrazit profil na Facebooku","msg-send":"Zpráva","wall-post":"Příspěvek na zdi","facebook-export-forbidden":"Kontakt nemůže být sdílen z důvodu omezení ze strany Facebooku.","otherAccount":"Další účty","facebookSwitchMsg":"Synchronizace přátel","select_mobile":"Volba telefonu","select_email":"Volba e-mailu","select_recipient":"Volba příjemce","contactsOrderBy":"Seřadit dle příjmení","importSim2":"SIM karta","importGmail":"Gmail","bluetooth":"Bluetooth","importOutlook":"Outlook","fbUpdateFriends":"Aktualizace přátel","cleaningFbData":"Odebrání dat z Facebooku","loggingOutFb":"Odhlášení z Facebooku","cleanFbConfirmMsg":"Odebrat všechna data z Facebooku?","renewPwdMsg":"Vaše heslo na Facebooku se změnilo. Aktualizujte jej prosím. ","notEnabledYet":"Dosud nepovoleno","genericNoConnection":"Pro import kontaktů se připojte k Wi-Fi či datové síti","simCard":"SIM karta","memoryCard":"Paměťová karta","simNumber":"SIM {{number}}","setICEButton":"Set ICE Contacts","ICESettingTitle":"ICE Contacts","ICEDescription":"Add two contacts for making “In Case of Emergency” calls.","ICEContact1":"ICE Contact 1","ICESelectContact":"Select a contact","ICEContact2":"ICE Contact 2","create-new":"Vytvoření nového kontaktu","import-now":"Import kontaktů z karty SIM či Facebooku ","no-contacts":"Žádné kontakty","start-adding":"Začněte s jejich přidáváním","notImported":"Neimportovány","imported":"Naimportovány","today":"Dnes","yesterday":"Včera","organise-contacts":"Správa kontaktů","find-merge-contacts":"Hledat duplicitní kontakty","preparing-contacts":"Příprava kontaktů","exportError-SIM-NoFreeRecordFound":"Karta SIM je plná","exportError-SIM-CannotAccessPhoneBook":"Nezdařil se přístup ke kontaktům na kartě SIM","exportError-SIM-Unavailable":"Žádná karta SIM","exportError-SIM-GenericError":"Při exportu kontaktu nastala chyba","noSimMsgExport":"Pro export kontaktů vložte či odblokujte kartu SIM","noMemoryCardMsgExport":"Pro export kontaktů vložte paměťovou kartu","ContactManagementTitle":"Správa kontaktů","DeleteTitle":"Smazání","bulkDeleteButton":"Smazat kontakty","BulkDelCancel":"Mazání kontaktů zrušeno","DeletedTxt":{"_index":["plural","n"],"_":{"zero":"Žádný kontakt ke smazání","one":"Odebrán 1 kontakt","two":"Odebrány {{n}} kontakty","few":"Odebrány {{n}} kontakty","many":"Odebráno {{n}} kontaktů","other":"Odebráno {{n}} kontaktů"}},"DeletingContacts":"Mazání kontaktů","ContactConfirmDel":{"_index":["plural","n"],"_":{"zero":"Žádné kontakty ke smazání.","one":"Smazat 1 kontakt? Tato akce nemůže být vrácena.","two":"Smazat {{n}} kontakty? Tato akce nemůže být vrácena.","few":"Smazat {{n}} kontakty? Tato akce nemůže být vrácena.","many":"Smazat {{n}} kontaktů? Tato akce nemůže být vrácena.","other":"Smazat {{n}} kontaktů? Tato akce nemůže být vrácena."}},"SelectedTxt":{"_index":["plural","n"],"_":{"zero":"Kontakty","one":"{{n}} vybrán","two":"{{n}} vybrány","few":"{{n}} vybrány","many":"{{n}} vybráno","other":"{{n}} vybráno"}},"video":"Video","audio":"Audio","pick_destination":"{{ destination }} {{ carrier }}","removeField":{"ariaLabel":"Odebrat"},"undo":{"ariaLabel":"Zpět"},"back":"Zpět","noSimMsg":"Pro import kontaktů vložte nebo odemkněte vaši kartu SIM","noMemoryCardMsg":"Pro import kontaktů vložte paměťovou kartu","importMemoryCard":"Paměťová karta","noConnection11":"Pro import přátel nebo kontaktů z Facebooku se připojte k Wi-Fi nebo datovému připojení","simContacts-import":"Import kontaktů ze SIM","simContacts-importing":"Probíhá import kontaktů ze SIM…","simContacts-reading":"Probíhá čtení z karty SIM…","simContacts-error":"Kontakty se ze SIM nepodařilo naimportovat","simContacts-imported3":{"_index":["plural","n"],"_":{"zero":"Na SIM nebyly nalezeny žádné kontakty pro import","one":"Naimportován jeden kontakt","two":"Naimportovány {{n}} kontakty","few":"Naimportovány {{n}} kontakty","many":"Naimportováno {{n}} kontaktů","other":"Naimportováno {{n}} kontaktů"}},"memoryCardContacts-import":"Import kontaktů z paměťové karty","memoryCardContacts-importing":"Probíhá import kontaktů z paměťové karty...","memoryCardContacts-reading":"Probíhá čtení z paměťové karty...","memoryCardContacts-error":"Kontakty se z paměťové karty nepodařilo naimportovat","memoryCardContacts-imported3":{"_index":["plural","n"],"_":{"zero":"Na paměťové kartě nebyly nalezeny žádné kontakty","one":"Naimportován jeden kontakt","two":"Naimportovány {{n}} kontakty","few":"Naimportovány {{n}} kontakty","many":"Naimportováno {{n}} kontaktů","other":"Naimportováno {{n}} kontaktů"}},"genericProgress":"{{current}}/{{total}}","facebook-import-msg":{"_index":["plural","imported"],"_":{"zero":"Přátelé nenaimportováni (z {{total}})","one":"Byl naimportován jeden přítel (z {{total}})","two":"Naimportováno {{imported}}/{{total}} přátel","few":"Naimportováno {{imported}}/{{total}} přátel","many":"Naimportováno {{imported}}/{{total}} přátel","other":"Naimportováno {{imported}}/{{total}} přátel"}},"contactsMerged":{"_index":["plural","numDups"],"_":{"zero":"Nebyly sloučeny žádné duplicitní kontakty","one":"Jeden duplicitní kontakt byl sloučen","two":"{{numDups}} kontakty sloučeny","few":"{{numDups}} kontakty sloučeny","many":"{{numDups}} kontaktů sloučeno","other":"{{numDups}} kontaktů sloučeno"}},"weekday-0-long":"Neděle","weekday-1-long":"Pondělí","weekday-2-long":"Úterý","weekday-3-long":"Středa","weekday-4-long":"Čtvrtek","weekday-5-long":"Pátek","weekday-6-long":"Sobota","weekday-0-short":"Ne","weekday-1-short":"Po","weekday-2-short":"Út","weekday-3-short":"St","weekday-4-short":"Čt","weekday-5-short":"Pá","weekday-6-short":"So","month-0-long":"Leden","month-1-long":"Únor","month-2-long":"Březen","month-3-long":"Duben","month-4-long":"Květen","month-5-long":"Červen","month-6-long":"Červenec","month-7-long":"Srpen","month-8-long":"Září","month-9-long":"Říjen","month-10-long":"Listopad","month-11-long":"Prosinec","month-0-genitive":"Leden","month-1-genitive":"Únor","month-2-genitive":"Březen","month-3-genitive":"Duben","month-4-genitive":"Květen","month-5-genitive":"Červen","month-6-genitive":"Červenec","month-7-genitive":"Srpen","month-8-genitive":"Září","month-9-genitive":"Říjen","month-10-genitive":"Listopad","month-11-genitive":"Prosinec","month-0-short":"leden","month-1-short":"únor","month-2-short":"březen","month-3-short":"duben","month-4-short":"květen","month-5-short":"červen","month-6-short":"červenec","month-7-short":"srpen","month-8-short":"září","month-9-short":"říjen","month-10-short":"listopad","month-11-short":"prosinec","minutes-ago-long":{"_index":["plural","value"],"_":{"zero":"právě teď","one":"před minutou","two":"před 2 minutami","few":"před {{value}} minutami","many":"před {{value}} minutami","other":"před {{value}} minutami"}},"hours-ago-long":{"_index":["plural","value"],"_":{"zero":"právě teď","one":"před hodinou","two":"před 2 hodinami","few":"před {{value}} hodinami","many":"před {{value}} hodinami","other":"před {{value}} hodinami"}},"days-ago-long":{"_index":["plural","value"],"_":{"zero":"dnes","one":"včera","two":"předevčírem","few":"před {{value}} dny","many":"před {{value}} dny","other":"před {{value}} dny"}},"weeks-ago-long":{"_index":["plural","value"],"_":{"zero":"tento týden","one":"minutý týden","two":"před {{value}} týdny","few":"před {{value}} týdny","many":"před {{value}} týdny","other":"před {{value}} týdny"}},"months-ago-long":{"_index":["plural","value"],"_":{"zero":"tento měsíc","one":"minulý měsíc","two":"před {{value}} měsíci","few":"před {{value}} měsíci","many":"před {{value}} měsíci","other":"před {{value}} měsíci"}},"years-ago-long":{"_index":["plural","value"],"_":{"zero":"tento rok","one":"minulý rok","two":"před {{value}} roky","few":"před {{value}} roky","many":"před {{value}} roky","other":"před {{value}} roky"}},"minutes-until-long":{"_index":["plural","value"],"_":{"zero":"nyní","one":"za minutu","two":"za 2 minuty","few":"za {{value}} minuty","many":"za {{value}} minut","other":"za {{value}} minut"}},"hours-until-long":{"_index":["plural","value"],"_":{"zero":"nyní","one":"za hodinu","two":"za 2 hodiny","few":"za {{value}} hodiny","many":"za {{value}} hodin","other":"za {{value}} hodin"}},"days-until-long":{"_index":["plural","value"],"_":{"zero":"dnes","one":"zítra","two":"pozítří","few":"za {{value}} dny","many":"za {{value}} dnů","other":"za {{value}} dnů"}},"weeks-until-long":{"_index":["plural","value"],"_":{"zero":"tento týden","one":"příští týden","two":"za {{value}} týdny","few":"za {{value}} týdny","many":"za {{value}} týdnů","other":"za {{value}} týdnů"}},"months-until-long":{"_index":["plural","value"],"_":{"zero":"tento měsíc","one":"příští měsíc","two":"za {{value}} měsíce","few":"za {{value}} měsíce","many":"za {{value}} měsíců","other":"za {{value}} měsíců"}},"years-until-long":{"_index":["plural","value"],"_":{"zero":"tento rok","one":"příští rok","two":"za {{value}} roky","few":"za {{value}} roky","many":"za {{value}} roků","other":"za {{value}} roků"}},"minutes-ago-short":{"_index":["plural","value"],"_":{"zero":"právě teď","other":"před {{value}} min"}},"hours-ago-short":{"_index":["plural","value"],"_":{"zero":"právě teď","other":"před {{value}} hod"}},"days-ago-short":{"_index":["plural","value"],"_":{"zero":"dnes","other":"před {{value}} dny"}},"minutes-until-short":{"_index":["plural","value"],"_":{"zero":"nyní","other":"za {{value}} min"}},"hours-until-short":{"_index":["plural","value"],"_":{"zero":"nyní","other":"za {{value}} hod"}},"days-until-short":{"_index":["plural","value"],"_":{"zero":"dnes","other":"za {{value}} dny"}},"incorrectDate":"(neplatné datum)","dateTimeFormat_%c":"%a %e. %b %Y %H:%M:%S","dateTimeFormat_%x":"%e. %m. %Y","dateTimeFormat_%X":"%H:%M:%S","shortTimeFormat":"%H:%M","shortDateTimeFormat":"%x %H:%M","weekStartsOnMonday":"1","time_am":"AM","time_pm":"PM","sim-picker-dial-via-with-number":"Volat {{ phoneNumber }} přes","sim-picker-select-sim":"Zvolte kartu SIM","sim-picker-button":"SIM{{ n }}","sim-picker-button-default":"(předvolená)","label":"Označení","mobile":"Mobil","home":"Domů","work":"Práce","personal":"Osobní","faxHome":"Fax domů","faxOffice":"Fax práce","faxOther":"Fax ostatní","another":"Další","other":"Ostatní","customTag":{"placeholder":"Vlastní značka"},"current":"Aktuální","itemWithLabel":"{{label}}, {{item}}","waitDuplicateContacts":"Hledání duplicitních kontaktů","waitMergingDuplicateContacts":"Slučování duplicitních kontaktů","alertNoDuplicateContacts":"Nebyly nalezeny žádné duplicitní kontakty","merge":"Sloučit","mergeDuplicateTitle":"Sloučení duplicit","suggestedDuplicateContacts":"Navržené duplicitní kontakty pro {{name}}","mergeActionButtonLabel":{"_index":["plural","n"],"_":{"zero":"Nebyly vybrány žádné kontakty","one":"Sloučit s {{n}} kontaktem","two":"Sloučit s {{n}} kontakty","few":"Sloučit s {{n}} kontakty","many":"Sloučit s {{n}} kontakty","other":"Sloučit s {{n}} kontakty"}},"duplicatesFoundTitle":"Nalezeny duplicity","duplicatesFoundMessage":"{{name}} duplikuje informace v následujících kontaktech","addNewNumber":"Přidat nové číslo","addToExistingContact":"Přidat k existujícímu kontaktu","all":{"_":"Vše","ariaLabel":"Vše"},"callLog":"Historie volání","callLogEdit":{"title":"Úprava historie volání"},"callLogEditDialog":{"ariaLabel":"Dialog Úprava historie volání"},"connecting":"Připojování","cf-async":"Asynchronní: {{ async }}\\n","cf-data":"Data: {{ data }}\\n","cf-error":"Při získávání stavu přesměrování volání nastala chyba","cf-fax":"FAX: {{ fax }}\\n","cf-inactive":"Neaktivní","cf-packet":"Paket: {{ packet }}\\n","cf-pad":"PAD: {{ pad }}\\n","cf-sms":"SMS: {{ sms }}\\n","cf-status":"Stav přesměrování volání\\n","cf-sync":"Synchronní: {{ sync }}\\n","cf-voice":"Hlas: {{ voice }}\\n","confirm-deletion":"Vymazat zvolená volání?","createNewContact":"Vytvořit nový kontakt","dialerAddContact":{"ariaLabel":"Přidat kontakt"},"dialerAddContactDialog":{"ariaLabel":"Dialog Přidat kontakt"},"edit-selected":{"_index":["plural","n"],"_":{"one":"{{ n }} zvolený","two":"{{ n }} zvolené","few":"{{ n }} zvolené","many":"{{ n }} zvolených","other":"{{ n }} zvolených"}},"hideKeypad":{"ariaLabel":"Skrýt klávesnici"},"ignore":"Ignorovat volání","incoming":"Příchozí","keypad":{"ariaLabel":"Klávesnice"},"makeCall":{"ariaLabel":"Zavolat"},"missed":{"_":"Zmeškané","ariaLabel":"Zmeškané"},"missedCall":"Zmeškané volání","missedCallMultiSims":"(SIM {{ n }}) Zmeškané volání","mmi-error":"Při posílání zprávy nastala chyba","mmi-session-expired":"Relace vypršela","mmi-successfully-sent":"Zpráva byla úspěšně odeslána","mmi-notification-title-with-sim":"({{sim}}) {{title}}","mute":{"ariaLabel":"Ztišit"},"newCall":{"ariaLabel":"Nové volání"},"no-logs-msg-1":"Není zaznamenáno žádné volání","no-logs-msg-2":"Zahájení komunikace","no-logs-msg-3":"Žádná zmeškaná volání","recents":{"ariaLabel":"Nedávná volání"},"reply":"Odpověď","send":"Odeslat","switch-calls":"Přepnout volání","withheld-number":"Utajené číslo","from-contact":"Od {{ contact }}","from-number":"Od {{ number }}","from-withheld-number":"Z utajeného čísla","sending":"Odesílání…","speakerOption":{"ariaLabel":"Reproduktor"},"ussd-services":"Služby {{ operator }}","toggleKeypad":{"ariaLabel":"Přepnout klávesnici"},"type-your-response":{"placeholder":"Napište svou odpověď…"},"clear-all-text":"Vymazat celý text","hide":"Skrýt","hold":{"ariaLabel":"Přidržet"},"resume":{"_":"Pokračovat","ariaLabel":"Pokračovat"},"sendSms":"Odeslat zprávu","callEnded":"Hovor ukončen","via-sim":"skrze SIM{{ n }}","sim-number":"SIM{{ n }}","hangup-a11y-button":{"ariaLabel":"Zavěsit"},"pickup-a11y-button":{"ariaLabel":"Zvednout"},"unlock-a11y-button":{"ariaLabel":"Posuvník"},"roaming":"{{operator}} (Roaming)","delete-n-log?":{"_index":["plural","n"],"_":{"zero":"Nic nebylo zvoleno","one":"Smazat vybraný log?","two":"Smazat {{ n }} logy?","few":"Smazat {{ n }} logy?","many":"Smazat {{ n }} logů?","other":"Smazat {{ n }} logů?"}},"callDurationMinutes":"{{ m }}:{{ s }}","callDurationHours":"{{ h }}:{{ m }}:{{ s}}","suggestionMatches":{"_index":["plural","n"],"_":{"one":"{{ n }} odpovídá \"{{ matchNumber }}\"","two":"{{ n }} odpovídá \"{{ matchNumber }}\"","few":"{{ n }} odpovídá \"{{ matchNumber }}\"","many":"{{ n }} odpovídá \"{{ matchNumber }}\"","other":"{{ n }} odpovídá \"{{ matchNumber }}\""}},"scCallBarring":"Blokování hovoru","scCallForwarding":"Přesměrování hovoru","scClip":"ID příchozího hovoru","scClir":"ID odchozího hovoru","scPwd":"Změna hesla","scCallWaiting":"Čekající hovor","scPin":"Změna PIN","scPin2":"Změna PIN2","scPuk":"Odblokování PIN","scPuk2":"Odblokování PIN2","scImei":"IMEI","scUssd":"USSD","serviceClassVoice":"Hlas","serviceClassData":"Data","serviceClassFax":"FAX","serviceClassSms":"SMS","serviceClassDataSync":"Sync","serviceClassDataAsync":"Async","serviceClassPacket":"Paket","serviceClassPad":"PAD","smServiceEnabled":"Služba byla povolena","smServiceDisabled":"Služba byla zakázána","smServiceRegistered":"Registrace byla úspěšná","smServiceErased":"Vymazání bylo úspěšné","smServiceInterrogated":"Požadavek byl úspěšný","smServiceNotProvisioned":"Služba není dotována","smClirPermanent":"Nemůžete změnit nastavení identifikace volajícího","smClirDefaultOnNextCallOn":"Výchozí identifikace volajícího omezena. Příští hovor: omezeno","smClirDefaultOnNextCallOff":"Výchozí identifikace volajícího neomezena. Příští hovor: neomezeno","smClirDefaultOffNextCallOn":"Výchozí identifikace volajícího omezena. Příští hovor: omezeno","smClirDefaultOffNextCallOff":"Výchozí identifikace volajícího neomezena. Příští hovor: neomezeno","smServiceEnabledFor":"Služba byla povolena pro:","smPinChanged":"Kód PIN úspěšně změněn","smPinUnblocked":"Kód PIN úspěšně odblokován","smPin2Changed":"Kód PIN2 úspěšně změněn","smPin2Unblocked":"Kód PIN2 úspěšně odblokován","ServiceIsEnabled":"Service is enabled","ServiceIsDisabled":"Service is disabled","ServiceIsEnabledFor":"Service is enabled for:","emMmiError":"Problém s připojením či neplatný kód MMI","emMmiErrorPasswordIncorrect":"Neplatné heslo","emMmiErrorNotSupported":"Neplatný nebo nepodporovaný kód MMI","emMmiErrorInvalidAction":"Neplatná akce","emMmiErrorInvalidScCode":"Neplatný servisní kód","emMmiErrorBadPuk":"Kód PUK, který jste zadal(a), není platný","emMmiErrorBadPin":"Starý PIN, který jste zadal(a), není platný","emMmiErrorNeedPuk2":"Pro odblokování karty SIM zadejte kód PUK2","emMmiErrorMismatchPin":"Kódy PIN, které jste zadal(a), si neodpovídají","emMmiErrorInvalidPin":"Zadejte kód PIN, který je dlouhý 4 až 8 čísel","emMmiErrorNeedsPuk":"Vaše karta SIM je uzamčena kódem PUK","emMmiErrorEnablePin":"Neúspěch. Povolte SIM/RUIM LOCK","emMmiErrorMmiFdn":"Operace je omezena na konkrétní čísla volání","emMmiErrorStkCcUssdDial":"USSD požadavek je upraven na DIAL požadavek","emMmiErrorStkCcUssdSs":"USSD požadavek je upraven na SS požadavek","emMmiErrorStkCcUssdUssd":"USSD požadavek je upraven na nový USSD požadavek","emMmiErrorStkCcSsDial":"SS požadavek je upraven na DIAL požadavek","emMmiErrorStkCcSsUssd":"SS požadavek je upraven na USSD požadavek","emMmiErrorStkCcSsSs":"SS požadavek je upraven na nový SS požadavek","emMmiErrorPinPukAttempts":{"_index":["plural","n"],"_":{"one":"Zbývá pouze {{ n }} pokud","two":"Zbývají {{ n }} pokusy","few":"Zbývají {{ n }} pokusy","many":"Zbývá {{ n }} pokusů","other":"Zbývá {{ n }} pokusů"}},"emMmiErrorSimBlocked":"Bylo dosaženo maximálního počtu pokusů. Karta SIM je zablokována","RadioNotAvailable":"Rádio není dostupné","GenericFailure":"Obecné selhání","PasswordIncorrect":"Neplatné heslo","SimPin2":"SIM PIN2","SimPuk2":"SIM PUK2","RequestNotSupported":"Požadavek není podporován","OpNotAllowedDuringVoiceCall":"Operace není během hlasového hovoru povolena","SmsSendFailRetry":"Opakované selhání poslání SMS zprávy","SimAbsent":"Chybějící SIM","SubscriptionNotAvailable":"Odběr není dostupný","ModeNotSupported":"Mód není podporován","FdnCheckFailure":"Kontrola Fdn sehala","IllegalSimOrMe":"Neplatná SIM či ME","DialModifiedToUssd":"Dial upraven na USSD","DialModifiedToSs":"Dial upraven na SS","DialModifiedToDial":"Dial upraven na dial","UssdModifiedToDial":"USSD upraven na dial","UssdModifiedToSs":"USSD upraven na SS","UssdModifiedToUssd":"USSD upraven na USSD","SsModifiedToDial":"SS upraven na dial","SsModifiedToUssd":"SS upraven na USSD","SsModifiedToSs":"SS upraven na SS","SubscriptionNotSupported":"Odběr není podporován","InvalidParameter":"Neplatné parametry","RejectedByRemote":"Zamítnuto vzdálenou stranou","conferenceCall":"Konference ({{n}})","caller-left-call":"Volající {{ caller }} opustil hovor.","conferenceAddError":"Není možné spojit hovory","conferenceRemoveError":"Není možné rozdělit hovory","longDateFormat":"%A, %e. %Eb","select-audio-sources":"Zvolte zdroje zvuku","bluetooth-handsfree-device":"Bluetooth zařízení handsfree","receiver":"Přijímač","speaker":"Reproduktor","voicemailNoNumberTitle":"Číslo hlasové zprávy není dostupné","voicemailNoNumberText":"Nelze zavolat hlasovou schránku. Nejprve prosím nastavte číslo své hlasové schránky.","voicemailNoNumberSettings":"Nastavení","voicemailNoNumberCancel":"Zrušit","phoneNumberInput":{"ariaLabel":"Telefonní číslo"},"keypadDelete":{"ariaLabel":"Smazat"},"voiceMailKey":{"ariaLabel":"Hlasová schránka"},"asterisk":{"ariaLabel":"Hvězdička"},"hashSign":{"ariaLabel":"Mřížka"}}