{"close":"Luk","import":"Importer","update":"Opdater","fbFriends":"Facebook-venner","live-serviceName":"Outlook","gmail-serviceName":"Gmail","facebook-serviceName":"Facebook-venner","selectAll":"Marker alle","deselectAll":"Fjern markeringer","viewAll":"Vis alle Facebook-venner","viewRecommend":"Vis kun anbefalede","linkProposal":{"_index":["plural","numFriends"],"_":{"zero":"Ingen matchende venner, viser alle","one":"Marker den anbefalede","two":"Marker en af de anbefalede","few":"Marker en af de anbefalede","many":"Marker en af de anbefalede","other":"Marker en af de anbefalede"}},"fbFriendsFound":{"_index":["plural","numFriends"],"_":{"zero":"Alle dine venner er importeret","one":"Fandt 1 ven, der kan importeres","two":"Fandt {{numFriends}} venner, der kan importeres","few":"Fandt {{numFriends}} venner, der kan importeres","many":"Fandt {{numFriends}} venner, der kan importeres","other":"Fandt {{numFriends}} venner, der kan importeres"}},"fbNoFriends":"Fandt ingen kontakter, der kan importeres","facebook":"Facebook","search-contact":{"placeholder":"Søg"},"noResults":"Ingen kontakter fundet","done-search":"Færdig","progressFB3ImportTitle":"Importerer venner til Kontakter","progressFB":"{{current}}/{{total}}","progressFB3UpdateTitle":"Opdaterer venner i Kontakter","message2":"Dette kan tage nogle minutter","messageLinking":"Vent. Vi linker dine venner og dine kontakter.","messageCanceling":"Vent. Vi annullerer den igangværende handling.","error1":"Fejl {{from}}","error2":"Vil du prøve igen?","errorProposal":"udregner forslag","errorFriends":"henter venner","errorLinking":"linker kontakter","timeout1":"Overskred tidsgrænse {{from}}","timeout2":"Vil du prøve igen?","timeoutProposal":"udregner forslag","timeoutFriends":"henter venner","timeoutLinking":"linker kontakter","wait1":"Vent","wait2":"Dette kan tage nogle minutter","waitProposal":"Vent. Vi udregner et forslag.","waitFriends":"Vent. Vi forbinder for at hente din venneliste.","curtainCancel":"Annuller","curtainRetry":"Prøv igen","curtainOK":"OK","connectionLost":"Ingen internetforbindelse","connectionLostMsg":"Venners billeder vil ikke blive føjet til dine kontakter. Fortsæt alligevel?","yesOption":"OK","noOption":"Annuller","friendsUpdated":{"_index":["plural","numFriends"],"_":{"zero":"Ingen venner opdateret","one":"Opdaterede 1 ven","two":"Opdaterede {{numFriends}} venner","few":"Opdaterede {{numFriends}} venner","many":"Opdaterede {{numFriends}} venner","other":"Opdaterede {{numFriends}} venner"}},"friendsMerged":{"_index":["plural","numDups"],"_":{"zero":"Ingen duplikerede venner sammenflettet","one":"1 duplikeret ven sammenflettet","two":"{{numDups}} venner sammenflettet","few":"{{numDups}} venner sammenflettet","many":"{{numDups}} venner sammenflettet","other":"{{numDups}} venner sammenflettet"}},"notificationLogin":"Din Facebook-session er ugyldig. Du skal logge ind.","syncError":"Der opstod en fejl ved synkronisering af din vens data","callAirplaneModeMessage":"Du skal slå flytilstand fra, før du kan ringe op.","callAirplaneModeBtnOk":"OK","callAirplaneModeTitle":"Flytilstand er aktiveret","numberIsBusyTitle":"Nummeret er optaget","numberIsBusyMessage":"Nummeret er optaget, prøv igen senere.","fdnIsActiveTitle":"FON er aktiveret","fdnIsActiveMessage":"FON (faste opkaldsnumre) er aktiveret og det følgende nummer er ikke med på din FON-liste: {{ number }}","voiceMail":"Telefonsvarer","emergencyNumber":"Nødopkald","emergencyDialogBodyBadNumber":"Du skal være tilkoblet et mobilnet for at kunne foretage opkald.","emergencyDialogBodyDeviceNotAccepted":"Det benyttede mobilnet tillader ikke nødopkald.","emergencyDialogBtnOk":"OK","emergencyDialogTitle":"Ingen forbindelse til mobilnettet","invalidNumberToDialTitle":"Ugyldigt telefonnummer","invalidNumberToDialMessage":"Det benyttede telefonnummer er ugyldigt.","unableToCallTitle":"Kan ikke ringe op i øjeblikket","unableToCallMessage":"Kan ikke ringe op. Hvis du allerede har et aktivt opkald, skal du afbryde det, før du kan ringe op.","otherConnectionInUseTitle":"En anden forbindelse er aktiv","otherConnectionInUseMessage":"Du har et igangværende opkald på en anden forbindelse. Du kan kun bruge én forbindelse ad gangen.","add":"Tilføj","call":"Ring op","edit":"Rediger","cancel":"Annuller","done":"Færdig","ok":"OK","retry":"Prøv igen","contacts":"Kontakter","addContact":"Tilføj kontakt","deleteContact":"Slet kontakt","selectContact":"Vælg kontakt","editContact":"Rediger kontakt","deleteConfirmMsg":"Slet kontakt?","remove":"Fjern","delete":"Slet","comments":"Kommentarer","no_contact_phones":"Denne kontakt har ikke et telefonnummer","no_contact_email":"Denne kontakt har ikke en mailadresse","no_contact_data":"Denne kontakt har hverken telefonnummer eller mailadresse","removePhotoConfirm":"Fjern kontaktbillede?","loadingContacts":"Indlæser kontakter…","noContactsActivity":"Kan ikke føje til kontakt da din kontaktliste er tom","noName":"Intet navn","givenName":{"placeholder":"Navn"},"familyName":{"placeholder":"Efternavn"},"tel":{"placeholder":"Telefon"},"carrier":{"_":"Operatør","placeholder":"Operatør"},"separator":",","email":{"_":"Mail","placeholder":"Mail"},"streetAddress":{"placeholder":"Gade"},"postalCode":{"placeholder":"Postnummer"},"locality":{"placeholder":"By"},"countryName":{"placeholder":"Land"},"comment":{"placeholder":"Kommentar"},"org":{"placeholder":"Firma"},"date":{"_":"Dato","placeholder":"Dato"},"date-span-placeholder":"Dato","birthday":"Fødselsdato","dateFormat":"%e. %B","dateOutput":"{{dayMonthFormatted}} {{year}}","anniversary":"Jubilæum","addPhoto":"Tilføj billede","addPhone":"Tilføj telefonnummer","addEmail":"Tilføj mailadresse","addAddress":"Tilføj adresse","addDate":"Tilføj dato","addComment":"Tilføj kommentar","addFavorite":"Føj til favoritter","removeFavorite":"Fjern fra favoritter","exit":"Afslut","expand":"Udvid","labelName":"Navn:","labelLastName":"Efternavn:","labelPhoneNumber":"Telefonnummer:","labelCarrier":"Operatør:","labelEmail":"Mail:","labelStreet":"Gade:","labelZip":"Postnummer:","labelCity":"By:","labelCountry":"Land:","labelComment":"Kommentar:","legendTitleMain":"Hovedinformation","legendPhones":"Telefonnumre","legendEmail":"Mailadresser","legendAddress":"Adresse","legendPhoto":{"ariaLabel":"Billede"},"settings":"Indstillinger","transferContactsTitle":"Overfør kontakter","importContactsTitle":"Importer kontakter","importContactsButton":"Importer kontakter","exportContactsTitle":"Eksporter kontakter","exportContactsButton":"Eksporter kontakter","exportContactsAction":"Eksporter","simExport-title":"Eksporter til simkort","sdExport-title":"Eksporter til hukommelseskort","btExport-title":"Eksporter til bluetooth","sdUMSEnabled":"Kan ikke bruge hukommelseskort, fordi USB-lager er aktiveret","exportErrorTitle":"Eksport mislykkedes","contactsExported2":{"_index":["plural","exported"],"_":{"zero":"Ingen kontakter eksporteret","one":"{{exported}}/{{total}} kontakt eksporteret","two":"{{exported}}/{{total}} kontakter eksporteret","few":"{{exported}}/{{total}} kontakter eksporteret","many":"{{exported}}/{{total}} kontakter eksporteret","other":"{{exported}}/{{total}} kontakter eksporteret"}},"exportError-general":"Der opstod en fejl ved eksport","exportError-SD-shared":"Kan ikke få adgang til hukommelseskort, fordi det er delt","exportError-SD-unavailable":"Intet hukommelseskort","exportError-SD-noSpace":"Der er ikke plads nok på hukommelseskortet til at eksportere kontakterne","exportError-SIM-unavailable":"Intet simkort","exportError-BT-shared":"Kan ikke få adgang til hukommelseskort, fordi det er delt","exportError-BT-unavailable":"Intet hukommelseskort","exportError-BT-noSpace":"Der er ikke plads nok på hukommelseskortet til at eksportere kontakterne","social-network":"Sociale netværk","social-link":"Tilføj kontakt","social-unlink":"Fjern kontakt","social-unlink-confirm-title":"Vil du fjerne din ven?","social-unlink-confirm-accept":"Fjern","facebook-import":"Importer Facebook-venner","show-fb-profile":"Vis Facebook-profil","msg-send":"Besked","wall-post":"Vægopslag","facebook-export-forbidden":"Kontakten kan ikke deles på grund af begrænsning hos Facebook.","otherAccount":"Andre konti","facebookSwitchMsg":"Synkroniser venner","select_mobile":"Vælg mobil","select_email":"Vælg mail","select_recipient":"Vælg modtager","contactsOrderBy":"Sorter efter efternavn","importSim2":"Simkort","importGmail":"Gmail","bluetooth":"Bluetooth","importOutlook":"Outlook","fbUpdateFriends":"Opdater importerede venner","cleaningFbData":"Fjerner Facebook-data","loggingOutFb":"Logger ud af Facebook","cleanFbConfirmMsg":"Fjern alle Facebook-data?","renewPwdMsg":"Din adgangskode i Facebook er ændret. Opdater den.","notEnabledYet":"Ikke aktiveret endnu","genericNoConnection":"Forbind til wi-fi eller et datanetværk for at importere kontakter","simCard":"Simkort","memoryCard":"Hukommelseskort","simNumber":"Simkort {{number}}","setICEButton":"Angiv kontakter til nødopkald","ICESettingTitle":"Numre til nødopkald","ICEDescription":"Tilføj to kontakter til nødopkald.","ICEContact1":"Nødopkald 1","ICESelectContact":"Vælg kontakt til nødopkald","ICEContact2":"Nødopkald 2","create-new":"Opret en ny kontakt","import-now":"Importer dine kontakter fra simkort eller Facebook","no-contacts":"Ingen kontakter","start-adding":"Begynd at tilføje dem nu","notImported":"Ikke importeret","imported":"Importeret","today":"I dag","yesterday":"I går","organise-contacts":"Organiser kontakter","find-merge-contacts":"Find kontaktdupletter","preparing-contacts":"Forbereder kontakter","exportError-SIM-NoFreeRecordFound":"Ikke mere plads på simkortet","exportError-SIM-CannotAccessPhoneBook":"Kan ikke få adgang til simkortets adressebog","exportError-SIM-Unavailable":"Intet simkort","exportError-SIM-GenericError":"Der opstod en fejl ved eksport af en kontakt","noSimMsgExport":"Indsæt simkort eller lås det op for at eksportere kontakter","noMemoryCardMsgExport":"Indsæt hukommelseskort for at eksportere kontakter","ContactManagementTitle":"Håndtering af kontakter","DeleteTitle":"Slet","bulkDeleteButton":"Slet kontakter","BulkDelCancel":"Sletning af kontakter annulleret","DeletedTxt":{"_index":["plural","n"],"_":{"zero":"Ingen kontakter at slette","one":"1 kontakt fjernet","two":"{{n}} kontakter fjernet","few":"{{n}} kontakter fjernet","many":"{{n}} kontakter fjernet","other":"{{n}} kontakter fjernet"}},"DeletingContacts":"Sletter kontakter","ContactConfirmDel":{"_index":["plural","n"],"_":{"zero":"Ingen kontakter at slette","one":"Slet 1 kontakt? Dette kan ikke fortrydes.","two":"Slet {{n}} kontakter? Dette kan ikke fortrydes.","few":"Slet {{n}} kontakter? Dette kan ikke fortrydes.","many":"Slet {{n}} kontakter? Dette kan ikke fortrydes.","other":"Slet {{n}} kontakter? Dette kan ikke fortrydes."}},"SelectedTxt":{"_index":["plural","n"],"_":{"zero":"Kontakter","one":"{{n}} markeret","two":"{{n}} markeret","few":"{{n}} markeret","many":"{{n}} markeret","other":"{{n}} markeret"}},"video":"Video","audio":"Lyd","pick_destination":"{{ destination }} {{ carrier }}","removeField":{"ariaLabel":"Fjern"},"undo":{"ariaLabel":"Fortryd"},"back":"Tilbage","noSimMsg":"Indsæt simkort eller lås det op for at importere kontakter","noMemoryCardMsg":"Indsæt hukommelseskort for at importere kontakter","importMemoryCard":"Hukommelseskort","noConnection11":"Forbind til Wi-Fi eller datanetværk for at importere kontakter eller venner fra Facebook","simContacts-import":"Importer kontakter fra simkort","simContacts-importing":"Importerer kontakter fra simkort…","simContacts-reading":"Læser fra simkort…","simContacts-error":"Kunne ikke importere kontakter fra simkort","simContacts-imported3":{"_index":["plural","n"],"_":{"zero":"Ingen kontakter fundet på simkort","one":"Importerede en kontakt","two":"Importerede {{n}} kontakter","few":"Importerede {{n}} kontakter","many":"Importerede {{n}} kontakter","other":"Importerede {{n}} kontakter"}},"memoryCardContacts-import":"Importer kontakter fra hukommelseskort","memoryCardContacts-importing":"Importerer kontakter fra hukommelseskort…","memoryCardContacts-reading":"Læser fra hukommelseskort…","memoryCardContacts-error":"Kunne ikke importere kontakter fra hukommelseskort","memoryCardContacts-imported3":{"_index":["plural","n"],"_":{"zero":"Ingen kontakter fundet på hukommelseskort","one":"Importerede 1 kontakt","two":"Importerede {{n}} kontakter","few":"Importerede {{n}} kontakter","many":"Importerede {{n}} kontakter","other":"Importerede {{n}} kontakter"}},"genericProgress":"{{current}}/{{total}}","facebook-import-msg":{"_index":["plural","imported"],"_":{"zero":"Ingen venner importeret (ud af {{total}})","one":"Importerede 1 ven (ud af {{total}})","two":"Importerede {{imported}} venner ud af {{total}}","few":"Importerede {{imported}} venner ud af {{total}}","many":"Importerede {{imported}} venner ud af {{total}}","other":"Importerede {{imported}} venner ud af {{total}}"}},"contactsMerged":{"_index":["plural","numDups"],"_":{"zero":"Ingen duplikerede kontakter sammenflettet","one":"1 duplikeret kontakt sammenflettet","two":"{{numDups}} kontakter sammenflettet","few":"{{numDups}} kontakter sammenflettet","many":"{{numDups}} kontakter sammenflettet","other":"{{numDups}} kontakter sammenflettet"}},"weekday-0-long":"Søndag","weekday-1-long":"Mandag","weekday-2-long":"Tirsdag","weekday-3-long":"Onsdag","weekday-4-long":"Torsdag","weekday-5-long":"Fredag","weekday-6-long":"Lørdag","weekday-0-short":"Søn","weekday-1-short":"Man","weekday-2-short":"Tir","weekday-3-short":"Ons","weekday-4-short":"Tor","weekday-5-short":"Fre","weekday-6-short":"Lør","month-0-long":"Januar","month-1-long":"Februar","month-2-long":"Marts","month-3-long":"April","month-4-long":"Maj","month-5-long":"Juni","month-6-long":"Juli","month-7-long":"August","month-8-long":"September","month-9-long":"Oktober","month-10-long":"November","month-11-long":"December","month-0-genitive":"januar","month-1-genitive":"februar","month-2-genitive":"marts","month-3-genitive":"april","month-4-genitive":"maj","month-5-genitive":"juni","month-6-genitive":"juli","month-7-genitive":"august","month-8-genitive":"september","month-9-genitive":"oktober","month-10-genitive":"november","month-11-genitive":"december","month-0-short":"Jan","month-1-short":"Feb","month-2-short":"Mar","month-3-short":"Apr","month-4-short":"Maj","month-5-short":"Jun","month-6-short":"Jul","month-7-short":"Aug","month-8-short":"Sep","month-9-short":"Okt","month-10-short":"Nov","month-11-short":"Dec","minutes-ago-long":{"_index":["plural","value"],"_":{"zero":"nu","one":"for et minut siden","two":"for {{value}} minutter siden","few":"for {{value}} minutter siden","many":"for {{value}} minutter siden","other":"for {{value}} minutter siden"}},"hours-ago-long":{"_index":["plural","value"],"_":{"zero":"nu","one":"for en time siden","two":"for {{value}} timer siden","few":"for {{value}} timer siden","many":"for {{value}} timer siden","other":"for {{value}} timer siden"}},"days-ago-long":{"_index":["plural","value"],"_":{"zero":"i dag","one":"i går","two":"for {{value}} dage siden","few":"for {{value}} dage siden","many":"for {{value}} dage siden","other":"for {{value}} dage siden"}},"weeks-ago-long":{"_index":["plural","value"],"_":{"zero":"denne uge","one":"sidste uge","two":"for {{value}} uger siden","few":"for {{value}} uger siden","many":"for {{value}} uger siden","other":"for {{value}} uger siden"}},"months-ago-long":{"_index":["plural","value"],"_":{"zero":"denne måned","one":"sidste måned","two":"for {{value}} måneder siden","few":"for {{value}} måneder siden","many":"for {{value}} måneder siden","other":"for {{value}} måneder siden"}},"years-ago-long":{"_index":["plural","value"],"_":{"zero":"dette år","one":"sidste år","two":"for {{value}} år siden","few":"for {{value}} år siden","many":"for {{value}} år siden","other":"for {{value}} år siden"}},"minutes-until-long":{"_index":["plural","value"],"_":{"zero":"nu","one":"om et minut","two":"om {{value}} minutter","few":"om {{value}} minutter","many":"om {{value}} minutter","other":"om {{value}} minutter"}},"hours-until-long":{"_index":["plural","value"],"_":{"zero":"nu","one":"om en time","two":"om {{value}} timer","few":"om {{value}} timer","many":"om {{value}} timer","other":"om {{value}} timer"}},"days-until-long":{"_index":["plural","value"],"_":{"zero":"i dag","one":"i morgen","two":"om {{value}} dage","few":"om {{value}} dage","many":"om {{value}} dage","other":"om {{value}} dage"}},"weeks-until-long":{"_index":["plural","value"],"_":{"zero":"denne uge","one":"næste uge","two":"om {{value}} uger","few":"om {{value}} uger","many":"om {{value}} uger","other":"om {{value}} uger"}},"months-until-long":{"_index":["plural","value"],"_":{"zero":"denne måned","one":"næste måned","two":"om {{value}} måneder","few":"om {{value}} måneder","many":"om {{value}} måneder","other":"om {{value}} måneder"}},"years-until-long":{"_index":["plural","value"],"_":{"zero":"i år","one":"næste år","two":"om {{value}} år","few":"om {{value}} år","many":"om {{value}} år","other":"om {{value}} år"}},"minutes-ago-short":{"_index":["plural","value"],"_":{"zero":"nu","other":"{{value}}m siden"}},"hours-ago-short":{"_index":["plural","value"],"_":{"zero":"nu","other":"{{value}}t siden"}},"days-ago-short":{"_index":["plural","value"],"_":{"zero":"i dag","other":"{{value}}d siden"}},"minutes-until-short":{"_index":["plural","value"],"_":{"zero":"nu","other":"om {{value}}m"}},"hours-until-short":{"_index":["plural","value"],"_":{"zero":"nu","other":"om {{value}}t"}},"days-until-short":{"_index":["plural","value"],"_":{"zero":"i dag","other":"om {{value}}d"}},"incorrectDate":"(forkert dato)","dateTimeFormat_%c":"%a d. %e. %b %Y %H:%M:%S","dateTimeFormat_%x":"%d-%m-%Y","dateTimeFormat_%X":"%H:%M:%S","shortTimeFormat":"%H:%M","shortDateTimeFormat":"%x %H:%M","weekStartsOnMonday":"1","time_am":"AM","time_pm":"PM","sim-picker-dial-via-with-number":"Ring til {{ phoneNumber }} via","sim-picker-select-sim":"Vælg simkort","sim-picker-button":"Simkort{{ n }}","sim-picker-button-default":"(standard)","label":"Etiket","mobile":"Mobil","home":"Hjem","work":"Arbejde","personal":"Personlig","faxHome":"Fax, hjem","faxOffice":"Fax, kontor","faxOther":"Fax, andet","another":"Anden","other":"Andet","customTag":{"placeholder":"Brugerdefineret etiket"},"current":"Nuværende","itemWithLabel":"{{label}}, {{item}}","waitDuplicateContacts":"Søger efter dupletter i kontakter","waitMergingDuplicateContacts":"Sammenfletter dupletter i kontakter","alertNoDuplicateContacts":"Ingen dupletter fundet i kontakter","merge":"Flet","mergeDuplicateTitle":"Sammenflet dupletter","suggestedDuplicateContacts":"Formodet duplet for kontakten {{name}}","mergeActionButtonLabel":{"_index":["plural","n"],"_":{"zero":"Ingen kontakter markeret","one":"Sammenflet med {{n}} kontakt","two":"Sammenflet med {{n}} kontakter","few":"Sammenflet med {{n}} kontakter","many":"Sammenflet med {{n}} kontakter","other":"Sammenflet med {{n}} kontakter"}},"duplicatesFoundTitle":"Dupletter fundet","duplicatesFoundMessage":"{{name}} indeholder information som også er fundet i de følgende kontakter","addNewNumber":"Tilføj nyt nummer","addToExistingContact":"Føj til en eksisterende kontakt","all":{"_":"Alle","ariaLabel":"Alle"},"callLog":"Opkaldslog","callLogEdit":{"title":"Rediger opkaldslog"},"callLogEditDialog":{"ariaLabel":"Rediger dialogboksen Opkaldslog"},"connecting":"Forbinder","cf-async":"Asynkron: {{ async }}\\n","cf-data":"Data: {{ data }}\\n","cf-error":"Der opstod en fejl ved indhentning af oplysning om viderestilling","cf-fax":"Fax: {{ fax }}\\n","cf-inactive":"Inaktiv","cf-packet":"Pakke: {{ packet }}\\n","cf-pad":"PAD: {{ pad }}\\n","cf-sms":"SMS: {{ sms }}\\n","cf-status":"Status for viderestilling\\n","cf-sync":"Synkron: {{ sync }}\\n","cf-voice":"Tale: {{ voice }}\\n","confirm-deletion":"Ryd de markerede opkald?","createNewContact":"Opret ny kontakt","dialerAddContact":{"ariaLabel":"Tilføj kontakt"},"dialerAddContactDialog":{"ariaLabel":"Tilføj dialogboksen Kontakter"},"edit-selected":{"_index":["plural","n"],"_":{"one":"{{ n }} markeret","two":"{{ n }} markerede","few":"{{ n }} markerede","many":"{{ n }} markerede","other":"{{ n }} markerede"}},"hideKeypad":{"ariaLabel":"Skjul tastatur"},"ignore":"Ignorer opkald","incoming":"Indgående","keypad":{"ariaLabel":"Tastatur"},"makeCall":{"ariaLabel":"Ring op"},"missed":{"_":"Ubesvarede","ariaLabel":"Ubesvarede"},"missedCall":"Ubesvaret opkald","missedCallMultiSims":"(Simkort {{ n }}) Ubesvaret opkald","mmi-error":"Der opstod en fejl ved afsendelse af beskeden","mmi-session-expired":"Session er udløbet","mmi-successfully-sent":"Beskeden er sendt","mmi-notification-title-with-sim":"({{sim}}) {{title}}","mute":{"ariaLabel":"Slå lyd fra"},"newCall":{"ariaLabel":"Nyt opkald"},"no-logs-msg-1":"Der er ikke noteret opkald","no-logs-msg-2":"Begynd at kommunikere nu","no-logs-msg-3":"Du er ikke gået glip af opkald","recents":{"ariaLabel":"Seneste opkald"},"reply":"Svar","send":"Send","switch-calls":"Skift samtale","withheld-number":"Tilbageholdt nummer","from-contact":"Fra {{ contact }}","from-number":"Fra {{ number }}","from-withheld-number":"Fra tilbageholdt nummer","sending":"Sender…","speakerOption":{"ariaLabel":"Højtaler"},"ussd-services":"{{ operator }}-tjenester","toggleKeypad":{"ariaLabel":"Slå tastatur til eller fra"},"type-your-response":{"placeholder":"Skriv dit svar…"},"clear-all-text":"Ryd al tekst","hide":"Skjul","hold":{"ariaLabel":"Hold"},"resume":{"_":"Fortsæt","ariaLabel":"Fortsæt"},"sendSms":"Send besked","callEnded":"Samtale afsluttet","via-sim":"via Simkort{{ n }}","sim-number":"Simkort{{ n }}","hangup-a11y-button":{"ariaLabel":"Afbryd"},"pickup-a11y-button":{"ariaLabel":"Svar"},"unlock-a11y-button":{"ariaLabel":"Forskyder"},"roaming":"{{operator}} (Roaming)","delete-n-log?":{"_index":["plural","n"],"_":{"zero":"Intet markeret","one":"Slet markeret log?","two":"Slet {{ n }} logs?","few":"Slet {{ n }} logs?","many":"Slet {{ n }} logs?","other":"Slet {{ n }} logs?"}},"callDurationMinutes":"{{ m }}:{{ s }}","callDurationHours":"{{ h }}:{{ m }}:{{ s}}","suggestionMatches":{"_index":["plural","n"],"_":{"one":"{{ n }} match efter \"{{ matchNumber }}\"","two":"{{ n }} matches efter \"{{ matchNumber }}\"","few":"{{ n }} matches efter \"{{ matchNumber }}\"","many":"{{ n }} matches efter \"{{ matchNumber }}\"","other":"{{ n }} matches efter \"{{ matchNumber }}\""}},"scCallBarring":"Opkaldsspærring","scCallForwarding":"Viderestilling","scClip":"Indkommende ID","scClir":"Udgående ID","scPwd":"Skift adgangskode","scCallWaiting":"Ventende opkald","scPin":"Skift pinkode","scPin2":"Skift PIN2-kode","scPuk":"Lås pinkoden op","scPuk2":"Lås PIN2-koden op","scImei":"IMEI-nummer","scUssd":"USSD","serviceClassVoice":"Stemme","serviceClassData":"Data","serviceClassFax":"Fax","serviceClassSms":"SMS","serviceClassDataSync":"Synkron","serviceClassDataAsync":"Asynkron","serviceClassPacket":"Pakke","serviceClassPad":"PAD","smServiceEnabled":"Tjenesten er aktiveret","smServiceDisabled":"Tjenesten er deaktiveret","smServiceRegistered":"Registrering udført","smServiceErased":"Sletning udført","smServiceInterrogated":"Forespørgsel udført","smServiceNotProvisioned":"Tjenesten er ikke klargjort","smClirPermanent":"Du kan ikke ændre indstilling for nummervisning","smClirDefaultOnNextCallOn":"Nummervisning er som standard begrænset. Næste opkald: Begrænset","smClirDefaultOnNextCallOff":"Nummervisning er som standard begrænset. Næste opkald: Ubegrænset","smClirDefaultOffNextCallOn":"Nummervisning er som standard ubegrænset. Næste opkald: Begrænset","smClirDefaultOffNextCallOff":"Nummervisning er som standard ubegrænset. Næste opkald: Ubegrænset","smServiceEnabledFor":"Tjenesten blev aktiveret for:","smPinChanged":"Pinkode er ændret","smPinUnblocked":"Pinkode er låst op","smPin2Changed":"PIN2-kode er ændret","smPin2Unblocked":"PIN2-kode er låst op","ServiceIsEnabled":"Service is enabled","ServiceIsDisabled":"Service is disabled","ServiceIsEnabledFor":"Service is enabled for:","emMmiError":"Forbindelsesproblem eller ugyldig MMI-kode","emMmiErrorPasswordIncorrect":"Forkert adgangskode","emMmiErrorNotSupported":"Ugyldig eller ikke understøttet MMI-kode","emMmiErrorInvalidAction":"Ugyldig handling","emMmiErrorInvalidScCode":"Ugyldig tjenestekode","emMmiErrorBadPuk":"Den indtastede PUK-kode er forkert","emMmiErrorBadPin":"Den gamle pinkode er forkert.","emMmiErrorNeedPuk2":"Indtast PUK2-koden for at låse simkortet op","emMmiErrorMismatchPin":"De indtastede pinkoder er ikke ens","emMmiErrorInvalidPin":"Indtast en pinkode på mellem 4 og 8 cifre","emMmiErrorNeedsPuk":"Dit simkort er PUK-låst","emMmiErrorEnablePin":"Det mislykkedes. Aktiver sim-/RUIM-lås","emMmiErrorMmiFdn":"Operationen er begrænset til faste opkaldsnumre","emMmiErrorStkCcUssdDial":"USSD-forespørgsel er ændret til en DIAL-forespørgsel","emMmiErrorStkCcUssdSs":"USSD-forespørgsel er ændret til en SS-forespørgsel","emMmiErrorStkCcUssdUssd":"USSD-forespørgsel er ændret til en ny USSD-forespørgsel","emMmiErrorStkCcSsDial":"SS-forespørgsel er ændret til en DIAL-forespørgsel","emMmiErrorStkCcSsUssd":"SS-forespørgsel er ændret til en USSD-forespørgsel","emMmiErrorStkCcSsSs":"SS-forespørgsel er ændret til en ny SS-forespørgsel","emMmiErrorPinPukAttempts":{"_index":["plural","n"],"_":{"one":"Kun {{ n }} forsøg tilbage","two":"{{ n }} forsøg tilbage","few":"{{ n }} forsøg tilbage","many":"{{ n }} forsøg tilbage","other":"{{ n }} forsøg tilbage"}},"emMmiErrorSimBlocked":"Du har ikke flere forsøg tilbage. Simkortet er låst","RadioNotAvailable":"Radio er ikke tilgængelig","GenericFailure":"Generel fejl","PasswordIncorrect":"Forkert adgangskode","SimPin2":"Simkortets PIN2-kode","SimPuk2":"Simkortets PUK2-kode","RequestNotSupported":"Forespørgsel er ikke understøttet","OpNotAllowedDuringVoiceCall":"Operationen er ikke tilladt samtidig med et stemmeopkald","SmsSendFailRetry":"Afsendelse af SMS mislykkedes. Prøv igen","SimAbsent":"Intet simkort","SubscriptionNotAvailable":"Abonnement ikke tilgængeligt","ModeNotSupported":"Ikke understøttet tilstand","FdnCheckFailure":"FON-tjekfejl","IllegalSimOrMe":"Ugyldigt simkort eller ME","DialModifiedToUssd":"Opkald ændret til USSD","DialModifiedToSs":"Opkald ændret til SS","DialModifiedToDial":"Opkald ændret til opkald","UssdModifiedToDial":"USSD ændret til opkald","UssdModifiedToSs":"USSD ændret til SS","UssdModifiedToUssd":"USSD ændret til USSD","SsModifiedToDial":"SS ændret til opkald","SsModifiedToUssd":"SS ændret til USSD","SsModifiedToSs":"SS ændret til SS","SubscriptionNotSupported":"Abonnement ikke understøttet","InvalidParameter":"Ugyldig parameter","RejectedByRemote":"Afvist af modpart","conferenceCall":"Gruppesamtale ({{n}})","caller-left-call":"{{ caller }} har forladt samtalen.","conferenceAddError":"Kan ikke sammenflette opkald","conferenceRemoveError":"Kan ikke adskille opkald","longDateFormat":"%A d. %e. %B","select-audio-sources":"Vælg lydkilder","bluetooth-handsfree-device":"Håndfri Bluetooth-enhed","receiver":"Modtager","speaker":"Højtaler","voicemailNoNumberTitle":"Telefonsvarerens nummer findes ikke","voicemailNoNumberText":"Kan ikke ringe til telefonsvareren. Du skal angive et nummer til telefonsvareren for at kunne ringe til den.","voicemailNoNumberSettings":"Indstillinger","voicemailNoNumberCancel":"Annuller","phoneNumberInput":{"ariaLabel":"Telefonnummer"},"keypadDelete":{"ariaLabel":"Slet"},"voiceMailKey":{"ariaLabel":"Telefonbesked"},"asterisk":{"ariaLabel":"Stjerne"},"hashSign":{"ariaLabel":"Firkant"}}