{"close":"Schließen","import":"Importieren","update":"Aktualisieren","fbFriends":"Facebook","live-serviceName":"Windows Live","gmail-serviceName":"Gmail","facebook-serviceName":"Facebook-Freunde","selectAll":"Alle auswählen","deselectAll":"Alle abwählen","viewAll":"Alle Facebook-Freunde anzeigen","viewRecommend":"Nur Empfohlene anzeigen","linkProposal":{"_index":["plural","numFriends"],"_":{"zero":"Keine übereinstimmenden Freunde. Zeige alle an.","one":"Den Vorschlag auswählen","two":"Einen Vorschlag auswählen","few":"Einen Vorschlag auswählen","many":"Einen Vorschlag auswählen","other":"Einen Vorschlag auswählen"}},"fbFriendsFound":{"_index":["plural","numFriends"],"_":{"zero":"Alle Ihre Freunde wurden importiert.","one":"Einen Freund für den Import gefunden","two":"{{numFriends}} Freunde für den Import gefunden","few":"{{numFriends}} Freunde für den Import gefunden","many":"{{numFriends}} Freunde für den Import gefunden","other":"{{numFriends}} Freunde für den Import gefunden"}},"fbNoFriends":"Keine Kontakte zum Importieren verfügbar.","facebook":"Facebook","search-contact":{"placeholder":"Suchen"},"noResults":"Keine Kontakte gefunden","done-search":"Fertig","progressFB3ImportTitle":"Freunde werden in Kontakte importiert","progressFB":"{{current}}/{{total}}","progressFB3UpdateTitle":"Freunde in Kontakten werden aktualisiert","message2":"Dies kann einige Minuten in Anspruch nehmen","messageLinking":"Bitte warten Sie. Ihre Freunde werden mit Ihren Kontakten verknüpft.","messageCanceling":"Bitte warten Sie. Der laufende Vorgang wird abgebrochen.","error1":"Fehler {{from}}","error2":"Erneut versuchen?","errorProposal":"beim Erstellen der Vorschläge","errorFriends":"beim Abrufen der Freunde","errorLinking":"beim Verknüpfen der Kontakte","timeout1":"Verbindungs-Zeitlimit überschritten {{from}}","timeout2":"Erneut versuchen?","timeoutProposal":"beim Erstellen der Vorschläge","timeoutFriends":"beim Abrufen der Freunde","timeoutLinking":"beim Verknüpfen der Kontakte","wait1":"Bitte warten Sie","wait2":"Dies kann einige Minuten in Anspruch nehmen","waitProposal":"Bitte warten Sie. Vorschlag wird erstellt…","waitFriends":"Bitte warten Sie. Ihre Freundesliste wird abgerufen…","curtainCancel":"Abbrechen","curtainRetry":"Erneut versuchen","curtainOK":"OK","connectionLost":"Keine Internetverbindung","connectionLostMsg":"Die Fotos Ihrer Freunde werden nicht zu Ihren Kontakten hinzugefügt. Wollen Sie trotzdem fortfahren?","yesOption":"OK","noOption":"Abbrechen","friendsUpdated":{"_index":["plural","numFriends"],"_":{"zero":"Keine Freunde aktualisiert","one":"Ein Freund aktualisiert","two":"{{numFriends}} Freunde aktualisiert","few":"{{numFriends}} Freunde aktualisiert","many":"{{numFriends}} Freunde aktualisiert","other":"{{numFriends}} Freunde aktualisiert"}},"friendsMerged":{"_index":["plural","numDups"],"_":{"zero":"Keine duplizierten Freunde zusammengeführt","one":"Einen duplizierten Freund zusammengeführt","two":"{{numDups}} Freunde zusammengeführt","few":"{{numDups}} Freunde zusammengeführt","many":"{{numDups}} Freunde zusammengeführt","other":"{{numDups}} Freunde zusammengeführt"}},"notificationLogin":"Ihre Facebook-Sitzung ist ungültig. Bitte melden Sie sich an.","syncError":"Fehler beim Abgleichen der Daten Ihrer Freunde","callAirplaneModeMessage":"Um einen Anruf zu tätigen, müssen Sie den Flugmodus in den Einstellungen deaktivieren.","callAirplaneModeBtnOk":"OK","callAirplaneModeTitle":"Flugmodus aktiv","numberIsBusyTitle":"Nummer ist besetzt","numberIsBusyMessage":"Die Nummer ist derzeit besetzt. Bitte versuchen Sie es später erneut.","fdnIsActiveTitle":"FDN aktiv","fdnIsActiveMessage":"Die Einschränkung anrufbarer Nummern ist aktiv und die folgende Nummer befindet sich nicht in Ihrer Freigabe: {{ number }}","voiceMail":"Mailbox","emergencyNumber":"Notrufnummer","emergencyDialogBodyBadNumber":"Um einen Anruf tätigen zu können, müssen Sie zunächst eine Netzverbindung aufbauen.","emergencyDialogBodyDeviceNotAccepted":"Notrufe werden von diesem Netz nicht zugelassen.","emergencyDialogBtnOk":"OK","emergencyDialogTitle":"Keine Netzverbindung","invalidNumberToDialTitle":"Ungültige Telefonnummer","invalidNumberToDialMessage":"Die von Ihnen gewählte Nummer ist keine gültige Telefonnummer.","unableToCallTitle":"Kann derzeit keine Telefonanrufe tätigen.","unableToCallMessage":"Kann derzeit keine Telefonanrufe tätigen. Falls Sie bereits wählen, so legen Sie bitte vor dem erneuten Wählen erst noch einmal auf.","otherConnectionInUseTitle":"Andere Verbindung wird verwendet","otherConnectionInUseMessage":"Auf einer anderen Verbindung läuft derzeit ein Gespräch. Es kann maximal eine Verbindung verwendet werden.","add":"Hinzufügen","call":"Anrufen","edit":"Bearbeiten","cancel":"Abbrechen","done":"Fertig","ok":"OK","retry":"Erneut versuchen","contacts":"Kontakte","addContact":"Hinzufügen","deleteContact":"Kontakt löschen","selectContact":"Kontakt auswählen","editContact":"Bearbeiten","deleteConfirmMsg":"Soll dieser Kontakt wirklich gelöscht werden?","remove":"Löschen","delete":"Löschen","comments":"Notizen","no_contact_phones":"Dieser Kontakt verfügt über keine Telefonnummer.","no_contact_email":"Dieser Kontakt verfügt über keine E-Mail-Adresse.","no_contact_data":"Dieser Kontakt verfügt weder über eine Telefonnummer noch über eine E-Mail-Adresse.","removePhotoConfirm":"Kontaktfoto entfernen?","loadingContacts":"Kontakte werden geladen…","noContactsActivity":"Telefonnummer kann nicht zu Kontakt hinzugefügt werden, weil das Adressbuch leer ist.","noName":"Kein Name","givenName":{"placeholder":"Vorname"},"familyName":{"placeholder":"Nachname"},"tel":{"placeholder":"Nummer"},"carrier":{"_":"Telefonanbieter","placeholder":"Anbieter"},"separator":", ","email":{"_":"E-Mail","placeholder":"E-Mail"},"streetAddress":{"placeholder":"Straße"},"postalCode":{"placeholder":"PLZ"},"locality":{"placeholder":"Ort"},"countryName":{"placeholder":"Land"},"comment":{"placeholder":"Notizen"},"org":{"placeholder":"Firma"},"date":{"_":"Datum","placeholder":"Datum"},"date-span-placeholder":"Datum","birthday":"Geburtstag","dateFormat":"%e. %B","dateOutput":"{{dayMonthFormatted}} {{year}}","anniversary":"Jahrestag","addPhoto":"Foto hinzufügen","addPhone":"Nummer hinzufügen","addEmail":"E-Mail-Adresse hinzufügen","addAddress":"Adresse hinzufügen","addDate":"Datum hinzufügen","addComment":"Notiz hinzufügen","addFavorite":"Als Favorit hinzufügen","removeFavorite":"Aus den Favoriten entfernen","exit":"Beenden","expand":"Ausklappen","labelName":"Vorname:","labelLastName":"Nachname:","labelPhoneNumber":"Telefonnummer:","labelCarrier":"Telefonanbieter:","labelEmail":"E-Mail:","labelStreet":"Straße:","labelZip":"Postleitzahl:","labelCity":"Ort:","labelCountry":"Land:","labelComment":"Notizen:","legendTitleMain":"Überblick","legendPhones":"Telefonnummern","legendEmail":"E-Mail-Adresse","legendAddress":"Adresse","legendPhoto":{"ariaLabel":"Foto"},"settings":"Einstellungen","transferContactsTitle":"Kontakte übertragen","importContactsTitle":"Kontakte importieren","importContactsButton":"Kontakte importieren","exportContactsTitle":"Kontakte exportieren","exportContactsButton":"Kontakte exportieren","exportContactsAction":"Exportieren","simExport-title":"Auf SIM-Karte exportieren","sdExport-title":"Auf SD-Karte exportieren","btExport-title":"Per Bluetooth exportieren","sdUMSEnabled":"SD-Karte kann nicht verwendet werden, weil der USB-Speicher aktiviert ist.","exportErrorTitle":"Fehler beim Export","contactsExported2":{"_index":["plural","exported"],"_":{"zero":"Keine Kontakte exportiert","one":"{{exported}}/{{total}} Kontakten exportiert","two":"{{exported}}/{{total}} Kontakten exportiert","few":"{{exported}}/{{total}} Kontakten exportiert","many":"{{exported}}/{{total}} Kontakten exportiert","other":"{{exported}}/{{total}} Kontakten exportiert"}},"exportError-general":"Während des Exports ist ein Fehler aufgetreten.","exportError-SD-shared":"Kein Zugriff auf die Speicherkarte, da sie mehrfach genutzt wird.","exportError-SD-unavailable":"Die Speicherkarte ist nicht verfügbar.","exportError-SD-noSpace":"Es gibt nicht genügend Platz auf der Speicherkarte, um die Kontakte zu exportieren.","exportError-SIM-unavailable":"Die SIM-Karte ist nicht verfügbar.","exportError-BT-shared":"Kein Zugriff auf die Speicherkarte, da sie mehrfach genutzt wird.","exportError-BT-unavailable":"Die Speicherkarte ist nicht verfügbar.","exportError-BT-noSpace":"Auf der Speicherkarte steht nicht genügend Platz zur Verfügung, um die Kontakte zu exportieren.","social-network":"Soziale Netzwerke","social-link":"Kontakt verknüpfen","social-unlink":"Verknüpfung aufheben","social-unlink-confirm-title":"Soll die Verknüpfung mit diesem Kontakt aufgehoben werden?","social-unlink-confirm-accept":"Aufheben","facebook-import":"Facebook-Freunde importieren","show-fb-profile":"Facebook-Profil anzeigen","msg-send":"Nachricht","wall-post":"Pinnwandpost","facebook-export-forbidden":"Der Kontakt kann auf Grund von Vorgaben seitens Facebook nicht weitergegeben werden.","otherAccount":"Andere Konten","facebookSwitchMsg":"Freunde abgleichen","select_mobile":"Mobiltelefonnummer auswählen","select_email":"E-Mail-Adresse auswählen","select_recipient":"Empfänger auswählen","contactsOrderBy":"Sortierung: Nachname","importSim2":"SIM-Karte","importGmail":"Gmail","bluetooth":"Bluetooth","importOutlook":"Outlook","fbUpdateFriends":"Freunde aktualisieren","cleaningFbData":"Facebook-Daten werden entfernt…","loggingOutFb":"Abmelden von Facebook…","cleanFbConfirmMsg":"Alle Facebook-Daten entfernen?","renewPwdMsg":"Ihr Passwort auf Facebook hat sich geändert. Bitte aktualisieren Sie es.","notEnabledYet":"Noch nicht aktiviert","genericNoConnection":"Verbinden Sie zum Importieren von Kontakten mit einem WLAN-Netzwerk oder einem Datenübertragungen unterstützenden Mobilfunknetz.","simCard":"SIM-Karte","memoryCard":"Speicherkarte","simNumber":"SIM {{number}}","setICEButton":"Notfallkontakte auswählen","ICESettingTitle":"Notfallkontakte","ICEDescription":"Wählen Sie zwei Kontakte, um sie im Notfall anzurufen.","ICEContact1":"Notfallkontakt 1","ICESelectContact":"Kontakt auswählen","ICEContact2":"Notfallkontakt 2","create-new":"Neuen Kontakt anlegen","import-now":"Importieren Sie Ihre Kontakte von der SIM-Karte oder von Facebook.","no-contacts":"Keine Kontakte","start-adding":"Beginnen Sie jetzt mit dem Hinzufügen.","notImported":"Nicht importiert","imported":"Importiert","today":"Heute","yesterday":"Gestern","organise-contacts":"Kontakte verwalten","find-merge-contacts":"Doppelte Kontakte finden","preparing-contacts":"Kontakte werden aufbereitet…","exportError-SIM-NoFreeRecordFound":"Die SIM-Karte ist voll.","exportError-SIM-CannotAccessPhoneBook":"Kein Zugriff auf das Telefonbuch der SIM-Karte.","exportError-SIM-Unavailable":"Keine SIM-Karte verfügbar","exportError-SIM-GenericError":"Beim Exportieren eines Kontaktes trat ein Fehler auf.","noSimMsgExport":"Zum Exportieren von Kontakten muss die SIM-Karte eingelegt und entsperrt sein.","noMemoryCardMsgExport":"Legen Sie zum Exportieren von Kontakten eine Speicherkarte ein.","ContactManagementTitle":"Kontakteverwaltung","DeleteTitle":"Löschen","bulkDeleteButton":"Kontakte löschen","BulkDelCancel":"Löschen von Kontakten abgebrochen","DeletedTxt":{"_index":["plural","n"],"_":{"zero":"Keine Kontakte zum Löschen","one":"1 Kontakt gelöscht","two":"{{n}} Kontakte gelöscht","few":"{{n}} Kontakte gelöscht","many":"{{n}} Kontakte gelöscht","other":"{{n}} Kontakte gelöscht"}},"DeletingContacts":"Kontakte werden gelöscht…","ContactConfirmDel":{"_index":["plural","n"],"_":{"zero":"Keine Kontakte zum Löschen","one":"1 Kontakt löschen? Die Aktion kann nicht rückgängig gemacht werden.","two":"{{n}} Kontakte löschen? Die Aktion kann nicht rückgängig gemacht werden.","few":"{{n}} Kontakte löschen? Die Aktion kann nicht rückgängig gemacht werden.","many":"{{n}} Kontakte löschen? Die Aktion kann nicht rückgängig gemacht werden.","other":"{{n}} Kontakte löschen? Die Aktion kann nicht rückgängig gemacht werden."}},"SelectedTxt":{"_index":["plural","n"],"_":{"zero":"Kontakte","one":"{{n}} ausgewählt","two":"{{n}} ausgewählt","few":"{{n}} ausgewählt","many":"{{n}} ausgewählt","other":"{{n}} ausgewählt"}},"video":"Video","audio":"Audio","pick_destination":"{{ destination }} ({{ carrier }})","removeField":{"ariaLabel":"Entfernen"},"undo":{"ariaLabel":"Rückgängig machen"},"back":"Zurück","noSimMsg":"Legen Sie eine SIM-Karte ein und/oder entsperren Sie diese, um Kontakte zu importieren.","noMemoryCardMsg":"Legen Sie zum Importieren von Kontakten eine Speicherkarte ein.","importMemoryCard":"Speicherkarte","noConnection11":"Verbinden Sie zum Importieren Ihrer Facebook-Freunde oder von Kontakten mit einem WLAN-Netzwerk oder einem Datenübertragungen unterstützenden Mobilfunknetz.","simContacts-import":"SIM-Kontakte importieren","simContacts-importing":"SIM-Kontakte werden importiert…","simContacts-reading":"SIM-Karte wird gelesen…","simContacts-error":"Konnte Kontakte nicht von SIM-Karte importieren","simContacts-imported3":{"_index":["plural","n"],"_":{"zero":"Keine Kontakte zum Importieren auf SIM gefunden","one":"Ein Kontakt importiert","two":"{{n}} Kontakte importiert","few":"{{n}} Kontakte importiert","many":"{{n}} Kontakte importiert","other":"{{n}} Kontakte importiert"}},"memoryCardContacts-import":"Kontakte von der Speicherkarte importieren","memoryCardContacts-importing":"Kontakte werden von der Speicherkarte importiert…","memoryCardContacts-reading":"Von der Speicherkarte wird gelesen…","memoryCardContacts-error":"Kontakte konnten nicht von der Speicherkarte importiert werden","memoryCardContacts-imported3":{"_index":["plural","n"],"_":{"zero":"Keine Kontakte für Import auf der Speicherkarte gefunden","one":"Ein Kontakt importiert","two":"{{n}} Kontakte importiert","few":"{{n}} Kontakte importiert","many":"{{n}} Kontakte importiert","other":"{{n}} Kontakte importiert"}},"genericProgress":"{{current}}/{{total}}","facebook-import-msg":{"_index":["plural","imported"],"_":{"zero":"Keine Freunde importiert (von {{total}})","one":"Ein Freund importiert (von {{total}})","two":"{{imported}} von {{total}} Freunden importiert","few":"{{imported}} von {{total}} Freunden importiert","many":"{{imported}} von {{total}} Freunden importiert","other":"{{imported}} von {{total}} Freunden importiert"}},"contactsMerged":{"_index":["plural","numDups"],"_":{"zero":"Keine doppelten Kontakte zusammengeführt","one":"Ein doppelter Kontakt zusammengeführt","two":"{{numDups}} Kontakte zusammengeführt","few":"{{numDups}} Kontakte zusammengeführt","many":"{{numDups}} Kontakte zusammengeführt","other":"{{numDups}} Kontakte zusammengeführt"}},"weekday-0-long":"Sonntag","weekday-1-long":"Montag","weekday-2-long":"Dienstag","weekday-3-long":"Mittwoch","weekday-4-long":"Donnerstag","weekday-5-long":"Freitag","weekday-6-long":"Samstag","weekday-0-short":"So","weekday-1-short":"Mo","weekday-2-short":"Di","weekday-3-short":"Mi","weekday-4-short":"Do","weekday-5-short":"Fr","weekday-6-short":"Sa","month-0-long":"Januar","month-1-long":"Februar","month-2-long":"März","month-3-long":"April","month-4-long":"Mai","month-5-long":"Juni","month-6-long":"Juli","month-7-long":"August","month-8-long":"September","month-9-long":"Oktober","month-10-long":"November","month-11-long":"Dezember","month-0-genitive":"Januar","month-1-genitive":"Februar","month-2-genitive":"März","month-3-genitive":"April","month-4-genitive":"Mai","month-5-genitive":"Juni","month-6-genitive":"Juli","month-7-genitive":"August","month-8-genitive":"September","month-9-genitive":"Oktober","month-10-genitive":"November","month-11-genitive":"Dezember","month-0-short":"Jan","month-1-short":"Feb","month-2-short":"Mär","month-3-short":"Apr","month-4-short":"Mai","month-5-short":"Jun","month-6-short":"Jul","month-7-short":"Aug","month-8-short":"Sep","month-9-short":"Okt","month-10-short":"Nov","month-11-short":"Dez","minutes-ago-long":{"_index":["plural","value"],"_":{"zero":"gerade eben","one":"vor 1 Minute","two":"vor {{value}} Minuten","few":"vor {{value}} Minuten","many":"vor {{value}} Minuten","other":"vor {{value}} Minuten"}},"hours-ago-long":{"_index":["plural","value"],"_":{"zero":"gerade eben","one":"vor 1 Stunde","two":"vor {{value}} Stunden","few":"vor {{value}} Stunden","many":"vor {{value}} Stunden","other":"vor {{value}} Stunden"}},"days-ago-long":{"_index":["plural","value"],"_":{"zero":"heute","one":"gestern","two":"vor {{value}} Tagen","few":"vor {{value}} Tagen","many":"vor {{value}} Tagen","other":"vor {{value}} Tagen"}},"weeks-ago-long":{"_index":["plural","value"],"_":{"zero":"diese Woche","one":"letzte Woche","two":"vor {{value}} Wochen","few":"vor {{value}} Wochen","many":"vor {{value}} Wochen","other":"vor {{value}} Wochen"}},"months-ago-long":{"_index":["plural","value"],"_":{"zero":"diesen Monat","one":"letzten Monat","two":"vor {{value}} Monaten","few":"vor {{value}} Monaten","many":"vor {{value}} Monaten","other":"vor {{value}} Monaten"}},"years-ago-long":{"_index":["plural","value"],"_":{"zero":"dieses Jahr","one":"letztes Jahr","two":"vor {{value}} Jahren","few":"vor {{value}} Jahren","many":"vor {{value}} Jahren","other":"vor {{value}} Jahren"}},"minutes-until-long":{"_index":["plural","value"],"_":{"zero":"jetzt","one":"in 1 Minute","two":"in {{value}} Minuten","few":"in {{value}} Minuten","many":"in {{value}} Minuten","other":"in {{value}} Minuten"}},"hours-until-long":{"_index":["plural","value"],"_":{"zero":"jetzt","one":"in einer Stunde","two":"in {{value}} Stunden","few":"in {{value}} Stunden","many":"in {{value}} Stunden","other":"in {{value}} Stunden"}},"days-until-long":{"_index":["plural","value"],"_":{"zero":"heute","one":"morgen","two":"in {{value}} Tagen","few":"in {{value}} Tagen","many":"in {{value}} Tagen","other":"in {{value}} Tagen"}},"weeks-until-long":{"_index":["plural","value"],"_":{"zero":"diese Woche","one":"nächste Woche","two":"in {{value}} Wochen","few":"in {{value}} Wochen","many":"in {{value}} Wochen","other":"in {{value}} Wochen"}},"months-until-long":{"_index":["plural","value"],"_":{"zero":"diesen Monat","one":"nächsten Monat","two":"in {{value}} Monaten","few":"in {{value}} Monaten","many":"in {{value}} Monaten","other":"in {{value}} Monaten"}},"years-until-long":{"_index":["plural","value"],"_":{"zero":"dieses Jahr","one":"nächstes Jahr","two":"in {{value}} Jahren","few":"in {{value}} Jahren","many":"in {{value}} Jahren","other":"in {{value}} Jahren"}},"minutes-ago-short":{"_index":["plural","value"],"_":{"zero":"jetzt","other":"vor {{value}} m"}},"hours-ago-short":{"_index":["plural","value"],"_":{"zero":"jetzt","other":"vor {{value}} h"}},"days-ago-short":{"_index":["plural","value"],"_":{"zero":"heute","other":"vor {{value}} d"}},"minutes-until-short":{"_index":["plural","value"],"_":{"zero":"jetzt","other":"in {{value}} m"}},"hours-until-short":{"_index":["plural","value"],"_":{"zero":"jetzt","other":"in {{value}} h"}},"days-until-short":{"_index":["plural","value"],"_":{"zero":"heute","other":"in {{value}} d"}},"incorrectDate":"(ungültiges Datum)","dateTimeFormat_%c":"%a, %e. %b %Y %H:%M:%S","dateTimeFormat_%x":"%d.%m.%Y","dateTimeFormat_%X":"%H:%M:%S","shortTimeFormat":"%H:%M","shortDateTimeFormat":"%x %H:%M","weekStartsOnMonday":"1","time_am":"AM","time_pm":"PM","sim-picker-dial-via-with-number":"{{ phoneNumber }} anrufen mit","sim-picker-select-sim":"SIM auswählen","sim-picker-button":"SIM{{ n }}","sim-picker-button-default":"(Standard)","label":"Kategorie","mobile":"Mobil","home":"Zuhause","work":"Dienstlich","personal":"Privat","faxHome":"Fax Zuhause","faxOffice":"Fax Dienstlich","faxOther":"Anderes Fax","another":"Weitere","other":"Sonstiges","customTag":{"placeholder":"Eigene Kategorie"},"current":"Aktuell","itemWithLabel":"{{label}}: {{item}}","waitDuplicateContacts":"Es wird nach doppelten Kontakten gesucht…","waitMergingDuplicateContacts":"Doppelte Kontakte werden zusammengeführt…","alertNoDuplicateContacts":"Keine doppelten Kontakte gefunden","merge":"Zusammenführen","mergeDuplicateTitle":"Duplikate","suggestedDuplicateContacts":"Vorgeschlagene doppelte Kontakte für {{name}}:","mergeActionButtonLabel":{"_index":["plural","n"],"_":{"zero":"Keine Kontakte ausgewählt","one":"Mit {{n}} Kontakt zusammenführen","two":"Mit {{n}} Kontakten zusammenführen","few":"Mit {{n}} Kontakten zusammenführen","many":"Mit {{n}} Kontakten zusammenführen","other":"Mit {{n}} Kontakten zusammenführen"}},"duplicatesFoundTitle":"Duplikate gefunden","duplicatesFoundMessage":"Informationen zu {{name}} finden sich ebenfalls in den folgenden Kontakten:","addNewNumber":"Neue Nummer hinzufügen","addToExistingContact":"Zu bestehendem Kontakt hinzufügen","all":{"_":"Alle","ariaLabel":"Alle"},"callLog":"Anrufliste","callLogEdit":{"title":"Anrufliste bearbeiten"},"callLogEditDialog":{"ariaLabel":"Dialog Anrufliste bearbeiten"},"connecting":"Verbinden…","cf-async":"Asynchron: {{ async }}\\n","cf-data":"Daten: {{ data }}\\n","cf-error":"Beim Abrufen des Weiterleitungsstatus trat ein Fehler auf","cf-fax":"Fax: {{ fax }}\\n","cf-inactive":"Inaktiv","cf-packet":"Paket: {{ packet }}\\n","cf-pad":"Notizen: {{ pad }}\\n","cf-sms":"SMS: {{ sms }}\\n","cf-status":"Weiterleitungsstatus\\n","cf-sync":"Synchron: {{ sync }}\\n","cf-voice":"Telefon: {{ voice }}\\n","confirm-deletion":"Alle Anrufe löschen?\\nSollen wirklich alle Anrufe aus der Anrufliste gelöscht werden?","createNewContact":"Als neuen Kontakt speichern","dialerAddContact":{"ariaLabel":"Kontakt hinzufügen"},"dialerAddContactDialog":{"ariaLabel":"Dialog Kontakt hinzufügen"},"edit-selected":{"_index":["plural","n"],"_":{"one":"{{ n }} ausgewählt","two":"{{ n }} ausgewählt","few":"{{ n }} ausgewählt","many":"{{ n }} ausgewählt","other":"{{ n }} ausgewählt"}},"hideKeypad":{"ariaLabel":"Tastatur ausblenden"},"ignore":"Anruf ignorieren","incoming":"Eingehend","keypad":{"ariaLabel":"Tasten"},"makeCall":{"ariaLabel":"Anruf durchführen"},"missed":{"_":"Entgangen","ariaLabel":"Entgangen"},"missedCall":"Entgangener Anruf","missedCallMultiSims":"(SIM {{ n }}) Entgangener Anruf","mmi-error":"Beim Senden der Nachricht trat ein Fehler auf","mmi-session-expired":"Sitzung abgelaufen","mmi-successfully-sent":"Nachricht erfolgreich gesendet","mmi-notification-title-with-sim":"({{sim}}) {{title}}","mute":{"ariaLabel":"Stumm schalten"},"newCall":{"ariaLabel":"Neuer Anruf"},"no-logs-msg-1":"Keine Anrufe","no-logs-msg-2":"Rufen Sie doch jemanden an.","no-logs-msg-3":"Keine entgangenen Anrufe","recents":{"ariaLabel":"Letzte Anrufe"},"reply":"Antworten","send":"Senden","switch-calls":"Gespräche wechseln","withheld-number":"Keine Nummer","from-contact":"Von {{ contact }}","from-number":"Von {{ number }}","from-withheld-number":"Von unterdrückter Nummer","sending":"Wird gesendet…","speakerOption":{"ariaLabel":"Lautsprecher"},"ussd-services":"Dienste von {{ operator }}","toggleKeypad":{"ariaLabel":"Tastatur umschalten"},"type-your-response":{"placeholder":"Tippen Sie Ihre Antwort…"},"clear-all-text":"Gesamten Text löschen","hide":"Ausblenden","hold":{"ariaLabel":"Gespräch halten"},"resume":{"_":"Fortsetzen","ariaLabel":"Fortsetzen"},"sendSms":"Nachricht senden","callEnded":"Gespräch beendet","via-sim":"über SIM{{ n }}","sim-number":"SIM{{ n }}","hangup-a11y-button":{"ariaLabel":"Auflegen"},"pickup-a11y-button":{"ariaLabel":"Annehmen"},"unlock-a11y-button":{"ariaLabel":"Schieber"},"roaming":"{{operator}} (Roaming)","delete-n-log?":{"_index":["plural","n"],"_":{"zero":"Nichts ausgewählt","one":"Ausgewählten Anruf entfernen?","two":"{{ n }} Anrufe entfernen?","few":"{{ n }} Anrufe entfernen?","many":"{{ n }} Anrufe entfernen?","other":"{{ n }} Anrufe entfernen?"}},"callDurationMinutes":"{{ m }}:{{ s }}","callDurationHours":"{{ h }}:{{ m }}:{{ s}}","suggestionMatches":{"_index":["plural","n"],"_":{"one":"{{ n }} Vorschlag für \"{{ matchNumber }}\"","two":"{{ n }} Vorschläge für \"{{ matchNumber }}\"","few":"{{ n }} Vorschläge für \"{{ matchNumber }}\"","many":"{{ n }} Vorschläge für \"{{ matchNumber }}\"","other":"{{ n }} Vorschläge für \"{{ matchNumber }}\""}},"scCallBarring":"Anrufblockierung","scCallForwarding":"Anrufweiterleitung","scClip":"Anrufer-ID eingehend","scClir":"Anrufer-ID ausgehend","scPwd":"Passwort ändern","scCallWaiting":"Wartender Anruf","scPin":"PIN ändern","scPin2":"PIN2 ändern","scPuk":"PIN entsperren","scPuk2":"PIN2 entsperren","scImei":"IMEI","scUssd":"USSD","serviceClassVoice":"Sprache","serviceClassData":"Daten","serviceClassFax":"FAX","serviceClassSms":"SMS","serviceClassDataSync":"Synchron","serviceClassDataAsync":"Asynchron","serviceClassPacket":"Paket","serviceClassPad":"PAD","smServiceEnabled":"Dienst wurde aktiviert.","smServiceDisabled":"Dienst wurde deaktiviert.","smServiceRegistered":"Registrierung war erfolgreich.","smServiceErased":"Löschen war erfolgreich.","smServiceInterrogated":"Anfrage war erfolgreich.","smServiceNotProvisioned":"Dienst steht nicht zur Verfügung.","smClirPermanent":"Sie können die Anrufer-ID-Einstellung nicht ändern.","smClirDefaultOnNextCallOn":"Standard für Anrufer-ID ist \"unterdrückt\". Nächster Anruf: Unterdrückt","smClirDefaultOnNextCallOff":"Standard für Anrufer-ID ist \"unterdrückt\". Nächster Anruf: Nicht unterdrückt","smClirDefaultOffNextCallOn":"Standard für Anrufer-ID ist \"nicht unterdrückt\". Nächster Anruf: Unterdrückt","smClirDefaultOffNextCallOff":"Standard für Anrufer-ID ist \"nicht unterdrückt\". Nächster Anruf: Nicht unterdrückt","smServiceEnabledFor":"Dienst wurde aktiviert für:","smPinChanged":"PIN erfolgreich geändert","smPinUnblocked":"PIN erfolgreich entsperrt","smPin2Changed":"PIN2 erfolgreich geändert","smPin2Unblocked":"PIN2 erfolgreich entsperrt","ServiceIsEnabled":"Service is enabled","ServiceIsDisabled":"Service is disabled","ServiceIsEnabledFor":"Service is enabled for:","emMmiError":"Verbindungsproblem oder ungültiger MMI-Code","emMmiErrorPasswordIncorrect":"Falsches Passwort","emMmiErrorNotSupported":"Ungültiger oder nicht unterstützter MMI-Code","emMmiErrorInvalidAction":"Ungültige Aktion","emMmiErrorInvalidScCode":"Ungültiger Dienst-Code","emMmiErrorBadPuk":"Eingegebener PUK-Code ist falsch","emMmiErrorBadPin":"Die eingegebene alte PIN ist falsch.","emMmiErrorNeedPuk2":"PUK2 eingeben, um SIM-Karte zu entsperren","emMmiErrorMismatchPin":"Eingegebene PINs stimmen nicht überein","emMmiErrorInvalidPin":"Geben Sie eine PIN mit 4 bis 8 Zahlen ein.","emMmiErrorNeedsPuk":"Die SIM-Karte hat eine PUK-Sperre.","emMmiErrorEnablePin":"Fehlgeschlagen. SIM/RUIM LOCK aktivieren","emMmiErrorMmiFdn":"Vorgang ist nur für festgelegte Anrufnummern erlaubt.","emMmiErrorStkCcUssdDial":"USSD-Anfrage in DIAL-Anfrage umgewandelt","emMmiErrorStkCcUssdSs":"USSD-Anfrage in SS-Anfrage umgewandelt","emMmiErrorStkCcUssdUssd":"USSD-Anfrage in neue USSD-Anfrage umgewandelt","emMmiErrorStkCcSsDial":"SS-Anfrage in DIAL-Anfrage umgewandelt","emMmiErrorStkCcSsUssd":"SS-Anfrage in USSD-Anfrage umgewandelt","emMmiErrorStkCcSsSs":"SS-Anfrage in neue SS-Anfrage umgewandelt","emMmiErrorPinPukAttempts":{"_index":["plural","n"],"_":{"one":"Nur {{ n }} Versuch verbleibend","two":"{{ n }} Versuche verbleibend","few":"{{ n }} Versuche verbleibend","many":"{{ n }} Versuche verbleibend","other":"{{ n }} Versuche verbleibend"}},"emMmiErrorSimBlocked":"Maximale Anzahl an Versuchen überschritten. SIM-Karte gesperrt.","RadioNotAvailable":"Funk-Ebene nicht verfügbar","GenericFailure":"Allgemeiner Fehler","PasswordIncorrect":"Passwort falsch","SimPin2":"SIM-PIN2","SimPuk2":"SIM-PUK2","RequestNotSupported":"Anfrage wird nicht unterstützt","OpNotAllowedDuringVoiceCall":"Vorgang während Anruf nicht erlaubt","SmsSendFailRetry":"SMS-Sendevorgang schlug fehl. Erneuter Versuch…","SimAbsent":"Keine SIM","SubscriptionNotAvailable":"Abonnement nicht verfügbar","ModeNotSupported":"Modus nicht unterstützt","FdnCheckFailure":"Fehler bei Fdn-Überprüfung","IllegalSimOrMe":"Ungültige SIM oder ME","DialModifiedToUssd":"DIAL umgewandelt in USSD","DialModifiedToSs":"DIAL umgewandelt in SS","DialModifiedToDial":"DIAL umgewandelt in DIAL","UssdModifiedToDial":"USSD umgewandelt in DIAL","UssdModifiedToSs":"USSD umgewandelt in SS","UssdModifiedToUssd":"USSD umgewandelt in USSD","SsModifiedToDial":"SS umgewandelt in DIAL","SsModifiedToUssd":"SS umgewandelt in USSD","SsModifiedToSs":"SS umgewandelt in SS","SubscriptionNotSupported":"Abonnement nicht unterstützt","InvalidParameter":"Ungültiger Parameter","RejectedByRemote":"Von Gegenseite zurückgewiesen","conferenceCall":"Konferenz ({{n}})","caller-left-call":"{{ caller }} hat die Konferenz verlassen.","conferenceAddError":"Anrufe konnten nicht zusammengeführt werden.","conferenceRemoveError":"Telefonkonferenz konnte nicht aufgelöst werden.","longDateFormat":"%A, %e. %B","select-audio-sources":"Audioquellen auswählen","bluetooth-handsfree-device":"Bluetooth-Freisprechgerät","receiver":"Empfänger","speaker":"Lautsprecher","voicemailNoNumberTitle":"Mailbox-Nummer ist nicht erreichbar","voicemailNoNumberText":"Mailbox kann nicht angerufen werden. Richten Sie die Mailbox-Nummer ein, um den Anruf durchzuführen.","voicemailNoNumberSettings":"Einstellungen","voicemailNoNumberCancel":"Abbrechen","phoneNumberInput":{"ariaLabel":"Telefonnummer"},"keypadDelete":{"ariaLabel":"Löschen"},"voiceMailKey":{"ariaLabel":"Mailbox"},"asterisk":{"ariaLabel":"Sternsymbol"},"hashSign":{"ariaLabel":"Rautezeichen"}}