{"close":"Κλείσιμο","import":"Εισαγωγή","update":"Ενημέρωση","fbFriends":"Φίλοι Facebook","live-serviceName":"Outlook","gmail-serviceName":"Gmail","facebook-serviceName":"Φίλοι Facebook","selectAll":"Επιλογή όλων","deselectAll":"Αποεπιλογή όλων","viewAll":"Εμφάνιση όλων των φίλων Facebook","viewRecommend":"Εμφάνιση μόνο των προτεινόμενων","linkProposal":{"_index":["plural","numFriends"],"_":{"zero":"Δε βρέθηκαν αποτελέσματα. Εμφάνιση όλων","one":"Επιλογή του προτεινόμενου","two":"Επιλογή ενός προτεινόμενου","few":"Επιλογή ενός προτεινόμενου","many":"Επιλογή ενός προτεινόμενου","other":"Επιλογή ενός προτεινόμενου"}},"fbFriendsFound":{"_index":["plural","numFriends"],"_":{"zero":"Έγινε εισαγωγή όλων των φίλων σας","one":"Βρέθηκε ένας φίλος για εισαγωγή","two":"Βρέθηκαν {{numFriends}} φίλοι για εισαγωγή","few":"Βρέθηκαν {{numFriends}} φίλοι για εισαγωγή","many":"Βρέθηκαν {{numFriends}} φίλοι για εισαγωγή","other":"Βρέθηκαν {{numFriends}} φίλοι για εισαγωγή"}},"fbNoFriends":"No contacts available to import","facebook":"Facebook","search-contact":{"placeholder":"Αναζήτηση"},"noResults":"Δε βρέθηκαν επαφές","done-search":"ΟΚ","progressFB3ImportTitle":"Εισαγωγή φίλων στις επαφές","progressFB":"{{current}}/{{total}}","progressFB3UpdateTitle":"Ενημέρωση φίλων στις επαφές","message2":"Αυτό μπορεί να διαρκέσει μερικά λεπτά","messageLinking":"Παρακαλώ περιμένετε. Συνδέουμε τον φίλο σας με την επαφή σας.","messageCanceling":"Παρακαλώ περιμένετε. Γίνεται ακύρωση της τρέχουσας ενέργειας.","error1":"Σφάλμα {{from}}","error2":"Θέλετε να δοκιμάσετε ξανά;","errorProposal":"υπολογισμού προτάσεων","errorFriends":"ανάκτησης φίλων","errorLinking":"σύνδεσης επαφής","timeout1":"Υπέρβαση του μέγιστου χρόνου {{from}}","timeout2":"Θέλετε να δοκιμάσετε ξανά;","timeoutProposal":"υπολογισμού προτάσεων","timeoutFriends":"ανάκτησης φίλων","timeoutLinking":"σύνδεσης επαφής","wait1":"Παρακαλώ περιμένετε","wait2":"Αυτό μπορεί να διαρκέσει μερικά λεπτά","waitProposal":"Παρακαλώ περιμένετε. Υπολογίζουμε προτεινόμενους φίλους.","waitFriends":"Παρακαλώ περιμένετε. Συνδεόμαστε για να ανακτήσουμε τη λίστα των φίλων σας.","curtainCancel":"Ακύρωση","curtainRetry":"Δοκιμάστε ξανά","curtainOK":"ΟΚ","connectionLost":"Δεν υπάρχει σύνδεση στο διαδίκτυο","connectionLostMsg":"Οι φωτογραφίες των φίλων σας δε θα προστεθούν στις επαφές σας. Θέλετε να συνεχίσετε;","yesOption":"ΟΚ","noOption":"Ακύρωση","friendsUpdated":{"_index":["plural","numFriends"],"_":{"zero":"Δεν ενημερώθηκαν φίλοι","one":"Ενημερώθηκε ένας φίλος","two":"Ενημερώθηκαν {{numFriends}} φίλοι","few":"Ενημερώθηκαν {{numFriends}} φίλοι","many":"Ενημερώθηκαν {{numFriends}} φίλοι","other":"Ενημερώθηκαν {{numFriends}} φίλοι"}},"friendsMerged":{"_index":["plural","numDups"],"_":{"zero":"Δε συγχωνεύτηκαν φίλοι","one":"Ένας φίλος συγχωνεύτηκε","two":"{{numDups}} φίλοι συγχωνεύτηκαν","few":"{{numDups}} φίλοι συγχωνεύτηκαν","many":"{{numDups}} φίλοι συγχωνεύτηκαν","other":"{{numDups}} φίλοι συγχωνεύτηκαν"}},"notificationLogin":"Η συνεδρία του Facebook δεν είναι έγκυρη. Παρακαλούμε συνδεθείτε ξανά.","syncError":"Προέκυψε σφάλμα κατά τον συγχρονισμό των δεδομένων των φίλων σας","callAirplaneModeMessage":"Για να πραγματοποιήσετε κλήση πρέπει να απενεργοποιήσετε την λειτουργία πτήσης από τις ρυθμίσεις.","callAirplaneModeBtnOk":"ΟΚ","callAirplaneModeTitle":"Η λειτουργία πτήσης ενεργοποιήθηκε","numberIsBusyTitle":"Το τηλέφωνο είναι απασχολημένο","numberIsBusyMessage":"Το τηλέφωνο είναι προσωρινά απασχολημένο. Παρακαλούμε δοκιμάστε αργότερα.","fdnIsActiveTitle":"Ενεργό FDN","fdnIsActiveMessage":"Το FDN (Fixed Dialing Numbers) είναι ενεργό και ο ακόλουθος αριθμός δε βρίσκεται στη λίστα με τους εξουσιοδοτημένους αριθμούς: {{ number }}","voiceMail":"Φωνητικό μήνυμα","emergencyNumber":"Αριθμός έκτακτης ανάγκης","emergencyDialogBodyBadNumber":"Για να πραγματοποιήσετε κλήσεις, το κινητό πρέπει να είναι συνδεδεμένο σε κάποιο δίκτυο.","emergencyDialogBodyDeviceNotAccepted":"Οι κλήσεις έκτακτης ανάγκης δεν επιτρέπονται απ' το δίκτυο.","emergencyDialogBtnOk":"ΟΚ","emergencyDialogTitle":"Δεν υπάρχει σύνδεση στο δίκτυο","invalidNumberToDialTitle":"Μη έγκυρος αριθμός τηλεφώνου","invalidNumberToDialMessage":"Ο αριθμός τηλεφώνου που καλείτε δεν είναι έγκυρος.","unableToCallTitle":"Δεν είναι δυνατή η πραγματοποίηση κλήσης αυτή τη στιγμή","unableToCallMessage":"Δε μπορεί να πραγματοποιηθεί κλήση. Αν βρίσκεστε ήδη σε κλήση, παρακαλώ τερματίστε την πρώτα.","otherConnectionInUseTitle":"Άλλη σύνδεση σε χρήση","otherConnectionInUseMessage":"Έχετε ενεργή κλήση σε άλλη σύνδεση. Μπορείτε να χρησιμοποιείτε μόνο μία σύνδεση την φορά.","add":"Προσθήκη","call":"Κλήση","edit":"Επεξεργασία","cancel":"Ακύρωση","done":"ΟΚ","ok":"ΟΚ","retry":"Δοκιμάστε ξανά","contacts":"Επαφές","addContact":"Προσθήκη επαφής","deleteContact":"Διαγραφή επαφής","selectContact":"Επιλογή επαφής","editContact":"Επεξεργασία","deleteConfirmMsg":"Διαγραφή επαφής;","remove":"Αφαίρεση","delete":"Διαγραφή","comments":"Σχόλια","no_contact_phones":"Αυτή η επαφή δεν έχει τηλεφωνικό νούμερο","no_contact_email":"Αυτή η επαφή δεν έχει email","no_contact_data":"This contact does not have a phone number and email address","removePhotoConfirm":"Αφαίρεση εικόνας επαφής;","loadingContacts":"Φόρτωση επαφών…","noContactsActivity":"Δεν είναι δυνατή η προσθήκη στις επαφές, επειδή η λίστα επαφών είναι άδεια","noName":"Χωρίς όνομα","givenName":{"placeholder":"Όνομα"},"familyName":{"placeholder":"Επώνυμο"},"tel":{"placeholder":"Τηλέφωνο"},"carrier":{"_":"Πάροχος","placeholder":"Πάροχος"},"separator":",","email":{"_":"Διεύθυνση email","placeholder":"Email"},"streetAddress":{"placeholder":"Οδός"},"postalCode":{"placeholder":"Τ.Κ."},"locality":{"placeholder":"Πόλη"},"countryName":{"placeholder":"Χώρα"},"comment":{"placeholder":"Σχόλιο"},"org":{"placeholder":"Εταιρεία"},"date":{"_":"Ημερομηνία","placeholder":"Ημερομηνία"},"date-span-placeholder":"Ημερομηνία","birthday":"Γενέθλια","dateFormat":"%e %Eb","dateOutput":"{{dayMonthFormatted}} {{year}}","anniversary":"Επέτειος","addPhoto":"Προσθήκη εικόνας","addPhone":"Προσθήκη τηλεφώνου","addEmail":"Προσθήκη email","addAddress":"Προσθήκη διεύθυνσης","addDate":"Προσθήκη ημερομηνίας","addComment":"Προσθήκη σχολίου","addFavorite":"Προσθήκη στα αγαπημένα","removeFavorite":"Αφαίρεση από τα αγαπημένα","exit":"Έξοδος","expand":"Ανάπτυξη","labelName":"Όνομα:","labelLastName":"Επώνυμο:","labelPhoneNumber":"Τηλέφωνο:","labelCarrier":"Πάροχος:","labelEmail":"Email:","labelStreet":"Οδός:","labelZip":"Τ.Κ.:","labelCity":"Πόλη:","labelCountry":"Χώρα:","labelComment":"Σχόλιο:","legendTitleMain":"Βασικές πληροφορίες","legendPhones":"Τηλεφωνικοί αριθμοί","legendEmail":"Διευθύνσεις email","legendAddress":"Διεύθυνση","legendPhoto":{"ariaLabel":"Photo"},"settings":"Ρυθμίσεις","transferContactsTitle":"Μεταφορά Επαφών","importContactsTitle":"Εισαγωγή επαφών","importContactsButton":"Εισαγωγή επαφών","exportContactsTitle":"Εξαγωγή επαφών","exportContactsButton":"Εξαγωγή επαφών","exportContactsAction":"Εξαγωγή","simExport-title":"Εξαγωγή στην κάρτα SIM","sdExport-title":"Εξαγωγή στην κάρτα SD","btExport-title":"Εξαγωγή στο Bluetooth","sdUMSEnabled":"Δεν μπορείτε να χρησιμοποιήσετε την κάρτα SD επειδή είναι ενεργοποιημένη η σύνδεση USB","exportErrorTitle":"Σφάλμα κατά την Εξαγωγή","contactsExported2":{"_index":["plural","exported"],"_":{"zero":"Καμία επαφή δεν εξήχθη","one":"{{exported}}/{{total}} επαφή εξήχθη","two":"{{exported}}/{{total}} επαφές εξήχθησαν","few":"{{exported}}/{{total}} επαφές εξήχθησαν","many":"{{exported}}/{{total}} επαφές εξήχθησαν","other":"{{exported}}/{{total}} επαφές εξήχθησαν"}},"exportError-general":"Συνέβη σφάλμα κατά την Εξαγωγή","exportError-SD-shared":"Η κάρτα μνήμης δεν μπορεί να προσπελαθεί λόγω διαμοιρασμού της","exportError-SD-unavailable":"Η κάρτα μνήμης δεν είναι διαθέσιμη","exportError-SD-noSpace":"Δεν υπάρχει αρκετός χώρος στην κάρτα μνήμης για εξαγωγή των επαφών","exportError-SIM-unavailable":"Η κάρτα SIM δεν είναι διαθέσιμη","exportError-BT-shared":"Η κάρτα μνήμης δεν μπορεί να προσπελαθεί λόγω διαμοιρασμού της","exportError-BT-unavailable":"Η κάρτα μνήμης δεν είναι διαθέσιμη","exportError-BT-noSpace":"Δεν υπάρχει αρκετός χώρος στην κάρτα μνήμης για εξαγωγή των επαφών","social-network":"Κοινωνικά δίκτυα","social-link":"Σύνδεση επαφής","social-unlink":"Αποσύνδεση επαφής","social-unlink-confirm-title":"Θέλετε να αποσυνδέσετε τον φίλο σας;","social-unlink-confirm-accept":"Κατάργηση συνδέσμου","facebook-import":"Εισαγωγή φίλων από το Facebook","show-fb-profile":"Εμφάνιση του προφίλ Facebook","msg-send":"Μήνυμα","wall-post":"Δημοσίευση στον τοίχο","facebook-export-forbidden":"Δεν είναι δυνατός ο διαμοιρασμός της επαφής λόγο περιορισμών του Facebook.","otherAccount":"Άλλοι λογαριασμοί","facebookSwitchMsg":"Συγχρονισμός φίλων","select_mobile":"Επιλογή κινητού","select_email":"Επιλογή διεύθυνσης email","select_recipient":"Select recipient","contactsOrderBy":"Ταξινόμηση με επώνυμο","importSim2":"Κάρτα SIM","importGmail":"Gmail","bluetooth":"Bluetooth","importOutlook":"Outlook","fbUpdateFriends":"Ενημέρωση φίλων από το Facebook","cleaningFbData":"Διαγραφή δεδομένων Facebook","loggingOutFb":"Αποσύνδεση από το Facebook","cleanFbConfirmMsg":"Να διαγραφούν όλα τα δεδομένα του Facebook;","renewPwdMsg":"Ο κωδικός πρόσβασης σας στο Facebook έχει αλλάξει. Παρακαλούμε, ενημερώστε τον.","notEnabledYet":"Δεν έχει ενεργοποιηθεί","genericNoConnection":"Για την εισαγωγή επαφών συνδεθείτε με το Wi-Fi ή με το δίκτυο δεδομένων","simCard":"Κάρτα SIM","memoryCard":"Κάρτα μνήμης","simNumber":"SIM {{number}}","setICEButton":"Set ICE Contacts","ICESettingTitle":"ICE Contacts","ICEDescription":"Add two contacts for making “In Case of Emergency” calls.","ICEContact1":"ICE Contact 1","ICESelectContact":"Select a contact","ICEContact2":"ICE Contact 2","create-new":"Δημιουργία επαφής","import-now":"Εισαγάγετε επαφές από κάρτα SIM ή Facebook","no-contacts":"Δεν υπάρχουν επαφές","start-adding":"Ξεκινήστε την προσθήκη τώρα","notImported":"Δεν εισήχθη","imported":"Εισήχθη","today":"Σήμερα","yesterday":"Χθες","organise-contacts":"Οργάνωση Επαφών","find-merge-contacts":"Βρες διπλότυπα επαφών","preparing-contacts":"Προετοιμασία επαφών","exportError-SIM-NoFreeRecordFound":"Η κάρτα SIM είναι γεμάτη","exportError-SIM-CannotAccessPhoneBook":"Δεν είναι δυνατή η πρόσβαση στον κατάλογο","exportError-SIM-Unavailable":"Δεν βρέθηκε SIM","exportError-SIM-GenericError":"Προέκυψε σφάλμα κατά την εξαγωγή μιας επαφής","noSimMsgExport":"Για να εξάγετε επαφές εισάγετε ή ξεκλειδώστε την κάρτα SIM","noMemoryCardMsgExport":"Για να εξάγετε επαφές τοποθετήστε μία κάρτα μνήμης","ContactManagementTitle":"Διαχείρηση Επαφών","DeleteTitle":"Διαγραφή","bulkDeleteButton":"Διαγραφή Επαφών","BulkDelCancel":"Η διαγραφή επαφών ακυρώθηκε","DeletedTxt":{"_index":["plural","n"],"_":{"zero":"Δεν υπάρχουν επαφές για διαγραφή","one":"1 επαφή διαγράφηκε","two":"{{n}} επαφές διαγράφηκαν","few":"{{n}} επαφές διαγράφηκαν","many":"{{n}} επαφές διαγράφηκαν","other":"{{n}} επαφές διαγράφηκαν"}},"DeletingContacts":"Διαγραφή επαφών","ContactConfirmDel":{"_index":["plural","n"],"_":{"zero":"Δεν υπάρχουν επαφές για διαγραφή","one":"Διαγραφή 1 επαφής; Δεν είναι δυνατή η αναίρεση αυτής της ενέργειας.","two":"Διαγραφή {{n}} επαφών; Δεν είναι δυνατή η αναίρεση αυτής της ενέργειας.","few":"Διαγραφή {{n}} επαφών; Δεν είναι δυνατή η αναίρεση αυτής της ενέργειας.","many":"Διαγραφή {{n}} επαφών; Δεν είναι δυνατή η αναίρεση αυτής της ενέργειας.","other":"Διαγραφή {{n}} επαφών; Δεν είναι δυνατή η αναίρεση αυτής της ενέργειας."}},"SelectedTxt":{"_index":["plural","n"],"_":{"zero":"Επαφές","one":"{{n}} επιλεγμένη","two":"{{n}} επιλεγμένες","few":"{{n}} επιλεγμένες","many":"{{n}} επιλεγμένες","other":"{{n}} επιλεγμένες"}},"video":"Βίντεο","audio":"Ήχος","pick_destination":"{{ destination }} {{ carrier }}","removeField":{"ariaLabel":"Remove"},"undo":{"ariaLabel":"Undo"},"back":"Πίσω","noSimMsg":"Για εισαγωγή επαφών, εισάγετε ή ξεκλειδώστε τη κάρτα SIM σας","noMemoryCardMsg":"Για εισαγωγή επαφών, εισάγετε μία κάρτα μνήμης","importMemoryCard":"Κάρτα μνήμης","noConnection11":"Για εισαγωγή επαφών ή φίλων από το Facebook συνδεθείτε με το Wi-Fi ή με το δίκτυο δεδομένων","simContacts-import":"Εισαγωγή επαφών απο κάρτα SIM","simContacts-importing":"Εισαγωγή επαφών απο κάρτα SIM…","simContacts-reading":"Ανάγνωση από κάρτα SIM…","simContacts-error":"Δεν ήταν δυνατή η εισαγωγή επαφών απο κάρτα SIM","simContacts-imported3":{"_index":["plural","n"],"_":{"zero":"Δεν εντοπίστηκαν επαφές στην κάρτα SIM για να εισαχθούν","one":"Εισήχθη μία επαφή","two":"Εισήχθησαν {{n}} επαφές","few":"Εισήχθησαν {{n}} επαφές","many":"Εισήχθησαν {{n}} επαφές","other":"Εισήχθησαν {{n}} επαφές"}},"memoryCardContacts-import":"Εισαγωγή επαφών από την κάρτα μνήμης","memoryCardContacts-importing":"Εισάγονται επαφές από την κάρτα μνήμης…","memoryCardContacts-reading":"Ανάγνωση απο κάρτα μνήμης…","memoryCardContacts-error":"Δεν ήταν δυνατή η εισαγωγή επαφών από την κάρτα μνήμης","memoryCardContacts-imported3":{"_index":["plural","n"],"_":{"zero":"Δεν εντοπίστηκαν επαφές στην κάρτα μνήμης για εισαγωγή","one":"Εισήχθη μία επαφή","two":"Εισήχθησαν {{n}} επαφές","few":"Εισήχθησαν {{n}} επαφές","many":"Εισήχθησαν {{n}} επαφές","other":"Εισήχθησαν {{n}} επαφές"}},"genericProgress":"{{current}}/{{total}}","facebook-import-msg":{"_index":["plural","imported"],"_":{"zero":"Δεν εισήχθησαν φίλοι (από τους {{total}})","one":"Εισήχθη ένας φίλος (από τους {{total}})","two":"{{imported}}/{{total}} φίλοι εισήχθησαν","few":"{{imported}}/{{total}} φίλοι εισήχθησαν","many":"{{imported}}/{{total}} φίλοι εισήχθησαν","other":"{{imported}}/{{total}} φίλοι εισήχθησαν"}},"contactsMerged":{"_index":["plural","numDups"],"_":{"zero":"Δε συγχωνεύτηκαν διπλές επαφές","one":"Μια διπλή επαφή συγχωνεύτηκε","two":"{{numDups}} επαφές συγχωνεύτηκαν","few":"{{numDups}} επαφές συγχωνεύτηκαν","many":"{{numDups}} επαφές συγχωνεύτηκαν","other":"{{numDups}} επαφές συγχωνεύτηκαν"}},"weekday-0-long":"Κυριακή","weekday-1-long":"Δευτέρα","weekday-2-long":"Τρίτη","weekday-3-long":"Τετάρτη","weekday-4-long":"Πέμπτη","weekday-5-long":"Παρασκευή","weekday-6-long":"Σάββατο","weekday-0-short":"Κυρ","weekday-1-short":"Δευ","weekday-2-short":"Τρι","weekday-3-short":"Τετ","weekday-4-short":"Πεμ","weekday-5-short":"Παρ","weekday-6-short":"Σαβ","month-0-long":"Ιανουάριος","month-1-long":"Φεβρουάριος","month-2-long":"Μάρτιος","month-3-long":"Απρίλιος","month-4-long":"Μάιος","month-5-long":"Ιούνιος","month-6-long":"Ιούλιος","month-7-long":"Αύγουστος","month-8-long":"Σεπτέμβριος","month-9-long":"Οκτώβριος","month-10-long":"Νοέμβριος","month-11-long":"Δεκέμβριος","month-0-genitive":"Ιανουαρίου","month-1-genitive":"Φεβρουαρίου","month-2-genitive":"Μαρτίου","month-3-genitive":"Απριλίου","month-4-genitive":"Μαΐου","month-5-genitive":"Ιουνίου","month-6-genitive":"Ιουλίου","month-7-genitive":"Αυγούστου","month-8-genitive":"Σεπτεμβρίου","month-9-genitive":"Οκτωβρίου","month-10-genitive":"Νοεμβρίου","month-11-genitive":"Δεκεμβρίου","month-0-short":"Ιαν","month-1-short":"Φεβ","month-2-short":"Μαρ","month-3-short":"Απρ","month-4-short":"Μάι","month-5-short":"Ιουν","month-6-short":"Ιουλ","month-7-short":"Αυγ","month-8-short":"Σεπ","month-9-short":"Οκτ","month-10-short":"Νοε","month-11-short":"Δεκ","minutes-ago-long":{"_index":["plural","value"],"_":{"zero":"μόλις τώρα","one":"πριν από ένα λεπτό","two":"πριν από {{value}} λεπτά","few":"πριν από {{value}} λεπτά","many":"πριν από {{value}} λεπτά","other":"πριν από {{value}} λεπτά"}},"hours-ago-long":{"_index":["plural","value"],"_":{"zero":"μόλις τώρα","one":"πριν από μία ώρα","two":"πριν από {{value}} ώρες","few":"πριν από {{value}} ώρες","many":"πριν από {{value}} ώρες","other":"πριν από {{value}} ώρες"}},"days-ago-long":{"_index":["plural","value"],"_":{"zero":"σήμερα","one":"χθες","two":"πριν από {{value}} ημέρες","few":"πριν από {{value}} ημέρες","many":"πριν από {{value}} ημέρες","other":"πριν από {{value}} ημέρες"}},"weeks-ago-long":{"_index":["plural","value"],"_":{"zero":"αυτή την εβδομάδα","one":"την τελευταία εβδομάδα","two":"πριν από {{value}} εβδομάδες","few":"πριν από {{value}} εβδομάδες","many":"πριν από {{value}} εβδομάδες","other":"πριν από {{value}} εβδομάδες"}},"months-ago-long":{"_index":["plural","value"],"_":{"zero":"αυτό τον μήνα","one":"τον τελευταίο μήνα","two":"πριν από {{value}} μήνες","few":"πριν από {{value}} μήνες","many":"πριν από {{value}} μήνες","other":"πριν από {{value}} μήνες"}},"years-ago-long":{"_index":["plural","value"],"_":{"zero":"αυτό το έτος","one":"το περασμένο έτος","two":"πριν από {{value}} χρόνια","few":"πριν από {{value}} χρόνια","many":"πριν από {{value}} χρόνια","other":"πριν από {{value}} χρόνια"}},"minutes-until-long":{"_index":["plural","value"],"_":{"zero":"τώρα","one":"σε ένα λεπτό","two":"σε {{value}} λεπτά","few":"σε {{value}} λεπτά","many":"σε {{value}} λεπτά","other":"σε {{value}} λεπτά"}},"hours-until-long":{"_index":["plural","value"],"_":{"zero":"τώρα","one":"σε μία ώρα","two":"σε {{value}} ώρες","few":"σε {{value}} ώρες","many":"σε {{value}} ώρες","other":"σε {{value}} ώρες"}},"days-until-long":{"_index":["plural","value"],"_":{"zero":"σήμερα","one":"αύριο","two":"σε {{value}} ημέρες","few":"σε {{value}} ημέρες","many":"σε {{value}} ημέρες","other":"σε {{value}} ημέρες"}},"weeks-until-long":{"_index":["plural","value"],"_":{"zero":"αυτή την εβδομάδα","one":"την επόμενη εβδομάδα","two":"σε {{value}} εβδομάδες","few":"σε {{value}} εβδομάδες","many":"σε {{value}} εβδομάδες","other":"σε {{value}} εβδομάδες"}},"months-until-long":{"_index":["plural","value"],"_":{"zero":"αυτό τον μήνα","one":"στον επόμενο μήνα","two":"σε {{value}} μήνες","few":"σε {{value}} μήνες","many":"σε {{value}} μήνες","other":"σε {{value}} μήνες"}},"years-until-long":{"_index":["plural","value"],"_":{"zero":"αυτό το έτος","one":"επόμενο έτος","two":"σε {{value}} έτη","few":"σε {{value}} έτη","many":"σε {{value}} έτη","other":"σε {{value}} έτη"}},"minutes-ago-short":{"_index":["plural","value"],"_":{"zero":"τώρα","other":"πριν {{value}}′"}},"hours-ago-short":{"_index":["plural","value"],"_":{"zero":"τώρα","other":"πριν {{value}} ώρ."}},"days-ago-short":{"_index":["plural","value"],"_":{"zero":"σήμερα","other":"πριν {{value}} ημ."}},"minutes-until-short":{"_index":["plural","value"],"_":{"zero":"τώρα","other":"σε {{value}}′"}},"hours-until-short":{"_index":["plural","value"],"_":{"zero":"τώρα","other":"σε {{value}} ώρ."}},"days-until-short":{"_index":["plural","value"],"_":{"zero":"σήμερα","other":"σε {{value}} ημ."}},"incorrectDate":"(λάθος ημερομηνία)","dateTimeFormat_%c":"%a, %e %Eb %Y, %H:%M:%S","dateTimeFormat_%x":"%d/%m/%Y","dateTimeFormat_%X":"%H:%M:%S","shortTimeFormat":"%H:%M","shortDateTimeFormat":"%x %H:%M","weekStartsOnMonday":"0","time_am":"πμ","time_pm":"μμ","sim-picker-dial-via-with-number":"{{ phoneNumber }}: κλήση μέσω","sim-picker-select-sim":"Επιλογή SIM","sim-picker-button":"SIM{{ n }}","sim-picker-button-default":"(προεπιλογή)","label":"Ετικέτα","mobile":"Κινητό","home":"Σπίτι","work":"Εργασία","personal":"Προσωπικό","faxHome":"Fax σπιτιού","faxOffice":"Fax γραφείου","faxOther":"Άλλο fax","another":"Άλλο","other":"Άλλο","customTag":{"placeholder":"Προσαρμοσμένη ετικέτα"},"current":"Τρέχουσα","itemWithLabel":"{{label}}: {{item}}","waitDuplicateContacts":"Αναζήτηση διπλών επαφών","waitMergingDuplicateContacts":"Συγχώνευση διπλών επαφών","alertNoDuplicateContacts":"Δε βρέθηκαν διπλές επαφές ","merge":"Συγχώνευση","mergeDuplicateTitle":"Συγχώνευση αντιγράφων","suggestedDuplicateContacts":"Προτεινόμενα αντίγραφα επαφών για {{name}}","mergeActionButtonLabel":{"_index":["plural","n"],"_":{"zero":"Δεν έχει επιλεγεί επαφή","one":"Συγχώνευση με {{n}} επαφή","two":"Συγχώνευση με {{n}} επαφές","few":"Συγχώνευση με {{n}} επαφές","many":"Συγχώνευση με {{n}} επαφές","other":"Συγχώνευση με {{n}} επαφές"}},"duplicatesFoundTitle":"Αντίγραφα βρέθηκαν","duplicatesFoundMessage":"Το όνομα {{name}} επιφέρει διπλές πληροφορίες στις ακόλουθες επαφές","addNewNumber":"Προσθήκη νέου αριθμού","addToExistingContact":"Προσθήκη σε υπάρχουσα επαφή","all":{"_":"Όλες","ariaLabel":"Όλες"},"callLog":"Ιστορικό κλήσεων","callLogEdit":{"title":"Επεξεργασία ιστορικού κλήσεων"},"callLogEditDialog":{"ariaLabel":"Παράθυρο επεξεργασίας ιστορικού κλήσεων"},"connecting":"Γίνεται σύνδεση","cf-async":"Data Async: {{ async }}\\n","cf-data":"Δεδομένα: {{ data }}\\n","cf-error":"Προέκυψε λάθος στην ανάκτηση της κατάστασης της προώθησης κλήσεων","cf-fax":"Φαξ: {{ fax }}\\n","cf-inactive":"Ανενεργή","cf-packet":"Packet: {{ packet }}\\n","cf-pad":"PAD: {{ pad }}\\n","cf-sms":"SMS: {{ sms }}\\n","cf-status":"Προώθηση κλήσεων:\\n","cf-sync":"Data Sync: {{ sync }}\\n","cf-voice":"Φωνή: {{ voice }}\\n","confirm-deletion":"Εκκαθάριση επιλεγμένων κλήσεων;","createNewContact":"Δημιουργία νέας επαφής","dialerAddContact":{"ariaLabel":"Προσθήκη επαφής"},"dialerAddContactDialog":{"ariaLabel":"Παράθυρο προσθήκης επαφής"},"edit-selected":{"_index":["plural","n"],"_":{"one":"{{ n }} επιλεγμένο","two":"{{ n }} επιλεγμένα","few":"{{ n }} επιλεγμένα","many":"{{ n }} επιλεγμένα","other":"{{ n }} επιλεγμένα"}},"hideKeypad":{"ariaLabel":"Απόκρυψη πλήκτρων κλήσης"},"ignore":"Αγνόηση κλήσης","incoming":"Εισερχόμενη","keypad":{"ariaLabel":"Πλήκτρα κλήσης"},"makeCall":{"ariaLabel":"Πραγματοποίηση κλήσης"},"missed":{"_":"Αναπάντητες","ariaLabel":"Αναπάντητες"},"missedCall":"Αναπάντητη κλήση","missedCallMultiSims":"(SIM {{ n }}) Αναπάντητη κλήση","mmi-error":"Παρουσιάστηκε σφάλμα κατά την αποστολή του μηνύματος","mmi-session-expired":"Η συνεδρία έληξε","mmi-successfully-sent":"Το μήνυμα εστάλη επιτυχώς","mmi-notification-title-with-sim":"({{sim}}) {{title}}","mute":{"ariaLabel":"Σίγαση"},"newCall":{"ariaLabel":"Νέα κλήση"},"no-logs-msg-1":"Δεν καταγράφηκαν κλήσεις","no-logs-msg-2":"Έναρξη επικοινωνίας","no-logs-msg-3":"Καμία αναπάντητη κλήση","recents":{"ariaLabel":"Πρόσφατες κλήσεις"},"reply":"Απάντηση","send":"Αποστολή","switch-calls":"Άλλαξε κλήσεις","withheld-number":"Απόκρυψη αριθμού","from-contact":"Από {{ contact }}","from-number":"Από {{ number }}","from-withheld-number":"Από αριθμό με απόκρυψη","sending":"Αποστολή…","speakerOption":{"ariaLabel":"Ηχείο"},"ussd-services":"Υπηρεσίες {{ operator }}","toggleKeypad":{"ariaLabel":"Εναλλαγή πλήκτρων κλήσης"},"type-your-response":{"placeholder":"Πληκτρολογήστε την απάντησή σας…"},"clear-all-text":"Διαγραφή κειμένου","hide":"Απόκρυψη","hold":{"ariaLabel":"Αναμονή"},"resume":{"_":"Συνέχεια","ariaLabel":"Συνέχεια"},"sendSms":"Αποστολή μηνύματος","callEnded":"Τέλος κλήσης","via-sim":"via SIM{{ n }}","sim-number":"SIM{{ n }}","hangup-a11y-button":{"ariaLabel":"Τερματισμός"},"pickup-a11y-button":{"ariaLabel":"Απάντηση"},"unlock-a11y-button":{"ariaLabel":"Μπάρα ολίσθησης"},"roaming":"{{operator}} (Roaming)","delete-n-log?":{"_index":["plural","n"],"_":{"zero":"Τίποτα επιλεγμένο","one":"Διαγραφή επιλεγμένης καταγραφής;","two":"Διαγραφή {{ n }} καταγραφών;","few":"Διαγραφή {{ n }} καταγραφών;","many":"Διαγραφή {{ n }} καταγραφών;","other":"Διαγραφή {{ n }} καταγραφών;"}},"callDurationMinutes":"{{ m }}:{{ s }}","callDurationHours":"{{ h }}:{{ m }}:{{ s}}","suggestionMatches":{"_index":["plural","n"],"_":{"one":"{{ matchNumber }}: {{ n }} πρόταση","two":"{{ matchNumber }}: {{ n }} προτάσεις","few":"{{ matchNumber }}: {{ n }} προτάσεις","many":"{{ matchNumber }}: {{ n }} προτάσεις","other":"{{ matchNumber }}: {{ n }} προτάσεις"}},"scCallBarring":"Φραγή κλήσεων","scCallForwarding":"Προώθηση κλήσεων","scClip":"Αναγνώριση κλήσεων","scClir":"Απόκρυψη αριθμού","scPwd":"Αλλαγή κωδικού","scCallWaiting":"Αναμονή κλήσης","scPin":"Αλλαγή PIN","scPin2":"Αλλαγή PIN2","scPuk":"Απεμπλοκή PIN","scPuk2":"Απεμπλοκή PIN2","scImei":"IMEI","scUssd":"USSD","serviceClassVoice":"Φωνής","serviceClassData":"Δεδομένων","serviceClassFax":"Φαξ","serviceClassSms":"SMS","serviceClassDataSync":"Data Sync","serviceClassDataAsync":"Data Async","serviceClassPacket":"Packet","serviceClassPad":"PAD","smServiceEnabled":"Η υπηρεσία είναι ενεργοποιημένη","smServiceDisabled":"Η υπηρεσία είναι απενεργοποιημένη","smServiceRegistered":"Η εγγραφή πραγματοποιήθηκε με επιτυχία","smServiceErased":"Η διαγραφή πραγματοποιήθηκε με επιτυχία","smServiceInterrogated":"Το αίτημα διεκπεραιώθηκε με επιτυχία","smServiceNotProvisioned":"Η υπηρεσία δεν παρέχεται","smClirPermanent":"Δε μπορείτε να αλλάξετε την ρύθμιση απόκρυψης αριθμού.","smClirDefaultOnNextCallOn":"Προεπιλεγμένη επιλογή κλήσεων: Με απόκρυψη αριθμού.\\nΕπόμενη κλήση: Με απόκρυψη αριθμού","smClirDefaultOnNextCallOff":"Προεπιλεγμένη επιλογή κλήσεων: Με απόκρυψη αριθμού.\\nΕπόμενη κλήση: Χωρίς απόκρυψη αρθμού","smClirDefaultOffNextCallOn":"Προεπιλεγμένη επιλογή κλήσεων: Χωρίς απόκρυψη αριθμού.\\nΕπόμενη κλήση: Με απόκρυψη αρθμού","smClirDefaultOffNextCallOff":"Προεπιλεγμένη επιλογή κλήσεων: Χωρίς απόκρυψη αριθμού.\\nΕπόμενη κλήση: Χωρίς απόκρυψη αρθμού","smServiceEnabledFor":"Ενεργοποιημένη για την υπηρεσία:","smPinChanged":"Το PIN άλλαξε επιτυχώς","smPinUnblocked":"Επιτυχής απεμπλοκή PIN","smPin2Changed":"Το PIN2 άλλαξε επιτυχώς","smPin2Unblocked":"Επιτυχής απεμπλοκή PIN2","ServiceIsEnabled":"Service is enabled","ServiceIsDisabled":"Service is disabled","ServiceIsEnabledFor":"Service is enabled for:","emMmiError":"Πρόβλημα σύνδεσης ή μη έγκυρος κωδικός MMI","emMmiErrorPasswordIncorrect":"Λανθασμένος κωδικός","emMmiErrorNotSupported":"Μη έγκυρος ή μη υποστηριζόμενος κωδικός MMI","emMmiErrorInvalidAction":"Μη έγκυρη ενέργεια","emMmiErrorInvalidScCode":"Μη έγκυρος κωδικός υπηρεσίας","emMmiErrorBadPuk":"Ο κωδικός PUK που εισήχθη δεν είναι σωστός","emMmiErrorBadPin":"Το αρχικό PIN δεν είναι σωστό","emMmiErrorNeedPuk2":"Εισάγετε το PUK2 για απεμπλοκή της κάρτας SIM","emMmiErrorMismatchPin":"Οι κωδικοί PIN που εισάγατε δεν ταιριάζουν","emMmiErrorInvalidPin":"Εισάγετε PIN από 4 ως 8 ψηφία","emMmiErrorNeedsPuk":"Έχει κλειδωθεί το PUK της κάρτας SIM","emMmiErrorEnablePin":"Αποτυχία. Ενεργοποίηση κλειδώματος SIM/RUIM","emMmiErrorMmiFdn":"Η υπηρεσία διατίθεται μόνο για σταθερούς αριθμούς κλήσης","emMmiErrorStkCcUssdDial":"Το αίτημα USSD τροποποιήθηκε σε DIAL","emMmiErrorStkCcUssdSs":"Το αίτημα USSD τροποποιήθηκε σε SS","emMmiErrorStkCcUssdUssd":"Το αίτημα USSD τροποποιήθηκε σε νέα USSD","emMmiErrorStkCcSsDial":"Το αίτημα SS τροποποιήθηκε σε DIAL","emMmiErrorStkCcSsUssd":"Το αίτημα SS τροποποιήθηκε σε USSD","emMmiErrorStkCcSsSs":"Το αίτημα SS τροποποιήθηκε σε SS","emMmiErrorPinPukAttempts":{"_index":["plural","n"],"_":{"one":"Έμεινε μόνο {{ n }} προσπάθεια","two":"Απέμειναν {{ n }} προσπάθειες","few":"Απέμειναν {{ n }} προσπάθειες","many":"Απέμειναν {{ n }} προσπάθειες","other":"Απέμειναν {{ n }} προσπάθειες"}},"emMmiErrorSimBlocked":"Υπερβήκατε το όριο των προσπαθειών. Εμπλοκή της SIM","RadioNotAvailable":"Μη διαθέσιμη ραδιοεπικοινωνία","GenericFailure":"Γενικευμένη αποτυχία","PasswordIncorrect":"Λανθασμένος κωδικός","SimPin2":"SIM PIN2","SimPuk2":"SIM PUK2","RequestNotSupported":"Το αίτημα δεν υποστηρίζεται","OpNotAllowedDuringVoiceCall":"Η λειτουργία δεν επιτρέπεται κατά τη διάρκεια κλήσης","SmsSendFailRetry":"Αποτυχία αποστολής ξαναπροσπαθήστε","SimAbsent":"Δεν υπάρχει SIM","SubscriptionNotAvailable":"Η εγγραφή δεν είναι διαθέσιμη","ModeNotSupported":"Δεν υποστηρίζεται η λειτουργία","FdnCheckFailure":"Αποτυχία ελέγχου Fdn","IllegalSimOrMe":"Μη νόμιμη SIM","DialModifiedToUssd":"Dial τροποποιήθηκε σε USSD","DialModifiedToSs":"Dial τροποποιήθηκε σε SS","DialModifiedToDial":"Dial τροποποιήθηκε σε dial","UssdModifiedToDial":"USSD τροποποιήθηκε σε dial","UssdModifiedToSs":"USSD τροποποιήθηκε σε SS","UssdModifiedToUssd":"USSD τροποποιήθηκε σε USSD","SsModifiedToDial":"SS τροποποιήθηκε σε dial","SsModifiedToUssd":"SS τροποποιήθηκε σε USSD","SsModifiedToSs":"SS τροποποιήθηκε σε SS","SubscriptionNotSupported":"Η εγγραφή δεν υποστηρίζεται","InvalidParameter":"Μη έγκυρη παράμετρος","RejectedByRemote":"Απορρίφθηκε από απομακρυσμένο","conferenceCall":"Conference ({{n}})","caller-left-call":"Ο συνομιλητής {{ caller }} αποχώρησε από την κλήση.","conferenceAddError":"Αδύνατη η συγχώνευση των κλήσεων","conferenceRemoveError":"Αδύνατος ο διαχωρισμός των κλήσεων","longDateFormat":"%a, %e %Eb","select-audio-sources":"Επιλογή πηγής ήχου","bluetooth-handsfree-device":"Συσκευή bluetooth handsfree ","receiver":"Δέκτης","speaker":"Ηχείο","voicemailNoNumberTitle":"Ο αριθμός τηλεφωνητή δεν είναι διαθέσιμος","voicemailNoNumberText":"Δεν ήταν δυνατή η κλήση του τηλεφωνητή. Ρυθμίστε τον αριθμό του τηλεφωνητή για να πραγματοποιήσετε τη κλήση.","voicemailNoNumberSettings":"Ρυθμίσεις","voicemailNoNumberCancel":"Ακύρωση","phoneNumberInput":{"ariaLabel":"Αριθμός τηλεφώνου"},"keypadDelete":{"ariaLabel":"Διαγραφή"},"voiceMailKey":{"ariaLabel":"Τηλεφωνητής"},"asterisk":{"ariaLabel":"Αστερίσκος"},"hashSign":{"ariaLabel":"Δίεση"}}