{"close":"Cerrar","import":"Importar","update":"Actualizar","fbFriends":"Amigos FB","live-serviceName":"Outlook","gmail-serviceName":"Gmail","facebook-serviceName":"Amigos FB","selectAll":"Marcar todos","deselectAll":"Desmarcar todos","viewAll":"Ver todos los amigos de Facebook","viewRecommend":"Ver solo recomendados","linkProposal":{"_index":["plural","numFriends"],"_":{"zero":"Sin coincidencias. Mostrando todos sus amigos","one":"Seleccionar la recomendación","two":"Seleccionar una recomendación","few":"Seleccionar una recomendación","many":"Seleccionar una recomendación","other":"Seleccionar una recomendación"}},"fbFriendsFound":{"_index":["plural","numFriends"],"_":{"zero":"Se han importado todos sus amigos","one":"Se encontró un amigo que importar","two":"Se encontraron {{numFriends}} amigos que importar","few":"Se encontraron {{numFriends}} amigos que importar","many":"Se encontraron {{numFriends}} amigos que importar","other":"Se encontraron {{numFriends}} amigos que importar"}},"fbNoFriends":"No contacts available to import","facebook":"Facebook","search-contact":{"placeholder":"Buscar"},"noResults":"No se encontraron contactos","done-search":"Hecho","progressFB3ImportTitle":"Importando amigos a Contactos","progressFB":"{{current}}/{{total}}","progressFB3UpdateTitle":"Actualizando amigos en Contactos","message2":"Tardará un par de minutos","messageLinking":"Por favor, espere. Estamos vinculando a su amigo con su contacto.","messageCanceling":"Por favor, espere. Estamos cancelando la operación en curso.","error1":"Error {{from}}","error2":"¿Desea intentarlo de nuevo?","errorProposal":"calculando propuestas","errorFriends":"recuperando amigos","errorLinking":"vinculando contacto","timeout1":"Tiempo de espera superado {{from}}","timeout2":"¿Desea intentarlo de nuevo?","timeoutProposal":"calculando propuestas","timeoutFriends":"recuperando amigos","timeoutLinking":"vinculando contactos","wait1":"Espere un momento","wait2":"Tardará un par de minutos","waitProposal":"Por favor, espere. Estamos calculando una propuesta.","waitFriends":"Por favor, espere. Estamos obteniendo su lista de amigos.","curtainCancel":"Cancelar","curtainRetry":"Intentar de nuevo","curtainOK":"Aceptar","connectionLost":"No hay conexión a internet","connectionLostMsg":"Las fotos de sus contactos no se agregarán. ¿Desea continuar?","yesOption":"Aceptar","noOption":"Cancelar","friendsUpdated":{"_index":["plural","numFriends"],"_":{"zero":"No se actualizó ningún amigo","one":"Actualizado un amigo","two":"Actualizados {{numFriends}} amigos","few":"Actualizados {{numFriends}} amigos","many":"Actualizados {{numFriends}} amigos","other":"Actualizados {{numFriends}} amigos"}},"friendsMerged":{"_index":["plural","numDups"],"_":{"zero":"No se han unido ningún contacto duplicado","one":"Se ha unido un contacto duplicado","two":"Se han unido {{numDups}} contactos duplicados","few":"Se han unido {{numDups}} contactos duplicados","many":"Se han unido {{numDups}} contactos duplicados","other":"Se han unido {{numDups}} contactos duplicados"}},"notificationLogin":"Su sesión de Facebook no es válida. Por favor, identifíquese.","syncError":"Hubo un error al sincronizar los datos de su amigo","callAirplaneModeMessage":"Para realizar una llamada, necesita desactivar el modo avión en Ajustes.","callAirplaneModeBtnOk":"Aceptar","callAirplaneModeTitle":"Modo avión activado","numberIsBusyTitle":"El número está ocupado","numberIsBusyMessage":"El número está ocupado en este momento. Inténtelo más tarde.","fdnIsActiveTitle":"FDN activo","fdnIsActiveMessage":"FDN (números de marcación fija) está activado pero el siguiente número no está en su lista de FDN: {{number}}","voiceMail":"Buzón de voz","emergencyNumber":"Núm. de emergencia","emergencyDialogBodyBadNumber":"Para realizar una llamada, el teléfono tiene que estar conectado a una red.","emergencyDialogBodyDeviceNotAccepted":"Las llamadas de emergencias no están permitidas por la red.","emergencyDialogBtnOk":"Aceptar","emergencyDialogTitle":"No hay conexión de red","invalidNumberToDialTitle":"Número de teléfono no válido","invalidNumberToDialMessage":"El número de teléfono al que está llamando no es válido.","unableToCallTitle":"No es posible hacer llamadas ahora","unableToCallMessage":"No se puede hacer ninguna llamada. Si está marcando un número, cuelgue primero.","otherConnectionInUseTitle":"Otra conexión en uso","otherConnectionInUseMessage":"Tiene una llamada activa en otra conexción. Sólo puede usar una conexión al mismo tiempo.","add":"Agregar","call":"Llamar","edit":"Editar","cancel":"Cancelar","done":"Hecho","ok":"Aceptar","retry":"Reintentar","contacts":"Contactos","addContact":"Agregar contacto","deleteContact":"Borrar contacto","selectContact":"Seleccionar contacto","editContact":"Editar contacto","deleteConfirmMsg":"¿Borrar contacto?","remove":"Eliminar","delete":"Borrar","comments":"Comentarios","no_contact_phones":"Este contacto no tiene número de teléfono","no_contact_email":"Este contacto no tiene dirección de correo","no_contact_data":"This contact does not have a phone number and email address","removePhotoConfirm":"¿Eliminar foto del contacto?","loadingContacts":"Cargando contactos…","noContactsActivity":"No se pudo agregar al contacto al estar vacía la lista","noName":"Sin nombre","givenName":{"placeholder":"Nombre"},"familyName":{"placeholder":"Apellidos"},"tel":{"placeholder":"Teléfono"},"carrier":{"_":"Operador","placeholder":"Operador"},"separator":",","email":{"_":"Correo","placeholder":"Correo"},"streetAddress":{"placeholder":"Calle"},"postalCode":{"placeholder":"Código postal"},"locality":{"placeholder":"Ciudad"},"countryName":{"placeholder":"País"},"comment":{"placeholder":"Comentario"},"org":{"placeholder":"Compañía"},"date":{"_":"Fecha","placeholder":"Fecha"},"date-span-placeholder":"Fecha","birthday":"Cumpleaños","dateFormat":"%B %e","dateOutput":"{{dayMonthFormatted}} {{year}}","anniversary":"Aniversario","addPhoto":"Agregar foto","addPhone":"Agregar teléfono","addEmail":"Agregar correo","addAddress":"Agregar dirección","addDate":"Añadir fecha","addComment":"Agregar comentario","addFavorite":"Agregar como favorito","removeFavorite":"Eliminar como favorito","exit":"Salir","expand":"Expandir","labelName":"Nombre:","labelLastName":"Apellidos:","labelPhoneNumber":"Número de teléfono:","labelCarrier":"Operador:","labelEmail":"Correo:","labelStreet":"Calle:","labelZip":"Código postal:","labelCity":"Ciudad:","labelCountry":"País:","labelComment":"Comentario:","legendTitleMain":"Información principal","legendPhones":"Números de teléfono","legendEmail":"Dirección de correo","legendAddress":"Dirección","legendPhoto":{"ariaLabel":"Photo"},"settings":"Ajustes","transferContactsTitle":"Transferir contactos","importContactsTitle":"Importar contactos","importContactsButton":"Importar contactos","exportContactsTitle":"Exportar contactos","exportContactsButton":"Exportar contactos","exportContactsAction":"Exportar","simExport-title":"Exportar a la SIM","sdExport-title":"Exportar a la tarjeta SD","btExport-title":"Exportar a Bluetooth","sdUMSEnabled":"No se puede usar la tarjeta SD porque está activado el disco USB","exportErrorTitle":"Error al exportar","contactsExported2":{"_index":["plural","exported"],"_":{"zero":"No se han exportado contactos","one":"{{exported}}/{{total}} contactos exportados","two":"{{exported}}/{{total}} contactos exportados","few":"{{exported}}/{{total}} contactos exportados","many":"{{exported}}/{{total}} contactos exportados","other":"{{exported}}/{{total}} contactos exportados"}},"exportError-general":"Se produjo un error durante la exportación","exportError-SD-shared":"No se puede acceder a la tarjeta de memoria porque está compartida","exportError-SD-unavailable":"La tarjeta de memoria no está disponible","exportError-SD-noSpace":"No hay suficiente espacio en la tarjeta de memoria para exportar los contactos","exportError-SIM-unavailable":"La tarjeta SIM no está disponible","exportError-BT-shared":"No se puede acceder a la tarjeta de memoria porque está compartida","exportError-BT-unavailable":"La tarjeta de memoria no está disponible","exportError-BT-noSpace":"No hay suficiente espacio en la tarjeta de memoria para exportar los contactos","social-network":"Redes sociales","social-link":"Vincular contacto","social-unlink":"Desvincular contacto","social-unlink-confirm-title":"¿Desvincular a su amigo/a?","social-unlink-confirm-accept":"Desvincular","facebook-import":"Importar amigos de Facebook","show-fb-profile":"Ver el perfil de Facebook","msg-send":"Mensaje","wall-post":"Publicación en el muro","facebook-export-forbidden":"El contacto no puede ser compartido por restricciones de Facebook.","otherAccount":"Otras cuentas","facebookSwitchMsg":"Sinc. amigos","select_mobile":"Elegir móvil","select_email":"Elegir correo","select_recipient":"Select recipient","contactsOrderBy":"Ordenar por apellidos","importSim2":"Tarjeta SIM","importGmail":"Gmail","bluetooth":"Bluetooth","importOutlook":"Outlook","fbUpdateFriends":"Actualizar amigos importados","cleaningFbData":"Eliminando datos de Facebook","loggingOutFb":"Desconectando de Facebook","cleanFbConfirmMsg":"¿Eliminar todos los datos de Facebook?","renewPwdMsg":"Su contraseña en Facebook ha cambiado. Por favor, actualícela.","notEnabledYet":"Aún sin activar","genericNoConnection":"Para importar contactos, conéctese a una red wifi o de datos","simCard":"Tarjeta SIM","memoryCard":"Tarjeta de memoria","simNumber":"SIM {{number}}","setICEButton":"Set ICE Contacts","ICESettingTitle":"ICE Contacts","ICEDescription":"Add two contacts for making “In Case of Emergency” calls.","ICEContact1":"ICE Contact 1","ICESelectContact":"Select a contact","ICEContact2":"ICE Contact 2","create-new":"Crear un nuevo contacto","import-now":"Importar contactos de la tarjeta SIM o Facebook","no-contacts":"Sin contactos","start-adding":"Comience a agregarlos ya","notImported":"No importados","imported":"Importados","today":"Hoy","yesterday":"Ayer","organise-contacts":"Organizar contactos","find-merge-contacts":"Encontrar contactos duplicados","preparing-contacts":"Preparando contactos","exportError-SIM-NoFreeRecordFound":"La tarjeta SIM está llena","exportError-SIM-CannotAccessPhoneBook":"No se puede acceder a la agenda de contactos de la SIM","exportError-SIM-Unavailable":"SIM no detectada","exportError-SIM-GenericError":"Ha ocurrido un error al exportar un contacto","noSimMsgExport":"Para exportar contactos, inserte o desbloquee su tarjeta SIM","noMemoryCardMsgExport":"Para exportar contactos, inserte una tarjeta de memoria","ContactManagementTitle":"Administración de contactos","DeleteTitle":"Borrar","bulkDeleteButton":"Borrar contactos","BulkDelCancel":"Borrado de contactos cancelado","DeletedTxt":{"_index":["plural","n"],"_":{"zero":"No hay contacto para borrar","one":"1 contacto borrado","two":"{{n}} contactos borrados","few":"{{n}} contactos borrados","many":"{{n}} contactos borrados","other":"{{n}} contactos borrados"}},"DeletingContacts":"Borrando contactos","ContactConfirmDel":{"_index":["plural","n"],"_":{"zero":"No hay contacto para borrar","one":"¿Eliminar 1 contacto? No puede deshacerse.","two":"¿Eliminar {{n}} contactos? No puede deshacerse.","few":"¿Eliminar {{n}} contactos? No puede deshacerse.","many":"¿Eliminar {{n}} contactos? No puede deshacerse.","other":"¿Eliminar {{n}} contactos? No puede deshacerse."}},"SelectedTxt":{"_index":["plural","n"],"_":{"zero":"Contactos","one":"{{n}} seleccionado","two":"{{n}} seleccionados","few":"{{n}} seleccionados","many":"{{n}} seleccionados","other":"{{n}} seleccionados"}},"video":"Vídeo","audio":"Audio","pick_destination":"{{ destination }} {{ carrier }}","removeField":{"ariaLabel":"Remove"},"undo":{"ariaLabel":"Undo"},"back":"Atrás","noSimMsg":"Para importar contactos, inserte o desbloquee su tarjeta SIM","noMemoryCardMsg":"Para importar contactos, inserte una tarjeta de memoria","importMemoryCard":"Tarjeta de memoria","noConnection11":"Para importar contactos de Faceook, conéctese a una red wifi o de datos","simContacts-import":"Importar contactos SIM","simContacts-importing":"Importando contactos de la SIM…","simContacts-reading":"Leyendo la tarjeta SIM…","simContacts-error":"No se importaron los contactos de la SIM","simContacts-imported3":{"_index":["plural","n"],"_":{"zero":"No se detectaron contactos en SIM","one":"Un contacto importado","two":"{{n}} contactos importados","few":"{{n}} contactos importados","many":"{{n}} contactos importados","other":"{{n}} contactos importados"}},"memoryCardContacts-import":"Importar contactos de la tarjeta de memoria","memoryCardContacts-importing":"Importando contactos de la tarjeta de memoria...","memoryCardContacts-reading":"Leyendo de la tarjeta de memoria...","memoryCardContacts-error":"No se importaron los contactos de la tarjeta de memoria","memoryCardContacts-imported3":{"_index":["plural","n"],"_":{"zero":"No se detectaron contactos en la tarjeta de memoria","one":"Un contacto importado","two":"{{n}} contactos importados","few":"{{n}} contactos importados","many":"{{n}} contactos importados","other":"{{n}} contactos importados"}},"genericProgress":"{{current}}/{{total}}","facebook-import-msg":{"_index":["plural","imported"],"_":{"zero":"No se importó ninguno (de {{total}})","one":"Un amigo importado (de {{total}})","two":"{{imported}} importados de {{total}}","few":"{{imported}} importados de {{total}}","many":"{{imported}} importados de {{total}}","other":"{{imported}} importados de {{total}}"}},"contactsMerged":{"_index":["plural","numDups"],"_":{"zero":"No se unió ningún contacto duplicado","one":"Un contacto duplicado unido","two":"{{numDups}} contactos unidos","few":"{{numDups}} contactos unidos","many":"{{numDups}} contactos unidos","other":"{{numDups}} contactos unidos"}},"weekday-0-long":"domingo","weekday-1-long":"lunes","weekday-2-long":"martes","weekday-3-long":"miércoles","weekday-4-long":"jueves","weekday-5-long":"viernes","weekday-6-long":"sábado","weekday-0-short":"do.","weekday-1-short":"lu.","weekday-2-short":"ma.","weekday-3-short":"mi.","weekday-4-short":"ju.","weekday-5-short":"vi.","weekday-6-short":"sá.","month-0-long":"enero","month-1-long":"febrero","month-2-long":"marzo","month-3-long":"abril","month-4-long":"mayo","month-5-long":"junio","month-6-long":"julio","month-7-long":"agosto","month-8-long":"septiembre","month-9-long":"octubre","month-10-long":"noviembre","month-11-long":"diciembre","month-0-genitive":"enero","month-1-genitive":"febrero","month-2-genitive":"marzo","month-3-genitive":"abril","month-4-genitive":"mayo","month-5-genitive":"junio","month-6-genitive":"julio","month-7-genitive":"agosto","month-8-genitive":"septiembre","month-9-genitive":"octubre","month-10-genitive":"noviembre","month-11-genitive":"diciembre","month-0-short":"ene.","month-1-short":"feb.","month-2-short":"mar.","month-3-short":"abr.","month-4-short":"may.","month-5-short":"jun.","month-6-short":"jul.","month-7-short":"ago.","month-8-short":"sep.","month-9-short":"oct.","month-10-short":"nov.","month-11-short":"dic.","minutes-ago-long":{"_index":["plural","value"],"_":{"zero":"ahora","one":"hace un minuto","two":"hace {{value}} minutos","few":"hace {{value}} minutos","many":"hace {{value}} minutos","other":"hace {{value}} minutos"}},"hours-ago-long":{"_index":["plural","value"],"_":{"zero":"ahora","one":"hace una hora","two":"hace {{value}} horas","few":"hace {{value}} horas","many":"hace {{value}} horas","other":"hace {{value}} horas"}},"days-ago-long":{"_index":["plural","value"],"_":{"zero":"hoy","one":"ayer","two":"hace {{value}} días","few":"hace {{value}} días","many":"hace {{value}} días","other":"hace {{value}} días"}},"weeks-ago-long":{"_index":["plural","value"],"_":{"zero":"esta semana","one":"la semana pasada","two":"hace {{value}} semanas","few":"hace {{value}} semanas","many":"hace {{value}} semanas","other":"hace {{value}} semanas"}},"months-ago-long":{"_index":["plural","value"],"_":{"zero":"este mes","one":"el último mes","two":"hace {{value}} meses","few":"hace {{value}} meses","many":"hace {{value}} meses","other":"hace {{value}} meses"}},"years-ago-long":{"_index":["plural","value"],"_":{"zero":"este año","one":"último año","two":"hace {{value}} años","few":"hace {{value}} años","many":"hace {{value}} años","other":"hace {{value}} años"}},"minutes-until-long":{"_index":["plural","value"],"_":{"zero":"ahora","one":"en un minuto","two":"en {{value}} minutos","few":"en {{value}} minutos","many":"en {{value}} minutos","other":"en {{value}} minutos"}},"hours-until-long":{"_index":["plural","value"],"_":{"zero":"ahora","one":"en una hora","two":"en {{value}} horas","few":"en {{value}} horas","many":"en {{value}} horas","other":"en {{value}} horas"}},"days-until-long":{"_index":["plural","value"],"_":{"zero":"hoy","one":"mañana","two":"en {{value}} días","few":"en {{value}} días","many":"en {{value}} días","other":"en {{value}} días"}},"weeks-until-long":{"_index":["plural","value"],"_":{"zero":"esta semana","one":"la próxima semana","two":"en {{value}} semanas","few":"en {{value}} semanas","many":"en {{value}} semanas","other":"en {{value}} semanas"}},"months-until-long":{"_index":["plural","value"],"_":{"zero":"este mes","one":"próximo mes","two":"en {{value}} meses","few":"en {{value}} meses","many":"en {{value}} meses","other":"en {{value}} meses"}},"years-until-long":{"_index":["plural","value"],"_":{"zero":"este año","one":"próximo año","two":"en {{value}} años","few":"en {{value}} años","many":"en {{value}} años","other":"en {{value}} años"}},"minutes-ago-short":{"_index":["plural","value"],"_":{"zero":"ahora","other":"hace {{value}} m"}},"hours-ago-short":{"_index":["plural","value"],"_":{"zero":"ahora","other":"hace {{value}} h"}},"days-ago-short":{"_index":["plural","value"],"_":{"zero":"hoy","other":"hace {{value}} d"}},"minutes-until-short":{"_index":["plural","value"],"_":{"zero":"ahora","other":"en {{value}} m"}},"hours-until-short":{"_index":["plural","value"],"_":{"zero":"ahora","other":"en {{value}} h"}},"days-until-short":{"_index":["plural","value"],"_":{"zero":"hoy","other":"en {{value}} d"}},"incorrectDate":"(fecha incorrecta)","dateTimeFormat_%c":"%a, %e de %b, %Y %H:%M:%S","dateTimeFormat_%x":"%d/%m/%Y","dateTimeFormat_%X":"%H:%M:%S","shortTimeFormat":"%H:%M","shortDateTimeFormat":"%x %H:%M %p","weekStartsOnMonday":"1","time_am":"AM","time_pm":"PM","sim-picker-dial-via-with-number":"Llamar a {{ phoneNumber }} vía","sim-picker-select-sim":"Seleccionar SIM","sim-picker-button":"SIM{{ n }}","sim-picker-button-default":"(predeterminada)","label":"Etiqueta","mobile":"Móvil","home":"Hogar","work":"Trabajo","personal":"Personal","faxHome":"Fax hogar","faxOffice":"Fax oficina","faxOther":"Otro fax","another":"Otro","other":"Otros","customTag":{"placeholder":"Etiq. personalizada"},"current":"Actual","itemWithLabel":"{{label}}, {{item}}","waitDuplicateContacts":"Buscando contactos duplicados","waitMergingDuplicateContacts":"Combinando contactos duplicados","alertNoDuplicateContacts":"No se encontró ningún contacto duplicado","merge":"Unir","mergeDuplicateTitle":"Combinar duplicados","suggestedDuplicateContacts":"Contactos duplicados sugeridos para {{name}}","mergeActionButtonLabel":{"_index":["plural","n"],"_":{"zero":"Ningún contacto seleccionado","one":"Combinar con {{n}} contacto","two":"Combinar con {{n}} contactos","few":"Combinar con {{n}} contactos","many":"Combinar con {{n}} contactos","other":"Combinar con {{n}} contactos"}},"duplicatesFoundTitle":"Duplicados encontrados","duplicatesFoundMessage":"{{name}} duplica información en los siguientes contactos","addNewNumber":"Añadir nuevo número","addToExistingContact":"Agregar a contacto existente","all":{"_":"Todas","ariaLabel":"Todos"},"callLog":"Reg. de llamadas","callLogEdit":{"title":"Editar registro de llamadas"},"callLogEditDialog":{"ariaLabel":"Diálogo de edición de registro de llamadas"},"connecting":"Conectando","cf-async":"Asíncrona: {{ async }}\\n\\n","cf-data":"Datos: {{ data }}\\n","cf-error":"Se produjo un error al recuperar el estado de desvío de llamadas","cf-fax":"FAX: {{ fax }}\\n","cf-inactive":"Inactivo","cf-packet":"Paquete: {{ packet }}\\n","cf-pad":"PAD: {{ pad }}\\n","cf-sms":"SMS: {{ sms }}\\n","cf-status":"Estado de desvío de llamadas\\n","cf-sync":"Síncrona: {{ sync }}\\n","cf-voice":"Voz: {{ voice }}\\n","confirm-deletion":"¿Eliminar llamadas seleccionadas?","createNewContact":"Crear nuevo contacto","dialerAddContact":{"ariaLabel":"Añadir contacto"},"dialerAddContactDialog":{"ariaLabel":"Diálogo de adición de contacto"},"edit-selected":{"_index":["plural","n"],"_":{"one":"{{ n }} seleccionada","two":"{{ n }} seleccionadas","few":"{{ n }} seleccionadas","many":"{{ n }} seleccionadas","other":"{{ n }} seleccionadas"}},"hideKeypad":{"ariaLabel":"Ocultar teclado"},"ignore":"Ignorar llamada","incoming":"Entrante","keypad":{"ariaLabel":"Teclado"},"makeCall":{"ariaLabel":"Realizar llamada"},"missed":{"_":"Perdidas","ariaLabel":"Perdida"},"missedCall":"Llamada perdida","missedCallMultiSims":"(SIM {{ n }}) Llamada perdida","mmi-error":"Se produjo un error al enviar el mensaje","mmi-session-expired":"Sesión caducada","mmi-successfully-sent":"Mensaje enviado correctamente","mmi-notification-title-with-sim":"({{sim}}) {{title}}","mute":{"ariaLabel":"Silenciar"},"newCall":{"ariaLabel":"Nueva llamada"},"no-logs-msg-1":"No hay llamadas registradas","no-logs-msg-2":"Comience a comunicarse ahora","no-logs-msg-3":"No hay llamadas perdidas","recents":{"ariaLabel":"Llamadas recientes"},"reply":"Contestar","send":"Enviar","switch-calls":"Intercambiar llamadas","withheld-number":"Número oculto","from-contact":"De {{ contact }}","from-number":"De {{ number }}","from-withheld-number":"De un número oculto","sending":"Enviando…","speakerOption":{"ariaLabel":"Altavoz"},"ussd-services":"Servicios de {{ operator }}","toggleKeypad":{"ariaLabel":"Alternar teclado"},"type-your-response":{"placeholder":"Escriba su respuesta…"},"clear-all-text":"Borrar todo el texto","hide":"Ocultar","hold":{"ariaLabel":"En espera"},"resume":{"_":"Continuar","ariaLabel":"Continuar"},"sendSms":"Enviar mensaje","callEnded":"Fin llamada","via-sim":"vía SIM{{ n }}","sim-number":"SIM{{ n }}","hangup-a11y-button":{"ariaLabel":"Colgar"},"pickup-a11y-button":{"ariaLabel":"Descolgar"},"unlock-a11y-button":{"ariaLabel":"Barra"},"roaming":"{{operator}} (Roaming)","delete-n-log?":{"_index":["plural","n"],"_":{"zero":"Ninguno seleccionado","one":"¿Eliminar registro seleccionado?","two":"¿Eliminar {{ n }} registros?","few":"¿Eliminar {{ n }} registros?","many":"¿Eliminar {{ n }} registros?","other":"¿Eliminar {{ n }} registros?"}},"callDurationMinutes":"{{ m }}:{{ s }}","callDurationHours":"{{ h }}:{{ m }}:{{ s}}","suggestionMatches":{"_index":["plural","n"],"_":{"one":"{{ n }} coincidencia para \"{{ matchNumber }}\"","two":"{{ n }} coincidencias para \"{{ matchNumber }}\"","few":"{{ n }} coincidencias para \"{{ matchNumber }}\"","many":"{{ n }} coincidencias para \"{{ matchNumber }}\"","other":"{{ n }} coincidencias para \"{{ matchNumber }}\""}},"scCallBarring":"Bloqueo llamadas","scCallForwarding":"Desvío llamadas","scClip":"ID interlocutor","scClir":"ID interlocutor","scPwd":"Cambio de contraseña","scCallWaiting":"Llamada en espera","scPin":"Cambio de PIN","scPin2":"Cambio de PIN2","scPuk":"Desbloquear PIN","scPuk2":"Desbloquear PIN2","scImei":"IMEI","scUssd":"USSD","serviceClassVoice":"Voz","serviceClassData":"Datos","serviceClassFax":"FAX","serviceClassSms":"SMS","serviceClassDataSync":"Síncrono","serviceClassDataAsync":"Asíncrono","serviceClassPacket":"Paquete","serviceClassPad":"PAD","smServiceEnabled":"El servicio fue activado","smServiceDisabled":"El servicio está desactivado","smServiceRegistered":"El registro se realizó correctamente","smServiceErased":"El borrado se realizó correctamente","smServiceInterrogated":"La solicitud se realizó correctamente","smServiceNotProvisioned":"Servicio no aprovisionado","smClirPermanent":"No puede cambiar los ajustes de ID de llamadas","smClirDefaultOnNextCallOn":"El ID de llamada es, por defecto, restringido. Próxima llamada: restringido","smClirDefaultOnNextCallOff":"El ID de llamada es, por defecto, restringido. Próxima llamada: no restringido","smClirDefaultOffNextCallOn":"El ID de llamada es, por defecto, no restringido. Próxima llamada: restringido","smClirDefaultOffNextCallOff":"El ID de llamada es, por defecto, no restringido. Próxima llamada: no restringido","smServiceEnabledFor":"El servicio está activado para:","smPinChanged":"PIN cambiado correctamente","smPinUnblocked":"PIN desbloqueado correctamente","smPin2Changed":"PIN2 cambiado correctamente","smPin2Unblocked":"PIN2 desbloqueado correctamente","ServiceIsEnabled":"Service is enabled","ServiceIsDisabled":"Service is disabled","ServiceIsEnabledFor":"Service is enabled for:","emMmiError":"Problema de conexión o código MMI no válido","emMmiErrorPasswordIncorrect":"Contraseña incorrecta","emMmiErrorNotSupported":"Código MMI no admitido o no válido","emMmiErrorInvalidAction":"Acción no válida","emMmiErrorInvalidScCode":"Código de servicio no válido","emMmiErrorBadPuk":"El PUK que escribió no es correcto","emMmiErrorBadPin":"El PIN antiguo que escribió no es correcto.","emMmiErrorNeedPuk2":"Escriba PUK2 para desbloquear la SIM","emMmiErrorMismatchPin":"Los PIN que escribió no coinciden","emMmiErrorInvalidPin":"Escriba un PIN que tenga entre 4 y 8 números","emMmiErrorNeedsPuk":"Su tarjeta SIM está bloqueada mediante PUK","emMmiErrorEnablePin":"Sin éxito. Active el bloqueo SIM/RUIM","emMmiErrorMmiFdn":"La operativa está restringida a marcar únicamente números prefijados","emMmiErrorStkCcUssdDial":"La solicitud USSD se ha cambiado a solicitud DIAL","emMmiErrorStkCcUssdSs":"La solicitud USSD se ha cambiado a solicitud SS","emMmiErrorStkCcUssdUssd":"La solicitud USSD se ha cambiado a una nueva solicitud USSD","emMmiErrorStkCcSsDial":"La solicitud SS se ha cambiado a solicitud DIAL","emMmiErrorStkCcSsUssd":"La solicitud SS se ha cambiado a solicitud USSD","emMmiErrorStkCcSsSs":"La solicitud SS se ha cambiado a una nueva solicitud SS","emMmiErrorPinPukAttempts":{"_index":["plural","n"],"_":{"one":"Sólo quedan {{ n }} reintentos","two":"quedan {{ n }} reintentos","few":"quedan {{ n }} reintentos","many":"quedan {{ n }} reintentos","other":"quedan {{ n }} reintentos"}},"emMmiErrorSimBlocked":"Número máximo de reintentos superado. SIM bloqueada","RadioNotAvailable":"Radio no disponible","GenericFailure":"Fallo genérico","PasswordIncorrect":"Contraseña incorrecta","SimPin2":"PIN2 de la SIM","SimPuk2":"PUK2 de la SIM","RequestNotSupported":"Solicitud incompatible","OpNotAllowedDuringVoiceCall":"Operación no permitida durante una llamada de voz","SmsSendFailRetry":"Reintento de envío fallido de SMS","SimAbsent":"SIM ausente","SubscriptionNotAvailable":"Suscripción no disponible","ModeNotSupported":"Modo incompatible","FdnCheckFailure":"Fallo de comprobación de Fdn","IllegalSimOrMe":"SIM o ME ilegal","DialModifiedToUssd":"Llamada cambiada a USSD","DialModifiedToSs":"Llamada cambiada a SS","DialModifiedToDial":"Llamada cambiada a llamada","UssdModifiedToDial":"USSD cambiado a llamada","UssdModifiedToSs":"USSD cambiado a SS","UssdModifiedToUssd":"USSD cambiado a USSD","SsModifiedToDial":"SS cambiado a llamada","SsModifiedToUssd":"SS cambiado a USSD","SsModifiedToSs":"SS cambiado a SS","SubscriptionNotSupported":"Suscripción incompatible","InvalidParameter":"Parámetro no válido","RejectedByRemote":"Rechazado en el destino","conferenceCall":"Conference ({{n}})","caller-left-call":"{{ caller }} ha abandonado la llamada.","conferenceAddError":"No se pueden combinar las llamadas","conferenceRemoveError":"No se pueden separar las llamadas","longDateFormat":"%A, %e de %B","select-audio-sources":"Seleccionar fuentes de audio","bluetooth-handsfree-device":"Dispositivo Bluetooth de manos libres","receiver":"Receptor","speaker":"Altavoz","voicemailNoNumberTitle":"El número del buzón de voz no está disponible","voicemailNoNumberText":"Imposible llamar al buzón de voz. Configure un número para el buzón de voz para realizar la llamada.","voicemailNoNumberSettings":"Ajustes","voicemailNoNumberCancel":"Cancelar","phoneNumberInput":{"ariaLabel":"Número de teléfono"},"keypadDelete":{"ariaLabel":"Borrar"},"voiceMailKey":{"ariaLabel":"Buzón de voz"},"asterisk":{"ariaLabel":"Asterisk"},"hashSign":{"ariaLabel":"Símbolo #"}}