{"close":"Itxi","import":"Inportatu","update":"Eguneratu","fbFriends":"FBeko lagunak","live-serviceName":"Outlook","gmail-serviceName":"Gmail","facebook-serviceName":"FBeko lagunak","selectAll":"Hautatu denak","deselectAll":"Desautatu denak","viewAll":"Ikusi Facebookeko lagun guztiak","viewRecommend":"Ikusi gomendatutakoak soilik","linkProposal":{"_index":["plural","numFriends"],"_":{"zero":"Bat datorren lagunik ez. Denak erakusten","one":"Hautatu gomendatutakoa","two":"Hautatu bat gomendatutakoen artetik","few":"Hautatu bat gomendatutakoen artetik","many":"Hautatu bat gomendatutakoen artetik","other":"Hautatu bat gomendatutakoen artetik"}},"fbFriendsFound":{"_index":["plural","numFriends"],"_":{"zero":"Zure lagun guztiak inportatuta daude","one":"Inportatzeko lagun bat aurkitu da","two":"Inportatzeko {{numFriends}} lagun aurkitu dira","few":"Inportatzeko {{numFriends}} lagun aurkitu dira","many":"Inportatzeko {{numFriends}} lagun aurkitu dira","other":"Inportatzeko {{numFriends}} lagun aurkitu dira"}},"fbNoFriends":"Ez dago kontakturik inportatzeko","facebook":"Facebook","search-contact":{"placeholder":"Bilatu"},"noResults":"Ez da kontakturik aurkitu.","done-search":"Eginda","progressFB3ImportTitle":"Lagunak kontaktuetara inportatzen","progressFB":"{{total}}/{{current}}","progressFB3UpdateTitle":"Lagunak kontaktuetan eguneratzen","message2":"Pare bat minutu har ditzake","messageLinking":"Itxaron mesedez. Zure laguna eta kontaktua lotzen ari gara.","messageCanceling":"Itxaron mesedez. Martxan dagoen eragiketa uzten ari gara.","error1":"Errorea {{from}}","error2":"Berriro saiatu nahi duzu?","errorProposal":"proposamendak kalkulatzen","errorFriends":"lagunak eskuratzen","errorLinking":"kontaktua lotzen","timeout1":"Denbora-muga gainditu da {{from}}","timeout2":"Berriro saiatu nahi duzu?","timeoutProposal":"proposamenak kalkulatzen","timeoutFriends":"lagunak eskuratzen","timeoutLinking":"kontaktuak lotzen","wait1":"Itxaron mesedez","wait2":"Pare bat minutu har ditzake","waitProposal":"Itxaron mesedez. Proposamena kalkulatzen ari gara.","waitFriends":"Itxaron mesedez. Zure lagunen zerrenda eskuratzeko konektatzen ari gara.","curtainCancel":"Utzi","curtainRetry":"Saiatu berriro","curtainOK":"Ados","connectionLost":"Interneteko konexiorik ez","connectionLostMsg":"Lagunen argazkiak ez dira gehituko zure kontaktuetara. Jarraitu halere?","yesOption":"Ados","noOption":"Utzi","friendsUpdated":{"_index":["plural","numFriends"],"_":{"zero":"Ez da lagunik eguneratu","one":"Lagun bat eguneratu da","two":"{{numFriends}} lagun eguneratu dira","few":"{{numFriends}} lagun eguneratu dira","many":"{{numFriends}} lagun eguneratu dira","other":"{{numFriends}} lagun eguneratu dira"}},"friendsMerged":{"_index":["plural","numDups"],"_":{"zero":"Ez da bikoiztutako lagunik batu","one":"Bikoiztutako lagun bat batu da","two":"{{numDups}} lagun batu dira","few":"{{numDups}} lagun batu dira","many":"{{numDups}} lagun batu dira","other":"{{numDups}} lagun batu dira"}},"notificationLogin":"Zure Facebook saioa baliogabea da. Hasi saioa mesedez.","syncError":"Errorea gertatu da zure lagunen datuak sinkronizatzean","callAirplaneModeMessage":"Deiak egiteko hegazkin modua desgaitu behar duzu ezarpenetan.","callAirplaneModeBtnOk":"Ados","callAirplaneModeTitle":"Hegazkin modua aktibatuta","numberIsBusyTitle":"Zenbakia lanpetuta dago","numberIsBusyMessage":"Zenbakia une honetan lanpetuta dago. Saiatu berriro geroago.","fdnIsActiveTitle":"FDN aktibatuta","fdnIsActiveMessage":"Finkatutako markatzea (FDN) aktibatuta dago eta ondorengo zenbakia ez dago zure FDN zerrendan: {{ number}}","voiceMail":"Ahots-posta","emergencyNumber":"Larrialdietako zenbakia","emergencyDialogBodyBadNumber":"Deiak egiteko telefonoak sarera konektatuta egon behar du.","emergencyDialogBodyDeviceNotAccepted":"Sareak ez du larrialdi-deirik onartzen.","emergencyDialogBtnOk":"Ados","emergencyDialogTitle":"Sareko konexiorik ez","invalidNumberToDialTitle":"Telefono-zenbaki baliogabea","invalidNumberToDialMessage":"Deitzen ari zaren telefono-zenbakia ez da baliozkoa.","unableToCallTitle":"Ezin da telefono-deia egin orain","unableToCallMessage":"Ezin da deia egin. Dagoeneko deitzen ari bazara, eskegi lehenik.","otherConnectionInUseTitle":"Beste konexio bat erabiltzen ari da","otherConnectionInUseMessage":"Dei aktibo bat daukazu beste konexio batean. Konexio bakarra erabil dezakezu aldi bakoitzean.","add":"Gehitu","call":"Deitu","edit":"Editatu","cancel":"Utzi","done":"Eginda","ok":"Ados","retry":"Saiatu berriro","contacts":"Kontaktuak","addContact":"Gehitu kontaktua","deleteContact":"Ezabatu kontaktua","selectContact":"Hautatu kontaktua","editContact":"Edit. kontaktua","deleteConfirmMsg":"Ezabatu kontaktua?","remove":"Kendu","delete":"Ezabatu","comments":"Iruzkinak","no_contact_phones":"Kontaktu honek ez dauka telefono-zenbakirik","no_contact_email":"Kontaktu honek ez dauka helbide elektronikorik","no_contact_data":"This contact does not have a phone number and email address","removePhotoConfirm":"Kendu kontaktuaren argazkia?","loadingContacts":"Kontaktuak kargatzen…","noContactsActivity":"Ezin da kontaktura gehitu kontaktuen zerrenda hutsik dagoelako","noName":"Izenik ez","givenName":{"placeholder":"Izena"},"familyName":{"placeholder":"Abizena"},"tel":{"placeholder":"Telefonoa"},"carrier":{"_":"Konpainia","placeholder":"Konpainia"},"separator":",","email":{"_":"Helbide elektr.","placeholder":"Helbide elektr."},"streetAddress":{"placeholder":"Kalea"},"postalCode":{"placeholder":"Posta-kodea"},"locality":{"placeholder":"Hiria"},"countryName":{"placeholder":"Herrialdea"},"comment":{"placeholder":"Iruzkina"},"org":{"placeholder":"Enpresa"},"date":{"_":"Data","placeholder":"Data"},"date-span-placeholder":"Data","birthday":"Urtebetetzea","dateFormat":"%Bk %e","dateOutput":"{{year}} {{dayMonthFormatted}}","anniversary":"Urteurrena","addPhoto":"Gehitu argazkia","addPhone":"Gehitu telefonoa","addEmail":"Gehitu helbide elektronikoa","addAddress":"Gehitu helbidea","addDate":"Gehitu data","addComment":"Gehitu iruzkina","addFavorite":"Gehitu gogoko gisa","removeFavorite":"Kendu gogokoetatik","exit":"Irten","expand":"Zabaldu","labelName":"Izena:","labelLastName":"Abizena:","labelPhoneNumber":"Telefono-zenbakia:","labelCarrier":"Telefono-konpainia:","labelEmail":"Helbide elektronikoa:","labelStreet":"Kalea:","labelZip":"Posta-kodea:","labelCity":"Hiria:","labelCountry":"Herrialdea:","labelComment":"Iruzkina:","legendTitleMain":"Informazio nagusia","legendPhones":"Telefono-zenbakiak","legendEmail":"Helbide elektronikoa","legendAddress":"Helbidea","legendPhoto":{"ariaLabel":"Argazkia"},"settings":"Ezarpenak","transferContactsTitle":"Transferitu kontaktuak","importContactsTitle":"Inportatu kontaktuak","importContactsButton":"Inportatu kontaktuak","exportContactsTitle":"Esportatu kontaktuak","exportContactsButton":"Esportatu kontaktuak","exportContactsAction":"Esportatu","simExport-title":"Esportatu SIMera","sdExport-title":"Esportatu SD txartelera","btExport-title":"Esportatu Bluetooth-era","sdUMSEnabled":"Ezin da SD txartela erabili USB biltegiratzea gaituta dagoelako","exportErrorTitle":"Esportatze-errorea","contactsExported2":{"_index":["plural","exported"],"_":{"zero":"Ez da kontakturik esportatu","one":"{{total}}/{{exported}} kontaktu esportatu dira","two":"{{total}}/{{exported}} kontaktu esportatu dira","few":"{{total}}/{{exported}} kontaktu esportatu dira","many":"{{total}}/{{exported}} kontaktu esportatu dira","other":"{{total}}/{{exported}} kontaktu esportatu dira"}},"exportError-general":"Erroreren bat gertatu da esportatzean","exportError-SD-shared":"Ezin da memoria-txartela atzitu partekatuta dagoelako","exportError-SD-unavailable":"Memoria-txartela ez dago erabilgarri","exportError-SD-noSpace":"Ez dago kontaktuak esportatzeko toki libre nahikorik memoria-txartelean","exportError-SIM-unavailable":"SIM txartela ez dago erabilgarri","exportError-BT-shared":"Ezin da memoria-txartela atzitu partekatuta dagoelako","exportError-BT-unavailable":"Memoria-txartela ez dago erabilgarri","exportError-BT-noSpace":"Ez dago kontaktuak esportatzeko toki libre nahikorik memoria-txartelean","social-network":"Sare sozialak","social-link":"Lotu kontaktua","social-unlink":"Deslotu kontaktua","social-unlink-confirm-title":"Zure laguna deslotu nahi duzu?","social-unlink-confirm-accept":"Deslotu","facebook-import":"Inportatu Facebookeko lagunak","show-fb-profile":"Ikusi Facebook profila","msg-send":"Bidali mezua","wall-post":"Argitaratu horman","facebook-export-forbidden":"Kontaktua ezin da partekatu Facebook-eko muga bat dela-eta.","otherAccount":"Bestelako kontuak","facebookSwitchMsg":"Sinkronizatu lagunak","select_mobile":"Hautatu mugikorra","select_email":"Hautatu helbide elektronikoa","select_recipient":"Hautatu hartzailea","contactsOrderBy":"Ordenatu abizenez","importSim2":"SIM txartela","importGmail":"Gmail","bluetooth":"Bluetooth","importOutlook":"Outlook","fbUpdateFriends":"Eguneratu inportatutako lagunak","cleaningFbData":"Facebookeko datuak kentzen","loggingOutFb":"Facebookeko saioa ixten","cleanFbConfirmMsg":"Facebookeko datu guztiak kendu?","renewPwdMsg":"Facebookeko zure pasahitza aldatu egin da. Egunera ezazu mesedez.","notEnabledYet":"Oraindik gaitu gabe","genericNoConnection":"Kontaktuak inportatzeko konektatu Wi-Fira edo datu-sarera","simCard":"SIM txartela","memoryCard":"Memoria-txartela","simNumber":"{{number}}. SIMa","setICEButton":"Set ICE Contacts","ICESettingTitle":"ICE Contacts","ICEDescription":"Add two contacts for making “In Case of Emergency” calls.","ICEContact1":"ICE Contact 1","ICESelectContact":"Select a contact","ICEContact2":"ICE Contact 2","create-new":"Sortu kontaktu berria","import-now":"Inportatu kontaktua SIM txarteletik edo Facebooketik","no-contacts":"Kontakturik ez","start-adding":"Hasi orain gehitzen","notImported":"Inportatu gabe","imported":"Inportatuta","today":"Gaur","yesterday":"Atzo","organise-contacts":"Antolatu kontaktuak","find-merge-contacts":"Bilatu bikoiztutako kontaktuak","preparing-contacts":"Kontaktuak prestatzen","exportError-SIM-NoFreeRecordFound":"SIM txartela beteta dago","exportError-SIM-CannotAccessPhoneBook":"Ezin da SIM txartelaren telefono-liburua atzitu","exportError-SIM-Unavailable":"Ez da SIMik atzeman","exportError-SIM-GenericError":"Errorea gertatu da kontaktu bat esportatzean","noSimMsgExport":"Kontaktuak esportatzeko, sartu edo desblokeatu SIM txartela","noMemoryCardMsgExport":"Kontaktuak esportatzeko, sartu memoria-txartela","ContactManagementTitle":"Kontaktuen kudeaketa","DeleteTitle":"Ezabatu","bulkDeleteButton":"Ezabatu kontaktuak","BulkDelCancel":"Kontaktuak ezabatzea utzita","DeletedTxt":{"_index":["plural","n"],"_":{"zero":"Ezabatzeko kontakturik ez","one":"Kontaktu bat ezabatuta","two":"{{n}} kontaktu ezabatuta","few":"{{n}} kontaktu ezabatuta","many":"{{n}} kontaktu ezabatuta","other":"{{n}} kontaktu ezabatuta"}},"DeletingContacts":"Kontaktuak ezabatzen","ContactConfirmDel":{"_index":["plural","n"],"_":{"zero":"Ezabatzeko kontakturik ez","one":"Ezabatu kontaktu bat? Hau ezin da desegin.","two":"{{n}} kontaktu ezabatu? Hau ezin da desegin.","few":"{{n}} kontaktu ezabatu? Hau ezin da desegin. ","many":"{{n}} kontaktu ezabatu? Hau ezin da desegin. ","other":"{{n}} kontaktu ezabatu? Hau ezin da desegin. "}},"SelectedTxt":{"_index":["plural","n"],"_":{"zero":"Kontaktuak","one":"{{n}} hautatuta","two":"{{n}} hautatuta","few":"{{n}} hautatuta","many":"{{n}} hautatuta","other":"{{n}} hautatuta"}},"video":"Bideoa","audio":"Audioa","pick_destination":"{{ destination }} {{ carrier }}","removeField":{"ariaLabel":"Kendu"},"undo":{"ariaLabel":"Desegin"},"back":"Atzera","noSimMsg":"Kontaktuak inportatzeko, sartu edo desblokeatu SIM txartela","noMemoryCardMsg":"Kontaktuak inportatzeko, sartu memoria-txartela","importMemoryCard":"Memoria-txartela","noConnection11":"Facebookeko lagunak edo kontaktuak inportatzeko konektatu Wi-Fira edo datu-sarera","simContacts-import":"Inportatu SIMeko kontaktuak","simContacts-importing":"SIMeko kontaktuak inportatzen…","simContacts-reading":"SIM txarteletik irakurtzen…","simContacts-error":"Ezin dira kontaktuak inportatu SIMetik","simContacts-imported3":{"_index":["plural","n"],"_":{"zero":"Ez da inportatzeko kontakturik atzeman SIMean","one":"Kontaktu bat inportatu da","two":"{{n}} kontaktu inportatu dira","few":"{{n}} kontaktu inportatu dira","many":"{{n}} kontaktu inportatu dira","other":"{{n}} kontaktu inportatu dira"}},"memoryCardContacts-import":"Inportatu kontaktuak memoria-txarteletik","memoryCardContacts-importing":"Kontaktuak memoria-txarteletik inportatzen…","memoryCardContacts-reading":"SIM txarteletik irakurtzen…","memoryCardContacts-error":"Ezin dira kontaktuak inportatu memoria-txarteletik","memoryCardContacts-imported3":{"_index":["plural","n"],"_":{"zero":"Ez da inportatzeko kontakturik atzeman memoria-txartelean","one":"Kontaktu bat inportatu da","two":"{{n}} kontaktu inportatu dira","few":"{{n}} kontaktu inportatu dira","many":"{{n}} kontaktu inportatu dira","other":"{{n}} kontaktu inportatu dira"}},"genericProgress":"{{total}}/{{current}}","facebook-import-msg":{"_index":["plural","imported"],"_":{"zero":"Ez da lagunik inportatu ({{total}} guztira)","one":"Lagun bat inportatu da ({{total}} guztira)","two":"{{total}}/{{imported}} lagun inportatu dira","few":"{{total}}/{{imported}} lagun inportatu dira","many":"{{total}}/{{imported}} lagun inportatu dira","other":"{{total}}/{{imported}} lagun inportatu dira"}},"contactsMerged":{"_index":["plural","numDups"],"_":{"zero":"Ez da bikoiztutako kontakturik batu","one":"Bikoiztutako kontaktu bat batu da","two":"{{numDups}} kontaktu batu dira","few":"{{numDups}} kontaktu batu dira","many":"{{numDups}} kontaktu batu dira","other":"{{numDups}} kontaktu batu dira"}},"weekday-0-long":"igandea","weekday-1-long":"astelehena","weekday-2-long":"asteartea","weekday-3-long":"asteazkena","weekday-4-long":"osteguna","weekday-5-long":"ostirala","weekday-6-long":"larunbata","weekday-0-short":"ig.","weekday-1-short":"al.","weekday-2-short":"ar.","weekday-3-short":"az.","weekday-4-short":"og.","weekday-5-short":"or.","weekday-6-short":"lr.","month-0-long":"urtarrila","month-1-long":"otsaila","month-2-long":"martxoa","month-3-long":"apirila","month-4-long":"maiatza","month-5-long":"ekaina","month-6-long":"uztaila","month-7-long":"abuztua","month-8-long":"iraila","month-9-long":"urria","month-10-long":"azaroa","month-11-long":"abendua","month-0-genitive":"urtarrila","month-1-genitive":"otsaila","month-2-genitive":"martxoa","month-3-genitive":"apirila","month-4-genitive":"maiatza","month-5-genitive":"ekaina","month-6-genitive":"uztaila","month-7-genitive":"abuztua","month-8-genitive":"iraila","month-9-genitive":"urria","month-10-genitive":"azaroa","month-11-genitive":"abendua","month-0-short":"urt","month-1-short":"ots","month-2-short":"mar","month-3-short":"api","month-4-short":"mai","month-5-short":"eka","month-6-short":"uzt","month-7-short":"abu","month-8-short":"ira","month-9-short":"urr","month-10-short":"aza","month-11-short":"abe","minutes-ago-long":{"_index":["plural","value"],"_":{"zero":"orain","one":"duela minutu bat","two":"duela {{value}} minutu","few":"duela {{value}} minutu","many":"duela {{value}} minutu","other":"duela {{value}} minutu"}},"hours-ago-long":{"_index":["plural","value"],"_":{"zero":"orain","one":"duela ordubete","two":"duela {{value}} ordu","few":"duela {{value}} ordu","many":"duela {{value}} ordu","other":"duela {{value}} ordu"}},"days-ago-long":{"_index":["plural","value"],"_":{"zero":"gaur","one":"atzo","two":"herenegun","few":"duela {{value}} egun","many":"duela {{value}} egun","other":"duela {{value}} egun"}},"weeks-ago-long":{"_index":["plural","value"],"_":{"zero":"aste honetan","one":"azken astean","two":"duela {{value}} aste","few":"duela {{value}} aste","many":"duela {{value}} aste","other":"duela {{value}} aste"}},"months-ago-long":{"_index":["plural","value"],"_":{"zero":"hilabete honetan","one":"azken hilabetean","two":"duela {{value}} hilabete","few":"duela {{value}} hilabete","many":"duela {{value}} hilabete","other":"duela {{value}} hilabete"}},"years-ago-long":{"_index":["plural","value"],"_":{"zero":"aurten","one":"iaz","two":"duela {{value}} urte","few":"duela {{value}} urte","many":"duela {{value}} urte","other":"duela {{value}} urte"}},"minutes-until-long":{"_index":["plural","value"],"_":{"zero":"orain","one":"minutu barru","two":"{{value}} minutu barru","few":"{{value}} minutu barru","many":"{{value}} minutu barru","other":"{{value}} minutu barru"}},"hours-until-long":{"_index":["plural","value"],"_":{"zero":"orain","one":"ordubete barru","two":"{{value}} ordu barru","few":"{{value}} ordu barru","many":"{{value}} ordu barru","other":"{{value}} ordu barru"}},"days-until-long":{"_index":["plural","value"],"_":{"zero":"gaur","one":"bihar","two":"etzi","few":"{{value}} egun barru","many":"{{value}} egun barru","other":"{{value}} egun barru"}},"weeks-until-long":{"_index":["plural","value"],"_":{"zero":"aste honetan","one":"hurrengo astean","two":"{{value}} aste barru","few":"{{value}} aste barru","many":"{{value}} aste barru","other":"{{value}} aste barru"}},"months-until-long":{"_index":["plural","value"],"_":{"zero":"hil honetan","one":"hurrengo hilean","two":"{{value}} hilabete barru","few":"{{value}} hilabete barru","many":"{{value}} hilabete barru","other":"{{value}} hilabete barru"}},"years-until-long":{"_index":["plural","value"],"_":{"zero":"aurten","one":"hurrengo urtean","two":"{{value}} urte barru","few":"{{value}} urte barru","many":"{{value}} urte barru","other":"{{value}} urte barru"}},"minutes-ago-short":{"_index":["plural","value"],"_":{"zero":"orain","other":"duela {{value}}m"}},"hours-ago-short":{"_index":["plural","value"],"_":{"zero":"orain","other":"duela {{value}}h"}},"days-ago-short":{"_index":["plural","value"],"_":{"zero":"gaur","other":"duela {{value}}eg."}},"minutes-until-short":{"_index":["plural","value"],"_":{"zero":"orain","other":"{{value}}m barru"}},"hours-until-short":{"_index":["plural","value"],"_":{"zero":"orain","other":"{{value}}h barru"}},"days-until-short":{"_index":["plural","value"],"_":{"zero":"gaur","other":"{{value}}eg. barru"}},"incorrectDate":"(data okerra)","dateTimeFormat_%c":"%a, %Y.eko %Bren %ea %H:%M:%S","dateTimeFormat_%x":"%Y/%m/%d","dateTimeFormat_%X":"%H:%M:%S","shortTimeFormat":"%H:%M","shortDateTimeFormat":"%x %H:%M","weekStartsOnMonday":"1","time_am":"AM","time_pm":"PM","sim-picker-dial-via-with-number":"Markatu {{ phoneNumber }} zenbakia","sim-picker-select-sim":"Hautatu SIMa","sim-picker-button":"SIM{{ n }}","sim-picker-button-default":"(lehenetsia)","label":"Etiketa","mobile":"Mugikorra","home":"Home","work":"Work","personal":"Pertsonala","faxHome":"Fax home","faxOffice":"Fax office","faxOther":"Fax other","another":"Beste bat","other":"Other","customTag":{"placeholder":"Etiketa pertsonalizatua"},"current":"Unekoa","itemWithLabel":"{{label}}, {{item}}","waitDuplicateContacts":"Bikoiztutako kontaktuak bilatzen","waitMergingDuplicateContacts":"Bikoiztutako kontaktuak batzen","alertNoDuplicateContacts":"Ez da bikoiztutako kontakturik aurkitu","merge":"Batu","mergeDuplicateTitle":"Batu bikoiztuak","suggestedDuplicateContacts":"{{name}}(r)entzat iradokitako bikoiztutako kontaktuak","mergeActionButtonLabel":{"_index":["plural","n"],"_":{"zero":"Ez da kontakturik hautatu","one":"Batu kontaktu batekin","two":"Batu {{n}} kontakturekin","few":"Batu {{n}} kontakturekin","many":"Batu {{n}} kontakturekin","other":"Batu {{n}} kontakturekin"}},"duplicatesFoundTitle":"Bikoiztutakoak aurkituta","duplicatesFoundMessage":"{{name}}(r)ek informazioa bikoizten du ondorengo kontaktuetan","addNewNumber":"Gehitu zenbaki berria","addToExistingContact":"Gehitu badagoen kontaktuari","all":{"_":"Denak","ariaLabel":"Denak"},"callLog":"Deien erregistroa","callLogEdit":{"title":"Editatu deien erregistroa"},"callLogEditDialog":{"ariaLabel":"Deien erregistroa editatzeko koadroa"},"connecting":"Konektatzen","cf-async":"Asinkronoa: {{ async }}\\n","cf-data":"Datuak: {{ data }}\\n","cf-error":"Errorea gertatu da dei-birbidalketaren egoera eskuratzean","cf-fax":"FAXa: {{ fax }}\\n","cf-inactive":"Inaktibo","cf-packet":"Paketea: {{ packet }}\\n","cf-pad":"PADa: {{ pad }}\\n","cf-sms":"SMSa: {{ sms }}\\n","cf-status":"Dei-birbidalketaren egoera\\n","cf-sync":"Sinkronoa: {{ sync }}\\n","cf-voice":"Ahotsa: {{ voice }}\\n","confirm-deletion":"Garbitu hautatutako deiak?","createNewContact":"Sortu kontaktu berria","dialerAddContact":{"ariaLabel":"Gehitu kontaktua"},"dialerAddContactDialog":{"ariaLabel":"Kontaktua gehitzeko koadroa"},"edit-selected":{"_index":["plural","n"],"_":{"one":"Bat hautatuta","two":"{{ n }} hautatuta","few":"{{ n }} hautatuta","many":"{{ n }} hautatuta","other":"{{ n }} hautatuta"}},"hideKeypad":{"ariaLabel":"Ezkutatu zenbakizko teklatua"},"ignore":"Ezikusi deia","incoming":"Sarrerakoak","keypad":{"ariaLabel":"Zenbakizko teklatua"},"makeCall":{"ariaLabel":"Deia egin"},"missed":{"_":"Galduak","ariaLabel":"Galduak"},"missedCall":"Dei galdua","missedCallMultiSims":"({{ n }}. SIMa) Dei galdua","mmi-error":"Errorea gertatu da mezua bidaltzean","mmi-session-expired":"Saioa iraungita","mmi-successfully-sent":"Mezua ondo bidali da","mmi-notification-title-with-sim":"({{sim}}) {{title}}","mute":{"ariaLabel":"Mututu"},"newCall":{"ariaLabel":"Dei berria"},"no-logs-msg-1":"Erregistratutako deirik ez","no-logs-msg-2":"Hasi komunikatzen orain","no-logs-msg-3":"Dei galdurik ez","recents":{"ariaLabel":"Azken deiak"},"reply":"Erantzun","send":"Bidali","switch-calls":"Aldatu deiak","withheld-number":"Zenbaki ezkutua","from-contact":"{{ contact }}","from-number":"{{ number }}","from-withheld-number":"Zenbaki ezkutua","sending":"Bidaltzen…","speakerOption":{"ariaLabel":"Bozgorailua"},"ussd-services":"{{ operator }} zerbitzuak","toggleKeypad":{"ariaLabel":"Txandakatu zenbakizko teklatua"},"type-your-response":{"placeholder":"Idatzi erantzuna…"},"clear-all-text":"Garbitu testu guztia","hide":"Ezkutatu","hold":{"ariaLabel":"Mantendu"},"resume":{"_":"Berrekin","ariaLabel":"Berrekin"},"sendSms":"Bidali mezua","callEnded":"Deia amaituta","via-sim":"{{ n }}. SIMaren bidez","sim-number":"{{ n }}. SIMa","hangup-a11y-button":{"ariaLabel":"Eseki"},"pickup-a11y-button":{"ariaLabel":"Hartu"},"unlock-a11y-button":{"ariaLabel":"Graduatzailea"},"roaming":"{{operator}} (Roaming)","delete-n-log?":{"_index":["plural","n"],"_":{"zero":"Ez da ezer hautatu","one":"Ezabatu hautatutako loga?","two":"Ezabatu {{n}} log?","few":"Ezabatu {{n}} log?","many":"Ezabatu {{n}} log?","other":"Ezabatu {{n}} log?"}},"callDurationMinutes":"{{ m }}:{{ s }}","callDurationHours":"{{ h }}:{{ m }}:{{ s}}","suggestionMatches":{"_index":["plural","n"],"_":{"one":"Agerpen bat \"{{ matchNumber }}\" zenbakirako","two":"{{ n }} agerpen \"{{ matchNumber }}\" zenbakirako","few":"{{ n }} agerpen \"{{ matchNumber }}\" zenbakirako","many":"{{ n }} agerpen \"{{ matchNumber }}\" zenbakirako","other":"{{ n }} agerpen \"{{ matchNumber }}\" zenbakirako"}},"scCallBarring":"Deien blokeoa","scCallForwarding":"Dei-birbidalketa","scClip":"Sar. deitzaile-IDa","scClir":"Irt. deitzaile-IDa","scPwd":"Pasahitz-aldaketa","scCallWaiting":"Dei-itxarotea","scPin":"PIN aldaketa","scPin2":"PIN2 aldaketa","scPuk":"Desblokeatu PINa","scPuk2":"Desblokeatu PIN2a","scImei":"IMEI","scUssd":"USSD","serviceClassVoice":"Ahotsa","serviceClassData":"Datuak","serviceClassFax":"FAXa","serviceClassSms":"SMSa","serviceClassDataSync":"Sinkr.","serviceClassDataAsync":"Asinkr.","serviceClassPacket":"Paketea","serviceClassPad":"PAD","smServiceEnabled":"Zerbitzua gaitu egin da","smServiceDisabled":"Zerbitzua desgaitu egin da","smServiceRegistered":"Erregistroa ondo burutu da","smServiceErased":"Ezabatzea ondo burutu da","smServiceInterrogated":"Eskaera ondo burutu da","smServiceNotProvisioned":"Hornitu gabeko zerbitzua","smClirPermanent":"Ezin duzu deitzailearen IDaren ezarpena aldatu","smClirDefaultOnNextCallOn":"Deitzailearen IDa mugatuta dago lehenespenez. Hurrengo deia: mugatuta","smClirDefaultOnNextCallOff":"Deitzailearen IDa mugatuta dago lehenespenez. Hurrengo deia: mugatu gabe","smClirDefaultOffNextCallOn":"Deitzailearen IDa mugatu gabe dago lehenespenez. Hurrengo deia: mugatuta","smClirDefaultOffNextCallOff":"Deitzailearen IDa mugatu gabe dago lehenespenez. Hurrengo deia: mugatu gabe","smServiceEnabledFor":"Zerbitzua honentzat gaitu da:","smPinChanged":"PINa ondo aldatu da","smPinUnblocked":"PINa ondo desblokeatu da","smPin2Changed":"PIN2a ondo aldatu da","smPin2Unblocked":"PIN2a ondo desblokeatu da","ServiceIsEnabled":"Service is enabled","ServiceIsDisabled":"Service is disabled","ServiceIsEnabledFor":"Service is enabled for:","emMmiError":"Konexio-arazoa edo MMI kode baliogabea","emMmiErrorPasswordIncorrect":"Pasahitz okerra","emMmiErrorNotSupported":"MMI kode baliogabea edo onartzen ez dena","emMmiErrorInvalidAction":"Ekintza baliogabea","emMmiErrorInvalidScCode":"Zerbitzu-kode baliogabea","emMmiErrorBadPuk":"Idatzi duzun PUKa ez da zuzena","emMmiErrorBadPin":"Idatzi duzun PIN zaharra ez da zuzena.","emMmiErrorNeedPuk2":"Idatzi PUK2a SIM txartela desblokeatzeko","emMmiErrorMismatchPin":"Idatzi dituzun PINak ez datoz bat","emMmiErrorInvalidPin":"Idatzi 4 eta 8 zenbaki arteko PINa","emMmiErrorNeedsPuk":"Zure SIM txartela PUK bidez blokeatuta dago","emMmiErrorEnablePin":"Ez da ondo burutu. Gaitu SIM/RUIM LOCK","emMmiErrorMmiFdn":"Eragiketa zenbaki aurrefinkatuen markatzeari soilik dago mugatuta","emMmiErrorStkCcUssdDial":"USSD eskaera DIAL eskaerara aldatu da","emMmiErrorStkCcUssdSs":"USSD eskaera SS eskaerara aldatu da","emMmiErrorStkCcUssdUssd":"USSD eskaera USSD eskaera berrira aldatu da","emMmiErrorStkCcSsDial":"SS eskaera DIAL eskaerara aldatu da","emMmiErrorStkCcSsUssd":"SS eskaera USSD eskaerara aldatu da","emMmiErrorStkCcSsSs":"SS eskaera SS eskaera berrira aldatu da","emMmiErrorPinPukAttempts":{"_index":["plural","n"],"_":{"one":"Azken aukera falta da","two":"{{n}} aukera falta dira","few":"{{n}} aukera falta dira","many":"{{n}} aukera falta dira","other":"{{n}} aukera falta dira"}},"emMmiErrorSimBlocked":"Aukeren kopuru maximoa gaindituta. SIMa blokeatuta","RadioNotAvailable":"Irratia ez dago erabilgarri","GenericFailure":"Hutsegite generikoa","PasswordIncorrect":"Pasahitz okerra","SimPin2":"SIM PIN2a","SimPuk2":"SIM PUK2a","RequestNotSupported":"Eskaera ez da onartzen","OpNotAllowedDuringVoiceCall":"Eragiketa ez dago baimenduta ahots-deian zehar","SmsSendFailRetry":"SMSa bidaltzeko birsaiakeraren hutsegitea","SimAbsent":"Ez dago SIMa","SubscriptionNotAvailable":"Harpidetza ez dago erabilgarri","ModeNotSupported":"Modua ez da onartzen","FdnCheckFailure":"Fdn egiaztapenaren hutsegitea","IllegalSimOrMe":"SIM edo ME ilegala","DialModifiedToUssd":"Dial USSDra aldatu da","DialModifiedToSs":"Dial SSra aldatu da","DialModifiedToDial":"Dial dial-era aldatu da","UssdModifiedToDial":"USSD dial-era aldatu da","UssdModifiedToSs":"USSD SSra aldatu da","UssdModifiedToUssd":"USSD USSDra aldatu da","SsModifiedToDial":"SS dial-era aldatu da","SsModifiedToUssd":"SS USSDra aldatu da","SsModifiedToSs":"SS SSra aldatu da","SubscriptionNotSupported":"Harpidetza ez da onartzen","InvalidParameter":"Parametro baliogabea","RejectedByRemote":"Urrunekoak baztertua","conferenceCall":"Conference ({{n}})","caller-left-call":"{{ caller }}(e)k deia utzi du.","conferenceAddError":"Ezin dira deiak konbinatu","conferenceRemoveError":"Ezin dira deiak banandu","longDateFormat":"%A, %Bk %e","select-audio-sources":"Hautatu audio-iturriak","bluetooth-handsfree-device":"Esku libreko Bluetooth gailua","receiver":"Hargailua","speaker":"Bozgorailua","voicemailNoNumberTitle":"Ahots-postaren zenbakia ez dago erabilgarri","voicemailNoNumberText":"Ezin da ahots-postara deitu. Konfiguratu ahots-postaren zenbakia deia egin ahal izateko.","voicemailNoNumberSettings":"Ezarpenak","voicemailNoNumberCancel":"Utzi","phoneNumberInput":{"ariaLabel":"Telefono-zenbakia"},"keypadDelete":{"ariaLabel":"Ezabatu"},"voiceMailKey":{"ariaLabel":"Voicemail"},"asterisk":{"ariaLabel":"Asterisk"},"hashSign":{"ariaLabel":"Hash sign"}}