{"close":"Bezárás","import":"Másolás","update":"Frissítés","fbFriends":"Facebook","live-serviceName":"Outlook","gmail-serviceName":"Gmail","facebook-serviceName":"Facebook","selectAll":"Minden kijelölése","deselectAll":"Kijelölés törlése","viewAll":"Az összes Facebook ismerős listája","viewRecommend":"Ajánlottak megjelenítése","linkProposal":{"_index":["plural","numFriends"],"_":{"zero":"Nincs egyező ismerős. Az összes megjelenítése","one":"Válasszon ki egy ajánlást","two":"Válasszon ki egy ajánlást","few":"Válasszon ki egy ajánlást","many":"Válasszon ki egy ajánlást","other":"Válasszon ki egy ajánlást"}},"fbFriendsFound":{"_index":["plural","numFriends"],"_":{"zero":"Az összes ismerős átmásolva","one":"Egy átmásolandó ismerős van","two":"{{numFriends}} átmásolandó ismerős van","few":"{{numFriends}} átmásolandó ismerős van","many":"{{numFriends}} átmásolandó ismerős van","other":"{{numFriends}} átmásolandó ismerős van"}},"fbNoFriends":"No contacts available to import","facebook":"Facebook","search-contact":{"placeholder":"Keresés"},"noResults":"Nincsenek névjegyek","done-search":"Kész","progressFB3ImportTitle":"Ismerősök másolása a Névjegyekbe","progressFB":"{{current}}/{{total}}","progressFB3UpdateTitle":"Ismerősök névjegyeinek frissítése","message2":"Ez eltarthat egy pár percig…","messageLinking":"Kis türelmet az ismerős és a névjegy összekapcsolásáig.","messageCanceling":"Egy kis türelmet kérünk, amíg megszakítjuk a folyamatban lévő műveletet.","error1":"Hiba {{from}}","error2":"Megpróbálja újra?","errorProposal":"ajánlások készítése","errorFriends":"ismerősök adatainak lekérése","errorLinking":"névjegyek összekapcsolása","timeout1":"Időtúllépési hiba: {{from}}","timeout2":"Megpróbálja újra?","timeoutProposal":"ajánlások készítése","timeoutFriends":"ismerősök adatainak lekérése","timeoutLinking":"névjegyek összekapcsolása","wait1":"Kis türelmet","wait2":"Ez eltarthat egy pár percig…","waitProposal":"Kis türelmet. Az ajánlatkészítés folyamatban.","waitFriends":"Kis türelmet. Kapcsolódás az ismerősök listájának lekéréséhez.","curtainCancel":"Mégse","curtainRetry":"Újra","curtainOK":"OK","connectionLost":"Nincs internetkapcsolat","connectionLostMsg":"Az ismerősök képei nem lesznek a névjegyekhez adva. Biztosan folytatja?","yesOption":"OK","noOption":"Mégse","friendsUpdated":{"_index":["plural","numFriends"],"_":{"zero":"Nincs frissített ismerős","one":"Egy frissített ismerős","two":"{{numFriends}} frissített ismerős","few":"{{numFriends}} frissített ismerős","many":"{{numFriends}} frissített ismerős","other":"{{numFriends}} frissített ismerős"}},"friendsMerged":{"_index":["plural","numDups"],"_":{"zero":"Nem lettek többszörös ismerősök egyesítve","one":"Egy többszörös ismerős egyesítve","two":"{{numDups}} ismerős egyesítve","few":"{{numDups}} ismerős egyesítve","many":"{{numDups}} ismerős egyesítve","other":"{{numDups}} ismerős egyesítve"}},"notificationLogin":"A Facebook munkamenet lejárt. Jelentkezzen be.","syncError":"Hiba történt az ismerősök adatainak szinkronizálásakor","callAirplaneModeMessage":"Híváshoz ki kell kapcsolni a repülő módot a beállításokban.","callAirplaneModeBtnOk":"OK","callAirplaneModeTitle":"A repülő mód be van kapcsolva","numberIsBusyTitle":"A szám foglalt","numberIsBusyMessage":"A szám jelenleg foglalt. Próbálja újra később.","fdnIsActiveTitle":"FDN aktív","fdnIsActiveMessage":"Az FDN engedélyezve van, de a szám nincs rajta az FDN listán: {{ number }}","voiceMail":"Hangposta","emergencyNumber":"Segélyhívó szám","emergencyDialogBodyBadNumber":"Hívás indításához a telefonnak csatlakoznia kell egy hálózathoz.","emergencyDialogBodyDeviceNotAccepted":"A hálózat nem engedélyezi a segélyhívásokat.","emergencyDialogBtnOk":"OK","emergencyDialogTitle":"Nincs hálózati kapcsolat","invalidNumberToDialTitle":"A szám érvénytelen","invalidNumberToDialMessage":"A hívott szám nem érvényes.","unableToCallTitle":"Nem indítható telefonhívás","unableToCallMessage":"Nem indítható hívás. Ha már tárcsázott, előbb tegye le.","otherConnectionInUseTitle":"Másik vonal használatban","otherConnectionInUseMessage":"A másik vonalon már van egy aktív hívása. Egyszerre csak egy vonal használható.","add":"Felvétel","call":"Hívás","edit":"Szerkesztés","cancel":"Mégse","done":"Kész","ok":"OK","retry":"Próbálja újra","contacts":"Névjegyek","addContact":"Névjegy felvétele","deleteContact":"Névjegy törlése","selectContact":"Névjegy kiválasztása","editContact":"Névjegy írása","deleteConfirmMsg":"Törli a névjegyet?","remove":"Eltávolítás","delete":"Törlés","comments":"Megjegyzések","no_contact_phones":"Ehhez a névjegyhez nem tartozik telefonszám","no_contact_email":"Ehhez a névjegyhez nem tartozik email-cím","no_contact_data":"This contact does not have a phone number and email address","removePhotoConfirm":"Eltávolítja a névjegy képét?","loadingContacts":"Névjegyek betöltése…","noContactsActivity":"Nem adható névjegyhez, mert a névjegylista üres","noName":"Nincs név","givenName":{"placeholder":"Név"},"familyName":{"placeholder":"Vezetéknév"},"tel":{"placeholder":"Telefonszám"},"carrier":{"_":"Szolgáltató","placeholder":"Szolgáltató"},"separator":",","email":{"_":"E-mail","placeholder":"E-mail"},"streetAddress":{"placeholder":"Utca"},"postalCode":{"placeholder":"Irányítószám"},"locality":{"placeholder":"Város"},"countryName":{"placeholder":"Ország"},"comment":{"placeholder":"Megjegyzés"},"org":{"placeholder":"Cég"},"date":{"_":"Dátum","placeholder":"Dátum"},"date-span-placeholder":"Dátum","birthday":"Születésnap","dateFormat":"%B %e.","dateOutput":"{{year}} {{dayMonthFormatted}}","anniversary":"Évforduló","addPhoto":"Kép felvétele","addPhone":"Telefonszám felvétele","addEmail":"E-mail felvétele","addAddress":"Cím felvétele","addDate":"Dátum hozzáadása","addComment":"Megjegyzés felvétele","addFavorite":"Felvétel kedvencként","removeFavorite":"Kedvenc eltávolítása","exit":"Kilépés","expand":"Kibontás","labelName":"Név:","labelLastName":"Vezetéknév:","labelPhoneNumber":"Telefonszám:","labelCarrier":"Szolgáltató:","labelEmail":"E-mail:","labelStreet":"Utca:","labelZip":"Irányítószám:","labelCity":"Város:","labelCountry":"Ország:","labelComment":"Megjegyzés:","legendTitleMain":"Elsődleges információk","legendPhones":"Telefonszámok","legendEmail":"E-mail cím","legendAddress":"Cím","legendPhoto":{"ariaLabel":"Photo"},"settings":"Beállítások","transferContactsTitle":"Névjegyek átvitele","importContactsTitle":"Névjegyek másolása","importContactsButton":"Névjegyek másolása","exportContactsTitle":"Névjegyek exportálása","exportContactsButton":"Névjegyek exportálása","exportContactsAction":"Exportálás","simExport-title":"Névjegyek másolása SIM kártyára","sdExport-title":"Névjegyek másolása SD kártyára","btExport-title":"Névjegyek másolása Bluetooth-on","sdUMSEnabled":"Nem érhető el az SD-kártya, mert az USB tároló üzemmód engedélyezve van","exportErrorTitle":"Exportálási hiba","contactsExported2":{"_index":["plural","exported"],"_":{"zero":"Nincs exportálva névjegy","one":"{{exported}}/{{total}} névjegy exportálva","two":"{{exported}}/{{total}} névjegy exportálva","few":"{{exported}}/{{total}} névjegy exportálva","many":"{{exported}}/{{total}} névjegy exportálva","other":"{{exported}}/{{total}} névjegy exportálva"}},"exportError-general":"Néhány hiba lépett fel az exportálás során","exportError-SD-shared":"Nem érhető el a memóriakártya, mert meg van osztva","exportError-SD-unavailable":"A memóriakártya nem érhető el","exportError-SD-noSpace":"Nincs elég hely a memóriakártyán a névjegyek másolásához","exportError-SIM-unavailable":"A SIM kártya nem érhető el","exportError-BT-shared":"Nem érhető el a memóriakártya, mert meg van osztva","exportError-BT-unavailable":"A memóriakártya nem érhető el","exportError-BT-noSpace":"Nincs elég hely a memóriakártyán a névjegyek másolásához","social-network":"Közösségi hálózatok","social-link":"Névjegy összekapcsolása","social-unlink":"Névjegykapcsolat felbontása","social-unlink-confirm-title":"Fel kívánja bontani a névjegykapcsolatot?","social-unlink-confirm-accept":"Felbontás","facebook-import":"Facebook ismerősök másolása","show-fb-profile":"Facebook profil megjelenítése","msg-send":"Üzenet","wall-post":"Falára írás","facebook-export-forbidden":"A névjegy nem osztható meg a Facebook korlátozása miatt.","otherAccount":"Más fiókok","facebookSwitchMsg":"Szinkronizálás","select_mobile":"Válasszon mobilt","select_email":"Válasszon e-mailt","select_recipient":"Select recipient","contactsOrderBy":"Rendezés előnév szerint","importSim2":"SIM kártya","importGmail":"Gmail","bluetooth":"Bluetooth","importOutlook":"Outlook","fbUpdateFriends":"Ismerősök adatainak frissítése","cleaningFbData":"Facebook adatok eltávolítása","loggingOutFb":"Kijelentkezés Facebookról","cleanFbConfirmMsg":"Eltávolítja az összes Facebook adatot?","renewPwdMsg":"A Facebookon használt jelszava megváltozott. Frissítse a jelszavát itt is.","notEnabledYet":"Még nincs engedélyezve","genericNoConnection":"Névjegyek átmásolásához kapcsolódjon egy Wi-Fi-s vagy mobilos adathálózathoz","simCard":"SIM kártya","memoryCard":"Memóriakártya","simNumber":"{{number}}. SIM","setICEButton":"Set ICE Contacts","ICESettingTitle":"ICE Contacts","ICEDescription":"Add two contacts for making “In Case of Emergency” calls.","ICEContact1":"ICE Contact 1","ICESelectContact":"Select a contact","ICEContact2":"ICE Contact 2","create-new":"Új névjegy létrehozása","import-now":"Névjegyek másolása a SIM kártyáról vagy a Facebookról","no-contacts":"Nincsenek névjegyek","start-adding":"Kezdjen el felvenni néhányat","notImported":"Nincs átmásolva","imported":"Átmásolva","today":"Ma","yesterday":"Tegnap","organise-contacts":"Névjegyek rendezése","find-merge-contacts":"Többszörös névjegyek keresése","preparing-contacts":"Névjegyek előkészítése","exportError-SIM-NoFreeRecordFound":"A SIM kártya tele","exportError-SIM-CannotAccessPhoneBook":"Nem érhető el a SIM kártya telefonkönyve","exportError-SIM-Unavailable":"Nem található SIM","exportError-SIM-GenericError":"Hiba történt egy névjegy exportálásakor","noSimMsgExport":"Névjegyek exportálásához helyezze be vagy oldja fel SIM-kártyáját","noMemoryCardMsgExport":"Névjegyek másolásához helyezzen be egy memóriakártyát","ContactManagementTitle":"Címjegyzékkezelő","DeleteTitle":"Törlés","bulkDeleteButton":"Névjegyek törlése","BulkDelCancel":"Névjegytörlés visszavonva","DeletedTxt":{"_index":["plural","n"],"_":{"zero":"Nincs törölhető névjegy","one":"1 névjegy eltávolítva","two":"{{n}} névjegy eltávolítva","few":"{{n}} névjegy eltávolítva","many":"{{n}} névjegy eltávolítva","other":"{{n}} névjegy eltávolítva"}},"DeletingContacts":"Névjegyek törlése","ContactConfirmDel":{"_index":["plural","n"],"_":{"zero":"Nincs törölhető névjegy","one":"Töröl 1 névjegyet? Ez nem vonható vissza.","two":"Töröl {{n}} névjegyet? Ez nem vonható vissza.","few":"Töröl {{n}} névjegyet? Ez nem vonható vissza.","many":"Töröl {{n}} névjegyet? Ez nem vonható vissza.","other":"Töröl {{n}} névjegyet? Ez nem vonható vissza."}},"SelectedTxt":{"_index":["plural","n"],"_":{"zero":"Névjegyek","one":"{{n}} kijelölve","two":"{{n}} kijelölve","few":"{{n}} kijelölve","many":"{{n}} kijelölve","other":"{{n}} kijelölve"}},"video":"Videó","audio":"Hang","pick_destination":"{{ destination }} {{ carrier }}","removeField":{"ariaLabel":"Remove"},"undo":{"ariaLabel":"Undo"},"back":"Vissza","noSimMsg":"Névjegyek másolásához helyezze be vagy oldja fel SIM-kártyáját","noMemoryCardMsg":"Névjegyek másolásához helyezzen be egy memóriakártyát","importMemoryCard":"Memóriakártya","noConnection11":"Facebook ismerősök vagy névjegyek átmásolásához kapcsolódjon egy Wi-Fi-s vagy mobilos adathálózathoz.","simContacts-import":"Névjegyek másolása SIM-ről","simContacts-importing":"Névjegyek másolása SIM-ről…","simContacts-reading":"Olvasás a SIM kártyáról…","simContacts-error":"Nem lehet névjegyeket másolni a SIM-ről","simContacts-imported3":{"_index":["plural","n"],"_":{"zero":"Nincsenek átmásolható névjegyek a SIM-en","one":"Egy névjegy átmásolva","two":"{{n}} névjegy átmásolva","few":"{{n}} névjegy átmásolva","many":"{{n}} névjegy átmásolva","other":"{{n}} névjegy átmásolva"}},"memoryCardContacts-import":"Névjegyek másolása memóriakártyáról","memoryCardContacts-importing":"Névjegyek másolása memóriakártyáról…","memoryCardContacts-reading":"Olvasás memóriakártyáról…","memoryCardContacts-error":"Nem sikerült névjegyeket átmásolni a memóriakártyáról","memoryCardContacts-imported3":{"_index":["plural","n"],"_":{"zero":"Nincs átmásolható névjegy a memóriakártyán","one":"Egy névjegy átmásolva","two":"{{n}} névjegy átmásolva","few":"{{n}} névjegy átmásolva","many":"{{n}} névjegy átmásolva","other":"{{n}} névjegy átmásolva"}},"genericProgress":"{{current}}/{{total}}","facebook-import-msg":{"_index":["plural","imported"],"_":{"zero":"Nincs ismerős átmásolva (összesen: {{total}})","one":"Egy ismerős átmásolva (összesen: {{total}})","two":"{{imported}}/{{total}} ismerős átmásolva","few":"{{imported}}/{{total}} ismerős átmásolva","many":"{{imported}}/{{total}} ismerős átmásolva","other":"{{imported}}/{{total}} ismerős átmásolva"}},"contactsMerged":{"_index":["plural","numDups"],"_":{"zero":"Nem lettek többszörös névjegyek egyesítve","one":"Egy többszörös névjegy egyesítve","two":"{{numDups}} névjegy egyesítve","few":"{{numDups}} névjegy egyesítve","many":"{{numDups}} névjegy egyesítve","other":"{{numDups}} névjegy egyesítve"}},"weekday-0-long":"Vasárnap","weekday-1-long":"Hétfő","weekday-2-long":"Kedd","weekday-3-long":"Szerda","weekday-4-long":"Csütörtök","weekday-5-long":"Péntek","weekday-6-long":"Szombat","weekday-0-short":"Va.","weekday-1-short":"Hé.","weekday-2-short":"Ke.","weekday-3-short":"Sze.","weekday-4-short":"Csü.","weekday-5-short":"Pé.","weekday-6-short":"Szo.","month-0-long":"Január","month-1-long":"Február","month-2-long":"Március","month-3-long":"Április","month-4-long":"Május","month-5-long":"Június","month-6-long":"Július","month-7-long":"Augusztus","month-8-long":"Szeptember","month-9-long":"Október","month-10-long":"November","month-11-long":"December","month-0-genitive":"Január","month-1-genitive":"Február","month-2-genitive":"Március","month-3-genitive":"Április","month-4-genitive":"Május","month-5-genitive":"Június","month-6-genitive":"Július","month-7-genitive":"Augusztus","month-8-genitive":"Szeptember","month-9-genitive":"Október","month-10-genitive":"November","month-11-genitive":"December","month-0-short":"Jan","month-1-short":"Feb","month-2-short":"Már","month-3-short":"Ápr","month-4-short":"Máj","month-5-short":"Jún","month-6-short":"Júl","month-7-short":"Aug","month-8-short":"Szep","month-9-short":"Okt","month-10-short":"Nov","month-11-short":"Dec","minutes-ago-long":{"_index":["plural","value"],"_":{"zero":"épp most","one":"egy perccel ezelőtt","two":"{{value}} perccel ezelőtt","few":"{{value}} perccel ezelőtt","many":"{{value}} perccel ezelőtt","other":"{{value}} perccel ezelőtt"}},"hours-ago-long":{"_index":["plural","value"],"_":{"zero":"épp most","one":"egy órája","two":"{{value}} órával ezelőtt","few":"{{value}} órával ezelőtt","many":"{{value}} órával ezelőtt","other":"{{value}} órával ezelőtt"}},"days-ago-long":{"_index":["plural","value"],"_":{"zero":"ma","one":"tegnap","two":"{{value}} nappal ezelőtt","few":"{{value}} nappal ezelőtt","many":"{{value}} nappal ezelőtt","other":"{{value}} nappal ezelőtt"}},"weeks-ago-long":{"_index":["plural","value"],"_":{"zero":"ez a hét","one":"múlt hét","two":"{{value}} héttel ezelőtt","few":"{{value}} héttel ezelőtt","many":"{{value}} héttel ezelőtt","other":"{{value}} héttel ezelőtt"}},"months-ago-long":{"_index":["plural","value"],"_":{"zero":"ez a hónap","one":"előző hónap","two":"{{value}} hónappal ezelőtt","few":"{{value}} hónappal ezelőtt","many":"{{value}} hónappal ezelőtt","other":"{{value}} hónappal ezelőtt"}},"years-ago-long":{"_index":["plural","value"],"_":{"zero":"ez az év","one":"tavaly","two":"{{value}} évvel ezelőtt","few":"{{value}} évvel ezelőtt","many":"{{value}} évvel ezelőtt","other":"{{value}} évvel ezelőtt"}},"minutes-until-long":{"_index":["plural","value"],"_":{"zero":"most","one":"egy percen belül","two":"{{value}} percen belül","few":"{{value}} percen belül","many":"{{value}} percen belül","other":"{{value}} percen belül"}},"hours-until-long":{"_index":["plural","value"],"_":{"zero":"most","one":"egy órán belül","two":"{{value}} órán belül","few":"{{value}} órán belül","many":"{{value}} órán belül","other":"{{value}} órán belül"}},"days-until-long":{"_index":["plural","value"],"_":{"zero":"ma","one":"holnap","two":"{{value}} napon belül","few":"{{value}} napon belül","many":"{{value}} napon belül","other":"{{value}} napon belül"}},"weeks-until-long":{"_index":["plural","value"],"_":{"zero":"ez a hét","one":"következő hét","two":"{{value}} héten belül","few":"{{value}} héten belül","many":"{{value}} héten belül","other":"{{value}} héten belül"}},"months-until-long":{"_index":["plural","value"],"_":{"zero":"ez a hónap","one":"következő hónap","two":"{{value}} héten belül","few":"{{value}} héten belül","many":"{{value}} héten belül","other":"{{value}} héten belül"}},"years-until-long":{"_index":["plural","value"],"_":{"zero":"ez az év","one":"következő év","two":"{{value}} éven belül","few":"{{value}} éven belül","many":"{{value}} éven belül","other":"{{value}} éven belül"}},"minutes-ago-short":{"_index":["plural","value"],"_":{"zero":"épp most","other":"{{value}}p ezelőtt"}},"hours-ago-short":{"_index":["plural","value"],"_":{"zero":"épp most","other":"{{value}}ó ezelőtt"}},"days-ago-short":{"_index":["plural","value"],"_":{"zero":"ma","other":"{{value}}n ezelőtt"}},"minutes-until-short":{"_index":["plural","value"],"_":{"zero":"most","other":"{{value}} percen belül"}},"hours-until-short":{"_index":["plural","value"],"_":{"zero":"most","other":"{{value}} órán belül"}},"days-until-short":{"_index":["plural","value"],"_":{"zero":"ma","other":"{{value}} napon belül"}},"incorrectDate":"(helytelen dátum)","dateTimeFormat_%c":"%Y. %b %d %a %H:%M:%S","dateTimeFormat_%x":"%Y. %m. %d.","dateTimeFormat_%X":"%H:%M:%S","shortTimeFormat":"%H:%M","shortDateTimeFormat":"%x %H:%M","weekStartsOnMonday":"0","time_am":"DE","time_pm":"DU","sim-picker-dial-via-with-number":"{{ phoneNumber }} tárcsázása a következőn:","sim-picker-select-sim":"Válasszon egy SIM kártyát","sim-picker-button":"{{ n }}. SIM","sim-picker-button-default":"(alapértelmezett)","label":"Címke","mobile":"Mobil","home":"Otthoni","work":"Munka","personal":"Saját","faxHome":"Ott. fax","faxOffice":"Mh. fax","faxOther":"Más fax","another":"Másik","other":"Egyéb","customTag":{"placeholder":"Egyéni címke"},"current":"Aktuális","itemWithLabel":"{{label}}, {{item}}","waitDuplicateContacts":"Többszörös névjegyek keresése","waitMergingDuplicateContacts":"Többszörös névjegyek egyesítése","alertNoDuplicateContacts":"Nincsenek többszörös névjegyek","merge":"Egyesítés","mergeDuplicateTitle":"Többszörösek egyesítése","suggestedDuplicateContacts":"Valószínű többszörös névjegyek: {{name}}","mergeActionButtonLabel":{"_index":["plural","n"],"_":{"zero":"Nincs kijelölve névjegy","one":"Egyesítés {{n}} névjeggyel","two":"Egyesítés {{n}} névjeggyel","few":"Egyesítés {{n}} névjeggyel","many":"Egyesítés {{n}} névjeggyel","other":"Egyesítés {{n}} névjeggyel"}},"duplicatesFoundTitle":"Többszörös névjegyek","duplicatesFoundMessage":"{{name}} információi már szerepelnek a következő névjegyben","addNewNumber":"Telefonszám hozzáadása","addToExistingContact":"Hozzáadás meglévő névjegyhez","all":{"_":"Összes","ariaLabel":"Összes"},"callLog":"Hívásnapló","callLogEdit":{"title":"Hívásnapló szerkesztése"},"callLogEditDialog":{"ariaLabel":"Hívásnapló szerkesztése párbeszédablak"},"connecting":"Kapcsolódás","cf-async":"Aszinkron: {{ async }}\\n","cf-data":"Adat: {{ data }}\\n","cf-error":"Hiba lépett fel a hívásátirányítás állapotának lekérdezése közben","cf-fax":"FAX: {{ fax }}\\n","cf-inactive":"Inaktív","cf-packet":"Csomag: {{ packet }}\\n","cf-pad":"PAD: {{ pad }}\\n","cf-sms":"SMS: {{ sms }}\\n","cf-status":"Hívásátirányítás állapota\\n","cf-sync":"Szinkron: {{ sync }}\\n","cf-voice":"Hanghívás: {{ voice }}\\n","confirm-deletion":"Törli a kijelölt hívásokat?","createNewContact":"Új névjegy létrehozása","dialerAddContact":{"ariaLabel":"Névjegy felvétele"},"dialerAddContactDialog":{"ariaLabel":"Névjegy felvétele párbeszédablak"},"edit-selected":{"_index":["plural","n"],"_":{"one":"{{ n }} kijelölve","two":"{{ n }} kijelölve","few":"{{ n }} kijelölve","many":"{{ n }} kijelölve","other":"{{ n }} kijelölve"}},"hideKeypad":{"ariaLabel":"Tárcsázó elrejtése"},"ignore":"Hívás mellőzése","incoming":"Bejövő","keypad":{"ariaLabel":"Tárcsázó"},"makeCall":{"ariaLabel":"Hívás"},"missed":{"_":"Nem fogadott","ariaLabel":"Nem fogadott"},"missedCall":"Nem fogadott hívás","missedCallMultiSims":"({{ n }}. SIM) Nem fogadott hívás","mmi-error":"Hiba lépett fel az üzenet elküldése közben","mmi-session-expired":"Munkamenet lejárt","mmi-successfully-sent":"Az üzenet elküldve","mmi-notification-title-with-sim":"({{sim}}) {{title}}","mute":{"ariaLabel":"Némítás"},"newCall":{"ariaLabel":"Új hívás"},"no-logs-msg-1":"Nincsenek feljegyzett hívások","no-logs-msg-2":"Kezdjen kommunikálni most","no-logs-msg-3":"Nincs nem fogadott hívás","recents":{"ariaLabel":"Legutóbbi hívások"},"reply":"Válasz","send":"Küldés","switch-calls":"Hívásváltás","withheld-number":"Visszatartott szám","from-contact":"Tőle: {{ contact }}","from-number":"Ettől: {{ number }}","from-withheld-number":"Visszatartott számtól","sending":"Küldés…","speakerOption":{"ariaLabel":"Hangszóró"},"ussd-services":"{{ operator }} szolgáltatások","toggleKeypad":{"ariaLabel":"Tárcsázó váltása"},"type-your-response":{"placeholder":"Írja be válaszát…"},"clear-all-text":"Minden szöveg törlése","hide":"Elrejtés","hold":{"ariaLabel":"Tartás"},"resume":{"_":"Folytatás","ariaLabel":"Folytatás"},"sendSms":"Üzenetküldés","callEnded":"Hívás befejezve","via-sim":"{{ n }}. SIM-en","sim-number":"{{ n }}. SIM","hangup-a11y-button":{"ariaLabel":"Lerakás"},"pickup-a11y-button":{"ariaLabel":"Felvétel"},"unlock-a11y-button":{"ariaLabel":"Csúszka"},"roaming":"{{operator}} (Roaming)","delete-n-log?":{"_index":["plural","n"],"_":{"zero":"Nincs kiválasztva","one":"Törli a naplót?","two":"Töröl {{ n }} naplót?","few":"Töröl {{ n }} naplót?","many":"Töröl {{ n }} naplót?","other":"Töröl {{ n }} naplót?"}},"callDurationMinutes":"{{ m }}:{{ s }}","callDurationHours":"{{ h }}:{{ m }}:{{ s}}","suggestionMatches":{"_index":["plural","n"],"_":{"one":"{{ n }} találat erre: „{{ matchNumber }}”","two":"{{ n }} találat erre: „{{ matchNumber }}”","few":"{{ n }} találat erre: „{{ matchNumber }}”","many":"{{ n }} találat erre: „{{ matchNumber }}”","other":"{{ n }} találat erre: „{{ matchNumber }}”"}},"scCallBarring":"Hívástiltás","scCallForwarding":"Hívástovábbítás","scClip":"Bejövő hívó","scClir":"Kimenő hívó","scPwd":"Jelszómódosítás","scCallWaiting":"Hívásvárakoztatás","scPin":"PIN-módosítás","scPin2":"PIN2-módosítás","scPuk":"PIN feloldása","scPuk2":"PIN2 feloldása","scImei":"IMEI","scUssd":"USSD","serviceClassVoice":"Hang","serviceClassData":"Adatok","serviceClassFax":"FAX","serviceClassSms":"SMS","serviceClassDataSync":"Szinkron","serviceClassDataAsync":"Aszinkron","serviceClassPacket":"Csomag","serviceClassPad":"PAD","smServiceEnabled":"Szolgáltatás bekapcsolva","smServiceDisabled":"Szolgáltatás kikapcsolva","smServiceRegistered":"Regisztráció sikeres","smServiceErased":"Törlés sikeres","smServiceInterrogated":"A kérés sikeres","smServiceNotProvisioned":"Szolgáltatás nem jött létre","smClirPermanent":"Nem módosíthatja a hívóazonosító beállítást","smClirDefaultOnNextCallOn":"A hívóazonosító alapbeállítása a korlátozott. Következő hívás: korlátozott","smClirDefaultOnNextCallOff":"A hívóazonosító alapbeállítása a korlátozott. Következő hívás: nem korlátozott","smClirDefaultOffNextCallOn":"A hívóazonosító alapbeállítása a nem korlátozott. Következő hívás: korlátozott","smClirDefaultOffNextCallOff":"A hívóazonosító alapbeállítása a nem korlátozott. Következő hívás: nem korlátozott","smServiceEnabledFor":"Szolgáltatás bekapcsolva ehhez:","smPinChanged":"A PIN módosítás sikeres","smPinUnblocked":"PIN blokkolás feloldva","smPin2Changed":"A PIN2 módosítás sikeres","smPin2Unblocked":"PIN2 blokkolás feloldva","ServiceIsEnabled":"Service is enabled","ServiceIsDisabled":"Service is disabled","ServiceIsEnabledFor":"Service is enabled for:","emMmiError":"Kapcsolatprobléma vagy érvénytelen MMI kód","emMmiErrorPasswordIncorrect":"Helytelen jelszó","emMmiErrorNotSupported":"Érvénytelen vagy nem támogatott MMI kód","emMmiErrorInvalidAction":"Érvénytelen művelet","emMmiErrorInvalidScCode":"Érvénytelen szolgáltatáskód","emMmiErrorBadPuk":"A beírt PUK helytelen","emMmiErrorBadPin":"A beírt régi PIN helytelen.","emMmiErrorNeedPuk2":"Írja be a PUK2-t a SIM blokkolás feloldásához","emMmiErrorMismatchPin":"A beírt PIN-ek nem egyeznek","emMmiErrorInvalidPin":"4-8 számjegyű PIN-t írjon be","emMmiErrorNeedsPuk":"A SIM kártya a PUK kóddal zárolva van","emMmiErrorEnablePin":"Sikertelen. Kapcsolja be a SIM/RUIM LOCK-ot","emMmiErrorMmiFdn":"A működés a rögzített számok hívására van korlátozva","emMmiErrorStkCcUssdDial":"Az USSD kérés módosítva DIAL kérésre","emMmiErrorStkCcUssdSs":"Az USSD kérés módosítva SS kérésre","emMmiErrorStkCcUssdUssd":"Az USSD kérés módosítva új USSD kérésre","emMmiErrorStkCcSsDial":"Az SS kérés módosítva DIAL kérésre","emMmiErrorStkCcSsUssd":"Az SS kérés módosítva USSD kérésre","emMmiErrorStkCcSsSs":"Az SS kérés módosítva új SS kérésre","emMmiErrorPinPukAttempts":{"_index":["plural","n"],"_":{"one":"Csak {{ n }} kísérlete van","two":"{{ n }} kísérlete van","few":"{{ n }} kísérlete van","many":"{{ n }} kísérlete van","other":"{{ n }} kísérlete van"}},"emMmiErrorSimBlocked":"A kísérletek maximális száma elérve. A SIM blokkolva","RadioNotAvailable":"Rádió nem érhető el","GenericFailure":"Általános hiba","PasswordIncorrect":"A jelszó helytelen","SimPin2":"SIM PIN2","SimPuk2":"SIM PUK2","RequestNotSupported":"A kérés nem támogatott","OpNotAllowedDuringVoiceCall":"A művelet nem engedélyezett hanghívás alatt","SmsSendFailRetry":"SMS küldési hiba, újra","SimAbsent":"Hiányzik a SIM","SubscriptionNotAvailable":"Az előfizetés nem érhető el","ModeNotSupported":"A mód nem támogatott","FdnCheckFailure":"Fdn ellenőrzési hiba","IllegalSimOrMe":"Illegális SIM vagy ME","DialModifiedToUssd":"Dial módosítva USSD-re","DialModifiedToSs":"Dial módosítva SS-re","DialModifiedToDial":"Dial módosítva dialra","UssdModifiedToDial":"USSD módosítva dialra","UssdModifiedToSs":"USSD módosítva SS-re","UssdModifiedToUssd":"USSD módosítva USSD-re","SsModifiedToDial":"SS módosítva dialra","SsModifiedToUssd":"SS módosítva USSD-re","SsModifiedToSs":"SS módosítva SS-re","SubscriptionNotSupported":"Az előfizetés nem támogatott","InvalidParameter":"Érvénytelen paraméter","RejectedByRemote":"A túloldal visszautasította","conferenceCall":"Conference ({{n}})","caller-left-call":"{{ caller }} befejezte a hívást.","conferenceAddError":"Nem egyesíthetők a hívások","conferenceRemoveError":"Nem választhatók szét a hívások","longDateFormat":"%B %d. %A","select-audio-sources":"Hangforrás kiválasztása","bluetooth-handsfree-device":"Bluetooth kéz nélküli eszköz","receiver":"Vevő","speaker":"Hangszóró","voicemailNoNumberTitle":"A hangposta száma nem érhető el","voicemailNoNumberText":"A hangposta hívása sikertelen. Állítson be egy telefonszámot a híváshoz.","voicemailNoNumberSettings":"Beállítások","voicemailNoNumberCancel":"Mégse","phoneNumberInput":{"ariaLabel":"Telefonszám"},"keypadDelete":{"ariaLabel":"Törlés"},"voiceMailKey":{"ariaLabel":"Hangposta"},"asterisk":{"ariaLabel":"Csillag"},"hashSign":{"ariaLabel":"Kettőskereszt"}}