{"close":"Chiudi","import":"Importa","update":"Aggiorna","fbFriends":"Amici Facebook","live-serviceName":"Outlook","gmail-serviceName":"Gmail","facebook-serviceName":"Amici Facebook","selectAll":"Seleziona tutto","deselectAll":"Deseleziona tutto","viewAll":"Visualizza tutti gli amici di Facebook","viewRecommend":"Visualizza solo consigliati","linkProposal":{"_index":["plural","numFriends"],"_":{"zero":"Nessun amico corrispondente. Visualizzazione completa","one":"Seleziona l’elemento consigliato","two":"Seleziona elemento consigliato","few":"Seleziona elemento consigliato","many":"Seleziona elemento consigliato","other":"Seleziona elemento consigliato"}},"fbFriendsFound":{"_index":["plural","numFriends"],"_":{"zero":"Tutti i tuoi amici sono stati importati","one":"Trovato un amico da importare","two":"Trovati {{numFriends}} amici da importare","few":"Trovati {{numFriends}} amici da importare","many":"Trovati {{numFriends}} amici da importare","other":"Trovati {{numFriends}} amici da importare"}},"fbNoFriends":"Nessun contatto disponibile da importare","facebook":"Facebook","search-contact":{"placeholder":"Cerca"},"noResults":"Nessun contatto trovato","done-search":"Fine","progressFB3ImportTitle":"Importazione amici in Contatti","progressFB":"{{current}}/{{total}}","progressFB3UpdateTitle":"Aggiornamento amici in Contatti","message2":"Potrebbe richiedere alcuni minuti","messageLinking":"Attendere, collegamento degli amici con i contatti esistenti.","messageCanceling":"Attendere, annullamento dell’operazione in corso.","error1":"Errore {{from}}","error2":"Riprovare?","errorProposal":"determinazione proposta","errorFriends":"recupero amici","errorLinking":"collegamento contatto","timeout1":"Tempo esaurito per {{from}}","timeout2":"Riprovare?","timeoutProposal":"determinazione proposta","timeoutFriends":"recupero amici","timeoutLinking":"collegamento contatti","wait1":"Attendere","wait2":"Potrebbe richiedere alcuni minuti","waitProposal":"Attendere, determinazione proposta in corso.","waitFriends":"Attendere, connessione in corso per ottenere l’elenco degli amici.","curtainCancel":"Annulla","curtainRetry":"Riprova","curtainOK":"OK","connectionLost":"Nessuna connessione internet","connectionLostMsg":"Le foto degli amici non verranno aggiunte ai contatti. Continuare?","yesOption":"OK","noOption":"Annulla","friendsUpdated":{"_index":["plural","numFriends"],"_":{"zero":"Nessun amico aggiornato","one":"Un amico aggiornato","two":"{{numFriends}} amici aggiornati","few":"{{numFriends}} amici aggiornati","many":"{{numFriends}} amici aggiornati","other":"{{numFriends}} amici aggiornati"}},"friendsMerged":{"_index":["plural","numDups"],"_":{"zero":"Nessun amico duplicato unito","one":"Unito un amico duplicato","two":"Uniti {{numDups}} amici","few":"Uniti {{numDups}} amici","many":"Uniti {{numDups}} amici","other":"Uniti {{numDups}} amici"}},"notificationLogin":"La sessione di Facebook non è valida. Ripetere l’accesso.","syncError":"SI è verificato un errore durante la sincronizzazione dei dati degli amici","callAirplaneModeMessage":"Per chiamare disattivare la modalità aereo nelle impostazioni.","callAirplaneModeBtnOk":"OK","callAirplaneModeTitle":"Modalità aereo attiva","numberIsBusyTitle":"Il numero è occupato","numberIsBusyMessage":"Il numero è occupato. Riprovare più tardi.","fdnIsActiveTitle":"FDN attivo","fdnIsActiveMessage":"FDN (Numeri selezione fissa) è attivo e il seguente numero non è incluso nell’elenco FDN: {{ number }}","voiceMail":"Segreteria","emergencyNumber":"Numero di emergenza","emergencyDialogBodyBadNumber":"Per chiamare è necessario essere collegati a una rete.","emergencyDialogBodyDeviceNotAccepted":"Le chiamate d’emergenza non sono consentite dalla rete.","emergencyDialogBtnOk":"OK","emergencyDialogTitle":"Nessuna connessione di rete","invalidNumberToDialTitle":"Numero di telefono non valido","invalidNumberToDialMessage":"Il numero che si sta cercando di chiamare non è valido.","unableToCallTitle":"Impossibile effettuare una chiamata in questo momento","unableToCallMessage":"Impossibile effettuare una chiamata. Se è già in corso una chiamata, interromperla e riprovare.","otherConnectionInUseTitle":"Connessione già in uso","otherConnectionInUseMessage":"È in corso una chiamata su un’altra connessione. Non è possibile utilizzare più connessioni contemporaneamente.","add":"Aggiungi","call":"Chiama","edit":"Modifica","cancel":"Annulla","done":"Fine","ok":"OK","retry":"Riprova","contacts":"Contatti","addContact":"Aggiungi contatto","deleteContact":"Elimina contatto","selectContact":"Seleziona contatto","editContact":"Modifica","deleteConfirmMsg":"Eliminare il contatto?","remove":"Elimina","delete":"Elimina","comments":"Commenti","no_contact_phones":"Questo contatto non ha un numero di telefono","no_contact_email":"Questo contatto non ha un indirizzo email","no_contact_data":"Questo contatto non ha un numero di telefono né un indirizzo email ","removePhotoConfirm":"Eliminare la foto del contatto?","loadingContacts":"Caricamento contatti…","noContactsActivity":"Impossibile aggiungere a un contatto in quanto la lista contatti è vuota","noName":"Nessun nome","givenName":{"placeholder":"Nome"},"familyName":{"placeholder":"Cognome"},"tel":{"placeholder":"Telefono"},"carrier":{"_":"Gestore","placeholder":"Gestore"},"separator":",","email":{"_":"Email","placeholder":"Email"},"streetAddress":{"placeholder":"Via"},"postalCode":{"placeholder":"CAP"},"locality":{"placeholder":"Città"},"countryName":{"placeholder":"Nazione"},"comment":{"placeholder":"Commento"},"org":{"placeholder":"Azienda"},"date":{"_":"Data","placeholder":"Data"},"date-span-placeholder":"Data","birthday":"Compleanno","dateFormat":"%e %B","dateOutput":"{{dayMonthFormatted}} {{year}}","anniversary":"Anniversario","addPhoto":"Aggiungi foto","addPhone":"Aggiungi telefono","addEmail":"Aggiungi email","addAddress":"Aggiungi indirizzo","addDate":"Aggiungi data","addComment":"Aggiungi commento","addFavorite":"Aggiungi ai preferiti","removeFavorite":"Elimina dai preferiti","exit":"Esci","expand":"Espandi","labelName":"Nome:","labelLastName":"Cognome:","labelPhoneNumber":"Numero di telefono:","labelCarrier":"Gestore:","labelEmail":"Email:","labelStreet":"Via:","labelZip":"CAP:","labelCity":"Città:","labelCountry":"Nazione:","labelComment":"Commento:","legendTitleMain":"Informazioni principali","legendPhones":"Numeri di telefono","legendEmail":"Indirizzo email","legendAddress":"Indirizzo","legendPhoto":{"ariaLabel":"Fotografia"},"settings":"Impostazioni","transferContactsTitle":"Trasferisci contatti","importContactsTitle":"Importa contatti","importContactsButton":"Importa contatti","exportContactsTitle":"Esporta contatti","exportContactsButton":"Esporta contatti","exportContactsAction":"Esporta","simExport-title":"Esporta su SIM","sdExport-title":"Esporta su scheda SD","btExport-title":"Esporta con bluetooth","sdUMSEnabled":"Impossibile utilizzare la scheda di memoria in quanto è attiva la funzione memoria USB","exportErrorTitle":"Errore esportazione","contactsExported2":{"_index":["plural","exported"],"_":{"zero":"Nessun contatto esportato","one":"{{exported}}/{{total}} contatti esportati","two":"{{exported}}/{{total}} contatti esportati","few":"{{exported}}/{{total}} contatti esportati","many":"{{exported}}/{{total}} contatti esportati","other":"{{exported}}/{{total}} contatti esportati"}},"exportError-general":"Si è verificato un errore nell’esportazione","exportError-SD-shared":"Impossibile accedere alla scheda di memoria in quanto attualmente condivisa","exportError-SD-unavailable":"Scheda di memoria non disponibile","exportError-SD-noSpace":"Spazio disponibile sulla scheda di memoria insufficiente per esportare i contatti","exportError-SIM-unavailable":"Scheda SIM non disponibile","exportError-BT-shared":"Impossibile accedere alla scheda di memoria in quanto attualmente condivisa","exportError-BT-unavailable":"Scheda di memoria non disponibile","exportError-BT-noSpace":"Spazio disponibile sulla scheda di memoria insufficiente per esportare i contatti","social-network":"Social network","social-link":"Collega contatto","social-unlink":"Scollega contatto","social-unlink-confirm-title":"Scollegare i propri amici?","social-unlink-confirm-accept":"Scollega","facebook-import":"Importa amici da Facebook","show-fb-profile":"Visualizza profilo Facebook","msg-send":"Messaggio","wall-post":"Bacheca","facebook-export-forbidden":"Il contatto non può essere condiviso a causa di limitazioni imposte da Facebook.","otherAccount":"Altri account","facebookSwitchMsg":"Sincronizza amici","select_mobile":"Seleziona cellulare","select_email":"Seleziona email","select_recipient":"Seleziona destinatario","contactsOrderBy":"Ordina per cognome","importSim2":"Scheda SIM","importGmail":"Gmail","bluetooth":"Bluetooth","importOutlook":"Outlook","fbUpdateFriends":"Aggiorna amici importati","cleaningFbData":"Rimozione dati Facebook","loggingOutFb":"Disconnessione da Facebook","cleanFbConfirmMsg":"Rimuovere tutti i dati di Facebook?","renewPwdMsg":"La password di Facebook è cambiata. Aggiornarla.","notEnabledYet":"Attualmente non attivo","genericNoConnection":"Per importare i contatti attivare una connessione dati o Wi-Fi","simCard":"Scheda SIM","memoryCard":"Scheda di memoria","simNumber":"SIM {{number}}","setICEButton":"Imposta contatti ICE","ICESettingTitle":"Contatti ICE","ICEDescription":"Aggiungi due contatti da utilizzare “in caso di emergenza” (ICE).","ICEContact1":"Contatto ICE 1","ICESelectContact":"Seleziona un contatto","ICEContact2":"Contatto ICE 2","create-new":"Crea un nuovo contatto","import-now":"Importa i contatti dalla scheda SIM o da Facebook","no-contacts":"Nessun contatto","start-adding":"Inizia subito ad aggiungerne","notImported":"Non importato","imported":"Importato","today":"Oggi","yesterday":"Ieri","organise-contacts":"Organizza contatti","find-merge-contacts":"Trova contatti duplicati","preparing-contacts":"Preparazione contatti","exportError-SIM-NoFreeRecordFound":"Spazio esaurito sulla SIM","exportError-SIM-CannotAccessPhoneBook":"Impossibile accedere alla rubrica della SIM","exportError-SIM-Unavailable":"Nessuna SIM presente","exportError-SIM-GenericError":"Si è verificato un errore nell’esportazione dei contatti","noSimMsgExport":"Per esportare i contatti inserire o sbloccare la scheda SIM","noMemoryCardMsgExport":"Inserire una scheda di memoria per esportare i contatti","ContactManagementTitle":"Gestione contatti","DeleteTitle":"Elimina","bulkDeleteButton":"Elimina contatti","BulkDelCancel":"Operazione annullata","DeletedTxt":{"_index":["plural","n"],"_":{"zero":"Nessun contatto da eliminare","one":"1 contatto eliminato","two":"{{n}} contatti eliminati","few":"{{n}} contatti eliminati","many":"{{n}} contatti eliminati","other":"{{n}} contatti eliminati"}},"DeletingContacts":"Eliminazione contatti","ContactConfirmDel":{"_index":["plural","n"],"_":{"zero":"Nessun contatto da eliminare","one":"Eliminare 1 contatto? L’operazione non può essere annullata.","two":"Eliminare {{n}} contatti? L’operazione non può essere annullata.","few":"Eliminare {{n}} contatti? L’operazione non può essere annullata.","many":"Eliminare {{n}} contatti? L’operazione non può essere annullata.","other":"Eliminare {{n}} contatti? L’operazione non può essere annullata."}},"SelectedTxt":{"_index":["plural","n"],"_":{"zero":"Contatti","one":"{{n}} selezionato","two":"{{n}} selezionati","few":"{{n}} selezionati","many":"{{n}} selezionati","other":"{{n}} selezionati"}},"video":"Video","audio":"Audio","pick_destination":"{{ destination }} {{ carrier }}","removeField":{"ariaLabel":"Elimina"},"undo":{"ariaLabel":"Annulla"},"back":"Indietro","noSimMsg":"Per importare i contatti inserire o sbloccare la scheda SIM","noMemoryCardMsg":"Inserire una scheda di memoria per importare i contatti","importMemoryCard":"Scheda di memoria","noConnection11":"Per importare amici da Facebook o contatti attivare una connessione Wi-Fi o dati","simContacts-import":"Importa contatti SIM","simContacts-importing":"Importazione contatti SIM…","simContacts-reading":"Lettura SIM…","simContacts-error":"Impossibile importare contatti dalla scheda SIM","simContacts-imported3":{"_index":["plural","n"],"_":{"zero":"Non sono stati trovati contatti da importare sulla SIM","one":"Importato un contatto","two":"Importati {{n}} contatti","few":"Importati {{n}} contatti","many":"Importati {{n}} contatti","other":"Importati {{n}} contatti"}},"memoryCardContacts-import":"Importa contatti da scheda di memoria","memoryCardContacts-importing":"Importazione contatti da scheda di memoria…","memoryCardContacts-reading":"Lettura scheda di memoria…","memoryCardContacts-error":"Impossibile importare i contatti dalla scheda di memoria","memoryCardContacts-imported3":{"_index":["plural","n"],"_":{"zero":"Non sono stati trovati contatti da importare sulla scheda di memoria","one":"Importato un contatto","two":"Importati {{n}} contatti","few":"Importati {{n}} contatti","many":"Importati {{n}} contatti","other":"Importati {{n}} contatti"}},"genericProgress":"{{current}}/{{total}}","facebook-import-msg":{"_index":["plural","imported"],"_":{"zero":"Nessun amico importato (su {{total}})","one":"Un amico importato (su {{total}})","two":"{{imported}}/{{total}} amici importati","few":"{{imported}}/{{total}} amici importati","many":"{{imported}}/{{total}} amici importati","other":"{{imported}}/{{total}} amici importati"}},"contactsMerged":{"_index":["plural","numDups"],"_":{"zero":"Nessun contatto duplicato unito","one":"Unito un contatto duplicato","two":"Uniti {{numDups}} contatti","few":"Uniti {{numDups}} contatti","many":"Uniti {{numDups}} contatti","other":"Uniti {{numDups}} contatti"}},"weekday-0-long":"domenica","weekday-1-long":"lunedì","weekday-2-long":"martedì","weekday-3-long":"mercoledì","weekday-4-long":"giovedì","weekday-5-long":"venerdì","weekday-6-long":"sabato","weekday-0-short":"dom","weekday-1-short":"lun","weekday-2-short":"mar","weekday-3-short":"mer","weekday-4-short":"gio","weekday-5-short":"ven","weekday-6-short":"sab","month-0-long":"gennaio","month-1-long":"febbraio","month-2-long":"marzo","month-3-long":"aprile","month-4-long":"maggio","month-5-long":"giugno","month-6-long":"luglio","month-7-long":"agosto","month-8-long":"settembre","month-9-long":"ottobre","month-10-long":"novembre","month-11-long":"dicembre","month-0-genitive":"gennaio","month-1-genitive":"febbraio","month-2-genitive":"marzo","month-3-genitive":"aprile","month-4-genitive":"maggio","month-5-genitive":"giugno","month-6-genitive":"luglio","month-7-genitive":"agosto","month-8-genitive":"settembre","month-9-genitive":"ottobre","month-10-genitive":"novembre","month-11-genitive":"dicembre","month-0-short":"gen","month-1-short":"feb","month-2-short":"mar","month-3-short":"apr","month-4-short":"mag","month-5-short":"giu","month-6-short":"lug","month-7-short":"ago","month-8-short":"set","month-9-short":"ott","month-10-short":"nov","month-11-short":"dic","minutes-ago-long":{"_index":["plural","value"],"_":{"zero":"adesso","one":"un minuto fa","two":"{{value}} minuti fa","few":"{{value}} minuti fa","many":"{{value}} minuti fa","other":"{{value}} minuti fa"}},"hours-ago-long":{"_index":["plural","value"],"_":{"zero":"adesso","one":"un’ora fa","two":"{{value}} ore fa","few":"{{value}} ore fa","many":"{{value}} ore fa","other":"{{value}} ore fa"}},"days-ago-long":{"_index":["plural","value"],"_":{"zero":"oggi","one":"ieri","two":"{{value}} giorni fa","few":"{{value}} giorni fa","many":"{{value}} giorni fa","other":"{{value}} giorni fa"}},"weeks-ago-long":{"_index":["plural","value"],"_":{"zero":"questa settimana","one":"settimana scorsa","two":"{{value}} settimane fa","few":"{{value}} settimane fa","many":"{{value}} settimane fa","other":"{{value}} settimane fa"}},"months-ago-long":{"_index":["plural","value"],"_":{"zero":"questo mese","one":"mese scorso","two":"{{value}} mesi fa","few":"{{value}} mesi fa","many":"{{value}} mesi fa","other":"{{value}} mesi fa"}},"years-ago-long":{"_index":["plural","value"],"_":{"zero":"quest’anno","one":"anno scorso","two":"{{value}} anni fa","few":"{{value}} anni fa","many":"{{value}} anni fa","other":"{{value}} anni fa"}},"minutes-until-long":{"_index":["plural","value"],"_":{"zero":"adesso","one":"tra un minuto","two":"tra {{value}} minuti","few":"tra {{value}} minuti","many":"tra {{value}} minuti","other":"tra {{value}} minuti"}},"hours-until-long":{"_index":["plural","value"],"_":{"zero":"adesso","one":"tra un’ora","two":"tra {{value}} ore","few":"tra {{value}} ore","many":"tra {{value}} ore","other":"tra {{value}} ore"}},"days-until-long":{"_index":["plural","value"],"_":{"zero":"oggi","one":"domani","two":"tra {{value}} giorni","few":"tra {{value}} giorni","many":"tra {{value}} giorni","other":"tra {{value}} giorni"}},"weeks-until-long":{"_index":["plural","value"],"_":{"zero":"questa settimana","one":"prossima settimana","two":"tra {{value}} settimane","few":"tra {{value}} settimane","many":"tra {{value}} settimane","other":"tra {{value}} settimane"}},"months-until-long":{"_index":["plural","value"],"_":{"zero":"questo mese","one":"prossimo mese","two":"in {{value}} mesi","few":"tra {{value}} mesi","many":"tra {{value}} mesi","other":"in {{value}} mesi"}},"years-until-long":{"_index":["plural","value"],"_":{"zero":"quest’anno","one":"prossimo anno","two":"tra {{value}} anni","few":"tra {{value}} anni","many":"tra {{value}} anni","other":"tra {{value}} anni"}},"minutes-ago-short":{"_index":["plural","value"],"_":{"zero":"adesso","other":"{{value}}m fa"}},"hours-ago-short":{"_index":["plural","value"],"_":{"zero":"adesso","other":"{{value}}h fa"}},"days-ago-short":{"_index":["plural","value"],"_":{"zero":"oggi","other":"{{value}}g fa"}},"minutes-until-short":{"_index":["plural","value"],"_":{"zero":"adesso","other":"tra {{value}}m"}},"hours-until-short":{"_index":["plural","value"],"_":{"zero":"adesso","other":"tra {{value}}h"}},"days-until-short":{"_index":["plural","value"],"_":{"zero":"oggi","other":"tra {{value}}d"}},"incorrectDate":"(data errata)","dateTimeFormat_%c":"%a %e %b %Y %H:%M:%S","dateTimeFormat_%x":"%d/%m/%Y","dateTimeFormat_%X":"%H:%M:%S","shortTimeFormat":"%H:%M","shortDateTimeFormat":"%x %H:%M","weekStartsOnMonday":"1","time_am":"AM","time_pm":"PM","sim-picker-dial-via-with-number":"Componi {{ phoneNumber }} con","sim-picker-select-sim":"Seleziona SIM","sim-picker-button":"SIM {{ n }}","sim-picker-button-default":"(predefinita)","label":"Etichetta","mobile":"Cellulare","home":"Casa","work":"Lavoro","personal":"Personale","faxHome":"Fax casa","faxOffice":"Fax ufficio","faxOther":"Altro fax","another":"Altro","other":"Altro","customTag":{"placeholder":"Personalizzato"},"current":"Corrente","itemWithLabel":"{{label}}: {{item}}","waitDuplicateContacts":"Ricerca di contatti duplicati","waitMergingDuplicateContacts":"Unione dei contatti duplicati","alertNoDuplicateContacts":"Nessun contatto duplicato","merge":"Unisci","mergeDuplicateTitle":"Unisci duplicati","suggestedDuplicateContacts":"Suggerimento contatti duplicati per {{name}}","mergeActionButtonLabel":{"_index":["plural","n"],"_":{"zero":"Nessun contatto selezionato","one":"Unisci con {{n}} contatto","two":"Unisci con {{n}} contatti","few":"Unisci con {{n}} contatti","many":"Unisci con {{n}} contatti","other":"Unisci con {{n}} contatti"}},"duplicatesFoundTitle":"Contatto duplicato","duplicatesFoundMessage":"{{name}} presenta informazioni duplicate rispetto ai seguenti contatti","addNewNumber":"Aggiungi nuovo numero","addToExistingContact":"Aggiungi a contatto esistente","all":{"_":"Tutte","ariaLabel":"Tutte"},"callLog":"Registro chiamate","callLogEdit":{"title":"Modifica registro chiamate"},"callLogEditDialog":{"ariaLabel":"Modifica registro chiamate"},"connecting":"Connessione…","cf-async":"Asincrono: {{ async }}\n","cf-data":"Dati: {{ data }}\n","cf-error":"Si è verificato un errore durante il recupero dello stato di inoltro chiamata","cf-fax":"FAX: {{ fax }}\n","cf-inactive":"Disattivato","cf-packet":"Pacchetto: {{ packet }}\n","cf-pad":"PAD: {{ pad }}\n","cf-sms":"SMS: {{ sms }}\n","cf-status":"Stato inoltro chiamata\n","cf-sync":"Sincrono: {{ sync }}\n","cf-voice":"Voce: {{ voice }}\n","confirm-deletion":"Eliminare le chiamate selezionate?","createNewContact":"Crea nuovo contatto","dialerAddContact":{"ariaLabel":"Aggiungi contatto"},"dialerAddContactDialog":{"ariaLabel":"Finestra per aggiungere contatti"},"edit-selected":{"_index":["plural","n"],"_":{"one":"{{ n }} selezionata","two":"{{ n }} selezionate","few":"{{ n }} selezionate","many":"{{ n }} selezionate","other":"{{ n }} selezionate"}},"hideKeypad":{"ariaLabel":"Nascondi tastiera"},"ignore":"Ignora chiamata","incoming":"In entrata","keypad":{"ariaLabel":"Tastiera"},"makeCall":{"ariaLabel":"Effettua chiamata"},"missed":{"_":"Perse","ariaLabel":"Perse"},"missedCall":"Chiamata persa","missedCallMultiSims":"(SIM {{ n }}) Chiamata persa","mmi-error":"Si è verificato un errore durante l’invio del messaggio","mmi-session-expired":"Sessione scaduta","mmi-successfully-sent":"Messaggio inviato correttamente","mmi-notification-title-with-sim":"({{sim}}) {{title}}","mute":{"ariaLabel":"Muto"},"newCall":{"ariaLabel":"Nuova chiamata"},"no-logs-msg-1":"Nessuna chiamata registrata","no-logs-msg-2":"Inizia a comunicare","no-logs-msg-3":"Nessuna chiamata persa","recents":{"ariaLabel":"Chiamate recenti"},"reply":"Rispondi","send":"Invia","switch-calls":"Trasferisci chiamate","withheld-number":"Numero nascosto","from-contact":"Da {{ contact }}","from-number":"Da {{ number }}","from-withheld-number":"Da numero nascosto","sending":"Invio…","speakerOption":{"ariaLabel":"Vivavoce"},"ussd-services":"Servizi {{ operator }}","toggleKeypad":{"ariaLabel":"Attiva/disattiva tastiera"},"type-your-response":{"placeholder":"Rispondi…"},"clear-all-text":"Cancella tutto","hide":"Nascondi","hold":{"ariaLabel":"In attesa"},"resume":{"_":"Riprendi","ariaLabel":"Riprendi"},"sendSms":"Invia messaggio","callEnded":"Chiamata conclusa","via-sim":"con SIM {{ n }}","sim-number":"SIM {{ n }}","hangup-a11y-button":{"ariaLabel":"Interrompi"},"pickup-a11y-button":{"ariaLabel":"Rispondi"},"unlock-a11y-button":{"ariaLabel":"Indicatore scorrevole"},"roaming":"{{operator}} (roaming)","delete-n-log?":{"_index":["plural","n"],"_":{"zero":"Nessun elemento selezionato","one":"Eliminare l’elemento selezionato?","two":"Eliminare {{ n }} elementi?","few":"Eliminare {{ n }} elementi?","many":"Eliminare {{ n }} elementi?","other":"Eliminare {{ n }} elementi?"}},"callDurationMinutes":"{{ m }}:{{ s }}","callDurationHours":"{{ h }}:{{ m }}:{{ s}}","suggestionMatches":{"_index":["plural","n"],"_":{"one":"{{ n }} corrispondenza per “{{ matchNumber }}”","two":"{{ n }} corrispondenze per “{{ matchNumber }}”","few":"{{ n }} corrispondenze per “{{ matchNumber }}”","many":"{{ n }} corrispondenze per “{{ matchNumber }}”","other":"{{ n }} corrispondenze per “{{ matchNumber }}”"}},"scCallBarring":"Blocco chiamate","scCallForwarding":"Inoltro chiamate","scClip":"ID chiam. ingresso","scClir":"ID chiam. uscita","scPwd":"Modifica password","scCallWaiting":"Chiamate in attesa","scPin":"Cambio PIN","scPin2":"Cambio PIN2","scPuk":"Sblocco PIN","scPuk2":"Sblocco PIN2","scImei":"IMEI","scUssd":"USSD","serviceClassVoice":"Voce","serviceClassData":"Dati","serviceClassFax":"FAX","serviceClassSms":"SMS","serviceClassDataSync":"Sync","serviceClassDataAsync":"Async","serviceClassPacket":"Pacchetto","serviceClassPad":"PAD","smServiceEnabled":"Il servizio è stato attivato","smServiceDisabled":"Il servizio è stato disattivato","smServiceRegistered":"Registrazione eseguita correttamente","smServiceErased":"Eliminazione eseguita correttamente","smServiceInterrogated":"Richiesta effettuata correttamente","smServiceNotProvisioned":"Servizio non predisposto","smClirPermanent":"Impossibile modificare le impostazioni ID chiamante","smClirDefaultOnNextCallOn":"ID chiamante impostato come riservato. Prossima chiamata: riservato","smClirDefaultOnNextCallOff":"ID chiamante impostato come riservato. Prossima chiamata: non riservato","smClirDefaultOffNextCallOn":"ID chiamante impostato come non riservato. Prossima chiamata: riservato","smClirDefaultOffNextCallOff":"ID chiamante impostato come non riservato. Prossima chiamata: non riservato","smServiceEnabledFor":"Servizio abilitato per:","smPinChanged":"PIN modificato correttamente","smPinUnblocked":"PIN sbloccato correttamente","smPin2Changed":"PIN2 modificato correttamente","smPin2Unblocked":"PIN2 sbloccato correttamente","ServiceIsEnabled":"Service is enabled","ServiceIsDisabled":"Service is disabled","ServiceIsEnabledFor":"Service is enabled for:","emMmiError":"Problema di connessione o codice MMI non valido","emMmiErrorPasswordIncorrect":"Password errata","emMmiErrorNotSupported":"Codice MMI non valido o non supportato","emMmiErrorInvalidAction":"Azione non consentita","emMmiErrorInvalidScCode":"Codice di servizio non valido","emMmiErrorBadPuk":"Il PUK inserito non è corretto","emMmiErrorBadPin":"Il vecchio PIN inserito non è corretto.","emMmiErrorNeedPuk2":"Inserire PUK2 per sbloccare la SIM","emMmiErrorMismatchPin":"I PIN inseriti non corrispondono","emMmiErrorInvalidPin":"Inserire un PIN da 4 a 8 cifre","emMmiErrorNeedsPuk":"La scheda SIM è bloccata da PUK","emMmiErrorEnablePin":"Non riuscito. Attiva SIM/RUIM LOCK","emMmiErrorMmiFdn":"È possibile comporre solo numeri prestabiliti","emMmiErrorStkCcUssdDial":"Richiesta USSD modificata in richiesta DIAL","emMmiErrorStkCcUssdSs":"Richiesta USSD modificata in richiesta SS","emMmiErrorStkCcUssdUssd":"Richiesta USSD modificata in richiesta USSD","emMmiErrorStkCcSsDial":"Richiesta SS modificata in richiesta DIAL","emMmiErrorStkCcSsUssd":"Richiesta SS modificata in richiesta USSD","emMmiErrorStkCcSsSs":"Richiesta SS modificata in richiesta SS","emMmiErrorPinPukAttempts":{"_index":["plural","n"],"_":{"one":"{{ n }} solo tentativo rimasto","two":"{{ n }} tentativi rimasti","few":"{{ n }} tentativi rimasti","many":"{{ n }} tentativi rimasti","other":"{{ n }} tentativi rimasti"}},"emMmiErrorSimBlocked":"Superato il numero massimo di tentativi. SIM bloccata","RadioNotAvailable":"Radio non disponibile","GenericFailure":"Errore generico","PasswordIncorrect":"Password errata","SimPin2":"PIN2 SIM","SimPuk2":"PUK2 SIM","RequestNotSupported":"Richiesta non supportata","OpNotAllowedDuringVoiceCall":"Operazione non consentita durante una chiamata","SmsSendFailRetry":"Invio SMS non riuscito, riprova","SimAbsent":"SIM assente","SubscriptionNotAvailable":"Iscrizione non disponibile","ModeNotSupported":"Modalità non supportata","FdnCheckFailure":"Controllo FDN non riuscito","IllegalSimOrMe":"SIM o ME illegali","DialModifiedToUssd":"Composizione modificata in USSD","DialModifiedToSs":"Composizione modificata in SS","DialModifiedToDial":"Composizione modificata in composizione","UssdModifiedToDial":"USSD modificato in composizione","UssdModifiedToSs":"USSD modificato in SS","UssdModifiedToUssd":"USSD modificato in USSD","SsModifiedToDial":"SS modificato in composizione","SsModifiedToUssd":"SS modificato in USSD","SsModifiedToSs":"SS modificato in SS","SubscriptionNotSupported":"Iscrizione non supportata","InvalidParameter":"Parametro non valido","RejectedByRemote":"Rifiutato da remoto","conferenceCall":"Conferenza ({{n}})","caller-left-call":"{{ caller }} ha lasciato la telefonata.","conferenceAddError":"Impossibile unire le chiamate","conferenceRemoveError":"Impossibile separare le chiamate","longDateFormat":"%A %e %B","select-audio-sources":"Seleziona sorgenti audio","bluetooth-handsfree-device":"Dispositivo vivavoce bluetooth","receiver":"Ricevitore","speaker":"Vivavoce","voicemailNoNumberTitle":"Numero della segreteria non disponibile","voicemailNoNumberText":"Impossibile chiamare la segreteria. Imposta il numero per effettuare la chiamata.","voicemailNoNumberSettings":"Impostazioni","voicemailNoNumberCancel":"Annulla","phoneNumberInput":{"ariaLabel":"Numero di telefono"},"keypadDelete":{"ariaLabel":"Elimina"},"voiceMailKey":{"ariaLabel":"Segreteria"},"asterisk":{"ariaLabel":"Asterisco"},"hashSign":{"ariaLabel":"Cancelletto"}}