{"close":"閉じる","import":"インポート","update":"更新","fbFriends":"友達","live-serviceName":"Outlook","gmail-serviceName":"Gmail","facebook-serviceName":"Facebook 友達","selectAll":"すべて選択","deselectAll":"選択をすべて解除","viewAll":"すべて見る","viewRecommend":"おすすめのみを表示","linkProposal":{"_index":["plural","numFriends"],"_":{"zero":"一致する友達はいません。すべて表示します","one":"おすすめの人を選択","two":"おすすめの人たちを選択","few":"おすすめの人たちを選択","many":"おすすめの人たちを選択","other":"おすすめの人たちを選択"}},"fbFriendsFound":{"_index":["plural","numFriends"],"_":{"zero":"すべての友達をインポートしました","one":"インポートする友達が 1 名見つかりました","two":"インポートする友達が {{numFriends}} 名見つかりました","few":"インポートする友達が {{numFriends}} 名見つかりました","many":"インポートする友達が {{numFriends}} 名見つかりました","other":"インポートする友達が {{numFriends}} 名見つかりました"}},"fbNoFriends":"No contacts available to import","facebook":"Facebook","search-contact":{"placeholder":"検索"},"noResults":"連絡先が見つかりませんでした","done-search":"完了","progressFB3ImportTitle":"友達を連絡先へインポート","progressFB":"{{current}}/{{total}}","progressFB3UpdateTitle":"連絡先内の友達を更新","message2":"処理に 2 分ほどかかります","messageLinking":"そのままお待ちください。友達と連絡先をリンクしています。","messageCanceling":"そのままお待ちください。実行中の処理をキャンセルしています。","error1":"エラーが発生しました: {{from}}","error2":"再度試しますか？","errorProposal":"申し込みの判定","errorFriends":"友達リストの取得","errorLinking":"連絡先とのリンク","timeout1":"制限時間に達しました: {{from}}","timeout2":"再度試しますか？","timeoutProposal":"申し込みの判定","timeoutFriends":"友達リストの取得","timeoutLinking":"連絡先とのリンク","wait1":"そのままお待ちください","wait2":"処理に 2 分ほどかかります","waitProposal":"そのままお待ちください。申し込みを判定しています。","waitFriends":"そのままお待ちください。友達リストを取得するために接続中です。","curtainCancel":"キャンセル","curtainRetry":"再試行","curtainOK":"OK","connectionLost":"インターネット接続がありません","connectionLostMsg":"友達の写真は連絡先に追加されません。それでも続けますか？","yesOption":"OK","noOption":"キャンセル","friendsUpdated":{"_index":["plural","numFriends"],"_":{"zero":"更新された友達はいません","one":"1 名の友達を更新しました","two":"{{numFriends}} 名の友達を更新しました","few":"{{numFriends}} 名の友達を更新しました","many":"{{numFriends}} 名の友達を更新しました","other":"{{numFriends}} 名の友達を更新しました"}},"friendsMerged":{"_index":["plural","numDups"],"_":{"zero":"重複した友達はいません","one":"1 名の重複した友達を併合しました","two":"{{numDups}} 名の友達を併合しました","few":"{{numDups}} 名の友達を併合しました","many":"{{numDups}} 名の友達を併合しました","other":"{{numDups}} 名の友達を併合しました"}},"notificationLogin":"Facebook のセッションが無効です。ログインしてください。","syncError":"友達データの同期中にエラーが発生しました","callAirplaneModeMessage":"発信するには機内モードを OFF にする必要があります。","callAirplaneModeBtnOk":"OK","callAirplaneModeTitle":"機内モードが ON です","numberIsBusyTitle":"相手が話し中です","numberIsBusyMessage":"電話番号の相手が現在話し中です。後でおかけ直しください。","fdnIsActiveTitle":"FDN モードが ON です","fdnIsActiveMessage":"FDN (固定ダイヤル番号) モードが ON です。次の番号は FDN リストにありません: {{ number }}","voiceMail":"ボイスメール","emergencyNumber":"緊急通報用電話番号","emergencyDialogBodyBadNumber":"発信するにはネットワーク設定を行う必要があります。","emergencyDialogBodyDeviceNotAccepted":"緊急通報はネットワークにより許可されていません。","emergencyDialogBtnOk":"OK","emergencyDialogTitle":"ネットワーク未接続","invalidNumberToDialTitle":"電話番号が正しくありません","invalidNumberToDialMessage":"おかけになった電話番号は正しくありません。","unableToCallTitle":"電話の発信ができません","unableToCallMessage":"発信できません。ダイヤル中の場合は先に発信ボタンを押してください。","otherConnectionInUseTitle":"他の回線が使用中です","otherConnectionInUseMessage":"別の回線で通話中です。同時に使用できる回線は 1 本までです。","add":"追加","call":"発信","edit":"編集","cancel":"キャンセル","done":"完了","ok":"OK","retry":"再試行","contacts":"連絡先","addContact":"連絡先を追加","deleteContact":"連絡先を削除","selectContact":"連絡先を選択","editContact":"連絡先を編集","deleteConfirmMsg":"連絡先を削除してもよろしいですか？","remove":"削除","delete":"削除","comments":"備考","no_contact_phones":"この連絡先には電話番号が含まれていません","no_contact_email":"この連絡先にはメールアドレスが含まれていません","no_contact_data":"This contact does not have a phone number and email address","removePhotoConfirm":"連絡先から写真を削除してもよろしいですか？","loadingContacts":"連絡先を読込中","noContactsActivity":"連絡先リストが空のため連絡先に追加できません","noName":"無名","givenName":{"placeholder":"名前"},"familyName":{"placeholder":"姓"},"tel":{"placeholder":"電話番号"},"carrier":{"_":"通信事業者","placeholder":"通信事業者"},"separator":",","email":{"_":"メールアドレス","placeholder":"メールアドレス"},"streetAddress":{"placeholder":"番地"},"postalCode":{"placeholder":"郵便番号"},"locality":{"placeholder":"市区町村"},"countryName":{"placeholder":"都道府県"},"comment":{"placeholder":"備考"},"org":{"placeholder":"所属組織"},"date":{"_":"日付","placeholder":"日付"},"date-span-placeholder":"日付","birthday":"誕生日","dateFormat":"%B%e日","dateOutput":"{{year}}年{{dayMonthFormatted}}","anniversary":"記念日","addPhoto":"画像を追加","addPhone":"電話番号を追加","addEmail":"メールアドレスを追加","addAddress":"住所を追加","addDate":"日付を追加","addComment":"備考を追加","addFavorite":"お気に入りに追加","removeFavorite":"お気に入りから削除","exit":"終了","expand":"広げる","labelName":"名前:","labelLastName":"姓:","labelPhoneNumber":"電話番号:","labelCarrier":"通信事業者:","labelEmail":"メールアドレス:","labelStreet":"番地:","labelZip":"郵便番号:","labelCity":"市区町村:","labelCountry":"都道府県:","labelComment":"備考:","legendTitleMain":"メイン情報","legendPhones":"電話番号","legendEmail":"メールアドレス","legendAddress":"所在地","legendPhoto":{"ariaLabel":"Photo"},"settings":"設定","transferContactsTitle":"連絡先の転送","importContactsTitle":"連絡先のインポート","importContactsButton":"連絡先をインポート","exportContactsTitle":"連絡先のエクスポート","exportContactsButton":"連絡先をエクスポート","exportContactsAction":"エクスポート","simExport-title":"SIM カードにエクスポート","sdExport-title":"SD カードにエクスポート","btExport-title":"Bluetooth 経由でエクスポート","sdUMSEnabled":"USB ストレージが有効なため SD カードを使用できません","exportErrorTitle":"エクスポートエラー","contactsExported2":{"_index":["plural","exported"],"_":{"zero":"エクスポートする連絡先はありません","one":"{{exported}}/{{total}} 件の連絡先をエクスポートしました","two":"{{exported}}/{{total}} 件の連絡先をエクスポートしました","few":"{{exported}}/{{total}} 件の連絡先をエクスポートしました","many":"{{exported}}/{{total}} 件の連絡先をエクスポートしました","other":"{{exported}}/{{total}} 件の連絡先をエクスポートしました"}},"exportError-general":"エクスポート中にエラーが発生しました","exportError-SD-shared":"メモリーカードが共有されているためアクセスできません","exportError-SD-unavailable":"メモリーカードが利用できません","exportError-SD-noSpace":"メモリーカードに連絡先をエクスポートするための十分な空き領域がありません","exportError-SIM-unavailable":"SIM カードが利用できません","exportError-BT-shared":"メモリーカードが共有されているためアクセスできません","exportError-BT-unavailable":"メモリーカードが利用できません","exportError-BT-noSpace":"メモリーカードに連絡先をエクスポートするための十分な空き領域がありません","social-network":"SNS","social-link":"Facebook で探す","social-unlink":"Facebook の登録情報を削除","social-unlink-confirm-title":"友達の登録情報を削除してもよろしいですか？","social-unlink-confirm-accept":"登録情報削除","facebook-import":"Facebook の友達を読み込む","show-fb-profile":"Facebook のプロフィールを表示","msg-send":"メッセージ","wall-post":"Wall に投稿","facebook-export-forbidden":"Facebook の制限により連絡先を共有できません。","otherAccount":"他のアカウント","facebookSwitchMsg":"友達を同期","select_mobile":"モバイルを選択","select_email":"メールを選択","select_recipient":"Select recipient","contactsOrderBy":"姓で並べ替え","importSim2":"SIM カード","importGmail":"Gmail","bluetooth":"Bluetooth","importOutlook":"Outlook","fbUpdateFriends":"友達リストを更新","cleaningFbData":"Facebook データを削除","loggingOutFb":"Facebook からログアウト","cleanFbConfirmMsg":"すべての Facebook データを削除しますか？","renewPwdMsg":"Facebook のパスワードが変更されています。更新してください。","notEnabledYet":"有効化されていません","genericNoConnection":"連絡先をインポートするには Wi-Fi かデータ通信ネットワークに接続してください。","simCard":"SIM カード","memoryCard":"メモリーカード","simNumber":"SIM {{number}}","setICEButton":"Set ICE Contacts","ICESettingTitle":"ICE Contacts","ICEDescription":"Add two contacts for making “In Case of Emergency” calls.","ICEContact1":"ICE Contact 1","ICESelectContact":"Select a contact","ICEContact2":"ICE Contact 2","create-new":"連絡先を追加します","import-now":"SIM カードまたは Facebook から連絡先をインポートします","no-contacts":"連絡先項目がありません","start-adding":"連絡先を追加してください","notImported":"未インポート","imported":"インポート済み","today":"今日","yesterday":"昨日","organise-contacts":"連絡先の管理","find-merge-contacts":"連絡先が重複していないか調べる","preparing-contacts":"連絡先を準備しています","exportError-SIM-NoFreeRecordFound":"SIM カードが満杯です","exportError-SIM-CannotAccessPhoneBook":"SIM カードの電話帳にアクセスできません","exportError-SIM-Unavailable":"SIM カードがありません","exportError-SIM-GenericError":"連絡先のエクスポート中にエラーが発生しました","noSimMsgExport":"連絡先をエクスポートするには SIM カードを挿入するかロックを解除してください","noMemoryCardMsgExport":"連絡先をエクスポートするにはメモリーカードを挿入してください","ContactManagementTitle":"連絡先の管理","DeleteTitle":"削除","bulkDeleteButton":"連絡先を削除","BulkDelCancel":"連絡先の削除がキャンセルされました","DeletedTxt":{"_index":["plural","n"],"_":{"zero":"削除する連絡先がありません","one":"1 件の連絡先を削除しました","two":"{{n}} 件の連絡先を削除しました","few":"{{n}} 件の連絡先を削除しました","many":"{{n}} 件の連絡先を削除しました","other":"{{n}} 件の連絡先を削除しました"}},"DeletingContacts":"連絡先を削除しています","ContactConfirmDel":{"_index":["plural","n"],"_":{"zero":"削除する連絡先がありません","one":"1 件の連絡先を削除しますか？ この操作は元に戻せません。","two":"{{n}} 件の連絡先を削除しますか？ この操作は元に戻せません。","few":"{{n}} 件の連絡先を削除しますか？ この操作は元に戻せません。","many":"{{n}} 件の連絡先を削除しますか？ この操作は元に戻せません。","other":"{{n}} 件の連絡先を削除しますか？ この操作は元に戻せません。"}},"SelectedTxt":{"_index":["plural","n"],"_":{"zero":"連絡先","one":"{{n}} 件選択","two":"{{n}} 件選択","few":"{{n}} 件選択","many":"{{n}} 件選択","other":"{{n}} 件選択"}},"video":"動画","audio":"音声","pick_destination":"{{ destination }} {{ carrier }}","removeField":{"ariaLabel":"Remove"},"undo":{"ariaLabel":"Undo"},"back":"戻る","noSimMsg":"連絡先をインポートするには SIM カードを挿入するかロックを解除してください","noMemoryCardMsg":"連絡先をインポートするにはメモリーカードを挿入してください","importMemoryCard":"メモリーカード","noConnection11":"Facebook の友達や連絡先をインポートするには Wi-Fi かデータ通信ネットワークに接続してください。","simContacts-import":"SIM の連絡先をインポート","simContacts-importing":"SIM の連絡先をインポート中…","simContacts-reading":"SIM カードから読み込み中…","simContacts-error":"SIM から連絡先をインポートできませんでした","simContacts-imported3":{"_index":["plural","n"],"_":{"zero":"SIM カードにインポートする連絡先はありません","one":"1 件の連絡先をインポートしました","two":"{{n}} 件の連絡先をインポートしました","few":"{{n}} 件の連絡先をインポートしました","many":"{{n}} 件の連絡先をインポートしました","other":"{{n}} 件の連絡先をインポートしました"}},"memoryCardContacts-import":"メモリーカードから連絡先をインポート","memoryCardContacts-importing":"メモリーカードから連絡先をインポート中…","memoryCardContacts-reading":"メモリーカードから読み込み中…","memoryCardContacts-error":"メモリーカードから連絡先をインポートできませんでした","memoryCardContacts-imported3":{"_index":["plural","n"],"_":{"zero":"メモリーカードにインポートする連絡先はありません","one":"1 件の連絡先をインポートしました","two":"{{n}} 件の連絡先をインポートしました","few":"{{n}} 件の連絡先をインポートしました","many":"{{n}} 件の連絡先をインポートしました","other":"{{n}} 件の連絡先をインポートしました"}},"genericProgress":"{{current}}/{{total}}","facebook-import-msg":{"_index":["plural","imported"],"_":{"zero":"インポートされた友達はいません (他 {{total}} 名)","one":"1 名の友達をインポートしました (他 {{total}} 名)","two":"{{imported}}/{{total}} 名の友達をインポートしました","few":"{{imported}}/{{total}} 名の友達をインポートしました","many":"{{imported}}/{{total}} 名の友達をインポートしました","other":"{{imported}}/{{total}} 名の友達をインポートしました"}},"contactsMerged":{"_index":["plural","numDups"],"_":{"zero":"重複した連絡先はありません","one":"1 件の重複した連絡先を併合しました","two":"{{numDups}} 件の連絡先を併合しました","few":"{{numDups}} 件の連絡先を併合しました","many":"{{numDups}} 件の連絡先を併合しました","other":"{{numDups}} 件の連絡先を併合しました"}},"weekday-0-long":"日曜日","weekday-1-long":"月曜日","weekday-2-long":"火曜日","weekday-3-long":"水曜日","weekday-4-long":"木曜日","weekday-5-long":"金曜日","weekday-6-long":"土曜日","weekday-0-short":"日","weekday-1-short":"月","weekday-2-short":"火","weekday-3-short":"水","weekday-4-short":"木","weekday-5-short":"金","weekday-6-short":"土","month-0-long":"1月","month-1-long":"2月","month-2-long":"3月","month-3-long":"4月","month-4-long":"5月","month-5-long":"6月","month-6-long":"7月","month-7-long":"8月","month-8-long":"9月","month-9-long":"10月","month-10-long":"11月","month-11-long":"12月","month-0-genitive":"1月","month-1-genitive":"2月","month-2-genitive":"3月","month-3-genitive":"4月","month-4-genitive":"5月","month-5-genitive":"6月","month-6-genitive":"7月","month-7-genitive":"8月","month-8-genitive":"9月","month-9-genitive":"10月","month-10-genitive":"11月","month-11-genitive":"12月","month-0-short":"1月","month-1-short":"2月","month-2-short":"3月","month-3-short":"4月","month-4-short":"5月","month-5-short":"6月","month-6-short":"7月","month-7-short":"8月","month-8-short":"9月","month-9-short":"10月","month-10-short":"11月","month-11-short":"12月","minutes-ago-long":{"_index":["plural","value"],"_":{"zero":"1分以内","one":"1分前","two":"{{value}}分前","few":"{{value}}分前","many":"{{value}}分前","other":"{{value}}分前"}},"hours-ago-long":{"_index":["plural","value"],"_":{"zero":"1時間以内","one":"1時間前","two":"{{value}}時間前","few":"{{value}}時間前","many":"{{value}}時間前","other":"{{value}}時間前"}},"days-ago-long":{"_index":["plural","value"],"_":{"zero":"今日","one":"昨日","two":"{{value}}日前","few":"{{value}}日前","many":"{{value}}日前","other":"{{value}}日前"}},"weeks-ago-long":{"_index":["plural","value"],"_":{"zero":"今週","one":"先週","two":"{{value}}週間前","few":"{{value}}週間前","many":"{{value}}週間前","other":"{{value}}週間前"}},"months-ago-long":{"_index":["plural","value"],"_":{"zero":"今月","one":"先月","two":"{{value}}か月前","few":"{{value}}か月前","many":"{{value}}か月前","other":"{{value}}か月前"}},"years-ago-long":{"_index":["plural","value"],"_":{"zero":"今年","one":"昨年","two":"{{value}}年前","few":"{{value}}年前","many":"{{value}}年前","other":"{{value}}年前"}},"minutes-until-long":{"_index":["plural","value"],"_":{"zero":"1分以内","one":"1分後","two":"{{value}}分後","few":"{{value}}分後","many":"{{value}}分後","other":"{{value}}分後"}},"hours-until-long":{"_index":["plural","value"],"_":{"zero":"1時間以内","one":"1時間後","two":"{{value}}時間後","few":"{{value}}時間後","many":"{{value}}時間後","other":"{{value}}時間後"}},"days-until-long":{"_index":["plural","value"],"_":{"zero":"今日","one":"明日","two":"{{value}}日後","few":"{{value}}日後","many":"{{value}}日後","other":"{{value}}日後"}},"weeks-until-long":{"_index":["plural","value"],"_":{"zero":"今週","one":"来週","two":"{{value}}週間後","few":"{{value}}週間後","many":"{{value}}週間後","other":"{{value}}週間後"}},"months-until-long":{"_index":["plural","value"],"_":{"zero":"今月","one":"来月","two":"{{value}}か月後","few":"{{value}}か月後","many":"{{value}}か月後","other":"{{value}}か月後"}},"years-until-long":{"_index":["plural","value"],"_":{"zero":"今年","one":"来年","two":"{{value}}年後","few":"{{value}}年後","many":"{{value}}年後","other":"{{value}}年後"}},"minutes-ago-short":{"_index":["plural","value"],"_":{"zero":"直前","other":"{{value}}分前"}},"hours-ago-short":{"_index":["plural","value"],"_":{"zero":"数分前","other":"{{value}}時間前"}},"days-ago-short":{"_index":["plural","value"],"_":{"zero":"今日","other":"{{value}}日前"}},"minutes-until-short":{"_index":["plural","value"],"_":{"zero":"直後","other":"{{value}}分後"}},"hours-until-short":{"_index":["plural","value"],"_":{"zero":"数分後","other":"{{value}}時間後"}},"days-until-short":{"_index":["plural","value"],"_":{"zero":"今日","other":"{{value}}日後"}},"incorrectDate":"(日付が不正です)","dateTimeFormat_%c":"%Y年%b%e日(%a) %p%I:%M:%S","dateTimeFormat_%x":"%Y/%m/%d","dateTimeFormat_%X":"%p%I:%M:%S","shortTimeFormat":"%p%I:%M","shortDateTimeFormat":"%x %p%I:%M","weekStartsOnMonday":"0","time_am":"午前","time_pm":"午後","sim-picker-dial-via-with-number":"ダイヤル先 {{ phoneNumber }} への使用回線","sim-picker-select-sim":"SIM を選択してください","sim-picker-button":"SIM{{ n }}","sim-picker-button-default":"(既定)","label":"ラベル","mobile":"携帯","home":"自宅","work":"勤務先","personal":"個人","faxHome":"自宅の FAX","faxOffice":"勤務先 FAX","faxOther":"その他 FAX","another":"予備","other":"その他","customTag":{"placeholder":"カスタムタグ"},"current":"現住所","itemWithLabel":"{{label}}, {{item}}","waitDuplicateContacts":"連絡先が重複していないか調べています","waitMergingDuplicateContacts":"重複した連絡先を併合しています","alertNoDuplicateContacts":"重複は見つかりませんでした","merge":"併合","mergeDuplicateTitle":"重複した連絡先の併合","suggestedDuplicateContacts":"{{name}} さんの連絡先が重複しています","mergeActionButtonLabel":{"_index":["plural","n"],"_":{"zero":"連絡先が選択されていません","one":"{{n}} 件の連絡先と併合する","two":"{{n}} 件の連絡先と併合する","few":"{{n}} 件の連絡先と併合する","many":"{{n}} 件の連絡先と併合する","other":"{{n}} 件の連絡先と併合する"}},"duplicatesFoundTitle":"重複が見つかりました","duplicatesFoundMessage":"{{name}} さんの情報が次の連絡先に重複しています","addNewNumber":"新しい電話番号を追加","addToExistingContact":"既存の連絡先に追加","all":{"_":"すべて","ariaLabel":"すべて"},"callLog":"通話履歴","callLogEdit":{"title":"通話履歴の編集"},"callLogEditDialog":{"ariaLabel":"通話履歴の編集ダイアログ"},"connecting":"発信中","cf-async":"非同期: {{ async }}\\n","cf-data":"データ: {{ data }}\\n","cf-error":"転送状態の取得中にエラーが発生しました","cf-fax":"FAX: {{ fax }}\\n","cf-inactive":"停止中","cf-packet":"パケット: {{ packet }}\\n","cf-pad":"PAD: {{ pad }}\\n","cf-sms":"SMS: {{ sms }}\\n","cf-status":"転送状態\\n","cf-sync":"同期: {{ sync }}\\n","cf-voice":"音声: {{ voice }}\\n","confirm-deletion":"選択した履歴を削除しますか？","createNewContact":"連絡先を新規登録","dialerAddContact":{"ariaLabel":"連絡先追加"},"dialerAddContactDialog":{"ariaLabel":"連絡先追加ダイアログ"},"edit-selected":{"_index":["plural","n"],"_":{"one":"{{ n }} 件選択","two":"{{ n }} 件選択","few":"{{ n }} 件選択","many":"{{ n }} 件選択","other":"{{ n }} 件選択"}},"hideKeypad":{"ariaLabel":"キーパッドを隠す"},"ignore":"着信拒否","incoming":"着信","keypad":{"ariaLabel":"キーパッド"},"makeCall":{"ariaLabel":"発信"},"missed":{"_":"不在着信","ariaLabel":"不在着信"},"missedCall":"不在着信","missedCallMultiSims":"(SIM {{ n }}) 不在着信","mmi-error":"メッセージの送信中にエラーが発生しました","mmi-session-expired":"セッションの有効期限が切れました","mmi-successfully-sent":"メッセージが送信されました","mmi-notification-title-with-sim":"({{sim}}) {{title}}","mute":{"ariaLabel":"消音"},"newCall":{"ariaLabel":"新しい着信"},"no-logs-msg-1":"通話履歴はありません","no-logs-msg-2":"通話を開始してください","no-logs-msg-3":"不在着信はありません","recents":{"ariaLabel":"最近の通話"},"reply":"返信","send":"送信","switch-calls":"発信先の切り替え","withheld-number":"番号非通知","from-contact":"発信者 {{ contact }}","from-number":"着信番号 {{ number }}","from-withheld-number":"番号非通知の着信","sending":"送信中…","speakerOption":{"ariaLabel":"スピーカ"},"ussd-services":"{{ operator }} サービス","toggleKeypad":{"ariaLabel":"キーパッド切り替え"},"type-your-response":{"placeholder":"応答を入力してください…"},"clear-all-text":"すべてのテキストを消去","hide":"隠す","hold":{"ariaLabel":"保留"},"resume":{"_":"再開","ariaLabel":"再開"},"sendSms":"メッセージ送信","callEnded":"通話終了","via-sim":"使用回線 SIM{{ n }}","sim-number":"SIM{{ n }}","hangup-a11y-button":{"ariaLabel":"応答"},"pickup-a11y-button":{"ariaLabel":"選択"},"unlock-a11y-button":{"ariaLabel":"スライダー"},"roaming":"{{operator}} (Roaming)","delete-n-log?":{"_index":["plural","n"],"_":{"zero":"選択されていません","one":"選択した履歴を削除しますか？","two":"履歴を {{ n }} 件削除しますか？","few":"履歴を {{ n }} 件削除しますか？","many":"履歴を {{ n }} 件削除しますか？","other":"履歴を {{ n }} 件削除しますか？"}},"callDurationMinutes":"{{ m }}:{{ s }}","callDurationHours":"{{ h }}:{{ m }}:{{ s}}","suggestionMatches":{"_index":["plural","n"],"_":{"one":"\"{{ matchNumber }}\" と {{ n }} 件一致しました","two":"\"{{ matchNumber }}\" と {{ n }} 件一致しました","few":"\"{{ matchNumber }}\" と {{ n }} 件一致しました","many":"\"{{ matchNumber }}\" と {{ n }} 件一致しました","other":"\"{{ matchNumber }}\" と {{ n }} 件一致しました"}},"scCallBarring":"ダイヤル発信制限","scCallForwarding":"着信転送","scClip":"発信者番号の受信","scClir":"発信者番号の送信","scPwd":"パスワード変更","scCallWaiting":"割込通話","scPin":"PIN 変更","scPin2":"PIN2 変更","scPuk":"PIN ブロック解除","scPuk2":"PIN2 ブロック解除","scImei":"IMEI","scUssd":"USSD","serviceClassVoice":"音声","serviceClassData":"データ","serviceClassFax":"FAX","serviceClassSms":"SMS","serviceClassDataSync":"同期","serviceClassDataAsync":"非同期","serviceClassPacket":"パケット","serviceClassPad":"PAD","smServiceEnabled":"サービスを有効化しました","smServiceDisabled":"サービスは無効化されています","smServiceRegistered":"登録完了しました","smServiceErased":"抹消完了しました","smServiceInterrogated":"リクエストが完了しました","smServiceNotProvisioned":"サービスは用意されていません","smClirPermanent":"発信者番号を変更することはできません","smClirDefaultOnNextCallOn":"発信者番号の通知は制限されています。次回の発信: 制限あり","smClirDefaultOnNextCallOff":"発信者番号の通知は制限されています。次回の発信: 制限なし","smClirDefaultOffNextCallOn":"発信者番号の通知は制限されていません。次回の発信: 制限あり","smClirDefaultOffNextCallOff":"発信者番号の通知は制限されていません。次回の発信: 制限なし","smServiceEnabledFor":"サービスを有効化しました:","smPinChanged":"PIN コードが変更されました","smPinUnblocked":"PIN コードのブロックが解除されました","smPin2Changed":"PIN2 コードが変更されました","smPin2Unblocked":"PIN2 コードのブロックが解除されました","ServiceIsEnabled":"Service is enabled","ServiceIsDisabled":"Service is disabled","ServiceIsEnabledFor":"Service is enabled for:","emMmiError":"接続に問題があるか MMI コードが正しくありません","emMmiErrorPasswordIncorrect":"パスワードが正しくありません","emMmiErrorNotSupported":"MMI コードが正しくないかサポートされていません","emMmiErrorInvalidAction":"動作が正しくありません","emMmiErrorInvalidScCode":"サービスコードが正しくありません","emMmiErrorBadPuk":"入力された PUK コードが正しくありません","emMmiErrorBadPin":"入力された古い PIN コードが正しくありません","emMmiErrorNeedPuk2":"SIM カードのブロックを解除するには PUK2 コードを入力してください","emMmiErrorMismatchPin":"入力された PIN コードが一致しません","emMmiErrorInvalidPin":"PIN コードは 4 桁から 8 桁の数字を入力してください","emMmiErrorNeedsPuk":"SIM カードが PUK コードでロックされています","emMmiErrorEnablePin":"解除に失敗したため、SIM/RUIM をロックします","emMmiErrorMmiFdn":"固定ダイヤル番号への発信のみに制限されています","emMmiErrorStkCcUssdDial":"非構造付加サービスデータ (USSD) リクエストはダイヤル発信 (DIAL) リクエストに変更されています","emMmiErrorStkCcUssdSs":"非構造付加サービスデータ (USSD) リクエストは付加サービス (SS) リクエストに変更されています","emMmiErrorStkCcUssdUssd":"非構造付加サービスデータ (USSD) リクエストは新しい USSD リクエストに変更されています","emMmiErrorStkCcSsDial":"付加サービス (SS) リクエストはダイヤル発信 (DIAL) リクエストに変更されています","emMmiErrorStkCcSsUssd":"付加サービス (SS) リクエストは非構造付加サービスデータ (USSD) リクエストに変更されています","emMmiErrorStkCcSsSs":"付加サービス (SS) リクエストは新しい SS リクエストに変更されています","emMmiErrorPinPukAttempts":{"_index":["plural","n"],"_":{"one":"残り {{ n }} 回 (最後)","two":"残り {{ n }} 回","few":"残り {{ n }} 回","many":"残り {{ n }} 回","other":"残り {{ n }} 回"}},"emMmiErrorSimBlocked":"入力可能回数の上限を超えました。SIM カードをブロックします。","RadioNotAvailable":"ラジオは利用できません","GenericFailure":"一般エラー","PasswordIncorrect":"パスワードが正しくありません","SimPin2":"SIM PIN2 コード","SimPuk2":"SIM PUK2 コード","RequestNotSupported":"未サポートのリクエスト","OpNotAllowedDuringVoiceCall":"音声発信中の操作は許可されていません","SmsSendFailRetry":"SMS 送信失敗による再試行","SimAbsent":"SIM カード無し","SubscriptionNotAvailable":"サブスクリプションは利用できません","ModeNotSupported":"未サポートのモード","FdnCheckFailure":"固定電話番号の確認失敗","IllegalSimOrMe":"違法な SIM または ME","DialModifiedToUssd":"ダイヤル発信が USSD に変更されました","DialModifiedToSs":"ダイヤル発信が付加サービスに変更されました","DialModifiedToDial":"ダイヤル発信がダイヤル発信に変更されました","UssdModifiedToDial":"USSD がダイヤル発信に変更されました","UssdModifiedToSs":"USSD が付加サービスに変更されました","UssdModifiedToUssd":"USSD が USSD に変更されました","SsModifiedToDial":"付加サービスがダイヤル発信に変更されました","SsModifiedToUssd":"付加サービスが USSD に変更されました","SsModifiedToSs":"付加サービスが付加サービスに変更されました","SubscriptionNotSupported":"未サポートのサブスクリプション","InvalidParameter":"パラメータが正しくありません","RejectedByRemote":"リモートから拒否されました","conferenceCall":"Conference ({{n}})","caller-left-call":"{{ caller }} さんが通話を終了しました。","conferenceAddError":"グループ通話に合流できません","conferenceRemoveError":"グループ通話から離脱できません","longDateFormat":"%B%e日(%a)","select-audio-sources":"音声出力元を選択してください","bluetooth-handsfree-device":"Bluetooth ハンズフリー機器","receiver":"レシーバ","speaker":"スピーカ","voicemailNoNumberTitle":"ボイスメール番号が利用できません","voicemailNoNumberText":"ボイスメールを呼び出せません。呼び出すためのボイスメール番号を設定してください。","voicemailNoNumberSettings":"設定","voicemailNoNumberCancel":"キャンセル","phoneNumberInput":{"ariaLabel":"電話番号"},"keypadDelete":{"ariaLabel":"削除"},"voiceMailKey":{"ariaLabel":"ボイスメール"},"asterisk":{"ariaLabel":"アスタリスク"},"hashSign":{"ariaLabel":"ハッシュ記号"}}