{"close":"បិទ","import":"នាំ​ចូល","update":"ធ្វើបច្ចុប្បន្នភាព","fbFriends":"មិត្តភ័ក្ដិ​លើ Facebook","live-serviceName":"Outlook","gmail-serviceName":"Gmail","facebook-serviceName":"មិត្តភ័ក្ដិ​លើ Facebook","selectAll":"ជ្រើស​ទាំងអស់","deselectAll":"មិន​ជ្រើស​ទាំងអស់","viewAll":"មើល​មិត្តភ័ក្ដិ Facebook ទាំងអស់","viewRecommend":"មើល​តែ​​​អ្នក​បាន​ផ្ដល់​អនុសាសន៍","linkProposal":{"_index":["plural","numFriends"],"_":{"zero":"មិន​មាន​មិត្តភ័ក្ដិ​ដែល​ផ្គូផ្គង​គ្នា​ទេ ។ បង្ហាញ​ទាំងអស់","one":"ជ្រើស​មួយ​ដែល​បាន​ផ្ដល់​អនុសាសន៍","two":"ជ្រើស​មួយ​ដែល​បាន​ផ្ដល់​អនុសាសន៍","few":"ជ្រើស​មួយ​ដែល​បាន​ផ្ដល់​អនុសាសន៍","many":"ជ្រើស​មួយ​ដែល​បាន​ផ្ដល់​អនុសាសន៍","other":"ជ្រើស​មួយ​ដែល​បាន​ផ្ដល់​អនុសាសន៍"}},"fbFriendsFound":{"_index":["plural","numFriends"],"_":{"zero":"បាន​នាំចូល​មិត្តភ័ក្ដិ​​របស់​អ្នក​ទាំងអស់","one":"រក​ឃើញ​មិត្តភ័ក្ដិ​ម្នាក់​ដើម្បី​នាំចូល","two":"រកឃើញ​មិត្តភ័ក្ដិ {{numFriends}} ដើម្បី​នាំចូល","few":"រក​ឃើញ​មិត្តភ័ក្ដិ {{numFriends}} ដើម្បី​នាំចូល","many":"រក​ឃើញ​មិត្តភ័ក្ដិ {{numFriends}} ដើម្បី​នាំចូល","other":"រក​ឃើញ​មិត្តភ័ក្ដិ {{numFriends}} ដើម្បី​នាំចូល"}},"fbNoFriends":"មិន​មាន​ទំនាក់ទំនង​ដើម្បី​នាំចូល​ឡើយ","facebook":"Facebook","search-contact":{"placeholder":"ស្វែងរក"},"noResults":"រក​មិន​ឃើញ​ទំនាក់ទំនង","done-search":"ធ្វើ​រួច","progressFB3ImportTitle":"នាំចូល​មិត្តភ័ក្ដិ​ទៅ​ទំនាក់ទំនង","progressFB":"{{current}}/{{total}}","progressFB3UpdateTitle":"ធ្វើ​បច្ចុប្បន្នភាព​មិត្តភ័ក្ដិ​ក្នុង​ទំនាក់ទំនង","message2":"នេះ​អាច​ចំណាយ​ពេល​ប៉ុន្មាន​នាទី","messageLinking":"សូម​រងចាំ។ យើង​​កំពុង​តភ្ជាប់​ទៅ​មិត្តភ័ក្ដិ និង​ទំនាក់ទំនង​របស់​អ្នក។","messageCanceling":"សូម​រង់ចាំ។ យើង​កំពុង​បោះបង់​ចោល​​ប្រតិបត្តិការ​ដែល​កំពុង​ដំណើរការ។","error1":"កំហុស {{from}}","error2":"តើ​អ្នក​ចង់ព្យាយាម​ម្ដងទៀត​ឬ ?","errorProposal":"កំពុង​គណនា​សំណើរ","errorFriends":"កំពុង​ទៅ​រក​មិត្តភ័ក្ដិ","errorLinking":"កំពុង​ភ្ជាប់​ទំនាក់ទំនង","timeout1":"ពេលវេលា​ហួស​កំណត់ {{from}}","timeout2":"តើ​អ្នក​ចង់ព្យាយាម​ម្ដងទៀត​ឬ ?","timeoutProposal":"កំពុង​គណនា​សំណើរ","timeoutFriends":"កំពុង​រក​មើល​មិត្តភ័ក្ដិ","timeoutLinking":"កំពុង​ភ្ជាប់​ទំនាក់ទំនង","wait1":"សូម​រង់ចាំ","wait2":"វា​អាច​ប្រើ​ពេល​ពីរ​បី​នាទី","waitProposal":"សូម​រង់ចាំ ។ យើង​កំពុង​គណនា​សំណើ ។","waitFriends":"សូម​រង់ចាំ ។ យើង​កំពុង​តភ្ជាប់​ដើម្បី​យក​បញ្ជី​មិត្តភ័ក្ដិ​របស់​អ្នក ។","curtainCancel":"បោះបង់","curtainRetry":"ព្យាយាម​ម្ដង​ទៀត","curtainOK":"យល់ព្រម","connectionLost":"គ្មាន​ការ​ភ្ជាប់​អ៊ីនធឺណិត","connectionLostMsg":"នឹង​មិន​បន្ថែម​រូបថត​របស់​មិត្តភ័ក្ដិ​​​ទៅ​ទំនាក់ទំនង​របស់​អ្នក​ទេ។ បន្ត​យ៉ាង​ណា​ក៏​​ដោយ​ឬ?","yesOption":"យល់ព្រម","noOption":"បោះបង់","friendsUpdated":{"_index":["plural","numFriends"],"_":{"zero":"មិន​មាន​មិត្ត​ភ័ក្ដិ​​បាន​ធ្វើ​បច្ចុប្បន្នភាព​ឡើយ","one":"បាន​ធ្វើ​បច្ចុប្បន្នភាព​មិត្តភ័ក្ដិ​ម្នាក់","two":"បាន​ធ្វើ​បច្ចុប្បន្នភាព​មិត្តភ័ក្ដិ {{numFriends}}","few":"បាន​ធ្វើ​បច្ចុប្បន្នភាព​មិត្តភ័ក្ដិ {{numFriends}}","many":"បាន​ធ្វើ​បច្ចុប្បន្នភាព​មិត្តភ័ក្ដិ {{numFriends}}","other":"បាន​ធ្វើ​បច្ចុប្បន្នភាព​មិត្តភ័ក្ដិ {{numFriends}}"}},"friendsMerged":{"_index":["plural","numDups"],"_":{"zero":"មិន​មាន​ការ​បញ្ចូល​គ្នា​មិត្តភ័ក្ដិ​ដែល​ស្ទួន","one":"បាន​បញ្ចូល​គ្នា​មិត្តភ័ក្ដិ​ម្នាក់​ដែល​ស្ទួន","two":"បាន​បញ្ចូល​គ្នា​មិត្តភ័ក្ដិ {{numDups}}","few":"បាន​បញ្ចូល​គ្នា​មិត្តភ័ក្ដិ {{numDups}}","many":"បាន​បញ្ចូល​គ្នា​មិត្តភ័ក្ដិ {{numDups}}","other":"បាន​បញ្ចូល​គ្នា​មិត្តភ័ក្ដិ {{numDups}}"}},"notificationLogin":"សម័យ Facebook របស់​អ្នក​មិន​ត្រឹមត្រូវ។ សូម​ចូល។","syncError":"មាន​កំហុស​​​​ក្នុង​ការ​ធ្វើ​សមកាលកម្ម​ទិន្នន័យ​របស់​មិត្តភ័ក្ដិ​អ្នក","callAirplaneModeMessage":"ដើម្បី​ហៅ​ចេញ​អ្នក​ត្រូវ​បិទ​របៀប​លើ​យន្តហោះ​នៅ​ក្នុង​ការ​កំណត់។","callAirplaneModeBtnOk":"យល់​ព្រម","callAirplaneModeTitle":"ធ្វើ​ឲ្យ​សកម្ម​របៀប​លើ​យន្តហោះ","numberIsBusyTitle":"លេខ​ជាប់​រវល់","numberIsBusyMessage":"បច្ចុប្បន្ន​លេខ​កំពុង​ជាប់​រវល់។ សូម​ព្យាយាម​ម្ដង​ទៀត​ពេល​ក្រោយ។","fdnIsActiveTitle":"FDN សកម្ម","fdnIsActiveMessage":"FDN (Fixed Dialing Numbers) ត្រូវ​បាន​ធ្វើ​ឲ្យ​សកម្ម និង​លេខ​បន្ទាប់​មិន​មាន​នៅ​ក្នុង​បញ្ជី FDN របស់​អ្នក​ឡើយ៖ {{ number }}","voiceMail":"សារ​ជា​សំឡេង","emergencyNumber":"លេខ​ហៅ​បន្ទាន់","emergencyDialogBodyBadNumber":"ដើម្បី​​ធ្វើ​ការ​ហៅ ទូរស័ព្ទ​ត្រូវតែ​ភ្ជាប់​ទៅ​បណ្ដាញ។","emergencyDialogBodyDeviceNotAccepted":"មិន​អនុញ្ញាត​ការ​ហៅ​បន្ទាន់​តាម​បណ្ដាញ​នេះ​ទេ។","emergencyDialogBtnOk":"យល់​ព្រម","emergencyDialogTitle":"គ្មាន​ការ​តភ្ជាប់​បណ្ដាញ","invalidNumberToDialTitle":"លេខ​ទូរស័ព្ទ​មិន​ត្រឹមត្រូវ","invalidNumberToDialMessage":"លេខ​ទូរស័ព្ទ​ដែល​អ្នក​កំពុង​ហៅ​មិន​ត្រឹមត្រូវ​ទេ។","unableToCallTitle":"មិន​អាច​ធ្វើ​ការ​ហៅ​ទូរស័ព្ទ​ឥឡូវ​នេះ​បាន​ទេ","unableToCallMessage":"មិន​អាច​ធ្វើ​ការ​ហៅ។ បើ​អ្នក​​​បាន​ចុច​លេខ​រួច​ហើយ សូម​ដាក់​ទូរស័ព្ទ​​ចុះ​សិន។","otherConnectionInUseTitle":"ការ​តភ្ជាប់​ផ្សេង​ទៀត​កំពុង​ប្រើ","otherConnectionInUseMessage":"អ្នក​មាន​ការ​ហៅ​សកម្មភាព​នៅ​លើ​ការ​ហៅ​ផ្សេង​ទៀត។ អ្នក​អាច​ប្រើ​​តែ​ការ​តភ្ជាប់​មួយ​ប៉ុណ្ណោះ​នៅ​​ពេល​តភ្ជាប់​ពេល​តែមួយ។","add":"បន្ថែម","call":"ហៅ","edit":"កែសម្រួល","cancel":"បោះបង់","done":"ធ្វើ​រួច","ok":"យល់ព្រម","retry":"ព្យាយាម​ម្ដង​ទៀត","contacts":"ទំនាក់ទំនង","addContact":"បន្ថែម​ទំនាក់ទំនង","deleteContact":"លុប​ទំនាក់ទំនង","selectContact":"ជ្រើស​ទំនាក់ទំនង​","editContact":"កែ​​ទំនាក់ទំនង","deleteConfirmMsg":"លុប​ទំនាក់ទនង​?","remove":"លុប​ចេញ","delete":"​លុប​","comments":"មតិយោបល់","no_contact_phones":"ទំនាក់ទំនង​នេះ​មិន​មាន​លេខ​ទូរសព្ទ​ទេ","no_contact_email":"ទំនាក់​ទំនង​នេះ​មិន​មាន​អ៊ីមែល​ទេ","no_contact_data":"ទំនាក់ទំនង​នេះ​​មិន​មាន​​លេខ​ទូរស័ព្ទ និង​អាសយដ្ឋាន​អ៊ីមែល​ឡើយ","removePhotoConfirm":"លុប​រូបភាព​​​ទំនាក់ទំនង​​ឬ?","loadingContacts":"កំពុង​ផ្ទុក​ទំនាក់ទំនង...","noContactsActivity":"មិន​អាច​បន្ថែម​ទៅ​ទំនាក់ទំនង​​​ព្រោះ​បញ្ជី​ទំនាក់ទំនង​របស់​អ្នក​​ទទេ","noName":"គ្មាន​ឈ្មោះ","givenName":{"placeholder":"ឈ្មោះ"},"familyName":{"placeholder":"នាមត្រកូល"},"tel":{"placeholder":"ទូរស័ព្ទ"},"carrier":{"_":"ក្រុមហ៊ុន​ទូរគមនាគមន៍","placeholder":"ក្រុមហ៊ុន​ទូរគមនាគមន៍"},"separator":",","email":{"_":"អ៊ីមែល","placeholder":"អ៊ីមែល"},"streetAddress":{"placeholder":"ផ្លូវ"},"postalCode":{"placeholder":"លេខ​​កូដ​តំបន់"},"locality":{"placeholder":"ទីក្រុង"},"countryName":{"placeholder":"ប្រទេស"},"comment":{"placeholder":"មតិយោបល់"},"org":{"placeholder":"ក្រុមហ៊ុន"},"date":{"_":"កាលបរិច្ឆេទ","placeholder":"កាលបរិច្ឆេទ"},"date-span-placeholder":"កាលបរិច្ឆេទ","birthday":"ថ្ងៃកំណើត","dateFormat":"%B %e","dateOutput":"{{dayMonthFormatted}} {{year}}","anniversary":"បុណ្យខួប​","addPhoto":"បន្ថែម​រូបភាព","addPhone":"បន្ថែម​ទូរស័ព្ទ","addEmail":"បន្ថែម​អ៊ីមែល","addAddress":"បន្ថែម​អាសយដ្ឋាន","addDate":"បន្ថែម​កាលបរិច្ឆេទ","addComment":"បន្ថែម​មតិយោបល់","addFavorite":"បន្ថែម​ទៅ​សំណព្វ","removeFavorite":"យកចេញ​សំណព្វ","exit":"ចេញ","expand":"ពង្រីក","labelName":"ឈ្មោះ ៖","labelLastName":"នាម​ត្រកូល ៖","labelPhoneNumber":"លេខ​ទូរស័ព្ទ ៖","labelCarrier":"ក្រុមហ៊ុន​ទូរគមនាគមន៍ ៖","labelEmail":"អ៊ីមែល ៖","labelStreet":"វិថី ៖","labelZip":"លេខ​កូដ​តំបន់ ៖","labelCity":"ទីក្រុង ៖","labelCountry":"ប្រទេស ៖","labelComment":"មតិយោបល់ ៖","legendTitleMain":"ព័ត៌មាន​ចម្បង","legendPhones":"លេខ​ទូរស័ព្ទ","legendEmail":"អាសយដ្ឋាន​អ៊ីមែល","legendAddress":"អាសយដ្ឋាន","legendPhoto":{"ariaLabel":"រូបថត"},"settings":"ការ​កំណត់","transferContactsTitle":"ផ្ទេរ​ទំនាក់ទំនង","importContactsTitle":"នាំចូល​ទំនាក់ទំនង","importContactsButton":"នាំចូល​ទំនាក់ទំនង","exportContactsTitle":"នាំចេញ​ទំនាក់ទំនង","exportContactsButton":"នាំចេញ​ទំនាក់ទំនង","exportContactsAction":"នាំចេញ","simExport-title":"នាំចេញ​ទៅ SIM","sdExport-title":"នាំ​ចេញ​ទៅ​កាត SD","btExport-title":"នាំ​ចេញ​ទៅប៊្លូសធូស","sdUMSEnabled":"មិន​អាច​ប្រើ​កាត SD ព្រោះ​​បាន​បើក​​ដំណើរការ​ទំហំ​ផ្ទុក USB","exportErrorTitle":"កំហុស​នាំចេញ","contactsExported2":{"_index":["plural","exported"],"_":{"zero":"គ្មាន​បញ្ជី​ទំនាក់​ទំនង​បាន​នាំចេញ","one":"បាន​នាំចេញ​ទំនាក់ទំនង {{exported}}/{{total}}","two":"បាន​នាំចេញ​ទំនាក់ទំនង {{exported}}/{{total}}","few":"បាន​នាំចេញ​ទំនាក់ទំនង {{exported}}/{{total}}","many":"បាន​នាំ​ចេញ​ទំនាក់ទំនង {{exported}}/{{total}}","other":"បាន​នាំ​ចេញ​ទំនាក់ទំនង {{exported}}/{{total}}"}},"exportError-general":"មាន​កំហុស​​​កើត​ឡើង​​អំឡុង​ពេល​នាំចេញ","exportError-SD-shared":"មិន​អាច​ដំណើរការ​កាត​អង្គ​ចងចាំ​បាន​ទេ ព្រោះ​វា​ត្រូវ​បាន​ចែករំលែក","exportError-SD-unavailable":"កាត​អង្គ​ចងចាំ​មិន​អាច​ប្រើ​បាន","exportError-SD-noSpace":"មិន​មាន​ទំហំ​ទំនេរ​គ្រប់គ្រាន់​នៅ​លើ​កាត​អង្គ​ចងចាំ​ដើម្បី​នាំចេញ​​​ទំនាក់ទំនង","exportError-SIM-unavailable":"SIM ​កាត​មិន​អាច​ប្រើ​បាន","exportError-BT-shared":"មិន​អាច​ដំណើរការ​កាត​អង្គ​ចងចាំ​បាន​ទេ ព្រោះ​វា​ត្រូវ​បាន​ចែក​រំលែក","exportError-BT-unavailable":"កាត់​អង្គ​ចងចាំ​មិន​អាច​ប្រើបាន","exportError-BT-noSpace":"មិន​មាន​ទំហំ​ទំនេរ​គ្រប់គ្រាន់​នៅ​លើ​កាត​អង្គ​ចងចាំ​ដើម្បី​នាំចេញ​​​​ទំនាក់ទំនង","social-network":"បណ្ដាញ​សង្គម","social-link":"ភ្ជាប់​ទំនាក់ទំនង","social-unlink":"ផ្ដាច់​​ទំនាក់ទំនង","social-unlink-confirm-title":"តើ​អ្នក​ចង់​​ផ្ដាច់​​ទំនាក់ទំនង​ជាមួយ​មិត្ត​របស់​អ្នក​ឬ?","social-unlink-confirm-accept":"ដក​តំណ​ចេញ","facebook-import":"នាំចូល​មិត្តភ័ក្ដិ​​ពី Facebook","show-fb-profile":"មើល​ប្រវត្តិរូប Facebook","msg-send":"សារ","wall-post":"ប្រកាស​លើ​​ផ្ទៃ​មុខ","facebook-export-forbidden":"មិន​អាច​ចែករំលែក​ទំនាក់ទំនង​​បាន​ទេ ដោយសារតែ​​ការ​ដាក់​កំហិត​របស់ Facebook។","otherAccount":"គណនី​ផ្សេងទៀត","facebookSwitchMsg":"ធ្វើ​សមកាល​មិត្តិភ័ក្ដិ","select_mobile":"ជ្រើស​ទូរស័ព្ទ","select_email":"ជ្រើស​អ៊ីមែល","select_recipient":"ជ្រើស​អ្នក​ទទួល","contactsOrderBy":"តម្រៀប​តាម​នាម​ត្រកូល","importSim2":"SIM កាត","importGmail":"Gmail","bluetooth":"ប្ល៊ូធូស","importOutlook":"Outlook","fbUpdateFriends":"ធ្វើ​បច្ចុប្បន្នភាព​មិត្តភ័ក្ដិ​ដែល​បាន​នាំចូល","cleaningFbData":"លុប​ទិន្នន័យ Facebook ចេញ","loggingOutFb":"ចេញ​ពី Facebook","cleanFbConfirmMsg":"លុប​ទិន្នន័យ Facebook ទាំងអស់​ចេញ?","renewPwdMsg":"ពាក្យសម្ងាត់​របស់​អ្នក​នៅ​ក្នុង Facebook ត្រូវ​បាន​ប្ដូរ ។ សូម​ធ្វើ​បច្ចុប្បន្នភាព​វា ។","notEnabledYet":"មិន​ទាន់​បើក​ឲ្យ​ប្រើ​បាន​នៅ​ឡើង​ទេ","genericNoConnection":"ដើម្បី​នាំចូល​ទំនាក់​ទំនង សូម​​ភ្ជាប់​ទៅ​បណ្ដាញ​ Wi-Fi ឬ​​ទិន្នន័យ​ទូរសព្ទ","simCard":"SIM កាត","memoryCard":"កាត​អង្គ​ចងចាំ","simNumber":"SIM {{number}}","setICEButton":"Set ICE Contacts","ICESettingTitle":"ICE Contacts","ICEDescription":"Add two contacts for making “In Case of Emergency” calls.","ICEContact1":"ICE Contact 1","ICESelectContact":"Select a contact","ICEContact2":"ICE Contact 2","create-new":"បង្កើត​ទំនាក់​ទំនង​ថ្មី​មួយ","import-now":"នាំចូល​ទំនាក់ទំនង​របស់​អ្នក​ពី​​ SIM ឬ Facebook","no-contacts":"គ្មាន​ទំនាក់ទំនង","start-adding":"ចាប់ផ្ដើម​បន្ថែម​​វា​ឥឡូវ","notImported":"មិន​បាននាំចូល","imported":"បាននាំចូល","today":"ថ្ងៃ​នេះ","yesterday":"ម្សិលមិញ","organise-contacts":"រៀបចំ​ទំនាក់ទំនង","find-merge-contacts":"រក​ទំនាក់ទំនង​ដែល​ស្ទួន​គ្នា","preparing-contacts":"រៀបចំ​ទំនាក់ទំនង","exportError-SIM-NoFreeRecordFound":"SIM កាត​ពេញ","exportError-SIM-CannotAccessPhoneBook":"មិន​អាច​សូម​ប្រើ​សៀវភៅ​ទូរស័ព្ទ​របស់​ស៊ីម​កាត​បាន​ទេ","exportError-SIM-Unavailable":"រក​មិន​ឃើញ​ SIM","exportError-SIM-GenericError":"កំហុស​បាន​កើត​ឡើង​លក្ខណៈ​ពេល​នាំចេញ​ទំនាក់ទំនង","noSimMsgExport":"ដើម្បី​នាំចេញ​ទំនាក់ទំនង បញ្ចូល ឬ​ដោះ​សោ SIM កាត","noMemoryCardMsgExport":"ដើម្បី​នាំចេញ​​ទំនាក់ទំនង​ សូម​បញ្ចូល​កាត​អង្គ​ចងចាំ","ContactManagementTitle":"ការ​គ្រប់គ្រង​ទំនាក់ទំនង","DeleteTitle":"​លុប​","bulkDeleteButton":"លុប​ទំនាក់ទំនង","BulkDelCancel":"បាន​បោះបង់​ការ​លុប​ទំនាក់ទំនង","DeletedTxt":{"_index":["plural","n"],"_":{"zero":"គ្មាន​ទំនាក់ទំនង​ត្រូវ​លុប","one":"បាន​លុប​ទំនាក់ទំនង 1","two":"បាន​លុប​ទំនាក់ទំនង {{n}}","few":"បាន​លុប​ទំនាក់ទំនង {{n}}","many":"បាន​លុប​ទំនាក់ទំនង {{n}}","other":"បាន​លុប​ទំនាក់ទំនង {{n}}"}},"DeletingContacts":"លុប​ទំនាក់ទំនង","ContactConfirmDel":{"_index":["plural","n"],"_":{"zero":"គ្មាន​ទំនាក់ទំនង​ត្រូវ​លុប","one":"បាន​លុប​ទំនាក់ទំនង 1 ? វា​មិន​អាច​មិន​ធ្វើ​វិញ។","two":"លុប​ទំនាក់ទំនង {{n}} ? វា​មិន​អាច​មិន​ធ្វើ​វិញ​បាន​ទេ។","few":"លុប​ទំនាក់ទំនង {{n}} ? វា​មិន​អាច​មិន​ធ្វើ​វិញ​បាន​ទេ។","many":"លុប​ទំនាក់ទំនង {{n}} ? វា​មិន​អាច​មិន​ធ្វើ​វិញ​បាន​ទេ។","other":"លុប​ទំនាក់ទំនង {{n}} ? វា​មិន​អាច​មិន​ធ្វើ​វិញ​បាន​ទេ។"}},"SelectedTxt":{"_index":["plural","n"],"_":{"zero":"ទំនាក់ទំនង","one":"បាន​ជ្រើស {{n}}","two":"បាន​ជ្រើស {{n}}","few":"បាន​ជ្រើស​ {{n}}","many":"បាន​ជ្រើស {{n}}","other":"បាន​ជ្រើស {{n}}"}},"video":"វីដេអូ","audio":"អូឌីយ៉ូ","pick_destination":"{{ destination }} {{ carrier }}","removeField":{"ariaLabel":"លុប​ចេញ"},"undo":{"ariaLabel":"មិន​ធ្វើ​វិញ"},"back":"ថយក្រោយ","noSimMsg":"ដើម្បីនាំចូលទំនាក់ទំនង បញ្ចូល ឬ​ដោះសោ​ស៊ីមកាត​របស់​អ្នក","noMemoryCardMsg":"ដើម្បី​នាំចូល​ទំនាក់ទំនង បញ្ចូល​កាត​អង្គចងចាំ","importMemoryCard":"កាត​អង្គចងចាំ","noConnection11":"ដើម្បី​នាំចូល​​ទំនាក់ទំនង​ ឬ​មត្តិភ័ក្ដិ​លើ Facebook សូម​ភ្ជាប់បណ្ដាញ​វ៉ាយហ្វាយ ឬ​ទិន្នន័យ","simContacts-import":"នាំចូល​ទំនាក់ទំនង​ស៊ីមកាត","simContacts-importing":"កំពុង​នាំចូល​ទំនាក់ទំនង​ស៊ីមកាត…","simContacts-reading":"កំពុង​អាន​ពី​ស៊ីមកាត…","simContacts-error":"មិន​អាច​នាំចូល​ទំនាក់ទំនង​ពី​ស៊ីម","simContacts-imported3":{"_index":["plural","n"],"_":{"zero":"រក​មិន​ឃើញ​ទំនាក់ទំនង​នៅ​លើ​ស៊ីម​ដើម្បី​នាំចូល​ឡើយ","one":"បាន​នាំចូល​ទំនាក់ទំនង​មួយ","two":"បាន​នាំចូល​ទំនាក់ទំនង {{n}}","few":"បាន​នាំចូល​ទំនាក់ទំនង {{n}}","many":"បាន​នាំចូល​ទំនាក់ទំនង {{n}}","other":"បាន​នាំចូល​ទំនាក់ទំនង {{n}}"}},"memoryCardContacts-import":"នាំចូល​ទំនាក់ទំនង​ពី​កាត​អង្គ​ចងចាំ","memoryCardContacts-importing":"កំពុង​នាំចូល​ទំនាក់ទំនង​ពី​កាត​អង្គ​ចងចាំ…","memoryCardContacts-reading":"កំពុង​អាន​ពី​កាត​អង្គ​ចងចាំ…","memoryCardContacts-error":"មិន​អាច​នាំចូល​ទំនាក់ទំនង​ពី​កាត​អង្គ​ចងចាំ​បាន​ទេ","memoryCardContacts-imported3":{"_index":["plural","n"],"_":{"zero":"រក​មិន​ឃើញ​ទំនាក់ទំនង​នៅ​លើ​កាត​អង្គ​ចងចាំ​ដើម្បី​នាំចូល​បាន​ទេ","one":"បាន​នាំចូល​ទំនាក់ទំនង​មួយ","two":"បាន​នាំចូល​ទំនាក់ទំនង {{n}}","few":"បាន​នាំចូល​ទំនាក់ទំនង {{n}}","many":"បាន​នាំចូល​ទំនាក់ទំនង {{n}}","other":"បាន​នាំចូល​​ទំនាក់ទំនង {{n}}"}},"genericProgress":"{{current}}/{{total}}","facebook-import-msg":{"_index":["plural","imported"],"_":{"zero":"មិន​មាន​មិត្តភ័ក្ដិ​បាន​នាំចូល (ក្រៅ​ពី {{total}})","one":"បាន​នាំចូល​មិត្តភ័ក្ដិ​ម្នាក់ (ក្រៅ​ពី {{total}})","two":"បាន​នាំចូល​មិត្តភ័ក្ដិ {{imported}}/{{total}}","few":"បាន​នាំចូល​មិត្តភ័ក្ដិ {{imported}}/{{total}}","many":"បាន​នាំចូល​មិត្តភ័ក្ដិ {{imported}}/{{total}}","other":"បាន​នាំចូល​មិត្តភ័ក្ដិ {{imported}}/{{total}}"}},"contactsMerged":{"_index":["plural","numDups"],"_":{"zero":"មិន​មាន​ទំនាក់ទំនង​ស្ទួន​​បាន​បញ្ចូល​គ្នា​ឡើយ","one":"បាន​បញ្ចូល​គ្នា​ទំនាក់ទំនង​ស្ទួន​​​មួយ​","two":"បាន​បញ្ចូល​ទំនាក់ទំនង {{numDups}}","few":"បាន​បញ្ចូល​ទំនាក់ទំនង {{numDups}}","many":"បាន​បញ្ចូល​គ្នា​ទំនាក់ទំនង {{numDups}}","other":"បាន​បញ្ចូល​គ្នា​ទំនាក់ទំនង {{numDups}} "}},"weekday-0-long":"អាទិត្យ","weekday-1-long":"ច័ន្ទ","weekday-2-long":"អង្គារ","weekday-3-long":"ពុធ","weekday-4-long":"ព្រហស្បតិ៍","weekday-5-long":"សុក្រ","weekday-6-long":"សៅរ៍","weekday-0-short":"អាទិត្យ","weekday-1-short":"ច័ន្ទ","weekday-2-short":"អង្គារ","weekday-3-short":"ពុធ","weekday-4-short":"ព្រហស្បតិ៍","weekday-5-short":"សុក្រ","weekday-6-short":"សៅរ៍","month-0-long":"មករា","month-1-long":"កុម្ភៈ","month-2-long":"មីនា","month-3-long":"មេសា","month-4-long":"ឧសភា","month-5-long":"មិថុនា","month-6-long":"កក្កដា","month-7-long":"សីហា","month-8-long":"កញ្ញា","month-9-long":"តុលា","month-10-long":"វិច្ឆិកា","month-11-long":"ធ្នូ","month-0-genitive":"មករា","month-1-genitive":"កុម្ភៈ","month-2-genitive":"មីនា","month-3-genitive":"មេសា","month-4-genitive":"ឧសភា","month-5-genitive":"មិថុនា","month-6-genitive":"កក្កដា","month-7-genitive":"សីហា","month-8-genitive":"កញ្ញា","month-9-genitive":"តុលា","month-10-genitive":"វិច្ឆិកា","month-11-genitive":"ធ្នូ","month-0-short":"មករា","month-1-short":"កុម្ភៈ","month-2-short":"មីនា","month-3-short":"មេសា","month-4-short":"ឧសភា","month-5-short":"មិថុនា","month-6-short":"កក្កដា","month-7-short":"សីហា","month-8-short":"កញ្ញា","month-9-short":"តុលា","month-10-short":"វិច្ឆិកា","month-11-short":"ធ្នូ","minutes-ago-long":{"_index":["plural","value"],"_":{"zero":"អម្បាញ់មិញនេះ","one":"មួយ​នាទី​មុន","two":"{{value}} នាទី​មុន","few":"{{value}} នាទី​មុន","many":"{{value}} នាទី​មុន","other":"{{value}} នាទី​មុន"}},"hours-ago-long":{"_index":["plural","value"],"_":{"zero":"អម្បាញ់មិញនេះ","one":"មួយ​ម៉ោង​មុន","two":"{{value}} ម៉ោង​មុន","few":"{{value}} ម៉ោង​មុន","many":"{{value}} ម៉ោង​មុន","other":"{{value}} ម៉ោង​មុន"}},"days-ago-long":{"_index":["plural","value"],"_":{"zero":"ថ្ងៃ​នេះ","one":"ម្សិលមិញ","two":"{{value}} ថ្ងៃ​មុន","few":"{{value}} ថ្ងៃ​មុន","many":"{{value}} ថ្ងៃ​មុន","other":"{{value}} ថ្ងៃ​មុន"}},"weeks-ago-long":{"_index":["plural","value"],"_":{"zero":"សប្ដាហ៍​នេះ","one":"សប្ដាហ៍​មុន","two":"{{value}} សប្ដាហ៍​មុន","few":"{{value}} សប្ដាហ៍​មុន","many":"{{value}} សប្ដាហ៍​មុន","other":"{{value}} សប្ដាហ៍​មុន"}},"months-ago-long":{"_index":["plural","value"],"_":{"zero":"ខែ​នេះ","one":"ខែ​មុន","two":"{{value}} ខែ​មុន","few":"{{value}} ខែ​មុន","many":"{{value}} ខែ​មុន","other":"{{value}} ខែ​មុន"}},"years-ago-long":{"_index":["plural","value"],"_":{"zero":"ឆ្នាំនេះ","one":"ឆ្នាំ​មុន","two":"{{value}} ឆ្នាំ​មុន","few":"{{value}} ឆ្នាំ​មុន","many":"{{value}} ឆ្នាំ​មុន","other":"{{value}} ឆ្នាំ​មុន"}},"minutes-until-long":{"_index":["plural","value"],"_":{"zero":"ឥឡូវ","one":"ក្នុង​ពេល​មួយ​នាទី","two":"ក្នុង​ពេល {{value}} នាទី","few":"ក្នុង​ពេល {{value}} នាទី","many":"ក្នុង​ពេល​ {{value}} នាទី​","other":"ក្នុង​ពេល {{value}} នាទី"}},"hours-until-long":{"_index":["plural","value"],"_":{"zero":"ឥឡូវ","one":"ក្នុង​រយៈពេល​១​ម៉ោង","two":"ក្នុង​ពេល​​ {{value}} ម៉ោង","few":"ក្នុង​ពេល​​ {{value}} ម៉ោង","many":"ក្នុង​ពេល​​ {{value}} ម៉ោង","other":"ក្នុង​ពេល​​ {{value}} ម៉ោង"}},"days-until-long":{"_index":["plural","value"],"_":{"zero":"ថ្ងៃ​នេះ","one":"ថ្ងៃស្អែក","two":"ក្នុង​ពេល​​ {{value}} ថ្ងៃ","few":"ក្នុង​ពេល​​ {{value}} ថ្ងៃ","many":"ក្នុង​ពេល​​ {{value}} ថ្ងៃ","other":"ក្នុង​ពេល​​ {{value}} ថ្ងៃ"}},"weeks-until-long":{"_index":["plural","value"],"_":{"zero":"សប្ដាហ៍​នេះ","one":"សប្ដាហ៍​ក្រោយ","two":"ក្នុង​ពេល {{value}} សប្ដាហ៍","few":"ក្នុង​ពេល {{value}} សប្ដាហ៍","many":"ក្នុង​ពេល {{value}} សប្ដាហ៍","other":"ក្នុង​ពេល {{value}} សប្ដាហ៍"}},"months-until-long":{"_index":["plural","value"],"_":{"zero":"ខែ​នេះ","one":"ខែ​ក្រោយ","two":"ក្នុង​ពេល {{value}} ខែ","few":"ក្នុង​ពេល {{value}} ខែ","many":"ក្នុង​ពេល {{value}} ខែ","other":"ក្នុង​ពេល {{value}} ខែ"}},"years-until-long":{"_index":["plural","value"],"_":{"zero":"ឆ្នាំនេះ","one":"ឆ្នាំ​ក្រោយ","two":"ក្នុង​ពេល {{value}} ឆ្នាំ","few":"ក្នុង​ពេល {{value}} ឆ្នាំ","many":"ក្នុង​ពេល {{value}} ឆ្នាំ","other":"ក្នុង​ពេល {{value}} ឆ្នាំ"}},"minutes-ago-short":{"_index":["plural","value"],"_":{"zero":"អម្បាញ់មិញនេះ","other":"{{value}}នាទី​មុន"}},"hours-ago-short":{"_index":["plural","value"],"_":{"zero":"អម្បាញ់មិញនេះ","other":"{{value}}ម៉ោង​មុន"}},"days-ago-short":{"_index":["plural","value"],"_":{"zero":"ថ្ងៃ​នេះ","other":"{{value}}ថ្ងៃ​មុន"}},"minutes-until-short":{"_index":["plural","value"],"_":{"zero":"ឥឡូវ","other":"ក្នុង​ពេល {{value}}នាទី"}},"hours-until-short":{"_index":["plural","value"],"_":{"zero":"ឥឡូវ","other":"ក្នុង​ពេល {{value}}ម៉ោង"}},"days-until-short":{"_index":["plural","value"],"_":{"zero":"ថ្ងៃ​នេះ","other":"ក្នុង​ពេល {{value}}ថ្ងៃ"}},"incorrectDate":"(កាលបរិច្ឆេទ​មិន​ត្រឹមត្រូវ)","dateTimeFormat_%c":"%a %b %e %Y %I:%M:%S %p","dateTimeFormat_%x":"%m/%d/%Y","dateTimeFormat_%X":"%I:%M:%S %p","shortTimeFormat":"%I:%M %p","shortDateTimeFormat":"%x %I:%M %p","weekStartsOnMonday":"0","time_am":"ព្រឹក","time_pm":"PM","sim-picker-dial-via-with-number":"ហៅ​លេខ {{ phoneNumber }} តាមរយៈ","sim-picker-select-sim":"ជ្រើស SIM","sim-picker-button":"SIM{{ n }}","sim-picker-button-default":"(លំនាំដើម)","label":"ស្លាក","mobile":"ចល័ត","home":"ផ្ទះ","work":"កន្លែង​ធ្វើការ","personal":"ផ្ទាល់​ខ្លួន","faxHome":"ទូរសារ​​នៅ​ផ្ទះ","faxOffice":"ទូរសារ​នៅ​ការិយាល័យ","faxOther":"ទូរសារ​ផ្សេង​ទៀត","another":"ផ្សេង","other":"ផ្សេង​ទៀត","customTag":{"placeholder":"ស្លាក​ផ្ទាល់ខ្លួន"},"current":"បច្ចុប្បន្ន","itemWithLabel":"{{label}}, {{item}}","waitDuplicateContacts":"រក​មើល​ទំនាក់ទំនង​ដែល​ស្ទួន​គ្នា","waitMergingDuplicateContacts":"បញ្ចូល​ទំនាក់ទំនង​ស្ទួន​គ្នា​ចូលគ្នា","alertNoDuplicateContacts":"រក​មិន​ឃើញ​ទំនាក់​ទំនង​ដែល​​ស្ទួន​គ្នា","merge":"បញ្ចូល​ចូលគ្នា","mergeDuplicateTitle":"បញ្ចូល​ឈ្មោះ​ស្ទួន​គ្នា","suggestedDuplicateContacts":"បាន​​ស្នើ​ទំនាក់ទំនង​ដែល​ស្ទួន​នឹង {{name}}","mergeActionButtonLabel":{"_index":["plural","n"],"_":{"zero":"គ្មាន​ទំនាក់ទំនង​បាន​ជ្រើស","one":"បញ្ចូល​ទំនាក់ទំនង {{n}} ចូល​គ្នា","two":"បញ្ចូល​ទំនាក់ទំនង {{n}} ចូល​គ្នា","few":"បញ្ចូល​ទំនាក់ទំនង {{n}} ចូល​គ្នា","many":"បញ្ចូល​ទំនាក់ទំនង {{n}} ចូល​គ្នា","other":"បញ្ចូល​ទំនាក់ទំនង {{n}} ចូល​គ្នា"}},"duplicatesFoundTitle":"រក​ឃើញ​​ភាព​ស្ទួន​គ្នា","duplicatesFoundMessage":"{{name}} មាន​ព័ត៌មាន​ស្ទួន​គ្នា​នៅ​ក្នុង​ទំនាក់ទំនង​ខាងក្រោម​នេះ","addNewNumber":"បន្ថែម​លេខ​ថ្មី","addToExistingContact":"បន្ថែម​ទៅ​ទំនាក់ទំនង​ដែល​មាន","all":{"_":"ទាំងអស់","ariaLabel":"ទាំងអស់"},"callLog":"កំណត់​ត្រា​ការ​ហៅ","callLogEdit":{"title":"កែ​កំណត់​ហេតុ​ការ​ហៅ"},"callLogEditDialog":{"ariaLabel":"កែ​ប្រអប់​កំណត់​ហេតុ​ការ​ហៅ"},"connecting":"តភ្ជាប់","cf-async":"ដែល​មិន​ស៊ី​សង្វាក់៖ {{ async }}\\n","cf-data":"ទិន្នន័យ៖ {{ data }}\\n","cf-error":"មាន​កំហុស​​បាន​កើត​ឡើង​អំឡុង​ពេល​ទៅ​រក​ស្ថានភាព​ការ​ហៅ​បញ្ជូន​បន្ត","cf-fax":"FAX: {{ fax }}\\n","cf-inactive":"អសកម្ម","cf-packet":"កញ្ចប់ ៖ {{ packet }}\\n","cf-pad":"PAD: {{ pad }}\\n","cf-sms":"SMS: {{ sms }}\\n","cf-status":"ស្ថានភាព​ការ​ហៅ​បញ្ជូន​បន្ត\\n","cf-sync":"នៅ​ពេល​ជាមួយ​គ្នា៖ {{ sync }}\\n","cf-voice":"សំឡេង៖ {{ voice }}\\n","confirm-deletion":"សម្អាត​ការ​ហៅ​ដែល​បាន​ជ្រើស?","createNewContact":"បង្កើត​ទំនាក់​ទំនង​ថ្មី","dialerAddContact":{"ariaLabel":"បន្ថែម​ទំនាក់ទំនង​"},"dialerAddContactDialog":{"ariaLabel":"បន្ថែម​ប្រអប់​ទំនាក់ទំនង"},"edit-selected":{"_index":["plural","n"],"_":{"one":"បាន​ជ្រើស {{ n }}","two":"បាន​ជ្រើស {{ n }}","few":"បាន​ជ្រើស {{ n }}","many":"បាន​ជ្រើស {{ n }}","other":"បាន​ជ្រើស {{ n }}"}},"hideKeypad":{"ariaLabel":"លាក់​ក្ដារចុច"},"ignore":"មិន​អើ​ពើ​ការ​ហៅ","incoming":"ហៅ​ចូល","keypad":{"ariaLabel":"ក្ដារចុច"},"makeCall":{"ariaLabel":"ហៅ"},"missed":{"_":"ខកខាន​ទទួល","ariaLabel":"ខកខាន​ទទួល"},"missedCall":"ខកខាន​ទទួល","missedCallMultiSims":"(SIM {{ n }}) ខកខាន​ការ​ទទួល","mmi-error":"កំហុស​បាន​កើតឡើង ខណៈ​ពេល​ផ្ញើ​សារ","mmi-session-expired":"សម័យ​បាន​ផុត​កំណត់","mmi-successfully-sent":"បាន​ផ្ញើ​សារ​ដោយ​ជោគជ័យ","mmi-notification-title-with-sim":"({{sim}}) {{title}}","mute":{"ariaLabel":"ស្ងាត់"},"newCall":{"ariaLabel":"ហៅ​ថ្មី"},"no-logs-msg-1":"មិន​បាន​កត់ត្រា​ការ​ហៅ","no-logs-msg-2":"ចាប់ផ្ដើម​​ទាក់ទង​ឥឡូវ","no-logs-msg-3":"គ្មាន​ការ​ហៅ​ដែល​ខកខាន","recents":{"ariaLabel":"ការ​ហៅ​ថ្មីៗ"},"reply":"ឆ្លើយតប","send":"ផ្ញើ","switch-calls":"ប្ដូរ​ការហៅ","withheld-number":"លេខ​មិន​អនុញ្ញាត​ឲ្យ","from-contact":"ពី {{ contact }}","from-number":"ពី {{ number }}","from-withheld-number":"ពី​លេខ​មិន​អនុញ្ញាត​ឲ្យ","sending":"កំពុង​ផ្ញើ…","speakerOption":{"ariaLabel":"អូប៉ាល័រ​"},"ussd-services":"សេវាកម្ម {{ operator }}","toggleKeypad":{"ariaLabel":"បិទ/បើក​ ក្ដារចុច​"},"type-your-response":{"placeholder":"បញ្ចូល​ការ​ឆ្លើយតប​របស់​អ្នក..."},"clear-all-text":"សម្អាត​អត្ថបទ​ទាំងអស់","hide":"លាក់","hold":{"ariaLabel":"រង់ចាំ"},"resume":{"_":"បន្ត","ariaLabel":"បន្ត"},"sendSms":"ផ្ញើសារ","callEnded":"បញ្ចប់​ការ​ហៅ","via-sim":"តាម​រយៈ SIM{{ n }}","sim-number":"SIM{{ n }}","hangup-a11y-button":{"ariaLabel":"ដាក់​ទូរស័ព្ទ​ចុះ"},"pickup-a11y-button":{"ariaLabel":"លើក​ទូរស័ព្ទ"},"unlock-a11y-button":{"ariaLabel":"គ្រាប់​រំកិល"},"roaming":"{{operator}} (Roaming)","delete-n-log?":{"_index":["plural","n"],"_":{"zero":"គ្មានអ្វី​បាន​ជ្រើស","one":"លុប​កំណត់​ហេតុ​បាន​ជ្រើស?","two":"លុប​កំណត់​ហេតុ {{ n }} ?","few":"លុប​កំណត់​ហេតុ {{ n }} ?","many":"លុប​កំណត់ហេតុ {{ n }} ?","other":"លុប​កំណត់​ហេតុ {{ n }} ?"}},"callDurationMinutes":"{{ m }}:{{ s }}","callDurationHours":"{{ h }}:{{ m }}:{{ s}}","suggestionMatches":{"_index":["plural","n"],"_":{"one":"{{ n }} ត្រូវ​គ្នា​​នឹង \"{{ matchNumber }}\"","two":"{{ n }} ត្រូវ​គ្នា​នឹង \"{{ matchNumber }}\"","few":"{{ n }} ត្រូវ​គ្នា​នឹង \"{{ matchNumber }}\"","many":"{{ n }} ត្រូវ​គ្នា​នឹង \"{{ matchNumber }}\"","other":"{{ n }} ត្រូវ​គ្នា​នឹង \"{{ matchNumber }}\""}},"scCallBarring":"បង្ខាំងទុក​ការហៅ","scCallForwarding":"បញ្ជូន​ការហៅ","scClip":"លេខ​សម្គាល់​អ្នក​ហៅ​ចូល","scClir":"លេខ​សម្គាល់​អ្នក​ហៅ​ចេញ","scPwd":"ផ្លាស់ប្ដូរ​ពាក្យ​សម្ងាត់","scCallWaiting":"រង់ចាំ​ការ​ហៅ","scPin":"ផ្លាស់ប្ដូរ PIN","scPin2":"ផ្លាស់ប្ដូរ PIN2","scPuk":"បើក​លេខ​កូដ PIN","scPuk2":"ដោះលេខកូដ PIN2","scImei":"IMEI","scUssd":"USSD","serviceClassVoice":"សំឡេង","serviceClassData":"ទិន្នន័យ","serviceClassFax":"FAX","serviceClassSms":"សារ​ខ្លី SMS","serviceClassDataSync":"ធ្វើ​សមកាលកម្ម","serviceClassDataAsync":"មិន​សមកាល","serviceClassPacket":"ហោប៉ៅ","serviceClassPad":"PAD","smServiceEnabled":"បើក​ឲ្យ​ប្រើប្រាស់​សេវាកម្ម","smServiceDisabled":"បិទ​ការ​ប្រើប្រាស់​សេវាកម្ម","smServiceRegistered":"ការ​ចុះឈ្មោះ​​បាន​​ជោគជ័យ","smServiceErased":"ការ​លុប​​ជោគជ័យ","smServiceInterrogated":"សំណើរ​ដោយ​ជោគជ័យ","smServiceNotProvisioned":"សេវាកម្ម​ដែល​មិន​បាន​ផ្ដល់","smClirPermanent":"អ្នក​មិន​អាច​ផ្លាស់ប្ដូរ​ការ​កំណត់​លេខ​សម្គាល់​អ្នក​ហៅ​បាន​ទេ","smClirDefaultOnNextCallOn":"លេខ​សម្គាល់​​អ្នក​ហៅ​លំនាំដើម​ត្រូវ​បាន​ដាក់​កម្រិត។ ការ​ហៅ​បន្ទាប់៖ បាន​ដាក់​កម្រិត","smClirDefaultOnNextCallOff":"លេខ​សម្គាល់​​អ្នក​ហៅ​លំនាំដើម​ត្រូវ​បាន​ដាក់​កម្រិត។ ការ​ហៅ​បន្ទាប់៖ មិន​ត្រូវ​បាន​ដាក់​កម្រិត","smClirDefaultOffNextCallOn":"លេខ​សម្គាល់​អ្នក​ហៅ​លំនាំដើម​មិន​ត្រូវ​បាន​ដាក់​កម្រិត។ ការ​ហៅ​បន្ទាប់៖ បាន​ដាក់​កម្រិត","smClirDefaultOffNextCallOff":"លេខ​សម្គាល់​​អ្នក​ហៅ​លំនាំដើម​មិន​ត្រូវ​បាន​ដាក់​កម្រិត។ ការ​ហៅ​បន្ទាប់៖ មិន​ត្រូវ​បាន​ដាក់​កម្រិត","smServiceEnabledFor":"សេវាកម្ម​ត្រូវ​បាន​បើក​សម្រាប់៖","smPinChanged":"បាន​ប្ដូរ​កូដ PIN ដោយ​ជោគជ័យ","smPinUnblocked":"បាន​ដោះ​សោ​កូដ​ PIN ដោយ​ជោគជ័យ","smPin2Changed":"បាន​ប្ដូរ​កូដ PIN2 ដោយ​ជោគជ័យ","smPin2Unblocked":"បាន​ដោះ​សោ​កូដ PIN2 ដោយ​ជោគជ័យ","ServiceIsEnabled":"Service is enabled","ServiceIsDisabled":"Service is disabled","ServiceIsEnabledFor":"Service is enabled for:","emMmiError":"មាន​បញ្ហា​ការ​តភ្ជាប់ ឬ​កូដ MMI មិន​ត្រឹមត្រូវ","emMmiErrorPasswordIncorrect":"ពាក្យ​​សម្ងាត់​​មិន​​ត្រឹម​​ត្រូវ","emMmiErrorNotSupported":"កូដ MMI មិន​គាំទ្រ ឬ​មិន​ត្រឹមត្រូវ","emMmiErrorInvalidAction":"សកម្មភាព​មិន​ត្រឹមត្រូវ","emMmiErrorInvalidScCode":"កូដ​សេវាកម្ម​​មិន​ត្រឹមត្រូវ","emMmiErrorBadPuk":"PUK ដែល​អ្នក​បាន​​បញ្ចូល​មិន​ត្រឹមត្រូវ","emMmiErrorBadPin":"កូដ PIN ចាស់​ដែល​អ្នក​បាន​បញ្ចូល​មិន​ត្រឹមត្រូវ។","emMmiErrorNeedPuk2":"វាយ​កូដ PUK2 ដើម្បី​ដោះ​សោ​​ SIM ​កាត","emMmiErrorMismatchPin":"កូដ PINs ដែល​អ្នក​បាន​បញ្ចូល​មិន​ផ្គូផ្គង","emMmiErrorInvalidPin":"បញ្ចូល​កូដ PIN ដែល​មាន​លេខ 4 ដល់ 8","emMmiErrorNeedsPuk":"SIM កាត​របស់​​អ្នក​ គឺ​​បាន​បិទ PUK","emMmiErrorEnablePin":"បរាជ័យ។ បើក​ដំណើរការ SIM/RUIM LOCK","emMmiErrorMmiFdn":"ប្រតិបត្តិការ​ត្រូវ​បាន​ដាក់​កម្រិត​ចំពោះ​លេខ​ហៅ​ថេរ​ប៉ុណ្ណោះ","emMmiErrorStkCcUssdDial":"សំណើ USSD ត្រូវ​បាន​កែប្រែ​ទៅ​សំណើ DIAL","emMmiErrorStkCcUssdSs":"សំណើ USSD ត្រូវ​បាន​កែប្រែ​ទៅ​សំណើ SS","emMmiErrorStkCcUssdUssd":"សំណើ USSD ត្រូវ​បាន​កែប្រែ​ទៅ​សំណើ USSD ថ្មី","emMmiErrorStkCcSsDial":"សំណើ SS ត្រូវ​បាន​កែប្រែ​ទៅ​សំណើ DIAL","emMmiErrorStkCcSsUssd":"សំណើ SS ត្រូវ​បាន​កែប្រែ​ទៅ​សំណើ USSD","emMmiErrorStkCcSsSs":"សំណើ SS ត្រូវ​បាន​កែប្រែ​ទៅ​សំណើ SS ថ្មី","emMmiErrorPinPukAttempts":{"_index":["plural","n"],"_":{"one":"Only {{ n }} retry left","two":"{{ n }} retries left","few":"{{ n }} retries left","many":"{{ n }} retries left","other":"{{ n }} retries left"}},"emMmiErrorSimBlocked":"បាន​ហួស​កំណត់​ចំនួន​ការ​ព្យាយាម​អតិបរមា​។ បាន​បិទ SIM","RadioNotAvailable":"គ្មាន​វិទ្យុ","GenericFailure":"កំហុស​ទូទៅ","PasswordIncorrect":"ពាក្យសម្ងាត់​មិន​ត្រឹមត្រូវ","SimPin2":"SIM PIN2","SimPuk2":"SIM PUK2","RequestNotSupported":"សំណើ​មិន​ត្រូវ​បាន​គាំទ្រ","OpNotAllowedDuringVoiceCall":"ប្រតិបត្តិការ​មិន​ត្រូវ​បាន​អនុញ្ញាត​អំឡុង​ពេល​ហៅ​ជា​សំឡេង","SmsSendFailRetry":"បរាជ័យ​ក្នុង​ការ​ផ្ញើ​សារ SMS ព្យាយាម​ម្ដងទៀត","SimAbsent":"អវត្តមាន SIM","SubscriptionNotAvailable":"គ្មាន​ការ​ជាវ","ModeNotSupported":"មិន​គាំទ្រ​វិធី","FdnCheckFailure":"ភាព​បរាជ័យ​ការ​ពិនិត្យមើល Fdn","IllegalSimOrMe":"SIM ឬ ME មិន​ស្របច្បាប់","DialModifiedToUssd":"បាន​កែប្រែ​ចុច​ទៅ USSD","DialModifiedToSs":"បាន​កែប្រែ​ចុច​ទៅ SS","DialModifiedToDial":"បាន​កែប្រែ​ចុច​ទៅ​បន្ទះ​លេខ","UssdModifiedToDial":"បាន​កែប្រែ USSD ដើម្បី​ចុច","UssdModifiedToSs":"បាន​កែប្រែ USSD ទៅ","UssdModifiedToUssd":"USSD បាន​កែប្រែ​ទៅ USSD","SsModifiedToDial":"SS បាន​កែប្រែ​ទៅ​បន្ទះ​ចុច","SsModifiedToUssd":"SS បាន​កែប្រែ​ទៅ USSD","SsModifiedToSs":"SS បាន​កែប្រែ​ទៅ SS","SubscriptionNotSupported":"ការ​ជាវ​មិន​ត្រូវ​បាន​គាំទ្រ","InvalidParameter":"ប៉ារ៉ាម៉ែត្រ​មិន​ត្រឹមត្រូវ","RejectedByRemote":"បាន​បដិសេធ​ពី​ចម្ងាយ","conferenceCall":"សន្និសីទ ({{n}})","caller-left-call":"{{ caller }} បាន​ចេញ​ពី​ការហៅ។","conferenceAddError":"មិន​អាច​បញ្ចូល​ការ​ហៅ​ចូល​គ្នា","conferenceRemoveError":"មិន​អាច​មិន​បញ្ចូល​ការ​ហៅ​ចូល​គ្នា","longDateFormat":"%A, %B %e","select-audio-sources":"ជ្រើស​ប្រភព​អូឌីយ៉ូ","bluetooth-handsfree-device":"ឧបករណ៍​មិន​ប្រើ​ដៃ​សម្រាប់ប៊្លូធូស","receiver":"អ្នកទទួល","speaker":"អូប៉ាល័រ​","voicemailNoNumberTitle":"មិនមាន​លេខ​សារ​ជា​សំឡេង","voicemailNoNumberText":"មិន​អាច​ហៅ​សារ​ជា​សំឡេង។ រៀបចំ​លេខ​សារ​ជា​សំឡេង​ដើម្បី​ធ្វើការហៅ​ចេញ។","voicemailNoNumberSettings":"ការ​កំណត់","voicemailNoNumberCancel":"បោះ​បង់","phoneNumberInput":{"ariaLabel":"លេខ​ទូរស័ព្ទ"},"keypadDelete":{"ariaLabel":"​លុប​"},"voiceMailKey":{"ariaLabel":"សារ​ជា​សំឡេង"},"asterisk":{"ariaLabel":"Asterisk"},"hashSign":{"ariaLabel":"សញ្ញា #"}}