{"close":"닫기","import":"가져오기","update":"업데이트","fbFriends":"Facebook 친구","live-serviceName":"Windows Live","gmail-serviceName":"Gmail","facebook-serviceName":"Facebook 친구","selectAll":"모두 선택","deselectAll":"모두 선택 해제","viewAll":"Facebook 친구 모두 보기","viewRecommend":"추천하는 친구만 보기","linkProposal":{"_index":["plural","numFriends"],"_":{"zero":"일치하는 친구가 없습니다. 모두 보기","one":"추천한 친구 한 명 선택","two":"추천한 친구 선택","few":"추천한 친구 선택","many":"추천한 친구 선택","other":"추천한 친구 선택"}},"fbFriendsFound":{"_index":["plural","numFriends"],"_":{"zero":"친구를 모두 가져왔습니다.","one":"가져올 수 있는 친구 한 명 찾음","two":"가져올 수 있는 친구 {{numFriends}}명 찾음","few":"가져올 수 있는 친구 {{numFriends}}명 찾음","many":"가져올 수 있는 친구 {{numFriends}}명 찾음","other":"가져올 수 있는 친구 {{numFriends}}명 찾음"}},"fbNoFriends":"No contacts available to import","facebook":"Facebook","search-contact":{"placeholder":"찾기"},"noResults":"연락처로 찾지 못함","done-search":"완료","progressFB3ImportTitle":"연락처로 친구 목록 가져오기","progressFB":"{{current}}/{{total}}","progressFB3UpdateTitle":"연락처에서 친구 목록 업데이트","message2":"몇 분 정도 걸릴 수 있습니다","messageLinking":"친구와 연락처를 연결하고 있습니다. 잠시만 기다려 주십시오.","messageCanceling":"처리중인 작업을 취소하고 있는 중입니다. 잠시만 기다려 주십시오.","error1":"{{from}} 오류","error2":"다시 시도하시겠습니까?","errorProposal":"제안을 계산하는 중","errorFriends":"친구를 검색하는 중","errorLinking":"연락처 연결 중","timeout1":"{{from}} 제한 시간 초과","timeout2":"다시 시도하시겠습니까?","timeoutProposal":"제안을 계산하는 중","timeoutFriends":"친구를 검색하는 중","timeoutLinking":"연락처 연결 중","wait1":"잠시 기다리십시오","wait2":"몇 분 정도 걸릴 수 있습니다","waitProposal":"제안을 계산하고 있습니다. 잠시만 기다려 주십시오.","waitFriends":"친구 목록을 받아오기 위해 연결하고 있습니다. 잠시만 기다려 주십시오.","curtainCancel":"취소","curtainRetry":"다시 시도","curtainOK":"확인","connectionLost":"인터넷 연결 안됨","connectionLostMsg":"친구 사진을 연락처에 추가할 수 없습니다. 계속하시겠습니까?","yesOption":"확인","noOption":"취소","friendsUpdated":{"_index":["plural","numFriends"],"_":{"zero":"업데이트된 친구 없음","one":"친구 한 명 업데이트","two":"친구 {{numFriends}}명 업데이트","few":"친구 {{numFriends}}명 업데이트Updated {{numFriends}} friends","many":"친구 {{numFriends}}명 업데이트","other":"친구 {{numFriends}}명 업데이트"}},"friendsMerged":{"_index":["plural","numDups"],"_":{"zero":"병합된 친구 없음","one":"친구 한 명 병함됨","two":"친구 {{numDups}}명 병합됨","few":"친구 {{numDups}}명 병합됨","many":"친구 {{numDups}}명 병합됨","other":"친구 {{numDups}}명 병합됨"}},"notificationLogin":"Facebook 세션이 유효하지 않습니다. 로그인해 주십시오.","syncError":"친구의 데이터와 동기화하다 오류가 발생함","callAirplaneModeMessage":"비행기 모드를 비활성화하면 통화를 할 수 있습니다.","callAirplaneModeBtnOk":"예","callAirplaneModeTitle":"비행기 모드 활성화됨","numberIsBusyTitle":"통화중","numberIsBusyMessage":"현재 통화중입니다. 잠시 후에 다시 시도해 주세요.","fdnIsActiveTitle":"FDN 활성화","fdnIsActiveMessage":"FDN(승인 전화 목록)이 활성화 되었고 다음 전화 번호는 FDN 목록에 없습니다: {{ number }}","voiceMail":"음성메일","emergencyNumber":"긴급 전화번호","emergencyDialogBodyBadNumber":"네트워크에 연결되어 있어야 통화를 할 수 있습니다.","emergencyDialogBodyDeviceNotAccepted":"이 네트워크에서는 비상 통화가 되지 않습니다.","emergencyDialogBtnOk":"예","emergencyDialogTitle":"네트워크 연결 없음","invalidNumberToDialTitle":"유효하지 않은 전화 번호","invalidNumberToDialMessage":"전화 번호가 유효하지 않습니다.","unableToCallTitle":"전화 걸기 실패","unableToCallMessage":"전화를 걸 수 없습니다. 거는 중이라면 끊으셔야 합니다.","otherConnectionInUseTitle":"기존 통화 사용 중","otherConnectionInUseMessage":"기존에 통화가 아직 진행중입니다. 한번에 한 통화만 가능합니다.","add":"추가","call":"통화","edit":"편집","cancel":"취소","done":"완료","ok":"확인","retry":"다시 시도","contacts":"연락처","addContact":"연락처 추가","deleteContact":"연락처 삭제","selectContact":"연락처 선택","editContact":"연락처 편집","deleteConfirmMsg":"연락처를 삭제하시겠습니까?","remove":"삭제","delete":"삭제","comments":"메모","no_contact_phones":"전화번호 없음","no_contact_email":"이메일 주소 없음","no_contact_data":"This contact does not have a phone number and email address","removePhotoConfirm":"연락처 사진을 삭제하시겠습니까?","loadingContacts":"연락처를 읽어들이는 중…","noContactsActivity":"연락처 목록이 비어 있어 추가할 수 없음","noName":"이름 없음","givenName":{"placeholder":"이름"},"familyName":{"placeholder":"성"},"tel":{"placeholder":"전화"},"carrier":{"_":"통신사","placeholder":"통신사"},"separator":",","email":{"_":"이메일","placeholder":"이메일"},"streetAddress":{"placeholder":"주소"},"postalCode":{"placeholder":"우편번호"},"locality":{"placeholder":"도시"},"countryName":{"placeholder":"국가"},"comment":{"placeholder":"메모"},"org":{"placeholder":"회사"},"date":{"_":"날짜","placeholder":"날짜"},"date-span-placeholder":"날짜","birthday":"생일","dateFormat":"%B %e일","dateOutput":"{{dayMonthFormatted}} {{year}}","anniversary":"기념일","addPhoto":"사진 추가","addPhone":"전화 추가","addEmail":"이메일 추가","addAddress":"주소 추가","addDate":"날짜 추가","addComment":"메모 추가","addFavorite":"즐겨찾기에 추가","removeFavorite":"즐겨찾기에서 제외","exit":"나가기","expand":"펼치기","labelName":"이름:","labelLastName":"성:","labelPhoneNumber":"전화번호:","labelCarrier":"통신사:","labelEmail":"이메일:","labelStreet":"주소:","labelZip":"우편번호:","labelCity":"도시:","labelCountry":"국가:","labelComment":"메모:","legendTitleMain":"기본 정보","legendPhones":"전화번호","legendEmail":"이메일 주소","legendAddress":"주소","legendPhoto":{"ariaLabel":"Photo"},"settings":"설정","transferContactsTitle":"연락처 보내기","importContactsTitle":"연락처 가져오기","importContactsButton":"연락처 가져오기","exportContactsTitle":"연락처 내보내기","exportContactsButton":"연락처 내보내기","exportContactsAction":"내보내기","simExport-title":"SIM으로 내보내기","sdExport-title":"SD 카드로 내보내기","btExport-title":"블루투스로 내보내기","sdUMSEnabled":"USB 저장소가 활성화되어서 SD 카드 사용할 수 없음","exportErrorTitle":"내보내기 오류","contactsExported2":{"_index":["plural","exported"],"_":{"zero":"내보낼 연락처 없음","one":"{{exported}}/{{total}} 연락처 내보냄","two":"{{exported}}/{{total}} 연락처 내보냄","few":"{{exported}}/{{total}} 연락처 내보냄","many":"{{exported}}/{{total}} 연락처 내보냄","other":"{{exported}}/{{total}} 연락처 내보냄"}},"exportError-general":"내보내는 중 오류 발생","exportError-SD-shared":"메모리 카드가 공유되어 있어서 접근 할 수 없음","exportError-SD-unavailable":"메모리 카드를 사용할 수 없음","exportError-SD-noSpace":"메모리 카드에 연락처를 내보낼 수 있는 충분한 용량이 없음","exportError-SIM-unavailable":"SIM 카드를 사용할 수 없음","exportError-BT-shared":"메모리 카드가 공유되어 있어서 접근 할 수 없음","exportError-BT-unavailable":"메모리 카드를 사용할 수 없음","exportError-BT-noSpace":"메모리 카드에 연락처를 내보낼 수 있는 충분한 용량이 없음","social-network":"소셜 네트워크","social-link":"연락처 연결","social-unlink":"연락처 연결 끊기","social-unlink-confirm-title":"친구와의 연결을 끊겠습니까?","social-unlink-confirm-accept":"끊기","facebook-import":"Facebook 친구 가져오기","show-fb-profile":"Facebook 프로필 보기","msg-send":"메시지","wall-post":"담벼락","facebook-export-forbidden":"Facebook 규정으로 인해 연락처를 공유할 수 없습니다.","otherAccount":"다른 계정","facebookSwitchMsg":"친구 목록 동기화","select_mobile":"모바일 선택","select_email":"이메일 선택","select_recipient":"Select recipient","contactsOrderBy":"성으로 정렬","importSim2":"SIM 카드","importGmail":"Gmail","bluetooth":"블루투스","importOutlook":"Outlook","fbUpdateFriends":"가져온 친구 목록 업데이트","cleaningFbData":"Facebook 데이터 삭제하기","loggingOutFb":"Facebook에서 나가기","cleanFbConfirmMsg":"Facebook 데이터를 모두 삭제하시겠습니까?","renewPwdMsg":"Facebook 암호가 바뀌었습니다. 업데이트해 주십시오.","notEnabledYet":"사용 안함","genericNoConnection":"Wi-Fi나 데이터 네트워크에 연결하여 연락처 가저오기","simCard":"SIM 카드","memoryCard":"메모리 카드","simNumber":"SIM {{number}}","setICEButton":"Set ICE Contacts","ICESettingTitle":"ICE Contacts","ICEDescription":"Add two contacts for making “In Case of Emergency” calls.","ICEContact1":"ICE Contact 1","ICESelectContact":"Select a contact","ICEContact2":"ICE Contact 2","create-new":"새 연락처 만들기","import-now":"SIM 카드나 Facebook에서 연락처 가져오기","no-contacts":"연락처 없음","start-adding":"연락처 추가","notImported":"이전 안함","imported":"이전 완료","today":"오늘","yesterday":"어제","organise-contacts":"연락처 정리","find-merge-contacts":"중복된 연락처 찾기","preparing-contacts":"연락처 준비","exportError-SIM-NoFreeRecordFound":"SIM 카드 공간 없음","exportError-SIM-CannotAccessPhoneBook":"SIM 카드 주소록 접근할 수 없음","exportError-SIM-Unavailable":"SIM 카드 없음","exportError-SIM-GenericError":"연락처 내보내는 동안 오류 발생","noSimMsgExport":"SIM 카드를 넣거나 잠금을 풀어야 연락처를 내보낼 수 있음","noMemoryCardMsgExport":"메모리 카드를 넣어야 연락처를 내보낼 수 있음","ContactManagementTitle":"연락처 관리","DeleteTitle":"삭제","bulkDeleteButton":"연락처 삭제","BulkDelCancel":"연락처 삭제 취소","DeletedTxt":{"_index":["plural","n"],"_":{"zero":"삭제할 연락처 없음","one":"1개의 연락처 삭제됨","two":"{{n}}개의 연락처 삭제됨","few":"{{n}}개의 연락처 삭제됨","many":"{{n}}개의 연락처 삭제됨","other":"{{n}}개의 연락처 삭제됨"}},"DeletingContacts":"연락처 삭제중","ContactConfirmDel":{"_index":["plural","n"],"_":{"zero":"삭제할 연락처 없음","one":"1개의 연락처를 삭제하시겠습니까? 다시 되돌릴 수 없습니다.","two":"{{n}}개의 연락처를 삭제하시겠습니까? 다시 되돌릴 수 없습니다.","few":"{{n}}개의 연락처를 삭제하시겠습니까? 다시 되돌릴 수 없습니다.","many":"{{n}}개의 연락처를 삭제하시겠습니까? 다시 되돌릴 수 없습니다.","other":"{{n}}개의 연락처를 삭제하시겠습니까? 다시 되돌릴 수 없습니다."}},"SelectedTxt":{"_index":["plural","n"],"_":{"zero":"연락처","one":"{{n}}개 선택됨","two":"{{n}}개 선택됨","few":"{{n}}개 선택됨","many":"{{n}}개 선택됨","other":"{{n}}개 선택됨"}},"video":"동영상","audio":"오디오","pick_destination":"{{ destination }} {{ carrier }}","removeField":{"ariaLabel":"Remove"},"undo":{"ariaLabel":"Undo"},"back":"뒤로","noSimMsg":"연락처를 가져오려면 SIM를 넣거나 잠금해제 하세요.","noMemoryCardMsg":"연락처를 가져오려면 메모리 카드를 넣으세요.","importMemoryCard":"메모리 카드","noConnection11":"Facebook 친구나 연락처를 가져오려면 Wi-Fi나 데이터 네트워크에 연결하세요.","simContacts-import":"SIM 연락처 가져오기","simContacts-importing":"Importing SIM 연락처 가져오는 중…","simContacts-reading":"SIM 카드 읽는 중…","simContacts-error":"SIM에서 연락처를 가져오지 못함","simContacts-imported3":{"_index":["plural","n"],"_":{"zero":"SIM에 가져올 연락처가 없음","one":"1개의 연락처 가져옴","two":"{{n}}개의 연락처 가져옴","few":"{{n}}개의 연락처 가져옴","many":"{{n}}개의 연락처 가져옴","other":"{{n}}개의 연락처 가져옴"}},"memoryCardContacts-import":"메모리 카드에서 연락처 가져오기","memoryCardContacts-importing":"메모리 카드에서 연락처 가져오는 중…","memoryCardContacts-reading":"메모리 카드 읽는 중…","memoryCardContacts-error":"메모리 카드에서 연락처를 가져오지 못함","memoryCardContacts-imported3":{"_index":["plural","n"],"_":{"zero":"메모리 카드에 가져올 연락처가 없음","one":"1개의 연락처 가져옴","two":"{{n}}개의 연락처 가져옴","few":"{{n}}개의 연락처 가져옴","many":"{{n}}개의 연락처 가져옴","other":"{{n}}개의 연락처 가져옴"}},"genericProgress":"{{current}}/{{total}}","facebook-import-msg":{"_index":["plural","imported"],"_":{"zero":"가져올 친구 없음 (전체 {{total}}개)","one":"1명의 친구 가져옴 (전체 {{total}}개)","two":"{{imported}}/{{total}}명의 친구 가져옴","few":"{{imported}}/{{total}}명의 친구 가져옴","many":"{{imported}}/{{total}}명의 친구 가져옴","other":"{{imported}}/{{total}}명의 친구 가져옴"}},"contactsMerged":{"_index":["plural","numDups"],"_":{"zero":"병합된 중복 연락처 없음","one":"1개의 중복 연락처 병합됨","two":"{{numDups}}개의 연락처 병합됨","few":"{{numDups}}개의 연락처 병합됨","many":"{{numDups}}개의 연락처 병합됨","other":"{{numDups}}개의 연락처 병합됨"}},"weekday-0-long":"일요일","weekday-1-long":"월요일","weekday-2-long":"화요일","weekday-3-long":"수요일","weekday-4-long":"목요일","weekday-5-long":"금요일","weekday-6-long":"토요일","weekday-0-short":"일","weekday-1-short":"월","weekday-2-short":"화","weekday-3-short":"수","weekday-4-short":"목","weekday-5-short":"금","weekday-6-short":"토","month-0-long":"1월","month-1-long":"2월","month-2-long":"3월","month-3-long":"4월","month-4-long":"5월","month-5-long":"6월","month-6-long":"7월","month-7-long":"8월","month-8-long":"9월","month-9-long":"10월","month-10-long":"11월","month-11-long":"12월","month-0-genitive":"1월","month-1-genitive":"2월","month-2-genitive":"3월","month-3-genitive":"4월","month-4-genitive":"5월","month-5-genitive":"6월","month-6-genitive":"7월","month-7-genitive":"8월","month-8-genitive":"9월","month-9-genitive":"10월","month-10-genitive":"11월","month-11-genitive":"12월","month-0-short":"1월","month-1-short":"2월","month-2-short":"3월","month-3-short":"4월","month-4-short":"5월","month-5-short":"6월","month-6-short":"7월","month-7-short":"8월","month-8-short":"9월","month-9-short":"10월","month-10-short":"11월","month-11-short":"12월","minutes-ago-long":{"_index":["plural","value"],"_":{"zero":"지금","one":"1분 전","two":"{{value}}분 전","few":"{{value}}분 전","many":"{{value}}분 전","other":"{{value}}분 전"}},"hours-ago-long":{"_index":["plural","value"],"_":{"zero":"지금","one":"1시간 전","two":"{{value}}시간 전","few":"{{value}}시간 전","many":"{{value}}시간 전","other":"{{value}}시간 전"}},"days-ago-long":{"_index":["plural","value"],"_":{"zero":"오늘","one":"어제","two":"{{value}}일 전","few":"{{value}}일 전","many":"{{value}}일 전","other":"{{value}}일 전"}},"weeks-ago-long":{"_index":["plural","value"],"_":{"zero":"이번 주","one":"지난 주","two":"{{value}}주 전","few":"{{value}}주 전","many":"{{value}}주 전","other":"{{value}}주 전"}},"months-ago-long":{"_index":["plural","value"],"_":{"zero":"이번 달","one":"지난 달","two":"{{value}}개월 전","few":"{{value}}개월 전","many":"{{value}}개월 전","other":"{{value}}개월 전"}},"years-ago-long":{"_index":["plural","value"],"_":{"zero":"올해","one":"작년","two":"{{value}}년 전","few":"{{value}}년 전","many":"{{value}}년 전","other":"{{value}}년 전"}},"minutes-until-long":{"_index":["plural","value"],"_":{"zero":"지금","one":"1분 후","two":"{{value}}분 후","few":"{{value}}분 후","many":"{{value}}분 후","other":"{{value}}분 후"}},"hours-until-long":{"_index":["plural","value"],"_":{"zero":"지금","one":"한 시간 후","two":"{{value}}시간 후","few":"{{value}}시간 후","many":"{{value}}시간 후","other":"{{value}}시간 후"}},"days-until-long":{"_index":["plural","value"],"_":{"zero":"오늘","one":"내일","two":"{{value}}일 후","few":"{{value}}일 후","many":"{{value}}일 후","other":"{{value}}일 후"}},"weeks-until-long":{"_index":["plural","value"],"_":{"zero":"이번 주","one":"다음 주","two":"{{value}}주 후","few":"{{value}}주 후","many":"{{value}}주 후","other":"{{value}}주 후"}},"months-until-long":{"_index":["plural","value"],"_":{"zero":"이번 달","one":"다음 달","two":"{{value}}개월 후","few":"{{value}}개월 후","many":"{{value}}개월 후","other":"{{value}}개월 후"}},"years-until-long":{"_index":["plural","value"],"_":{"zero":"올해","one":"내년","two":"{{value}}년 후","few":"{{value}}년 후","many":"{{value}}년 후","other":"{{value}}년 후"}},"minutes-ago-short":{"_index":["plural","value"],"_":{"zero":"지금","other":"{{value}}분 전"}},"hours-ago-short":{"_index":["plural","value"],"_":{"zero":"지금","other":"{{value}}시간 전"}},"days-ago-short":{"_index":["plural","value"],"_":{"zero":"오늘","other":"{{value}}일 전"}},"minutes-until-short":{"_index":["plural","value"],"_":{"zero":"지금","other":"{{value}}분 후"}},"hours-until-short":{"_index":["plural","value"],"_":{"zero":"지금","other":"{{value}}시간 후"}},"days-until-short":{"_index":["plural","value"],"_":{"zero":"오늘","other":"{{value}}일 후"}},"incorrectDate":"(잘못된 날짜)","dateTimeFormat_%c":"%Y년 %B %e일 %a %I:%M:%S %p","dateTimeFormat_%x":"%Y/%m/%d","dateTimeFormat_%X":"%I:%M:%S %p","shortTimeFormat":"%I:%M %p","shortDateTimeFormat":"%x %I:%M %p","weekStartsOnMonday":"0","time_am":"오전","time_pm":"오후","sim-picker-dial-via-with-number":"{{ phoneNumber }} 전화걸기-","sim-picker-select-sim":"SIM 선택","sim-picker-button":"SIM{{ n }}","sim-picker-button-default":"(기본)","label":"라벨","mobile":"모바일","home":"자택","work":"직장","personal":"개인","faxHome":"자택 팩스","faxOffice":"사무실 팩스","faxOther":"기타 팩스","another":"기타","other":"기타","customTag":{"placeholder":"사용자 정의 태그"},"current":"현주소","itemWithLabel":"{{label}}, {{item}}","waitDuplicateContacts":"중복된 연락처 찾기","waitMergingDuplicateContacts":"중복된 연락처 합치기","alertNoDuplicateContacts":"중복된 연락처 없음","merge":"합침","mergeDuplicateTitle":"중복 합치기","suggestedDuplicateContacts":"{{name}}와 중복된 연락처","mergeActionButtonLabel":{"_index":["plural","n"],"_":{"zero":"선택된 연락처 없음","one":"{{n}} 연락처와 합침","two":"{{n}} 연락처와 합침","few":"{{n}} 연락처와 합침","many":"{{n}} 연락처와 합침","other":"{{n}} 연락처와 합침"}},"duplicatesFoundTitle":"중복 발견","duplicatesFoundMessage":"{{name}} 연락처의 정보가 아래 연락처의 정보와 중복","addNewNumber":"번호 저장","addToExistingContact":"기존 연락처에 추가","all":{"_":"전체","ariaLabel":"전체"},"callLog":"통화 기록","callLogEdit":{"title":"통화 기록 수정"},"callLogEditDialog":{"ariaLabel":"통화 기록 수정 창"},"connecting":"연결 중","cf-async":"비동기: {{ async }}\\n","cf-data":"데이터: {{ data }}\\n","cf-error":"착신전환 상태를 검색하다 오류가 발생함","cf-fax":"팩스: {{ fax }}\\n","cf-inactive":"비활성화됨","cf-packet":"패킷: {{ packet }}\\n","cf-pad":"PAD: {{ pad }}\\n","cf-sms":"SMS: {{ sms }}\\n","cf-status":"착신전환 상태\\n","cf-sync":"동기: {{ sync }}\\n","cf-voice":"음성: {{ voice }}\\n","confirm-deletion":"선택한 통화를 삭제하시겠습니까?","createNewContact":"새 연락처 만들기","dialerAddContact":{"ariaLabel":"연락처 추가"},"dialerAddContactDialog":{"ariaLabel":"연락처 추가 창"},"edit-selected":{"_index":["plural","n"],"_":{"one":"{{ n }}개 선택됨","two":"{{ n }}개 선택됨","few":"{{ n }}개 선택됨","many":"{{ n }}개 선택됨","other":"{{ n }}개 선택됨"}},"hideKeypad":{"ariaLabel":"키패드 감춤"},"ignore":"전화 무시","incoming":"수신","keypad":{"ariaLabel":"키패드"},"makeCall":{"ariaLabel":"전화 걸지"},"missed":{"_":"부재중","ariaLabel":"부재중"},"missedCall":"부재 중 전화","missedCallMultiSims":"SIM {{ n }} - 부재중 전화","mmi-error":"메시지 보내는 중 오류","mmi-session-expired":"세션이 만료됨","mmi-successfully-sent":"메시지 보내기 성공","mmi-notification-title-with-sim":"({{sim}}) {{title}}","mute":{"ariaLabel":"음소거"},"newCall":{"ariaLabel":"전화 걸기"},"no-logs-msg-1":"녹음된 통화 없음","no-logs-msg-2":"지금 연락하기","no-logs-msg-3":"부재 중 전화 없음","recents":{"ariaLabel":"최근 통화"},"reply":"응답","send":"보내기","switch-calls":"통화 전환","withheld-number":"제한 표시 번호","from-contact":"{{ contact }}로 부터 전화","from-number":"{{ number }}로 부터 전화","from-withheld-number":"제한 표시 번호로 부터 전화","sending":"보내는 중...","speakerOption":{"ariaLabel":"스피커"},"ussd-services":"{{ operator }}에서 서비스함","toggleKeypad":{"ariaLabel":"키패드 토글"},"type-your-response":{"placeholder":"귀하의 응답을 입력중..."},"clear-all-text":"텍스트 모두 지우기","hide":"감추기","hold":{"ariaLabel":"대기"},"resume":{"_":"계속","ariaLabel":"계속"},"sendSms":"메시지 전송","callEnded":"통화 종료","via-sim":"- SIM{{ n }}","sim-number":"SIM{{ n }}","hangup-a11y-button":{"ariaLabel":"전화 걸기"},"pickup-a11y-button":{"ariaLabel":"전화 받기"},"unlock-a11y-button":{"ariaLabel":"슬라이더"},"roaming":"{{operator}} (Roaming)","delete-n-log?":{"_index":["plural","n"],"_":{"zero":"선택된 기록 없음","one":"선택된 기록을 지우시겠습니까?","two":"{{ n }}개의 기록을 지우시겠습니까?","few":"{{ n }}개의 기록을 지우시겠습니까?","many":"{{ n }}개의 기록을 지우시겠습니까?","other":"{{ n }}개의 기록을 지우시겠습니까?"}},"callDurationMinutes":"{{ m }}:{{ s }}","callDurationHours":"{{ h }}:{{ m }}:{{ s}}","suggestionMatches":{"_index":["plural","n"],"_":{"one":"\"{{ matchNumber }}\"와 1개 번호 일치","two":"\"{{ matchNumber }}\"와 2개 번호 일치","few":"\"{{ matchNumber }}\"와 서너개 번호 일치","many":"\"{{ matchNumber }}\"와 많은 번호 일치","other":"\"{{ matchNumber }}\"와 다수 번호 일치"}},"scCallBarring":"수신 거부","scCallForwarding":"착신 전환","scClip":"수신자 ID","scClir":"송신자 ID","scPwd":"비밀번호 변경","scCallWaiting":"통화 대기","scPin":"PIN 변경","scPin2":"PIN2 변경","scPuk":"PIN 잠금해제","scPuk2":"PIN2 잠금해제","scImei":"IMEI","scUssd":"USSD","serviceClassVoice":"음성","serviceClassData":"데이터","serviceClassFax":"팩스","serviceClassSms":"문자","serviceClassDataSync":"동기","serviceClassDataAsync":"비동기","serviceClassPacket":"패킷","serviceClassPad":"PAD","smServiceEnabled":"서비스 활성화됨","smServiceDisabled":"서비스 비활성화됨","smServiceRegistered":"성공적으로 등록됨","smServiceErased":"성공적으로 삭제됨","smServiceInterrogated":"성공적으로 요청됨","smServiceNotProvisioned":"서비스가 제공되지 않음","smClirPermanent":"발신자 ID 설정은 변경할 수 없음","smClirDefaultOnNextCallOn":"발신자 ID가 제한되었습니다. 다음 통화: 제한됨","smClirDefaultOnNextCallOff":"발신자 ID가 제한되었습니다. 다음 통화: 제한되지 않음","smClirDefaultOffNextCallOn":"발신자 ID가 제한되지 않았습니다. 다음 통화: 제한됨","smClirDefaultOffNextCallOff":"발신자 ID가 제한되지 않았습니다. 다음 통화: 제한되지 않음","smServiceEnabledFor":"다음 서비스 활성화:","smPinChanged":"PIN 변경 완료","smPinUnblocked":"PIN 잠금 해제 완료","smPin2Changed":"PIN2 변경 완료","smPin2Unblocked":"PIN2 잠금 해제 완료","ServiceIsEnabled":"Service is enabled","ServiceIsDisabled":"Service is disabled","ServiceIsEnabledFor":"Service is enabled for:","emMmiError":"연결 불량이거나 유효하지 않은 MMI 코드","emMmiErrorPasswordIncorrect":"잘못된 비밀번호","emMmiErrorNotSupported":"유효하지 않거나 지원되지 않는 MMI 코드","emMmiErrorInvalidAction":"잘못된 동작","emMmiErrorInvalidScCode":"유효하지 않은 서비스 코드","emMmiErrorBadPuk":"입력된 PUK가 맞지 않음","emMmiErrorBadPin":"입력된 이전 PIN이 맞지 않습니다","emMmiErrorNeedPuk2":"SIM 카드 잠금을 해제 위해 PUK2 입력","emMmiErrorMismatchPin":"입력한 PIN이 맞지 않음","emMmiErrorInvalidPin":"4~8자의 PIN을 입력","emMmiErrorNeedsPuk":"SIM 카드 PUK-잠금 상태","emMmiErrorEnablePin":"실패하였습니다. SIM/RUIM을 잠금","emMmiErrorMmiFdn":"고정 다이얼링 번호에서만 할 수 있는 동작","emMmiErrorStkCcUssdDial":"USSD 요청이 DIAL 요청으로 변경됨","emMmiErrorStkCcUssdSs":"USSD 요청이 SS 요청으로 변경됨","emMmiErrorStkCcUssdUssd":"USSD 요청이 새로운 USSD 요청으로 변경됨","emMmiErrorStkCcSsDial":"SS 요청이 DIAL 요청으로 변경됨","emMmiErrorStkCcSsUssd":"SS 요청이 USSD 요청으로 변경됨","emMmiErrorStkCcSsSs":"SS 요청이 새로운 SS 요청으로 변경됨","emMmiErrorPinPukAttempts":{"_index":["plural","n"],"_":{"one":"{{ n }}번 남음","two":"{{ n }}번 남음","few":"{{ n }}번 남음","many":"{{ n }}번 남음","other":"{{ n }}번 남음"}},"emMmiErrorSimBlocked":"최대 시도 횟수를 초과하였습니다. SIM이 잠겼습니다","RadioNotAvailable":"라디오를 사용할 수 없음","GenericFailure":"일반적인 실패","PasswordIncorrect":"비밀번호 맞지 않음","SimPin2":"SIM PIN2","SimPuk2":"SIM PUK2","RequestNotSupported":"지원되지 않는 요청","OpNotAllowedDuringVoiceCall":"음성 통화 중 조작 할 수 없음","SmsSendFailRetry":"SMS 송신 실패 재시도","SimAbsent":"SIM이 없음","SubscriptionNotAvailable":"가입할 수 없음","ModeNotSupported":"지원되지 않는 모드","FdnCheckFailure":"Fdn 검사 실피","IllegalSimOrMe":"허용되지 않은 SIM 또는 ME","DialModifiedToUssd":"Dial이 USSD로 변경","DialModifiedToSs":"Dial이 SS로 변경","DialModifiedToDial":"Dial이 dial로 변경","UssdModifiedToDial":"USSD이 dial로 변경","UssdModifiedToSs":"USSD이 SS로 변경","UssdModifiedToUssd":"USSD이 USSD로 변경","SsModifiedToDial":"SS이 dial로 변경","SsModifiedToUssd":"SS이 USSD로 변경","SsModifiedToSs":"SS이 SS로 변경","SubscriptionNotSupported":"가입이 지원되지 않음","InvalidParameter":"잘못된 파라메터","RejectedByRemote":"원격에서 거부됨","conferenceCall":"Conference ({{n}})","caller-left-call":"{{ caller }}님과의 전화가 끊겼습니다.","conferenceAddError":"통화 합치기 할 수 없음","conferenceRemoveError":"통화 분리 할 수 없음","longDateFormat":"%B %e일 %A","select-audio-sources":"오디오 소스 선택","bluetooth-handsfree-device":"블루투스 핸즈프리 기기","receiver":"리시버","speaker":"스피커","voicemailNoNumberTitle":"보이스메일 번호가 유효하지 않음","voicemailNoNumberText":"보이스메일에 연결할 수 없습니다. 연결을 위해 보이스메일 번호를 설정해 주세요.","voicemailNoNumberSettings":"설정","voicemailNoNumberCancel":"취소","phoneNumberInput":{"ariaLabel":"전화번호"},"keypadDelete":{"ariaLabel":"삭제"},"voiceMailKey":{"ariaLabel":"음성메일"},"asterisk":{"ariaLabel":"별표"},"hashSign":{"ariaLabel":"해시 기호"}}