{"close":"बन्द गर्नुहोस्","import":"आयात गर्नुहोस्","update":"अद्यावधिक गर्नुहोस्","fbFriends":"फेसबुकका साथीहरु","live-serviceName":"आउटलूक","gmail-serviceName":"जीमेल","facebook-serviceName":"फेसबुकका साथीहरु","selectAll":"सबै चयन गर्नुहोस्","deselectAll":"सबै चयनबाट हटाउनुहोस्","viewAll":"सबै फेसबुक साथीहरु देखाउनुहोस्","viewRecommend":"सिफारिश भएकाहरु मात्र हेर्नुहोस्","linkProposal":{"_index":["plural","numFriends"],"_":{"zero":"नाम मिल्ने साथी भेटिएन। सबै हेर्नुहोस्।","one":"सिफारिस गरिएकोलाई रोज्नुहोस्।","two":"सिफारिस गरिएकोमा एक चयन गर्नुहोस्","few":"सिफारिस गरिएकोमा एक रोज्नुहोस्।","many":"सिफारिस गरिएकोमा एक रोज्नुहोस्।","other":"सिफारिस गरिएकोमा एक रोज्नुहोस्।"}},"fbFriendsFound":{"_index":["plural","numFriends"],"_":{"zero":"सबै साथीहरु आयात गरियो","one":"अायात गर्नका लगि एकजना साथी भेटियो","two":"अायात गर्नका लगि {{numFriends}}जना साथीहरु भेटिए","few":"अायात गर्नका लगि {{numFriends}}जना साथीहरु भेटिए","many":"अायात गर्नका लगि {{numFriends}}जना साथीहरु भेटिए","other":"अायात गर्नका लगि {{numFriends}}जना साथीहरु भेटिए"}},"fbNoFriends":"No contacts available to import","facebook":"फेसबुक","search-contact":{"placeholder":"खोजी"},"noResults":"कुनै पनि सम्पर्क फेला परेन","done-search":"गरियो","progressFB3ImportTitle":"साथीहरु सम्पर्कमा आयात हुँदैछ","progressFB":"{{current}}/{{total}}","progressFB3UpdateTitle":"साथीहरु सम्पर्कमा अद्यावधिक हुँदैछ","message2":"यो हुन केहि मिनेट लाग्न सक्छ","messageLinking":"कृपया पर्खिनुहोस्। तपाईको साथी र सम्पर्क को जडान गर्दैछौँ।","messageCanceling":" कृपया पर्खनुहोस्। हामी कार्यवाहक प्रक्रिया रोक्दै छौ।","error1":"{{from}} त्रुटि","error2":"के तपाई पुन: प्रयास गर्न चाहनुहुन्छ?","errorProposal":"प्रस्तावहरुको गणना गर्दै","errorFriends":"साथीहरु पुन: प्राप्त गर्दै","errorLinking":"सम्पर्कहरु जडान गर्दै","timeout1":"{{from}} बाट समय पार भयो","timeout2":"के तपाईँ पुन: प्रयास गर्न चाहनुहुन्छ ?","timeoutProposal":"प्रस्तावहरुको गणना गर्दै","timeoutFriends":"साथीहरु पुन: प्राप्त गर्दै","timeoutLinking":"सम्पर्कहरु जडान गर्दै","wait1":"कृपया पर्खिनुहोस्","wait2":"यो कार्य हुन केहि मिनेट लाग्न सक्दछ","waitProposal":"कृपया पर्खिनुहोस्।हामि एउटा प्रस्तावको गणना गर्दैछौँ।","waitFriends":"कृपया पर्खनुहोस्। तपाईंको मित्र सुची प्राप्त गर्दैछौँ।","curtainCancel":"रद्द गर्नुहोस्","curtainRetry":"पुन:प्रयास गर्नुहोस्","curtainOK":"ठिक छ","connectionLost":"इन्टरनेट जडान छैन","connectionLostMsg":"तपाईको सम्पर्कहरुमा साथीहारुका तास्बिरहरु थपिनछैन। जे भए पनि जारी गर्नुहुन्छ?","yesOption":"ठिक छ","noOption":"रद्द गर्नुहोस्","friendsUpdated":{"_index":["plural","numFriends"],"_":{"zero":"कुनै साथी अपडेट गरिएन","one":"एउटा साथी अपडेट गरियो","two":"{{numFriends}} साथीहरु अपडेट गरियो।","few":"{{numFriends}} साथीहरु अपडेट गरियो।","many":"{{numFriends}} साथीहरु अपडेट गरियो।","other":"{{numFriends}} साथीहरु अपडेट गरियो।"}},"friendsMerged":{"_index":["plural","numDups"],"_":{"zero":"No duplicated friends merged","one":"One duplicated friend merged","two":"{{numDups}} friends merged","few":"{{numDups}} friends merged","many":"{{numDups}} friends merged","other":"{{numDups}} friends merged"}},"notificationLogin":"तपाईंको फेसबूक सेसन अमान्य छ। कृपया साइन इन गर्नुहोस्।","syncError":"तपाईको साथीको डाटा समक्रमण गर्दा त्रुटि भएको थियो","callAirplaneModeMessage":"कल गर्नको लागि तपाईले सेटिङमा गएर उडान शैली अक्षम पार्नुपर्नेछ।","callAirplaneModeBtnOk":"ठीक छ","callAirplaneModeTitle":"उडान शैली सक्रिय भयो","numberIsBusyTitle":"नम्बर व्यस्त छ","numberIsBusyMessage":"नम्बर अहिले व्यस्त छ । पछि पुन: प्रयास गर्नु होला ।","fdnIsActiveTitle":"FDN सक्रिय छ","fdnIsActiveMessage":"FDN (Fixed Dialing Numbers) is activated and the following number is not in your FDN list: {{ number }}","voiceMail":"वाच्य इमेल","emergencyNumber":"आपत्कालिन नम्बर","emergencyDialogBodyBadNumber":"कल गर्नको लागि, फोन कुनै सञ्जालसङ्ग जडान हुनुपर्छ।","emergencyDialogBodyDeviceNotAccepted":"आपातकालीन कलहरु गर्न सञ्जालले अनुमति दिएकोछैन।","emergencyDialogBtnOk":"ठीक छ","emergencyDialogTitle":"सञ्जाल जडान छैन","invalidNumberToDialTitle":"अमान्य फोन नम्बर","invalidNumberToDialMessage":"तपाईले कल गरिराख्नु भएको फोन नम्बर मान्य छैन।","unableToCallTitle":"अहिले फोन कल गर्न असक्षम","unableToCallMessage":"फोन कल गर्न मिलेन। यदि तपाईले पाहिला देखि नै डायल गारिराख्नुभाएको छ भने, कृपया पहिला ह्याङ्ग अप गर्नुहोस्।","otherConnectionInUseTitle":"प्रयोगमा भएको अन्य जडान","otherConnectionInUseMessage":"तपाईंको अर्को जडानमा एउटा सक्रिय कल छ । तपाईं एक समयमा मात्र एउटा जडान प्रयोग गर्न सक्नुहुन्छ।","add":"थप्नुहोस्","call":"कल ","edit":"सम्पादन गर्नुहोस्","cancel":"रद्द गर्नुहोस्","done":"भयो","ok":"ठीक छ","retry":"पुन:प्रयास गर्नुहोस्","contacts":"सम्पर्कहरू","addContact":"सम्पर्क थप्नुहोस्","deleteContact":"सम्पर्क मेट्नुहोस्","selectContact":"सम्पर्क चयन गर्नुहोस्","editContact":"सम्पर्क सम्पादन गर्नुहोस्","deleteConfirmMsg":"सम्पर्क मेट्नुहुन्छ?","remove":"हटाउनुहोस्","delete":"Delete","comments":"टिप्पणीहरू","no_contact_phones":"सम्पर्कको लागि फोन नम्बर छैन।","no_contact_email":"सम्पर्कको लागि ईमेल ठेगाना छैन।","no_contact_data":"This contact does not have a phone number and email address","removePhotoConfirm":"सम्पर्क तस्विर हटाउनुहुन्छ?","loadingContacts":"सम्पर्कहरु लोड हुँदैछ...","noContactsActivity":"सम्पर्कमा थप्न सकिएन किनभने तपाईको सम्पर्क सूचि खाली छ","noName":"नाम छैन","givenName":{"placeholder":"नाम"},"familyName":{"placeholder":"अन्तिम नाम"},"tel":{"placeholder":"फोन"},"carrier":{"_":"वाहक","placeholder":"वाहक"},"separator":",","email":{"_":"इमेल","placeholder":"इमेल"},"streetAddress":{"placeholder":"गल्ली"},"postalCode":{"placeholder":"हुलाकी सङ्केत"},"locality":{"placeholder":"शहर"},"countryName":{"placeholder":"देश"},"comment":{"placeholder":"टिप्पणी"},"org":{"placeholder":"कम्पनी"},"date":{"_":"मिति","placeholder":"मिति"},"date-span-placeholder":"मिति","birthday":"जन्मदिन","dateFormat":"%B %e","dateOutput":"{{dayMonthFormatted}} {{year}}","anniversary":"वार्षिकोत्सव","addPhoto":"तस्विर थप्नुहोस्","addPhone":"फोन थप्नुहोस्","addEmail":"इमेल थप्नुहोस्","addAddress":"ठेगाना थप्नुहोस्","addDate":"मिति थप्नुहोस्","addComment":"टिप्पणी थप्नुहोस्","addFavorite":"मनपर्नेहरूमा थप्नुहोस्","removeFavorite":"मनपर्नेहरूबाट हटाउनुहोस्","exit":"निस्कनुहोस्","expand":"विस्तार गर्नुहोस्","labelName":"नाम:","labelLastName":"अन्तिम नाम:","labelPhoneNumber":"फोन नम्बर:","labelCarrier":"वाहक:","labelEmail":"इमेल:","labelStreet":"गल्ली:","labelZip":"जिप कोड","labelCity":"शहर","labelCountry":"देश:","labelComment":"टिप्पणी:","legendTitleMain":"मुख्य सूचना","legendPhones":"फोन नम्बर","legendEmail":"इमेल ठेगाना","legendAddress":"ठेगाना","legendPhoto":{"ariaLabel":"Photo"},"settings":"सेटिङहरू","transferContactsTitle":"स्थानान्तर विवरण","importContactsTitle":"सम्पर्कहरु आयात गर्नुहोस्","importContactsButton":"सम्पर्कहरु आयात गर्नुहोस्","exportContactsTitle":"सम्पर्कहरु निर्यात गर्नुहोस्","exportContactsButton":"सम्पर्कहरु निर्यात गर्नुहोस्","exportContactsAction":"निर्यात गर्नुहोस्","simExport-title":"SIM मा निर्यात गर्नुहोस्","sdExport-title":"SD Card मा निर्यात गर्नुहोस् ","btExport-title":"ब्लुटुथमा निर्यात गर्नुहोस्","sdUMSEnabled":"SD कार्डको प्रयोग हुन सक्दैन किनभने USB भण्डारण सक्षम भइरहेको छ","exportErrorTitle":"निर्यात त्रुटि","contactsExported2":{"_index":["plural","exported"],"_":{"zero":"कुनै सम्पर्क निर्यात भएको छैन","one":"{{exported}}/{{total}} सम्पर्कहरु आयात गरियो","two":"{{exported}}/{{total}} सम्पर्कहरु आयात गरियो","few":"{{exported}}/{{total}} सम्पर्कहरु आयात गरियो","many":"{{exported}}/{{total}} सम्पर्कहरु आयात गरियो","other":"{{exported}}/{{total}} सम्पर्कहरु आयात गरियो"}},"exportError-general":"कुनै त्रुटि निर्यात गर्दा भएको छ","exportError-SD-shared":"मेमोरी कार्ड पहुँच हुन सकेन किनभने यो साझेदारी भइरहेको छ","exportError-SD-unavailable":"मेमोरी कार्ड छैन।","exportError-SD-noSpace":"मेमोरी कार्डमा खाली स्थान नरहेकोले सम्पर्क विवरण निर्यात गर्न सकिएन।","exportError-SIM-unavailable":"SIM कार्ड छैन।","exportError-BT-shared":"मेमोरी कार्ड पहुँच हुन सकेन किनभने यो साझेदारी भइरहेको छ","exportError-BT-unavailable":"मेमोरी कार्ड प्रयोगका लागि प्राप्तहुन सकेन।","exportError-BT-noSpace":"मेमोरी कार्डमा खाली स्थान नरहेकोले सम्पर्क विवरण निर्यात गर्न सकिएन।","social-network":"सामाजिक सञ्जालहरु","social-link":"जोड्ने सम्पर्क","social-unlink":"सम्पर्क अनलिङ्क गर्नुहोस्","social-unlink-confirm-title":"के तपाईं आफ्नो साथीलाई अनलिङ्क गर्न चहानुहुन्छ?","social-unlink-confirm-accept":"अनलिङ्क","facebook-import":"फेसबुक साथीहरू आयात गर्नुहोस्","show-fb-profile":"फेसबुक प्रोफाइल देखाउनुहोस्","msg-send":"सन्देश","wall-post":"भिती लेखन","facebook-export-forbidden":"The contact cannot be shared due to Facebook constraint.","otherAccount":"अन्य खाताहरु","facebookSwitchMsg":"साथीहरु समक्रमण गर्नुहोस्","select_mobile":"मोबाइल चयन गर्नुहोस","select_email":"इमेल चयन गर्नुहोस","select_recipient":"Select recipient","contactsOrderBy":"अन्तिम नामद्वारा क्रमबद्ध गर्नुहोस्","importSim2":"सिम कार्ड","importGmail":"जिमेल","bluetooth":"ब्लुटुथ","importOutlook":"आउटलूक","fbUpdateFriends":"आयातित: साथीहरु अपडेट गर्नुहोस्","cleaningFbData":"फेसबुक डाटा हटाइँदैछ","loggingOutFb":"फेसबुकबाट बहिर निस्कँदै","cleanFbConfirmMsg":"सबै फेसबुक डाटा हटाउने?","renewPwdMsg":"तपाईँको फेसबुकको पासवर्ड परिवर्तन भएको छ।कृपया अद्यावधिक गर्नुहोस्।","notEnabledYet":"अझै सक्रिय नपारिएको","genericNoConnection":"सम्पर्क विवरण आयात गर्न वाई-फाई वा डाटा सञ्जालमा रहनुहोस्।","simCard":"सिम कार्ड","memoryCard":"मेमोरी कार्ड","simNumber":"SIM {{number}}","setICEButton":"Set ICE Contacts","ICESettingTitle":"ICE Contacts","ICEDescription":"Add two contacts for making “In Case of Emergency” calls.","ICEContact1":"ICE Contact 1","ICESelectContact":"Select a contact","ICEContact2":"ICE Contact 2","create-new":"एउटा नयाँ सम्पर्क सिर्जना गर्नुहोस्","import-now":"SIM कार्ड वा फेसबुक बाट सम्पर्क आयात गार्नुहोस्","no-contacts":"सम्पर्कहरू छैनन्","start-adding":"तीनिहरूलाई थप्न अहिल्यै सुरु गर्नुहोस्","notImported":"आयातित गारिएको छैन","imported":"आयातित","today":"आज","yesterday":"हिजो","organise-contacts":"सम्पर्क विवरण मिलाउनुहोस्।","find-merge-contacts":"उस्तै सम्पर्क विवरण खोज्नुहोस्।","preparing-contacts":"सम्पर्क विवरण बनाउने तयारी गर्दै।","exportError-SIM-NoFreeRecordFound":"सिम कार्ड पूर्णरुपले भरिएको छ","exportError-SIM-CannotAccessPhoneBook":"Cannot access SIM card’s phone book","exportError-SIM-Unavailable":"सिम पत्ता लागेन","exportError-SIM-GenericError":"संपर्क निकसी गर्दा त्रुटि देखा परेकोछ ","noSimMsgExport":"सम्पर्कहरु आयात गर्न सिमकार्ड घुसाउनुहोस् वा अन्लक् गर्नुहोस्","noMemoryCardMsgExport":"सम्पर्कहरु आयात गर्न एस् डी कार्ड घुसाउनुहोस्","ContactManagementTitle":"Contacts Management","DeleteTitle":"Delete","bulkDeleteButton":"Delete Contacts","BulkDelCancel":"Contacts delete cancelled","DeletedTxt":{"_index":["plural","n"],"_":{"zero":"No Contact to Delete","one":"1 Contact removed","two":"{{n}} Contacts removed","few":"{{n}} Contacts removed","many":"{{n}} Contacts removed","other":"{{n}} Contacts removed"}},"DeletingContacts":"Deleting contacts","ContactConfirmDel":{"_index":["plural","n"],"_":{"zero":"No Contact to Delete","one":"Delete 1 Contact? This cannot be undone.","two":"Delete {{n}} Contacts? This cannot be undone.","few":"Delete {{n}} Contacts? This cannot be undone.","many":"Delete {{n}} Contacts? This cannot be undone.","other":"Delete {{n}} Contacts? This cannot be undone."}},"SelectedTxt":{"_index":["plural","n"],"_":{"zero":"Contacts","one":"{{n}} selected","two":"{{n}} selected","few":"{{n}} selected","many":"{{n}} selected","other":"{{n}} selected"}},"video":"Video","audio":"Audio","pick_destination":"{{ destination }} {{ carrier }}","removeField":{"ariaLabel":"Remove"},"undo":{"ariaLabel":"Undo"},"back":"Back","noSimMsg":"To import contacts insert or unlock your SIM card","noMemoryCardMsg":"To import contacts insert a memory card","importMemoryCard":"Memory card","noConnection11":"To import Facebook friends or contacts connect to Wi-Fi or data network","simContacts-import":"Import SIM contacts","simContacts-importing":"Importing SIM contacts…","simContacts-reading":"Reading from SIM card…","simContacts-error":"Could not import contacts from SIM","simContacts-imported3":{"_index":["plural","n"],"_":{"zero":"No contacts detected on SIM to import","one":"Imported one contact","two":"Imported {{n}} contacts","few":"Imported {{n}} contacts","many":"Imported {{n}} contacts","other":"Imported {{n}} contacts"}},"memoryCardContacts-import":"Import contacts from memory card","memoryCardContacts-importing":"Importing contacts from memory card…","memoryCardContacts-reading":"Reading from memory card…","memoryCardContacts-error":"Could not import contacts from memory card","memoryCardContacts-imported3":{"_index":["plural","n"],"_":{"zero":"No contacts detected on memory card to import","one":"Imported one contact","two":"Imported {{n}} contacts","few":"Imported {{n}} contacts","many":"Imported {{n}} contacts","other":"Imported {{n}} contacts"}},"genericProgress":"{{current}}/{{total}}","facebook-import-msg":{"_index":["plural","imported"],"_":{"zero":"No friends imported (out of {{total}})","one":"One friend imported (out of {{total}})","two":"{{imported}}/{{total}} friends imported","few":"{{imported}}/{{total}} friends imported","many":"{{imported}}/{{total}} friends imported","other":"{{imported}}/{{total}} friends imported"}},"contactsMerged":{"_index":["plural","numDups"],"_":{"zero":"No duplicated contacts merged","one":"One duplicated contact merged","two":"{{numDups}} contacts merged","few":"{{numDups}} contacts merged","many":"{{numDups}} contacts merged","other":"{{numDups}} contacts merged"}},"weekday-0-long":"आइतबार","weekday-1-long":"सोमबार","weekday-2-long":"मंगलबार","weekday-3-long":"बुधबार","weekday-4-long":"बिहिबार","weekday-5-long":"शुक्रबार","weekday-6-long":"शनिबार","weekday-0-short":"आइत","weekday-1-short":"सोम","weekday-2-short":"मङ्गल","weekday-3-short":"बुध","weekday-4-short":"बिहि","weekday-5-short":"शुक्र","weekday-6-short":"शनि","month-0-long":"जनवरी","month-1-long":"फेब्रुअरी","month-2-long":"ंमार्च","month-3-long":"अप्रिल","month-4-long":"मे","month-5-long":"जुन","month-6-long":"जुलाई","month-7-long":"अगस्ट","month-8-long":"सेप्टेम्बर","month-9-long":"अक्टोबर","month-10-long":"नोभेम्बर","month-11-long":"डिसेम्बर","month-0-genitive":"जनवरी","month-1-genitive":"फेब्रुअरी","month-2-genitive":"ंमार्च","month-3-genitive":"अप्रिल","month-4-genitive":"मे","month-5-genitive":"जुन","month-6-genitive":"जुलाई","month-7-genitive":"अगस्ट","month-8-genitive":"सेप्टेम्बर","month-9-genitive":"अक्टोबर","month-10-genitive":"नोभेम्बर","month-11-genitive":"डिसेम्बर","month-0-short":"जन","month-1-short":"फेब","month-2-short":"मार्च","month-3-short":"अप्रिल","month-4-short":"मे","month-5-short":"जुन","month-6-short":"जुलाई","month-7-short":"अगस्ट","month-8-short":"सेप्टेम्वर","month-9-short":"अक्टुवर","month-10-short":"नोभेम्वर","month-11-short":"डिसेम्वर","minutes-ago-long":{"_index":["plural","value"],"_":{"zero":"भर्खरै","one":"एक मिनेट अगाडि","two":"{{value}} मिनेट अगाडि","few":"{{value}} मिनेट अगाडि","many":"{{value}} मिनेट अगाडि","other":"{{value}} मिनेट अगाडि"}},"hours-ago-long":{"_index":["plural","value"],"_":{"zero":"भर्खरै","one":"एक घन्टा अगाडि","two":"{{value}} घण्टा अगाडि","few":"{{value}} घण्टा अगाडि","many":"{{value}} घण्टा अगाडि","other":"{{value}} घण्टा अगाडि"}},"days-ago-long":{"_index":["plural","value"],"_":{"zero":"आज","one":"हिजो","two":"{{value}} दिन अगाडि","few":"{{value}} दिन अगाडि","many":"{{value}} दिन अगाडि","other":"{{value}} दिन अगाडि"}},"weeks-ago-long":{"_index":["plural","value"],"_":{"zero":"यो हप्ता","one":"गएको हप्ता","two":"{{value}} हप्ता अगाडि","few":"{{value}} हप्ता अगाडि","many":"{{value}} हप्ता अगाडि","other":"{{value}} हप्ता अगाडि"}},"months-ago-long":{"_index":["plural","value"],"_":{"zero":"यो महिना","one":"गएको महिना","two":"{{value}} महिना अगाडि","few":"{{value}} महिना अगाडि","many":"{{value}} महिना अगाडि","other":"{{value}} महिना अगाडि"}},"years-ago-long":{"_index":["plural","value"],"_":{"zero":"यो वर्ष","one":"अघिल्लो वर्ष","two":"{{value}} वर्ष अगाडि","few":"{{value}} वर्ष अगाडि","many":"{{value}} वर्ष अगाडि","other":"{{value}} वर्ष अगाडि"}},"minutes-until-long":{"_index":["plural","value"],"_":{"zero":"अहिले","one":"एक मिनेटमा","two":"{{value}} मिनेटमा","few":"{{value}} मिनेटमा","many":"{{value}} मिनेटमा","other":"{{value}} मिनेटमा"}},"hours-until-long":{"_index":["plural","value"],"_":{"zero":"अहिले","one":"एक घण्टामा","two":"{{value}} घण्टामा","few":"{{value}} घण्टामा","many":"{{value}} घण्टामा","other":"{{value}} घण्टामा"}},"days-until-long":{"_index":["plural","value"],"_":{"zero":"आज","one":"भोलि","two":"{{value}} दिनमा","few":"{{value}} दिनमा","many":"{{value}} दिनमा","other":"{{value}} दिनमा"}},"weeks-until-long":{"_index":["plural","value"],"_":{"zero":"यो हप्ता","one":"पछिल्लो हप्ता","two":"{{value}} हप्तामा","few":"{{value}} हप्तामा","many":"{{value}} हप्तामा","other":"{{value}} हप्तामा"}},"months-until-long":{"_index":["plural","value"],"_":{"zero":"यस महिना","one":"पछिल्लो महिना","two":"{{value}} महिनामा","few":"{{value}} महिनामा","many":"{{value}} महिनामा","other":"{{value}} महिनामा"}},"years-until-long":{"_index":["plural","value"],"_":{"zero":"यस बर्ष","one":"आर्को बर्ष","two":"{{value}} बर्षमा","few":"{{value}} बर्षमा","many":"{{value}} वर्षमा","other":"{{value}} वर्षमा"}},"minutes-ago-short":{"_index":["plural","value"],"_":{"zero":"भर्खरै","other":"{{value}}मिनेट अघि"}},"hours-ago-short":{"_index":["plural","value"],"_":{"zero":"भर्खरै","other":"{{value}}घण्टा अघि"}},"days-ago-short":{"_index":["plural","value"],"_":{"zero":"आज","other":"{{value}}दिन अघि"}},"minutes-until-short":{"_index":["plural","value"],"_":{"zero":"अहिले","other":"{{value}}मिनेटमा"}},"hours-until-short":{"_index":["plural","value"],"_":{"zero":"अहिले","other":"{{value}}घण्टामा"}},"days-until-short":{"_index":["plural","value"],"_":{"zero":"आज","other":"{{value}}दिनमा"}},"incorrectDate":"(गलत मिति)","dateTimeFormat_%c":"%a %b %e %Y %I:%M:%S %p","dateTimeFormat_%x":"%m/%d/%Y","dateTimeFormat_%X":"%I:%M:%S %p","shortTimeFormat":"%I:%M %p","shortDateTimeFormat":"%x %I:%M %p","weekStartsOnMonday":"0","time_am":"ए एम","time_pm":"पी एम","sim-picker-dial-via-with-number":"यस बाट {{ phoneNumber }} डायल गर्नुहोस","sim-picker-select-sim":"सिम चयन गर्नुहोस्","sim-picker-button":"सिम{{ n }}","sim-picker-button-default":"(पूर्वनिर्धारित)","label":"लेबुल","mobile":"मोबाइल","home":"गृह","work":"काम","personal":"व्यक्तिगत","faxHome":"गृह फ्याक्स","faxOffice":"फ्याक्स कार्यालय","faxOther":"फ्याक्स अरु","another":"अर्को","other":"अरु","customTag":{"placeholder":"अनुकूल ट्याग"},"current":"हालको","itemWithLabel":"{{label}}, {{item}}","waitDuplicateContacts":"उस्तै सम्पर्क विवरण हेर्दै","waitMergingDuplicateContacts":"उस्तै सम्पर्क विवरण गाभदै।","alertNoDuplicateContacts":"कुनै नक्कली सम्पर्क फेला परेन","merge":"Merge","mergeDuplicateTitle":"नक्कल प्रतिहरू गाभ्नुहोस्","suggestedDuplicateContacts":"{{name}} लाई सुझाव दिईएको नक्कल सम्पर्कहरु","mergeActionButtonLabel":{"_index":["plural","n"],"_":{"zero":"कुनै सम्पर्क चयन गरिएको छैन","one":"{{n}} सम्पर्कसँग गाभ्नु होस्"}},"duplicatesFoundTitle":"नक्कल भेटियो","duplicatesFoundMessage":"{{name}} निम्न सम्पर्कहरुमा रहेको नक्कल सूचना","addNewNumber":"नयाँ नम्बर थप्नुहोस्","addToExistingContact":"अवस्थित सम्पर्कमा थप्नुहोस्","all":{"_":"All","ariaLabel":"All"},"callLog":"कल लग","callLogEdit":{"title":"Edit call log"},"callLogEditDialog":{"ariaLabel":"Edit call log dialog"},"connecting":"जडान हुँदैछ","cf-async":"Asynchronous: {{ async }}\\n","cf-data":"डाटा: {{ data }}\\n","cf-error":"कल फरवार्डको स्थिति पाउन खोज्दा त्रुटि भयो","cf-fax":"FAX: {{ fax }}\\n","cf-inactive":"निस्क्रिय","cf-packet":"Packet: {{ packet }}\\n","cf-pad":"PAD: {{ pad }}\\n","cf-sms":"SMS: {{ sms }}\\n","cf-status":"कल फर्वार्डको स्थिति\\n","cf-sync":"Synchronous: {{ sync }}\\n","cf-voice":"Voice: {{ voice }}\\n","confirm-deletion":"चयन गरिएको कल हटाउनुहुन्छ?","createNewContact":"एउटा नयाँ सम्पर्क सिर्जना गर्नुहोस्","dialerAddContact":{"ariaLabel":"Add contact"},"dialerAddContactDialog":{"ariaLabel":"Add Contact Dialog"},"edit-selected":{"_index":["plural","n"],"_":{"one":"{{ n }}वटा चयन गरिएको","two":"{{ n }}वटा चयन गरिएको","few":"{{ n }} वटा चयन गरिएको","many":"{{ n }} वटा चयन गरिएको","other":"{{ n }} वटा चयन गरिएको"}},"hideKeypad":{"ariaLabel":"Hide keypad"},"ignore":"कल वेवास्ता गर्नुहोस्","incoming":"आगमन","keypad":{"ariaLabel":"Keypad"},"makeCall":{"ariaLabel":"Make call"},"missed":{"_":"Missed","ariaLabel":"Missed"},"missedCall":"छुटेको कल","missedCallMultiSims":"(SIM {{ n }}) छुटेका कल","mmi-error":"सन्देश पठाउँदै गर्दा त्रुटि भयो","mmi-session-expired":"सत्र समाप्त","mmi-successfully-sent":"सन्देश सफलतापूर्व पठाइयो","mmi-notification-title-with-sim":"({{sim}}) {{title}}","mute":{"ariaLabel":"Mute"},"newCall":{"ariaLabel":"New call"},"no-logs-msg-1":"कुनै कल रेकर्ड गरिएको छैन","no-logs-msg-2":"संचार अहिले सुरु गर्दै","no-logs-msg-3":"छुट कलहरु छैन","recents":{"ariaLabel":"Recent calls"},"reply":"जवाफ पठाउनुहोस्","send":"पठाउनुहोस्","switch-calls":"बोलावटहरू स्विच गर्नुहोस्","withheld-number":"रोक लगाईएको नम्बर","from-contact":"{{ contact }}बाट","from-number":"{{ number }}बाट","from-withheld-number":"रोक लगाईएको नम्बरबाट","sending":"पठाउँदै...","speakerOption":{"ariaLabel":"Speaker"},"ussd-services":"{{ operator }} सुबिधाहरु","toggleKeypad":{"ariaLabel":"Toggle keypad"},"type-your-response":{"placeholder":"तपाईँको प्रतिक्रिया लेख्नुहोस्..."},"clear-all-text":"सबै पाठ मेटाउनुहोस्","hide":"लुकाउनुहोस्","hold":{"ariaLabel":"समाउनुहोस्"},"resume":{"_":"Resume","ariaLabel":"Resume"},"sendSms":"सन्देश पठाउनुहोस्","callEnded":"कल समाप्त भयो","via-sim":"SIM मार्फत{{ n }}","sim-number":"SIM{{ n }}","hangup-a11y-button":{"ariaLabel":"ह्याङ अप"},"pickup-a11y-button":{"ariaLabel":"उठानोउस"},"unlock-a11y-button":{"ariaLabel":"स्लाइडर"},"roaming":"{{operator}} (Roaming)","delete-n-log?":{"_index":["plural","n"],"_":{"zero":"केहि चयन गरिएको छैन","one":"चयन गरिएको नोडहरू मेटाउने हो?","two":"{{ n }} लगहरु मेटाउनु हुन्छ ?","few":"{{ n }} लगहरु मेटाउनुहुन्छ?","many":"{{ n }} लगहरु मेटाउनुहुन्छ?","other":"{{ n }} लगहरु मेटाउनुहुन्छ?"}},"callDurationMinutes":"{{ m }}:{{ s }}","callDurationHours":"{{ h }}:{{ m }}:{{ s}}","suggestionMatches":{"_index":["plural","n"],"_":{"one":"\"{{ matchNumber }}\"का लागि {{ n }} वटा जोडा","two":"\"{{ matchNumber }}\"का लागि {{ n }} वटा जोडाहरु","few":"\"{{ matchNumber }}\"का लागि {{ n }} वटा जोडाहरु","many":"\"{{ matchNumber }}\"का लागि {{ n }} वटा जोडाहरु","other":"\"{{ matchNumber }}\"का लागि {{ n }} वटा जोडाहरु"}},"scCallBarring":"अपवाद कल","scCallForwarding":"कल पठाउँदै","scClip":"आगमन कलर आईडी","scClir":"बाह्यगमन कलर आईडी","scPwd":" पासवर्ड परिवर्तन","scCallWaiting":"कल प्रतिक्षा","scPin":"PIN परिवर्तन","scPin2":"PIN2 परिवर्तन","scPuk":"PIN बाधा हटाउनु","scPuk2":"PIN2 बाधा हटाउनुहोस्","scImei":"IMEI","scUssd":"USSD","serviceClassVoice":"स्वर","serviceClassData":"डाटा","serviceClassFax":"फ्याक्स","serviceClassSms":"एसएमएस","serviceClassDataSync":"सिन्क्रोनाइज","serviceClassDataAsync":"असक्रमित","serviceClassPacket":"प्याकेट","serviceClassPad":"PAD","smServiceEnabled":"सेवा सक्षम पारियो","smServiceDisabled":" सेवा अक्षम भएको छ।","smServiceRegistered":"दर्ता सफल भएको छ।","smServiceErased":"मेट्ने काम सफल भयो।","smServiceInterrogated":"तपाईको अनुरोध सफल भयो।","smServiceNotProvisioned":"सेवा लिइएको छैन","smClirPermanent":"तपाईले कलर आइडि सेटिङ्ग परिर्वतन गर्न मिल्दैन","smClirDefaultOnNextCallOn":"पूर्वनिर्धारित कलर आइडि निशेधित। पछिल्लो कल: निशेधित","smClirDefaultOnNextCallOff":"पूर्वनिर्धारित कलर आइडि निशेधित। पछिल्लो कल: निशेधित नगरिएको","smClirDefaultOffNextCallOn":"पूर्वनिर्धारित कलर आइडि निशेधित नगरिएको। पछिल्लो कल: निशेधित","smClirDefaultOffNextCallOff":"पूर्वनिर्धारित कलर आइडि निशेधित नगरिएको। पछिल्लो कल: निशेधित नगरिएको","smServiceEnabledFor":"सेवा यसका लागि सक्षम पारियो:","smPinChanged":"PIN सफलतापूर्वक परिवर्तन भयो","smPinUnblocked":"PIN सफलतापूर्वक अनब्लक भयो","smPin2Changed":"PIN२ सफलतापूर्वक परिवर्तन भयो","smPin2Unblocked":"PIN२ सफलतापूर्वक अनब्लक भयो","ServiceIsEnabled":"Service is enabled","ServiceIsDisabled":"Service is disabled","ServiceIsEnabledFor":"Service is enabled for:","emMmiError":"जडानमा समस्या वा अवैध MMI कोड","emMmiErrorPasswordIncorrect":"गलत पासवर्ड","emMmiErrorNotSupported":"अवैध वा असमर्थित MMI कोड","emMmiErrorInvalidAction":"रद्ध रोजाइ","emMmiErrorInvalidScCode":"रद्ध सेवा कोड","emMmiErrorBadPuk":"ेतपाईले लेख्नु भएको PUK गलत भयो।","emMmiErrorBadPin":"तपाईले लेख्नु भएको पुरानो PIN सहि छैन।","emMmiErrorNeedPuk2":"PUK2 लेखि सिम कार्डको रोक हटाउनु होस्।","emMmiErrorMismatchPin":"तपाईले लेख्नु भएको PIN हरु मेल खाएन।","emMmiErrorInvalidPin":"४ देखि ८ अङ्कको PIN लेख्नु होस्।","emMmiErrorNeedsPuk":"तपाईँको सिम कार्ड PUK-ताल्चा लागेको छ","emMmiErrorEnablePin":"असफल। SIM/RUIM LOCK सक्षम पार्नुहोस्","emMmiErrorMmiFdn":"सञ्चालन स्थिर डायल सङ्ख्याहरुका लागि मात्र रोक लगाईएकोछ","emMmiErrorStkCcUssdDial":"USSD अनुरोध DIAL अनुरोधमा परिमाजन गरियो","emMmiErrorStkCcUssdSs":"USSD अनुरोध SS अनुरोधमा परिमाजन गरियो","emMmiErrorStkCcUssdUssd":"USSD अनुरोध नयाँ USSD अनुरोधमा परिमाजन गरियो","emMmiErrorStkCcSsDial":"SS अनुरोध DIAL अनुरोधमा परिमाजन गरियो","emMmiErrorStkCcSsUssd":"SS अनुरोध USSD अनुरोधमा परिमाजन गरियो","emMmiErrorStkCcSsSs":"SS अनुरोध नयाँ SS अनुरोधमा परिमाजन गरियो","emMmiErrorPinPukAttempts":{"_index":["plural","n"],"_":{"one":"{{ n }} कोसिस मात्र बाँकी","two":"{{ n }} कोसिसहरु बाँकी","few":"{{ n }} कोसिसहरु बाँकी","many":"{{ n }} कोसिसहरु बाँकी","other":"{{ n }} कोसिसहरु बाँकी"}},"emMmiErrorSimBlocked":"अधिकतम पुन: प्रयास सङ्ख्याले सीमा नाघ्यो।SIM रोकियो","RadioNotAvailable":"रेडियो उपलब्ध छैन","GenericFailure":"साधारण विफल","PasswordIncorrect":"गलत पासवर्ड","SimPin2":"SIM PIN२","SimPuk2":"SIM PUK२","RequestNotSupported":"अनुरोध असमर्थित","OpNotAllowedDuringVoiceCall":"वाच्य कलका बेला सञ्चालन अनुमति नदिईएको","SmsSendFailRetry":"SMS पठाउन असफल पुन: प्रयास गर्नुहोस्","SimAbsent":"SIM अनुपस्थित","SubscriptionNotAvailable":"सदस्यता उपलब्ध छैन","ModeNotSupported":"शैली समर्थित छैन","FdnCheckFailure":"Fdn जाँच विफल","IllegalSimOrMe":"अवैध SIM वा ME","DialModifiedToUssd":"डायल USSDमा परिमार्जित गरियो","DialModifiedToSs":"डायल SSमा परिमार्जित गरियो","DialModifiedToDial":"डायल डायलमा परिमार्जित गरियो","UssdModifiedToDial":"USSD डायलमा परिमार्जित गरियो","UssdModifiedToSs":"USSD SSमा परिमार्जित गरियो","UssdModifiedToUssd":"USSD USSDमा परिमार्जित गरियो","SsModifiedToDial":"डायल SSमा परिमार्जित गरियो","SsModifiedToUssd":"USSD SSमा परिमार्जित गरियो","SsModifiedToSs":"SS SSमा परिमार्जित गरियो","SubscriptionNotSupported":"सदस्यता समर्थित छैन","InvalidParameter":"अवैध परामिति","RejectedByRemote":"प्रतिकरणद्वारा अस्वीकार","conferenceCall":"Conference ({{n}})","caller-left-call":"{{ caller }} ले कल छोडेको छ।","conferenceAddError":"कलहरु मिलाउन असमर्थ","conferenceRemoveError":"कलहरु नमिलाउन असमर्थ","longDateFormat":"%A, %B %e","select-audio-sources":"श्रवनस्रोत चयन गर्नुहोस्","bluetooth-handsfree-device":"ब्लुटुथ स्वतन्त्र यन्त्र हो","receiver":"प्रप्तिकर्ता","speaker":"Speaker","voicemailNoNumberTitle":"Voicemail number is unavailable","voicemailNoNumberText":"Unable to call the voicemail. Set up the voicemail number to place the call.","voicemailNoNumberSettings":"Settings","voicemailNoNumberCancel":"Cancel","phoneNumberInput":{"ariaLabel":"Phone number"},"keypadDelete":{"ariaLabel":"Delete"},"voiceMailKey":{"ariaLabel":"Voicemail"},"asterisk":{"ariaLabel":"Asterisk"},"hashSign":{"ariaLabel":"Hash sign"}}