{"close":"Sluiten","import":"Importeren","update":"Bijwerken","fbFriends":"Facebook-vrienden","live-serviceName":"Outlook","gmail-serviceName":"Gmail","facebook-serviceName":"Facebook-vrienden","selectAll":"Alles selecteren","deselectAll":"Alles deselecteren","viewAll":"Alle Facebook-vrienden bekijken","viewRecommend":"Alleen aanbevolen bekijken","linkProposal":{"_index":["plural","numFriends"],"_":{"zero":"Geen vrienden gevonden. Alle worden getoond","one":"De aanbevolen selecteren","two":"Een aanbevolen selecteren","few":"Een aanbevolen selecteren","many":"Een aanbevolen selecteren","other":"Een aanbevolen selecteren"}},"fbFriendsFound":{"_index":["plural","numFriends"],"_":{"zero":"Al uw vrienden zijn geïmporteerd","one":"Eén te importeren vriend gevonden","two":"{{numFriends}} te importeren vrienden gevonden","few":"{{numFriends}} te importeren vrienden gevonden","many":"{{numFriends}} te importeren vrienden gevonden","other":"{{numFriends}} te importeren vrienden gevonden"}},"fbNoFriends":"Geen contacten beschikbaar om te importeren","facebook":"Facebook","search-contact":{"placeholder":"Zoeken"},"noResults":"Geen contacten gevonden","done-search":"Gereed","progressFB3ImportTitle":"Vrienden naar contacten importeren","progressFB":"{{current}}/{{total}}","progressFB3UpdateTitle":"Vrienden in contacten bijwerken","message2":"Dit kan enkele minuten duren","messageLinking":"Een moment geduld. Uw vriend en uw contact worden aan elkaar gekoppeld.","messageCanceling":"Een moment. De huidige bewerking wordt geannuleerd.","error1":"Fout {{from}}","error2":"Wilt u het nogmaals proberen?","errorProposal":"voorstellen berekenen","errorFriends":"vrienden ophalen","errorLinking":"contact koppelen","timeout1":"Time-out overschreden {{from}}","timeout2":"Wilt u het nogmaals proberen?","timeoutProposal":"voorstellen berekenen","timeoutFriends":"vrienden ophalen","timeoutLinking":"contacten koppelen","wait1":"Een moment geduld","wait2":"Dit kan enkele minuten duren","waitProposal":"Een moment geduld. Er wordt een voorstel berekend.","waitFriends":"Een moment geduld. Er wordt verbinding gemaakt om uw vriendenlijst te verkrijgen.","curtainCancel":"Annuleren","curtainRetry":"Opnieuw proberen","curtainOK":"OK","connectionLost":"Geen internetverbinding","connectionLostMsg":"Foto’s van vrienden worden niet aan uw contacten toegevoegd. Toch doorgaan?","yesOption":"Ok","noOption":"Annuleren","friendsUpdated":{"_index":["plural","numFriends"],"_":{"zero":"Geen vrienden bijgewerkt","one":"Eén vriend bijgewerkt","two":"{{numFriends}} vrienden bijgewerkt","few":"{{numFriends}} vrienden bijgewerkt","many":"{{numFriends}} vrienden bijgewerkt","other":"{{numFriends}} vrienden bijgewerkt"}},"friendsMerged":{"_index":["plural","numDups"],"_":{"zero":"Geen dubbele vrienden samengevoegd","one":"Eén dubbele vriend samengevoegd","two":"{{numDups}} vrienden samengevoegd","few":"{{numDups}} vrienden samengevoegd","many":"{{numDups}} vrienden samengevoegd","other":"{{numDups}} vrienden samengevoegd"}},"notificationLogin":"Uw Facebook-sessie is ongeldig. Meld u aan.","syncError":"Er is een fout opgetreden tijdens het synchroniseren van de gegevens van uw vriend","callAirplaneModeMessage":"Om te kunnen bellen dient u de vliegtuigmodus uit te schakelen onder Instellingen.","callAirplaneModeBtnOk":"OK","callAirplaneModeTitle":"Vliegtuigmodus geactiveerd","numberIsBusyTitle":"Nummer is in gesprek","numberIsBusyMessage":"Het nummer is momenteel in gesprek. Probeer het later nog eens.","fdnIsActiveTitle":"FDN actief","fdnIsActiveMessage":"FDN (Fixed Dialing Numbers) is geactiveerd en het volgende nummer staat niet in uw FDN-lijst: {{ number }}","voiceMail":"Voicemail","emergencyNumber":"Alarmnummer","emergencyDialogBodyBadNumber":"Om te kunnen bellen moet de telefoon verbinding hebben met een netwerk.","emergencyDialogBodyDeviceNotAccepted":"Noodoproepen zijn niet toegestaan door het netwerk.","emergencyDialogBtnOk":"OK","emergencyDialogTitle":"Geen netwerkverbinding","invalidNumberToDialTitle":"Ongeldig telefoonnummer","invalidNumberToDialMessage":"Het telefoonnummer dat u belt is niet geldig.","unableToCallTitle":"Kan nu geen telefoongesprek voeren","unableToCallMessage":"Kan nu niet bellen. Als u al een nummer draait, hang dan eerst op.","otherConnectionInUseTitle":"Andere verbinding in gebruik","otherConnectionInUseMessage":"U hebt een actief gesprek op een andere verbinding. U kunt slechts één verbinding tegelijk gebruiken.","add":"Toevoegen","call":"Bellen","edit":"Bewerken","cancel":"Annuleren","done":"Gereed","ok":"OK","retry":"Opnieuw","contacts":"Contacten","addContact":"Toevoegen","deleteContact":"Contact verwijderen","selectContact":"Contact selecteren","editContact":"Bewerken","deleteConfirmMsg":"Contact verwijderen?","remove":"Verwijderen","delete":"Verwijderen","comments":"Notities","no_contact_phones":"Dit contact heeft geen telefoonnummer","no_contact_email":"Dit contact heeft geen e-mailadres","no_contact_data":"Dit contact heeft geen telefoonnummer en e-mailadres","removePhotoConfirm":"Contactafbeelding verwijderen?","loadingContacts":"Contacten laden…","noContactsActivity":"Toevoegen aan contact niet mogelijk, omdat uw contactenlijst leeg is","noName":"Geen naam","givenName":{"placeholder":"Naam"},"familyName":{"placeholder":"Achternaam"},"tel":{"placeholder":"Telefoon"},"carrier":{"_":"Mobiel netwerk","placeholder":"Mobiel netwerk"},"separator":",","email":{"_":"E-mailadres","placeholder":"E-mailadres"},"streetAddress":{"placeholder":"Straat"},"postalCode":{"placeholder":"Postcode"},"locality":{"placeholder":"Plaats"},"countryName":{"placeholder":"Land"},"comment":{"placeholder":"Notitie"},"org":{"placeholder":"Organisatie"},"date":{"_":"Datum","placeholder":"Datum"},"date-span-placeholder":"Datum","birthday":"Verjaardag","dateFormat":"%e %B","dateOutput":"{{dayMonthFormatted}} {{year}}","anniversary":"Speciale datum","addPhoto":"Afbeelding toevoegen","addPhone":"Telefoon toevoegen","addEmail":"E-mailadres toevoegen","addAddress":"Adres toevoegen","addDate":"Datum toevoegen","addComment":"Notitie toevoegen","addFavorite":"Toevoegen als Favoriet","removeFavorite":"Verwijderen als Favoriet","exit":"Afsluiten","expand":"Uitvouwen","labelName":"Naam:","labelLastName":"Achternaam:","labelPhoneNumber":"Telefoonnummer:","labelCarrier":"Mobiel netwerk:","labelEmail":"E-mailadres:","labelStreet":"Straat:","labelZip":"Postcode:","labelCity":"Plaats:","labelCountry":"Land:","labelComment":"Notitie:","legendTitleMain":"Belangrijkste informatie","legendPhones":"Telefoonnummers","legendEmail":"E-mailadressen","legendAddress":"Adres","legendPhoto":{"ariaLabel":"Foto"},"settings":"Instellingen","transferContactsTitle":"Contacten overzetten","importContactsTitle":"Contacten importeren","importContactsButton":"Contacten importeren","exportContactsTitle":"Contacten exporteren","exportContactsButton":"Contacten exporteren","exportContactsAction":"Exporteren","simExport-title":"Exporteren naar simkaart","sdExport-title":"Exporteren naar SD-kaart","btExport-title":"Exporteren naar Bluetooth","sdUMSEnabled":"Kan SD-kaart niet gebruiken, omdat USB-opslag is ingeschakeld","exportErrorTitle":"Fout bij exporteren","contactsExported2":{"_index":["plural","exported"],"_":{"zero":"Geen contacten geëxporteerd","one":"{{exported}}/{{total}} contacten geëxporteerd","two":"{{exported}}/{{total}} contacten geëxporteerd","few":"{{exported}}/{{total}} contacten geëxporteerd","many":"{{exported}}/{{total}} contacten geëxporteerd","other":"{{exported}}/{{total}} contacten geëxporteerd"}},"exportError-general":"Er is een fout opgetreden tijdens het exporteren","exportError-SD-shared":"Kan geheugenkaart niet benaderen, omdat deze is gedeeld","exportError-SD-unavailable":"Geheugenkaart is niet beschikbaar","exportError-SD-noSpace":"Er is niet genoeg ruimte op de geheugenkaart om de contacten te exporteren","exportError-SIM-unavailable":"Simkaart is niet beschikbaar","exportError-BT-shared":"Kan geheugenkaart niet benaderen, omdat deze is gedeeld","exportError-BT-unavailable":"Geheugenkaart is niet beschikbaar","exportError-BT-noSpace":"Er is niet genoeg ruimte op de geheugenkaart om de contacten te exporteren","social-network":"Sociale netwerken","social-link":"Contact koppelen","social-unlink":"Contact ontkoppelen","social-unlink-confirm-title":"Wilt u uw vriend ontkoppelen?","social-unlink-confirm-accept":"Ontkoppelen","facebook-import":"Facebook-vrienden importeren","show-fb-profile":"Facebook-profiel bekijken","msg-send":"Bericht","wall-post":"Prikbordbericht","facebook-export-forbidden":"Het contact kan vanwege Facebook-beperkingen niet worden gedeeld.","otherAccount":"Andere accounts","facebookSwitchMsg":"Vrienden synchroniseren","select_mobile":"Mobiel selecteren","select_email":"E-mail selecteren","select_recipient":"Ontvanger selecteren","contactsOrderBy":"Sorteren op achternaam","importSim2":"Simkaart","importGmail":"Gmail","bluetooth":"Bluetooth","importOutlook":"Outlook","fbUpdateFriends":"Geïmporteerde vrienden bijwerken","cleaningFbData":"Facebook-gegevens verwijderen","loggingOutFb":"Afmelden bij Facebook","cleanFbConfirmMsg":"Alle Facebook-gegevens verwijderen?","renewPwdMsg":"Uw wachtwoord bij Facebook is gewijzigd. Werk het bij.","notEnabledYet":"Nog niet ingeschakeld","genericNoConnection":"Maak verbinding met een wifi- of gegevensnetwerk om contacten te importeren","simCard":"Simkaart","memoryCard":"Geheugenkaart","simNumber":"Simkaart {{number}}","setICEButton":"ICE-contacten instellen","ICESettingTitle":"ICE-contacten","ICEDescription":"Voeg twee contacten toe voor het maken van “In geval van nood”-oproepen.","ICEContact1":"ICE-contact 1","ICESelectContact":"Selecteer een contact","ICEContact2":"ICE-contact 2","create-new":"Nieuw contact aanmaken","import-now":"Contacten van simkaart of Facebook importeren","no-contacts":"Geen contacten","start-adding":"Begin nu met toevoegen","notImported":"Niet geïmporteerd","imported":"Geïmporteerd","today":"Vandaag","yesterday":"Gisteren","organise-contacts":"Contacten ordenen","find-merge-contacts":"Dubbele contacten zoeken","preparing-contacts":"Contacten voorbereiden","exportError-SIM-NoFreeRecordFound":"Simkaart is vol","exportError-SIM-CannotAccessPhoneBook":"Kan telefoonboek van simkaart niet benaderen","exportError-SIM-Unavailable":"Geen simkaart gevonden","exportError-SIM-GenericError":"Er is een fout opgetreden bij het exporteren van een contact","noSimMsgExport":"Plaats of ontgrendel uw simkaart om contacten te exporteren","noMemoryCardMsgExport":"Plaats een geheugenkaart om contacten te exporteren","ContactManagementTitle":"Contactenbeheer","DeleteTitle":"Verwijderen","bulkDeleteButton":"Contacten verwijderen","BulkDelCancel":"Contacten verwijderen geannuleerd","DeletedTxt":{"_index":["plural","n"],"_":{"zero":"Geen contacten te verwijderen","one":"1 contact verwijderd","two":"{{n}} contacten verwijderd","few":"{{n}} contacten verwijderd","many":"{{n}} contacten verwijderd","other":"{{n}} contacten verwijderd"}},"DeletingContacts":"Contacten verwijderen","ContactConfirmDel":{"_index":["plural","n"],"_":{"zero":"Geen contacten te verwijderen","one":"1 contact verwijderen? Dit kan niet ongedaan worden gemaakt.","two":"{{n}} contacten verwijderen? Dit kan niet ongedaan worden gemaakt.","few":"{{n}} contacten verwijderen? Dit kan niet ongedaan worden gemaakt.","many":"{{n}} contacten verwijderen? Dit kan niet ongedaan worden gemaakt.","other":"{{n}} contacten verwijderen? Dit kan niet ongedaan worden gemaakt."}},"SelectedTxt":{"_index":["plural","n"],"_":{"zero":"Contacten","one":"{{n}} geselecteerd","two":"{{n}} geselecteerd","few":"{{n}} geselecteerd","many":"{{n}} geselecteerd","other":"{{n}} geselecteerd"}},"video":"Video","audio":"Audio","pick_destination":"{{ destination }} {{ carrier }}","removeField":{"ariaLabel":"Verwijderen"},"undo":{"ariaLabel":"Ongedaan maken"},"back":"Terug","noSimMsg":"Plaats of ontgrendel uw simkaart om contacten te importeren","noMemoryCardMsg":"Plaats een geheugenkaart om contacten te importeren","importMemoryCard":"Geheugenkaart","noConnection11":"Maak verbinding met een wifi- of gegevensnetwerk om Facebook-vrienden of contacten te importeren","simContacts-import":"Simcontacten importeren","simContacts-importing":"Simcontacten importeren…","simContacts-reading":"Lezen vanaf simkaart…","simContacts-error":"Kon geen contacten vanaf simkaart importeren","simContacts-imported3":{"_index":["plural","n"],"_":{"zero":"Geen contacten op simkaart gevonden om te importeren","one":"Eén contact geïmporteerd","two":"{{n}} contacten geïmporteerd","few":"{{n}} contacten geïmporteerd","many":"{{n}} contacten geïmporteerd","other":"{{n}} contacten geïmporteerd"}},"memoryCardContacts-import":"Contacten van geheugenkaart importeren","memoryCardContacts-importing":"Contacten van geheugenkaart importeren…","memoryCardContacts-reading":"Lezen vanaf geheugenkaart…","memoryCardContacts-error":"Kon geen contacten vanaf geheugenkaart importeren","memoryCardContacts-imported3":{"_index":["plural","n"],"_":{"zero":"Geen contacten op geheugenkaart gevonden om te importeren","one":"Eén contact geïmporteerd","two":"{{n}} contacten geïmporteerd","few":"{{n}} contacten geïmporteerd","many":"{{n}} contacten geïmporteerd","other":"I{{n}} contacten geïmporteerd"}},"genericProgress":"{{current}}/{{total}}","facebook-import-msg":{"_index":["plural","imported"],"_":{"zero":"Geen vrienden geïmporteerd (van {{total}})","one":"Eén vriend geïmporteerd (van {{total}})","two":"{{imported}}/{{total}} vrienden geïmporteerd","few":"{{imported}}/{{total}} vrienden geïmporteerd","many":"{{imported}}/{{total}} vrienden geïmporteerd","other":"{{imported}}/{{total}} vrienden geïmporteerd"}},"contactsMerged":{"_index":["plural","numDups"],"_":{"zero":"Geen dubbele contacten samengevoegd","one":"Eén dubbel contact samengevoegd","two":"{{numDups}} contacten samengevoegd","few":"{{numDups}} contacten samengevoegd","many":"{{numDups}} contacten samengevoegd","other":"{{numDups}} contacten samengevoegd"}},"weekday-0-long":"zondag","weekday-1-long":"maandag","weekday-2-long":"dinsdag","weekday-3-long":"woensdag","weekday-4-long":"donderdag","weekday-5-long":"vrijdag","weekday-6-long":"zaterdag","weekday-0-short":"zon","weekday-1-short":"maa","weekday-2-short":"din","weekday-3-short":"woe","weekday-4-short":"don","weekday-5-short":"vrij","weekday-6-short":"zat","month-0-long":"januari","month-1-long":"februari","month-2-long":"maart","month-3-long":"april","month-4-long":"mei","month-5-long":"juni","month-6-long":"juli","month-7-long":"augustus","month-8-long":"september","month-9-long":"oktober","month-10-long":"november","month-11-long":"december","month-0-genitive":"januari","month-1-genitive":"februari","month-2-genitive":"maart","month-3-genitive":"april","month-4-genitive":"mei","month-5-genitive":"juni","month-6-genitive":"juli","month-7-genitive":"augustus","month-8-genitive":"september","month-9-genitive":"oktober","month-10-genitive":"november","month-11-genitive":"december","month-0-short":"jan","month-1-short":"feb","month-2-short":"mrt","month-3-short":"apr","month-4-short":"mei","month-5-short":"jun","month-6-short":"jul","month-7-short":"aug","month-8-short":"sep","month-9-short":"okt","month-10-short":"nov","month-11-short":"dec","minutes-ago-long":{"_index":["plural","value"],"_":{"zero":"zojuist","one":"een minuut geleden","two":"{{value}} minuten geleden","few":"{{value}} minuten geleden","many":"{{value}} minuten geleden","other":"{{value}} minuten geleden"}},"hours-ago-long":{"_index":["plural","value"],"_":{"zero":"zojuist","one":"een uur geleden","two":"{{value}} uur geleden","few":"{{value}} uur geleden","many":"{{value}} uur geleden","other":"{{value}} uur geleden"}},"days-ago-long":{"_index":["plural","value"],"_":{"zero":"vandaag","one":"gisteren","two":"{{value}} dagen geleden","few":"{{value}} dagen geleden","many":"{{value}} dagen geleden","other":"{{value}} dagen geleden"}},"weeks-ago-long":{"_index":["plural","value"],"_":{"zero":"deze week","one":"vorige week","two":"{{value}} weken geleden","few":"{{value}} weken geleden","many":"{{value}} weken geleden","other":"{{value}} weken geleden"}},"months-ago-long":{"_index":["plural","value"],"_":{"zero":"deze maand","one":"vorige maand","two":"{{value}} maanden geleden","few":"{{value}} maanden geleden","many":"{{value}} maanden geleden","other":"{{value}} maanden geleden"}},"years-ago-long":{"_index":["plural","value"],"_":{"zero":"dit jaar","one":"vorig jaar","two":"{{value}} jaar geleden","few":"{{value}} jaar geleden","many":"{{value}} jaar geleden","other":"{{value}} jaar geleden"}},"minutes-until-long":{"_index":["plural","value"],"_":{"zero":"nu","one":"zo meteen","two":"over {{value}} minuten","few":"over {{value}} minuten","many":"over {{value}} minuten","other":"over {{value}} minuten"}},"hours-until-long":{"_index":["plural","value"],"_":{"zero":"nu","one":"over een uur","two":"over {{value}} uur","few":"over {{value}} uur","many":"over {{value}} uur","other":"over {{value}} uur"}},"days-until-long":{"_index":["plural","value"],"_":{"zero":"vandaag","one":"morgen","two":"over {{value}} dagen","few":"over {{value}} dagen","many":"over {{value}} dagen","other":"over {{value}} dagen"}},"weeks-until-long":{"_index":["plural","value"],"_":{"zero":"deze week","one":"volgende week","two":"over {{value}} weken","few":"over {{value}} weken","many":"over {{value}} weken","other":"over {{value}} weken"}},"months-until-long":{"_index":["plural","value"],"_":{"zero":"deze maand","one":"volgende maand","two":"over {{value}} maanden","few":"over {{value}} maanden","many":"over {{value}} maanden","other":"over {{value}} maanden"}},"years-until-long":{"_index":["plural","value"],"_":{"zero":"dit jaar","one":"volgend jaar","two":"over {{value}} jaar","few":"over {{value}} jaar","many":"over {{value}} jaar","other":"over {{value}} jaar"}},"minutes-ago-short":{"_index":["plural","value"],"_":{"zero":"zojuist","other":"{{value}}m geleden"}},"hours-ago-short":{"_index":["plural","value"],"_":{"zero":"zojuist","other":"{{value}}h geleden"}},"days-ago-short":{"_index":["plural","value"],"_":{"zero":"vandaag","other":"{{value}}d geleden"}},"minutes-until-short":{"_index":["plural","value"],"_":{"zero":"nu","other":"over {{value}}m"}},"hours-until-short":{"_index":["plural","value"],"_":{"zero":"nu","other":"over {{value}}h"}},"days-until-short":{"_index":["plural","value"],"_":{"zero":"vandaag","other":"over {{value}}d"}},"incorrectDate":"(onjuiste datum)","dateTimeFormat_%c":"%a %e %b %Y %H:%M:%S","dateTimeFormat_%x":"%d-%m-%Y","dateTimeFormat_%X":"%H:%M:%S","shortTimeFormat":"%H:%M","shortDateTimeFormat":"%x %H:%M","weekStartsOnMonday":"1","time_am":"AM","time_pm":"PM","sim-picker-dial-via-with-number":"{{ phoneNumber }} kiezen via","sim-picker-select-sim":"Selecteer simkaart","sim-picker-button":"Simkaart{{ n }}","sim-picker-button-default":"(standaard)","label":"Label","mobile":"Mobiel","home":"Thuis","work":"Werk","personal":"Privé","faxHome":"Fax thuis","faxOffice":"Fax kantoor","faxOther":"Fax overig","another":"Anders","other":"Anders","customTag":{"placeholder":"Aangepast label"},"current":"Huidig","itemWithLabel":"{{label}}, {{item}}","waitDuplicateContacts":"Zoeken naar dubbele contacten","waitMergingDuplicateContacts":"Dubbele contacten samenvoegen","alertNoDuplicateContacts":"Geen dubbele contacten gevonden","merge":"Samenvoegen","mergeDuplicateTitle":"Duplicaten samenvoegen","suggestedDuplicateContacts":"Voorgestelde dubbele contacten voor {{name}}","mergeActionButtonLabel":{"_index":["plural","n"],"_":{"zero":"Geen contacten geselecteerd","one":"Samenvoegen met {{n}} contact","two":"Samenvoegen met {{n}} contacten","few":"Samenvoegen met {{n}} contacten","many":"Samenvoegen met {{n}} contacten","other":"Samenvoegen met {{n}} contacten"}},"duplicatesFoundTitle":"Duplicaten gevonden","duplicatesFoundMessage":"{{name}} voegt gegevens samen in de volgende contacten","addNewNumber":"Nieuw nummer toevoegen","addToExistingContact":"Toevoegen aan bestaand contact","all":{"_":"Alle","ariaLabel":"Alle"},"callLog":"Oproeplogboek","callLogEdit":{"title":"Oproeplogboek bewerken"},"callLogEditDialog":{"ariaLabel":"Dialoogvenster Oproeplogboek bewerken"},"connecting":"Verbinden","cf-async":"Asynchroon: {{ async }}\\n","cf-data":"Gegevens: {{ data }}\\n","cf-error":"Er is een fout opgetreden tijdens het ophalen van de doorschakelstatus","cf-fax":"FAX: {{ fax }}\\n","cf-inactive":"Inactief","cf-packet":"Pakket: {{ packet }}\\n","cf-pad":"PAD: {{ pad }}\\n","cf-sms":"SMS: {{ sms }}\\n","cf-status":"Doorschakelstatus\\n","cf-sync":"Synchroon: {{ sync }}\\n","cf-voice":"Spraak: {{ voice }}\\n","confirm-deletion":"Geselecteerde oproepen wissen?","createNewContact":"Nieuw contact aanmaken","dialerAddContact":{"ariaLabel":"Contact toevoegen"},"dialerAddContactDialog":{"ariaLabel":"Dialoogvenster Contact toevoegen"},"edit-selected":{"_index":["plural","n"],"_":{"one":"{{ n }} geselecteerd","two":"{{ n }} geselecteerd","few":"{{ n }} geselecteerd","many":"{{ n }} geselecteerd","other":"{{ n }} geselecteerd"}},"hideKeypad":{"ariaLabel":"Toetsenblok verbergen"},"ignore":"Oproep negeren","incoming":"Inkomend","keypad":{"ariaLabel":"Toetsenblok"},"makeCall":{"ariaLabel":"Oproep maken"},"missed":{"_":"Gemist","ariaLabel":"Gemist"},"missedCall":"Gemiste oproep","missedCallMultiSims":"(Simkaart {{ n }}) Gemiste oproep","mmi-error":"Er is een fout opgetreden tijdens het verzenden van het bericht","mmi-session-expired":"Sessie verlopen","mmi-successfully-sent":"Bericht met succes verzonden","mmi-notification-title-with-sim":"({{sim}}) {{title}}","mute":{"ariaLabel":"Dempen"},"newCall":{"ariaLabel":"Nieuwe oproep"},"no-logs-msg-1":"Geen oproepen vermeld","no-logs-msg-2":"Communicatie nu starten","no-logs-msg-3":"Geen gemiste oproepen","recents":{"ariaLabel":"Recente oproepen"},"reply":"Antwoorden","send":"Verzenden","switch-calls":"Gesprekken wisselen","withheld-number":"Onderdrukt nummer","from-contact":"Van {{ contact }}","from-number":"Van {{ number }}","from-withheld-number":"Van onderdrukt nummer","sending":"Verzenden…","speakerOption":{"ariaLabel":"Luidspreker"},"ussd-services":"{{ operator }}-services","toggleKeypad":{"ariaLabel":"Toetsenblok in-/uitschakelen"},"type-your-response":{"placeholder":"Typ uw antwoord…"},"clear-all-text":"Alle tekst wissen","hide":"Verbergen","hold":{"ariaLabel":"Wachtstand"},"resume":{"_":"Hervatten","ariaLabel":"Hervatten"},"sendSms":"Bericht verzenden","callEnded":"Gesprek beëindigd","via-sim":"via simkaart{{ n }}","sim-number":"Simkaart{{ n }}","hangup-a11y-button":{"ariaLabel":"Ophangen"},"pickup-a11y-button":{"ariaLabel":"Opnemen"},"unlock-a11y-button":{"ariaLabel":"Schuifregelaar"},"roaming":"{{operator}} (Roaming)","delete-n-log?":{"_index":["plural","n"],"_":{"zero":"Niets geselecteerd","one":"Geselecteerde logboekvermelding verwijderen?","two":"{{ n }} logboekvermeldingen verwijderen?","few":"{{ n }} logboekvermeldingen verwijderen?","many":"{{ n }} logboekvermeldingen verwijderen?","other":"{{ n }} logboekvermeldingen verwijderen?"}},"callDurationMinutes":"{{ m }}:{{ s }}","callDurationHours":"{{ h }}:{{ m }}:{{ s}}","suggestionMatches":{"_index":["plural","n"],"_":{"one":"{{ n }} overeenkomst voor “{{ matchNumber }}”","two":"{{ n }} overeenkomsten voor “{{ matchNumber }}”","few":"{{ n }} overeenkomsten voor “{{ matchNumber }}”","many":"{{ n }} overeenkomsten voor “{{ matchNumber }}”","other":"{{ n }} overeenkomsten voor “{{ matchNumber }}”"}},"scCallBarring":"Oproep blokkeren","scCallForwarding":"Doorschakelen","scClip":"Nummerweergave inkomend","scClir":"Nummerweergave uitgaand","scPwd":"Wachtwoordwijziging","scCallWaiting":"Wisselgesprek","scPin":"Pinwijziging","scPin2":"Pin2-wijziging","scPuk":"Pin deblokkeren","scPuk2":"Pin2 deblokkeren","scImei":"IMEI","scUssd":"USSD","serviceClassVoice":"Spraak","serviceClassData":"Gegevens","serviceClassFax":"FAX","serviceClassSms":"SMS","serviceClassDataSync":"Sync","serviceClassDataAsync":"Async","serviceClassPacket":"Pakket","serviceClassPad":"PAD","smServiceEnabled":"Service is ingeschakeld","smServiceDisabled":"Service is uitgeschakeld","smServiceRegistered":"Registratie is gelukt","smServiceErased":"Verwijdering is gelukt","smServiceInterrogated":"Aanvraag is gelukt","smServiceNotProvisioned":"Service niet ingericht","smClirPermanent":"U kunt de nummerweergave-instelling niet wijzigen","smClirDefaultOnNextCallOn":"Nummerweergave is standaard beperkt. Volgende oproep: beperkt","smClirDefaultOnNextCallOff":"Nummerweergave is standaard beperkt. Volgende oproep: niet beperkt","smClirDefaultOffNextCallOn":"Nummerweergave is standaard niet beperkt. Volgende oproep: beperkt","smClirDefaultOffNextCallOff":"Nummerweergave is standaard niet beperkt. Volgende oproep: niet beperkt","smServiceEnabledFor":"Service is ingeschakeld voor:","smPinChanged":"Pincode met succes gewijzigd","smPinUnblocked":"Pincode met succes gedeblokkeerd","smPin2Changed":"Pincode2 met succes gewijzigd","smPin2Unblocked":"Pincode2 met succes gedeblokkeerd","ServiceIsEnabled":"Service is enabled","ServiceIsDisabled":"Service is disabled","ServiceIsEnabledFor":"Service is enabled for:","emMmiError":"Verbindingsprobleem of ongeldige MMI-code","emMmiErrorPasswordIncorrect":"Onjuist wachtwoord","emMmiErrorNotSupported":"Ongeldige of niet-ondersteunde MMI-code","emMmiErrorInvalidAction":"Ongeldige actie","emMmiErrorInvalidScCode":"Ongeldige servicecode","emMmiErrorBadPuk":"De ingevoerde pukcode is onjuist","emMmiErrorBadPin":"De oude ingevoerde pincode is onjuist.","emMmiErrorNeedPuk2":"Typ pukcode2 om simkaart te deblokkeren","emMmiErrorMismatchPin":"De ingevoerde pincodes komen niet overeen","emMmiErrorInvalidPin":"Typ een pincode van 4 tot 8 cijfers in","emMmiErrorNeedsPuk":"Uw simkaart is puk-vergrendeld","emMmiErrorEnablePin":"Niet gelukt. Schakel SIM/RUIM LOCK in","emMmiErrorMmiFdn":"Bewerking is beperkt tot vaste telefoonnummers","emMmiErrorStkCcUssdDial":"USSD-aanvraag is aangepast naar DIAL-aanvraag","emMmiErrorStkCcUssdSs":"USSD-aanvraag is aangepast naar SS-aanvraag","emMmiErrorStkCcUssdUssd":"USSD-aanvraag is aangepast naar nieuwe USSD-aanvraag","emMmiErrorStkCcSsDial":"SS-aanvraag is aangepast naar DIAL-aanvraag","emMmiErrorStkCcSsUssd":"SS-aanvraag is aangepast naar USSD-aanvraag","emMmiErrorStkCcSsSs":"SS-aanvraag is aangepast naar nieuwe SS-aanvraag","emMmiErrorPinPukAttempts":{"_index":["plural","n"],"_":{"one":"Nog {{ n }} nieuwe poging resterend","two":"{{ n }} nieuwe pogingen resterend","few":"{{ n }} nieuwe pogingen resterend","many":"{{ n }} nieuwe pogingen resterend","other":"{{ n }} nieuwe pogingen resterend"}},"emMmiErrorSimBlocked":"Maximumaantal nieuwe pogingen bereikt. Simkaart geblokkeerd","RadioNotAvailable":"Radio niet beschikbaar","GenericFailure":"Algemene fout","PasswordIncorrect":"Wachtwoord onjuist","SimPin2":"Simpincode2","SimPuk2":"Simpukcode2","RequestNotSupported":"Aanvraag niet ondersteund","OpNotAllowedDuringVoiceCall":"Bewerking niet toegestaan tijdens spraakoproep","SmsSendFailRetry":"Sms-verzendfout-herhaling","SimAbsent":"Simkaart ontbreekt","SubscriptionNotAvailable":"Abonnement niet beschikbaar","ModeNotSupported":"Modus niet ondersteund","FdnCheckFailure":"Fdn-controle mislukt","IllegalSimOrMe":"Ongeldig(e) simkaart of ME","DialModifiedToUssd":"Dial aangepast naar USSD","DialModifiedToSs":"Dial aangepast naar SS","DialModifiedToDial":"Dial aangepast naar dial","UssdModifiedToDial":"USSD aangepast naar dial","UssdModifiedToSs":"USSD aangepast naar SS","UssdModifiedToUssd":"USSD aangepast naar USSD","SsModifiedToDial":"SS aangepast naar dial","SsModifiedToUssd":"SS aangepast naar USSD","SsModifiedToSs":"SS aangepast naar SS","SubscriptionNotSupported":"Abonnement niet ondersteund","InvalidParameter":"Ongeldige parameter","RejectedByRemote":"Geweigerd door externe partij","conferenceCall":"Vergadering ({{n}})","caller-left-call":"{{ caller }} heeft het gesprek verlaten.","conferenceAddError":"Kan gesprekken niet samenvoegen","conferenceRemoveError":"Kan gesprekken niet splitsen","longDateFormat":"%A %e %B","select-audio-sources":"Audiobronnen selecteren","bluetooth-handsfree-device":"Bluetooth-handsfree-apparaat","receiver":"Ontvanger","speaker":"Luidspreker","voicemailNoNumberTitle":"Voicemailnummer niet beschikbaar","voicemailNoNumberText":"Kan voicemail niet bellen. Stel het voicemailnummer in om de oproep te maken.","voicemailNoNumberSettings":"Instellingen","voicemailNoNumberCancel":"Annuleren","phoneNumberInput":{"ariaLabel":"Telefoonnummer"},"keypadDelete":{"ariaLabel":"Verwijderen"},"voiceMailKey":{"ariaLabel":"Voicemail"},"asterisk":{"ariaLabel":"Sterretje"},"hashSign":{"ariaLabel":"Hashteken"}}