{"close":"ਬੰਦ ਕਰੋ","import":"ਦਰਾਮਦ","update":"ਅੱਪਡੇਟ","fbFriends":"ਫੇਸਬੁੱਕ ਦੋਸਤ","live-serviceName":"ਆਉਟਲੁੱਕ","gmail-serviceName":"ਜੀਮੇਲ","facebook-serviceName":"ਫੇਸਬੁੱਕ ਦੋਸਤ","selectAll":"ਸਭ ਚੁਣੋ","deselectAll":"ਸਭ ਨਾ-ਚੁਣੋ","viewAll":"ਸਭ ਫੇਸਬੁੱਕ ਦੋਸਤ ਵੇਖੋ","viewRecommend":"ਕੇਵਲ ਵੇਖਣਾ ਸਿਫਾਰਸ਼ੀ","linkProposal":{"_index":["plural","numFriends"],"_":{"zero":"ਕੋਈ ਮਿਲਦਾ ਦੋਸਤ ਨਹੀਂ। ਸਭ ਵੇਖਾਏ ਜਾ ਰਹੇ ਹਨ","one":"ਸਿਫਾਰਸ਼ ਕੀਤਾ ਇੱਕ ਚੁਣੋ","two":"ਸਿਫਾਰਸ਼ ਕੀਤਾ ਇੱਕ ਚੁਣੋ","few":"ਸਿਫਾਰਸ਼ ਕੀਤਾ ਇੱਕ ਚੁਣੋ","many":"ਸਿਫਾਰਸ਼ ਕੀਤਾ ਇੱਕ ਚੁਣੋ","other":"ਸਿਫਾਰਸ਼ ਕੀਤਾ ਇੱਕ ਚੁਣੋ"}},"fbFriendsFound":{"_index":["plural","numFriends"],"_":{"zero":"ਤੁਹਾਡੇ ਸਭ ਦੋਸਤ ਇੰਪੋਰਟ ਕੀਤੇ ਗਏ","one":"ਇੰਪੋਰਟ ਕਰਨ ਲਈ ਇੱਕ ਦੋਸਤ ਲੱਭਿਆ","two":"ਇੰਪੋਰਟ ਕਰਨ ਲਈ {{numFriends}} ਦੋਸਤ ਲੱਭੇ","few":"ਇੰਪੋਰਟ ਕਰਨ ਲਈ {{numFriends}} ਦੋਸਤ ਲੱਭੇ","many":"ਇੰਪੋਰਟ ਕਰਨ ਲਈ {{numFriends}} ਦੋਸਤ ਲੱਭੇ","other":"ਇੰਪੋਰਟ ਕਰਨ ਲਈ {{numFriends}} ਦੋਸਤ ਲੱਭੇ"}},"fbNoFriends":"No contacts available to import","facebook":"ਫੇਸਬੁੱਕ","search-contact":{"placeholder":"ਖੋਜ"},"noResults":"ਕੋਈ ਸੰਪਰਕ ਨਹੀਂ ਲੱਭਿਆ","done-search":"ਮੁਕੰਮਲ","progressFB3ImportTitle":"ਦੋਸਤ ਸੰਪਰਕ ਵਿੱਚ ਇੰਪੋਰਟ ਕੀਤੇ ਜਾ ਰਹੇ ਹਨ","progressFB":"{{current}}/{{total}}","progressFB3UpdateTitle":"ਸੰਪਰਕਾਂ ਵਿੱਚ ਦੋਸਤ ਅੱਪਡੇਟ ਕੀਤੇ ਜਾ ਰਹੇ ਹਨ","message2":"ਇਸ ਨੂੰ ਕੁਝ ਕੁ ਮਿੰਟ ਵੀ ਲੱਗ ਸਕਦੇ ਹਨ","messageLinking":"ਰੁਕੋ ਜੀ। ਅਸੀਂ ਤੁਹਾਡੇ ਮਿੱਤਰ ਤੇ ਤੁਹਾਡੇ ਸੰਪਰਕ ਨੂੰ ਜੋੜ ਰਹੇ ਹਾਂ।","messageCanceling":"ਰੁਕੋ ਜੀ। ਅਸੀਂ ਜਾਰੀ ਕਾਰਵਾਈ ਨੂੰ ਰੱਦ ਕਰ ਰਹੇ ਹਾਂ","error1":"{{from}} ਤੋਂ ਗਲਤੀ","error2":"ਕੀ ਤੁਸੀਂ ਮੁੜ-ਕੋਸ਼ਿਸ਼ ਕਰਨੀ ਚਾਹੁੰਦੇ ਹੋ?","errorProposal":"ਪੇਸ਼ਕਸ਼ਾਂ ਦੀ ਗਿਣਤੀ ਕੀਤੀ ਜਾ ਰਹੀ ਹੈ","errorFriends":"ਦੋਸਤ ਪ੍ਰਾਪਤ ਕੀਤੇ ਜਾ ਰਹੇ ਹਨ","errorLinking":"ਸੰਪਰਕ ਲਿੰਕ ਕੀਤਾ ਜਾ ਰਿਹਾ ਹੈ","timeout1":"{{from}} ਲਈ ਸਮਾਂ ਸਮਾਪਤ ਹੋਇਆ","timeout2":"ਕੀ ਤੁਸੀਂ ਮੁੜ-ਕੋਸ਼ਿਸ਼ ਕਰਨੀ ਚਾਹੁੰਦੇ ਹੋ?","timeoutProposal":"ਪੇਸ਼ਕਸ਼ਾਂ ਦੀ ਗਿਣਤੀ ਕੀਤੀ ਜਾ ਰਹੀ ਹੈ","timeoutFriends":"ਦੋਸਤ ਪ੍ਰਾਪਤ ਕੀਤੇ ਜਾ ਰਹੇ ਹਨ","timeoutLinking":"ਸੰਪਰਕ ਲਿੰਕ ਕੀਤੇ ਜਾ ਰਹੇ ਹਨ","wait1":"ਰੁਕੋ ਜੀ","wait2":"ਇਸ ਨੂੰ ਕੁਝ ਕੁ ਮਿੰਟ ਵੀ ਲੱਗ ਸਕਦੇ ਹਨ","waitProposal":"ਰੁਕੋ ਜੀ। ਅਸੀਂ ਪੇਸ਼ਕਸ਼ ਦੀ ਗਿਣਤੀ ਕਰ ਰਹੇ ਹਾਂ।","waitFriends":"ਰੁਕੋ ਜੀ। ਅਸੀਂ ਤੁਹਾਡੀ ਦੋਸਤ ਸੂਚੀ ਪ੍ਰਾਪਤ ਕਰਨ ਲਈ ਕੁਨੈਕਟ ਕਰ ਰਹੇ ਹਾਂ।","curtainCancel":"ਰੱਦ ਕਰੋ","curtainRetry":"ਮੁੜ-ਕੋਸ਼ਿਸ਼","curtainOK":"ਠੀਕ ਹੈ","connectionLost":"ਕੋਈ ਇੰਟਰਨੈੱਟ ਕੁਨੈਕਸ਼ਨ ਨਹੀਂ ਹੈ","connectionLostMsg":"ਦੋਸਤਾਂ ਦੀਆਂ ਫੋਟੋ ਤੁਹਾਡੇ ਸੰਪਰਕਾਂ ਲਈ ਨਹੀਂ ਜੋੜੀਆਂ ਜਾਣਗੀਆਂ। ਕੀ ਜਾਰੀ ਰੱਖਣਾ ਹੈ?","yesOption":"ਠੀਕ ਹੈ","noOption":"ਰੱਦ ਕਰੋ","friendsUpdated":{"_index":["plural","numFriends"],"_":{"zero":"ਕੋਈ ਦੋਸਤ ਅੱਪਡੇਟ ਨਹੀਂ ਕੀਤਾ","one":"ਇੱਕ ਦੋਸਤ ਅੱਪਡੇਟ ਕੀਤਾ","two":"{{numFriends}} ਦੋਸਤ ਅੱਪਡੇਟ ਕੀਤੇ","few":"{{numFriends}} ਦੋਸਤ ਅੱਪਡੇਟ ਕੀਤੇ","many":"{{numFriends}} ਦੋਸਤ ਅੱਪਡੇਟ ਕੀਤੇ","other":"{{numFriends}} ਦੋਸਤ ਅੱਪਡੇਟ ਕੀਤੇ"}},"friendsMerged":{"_index":["plural","numDups"],"_":{"zero":"ਕੋਈ ਡੁਪਲੀਕੇਟ ਦੋਸਤ ਮਿਲਾਏ ਨਹੀਂ ਗਿਆ","one":"ਇੱਕ ਡੁਪਲੀਕੇਟ ਦੋਸਤ ਮਿਲਾਇਆ ਗਿਆ","two":"{{numDups}} ਦੋਸਤ ਮਿਲਾਏ ਗਏ","few":"{{numDups}} ਦੋਸਤ ਮਿਲਾਏ ਗਏ","many":"{{numDups}} ਦੋਸਤ ਮਿਲਾਏ ਗਏ","other":"{{numDups}} ਦੋਸਤ ਮਿਲਾਏ ਗਏ"}},"notificationLogin":"ਤੁਹਾਡਾ ਫੇਸਬੁੱਕ ਸ਼ੈਸ਼ਨ ਗਲਤ ਹੈ। ਸਾਇਨ ਇਨ ਕਰੋ।","syncError":"ਤੁਹਾਡੇ ਦੋਸਤਾਂ ਦਾ ਡਾਟਾ ਸਿੰਕ ਕਰਨ ਦੌਰਾਨ ਗਲਤੀ ਆਈ","callAirplaneModeMessage":"ਕਾਲ ਕਰਨ ਲਈ ਤੁਹਾਨੂੰ ਏਅਰਪਲੇਨ ਮੋਡ ਸੈਟਿੰਗ ਵਿੱਚੋਂ ਬੰਦ ਕਰਨਾ ਹੋਵੇਗਾ।","callAirplaneModeBtnOk":"ਠੀਕ ਹੈ","callAirplaneModeTitle":"ਏਅਰਪਲੇਨ ਮੋਡ ਚਾਲੂ ਹੈ","numberIsBusyTitle":"ਨੰਬਰ ਰੁੱਝਿਆ ਹੈ","numberIsBusyMessage":"ਨੰਬਰ ਇਸ ਸਮੇਂ ਰੁਝਿਆ ਹੋਇਆ ਹੈ। ਕਿਰਪਾ ਕਰਕੇ ਬਾਅਦ ਵਿੱਚ ਕੋਸ਼ਿਸ਼ ਕਰੋ।","fdnIsActiveTitle":"FDN ਸਰਗਰਮ","fdnIsActiveMessage":"FDN (ਸਥਿਰ ਡਾਇਲ ਨੰਬਰ) ਸਰਗਰਮ ਹੈ ਅਤੇ ਹੇਠ ਦਿੱਤਾ ਨੰਬਰ ਤੁਹਾਡੀ ਐਫਡੀਐਨ ਸੂਚੀ ਵਿੱਚ ਨਹੀਂ: {{ number }}","voiceMail":"ਵਾਇਸਮੇਲ","emergencyNumber":"ਐਮਰਜੈਂਸੀ ਨੰਬਰ","emergencyDialogBodyBadNumber":"ਕਾਲ ਕਰਨ ਲਈ ਫੋਨ ਨੈੱਟਵਰਕ ਨਾਲ ਕੁਨੈਕਟ ਹੋਣਾ ਚਾਹੀਦਾ ਹੈ।","emergencyDialogBodyDeviceNotAccepted":"ਨੈੱਟਵਰਕ ਉੱਤੇ ਐਮਰਜੈਂਸੀ ਨੰਬਰਾਂ ਦੀ ਇਜ਼ਾਜ਼ਤ ਨਹੀਂ ਹੈ।","emergencyDialogBtnOk":"ਠੀਕ ਹੈ","emergencyDialogTitle":"ਕੋਈ ਨੈੱਟਵਰਕ ਕੁਨੈਕਸ਼ਨ ਨਹੀਂ ਹੈ","invalidNumberToDialTitle":"ਗਲਤ ਫੋਨ ਨੰਬਰ","invalidNumberToDialMessage":"ਫੋਨ ਨੰਬਰ, ਜਿਸ ਉੱਤੇ ਤੁਸੀਂ ਕਾਲ ਕਰ ਰਹੇ ਹੋ, ਠੀਕ ਨਹੀਂ ਹੈ।","unableToCallTitle":"ਹੁਣ ਫੋਨ ਕਾਲ ਕਰਨ ਲਈ ਅਸਮਰੱਥ","unableToCallMessage":"ਕਾਲ ਨਹੀਂ ਕੀਤੀ ਜਾ ਸਕਦੀ। ਜੇ ਤੁਸੀਂ ਪਹਿਲਾਂ ਹੀ ਡਾਇਲ ਕਰ ਰਹੇ ਹੋ ਤਾਂ ਪਹਿਲਾਂ ਰੋਕ ਦਿਉ।","otherConnectionInUseTitle":"ਹੋਰ ਕੁਨੈਕਸ਼ਨ ਵਰਤੋਂ ਵਿੱਚ ਹੈ।","otherConnectionInUseMessage":"ਤੁਹਾਡੇ ਕੋਲ ਹੋਰ ਕੁਨੈਕਸ਼ਨ ਉੱਤੇ ਸਰਗਰਮ ਕਾਲ ਹੈ। ਤੁਸੀਂ ਇੱਕ ਸਮੇਂ ਕੇਵਲ ਇੱਕ ਹੀ ਕੁਨੈਕਸ਼ਨ ਵਰਤ ਸਕਦੇ ਹੋ।","add":"ਜੋੜੋ","call":"ਕਾਲ","edit":"ਸੋਧ","cancel":"ਰੱਦ ਕਰੋ","done":"ਮੁਕੰਮਲ","ok":"ਠੀਕ ਹੈ","retry":"ਮੁੜ-ਕੋਸ਼ਿਸ਼","contacts":"ਸੰਪਰਕ","addContact":"ਸੰਪਰਕ ਜੋੜੋ","deleteContact":"ਸੰਪਰਕ ਹਟਾਓ","selectContact":"ਸੰਪਰਕ ਚੁਣੋ","editContact":"ਸੰਪਰਕ ਸੋਧ","deleteConfirmMsg":"ਸੰਪਰਕ ਹਟਾਉਣਾ ਹੈ?","remove":"ਹਟਾਓ","delete":"ਹਟਾਓ","comments":"ਟਿੱਪਣੀਆਂ","no_contact_phones":"ਇਹ ਸੰਪਰਕ ਕੋਲ ਫੋਨ ਨੰਬਰ ਨਹੀਂ ਹੈ","no_contact_email":"ਇਹ ਸੰਪਰਕ ਕੋਲ ਈਮੇਲ ਸਿਰਨਾਵਾਂ ਨਹੀਂ ਹੈ","no_contact_data":"This contact does not have a phone number and email address","removePhotoConfirm":"ਸੰਪਰਕ ਤਸਵੀਰ ਹਟਾਉਣੀ ਹੈ?","loadingContacts":"…ਸੰਪਰਕ ਲੋਡ ਕੀਤੇ ਜਾ ਰਹੇ ਹਨ","noContactsActivity":"ਸੰਪਰਕ ਜੋੜਿਆ ਨਹੀਂ ਜਾ ਸਕਦਾ ਕਿਉਂਕਿ ਤੁਹਾਡੀ ਸੰਪਰਕ ਸੂਚੀ ਖਾਲੀ ਹੈ।","noName":"ਕੋਈ ਨਾਂ ਨਹੀਂ","givenName":{"placeholder":"ਨਾਂ"},"familyName":{"placeholder":"ਆਖਰੀ ਨਾਂ"},"tel":{"placeholder":"ਫੋਨ"},"carrier":{"_":"ਕੈਰੀਅਰ","placeholder":"ਕੈਰੀਅਰ"},"separator":",","email":{"_":"ਈਮੇਲ","placeholder":"ਈਮੇਲ"},"streetAddress":{"placeholder":"ਗਲਤ"},"postalCode":{"placeholder":"ਜ਼ਿਪ ਕੋਡ"},"locality":{"placeholder":"ਸ਼ਹਿਰ"},"countryName":{"placeholder":"ਦੇਸ਼"},"comment":{"placeholder":"ਟਿੱਪਣੀ"},"org":{"placeholder":"ਕੰਪਨੀ"},"date":{"_":"ਮਿਤੀ","placeholder":"ਮਿਤੀ"},"date-span-placeholder":"ਮਿਤੀ","birthday":"ਜਨਮਦਿਨ","dateFormat":"%e %B ","dateOutput":"{{dayMonthFormatted}} {{year}}","anniversary":"ਵਰੇਗੰਢ","addPhoto":"ਤਸਵੀਰ ਜੋੜੋ","addPhone":"ਫੋਨ ਜੋੜੋ","addEmail":"ਈਮੇਲ ਜੋੜੋ","addAddress":"ਸਿਰਨਾਵਾਂ ਜੋੜੋ","addDate":"ਮਿਤੀ ਜੋੜੋ","addComment":"ਟਿੱਪਣੀ ਜੋੜੋ","addFavorite":"ਪਸੰਦ ਵਿੱਚ ਜੋੜੋ","removeFavorite":"ਪਸੰਦ ਵਿੱਚੋਂ ਹਟਾਓ","exit":"ਬੰਦ ਕਰੋ","expand":"ਫੈਲਾਓ","labelName":"ਨਾਂ:","labelLastName":"ਆਖਰੀ ਨਾਂ:","labelPhoneNumber":"ਫੋਨ ਨੰਬਰ:","labelCarrier":"ਕੈਰੀਅਰ:","labelEmail":"ਈਮੇਲ:","labelStreet":"ਗਲੀ:","labelZip":"ਜ਼ਿਪ ਕੋਡ:","labelCity":"ਸ਼ਹਿਰ:","labelCountry":"ਦੇਸ਼:","labelComment":"ਟਿੱਪਣੀ:","legendTitleMain":"ਮੁੱਖ ਜਾਣਕਾਰੀ","legendPhones":"ਫੋਨ ਨੰਬਰ","legendEmail":"ਈਮੇਲ ਸਿਰਨਾਵਾਂ","legendAddress":"ਸਿਰਨਾਵਾਂ","legendPhoto":{"ariaLabel":"Photo"},"settings":"ਸੈਟਿੰਗ","transferContactsTitle":"ਸੰਪਰਕ ਟਰਾਂਸਫਰ ਕਰੋ","importContactsTitle":"ਸੰਪਰਕ ਦਰਾਮਦ ਕਰੋ","importContactsButton":"ਸੰਪਰਕ ਦਰਾਮਦ","exportContactsTitle":"ਸੰਪਰਕ ਬਰਾਮਦ ਕਰੋ","exportContactsButton":"ਸੰਪਰਕ ਬਰਾਮਦ","exportContactsAction":"ਬਰਾਮਦ","simExport-title":"ਸਿਮ ਉਤੇ ਬਰਾਮਦ","sdExport-title":"SD ਕਾਰਡ ਉੱਤੇ ਬਰਾਮਦ","btExport-title":"ਬਲਿਊਟੁੱਥ ਉੱਤੇ ਬਰਾਮਦ","sdUMSEnabled":"SD ਕਾਰਡ ਦੀ ਵਰਤੋਂ ਨਹੀਂ ਕੀਤੀ ਜਾ ਸਕਦੀ, ਕਿਉਂਕਿ USB ਸਟੋਰੇਜ਼ ਚਾਲੂ ਹੈ","exportErrorTitle":"ਬਰਾਮਦ ਗਲਤੀ","contactsExported2":{"_index":["plural","exported"],"_":{"zero":"ਕੋਈ ਸੰਪਰਕ ਬਰਾਮਦ ਨਹੀਂ ਕੀਤਾ","one":"{{exported}}/{{total}} ਸੰਪਰਕ ਬਰਾਮਦ ਕੀਤੇ","two":"{{exported}}/{{total}} ਸੰਪਰਕ ਬਰਾਮਦ ਕੀਤੇ","few":"{{exported}}/{{total}} ਸੰਪਰਕ ਬਰਾਮਦ ਕੀਤੇ","many":"{{exported}}/{{total}} ਸੰਪਰਕ ਬਰਾਮਦ ਕੀਤੇ","other":"{{exported}}/{{total}} ਸੰਪਰਕ ਬਰਾਮਦ ਕੀਤੇ"}},"exportError-general":"ਬਰਾਮਦ ਕਰਨ ਦੌਰਾਨ ਗਲਤੀ ਆਈ","exportError-SD-shared":"ਮੈਮੋਰੀਕਾਰਡ ਵਰਤਿਆ ਨਹੀਂ ਜਾ ਸਕਦਾ, ਕਿਉਂਕਿ ਇਹ ਸਾਂਝਾ ਕੀਤਾ ਹੈ","exportError-SD-unavailable":"ਮੈਮੋਰੀ ਕਾਰਡ ਉਪਲੱਬਧ ਨਹੀਂ","exportError-SD-noSpace":"ਸੰਪਰਕ ਬਰਾਮਦ ਕਰਨ ਲਈ ਮੈਮੋਰੀ ਕਾਰਡ ਉੱਤੇ ਲੋੜੀਂਦੀ ਥਾਂ ਨਹੀਂ ਹੈ","exportError-SIM-unavailable":"ਸਿਮ ਕਾਰਡ ਉਪਲੱਬਧ ਨਹੀਂ","exportError-BT-shared":"ਮੈਮੋਰੀ ਕਾਰਡ ਦੀ ਵਰਤੋਂ ਨਹੀਂ ਕੀਤੀ ਜਾ ਸਕਦੀ, ਕਿਉਂਕਿ ਇਹ ਸਾਂਝਾ ਕੀਤਾ ਹੈ","exportError-BT-unavailable":"ਮੈਮੋਰੀ ਕਾਰਡ ਉਪਲੱਬਧ ਨਹੀਂ","exportError-BT-noSpace":"ਸੰਪਰਕ ਬਰਾਮਦ ਕਰਨ ਲਈ ਮੈਮੋਰੀ ਕਾਰਡ ਉੱਤੇ ਲੋੜੀਂਦੀ ਥਾਂ ਨਹੀਂ ਹੈ","social-network":"ਸਮਾਜਿਕ ਨੈੱਟਵਰਕ","social-link":"ਸੰਪਰਕ ਲਿੰਕ ਕਰੋ","social-unlink":"ਸੰਪਰਕ ਲਿੰਕ ਹਟਾਓ","social-unlink-confirm-title":"ਕੀ ਤੁਸੀਂ ਆਪਣੇ ਦੋਸਤ ਨੂੰ ਅਣ-ਲਿੰਕ ਕਰਨਾ ਚਾਹੁੰਦੇ ਹੋ?","social-unlink-confirm-accept":"ਲਿੰਕ ਹਟਾਓ","facebook-import":"ਫੇਸਬੁੱਕ ਦੋਸਤ ਲਵੋ","show-fb-profile":"ਫੇਸਬੁੱਕ ਪ੍ਰੋਫਾਇਲ ਵੇਖੋ","msg-send":"ਸੁਨੇਹਾ","wall-post":"ਵਾਲ ਪੋਸਟ","facebook-export-forbidden":"ਸੰਪਰਕ ਨੂੰ ਫੇਸਬੁੱਕ ਪਾਬੰਦੀ ਕਰਕੇ ਸਾਂਝਾ ਨਹੀਂ ਕੀਤਾ ਜਾ ਸਕਦਾ।","otherAccount":"ਹੋਰ ਖਾਤੇ","facebookSwitchMsg":"ਦੋਸਤ ਸਿੰਕ ਕਰੋ","select_mobile":"ਮੋਬਾਇਲ ਚੁਣੋ","select_email":"ਈਮੇਲ ਚੁਣੋ","select_recipient":"Select recipient","contactsOrderBy":"ਆਖਰੀ ਨਾਂ ਮੁਤਾਬਕ","importSim2":"ਸਿਮ ਕਾਰਡ","importGmail":"ਜੀਮੇਲ","bluetooth":"ਬਲਿਊਟੁੱਥ","importOutlook":"ਆਉਟਲੁੱਕ","fbUpdateFriends":"ਦਰਾਮਦ ਕੀਤੇ ਦੋਸਤ ਅੱਪਡੇਟ ਕਰੋ","cleaningFbData":"ਫੇਸਬੁੱਕ ਡਾਟਾ ਹਟਾਓ","loggingOutFb":"ਫੇਸਬੁੱਕ ਤੋਂ ਲਾਗ ਆਉਟ ਕਰੋ","cleanFbConfirmMsg":"ਸਭ ਫੇਸਬੁੱਕ ਡਾਟਾ ਹਟਾਉਣਾ ਹੈ?","renewPwdMsg":"ਫੇਸਬੁੱਕ ਵਿੱਚ ਤੁਹਾਡਾ ਪਾਸਵਰਡ ਬਦਲਿਆ ਗਆ ਹੈ। ਇਸ ਨੂੰ ਅੱਪਡੇਟ ਕਰੋ ਜੀ।","notEnabledYet":"ਹਾਲੇ ਚਾਲੂ ਨਹੀਂ ਹੈ","genericNoConnection":"ਸੰਪਰਕ ਦਰਾਮਦ ਕਰਨ ਲਈ ਵਾਈ-ਫਾਈ ਡਾਟਾ ਨੈੱਟਵਰਕ ਨਾਲ ਕੁਨੈਕਟ ਹੋਵੋ","simCard":"ਸਿਮ ਕਾਡ","memoryCard":"ਮੈਮੋਰੀ ਕਾਰਡ","simNumber":"ਸਿਮ {{number}}","setICEButton":"Set ICE Contacts","ICESettingTitle":"ICE Contacts","ICEDescription":"Add two contacts for making “In Case of Emergency” calls.","ICEContact1":"ICE Contact 1","ICESelectContact":"Select a contact","ICEContact2":"ICE Contact 2","create-new":"ਨਵਾਂ ਸੰਪਰਕ ਬਣਾਓ","import-now":"ਆਪਣੇ ਸੰਪਰਕ ਸਿਮ ਜਾਂ ਫੇਸਬੁੱਕ ਤੋਂ ਪ੍ਰਾਪਤ ਕਰੋ","no-contacts":"ਕੋਈ ਸੰਪਰਕ ਨਹੀਂ","start-adding":"ਉਹਨਾਂ ਨੂੰ ਹੁਣੇ ਜੋੜਨਾ ਸ਼ੁਰੂ ਕਰੋ","notImported":"ਦਰਾਮਦ ਨਹੀਂ","imported":"ਦਰਾਮਦ ਹੈ","today":"ਅੱਜ","yesterday":"ਕੱਲ੍ਹ","organise-contacts":"ਸੰਪਰਕ ਪ੍ਰਬੰਧ","find-merge-contacts":"ਡੁਪਲੀਕੇਟ ਸੰਪਰਕ ਲੱਭੋ","preparing-contacts":"ਸੰਪਰਕ ਤਿਆਰ ਕੀਤੇ ਜਾ ਰਹੇ ਹਨ","exportError-SIM-NoFreeRecordFound":"ਸਿਮ ਕਾਰਡ ਭਰ ਗਿਆ ਹੈ","exportError-SIM-CannotAccessPhoneBook":"ਅਸੀਂ ਸਿਮ ਕਾਰਡ ਦੀ ਫੋਨ ਬੁੱਕ ਨੂੰ ਵਰਤ ਨਹੀਂ ਸਕਦੇ","exportError-SIM-Unavailable":"ਕੋਈ ਸਿਮ ਨਹੀਂ ਮਿਲਿਆ","exportError-SIM-GenericError":"ਸੰਪਰਕ ਬਰਾਮਦ ਕਰਨ ਦੌਰਾਨ ਗਲਤੀ ਆਈ","noSimMsgExport":"ਸੰਪਰਕ ਬਰਾਮਦ ਕਰਨ ਲਈ ਆਪਣਾ ਸਿਮ ਕਾਰਡ ਪਾਉ ਜਾਂ ਅਣ-ਲਾਕ ਕਰੋ","noMemoryCardMsgExport":"ਸੰਪਰਕ ਬਰਾਮਦ ਕਰਨ ਲਈ ਮੈਮੋਰੀ ਕਾਰਡ ਪਾਉ","ContactManagementTitle":"ਸੰਪਰਕ ਪ੍ਰਬੰਧ","DeleteTitle":"ਹਟਾਓ","bulkDeleteButton":"ਸੰਪਰਕ ਹਟਾਓ","BulkDelCancel":"ਸੰਪਰਕ ਹਟਾਉਣਾ ਰੱਦ ਕੀਤਾ","DeletedTxt":{"_index":["plural","n"],"_":{"zero":"ਹਟਾਉਣ ਲਈ ਕੋਈ ਸੰਪਰਕ ਨਹੀਂ","one":"1 ਸੰਪਰਕ ਹਟਾਇਆ","two":"{{n}} ਸੰਪਰਕ ਹਟਾਏ","few":"{{n}} ਸੰਪਰਕ ਹਟਾਏ","many":"{{n}} ਸੰਪਰਕ ਹਟਾਏ","other":"{{n}} ਸੰਪਰਕ ਹਟਾਏ"}},"DeletingContacts":"ਸੰਪਰਕ ਹਟਾਏ ਜਾ ਰਹੇ ਹਨ","ContactConfirmDel":{"_index":["plural","n"],"_":{"zero":"ਹਟਾਉਣ ਲਈ ਕੋਈ ਸੰਪਰਕ ਨਹੀਂ","one":"1 ਸੰਪਰਕ ਹਟਾਉਣਾ ਹੈ? ਇਹ ਵਾਪਿਸ ਨਹੀਂ ਲਿਆ ਜਾ ਸਕਦਾ।","two":"{{n}} ਸੰਪਰਕ ਹਟਾਉਣੇ ਹਨ? ਇਹ ਵਾਪਿਸ ਨਹੀਂ ਲਿਆ ਜਾ ਸਕਦਾ।","few":"{{n}} ਸੰਪਰਕ ਹਟਾਉਣੇ ਹਨ? ਇਹ ਵਾਪਿਸ ਨਹੀਂ ਲਿਆ ਜਾ ਸਕਦਾ।","many":"{{n}} ਸੰਪਰਕ ਹਟਾਉਣੇ ਹਨ? ਇਹ ਵਾਪਿਸ ਨਹੀਂ ਲਿਆ ਜਾ ਸਕਦਾ।","other":"{{n}} ਸੰਪਰਕ ਹਟਾਉਣੇ ਹਨ? ਇਹ ਵਾਪਿਸ ਨਹੀਂ ਲਿਆ ਜਾ ਸਕਦਾ।"}},"SelectedTxt":{"_index":["plural","n"],"_":{"zero":"ਸੰਪਰਕ","one":"{{n}} ਚੁਣੇ","two":"{{n}} ਚੁਣੇ","few":"{{n}} ਚੁਣੇ","many":"{{n}} ਚੁਣੇ","other":"{{n}} ਚੁਣੇ"}},"video":"ਵੀਡੀਓ","audio":"ਆਡੀਓ","pick_destination":"{{ destination }} {{ carrier }}","removeField":{"ariaLabel":"Remove"},"undo":{"ariaLabel":"Undo"},"back":"ਵਾਪਿਸ","noSimMsg":"ਸੰਪਰਕ ਦਰਾਮਦ ਕਰਨ ਲਈ ਆਪਣਾ ਸਿਮ ਕਾਰਡ ਪਾਓ ਜਾਂ ਅਣ-ਲਾਕ ਕਰੋ","noMemoryCardMsg":"ਸੰਪਰਕ ਦਰਾਮਦ ਕਰਨ ਲਈ ਮੈਮੋਰੀ ਕਾਰਡ ਪਾਓ","importMemoryCard":"ਮੈਮੋਰੀ ਕਾਰਡ","noConnection11":"ਫੇਸਬੁੱਕ ਦੋਸਤ ਜਾਂ ਸੰਪਰਕ ਦਰਾਮਦ ਕਰਨ ਲਈ ਵਾਈ-ਫਾਈ ਜਾਂ ਡਾਟਾ ਨੈੱਟਵਰਕ ਨਾਲ ਕੁਨੈਕਟ ਕਰੋ","simContacts-import":"ਸਿਮ ਸੰਪਰਕ ਦਰਾਮਦ ਕੀਤੇ ਜਾ ਰਹੇ ਹਨ","simContacts-importing":"…ਸਿਮ ਸੰਪਰਕ ਦਰਾਮਦ ਕੀਤੇ ਜਾ ਰਹੇ ਹਨ","simContacts-reading":"…ਸਿਮ ਕਾਰਡ ਪੜ੍ਹਿਆ ਜਾ ਰਿਹਾ ਹੈ","simContacts-error":"ਸਿਮ ਤੋਂ ਸੰਪਰਕ ਦਰਾਮਦ ਨਹੀਂ ਕੀਤੇ ਜਾ ਸਕੇ","simContacts-imported3":{"_index":["plural","n"],"_":{"zero":"ਦਰਾਮਦ ਕਰਨ ਲਈ ਸਿਮ ਉੱਤੇ ਕੋਈ ਸੰਪਰਕ ਨਹੀਂ","one":"ਇੱਕ ਸੰਪਰਕ ਦਰਾਮਦ ਕੀਤਾ","two":"{{n}} ਸੰਪਰਕ ਦਰਾਮਦ ਕੀਤੇ","few":"{{n}} ਸੰਪਰਕ ਦਰਾਮਦ ਕੀਤੇ","many":"{{n}} ਸੰਪਰਕ ਦਰਾਮਦ ਕੀਤੇ","other":"{{n}} ਸੰਪਰਕ ਦਰਾਮਦ ਕੀਤੇ"}},"memoryCardContacts-import":"ਮੈਮੋਰੀ ਕਾਰਡ ਤੋਂ ਸੰਪਰਕ ਦਰਾਮਦ ਕੀਤੇ ਜਾ ਰਹੇ ਹਨ","memoryCardContacts-importing":"…ਮੈਮੋਰੀ ਕਾਰਡ ਤੋਂ ਸੰਪਰਕ ਦਰਾਮਦ ਕੀਤੇ ਜਾ ਰਹੇ ਹਨ","memoryCardContacts-reading":"…ਮੈਮੋਰੀ ਕਾਰਡ ਪੜ੍ਹਿਆ ਜਾ ਰਿਹਾ ਹੈ","memoryCardContacts-error":"ਮੈਮੋਰੀ ਕਾਰਡ ਤੋਂ ਸੰਪਰਕ ਦਰਾਮਦ ਨਹੀਂ ਕੀਤੇ ਜਾ ਸਕੇ","memoryCardContacts-imported3":{"_index":["plural","n"],"_":{"zero":"ਦਰਾਮਦ ਕਰਨ ਲਈ ਮੈਮੋਰੀ ਕਾਰਡ ਉੱਤੇ ਕੋਈ ਸੰਪਰਕ ਨਹੀਂ ਹੈ","one":"ਇੱਕ ਸੰਪਰਕ ਦਰਾਮਦ ਕੀਤਾ","two":"{{n}} ਸੰਪਰਕ ਦਰਾਮਦ ਕੀਤੇ","few":"{{n}} ਸੰਪਰਕ ਦਰਾਮਦ ਕੀਤੇ","many":"{{n}} ਸੰਪਰਕ ਦਰਾਮਦ ਕੀਤੇ","other":"{{n}} ਸੰਪਰਕ ਦਰਾਮਦ ਕੀਤੇ"}},"genericProgress":"{{current}}/{{total}}","facebook-import-msg":{"_index":["plural","imported"],"_":{"zero":"ਕੋਈ ਦੋਸਤ ਦਰਾਮਦ ਨਹੀਂ ਕੀਤਾ ({{total}} ਵਿੱਚੋਂ)","one":"ਇੱਕ ਦੋਸਤ ਦਰਾਮਦ ਕੀਤਾ ({{total}} ਵਿੱਚੋਂ)","two":"{{imported}}/{{total}} ਦੋਸਤ ਦਰਾਮਦ ਕੀਤੇ","few":"{{imported}}/{{total}} ਦੋਸਤ ਦਰਾਮਦ ਕੀਤੇ","many":"{{imported}}/{{total}} ਦੋਸਤ ਦਰਾਮਦ ਕੀਤੇ","other":"{{imported}}/{{total}} ਦੋਸਤ ਦਰਾਮਦ ਕੀਤੇ"}},"contactsMerged":{"_index":["plural","numDups"],"_":{"zero":"ਕੋਈ ਡੁਪਲੀਕੇਟ ਸੰਪਰਕ ਨਹੀਂ ਮਿਲਾਇਆ ਗਿਆ","one":"ਇੱਕ ਡੁਪਲੀਕੇਟ ਸੰਪਰਕ ਮਿਲਾਇਆ ਗਿਆ","two":"{{numDups}} ਸੰਪਰਕ ਮਿਲਾਏ ਗਏ","few":"{{numDups}} ਸੰਪਰਕ ਮਿਲਾਏ ਗਏ","many":"{{numDups}} ਸੰਪਰਕ ਮਿਲਾਏ ਗਏ","other":"{{numDups}} ਸੰਪਰਕ ਮਿਲਾਏ ਗਏ"}},"weekday-0-long":"ਐਤਵਾਰ","weekday-1-long":"ਸੋਮਵਾਰ","weekday-2-long":"ਮੰਗਲਵਾਰ","weekday-3-long":"ਬੁੱਧਵਾਰ","weekday-4-long":"ਵੀਰਵਾਰ","weekday-5-long":"ਸ਼ੁੱਕਰਵਾਰ","weekday-6-long":"ਸ਼ਨਿੱਚਰਵਾਰ","weekday-0-short":"ਐਤ","weekday-1-short":"ਸੋਮ","weekday-2-short":"ਮੰਗਲ","weekday-3-short":"ਬੁੱਧ","weekday-4-short":"ਵੀਰ","weekday-5-short":"ਸ਼ੁੱਕਰ","weekday-6-short":"ਸ਼ਨਿੱ","month-0-long":"ਜਨਵਰੀ","month-1-long":"ਫਰਵਰੀ","month-2-long":"ਮਾਰਚ","month-3-long":"ਅਪਰੈਲ","month-4-long":"ਮਈ","month-5-long":"ਜੂਨ","month-6-long":"ਜੁਲਾਈ","month-7-long":"ਅਗਸਤ","month-8-long":"ਸਤੰਬਰ","month-9-long":"ਅਕਤੂਬਰ","month-10-long":"ਨਵੰਬਰ","month-11-long":"ਦਸੰਬਰ","month-0-genitive":"ਜਨਵਰੀ","month-1-genitive":"ਫਰਵਰੀ","month-2-genitive":"ਮਾਰਚ","month-3-genitive":"ਅਪਰੈਲ","month-4-genitive":"ਮਈ","month-5-genitive":"ਜੂਨ","month-6-genitive":"ਜੁਲਾਈ","month-7-genitive":"ਅਗਸਤ","month-8-genitive":"ਸਤੰਬਰ","month-9-genitive":"ਅਕਤੂਬਰ","month-10-genitive":"ਨਵੰਬਰ","month-11-genitive":"ਦਸੰਬਰ","month-0-short":"ਜਨ","month-1-short":"ਫਰ","month-2-short":"ਮਾਰ","month-3-short":"ਅਪ","month-4-short":"ਮਈ","month-5-short":"ਜੂਨ","month-6-short":"ਜੁਲਾ","month-7-short":"ਅਗ","month-8-short":"ਸਤੰ","month-9-short":"ਅਕਤੂ","month-10-short":"ਨਵੰ","month-11-short":"ਦਸੰ","minutes-ago-long":{"_index":["plural","value"],"_":{"zero":"ਹੁਣੇ ਹੀਂ","one":"ਮਿੰਟ ਕੁ ਪਹਿਲਾਂ","two":"{{value}} ਮਿੰਟ ਪਹਿਲਾਂ","few":"{{value}} ਮਿੰਟ ਪਹਿਲਾਂ","many":"{{value}} ਮਿੰਟ ਪਹਿਲਾਂ","other":"{{value}}  ਮਿੰਟ ਪਹਿਲਾਂ"}},"hours-ago-long":{"_index":["plural","value"],"_":{"zero":"ਹੁਣੇ ਹੀ","one":"ਘੰਟਾ ਪਹਿਲਾਂ","two":"{{value}} ਘੰਟੇ ਪਹਿਲਾਂ","few":"{{value}} ਘੰਟੇ ਪਹਿਲਾਂ","many":"{{value}} ਘੰਟੇ ਪਹਿਲਾਂ","other":"{{value}} ਘੰਟੇ ਪਹਿਲਾਂ"}},"days-ago-long":{"_index":["plural","value"],"_":{"zero":"ਅੱਜ","one":"ਕੱਲ੍ਹ","two":"{{value}} ਦਿਨ ਪਹਿਲਾਂ","few":"{{value}} ਦਿਨ ਪਹਿਲਾਂ","many":"{{value}} ਦਿਨ ਪਹਿਲਾਂ","other":"{{value}} ਦਿਨ ਪਹਿਲਾਂ"}},"weeks-ago-long":{"_index":["plural","value"],"_":{"zero":"ਇਹ ਹਫ਼ਤੇ","one":"ਪਿਛਲੇ ਹਫ਼ਤੇ","two":"{{value}} ਹਫ਼ਤੇ ਪਹਿਲਾਂ","few":"{{value}} ਹਫ਼ਤੇ ਪਹਿਲਾਂ","many":"{{value}} ਹਫ਼ਤੇ ਪਹਿਲਾਂ","other":"{{value}} ਹਫ਼ਤੇ ਪਹਿਲਾਂ"}},"months-ago-long":{"_index":["plural","value"],"_":{"zero":"ਇਹ ਮਹੀਨੇ","one":"ਪਿਛਲੇ ਮਹੀਨੇ","two":"{{value}} ਮਹੀਨੇ ਪਹਿਲਾਂ","few":"{{value}} ਮਹੀਨੇ ਪਹਿਲਾਂ","many":"{{value}} ਮਹੀਨੇ ਪਹਿਲਾਂ","other":"{{value}} ਮਹੀਨੇ ਪਹਿਲਾਂ"}},"years-ago-long":{"_index":["plural","value"],"_":{"zero":"ਇਹ ਸਾਲ","one":"ਪਿਛਲੇ ਸਾਲ","two":"{{value}} ਸਾਲ ਪਹਿਲਾਂ","few":"{{value}} ਸਾਲ ਪਹਿਲਾਂ","many":"{{value}} ਸਾਲ ਪਹਿਲਾਂ","other":"{{value}} ਸਾਲ ਪਹਿਲਾਂ"}},"minutes-until-long":{"_index":["plural","value"],"_":{"zero":"ਹੁਣ","one":"ਮਿੰਟ ਵਿੱਚ","two":"{{value}} ਮਿੰਟਾਂ ਵਿੱਚ","few":"{{value}} ਮਿੰਟਾਂ ਵਿੱਚ","many":"{{value}} ਮਿੰਟਾਂ ਵਿੱਚ","other":"{{value}} ਮਿੰਟਾਂ ਵਿੱਚ"}},"hours-until-long":{"_index":["plural","value"],"_":{"zero":"ਹੁਣ","one":"ਇੱਕ ਘੰਟੇ ਵਿੱਚ","two":"{{value}} ਘੰਟਿਆਂ ਵਿੱਚ","few":"{{value}} ਘੰਟਿਆਂ ਵਿੱਚ","many":"{{value}} ਘੰਟਿਆਂ ਵਿੱਚ","other":"{{value}} ਘੰਟਿਆਂ ਵਿੱਚ"}},"days-until-long":{"_index":["plural","value"],"_":{"zero":"ਅੱਜ","one":"ਭਲਕੇ","two":"{{value}} ਦਿਨਾਂ ਵਿੱਚ","few":"{{value}} ਦਿਨਾਂ ਵਿੱਚ","many":"{{value}} ਦਿਨਾਂ ਵਿੱਚ","other":"{{value}} ਦਿਨਾਂ ਵਿੱਚ"}},"weeks-until-long":{"_index":["plural","value"],"_":{"zero":"ਇਸ ਹਫ਼ਤੇ","one":"ਅਗਲੇ ਹਫ਼ਤੇ","two":"{{value}} ਹਫ਼ਤਿਆਂ ਵਿੱਚ","few":"{{value}} ਹਫ਼ਤਿਆਂ ਵਿੱਚ","many":"{{value}} ਹਫ਼ਤਿਆਂ ਵਿੱਚ","other":"{{value}} ਹਫ਼ਤਿਆਂ ਵਿੱਚ"}},"months-until-long":{"_index":["plural","value"],"_":{"zero":"ਇਸ ਮਹੀਨੇ","one":"ਅਗਲੇ ਮਹੀਨੇ","two":"{{value}} ਮਹੀਨਿਆਂ ਵਿੱਚ","few":"{{value}} ਮਹੀਨਿਆਂ ਵਿੱਚ","many":"{{value}} ਮਹੀਨਿਆਂ ਵਿੱਚ","other":"{{value}} ਮਹੀਨਿਆਂ ਵਿੱਚ"}},"years-until-long":{"_index":["plural","value"],"_":{"zero":"ਇਸ ਸਾਲ","one":"ਅਗਲੇ ਸਾਲ","two":"{{value}} ਸਾਲਾਂ ਵਿੱਚ","few":"{{value}} ਸਾਲਾਂ ਵਿੱਚ","many":"{{value}} ਸਾਲਾਂ ਵਿੱਚ","other":"{{value}} ਸਾਲਾਂ ਵਿੱਚ"}},"minutes-ago-short":{"_index":["plural","value"],"_":{"zero":"ਹੁਣੇ ਹੀ","other":"{{value}}ਮਿੰ ਪਹਿਲਾਂ"}},"hours-ago-short":{"_index":["plural","value"],"_":{"zero":"ਹੁਣੇ ਹੀਂ","other":"{{value}}ਘੰ ਪਹਿਲਾਂ"}},"days-ago-short":{"_index":["plural","value"],"_":{"zero":"ਅੱਜ","other":"{{value}}ਦਿ ਪਹਿਲਾਂ"}},"minutes-until-short":{"_index":["plural","value"],"_":{"zero":"ਹੁਣ","other":"{{value}}ਮਿੰ ਵਿੱਚ"}},"hours-until-short":{"_index":["plural","value"],"_":{"zero":"ਹੁਣ","other":"{{value}}ਘੰ ਵਿੱਚ"}},"days-until-short":{"_index":["plural","value"],"_":{"zero":"ਅੱਜ","other":"{{value}}ਦਿ ਵਿੱਚ"}},"incorrectDate":"(ਗਲਤ ਮਿਤੀ)","dateTimeFormat_%c":"%a %e %b  %Y %I:%M:%S %p","dateTimeFormat_%x":"%d/%m/%Y","dateTimeFormat_%X":"%I:%M:%S %p","shortTimeFormat":"%I:%M %p","shortDateTimeFormat":"%x %I:%M %p","weekStartsOnMonday":"1","time_am":"ਸਵੇਰੇ","time_pm":"ਸ਼ਾਮ","sim-picker-dial-via-with-number":"{{ phoneNumber }} ਡਾਇਲ ਕਰੋ ਇਸ ਰਾਹੀਂ","sim-picker-select-sim":"ਸਿਮ ਚੁਣੋ","sim-picker-button":"SIM{{ n }}","sim-picker-button-default":"(ਮੂਲ)","label":"ਲੇਬਲ","mobile":"ਮੋਬਾਇਲ","home":"ਘਰ","work":"ਕੰਮ","personal":"ਨਿੱਜੀ","faxHome":"ਫੈਕਸ ਨੰਬਰ","faxOffice":"ਫੈਕਸ ਦਫ਼ਤਰ","faxOther":"ਫੈਕਸ ਹੋਰ","another":"ਹੋਰ","other":"ਹੋਰ","customTag":{"placeholder":"ਪਸੰਦੀਦਾ ਟੈਗ"},"current":"ਮੌਜੂਦਾ","itemWithLabel":"{{label}}, {{item}}","waitDuplicateContacts":"ਡੁਪਲੀਕੇਟ ਸੰਪਰਕਾਂ ਦੀ ਖੋਜ ਜਾਰੀ","waitMergingDuplicateContacts":"ਡੁਪਲੀਕੇਟ ਸੰਪਰਕ ਮਿਲਾਏ ਜਾ ਰਹੇ ਹਨ","alertNoDuplicateContacts":"ਕੋਈ ਡੁਪਲੀਕੇਟ ਸੰਪਰਕ ਨਹੀਂ ਲੱਭਿਆ","merge":"ਮਿਲਾਓ","mergeDuplicateTitle":"ਡੁਪਲੀਕੇਟ ਮਿਲਾਉ","suggestedDuplicateContacts":"{{name}} ਲਈ ਸੁਝਾਏ ਡੁਪਲੀਕੇਟ ਸੰਪਰਕ","mergeActionButtonLabel":{"_index":["plural","n"],"_":{"zero":"ਕੋਈ ਸੰਪਰਕ ਨਹੀਂ ਚੁਣਿਆ","one":"{{n}} ਸੰਪਰਕ ਨਾਲ ਮਿਲਾਉ","two":"{{n}} ਸੰਪਰਕਾਂ ਨਾਲ ਮਿਲਾਉ","few":"{{n}} ਸੰਪਰਕਾਂ ਨਾਲ ਮਿਲਾਉ","many":"{{n}} ਸੰਪਰਕਾਂ ਨਾਲ ਮਿਲਾਉ","other":"{{n}} ਸੰਪਰਕਾਂ ਨਾਲ ਮਿਲਾਉ"}},"duplicatesFoundTitle":"ਡੁਪਲੀਕੇਟ ਲੱਭੇ","duplicatesFoundMessage":"ਹੇਠ ਦਿੱਤੇ ਸੰਪਰਕਾਂ ਵਿੱਚ {{name}} ਡੁਪਲੀਕੇਟ ਜਾਣਕਾਰੀ ਲੱਭੀ","addNewNumber":"ਨਵਾਂ ਨੰਬਰ ਜੋੜੋ","addToExistingContact":"ਮੌਜੂਦਾ ਸੰਪਰਕ ਵਿੱਚ ਜੋੜੋ","all":{"_":"ਸਭ","ariaLabel":"ਸਭ"},"callLog":"ਕਾਲ ਲਾਗ","callLogEdit":{"title":"ਕਾਲ ਲਾਗ ਸੋਧ"},"callLogEditDialog":{"ariaLabel":"ਕਾਲ ਲਾਗ ਸੋਧ ਡਾਈਲਾਗ"},"connecting":"ਕੁਨੈਕਟ ਕੀਤਾ ਜਾ ਰਿਹਾ ਹੈ","cf-async":"ਅਸਮਕਾਲੀ: {{ async }}\\n","cf-data":"ਡਾਟਾ: {{ data }}\\n","cf-error":"ਕਾਲ ਅੱਗੇ ਭੇਜਣ ਸਥਿਤੀ ਪਤਾ ਕਰਨ ਦੌਰਾਨ ਗਲਤੀ ਆਈ","cf-fax":"ਫੈਕਸ: {{ fax }}\\n","cf-inactive":"ਨਾ-ਸਰਗਰਮ","cf-packet":"ਪੈਕਟ: {{ packet }}\\n","cf-pad":"PAD: {{ pad }}\\n","cf-sms":"SMS: {{ sms }}\\n","cf-status":"ਕਾਲ ਅੱਗੇ ਭੇਜਣ ਸਥਿਤੀ\\n","cf-sync":"ਸਮਕਾਲੀ: {{ sync }}\\n","cf-voice":"ਵਾਇਸ: {{ voice }}\\n","confirm-deletion":"ਚੁਣੀਆਂ ਕਾਲਾਂ ਹਟਾਉਣੀਆਂ ਹਨ?","createNewContact":"ਨਵਾਂ ਸੰਪਰਕ ਬਣਾਓ","dialerAddContact":{"ariaLabel":"ਸੰਪਰਕ ਜੋੜੋ"},"dialerAddContactDialog":{"ariaLabel":"ਸੰਪਰਕ ਜੋੜੋ ਡਾਈਲਾਗ"},"edit-selected":{"_index":["plural","n"],"_":{"one":"{{ n }} ਚੁਣਿਆ","two":"{{ n }} ਚੁਣੇ","few":"{{ n }} ਚੁਣੇ","many":"{{ n }} ਚੁਣੇ","other":"{{ n }} ਚੁਣੇ"}},"hideKeypad":{"ariaLabel":"ਕੀਪੈਡ ਓਹਲੇ"},"ignore":"ਕਾਲ ਅਣਡਿੱਠੀ","incoming":"ਆਉਣ","keypad":{"ariaLabel":"ਕੀਪੈਡ"},"makeCall":{"ariaLabel":"ਕਾਲ ਕਰੋ"},"missed":{"_":"ਛੱਡੀਆਂ","ariaLabel":"ਛੱਡੀ"},"missedCall":"ਛੱਡੀ ਕਾਲ","missedCallMultiSims":"(ਸਿਮ {{ n }}) ਛੱਡੀ ਕਾਲ","mmi-error":"ਸੁਨੇਹਾ ਭੇਜੇਣ ਦੌਰਾਨ ਗਲਤੀ ਆਈ ਹੈ","mmi-session-expired":"ਸ਼ੈਸ਼ਨ ਦੀ ਮਿਆਦ ਪੁੱਗੀ","mmi-successfully-sent":"ਸੁਨੇਹਾ ਠੀਕ ਤਰ੍ਹਾਂ ਭੇਜਿਆ ਗਿਆ","mmi-notification-title-with-sim":"({{sim}}) {{title}}","mute":{"ariaLabel":"ਮੌਨ"},"newCall":{"ariaLabel":"ਨਵੀਂ ਕਾਲ"},"no-logs-msg-1":"ਕੋਈ ਕਾਲ ਰਿਕਾਰਡ ਨਹੀਂ ਹੈ","no-logs-msg-2":"ਹੁਣ ਸੰਚਾਰ ਸ਼ੁਰੂ ਕਰੋ","no-logs-msg-3":"ਕੋਈ ਖੁੰਝੀ ਕਾਲ ਨਹੀਂ ਹੈ","recents":{"ariaLabel":"ਤਾਜ਼ਾ ਕਾਲਾਂ"},"reply":"ਜਵਾਬ","send":"ਭੇਜੋ","switch-calls":"ਕਾਲਾਂ ਬਦਲੋ","withheld-number":"ਰੋਕਿਆ ਨੰਬਰ","from-contact":"{{ contact }} ਵਲੋਂ","from-number":"{{ number }} ਤੋਂ","from-withheld-number":"ਰੋਕੇ ਨੰਬਰ ਤੋਂ","sending":"…ਭੇਜਿਆ ਜਾ ਰਿਹਾ ਹੈ","speakerOption":{"ariaLabel":"ਸਪੀਕਰ"},"ussd-services":"{{ operator }} ਸੇਵਾਵਾਂ","toggleKeypad":{"ariaLabel":"ਕੀਪੈਡ ਬਦਲੋ"},"type-your-response":{"placeholder":"…ਆਪਣਾ ਜਵਾਬ ਲਿਖੋ"},"clear-all-text":"ਸਾਰਾ ਟੈਕਸਟ ਸਾਫ਼ ਕਰੋ","hide":"ਓਹਲੇ","hold":{"ariaLabel":"ਰੋਕੋ"},"resume":{"_":"ਮੁੜ ਲਵੋ","ariaLabel":"ਮੁੜ-ਲਵੋ"},"sendSms":"ਸੁਨੇਹਾ ਭੇਜੋ","callEnded":"ਕਾਲ ਬੰਦ ਕੀਤੀ","via-sim":"ਸਿਮ{{ n }} ਰਾਹੀਂ","sim-number":"ਸਿਮ{{ n }}","hangup-a11y-button":{"ariaLabel":"ਬੰਦ ਕੀਤੀ"},"pickup-a11y-button":{"ariaLabel":"ਲਈ ਗਈ"},"unlock-a11y-button":{"ariaLabel":"ਸਲਾਈਡਰ"},"roaming":"{{operator}} (Roaming)","delete-n-log?":{"_index":["plural","n"],"_":{"zero":"ਕੁਝ ਨਹੀਂ ਚੁਣਿਆ","one":"ਚੁਣਿਆ ਲਾਗ ਹਟਾਉਣਾ ਹੈ?","two":"{{ n }} ਲਾਗ ਹਟਾਉਣਾ ਹੈ?","few":"{{ n }} ਲਾਗ ਹਟਾਉਣਾ ਹੈ?","many":"{{ n }} ਲਾਗ ਹਟਾਉਣਾ ਹੈ?","other":"{{ n }} ਲਾਗ ਹਟਾਉਣਾ ਹੈ?"}},"callDurationMinutes":"{{ m }}:{{ s }}","callDurationHours":"{{ h }}:{{ m }}:{{ s}}","suggestionMatches":{"_index":["plural","n"],"_":{"one":"\"{{ matchNumber }}\" ਲਈ {{ n }} ਮਿਲਦੇ","two":"\"{{ matchNumber }}\" ਲਈ {{ n }} ਮਿਲਦੇ","few":"\"{{ matchNumber }}\" ਲਈ {{ n }} ਮਿਲਦੇ","many":"\"{{ matchNumber }}\" ਲਈ {{ n }} ਮਿਲਦੇ","other":"\"{{ matchNumber }}\" ਲਈ {{ n }} ਮਿਲਦੇ"}},"scCallBarring":"ਕਾਲ ਰੁਕਾਵਟ","scCallForwarding":"ਕਾਲ ਅੱਗੇ ਭੇਜਣੀ","scClip":"ਆਉਣ ਕਾਲਰ ID","scClir":"ਬਾਹਰ ਕਾਲਰ ID","scPwd":"ਪਾਸਵਰਡ ਬਦਲਿਆ","scCallWaiting":"ਕਾਲ ਉਡੀਕ","scPin":"ਪਿੰਨ ਬਦਲੋ","scPin2":"PIN2 ਬਦਲੋ","scPuk":"ਪਿੰਨ ਅਣ-ਬਲਾਕ","scPuk2":"PIN2 ਅਣ-ਬਲਾਕ","scImei":"IMEI","scUssd":"USSD","serviceClassVoice":"ਵਾਇਸ","serviceClassData":"ਡਾਟਾ","serviceClassFax":"ਫੈਕਸ","serviceClassSms":"SMS","serviceClassDataSync":"ਸਿੰਕ","serviceClassDataAsync":"ਅ-ਸਿੰਕ","serviceClassPacket":"ਪੈਕੇਟ","serviceClassPad":"PAD","smServiceEnabled":"ਸੇਵਾ ਚਾਲੂ ਕੀਤੀ ਗਈ","smServiceDisabled":"ਸੇਵਾ ਬੰਦ ਕੀਤੀ ਗਈ","smServiceRegistered":"ਰਜਿਸਟਰੇਸ਼ਨ ਸਫ਼ਲ ਰਹੀ","smServiceErased":"ਮਿਟਾਉਣਾ ਸਫ਼ਲ ਰਿਹਾ","smServiceInterrogated":"ਬੇਨਤੀ ਸਫ਼ਲ ਰਹੀ","smServiceNotProvisioned":"ਸੇਵਾ ਪ੍ਰਬੰਧੀ ਅਧੀਨ ਨਹੀਂ","smClirPermanent":"ਤੁਸੀਂ ਕਾਲਰ ਆਈਡੀ ਸੈਟਿੰਗ ਨਹੀਂ ਬਦਲ ਸਕਦੇ ਹੋ।","smClirDefaultOnNextCallOn":"ਕਾਲਰ ID ਮੂਲ ਤੌਰ ਉੱਤੇ ਸੀਮਤ ਹੈ। ਅਗਲੀ ਕਾਲ: ਸੀਮਤ","smClirDefaultOnNextCallOff":"ਕਾਲਰ ID ਮੂਲ ਤੌਰ ਉੱਤੇ ਸੀਮਤ ਹੈ। ਅਗਲੀ ਕਾਲ: ਸੀਮਤ ਨਹੀਂ","smClirDefaultOffNextCallOn":"ਕਾਲਰ ID ਮੂਲ ਤੌਰ ਉੱਤੇ ਸੀਮਤ ਨਹੀਂ ਹੈ। ਅਗਲੀ ਕਾਲ: ਸੀਮਤ","smClirDefaultOffNextCallOff":"ਕਾਲਰ ID ਮੂਲ ਤੌਰ ਉੱਤੇ ਸੀਮਤ ਨਹੀਂ ਹੈ। ਅਗਲੀ ਕਾਲ: ਸੀਮਤ ਨਹੀਂ","smServiceEnabledFor":"ਸੇਵਾ ਚਾਲੂ ਹੈ:","smPinChanged":"PIN ਠੀਕ ਤਰ੍ਹਾਂ ਬਦਲਿਆ ਗਿਆ","smPinUnblocked":"PIN ਠੀਕ ਤਰ੍ਹਾਂ ਅਣ-ਬਲਾਕ ਕੀਤਾ","smPin2Changed":"PIN2 ਠੀਕ ਤਰ੍ਹਾਂ ਬਦਲਿਆ ਗਿਆ","smPin2Unblocked":"PIN2 ਠੀਕ ਤਰ੍ਹਾਂ ਅਣ-ਬਲਾਕ ਕੀਤਾ","ServiceIsEnabled":"Service is enabled","ServiceIsDisabled":"Service is disabled","ServiceIsEnabledFor":"Service is enabled for:","emMmiError":"ਕੁਨੈਕਸ਼ਨ ਨਾਲ ਸਮੱਸਿਆ ਜਾਂ ਗਲਤ MMI ਕੋਡ","emMmiErrorPasswordIncorrect":"ਗਲਤ ਪਾਸਵਰਡ","emMmiErrorNotSupported":"ਗਲਤ ਜਾਂ ਗ਼ੈਰ-ਸਹਾਇਕ MMI ਕੋਡ","emMmiErrorInvalidAction":"ਗਲਤ ਕਾਰਵਾਈ","emMmiErrorInvalidScCode":"ਗਲਤ ਸੇਵਾ ਕੋਡ","emMmiErrorBadPuk":"ਤੁਹਾਡੇ ਵਲੋਂ ਦਿੱਤਾ PUK  ਠੀਕ ਨਹੀਂ ਹੈ।","emMmiErrorBadPin":"ਤੁਹਾਡੇ ਵਲੋਂ ਦਿੱਤਾ ਪੁਰਾਣਾ ਪਿੰਨ  ਠੀਕ ਨਹੀਂ ਹੈ।","emMmiErrorNeedPuk2":"ਸਿਮ ਕਾਰਡ ਅਣ-ਬਲਾਕ ਕਰਨ ਲਈ  PUK2 ਦਿਉ।","emMmiErrorMismatchPin":"ਤੁਹਾਡੇ ਵਲੋਂ ਦਿੱਤੇ ਪਿੰਨ ਮਿਲਦੇ ਨਹੀਂ ਹਨ।","emMmiErrorInvalidPin":"4 ਤੋਂ 8 ਅੰਕਾਂ ਦਾ ਪਿੰਨ ਦਿਉ","emMmiErrorNeedsPuk":"ਤੁਹਾਡਾ ਸਿਮ ਕਾਰਡ PUK-ਲਾਕ ਹੈ।","emMmiErrorEnablePin":"ਅਸਫ਼ਲ ਹੈ।  SIM/RUIM ਲਾਕ ਚਾਲੂ ਕਰੋ।","emMmiErrorMmiFdn":"ਕਾਰਵਾਈ ਕੇਵਲ ਸਥਿਰ ਡਾਇਲ ਨੰਬਰਾਂ ਉੱਤੇ ਕਾਲ ਕਰਨ ਲਈ ਹੀ ਸੀਮਿਤ ਹੈ","emMmiErrorStkCcUssdDial":"USSD ਬੇਨਤੀ DIAL ਬੇਨਤੀ ਲਈ ਸੋਧੀ ਗਈ","emMmiErrorStkCcUssdSs":"USSD ਬੇਨਤੀ SS ਬੇਨਤੀ ਲਈ ਸੋਧੀ ਗਈ","emMmiErrorStkCcUssdUssd":"USSD ਬੇਨਤੀ ਨਵੀਂ USSD  ਬੇਨਤੀ ਲਈ ਸੋਧੀ ਗਈ","emMmiErrorStkCcSsDial":"SS ਬੇਨਤੀ DIAL  ਬੇਨਤੀ ਲਈ ਸੋਧੀ ਗਈ","emMmiErrorStkCcSsUssd":"SS ਬੇਨਤੀ USSD  ਬੇਨਤੀ ਲਈ ਸੋਧੀ ਗਈ","emMmiErrorStkCcSsSs":"SS ਬੇਨਤੀ ਨਵੀਂ SS  ਬੇਨਤੀ ਲਈ ਸੋਧੀ ਗਈ","emMmiErrorPinPukAttempts":{"_index":["plural","n"],"_":{"one":"ਕੇਵਲ {{ n }} ਮੁੜ-ਕੋਸ਼ਿਸ਼ ਬਾਕੀ","two":"{{ n }} ਮੁੜ-ਕੋਸ਼ਿਸ਼ਾਂ ਬਾਕੀ","few":"{{ n }} ਮੁੜ-ਕੋਸ਼ਿਸ਼ਾਂ ਬਾਕੀ","many":"{{ n }} ਮੁੜ-ਕੋਸ਼ਿਸ਼ਾਂ ਬਾਕੀ","other":"{{ n }} ਮੁੜ-ਕੋਸ਼ਿਸ਼ਾਂ ਬਾਕੀ"}},"emMmiErrorSimBlocked":"ਮੁੜ-ਕੋਸ਼ਿਸ ਕਰਨ ਦੀ ਵੱਧ ਤੋਂ ਵੱਧ ਹੱਟ ਟੱਪੀ। ਸਿਮ ਬਲਾਕ ਹੈ","RadioNotAvailable":"ਰੇਡੀਓ ਉਪਲੱਬਧ ਨਹੀਂ","GenericFailure":"ਸਧਾਰਨ ਗਲਤੀ","PasswordIncorrect":"ਪਾਸਵਰਡ ਫੇਲ੍ਹ ਹੈ","SimPin2":"ਸਿਮ PIN2","SimPuk2":"ਸਿਮ PUK2","RequestNotSupported":"ਬੇਨਤੀ ਸਹਾਇਕ ਨਹੀਂ","OpNotAllowedDuringVoiceCall":"ਵਾਇਸ ਕਾਲ ਦੇ ਦੌਰਾਨ ਕਾਰਵਾਈ ਸਹਾਇਕ ਨਹੀਂ","SmsSendFailRetry":"SMS ਭੇਜਣਾ ਫੇਲ੍ਹ ਮੁੜ-ਕੋਸ਼ਿਸ਼","SimAbsent":"ਸਿਮ ਗੈਰਹਾਜ਼ਰ","SubscriptionNotAvailable":"ਮੈਂਬਰੀ ਉਪਲੱਬਧ ਨਹੀਂ","ModeNotSupported":"ਮੋਡ ਸਹਾਇਕ ਨਹੀਂ","FdnCheckFailure":"Fdn ਜਾਂਚ ਫੇਲ੍ਹ ਹੈ","IllegalSimOrMe":"ਗਲਤ ਸਿਮ ਜਾਂ ME","DialModifiedToUssd":"USSD ਲਈ ਸੋਧਿਆ ਡਾਇਲ","DialModifiedToSs":"SS ਲਈ ਸੋਧਿਆ ਡਾਇਲ","DialModifiedToDial":"ਡਾਇਲ ਲਈ ਸੋਧਿਆ ਡਾਇਲ","UssdModifiedToDial":"ਡਾਇਲ ਲਈ ਸੋਧਿਆ USSD ","UssdModifiedToSs":"SS ਲਈ ਸੋਧਿਆ USSD ","UssdModifiedToUssd":"USSD ਲਈ ਸੋਧਿਆ USSD ","SsModifiedToDial":"ਡਾਇਲ ਲਈ ਸੋਧਿਆ SS","SsModifiedToUssd":"USSD  ਲਈ ਸੋਧਿਆ SS","SsModifiedToSs":"SS ਲਈ ਸੋਧਿਆ SS","SubscriptionNotSupported":"ਮੈਂਬਰੀ ਸਹਾਇਕ ਨਹੀਂ","InvalidParameter":"ਗਲਤ ਮਾਪਢੰਡ","RejectedByRemote":"ਰਿਮੋਟ ਵਲੋਂ ਰੱਦ ਕੀਤਾ","conferenceCall":"Conference ({{n}})","caller-left-call":"{{ caller }} ਨੇ ਕਾਲ ਛੱਡੀ","conferenceAddError":"ਕਾਲਾਂ ਮਿਲਾਉਣ ਲਈ ਅਸਮਰੱਥ","conferenceRemoveError":"ਕਾਲਾਂ ਵੱਖ-ਵੱਖ ਕਰਨ ਲਈ ਅਸਮਰੱਥ","longDateFormat":"%A, %e %B","select-audio-sources":"ਆਡੀਓ ਸਰੋਤ ਚੁਣੋ","bluetooth-handsfree-device":"ਬਲਿਊਟੁੱਥ ਹੈਡ-ਫਰੀ ਯੰਤਰ","receiver":"ਰਸੀਵਰ","speaker":"ਸਪੀਕਰ","voicemailNoNumberTitle":"ਵਾਇਸਮੇਲ ਨੰਬਰ ਉਪਲੱਬਧ ਨਹੀਂ","voicemailNoNumberText":"ਵਾਇਸਮੇਲ ਨੂੰ ਕਾਲ ਕਰਨ ਲਈ ਅਸਮਰੱਥ। ਕਾਲ ਕਰਨ ਲਈ ਵਾਇਸਮੇਲ ਨੰਬਰ ਦਿਉ।","voicemailNoNumberSettings":"ਸੈਟਿੰਗ","voicemailNoNumberCancel":"ਰੱਦ ਕਰੋ","phoneNumberInput":{"ariaLabel":"ਫੋਨ ਨੰਬਰ"},"keypadDelete":{"ariaLabel":"ਹਟਾਓ"},"voiceMailKey":{"ariaLabel":"ਵਾਇਸ-ਮੇਲ"},"asterisk":{"ariaLabel":"ਤਾਰਾ"},"hashSign":{"ariaLabel":"ਹੈਸ਼ ਚਿੰਨ"}}