{"close":"Zamknij","import":"Importuj","update":"Uaktualnij","fbFriends":"Facebook - znajomi","live-serviceName":"Outlook","gmail-serviceName":"Gmail","facebook-serviceName":"Facebook","selectAll":"Zaznacz wszystko","deselectAll":"Odznacz wszystko","viewAll":"Wyświetl wszystkich znajomych","viewRecommend":"Wyświetl tylko rekomendowanych","linkProposal":{"_index":["plural","numFriends"],"_":{"zero":"Nie znaleziono pasujących znajomych. Wyświetlono wszystkich","one":"Wybierz rekomendowanego","two":"Wybierz rekomendowanych","few":"Wybierz rekomendowanych","many":"Wybierz rekomendowanych"}},"fbFriendsFound":{"_index":["plural","numFriends"],"_":{"zero":"Kontakty wszystkich zostały wcześniej zaimportowane","one":"Znaleziono kontakt jednego znajomego do zaimportowania","two":"Znaleziono {{numFriends}} kontakty znajomych do zaimportowania","few":"Znaleziono {{numFriends}} kontakty znajomych do zaimportowania","many":"Znaleziono {{numFriends}} kontaktów znajomych do zaimportowania"}},"fbNoFriends":"Brak kontaktów do zaimportowania","facebook":"Kontakty znajomych z Facebooka","search-contact":{"placeholder":"Wyszukaj"},"noResults":"Nie znaleziono znajomych","done-search":"Gotowe","progressFB3ImportTitle":"Importowanie kontaktów znajomych","progressFB":"{{current}}/{{total}}","progressFB3UpdateTitle":"Aktualizowanie lokalnych kontaktów znajomych","message2":"To może zająć kilka minut","messageLinking":"Proszę czekać. Trwa łączenie kontaktów znajomych z lokalnymi.","messageCanceling":"Proszę czekać. Trwa anulowanie trwającej operacji.","error1":"Błąd {{from}}","error2":"Spróbować ponownie?","errorProposal":"tworzenia propozycji","errorFriends":"uzyskiwania listy znajomych","errorLinking":"łączenie kontaktów","timeout1":"Przekroczono limit czasu {{from}}","timeout2":"Spróbować ponownie?","timeoutProposal":"tworzenia propozycji","timeoutFriends":"uzyskiwania listy znajomych","timeoutLinking":"łączenie kontaktów","wait1":"Proszę czekać","wait2":"To może zająć kilka minut","waitProposal":"Proszę czekać. Tworzenie propozycji.","waitFriends":"Proszę czekać. Łączenie w celu pobrania listy znajomych.","curtainCancel":"Anuluj","curtainRetry":"Ponów","curtainOK":"OK","connectionLost":"Brak połączenia z Internetem","connectionLostMsg":"Zdjęcia znajomych nie zostaną dodane do kontaktów. Kontynuować mimo to?","yesOption":"OK","noOption":"Anuluj","friendsUpdated":{"_index":["plural","numFriends"],"_":{"zero":"Nie uaktualniono żadnych kontaktów znajomych","one":"Uaktualniono jeden kontakt","two":"Uaktualniono {{numFriends}} kontakty","few":"Uaktualniono {{numFriends}} kontakty","many":"Uaktualniono {{numFriends}} kontaktów"}},"friendsMerged":{"_index":["plural","numDups"],"_":{"zero":"Nie złączono żadnych powielonych kontaktów","one":"Złączono jeden powielony kontakt","two":"Złączono dwa powielone kontakty","few":"Złączono {{numDups}} powielone kontakty","many":"Złączono {{numDups}} powielonych kontaktów"}},"notificationLogin":"Sesja serwisu Facebook jest nieprawidłowa. Proszę się zalogować.","syncError":"Wystąpił błąd podczas synchronizowania danych znajomych","callAirplaneModeMessage":"Aby wykonać połączenie, należy wyłączyć tryb lotu w ustawieniach.","callAirplaneModeBtnOk":"OK","callAirplaneModeTitle":"Aktywny tryb lotu","numberIsBusyTitle":"Numer zajęty","numberIsBusyMessage":"Numer jest aktualnie zajęty. Proszę spróbować później.","fdnIsActiveTitle":"Wybieranie ustalone aktywne","fdnIsActiveMessage":"Wybieranie ustalone jest włączone, a następujący numer {{number}} nie znajduje się na liście dozwolonych","voiceMail":"Poczta głosowa","emergencyNumber":"Numer alarmowy","emergencyDialogBodyBadNumber":"Aby wykonać połączenie, telefon musi być połączony z siecią.","emergencyDialogBodyDeviceNotAccepted":"Sieć nie umożliwia wykonywania połączeń alarmowych.","emergencyDialogBtnOk":"OK","emergencyDialogTitle":"Brak połączenia z siecią","invalidNumberToDialTitle":"Nieprawidłowy numer","invalidNumberToDialMessage":"Wybrany numer telefonu jest nieprawidłowy.","unableToCallTitle":"Nie można wykonać połączenia","unableToCallMessage":"Wykonanie połączenia jest niemożliwe. Jeśli już dzwonisz, zakończ najpierw istniejące połączenie.","otherConnectionInUseTitle":"Aktywne inne połączenie","otherConnectionInUseMessage":"Inne połączenie jest aktywne. Można używać tylko jednego połączenia na raz.","add":"Dodaj","call":"Zadzwoń","edit":"Edytuj","cancel":"Anuluj","done":"Gotowe","ok":"OK","retry":"Ponów","contacts":"Kontakty","addContact":"Nowy kontakt","deleteContact":"Usuń kontakt","selectContact":"Wybierz kontakt","editContact":"Edycja kontaktu","deleteConfirmMsg":"Usunąć kontakt?","remove":"Usuń","delete":"Usuń","comments":"Komentarze","no_contact_phones":"Brak przypisanego numeru telefonu do tego kontaktu","no_contact_email":"Brak przypisanego adresu e-mail do tego kontaktu","no_contact_data":"Brak przypisanego numeru telefonu i adresu e-mail","removePhotoConfirm":"Usunąć zdjęcie kontaktu?","loadingContacts":"Wczytywanie kontaktów…","noContactsActivity":"Nie można dodać do kontaktu, ponieważ lista kontaktów jest pusta","noName":"Brak imienia","givenName":{"placeholder":"Imię"},"familyName":{"placeholder":"Nazwisko"},"tel":{"placeholder":"Numer telefonu"},"carrier":{"_":"Operator","placeholder":"Operator"},"separator":",","email":{"_":"E-mail","placeholder":"Adres e-mail"},"streetAddress":{"placeholder":"Ulica"},"postalCode":{"placeholder":"Kod pocztowy"},"locality":{"placeholder":"Miasto"},"countryName":{"placeholder":"Państwo"},"comment":{"placeholder":"Komentarz"},"org":{"placeholder":"Firma"},"date":{"_":"Data","placeholder":"Data"},"date-span-placeholder":"Data","birthday":"Urodziny","dateFormat":"%e %Eb","dateOutput":"{{dayMonthFormatted}} {{year}} roku","anniversary":"Rocznica","addPhoto":"Dodaj zdjęcie","addPhone":"Dodaj telefon","addEmail":"Dodaj adres e-mail","addAddress":"Dodaj adres","addDate":"Dodaj datę","addComment":"Dodaj komentarz","addFavorite":"Dodaj do ulubionych","removeFavorite":"Usuń z ulubionych","exit":"Wyjście","expand":"Rozszerz","labelName":"Imię:","labelLastName":"Nazwisko:","labelPhoneNumber":"Numer telefonu:","labelCarrier":"Operator:","labelEmail":"Adres e-mail:","labelStreet":"Ulica:","labelZip":"Kod pocztowy:","labelCity":"Miasto:","labelCountry":"Kraj:","labelComment":"Komentarz:","legendTitleMain":"Podstawowe informacje","legendPhones":"Numery telefonów","legendEmail":"Adres e-mail","legendAddress":"Adres","legendPhoto":{"ariaLabel":"Zdjęcie"},"settings":"Ustawienia","transferContactsTitle":"Przenoszenie kontaktów","importContactsTitle":"Import","importContactsButton":"Importuj kontakty","exportContactsTitle":"Eksport","exportContactsButton":"Eksportuj kontakty","exportContactsAction":"Eksportuj","simExport-title":"Eksport na kartę SIM","sdExport-title":"Eksport na kartę SD","btExport-title":"Eksport przez Bluetooth","sdUMSEnabled":"Nie można użyć karty SD, ponieważ udostępnianie po USB jest aktywne.","exportErrorTitle":"Błąd eksportu","contactsExported2":{"_index":["plural","exported"],"_":{"zero":"Nic nie wyeksportowano","one":"Wyeksportowano {{exported}}/{{total}}","two":"Wyeksportowano {{exported}}/{{total}}","few":"Wyeksportowano {{exported}}/{{total}}","many":"Wyeksportowano {{exported}}/{{total}}"}},"exportError-general":"Wystąpił błąd podczas eksportowania","exportError-SD-shared":"Nie można uzyskać dostępu do karty pamięci, ponieważ jest udostępniana","exportError-SD-unavailable":"Karta pamięci jest niedostępna","exportError-SD-noSpace":"Zbyt mało miejsca na karcie pamięci, aby wyeksportować na nią kontakty","exportError-SIM-unavailable":"Karta SIM jest niedostępna","exportError-BT-shared":"Nie można uzyskać dostępu do karty pamięci, ponieważ jest udostępniana","exportError-BT-unavailable":"Karta pamięci jest niedostępna","exportError-BT-noSpace":"Zbyt mało miejsca na karcie pamięci, aby wyeksportować na nią kontakty","social-network":"Sieci społecznościowe","social-link":"Połącz kontakty","social-unlink":"Zaprzestań łączenia kontaktów","social-unlink-confirm-title":"Zaprzestać łączenia kontaktów znajomego?","social-unlink-confirm-accept":"Zaprzestań","facebook-import":"Importuj kontakty znajomych z Facebooka","show-fb-profile":"Wyświetl profil w serwisie Facebook","msg-send":"Wiadomość","wall-post":"Post","facebook-export-forbidden":"Kontakt nie może zostać udostępniony ze względu na ograniczenia nałożone przez serwis Facebook.","otherAccount":"Inne konta","facebookSwitchMsg":"Synchronizacja","select_mobile":"Wybierz komórkę","select_email":"Wybierz adres e-mail","select_recipient":"Wybierz adresata","contactsOrderBy":"Sortowanie wg nazwisk","importSim2":"Karta SIM","importGmail":"Gmail","bluetooth":"Bluetooth","importOutlook":"Outlook","fbUpdateFriends":"Uaktualnij zaimportowane","cleaningFbData":"Usuwanie danych pochodzących z Facebooka","loggingOutFb":"Wylogowywanie z Facebooka","cleanFbConfirmMsg":"Usunąć wszystkie dane pochodzące z Facebooka?","renewPwdMsg":"Hasło w serwisie Facebook zostało zmienione i należy je uaktualnić.","notEnabledYet":"Jeszcze nieodblokowane","genericNoConnection":"Aby zaimportować kontakty, konieczne jest połączenie z Internetem","simCard":"Karta SIM","memoryCard":"Karta pamięci","simNumber":"SIM {{number}}","setICEButton":"Set ICE Contacts","ICESettingTitle":"ICE Contacts","ICEDescription":"Add two contacts for making “In Case of Emergency” calls.","ICEContact1":"ICE Contact 1","ICESelectContact":"Select a contact","ICEContact2":"ICE Contact 2","create-new":"Utwórz nowy kontakt","import-now":"Importuj dane kontaktów z karty SIM lub z Facebooka","no-contacts":"Brak kontaktów","start-adding":"Zacznij dodawać je teraz","notImported":"Nie importowano","imported":"Zaimportowano","today":"Dzisiaj","yesterday":"Wczoraj","organise-contacts":"Zarządzanie kontaktami","find-merge-contacts":"Wyszukaj duplikaty","preparing-contacts":"Przygotowywanie eksportu…","exportError-SIM-NoFreeRecordFound":"Pełna karta SIM","exportError-SIM-CannotAccessPhoneBook":"Brak dostępu do książki adresowej karty SIM","exportError-SIM-Unavailable":"Nie wykryto karty SIM","exportError-SIM-GenericError":"Wystąpił błąd podczas eksportu kontaktu","noSimMsgExport":"Aby eksportować kontakty, włóż lub odblokuj kartę SIM","noMemoryCardMsgExport":"Aby eksportować kontakty, włóż kartę pamięci","ContactManagementTitle":"Zarządzanie kontaktami","DeleteTitle":"Usuwanie","bulkDeleteButton":"Usuń kontakty","BulkDelCancel":"Anulowano usuwanie kontaktów","DeletedTxt":{"_index":["plural","n"],"_":{"zero":"Brak kontaktów do usunięcia","one":"Usunięto jeden kontakt","two":"Usunięto dwa kontakty","few":"Usunięto {{n}} kontakty","many":"Usunięto {{n}} kontaktów"}},"DeletingContacts":"Usuwanie kontaktów","ContactConfirmDel":{"_index":["plural","n"],"_":{"zero":"Brak kontaktów do usunięcia","one":"Usunąć jeden kontakt? (nie można tego cofnąć)","two":"Usunąć dwa kontakty? (nie można tego cofnąć)","few":"Usunąć {{n}} kontakty? (nie można tego cofnąć)","many":"Usunąć {{n}} kontaktów? (nie można tego cofnąć)"}},"SelectedTxt":{"_index":["plural","n"],"_":{"zero":"Kontakty","one":"Jeden wybrany","two":"Dwa wybrane","few":"{{n}} wybrane","many":"{{n}} wybranych"}},"video":"Wideo","audio":"Audio","pick_destination":"{{destination}} {{carrier}}","removeField":{"ariaLabel":"Usuń"},"undo":{"ariaLabel":"Cofnij"},"back":"Wstecz","noSimMsg":"Aby importować kontakty, włóż lub odblokuj kartę SIM","noMemoryCardMsg":"Aby importować kontakty, włóż kartę pamięci","importMemoryCard":"Karta pamięci","noConnection11":"Aby zaimportować kontakty lub dane znajomych z Facebooka, konieczne jest połączenie z Internetem.","simContacts-import":"Import kontaktu z karty SIM","simContacts-importing":"Importowanie kontaktów z karty SIM…","simContacts-reading":"Odczytywanie z karty SIM…","simContacts-error":"Nie udało się zaimportować kontaktów z karty SIM","simContacts-imported3":{"_index":["plural","n"],"_":{"zero":"Nie znaleziono kontaktów do zaimportowania na karcie SIM","one":"Zaimportowano jeden kontakt","two":"Zaimportowano dwa kontakty","few":"Zaimportowano {{n}} kontakty","many":"Zaimportowano {{n}} kontaktów"}},"memoryCardContacts-import":"Import kontaktów z karty pamięci","memoryCardContacts-importing":"Importowanie kontaktów z karty pamięci…","memoryCardContacts-reading":"Odczytywanie z karty pamięci…","memoryCardContacts-error":"Nie udało się zaimportować kontaktów z karty pamięci","memoryCardContacts-imported3":{"_index":["plural","n"],"_":{"zero":"Nie znaleziono kontaktów do zaimportowania na karcie pamięci","one":"Zaimportowano jeden kontakt","two":"Zaimportowano dwa kontakty","few":"Zaimportowano {{n}} kontakty","many":"Zaimportowano {{n}} kontaktów"}},"genericProgress":"{{current}}/{{total}}","facebook-import-msg":{"_index":["plural","imported"],"_":{"zero":"Nic nie zaimportowano","one":"Zaimportowano {{imported}}/{{total}}","two":"Zaimportowano {{imported}}/{{total}}","few":"Zaimportowano {{imported}}/{{total}}","many":"Zaimportowano {{imported}}/{{total}}"}},"contactsMerged":{"_index":["plural","numDups"],"_":{"zero":"Nie złączono żadnych powielonych kontaktów","one":"Złączono jeden powielony kontakt","two":"Złączono dwa powielone kontakty","few":"Złączono {{numDups}} powielone kontakty","many":"Złączono {{numDups}} powielonych kontaktów"}},"weekday-0-long":"Niedziela","weekday-1-long":"Poniedziałek","weekday-2-long":"Wtorek","weekday-3-long":"Środa","weekday-4-long":"Czwartek","weekday-5-long":"Piątek","weekday-6-long":"Sobota","weekday-0-short":"Nd","weekday-1-short":"Pn","weekday-2-short":"Wt","weekday-3-short":"Śr","weekday-4-short":"Cz","weekday-5-short":"Pt","weekday-6-short":"Sb","month-0-long":"Styczeń","month-1-long":"Luty","month-2-long":"Marzec","month-3-long":"Kwiecień","month-4-long":"Maj","month-5-long":"Czerwiec","month-6-long":"Lipiec","month-7-long":"Sierpień","month-8-long":"Wrzesień","month-9-long":"Październik","month-10-long":"Listopad","month-11-long":"Grudzień","month-0-genitive":"stycznia","month-1-genitive":"lutego","month-2-genitive":"marca","month-3-genitive":"kwietnia","month-4-genitive":"maja","month-5-genitive":"czerwca","month-6-genitive":"lipca","month-7-genitive":"sierpnia","month-8-genitive":"września","month-9-genitive":"października","month-10-genitive":"listopada","month-11-genitive":"grudnia","month-0-short":"sty","month-1-short":"lut","month-2-short":"mar","month-3-short":"kwi","month-4-short":"maj","month-5-short":"cze","month-6-short":"lip","month-7-short":"sie","month-8-short":"wrz","month-9-short":"paź","month-10-short":"lis","month-11-short":"gru","minutes-ago-long":{"_index":["plural","value"],"_":{"zero":"w tym momencie","one":"przed minutą","two":"dwie minuty temu","few":"{{value}} minuty temu","many":"{{value}} minut temu"}},"hours-ago-long":{"_index":["plural","value"],"_":{"zero":"w tej godzinie","one":"godzinę temu","two":"dwie godziny temu","few":"{{value}} godziny temu","many":"{{value}} godzin temu"}},"days-ago-long":{"_index":["plural","value"],"_":{"zero":"dzisiaj","one":"wczoraj","two":"przedwczoraj","few":"{{value}} dni temu","many":"{{value}} dni temu"}},"weeks-ago-long":{"_index":["plural","value"],"_":{"zero":"w tym tygodniu","one":"w zeszłym tygodniu","two":"dwa tygodnie temu","few":"{{value}} tygodnie temu","many":"{{value}} tygodni temu"}},"months-ago-long":{"_index":["plural","value"],"_":{"zero":"w tym miesiącu","one":"w zeszłym miesiącu","two":"dwa miesiące temu","few":"{{value}} miesiące temu","many":"{{value}} miesięcy temu"}},"years-ago-long":{"_index":["plural","value"],"_":{"zero":"w tym roku","one":"w zeszłym roku","two":"dwa lata temu","few":"{{value}} lata temu","many":"{{value}} lat temu"}},"minutes-until-long":{"_index":["plural","value"],"_":{"zero":"teraz","one":"za minutę","two":"za dwie minuty","few":"za {{value}} minuty","many":"za {{value}} minut"}},"hours-until-long":{"_index":["plural","value"],"_":{"zero":"teraz","one":"za godzinę","two":"za dwie godziny","few":"za {{value}} godziny","many":"za {{value}} godzin"}},"days-until-long":{"_index":["plural","value"],"_":{"zero":"dzisiaj","one":"jutro","two":"za dwa dni","few":"za {{value}} dni","many":"za {{value}} dni"}},"weeks-until-long":{"_index":["plural","value"],"_":{"zero":"w tym tygodniu","one":"w przyszłym tygodniu","two":"za dwa tygodnie","few":"za {{value}} tygodnie","many":"za {{value}} tygodni"}},"months-until-long":{"_index":["plural","value"],"_":{"zero":"w tym miesiącu","one":"w przyszłym miesiącu","two":"za dwa miesiące","few":"za {{value}} miesiące","many":"za {{value}} miesięcy"}},"years-until-long":{"_index":["plural","value"],"_":{"zero":"w tym roku","one":"w przyszłym roku","two":"za dwa lata","few":"za {{value}} lata","many":"za {{value}} lat"}},"minutes-ago-short":{"_index":["plural","value"],"_":{"zero":"teraz","other":"{{value}} min temu"}},"hours-ago-short":{"_index":["plural","value"],"_":{"zero":"teraz","other":"{{value}} godz. temu"}},"days-ago-short":{"_index":["plural","value"],"_":{"zero":"dzisiaj","other":"{{value}} dni temu"}},"minutes-until-short":{"_index":["plural","value"],"_":{"zero":"teraz","other":"za {{value}} min"}},"hours-until-short":{"_index":["plural","value"],"_":{"zero":"teraz","other":"za {{value}} godz."}},"days-until-short":{"_index":["plural","value"],"_":{"zero":"dzisiaj","other":"za {{value}} dni"}},"incorrectDate":"(nieprawidłowa data)","dateTimeFormat_%c":"%a, %e %b %Y, %H:%M:%S","dateTimeFormat_%x":"%e.%m.%Y","dateTimeFormat_%X":"%H:%M:%S","shortTimeFormat":"%H:%M","shortDateTimeFormat":"%x %H:%M","weekStartsOnMonday":"1","time_am":"AM","time_pm":"PM","sim-picker-dial-via-with-number":"Połącz z {{phoneNumber}} poprzez","sim-picker-select-sim":"Wybór karty SIM","sim-picker-button":"SIM {{n}}","sim-picker-button-default":"(domyślna)","label":"Etykieta","mobile":"Komórka","home":"Dom","work":"Praca","personal":"Prywatny","faxHome":"Domowy faks","faxOffice":"Służbowy faks","faxOther":"Inny faks","another":"Inna etykieta","other":"Inny","customTag":{"placeholder":"Własna etykieta"},"current":"Obecny","itemWithLabel":"{{item}} ({{label}})","waitDuplicateContacts":"Wyszukiwanie duplikatów","waitMergingDuplicateContacts":"Łączenie duplikatów","alertNoDuplicateContacts":"Nie znaleziono zduplikowanych kontaktów","merge":"Połącz","mergeDuplicateTitle":"Łączenie duplikatów","suggestedDuplicateContacts":"Kontakty mogące duplikować „{{name}}”","mergeActionButtonLabel":{"_index":["plural","n"],"_":{"zero":"Nie zaznaczono kontaktów","one":"Połącz z kontaktem","two":"Połącz z dwoma kontaktami","few":"Połącz z {{n}} kontaktami","many":"Połącz z {{n}} kontaktami"}},"duplicatesFoundTitle":"Znaleziono duplikaty","duplicatesFoundMessage":"{{name}} duplikuje informacje w następujących kontaktach","addNewNumber":"Dodaj nowy numer","addToExistingContact":"Dodaj do istniejącego kontaktu","all":{"_":"Wszystkie","ariaLabel":"Wszystkie"},"callLog":"Połączenia","callLogEdit":{"title":"Edycja listy połączeń"},"callLogEditDialog":{"ariaLabel":"Okno edycji listy połączeń"},"connecting":"Łączenie…","cf-async":"Asynchroniczne: {{async}}\\n","cf-data":"Dane: {{data}}\\n","cf-error":"Wystąpił błąd podczas odbierania statusu przekazywania połączenia","cf-fax":"Faks: {{fax}}\\n","cf-inactive":"Nieaktywne","cf-packet":"Pakiet: {{packet}}\\n","cf-pad":"Pad: {{pad}}\\n","cf-sms":"Sms: {{sms}}\\n","cf-status":"Status przekazywania połączenia\\n","cf-sync":"Synchroniczne: {{sync}}\\n","cf-voice":"Głosowe: {{voice}}\\n","confirm-deletion":"Wyczyścić wybrane połączenia?","createNewContact":"Utwórz nowy kontakt","dialerAddContact":{"ariaLabel":"Dodaj kontakt"},"dialerAddContactDialog":{"ariaLabel":"Okno dodawania kontaktu"},"edit-selected":{"_index":["plural","n"],"_":{"one":"{{n}} znaznaczone","two":"{{n}} zaznaczone","few":"{{n}} zaznaczone","many":"{{n}} zaznaczonych"}},"hideKeypad":{"ariaLabel":"Ukryj klawiaturę"},"ignore":"Zignoruj połączenie","incoming":"Przychodzące","keypad":{"ariaLabel":"Klawiatura"},"makeCall":{"ariaLabel":"Wykonaj połączenie"},"missed":{"_":"Nieodebrane","ariaLabel":"Nieodebrane"},"missedCall":"Nieodebrane połączenie","missedCallMultiSims":"Nieodebrane połączenie (SIM {{n}})","mmi-error":"Wystąpił błąd podczas wysyłania wiadomości","mmi-session-expired":"Ważność sesji wygasła","mmi-successfully-sent":"Wiadomość wysłana prawidłowo","mmi-notification-title-with-sim":"{{title}} ({{sim}})","mute":{"ariaLabel":"Wycisz"},"newCall":{"ariaLabel":"Nowe połączenie"},"no-logs-msg-1":"Brak połączeń","no-logs-msg-2":"Rozpocznij komunikację","no-logs-msg-3":"Brak nieodebranych połączeń","recents":{"ariaLabel":"Ostatnie połączenia"},"reply":"Odpowiedz","send":"Wyślij","switch-calls":"Przełącz rozmowy","withheld-number":"Zastrzeżony numer","from-contact":"Od {{contact}}","from-number":"Z {{number}}","from-withheld-number":"Z zastrzeżonego numeru","sending":"Wysyłanie…","speakerOption":{"ariaLabel":"Głośnik"},"ussd-services":"{{operator}} - usługi","toggleKeypad":{"ariaLabel":"Przełącz klawiaturę"},"type-your-response":{"placeholder":"Twoja odpowiedź…"},"clear-all-text":"Wyczyść cały tekst","hide":"Ukryj","hold":{"ariaLabel":"Wstrzymaj"},"resume":{"_":"Wznów","ariaLabel":"Wznów"},"sendSms":"Wyślij wiadomość","callEnded":"Rozmowa zakończona","via-sim":"poprzez SIM {{n}}","sim-number":"SIM {{n}}","hangup-a11y-button":{"ariaLabel":"Rozłącz"},"pickup-a11y-button":{"ariaLabel":"Odbierz"},"unlock-a11y-button":{"ariaLabel":"Odblokuj"},"roaming":"{{operator}} (roaming)","delete-n-log?":{"_index":["plural","n"],"_":{"zero":"Nie wybrano żadnych połączeń","one":"Usunąć wybrane połączenie?","two":"Usunąć {{n}} wybrane połączenia?","few":"Usunąć {{n}} wybrane połączenia?","many":"Usunąć {{n}} wybranych połączeń?"}},"callDurationMinutes":"{{m}}:{{s}}","callDurationHours":"{{h}}:{{m}}:{{s}}","suggestionMatches":{"_index":["plural","n"],"_":{"one":"{{n}} pasujący do „{{matchNumber}}”","two":"{{n}} pasujące do „{{matchNumber}}”","few":"{{n}} pasujące do „{{matchNumber}}”","many":"{{n}} pasujących do „{{matchNumber}}”"}},"scCallBarring":"Blokowanie połączeń","scCallForwarding":"Przekazywanie połączeń","scClip":"Prezentacja numeru","scClir":"Ukrywanie numeru","scPwd":"Zmiana hasła","scCallWaiting":"Połączenia oczekujące","scPin":"Zmiana kodu PIN","scPin2":"Zmiana kodu PIN2","scPuk":"Odblokuj PIN","scPuk2":"Odblokuj PIN2","scImei":"IMEI","scUssd":"USSD","serviceClassVoice":"Rozmowy","serviceClassData":"Dane","serviceClassFax":"Faks","serviceClassSms":"Sms","serviceClassDataSync":"Synchronicznie","serviceClassDataAsync":"Asynchronicznie","serviceClassPacket":"Pakiet","serviceClassPad":"PAD","smServiceEnabled":"Usługa została włączona","smServiceDisabled":"Usługa została wyłączona","smServiceRegistered":"Zarejestrowano","smServiceErased":"Wymazano","smServiceInterrogated":"Wysłano żądanie","smServiceNotProvisioned":"Usługa niedostępna","smClirPermanent":"Nie można zmienić ustawień identyfikatora abonenta","smClirDefaultOnNextCallOn":"Identyfikator abonenta domyślnie zastrzeżony. Następne połączenie: zastrzeżony","smClirDefaultOnNextCallOff":"Identyfikator abonenta domyślnie zastrzeżony. Następne połączenie: bez zastrzegania","smClirDefaultOffNextCallOn":"Identyfikator abonenta domyślnie bez zastrzegania. Następne połączenie: zastrzeżony","smClirDefaultOffNextCallOff":"Identyfikator abonenta domyślnie bez zastrzegania. Następne połączenie: bez zastrzegania","smServiceEnabledFor":"Usługa została włączona dla:","smPinChanged":"Kod PIN zmieniony","smPinUnblocked":"Kod PIN odblokowany","smPin2Changed":"Kod PIN2 zmieniony","smPin2Unblocked":"Kod PIN2 odblokowany","ServiceIsEnabled":"Service is enabled","ServiceIsDisabled":"Service is disabled","ServiceIsEnabledFor":"Service is enabled for:","emMmiError":"Błąd połączenia lub nieprawidłowy kod MMI","emMmiErrorPasswordIncorrect":"Nieprawidłowe hasło","emMmiErrorNotSupported":"Nieprawidłowy lub nieobsługiwany kod MMI","emMmiErrorInvalidAction":"Nieprawidłowa akcja","emMmiErrorInvalidScCode":"Nieprawidłowy kod usługi","emMmiErrorBadPuk":"Wprowadzono nieprawidłowy kod PUK","emMmiErrorBadPin":"Podano nieprawidłowy stary kod PIN.","emMmiErrorNeedPuk2":"Wprowadź kod PUK2, aby odblokować kartę SIM","emMmiErrorMismatchPin":"Wprowadzone kody PIN nie zgadzają się","emMmiErrorInvalidPin":"Wprowadź PIN składający się z 4 do 8 cyfr","emMmiErrorNeedsPuk":"Karta SIM zablokowana kodem PUK","emMmiErrorEnablePin":"Operacja nieudana. Włącz blokadę SIM/RUIM","emMmiErrorMmiFdn":"Operacja jest ograniczona do konkretnych numerów","emMmiErrorStkCcUssdDial":"Operacja USSD zmieniona na numer","emMmiErrorStkCcUssdSs":"Operacja USSD zmieniona na operację SS","emMmiErrorStkCcUssdUssd":"Operacja USSD zmieniona na nową","emMmiErrorStkCcSsDial":"Operacja SS zmieniona na numer","emMmiErrorStkCcSsUssd":"Operacja SS zmieniona na operację USSD","emMmiErrorStkCcSsSs":"Operacja SS zmieniona na nową","emMmiErrorPinPukAttempts":{"_index":["plural","n"],"_":{"one":"Pozostała tylko jedna próba","two":"Pozostały {{n}} próby","few":"Pozostały {{n}} próby","many":"Pozostało {{n}} prób"}},"emMmiErrorSimBlocked":"Wyczerpano dozwoloną liczbę prób. Karta SIM zablokowana","RadioNotAvailable":"Radio niedostępne","GenericFailure":"Wystąpił błąd","PasswordIncorrect":"Nieprawidłowe hasło","SimPin2":"SIM PIN2","SimPuk2":"SIM PUK2","RequestNotSupported":"Nieobsługiwane żądanie","OpNotAllowedDuringVoiceCall":"Operacja niedozwolona w trakcie rozmowy","SmsSendFailRetry":"Ponowne wysyłanie wiadomości SMS nieudane","SimAbsent":"Brak karty SIM","SubscriptionNotAvailable":"Subskrypcja niedostępna","ModeNotSupported":"Nieobsługiwany tryb","FdnCheckFailure":"Sprawdzanie statusu wybierania ustalonego nie powiodło się","IllegalSimOrMe":"SIM lub ME niedozwolone","DialModifiedToUssd":"Numer zmieniony na operację USSD","DialModifiedToSs":"Numer zmieniony na operację SS","DialModifiedToDial":"Numer zmieniony na numer","UssdModifiedToDial":"Operacja USSD zmieniona na numer","UssdModifiedToSs":"Operacja USSD zmieniona na operację SS","UssdModifiedToUssd":"Operacja USSD zmieniona na operację USSD","SsModifiedToDial":"Operacja SS zmieniona na numer","SsModifiedToUssd":"Operacja SS zmieniona na operację USSD","SsModifiedToSs":"Operacja SS zmieniona na operację SS","SubscriptionNotSupported":"Nieobsługiwana subskrypcja","InvalidParameter":"Nieprawidłowy parametr","RejectedByRemote":"Odrzucono przez zdalny","conferenceCall":"Połączenie konferencyjne ({{n}})","caller-left-call":"Zakończono rozmowę z „{{caller}}”","conferenceAddError":"Nie można połączyć rozmów","conferenceRemoveError":"Nie można rozłączyć rozmów","longDateFormat":"%A, %e %Eb","select-audio-sources":"Wybierz źródła audio","bluetooth-handsfree-device":"Urządzenie Bluetooth","receiver":"Odbiornik","speaker":"Głośnik","voicemailNoNumberTitle":"Brak numeru poczty głosowej","voicemailNoNumberText":"Nie można połączyć się z pocztą głosową. Określ w ustawieniach jej numer, aby wykonać połączenie.","voicemailNoNumberSettings":"Ustawienia","voicemailNoNumberCancel":"Anuluj","phoneNumberInput":{"ariaLabel":"Numer telefonu"},"keypadDelete":{"ariaLabel":"Usuń"},"voiceMailKey":{"ariaLabel":"Poczta głosowa"},"asterisk":{"ariaLabel":"Asterysk"},"hashSign":{"ariaLabel":"Symbol kratki"}}