{"close":"Close","import":"Import","update":"Update","fbFriends":"Facebook Friends","live-serviceName":"Outlook","gmail-serviceName":"Gmail","facebook-serviceName":"Facebook Friends","selectAll":"Select all","deselectAll":"Deselect all","viewAll":"View All Facebook Friends","viewRecommend":"View Only Recommended","linkProposal":{"_index":["plural","numFriends"],"_":{"zero":"No matching friends. Showing all","one":"Select the recommended one","two":"Select a recommended one","few":"Select a recommended one","many":"Select a recommended one","other":"Select a recommended one"}},"fbFriendsFound":{"_index":["plural","numFriends"],"_":{"zero":"All your friends are imported","one":"Found one friend to import","two":"Found {{numFriends}} friends to import","few":"Found {{numFriends}} friends to import","many":"Found {{numFriends}} friends to import","other":"Found {{numFriends}} friends to import"}},"fbNoFriends":"No contacts available to import","facebook":"Facebook","search-contact":{"placeholder":"Search"},"noResults":"No contacts found","done-search":"Done","progressFB3ImportTitle":"Importing friends to Contacts","progressFB":"{{current}}/{{total}}","progressFB3UpdateTitle":"Updating friends in Contacts","message2":"This may take a couple of minutes","messageLinking":"Please hold on. We are linking your friend and your contact.","messageCanceling":"Please hold on. We are canceling the ongoing operation.","error1":"Error {{from}}","error2":"Do you want to retry?","errorProposal":"calculating proposals","errorFriends":"retrieving friends","errorLinking":"linking contact","timeout1":"Exceeded timeout {{from}}","timeout2":"Do you want to retry?","timeoutProposal":"calculating proposals","timeoutFriends":"retrieving friends","timeoutLinking":"linking contacts","wait1":"Please hold on","wait2":"This may take a couple of minutes","waitProposal":"Please hold on. We are calculating a proposal.","waitFriends":"Please hold on. We are connecting to obtain your friend list.","curtainCancel":"Cancel","curtainRetry":"Retry","curtainOK":"OK","connectionLost":"No Internet connection","connectionLostMsg":"Friends’ photos will not be added to your contacts. Continue anyway?","yesOption":"OK","noOption":"Cancel","friendsUpdated":{"_index":["plural","numFriends"],"_":{"zero":"No friends updated","one":"Updated one friend","two":"Updated {{numFriends}} friends","few":"Updated {{numFriends}} friends","many":"Updated {{numFriends}} friends","other":"Updated {{numFriends}} friends"}},"friendsMerged":{"_index":["plural","numDups"],"_":{"zero":"No duplicated friends merged","one":"One duplicated friend merged","two":"{{numDups}} friends merged","few":"{{numDups}} friends merged","many":"{{numDups}} friends merged","other":"{{numDups}} friends merged"}},"notificationLogin":"Your Facebook session is invalid. Please sign in.","syncError":"There was an error synchronizing your friend’s data","callAirplaneModeMessage":"Para fazer uma chamada, desative o modo avião nas configurações.","callAirplaneModeBtnOk":"OK","callAirplaneModeTitle":"Modo avião ativado","numberIsBusyTitle":"Número está ocupado","numberIsBusyMessage":"O número está ocupado. Tente novamente mais tarde.","fdnIsActiveTitle":"FDN ativo","fdnIsActiveMessage":"Esse número está bloqueado pois ele não está na sua lista de números autorizados.","voiceMail":"Mensagens de voz","emergencyNumber":"Número de emergência","emergencyDialogBodyBadNumber":"Para fazer uma chamada, o telefone precisa estar conectado a uma rede.","emergencyDialogBodyDeviceNotAccepted":"Chamadas de emergência não permitidas pela rede.","emergencyDialogBtnOk":"OK","emergencyDialogTitle":"Sem conexão com a rede","invalidNumberToDialTitle":"Número inválido","invalidNumberToDialMessage":"O número de telefone chamado é inválido.","unableToCallTitle":"Impossível fazer uma chamada agora","unableToCallMessage":"Impossível fazer uma chamada. Se você já estiver digitando um número, por favor, desligue primeiro.","otherConnectionInUseTitle":"Outra conexão em uso","otherConnectionInUseMessage":"Você tem uma chamada ativa em outra conexão. Só é possível usar uma conexão por vez.","add":"Adicionar","call":"Chamar","edit":"Editar","cancel":"Cancelar","done":"Concluído","ok":"OK","retry":"Tentar novamente","contacts":"Contatos","addContact":"Novo contato","deleteContact":"Apagar contato","selectContact":"Selecionar contato","editContact":"Editar contato","deleteConfirmMsg":"Apagar contato?","remove":"Apagar","delete":"Apagar","comments":"Comentários","no_contact_phones":"Esse contato não tem um número de telefone","no_contact_email":"Esse contato não tem um endereço de email","no_contact_data":"This contact does not have a phone number and email address","removePhotoConfirm":"Remover foto do contato?","loadingContacts":"Carregando contatos…","noContactsActivity":"Não é possível adicionar a um contato pois sua lista está vazia","noName":"Nenhum nome","givenName":{"placeholder":"Nome"},"familyName":{"placeholder":"Sobrenome"},"tel":{"placeholder":"Telefone"},"carrier":{"_":"Operadora","placeholder":"Operadora"},"separator":",","email":{"_":"E-mail","placeholder":"E-mail"},"streetAddress":{"placeholder":"Endereço"},"postalCode":{"placeholder":"CEP"},"locality":{"placeholder":"Cidade"},"countryName":{"placeholder":"País"},"comment":{"placeholder":"Comentário"},"org":{"placeholder":"Companhia"},"date":{"_":"Data","placeholder":"Data"},"date-span-placeholder":"Data","birthday":"Aniversário","dateFormat":"%e de %B","dateOutput":"{{dayMonthFormatted}} de {{year}}","anniversary":"Aniversário","addPhoto":"Adicionar foto","addPhone":"Adicionar telefone","addEmail":"Adicionar e-mail","addAddress":"Adicionar endereço","addDate":"Adicionar data","addComment":"Adicionar comentário","addFavorite":"Adicionar aos favoritos","removeFavorite":"Remover dos favoritos","exit":"Sair","expand":"Expandir","labelName":"Nome:","labelLastName":"Sobrenome:","labelPhoneNumber":"Número do telefone:","labelCarrier":"Operadora:","labelEmail":"E-mail:","labelStreet":"Endereço:","labelZip":"CEP:","labelCity":"Cidade:","labelCountry":"País:","labelComment":"Comentário:","legendTitleMain":"Informações principais","legendPhones":"Números de telefone","legendEmail":"Endereço de e-mail","legendAddress":"Endereço","legendPhoto":{"ariaLabel":"Photo"},"settings":"Configurações","transferContactsTitle":"Transferir contatos","importContactsTitle":"Importar contatos","importContactsButton":"Importar contatos","exportContactsTitle":"Exportar contatos","exportContactsButton":"Exportar contatos","exportContactsAction":"Exportar","simExport-title":"Exportar para o SIM","sdExport-title":"Exportar para o cartão de memória","btExport-title":"Exportar via Bluetooth","sdUMSEnabled":"Não é possível usar o cartão de memória porque o armazenamento USB está habilitado.","exportErrorTitle":"Erro durante a exportação","contactsExported2":"{{ plural(exported) }}","exportError-general":"Um erro aconteceu durante a exportação","exportError-SD-shared":"Não foi possível acessar o cartão de memória pois ele é compartilhado","exportError-SD-unavailable":"Cartão de memória indisponível","exportError-SD-noSpace":"Não há espaço livre suficiente no cartão de memória para exportar contatos","exportError-SIM-unavailable":"Cartão SIM não está disponível","exportError-BT-shared":"Não foi possível acessar o cartão de memória pois ele é compartilhado","exportError-BT-unavailable":"Cartão de memória indisponível","exportError-BT-noSpace":"Não há espaço livre suficiente no cartão de memória para exportar contatos","social-network":"Redes sociais","social-link":"Vincular contato","social-unlink":"Desvincular contato","social-unlink-confirm-title":"Deseja desvincular seu amigo?","social-unlink-confirm-accept":"Desvincular","facebook-import":"Importar amigos do Facebook","show-fb-profile":"Ver perfil do Facebook","msg-send":"Mensagem","wall-post":"Publicação no mural","facebook-export-forbidden":"O contato não pode ser compartilhado devido a uma exigência do Facebook.","otherAccount":"Outras contas","facebookSwitchMsg":"Sincronizar amigos","select_mobile":"Selecionar telefone celular","select_email":"Selecionar e-mail","select_recipient":"Select recipient","contactsOrderBy":"Ordenar pelo sobrenome","importSim2":"Chip SIM","importGmail":"Gmail","bluetooth":"Bluetooth","importOutlook":"Outlook","fbUpdateFriends":"Atualizar amigos importados","cleaningFbData":"Removendo dados do Facebook…","loggingOutFb":"Saindo do Facebook…","cleanFbConfirmMsg":"Remover todos os dados do Facebook?","renewPwdMsg":"Sua senha do Facebook foi alterada. Por favor, atualize.","notEnabledYet":"Desativado","genericNoConnection":"Para importar contatos, conect-se a uma rede Wi-Fi ou de dados","simCard":"Cartão SIM","memoryCard":"Cartão de memória","simNumber":"SIM {{number}}","setICEButton":"Set ICE Contacts","ICESettingTitle":"ICE Contacts","ICEDescription":"Add two contacts for making “In Case of Emergency” calls.","ICEContact1":"ICE Contact 1","ICESelectContact":"Select a contact","ICEContact2":"ICE Contact 2","create-new":"Criar um novo contato","import-now":"Importar seus contatos do seu chip SIM ou do Facebook","no-contacts":"Nenhum contato","start-adding":"Comece a adicionar contatos agora","notImported":"Não importados","imported":"Importados","today":"Hoje","yesterday":"Ontem","organise-contacts":"Organizar contatos","find-merge-contacts":"Achar contatos duplicados","preparing-contacts":"Preparando contatos","exportError-SIM-NoFreeRecordFound":"O Cartão SIM está cheio","exportError-SIM-CannotAccessPhoneBook":"Falha ao acessar a agenda do cartão SIM","exportError-SIM-Unavailable":"Nenhum cartão SIM detectado","exportError-SIM-GenericError":"Houve um erro ao exportar um contato","noSimMsgExport":"Para exportar contatos insira ou destrave seu cartão SIM","noMemoryCardMsgExport":"Para exportar contatos insira um cartão de memória","ContactManagementTitle":"Gerenciamento de contatos","DeleteTitle":"Apagar","bulkDeleteButton":"Apagar contatos","BulkDelCancel":"Cancelado","DeletedTxt":{"_index":["plural","n"],"_":{"zero":"Nenhum contato para ser apagado","one":"1 contato apagado","two":"{{n}} contatos apagados","few":"{{n}} contatos apagados","many":"{{n}} contatos apagados","other":"{{n}} contatos apagados"}},"DeletingContacts":"Apagando contatos","ContactConfirmDel":{"_index":["plural","n"],"_":{"zero":"Nenhum contato para ser apagado","one":"Apagar 1 contato? Essa ação não pode ser desfeita.","two":"Apagar {{n}} contatos? Essa ação não pode ser desfeita.","few":"Apagar {{n}} contatos? Essa ação não pode ser desfeita.","many":"Apagar {{n}} contatos? Essa ação não pode ser desfeita.","other":"Apagar {{n}} contatos? Essa ação não pode ser desfeita."}},"SelectedTxt":{"_index":["plural","n"],"_":{"zero":"Contatos","one":"{{n}} selecionado","two":"{{n}} selecionados","few":"{{n}} selecionados","many":"{{n}} selecionados","other":"{{n}} selecionados"}},"video":"Vídeo","audio":"Áudio","pick_destination":"{{ destination }} {{ carrier }}","removeField":{"ariaLabel":"Remove"},"undo":{"ariaLabel":"Undo"},"back":"Back","noSimMsg":"To import contacts insert or unlock your SIM card","noMemoryCardMsg":"To import contacts insert a memory card","importMemoryCard":"Memory card","noConnection11":"To import Facebook friends or contacts connect to Wi-Fi or data network","simContacts-import":"Import SIM contacts","simContacts-importing":"Importing SIM contacts…","simContacts-reading":"Reading from SIM card…","simContacts-error":"Could not import contacts from SIM","simContacts-imported3":{"_index":["plural","n"],"_":{"zero":"No contacts detected on SIM to import","one":"Imported one contact","two":"Imported {{n}} contacts","few":"Imported {{n}} contacts","many":"Imported {{n}} contacts","other":"Imported {{n}} contacts"}},"memoryCardContacts-import":"Import contacts from memory card","memoryCardContacts-importing":"Importing contacts from memory card…","memoryCardContacts-reading":"Reading from memory card…","memoryCardContacts-error":"Could not import contacts from memory card","memoryCardContacts-imported3":{"_index":["plural","n"],"_":{"zero":"No contacts detected on memory card to import","one":"Imported one contact","two":"Imported {{n}} contacts","few":"Imported {{n}} contacts","many":"Imported {{n}} contacts","other":"Imported {{n}} contacts"}},"genericProgress":"{{current}}/{{total}}","facebook-import-msg":{"_index":["plural","imported"],"_":{"zero":"No friends imported (out of {{total}})","one":"One friend imported (out of {{total}})","two":"{{imported}}/{{total}} friends imported","few":"{{imported}}/{{total}} friends imported","many":"{{imported}}/{{total}} friends imported","other":"{{imported}}/{{total}} friends imported"}},"contactsMerged":{"_index":["plural","numDups"],"_":{"zero":"No duplicated contacts merged","one":"One duplicated contact merged","two":"{{numDups}} contacts merged","few":"{{numDups}} contacts merged","many":"{{numDups}} contacts merged","other":"{{numDups}} contacts merged"}},"weekday-0-long":"Domingo","weekday-1-long":"Segunda-feira","weekday-2-long":"Terça-feira","weekday-3-long":"Quarta-feira","weekday-4-long":"Quinta-feira","weekday-5-long":"Sexta-feira","weekday-6-long":"Sábado","weekday-0-short":"Dom","weekday-1-short":"Seg","weekday-2-short":"Ter","weekday-3-short":"Qua","weekday-4-short":"Qui","weekday-5-short":"Sex","weekday-6-short":"Sáb","month-0-long":"Janeiro","month-1-long":"Fevereiro","month-2-long":"Março","month-3-long":"Abril","month-4-long":"Maio","month-5-long":"Junho","month-6-long":"Julho","month-7-long":"Agosto","month-8-long":"Setembro","month-9-long":"Outubro","month-10-long":"Novembro","month-11-long":"Dezembro","month-0-genitive":"Janeiro","month-1-genitive":"Fevereiro","month-2-genitive":"Março","month-3-genitive":"Abril","month-4-genitive":"Maio","month-5-genitive":"Junho","month-6-genitive":"Julho","month-7-genitive":"Agosto","month-8-genitive":"Setembro","month-9-genitive":"Outubro","month-10-genitive":"Novembro","month-11-genitive":"Dezembro","month-0-short":"Jan","month-1-short":"Fev","month-2-short":"Mar","month-3-short":"Abr","month-4-short":"Mai","month-5-short":"Jun","month-6-short":"Jul","month-7-short":"Ago","month-8-short":"Set","month-9-short":"Out","month-10-short":"Nov","month-11-short":"Dez","minutes-ago-long":{"_index":["plural","value"],"_":{"zero":"há pouco","one":"um minuto atrás","two":"{{value}} minutos atrás","few":"{{value}} minutos atrás","many":"{{value}} minutos atrás","other":"{{value}} minutos atrás"}},"hours-ago-long":{"_index":["plural","value"],"_":{"zero":"há pouco","one":"uma hora atrás","two":"{{value}} horas atrás","few":"{{value}} horas atrás","many":"{{value}} horas atrás","other":"{{value}} horas atrás"}},"days-ago-long":{"_index":["plural","value"],"_":{"zero":"hoje","one":"ontem","two":"{{value}} dias atrás","few":"{{value}} dias atrás","many":"{{value}} dias atrás","other":"{{value}} dias atrás"}},"weeks-ago-long":{"_index":["plural","value"],"_":{"zero":"esta semana","one":"semana passada","two":"{{value}} semanas atrás","few":"{{value}} semanas atrás","many":"{{value}} semanas atrás","other":"{{value}} semanas atrás"}},"months-ago-long":{"_index":["plural","value"],"_":{"zero":"este mês","one":"mês passado","two":"{{value}} meses atrás","few":"{{value}} meses atrás","many":"{{value}} meses atrás","other":"{{value}} meses atrás"}},"years-ago-long":{"_index":["plural","value"],"_":{"zero":"este ano","one":"ano passado","two":"{{value}} anos atrás","few":"{{value}} anos atrás","many":"{{value}} anos atrás","other":"{{value}} anos atrás"}},"minutes-until-long":{"_index":["plural","value"],"_":{"zero":"agora","one":"em um minuto","two":"em {{value}} minutos","few":"em {{value}} minutos","many":"em {{value}} minutos","other":"em {{value}} minutos"}},"hours-until-long":{"_index":["plural","value"],"_":{"zero":"agora","one":"em uma hora","two":"em {{value}} horas","few":"em {{value}} horas","many":"em {{value}} horas","other":"em {{value}} horas"}},"days-until-long":{"_index":["plural","value"],"_":{"zero":"hoje","one":"amanhã","two":"em {{value}} dias","few":"em {{value}} dias","many":"em {{value}} dias","other":"em {{value}} dias"}},"weeks-until-long":{"_index":["plural","value"],"_":{"zero":"esta semana","one":"semana que vem","two":"em {{value}} semanas","few":"em {{value}} semanas","many":"em {{value}} semanas","other":"em {{value}} semanas"}},"months-until-long":{"_index":["plural","value"],"_":{"zero":"este mês","one":"mês que vem","two":"em {{value}} meses","few":"em {{value}} meses","many":"em {{value}} meses","other":"em {{value}} meses"}},"years-until-long":{"_index":["plural","value"],"_":{"zero":"este ano","one":"ano que vem","two":"em {{value}} anos","few":"em {{value}} anos","many":"em {{value}} anos","other":"em {{value}} anos"}},"minutes-ago-short":{"_index":["plural","value"],"_":{"zero":"há pouco","other":"{{value}}min atrás"}},"hours-ago-short":{"_index":["plural","value"],"_":{"zero":"há pouco","other":"{{value}}h atrás"}},"days-ago-short":{"_index":["plural","value"],"_":{"zero":"hoje","other":"{{value}}d atrás"}},"minutes-until-short":{"_index":["plural","value"],"_":{"zero":"agora","other":"em {{value}}min"}},"hours-until-short":{"_index":["plural","value"],"_":{"zero":"agora","other":"em {{value}}h"}},"days-until-short":{"_index":["plural","value"],"_":{"zero":"hoje","other":"em {{value}}d"}},"incorrectDate":"(data incorreta)","dateTimeFormat_%c":"%A, %e de %B de %Y %Hh %Mmin %Ss","dateTimeFormat_%x":"%d/%m/%Y","dateTimeFormat_%X":"%Hh %Mmin %Ss","shortTimeFormat":"%Hh%M","shortDateTimeFormat":"%x %Hh%M","weekStartsOnMonday":"0","time_am":"AM","time_pm":"PM","sim-picker-dial-via-with-number":"Dial {{ phoneNumber }} via","sim-picker-select-sim":"Select SIM","sim-picker-button":"SIM{{ n }}","sim-picker-button-default":"(default)","label":"Tipo","mobile":"Celular","home":"Residencial","work":"Profissional","personal":"Pessoal","faxHome":"Fax residencial","faxOffice":"Fax profissional","faxOther":"Fax (outro)","another":"Outro","other":"Outro","customTag":{"placeholder":"Tipo personalizado"},"current":"Atual","itemWithLabel":"{{label}}, {{item}}","waitDuplicateContacts":"Procurando contatos duplicados","waitMergingDuplicateContacts":"Combinando contatos duplicados","alertNoDuplicateContacts":"Nenhum contato duplicado encontrado","merge":"Combinar","mergeDuplicateTitle":"Combinar contatos duplicados","suggestedDuplicateContacts":"Contatos duplicados para {{name}}","mergeActionButtonLabel":{"_index":["plural","n"],"_":{"zero":"Nenhum contato selecionado","one":"Combinar com {{n}} contato","two":"Combinar com {{n}} contatos","few":"Combinar com {{n}} contatos","many":"Combinar com {{n}} contatos","other":"Combinar com {{n}} contatos"}},"duplicatesFoundTitle":"Contatos duplicados encontrados","duplicatesFoundMessage":"{{name}} tem informação duplicada nos seguintes contatos","addNewNumber":"Adicionar novo número","addToExistingContact":"Adicionar a um contato","all":{"_":"Todas","ariaLabel":"Todas"},"callLog":"Chamadas","callLogEdit":{"title":"Editar log de chamadas"},"callLogEditDialog":{"ariaLabel":"Diálogo de edição do log de chamadas"},"connecting":"Conectando","cf-async":"Assíncrono: {{ async }}\\n","cf-data":"Dados: {{ data }}\\n","cf-error":"Ocorreu um erro ao recuperar status de desvio de chamadas","cf-fax":"FAX: {{ fax }}\\n","cf-inactive":"Inativo","cf-packet":"Pacote: {{ packet }}\\n","cf-pad":"PAD: {{ pad }}\\n","cf-sms":"SMS: {{ sms }}\\n","cf-status":"Status de desvio de chamadas\\n","cf-sync":"Síncrono: {{ sync }}\\n","cf-voice":"Voz: {{ voice }}\\n","confirm-deletion":"Apagar as chamadas selecionadas?","createNewContact":"Criar novo contato","dialerAddContact":{"ariaLabel":"Adicionar contato"},"dialerAddContactDialog":{"ariaLabel":"Diálogo de adicionar contato"},"edit-selected":{"_index":["plural","n"],"_":{"one":"{{ n }} selecionada","two":"{{ n }} selecionadas","few":"{{ n }} selecionadas","many":"{{ n }} selecionadas","other":"{{ n }} selecionadas"}},"hideKeypad":{"ariaLabel":"Esconder teclado"},"ignore":"Ignorar chamada","incoming":"Recebidas","keypad":{"ariaLabel":"Teclado"},"makeCall":{"ariaLabel":"Fazer chamada"},"missed":{"_":"Não atendidas","ariaLabel":"Não atendidas"},"missedCall":"Chamada não atendida","missedCallMultiSims":"(SIM {{ n }}) Chamada não atendida","mmi-error":"Ocorreu um erro ao enviar a mensagem","mmi-session-expired":"Sessão expirada","mmi-successfully-sent":"Mensagem enviada com sucesso","mmi-notification-title-with-sim":"({{sim}}) {{title}}","mute":{"ariaLabel":"Emudecer"},"newCall":{"ariaLabel":"Nova chamada"},"no-logs-msg-1":"Nenhuma chamada registrada","no-logs-msg-2":"Comece a se comunicar agora","no-logs-msg-3":"Nenhuma chamada não atendida","recents":{"ariaLabel":"Chamas recentes"},"reply":"Responder","send":"Enviar","switch-calls":"Alternar chamada","withheld-number":"Número confidencial","from-contact":"De {{ contact }}","from-number":"De {{ number }}","from-withheld-number":"De número confidencial","sending":"Enviando…","speakerOption":{"ariaLabel":"Alto-falante"},"ussd-services":"Serviços da {{ operator }}","toggleKeypad":{"ariaLabel":"Exibir/esconder teclado"},"type-your-response":{"placeholder":"Digite sua resposta…"},"clear-all-text":"Limpar tudo","hide":"Esconder","hold":{"ariaLabel":"Espera"},"resume":{"_":"Continuar","ariaLabel":"Continuar"},"sendSms":"Enviar mensagem","callEnded":"Chamada encerrada","via-sim":"via SIM{{ n }}","sim-number":"SIM{{ n }}","hangup-a11y-button":{"aria-label":"Desligar"},"pickup-a11y-button":{"aria-label":"Atender"},"unlock-a11y-button":{"aria-label":"Controle deslizante"},"roaming":"{{operator}} (Roaming)","delete-n-log?":{"_index":["plural","n"],"_":{"zero":"Nada selecionado","one":"Apagar a entrada selecionada?","two":"Apagar {{ n }} entradas?","few":"Apagar {{ n }} entradas?","many":"Apagar {{ n }} entradas?","other":"Apagar {{ n }} entradas?"}},"callDurationMinutes":"{{ m }}min {{ s }}s","callDurationHours":"{{ h }}h {{ m }}min {{ s}}s","suggestionMatches":{"_index":["plural","n"],"_":{"one":"{{ n }} resultado para \"{{ matchNumber }}\"","two":"{{ n }} resultados para \"{{ matchNumber }}\"","few":"{{ n }} resultados para \"{{ matchNumber }}\"","many":"{{ n }} resultados para \"{{ matchNumber }}\"","other":"{{ n }} resultados para \"{{ matchNumber }}\""}},"scCallBarring":"Restrição de chamadas","scCallForwarding":"Desvio de chamadas","scClip":"Identificação da chamada de entrada","scClir":"Identificação do seu aparelho","scPwd":"Troca de senha","scCallWaiting":"Chamada em espera","scPin":"Troca de PIN","scPin2":"Troca de PIN2","scPuk":"Desbloqueio de PIN","scPuk2":"Desbloqueio de PIN2","scImei":"IMEI","scUssd":"USSD","serviceClassVoice":"Voz","serviceClassData":"Dados","serviceClassFax":"FAX","serviceClassSms":"SMS","serviceClassDataSync":"Síncrono","serviceClassDataAsync":"Assíncrono","serviceClassPacket":"Pacote","serviceClassPad":"PAD","smServiceEnabled":"O serviço foi ativado","smServiceDisabled":"O serviço foi desativado","smServiceRegistered":"Registro com sucesso","smServiceErased":"Excluído com sucesso","smServiceInterrogated":"Solicitação com sucesso","smServiceNotProvisioned":"Serviço não oferecido","smClirPermanent":"Você não pode alterar as configurações de identificação","smClirDefaultOnNextCallOn":"A configuração padrão de identificação é restrita. Próxima chamada: restrita","smClirDefaultOnNextCallOff":"A configuração padrão de identificação é restrita. Próxima chamada: irrestrita","smClirDefaultOffNextCallOn":"A configuração padrão de identificação é irrestrita. Próxima chamada: restrita","smClirDefaultOffNextCallOff":"A configuração padrão de identificação é irrestrita. Próxima chamada: irrestrita","smServiceEnabledFor":"O serviço foi ativado para:","smPinChanged":"PIN alterado com sucesso","smPinUnblocked":"PIN desbloqueado com sucesso","smPin2Changed":"PIN2 alterado com sucesso","smPin2Unblocked":"PIN2 desbloqueado com sucesso","ServiceIsEnabled":"Service is enabled","ServiceIsDisabled":"Service is disabled","ServiceIsEnabledFor":"Service is enabled for:","emMmiError":"Erro de conexão ou código MMI inválido","emMmiErrorPasswordIncorrect":"Senha incorreta","emMmiErrorNotSupported":"Código MMI inválido ou não suportado","emMmiErrorInvalidAction":"Ação inválida","emMmiErrorInvalidScCode":"Código de serviço inválido","emMmiErrorBadPuk":"O PUK que você digitou está incorreto","emMmiErrorBadPin":"O PIN atual que você digitou esá incorreto","emMmiErrorNeedPuk2":"Digite o PIN2 para desbloquear o chip SIM","emMmiErrorMismatchPin":"Os PINs que você digitou não correspondem","emMmiErrorInvalidPin":"Digite um PIN de 4 a 8 dígitos","emMmiErrorNeedsPuk":"Seu chip SIM está bloqueado","emMmiErrorEnablePin":"Sem sucesso. Ative o bloqueio SIM/RUIM","emMmiErrorMmiFdn":"A operação está restrita a apenas números determinados","emMmiErrorStkCcUssdDial":"A soliticação USSD está modificada para soliticação DIAL","emMmiErrorStkCcUssdSs":"A soliticação USSD está modificada para soliticação SS","emMmiErrorStkCcUssdUssd":"A soliticação USSD está modificada para soliticação USSD","emMmiErrorStkCcSsDial":"A soliticação SS está modificada para soliticação DIAL","emMmiErrorStkCcSsUssd":"A soliticação SS está modificada para soliticação USSD","emMmiErrorStkCcSsSs":"A soliticação SS está modificada para soliticação SS","emMmiErrorPinPukAttempts":{"_index":["plural","n"],"_":{"one":"Apenas {{ n }} tentativa restante","two":"{{ n }} tentativas restantes","few":"{{ n }} tentativas restantes","many":"{{ n }} tentativas restantes","other":"{{ n }} tentativas restantes"}},"emMmiErrorSimBlocked":"Número máximo de tentativas excedido. Chip bloqueado","RadioNotAvailable":"Rádio indisponível","GenericFailure":"Falha genérica","PasswordIncorrect":"Senha incorreta","SimPin2":"PIN2 do SIM","SimPuk2":"PUK2 do SIM","RequestNotSupported":"Solicitação não suportada","OpNotAllowedDuringVoiceCall":"Operação não permitida durante uma chamada de voz","SmsSendFailRetry":"Tentativa de reenvio de SMS","SimAbsent":"SIM ausente","SubscriptionNotAvailable":"Inscrição indisponível","ModeNotSupported":"Modo não suportado","FdnCheckFailure":"Falha de verificação Fdn","IllegalSimOrMe":"Chip SIM ou ME ilegal","DialModifiedToUssd":"Dial modificado para USSD","DialModifiedToSs":"Dial modificado para ss","DialModifiedToDial":"Dial modificado para dial","UssdModifiedToDial":"USSD modificado para dial","UssdModifiedToSs":"USSD modificado para SS","UssdModifiedToUssd":"USSD modificado para USSD","SsModifiedToDial":"SS modificado para dial","SsModifiedToUssd":"SS modificado para USSD","SsModifiedToSs":"SS modificado para SS","SubscriptionNotSupported":"Inscrição não suportada","InvalidParameter":"Parâmetro inválido","RejectedByRemote":"Rejeitado remotamente","conferenceCall":"Conference ({{n}})","caller-left-call":"{{ caller }} saiu da chamada.","conferenceAddError":"Não foi possível unir as chamadas","conferenceRemoveError":"Não foi possível separar as chamadas","longDateFormat":"%a, %e de %B","select-audio-sources":"Selecionar fontes de áudio","bluetooth-handsfree-device":"Dispositivo handsfree Bluetooth","receiver":"Recebedor","speaker":"Alto-falante","voicemailNoNumberTitle":"Voicemail number is unavailable","voicemailNoNumberText":"Unable to call the voicemail. Set up the voicemail number to place the call.","voicemailNoNumberSettings":"Settings","voicemailNoNumberCancel":"Cancel","phoneNumberInput":{"ariaLabel":"Número de telefone"},"keypadDelete":{"ariaLabel":"Apagar"},"voiceMailKey":{"ariaLabel":"Correio de voz"},"asterisk":{"ariaLabel":"Asterisco"},"hashSign":{"ariaLabel":"Símbolo cerquilha"}}