{"close":"Close","import":"Import","update":"Update","fbFriends":"Facebook Friends","live-serviceName":"Outlook","gmail-serviceName":"Gmail","facebook-serviceName":"Facebook Friends","selectAll":"Select all","deselectAll":"Deselect all","viewAll":"View All Facebook Friends","viewRecommend":"View Only Recommended","linkProposal":{"_index":["plural","numFriends"],"_":{"zero":"No matching friends. Showing all","one":"Select the recommended one","two":"Select a recommended one","few":"Select a recommended one","many":"Select a recommended one","other":"Select a recommended one"}},"fbFriendsFound":{"_index":["plural","numFriends"],"_":{"zero":"All your friends are imported","one":"Found one friend to import","two":"Found {{numFriends}} friends to import","few":"Found {{numFriends}} friends to import","many":"Found {{numFriends}} friends to import","other":"Found {{numFriends}} friends to import"}},"fbNoFriends":"No contacts available to import","facebook":"Facebook","search-contact":{"placeholder":"Search"},"noResults":"No contacts found","done-search":"Done","progressFB3ImportTitle":"Importing friends to Contacts","progressFB":"{{current}}/{{total}}","progressFB3UpdateTitle":"Updating friends in Contacts","message2":"This may take a couple of minutes","messageLinking":"Please hold on. We are linking your friend and your contact.","messageCanceling":"Please hold on. We are canceling the ongoing operation.","error1":"Error {{from}}","error2":"Do you want to retry?","errorProposal":"calculating proposals","errorFriends":"retrieving friends","errorLinking":"linking contact","timeout1":"Exceeded timeout {{from}}","timeout2":"Do you want to retry?","timeoutProposal":"calculating proposals","timeoutFriends":"retrieving friends","timeoutLinking":"linking contacts","wait1":"Please hold on","wait2":"This may take a couple of minutes","waitProposal":"Please hold on. We are calculating a proposal.","waitFriends":"Please hold on. We are connecting to obtain your friend list.","curtainCancel":"Cancel","curtainRetry":"Retry","curtainOK":"OK","connectionLost":"No Internet connection","connectionLostMsg":"Friends’ photos will not be added to your contacts. Continue anyway?","yesOption":"OK","noOption":"Cancel","friendsUpdated":{"_index":["plural","numFriends"],"_":{"zero":"No friends updated","one":"Updated one friend","two":"Updated {{numFriends}} friends","few":"Updated {{numFriends}} friends","many":"Updated {{numFriends}} friends","other":"Updated {{numFriends}} friends"}},"friendsMerged":{"_index":["plural","numDups"],"_":{"zero":"No duplicated friends merged","one":"One duplicated friend merged","two":"{{numDups}} friends merged","few":"{{numDups}} friends merged","many":"{{numDups}} friends merged","other":"{{numDups}} friends merged"}},"notificationLogin":"Your Facebook session is invalid. Please sign in.","syncError":"There was an error synchronizing your friend’s data","callAirplaneModeMessage":"Pentru a efectua un apel, trebuie să dezactivezi modul avion din Setări.","callAirplaneModeBtnOk":"Ok","callAirplaneModeTitle":"Modul avion activat","numberIsBusyTitle":"Numărul este ocupat","numberIsBusyMessage":"Numărul este în prezent ocupat. Te rugăm reîncearcă mai târziu.","fdnIsActiveTitle":"FDN active","fdnIsActiveMessage":"FDN (Fixed Dialing Numbers) is activated and the following number is not in your FDN list: {{ number }}","voiceMail":"Mesaj vocal","emergencyNumber":"Număr de urgență","emergencyDialogBodyBadNumber":"Pentru a efectua un apel, telefonul trebuie să fie conectat la o rețea.","emergencyDialogBodyDeviceNotAccepted":"Apelurile de urgență nu sunt permise de către rețea.","emergencyDialogBtnOk":"Ok","emergencyDialogTitle":"Fără conexiune la rețea","invalidNumberToDialTitle":"Număr de telefon incorect","invalidNumberToDialMessage":"Numărul de telefon pe care îl apelezi nu este valabil.","unableToCallTitle":"Nu se poate efectua un apel telefonic acum","unableToCallMessage":"Nu se poate efectua un apel. Dacă apelezi deja, te rugăm să închizi mai întâi.","otherConnectionInUseTitle":"Altă conexiune în uz","otherConnectionInUseMessage":"Ai un apel activ pe altă conexiune. Poți folosi doar o conexiune în același timp.","add":"Adaugă","call":"Apelează","edit":"Editează","cancel":"Renunță","done":"Gata","ok":"Ok","retry":"Reîncearcă","contacts":"Contacte","addContact":"Adaugă contact","deleteContact":"Șterge contactul","selectContact":"Selectează contactul","editContact":"Editează contactul","deleteConfirmMsg":"Ștergi contactul?","remove":"Elimină","delete":"Șterge","comments":"Comentarii","no_contact_phones":"Acest contact nu are un număr de telefon","no_contact_email":"Acest contact nu are o adresă de email","no_contact_data":"This contact does not have a phone number and email address","removePhotoConfirm":"Elimini fotografia de contact?","loadingContacts":"Se încarcă contactele…","noContactsActivity":"Nu se poate adăuga la contact fiindcă lista de contacte este goală","noName":"Niciun nume","givenName":{"placeholder":"Nume"},"familyName":{"placeholder":"Nume"},"tel":{"placeholder":"Telefon"},"carrier":{"_":"Operator","placeholder":"Operator"},"separator":",","email":{"_":"E-mail","placeholder":"E-mail"},"streetAddress":{"placeholder":"Stradă"},"postalCode":{"placeholder":"Cod poștal"},"locality":{"placeholder":"Oraș"},"countryName":{"placeholder":"Țară"},"comment":{"placeholder":"Comentariu"},"org":{"placeholder":"Companie"},"date":{"_":"Dată","placeholder":"Dată"},"date-span-placeholder":"Date","birthday":"Zi de naștere","dateFormat":"%e %B","dateOutput":"{{dayMonthFormatted}} {{year}}","anniversary":"Aniversare","addPhoto":"Adaugă fotografie","addPhone":"Adaugă telefon","addEmail":"Adaugă e-mail","addAddress":"Adaugă adresă","addDate":"Adaugă dată","addComment":"Adaugă comentariu","addFavorite":"Adaugă ca favorit","removeFavorite":"Elimină din favoriți","exit":"Ieși","expand":"Extinde","labelName":"Prenume:","labelLastName":"Nume:","labelPhoneNumber":"Număr de telefon:","labelCarrier":"Operator:","labelEmail":"Email:","labelStreet":"Stradă:","labelZip":"Cod poștal:","labelCity":"Oraș:","labelCountry":"Țară:","labelComment":"Comentariu:","legendTitleMain":"Informații de bază","legendPhones":"Numere de telefon","legendEmail":"Adresă de e-mail","legendAddress":"Adresă","legendPhoto":{"ariaLabel":"Photo"},"settings":"Setări","transferContactsTitle":"Transferă contacte","importContactsTitle":"Importă contacte","importContactsButton":"Importă contacte","exportContactsTitle":"Exportă contacte","exportContactsButton":"Exportă contacte","exportContactsAction":"Exportă","simExport-title":"Exportă în cartela SIM","sdExport-title":"Exportă în cardul SD","btExport-title":"Exportă în Bluetooth","sdUMSEnabled":"Nu se poate folosi cardul SD deoarece stocarea USB e activată","exportErrorTitle":"Eroare la exportare","contactsExported2":{"_index":["plural","exported"],"_":{"zero":"Niciun contact exportat","one":"{{exported}}/{{total}} contacte exportate","two":"{{exported}}/{{total}} contacte exportate","few":"{{exported}}/{{total}} contacte exportate","many":"{{exported}}/{{total}} contacte exportate","other":"{{exported}}/{{total}} contacte exportate"}},"exportError-general":"S-a produs o eroare la exportare","exportError-SD-shared":"Nu se poate accesa cardul de memorie deoarece este partajat","exportError-SD-unavailable":"Cardul de memorie este indisponibil","exportError-SD-noSpace":"Nu există spațiu suficient pe cardul de memorie pentru a exporta contactele","exportError-SIM-unavailable":"Cartela SIM este indisponibilă","exportError-BT-shared":"Nu se poate accesa cardul de memorie deoarece este partajat","exportError-BT-unavailable":"Cardul de memorie este indisponibil","exportError-BT-noSpace":"Nu există spațiu suficient pe cardul de memorie pentru a exporta contactele","social-network":"Rețele sociale","social-link":"Leagă contactul","social-unlink":"Dezleagă contactul","social-unlink-confirm-title":"Dorești să dezlegi prietenul tău?","social-unlink-confirm-accept":"Dezleagă","facebook-import":"Importă prietenii de pe Facebook","show-fb-profile":"Vezi profilul de Facebook","msg-send":"Mesaj","wall-post":"Postare pe perete","facebook-export-forbidden":"The contact cannot be shared due to Facebook constraint.","otherAccount":"Alte conturi","facebookSwitchMsg":"Sincronizează amicii","select_mobile":"Selectează mobilul","select_email":"Selectează e-mailul","select_recipient":"Select recipient","contactsOrderBy":"Ordonează după nume","importSim2":"Cartelă SIM","importGmail":"Gmail","bluetooth":"Bluetooth","importOutlook":"Outlook","fbUpdateFriends":"Actualizează prietenii importați","cleaningFbData":"Se elimină datele de Facebook","loggingOutFb":"Deconectare de la Facebook","cleanFbConfirmMsg":"Elimini toate datele de Facebook?","renewPwdMsg":"Parola ta pe Facebook s-a schimbat. Te rugăm să o actualizezi.","notEnabledYet":"Neactivat încă","genericNoConnection":"Pentru a importa contacte conectează-te la o rețea Wi-Fi sau rețea de date","simCard":"Cartelă SIM","memoryCard":"Card de memorie","simNumber":"SIM {{number}}","setICEButton":"Set ICE Contacts","ICESettingTitle":"ICE Contacts","ICEDescription":"Add two contacts for making “In Case of Emergency” calls.","ICEContact1":"ICE Contact 1","ICESelectContact":"Select a contact","ICEContact2":"ICE Contact 2","create-new":"Crează un contact nou","import-now":"Importă contactele tale de pe cartela SIM sau Facebook","no-contacts":"Niciun contact","start-adding":"Începe adăugarea lor acum","notImported":"Neimportate","imported":"Importate","today":"Astăzi","yesterday":"Ieri","organise-contacts":"Organizează contactele","find-merge-contacts":"Găsește contacte duplicate","preparing-contacts":"Pregătirea contactelor","exportError-SIM-NoFreeRecordFound":"Cartela SIM este plină","exportError-SIM-CannotAccessPhoneBook":"Nu se poate accesa agenda telefonică a cartelei SIM","exportError-SIM-Unavailable":"Niciun SIM detectat","exportError-SIM-GenericError":"A apărut o eroare la exportarea unui contact","noSimMsgExport":"Pentru a exporta contacte inserează sau deblochează cartela SIM","noMemoryCardMsgExport":"Pentru a exporta contacte inserează un card de memorie","ContactManagementTitle":"Contacts Management","DeleteTitle":"Delete","bulkDeleteButton":"Delete Contacts","BulkDelCancel":"Contacts delete cancelled","DeletedTxt":{"_index":["plural","n"],"_":{"zero":"No Contact to Delete","one":"1 Contact removed","two":"{{n}} Contacts removed","few":"{{n}} Contacts removed","many":"{{n}} Contacts removed","other":"{{n}} Contacts removed"}},"DeletingContacts":"Deleting contacts","ContactConfirmDel":{"_index":["plural","n"],"_":{"zero":"No Contact to Delete","one":"Delete 1 Contact? This cannot be undone.","two":"Delete {{n}} Contacts? This cannot be undone.","few":"Delete {{n}} Contacts? This cannot be undone.","many":"Delete {{n}} Contacts? This cannot be undone.","other":"Delete {{n}} Contacts? This cannot be undone."}},"SelectedTxt":{"_index":["plural","n"],"_":{"zero":"Contacts","one":"{{n}} selected","two":"{{n}} selected","few":"{{n}} selected","many":"{{n}} selected","other":"{{n}} selected"}},"video":"Video","audio":"Audio","pick_destination":"{{ destination }} {{ carrier }}","removeField":{"ariaLabel":"Remove"},"undo":{"ariaLabel":"Undo"},"back":"Înapoi","noSimMsg":"Pentru a importa contacte inserează sau deblochează cartela SIM","noMemoryCardMsg":"Pentru a importa contacte inserează un card de memorie","importMemoryCard":"Card de memorie","noConnection11":"Pentru a importa prietenii de pe Facebook sau contactele conectează-te la Wi-Fi sau rețeaua de date","simContacts-import":"Importă contacte SIM","simContacts-importing":"Se importă contacte SIM…","simContacts-reading":"Se citește de pe cartela SIM…","simContacts-error":"Nu s-au putut importa contacte de pe cartela SIM","simContacts-imported3":{"_index":["plural","n"],"_":{"zero":"Niciun contact detectat pe cartela SIM pentru importare","one":"Importat un contact","two":"Importate {{n}} contacte","few":"Importate {{n}} contacte","many":"Importate {{n}} contacte","other":"Importate {{n}} contacte"}},"memoryCardContacts-import":"Importă contacte de pe cardul de memorie","memoryCardContacts-importing":"Se importă contacte de pe cardul de memorie…","memoryCardContacts-reading":"Se citește de pe cardul de memorie…","memoryCardContacts-error":"Nu s-au putut importa contacte de pe cardul de memorie","memoryCardContacts-imported3":{"_index":["plural","n"],"_":{"zero":"Niciun contact detectat pe cardul de memorie pentru importare","one":"Importat un contact","two":"Importate {{n}} contacte","few":"Importate {{n}} contacte","many":"Importate {{n}} contacte","other":"Importate {{n}} contacte"}},"genericProgress":"{{current}}/{{total}}","facebook-import-msg":{"_index":["plural","imported"],"_":{"zero":"Niciun prieten importat (din {{total}})","one":"Un prieten importat (din {{total}})","two":"{{imported}}/{{total}} prieteni importați","few":"{{imported}}/{{total}} prieteni importați","many":"{{imported}}/{{total}} prieteni importați","other":"{{imported}}/{{total}} prieteni importați"}},"contactsMerged":{"_index":["plural","numDups"],"_":{"zero":"No duplicated contacts merged","one":"One duplicated contact merged","two":"{{numDups}} contacts merged","few":"{{numDups}} contacts merged","many":"{{numDups}} contacts merged","other":"{{numDups}} contacts merged"}},"weekday-0-long":"duminică","weekday-1-long":"luni","weekday-2-long":"marți","weekday-3-long":"miercuri","weekday-4-long":"joi","weekday-5-long":"vineri","weekday-6-long":"sâmbătă","weekday-0-short":"dum","weekday-1-short":"lun","weekday-2-short":"mar","weekday-3-short":"mie","weekday-4-short":"joi","weekday-5-short":"vin","weekday-6-short":"sâm","month-0-long":"ianuarie","month-1-long":"februarie","month-2-long":"martie","month-3-long":"aprilie","month-4-long":"mai","month-5-long":"iunie","month-6-long":"iulie","month-7-long":"august","month-8-long":"septembrie","month-9-long":"octombrie","month-10-long":"noiembrie","month-11-long":"decembrie","month-0-genitive":"ianuarie","month-1-genitive":"februarie","month-2-genitive":"martie","month-3-genitive":"aprilie","month-4-genitive":"mai","month-5-genitive":"iunie","month-6-genitive":"iulie","month-7-genitive":"august","month-8-genitive":"septembrie","month-9-genitive":"octombrie","month-10-genitive":"noiembrie","month-11-genitive":"decembrie","month-0-short":"ian","month-1-short":"feb","month-2-short":"mar","month-3-short":"apr","month-4-short":"mai","month-5-short":"iun","month-6-short":"iul","month-7-short":"aug","month-8-short":"sep","month-9-short":"oct","month-10-short":"noi","month-11-short":"dec","minutes-ago-long":{"_index":["plural","value"],"_":{"zero":"chiar acum","one":"acum un minut","two":"acum {{value}} minute","few":"acum {{value}} minute","many":"acum {{value}} minute","other":"acum {{value}} minute"}},"hours-ago-long":{"_index":["plural","value"],"_":{"zero":"chiar acum","one":"acum cu o oră","two":"acum {{value}} ore","few":"acum {{value}} ore","many":"acum {{value}} ore","other":"acum {{value}} ore"}},"days-ago-long":{"_index":["plural","value"],"_":{"zero":"astăzi","one":"ieri","two":"acum {{value}} zile","few":"acum {{value}} zile","many":"acum {{value}} zile","other":"acum {{value}} zile"}},"weeks-ago-long":{"_index":["plural","value"],"_":{"zero":"săptămâna aceasta","one":"săptămâna trecută","two":"acum {{value}} săptămâni","few":"acum {{value}} săptămâni","many":"acum {{value}} săptămâni","other":"acum {{value}} săptămâni"}},"months-ago-long":{"_index":["plural","value"],"_":{"zero":"luna aceasta","one":"luna trecută","two":"acum {{value}} luni","few":"acum {{value}} luni","many":"acum {{value}} luni","other":"acum {{value}} luni"}},"years-ago-long":{"_index":["plural","value"],"_":{"zero":"anul acesta","one":"anul trecut","two":"acum {{value}} ani","few":"acum {{value}} ani","many":"acum {{value}} ani","other":"acum {{value}} ani"}},"minutes-until-long":{"_index":["plural","value"],"_":{"zero":"acum","one":"într-un minut","two":"în {{value}} minute","few":"în {{value}} minute","many":"în {{value}} minute","other":"în {{value}} minute"}},"hours-until-long":{"_index":["plural","value"],"_":{"zero":"acum","one":"într-o oră","two":"în {{value}} ore","few":"în {{value}} ore","many":"în {{value}} ore","other":"în {{value}} ore"}},"days-until-long":{"_index":["plural","value"],"_":{"zero":"astăzi","one":"mâine","two":"în {{value}} zile","few":"în {{value}} zile","many":"în {{value}} zile","other":"în {{value}} zile"}},"weeks-until-long":{"_index":["plural","value"],"_":{"zero":"săptămâna aceasta","one":"săptămâna următoare","two":"în {{value}} săptămâni","few":"în {{value}} săptămâni","many":"în {{value}} săptămâni","other":"în {{value}} săptămâni"}},"months-until-long":{"_index":["plural","value"],"_":{"zero":"luna aceasta","one":"luna următoare","two":"în {{value}} luni","few":"în {{value}} luni","many":"în {{value}} luni","other":"în {{value}} luni"}},"years-until-long":{"_index":["plural","value"],"_":{"zero":"anul acesta","one":"anul următor","two":"în {{value}} ani","few":"în {{value}} ani","many":"în {{value}} ani","other":"în {{value}} ani"}},"minutes-ago-short":{"_index":["plural","value"],"_":{"zero":"chiar acum","other":"acum {{value}} min."}},"hours-ago-short":{"_index":["plural","value"],"_":{"zero":"chiar acum","other":"acum {{value}}h"}},"days-ago-short":{"_index":["plural","value"],"_":{"zero":"astăzi","other":"acum {{value}}z"}},"minutes-until-short":{"_index":["plural","value"],"_":{"zero":"acum","other":"în {{value}}m"}},"hours-until-short":{"_index":["plural","value"],"_":{"zero":"acum","other":"în {{value}}h"}},"days-until-short":{"_index":["plural","value"],"_":{"zero":"astăzi","other":"în {{value}}z"}},"incorrectDate":"(dată incorectă)","dateTimeFormat_%c":"%a, %e %b %Y %H:%M:%S","dateTimeFormat_%x":"%d/%m/%Y","dateTimeFormat_%X":"%H:%M:%S","shortTimeFormat":"%H:%M","shortDateTimeFormat":"%x %H:%M","weekStartsOnMonday":"0","time_am":"AM","time_pm":"PM","sim-picker-dial-via-with-number":"Apelează {{ phoneNumber }} via","sim-picker-select-sim":"Selectează SIM-ul","sim-picker-button":"SIM{{ n }}","sim-picker-button-default":"(implicit)","label":"Etichetă","mobile":"Mobil","home":"Acasă","work":"Serviciu","personal":"Personal","faxHome":"Acasă fax","faxOffice":"Birou fax","faxOther":"Alt fax","another":"Altul","other":"Alta","customTag":{"placeholder":"Custom tag"},"current":"Actuală","itemWithLabel":"{{label}}, {{item}}","waitDuplicateContacts":"Se caută contacte duplicate","waitMergingDuplicateContacts":"Se contopesc contactele duplicate","alertNoDuplicateContacts":"Niciun contact duplicat găsit","merge":"Merge","mergeDuplicateTitle":"Contopește duplicatele","suggestedDuplicateContacts":"Contacte duplicate sugerate pentru {{name}}","mergeActionButtonLabel":{"_index":["plural","n"],"_":{"zero":"Niciun contact selectat","one":"Contopește cu {{n}} contact","other":"Contopește cu {{n}} contacte"}},"duplicatesFoundTitle":"Duplicate găsite","duplicatesFoundMessage":"{{name}} duplică informații în următoarele contacte","addNewNumber":"Add new number","addToExistingContact":"Adaugă la contactul existent","all":"Toate","callLog":"Lista de apeluri","callLogEdit":{"title":"Edit call log"},"callLogEditDialog":{"ariaLabel":"Edit call log dialog"},"connecting":"Conectare","cf-async":"Asincronic: {{ async }}\\n","cf-data":"Data: {{ data }}\\n","cf-error":"A apărut o eroare la preluarea statusului de redirecționare a apelurilor","cf-fax":"FAX: {{ fax }}\\n","cf-inactive":"Inactiv","cf-packet":"Pachet: {{ packet }}\\n","cf-pad":"PAD: {{ pad }}\\n","cf-sms":"SMS: {{ sms }}\\n","cf-status":"Status de redirecționare a apelurilor\\n","cf-sync":"Sincronic: {{ sync }}\\n","cf-voice":"Voce: {{ voice }}\\n","confirm-deletion":"Cureți apelurile selectate?","createNewContact":"Crează contact nou","dialerAddContact":{"ariaLabel":"Add contact"},"dialerAddContactDialog":{"ariaLabel":"Add Contact Dialog"},"edit-selected":{"_index":["plural","n"],"_":{"one":"{{ n }} selectate","two":"{{ n }} selectate","few":"{{ n }} selectate","many":"{{ n }} selectate","other":"{{ n }} selectate"}},"hideKeypad":{"ariaLabel":"Hide keypad"},"ignore":"Ignoră apelul","incoming":"Primite","keypad":{"ariaLabel":"Keypad"},"makeCall":{"ariaLabel":"Make call"},"missed":"Pierdute","missedCall":"Apel pierdut","missedCallMultiSims":"(SIM {{ n }}) Apel pierdut","mmi-error":"A intervenit o eroare la trimiterea mesajului","mmi-session-expired":"Sesiune expirată","mmi-successfully-sent":"Mesaj trimis cu succes","mmi-notification-title-with-sim":"({{sim}}) {{title}}","mute":{"ariaLabel":"Mute"},"newCall":{"ariaLabel":"New call"},"no-logs-msg-1":"Niciun apel înregistrat","no-logs-msg-2":"Începe comunicarea acum","no-logs-msg-3":"Niciun apel pierdut","recents":{"ariaLabel":"Recent calls"},"reply":"Răspunde","send":"Trimite","switch-calls":"Comută apelurile","withheld-number":"Număr ascuns","from-contact":"De la {{ contact }}","from-number":"De la {{ number }}","from-withheld-number":"De la număr ascuns","sending":"Se trimite…","speakerOption":{"ariaLabel":"Speaker"},"ussd-services":"Servicii {{ operator }}","toggleKeypad":{"ariaLabel":"Toggle keypad"},"type-your-response":{"placeholder":"Tastează răspunsul…"},"clear-all-text":"Curăță tot textul","hide":"Ascunde","hold":"În așteptare","resume":"Reia","sendSms":"Trimite mesaj","callEnded":"Apel încheiat","via-sim":"via SIM{{ n }}","sim-number":"SIM{{ n }}","hangup-a11y-button":{"aria-label":"Închide"},"pickup-a11y-button":{"aria-label":"Ridică"},"unlock-a11y-button":{"aria-label":"Glisor"},"roaming":"{{operator}} (Roaming)","delete-n-log?":{"_index":["plural","n"],"_":{"zero":"Nimic selectat","one":"Ștergi jurnalul selectat?","two":"Ștergi {{ n }} jurnale?","few":"Ștergi {{ n }} jurnale?","many":"Ștergi {{ n }} jurnale?","other":"Ștergi {{ n }} jurnale?"}},"callDurationMinutes":"{{ m }}:{{ s }}","callDurationHours":"{{ h }}:{{ m }}:{{ s}}","suggestionMatches":{"_index":["plural","n"],"_":{"one":"{{ n }} rezultat pentru „{{ matchNumber }}”","two":"{{ n }} rezultate pentru „{{ matchNumber }}”","few":"{{ n }} rezultate pentru „{{ matchNumber }}”","many":"{{ n }} rezultate pentru „{{ matchNumber }}”","other":"{{ n }} rezultate pentru „{{ matchNumber }}”"}},"scCallBarring":"Blocarea apelurilor","scCallForwarding":"Redirect. apeluri","scClip":"ID-ul de intrare al apelantului","scClir":"ID-ul de ieșire al apelantului","scPwd":"Schimbarea parolei","scCallWaiting":"Apel în așteptare","scPin":"Schimbarea codului PIN","scPin2":"Schimbarea codului PIN2","scPuk":"Deblochează codul PIN","scPuk2":"Deblochează codul PIN2","scImei":"Cod IMEI","scUssd":"USSD","serviceClassVoice":"Voce","serviceClassData":"Date","serviceClassFax":"FAX","serviceClassSms":"SMS","serviceClassDataSync":"Sincronic","serviceClassDataAsync":"Asincronic","serviceClassPacket":"Pachet","serviceClassPad":"PAD","smServiceEnabled":"Serviciul a fost activat","smServiceDisabled":"Serviciul a fost dezactivat","smServiceRegistered":"Înregistrarea s-a efectuat cu succes","smServiceErased":"Ștergerea s-a efectuat cu succes","smServiceInterrogated":"Cerere realizată cu succes","smServiceNotProvisioned":"Serviciu neaprovizionat","smClirPermanent":"Nu poți schimba setarea ID-ului pentru apelant","smClirDefaultOnNextCallOn":"ID-ul apelantului este implicit restricționat. Următorul apel: restricționat.","smClirDefaultOnNextCallOff":"ID-ul apelantului este implicit restricționat. Următorul apel: nerestricționat.","smClirDefaultOffNextCallOn":"ID-ul apelantului este implicit nerestricționat. Următorul apel: restricționat.","smClirDefaultOffNextCallOff":"ID-ul apelantului este implicit nerestricționat. Următorul apel: nerestricționat.","smServiceEnabledFor":"Serviciul a fost activat pentru:","smPinChanged":"Codul PIN schimbat cu succes","smPinUnblocked":"Codul PIN deblocat cu succes","smPin2Changed":"Codul PIN2 schimbat cu succes","smPin2Unblocked":"Codul PIN2 deblocat cu succes","ServiceIsEnabled":"Service is enabled","ServiceIsDisabled":"Service is disabled","ServiceIsEnabledFor":"Service is enabled for:","emMmiError":"Problemă la conexiune sau cod MMI invalid","emMmiErrorPasswordIncorrect":"Parolă incorectă","emMmiErrorNotSupported":"Cod MMI invalid sau nesuportat","emMmiErrorInvalidAction":"Acțiune invalidă","emMmiErrorInvalidScCode":"Cod de serviciu invalid","emMmiErrorBadPuk":"Codul PUK introdus este incorect","emMmiErrorBadPin":"Codul PIN vechi introdus nu este corect.","emMmiErrorNeedPuk2":"Tastează codul PUK2 pentru a debloca cartela SIM","emMmiErrorMismatchPin":"Codurile PIN tastate nu se potrivesc","emMmiErrorInvalidPin":"Tastează un cod PIN între 4 și 8 numere","emMmiErrorNeedsPuk":"Cartela ta SIM este blocată în PUK","emMmiErrorEnablePin":"Fără succes. Activează blocarea SIM/RUIM","emMmiErrorMmiFdn":"Operația este restricționată doar apelării numerelor fixe","emMmiErrorStkCcUssdDial":"Cererea USD este modificată în cerere DIAL","emMmiErrorStkCcUssdSs":"Cererea USD este modificată în cerere SS","emMmiErrorStkCcUssdUssd":"Cererea USD este modificată într-o cerere nouă USSD","emMmiErrorStkCcSsDial":"Cererea SS este modificată în cerere DIAL","emMmiErrorStkCcSsUssd":"Cererea SS este modificată în cerere USSD","emMmiErrorStkCcSsSs":"Cererea SS este modificată într-o cerere nouă SS","emMmiErrorPinPukAttempts":{"_index":["plural","n"],"_":{"one":"Doar {{ n }} încercare rămasă","two":"{{ n }} încercări rămase","few":"{{ n }} încercări rămase","many":"{{ n }} încercări rămase","other":"{{ n }} încercări rămase"}},"emMmiErrorSimBlocked":"Numărul maxim de încercări a fost depășit. Cartela SIM blocată","RadioNotAvailable":"Radio indisponibil","GenericFailure":"Eșec generic","PasswordIncorrect":"Parolă incorectă","SimPin2":"PIN2 pt. SIM","SimPuk2":"PUK2 pt. SIM","RequestNotSupported":"Cerere nesuportată","OpNotAllowedDuringVoiceCall":"Operație nepermisă în timpul unui apel vocal","SmsSendFailRetry":"Reîncercarea de trimitere a SMS-ului a eșuat","SimAbsent":"Cartelă SIM absentă","SubscriptionNotAvailable":"Abonarea indisponibilă","ModeNotSupported":"Mod nesuportat","FdnCheckFailure":"Verificarea Fdn a eșuat","IllegalSimOrMe":"Cartelă SIM sau ME ilegală","DialModifiedToUssd":"Apel modificat în USSD","DialModifiedToSs":"Apel modificat în SS","DialModifiedToDial":"Apel modificat în apel","UssdModifiedToDial":"USSD modificat în apel","UssdModifiedToSs":"USSD modificat în SS","UssdModifiedToUssd":"USSD modificat în USSD","SsModifiedToDial":"SS modificat în apel","SsModifiedToUssd":"SS modificat în USSD","SsModifiedToSs":"SS modificat în SS","SubscriptionNotSupported":"Abonare nesuportată","InvalidParameter":"Parametru invalid","RejectedByRemote":"Respins de la distanță","conferenceCall":"Conference ({{n}})","caller-left-call":"{{ caller }} a abandonat apelul.","conferenceAddError":"Nu se pot contopi apelurile","conferenceRemoveError":"Nu se pot descontopi apelurile","longDateFormat":"%A, %e %B","select-audio-sources":"Selectează sursele audio","bluetooth-handsfree-device":"Dispozitiv handsfree Bluetooth","receiver":"Receptor","speaker":"Difuzor","voicemailNoNumberTitle":"Voicemail number is unavailable","voicemailNoNumberText":"Unable to call the voicemail. Set up the voicemail number to place the call.","voicemailNoNumberSettings":"Settings","voicemailNoNumberCancel":"Cancel","phoneNumberInput":{"ariaLabel":"Phone number"},"keypadDelete":{"ariaLabel":"Delete"},"voiceMailKey":{"ariaLabel":"Voicemail"},"asterisk":{"ariaLabel":"Asterisk"},"hashSign":{"ariaLabel":"Hash sign"}}