{"close":"Закрыть","import":"Импорт","update":"Обновить","fbFriends":"Друзья с Фейсбук","live-serviceName":"Outlook","gmail-serviceName":"Gmail","facebook-serviceName":"Друзья с Фейсбук","selectAll":"Выделить всех","deselectAll":"Снять со всех","viewAll":"Показать всех друзей с Фейсбук","viewRecommend":"Показать только рекомендуемых","linkProposal":{"_index":["plural","numFriends"],"_":{"zero":"Нет подходящих друзей. Показываю всех","one":"Выбрать рекомендуемого","two":"Выбрать рекомендуемых","few":"Выбрать рекомендуемых","many":"Выбрать рекомендуемых","other":"Выбрать рекомендуемых"}},"fbFriendsFound":{"_index":["plural","numFriends"],"_":{"zero":"Все ваши друзья импортированы","one":"Для импорта найден {{numFriends}} друг","two":"Для импорта найдено {{numFriends}} друга","few":"Для импорта найдено {{numFriends}} друга","many":"Для импорта найдено {{numFriends}} друзей","other":"Для импорта найдено {{numFriends}} друзей"}},"fbNoFriends":"No contacts available to import","facebook":"Фейсбук","search-contact":{"placeholder":"Поиск"},"noResults":"Контакты не найдены","done-search":"Готово","progressFB3ImportTitle":"Импортирую друзей в Контакты","progressFB":"{{current}}/{{total}}","progressFB3UpdateTitle":"Обновляю друзей в Контактах","message2":"Это может занять пару минут","messageLinking":"Пожалуйста, подождите. Мы связываем вашего друга и ваш контакт.","messageCanceling":"Пожалуйста, подождите. Мы отменяем текущую операцию.","error1":"Ошибка {{from}}","error2":"Хотите повторить попытку?","errorProposal":"вычисления предложений","errorFriends":"получения друзей","errorLinking":"связывания контакта","timeout1":"Превышено время ожидания {{from}}","timeout2":"Хотите повторить попытку?","timeoutProposal":"вычисления предложений","timeoutFriends":"получения друзей","timeoutLinking":"связывания контактов","wait1":"Пожалуйста, подождите","wait2":"Это может занять пару минут","waitProposal":"Пожалуйста, подождите. Мы вычисляем предложение.","waitFriends":"Пожалуйста, подождите. Мы соединяемся для получения списка ваших друзей.","curtainCancel":"Отменить","curtainRetry":"Повторить","curtainOK":"OK","connectionLost":"Нет соединения с Интернетом","connectionLostMsg":"Фото друзей не будут добавлены в ваши контакты. Все равно продолжить?","yesOption":"OK","noOption":"Отмена","friendsUpdated":{"_index":["plural","numFriends"],"_":{"zero":"Ни один друг не обновлён","one":"Обновлён {{numFriends}} друг","two":"Обновлено {{numFriends}} друга","few":"Обновлено {{numFriends}} друга","many":"Обновлено {{numFriends}} друзей","other":"Обновлено {{numFriends}} друзей"}},"friendsMerged":{"_index":["plural","numDups"],"_":{"zero":"Нет друзей для объединения","one":"Объединён {{numDups}} друг","two":"Объединено {{numDups}} друга","few":"Объединено {{numDups}} друга","many":"Объединено {{numDups}} друзей","other":"Объединено {{numDups}} друзей"}},"notificationLogin":"Ваша сессия в Фейсбук некорректна. Пожалуйста, войдите.","syncError":"Ошибка синхронизации данных ваших друзей","callAirplaneModeMessage":"Чтобы сделать звонок, вам нужно через настройки отключить Режим Полёта.","callAirplaneModeBtnOk":"OK","callAirplaneModeTitle":"Включён Режим Полёта","numberIsBusyTitle":"Номер занят","numberIsBusyMessage":"Этот номер сейчас занят. Пожалуйста, попробуйте позже.","fdnIsActiveTitle":"FDN активирован","fdnIsActiveMessage":"FDN (Список номеров) активирован и следующего номера нет в вашем FDN-списке: {{ number }}","voiceMail":"Голосовая почта","emergencyNumber":"Экстренный номер","emergencyDialogBodyBadNumber":"Чтобы сделать звонок, телефон должен быть подключён к сети.","emergencyDialogBodyDeviceNotAccepted":"В этой сети запрещены экстренные вызовы.","emergencyDialogBtnOk":"OK","emergencyDialogTitle":"Нет подключения к сети","invalidNumberToDialTitle":"Некорректный номер телефона","invalidNumberToDialMessage":"Вызываемый вами номер телефона является некорректным.","unableToCallTitle":"Не могу сейчас сделать телефонный звонок","unableToCallMessage":"Не могу произвести вызов. Если вы уже набираете, сначала повесьте трубку.","otherConnectionInUseTitle":"Используется другое соединение","otherConnectionInUseMessage":"У вас есть активный вызов на другом соединении. Вы можете использовать одновременно только одно соединение.","add":"Добавить","call":"Позвонить","edit":"Изменить","cancel":"Отмена","done":"Готово","ok":"OK","retry":"Повторить","contacts":"Контакты","addContact":"Доб. контакт","deleteContact":"Удалить контакт","selectContact":"Выбрать контакт","editContact":"Изм. контакт","deleteConfirmMsg":"Удалить контакт?","remove":"Удалить","delete":"Удалить","comments":"Комментарии","no_contact_phones":"У этого контакта нет телефонного номера","no_contact_email":"У этого контакта нет адреса эл. почты","no_contact_data":"This contact does not have a phone number and email address","removePhotoConfirm":"Удалить фотографию контакта?","loadingContacts":"Загрузка контактов…","noContactsActivity":"Невозможно добавить в контакт, так как ваш список контактов пуст","noName":"Нет имени","givenName":{"placeholder":"Имя"},"familyName":{"placeholder":"Фамилия"},"tel":{"placeholder":"Телефон"},"carrier":{"_":"Оператор","placeholder":"Оператор"},"separator":",","email":{"_":"Эл. почта","placeholder":"Эл. почта"},"streetAddress":{"placeholder":"Улица"},"postalCode":{"placeholder":"Почтовый индекс"},"locality":{"placeholder":"Город"},"countryName":{"placeholder":"Страна"},"comment":{"placeholder":"Комментарий"},"org":{"placeholder":"Компания"},"date":{"_":"Дата","placeholder":"Дата"},"date-span-placeholder":"Дата","birthday":"День рождения","dateFormat":"%e %Eb","dateOutput":"{{dayMonthFormatted}} {{year}}","anniversary":"Ежегодная","addPhoto":"Добавить фотографию","addPhone":"Добавить телефон","addEmail":"Добавить эл. почту","addAddress":"Добавить адрес","addDate":"Добавить дату","addComment":"Добавить комментарий","addFavorite":"Добавить в избранное","removeFavorite":"Удалить из избранного","exit":"Выход","expand":"Развернуть","labelName":"Имя:","labelLastName":"Фамилия:","labelPhoneNumber":"Телефон:","labelCarrier":"Оператор:","labelEmail":"Эл. почта:","labelStreet":"Улица:","labelZip":"Почтовый индекс:","labelCity":"Город:","labelCountry":"Страна:","labelComment":"Комментарий:","legendTitleMain":"Основная информация","legendPhones":"Телефонные номера","legendEmail":"Адрес эл. почты ","legendAddress":"Адрес","legendPhoto":{"ariaLabel":"Photo"},"settings":"Параметры","transferContactsTitle":"Передать контакты","importContactsTitle":"Импорт контактов","importContactsButton":"Импорт контактов","exportContactsTitle":"Экспорт контактов","exportContactsButton":"Экспорт контактов","exportContactsAction":"Экспорт","simExport-title":"Экспорт на SIM","sdExport-title":"Экспорт на SD-карту","btExport-title":"Экспорт по Bluetooth","sdUMSEnabled":"Не могу использовать SD-карту, так как включён USB-накопитель","exportErrorTitle":"Ошибка экспорта","contactsExported2":{"_index":["plural","exported"],"_":{"zero":"Ни одного контакта не экспортировано","one":"{{exported}}/{{total}} контакт экспортирован","two":"{{exported}}/{{total}} контакта экспортировано","few":"{{exported}}/{{total}} контакта экспортировано","many":"{{exported}}/{{total}} контактов экспортировано","other":"{{exported}}/{{total}} контактов экспортировано"}},"exportError-general":"При экспорте произошла ошибка","exportError-SD-shared":"Нет доступа к карте памяти, так как она находится в общем доступе","exportError-SD-unavailable":"Карта памяти недоступна","exportError-SD-noSpace":"Недостаточно места на карте памяти для экспорта контактов","exportError-SIM-unavailable":"SIM-карта недоступна","exportError-BT-shared":"Нет доступа к карте памяти, так как она находится в общем доступе","exportError-BT-unavailable":"Карта памяти недоступна","exportError-BT-noSpace":"Недостаточно места на карте памяти для экспорта контактов","social-network":"Социальные сети","social-link":"Связать с контактом","social-unlink":"Удалить связь с контактом","social-unlink-confirm-title":"Вы хотите удалить связь с вашим другом?","social-unlink-confirm-accept":"Удалить связь","facebook-import":"Импортировать друзей из Фейсбук","show-fb-profile":"Просмотр профиля Фейсбук","msg-send":"Сообщение","wall-post":"Сообщение на стене","facebook-export-forbidden":"Этим контактом нельзя поделиться из-за ограничений Фейсбук.","otherAccount":"Другие учётные записи","facebookSwitchMsg":"Синхронизация","select_mobile":"Выбрать мобильный","select_email":"Выбрать эл. почту","select_recipient":"Select recipient","contactsOrderBy":"Выстроить по фамилии","importSim2":"SIM-карта","importGmail":"Gmail","bluetooth":"Bluetooth","importOutlook":"Outlook","fbUpdateFriends":"Обновить импортированных друзей","cleaningFbData":"Удаление данных Фейсбук","loggingOutFb":"Выход из Фейсбук","cleanFbConfirmMsg":"Удалить все данные Фейсбук?","renewPwdMsg":"Ваш пароль в Фейсбук изменился. Пожалуйста, обновите его.","notEnabledYet":"Ещё не включено","genericNoConnection":"Для импорта контактов подключитесь к сети Wi-Fi или передачи данных","simCard":"SIM-карта","memoryCard":"Карта памяти","simNumber":"SIM {{number}}","setICEButton":"Set ICE Contacts","ICESettingTitle":"ICE Contacts","ICEDescription":"Add two contacts for making “In Case of Emergency” calls.","ICEContact1":"ICE Contact 1","ICESelectContact":"Select a contact","ICEContact2":"ICE Contact 2","create-new":"Создать новый контакт","import-now":"Импорт ваших контактов с SIM-карты или из Фейсбук","no-contacts":"Нет контактов","start-adding":"Начните добавлять их прямо сейчас","notImported":"Не импортировано","imported":"Импортировано","today":"Сегодня","yesterday":"Вчера","organise-contacts":"Организация контактов","find-merge-contacts":"Найти дублирующиеся контакты","preparing-contacts":"Подготовка контактов","exportError-SIM-NoFreeRecordFound":"На SIM-карте больше нет места","exportError-SIM-CannotAccessPhoneBook":"Нет доступа к телефонной книге SIM-карты","exportError-SIM-Unavailable":"SIM не обнаружена","exportError-SIM-GenericError":"При экспорте контакта произошла ошибка","noSimMsgExport":"Для экспорта контактов вставьте или разблокируйте вашу SIM-карту","noMemoryCardMsgExport":"Для экспорта контактов вставьте карту памяти","ContactManagementTitle":"Управление контактами","DeleteTitle":"Удалить","bulkDeleteButton":"Удалить контакты","BulkDelCancel":"Удаление контактов отменено","DeletedTxt":{"_index":["plural","n"],"_":{"zero":"Нет контактов для удаления","one":"{{n}} контакт удалён","two":"{{n}} контакта удалено","few":"{{n}} контакта удалено","many":"{{n}} контактов удалено","other":"{{n}} контактов удалено"}},"DeletingContacts":"Удаление контактов","ContactConfirmDel":{"_index":["plural","n"],"_":{"zero":"Нет контактов для удаления","one":"Удалить {{n}} контакт? Это не может быть отменено.","two":"Удалить {{n}} контакта? Это не может быть отменено.","few":"Удалить {{n}} контакта? Это не может быть отменено.","many":"Удалить {{n}} контактов? Это не может быть отменено.","other":"Удалить {{n}} контактов? Это не может быть отменено."}},"SelectedTxt":{"_index":["plural","n"],"_":{"zero":"Контакты","one":"{{ n }} выделен","two":"{{ n }} выделено","few":"{{ n }} выделено","many":"{{ n }} выделено","other":"{{ n }} выделено"}},"video":"Видео","audio":"Аудио","pick_destination":"{{ destination }} {{ carrier }}","removeField":{"ariaLabel":"Remove"},"undo":{"ariaLabel":"Undo"},"back":"Назад","noSimMsg":"Для импорта контактов вставьте или разблокируйте вашу SIM-карту","noMemoryCardMsg":"Для импорта контактов вставьте карту памяти","importMemoryCard":"Карта памяти","noConnection11":"Чтобы импортировать друзей или контакты Фейсбук подключитесь к сети Wi-Fi или передачи данных","simContacts-import":"Импорт контактов с SIM","simContacts-importing":"Импорт контактов с SIM…","simContacts-reading":"Чтение с SIM-карты…","simContacts-error":"Не удалось импортировать контакты с SIM","simContacts-imported3":{"_index":["plural","n"],"_":{"zero":"На SIM не найдено ни одного контакта для импорта","one":"Импортирован {{n}} контакт","two":"Импортировано {{n}} контакта","few":"Импортировано {{n}} контакта","many":"Импортировано {{n}} контактов","other":"Импортировано {{n}} контактов"}},"memoryCardContacts-import":"Импорт контактов с карты памяти","memoryCardContacts-importing":"Импорт контактов с карты памяти…","memoryCardContacts-reading":"Чтение с карты памяти…","memoryCardContacts-error":"Не удалось импортировать контакты с карты памяти","memoryCardContacts-imported3":{"_index":["plural","n"],"_":{"zero":"На карте памяти не найдено контактов для импорта","one":"Импортирован {{n}} контакт","two":"Импортировано {{n}} контакта","few":"Импортировано {{n}} контакта","many":"Импортировано {{n}} контактов","other":"Импортировано {{n}} контактов"}},"genericProgress":"{{current}}/{{total}}","facebook-import-msg":{"_index":["plural","imported"],"_":{"zero":"Друзей: ни одного из {{total}}","one":"Друзей: {{imported}}/{{total}}","two":"Друзей: {{imported}}/{{total}}","few":"Друзей: {{imported}}/{{total}}","many":"Друзей: {{imported}}/{{total}}","other":"Друзей: {{imported}}/{{total}}"}},"contactsMerged":{"_index":["plural","numDups"],"_":{"zero":"Нет контактов для объединения","one":"Объединён {{numDups}} контакт","two":"Объединено {{numDups}} контакта","few":"Объединено {{numDups}} контакта","many":"Объединено {{numDups}} контактов","other":"Объединено {{numDups}} контактов"}},"weekday-0-long":"Воскресенье","weekday-1-long":"Понедельник","weekday-2-long":"Вторник","weekday-3-long":"Среда","weekday-4-long":"Четверг","weekday-5-long":"Пятница","weekday-6-long":"Суббота","weekday-0-short":"Вс","weekday-1-short":"Пн","weekday-2-short":"Вт","weekday-3-short":"Ср","weekday-4-short":"Чт","weekday-5-short":"Пт","weekday-6-short":"Сб","month-0-long":"Январь","month-1-long":"Февраль","month-2-long":"Март","month-3-long":"Апрель","month-4-long":"Май","month-5-long":"Июнь","month-6-long":"Июль","month-7-long":"Август","month-8-long":"Сентябрь","month-9-long":"Октябрь","month-10-long":"Ноябрь","month-11-long":"Декабрь","month-0-genitive":"января","month-1-genitive":"февраля","month-2-genitive":"марта","month-3-genitive":"апреля","month-4-genitive":"мая","month-5-genitive":"июня","month-6-genitive":"июля","month-7-genitive":"августа","month-8-genitive":"сентября","month-9-genitive":"октября","month-10-genitive":"ноября","month-11-genitive":"декабря","month-0-short":"Январь","month-1-short":"Февраль","month-2-short":"Март","month-3-short":"Апрель","month-4-short":"Май","month-5-short":"Июнь","month-6-short":"Июль","month-7-short":"Август","month-8-short":"Сентябрь","month-9-short":"Октябрь","month-10-short":"Ноябрь","month-11-short":"Декабрь","minutes-ago-long":{"_index":["plural","value"],"_":{"zero":"прямо сейчас","one":"{{value}} минуту назад","two":"{{value}} минуты назад","few":"{{value}} минуты назад","many":"{{value}} минут назад","other":"{{value}} минут назад"}},"hours-ago-long":{"_index":["plural","value"],"_":{"zero":"прямо сейчас","one":"{{value}} час назад","two":"{{value}} часа назад","few":"{{value}} часа назад","many":"{{value}} часов назад","other":"{{value}} часов назад"}},"days-ago-long":{"_index":["plural","value"],"_":{"zero":"сегодня","one":"{{value}} день назад","two":"{{value}} дня назад","few":"{{value}} дня назад","many":"{{value}} дней назад","other":"{{value}} дней назад"}},"weeks-ago-long":{"_index":["plural","value"],"_":{"zero":"эта неделя","one":"{{value}} неделя назад","two":"{{value}} недели назад","few":"{{value}} недели назад","many":"{{value}} недель назад","other":"{{value}} недель назад"}},"months-ago-long":{"_index":["plural","value"],"_":{"zero":"этот месяц","one":"{{value}} месяц назад","two":"{{value}} месяца назад","few":"{{value}} месяца назад","many":"{{value}} месяцев назад","other":"{{value}} месяцев назад"}},"years-ago-long":{"_index":["plural","value"],"_":{"zero":"этот год","one":"{{value}} год назад","two":"{{value}} года назад","few":"{{value}} года назад","many":"{{value}} лет назад","other":"{{value}} лет назад"}},"minutes-until-long":{"_index":["plural","value"],"_":{"zero":"сейчас","one":"через {{value}} минуту","two":"через {{value}} минуты","few":"через {{value}} минуты","many":"через {{value}} минут","other":"через {{value}} минут"}},"hours-until-long":{"_index":["plural","value"],"_":{"zero":"сейчас","one":"через {{value}} час","two":"через {{value}} часа","few":"через {{value}} часа","many":"через {{value}} часов","other":"через {{value}} часов"}},"days-until-long":{"_index":["plural","value"],"_":{"zero":"сегодня","one":"через {{value}} день","two":"через {{value}} дня","few":"через {{value}} дня","many":"через {{value}} дней","other":"через {{value}} дней"}},"weeks-until-long":{"_index":["plural","value"],"_":{"zero":"эта неделя","one":"через {{value}} неделю","two":"через {{value}} недели","few":"через {{value}} недели","many":"через {{value}} недель","other":"через {{value}} недель"}},"months-until-long":{"_index":["plural","value"],"_":{"zero":"этот месяц","one":"через {{value}} месяц","two":"через {{value}} месяца","few":"через {{value}} месяца","many":"через {{value}} месяцев","other":"через {{value}} месяцев"}},"years-until-long":{"_index":["plural","value"],"_":{"zero":"этот год","one":"через {{value}} год","two":"через {{value}} года","few":"через {{value}} года","many":"через {{value}} лет","other":"через {{value}} лет"}},"minutes-ago-short":{"_index":["plural","value"],"_":{"zero":"сейчас","other":"{{value}}м назад"}},"hours-ago-short":{"_index":["plural","value"],"_":{"zero":"сейчас","other":"{{value}}ч назад"}},"days-ago-short":{"_index":["plural","value"],"_":{"zero":"сегодня","other":"{{value}}д назад"}},"minutes-until-short":{"_index":["plural","value"],"_":{"zero":"сейчас","other":"через {{value}}м"}},"hours-until-short":{"_index":["plural","value"],"_":{"zero":"сейчас","other":"через {{value}}ч"}},"days-until-short":{"_index":["plural","value"],"_":{"zero":"сегодня","other":"через {{value}}д"}},"incorrectDate":"(некорректная дата)","dateTimeFormat_%c":"%a, %e %Eb %Y, %H:%M:%S","dateTimeFormat_%x":"%d.%m.%Y","dateTimeFormat_%X":"%H:%M:%S","shortTimeFormat":"%H:%M","shortDateTimeFormat":"%x %H:%M","weekStartsOnMonday":"1","time_am":"AM","time_pm":"PM","sim-picker-dial-via-with-number":"Набрать {{ phoneNumber }} через","sim-picker-select-sim":"Выбрать SIM","sim-picker-button":"SIM{{ n }}","sim-picker-button-default":"(по умолчанию)","label":"Метка","mobile":"Мобильный","home":"Дом.","work":"Раб.","personal":"Персональный","faxHome":"Домашний факс","faxOffice":"Офисный факс","faxOther":"Другой факс","another":"Другая","other":"Прочее","customTag":{"placeholder":"Другая метка"},"current":"Текущ.","itemWithLabel":"{{label}}, {{item}}","waitDuplicateContacts":"Поиск дублирующихся контактов","waitMergingDuplicateContacts":"Слияние дублирующихся контактов","alertNoDuplicateContacts":"Дублирующиеся контакты не найдены","merge":"Слить","mergeDuplicateTitle":"Слить дубликаты","suggestedDuplicateContacts":"Возможные дублирующиеся контакты для {{name}}","mergeActionButtonLabel":{"_index":["plural","n"],"_":{"zero":"Ни одного контакта не выделено","one":"Слить с {{n}} контактом","two":"Слить с {{n}} контактами","few":"Слить с {{n}} контактами","many":"Слить с {{n}} контактами","other":"Слить с {{n}} контактами"}},"duplicatesFoundTitle":"Найдены дубликаты","duplicatesFoundMessage":"{{name}} дублирует информацию в следующих контактах","addNewNumber":"Добавить новый номер","addToExistingContact":"Добавить в имеющийся контакт","all":{"_":"Все","ariaLabel":"Все"},"callLog":"Журнал звонков","callLogEdit":{"title":"Изменить журнал звонков"},"callLogEditDialog":{"ariaLabel":"Диалог изменения журнала звонков"},"connecting":"Соединяюсь","cf-async":"Асинхронный: {{ async }}\\n","cf-data":"Данные: {{ data }}\\n","cf-error":"При получении статуса переадресации произошла ошибка","cf-fax":"FAX: {{ fax }}\\n","cf-inactive":"Неактивен","cf-packet":"Пакет: {{ packet }}\\n","cf-pad":"PAD: {{ pad }}\\n","cf-sms":"SMS: {{ sms }}\\n","cf-status":"Статус переадресации\\n","cf-sync":"Синхронный: {{ sync }}\\n","cf-voice":"Голос: {{ voice }}\\n","confirm-deletion":"Удалить выделенные звонки?","createNewContact":"Создать новый контакт","dialerAddContact":{"ariaLabel":"Добавить контакт"},"dialerAddContactDialog":{"ariaLabel":"Диалог добавления контакта"},"edit-selected":{"_index":["plural","n"],"_":{"one":"{{ n }} выбран","two":"{{ n }} выбрано","few":"{{ n }} выбрано","many":"{{ n }} выбрано","other":"{{ n }} выбрано"}},"hideKeypad":{"ariaLabel":"Скрыть панель кнопок"},"ignore":"Игнорировать звонок","incoming":"Входящие","keypad":{"ariaLabel":"Панель кнопок"},"makeCall":{"ariaLabel":"Сделать вызов"},"missed":{"_":"Пропущенные","ariaLabel":"Пропущенные"},"missedCall":"Пропущенные звонки","missedCallMultiSims":"(SIM {{ n }}) Пропущенный звонок","mmi-error":"При отправке сообщения произошла ошибка","mmi-session-expired":"Сессия истекла","mmi-successfully-sent":"Сообщение успешно отправлено","mmi-notification-title-with-sim":"({{sim}}) {{title}}","mute":{"ariaLabel":"Убрать звук"},"newCall":{"ariaLabel":"Новый вызов"},"no-logs-msg-1":"Звонков не было","no-logs-msg-2":"Начните общаться прямо сейчас","no-logs-msg-3":"Нет пропущенных звонков","recents":{"ariaLabel":"Последние звонки"},"reply":"Перезвонить","send":"Послать","switch-calls":"Переключить звонки","withheld-number":"Подавленный номер","from-contact":"От {{ contact }}","from-number":"С {{ number }}","from-withheld-number":"С подавленного номера","sending":"Отправка...","speakerOption":{"ariaLabel":"Спикер"},"ussd-services":"службы {{ operator }}","toggleKeypad":{"ariaLabel":"Переключить панель кнопок"},"type-your-response":{"placeholder":"Наберите ваш ответ..."},"clear-all-text":"Очистить весь текст","hide":"Скрыть","hold":{"ariaLabel":"Удерживать"},"resume":{"_":"Возобновить","ariaLabel":"Возобновить"},"sendSms":"Послать сообщение","callEnded":"Звонок завершён","via-sim":"через SIM{{ n }}","sim-number":"SIM{{ n }}","hangup-a11y-button":{"ariaLabel":"Повесить трубку"},"pickup-a11y-button":{"ariaLabel":"Снять трубку"},"unlock-a11y-button":{"ariaLabel":"Слайдер"},"roaming":"{{operator}} (Roaming)","delete-n-log?":{"_index":["plural","n"],"_":{"zero":"Ничего не выбрано","one":"Удалить выбранный лог?","two":"Удалить {{ n }} лога?","few":"Удалить {{ n }} лога?","many":"Удалить {{ n }} логов?","other":"Удалить {{ n }} логов?"}},"callDurationMinutes":"{{ m }}:{{ s }}","callDurationHours":"{{ h }}:{{ m }}:{{ s}}","suggestionMatches":{"_index":["plural","n"],"_":{"one":"{{ n }} подходящий под \"{{ matchNumber }}\"","two":"{{ n }} подходящих под \"{{ matchNumber }}\"","few":"{{ n }} подходящих под \"{{ matchNumber }}\"","many":"{{ n }} подходящих под \"{{ matchNumber }}\"","other":"{{ n }} подходящих под \"{{ matchNumber }}\""}},"scCallBarring":"Запрет вызова","scCallForwarding":"Переадресация","scClip":"АОН (вход.)","scClir":"АОН (исх.)","scPwd":"Смена пароля","scCallWaiting":"Ожидание вызова","scPin":"Смена PIN","scPin2":"Смена PIN2","scPuk":"Разбл. PIN","scPuk2":"Разбл. PIN2","scImei":"IMEI","scUssd":"USSD","serviceClassVoice":"Голос","serviceClassData":"Данные","serviceClassFax":"ФАКС","serviceClassSms":"SMS","serviceClassDataSync":"Синхронные","serviceClassDataAsync":"Асинхронные","serviceClassPacket":"Пакет","serviceClassPad":"PAD","smServiceEnabled":"Сервис был включён","smServiceDisabled":"Сервис был отключён","smServiceRegistered":"Регистрация прошла успешно","smServiceErased":"Стирание прошло успешно","smServiceInterrogated":"Запрос был успешен","smServiceNotProvisioned":"Сервис не предоставляется","smClirPermanent":"Вы не можете изменить параметр определения вашего номера","smClirDefaultOnNextCallOn":"Определение вашего номера по умолчанию заблокировано. Следующий вызов: Заблокировано","smClirDefaultOnNextCallOff":"Определение вашего номера по умолчанию заблокировано. Следующий вызов: Не заблокировано","smClirDefaultOffNextCallOn":"Определение вашего номера по умолчанию не заблокировано. Следующий вызов: Заблокировано","smClirDefaultOffNextCallOff":"Определение вашего номера по умолчанию не заблокировано. Следующий вызов: Не заблокировано","smServiceEnabledFor":"Сервис был включён для:","smPinChanged":"PIN успешно изменён","smPinUnblocked":"PIN успешно разблокирован","smPin2Changed":"PIN2 успешно изменён","smPin2Unblocked":"PIN2 успешно разблокирован","ServiceIsEnabled":"Service is enabled","ServiceIsDisabled":"Service is disabled","ServiceIsEnabledFor":"Service is enabled for:","emMmiError":"Проблема с соединением или некорректный код MMI","emMmiErrorPasswordIncorrect":"Неверный пароль","emMmiErrorNotSupported":"Некорректный или неподдерживаемый код MMI","emMmiErrorInvalidAction":"Некорректное действие","emMmiErrorInvalidScCode":"Некорректный код сервиса","emMmiErrorBadPuk":"Вы набрали неправильный PUK","emMmiErrorBadPin":"Вы набрали неправильный старый PIN.","emMmiErrorNeedPuk2":"Для разблокировки SIM-карты наберите PUK2","emMmiErrorMismatchPin":"Набранные вами PINы не совпадают","emMmiErrorInvalidPin":"Наберите PIN длиной от 4 до 8 цифр","emMmiErrorNeedsPuk":"Ваша SIM-карта заблокирована через PUK","emMmiErrorEnablePin":"Неудачно. Включите SIM/RUIM LOCK","emMmiErrorMmiFdn":"Разрешено только производить набор номеров из заданного списка","emMmiErrorStkCcUssdDial":"Запрос USSD преобразован в запрос DIAL","emMmiErrorStkCcUssdSs":"Запрос USSD преобразован в запрос SS","emMmiErrorStkCcUssdUssd":"Запрос USSD преобразован в новый запрос USSD","emMmiErrorStkCcSsDial":"Запрос SS преобразован в запрос DIAL","emMmiErrorStkCcSsUssd":"Запрос SS преобразован в запрос USSD","emMmiErrorStkCcSsSs":"Запрос SS преобразован в новый запрос SS","emMmiErrorPinPukAttempts":{"_index":["plural","n"],"_":{"one":"осталась {{ n }} попытка","two":"осталось {{ n }} попытки","few":"осталось {{ n }} попытки","many":"осталось {{ n }} попыток","other":"осталось {{ n }} попыток"}},"emMmiErrorSimBlocked":"Превышено максимальное число попыток. SIM заблокирована","RadioNotAvailable":"Радио не доступно","GenericFailure":"Общая ошибка","PasswordIncorrect":"Неверный пароль","SimPin2":"SIM PIN2","SimPuk2":"SIM PUK2","RequestNotSupported":"Запрос не поддерживается","OpNotAllowedDuringVoiceCall":"Во время голосового вызова операция не разрешена","SmsSendFailRetry":"Повтор отправки SMS после ошибки","SimAbsent":"Отсутствует SIM","SubscriptionNotAvailable":"Подписка недоступна","ModeNotSupported":"Режим не поддерживается","FdnCheckFailure":"Ошибка проверки Fdn","IllegalSimOrMe":"Нелегальный SIM или ME","DialModifiedToUssd":"Набор преобразован в USSD","DialModifiedToSs":"Набор преобразован в SS","DialModifiedToDial":"Набор преобразован в набор","UssdModifiedToDial":"USSD преобразован в набор","UssdModifiedToSs":"USSD преобразован в SS","UssdModifiedToUssd":"USSD преобразован в USSD","SsModifiedToDial":"SS преобразован в набор","SsModifiedToUssd":"SS преобразован в USSD","SsModifiedToSs":"SS преобразован в SS","SubscriptionNotSupported":"Подписка не поддерживается","InvalidParameter":"Некорректный параметр","RejectedByRemote":"Отклонено удалённо","conferenceCall":"Conference ({{n}})","caller-left-call":"{{ caller }} покинул конференцию.","conferenceAddError":"Не удалось свести вызовы","conferenceRemoveError":"Не удалось развести вызовы","longDateFormat":"%A, %e %Eb","select-audio-sources":"Выберите источники аудио","bluetooth-handsfree-device":"Устройство громкой связи Bluetooth","receiver":"Телефон","speaker":"Спикер","voicemailNoNumberTitle":"Номер голосовой почты недоступен","voicemailNoNumberText":"Невозможно вызвать голосовую почту. Настройте номер голосовой почты, чтобы сделать звонок.","voicemailNoNumberSettings":"Параметры","voicemailNoNumberCancel":"Отмена","phoneNumberInput":{"ariaLabel":"Телефонный номер"},"keypadDelete":{"ariaLabel":"Удалить"},"voiceMailKey":{"ariaLabel":"Голосовая почта"},"asterisk":{"ariaLabel":"Звёздочка"},"hashSign":{"ariaLabel":"Знак решетки"}}