{"close":"Zavrieť","import":"Importovať","update":"Aktualizovať","fbFriends":"Priatelia na Facebooku","live-serviceName":"Windows Live","gmail-serviceName":"Gmail","facebook-serviceName":"Priatelia","selectAll":"Vybrať všetko","deselectAll":"Zrušiť výber","viewAll":"Zobraziť všetkých priateľov na Facebooku","viewRecommend":"Zobraziť len odporúčaných","linkProposal":{"_index":["plural","numFriends"],"_":{"zero":"Žiadni nájdení priatelia. Zobrazujú sa všetci","one":"Vyberte odporúčaného","two":"Vyberte odporúčaných","few":"Vyberte odporúčaných","many":"Vyberte odporúčaných","other":"Vyberte odporúčaných"}},"fbFriendsFound":{"_index":["plural","numFriends"],"_":{"zero":"Všetci vaši priatelia boli naimportovaní","one":"Je možné naimportovať 1 priateľa","two":"Je možné naimportovať {{numFriends}} priateľov","few":"Je možné naimportovať {{numFriends}} priateľov","many":"Je možné naimportovať {{numFriends}} priateľov","other":"Je možné naimportovať {{numFriends}} priateľov"}},"fbNoFriends":"No contacts available to import","facebook":"Facebook","search-contact":{"placeholder":"Hľadať"},"noResults":"Neboli nájdené žiadne kontakty","done-search":"Hotovo","progressFB3ImportTitle":"Priatelia sa importujú do kontaktov","progressFB":"{{current}}/{{total}}","progressFB3UpdateTitle":"Aktualizujú sa priatelia v kontaktoch","message2":"Môže to chvíľu trvať.","messageLinking":"Čakajte, prosím. Prebieha prepájanie priateľov a kontaktov.","messageCanceling":"Čakajte, prosím. Prebieha zrušenie aktuálnej operácie.","error1":"Chyba pri {{from}}","error2":"Chcete to skúsiť znova?","errorProposal":"počítaní návrhov","errorFriends":"získavaní priateľov","errorLinking":"prepájaní kontaktov","timeout1":"Časový limit pre {{from}} vypršal","timeout2":"Chcete to skúsiť znova?","timeoutProposal":"počítanie návrhov","timeoutFriends":"získanie priateľov","timeoutLinking":"prepojenie kontaktov","wait1":"Prosím, čakajte","wait2":"Môže to chvíľu trvať","waitProposal":"Prosím, čakajte. Prebieha prepočet návrhov.","waitFriends":"Prosím, čakajte. Prebieha pripájanie za účelom získania zoznamu priateľov.","curtainCancel":"Zrušiť","curtainRetry":"Znova","curtainOK":"OK","connectionLost":"Žiadne pripojenie k Internetu","connectionLostMsg":"Fotografie vašich priateľov nebudú pridané medzi vaše kontakty. Chcete pokračovať?","yesOption":"OK","noOption":"Zrušiť","friendsUpdated":{"_index":["plural","numFriends"],"_":{"zero":"Neboli aktualizovaní žiadni priatelia","one":"1 priateľ aktualizovaný","two":"{{numFriends}} priatelia aktualizovaní","few":"{{numFriends}} priatelia aktualizovaní","many":"{{numFriends}} priateľov aktualizovaných","other":"{{numFriends}} priateľov aktualizovaných"}},"friendsMerged":{"_index":["plural","numDups"],"_":{"zero":"Neboli spojené žiadne duplikáty","one":"1 duplikát spojený","two":"{{numDups}} duplikáty spojené","few":"{{numDups}} duplikáty spojené","many":"{{numDups}} duplikátov spojených","other":"{{numDups}} duplikátov spojených"}},"notificationLogin":"Vaša relácia s Facebookom vypršala. Prihláste sa znova.","syncError":"Pri synchronizácii údajov o priateľoch sa vyskytla chyba.","callAirplaneModeMessage":"Ak chcete uskutočniť hovor, musíte vypnúť režim V lietadle.","callAirplaneModeBtnOk":"OK","callAirplaneModeTitle":"Aktivovaný režim V lietadle","numberIsBusyTitle":"Číslo je zaneprázdnené","numberIsBusyMessage":"Číslo je momentálne zaneprázdnené. Skúste to neskôr.","fdnIsActiveTitle":"FDN je aktívne","fdnIsActiveMessage":"Pevný zoznam príjemcov (FDN) je aktivovaný a nasledovné číslo sa nenachádza vo vašom zozname povolených čísiel: {{ number }}","voiceMail":"Hlasová správa","emergencyNumber":"Tiesňové číslo","emergencyDialogBodyBadNumber":"Ak chcete uskutočniť hovor, telefón musí byť pripojený do siete.","emergencyDialogBodyDeviceNotAccepted":"Tiesňové volania nie sú v tejto sieti podporované.","emergencyDialogBtnOk":"OK","emergencyDialogTitle":"Bez pripojenia k sieti","invalidNumberToDialTitle":"Neplatné telefónne číslo","invalidNumberToDialMessage":"Volané číslo nie je platné.","unableToCallTitle":"Teraz nie je možné uskutočniť hovor","unableToCallMessage":"Nie je možné uskutočniť hovor. Ak už vytáčate číslo, prosím, najskôr zaveste.","otherConnectionInUseTitle":"Práve sa používa iné spojenie","otherConnectionInUseMessage":"Práve prebieha hovor v ďalšom vašom spojení. Naraz je možné využívať len jedno spojenie.","add":"Pridať","call":"Volať","edit":"Upraviť","cancel":"Zrušiť","done":"Hotovo","ok":"OK","retry":"Opakovať","contacts":"Kontakty","addContact":"Pridať kontakt","deleteContact":"Odstrániť kontakt","selectContact":"Vybrať kontakt","editContact":"Upraviť","deleteConfirmMsg":"Naozaj chcete odstrániť tento kontakt?","remove":"Odstrániť","delete":"Odstrániť","comments":"Komentáre","no_contact_phones":"Tento kontakt nemá priradené telefónne číslo","no_contact_email":"Tento kontakt nemá priradenú e-mailovú adresu","no_contact_data":"This contact does not have a phone number and email address","removePhotoConfirm":"Odstrániť obrázok kontaktu?","loadingContacts":"Načítavajú sa kontakty…","noContactsActivity":"Nie je možné pridať k existujúcemu kontaktu, pretože váš zoznam kontaktov je prázdny.","noName":"Bez mena","givenName":{"placeholder":"Meno"},"familyName":{"placeholder":"Priezvisko"},"tel":{"placeholder":"Telefón"},"carrier":{"_":"Operátor","placeholder":"Operátor"},"separator":",","email":{"_":"E-mail","placeholder":"E-mail"},"streetAddress":{"placeholder":"Ulica"},"postalCode":{"placeholder":"PSČ"},"locality":{"placeholder":"Mesto"},"countryName":{"placeholder":"Krajina"},"comment":{"placeholder":"Komentár"},"org":{"placeholder":"Firma"},"date":{"_":"Dátum","placeholder":"Dátum"},"date-span-placeholder":"Dátum","birthday":"Narodeniny","dateFormat":"%e. %Eb","dateOutput":"{{dayMonthFormatted}} {{year}}","anniversary":"Výročie","addPhoto":"Pridať fotografiu","addPhone":"Pridať telefónne číslo","addEmail":"Pridať e-mailovú adresu","addAddress":"Pridať poštovú adresu","addDate":"Pridať dátum","addComment":"Pridať komentár","addFavorite":"Nastaviť ako obľúbený","removeFavorite":"Odobrať z obľúbených","exit":"Ukončiť","expand":"Rozbaliť","labelName":"Meno:","labelLastName":"Priezvisko:","labelPhoneNumber":"Telefónne číslo:","labelCarrier":"Operátor:","labelEmail":"E-mail:","labelStreet":"Ulica:","labelZip":"PSČ:","labelCity":"Mesto:","labelCountry":"Krajina:","labelComment":"Komentár:","legendTitleMain":"Hlavné informácie","legendPhones":"Telefónne čísla","legendEmail":"E-mailové adresy","legendAddress":"Adresy","legendPhoto":{"ariaLabel":"Photo"},"settings":"Nastavenia","transferContactsTitle":"Prenos kontaktov","importContactsTitle":"Import kontaktov","importContactsButton":"Importovať kontakty","exportContactsTitle":"Export kontaktov","exportContactsButton":"Exportovať kontakty","exportContactsAction":"Exportovať","simExport-title":"Exportovať na kartu SIM","sdExport-title":"Exportovať na kartu SD","btExport-title":"Exportovať cez Bluetooth","sdUMSEnabled":"Nie je možné použiť kartu SD, pretože je práve povolené úložisko USB","exportErrorTitle":"Chyba pri exporte","contactsExported2":{"_index":["plural","exported"],"_":{"zero":"Neboli exportované žiadne kontakty","one":"Exportovaný {{exported}} kontakt z {{total}} celkom","two":"Exportované {{exported}} kontakty z {{total}} celkom","few":"Exportované {{exported}} kontakty z {{total}} celkom","many":"Exportovaných {{exported}} kontaktov z {{total}} celkom","other":"Exportovaných {{exported}} kontaktov z {{total}} celkom"}},"exportError-general":"Počas exportu sa vyskytla chyba","exportError-SD-shared":"Nie je možné pristúpiť k pamäťovej karte, pretože je práve zdieľaná","exportError-SD-unavailable":"Pamäťová karta nie je dostupná","exportError-SD-noSpace":"Na exportovanie kontaktov nie je na pamäťovej karte dostatok voľného miesta","exportError-SIM-unavailable":"Karta SIM nie je dostupná","exportError-BT-shared":"Nie je možné pristúpiť k pamäťovej karte, pretože je práve zdieľaná","exportError-BT-unavailable":"Pamäťová karta nie je dostupná","exportError-BT-noSpace":"Na exportovanie kontaktov nie je na pamäťovej karte dostatok voľného miesta","social-network":"Sociálne siete","social-link":"Prepojiť kontakt","social-unlink":"Odpojiť kontakt","social-unlink-confirm-title":"Chcete vášho priateľa odpojiť?","social-unlink-confirm-accept":"Odpojiť","facebook-import":"Importovať priateľov z Facebooku","show-fb-profile":"Zobraziť profil na Facebooku","msg-send":"Správa","wall-post":"Príspevok na nástenku","facebook-export-forbidden":"Kontakt nie je možné zdieľať kvôli obmedzeniu z Facebooku.","otherAccount":"Ďalšie účty","facebookSwitchMsg":"Synchronizovať","select_mobile":"Voľba telefónu","select_email":"Voľba e-mailu","select_recipient":"Select recipient","contactsOrderBy":"Zoradiť podľa priezviska","importSim2":"Karta SIM","importGmail":"Gmail","bluetooth":"Bluetooth","importOutlook":"Outlook","fbUpdateFriends":"Aktualizovať priateľov","cleaningFbData":"Odstránenie údajov z Facebooku","loggingOutFb":"Odhlásenie z Facebooku","cleanFbConfirmMsg":"Odstrániť všetky údaje z Facebooku?","renewPwdMsg":"Vaše heslo na Facebooku sa zmenilo. Aktualizujte ho prosím. ","notEnabledYet":"Doteraz nepovolené","genericNoConnection":"Ak chcete naimportovať kontakty, pripojte sa k sieti Wi-Fi alebo dátovej sieti","simCard":"Karta SIM","memoryCard":"Pamäťová karta","simNumber":"SIM{{number}}","setICEButton":"Set ICE Contacts","ICESettingTitle":"ICE Contacts","ICEDescription":"Add two contacts for making “In Case of Emergency” calls.","ICEContact1":"ICE Contact 1","ICESelectContact":"Select a contact","ICEContact2":"ICE Contact 2","create-new":"Vytvorenie nového kontaktu","import-now":"Import kontaktov z karty SIM alebo Facebooku ","no-contacts":"Žiadne kontakty","start-adding":"Začnite s ich pridávaním","notImported":"Neimportované","imported":"Importované","today":"Dnes","yesterday":"Včera","organise-contacts":"Organizovať kontakty","find-merge-contacts":"Vyhľadať zdvojené kontakty","preparing-contacts":"Pripravujú sa kontakty","exportError-SIM-NoFreeRecordFound":"Karta SIM je plná","exportError-SIM-CannotAccessPhoneBook":"Nie je možné načítať kontakty na karte SIM","exportError-SIM-Unavailable":"Žiadna karta SIM","exportError-SIM-GenericError":"Pri exportovaní kontaktu sa vyskytla chyba","noSimMsgExport":"Ak chcete exportovať kontakty, vložte alebo odblokujte svoju kartu SIM","noMemoryCardMsgExport":"Ak chcete exportovať kontakty, vložte pamäťovú kartu","ContactManagementTitle":"Správa kontaktov","DeleteTitle":"Odstránenie","bulkDeleteButton":"Odstrániť kontakty","BulkDelCancel":"Odstraňovanie kontaktov zrušené","DeletedTxt":{"_index":["plural","n"],"_":{"zero":"Žiadne kontakty na odstránenie","one":"Odstránený 1 kontakt","two":"Odstránené {{n}} kontakty","few":"Odstránené {{n}} kontakty","many":"Odstránených {{n}} kontaktov","other":"Odstránených {{n}} kontaktov"}},"DeletingContacts":"Odstraňujú sa kontakty","ContactConfirmDel":{"_index":["plural","n"],"_":{"zero":"Žiadne kontakty na odstránenie","one":"Odstrániť 1 kontakt? Akciu nie je možné vrátiť späť.","two":"Odstrániť {{n}} kontakty? Akciu nie je možné vrátiť späť.","few":"Odstrániť {{n}} kontakty? Akciu nie je možné vrátiť späť.","many":"Odstrániť {{n}} kontaktov? Akciu nie je možné vrátiť späť.","other":"Odstrániť {{n}} kontaktov? Akciu nie je možné vrátiť späť."}},"SelectedTxt":{"_index":["plural","n"],"_":{"zero":"Kontakty","one":"{{n}} označený","two":"{{n}} označené","few":"{{n}} označené","many":"{{n}} označených","other":"{{n}} označených"}},"video":"Video","audio":"Zvuk","pick_destination":"{{ destination }} {{ carrier }}","removeField":{"ariaLabel":"Remove"},"undo":{"ariaLabel":"Undo"},"back":"Naspäť","noSimMsg":"Ak chcete importovať kontakty, vložte alebo odblokujte svoju kartu SIM","noMemoryCardMsg":"Ak chcete importovať kontakty, vložte pamäťovú kartu","importMemoryCard":"Pamäťová karta","noConnection11":"Ak chcete importovať kontakty alebo svojich priateľov na Facebooku, pripojte sa k sieti Wi-Fi alebo dátovej sieti.","simContacts-import":"Import kontaktov z karty SIM","simContacts-importing":"Importujú sa kontakty z karty SIM…","simContacts-reading":"Prebieha čítanie z karty SIM…","simContacts-error":"Nebolo možné importovať kontakty z karty SIM","simContacts-imported3":{"_index":["plural","n"],"_":{"zero":"Na karte SIM neboli nájdené žiadne kontakty","one":"Naimportoval sa jeden kontakt","two":"Naimportovali sa {{n}} kontakty","few":"Naimportovali sa {{n}} kontakty","many":"Naimportovalo sa {{n}} kontaktov","other":"Naimportovalo sa {{n}} kontaktov"}},"memoryCardContacts-import":"Import kontaktov z pamäťovej karty","memoryCardContacts-importing":"Importujú sa kontakty z pamäťovej karty…","memoryCardContacts-reading":"Prebieha čítanie z pamäťovej karty…","memoryCardContacts-error":"Nebolo možné importovať kontakty z pamäťovej karty","memoryCardContacts-imported3":{"_index":["plural","n"],"_":{"zero":"Na pamäťovej karte neboli nájdené žiadne kontakty","one":"Naimportoval sa jeden kontakt","two":"Naimportovali sa {{n}} kontakty","few":"Naimportovali sa {{n}} kontakty","many":"Naimportovalo sa {{n}} kontaktov","other":"Naimportovalo sa {{n}} kontaktov"}},"genericProgress":"{{current}}/{{total}}","facebook-import-msg":{"_index":["plural","imported"],"_":{"zero":"Zatiaľ žiadny z {{total}} priateľov","one":"Pridaný 1 z {{total}} priateľov","two":"Pridaní {{imported}} z {{total}} priateľov","few":"Pridaní {{imported}} z {{total}} priateľov","many":"Pridaní {{imported}} z {{total}} priateľov","other":"Pridaní {{imported}} z {{total}} priateľov"}},"contactsMerged":{"_index":["plural","numDups"],"_":{"zero":"Neboli spojené žiadne duplikáty","one":"1 duplikát spojený","two":"{{numDups}} duplikáty spojené","few":"{{numDups}} duplikáty spojené","many":"{{numDups}} duplikátov spojených","other":"{{numDups}} duplikátov spojených"}},"weekday-0-long":"Nedeľa","weekday-1-long":"Pondelok","weekday-2-long":"Utorok","weekday-3-long":"Streda","weekday-4-long":"Štvrtok","weekday-5-long":"Piatok","weekday-6-long":"Sobota","weekday-0-short":"Ne","weekday-1-short":"Po","weekday-2-short":"Ut","weekday-3-short":"St","weekday-4-short":"Št","weekday-5-short":"Pi","weekday-6-short":"So","month-0-long":"Január","month-1-long":"Február","month-2-long":"Marec","month-3-long":"Apríl","month-4-long":"Máj","month-5-long":"Jún","month-6-long":"Júl","month-7-long":"August","month-8-long":"September","month-9-long":"Október","month-10-long":"November","month-11-long":"December","month-0-genitive":"januára","month-1-genitive":"februára","month-2-genitive":"marca","month-3-genitive":"apríla","month-4-genitive":"mája","month-5-genitive":"júna","month-6-genitive":"júla","month-7-genitive":"augusta","month-8-genitive":"septembra","month-9-genitive":"októbra","month-10-genitive":"novembra","month-11-genitive":"decembra","month-0-short":"jan","month-1-short":"feb","month-2-short":"mar","month-3-short":"apr","month-4-short":"máj","month-5-short":"jún","month-6-short":"júl","month-7-short":"aug","month-8-short":"sep","month-9-short":"okt","month-10-short":"nov","month-11-short":"dec","minutes-ago-long":{"_index":["plural","value"],"_":{"zero":"teraz","one":"pred minútou","two":"pred {{value}} minútami","few":"pred {{value}} minútami","many":"pred {{value}} minútami","other":"pred {{value}} minútami"}},"hours-ago-long":{"_index":["plural","value"],"_":{"zero":"teraz","one":"pred hodinou","two":"pred {{value}} hodinami","few":"pred {{value}} hodinami","many":"pred {{value}} hodinami","other":"pred {{value}} hodinami"}},"days-ago-long":{"_index":["plural","value"],"_":{"zero":"dnes","one":"včera","two":"pred {{value}} dňami","few":"pred {{value}} dňami","many":"pred {{value}} dňami","other":"pred {{value}} dňami"}},"weeks-ago-long":{"_index":["plural","value"],"_":{"zero":"tento týždeň","one":"minulý týždeň","two":"pred {{value}} týždňami","few":"pred {{value}} týždňami","many":"pred {{value}} týždňami","other":"pred {{value}} týždňami"}},"months-ago-long":{"_index":["plural","value"],"_":{"zero":"tento mesiac","one":"minulý mesiac","two":"pred {{value}} mesiacmi","few":"pred {{value}} mesiacmi","many":"pred {{value}} mesiacmi","other":"pred {{value}} mesiacmi"}},"years-ago-long":{"_index":["plural","value"],"_":{"zero":"tento rok","one":"minulý rok","two":"pred {{value}} rokmi","few":"pred {{value}} rokmi","many":"pred {{value}} rokmi","other":"pred {{value}} rokmi"}},"minutes-until-long":{"_index":["plural","value"],"_":{"zero":"teraz","one":"o minútu","two":"o {{value}} minúty","few":"o {{value}} minúty","many":"o {{value}} minút","other":"o {{value}} minút"}},"hours-until-long":{"_index":["plural","value"],"_":{"zero":"teraz","one":"o hodinu","two":"o {{value}} hodiny","few":"o {{value}} hodiny","many":"o {{value}} hodín","other":"o {{value}} hodín"}},"days-until-long":{"_index":["plural","value"],"_":{"zero":"dnes","one":"zajtra","two":"o {{value}} dni","few":"o {{value}} dni","many":"o {{value}} dní","other":"o {{value}} dní"}},"weeks-until-long":{"_index":["plural","value"],"_":{"zero":"tento týždeň","one":"budúci týždeň","two":"o {{value}} týždne","few":"o {{value}} týždne","many":"o {{value}} týždňov","other":"o {{value}} týždňov"}},"months-until-long":{"_index":["plural","value"],"_":{"zero":"tento mesiac","one":"budúci mesiac","two":"o {{value}} mesiace","few":"o {{value}} mesiace","many":"o {{value}} mesiacov","other":"o {{value}} mesiacov"}},"years-until-long":{"_index":["plural","value"],"_":{"zero":"tento rok","one":"budúci rok","two":"o {{value}} roky","few":"o {{value}} roky","many":"o {{value}} rokov","other":"o {{value}} rokov"}},"minutes-ago-short":{"_index":["plural","value"],"_":{"zero":"teraz","other":"pred {{value}}m"}},"hours-ago-short":{"_index":["plural","value"],"_":{"zero":"teraz","other":"pred {{value}}h"}},"days-ago-short":{"_index":["plural","value"],"_":{"zero":"dnes","other":"pred {{value}}d"}},"minutes-until-short":{"_index":["plural","value"],"_":{"zero":"teraz","other":"o {{value}}m"}},"hours-until-short":{"_index":["plural","value"],"_":{"zero":"teraz","other":"o {{value}}h"}},"days-until-short":{"_index":["plural","value"],"_":{"zero":"dnes","other":"o {{value}}d"}},"incorrectDate":"(neplatný dátum)","dateTimeFormat_%c":"%a, %e. %b %Y %H:%M:%S","dateTimeFormat_%x":"%d.%m.%Y","dateTimeFormat_%X":"%H:%M:%S","shortTimeFormat":"%H:%M","shortDateTimeFormat":"%x %H:%M","weekStartsOnMonday":"1","time_am":"AM","time_pm":"PM","sim-picker-dial-via-with-number":"Volať {{ phoneNumber }} cez","sim-picker-select-sim":"Zvoľte kartu SIM","sim-picker-button":"SIM{{ n }}","sim-picker-button-default":"(predvolená)","label":"Označenie","mobile":"Mobil","home":"Domov","work":"Práca","personal":"Osobné","faxHome":"Fax domov","faxOffice":"Fax kancelária","faxOther":"Fax ostatné","another":"Ďalšie","other":"Iné","customTag":{"placeholder":"Vlastná značka"},"current":"Aktuálna","itemWithLabel":"{{label}}, {{item}}","waitDuplicateContacts":"Vyhľadávajú sa zdvojené kontakty","waitMergingDuplicateContacts":"Zdvojené kontakty sa spájajú","alertNoDuplicateContacts":"Neboli nájdené žiadne zdvojené kontakty","merge":"Spojiť","mergeDuplicateTitle":"Zdvojené záznamy","suggestedDuplicateContacts":"Možné zdvojené záznamy pre kontakt {{name}}:","mergeActionButtonLabel":{"_index":["plural","n"],"_":{"zero":"Nie sú zvolené žiadne kontakty","one":"Spojiť s týmto kontaktom","two":"Spojiť s {{n}} kontaktami","few":"Spojiť s {{n}} kontaktami","many":"Spojiť s {{n}} kontaktami","other":"Spojiť s {{n}} kontaktami"}},"duplicatesFoundTitle":"Zdvojené kontakty","duplicatesFoundMessage":"Informácie o {{name}} boli nájdené v nasledovných kontaktoch","addNewNumber":"Pridať nové číslo","addToExistingContact":"Pridať k existujúcemu kontaktu","all":{"_":"Všetky","ariaLabel":"Všetky"},"callLog":"Denník volaní","callLogEdit":{"title":"Úprava denníka volaní"},"callLogEditDialog":{"ariaLabel":"Dialógové okno Úprava denníka volaní"},"connecting":"Pripája sa","cf-async":"Asynchrónne: {{ async }}\\n","cf-data":"Dáta: {{ data }}\\n","cf-error":"Počas zisťovania stavu presmerovania hovorov sa vyskytla chyba","cf-fax":"Fax: {{ fax }}\\n","cf-inactive":"Neaktívne","cf-packet":"Paket: {{ packet }}\\n","cf-pad":"PAD: {{ pad }}\\n","cf-sms":"SMS: {{ sms }}\\n","cf-status":"Stav presmerovania hovorov\\n","cf-sync":"Synchrónny: {{ sync }}\\n","cf-voice":"Hlas: {{ voice }}\\n","confirm-deletion":"Vymazať zvolené volania?","createNewContact":"Vytvoriť nový kontakt","dialerAddContact":{"ariaLabel":"Pridať kontakt"},"dialerAddContactDialog":{"ariaLabel":"Dialógové okno Pridať kontakt"},"edit-selected":{"_index":["plural","n"],"_":{"one":"{{ n }} zvolený","two":"{{ n }} zvolené","few":"{{ n }} zvolené","many":"{{ n }} zvolených","other":"{{ n }} zvolených"}},"hideKeypad":{"ariaLabel":"Skryť klávesnicu"},"ignore":"Ignorovať hovor","incoming":"Prichádzajúci","keypad":{"ariaLabel":"Klávesnica"},"makeCall":{"ariaLabel":"Zavolať"},"missed":{"_":"Zmeškané","ariaLabel":"Zmeškané"},"missedCall":"Zmeškaný hovor","missedCallMultiSims":"Zmeškaný hovor na karte SIM{{ n }}","mmi-error":"Počas odosielania správy sa vyskytla chyba","mmi-session-expired":"Relácia vypršala","mmi-successfully-sent":"Správa bola úspešne odoslaná","mmi-notification-title-with-sim":"({{sim}}) {{title}}","mute":{"ariaLabel":"Stlmiť"},"newCall":{"ariaLabel":"Nový hovor"},"no-logs-msg-1":"Nie sú zaznamenané žiadne hovory","no-logs-msg-2":"Začnite komunikovať","no-logs-msg-3":"Žiadne zmeškané hovory","recents":{"ariaLabel":"Posledné hovory"},"reply":"Odpovedať","send":"Odoslať","switch-calls":"Prepnúť hovory","withheld-number":"Utajené číslo","from-contact":"Od: {{ contact }}","from-number":"Od: {{ number }}","from-withheld-number":"Z utajeného čísla","sending":"Odosiela sa…","speakerOption":{"ariaLabel":"Reproduktor"},"ussd-services":"Služby {{ operator }}","toggleKeypad":{"ariaLabel":"Prepnúť klávesnicu"},"type-your-response":{"placeholder":"Zadajte svoju odpoveď…"},"clear-all-text":"Vymazať text","hide":"Skryť","hold":{"ariaLabel":"Podržať"},"resume":{"_":"Obnoviť","ariaLabel":"Obnoviť"},"sendSms":"Odoslať správu","callEnded":"Hovor ukončený","via-sim":"cez SIM{{ n }}","sim-number":"SIM{{ n }}","hangup-a11y-button":{"ariaLabel":"Položiť"},"pickup-a11y-button":{"ariaLabel":"Zdvihnúť"},"unlock-a11y-button":{"ariaLabel":"Vysúvač"},"roaming":"{{operator}} (Roaming)","delete-n-log?":{"_index":["plural","n"],"_":{"zero":"Nie je zvolený záznam","one":"Odstrániť zvolený záznam?","two":"Odstrániť {{ n }} záznamy?","few":"Odstrániť {{ n }} záznamy?","many":"Odstrániť {{ n }} záznamov?","other":"Odstrániť {{ n }} záznamov?"}},"callDurationMinutes":"{{ m }}:{{ s }}","callDurationHours":"{{ h }}:{{ m }}:{{ s}}","suggestionMatches":{"_index":["plural","n"],"_":{"one":"{{ n }} zhoda pre \"{{ matchNumber }}\"","two":"{{ n }} zhody pre \"{{ matchNumber }}\"","few":"{{ n }} zhody pre \"{{ matchNumber }}\"","many":"{{ n }} zhôd pre \"{{ matchNumber }}\"","other":"{{ n }} zhôd pre \"{{ matchNumber }}\""}},"scCallBarring":"Blok. hovorov","scCallForwarding":"Presmer. hovoru","scClip":"ID prich. hovoru","scClir":"ID odch. hovoru","scPwd":"Zmena hesla","scCallWaiting":"Čakajúci hovor","scPin":"Zmena PIN","scPin2":"Zmena PIN2","scPuk":"Odblokovanie PIN","scPuk2":"Odblokovať PIN2","scImei":"IMEI","scUssd":"USSD","serviceClassVoice":"Hlas","serviceClassData":"Dáta","serviceClassFax":"FAX","serviceClassSms":"SMS","serviceClassDataSync":"Sync","serviceClassDataAsync":"Async","serviceClassPacket":"Packet","serviceClassPad":"PAD","smServiceEnabled":"Služba bola povolená","smServiceDisabled":"Služba bolo zakázaná","smServiceRegistered":"Registrácia bola úspešná","smServiceErased":"Vymazanie bolo úspešné","smServiceInterrogated":"Požiadavka bola úspešná","smServiceNotProvisioned":"Služba nie je povolená","smClirPermanent":"Nemôžete zmeniť nastavenie identifikátora volajúceho","smClirDefaultOnNextCallOn":"Identifikátor volajúceho je predvolene utajený. Ďalší hovor: utajený","smClirDefaultOnNextCallOff":"Identifikátor volajúceho je predvolene utajený. Ďalší hovor: neutajený","smClirDefaultOffNextCallOn":"Identifikátor volajúceho je predvolene neutajený. Ďalší hovor: utajený","smClirDefaultOffNextCallOff":"Identifikátor volajúceho je predvolene neutajený. Ďalší hovor: neutajený","smServiceEnabledFor":"Služba bola povolená pre:","smPinChanged":"Kód PIN bol úspešne zmenený","smPinUnblocked":"Kód PIN bol úspešne odblokovaný","smPin2Changed":"Kód PIN2 bol úspešne zmenený","smPin2Unblocked":"Kód PIN2 bol úspešne odblokovaný","ServiceIsEnabled":"Service is enabled","ServiceIsDisabled":"Service is disabled","ServiceIsEnabledFor":"Service is enabled for:","emMmiError":"Problém s pripojením alebo neplatný kód MMI","emMmiErrorPasswordIncorrect":"Nesprávne heslo","emMmiErrorNotSupported":"Neplatný alebo nepodporovaný kód MMI","emMmiErrorInvalidAction":"Neplatná akcia","emMmiErrorInvalidScCode":"Neplatný kód služby","emMmiErrorBadPuk":"Zadaný kód PUK nie je správny.","emMmiErrorBadPin":"Starý kód PIN nie je správny.","emMmiErrorNeedPuk2":"Na odblokovanie karty SIM zadajte kód PUK2","emMmiErrorMismatchPin":"Zadané kódy PIN sa nezhodujú","emMmiErrorInvalidPin":"Zadajte kód PIN, ktorý má 4 až 8 číslic","emMmiErrorNeedsPuk":"Vaša karta SIM je uzamknutá kódom PUK","emMmiErrorEnablePin":"Neúspešné. Povoľte SIM/RUIM LOCK","emMmiErrorMmiFdn":"Operácia je obmedzená len na pevný zoznam povolených čísiel","emMmiErrorStkCcUssdDial":"Požiadavka USSD je zmenená na požiadavku DIAL","emMmiErrorStkCcUssdSs":"Požiadavka USSD je zmenená na požiadavku SS","emMmiErrorStkCcUssdUssd":"Požiadavka USSD je zmenená na novú požiadavku USSD","emMmiErrorStkCcSsDial":"Požiadavka SS je zmenená na požiadavku DIAL","emMmiErrorStkCcSsUssd":"Požiadavka SS je zmenená na požiadavku USSD","emMmiErrorStkCcSsSs":"Požiadavka SS je zmenená na novú požiadavku SS","emMmiErrorPinPukAttempts":{"_index":["plural","n"],"_":{"one":"Zostáva už len {{ n }} pokus","two":"Zostávajú {{ n }} pokusy","few":"Zostávajú {{ n }} pokusy","many":"Zostáva {{ n }} pokusov","other":"Zostáva {{ n }} pokusov"}},"emMmiErrorSimBlocked":"Dosiahli ste maximálny povolený počet pokusov. Karta SIM je zablokovaná.","RadioNotAvailable":"Sieť nie je dostupná","GenericFailure":"Všeobecné zlyhanie","PasswordIncorrect":"Neplatné heslo","SimPin2":"SIM PIN2","SimPuk2":"SIM PUK2","RequestNotSupported":"Požiadavka nie je podporovaná","OpNotAllowedDuringVoiceCall":"Operácia nie je povolená počas hlasového hovoru","SmsSendFailRetry":"Opakované zlyhanie odoslania správy SMS","SimAbsent":"Chýbajúca karta SIM","SubscriptionNotAvailable":"Odber nie je dostupný","ModeNotSupported":"Režim nie je podporovaný","FdnCheckFailure":"Kontrola Fdn zlyhala","IllegalSimOrMe":"Neplatná SIM alebo ME","DialModifiedToUssd":"Dial upravené na USSD","DialModifiedToSs":"Dial upravené na SS","DialModifiedToDial":"Dial upravené na dial","UssdModifiedToDial":"USSD upravené na dial","UssdModifiedToSs":"USSD upravené na SS","UssdModifiedToUssd":"USSD upravené na USSD","SsModifiedToDial":"SS upravené na dial","SsModifiedToUssd":"SS upravené na USSD","SsModifiedToSs":"SS upravené na SS","SubscriptionNotSupported":"Odber nie je podporovaný","InvalidParameter":"Neplatný parameter","RejectedByRemote":"Zamietnuté vzdialenou stranou","conferenceCall":"Conference ({{n}})","caller-left-call":"{{ caller }} opustil hovor.","conferenceAddError":"Nie je možné spojiť hovory","conferenceRemoveError":"Nie je možné rozdeliť hovory","longDateFormat":"%A, %e. %Eb","select-audio-sources":"Zvoľte zdroje zvuku","bluetooth-handsfree-device":"Bluetooth zariadenie handsfree","receiver":"Prijímač","speaker":"Reproduktor","voicemailNoNumberTitle":"Číslo odkazovej schránky nie je dostupné","voicemailNoNumberText":"Nie je možné volať do odkazovej schránky. Najskôr je potrebné nastaviť číslo odkazovej schránky.","voicemailNoNumberSettings":"Nastavenia","voicemailNoNumberCancel":"Zrušiť","phoneNumberInput":{"ariaLabel":"Telefónne číslo"},"keypadDelete":{"ariaLabel":"Odstrániť"},"voiceMailKey":{"ariaLabel":"Hlasová schránka"},"asterisk":{"ariaLabel":"Hviezdička"},"hashSign":{"ariaLabel":"Znak Mriežka"}}