{"close":"Mbylle","import":"Importoje","update":"Përditësoje","fbFriends":"Shokë Facebook-u","live-serviceName":"Outlook","gmail-serviceName":"Gmail","facebook-serviceName":"Shokë Facebook-u","selectAll":"Përzgjidhi krejt","deselectAll":"Shpërzgjidhi krejt","viewAll":"Shihni Krejt Shokët Nga Facebook-u","viewRecommend":"Shihni Vetëm të Rekomanduarit","linkProposal":{"_index":["plural","numFriends"],"_":{"zero":"Pa përputhje shokësh. Po shfaqen të tërë","one":"Përzgjidhni të rekomanduarin","two":"Përzgjidhni një të rekomanduar","few":"Përzgjidhni një të rekomanduar","many":"Përzgjidhni një të rekomanduar","other":"Përzgjidhni një të rekomanduar"}},"fbFriendsFound":{"_index":["plural","numFriends"],"_":{"zero":"U importuan krejt shokët tuaj","one":"U gjet një shok për importim","two":"U gjetën {{numFriends}} shokë për importim","few":"U gjetën {{numFriends}} shokë për importim","many":"U gjetën {{numFriends}} shokë për importim","other":"U gjetën {{numFriends}} shokë për importim"}},"fbNoFriends":"No contacts available to import","facebook":"Facebook","search-contact":{"placeholder":"Kërkoni"},"noResults":"Nuk u gjetën kontakte","done-search":"U bë","progressFB3ImportTitle":"Importim shokësh te Kontaktet","progressFB":"{{current}}/{{total}}","progressFB3UpdateTitle":"Përditësim shokësh te Kontaktet","message2":"Kjo mund të hajë ca minuta","messageLinking":"Ju lutemi, prisni. Po lidhim shokun tuaj dhe kontaktin tuaj.","messageCanceling":"Ju lutemi, prisni. Po anulojmë veprimin që po kryhej.","error1":"Gabim {{from}}","error2":"Doni të riprovohet?","errorProposal":"në përllogaritjen e propozimeve","errorFriends":"në marrjen e shokëve","errorLinking":"në lidhjen e kontaktit","timeout1":"Skadoi koha {{from}}","timeout2":"Doni të riprovohet?","timeoutProposal":"në përllogaritjen e propozimeve","timeoutFriends":"në marrjen e shokëve","timeoutLinking":"në lidhjen e kontaktit","wait1":"Ju lutemi, prisni.","wait2":"Kjo mund të hajë ca minuta","waitProposal":"Ju lutemi, prisni. Po përllogarisim një propozim.","waitFriends":"Ju lutemi, prisni. Po lidhemi që të marrin listën tuaj të shokëve.","curtainCancel":"Anuloje","curtainRetry":"Riprovo","curtainOK":"OK","connectionLost":"Pa lidhje Internet","connectionLostMsg":"Fotot e shokëve nuk do të shtohen te kontaktet tuaja. Të vazhdohet, sido qoftë?","yesOption":"OK","noOption":"Anuloje","friendsUpdated":{"_index":["plural","numFriends"],"_":{"zero":"Nuk u përditësuan shokë","one":"U përditësua një shok","two":"U përditësuan {{numFriends}} shokë","few":"U përditësuan {{numFriends}} shokë","many":"U përditësuan {{numFriends}} shokë","other":"U përditësuan {{numFriends}} shokë"}},"friendsMerged":{"_index":["plural","numDups"],"_":{"zero":"Nuk u shkri në një ndonjë profil i dyfishtë","one":"U shkri në një një profil i dyfishtë","two":"U shkrinë në një {{numDups}} profile të dyfishtë","few":"U shkrinë në një {{numDups}} profile të dyfishtë","many":"U shkrinë në një {{numDups}} profile të dyfishtë","other":"U shkrinë në një {{numDups}} profile të dyfishtë"}},"notificationLogin":"Sesioni juaj Facebook është i pavlefshëm. Ju lutemi, bëni hyrjen.","syncError":"Pati një gabim gjatë njëkohësimit të të dhënave të shokëve tuaj","callAirplaneModeMessage":"Që të bëni një thirrje, lypset të çaktivizoni mënyrën aeroplan te rregullimet.","callAirplaneModeBtnOk":"OK","callAirplaneModeTitle":"Mënyra aeroplan aktive","numberIsBusyTitle":"Numri është i zënë","numberIsBusyMessage":"Numri është hëpërhë i zënë. Ju lutemi, riprovoni më vonë.","fdnIsActiveTitle":"Me NFTh aktive","fdnIsActiveMessage":"NFTh-ja (Numra Fiks Thirrjesh) është e aktivizuar dhe numri vijues nuk gjendet te lista juaj NFTh: {{ number }}","voiceMail":"Mesazhe zanorë","emergencyNumber":"Numër urgjence","emergencyDialogBodyBadNumber":"Që të bëni një thirrje, telefoni duhet të jetë i lidhur me një rrjet.","emergencyDialogBodyDeviceNotAccepted":"Rrjeti nuk i lejon thirrjet e urgjencës.","emergencyDialogBtnOk":"OK","emergencyDialogTitle":"Pa lidhje në rrjet","invalidNumberToDialTitle":"Numër i pavlefshëm telefoni","invalidNumberToDialMessage":"Numri i telefonit që po thërrisni nuk është i vlefshëm.","unableToCallTitle":"Nuk bëhet dot thirrje telefonike tani","unableToCallMessage":"Nuk bëhet dot thirrja. Nëse po formonit numrin, ju lutemi, së pari ndërpritni thirrjen.","otherConnectionInUseTitle":"Tjetër lidhje në përdorim","otherConnectionInUseMessage":"Keni një thirrje aktive në një tjetër lidhje. Mund të përdorni vetëm një lidhje në herë.","add":"Shtoje","call":"Thirre","edit":"Përpunoje","cancel":"Anuloje","done":"U bë","ok":"OK","retry":"Riprovoje","contacts":"Kontakte","addContact":"Shtoni kontakt","deleteContact":"Fshije kontaktin","selectContact":"Përzgjidhni kontakt","editContact":"Përpunim kontaktin","deleteConfirmMsg":"Të fshihet kontakti?","remove":"Hiqe","delete":"Fshije","comments":"Komente","no_contact_phones":"Ky kontakt nuk ka numër telefoni","no_contact_email":"Ky kontakt nuk ka adresë email","no_contact_data":"This contact does not have a phone number and email address","removePhotoConfirm":"Të hiqet fotoja e kontaktit?","loadingContacts":"Po ngarkohen kontaktet…","noContactsActivity":"Nuk shton dot gjë te kontakti, ngaqë lista juaj e kontakteve është e zbrazët","noName":"Pa emër","givenName":{"placeholder":"Emër"},"familyName":{"placeholder":"Mbiemër"},"tel":{"placeholder":"Telefon"},"carrier":{"_":"Operator","placeholder":"Operator"},"separator":",","email":{"_":"Email","placeholder":"Email"},"streetAddress":{"placeholder":"Rrugë"},"postalCode":{"placeholder":"Kod zip"},"locality":{"placeholder":"Qytet"},"countryName":{"placeholder":"Vend"},"comment":{"placeholder":"Koment"},"org":{"placeholder":"Kompani"},"date":{"_":"Datë","placeholder":"Datë"},"date-span-placeholder":"Datë","birthday":"Datëlindje","dateFormat":"%B %e","dateOutput":"{{dayMonthFormatted}} {{year}}","anniversary":"Përvjetor","addPhoto":"Shtoni Foto","addPhone":"Shtoni Telefon","addEmail":"Shtoni Email","addAddress":"Shtoni Adresë","addDate":"Shtoni Datë","addComment":"Shtoni Koment","addFavorite":"Shtojeni si të Parapëlqyer","removeFavorite":"Hiqeni nga të Parapëlqyerit","exit":"Dalje","expand":"Zgjeroje","labelName":"Emër:","labelLastName":"Mbiemër:","labelPhoneNumber":"Numër telefoni:","labelCarrier":"Operator:","labelEmail":"Email:","labelStreet":"Rrugë:","labelZip":"Kod Zip:","labelCity":"Qytet:","labelCountry":"Vend:","labelComment":"Koment:","legendTitleMain":"Të dhëna kryesore","legendPhones":"Numra telefoni","legendEmail":"Adresë email","legendAddress":"Adresë","legendPhoto":{"ariaLabel":"Photo"},"settings":"Rregullime","transferContactsTitle":"Mbartje Kontaktesh","importContactsTitle":"Importim Kontaktesh","importContactsButton":"Importoni Kontakte","exportContactsTitle":"Eksportim Kontaktesh","exportContactsButton":"Eksportoni Kontakte","exportContactsAction":"Eksportoni","simExport-title":"Eksportojini në SIM","sdExport-title":"Eksportojini në Kartë SD","btExport-title":"Eksportojini në Bluetooth","sdUMSEnabled":"Nuk përdor dot Kartë SD, ngaqë është aktiv depozitimi në USB","exportErrorTitle":"Gabim eksportimi","contactsExported2":{"_index":["plural","exported"],"_":{"zero":"Nuk u eksportuan kontakte","one":"U eksportua {{exported}}/{{total}} kontakt","two":"U eksportuan {{exported}}/{{total}} kontakte","few":"U eksportuan {{exported}}/{{total}} kontakte","many":"U eksportuan {{exported}}/{{total}} kontakte","other":"U eksportuan {{exported}}/{{total}} kontakte"}},"exportError-general":"Ndodhën disa gabime gjatë eksportimit","exportError-SD-shared":"Nuk hyhet dot te karta e kujtesës, ngaqë ndahet me diçka tjetër","exportError-SD-unavailable":"Nuk ka kartë kujtese gati","exportError-SD-noSpace":"Nuk ka hapësirë të mjaftueshme te karta e kujtesës që të eksportohen kontaktet","exportError-SIM-unavailable":"Nuk ka kartë SIM gati","exportError-BT-shared":"Nuk hyhet dot te karta e kujtesës, ngaqë ndahet me diçka tjetër","exportError-BT-unavailable":"Nuk ka kartë kujtese gati","exportError-BT-noSpace":"Nuk ka hapësirë të mjaftueshme te karta e kujtesës që të eksportohen kontaktet","social-network":"Rrjete shoqërore","social-link":"Lidhe kontaktin","social-unlink":"Çlidhe kontaktin","social-unlink-confirm-title":"Doni të çlidhet shoku juaj?","social-unlink-confirm-accept":"Çlidhe","facebook-import":"Importoni shokë Nga Facebook-u","show-fb-profile":"Shfaq profil Facebook-u","msg-send":"Mesazh","wall-post":"Postim muri","facebook-export-forbidden":"Kontakti nuk mund të ndahet me të tjerët, për shkak kufizimesh nga Facebook-u.","otherAccount":"Llogari të tjera","facebookSwitchMsg":"Njëkohësoni shokë","select_mobile":"Përzgjidhni celular","select_email":"Përzgjidhni email","select_recipient":"Select recipient","contactsOrderBy":"Renditi sipas mbiemrash","importSim2":"Kartë SIM","importGmail":"Gmail","bluetooth":"Bluetooth","importOutlook":"Outlook","fbUpdateFriends":"Përditëso shokët e importuar","cleaningFbData":"Po hiqen të dhëna Facebook-u","loggingOutFb":"Po dilet nga Facebook-u","cleanFbConfirmMsg":"Të hiqen krejt të dhënat Facebook?","renewPwdMsg":"Fjalëkalimi juaj në Facebook ka ndryshuar. Ju lutemi, përditësojeni.","notEnabledYet":"Ende e paaktivizuar","genericNoConnection":"Që të importoni kontakte lidhuni me rrjetin Wi-Fi ose të të dhënave","simCard":"Kartë SIM","memoryCard":"Kartë kujtese","simNumber":"SIM {{number}}","setICEButton":"Set ICE Contacts","ICESettingTitle":"ICE Contacts","ICEDescription":"Add two contacts for making “In Case of Emergency” calls.","ICEContact1":"ICE Contact 1","ICESelectContact":"Select a contact","ICEContact2":"ICE Contact 2","create-new":"Krijoni kontakt të ri","import-now":"Importoni kontaktet tuaja prej kartës suaj SIM ose prej Facebook-u","no-contacts":"Pa kontakte","start-adding":"Filloni të shtoni të tilla tani","notImported":"I paimportuar","imported":"I importuar","today":"Sot","yesterday":"Dje","organise-contacts":"Sistemoni Kontaktet","find-merge-contacts":"Gjeni kontakte të përsëritura","preparing-contacts":"Përgatitje kontaktesh","exportError-SIM-NoFreeRecordFound":"Karta SIM është plot","exportError-SIM-CannotAccessPhoneBook":"Nuk hyhet dot në libri i adresave te karta SIM","exportError-SIM-Unavailable":"Nuk u kap SIM","exportError-SIM-GenericError":"Ndodhi një gabim gjatë eksportimit të një kontakti","noSimMsgExport":"Që të eksportohen kontakte, futni ose zhbllokoni kartën tuaj SIM","noMemoryCardMsgExport":"Që të eksportohen kontakte, futni një kartë kujtese","ContactManagementTitle":"Administrim Kontaktesh","DeleteTitle":"Fshini","bulkDeleteButton":"Fshini Kontakte","BulkDelCancel":"Fshirja e kontakteve u anulua","DeletedTxt":{"_index":["plural","n"],"_":{"zero":"Pa Kontakte Për Fshirje","one":"U hoq 1 Kontakt","two":"U hoqën {{n}} Kontakte","few":"U hoqën {{n}} Kontakte","many":"U hoqën {{n}} Kontakte","other":"U hoqën {{n}} Kontakte"}},"DeletingContacts":"Po fshihen kontaktet","ContactConfirmDel":{"_index":["plural","n"],"_":{"zero":"Pa Kontakte Për Fshirje","one":"Të fshihet 1 Kontakt? Kjo nuk mund të zhbëhet.","two":"Të fshihen {{n}} Kontakte? Kjo nuk mund të zhbëhet.","few":"Të fshihen {{n}} Kontakte? Kjo nuk mund të zhbëhet.","many":"Të fshihen {{n}} Kontakte? Kjo nuk mund të zhbëhet.","other":"Të fshihen {{n}} Kontakte? Kjo nuk mund të zhbëhet."}},"SelectedTxt":{"_index":["plural","n"],"_":{"zero":"Kontakte","one":"{{n}} i përzgjedhur","two":"{{n}} të përzgjedhur","few":"{{n}} të përzgjedhur","many":"{{n}} të përzgjedhur","other":"{{n}} të përzgjedhur"}},"video":"Video","audio":"Audio","pick_destination":"{{ destination }} {{ carrier }}","removeField":{"ariaLabel":"Remove"},"undo":{"ariaLabel":"Undo"},"back":"Mbrapsht","noSimMsg":"Që të importohen kontakte, futni ose çkyçni kartën tuaj SIM","noMemoryCardMsg":"Që të importohen kontakte, futni një kartë kujtese","importMemoryCard":"Kartë kujtese","noConnection11":"Që të importohen shokë Facebook-u ose kontakte, lidhuni me Wi-Fi ose te një rrjet të dhënash","simContacts-import":"Importoni kontakte SIM-i","simContacts-importing":"Po importohen kontakte SIM-i…","simContacts-reading":"Po lexohet nga karta SIM-i…","simContacts-error":"Nuk u importuan dot kontakte nga SIM-i","simContacts-imported3":{"_index":["plural","n"],"_":{"zero":"Te SIM-i nuk u gjetën kontakte për importim","one":"U importua një kontakt","two":"U importuan {{n}} kontakte","few":"U importuan {{n}} kontakte","many":"U importuan {{n}} kontakte","other":"U importuan {{n}} kontakte"}},"memoryCardContacts-import":"Importoni kontakte nga kartë kujtese","memoryCardContacts-importing":"Po importohen kontakte nga kartë kujtese…","memoryCardContacts-reading":"Po lexohet nga kartë kujtese…","memoryCardContacts-error":"Nuk u importuan dot kontakte nga kartë kujtese","memoryCardContacts-imported3":{"_index":["plural","n"],"_":{"zero":"Te karta e kujtesës nuk u gjetën kontakte për importim","one":"U importua një kontakt","two":"U importuan {{n}} kontakte","few":"U importuan {{n}} kontakte","many":"U importuan {{n}} kontakte","other":"U importuan {{n}} kontakte"}},"genericProgress":"{{current}}/{{total}}","facebook-import-msg":{"_index":["plural","imported"],"_":{"zero":"Nuk u importuan shokë (nga {{total}} gjithsej)","one":"U importua një shok (nga {{total}} gjithsej)","two":"U importuan {{imported}}/{{total}}","few":"U importuan {{imported}}/{{total}}","many":"U importuan {{imported}}/{{total}}","other":"U importuan {{imported}}/{{total}}"}},"contactsMerged":{"_index":["plural","numDups"],"_":{"zero":"Nuk u shkri në një ndonjë kontakt i dyfishtë","one":"U shkri në një një kontakt i dyfishtë","two":"U shkrinë në një {{numDups}} kontakte të dyfishta","few":"U shkrinë në një {{numDups}} kontakte të dyfishta","many":"U shkrinë në një {{numDups}} kontakte të dyfishta","other":"U shkrinë në një {{numDups}} kontakte të dyfishta"}},"weekday-0-long":"E diel","weekday-1-long":"E hënë","weekday-2-long":"E martë","weekday-3-long":"E mërkurë","weekday-4-long":"E enjte","weekday-5-long":"E premte","weekday-6-long":"E shtunë","weekday-0-short":"Die","weekday-1-short":"Hën","weekday-2-short":"Mar","weekday-3-short":"Mër","weekday-4-short":"Enj","weekday-5-short":"Pre","weekday-6-short":"Sht","month-0-long":"Janar","month-1-long":"Shkurt","month-2-long":"Mars","month-3-long":"Prill","month-4-long":"Maj","month-5-long":"Qershor","month-6-long":"Korrik","month-7-long":"Gusht","month-8-long":"Shtator","month-9-long":"Tetor","month-10-long":"Nëntor","month-11-long":"Dhjetor","month-0-genitive":"të Janarit","month-1-genitive":"të Shkurtit","month-2-genitive":"të Marsit","month-3-genitive":"të Prillit","month-4-genitive":"të Majit","month-5-genitive":"të Qershorit","month-6-genitive":"të Korrikut","month-7-genitive":"të Gushtit","month-8-genitive":"të Shtatorit","month-9-genitive":"të Tetorit","month-10-genitive":"të Nëntorit","month-11-genitive":"të Dhjetorit","month-0-short":"Jan","month-1-short":"Shk","month-2-short":"Mar","month-3-short":"Pri","month-4-short":"Maj","month-5-short":"Qer","month-6-short":"Kor","month-7-short":"Gus","month-8-short":"Sht","month-9-short":"Tet","month-10-short":"Nën","month-11-short":"Dhj","minutes-ago-long":{"_index":["plural","value"],"_":{"zero":"mu tani","one":"një minutë më parë","two":"{{value}} minuta më parë","few":"{{value}} minuta më parë","many":"{{value}} minuta më parë","other":"{{value}} minuta më parë"}},"hours-ago-long":{"_index":["plural","value"],"_":{"zero":"mu tani","one":"një orë më parë","two":"{{value}} orë më parë","few":"{{value}} orë më parë","many":"{{value}} orë më parë","other":"{{value}} orë më parë"}},"days-ago-long":{"_index":["plural","value"],"_":{"zero":"sot","one":"dje","two":"{{value}} ditë më parë","few":"{{value}} ditë më parë","many":"{{value}} ditë më parë","other":"{{value}} ditë më parë"}},"weeks-ago-long":{"_index":["plural","value"],"_":{"zero":"këtë javë","one":"javën e kaluar","two":"{{value}} javë më parë","few":"{{value}} javë më parë","many":"{{value}} javë më parë","other":"{{value}} javë më parë"}},"months-ago-long":{"_index":["plural","value"],"_":{"zero":"këtë muaj","one":"muajin e kaluar","two":"{{value}} muaj më parë","few":"{{value}} muaj më parë","many":"{{value}} muaj më parë","other":"{{value}} muaj më parë"}},"years-ago-long":{"_index":["plural","value"],"_":{"zero":"këtë vit","one":"vitin e kaluar","two":"{{value}} vite më parë","few":"{{value}} vite më parë","many":"{{value}} vite më parë","other":"{{value}} vite më parë"}},"minutes-until-long":{"_index":["plural","value"],"_":{"zero":"tani","one":"për një minutë","two":"për {{value}} minuta","few":"për {{value}} minuta","many":"për {{value}} minuta","other":"për {{value}} minuta"}},"hours-until-long":{"_index":["plural","value"],"_":{"zero":"tani","one":"për një orë","two":"për {{value}} orë","few":"për {{value}} orë","many":"për {{value}} orë","other":"për {{value}} orë"}},"days-until-long":{"_index":["plural","value"],"_":{"zero":"sot","one":"nesër","two":"për {{value}} ditë","few":"për {{value}} ditë","many":"për {{value}} ditë","other":"për {{value}} ditë"}},"weeks-until-long":{"_index":["plural","value"],"_":{"zero":"këtë javë","one":"javën pasuese","two":"për {{value}} javë","few":"për {{value}} javë","many":"për {{value}} javë","other":"për {{value}} javë"}},"months-until-long":{"_index":["plural","value"],"_":{"zero":"këtë muaj","one":"muajin pasues","two":"për {{value}} muaj","few":"për {{value}} muaj","many":"për {{value}} muaj","other":"për {{value}} muaj"}},"years-until-long":{"_index":["plural","value"],"_":{"zero":"këtë vit","one":"vitin pasues","two":"për {{value}} vjet","few":"për {{value}} vjet","many":"për {{value}} vjet","other":"për {{value}} vjet"}},"minutes-ago-short":{"_index":["plural","value"],"_":{"zero":"mu tani","other":"{{value}}m më parë"}},"hours-ago-short":{"_index":["plural","value"],"_":{"zero":"mu tani","other":"{{value}}h më parë"}},"days-ago-short":{"_index":["plural","value"],"_":{"zero":"sot","other":"{{value}}d më parë"}},"minutes-until-short":{"_index":["plural","value"],"_":{"zero":"tani","other":"për {{value}}m"}},"hours-until-short":{"_index":["plural","value"],"_":{"zero":"tani","other":"për {{value}}h"}},"days-until-short":{"_index":["plural","value"],"_":{"zero":"sot","other":"për {{value}}d"}},"incorrectDate":"(datë e pasaktë)","dateTimeFormat_%c":"%a %e %b %Y %I:%M:%S %p","dateTimeFormat_%x":"%m/%d/%Y","dateTimeFormat_%X":"%I:%M:%S %p","shortTimeFormat":"%I:%M %p","shortDateTimeFormat":"%x %I:%M %p","weekStartsOnMonday":"0","time_am":"AM","time_pm":"PM","sim-picker-dial-via-with-number":"Bjeri {{ phoneNumber }} përmes","sim-picker-select-sim":"Përzgjidhni SIM","sim-picker-button":"SIM{{ n }}","sim-picker-button-default":"(parazgjedhja)","label":"Etiketë","mobile":"Celular","home":"Shtëpie","work":"Pune","personal":"Personal","faxHome":"Faks shtëpie","faxOffice":"Faks zyre","faxOther":"Faks tjetër","another":"Tjetër","other":"Tjetër","customTag":{"placeholder":"Etiketë vetjake"},"current":"E tanishmja","itemWithLabel":"{{label}}, {{item}}","waitDuplicateContacts":"Po shihet për kontakte të përsëritura","waitMergingDuplicateContacts":"Po përzihen në një kontaktet e përsëritura","alertNoDuplicateContacts":"Nuk u gjetën kontakte të përsëritura","merge":"Përzieji","mergeDuplicateTitle":"Përzieni përsëritjet","suggestedDuplicateContacts":"Kontakte të përsëritura të këshilluara për {{name}}","mergeActionButtonLabel":{"_index":["plural","n"],"_":{"zero":"Pa kontakte të përzgjedhur","one":"Përzieje me {{n}} kontakt","two":"Përzieje me {{n}} kontakte","few":"Përzieje me {{n}} kontakte","many":"Përzieje me {{n}} kontakte","other":"Përzieje me {{n}} kontakte"}},"duplicatesFoundTitle":"U gjetën përsëritje","duplicatesFoundMessage":"Të dhëna të përsëritura për {{name}} në kontaktet vijuese","addNewNumber":"Shtoni numër të ri","addToExistingContact":"Shtojeni te kontakt ekzistues","all":{"_":"Krejt","ariaLabel":"Krejt"},"callLog":"Regjistër thirrjesh","callLogEdit":{"title":"Përpunoni regjistër thirrjesh"},"callLogEditDialog":{"ariaLabel":"Dialog përpunimi regjistri thirrjesh"},"connecting":"Po lidhet","cf-async":"Asinkrone: {{ async }}\\n","cf-data":"Të dhëna: {{ data }}\\n","cf-error":"Pati një gabim ndërsa merrej gjendja e përcjelljes së thirrjes","cf-fax":"FAKS: {{ fax }}\\n","cf-inactive":"Joaktive","cf-packet":"Paket: {{ packet }}\\n","cf-pad":"PAD: {{ pad }}\\n","cf-sms":"SMS: {{ sms }}\\n","cf-status":"Gjendje përcjelljeje thirrjeje\\n","cf-sync":"Sinkrone: {{ sync }}\\n","cf-voice":"Zë: {{ voice }}\\n","confirm-deletion":"Të hiqen thirrjet e përzgjedhura?","createNewContact":"Krijoni kontakt të ri","dialerAddContact":{"ariaLabel":"Shtoni kontakt"},"dialerAddContactDialog":{"ariaLabel":"Dialog Shtimi Kontaktesh"},"edit-selected":{"_index":["plural","n"],"_":{"one":"{{ n }} e përzgjedhur","two":"{{ n }} të përzgjedhura","few":"{{ n }} të përzgjedhura","many":"{{ n }} të përzgjedhura","other":"{{ n }} të përzgjedhura"}},"hideKeypad":{"ariaLabel":"Fshihe tastierën numerike"},"ignore":"Shpërfille Thirrjen","incoming":"Të marra","keypad":{"ariaLabel":"Tastierë numerike"},"makeCall":{"ariaLabel":"Bëjini thirrje"},"missed":{"_":"Të humbura","ariaLabel":"Të humbura"},"missedCall":"Thirrje e humbur","missedCallMultiSims":"(SIM {{ n }}) Thirrje të humbura","mmi-error":"Ndodhi një gabim, teksa dërgohej mesazhi","mmi-session-expired":"Sesionit i mbaroi koha","mmi-successfully-sent":"Mesazhi u dërgua me sukses","mmi-notification-title-with-sim":"({{sim}}) {{title}}","mute":{"ariaLabel":"Heshturazi"},"newCall":{"ariaLabel":"Thirrje e re"},"no-logs-msg-1":"Nuk ka thirrje të regjistruara","no-logs-msg-2":"Filloni të komunikoni tani","no-logs-msg-3":"Pa thirrje të humbura","recents":{"ariaLabel":"Thirrje së fundi"},"reply":"Përgjigjjuni","send":"Dërgoje","switch-calls":"Transferoni thirrjen","withheld-number":"Numër i patreguar","from-contact":"Nga {{ contact }}","from-number":"Nga {{ number }}","from-withheld-number":"Nga numër i patreguar","sending":"Po dërgohet…","speakerOption":{"ariaLabel":"Altoparlant"},"ussd-services":"Shërbime {{ operator }}","toggleKeypad":{"ariaLabel":"Shfaqni/fshihni tastierën numerike"},"type-your-response":{"placeholder":"Shtypni përgjigjen tuaj…"},"clear-all-text":"Pastroje krejt tekstin","hide":"Fshihe","hold":{"ariaLabel":"Në pritje"},"resume":{"_":"Rimerre","ariaLabel":"Rimerre"},"sendSms":"Dërgojini Mesazh","callEnded":"Thirrja Përfundoi","via-sim":"përmes SIM{{ n }}","sim-number":"SIM{{ n }}","hangup-a11y-button":{"ariaLabel":"Mbylleni"},"pickup-a11y-button":{"ariaLabel":"Përgjigjuni"},"unlock-a11y-button":{"ariaLabel":"Rrëshqitës"},"roaming":"{{operator}} (Roaming)","delete-n-log?":{"_index":["plural","n"],"_":{"zero":"Nuk u përzgjodh gjë","one":"Të fshihet regjistrimi i përzgjedhur?","two":"Të fshihen {{ n }} regjistrimet?","few":"Të fshihen {{ n }} regjistrimet?","many":"Të fshihen {{ n }} regjistrimet?","other":"Të fshihen {{ n }} regjistrimet?"}},"callDurationMinutes":"{{ m }}:{{ s }}","callDurationHours":"{{ h }}:{{ m }}:{{ s}}","suggestionMatches":{"_index":["plural","n"],"_":{"one":"{{ n }} përputhje për \"{{ matchNumber }}\"","two":"{{ n }} përputhje për \"{{ matchNumber }}\"","few":"{{ n }} përputhje për \"{{ matchNumber }}\"","many":"{{ n }} përputhje për \"{{ matchNumber }}\"","other":"{{ n }} përputhje për \"{{ matchNumber }}\""}},"scCallBarring":"Ndalim thirrjesh","scCallForwarding":"Përcjellje thirrjesh","scClip":"ID Thirrësi Ardhëse","scClir":"ID Thirrësi Ikëse","scPwd":"Ndryshim fjalëkalimi","scCallWaiting":"Thirrje në pritje","scPin":"Ndryshim PIN-i","scPin2":"Ndryshim PIN2-shi","scPuk":"Zhbllokim PIN-i","scPuk2":"Zhbllokim PIN2-shi","scImei":"IMEI","scUssd":"USSD","serviceClassVoice":"Zë","serviceClassData":"Të dhëna","serviceClassFax":"FAKS","serviceClassSms":"SMS","serviceClassDataSync":"Sinkrone","serviceClassDataAsync":"Asinkrone","serviceClassPacket":"Paket","serviceClassPad":"PAD","smServiceEnabled":"Shërbimi u aktivizua","smServiceDisabled":"Shërbimi u çaktivizua","smServiceRegistered":"Regjistrimi qe i suksesshëm","smServiceErased":"Fshirja qe e suksesshme","smServiceInterrogated":"Kërkesa qe e suksesshme","smServiceNotProvisioned":"Shërbimi nuk është bërë gati","smClirPermanent":"Nuk mund të ndryshoni rregullime ID-je thirrësi","smClirDefaultOnNextCallOn":"ID thirrësi e caktuar si e rezervuar. Thirrja pasuese: E maskuar","smClirDefaultOnNextCallOff":"ID thirrësi e caktuar si e rezervuar. Thirrja pasuese: Jo e maskuar","smClirDefaultOffNextCallOn":"ID thirrësi e caktuar si jo e rezervuar. Thirrja pasuese: E maskuar","smClirDefaultOffNextCallOff":"ID thirrësi e caktuar si jo e rezervuar. Thirrja pasuese: Jo e maskuar","smServiceEnabledFor":"Shërbimi qe aktivizuar për:","smPinChanged":"PIN-i u ndryshua me sukses","smPinUnblocked":"PIN-i u zhbllokua me sukses","smPin2Changed":"PIN2-shi u ndryshua me sukses","smPin2Unblocked":"PIN2-shi u zhbllokua me sukses","ServiceIsEnabled":"Service is enabled","ServiceIsDisabled":"Service is disabled","ServiceIsEnabledFor":"Service is enabled for:","emMmiError":"Problem ndërlidhjeje ose kod MMI i pavlefshëm","emMmiErrorPasswordIncorrect":"Fjalëkalim i Pasaktë","emMmiErrorNotSupported":"Kod MMI i Pavlefshëm ose i Pambuluar","emMmiErrorInvalidAction":"Veprim i pavlefshëm","emMmiErrorInvalidScCode":"Kod shërbimi i pavlefshëm","emMmiErrorBadPuk":"PUK-u që shtypët është i pasaktë","emMmiErrorBadPin":"PIN-i i vjetër që shtypët është i pasaktë.","emMmiErrorNeedPuk2":"Shtypni PUK2-shin që të zhbllokohet karta SIM","emMmiErrorMismatchPin":"PIN-et që shtypët nuk përputhen","emMmiErrorInvalidPin":"Shtypni një PIN që është nga 4 deri në 8 shifra","emMmiErrorNeedsPuk":"Karta juaj SIM është bllokuar përmes PUK-ut","emMmiErrorEnablePin":"Pa sukses. Aktivizoni SIM/RUIM LOCK","emMmiErrorMmiFdn":"Veprimi kufizohet vetëm mbi numra fiks thirrjesh ","emMmiErrorStkCcUssdDial":"Kërkesa USSD është modifikuar në kërkesë DIAL","emMmiErrorStkCcUssdSs":"Kërkesa USSD është modifikuar në kërkesë SS","emMmiErrorStkCcUssdUssd":"Kërkesa USSD është modifikuar në kërkesë USSD të re","emMmiErrorStkCcSsDial":"Kërkesa SS është modifikuar në kërkesë DIAL","emMmiErrorStkCcSsUssd":"Kërkesa SS është modifikuar në kërkesë USSD","emMmiErrorStkCcSsSs":"Kërkesa USSD është modifikuar në kërkesë SS të re","emMmiErrorPinPukAttempts":{"_index":["plural","n"],"_":{"one":"Edhe vetëm {{ n }} provë","two":"Edhe {{ n }} prova","few":"Edhe {{ n }} prova","many":"Edhe {{ n }} prova","other":"Edhe {{ n }} prova"}},"emMmiErrorSimBlocked":"U tejkalua numri maksimum i prova. SIM-i u bllokua","RadioNotAvailable":"Nuk kapet radio","GenericFailure":"Gabim i papërcaktuar","PasswordIncorrect":"Fjalëkalim i pasaktë","SimPin2":"SIM PIN2","SimPuk2":"SIM PUK2","RequestNotSupported":"Kërkesë e pambuluar","OpNotAllowedDuringVoiceCall":"Veprim i palejuar gjatë thirrjesh me zë","SmsSendFailRetry":"Dështim dërgimi SMS-je, riprovoni","SimAbsent":"Mungon SIM-i","SubscriptionNotAvailable":"Pajtim jo gati","ModeNotSupported":"Mënyrë e pambuluar","FdnCheckFailure":"Dështim kontrolli Nfth","IllegalSimOrMe":"SIM ose ME e paligjshme","DialModifiedToUssd":"Formim numri i modifikuar në USSD","DialModifiedToSs":"Formim numri i modifikuar në SS","DialModifiedToDial":"Formim numri i modifikuar në formim numri","UssdModifiedToDial":"USSD i modifikuar në formim numri","UssdModifiedToSs":"USSD i modifikuar në SS","UssdModifiedToUssd":"USSD i modifikuar në USSD","SsModifiedToDial":"SS i modifikuar në formim numri","SsModifiedToUssd":"SS i modifikuar në USSD","SsModifiedToSs":"SS i modifikuar në SS","SubscriptionNotSupported":"Pajtim i pambuluar","InvalidParameter":"Parametër i pavlefshëm","RejectedByRemote":"Hedhur tej nga pala e largët","conferenceCall":"Conference ({{n}})","caller-left-call":"{{ caller }} e braktisi thirrjen.","conferenceAddError":"Nuk përziehen dot thirrjet","conferenceRemoveError":"Nuk çpërziehen dot thirrjet","longDateFormat":"%A, %e %B","select-audio-sources":"Përzgjidhni burime audio","bluetooth-handsfree-device":"Pajisje Bluetooth handsfree","receiver":"Marrës","speaker":"Altoparlant","voicemailNoNumberTitle":"Numri për mesazhe zanorë nuk funksionon","voicemailNoNumberText":"I pazoti të lidhet me shërbimin e mesazheve zanorë. Rregulloni numrin për mesazhe zanorë që të depozitohet thirrja.","voicemailNoNumberSettings":"Rregullime","voicemailNoNumberCancel":"Anuloje","phoneNumberInput":{"ariaLabel":"Numër telefoni"},"keypadDelete":{"ariaLabel":"Fshije"},"voiceMailKey":{"ariaLabel":"Mesazh zanor"},"asterisk":{"ariaLabel":"Yllth"},"hashSign":{"ariaLabel":"Shenja hash"}}