{"close":"Затвори","import":"Увези","update":"Ажурирај","fbFriends":"FB пријатељи","live-serviceName":"Outlook","gmail-serviceName":"Gmail","facebook-serviceName":"FB пријатељи","selectAll":"Означи све","deselectAll":"Одзначи све","viewAll":"Погледај све Facebook пријатеље","viewRecommend":"Погледај само препоручене","linkProposal":{"_index":["plural","numFriends"],"_":{"zero":"Нема подударања. Приказују се сви","one":"Означи препорученог","two":"Означи препоручене","many":"Означи препоручене","few":"Означи препоручене","other":"Означи препоручене"}},"fbFriendsFound":{"_index":["plural","numFriends"],"_":{"zero":"Сви пријатељи су увезени","one":"Пронађен један пријатељ за увоз","two":"Пронађена {{numFriends}} пријатеља за увоз","few":"Пронађено {{numFriends}} пријатеља за увоз","many":"Пронађено {{numFriends}} пријатеља за увоз","other":"Пронађено {{numFriends}} пријатеља за увоз"}},"fbNoFriends":"Нема доступних контаката за увоз","facebook":"Facebook","search-contact":{"placeholder":"Претрага"},"noResults":"Нема пронађених контаката","done-search":"Готово","progressFB3ImportTitle":"Увожење пријатеља у контакте","progressFB":"{{current}}/{{total}}","progressFB3UpdateTitle":"Ажурирање пријатеља у контактима","message2":"Ово би могло потрајати неколико минута","messageLinking":"Молим Вас сачекајте. Повезујемо Вашег пријатеља и Ваш контакт.","messageCanceling":"Молим Вас сачекајте. Прекидамо текућу операцију.","error1":"Грешка {{from}}","error2":"Да ли желите да покушате поново?","errorProposal":"израчунавање предлога","errorFriends":"враћам пријатеље","errorLinking":"повезивање контакта","timeout1":"Истекло време чекања {{from}}","timeout2":"Да ли желите да покушате поново?","timeoutProposal":"израчунавање предлога","timeoutFriends":"враћам пријатеље","timeoutLinking":"повезивање контаката","wait1":"Молим Вас сачекајте","wait2":"Ово може да потраје неколико минута","waitProposal":"Молим Вас сачекајте. Израчунавамо предлоге.","waitFriends":"Молим Вас сачекајте. Повезујемо се да би добили Вашу листу пријатеља.","curtainCancel":"Откажи","curtainRetry":"Покушај поново","curtainOK":"У реду","connectionLost":"Нема интернет конекције","connectionLostMsg":"Слике пријатеља неће бити додате Вашим контактима. Ипак наставити?","yesOption":"У реду","noOption":"Откажи","friendsUpdated":{"_index":["plural","numFriends"],"_":{"zero":"Нема ажурираних пријатеља","one":"Ажурирај једног пријатеља","two":"Ажурирај {{numFriends}} пријатеља","few":"Ажурирај {{numFriends}} пријатеља","many":"Ажурирај {{numFriends}} пријатеља","other":"Ажурирај {{numFriends}} пријатеља"}},"friendsMerged":{"_index":["plural","numDups"],"_":{"zero":"Нема дуплираних пријатеља","one":"Један дуплиран пријатељ је спојен","two":"{{numDups}} пријатеља су спојена","few":"{{numDups}} пријатеља је спојено","many":"{{numDups}} пријатеља је спојено","other":"{{numDups}} пријатеља је спојено"}},"notificationLogin":"Ваша Facebook сесија није исправна. Молим Вас пријавите се.","syncError":"Настала је грешка током синхорнизације података Ваших пријатеља","callAirplaneModeMessage":"Да бисте обавили позив морате искључити режим рада у авиону.","callAirplaneModeBtnOk":"У реду","callAirplaneModeTitle":"Режим рада у авиону је укључен","numberIsBusyTitle":"Број је заузет","numberIsBusyMessage":"Број је тренутно заузет. Молим Вас, покушајте касније.","fdnIsActiveTitle":"FDN активан","fdnIsActiveMessage":"FDN је активан а следећи број није у Вашој FDN листи: {{ number }}","voiceMail":"Говорна пошта","emergencyNumber":"Хитне службе","emergencyDialogBodyBadNumber":"Да бисте обавили позив, телефон мора бити спојен на мрежу.","emergencyDialogBodyDeviceNotAccepted":"Мрежа не допушта хитне позиве.","emergencyDialogBtnOk":"У реду","emergencyDialogTitle":"Нема мрежне везе","invalidNumberToDialTitle":"Неисправан број телефона","invalidNumberToDialMessage":"Број телефона који зовете није исправан.","unableToCallTitle":"Тренутно није могуће обавити позив","unableToCallMessage":"Није могуће остварити позив. Уколико већ зовете, молимо Вас прекинете везу.","otherConnectionInUseTitle":"Друга веза је у употреби","otherConnectionInUseMessage":"Имате активан позив на другој вези. Можете само да користите једну везу у исто време.","add":"Додај","call":"Позови","edit":"Измени","cancel":"Откажи","done":"Завршено","ok":"У реду","retry":"Покушај поново","contacts":"Контакти","addContact":"Додај контакт","deleteContact":"Обриши контакт","selectContact":"Одабери контакт","editContact":"Измени","deleteConfirmMsg":"Обрисати контакт?","remove":"Уклони","delete":"Oбриши","comments":"Коментари","no_contact_phones":"Овај контакт нема број телефона","no_contact_email":"Овај контакт нема адресу е-поште","no_contact_data":"Овај контакт нема број телефона и адресу е-поште","removePhotoConfirm":"Уклони слику контакта?","loadingContacts":"Учитавање контаката…","noContactsActivity":"Немогуће је додати контакта јер је Ваша листа контаката празна","noName":"Без имена","givenName":{"placeholder":"Име"},"familyName":{"placeholder":"Презиме"},"tel":{"placeholder":"Број"},"carrier":{"_":"Оператер","placeholder":"Оператер"},"separator":",","email":{"_":"Е-пошта","placeholder":"Е-пошта"},"streetAddress":{"placeholder":"Улица"},"postalCode":{"placeholder":"ПТТ"},"locality":{"placeholder":"Град"},"countryName":{"placeholder":"Држава"},"comment":{"placeholder":"Коментар"},"org":{"placeholder":"Компанија"},"date":{"_":"Датум","placeholder":"Датум"},"date-span-placeholder":"Датум","birthday":"Рођендан","dateFormat":"%e %B","dateOutput":"{{dayMonthFormatted}} {{year}}","anniversary":"Годишњица","addPhoto":"Додај слику","addPhone":"Додај телефон","addEmail":"Додај е-пошту","addAddress":"Додај адресу","addDate":"Додај датум","addComment":"Додај коментар","addFavorite":"Додај као омиљеног","removeFavorite":"Уклони из омиљених","exit":"Излаз","expand":"Прошири","labelName":"Име:","labelLastName":"Презиме:","labelPhoneNumber":"Телефон:","labelCarrier":"Оператер:","labelEmail":"Е-пошта:","labelStreet":"Адреса:","labelZip":"ПТТ:","labelCity":"Град:","labelCountry":"Држава:","labelComment":"Коментар:","legendTitleMain":"Главне информације","legendPhones":"Бројеви телефона","legendEmail":"Адресе е-поште","legendAddress":"Адреса","legendPhoto":{"ariaLabel":"Фотографија"},"settings":"Поставке","transferContactsTitle":"Пренос контаката","importContactsTitle":"Увези контакте","importContactsButton":"Увези контакте","exportContactsTitle":"Извоз контаката","exportContactsButton":"Извоз контаката","exportContactsAction":"Извоз","simExport-title":"Извези на SIM","sdExport-title":"Извези на SD картицу","btExport-title":"Извези преко bluetooth-а","sdUMSEnabled":"SD картица се не може користити јер је USB складиште омогућено","exportErrorTitle":"Грешка у извозу","contactsExported2":{"_index":["plural","exported"],"_":{"zero":"Ни један контакт није извезен","one":"{{exported}}/{{total}} контакт је извезен","two":"{{exported}}/{{total}} контакта су извезена","few":"{{exported}}/{{total}} конатаката је извезено","many":"{{exported}}/{{total}} конатаката је извезено","other":"{{exported}}/{{total}} конатаката је извезено"}},"exportError-general":"Десила се грешка током извоза","exportError-SD-shared":"Не може се приступити меморијској картици јер је подељена","exportError-SD-unavailable":"Меморијска картица није доступна","exportError-SD-noSpace":"Нема довољно простора на меморијској картици да би се извезли контакти","exportError-SIM-unavailable":"SIM картица није доступна","exportError-BT-shared":"Не може се приступити меморијској картици јер је подељена","exportError-BT-unavailable":"Меморијска картица није доступна","exportError-BT-noSpace":"Нема довољно простора на меморијској картици да би се извезли контакти","social-network":"Друштвене мреже","social-link":"Повежи контакт","social-unlink":"Уклони везу контакта","social-unlink-confirm-title":"Да ли желите да уклоните везу са пријатељем?","social-unlink-confirm-accept":"Уклони везу","facebook-import":"Увези пријатеље са Facebook-a","show-fb-profile":"Погледај профил на Fаcebook-у","msg-send":"Порука","wall-post":"Објава на зиду","facebook-export-forbidden":"Контакт не може да се подели због Facebook ограничења.","otherAccount":"Други налози","facebookSwitchMsg":"Синх. пријатеље","select_mobile":"Одаберите мобилни","select_email":"Одаберите адресу е-поште","select_recipient":"Одаберите примаоца","contactsOrderBy":"Поређај по презимену","importSim2":"SIM картица","importGmail":"Gmail","bluetooth":"Bluetooth","importOutlook":"Outlook","fbUpdateFriends":"Ажурирај увежене пријатеље","cleaningFbData":"Уклањање података са Facebook-a","loggingOutFb":"Одјављивање са Facebook-a","cleanFbConfirmMsg":"Уклонити све податке са Facebook-a?","renewPwdMsg":"Ваша лозинка на Facebook-у је промењена. Молим Вас, ажурирајте је.","notEnabledYet":"Још није омогућено","genericNoConnection":"Да бисте извезли контакте, повежите се на Wi-Fi или на мрежу за пренос података","simCard":"SIM картица","memoryCard":"Меморијска картица","simNumber":"SIM {{number}}","setICEButton":"Постави ICE контакте","ICESettingTitle":"ICE контакти ","ICEDescription":"Додајте два контакта “За хитне случајеве” (ICE).","ICEContact1":"ICE контакт 1","ICESelectContact":"Изабери контакт","ICEContact2":"ICE контакт 2","create-new":"Направите нови контакт","import-now":"Увезите своје контакте са SIM картице или Facebook-a","no-contacts":"Нема контаката","start-adding":"Почните да их додајете","notImported":"Није увезено","imported":"Увезено","today":"Данас","yesterday":"Јуче","organise-contacts":"Организуј контакте","find-merge-contacts":"Нађи дупликате контаката","preparing-contacts":"Припремам контакте","exportError-SIM-NoFreeRecordFound":"SIM картица је пуна","exportError-SIM-CannotAccessPhoneBook":"Не могу да приступим именику SIM картице","exportError-SIM-Unavailable":"SIM картица није пронађена","exportError-SIM-GenericError":"Грешка при извозу контакта","noSimMsgExport":"Да бисте извезли контакте, уметните или откључајте SIM картицу","noMemoryCardMsgExport":"Да бисте извезли контакте, уметните меморијску картицу","ContactManagementTitle":"Управљање контактима","DeleteTitle":"Избриши","bulkDeleteButton":"Избриши контакте","BulkDelCancel":"Брисање контаката отказано","DeletedTxt":{"_index":["plural","n"],"_":{"zero":"Нема контаката за брисање","one":"1 контакт обрисан","two":"{{n}} контакта обрисана","few":"{{n}} контаката обрисано","many":"{{n}} контаката обрисано","other":"{{n}} контаката обрисано"}},"DeletingContacts":"Бришем контакте","ContactConfirmDel":{"_index":["plural","n"],"_":{"zero":"Нема контаката за брисање","one":"Избрисати 1 контакт? Ово се не може поништити.","two":"Избрисати {{n}} контакта? Ово се не може поништити.","few":"Избрисати {{n}} контаката? Ово се не може поништити.","many":"Избрисати {{n}} контаката? Ово се не може поништити.","other":"Избрисати {{n}} контаката? Ово се не може поништити."}},"SelectedTxt":{"_index":["plural","n"],"_":{"zero":"Контакти","one":"{{n}} одабран","two":"{{n}} одабрана","few":"{{n}} одабрано","many":"{{n}} одабрано","other":"{{n}} одабрано"}},"video":"Видео","audio":"Аудио","pick_destination":"{{ destination }} {{ carrier }}","removeField":{"ariaLabel":"Уклони"},"undo":{"ariaLabel":"Поништи"},"back":"Назад","noSimMsg":"Да бисте увезли контакте убаците или откључајте Вашу SIM картицу","noMemoryCardMsg":"Да бисте увезли контакте убаците меморијску картицу","importMemoryCard":"Меморијскe картицe","noConnection11":"Да бисте увезли пријатеље или контакте повежите се на Wi-Fi или мрежу","simContacts-import":"Увезите контакте са SIM картице","simContacts-importing":"Увожење контаката са SIM картице…","simContacts-reading":"Читање са SIM картице…","simContacts-error":"Немогуће је увести контакте са SIM картице","simContacts-imported3":{"_index":["plural","n"],"_":{"zero":"Ни један контакт није нађен на SIM картици","one":"Увежен је један контакт","two":"Увежена су {{n}} контакта","few":"Увежено је {{n}} контаката","many":"Увежено је {{n}} контаката","other":"Увежено је {{n}} контаката"}},"memoryCardContacts-import":"Увоз контаката са меморијске картице","memoryCardContacts-importing":"Увоз контаката са меморијске картице…","memoryCardContacts-reading":"Читам са меморијске картице…","memoryCardContacts-error":"Није могуће увести контакте са меморијске картице","memoryCardContacts-imported3":{"_index":["plural","n"],"_":{"zero":"Нису пронађени контакти на меморијској картици","one":"Увезен један контакт","two":"Увезена {{n}} контакта","few":"Увезено {{n}} контаката","many":"Увезено {{n}} контаката","other":"Увезено {{n}} контаката"}},"genericProgress":"{{current}}/{{total}}","facebook-import-msg":{"_index":["plural","imported"],"_":{"zero":"0 увежено (од укупно {{total}})","one":"1 увежен (од укупно {{total}})","two":"{{imported}}/{{total}} увежена","few":"{{imported}}/{{total}} увеженo","many":"{{imported}}/{{total}} увежено","other":"{{imported}}/{{total}} увежено"}},"contactsMerged":{"_index":["plural","numDups"],"_":{"zero":"Нема дуплираних контаката","one":"Један дуплиран контакт је спојен","two":"{{numDups}} контакта су спојена","few":"{{numDups}} контаката је спојено","many":"{{numDups}} контаката је спојено","other":"{{numDups}} контаката је спојено"}},"weekday-0-long":"Недеља","weekday-1-long":"Понедељак","weekday-2-long":"Уторак","weekday-3-long":"Среда","weekday-4-long":"Четвртак","weekday-5-long":"Петак","weekday-6-long":"Субота","weekday-0-short":"Нед","weekday-1-short":"Пон","weekday-2-short":"Уто","weekday-3-short":"Сре","weekday-4-short":"Чет","weekday-5-short":"Пет","weekday-6-short":"Суб","month-0-long":"јануар","month-1-long":"фебруар","month-2-long":"март","month-3-long":"април","month-4-long":"мај","month-5-long":"јун","month-6-long":"јул","month-7-long":"август","month-8-long":"септембар","month-9-long":"октобар","month-10-long":"новембар","month-11-long":"децембар","month-0-genitive":"јануара","month-1-genitive":"фебруара","month-2-genitive":"марта","month-3-genitive":"априла","month-4-genitive":"маја","month-5-genitive":"јуна","month-6-genitive":"јула","month-7-genitive":"августа","month-8-genitive":"септембра","month-9-genitive":"октобра","month-10-genitive":"новембра","month-11-genitive":"децембра","month-0-short":"јан","month-1-short":"феб","month-2-short":"мар","month-3-short":"апр","month-4-short":"мај","month-5-short":"јун","month-6-short":"јул","month-7-short":"авг","month-8-short":"сеп","month-9-short":"окт","month-10-short":"нов","month-11-short":"дец","minutes-ago-long":{"_index":["plural","value"],"_":{"zero":"управо","one":"пре минут","two":"пре {{value}} минута","few":"пре {{value}} минута","many":"пре {{value}} минута","other":"пре {{value}} минута"}},"hours-ago-long":{"_index":["plural","value"],"_":{"zero":"управо","one":"пре сат времена","two":"пре {{value}} сата","few":"пре {{value}} сати","many":"пре {{value}} сати","other":"пре {{value}} сати"}},"days-ago-long":{"_index":["plural","value"],"_":{"zero":"данас","one":"јуче","two":"пре {{value}} дана","few":"пре {{value}} дана","many":"пре {{value}} дана","other":"пре {{value}} дана"}},"weeks-ago-long":{"_index":["plural","value"],"_":{"zero":"ове недеље","one":"прошле недеље","two":"пре {{value}} недеље","few":"пре {{value}} недеља","many":"пре {{value}} недеља","other":"пре {{value}} недеља"}},"months-ago-long":{"_index":["plural","value"],"_":{"zero":"овог месеца","one":"прошлог месеца","two":"пре {{value}} месеца","few":"пре {{value}} месеци","many":"пре {{value}} месеци","other":"пре {{value}} месеци"}},"years-ago-long":{"_index":["plural","value"],"_":{"zero":"ове године","one":"прошле године","two":"пре {{value}} године","few":"пре {{value}} година","many":"пре {{value}} година","other":"пре {{value}} година"}},"minutes-until-long":{"_index":["plural","value"],"_":{"zero":"управо","one":"за један минут","two":"за {{value}} минута","few":"за {{value}} минута","many":"за {{value}} минута","other":"за {{value}} минута"}},"hours-until-long":{"_index":["plural","value"],"_":{"zero":"управо","one":"за сат времена","two":"за {{value}} сата","few":"за {{value}} сати","many":"за {{value}} сати","other":"за {{value}} сати"}},"days-until-long":{"_index":["plural","value"],"_":{"zero":"данас","one":"сутра","two":"за {{value}} дана","few":"за {{value}} дана","many":"за {{value}} дана","other":"за {{value}} дана"}},"weeks-until-long":{"_index":["plural","value"],"_":{"zero":"ове недеље","one":"следеће недеље","two":"за {{value}} недеље","few":"за {{value}} недеља","many":"за {{value}} недеља","other":"за {{value}} недеља"}},"months-until-long":{"_index":["plural","value"],"_":{"zero":"овог месеца","one":"следећег месеца","two":"за {{value}} месеца","few":"за {{value}} месеци","many":"за {{value}} месеци","other":"за {{value}} месеци"}},"years-until-long":{"_index":["plural","value"],"_":{"zero":"ове године","one":"следеће године","two":"за {{value}} године","few":"за {{value}} година","many":"за {{value}} година","other":"за {{value}} година"}},"minutes-ago-short":{"_index":["plural","value"],"_":{"zero":"управо","other":"пре {{value}}м"}},"hours-ago-short":{"_index":["plural","value"],"_":{"zero":"управо","other":"пре {{value}}с"}},"days-ago-short":{"_index":["plural","value"],"_":{"zero":"данас","other":"пре {{value}}д"}},"minutes-until-short":{"_index":["plural","value"],"_":{"zero":"управо","other":"за {{value}}м"}},"hours-until-short":{"_index":["plural","value"],"_":{"zero":"управо","other":"за {{value}}с"}},"days-until-short":{"_index":["plural","value"],"_":{"zero":"данас","other":"за {{value}}д"}},"incorrectDate":"(нетачан датум)","dateTimeFormat_%c":"%a %e %b %Y %H:%M:%S","dateTimeFormat_%x":"%d.%m.%Y","dateTimeFormat_%X":"%H:%M:%S","shortTimeFormat":"%H:%M","shortDateTimeFormat":"%x %H:%M","weekStartsOnMonday":"1","time_am":"AM","time_pm":"PM","sim-picker-dial-via-with-number":"Позови {{ phoneNumber }} преко","sim-picker-select-sim":"Изабери SIM","sim-picker-button":"SIM{{ n }}","sim-picker-button-default":"(подразумеван)","label":"Наслов","mobile":"Мобилни","home":"Кућни","work":"Пословни","personal":"Лични","faxHome":"Кућни факс","faxOffice":"Факс у канцеларији","faxOther":"Други факсови","another":"Друго","other":"Остало","customTag":{"placeholder":"Посебна ознака"},"current":"Тренутна адреса","itemWithLabel":"{{label}}, {{item}}","waitDuplicateContacts":"Тражим дупликате контаката","waitMergingDuplicateContacts":"Спајам дупликате контаката","alertNoDuplicateContacts":"Нису нађени дупликати контаката","merge":"Споји","mergeDuplicateTitle":"Спајање дупликата","suggestedDuplicateContacts":"Предложен дупликат контаката за {{name}} ","mergeActionButtonLabel":{"_index":["plural","n"],"_":{"zero":"Ни један контакт није изабран","one":"Споји са {{n}} контактом","two":"Споји са {{n}} контакта","few":"Споји са {{n}} контаката","many":"Споји са {{n}} контаката","other":"Споји са {{n}} контаката"}},"duplicatesFoundTitle":"Нађени дупликати","duplicatesFoundMessage":"{{name}} дупликати информација у следећим контактима","addNewNumber":"Додај нови број","addToExistingContact":"Додај постојећем контакт","all":{"_":"Сви","ariaLabel":"Сви"},"callLog":"Дневник позива","callLogEdit":{"title":"Уреди дневник поз."},"callLogEditDialog":{"ariaLabel":"Уреди дијалог дневника позива"},"connecting":"Повезивање","cf-async":"Асинхроно: {{ async }}\\n","cf-data":"Подаци: {{ data }}\\n","cf-error":"Дошло је до грешке при добављању статуса преусмеравања позива","cf-fax":"Факс: {{ fax }}\\n","cf-inactive":"Неактивно","cf-packet":"Пакет: {{ packet }}\\n","cf-pad":"PAD: {{ pad }}\\n","cf-sms":"SMS: {{ sms }}\\n","cf-status":"Статус преусмеравања позива\\n","cf-sync":"Синхроно: {{ sync }}\\n","cf-voice":"Глас: {{ voice }}\\n","confirm-deletion":"Обриши одабране позиве?","createNewContact":"Додај нови контакт","dialerAddContact":{"ariaLabel":"Додај контакт"},"dialerAddContactDialog":{"ariaLabel":"Додај дијалог контакта"},"edit-selected":{"_index":["plural","n"],"_":{"one":"{{ n }} одабран","two":"{{ n }} одабрана","few":"{{ n }} одабрано","many":"{{ n }} одабрано","other":"{{ n }} одабрано"}},"hideKeypad":{"ariaLabel":"Сакриј тастатуру"},"ignore":"Занемари позив","incoming":"Долазни","keypad":{"ariaLabel":"Тастатура"},"makeCall":{"ariaLabel":"Позови"},"missed":{"_":"Пропуштени","ariaLabel":"Пропуштени"},"missedCall":"Пропуштен позив","missedCallMultiSims":"(SIM {{ n }}) пропуштен позив","mmi-error":"Дошло је до грешке при слању поруке","mmi-session-expired":"Сесија је истекла","mmi-successfully-sent":"Порука је успешно послата","mmi-notification-title-with-sim":"({{sim}}) {{title}}","mute":{"ariaLabel":"Пригушити тон"},"newCall":{"ariaLabel":"Нови позив"},"no-logs-msg-1":"Нема запамћених позива","no-logs-msg-2":"Започните комуницирати","no-logs-msg-3":"Нема пропуштених позива","recents":{"ariaLabel":"Недавни позиви"},"reply":"Одговори","send":"Пошаљи","switch-calls":"Замени позиве","withheld-number":"Сакривен број","from-contact":"Од {{ contact }}","from-number":"Од {{ number }}","from-withheld-number":"Са сакривеног броја","sending":"Слање…","speakerOption":{"ariaLabel":"Звучник"},"ussd-services":"{{ operator }} сервиси","toggleKeypad":{"ariaLabel":"Промени стање тастатуре"},"type-your-response":{"placeholder":"Упишите свој одговор…"},"clear-all-text":"Обриши сав текст","hide":"Сакри","hold":{"ariaLabel":"Стави на чекање"},"resume":{"_":"Настави","ariaLabel":"Настави"},"sendSms":"Пошаљи поруку","callEnded":"Позив је завршен","via-sim":"via SIM{{ n }}","sim-number":"SIM{{ n }}","hangup-a11y-button":{"ariaLabel":"Спусти"},"pickup-a11y-button":{"ariaLabel":"Јави се"},"unlock-a11y-button":{"ariaLabel":"Клизач"},"roaming":"{{operator}} (Роминг)","delete-n-log?":{"_index":["plural","n"],"_":{"zero":"Ништа није одабрано","one":"Избрисати одабрану ставку?","two":"Избрисати {{ n }} ставке?","few":"Избрисати {{ n }} ставки?","many":"Избрисати {{ n }} ставки?","other":"Избрисати {{ n }} ставки?"}},"callDurationMinutes":"{{ m }}:{{ s }}","callDurationHours":"{{ h }}:{{ m }}:{{ s}}","suggestionMatches":{"_index":["plural","n"],"_":{"one":"{{ n }} поклапање са \"{{ matchNumber }}\"","two":"{{ n }} поклапања са \"{{ matchNumber }}\"","few":"{{ n }} поклапања са \"{{ matchNumber }}\"","many":"{{ n }} поклапања са \"{{ matchNumber }}\"","other":"{{ n }} поклапања са \"{{ matchNumber }}\""}},"scCallBarring":"Забрана поз.","scCallForwarding":"Преусмер.","scClip":"ID позива","scClir":"ID позива","scPwd":"Промена лозинке","scCallWaiting":"Позив на чекању","scPin":"Промени PIN","scPin2":"Промени PIN2","scPuk":"Деблокирање","scPuk2":"Деблокирање","scImei":"IMEI","scUssd":"USSD","serviceClassVoice":"Глас","serviceClassData":"Подаци","serviceClassFax":"Факс","serviceClassSms":"SMS","serviceClassDataSync":"Синхронизација","serviceClassDataAsync":"Асинхронизација","serviceClassPacket":"Пакет","serviceClassPad":"PAD","smServiceEnabled":"Услуга је омогућена","smServiceDisabled":"Услуга је онемогућена","smServiceRegistered":"Регистрација успешна","smServiceErased":"Брисање успешно","smServiceInterrogated":"Захтев успешан","smServiceNotProvisioned":"Услуга није доступна","smClirPermanent":"Не можете да промените ID позиваоца","smClirDefaultOnNextCallOn":"ID позиваоца по подразумеваном је сакривен. Следећи позив: сакривен","smClirDefaultOnNextCallOff":"ID позиваоца по подразумеваном је сакривен. Следећи позив: видљив","smClirDefaultOffNextCallOn":"ID позиваоца по подразумеваном није сакривен. Следећи позив: сакривен","smClirDefaultOffNextCallOff":"ID позиваоца по подразумеваном није сакривен. Следећи позив: видљив","smServiceEnabledFor":"Услуга омогућена за:","smPinChanged":"PIN је успешно промењен","smPinUnblocked":"PIN је успешно одблокиран","smPin2Changed":"PIN2 је успешно промењен","smPin2Unblocked":"PIN2 је успешно одблокиран","ServiceIsEnabled":"Service is enabled","ServiceIsDisabled":"Service is disabled","ServiceIsEnabledFor":"Service is enabled for:","emMmiError":"Проблем у вези или је MMI код неисправан","emMmiErrorPasswordIncorrect":"Погрешна лозинка","emMmiErrorNotSupported":"Неисправан или неподржан MMI код","emMmiErrorInvalidAction":"Неисправна акција","emMmiErrorInvalidScCode":"Неважећи сервисни код","emMmiErrorBadPuk":"PUK који сте унели није тачан","emMmiErrorBadPin":"Стари PIN који сте унели није тачан.","emMmiErrorNeedPuk2":"Унесите PUK2 да бисте скинули блокаду са картице","emMmiErrorMismatchPin":"PIN-ови се не поклапају","emMmiErrorInvalidPin":"Унесите PIN који садржи 4 до 8 карактера","emMmiErrorNeedsPuk":"Ваша SIM картица је закључана PUK кодом","emMmiErrorEnablePin":"Неуспешно. Омогућите SIM/RUIM LOCK","emMmiErrorMmiFdn":"Операција је ограничена само на фиксно бирање бројева","emMmiErrorStkCcUssdDial":"USSD захтев је промењен у DIAL захтев","emMmiErrorStkCcUssdSs":"USSD захтев је промењен у SS захтев","emMmiErrorStkCcUssdUssd":"USSD захтев је промењен у нови USSD захтев","emMmiErrorStkCcSsDial":"SS захтев је промењен у DIAL захтев","emMmiErrorStkCcSsUssd":"SS захтев је промењен у USSD захтев","emMmiErrorStkCcSsSs":"SS захтев је промењен у нови SS захтев","emMmiErrorPinPukAttempts":{"_index":["plural","n"],"_":{"one":"Преостао је само {{ n }} покушај","two":"Преостала су {{ n }} покушаја","few":"Преостало је {{ n }} покушаја","many":"Преостало је {{ n }} покушаја","other":"Преостало је {{ n }} покушаја"}},"emMmiErrorSimBlocked":"Максималан број покушаја прекорачен. SIM картица је блокирана","RadioNotAvailable":"Радио није доступан","GenericFailure":"Генеричка грешка","PasswordIncorrect":"Погрешна лозинка","SimPin2":"SIM PIN2","SimPuk2":"SIM PUK2","RequestNotSupported":"Захтев није подржан","OpNotAllowedDuringVoiceCall":"Операција није дозвољена током разговора","SmsSendFailRetry":"Неуспешно слање SMS-a","SimAbsent":"SIM картица није пронађена","SubscriptionNotAvailable":"Претплата није доступна","ModeNotSupported":"Режим није подржан","FdnCheckFailure":"Fdn грешка при провери","IllegalSimOrMe":"Недопуштен SIM или ME","DialModifiedToUssd":"Бирање измењено у USSD","DialModifiedToSs":"Бирање измењено у SS","DialModifiedToDial":"Бирање измењено у позив","UssdModifiedToDial":"USSD измењен у позив","UssdModifiedToSs":"USSD измењен у SS","UssdModifiedToUssd":"USSD измењен у USSD","SsModifiedToDial":"SS измењен у позив","SsModifiedToUssd":"SS измењен у USSD","SsModifiedToSs":"SS измењен у SS","SubscriptionNotSupported":"Претплата није подржана","InvalidParameter":"Неисправан параметар","RejectedByRemote":"Одбијен од удаљеног уређаја","conferenceCall":"Конференција ({{n}})","caller-left-call":"{{ caller }} је напустио позив.","conferenceAddError":"Није могуће спојити позиве","conferenceRemoveError":"Није могуће одвојити позиве","longDateFormat":"%A, %e %B","select-audio-sources":"Одаберите звучне изворе","bluetooth-handsfree-device":"Bluetooth handsfree уређај","receiver":"Слушалица","speaker":"Звучник","voicemailNoNumberTitle":"Број говорне поште је недоступан","voicemailNoNumberText":"Позивање говорне поште није могуће. Подесите број говорне поште да бисте позвали.","voicemailNoNumberSettings":"Поставке","voicemailNoNumberCancel":"Откажи","phoneNumberInput":{"ariaLabel":"Број телефона"},"keypadDelete":{"ariaLabel":"Обриши"},"voiceMailKey":{"ariaLabel":"Говорна пошта"},"asterisk":{"ariaLabel":"Звездица"},"hashSign":{"ariaLabel":"Тараба"}}