{"close":"Zatvori","import":"Uvezi","update":"Ažuriraj","fbFriends":"FB prijatelji","live-serviceName":"Outlook","gmail-serviceName":"Gmail","facebook-serviceName":"FB prijatelji","selectAll":"Označi sve","deselectAll":"Odznači sve","viewAll":"Pogledaj sve Facebook prijatelje","viewRecommend":"Pogledaj samo preporučene","linkProposal":{"_index":["plural","numFriends"],"_":{"zero":"Nema podudaranja. Prikazuju se svi","one":"Označi preporučenog","two":"Označi preporučene","many":"Označi preporučene","few":"Označi preporučene","other":"Označi preporučene"}},"fbFriendsFound":{"_index":["plural","numFriends"],"_":{"zero":"Svi prijatelji su uvezeni","one":"Pronađen jedan prijatelj za uvoz","two":"Pronađena {{numFriends}} prijatelja za uvoz","few":"Pronađeno {{numFriends}} prijatelja za uvoz","many":"Pronađeno {{numFriends}} prijatelja za uvoz","other":"Pronađeno {{numFriends}} prijatelja za uvoz"}},"fbNoFriends":"Nema dostupnih kontakata za uvoz","facebook":"Facebook","search-contact":{"placeholder":"Pretraga"},"noResults":"Nema pronađenih kontakata","done-search":"Gotovo","progressFB3ImportTitle":"Uvoženje prijatelja u kontakte","progressFB":"{{current}}/{{total}}","progressFB3UpdateTitle":"Ažuriranje prijatelja u kontaktima","message2":"Ovo bi moglo potrajati nekoliko minuta","messageLinking":"Molim Vas sačekajte. Povezujemo Vašeg prijatelja i Vaš kontakt.","messageCanceling":"Molim Vas sačekajte. Prekidamo tekuću operaciju.","error1":"Greška {{from}}","error2":"Da li želite da pokušate ponovo?","errorProposal":"izračunavanje predloga","errorFriends":"vraćam prijatelje","errorLinking":"povezivanje kontakta","timeout1":"Isteklo vreme čekanja {{from}}","timeout2":"Da li želite da pokušate ponovo?","timeoutProposal":"izračunavanje predloga","timeoutFriends":"vraćam prijatelje","timeoutLinking":"povezivanje kontakata","wait1":"Molim Vas sačekajte","wait2":"Ovo može da potraje nekoliko minuta","waitProposal":"Molim Vas sačekajte. Izračunavamo predloge.","waitFriends":"Molim Vas sačekajte. Povezujemo se da bi dobili Vašu listu prijatelja.","curtainCancel":"Otkaži","curtainRetry":"Pokušaj ponovo","curtainOK":"U redu","connectionLost":"Nema internet konekcije","connectionLostMsg":"Slike prijatelja neće biti dodate Vašim kontaktima. Ipak nastaviti?","yesOption":"U redu","noOption":"Otkaži","friendsUpdated":{"_index":["plural","numFriends"],"_":{"zero":"Nema ažuriranih prijatelja","one":"Ažuriraj jednog prijatelja","two":"Ažuriraj {{numFriends}} prijatelja","few":"Ažuriraj {{numFriends}} prijatelja","many":"Ažuriraj {{numFriends}} prijatelja","other":"Ažuriraj {{numFriends}} prijatelja"}},"friendsMerged":{"_index":["plural","numDups"],"_":{"zero":"Nema dupliranih prijatelja","one":"Jedan dupliran prijatelj je spojen","two":"{{numDups}} prijatelja su spojena","few":"{{numDups}} prijatelja je spojeno","many":"{{numDups}} prijatelja je spojeno","other":"{{numDups}} prijatelja je spojeno"}},"notificationLogin":"Vaša Facebook sesija nije ispravna. Molim Vas prijavite se.","syncError":"Nastala je greška tokom sinhornizacije podataka Vaših prijatelja","callAirplaneModeMessage":"Da biste obavili poziv morate isključiti režim rada u avionu.","callAirplaneModeBtnOk":"U redu","callAirplaneModeTitle":"Režim rada u avionu je uključen","numberIsBusyTitle":"Broj je zauzet","numberIsBusyMessage":"Broj je trenutno zauzet. Molim Vas, pokušajte kasnije.","fdnIsActiveTitle":"FDN aktivan","fdnIsActiveMessage":"FDN je aktivan a sledeći broj nije u Vašoj FDN listi: {{ number }}","voiceMail":"Govorna pošta","emergencyNumber":"Hitne službe","emergencyDialogBodyBadNumber":"Da biste obavili poziv, telefon mora biti spojen na mrežu.","emergencyDialogBodyDeviceNotAccepted":"Mreža ne dopušta hitne pozive.","emergencyDialogBtnOk":"U redu","emergencyDialogTitle":"Nema mrežne veze","invalidNumberToDialTitle":"Neispravan broj telefona","invalidNumberToDialMessage":"Broj telefona koji zovete nije ispravan.","unableToCallTitle":"Trenutno nije moguće obaviti poziv","unableToCallMessage":"Nije moguće ostvariti poziv. Ukoliko već zovete, molimo Vas prekinete vezu.","otherConnectionInUseTitle":"Druga veza je u upotrebi","otherConnectionInUseMessage":"Imate aktivan poziv na drugoj vezi. Možete samo da koristite jednu vezu u isto vreme.","add":"Dodaj","call":"Pozovi","edit":"Izmeni","cancel":"Otkaži","done":"Završeno","ok":"U redu","retry":"Pokušaj ponovo","contacts":"Kontakti","addContact":"Dodaj kontakt","deleteContact":"Obriši kontakt","selectContact":"Odaberi kontakt","editContact":"Izmeni","deleteConfirmMsg":"Obrisati kontakt?","remove":"Ukloni","delete":"Obriši","comments":"Komentari","no_contact_phones":"Ovaj kontakt nema broj telefona","no_contact_email":"Ovaj kontakt nema adresu e-pošte","no_contact_data":"Ovaj kontakt nema broj telefona i adresu e-pošte","removePhotoConfirm":"Ukloni sliku kontakta?","loadingContacts":"Učitavanje kontakata…","noContactsActivity":"Nemoguće je dodati kontakta jer je Vaša lista kontakata prazna","noName":"Bez imena","givenName":{"placeholder":"Ime"},"familyName":{"placeholder":"Prezime"},"tel":{"placeholder":"Broj"},"carrier":{"_":"Operater","placeholder":"Operater"},"separator":",","email":{"_":"E-pošta","placeholder":"E-pošta"},"streetAddress":{"placeholder":"Ulica"},"postalCode":{"placeholder":"PTT"},"locality":{"placeholder":"Grad"},"countryName":{"placeholder":"Država"},"comment":{"placeholder":"Komentar"},"org":{"placeholder":"Kompanija"},"date":{"_":"Datum","placeholder":"Datum"},"date-span-placeholder":"Datum","birthday":"Rođendan","dateFormat":"%e %B","dateOutput":"{{dayMonthFormatted}} {{year}}","anniversary":"Godišnjica","addPhoto":"Dodaj sliku","addPhone":"Dodaj telefon","addEmail":"Dodaj e-poštu","addAddress":"Dodaj adresu","addDate":"Dodaj datum","addComment":"Dodaj komentar","addFavorite":"Dodaj kao omiljenog","removeFavorite":"Ukloni iz omiljenih","exit":"Izlaz","expand":"Proširi","labelName":"Ime:","labelLastName":"Prezime:","labelPhoneNumber":"Telefon:","labelCarrier":"Operater:","labelEmail":"E-pošta:","labelStreet":"Adresa:","labelZip":"PTT:","labelCity":"Grad:","labelCountry":"Država:","labelComment":"Komentar:","legendTitleMain":"Glavne informacije","legendPhones":"Brojevi telefona","legendEmail":"Adrese e-pošte","legendAddress":"Adresa","legendPhoto":{"ariaLabel":"Fotografija"},"settings":"Postavke","transferContactsTitle":"Prenos kontakata","importContactsTitle":"Uvezi kontakte","importContactsButton":"Uvezi kontakte","exportContactsTitle":"Izvoz kontakata","exportContactsButton":"Izvoz kontakata","exportContactsAction":"Izvoz","simExport-title":"Izvezi na SIM","sdExport-title":"Izvezi na SD karticu","btExport-title":"Izvezi preko bluetooth-a","sdUMSEnabled":"SD kartica se ne može koristiti jer je USB skladište omogućeno","exportErrorTitle":"Greška u izvozu","contactsExported2":{"_index":["plural","exported"],"_":{"zero":"Ni jedan kontakt nije izvezen","one":"{{exported}}/{{total}} kontakt je izvezen","two":"{{exported}}/{{total}} kontakta su izvezena","few":"{{exported}}/{{total}} konatakata je izvezeno","many":"{{exported}}/{{total}} konatakata je izvezeno","other":"{{exported}}/{{total}} konatakata je izvezeno"}},"exportError-general":"Desila se greška tokom izvoza","exportError-SD-shared":"Ne može se pristupiti memorijskoj kartici jer je podeljena","exportError-SD-unavailable":"Memorijska kartica nije dostupna","exportError-SD-noSpace":"Nema dovoljno prostora na memorijskoj kartici da bi se izvezli kontakti","exportError-SIM-unavailable":"SIM kartica nije dostupna","exportError-BT-shared":"Ne može se pristupiti memorijskoj kartici jer je podeljena","exportError-BT-unavailable":"Memorijska kartica nije dostupna","exportError-BT-noSpace":"Nema dovoljno prostora na memorijskoj kartici da bi se izvezli kontakti","social-network":"Društvene mreže","social-link":"Poveži kontakt","social-unlink":"Ukloni vezu kontakta","social-unlink-confirm-title":"Da li želite da uklonite vezu sa prijateljem?","social-unlink-confirm-accept":"Ukloni vezu","facebook-import":"Uvezi prijatelje sa Facebook-a","show-fb-profile":"Pogledaj profil na Facebook-u","msg-send":"Poruka","wall-post":"Objava na zidu","facebook-export-forbidden":"Kontakt ne može da se podeli zbog Facebook ograničenja.","otherAccount":"Drugi nalozi","facebookSwitchMsg":"Sinh. prijatelje","select_mobile":"Odaberite mobilni","select_email":"Odaberite adresu e-pošte","select_recipient":"Odaberite primaoca","contactsOrderBy":"Poređaj po prezimenu","importSim2":"SIM kartica","importGmail":"Gmail","bluetooth":"Bluetooth","importOutlook":"Outlook","fbUpdateFriends":"Ažuriraj uvežene prijatelje","cleaningFbData":"Uklanjanje podataka sa Facebook-a","loggingOutFb":"Odjavljivanje sa Facebook-a","cleanFbConfirmMsg":"Ukloniti sve podatke sa Facebook-a?","renewPwdMsg":"Vaša lozinka na Facebook-u je promenjena. Molim Vas, ažurirajte je.","notEnabledYet":"Još nije omogućeno","genericNoConnection":"Da biste izvezli kontakte, povežite se na Wi-Fi ili na mrežu za prenos podataka","simCard":"SIM kartica","memoryCard":"Memorijska kartica","simNumber":"SIM {{number}}","setICEButton":"Postavi ICE kontakte","ICESettingTitle":"ICE kontakti ","ICEDescription":"Dodajte dva kontakta “Za hitne slučajeve” (ICE).","ICEContact1":"ICE kontakt 1","ICESelectContact":"Izaberi kontakt","ICEContact2":"ICE kontakt 2","create-new":"Napravite novi kontakt","import-now":"Uvezite svoje kontakte sa SIM kartice ili Facebook-a","no-contacts":"Nema kontakata","start-adding":"Počnite da ih dodajete","notImported":"Nije uvezeno","imported":"Uvezeno","today":"Danas","yesterday":"Juče","organise-contacts":"Organizuj kontakte","find-merge-contacts":"Nađi duplikate kontakata","preparing-contacts":"Pripremam kontakte","exportError-SIM-NoFreeRecordFound":"SIM kartica je puna","exportError-SIM-CannotAccessPhoneBook":"Ne mogu da pristupim imeniku SIM kartice","exportError-SIM-Unavailable":"SIM kartica nije pronađena","exportError-SIM-GenericError":"Greška pri izvozu kontakta","noSimMsgExport":"Da biste izvezli kontakte, umetnite ili otključajte SIM karticu","noMemoryCardMsgExport":"Da biste izvezli kontakte, umetnite memorijsku karticu","ContactManagementTitle":"Upravljanje kontaktima","DeleteTitle":"Izbriši","bulkDeleteButton":"Izbriši kontakte","BulkDelCancel":"Brisanje kontakata otkazano","DeletedTxt":{"_index":["plural","n"],"_":{"zero":"Nema kontakata za brisanje","one":"1 kontakt obrisan","two":"{{n}} kontakta obrisana","few":"{{n}} kontakata obrisano","many":"{{n}} kontakata obrisano","other":"{{n}} kontakata obrisano"}},"DeletingContacts":"Brišem kontakte","ContactConfirmDel":{"_index":["plural","n"],"_":{"zero":"Nema kontakata za brisanje","one":"Izbrisati 1 kontakt? Ovo se ne može poništiti.","two":"Izbrisati {{n}} kontakta? Ovo se ne može poništiti.","few":"Izbrisati {{n}} kontakata? Ovo se ne može poništiti.","many":"Izbrisati {{n}} kontakata? Ovo se ne može poništiti.","other":"Izbrisati {{n}} kontakata? Ovo se ne može poništiti."}},"SelectedTxt":{"_index":["plural","n"],"_":{"zero":"Kontakti","one":"{{n}} odabran","two":"{{n}} odabrana","few":"{{n}} odabrano","many":"{{n}} odabrano","other":"{{n}} odabrano"}},"video":"Video","audio":"Audio","pick_destination":"{{ destination }} {{ carrier }}","removeField":{"ariaLabel":"Ukloni"},"undo":{"ariaLabel":"Poništi"},"back":"Nazad","noSimMsg":"Da biste uvezli kontakte ubacite ili otključajte Vašu SIM karticu","noMemoryCardMsg":"Da biste uvezli kontakte ubacite memorijsku karticu","importMemoryCard":"Memorijske kartice","noConnection11":"Da biste uvezli prijatelje ili kontakte povežite se na Wi-Fi ili mrežu","simContacts-import":"Uvezite kontakte sa SIM kartice","simContacts-importing":"Uvoženje kontakata sa SIM kartice…","simContacts-reading":"Čitanje sa SIM kartice…","simContacts-error":"Nemoguće je uvesti kontakte sa SIM kartice","simContacts-imported3":{"_index":["plural","n"],"_":{"zero":"Ni jedan kontakt nije nađen na SIM kartici","one":"Uvežen je jedan kontakt","two":"Uvežena su {{n}} kontakta","few":"Uveženo je {{n}} kontakata","many":"Uveženo je {{n}} kontakata","other":"Uveženo je {{n}} kontakata"}},"memoryCardContacts-import":"Uvoz kontakata sa memorijske kartice","memoryCardContacts-importing":"Uvoz kontakata sa memorijske kartice…","memoryCardContacts-reading":"Čitam sa memorijske kartice…","memoryCardContacts-error":"Nije moguće uvesti kontakte sa memorijske kartice","memoryCardContacts-imported3":{"_index":["plural","n"],"_":{"zero":"Nisu pronađeni kontakti na memorijskoj kartici","one":"Uvezen jedan kontakt","two":"Uvezena {{n}} kontakta","few":"Uvezeno {{n}} kontakata","many":"Uvezeno {{n}} kontakata","other":"Uvezeno {{n}} kontakata"}},"genericProgress":"{{current}}/{{total}}","facebook-import-msg":{"_index":["plural","imported"],"_":{"zero":"0 uveženo (od ukupno {{total}})","one":"1 uvežen (od ukupno {{total}})","two":"{{imported}}/{{total}} uvežena","few":"{{imported}}/{{total}} uveženo","many":"{{imported}}/{{total}} uveženo","other":"{{imported}}/{{total}} uveženo"}},"contactsMerged":{"_index":["plural","numDups"],"_":{"zero":"Nema dupliranih kontakata","one":"Jedan dupliran kontakt je spojen","two":"{{numDups}} kontakta su spojena","few":"{{numDups}} kontakata je spojeno","many":"{{numDups}} kontakata je spojeno","other":"{{numDups}} kontakata je spojeno"}},"weekday-0-long":"Nedelja","weekday-1-long":"Ponedeljak","weekday-2-long":"Utorak","weekday-3-long":"Sreda","weekday-4-long":"Četvrtak","weekday-5-long":"Petak","weekday-6-long":"Subota","weekday-0-short":"Ned","weekday-1-short":"Pon","weekday-2-short":"Uto","weekday-3-short":"Sre","weekday-4-short":"Čet","weekday-5-short":"Pet","weekday-6-short":"Sub","month-0-long":"januar","month-1-long":"februar","month-2-long":"mart","month-3-long":"april","month-4-long":"maj","month-5-long":"jun","month-6-long":"jul","month-7-long":"avgust","month-8-long":"septembar","month-9-long":"oktobar","month-10-long":"novembar","month-11-long":"decembar","month-0-genitive":"januara","month-1-genitive":"februara","month-2-genitive":"marta","month-3-genitive":"aprila","month-4-genitive":"maja","month-5-genitive":"juna","month-6-genitive":"jula","month-7-genitive":"avgusta","month-8-genitive":"septembra","month-9-genitive":"oktobra","month-10-genitive":"novembra","month-11-genitive":"decembra","month-0-short":"jan","month-1-short":"feb","month-2-short":"mar","month-3-short":"apr","month-4-short":"maj","month-5-short":"jun","month-6-short":"jul","month-7-short":"avg","month-8-short":"sep","month-9-short":"okt","month-10-short":"nov","month-11-short":"dec","minutes-ago-long":{"_index":["plural","value"],"_":{"zero":"upravo","one":"pre minut","two":"pre {{value}} minuta","few":"pre {{value}} minuta","many":"pre {{value}} minuta","other":"pre {{value}} minuta"}},"hours-ago-long":{"_index":["plural","value"],"_":{"zero":"upravo","one":"pre sat vremena","two":"pre {{value}} sata","few":"pre {{value}} sati","many":"pre {{value}} sati","other":"pre {{value}} sati"}},"days-ago-long":{"_index":["plural","value"],"_":{"zero":"danas","one":"juče","two":"pre {{value}} dana","few":"pre {{value}} dana","many":"pre {{value}} dana","other":"pre {{value}} dana"}},"weeks-ago-long":{"_index":["plural","value"],"_":{"zero":"ove nedelje","one":"prošle nedelje","two":"pre {{value}} nedelje","few":"pre {{value}} nedelja","many":"pre {{value}} nedelja","other":"pre {{value}} nedelja"}},"months-ago-long":{"_index":["plural","value"],"_":{"zero":"ovog meseca","one":"prošlog meseca","two":"pre {{value}} meseca","few":"pre {{value}} meseci","many":"pre {{value}} meseci","other":"pre {{value}} meseci"}},"years-ago-long":{"_index":["plural","value"],"_":{"zero":"ove godine","one":"prošle godine","two":"pre {{value}} godine","few":"pre {{value}} godina","many":"pre {{value}} godina","other":"pre {{value}} godina"}},"minutes-until-long":{"_index":["plural","value"],"_":{"zero":"upravo","one":"za jedan minut","two":"za {{value}} minuta","few":"za {{value}} minuta","many":"za {{value}} minuta","other":"za {{value}} minuta"}},"hours-until-long":{"_index":["plural","value"],"_":{"zero":"upravo","one":"za sat vremena","two":"za {{value}} sata","few":"za {{value}} sati","many":"za {{value}} sati","other":"za {{value}} sati"}},"days-until-long":{"_index":["plural","value"],"_":{"zero":"danas","one":"sutra","two":"za {{value}} dana","few":"za {{value}} dana","many":"za {{value}} dana","other":"za {{value}} dana"}},"weeks-until-long":{"_index":["plural","value"],"_":{"zero":"ove nedelje","one":"sledeće nedelje","two":"za {{value}} nedelje","few":"za {{value}} nedelja","many":"za {{value}} nedelja","other":"za {{value}} nedelja"}},"months-until-long":{"_index":["plural","value"],"_":{"zero":"ovog meseca","one":"sledećeg meseca","two":"za {{value}} meseca","few":"za {{value}} meseci","many":"za {{value}} meseci","other":"za {{value}} meseci"}},"years-until-long":{"_index":["plural","value"],"_":{"zero":"ove godine","one":"sledeće godine","two":"za {{value}} godine","few":"za {{value}} godina","many":"za {{value}} godina","other":"za {{value}} godina"}},"minutes-ago-short":{"_index":["plural","value"],"_":{"zero":"upravo","other":"pre {{value}}m"}},"hours-ago-short":{"_index":["plural","value"],"_":{"zero":"upravo","other":"pre {{value}}s"}},"days-ago-short":{"_index":["plural","value"],"_":{"zero":"danas","other":"pre {{value}}d"}},"minutes-until-short":{"_index":["plural","value"],"_":{"zero":"upravo","other":"za {{value}}m"}},"hours-until-short":{"_index":["plural","value"],"_":{"zero":"upravo","other":"za {{value}}s"}},"days-until-short":{"_index":["plural","value"],"_":{"zero":"danas","other":"za {{value}}d"}},"incorrectDate":"(netačan datum)","dateTimeFormat_%c":"%a %e %b %Y %H:%M:%S","dateTimeFormat_%x":"%d.%m.%Y","dateTimeFormat_%X":"%H:%M:%S","shortTimeFormat":"%H:%M","shortDateTimeFormat":"%x %H:%M","weekStartsOnMonday":"1","time_am":"AM","time_pm":"PM","sim-picker-dial-via-with-number":"Pozovi {{ phoneNumber }} preko","sim-picker-select-sim":"Izaberi SIM","sim-picker-button":"SIM{{ n }}","sim-picker-button-default":"(podrazumevan)","label":"Naslov","mobile":"Mobilni","home":"Kućni","work":"Poslovni","personal":"Lični","faxHome":"Kućni faks","faxOffice":"Faks u kancelariji","faxOther":"Drugi faksovi","another":"Drugo","other":"Ostalo","customTag":{"placeholder":"Posebna oznaka"},"current":"Trenutna adresa","itemWithLabel":"{{label}}, {{item}}","waitDuplicateContacts":"Tražim duplikate kontakata","waitMergingDuplicateContacts":"Spajam duplikate kontakata","alertNoDuplicateContacts":"Nisu nađeni duplikati kontakata","merge":"Spoji","mergeDuplicateTitle":"Spajanje duplikata","suggestedDuplicateContacts":"Predložen duplikat kontakata za {{name}} ","mergeActionButtonLabel":{"_index":["plural","n"],"_":{"zero":"Ni jedan kontakt nije izabran","one":"Spoji sa {{n}} kontaktom","two":"Spoji sa {{n}} kontakta","few":"Spoji sa {{n}} kontakata","many":"Spoji sa {{n}} kontakata","other":"Spoji sa {{n}} kontakata"}},"duplicatesFoundTitle":"Nađeni duplikati","duplicatesFoundMessage":"{{name}} duplikati informacija u sledećim kontaktima","addNewNumber":"Dodaj novi broj","addToExistingContact":"Dodaj postojećem kontakt","all":{"_":"Svi","ariaLabel":"Svi"},"callLog":"Dnevnik poziva","callLogEdit":{"title":"Uredi dnevnik poz."},"callLogEditDialog":{"ariaLabel":"Uredi dijalog dnevnika poziva"},"connecting":"Povezivanje","cf-async":"Asinhrono: {{ async }}\\n","cf-data":"Podaci: {{ data }}\\n","cf-error":"Došlo je do greške pri dobavljanju statusa preusmeravanja poziva","cf-fax":"Faks: {{ fax }}\\n","cf-inactive":"Neaktivno","cf-packet":"Paket: {{ packet }}\\n","cf-pad":"PAD: {{ pad }}\\n","cf-sms":"SMS: {{ sms }}\\n","cf-status":"Status preusmeravanja poziva\\n","cf-sync":"Sinhrono: {{ sync }}\\n","cf-voice":"Glas: {{ voice }}\\n","confirm-deletion":"Obriši odabrane pozive?","createNewContact":"Dodaj novi kontakt","dialerAddContact":{"ariaLabel":"Dodaj kontakt"},"dialerAddContactDialog":{"ariaLabel":"Dodaj dijalog kontakta"},"edit-selected":{"_index":["plural","n"],"_":{"one":"{{ n }} odabran","two":"{{ n }} odabrana","few":"{{ n }} odabrano","many":"{{ n }} odabrano","other":"{{ n }} odabrano"}},"hideKeypad":{"ariaLabel":"Sakrij tastaturu"},"ignore":"Zanemari poziv","incoming":"Dolazni","keypad":{"ariaLabel":"Tastatura"},"makeCall":{"ariaLabel":"Pozovi"},"missed":{"_":"Propušteni","ariaLabel":"Propušteni"},"missedCall":"Propušten poziv","missedCallMultiSims":"(SIM {{ n }}) propušten poziv","mmi-error":"Došlo je do greške pri slanju poruke","mmi-session-expired":"Sesija je istekla","mmi-successfully-sent":"Poruka je uspešno poslata","mmi-notification-title-with-sim":"({{sim}}) {{title}}","mute":{"ariaLabel":"Prigušiti ton"},"newCall":{"ariaLabel":"Novi poziv"},"no-logs-msg-1":"Nema zapamćenih poziva","no-logs-msg-2":"Započnite komunicirati","no-logs-msg-3":"Nema propuštenih poziva","recents":{"ariaLabel":"Nedavni pozivi"},"reply":"Odgovori","send":"Pošalji","switch-calls":"Zameni pozive","withheld-number":"Sakriven broj","from-contact":"Od {{ contact }}","from-number":"Od {{ number }}","from-withheld-number":"Sa sakrivenog broja","sending":"Slanje…","speakerOption":{"ariaLabel":"Zvučnik"},"ussd-services":"{{ operator }} servisi","toggleKeypad":{"ariaLabel":"Promeni stanje tastature"},"type-your-response":{"placeholder":"Upišite svoj odgovor…"},"clear-all-text":"Obriši sav tekst","hide":"Sakri","hold":{"ariaLabel":"Stavi na čekanje"},"resume":{"_":"Nastavi","ariaLabel":"Nastavi"},"sendSms":"Pošalji poruku","callEnded":"Poziv je završen","via-sim":"via SIM{{ n }}","sim-number":"SIM{{ n }}","hangup-a11y-button":{"ariaLabel":"Spusti"},"pickup-a11y-button":{"ariaLabel":"Javi se"},"unlock-a11y-button":{"ariaLabel":"Klizač"},"roaming":"{{operator}} (Roming)","delete-n-log?":{"_index":["plural","n"],"_":{"zero":"Ništa nije odabrano","one":"Izbrisati odabranu stavku?","two":"Izbrisati {{ n }} stavke?","few":"Izbrisati {{ n }} stavki?","many":"Izbrisati {{ n }} stavki?","other":"Izbrisati {{ n }} stavki?"}},"callDurationMinutes":"{{ m }}:{{ s }}","callDurationHours":"{{ h }}:{{ m }}:{{ s}}","suggestionMatches":{"_index":["plural","n"],"_":{"one":"{{ n }} poklapanje sa \"{{ matchNumber }}\"","two":"{{ n }} poklapanja sa \"{{ matchNumber }}\"","few":"{{ n }} poklapanja sa \"{{ matchNumber }}\"","many":"{{ n }} poklapanja sa \"{{ matchNumber }}\"","other":"{{ n }} poklapanja sa \"{{ matchNumber }}\""}},"scCallBarring":"Zabrana poz.","scCallForwarding":"Preusmer.","scClip":"ID poziva","scClir":"ID poziva","scPwd":"Promena lozinke","scCallWaiting":"Poziv na čekanju","scPin":"Promeni PIN","scPin2":"Promeni PIN2","scPuk":"Deblokiranje","scPuk2":"Deblokiranje","scImei":"IMEI","scUssd":"USSD","serviceClassVoice":"Glas","serviceClassData":"Podaci","serviceClassFax":"Faks","serviceClassSms":"SMS","serviceClassDataSync":"Sinhronizacija","serviceClassDataAsync":"Asinhronizacija","serviceClassPacket":"Paket","serviceClassPad":"PAD","smServiceEnabled":"Usluga je omogućena","smServiceDisabled":"Usluga je onemogućena","smServiceRegistered":"Registracija uspešna","smServiceErased":"Brisanje uspešno","smServiceInterrogated":"Zahtev uspešan","smServiceNotProvisioned":"Usluga nije dostupna","smClirPermanent":"Ne možete da promenite ID pozivaoca","smClirDefaultOnNextCallOn":"ID pozivaoca po podrazumevanom je sakriven. Sledeći poziv: sakriven","smClirDefaultOnNextCallOff":"ID pozivaoca po podrazumevanom je sakriven. Sledeći poziv: vidljiv","smClirDefaultOffNextCallOn":"ID pozivaoca po podrazumevanom nije sakriven. Sledeći poziv: sakriven","smClirDefaultOffNextCallOff":"ID pozivaoca po podrazumevanom nije sakriven. Sledeći poziv: vidljiv","smServiceEnabledFor":"Usluga omogućena za:","smPinChanged":"PIN je uspešno promenjen","smPinUnblocked":"PIN je uspešno odblokiran","smPin2Changed":"PIN2 je uspešno promenjen","smPin2Unblocked":"PIN2 je uspešno odblokiran","ServiceIsEnabled":"Service is enabled","ServiceIsDisabled":"Service is disabled","ServiceIsEnabledFor":"Service is enabled for:","emMmiError":"Problem u vezi ili je MMI kod neispravan","emMmiErrorPasswordIncorrect":"Pogrešna lozinka","emMmiErrorNotSupported":"Neispravan ili nepodržan MMI kod","emMmiErrorInvalidAction":"Neispravna akcija","emMmiErrorInvalidScCode":"Nevažeći servisni kod","emMmiErrorBadPuk":"PUK koji ste uneli nije tačan","emMmiErrorBadPin":"Stari PIN koji ste uneli nije tačan.","emMmiErrorNeedPuk2":"Unesite PUK2 da biste skinuli blokadu sa kartice","emMmiErrorMismatchPin":"PIN-ovi se ne poklapaju","emMmiErrorInvalidPin":"Unesite PIN koji sadrži 4 do 8 karaktera","emMmiErrorNeedsPuk":"Vaša SIM kartica je zaključana PUK kodom","emMmiErrorEnablePin":"Neuspešno. Omogućite SIM/RUIM LOCK","emMmiErrorMmiFdn":"Operacija je ograničena samo na fiksno biranje brojeva","emMmiErrorStkCcUssdDial":"USSD zahtev je promenjen u DIAL zahtev","emMmiErrorStkCcUssdSs":"USSD zahtev je promenjen u SS zahtev","emMmiErrorStkCcUssdUssd":"USSD zahtev je promenjen u novi USSD zahtev","emMmiErrorStkCcSsDial":"SS zahtev je promenjen u DIAL zahtev","emMmiErrorStkCcSsUssd":"SS zahtev je promenjen u USSD zahtev","emMmiErrorStkCcSsSs":"SS zahtev je promenjen u novi SS zahtev","emMmiErrorPinPukAttempts":{"_index":["plural","n"],"_":{"one":"Preostao je samo {{ n }} pokušaj","two":"Preostala su {{ n }} pokušaja","few":"Preostalo je {{ n }} pokušaja","many":"Preostalo je {{ n }} pokušaja","other":"Preostalo je {{ n }} pokušaja"}},"emMmiErrorSimBlocked":"Maksimalan broj pokušaja prekoračen. SIM kartica je blokirana","RadioNotAvailable":"Radio nije dostupan","GenericFailure":"Generička greška","PasswordIncorrect":"Pogrešna lozinka","SimPin2":"SIM PIN2","SimPuk2":"SIM PUK2","RequestNotSupported":"Zahtev nije podržan","OpNotAllowedDuringVoiceCall":"Operacija nije dozvoljena tokom razgovora","SmsSendFailRetry":"Neuspešno slanje SMS-a","SimAbsent":"SIM kartica nije pronađena","SubscriptionNotAvailable":"Pretplata nije dostupna","ModeNotSupported":"Režim nije podržan","FdnCheckFailure":"Fdn greška pri proveri","IllegalSimOrMe":"Nedopušten SIM ili ME","DialModifiedToUssd":"Biranje izmenjeno u USSD","DialModifiedToSs":"Biranje izmenjeno u SS","DialModifiedToDial":"Biranje izmenjeno u poziv","UssdModifiedToDial":"USSD izmenjen u poziv","UssdModifiedToSs":"USSD izmenjen u SS","UssdModifiedToUssd":"USSD izmenjen u USSD","SsModifiedToDial":"SS izmenjen u poziv","SsModifiedToUssd":"SS izmenjen u USSD","SsModifiedToSs":"SS izmenjen u SS","SubscriptionNotSupported":"Pretplata nije podržana","InvalidParameter":"Neispravan parametar","RejectedByRemote":"Odbijen od udaljenog uređaja","conferenceCall":"Konferencija ({{n}})","caller-left-call":"{{ caller }} je napustio poziv.","conferenceAddError":"Nije moguće spojiti pozive","conferenceRemoveError":"Nije moguće odvojiti pozive","longDateFormat":"%A, %e %B","select-audio-sources":"Odaberite zvučne izvore","bluetooth-handsfree-device":"Bluetooth handsfree uređaj","receiver":"Slušalica","speaker":"Zvučnik","voicemailNoNumberTitle":"Broj govorne pošte je nedostupan","voicemailNoNumberText":"Pozivanje govorne pošte nije moguće. Podesite broj govorne pošte da biste pozvali.","voicemailNoNumberSettings":"Postavke","voicemailNoNumberCancel":"Otkaži","phoneNumberInput":{"ariaLabel":"Broj telefona"},"keypadDelete":{"ariaLabel":"Obriši"},"voiceMailKey":{"ariaLabel":"Govorna pošta"},"asterisk":{"ariaLabel":"Zvezdica"},"hashSign":{"ariaLabel":"Taraba"}}