{"close":"关闭","import":"导入","update":"更新","fbFriends":"Facebook 上的朋友","live-serviceName":"Outlook","gmail-serviceName":"Gmail","facebook-serviceName":"Facebook 上的朋友","selectAll":"选择全部","deselectAll":"全部不选","viewAll":"查看所有 Facebook 上的朋友","viewRecommend":"仅显示推荐的","linkProposal":{"_index":["plural","numFriends"],"_":{"zero":"没有找到匹配的朋友，显示全部的","one":"选择推荐项","two":"选择建议的一项","few":"选择建议的一项","many":"选择建议的一项","other":"选择建议的一项"}},"fbFriendsFound":{"_index":["plural","numFriends"],"_":{"zero":"已导入全部朋友","one":"发现一个可导入的朋友","two":"找到 {{numFriends}} 个要导入的朋友","few":"找到 {{numFriends}} 个要导入的朋友","many":"找到 {{numFriends}} 个要导入的朋友","other":"找到 {{numFriends}} 个要导入的朋友"}},"fbNoFriends":"No contacts available to import","facebook":"Facebook","search-contact":{"placeholder":"检索"},"noResults":"没有找到联系人","done-search":"完成","progressFB3ImportTitle":"正在将朋友导入联系人","progressFB":"{{current}}/{{total}}","progressFB3UpdateTitle":"正在更新联系人中的朋友","message2":"这可能需要几分钟的时间","messageLinking":"请等待，正在连接你的朋友和你的联系人。","messageCanceling":"请稍候，我们正在取消当前的操作。","error1":"错误 {{from}}","error2":"是否重试？","errorProposal":"正在计算建议","errorFriends":"正在获取朋友","errorLinking":"正在连接联系人","timeout1":"超过时限 {{from}}","timeout2":"是否重试？","timeoutProposal":"正在计算建议","timeoutFriends":"正在获取朋友","timeoutLinking":"正在连接联系人","wait1":"请等待","wait2":"这可能需要几分钟的时间","waitProposal":"请等待，我们正在计算建议。","waitFriends":"请等待，我们正在连接以获得你的朋友列表。","curtainCancel":"取消","curtainRetry":"重试","curtainOK":"确定","connectionLost":"没有因特网连接","connectionLostMsg":"朋友的照片不会添加到您的联系人中。继续吗？","yesOption":"确定","noOption":"取消","friendsUpdated":{"_index":["plural","numFriends"],"_":{"zero":"没有更新朋友","one":"已更新一个朋友","two":"已更新 {{numFriends}} 个朋友","few":"已更新 {{numFriends}} 个朋友","many":"已更新 {{numFriends}} 个朋友","other":"已更新 {{numFriends}} 个朋友"}},"friendsMerged":{"_index":["plural","numDups"],"_":{"zero":"没有可合并的重复的朋友","one":"找到一个重复的朋友","two":"找到 {{numDups}} 个重复的朋友","few":"找到 {{numDups}} 个重复的朋友","many":"找到 {{numDups}} 个重复的朋友","other":"找到 {{numDups}} 个重复的朋友"}},"notificationLogin":"你的 Facebook 会话无效，请登录。","syncError":"同步你的朋友数据时发生错误","callAirplaneModeMessage":"在设置里关闭飞行模式后才能打电话。","callAirplaneModeBtnOk":"确定","callAirplaneModeTitle":"飞行模式已开启","numberIsBusyTitle":"号码正忙","numberIsBusyMessage":"您拨打的电话正忙。请稍后再拨。","fdnIsActiveTitle":"固定拨号已启用","fdnIsActiveMessage":"FDN（固定拨号）已激活，下面的号码不在您的 FDN 列表中：{{ number }}","voiceMail":"语音信箱","emergencyNumber":"紧急电话号码","emergencyDialogBodyBadNumber":"打电话前手机必须先连接到网络。","emergencyDialogBodyDeviceNotAccepted":"当前网络不允许紧急呼叫。","emergencyDialogBtnOk":"确定","emergencyDialogTitle":"无网络连接","invalidNumberToDialTitle":"无效的电话号码","invalidNumberToDialMessage":"您所呼叫的电话号码无效。","unableToCallTitle":"现在无法拨叫电话","unableToCallMessage":"无法拨叫电话。如果您已经在拨号，请先挂断。","otherConnectionInUseTitle":"其他正在使用的连接","otherConnectionInUseMessage":"您正在通过另一个连接进行通话，同一时间只能使用一个连接。","add":"添加","call":"拨打","edit":"编辑","cancel":"取消","done":"完成","ok":"确定","retry":"重试","contacts":"联系人","addContact":"添加联系人","deleteContact":"删除联系人","selectContact":"选择联系人","editContact":"编辑联系人","deleteConfirmMsg":"要删除联系人吗？","remove":"移除","delete":"删除","comments":"备注","no_contact_phones":"此联系人信息中不包含电话号码","no_contact_email":"此联系人信息中不包含电子邮件地址","no_contact_data":"This contact does not have a phone number and email address","removePhotoConfirm":"要移除联系人照片吗？","loadingContacts":"正在载入联系人…","noContactsActivity":"无法添加联系人，您的联系人列表是空的","noName":"无姓名","givenName":{"placeholder":"名字"},"familyName":{"placeholder":"姓氏"},"tel":{"placeholder":"电话"},"carrier":{"_":"运营商","placeholder":"运营商"},"separator":",","email":{"_":"电子邮件","placeholder":"电子邮件"},"streetAddress":{"placeholder":"街道"},"postalCode":{"placeholder":"邮政编码"},"locality":{"placeholder":"城市"},"countryName":{"placeholder":"国家/地区"},"comment":{"placeholder":"备注"},"org":{"placeholder":"单位"},"date":{"_":"日期","placeholder":"日期"},"date-span-placeholder":"日期","birthday":"生日","dateFormat":"%m月%e日","dateOutput":"{{year}}年{{dayMonthFormatted}}","anniversary":"周年纪念","addPhoto":"添加照片","addPhone":"添加电话","addEmail":"添加电子邮件","addAddress":"添加地址","addDate":"添加日期","addComment":"添加备注","addFavorite":"加为收藏","removeFavorite":"移除收藏","exit":"退出","expand":"展开","labelName":"名字：","labelLastName":"姓氏：","labelPhoneNumber":"电话号码：","labelCarrier":"运营商：","labelEmail":"电子邮件：","labelStreet":"街道：","labelZip":"邮政编码：","labelCity":"城市：","labelCountry":"国家/地区：","labelComment":"备注：","legendTitleMain":"主要信息","legendPhones":"电话号码","legendEmail":"电子邮件地址","legendAddress":"地址","legendPhoto":{"ariaLabel":"Photo"},"settings":"设置","transferContactsTitle":"转移联系人","importContactsTitle":"导入联系人","importContactsButton":"导入联系人","exportContactsTitle":"导出联系人","exportContactsButton":"导出联系人","exportContactsAction":"导出","simExport-title":"导出至 SIM 卡","sdExport-title":"导出至 SD 卡","btExport-title":"导出至蓝牙设备","sdUMSEnabled":"由于已启用 USB 存储功能，无法使用 SD 卡","exportErrorTitle":"导出出错","contactsExported2":{"_index":["plural","exported"],"_":{"zero":"没有导出联系人","one":"{{exported}}/{{total}}个联系人已导出","two":"{{exported}}/{{total}}个联系人已导出","few":"{{exported}}/{{total}}个联系人已导出","many":"{{exported}}/{{total}}个联系人已导出","other":"{{exported}}/{{total}}个联系人已导出"}},"exportError-general":"在导出时发生错误","exportError-SD-shared":"因为已共享，无法访问存储卡","exportError-SD-unavailable":"存储卡不可用","exportError-SD-noSpace":"存储卡没有足够的空间以供导出联系人","exportError-SIM-unavailable":"SIM 卡不可用","exportError-BT-shared":"因为已共享，无法访问存储卡","exportError-BT-unavailable":"存储卡不可用","exportError-BT-noSpace":"存储卡没有足够的空间以供导出联系人","social-network":"社交网络","social-link":"链接联系人","social-unlink":"取消链接联系人","social-unlink-confirm-title":"你是否希望断开朋友的连接？","social-unlink-confirm-accept":"取消链接","facebook-import":"导入 Facebook 中的朋友","show-fb-profile":"查看 Facebook 的个人资料","msg-send":"信息","wall-post":"留言板","facebook-export-forbidden":"由于 Facebook 限制，无法共享该联系人。","otherAccount":"其他账户","facebookSwitchMsg":"同步朋友","select_mobile":"选择移动电话","select_email":"选择电子邮件","select_recipient":"Select recipient","contactsOrderBy":"按姓氏排序","importSim2":"SIM 卡","importGmail":"Gmail","bluetooth":"蓝牙","importOutlook":"Outlook","fbUpdateFriends":"更新已导入的朋友","cleaningFbData":"正在移除 Facebook 数据","loggingOutFb":"从 Facebook 退出登录","cleanFbConfirmMsg":"要移除所有 Facebook 数据吗？","renewPwdMsg":"您的 Facebook 的密码已经更改，请更新。","notEnabledYet":"尚未启用","genericNoConnection":"请连接到 Wi-FI 或数据网络以导入联系人","simCard":"SIM 卡","memoryCard":"存储卡","simNumber":"SIM {{number}}","setICEButton":"Set ICE Contacts","ICESettingTitle":"ICE Contacts","ICEDescription":"Add two contacts for making “In Case of Emergency” calls.","ICEContact1":"ICE Contact 1","ICESelectContact":"Select a contact","ICEContact2":"ICE Contact 2","create-new":"新建联系人","import-now":"从您的 SIM 卡或 Facebook 中导入您的联系人","no-contacts":"没有联系人","start-adding":"现在就添加他们","notImported":"未导入","imported":"已导入","today":"今天","yesterday":"昨天","organise-contacts":"管理联系人","find-merge-contacts":"查找重复的联系人","preparing-contacts":"正在整理联系人","exportError-SIM-NoFreeRecordFound":"SIM 卡已满","exportError-SIM-CannotAccessPhoneBook":"无法访问 SIM 卡的通讯录","exportError-SIM-Unavailable":"未检测到 SIM 卡","exportError-SIM-GenericError":"导出联系人时发生错误","noSimMsgExport":"要导出联系人，请插入或解锁您的 SIM 卡","noMemoryCardMsgExport":"请插入存储卡以导出联系人","ContactManagementTitle":"联系人管理","DeleteTitle":"删除","bulkDeleteButton":"删除联系人","BulkDelCancel":"联系人删除已取消","DeletedTxt":{"_index":["plural","n"],"_":{"zero":"无联系人可删除","one":"已删除 1 个联系人","two":"已删除 {{n}} 个联系人","few":"已删除 {{n}} 个联系人","many":"已删除 {{n}} 个联系人","other":"已删除 {{n}} 个联系人"}},"DeletingContacts":"正在删除联系人","ContactConfirmDel":{"_index":["plural","n"],"_":{"zero":"无联系人可删除","one":"删除 1 个联系人？此操作无法撤销。","two":"删除 {{n}} 个联系人？此操作无法撤销。","few":"删除 {{n}} 个联系人？此操作无法撤销。","many":"删除 {{n}} 个联系人？此操作无法撤销。","other":"删除 {{n}} 个联系人？此操作无法撤销。"}},"SelectedTxt":{"_index":["plural","n"],"_":{"zero":"联系人","one":"已选择 {{n}} 条","two":"已选择 {{n}} 条","few":"已选择 {{n}} 条","many":"已选择 {{n}} 条","other":"已选择 {{n}} 条"}},"video":"视频","audio":"音频","pick_destination":"{{ destination }} {{ carrier }}","removeField":{"ariaLabel":"Remove"},"undo":{"ariaLabel":"Undo"},"back":"后退","noSimMsg":"插入或者解锁你的 SIM 卡以导入联系人","noMemoryCardMsg":"请插入存储卡以导入联系人","importMemoryCard":"存储卡","noConnection11":"要导入 Facebook 朋友或联系人，连接到 Wi-Fi 或数据网络","simContacts-import":"导入 SIM 卡联系人","simContacts-importing":"正在导入 SIM 卡联系人…","simContacts-reading":"从 SIM 卡中读取…","simContacts-error":"无法从 SIM 卡导入联系人","simContacts-imported3":{"_index":["plural","n"],"_":{"zero":"在 SIM 卡中没有发现可以导入的联系人","one":"已导入一个联系人","two":"已导入 {{n}} 个联系人","few":"已导入 {{n}} 个联系人","many":"已导入 {{n}} 个联系人","other":"已导入 {{n}} 个联系人"}},"memoryCardContacts-import":"从存储卡导入联系人","memoryCardContacts-importing":"正在从存储卡导入联系人…","memoryCardContacts-reading":"正在从存储卡读取信息…","memoryCardContacts-error":"无法从存储卡导入联系人","memoryCardContacts-imported3":{"_index":["plural","n"],"_":{"zero":"没有在存储卡中找到可导入的联系人","one":"已导入一个联系人","two":"已导入 {{n}} 个联系人","few":"已导入 {{n}} 个联系人","many":"已导入 {{n}} 个联系人","other":"已导入 {{n}} 个联系人"}},"genericProgress":"{{current}}/{{total}}","facebook-import-msg":{"_index":["plural","imported"],"_":{"zero":"没有导入朋友（共 {{total}} 个）","one":"已导入一个朋友（共 {{total}} 个）","two":"已导入 {{imported}}/{{total}} 个朋友","few":"已导入 {{imported}}/{{total}} 个朋友","many":"已导入 {{imported}}/{{total}} 个朋友","other":"已导入 {{imported}}/{{total}} 个朋友"}},"contactsMerged":{"_index":["plural","numDups"],"_":{"zero":"没有合并重复的联系人","one":"一个重复的联系人已合并","two":"{{numDups}} 个联系人已合并","few":"{{numDups}} 个联系人已合并","many":"{{numDups}} 个联系人已合并","other":"{{numDups}} 个联系人已合并"}},"weekday-0-long":"星期日","weekday-1-long":"星期一","weekday-2-long":"星期二","weekday-3-long":"星期三","weekday-4-long":"星期四","weekday-5-long":"星期五","weekday-6-long":"星期六","weekday-0-short":"周日","weekday-1-short":"周一","weekday-2-short":"周二","weekday-3-short":"周三","weekday-4-short":"周四","weekday-5-short":"周五","weekday-6-short":"周六","month-0-long":"1 月","month-1-long":"2 月","month-2-long":"3 月","month-3-long":"4 月","month-4-long":"5 月","month-5-long":"6 月","month-6-long":"7 月","month-7-long":"8 月","month-8-long":"9 月","month-9-long":"10 月","month-10-long":"11 月","month-11-long":"12 月","month-0-genitive":"一月","month-1-genitive":"二月","month-2-genitive":"三月","month-3-genitive":"四月","month-4-genitive":"五月","month-5-genitive":"六月","month-6-genitive":"七月","month-7-genitive":"八月","month-8-genitive":"九月","month-9-genitive":"十月","month-10-genitive":"十一月","month-11-genitive":"十二月","month-0-short":"1 月","month-1-short":"2 月","month-2-short":"3 月","month-3-short":"4 月","month-4-short":"5 月","month-5-short":"6 月","month-6-short":"7 月","month-7-short":"8 月","month-8-short":"9 月","month-9-short":"10 月","month-10-short":"11 月","month-11-short":"12 月","minutes-ago-long":{"_index":["plural","value"],"_":{"zero":"刚才","one":"1 分钟前","two":"{{ value }} 分钟前","few":"{{ value }} 分钟前","many":"{{ value }} 分钟前","other":"{{ value }} 分钟前"}},"hours-ago-long":{"_index":["plural","value"],"_":{"zero":"刚才","one":"1 小时前","two":"{{ value }} 小时前","few":"{{ value }} 小时前","many":"{{ value }} 小时前","other":"{{ value }} 小时前"}},"days-ago-long":{"_index":["plural","value"],"_":{"zero":"今天","one":"昨天","two":"{{value}} 天前","few":"{{value}} 天前","many":"{{value}} 天前","other":"{{value}} 天前"}},"weeks-ago-long":{"_index":["plural","value"],"_":{"zero":"本周","one":"上周","two":"{{value}} 周前","few":"{{value}} 周前","many":"{{value}} 周前","other":"{{value}} 周前"}},"months-ago-long":{"_index":["plural","value"],"_":{"zero":"本月","one":"上月","two":"{{value}} 个月前","few":"{{value}} 个月前","many":"{{value}} 个月前","other":"{{value}} 个月前"}},"years-ago-long":{"_index":["plural","value"],"_":{"zero":"今年","one":"去年","two":"{{value}} 年前","few":"{{value}} 年前","many":"{{value}} 年前","other":"{{value}} 年前"}},"minutes-until-long":{"_index":["plural","value"],"_":{"zero":"现在","one":"1 分钟内","two":"剩{{value}}分钟","few":"剩{{value}}分钟","many":"剩{{value}}分钟","other":"剩{{value}}分钟"}},"hours-until-long":{"_index":["plural","value"],"_":{"zero":"现在","one":"1 小时内","two":"剩{{value}}小时","few":"剩{{value}}小时","many":"剩{{value}}小时","other":"剩{{value}}小时"}},"days-until-long":{"_index":["plural","value"],"_":{"zero":"今天","one":"明天","two":"剩{{value}}天","few":"剩{{value}}天","many":"剩{{value}}天","other":"剩{{value}}天"}},"weeks-until-long":{"_index":["plural","value"],"_":{"zero":"本周","one":"下周","two":"剩{{value}}周","few":"剩{{value}}周","many":"剩{{value}}周","other":"剩{{value}}周"}},"months-until-long":{"_index":["plural","value"],"_":{"zero":"本月","one":"下月","two":"剩{{value}}个月","few":"剩{{value}}个月","many":"剩{{value}}个月","other":"剩{{value}}个月"}},"years-until-long":{"_index":["plural","value"],"_":{"zero":"今年","one":"明年","two":"剩{{value}}年","few":"剩{{value}}年","many":"剩{{value}}年","other":"剩{{value}}年"}},"minutes-ago-short":{"_index":["plural","value"],"_":{"zero":"刚才","other":"{{value}} 分钟前"}},"hours-ago-short":{"_index":["plural","value"],"_":{"zero":"刚才","other":"{{value}}小时前"}},"days-ago-short":{"_index":["plural","value"],"_":{"zero":"今天","other":"{{value}} 天前"}},"minutes-until-short":{"_index":["plural","value"],"_":{"zero":"现在","other":"剩{{value}}分钟"}},"hours-until-short":{"_index":["plural","value"],"_":{"zero":"现在","other":"剩{{value}}小时"}},"days-until-short":{"_index":["plural","value"],"_":{"zero":"今天","other":"剩{{value}}天"}},"incorrectDate":"（日期不正确）","dateTimeFormat_%c":"%Y 年 %b %e 日 %a %H:%M:%S","dateTimeFormat_%x":"%Y/%m/%d","dateTimeFormat_%X":"%H:%M:%S","shortTimeFormat":"%H:%M","shortDateTimeFormat":"%x %H:%M","weekStartsOnMonday":"0","time_am":"上午","time_pm":"下午","sim-picker-dial-via-with-number":"拨叫 {{ phoneNumber }} 通过","sim-picker-select-sim":"选择 SIM 卡","sim-picker-button":"SIM{{ n }}","sim-picker-button-default":"（默认）","label":"标签","mobile":"移动电话","home":"住宅","work":"单位","personal":"个人","faxHome":"住宅传真","faxOffice":"单位传真","faxOther":"其他传真","another":"其他","other":"其他","customTag":{"placeholder":"自定义标签"},"current":"当前","itemWithLabel":"{{label}}, {{item}}","waitDuplicateContacts":"正在查找重复的联系人","waitMergingDuplicateContacts":"正在合并重复的联系人","alertNoDuplicateContacts":"未找到重复的联系人","merge":"合并","mergeDuplicateTitle":"合并重复项","suggestedDuplicateContacts":"{{name}} 可能的重复联系人","mergeActionButtonLabel":{"_index":["plural","n"],"_":{"zero":"未选择联系人","one":"合并 {{n}} 个联系人","two":"合并 {{n}} 个联系人","few":"合并 {{n}} 个联系人","many":"合并 {{n}} 个联系人","other":"合并 {{n}} 个联系人"}},"duplicatesFoundTitle":"发现重复项","duplicatesFoundMessage":"下列联系人中有 {{name}} 条重复信息","addNewNumber":"添加新号码","addToExistingContact":"添加到现有联系人","all":{"_":"全部","ariaLabel":"全部"},"callLog":"通话记录","callLogEdit":{"title":"编辑通话记录"},"callLogEditDialog":{"ariaLabel":"编辑通话记录对话框"},"connecting":"正在连接","cf-async":"异步：{{ async }}\\n","cf-data":"数据：{{ data }}\\n","cf-error":"获取呼叫转移状态时发生错误","cf-fax":"传真：{{ fax }}\\n","cf-inactive":"未使用","cf-packet":"数据包：{{ packet }}\\n","cf-pad":"PAD: {{ pad }}\\n","cf-sms":"短信息：{{ sms }}\\n","cf-status":"呼叫转移状态\\n","cf-sync":"同步：{{ sync }}\\n","cf-voice":"语音：{{ voice }}\\n","confirm-deletion":"要删除所选的通话记录吗？","createNewContact":"新建联系人","dialerAddContact":{"ariaLabel":"添加联系人"},"dialerAddContactDialog":{"ariaLabel":"添加联系人对话框"},"edit-selected":{"_index":["plural","n"],"_":{"one":"已选择 {{ n }} 条","two":"已选择 {{ n }} 条","few":"已选择 {{ n }} 条","many":"已选择 {{ n }} 条","other":"已选择 {{ n }} 条"}},"hideKeypad":{"ariaLabel":"隐藏键盘"},"ignore":"忽略来电","incoming":"呼入","keypad":{"ariaLabel":"键盘"},"makeCall":{"ariaLabel":"拨打电话"},"missed":{"_":"未接","ariaLabel":"错过的"},"missedCall":"未接电话","missedCallMultiSims":"(SIM {{ n }}) 未接来电","mmi-error":"发送短信息时发生错误","mmi-session-expired":"会话过期","mmi-successfully-sent":"信息发送成功","mmi-notification-title-with-sim":"({{sim}}) {{title}}","mute":{"ariaLabel":"静音"},"newCall":{"ariaLabel":"新来电"},"no-logs-msg-1":"无通话记录","no-logs-msg-2":"立刻开始通讯","no-logs-msg-3":"没有未接电话","recents":{"ariaLabel":"最近来电"},"reply":"回复","send":"发送","switch-calls":"切换通话","withheld-number":"隐藏号码","from-contact":"来自 {{ contact }}","from-number":"来自 {{ number }}","from-withheld-number":"来自隐藏号码","sending":"正在发送…","speakerOption":{"ariaLabel":"扬声器"},"ussd-services":"{{ operator }} 服务","toggleKeypad":{"ariaLabel":"切换键盘"},"type-your-response":{"placeholder":"输入回复内容…"},"clear-all-text":"清除所有文字","hide":"隐藏","hold":{"ariaLabel":"保留"},"resume":{"_":"继续","ariaLabel":"继续"},"sendSms":"发送消息","callEnded":"通话结束","via-sim":"通过 SIM{{ n }}","sim-number":"SIM{{ n }}","hangup-a11y-button":{"ariaLabel":"挂断"},"pickup-a11y-button":{"ariaLabel":"接听"},"unlock-a11y-button":{"ariaLabel":"滑动条"},"roaming":"{{operator}} (Roaming)","delete-n-log?":{"_index":["plural","n"],"_":{"zero":"未选择","one":"是否删除选中的日志？","two":"确定删除 {{ n }} 条记录？","few":"确定删除 {{ n }} 条记录？","many":"确定删除 {{ n }} 条记录？","other":"确定删除 {{ n }} 条记录？"}},"callDurationMinutes":"{{ m }}:{{ s }}","callDurationHours":"{{ h }}:{{ m }}:{{ s}}","suggestionMatches":{"_index":["plural","n"],"_":{"one":"{{ n }}个符合“{{ matchNumber }}”的条目","two":"{{ n }}个符合“{{ matchNumber }}”的条目","few":"{{ n }}个符合“{{ matchNumber }}”的条目","many":"{{ n }}个符合“{{ matchNumber }}”的条目","other":"{{ n }}个符合“{{ matchNumber }}”的条目"}},"scCallBarring":"呼叫限制","scCallForwarding":"呼叫转移","scClip":"来电呼叫者 ID","scClir":"拨出呼叫者 ID","scPwd":"密码更改","scCallWaiting":"呼叫等待","scPin":"PIN 更改","scPin2":"PIN2 更改","scPuk":"解锁 PIN","scPuk2":"解锁 PIN2","scImei":"IMEI","scUssd":"USSD","serviceClassVoice":"语音","serviceClassData":"数据","serviceClassFax":"传真","serviceClassSms":"短信","serviceClassDataSync":"同步","serviceClassDataAsync":"异步","serviceClassPacket":"数据包","serviceClassPad":"PAD","smServiceEnabled":"服务已启用","smServiceDisabled":"服务已禁用","smServiceRegistered":"注册成功","smServiceErased":"擦除成功","smServiceInterrogated":"请求成功","smServiceNotProvisioned":"未提供这项服务","smClirPermanent":"您不能更改来电者ID设置","smClirDefaultOnNextCallOn":"呼叫者 ID 默认已限制。下一个电话：已限制","smClirDefaultOnNextCallOff":"呼叫者 ID 默认已限制。下一个电话：不限制","smClirDefaultOffNextCallOn":"呼叫者 ID 默认不限制。下一个电话：已限制","smClirDefaultOffNextCallOff":"呼叫者 ID 默认不限制。下一个电话：不限制","smServiceEnabledFor":"已对下列项启用服务：","smPinChanged":"更改 PIN 成功","smPinUnblocked":"PIN 解锁成功","smPin2Changed":"更改 PIN2 成功","smPin2Unblocked":"解锁 PIN2 成功","ServiceIsEnabled":"Service is enabled","ServiceIsDisabled":"Service is disabled","ServiceIsEnabledFor":"Service is enabled for:","emMmiError":"连接故障或者无效的 MMI 码","emMmiErrorPasswordIncorrect":"密码错误","emMmiErrorNotSupported":"无效或不支持的 MMI 码","emMmiErrorInvalidAction":"无效操作","emMmiErrorInvalidScCode":"无效服务码","emMmiErrorBadPuk":"输入的 PUK 不正确","emMmiErrorBadPin":"输入的旧 PIN 码不正确","emMmiErrorNeedPuk2":"输入 PUK2 码解锁 SIM 卡","emMmiErrorMismatchPin":"输入的 PIN 不匹配","emMmiErrorInvalidPin":"输入一个4到8位数字的 PIN","emMmiErrorNeedsPuk":"你的 SIM 卡已经被锁定 PUK","emMmiErrorEnablePin":"不成功。启用 SIM/RUIM 锁定","emMmiErrorMmiFdn":"操作仅限于限制呼叫的号码","emMmiErrorStkCcUssdDial":"USSD 请求已经改为 DIAL 请求","emMmiErrorStkCcUssdSs":"USSD 请求已经改为 SS 请求","emMmiErrorStkCcUssdUssd":"USSD 请求已经改为新的 USSD 请求","emMmiErrorStkCcSsDial":"SS 请求已经改为 DIAL 请求","emMmiErrorStkCcSsUssd":"SS 请求已经改为 USSD 请求","emMmiErrorStkCcSsSs":"SS 请求已经改为新的 SS 请求","emMmiErrorPinPukAttempts":{"_index":["plural","n"],"_":{"one":"还能再试 {{ n }} 次","two":"还能再试 {{ n }} 次","few":"还能再试 {{ n }} 次","many":"还能再试 {{ n }} 次","other":"还能再试 {{ n }} 次"}},"emMmiErrorSimBlocked":"超过最大重试次数，SIM 卡已锁定","RadioNotAvailable":"收音机不可用","GenericFailure":"一般故障","PasswordIncorrect":"密码错误","SimPin2":"SIM PIN2","SimPuk2":"SIM PUK2","RequestNotSupported":"请求不支持","OpNotAllowedDuringVoiceCall":"语音通话期间不允许此操作","SmsSendFailRetry":"短信发送失败重试","SimAbsent":"无 SIM 卡","SubscriptionNotAvailable":"订阅不可用","ModeNotSupported":"不支持该模式","FdnCheckFailure":"固定拨号（FDN）检查失败","IllegalSimOrMe":"非法的 SIM 或 ME","DialModifiedToUssd":"拨号改为 USSD","DialModifiedToSs":"拨号改为 SS","DialModifiedToDial":"拨号改为拨号","UssdModifiedToDial":"USSD 改为拨号","UssdModifiedToSs":"USSD 改为 SS","UssdModifiedToUssd":"USSD 改为 USSD","SsModifiedToDial":"SS 改为拨号","SsModifiedToUssd":"SS 改为 USSD","SsModifiedToSs":"SS 改为 SS","SubscriptionNotSupported":"不支持订阅","InvalidParameter":"无效参数","RejectedByRemote":"被远端拒绝","conferenceCall":"Conference ({{n}})","caller-left-call":"{{ caller }} 已离开此通话。","conferenceAddError":"无法合并呼叫","conferenceRemoveError":"无法解除呼叫合并","longDateFormat":"%m月%e日%A","select-audio-sources":"选择声音来源","bluetooth-handsfree-device":"蓝牙免提设备","receiver":"听筒","speaker":"扬声器","voicemailNoNumberTitle":"语音信箱号码不可用","voicemailNoNumberText":"无法拨叫语音信箱。设置语音信箱号码以放置呼叫。","voicemailNoNumberSettings":"设置","voicemailNoNumberCancel":"取消","phoneNumberInput":{"ariaLabel":"电话号码"},"keypadDelete":{"ariaLabel":"删除"},"voiceMailKey":{"ariaLabel":"语音信箱"},"asterisk":{"ariaLabel":"星号"},"hashSign":{"ariaLabel":"井号"}}