{"number-selected2":{"_index":["plural","n"],"_":{"zero":"নির্বাচন","one":"{{ n }} টি নির্বাচিত","two":"{{ n }} টি নির্বাচিত হয়েছে","few":"{{ n }} টি নির্বাচিত হয়েছে","many":"{{ n }} টি নির্বাচিত হয়েছে","other":"{{ n }} টি নির্বাচিত হয়েছে"}},"delete-n-items?":{"_index":["plural","n"],"_":{"zero":"কিছুই নির্বাচিত হয়নি","one":"নির্বাচিত আইটেম অপসারণ করবেন?","two":"{{ n }} টি আইটেম অপসারণ করবেন?","few":"{{ n }} টি আইটেম অপসারণ করবেন?","many":"{{ n }} টি আইটেম অপসারণ করবেন?","other":"{{ n }} টি আইটেম অপসারণ করবেন?"}},"share-noprovider":"একবারে একটি ভিডিও শেয়ার করার চেষ্টা করুন।","videos":"ভিডিও","cancel":"বাতিল","delete-video?":"ভিডিও অপসারণ করবেন?","empty-title":"শুরু করতে ভিডিও যোগ করুন","empty-text":"মেমরি কার্ডে ভিডিও লোড করুন।","nocard2-title":"মেমরি কার্ড নেই","nocard3-text":"ভিডিও দেখতে মেমরী কার্ডযুক্ত করুন।","pluggedin-title":"ইউএসবি লাগানো অবস্থায় ভিডিও দেখা যাবে না","pluggedin-text":"ভিডিও দেখতে ফোন থেকে ইউএসবি খুলুন।","upgrade-title":"ডাটাবেজ হালনাগাদ","upgrade-text":"ভিডিও ডাটাবেজ হালনাগাদ হওয়া পর্যন্ত অপেক্ষা করুন।","confirm-delete":"আপনি কি অপসারণের ব্যাপারে নিশ্চিত:","pick-title":"একটি ভিডিও নির্বাচন করুন","save":"সংরক্ষণ","saved":"{{title}} ভিডিও ফোল্ডারে সংরক্ষিত হয়েছে","error-network":"নেটওয়ার্ক জনিত ত্রুটির কারনে ভিডিওটি ডাউনলোড হতে পারছে না।","error-unsupported":"ভিডিও চালানো যাচ্ছে না: কারণ হতে সার্ভার অথবা নেটওয়ার্ক ত্রুটি কিংবা অসমর্থিত ফাইল ফরম্যাট।","error-unknown":"একটি অজানা ভিডিও ত্রুটি দেখা দিয়েছে।","overlay-cancel-button":"বাতিল","overlay-camera-button":"ক্যামেরায় যান","name-label":"নাম","length-label":"ব্যাপ্তিকাল","size-label":"আকার","video-type-label":"ভিডিওর ধরন","date-taken-label":"ধারনের তারিখ","resolution-label":"রেজল্যুশন","close-button":"বন্ধ","byteUnit-B":"বাইট","byteUnit-KB":"KB","byteUnit-MB":"MB","byteUnit-GB":"GB","byteUnit-TB":"টেরাবাইট","byteUnit-PB":"পেটাবাইট","byteUnit-EB":"এক্সাবাইট","byteUnit-ZB":"যেট্টাবাইট","byteUnit-YB":"ইওট্টাবাইট","date-group-header":"%B %Y","share":"শেয়ার","more-info":"আরও তথ্য","delete":"অপসারণ","weekday-0-long":"রবিবার","weekday-1-long":"সোমবার","weekday-2-long":"মঙ্গলবার","weekday-3-long":"বুধবার","weekday-4-long":"বৃহস্পতিবার","weekday-5-long":"শুক্রবার","weekday-6-long":"শনিবার","weekday-0-short":"রবি","weekday-1-short":"সোম","weekday-2-short":"মঙ্গল","weekday-3-short":"বুধ","weekday-4-short":"বৃহঃ","weekday-5-short":"শুক্র","weekday-6-short":"শনি","month-0-long":"জানুয়ারি","month-1-long":"ফেব্রুয়ারি","month-2-long":"মার্চ","month-3-long":"এপ্রিল","month-4-long":"মে","month-5-long":"জুন","month-6-long":"জুলাই","month-7-long":"আগস্ট","month-8-long":"সেপ্টেম্বর","month-9-long":"অক্টোবর","month-10-long":"নভেম্বর","month-11-long":"ডিসেম্বর","month-0-genitive":"জানুয়ারি","month-1-genitive":"ফেব্রুয়ারি","month-2-genitive":"মার্চ","month-3-genitive":"এপ্রিল","month-4-genitive":"মে","month-5-genitive":"জুন","month-6-genitive":"জুলাই","month-7-genitive":"আগস্ট","month-8-genitive":"সেপ্টেম্বর","month-9-genitive":"অক্টোবর","month-10-genitive":"নভেম্বর","month-11-genitive":"ডিসেম্বর","month-0-short":"জানু","month-1-short":"ফেব্রু","month-2-short":"মার্চ","month-3-short":"এপ্রিল","month-4-short":"মে","month-5-short":"জুন","month-6-short":"জুলাই","month-7-short":"আগস্ট","month-8-short":"সেপ্ট","month-9-short":"অক্টো","month-10-short":"নভে","month-11-short":"ডিসে","minutes-ago-long":{"_index":["plural","value"],"_":{"zero":"এইমাত্র","one":"১ মিনিট পূর্বে","two":"{{value}} মিনিট পূর্বে","few":"{{value}} মিনিট পূর্বে","many":"{{value}} মিনিট পূর্বে","other":"{{value}} মিনিট পূর্বে"}},"hours-ago-long":{"_index":["plural","value"],"_":{"zero":"এইমাত্র","one":"১ ঘন্টা পূর্বে","two":"{{value}} ঘন্টা পূর্বে","few":"{{value}} ঘন্টা পূর্বে","many":"{{value}} ঘন্টা পূর্বে","other":"{{value}} ঘন্টা পূর্বে"}},"days-ago-long":{"_index":["plural","value"],"_":{"zero":"আজ","one":"গতকাল","two":"{{value}} দিন পূর্বে","few":"{{value}} দিন পূর্বে","many":"{{value}} দিন পূর্বে","other":"{{value}} দিন পূর্বে"}},"weeks-ago-long":{"_index":["plural","value"],"_":{"zero":"এই সপ্তাহে","one":"গত সপ্তাহ","two":"{{value}} সপ্তাহ পূর্বে","few":"{{value}} সপ্তাহ পূর্বে","many":"{{value}} সপ্তাহ পূর্বে","other":"{{value}} সপ্তাহ পূর্বে"}},"months-ago-long":{"_index":["plural","value"],"_":{"zero":"চলতি মাস","one":"গত মাস","two":"{{value}} মাস পূর্বে","few":"{{value}} মাস পূর্বে","many":"{{value}} মাস পূর্বে","other":"{{value}} মাস পূর্বে"}},"years-ago-long":{"_index":["plural","value"],"_":{"zero":"এই বছর","one":"গত বছর","two":"{{value}} বছর আগে","few":"{{value}} বছর পূর্বে","many":"{{value}} বছর পূর্বে","other":"{{value}} বছর পূর্বে"}},"minutes-until-long":{"_index":["plural","value"],"_":{"zero":"এখন","one":"এক মিনিটের মধ্যে","two":"{{value}} মিনিটের মধ্যে","few":"{{value}} মিনিটের মধ্যে","many":"{{value}} মিনিটের মধ্যে","other":"{{value}} মিনিটের মধ্যে"}},"hours-until-long":{"_index":["plural","value"],"_":{"zero":"এখন","one":"এক ঘন্টার মধ্যে","two":"{{value}} ঘন্টার মধ্যে","few":"{{value}} ঘন্টার মধ্যে","many":"{{value}} ঘন্টার মধ্যে","other":"{{value}} ঘন্টার মধ্যে"}},"days-until-long":{"_index":["plural","value"],"_":{"zero":"আজ","one":"আগামীকাল","two":"{{value}} দিনের মধ্যে","few":"{{value}} দিনের মধ্যে","many":"{{value}} দিনের মধ্যে","other":"{{value}} দিনের মধ্যে"}},"weeks-until-long":{"_index":["plural","value"],"_":{"zero":"এই সপ্তাহ","one":"পরবর্তী সপ্তাহ","two":"{{value}} সপ্তাহের মধ্যে","few":"{{value}} সপ্তাহের মধ্যে","many":"{{value}} সপ্তাহের মধ্যে","other":"{{value}} সপ্তাহের মধ্যে"}},"months-until-long":{"_index":["plural","value"],"_":{"zero":"এই মাস","one":"পরবর্তী মাস","two":"{{value}} মাসের মধ্যে","few":"{{value}} মাসের মধ্যে","many":"{{value}} মাসের মধ্যে","other":"{{value}} মাসের মধ্যে"}},"years-until-long":{"_index":["plural","value"],"_":{"zero":"এই বছর","one":"আগামী বছর","two":"{{value}} বছরের মধ্যে","few":"{{value}} বছরের মধ্যে","many":"{{value}} বছরের মধ্যে","other":"{{value}} বছরের মধ্যে"}},"minutes-ago-short":{"_index":["plural","value"],"_":{"zero":"এইমাত্র","other":"{{value}}মি. পূর্বে"}},"hours-ago-short":{"_index":["plural","value"],"_":{"zero":"এইমাত্র","other":"{{value}}ঘন্টা পূর্বে"}},"days-ago-short":{"_index":["plural","value"],"_":{"zero":"আজ","other":"{{value}}দিন পূর্বে"}},"minutes-until-short":{"_index":["plural","value"],"_":{"zero":"এখন","other":"{{value}} মিনিটের মধ্যে"}},"hours-until-short":{"_index":["plural","value"],"_":{"zero":"এখন","other":"{{value}}ঘন্টার মধ্যে"}},"days-until-short":{"_index":["plural","value"],"_":{"zero":"আজ","other":"{{value}}দিনের মধ্যে"}},"incorrectDate":"(ভুল তারিখ)","dateTimeFormat_%c":"%a %b %e %Y %I:%M:%S %p","dateTimeFormat_%x":"%m/%d/%Y","dateTimeFormat_%X":"%I:%M:%S %p","shortTimeFormat":"%I:%M %p","shortDateTimeFormat":"%x %I:%M %p","weekStartsOnMonday":"0","time_am":"AM","time_pm":"PM"}