{"number-selected2":{"_index":["plural","n"],"_":{"zero":"Pilih","one":"{{ n }} dipilih","two":"{{ n }} dipilih","few":"{{ n }} dipilih","many":"{{ n }} dipilih","other":"{{ n }} dipilih"}},"delete-n-items?":{"_index":["plural","n"],"_":{"zero":"Tiada yang dipilih","one":"Hapus item yang dipilih?","two":"Hapus {{ n }} item?","few":"Hapus {{ n }} item?","many":"Hapus {{ n }} item?","other":"Hapus {{ n }} item?"}},"share-noprovider":"Cuba berkongsi satu video pada satu-satu masa.","videos":"Video","cancel":"Cancel","delete-video?":"Delete video?","empty-title":"Tambah video untuk memulakan","empty-text":"Memuat video pada kad memori.","nocard2-title":"Kad memori tidak ditemui","nocard3-text":"Masukkan kad memori untuk menonton video.","pluggedin-title":"Video tidak dapat ditonton ketika dicucuk ke palam","pluggedin-text":"Cabut palam telefon untuk menonton video.","upgrade-title":"Naiktaraf Pangkalan Data","upgrade-text":"Sila tunggu ketika Video mengemaskini pangkalan datanya.","confirm-delete":"Adakah anda pasti untuk menghapus:","pick-title":"Pilih video","save":"Simpan","saved":"Menyimpan {{title}} pada Video","error-network":"Video tidak dapat dimuat turun disebabkan ralat rangkaian.","error-unsupported":"Video tidak dapat dimainkan: sama ada disebabkan pelayan atau rangkaian yang gagal atau disebabkan format yang tidak disokong.","error-unknown":"Ralat video tidak diketahui berlaku.","overlay-cancel-button":"Cancel","overlay-camera-button":"Pergi ke Kamera","name-label":"Nama","length-label":"Panjang","size-label":"Saiz","video-type-label":"Jenis Video ","date-taken-label":"Tarikh Diambil","resolution-label":"Resolusi","close-button":"Tutup","byteUnit-B":"Bait","byteUnit-KB":"KB","byteUnit-MB":"MB","byteUnit-GB":"GB","byteUnit-TB":"TB","byteUnit-PB":"PB","byteUnit-EB":"EB","byteUnit-ZB":"ZB","byteUnit-YB":"YB","date-group-header":"%B %Y","share":"Share","more-info":"More info","delete":"Delete","weekday-0-long":"Ahad","weekday-1-long":"Isnin","weekday-2-long":"Selasa","weekday-3-long":"Rabu","weekday-4-long":"Khamis","weekday-5-long":"Jumaat","weekday-6-long":"Sabtu","weekday-0-short":"Ahad","weekday-1-short":"Isnin","weekday-2-short":"Selasa","weekday-3-short":"Rabu","weekday-4-short":"Khamis","weekday-5-short":"Jumaat","weekday-6-short":"Sabtu","month-0-long":"Januari","month-1-long":"Februari","month-2-long":"Mac","month-3-long":"April","month-4-long":"Mei","month-5-long":"Jun","month-6-long":"Julai","month-7-long":"Ogos","month-8-long":"September","month-9-long":"Oktober","month-10-long":"November","month-11-long":"Disember","month-0-genitive":"Januari","month-1-genitive":"Februari","month-2-genitive":"Mac","month-3-genitive":"April","month-4-genitive":"Mei","month-5-genitive":"Jun","month-6-genitive":"Julai","month-7-genitive":"Ogos","month-8-genitive":"September","month-9-genitive":"Oktober","month-10-genitive":"November","month-11-genitive":"Disember","month-0-short":"Jan","month-1-short":"Feb","month-2-short":"Mac","month-3-short":"Apr","month-4-short":"Mei","month-5-short":"Jun","month-6-short":"Jul","month-7-short":"Ogos","month-8-short":"Sep","month-9-short":"Okt","month-10-short":"Nov","month-11-short":"Dis","minutes-ago-long":{"_index":["plural","value"],"_":{"zero":"sebentar tadi","one":"satu minit lalu","two":"{{value}} minit lalu","few":"{{value}} minit lalu","many":"{{value}} minit lalu","other":"{{value}} minit lalu"}},"hours-ago-long":{"_index":["plural","value"],"_":{"zero":"sebentar tadi","one":"sejam yang lalu","two":"{{value}} jam lalu","few":"{{value}} jam lalu","many":"{{value}} jam lalu","other":"{{value}} jam lalu"}},"days-ago-long":{"_index":["plural","value"],"_":{"zero":"hari ini","one":"semalam","two":"{{value}} hari lalu","few":"{{value}} hari lalu","many":"{{value}} hari lalu","other":"{{value}} hari lalu"}},"weeks-ago-long":{"_index":["plural","value"],"_":{"zero":"minggu ini","one":"minggu lalu","two":"{{value}} minggu lalu","few":"{{value}} minggu lalu","many":"{{value}} minggu lalu","other":"{{value}} minggu lalu"}},"months-ago-long":{"_index":["plural","value"],"_":{"zero":"bulan ini","one":"bulan lalu","two":"{{value}} bulan lalu","few":"{{value}} bulan lalu","many":"{{value}} minit lalu","other":"{{value}} minit lalu"}},"years-ago-long":{"_index":["plural","value"],"_":{"zero":"tahun ini","one":"tahun lalu","two":"{{value}} tahun lalu","few":"{{value}} tahun lalu","many":"{{value}} tahun lalu","other":"{{value}} tahun lalu"}},"minutes-until-long":{"_index":["plural","value"],"_":{"zero":"sekarang","one":"dalam satu minit","two":"dalam {{value}} minit","few":"dalam {{value}} minit","many":"dalam {{value}} minit","other":"dalam {{value}} minit"}},"hours-until-long":{"_index":["plural","value"],"_":{"zero":"sekarang","one":"dalam satu jam","two":"dalam {{value}} jam","few":"dalam {{value}} jam","many":"dalam {{value}} jam","other":"dalam {{value}} jam"}},"days-until-long":{"_index":["plural","value"],"_":{"zero":"hari ini","one":"esok","two":"dalam {{value}} hari","few":"dalam {{value}} hari","many":"dalam {{value}} hari","other":"dalam {{value}} hari"}},"weeks-until-long":{"_index":["plural","value"],"_":{"zero":"minggu ini","one":"minggu depan","two":"dalam {{value}} minggu","few":"dalam {{value}} minggu","many":"dalam {{value}} minggu","other":"dalam {{value}} minggu"}},"months-until-long":{"_index":["plural","value"],"_":{"zero":"bulan ini","one":"bulan depan","two":"dalam {{value}} bulan","few":"dalam {{value}} bulan","many":"dalam {{value}} bulan","other":"dalam {{value}} bulan"}},"years-until-long":{"_index":["plural","value"],"_":{"zero":"tahun ini","one":"tahun depan","two":"dalam {{value}} tahun","few":"dalam {{value}} tahun","many":"dalam {{value}} tahun","other":"dalam {{value}} tahun"}},"minutes-ago-short":{"_index":["plural","value"],"_":{"zero":"sebentar tadi","other":"{{value}} minit lalu"}},"hours-ago-short":{"_index":["plural","value"],"_":{"zero":"sebentar tadi","other":"{{value}} jam lalu"}},"days-ago-short":{"_index":["plural","value"],"_":{"zero":"hari ini","other":"{{value}} hari lalu"}},"minutes-until-short":{"_index":["plural","value"],"_":{"zero":"sekarang","other":"dalam {{value}} minit"}},"hours-until-short":{"_index":["plural","value"],"_":{"zero":"sekarang","other":"dalam {{value}} jam"}},"days-until-short":{"_index":["plural","value"],"_":{"zero":"hari ini","other":"dalam {{value}} hari"}},"incorrectDate":"(tarikh tidak betul)","dateTimeFormat_%c":"%a %b %e %Y %I:%M:%S %p","dateTimeFormat_%x":"%m/%d/%Y","dateTimeFormat_%X":"%I:%M:%S %p","shortTimeFormat":"%I:%M %p","shortDateTimeFormat":"%x %I:%M %p","weekStartsOnMonday":"0","time_am":"PG","time_pm":"PTG"}