{"number-selected2":{"_index":["plural","n"],"_":{"zero":"選取","one":"已選擇 {{ n }} 段","two":"已選擇 {{ n }} 段","few":"已選擇 {{ n }} 段","many":"已選擇 {{ n }} 段","other":"已選擇 {{ n }} 段"}},"delete-n-items?":{"_index":["plural","n"],"_":{"zero":"未選取項目","one":"刪除選取的項目？","two":"刪除這 {{ n }} 項？","few":"刪除這 {{ n }} 項？","many":"刪除這 {{ n }} 項？","other":"刪除這 {{ n }} 項？"}},"share-noprovider":"試著一次分享一段影片。","videos":"影片","cancel":"取消","delete-video?":"刪除影片？","empty-title":"加入影片以開始使用","empty-text":"傳送影片到記憶卡中。","nocard2-title":"找不到記憶卡","nocard3-text":"插入記憶卡以觀賞影片。","pluggedin-title":"連接到電腦時無法看影片","pluggedin-text":"拔除連接線以觀賞影片。","upgrade-title":"資料庫升級","upgrade-text":"影片資料庫升級中，請稍候。","confirm-delete":"您確定要刪除：","pick-title":"選擇一段影片","save":"儲存","saved":"已將 {{title}} 儲存至影片庫","error-network":"發生網路錯誤造成影片無法下載。","error-unsupported":"無法播放影片：可能是伺服器或網路問題，或檔案格式不支援。","error-unknown":"發生未知的影片錯誤。","overlay-cancel-button":"取消","overlay-camera-button":"前往相機","name-label":"名稱","length-label":"長度","size-label":"大小","video-type-label":"視訊類型","date-taken-label":"拍攝日期","resolution-label":"解析度","close-button":"關閉","byteUnit-B":"位元組","byteUnit-KB":"KB","byteUnit-MB":"MB","byteUnit-GB":"GB","byteUnit-TB":"TB","byteUnit-PB":"PB","byteUnit-EB":"EB","byteUnit-ZB":"ZB","byteUnit-YB":"YB","date-group-header":"%Y 年 %b","share":"分享","more-info":"更多資訊","delete":"刪除","weekday-0-long":"星期日","weekday-1-long":"星期一","weekday-2-long":"星期二","weekday-3-long":"星期三","weekday-4-long":"星期四","weekday-5-long":"星期五","weekday-6-long":"星期六","weekday-0-short":"日","weekday-1-short":"一","weekday-2-short":"二","weekday-3-short":"三","weekday-4-short":"四","weekday-5-short":"五","weekday-6-short":"六","month-0-long":"一月","month-1-long":"二月","month-2-long":"三月","month-3-long":"四月","month-4-long":"五月","month-5-long":"六月","month-6-long":"七月","month-7-long":"八月","month-8-long":"九月","month-9-long":"十月","month-10-long":"十一月","month-11-long":"十二月","month-0-genitive":"1 月","month-1-genitive":"2 月","month-2-genitive":"3 月","month-3-genitive":"4 月","month-4-genitive":"5 月","month-5-genitive":"6 月","month-6-genitive":"7 月","month-7-genitive":"8 月","month-8-genitive":"9 月","month-9-genitive":"10 月","month-10-genitive":"11 月","month-11-genitive":"12 月","month-0-short":"1 月","month-1-short":"2 月","month-2-short":"3 月","month-3-short":"4 月","month-4-short":"5 月","month-5-short":"6 月","month-6-short":"7 月","month-7-short":"8 月","month-8-short":"9 月","month-9-short":"10 月","month-10-short":"11 月","month-11-short":"12 月","minutes-ago-long":{"_index":["plural","value"],"_":{"zero":"剛剛","one":"1 分鐘前","two":"{{value}} 分鐘前","few":"{{value}} 分鐘前","many":"{{value}} 分鐘前","other":"{{value}} 分鐘前"}},"hours-ago-long":{"_index":["plural","value"],"_":{"zero":"剛剛","one":"1 小時前","two":"{{value}} 小時前","few":"{{value}} 小時前","many":"{{value}} 小時前","other":"{{value}} 小時前"}},"days-ago-long":{"_index":["plural","value"],"_":{"zero":"今天","one":"昨天","two":"{{value}} 天前","few":"{{value}} 天前","many":"{{value}} 天前","other":"{{value}} 天前"}},"weeks-ago-long":{"_index":["plural","value"],"_":{"zero":"本週","one":"上週","two":"{{value}} 週前","few":"{{value}} 週前","many":"{{value}} 週前","other":"{{value}} 週前"}},"months-ago-long":{"_index":["plural","value"],"_":{"zero":"本月","one":"上月","two":"{{value}} 月前","few":"{{value}} 月前","many":"{{value}} 月前","other":"{{value}} 月前"}},"years-ago-long":{"_index":["plural","value"],"_":{"zero":"今年","one":"去年","two":"{{value}} 年前","few":"{{value}} 年前","many":"{{value}} 年前","other":"{{value}} 年前"}},"minutes-until-long":{"_index":["plural","value"],"_":{"zero":"現在","one":"1 分鐘內","two":"{{value}} 分鐘內","few":"{{value}} 分鐘內","many":"{{value}} 分鐘內","other":"{{value}} 分鐘內"}},"hours-until-long":{"_index":["plural","value"],"_":{"zero":"現在","one":"1 小時內","two":"{{value}} 小時前","few":"{{value}} 小時前","many":"{{value}} 小時前","other":"{{value}} 小時前"}},"days-until-long":{"_index":["plural","value"],"_":{"zero":"今天","one":"明天","two":"{{value}} 天內","few":"{{value}} 天內","many":"{{value}} 天內","other":"{{value}} 天內"}},"weeks-until-long":{"_index":["plural","value"],"_":{"zero":"本週","one":"下週","two":"{{value}} 週內","few":"{{value}} 週內","many":"{{value}} 週內","other":"{{value}} 週內"}},"months-until-long":{"_index":["plural","value"],"_":{"zero":"本月","one":"下月","two":"{{value}} 月內","few":"{{value}} 月內","many":"{{value}} 月內","other":"{{value}} 月內"}},"years-until-long":{"_index":["plural","value"],"_":{"zero":"今年","one":"明年","two":"{{value}} 年內","few":"{{value}} 年內","many":"{{value}} 年內","other":"{{value}} 年內"}},"minutes-ago-short":{"_index":["plural","value"],"_":{"zero":"剛剛","other":"{{value}} 分鐘前"}},"hours-ago-short":{"_index":["plural","value"],"_":{"zero":"剛剛","other":"{{value}} 小時前"}},"days-ago-short":{"_index":["plural","value"],"_":{"zero":"今天","other":"{{value}} 天前"}},"minutes-until-short":{"_index":["plural","value"],"_":{"zero":"現在","other":"{{value}} 分內"}},"hours-until-short":{"_index":["plural","value"],"_":{"zero":"現在","other":"{{value}} 時內"}},"days-until-short":{"_index":["plural","value"],"_":{"zero":"今天","other":"{{value}} 天內"}},"incorrectDate":"（日期不正確）","dateTimeFormat_%c":"%Y年%b%d日 %a %p %I:%M:%S","dateTimeFormat_%x":"%Y/%m/%d","dateTimeFormat_%X":"%p %I:%M:%S","shortTimeFormat":"%p %I:%M","shortDateTimeFormat":"%x %p %I:%M","weekStartsOnMonday":"1","time_am":"上午","time_pm":"下午"}