{"weekday-0-long":"Неделя","weekday-1-long":"Понеделник","weekday-2-long":"Вторник","weekday-3-long":"Сряда","weekday-4-long":"Четвъртък","weekday-5-long":"Петък","weekday-6-long":"Събота","weekday-0-short":"Нед","weekday-1-short":"Пон","weekday-2-short":"Вт","weekday-3-short":"Ср","weekday-4-short":"Чет","weekday-5-short":"Пет","weekday-6-short":"Съб","month-0-long":"Януари","month-1-long":"Февруари","month-2-long":"Maрт","month-3-long":"Aприл","month-4-long":"Май","month-5-long":"Юни","month-6-long":"Юли","month-7-long":"Август","month-8-long":"Септември","month-9-long":"Oктомври","month-10-long":"Ноември","month-11-long":"Декември","month-0-genitive":"Януари","month-1-genitive":"Февруари","month-2-genitive":"Maрт","month-3-genitive":"Aприл","month-4-genitive":"Май","month-5-genitive":"Юни","month-6-genitive":"Юли","month-7-genitive":"Август","month-8-genitive":"Септември","month-9-genitive":"Oктомври","month-10-genitive":"Ноември","month-11-genitive":"Декември","month-0-short":"Ян","month-1-short":"Фев","month-2-short":"Мар","month-3-short":"Апр","month-4-short":"Май","month-5-short":"Юни","month-6-short":"Юли","month-7-short":"Авг","month-8-short":"Сеп","month-9-short":"Окт","month-10-short":"Ное","month-11-short":"Дек","minutes-ago-long":{"_index":["plural","value"],"_":{"zero":"в момента","one":"преди минута","two":"преди {{value}} минути","few":"преди {{value}} минути","many":"преди {{value}} минути","other":"преди {{value}} минути"}},"hours-ago-long":{"_index":["plural","value"],"_":{"zero":"в момента","one":"преди час","two":"преди {{value}} часа","few":"преди {{value}} часа","many":"преди {{value}} часа","other":"преди {{value}} часа"}},"days-ago-long":{"_index":["plural","value"],"_":{"zero":"днес","one":"вчера","two":"преди {{value}} дни","few":"преди {{value}} дни","many":"преди {{value}} дни","other":"преди {{value}} дни"}},"weeks-ago-long":{"_index":["plural","value"],"_":{"zero":"тази седмица","one":"миналата седмица","two":"преди {{value}} седмици","few":"преди {{value}} седмици","many":"преди {{value}} седмици","other":"преди {{value}} седмици"}},"months-ago-long":{"_index":["plural","value"],"_":{"zero":"този месец","one":"миналия месец","two":"преди {{value}} месеца","few":"преди {{value}} месеца","many":"преди {{value}} месеца","other":"преди {{value}} месеца"}},"years-ago-long":{"_index":["plural","value"],"_":{"zero":"тази година","one":"миналата година","two":"преди {{value}} години","few":"преди {{value}} години","many":"преди {{value}} години","other":"преди {{value}} години"}},"minutes-until-long":{"_index":["plural","value"],"_":{"zero":"now","one":"in a minute","two":"in {{value}} minutes","few":"in {{value}} minutes","many":"in {{value}} minutes","other":"in {{value}} minutes"}},"hours-until-long":{"_index":["plural","value"],"_":{"zero":"сега","one":"до един час","two":"след {{value}} часа","few":"след {{value}} часа","many":"след {{value}} часа","other":"след {{value}} часа"}},"days-until-long":{"_index":["plural","value"],"_":{"zero":"днес","one":"утре","two":"след {{value}} дни","few":"след {{value}} дни","many":"след {{value}} дни","other":"след {{value}} дни"}},"weeks-until-long":{"_index":["plural","value"],"_":{"zero":"тази седмица","one":"другата седмица","two":"след {{value}} седмици","few":"след {{value}} седмици","many":"след {{value}} седмици","other":"след {{value}} седмици"}},"months-until-long":{"_index":["plural","value"],"_":{"zero":"този месец","one":"другия месец","two":"след {{value}} месеца","few":"след {{value}} месеца","many":"след {{value}} месеца","other":"след {{value}} месеца"}},"years-until-long":{"_index":["plural","value"],"_":{"zero":"тази година","one":"следващата година","two":"след {{value}} години","few":"след {{value}} години","many":"след {{value}} години","other":"след {{value}} години"}},"minutes-ago-short":{"_index":["plural","value"],"_":{"zero":"в момента","other":"преди {{value}}мин."}},"hours-ago-short":{"_index":["plural","value"],"_":{"zero":"в момента","other":"преди {{value}}ч."}},"days-ago-short":{"_index":["plural","value"],"_":{"zero":"днес","other":"преди {{value}}дни"}},"minutes-until-short":{"_index":["plural","value"],"_":{"zero":"сега","other":"след {{value}}мин."}},"hours-until-short":{"_index":["plural","value"],"_":{"zero":"сега","other":"след {{value}}ч."}},"days-until-short":{"_index":["plural","value"],"_":{"zero":"днес","other":"след {{value}}дни"}},"incorrectDate":"(невалидна дата)","dateTimeFormat_%c":"%a, %e %b %Y %H:%M:%S","dateTimeFormat_%x":"%d %m %Y","dateTimeFormat_%X":"%H:%M:%S","shortTimeFormat":"%H:%M","shortDateTimeFormat":"%x %H:%M","weekStartsOnMonday":"1","time_am":"AM","time_pm":"PM","reset":"Анулиране","start":"Старт","stop":"Стоп","cancel":"Отказ","hour":"Час","hours":"Часове","minute":"Минута","minutes":"Минути","alarm":"Аларма","timer":"Таймер","stopwatch":"Хронометър","alarmName":{"placeholder":"Име на алармата"},"newAlarm":"Нова аларма","editAlarm":"Промяна","pause":"Пауза","resume":"Продължение","lap":"Обиколка","lap-number":"Обиколка {{n}}","delete":"Изтриване","time":"Време","snooze-label":"Snooze","snooze-button":"Snooze","repeat":"Повтаряне","vibrate":"Вибрация","close":"Затваряне","save":"Запазване","done":"Готово","closeButton":{"ariaLabel":"Close"},"newAlarmButton":{"ariaLabel":"New alarm"},"alarm-volume-label":"System Alarm Volume","sound":"Звук","noSound":"Без звук","everyday":"Всеки ден","weekdays":"Делници","weekends":"Събота и неделя","never":"Никога","vibrateOn":"Включена","vibrateOff":"Изключена","plusMinute":"+1 Min","dateFormat":"%A, %e %B","countdown-lessThanAnHour":"Алармата е настроена за след <strong>{{minutes}}</strong>.","countdown-moreThanAnHour":"Алармата е настроена за след {{hours}} {{minutes}}.","countdown-moreThanADay":"Алармата е настроена за след {{days}} {{hours}}.","nMinutes":{"_index":["plural","n"],"_":{"zero":"по-малко от минута","one":"една минута","two":"{{n}} минути","few":"{{n}} минути","many":"{{n}} минути","other":"{{n}} минути"}},"nHours":{"_index":["plural","n"],"_":{"one":"<strong>{{n}} час</strong>","two":"<strong>{{n}} часа</strong>","few":"<strong>{{n}} часа</strong>","many":"<strong>{{n}} часа</strong>","other":"<strong>{{n}} часа</strong>"}},"nAndRemainHours":{"_index":["plural","n"],"_":{"one":"<strong>{{n}} час</strong>","two":"<strong>{{n}} часа</strong>","few":"<strong>{{n}} часа</strong>","many":"<strong>{{n}} часове</strong>","other":"<strong>{{n}} часа</strong>"}},"nRemainDays":{"_index":["plural","n"],"_":{"one":"<strong>{{n}} ден</strong>","two":"<strong>{{n}} дни</strong>","few":"<strong>{{n}} дни</strong>","many":"<strong>{{n}} дни</strong>","other":"<strong>{{n}} дни</strong>"}},"nRemainMinutes":{"_index":["plural","n"],"_":{"one":"and <strong>{{n}} минута</strong>","two":"and <strong>{{n}} минути</strong>","few":"and <strong>{{n}} минути</strong>","many":"and <strong>{{n}} минути</strong>","other":"and <strong>{{n}} минути</strong>"}},"nSpinnerSeconds":{"_index":["plural","n"],"_":{"zero":"zero seconds","one":"one second","two":"{{n}} seconds","few":"{{n}} seconds","many":"{{n}} seconds","other":"{{n}} seconds"}},"nSpinnerMinutes":{"_index":["plural","n"],"_":{"zero":"zero minutes","one":"one minute","two":"{{n}} minutes","few":"{{n}} minutes","many":"{{n}} minutes","other":"{{n}} minutes"}},"nSpinnerHours":{"_index":["plural","n"],"_":{"zero":"zero hours","one":"{{n}} hour","two":"{{n}} hours","few":"{{n}} hours","many":"{{n}} hours","other":"{{n}} hours"}},"ac_classic_clock_alarm_opus":"Classic Buzz","ac_classic_clock_alarm_prog_opus2":"Pulse Progressive","ac_classic_clock_radio_opus":"Classic Pulse","ac_normal_gem_echoes_opus":"Gem Echoes","ac_soft_smooth_strings_opus":"Smooth Strings","ac_soft_humming_waves_opus":"Shimmering Waves","ac_normal_ringing_strings_opus":"Ringing Strings","ac_soft_into_the_void_opus":"Into the Void"}