{"weekday-0-long":"রবিবার","weekday-1-long":"সোমবার","weekday-2-long":"মঙ্গলবার","weekday-3-long":"বুধবার","weekday-4-long":"বৃহস্পতিবার","weekday-5-long":"শুক্রবার","weekday-6-long":"শনিবার","weekday-0-short":"রবি","weekday-1-short":"সোম","weekday-2-short":"মঙ্গল","weekday-3-short":"বুধ","weekday-4-short":"বৃহঃ","weekday-5-short":"শুক্র","weekday-6-short":"শনি","month-0-long":"জানুয়ারি","month-1-long":"ফেব্রুয়ারি","month-2-long":"মার্চ","month-3-long":"এপ্রিল","month-4-long":"মে","month-5-long":"জুন","month-6-long":"জুলাই","month-7-long":"আগস্ট","month-8-long":"সেপ্টেম্বর","month-9-long":"অক্টোবর","month-10-long":"নভেম্বর","month-11-long":"ডিসেম্বর","month-0-genitive":"জানুয়ারি","month-1-genitive":"ফেব্রুয়ারি","month-2-genitive":"মার্চ","month-3-genitive":"এপ্রিল","month-4-genitive":"মে","month-5-genitive":"জুন","month-6-genitive":"জুলাই","month-7-genitive":"আগস্ট","month-8-genitive":"সেপ্টেম্বর","month-9-genitive":"অক্টোবর","month-10-genitive":"নভেম্বর","month-11-genitive":"ডিসেম্বর","month-0-short":"জানু","month-1-short":"ফেব্রু","month-2-short":"মার্চ","month-3-short":"এপ্রিল","month-4-short":"মে","month-5-short":"জুন","month-6-short":"জুলাই","month-7-short":"আগস্ট","month-8-short":"সেপ্ট","month-9-short":"অক্টো","month-10-short":"নভে","month-11-short":"ডিসে","minutes-ago-long":{"_index":["plural","value"],"_":{"zero":"এইমাত্র","one":"১ মিনিট পূর্বে","two":"{{value}} মিনিট পূর্বে","few":"{{value}} মিনিট পূর্বে","many":"{{value}} মিনিট পূর্বে","other":"{{value}} মিনিট পূর্বে"}},"hours-ago-long":{"_index":["plural","value"],"_":{"zero":"এইমাত্র","one":"১ ঘন্টা পূর্বে","two":"{{value}} ঘন্টা পূর্বে","few":"{{value}} ঘন্টা পূর্বে","many":"{{value}} ঘন্টা পূর্বে","other":"{{value}} ঘন্টা পূর্বে"}},"days-ago-long":{"_index":["plural","value"],"_":{"zero":"আজ","one":"গতকাল","two":"{{value}} দিন পূর্বে","few":"{{value}} দিন পূর্বে","many":"{{value}} দিন পূর্বে","other":"{{value}} দিন পূর্বে"}},"weeks-ago-long":{"_index":["plural","value"],"_":{"zero":"এই সপ্তাহে","one":"গত সপ্তাহ","two":"{{value}} সপ্তাহ পূর্বে","few":"{{value}} সপ্তাহ পূর্বে","many":"{{value}} সপ্তাহ পূর্বে","other":"{{value}} সপ্তাহ পূর্বে"}},"months-ago-long":{"_index":["plural","value"],"_":{"zero":"চলতি মাস","one":"গত মাস","two":"{{value}} মাস পূর্বে","few":"{{value}} মাস পূর্বে","many":"{{value}} মাস পূর্বে","other":"{{value}} মাস পূর্বে"}},"years-ago-long":{"_index":["plural","value"],"_":{"zero":"এই বছর","one":"গত বছর","two":"{{value}} বছর আগে","few":"{{value}} বছর পূর্বে","many":"{{value}} বছর পূর্বে","other":"{{value}} বছর পূর্বে"}},"minutes-until-long":{"_index":["plural","value"],"_":{"zero":"এখন","one":"এক মিনিটের মধ্যে","two":"{{value}} মিনিটের মধ্যে","few":"{{value}} মিনিটের মধ্যে","many":"{{value}} মিনিটের মধ্যে","other":"{{value}} মিনিটের মধ্যে"}},"hours-until-long":{"_index":["plural","value"],"_":{"zero":"এখন","one":"এক ঘন্টার মধ্যে","two":"{{value}} ঘন্টার মধ্যে","few":"{{value}} ঘন্টার মধ্যে","many":"{{value}} ঘন্টার মধ্যে","other":"{{value}} ঘন্টার মধ্যে"}},"days-until-long":{"_index":["plural","value"],"_":{"zero":"আজ","one":"আগামীকাল","two":"{{value}} দিনের মধ্যে","few":"{{value}} দিনের মধ্যে","many":"{{value}} দিনের মধ্যে","other":"{{value}} দিনের মধ্যে"}},"weeks-until-long":{"_index":["plural","value"],"_":{"zero":"এই সপ্তাহ","one":"পরবর্তী সপ্তাহ","two":"{{value}} সপ্তাহের মধ্যে","few":"{{value}} সপ্তাহের মধ্যে","many":"{{value}} সপ্তাহের মধ্যে","other":"{{value}} সপ্তাহের মধ্যে"}},"months-until-long":{"_index":["plural","value"],"_":{"zero":"এই মাস","one":"পরবর্তী মাস","two":"{{value}} মাসের মধ্যে","few":"{{value}} মাসের মধ্যে","many":"{{value}} মাসের মধ্যে","other":"{{value}} মাসের মধ্যে"}},"years-until-long":{"_index":["plural","value"],"_":{"zero":"এই বছর","one":"আগামী বছর","two":"{{value}} বছরের মধ্যে","few":"{{value}} বছরের মধ্যে","many":"{{value}} বছরের মধ্যে","other":"{{value}} বছরের মধ্যে"}},"minutes-ago-short":{"_index":["plural","value"],"_":{"zero":"এইমাত্র","other":"{{value}}মি. পূর্বে"}},"hours-ago-short":{"_index":["plural","value"],"_":{"zero":"এইমাত্র","other":"{{value}}ঘন্টা পূর্বে"}},"days-ago-short":{"_index":["plural","value"],"_":{"zero":"আজ","other":"{{value}}দিন পূর্বে"}},"minutes-until-short":{"_index":["plural","value"],"_":{"zero":"এখন","other":"{{value}} মিনিটের মধ্যে"}},"hours-until-short":{"_index":["plural","value"],"_":{"zero":"এখন","other":"{{value}}ঘন্টার মধ্যে"}},"days-until-short":{"_index":["plural","value"],"_":{"zero":"আজ","other":"{{value}}দিনের মধ্যে"}},"incorrectDate":"(ভুল তারিখ)","dateTimeFormat_%c":"%a %b %e %Y %I:%M:%S %p","dateTimeFormat_%x":"%m/%d/%Y","dateTimeFormat_%X":"%I:%M:%S %p","shortTimeFormat":"%I:%M %p","shortDateTimeFormat":"%x %I:%M %p","weekStartsOnMonday":"0","time_am":"AM","time_pm":"PM","reset":"রিসেট","start":"শুরু","stop":"থামুন","cancel":"বাতিল","hour":"ঘন্টা","hours":"ঘন্টা","minute":"মিনিট","minutes":"মিনিট","alarm":"অ্যালার্ম","timer":"টাইমার","stopwatch":"স্টপওয়াচ","alarmName":{"placeholder":"অ্যালার্মের নাম"},"newAlarm":"নতুন অ্যালার্ম","editAlarm":"অ্যালার্ম সম্পাদনা","pause":"বিরতি","resume":"পুনরায় আরম্ভ","lap":"ল্যাপ","lap-number":"ল্যাপ {{n}}","delete":"অপসারণ","time":"সময়","snooze-label":"তন্দ্রাচ্ছন্ন","snooze-button":"তন্দ্রাচ্ছন্ন","repeat":"পুনরাবৃত্তি","vibrate":"ভাইব্রেট","close":"বন্ধ","save":"সংরক্ষণ","done":"সম্পন্ন","closeButton":{"ariaLabel":"বন্ধ"},"newAlarmButton":{"ariaLabel":"নতুন অ্যালার্ম"},"alarm-volume-label":"সিস্টেম অ্যালার্ম ভলিউম ","sound":"শব্দ","noSound":"নিঃশব্দ","everyday":"প্রতিদিন","weekdays":"কর্মদিবস","weekends":"ছুটির দিন","never":"কখনও না","vibrateOn":"চালু","vibrateOff":"বন্ধ","plusMinute":"+1 মিনিট","dateFormat":"%A, %B %e","countdown-lessThanAnHour":"এই অ্যালার্মটি এখন থেকে <strong>{{minutes}}</strong> মিনিট পর বেজে উঠবে।","countdown-moreThanAnHour":"এই অ্যালার্মটি এখন থেকে {{hours}} {{minutes}} পর বেজে উঠবে।","countdown-moreThanADay":"অ্যালার্ম এখন থেকে {{days}} {{hours}} পর বেজে উঠবে।","nMinutes":{"_index":["plural","n"],"_":{"zero":"এক মিনিটেরও কম","one":"এক মিনিট","two":"{{n}} মিনিট","few":"{{n}} মিনিট","many":"{{n}} মিনিট","other":"{{n}} মিনিট"}},"nHours":{"_index":["plural","n"],"_":{"one":"<strong>{{n}} ঘন্টা</strong>","two":"<strong>{{n}} ঘণ্টা</strong>","few":"<strong>{{n}} ঘণ্টা</strong>","many":"<strong>{{n}} ঘণ্টা</strong>","other":"<strong>{{n}} ঘণ্টা</strong>"}},"nAndRemainHours":{"_index":["plural","n"],"_":{"one":"এবং <strong>{{n}} ঘন্টা</strong>","two":"এবং <strong>{{n}} ঘন্টা</strong>","few":"এবং <strong>{{n}} ঘন্টা</strong>","many":"এবং <strong>{{n}} ঘন্টা</strong>","other":"এবং <strong>{{n}} ঘন্টা</strong>"}},"nRemainDays":{"_index":["plural","n"],"_":{"one":"<strong>{{n}} দিন</strong>","two":"<strong>{{n}} দিন</strong>","few":"<strong>{{n}} দিন</strong>","many":"<strong>{{n}} দিন</strong>","other":"<strong>{{n}} দিন</strong>"}},"nRemainMinutes":{"_index":["plural","n"],"_":{"one":"এবং <strong>{{n}} মিনিট</strong>","two":"এবং <strong>{{n}} মিনিট</strong>","few":"এবং <strong>{{n}} মিনিট</strong>","many":"এবং <strong>{{n}} মিনিট</strong>","other":"এবং <strong>{{n}} মিনিট</strong>"}},"nSpinnerSeconds":{"_index":["plural","n"],"_":{"zero":"শূন্য সেকেন্ড","one":"এক সেকেন্ড","two":"{{n}} সেকেন্ড","few":"{{n}} সেকেন্ড","many":"{{n}} সেকেন্ড","other":"{{n}} সেকেন্ড"}},"nSpinnerMinutes":{"_index":["plural","n"],"_":{"zero":"শুন্য মিনিট","one":"এক মিনিট","two":"{{n}} মিনিট","few":"{{n}} মিনিট","many":"{{n}} মিনিট","other":"{{n}} মিনিট"}},"nSpinnerHours":{"_index":["plural","n"],"_":{"zero":"শুন্য ঘণ্টা","one":"{{n}} ঘণ্টা","two":"{{n}} ঘণ্টা","few":"{{n}} ঘন্টা","many":"{{n}} ঘন্টা","other":"{{n}} ঘন্টা"}},"ac_classic_clock_alarm_opus":"ক্লাসিক বাজ","ac_classic_clock_alarm_prog_opus2":"পালস্‌ প্রগ্রেসিভ","ac_classic_clock_radio_opus":"ক্লাসিক পাল্স","ac_normal_gem_echoes_opus":"জেম ইকোস","ac_soft_smooth_strings_opus":"স্মুথ স্ট্রিংস","ac_soft_humming_waves_opus":"শিমেরিং ওয়েভস","ac_normal_ringing_strings_opus":"রিঙ্গিং স্ট্রিং","ac_soft_into_the_void_opus":"ইনটু দ্যা ভয়েড"}