{"weekday-0-long":"Κυριακή","weekday-1-long":"Δευτέρα","weekday-2-long":"Τρίτη","weekday-3-long":"Τετάρτη","weekday-4-long":"Πέμπτη","weekday-5-long":"Παρασκευή","weekday-6-long":"Σάββατο","weekday-0-short":"Κυρ","weekday-1-short":"Δευ","weekday-2-short":"Τρι","weekday-3-short":"Τετ","weekday-4-short":"Πεμ","weekday-5-short":"Παρ","weekday-6-short":"Σαβ","month-0-long":"Ιανουάριος","month-1-long":"Φεβρουάριος","month-2-long":"Μάρτιος","month-3-long":"Απρίλιος","month-4-long":"Μάιος","month-5-long":"Ιούνιος","month-6-long":"Ιούλιος","month-7-long":"Αύγουστος","month-8-long":"Σεπτέμβριος","month-9-long":"Οκτώβριος","month-10-long":"Νοέμβριος","month-11-long":"Δεκέμβριος","month-0-genitive":"Ιανουαρίου","month-1-genitive":"Φεβρουαρίου","month-2-genitive":"Μαρτίου","month-3-genitive":"Απριλίου","month-4-genitive":"Μαΐου","month-5-genitive":"Ιουνίου","month-6-genitive":"Ιουλίου","month-7-genitive":"Αυγούστου","month-8-genitive":"Σεπτεμβρίου","month-9-genitive":"Οκτωβρίου","month-10-genitive":"Νοεμβρίου","month-11-genitive":"Δεκεμβρίου","month-0-short":"Ιαν","month-1-short":"Φεβ","month-2-short":"Μαρ","month-3-short":"Απρ","month-4-short":"Μάι","month-5-short":"Ιουν","month-6-short":"Ιουλ","month-7-short":"Αυγ","month-8-short":"Σεπ","month-9-short":"Οκτ","month-10-short":"Νοε","month-11-short":"Δεκ","minutes-ago-long":{"_index":["plural","value"],"_":{"zero":"μόλις τώρα","one":"πριν από ένα λεπτό","two":"πριν από {{value}} λεπτά","few":"πριν από {{value}} λεπτά","many":"πριν από {{value}} λεπτά","other":"πριν από {{value}} λεπτά"}},"hours-ago-long":{"_index":["plural","value"],"_":{"zero":"μόλις τώρα","one":"πριν από μία ώρα","two":"πριν από {{value}} ώρες","few":"πριν από {{value}} ώρες","many":"πριν από {{value}} ώρες","other":"πριν από {{value}} ώρες"}},"days-ago-long":{"_index":["plural","value"],"_":{"zero":"σήμερα","one":"χθες","two":"πριν από {{value}} ημέρες","few":"πριν από {{value}} ημέρες","many":"πριν από {{value}} ημέρες","other":"πριν από {{value}} ημέρες"}},"weeks-ago-long":{"_index":["plural","value"],"_":{"zero":"αυτή την εβδομάδα","one":"την τελευταία εβδομάδα","two":"πριν από {{value}} εβδομάδες","few":"πριν από {{value}} εβδομάδες","many":"πριν από {{value}} εβδομάδες","other":"πριν από {{value}} εβδομάδες"}},"months-ago-long":{"_index":["plural","value"],"_":{"zero":"αυτό τον μήνα","one":"τον τελευταίο μήνα","two":"πριν από {{value}} μήνες","few":"πριν από {{value}} μήνες","many":"πριν από {{value}} μήνες","other":"πριν από {{value}} μήνες"}},"years-ago-long":{"_index":["plural","value"],"_":{"zero":"αυτό το έτος","one":"το περασμένο έτος","two":"πριν από {{value}} χρόνια","few":"πριν από {{value}} χρόνια","many":"πριν από {{value}} χρόνια","other":"πριν από {{value}} χρόνια"}},"minutes-until-long":{"_index":["plural","value"],"_":{"zero":"τώρα","one":"σε ένα λεπτό","two":"σε {{value}} λεπτά","few":"σε {{value}} λεπτά","many":"σε {{value}} λεπτά","other":"σε {{value}} λεπτά"}},"hours-until-long":{"_index":["plural","value"],"_":{"zero":"τώρα","one":"σε μία ώρα","two":"σε {{value}} ώρες","few":"σε {{value}} ώρες","many":"σε {{value}} ώρες","other":"σε {{value}} ώρες"}},"days-until-long":{"_index":["plural","value"],"_":{"zero":"σήμερα","one":"αύριο","two":"σε {{value}} ημέρες","few":"σε {{value}} ημέρες","many":"σε {{value}} ημέρες","other":"σε {{value}} ημέρες"}},"weeks-until-long":{"_index":["plural","value"],"_":{"zero":"αυτή την εβδομάδα","one":"την επόμενη εβδομάδα","two":"σε {{value}} εβδομάδες","few":"σε {{value}} εβδομάδες","many":"σε {{value}} εβδομάδες","other":"σε {{value}} εβδομάδες"}},"months-until-long":{"_index":["plural","value"],"_":{"zero":"αυτό τον μήνα","one":"στον επόμενο μήνα","two":"σε {{value}} μήνες","few":"σε {{value}} μήνες","many":"σε {{value}} μήνες","other":"σε {{value}} μήνες"}},"years-until-long":{"_index":["plural","value"],"_":{"zero":"αυτό το έτος","one":"επόμενο έτος","two":"σε {{value}} έτη","few":"σε {{value}} έτη","many":"σε {{value}} έτη","other":"σε {{value}} έτη"}},"minutes-ago-short":{"_index":["plural","value"],"_":{"zero":"τώρα","other":"πριν {{value}}′"}},"hours-ago-short":{"_index":["plural","value"],"_":{"zero":"τώρα","other":"πριν {{value}} ώρ."}},"days-ago-short":{"_index":["plural","value"],"_":{"zero":"σήμερα","other":"πριν {{value}} ημ."}},"minutes-until-short":{"_index":["plural","value"],"_":{"zero":"τώρα","other":"σε {{value}}′"}},"hours-until-short":{"_index":["plural","value"],"_":{"zero":"τώρα","other":"σε {{value}} ώρ."}},"days-until-short":{"_index":["plural","value"],"_":{"zero":"σήμερα","other":"σε {{value}} ημ."}},"incorrectDate":"(λάθος ημερομηνία)","dateTimeFormat_%c":"%a, %e %Eb %Y, %H:%M:%S","dateTimeFormat_%x":"%d/%m/%Y","dateTimeFormat_%X":"%H:%M:%S","shortTimeFormat":"%H:%M","shortDateTimeFormat":"%x %H:%M","weekStartsOnMonday":"0","time_am":"πμ","time_pm":"μμ","reset":"Επαναφορά","start":"Εκκίνηση","stop":"Λήξη","cancel":"Ακύρωση","hour":"Ώρα","hours":"Ώρες","minute":"Λεπτό","minutes":"Λεπτά","alarm":"Ειδοποιήσεις","timer":"Αντ. Μέτρηση","stopwatch":"Χρονόμετρο","alarmName":{"placeholder":"Όνομα ειδοποίησης"},"newAlarm":"Νέα ειδοποίηση","editAlarm":"Επεξεργασία","pause":"Παύση","resume":"Συνέχεια","lap":"Γύρος","lap-number":"{{n}}ος γύρος","delete":"Διαγραφή","time":"Ώρα","snooze-label":"Αναβολή","snooze-button":"Αναβολή","repeat":"Επανάληψη","vibrate":"Δόνηση","close":"Κλείσιμο","save":"Αποθήκευση","done":"ΟΚ","closeButton":{"ariaLabel":"Κλείσιμο"},"newAlarmButton":{"ariaLabel":"Νέα ειδοποίηση"},"alarm-volume-label":"Ένταση Ειδοποιήσεων Συστήματος","sound":"Ήχος","noSound":"Χωρίς ήχο","everyday":"Κάθε μέρα","weekdays":"Καθημερινές","weekends":"Σαββατοκύριακα","never":"Ποτέ","vibrateOn":"Ενεργή","vibrateOff":"Μη ενεργή","plusMinute":"+1 λεπτό","dateFormat":"%a, %e %Eb","countdown-lessThanAnHour":"Η ειδοποίηση ορίστηκε σε <strong>{{minutes}}</strong> από τώρα.","countdown-moreThanAnHour":"Η ειδοποίηση ορίστηκε σε {{hours}} {{minutes}} από τώρα.","countdown-moreThanADay":"Η ειδοποίηση ορίστηκε σε {{days}} {{hours}} από τώρα.","nMinutes":{"_index":["plural","n"],"_":{"zero":"λιγότερο από ένα λεπτό","one":"ένα λεπτό","two":"{{n}} λεπτά","few":"{{n}} λεπτά","many":"{{n}} λεπτά","other":"{{n}} λεπτά"}},"nHours":{"_index":["plural","n"],"_":{"one":"<strong>{{n}} ώρα</strong>","two":"<strong>{{n}} ώρες</strong>","few":"<strong>{{n}} ώρες</strong>","many":"<strong>{{n}} ώρες</strong>","other":"<strong>{{n}} ώρες</strong>"}},"nAndRemainHours":{"_index":["plural","n"],"_":{"one":"και <strong>{{n}} ώρα</strong>","two":"και <strong>{{n}} ώρες</strong>","few":"και <strong>{{n}} ώρες</strong>","many":"και <strong>{{n}} ώρες</strong>","other":"και <strong>{{n}} ώρες</strong>"}},"nRemainDays":{"_index":["plural","n"],"_":{"one":"<strong>{{n}} ημέρα</strong>","two":"<strong>{{n}} ημέρες</strong>","few":"<strong>{{n}} ημέρες</strong>","many":"<strong>{{n}} ημέρες</strong>","other":"<strong>{{n}} ημέρες</strong>"}},"nRemainMinutes":{"_index":["plural","n"],"_":{"one":"και <strong>{{n}} λεπτό</strong>","two":"και <strong>{{n}} λεπτά</strong>","few":"και <strong>{{n}} λεπτά</strong>","many":"και <strong>{{n}} λεπτά</strong>","other":"και <strong>{{n}} λεπτά</strong>"}},"nSpinnerSeconds":{"_index":["plural","n"],"_":{"zero":" ","one":"ένα δευτερόλεπτο","two":"{{n}} δευτερόλεπτα","few":"{{n}} δευτερόλεπτα","many":"{{n}} δευτερόλεπτα","other":"{{n}} δευτερόλεπτα"}},"nSpinnerMinutes":{"_index":["plural","n"],"_":{"zero":" ","one":"ένα λεπτό","two":"{{n}} λεπτά","few":"{{n}} λεπτά","many":"{{n}} λεπτά","other":"{{n}} λεπτά"}},"nSpinnerHours":{"_index":["plural","n"],"_":{"zero":" ","one":"{{n}} ώρα","two":"{{n}} ώρες","few":"{{n}} ώρες","many":"{{n}} ώρες","other":"{{n}} ώρες"}},"ac_classic_clock_alarm_opus":"Classic Buzz","ac_classic_clock_alarm_prog_opus2":"Pulse Progressive","ac_classic_clock_radio_opus":"Classic Pulse","ac_normal_gem_echoes_opus":"Gem Echoes","ac_soft_smooth_strings_opus":"Smooth Strings","ac_soft_humming_waves_opus":"Shimmering Waves","ac_normal_ringing_strings_opus":"Ringing Strings","ac_soft_into_the_void_opus":"Into the Void"}