{"weekday-0-long":"Nedjelja","weekday-1-long":"Ponedjeljak","weekday-2-long":"Utorak","weekday-3-long":"Srijeda","weekday-4-long":"Četvrtak","weekday-5-long":"Petak","weekday-6-long":"Subota","weekday-0-short":"Ned","weekday-1-short":"Pon","weekday-2-short":"Uto","weekday-3-short":"Sri","weekday-4-short":"Čet","weekday-5-short":"Pet","weekday-6-short":"Sub","month-0-long":"Siječanj","month-1-long":"Veljača","month-2-long":"Ožujak","month-3-long":"Travanj","month-4-long":"Svibanj","month-5-long":"Lipanj","month-6-long":"Srpanj","month-7-long":"Kolovoz","month-8-long":"Rujan","month-9-long":"Listopad","month-10-long":"Studeni","month-11-long":"Prosinac","month-0-genitive":"Siječnja","month-1-genitive":"Veljače","month-2-genitive":"Ožujka","month-3-genitive":"Travnja","month-4-genitive":"Svibnja","month-5-genitive":"Lipnja","month-6-genitive":"Srpnja","month-7-genitive":"Kolovoza","month-8-genitive":"Rujna","month-9-genitive":"Listopada","month-10-genitive":"Studenoga","month-11-genitive":"Prosinca","month-0-short":"Sij","month-1-short":"Velj","month-2-short":"Ožu","month-3-short":"Tra","month-4-short":"Svi","month-5-short":"Lip","month-6-short":"Srp","month-7-short":"Kol","month-8-short":"Ruj","month-9-short":"Lis","month-10-short":"Stu","month-11-short":"Pro","minutes-ago-long":{"_index":["plural","value"],"_":{"zero":"upravo","one":"prije minutu","two":"prije {{value}} minute","few":"prije {{value}} minutes","many":"prije {{value}} minuta","other":"prije {{value}} minuta"}},"hours-ago-long":{"_index":["plural","value"],"_":{"zero":"upravo","one":"prije sat vremena","two":"prije {{value}} sata","few":"prije {{value}} sati","many":"prije {{value}} sati","other":"prije {{value}} sati"}},"days-ago-long":{"_index":["plural","value"],"_":{"zero":"danas","one":"jučer","two":"prije {{value}} dana","few":"prije {{value}} dana","many":"prije {{value}} dana","other":"prije {{value}} dana"}},"weeks-ago-long":{"_index":["plural","value"],"_":{"zero":"ovaj tjedan","one":"prošli tjedan","two":"prije {{value}} tjedna","few":"prije {{value}} tjedana","many":"prije {{value}} tjedana","other":"prije {{value}} tjedana"}},"months-ago-long":{"_index":["plural","value"],"_":{"zero":"ovaj mjesec","one":"prošli mjesec","two":"prije {{value}} mjeseca","few":"prije {{value}} mjeseci","many":"prije {{value}} mjeseci","other":"prije {{value}} mjeseci"}},"years-ago-long":{"_index":["plural","value"],"_":{"zero":"ove godine","one":"prošle godine","two":"prije {{value}} godine","few":"prije {{value}} godina","many":"prije {{value}} godina","other":"prije {{value}} godina"}},"minutes-until-long":{"_index":["plural","value"],"_":{"zero":"upravo","one":"za minutu","two":"za {{value}} minute","few":"za {{value}} minuta","many":"za {{value}} minuta","other":"za {{value}} minuta"}},"hours-until-long":{"_index":["plural","value"],"_":{"zero":"upravo","one":"za sat vremena","two":"za {{value}} sata","few":"za {{value}} sati","many":"za {{value}} sati","other":"za {{value}} sati"}},"days-until-long":{"_index":["plural","value"],"_":{"zero":"danas","one":"sutra","two":"za {{value}} dana","few":"za {{value}} dana","many":"za {{value}} dana","other":"za {{value}} dana"}},"weeks-until-long":{"_index":["plural","value"],"_":{"zero":"ovaj tjedan","one":"idući tjedan","two":"za {{value}} tjedna","few":"za {{value}} tjedana","many":"za {{value}} tjedana","other":"za {{value}} tjedana"}},"months-until-long":{"_index":["plural","value"],"_":{"zero":"ovaj mjesec","one":"idući mjesec","two":"za {{value}} mjeseca","few":"za {{value}} mjeseci","many":"za {{value}} mjeseci","other":"za {{value}} mjeseci"}},"years-until-long":{"_index":["plural","value"],"_":{"zero":"ove godine","one":"iduće godine","two":"za {{value}} godine","few":"za {{value}} godina","many":"za {{value}} godina","other":"za {{value}} godina"}},"minutes-ago-short":{"_index":["plural","value"],"_":{"zero":"upravo","other":"prije {{value}}m"}},"hours-ago-short":{"_index":["plural","value"],"_":{"zero":"upravo","other":"prije {{value}}s"}},"days-ago-short":{"_index":["plural","value"],"_":{"zero":"danas","other":"prije {{value}}d"}},"minutes-until-short":{"_index":["plural","value"],"_":{"zero":"sada","other":"za {{value}}m"}},"hours-until-short":{"_index":["plural","value"],"_":{"zero":"sada","other":"za {{value}}s"}},"days-until-short":{"_index":["plural","value"],"_":{"zero":"danas","other":"za {{value}}d"}},"incorrectDate":"(netočan datum)","dateTimeFormat_%c":"%a %e %b %Y %H:%M:%S","dateTimeFormat_%x":"%d.%m.%Y","dateTimeFormat_%X":"%H:%M:%S","shortTimeFormat":"%H:%M","shortDateTimeFormat":"%x %H:%M","weekStartsOnMonday":"1","time_am":"AM","time_pm":"PM","reset":"Poništi","start":"Započni","stop":"Zaustavi","cancel":"Otkaži","hour":"Sat","hours":"Sati","minute":"Minuta","minutes":"Minuta","alarm":"Alarm","timer":"Odbrojavanje","stopwatch":"Štoperica","alarmName":{"placeholder":"Alarm"},"newAlarm":"Novi alarm","editAlarm":"Uredi alarm","pause":"Pauziraj","resume":"Nastavi","lap":"Krug","lap-number":"Krug {{n}}","delete":"Obriši","time":"Vrijeme","snooze-label":"Snooze","snooze-button":"Snooze","repeat":"Ponovi","vibrate":"Vibriraj","close":"Zatvori","save":"Spremi","done":"Gotovo","closeButton":{"ariaLabel":"Close"},"newAlarmButton":{"ariaLabel":"New alarm"},"alarm-volume-label":"System Alarm Volume","sound":"Zvuk","noSound":"Bez zvuka","everyday":"Svaki dan","weekdays":"Radnim danom","weekends":"Vikendom","never":"Nikad","vibrateOn":"Uključi","vibrateOff":"Isključi","plusMinute":"+1 Min","dateFormat":"%A, %e %B","countdown-lessThanAnHour":"Alarm je namješten za <strong>{{minutes}}</strong>.","countdown-moreThanAnHour":"Alarm je namješten za {{hours}} {{minutes}}.","countdown-moreThanADay":"Alarm će se aktivirati za {{days}} {{hours}}.","nMinutes":{"_index":["plural","n"],"_":{"zero":"manje od minute","one":"jedna minuta","two":"{{n}} minute","few":"{{n}} minuta","many":"{{n}} minuta","other":"{{n}} minuta"}},"nHours":{"_index":["plural","n"],"_":{"zero":"Sati","one":"<strong>{{n}} sat</strong>","two":"<strong>{{n}} sata</strong>","few":"<strong>{{n}} sati</strong>","many":"<strong>{{n}} sati</strong>","other":"<strong>{{n}} sati</strong>"}},"nAndRemainHours":{"_index":["plural","n"],"_":{"zero":" ","one":"i <strong>{{n}} sat</strong>","two":"i <strong>{{n}} sati</strong>","few":"i <strong>{{n}} sati</strong>","many":"i <strong>{{n}} sati</strong>","other":"i <strong>{{n}} sati</strong>"}},"nRemainDays":{"_index":["plural","n"],"_":{"zero":" ","one":"<strong>{{n}} dan</strong>","two":"<strong>{{n}} dana</strong>","few":"<strong>{{n}} dana</strong>","many":"<strong>{{n}} dana</strong>","other":"<strong>{{n}} dana</strong>"}},"nRemainMinutes":{"_index":["plural","n"],"_":{"zero":" ","one":"i <strong>{{n}} minuta</strong>","two":"i <strong>{{n}} minute</strong>","few":"i <strong>{{n}} minuta</strong>","many":"i <strong>{{n}} minuta</strong>","other":"i <strong>{{n}} minuta</strong>"}},"nSpinnerSeconds":{"_index":["plural","n"],"_":{"zero":"zero seconds","one":"one second","two":"{{n}} seconds","few":"{{n}} seconds","many":"{{n}} seconds","other":"{{n}} seconds"}},"nSpinnerMinutes":{"_index":["plural","n"],"_":{"zero":"zero minutes","one":"one minute","two":"{{n}} minutes","few":"{{n}} minutes","many":"{{n}} minutes","other":"{{n}} minutes"}},"nSpinnerHours":{"_index":["plural","n"],"_":{"zero":"zero hours","one":"{{n}} hour","two":"{{n}} hours","few":"{{n}} hours","many":"{{n}} hours","other":"{{n}} hours"}},"ac_classic_clock_alarm_opus":"Klasično zujanje","ac_classic_clock_alarm_prog_opus2":"Pulse Progressive","ac_classic_clock_radio_opus":"Klasično pulsiranje","ac_normal_gem_echoes_opus":"Jeka dragulja","ac_soft_smooth_strings_opus":"Glatke žice","ac_soft_humming_waves_opus":"Svjetlucavi valovi","ac_normal_ringing_strings_opus":"Zvoneće žice","ac_soft_into_the_void_opus":"U prazninu"}