{"weekday-0-long":"Vasárnap","weekday-1-long":"Hétfő","weekday-2-long":"Kedd","weekday-3-long":"Szerda","weekday-4-long":"Csütörtök","weekday-5-long":"Péntek","weekday-6-long":"Szombat","weekday-0-short":"Va.","weekday-1-short":"Hé.","weekday-2-short":"Ke.","weekday-3-short":"Sze.","weekday-4-short":"Csü.","weekday-5-short":"Pé.","weekday-6-short":"Szo.","month-0-long":"Január","month-1-long":"Február","month-2-long":"Március","month-3-long":"Április","month-4-long":"Május","month-5-long":"Június","month-6-long":"Július","month-7-long":"Augusztus","month-8-long":"Szeptember","month-9-long":"Október","month-10-long":"November","month-11-long":"December","month-0-genitive":"Január","month-1-genitive":"Február","month-2-genitive":"Március","month-3-genitive":"Április","month-4-genitive":"Május","month-5-genitive":"Június","month-6-genitive":"Július","month-7-genitive":"Augusztus","month-8-genitive":"Szeptember","month-9-genitive":"Október","month-10-genitive":"November","month-11-genitive":"December","month-0-short":"Jan","month-1-short":"Feb","month-2-short":"Már","month-3-short":"Ápr","month-4-short":"Máj","month-5-short":"Jún","month-6-short":"Júl","month-7-short":"Aug","month-8-short":"Szep","month-9-short":"Okt","month-10-short":"Nov","month-11-short":"Dec","minutes-ago-long":{"_index":["plural","value"],"_":{"zero":"épp most","one":"egy perccel ezelőtt","two":"{{value}} perccel ezelőtt","few":"{{value}} perccel ezelőtt","many":"{{value}} perccel ezelőtt","other":"{{value}} perccel ezelőtt"}},"hours-ago-long":{"_index":["plural","value"],"_":{"zero":"épp most","one":"egy órája","two":"{{value}} órával ezelőtt","few":"{{value}} órával ezelőtt","many":"{{value}} órával ezelőtt","other":"{{value}} órával ezelőtt"}},"days-ago-long":{"_index":["plural","value"],"_":{"zero":"ma","one":"tegnap","two":"{{value}} nappal ezelőtt","few":"{{value}} nappal ezelőtt","many":"{{value}} nappal ezelőtt","other":"{{value}} nappal ezelőtt"}},"weeks-ago-long":{"_index":["plural","value"],"_":{"zero":"ez a hét","one":"múlt hét","two":"{{value}} héttel ezelőtt","few":"{{value}} héttel ezelőtt","many":"{{value}} héttel ezelőtt","other":"{{value}} héttel ezelőtt"}},"months-ago-long":{"_index":["plural","value"],"_":{"zero":"ez a hónap","one":"előző hónap","two":"{{value}} hónappal ezelőtt","few":"{{value}} hónappal ezelőtt","many":"{{value}} hónappal ezelőtt","other":"{{value}} hónappal ezelőtt"}},"years-ago-long":{"_index":["plural","value"],"_":{"zero":"ez az év","one":"tavaly","two":"{{value}} évvel ezelőtt","few":"{{value}} évvel ezelőtt","many":"{{value}} évvel ezelőtt","other":"{{value}} évvel ezelőtt"}},"minutes-until-long":{"_index":["plural","value"],"_":{"zero":"most","one":"egy percen belül","two":"{{value}} percen belül","few":"{{value}} percen belül","many":"{{value}} percen belül","other":"{{value}} percen belül"}},"hours-until-long":{"_index":["plural","value"],"_":{"zero":"most","one":"egy órán belül","two":"{{value}} órán belül","few":"{{value}} órán belül","many":"{{value}} órán belül","other":"{{value}} órán belül"}},"days-until-long":{"_index":["plural","value"],"_":{"zero":"ma","one":"holnap","two":"{{value}} napon belül","few":"{{value}} napon belül","many":"{{value}} napon belül","other":"{{value}} napon belül"}},"weeks-until-long":{"_index":["plural","value"],"_":{"zero":"ez a hét","one":"következő hét","two":"{{value}} héten belül","few":"{{value}} héten belül","many":"{{value}} héten belül","other":"{{value}} héten belül"}},"months-until-long":{"_index":["plural","value"],"_":{"zero":"ez a hónap","one":"következő hónap","two":"{{value}} héten belül","few":"{{value}} héten belül","many":"{{value}} héten belül","other":"{{value}} héten belül"}},"years-until-long":{"_index":["plural","value"],"_":{"zero":"ez az év","one":"következő év","two":"{{value}} éven belül","few":"{{value}} éven belül","many":"{{value}} éven belül","other":"{{value}} éven belül"}},"minutes-ago-short":{"_index":["plural","value"],"_":{"zero":"épp most","other":"{{value}}p ezelőtt"}},"hours-ago-short":{"_index":["plural","value"],"_":{"zero":"épp most","other":"{{value}}ó ezelőtt"}},"days-ago-short":{"_index":["plural","value"],"_":{"zero":"ma","other":"{{value}}n ezelőtt"}},"minutes-until-short":{"_index":["plural","value"],"_":{"zero":"most","other":"{{value}} percen belül"}},"hours-until-short":{"_index":["plural","value"],"_":{"zero":"most","other":"{{value}} órán belül"}},"days-until-short":{"_index":["plural","value"],"_":{"zero":"ma","other":"{{value}} napon belül"}},"incorrectDate":"(helytelen dátum)","dateTimeFormat_%c":"%Y. %b %d %a %H:%M:%S","dateTimeFormat_%x":"%Y. %m. %d.","dateTimeFormat_%X":"%H:%M:%S","shortTimeFormat":"%H:%M","shortDateTimeFormat":"%x %H:%M","weekStartsOnMonday":"0","time_am":"DE","time_pm":"DU","reset":"Alaphelyzet","start":"Kezdés","stop":"Leállítás","cancel":"Mégse","hour":"Óra","hours":"Óra","minute":"Perc","minutes":"Perc","alarm":"Ébresztés","timer":"Időzítő","stopwatch":"Stopper","alarmName":{"placeholder":"Ébresztés neve"},"newAlarm":"Új ébresztés","editAlarm":"Ébresztés","pause":"Szünet","resume":"Folytatás","lap":"Kör","lap-number":"Kör {{n}}","delete":"Törlés","time":"Idő","snooze-label":"Szundi","snooze-button":"Szundi","repeat":"Ismétlődés","vibrate":"Rezgés","close":"Bezárás","save":"Mentés","done":"Kész","closeButton":{"ariaLabel":"Bezárás"},"newAlarmButton":{"ariaLabel":"Új ébresztés"},"alarm-volume-label":"Ébresztés hangereje","sound":"Hang","noSound":"Hang nélkül","everyday":"Minden nap","weekdays":"Hétköznap","weekends":"Hétvégente","never":"Soha","vibrateOn":"Be","vibrateOff":"Ki","plusMinute":"+1 perc","dateFormat":"%B %d. %A","countdown-lessThanAnHour":"Ébresztés beállítva mostantól ennyire: <strong>{{minutes}}</strong>.","countdown-moreThanAnHour":"Ébresztés beállítva mostantól ennyire: {{hours}} {{minutes}}.","countdown-moreThanADay":"Ébresztés beállítva mostantól ennyire: {{days}} {{hours}}","nMinutes":{"_index":["plural","n"],"_":{"zero":"egy percen belül","one":"egy perc","two":"{{n}} perc","few":"{{n}} perc","many":"{{n}} perc","other":"{{n}} perc"}},"nHours":{"_index":["plural","n"],"_":{"one":"<strong>{{n}} óra</strong>","two":"<strong>{{n}} óra</strong>","few":"<strong>{{n}} óra</strong>","many":"<strong>{{n}} óra</strong>","other":"<strong>{{n}} óra</strong>"}},"nAndRemainHours":{"_index":["plural","n"],"_":{"one":"<strong>{{n}} óra</strong>","two":"<strong>{{n}} óra</strong>","few":"<strong>{{n}} óra</strong>","many":"<strong>{{n}} óra</strong>","other":"<strong>{{n}} óra</strong>"}},"nRemainDays":{"_index":["plural","n"],"_":{"one":"<strong>{{n}} nap</strong>","two":"<strong>{{n}} nap</strong>","few":"<strong>{{n}} nap</strong>","many":"<strong>{{n}} nap</strong>","other":"<strong>{{n}} nap</strong>"}},"nRemainMinutes":{"_index":["plural","n"],"_":{"one":"és <strong>{{n}} perc</strong>","two":"és <strong>{{n}} perc</strong>","few":"és <strong>{{n}} perc</strong>","many":"és <strong>{{n}} perc</strong>","other":"és <strong>{{n}} perc</strong>"}},"nSpinnerSeconds":{"_index":["plural","n"],"_":{"zero":"nulla másodperc","one":"egy másodperc","two":"{{n}} másodperc","few":"{{n}} másodperc","many":"{{n}} másodperc","other":"{{n}} másodperc"}},"nSpinnerMinutes":{"_index":["plural","n"],"_":{"zero":"nulla perc","one":"egy perc","two":"{{n}} perc","few":"{{n}} perc","many":"{{n}} perc","other":"{{n}} perc"}},"nSpinnerHours":{"_index":["plural","n"],"_":{"zero":"nulla óra","one":"{{n}} óra","two":"{{n}} óra","few":"{{n}} óra","many":"{{n}} óra","other":"{{n}} óra"}},"ac_classic_clock_alarm_opus":"Klasszikus zümmögés","ac_classic_clock_alarm_prog_opus2":"Erősödő zúgás","ac_classic_clock_radio_opus":"Klasszikus zúgás","ac_normal_gem_echoes_opus":"Drágakövek","ac_soft_smooth_strings_opus":"Lágy húrok","ac_soft_humming_waves_opus":"Remegő hullámok","ac_normal_ringing_strings_opus":"Csengő húrok","ac_soft_into_the_void_opus":"A semmibe"}