{"weekday-0-long":"domenica","weekday-1-long":"lunedì","weekday-2-long":"martedì","weekday-3-long":"mercoledì","weekday-4-long":"giovedì","weekday-5-long":"venerdì","weekday-6-long":"sabato","weekday-0-short":"dom","weekday-1-short":"lun","weekday-2-short":"mar","weekday-3-short":"mer","weekday-4-short":"gio","weekday-5-short":"ven","weekday-6-short":"sab","month-0-long":"gennaio","month-1-long":"febbraio","month-2-long":"marzo","month-3-long":"aprile","month-4-long":"maggio","month-5-long":"giugno","month-6-long":"luglio","month-7-long":"agosto","month-8-long":"settembre","month-9-long":"ottobre","month-10-long":"novembre","month-11-long":"dicembre","month-0-genitive":"gennaio","month-1-genitive":"febbraio","month-2-genitive":"marzo","month-3-genitive":"aprile","month-4-genitive":"maggio","month-5-genitive":"giugno","month-6-genitive":"luglio","month-7-genitive":"agosto","month-8-genitive":"settembre","month-9-genitive":"ottobre","month-10-genitive":"novembre","month-11-genitive":"dicembre","month-0-short":"gen","month-1-short":"feb","month-2-short":"mar","month-3-short":"apr","month-4-short":"mag","month-5-short":"giu","month-6-short":"lug","month-7-short":"ago","month-8-short":"set","month-9-short":"ott","month-10-short":"nov","month-11-short":"dic","minutes-ago-long":{"_index":["plural","value"],"_":{"zero":"adesso","one":"un minuto fa","two":"{{value}} minuti fa","few":"{{value}} minuti fa","many":"{{value}} minuti fa","other":"{{value}} minuti fa"}},"hours-ago-long":{"_index":["plural","value"],"_":{"zero":"adesso","one":"un’ora fa","two":"{{value}} ore fa","few":"{{value}} ore fa","many":"{{value}} ore fa","other":"{{value}} ore fa"}},"days-ago-long":{"_index":["plural","value"],"_":{"zero":"oggi","one":"ieri","two":"{{value}} giorni fa","few":"{{value}} giorni fa","many":"{{value}} giorni fa","other":"{{value}} giorni fa"}},"weeks-ago-long":{"_index":["plural","value"],"_":{"zero":"questa settimana","one":"settimana scorsa","two":"{{value}} settimane fa","few":"{{value}} settimane fa","many":"{{value}} settimane fa","other":"{{value}} settimane fa"}},"months-ago-long":{"_index":["plural","value"],"_":{"zero":"questo mese","one":"mese scorso","two":"{{value}} mesi fa","few":"{{value}} mesi fa","many":"{{value}} mesi fa","other":"{{value}} mesi fa"}},"years-ago-long":{"_index":["plural","value"],"_":{"zero":"quest’anno","one":"anno scorso","two":"{{value}} anni fa","few":"{{value}} anni fa","many":"{{value}} anni fa","other":"{{value}} anni fa"}},"minutes-until-long":{"_index":["plural","value"],"_":{"zero":"adesso","one":"tra un minuto","two":"tra {{value}} minuti","few":"tra {{value}} minuti","many":"tra {{value}} minuti","other":"tra {{value}} minuti"}},"hours-until-long":{"_index":["plural","value"],"_":{"zero":"adesso","one":"tra un’ora","two":"tra {{value}} ore","few":"tra {{value}} ore","many":"tra {{value}} ore","other":"tra {{value}} ore"}},"days-until-long":{"_index":["plural","value"],"_":{"zero":"oggi","one":"domani","two":"tra {{value}} giorni","few":"tra {{value}} giorni","many":"tra {{value}} giorni","other":"tra {{value}} giorni"}},"weeks-until-long":{"_index":["plural","value"],"_":{"zero":"questa settimana","one":"prossima settimana","two":"tra {{value}} settimane","few":"tra {{value}} settimane","many":"tra {{value}} settimane","other":"tra {{value}} settimane"}},"months-until-long":{"_index":["plural","value"],"_":{"zero":"questo mese","one":"prossimo mese","two":"in {{value}} mesi","few":"tra {{value}} mesi","many":"tra {{value}} mesi","other":"in {{value}} mesi"}},"years-until-long":{"_index":["plural","value"],"_":{"zero":"quest’anno","one":"prossimo anno","two":"tra {{value}} anni","few":"tra {{value}} anni","many":"tra {{value}} anni","other":"tra {{value}} anni"}},"minutes-ago-short":{"_index":["plural","value"],"_":{"zero":"adesso","other":"{{value}}m fa"}},"hours-ago-short":{"_index":["plural","value"],"_":{"zero":"adesso","other":"{{value}}h fa"}},"days-ago-short":{"_index":["plural","value"],"_":{"zero":"oggi","other":"{{value}}g fa"}},"minutes-until-short":{"_index":["plural","value"],"_":{"zero":"adesso","other":"tra {{value}}m"}},"hours-until-short":{"_index":["plural","value"],"_":{"zero":"adesso","other":"tra {{value}}h"}},"days-until-short":{"_index":["plural","value"],"_":{"zero":"oggi","other":"tra {{value}}d"}},"incorrectDate":"(data errata)","dateTimeFormat_%c":"%a %e %b %Y %H:%M:%S","dateTimeFormat_%x":"%d/%m/%Y","dateTimeFormat_%X":"%H:%M:%S","shortTimeFormat":"%H:%M","shortDateTimeFormat":"%x %H:%M","weekStartsOnMonday":"1","time_am":"AM","time_pm":"PM","reset":"Azzera","start":"Avvia","stop":"Blocca","cancel":"Annulla","hour":"Ora","hours":"Ore","minute":"Minuto","minutes":"Minuti","alarm":"Allarme","timer":"Timer","stopwatch":"Cronometro","alarmName":{"placeholder":"Nome allarme"},"newAlarm":"Nuovo allarme","editAlarm":"Modifica allarme","pause":"Pausa","resume":"Riprendi","lap":"Giro","lap-number":"Giro {{n}}","delete":"Elimina","time":"Ora","snooze-label":"Posponi","snooze-button":"Posponi","repeat":"Ripeti","vibrate":"Vibrazione","close":"Chiudi","save":"Salva","done":"Fine","closeButton":{"ariaLabel":"Chiudi"},"newAlarmButton":{"ariaLabel":"Nuovo allarme"},"alarm-volume-label":"Volume allarmi di sistema","sound":"Suono","noSound":"Nessun suono","everyday":"Ogni giorno","weekdays":"Giorni lavorativi","weekends":"Fine settimana","never":"Mai","vibrateOn":"Attiva","vibrateOff":"Disattivata","plusMinute":"+1 min","dateFormat":"%A %e %B","countdown-lessThanAnHour":"L’allarme sarà attivato tra <strong>{{minutes}}</strong>.","countdown-moreThanAnHour":"L’allarme sarà attivato tra {{hours}} {{minutes}}.","countdown-moreThanADay":"L’allarme sarà attivato tra {{days}} {{hours}}.","nMinutes":{"_index":["plural","n"],"_":{"zero":"meno di un minuto","one":"un minuto","two":"{{n}} minuti","few":"{{n}} minuti","many":"{{n}} minuti","other":"{{n}} minuti"}},"nHours":{"_index":["plural","n"],"_":{"one":"<strong>{{n}} ora</strong>","two":"<strong>{{n}} ore</strong>","few":"<strong>{{n}} ore</strong>","many":"<strong>{{n}} ore</strong>","other":"<strong>{{n}} ore</strong>"}},"nAndRemainHours":{"_index":["plural","n"],"_":{"one":"e <strong>{{n}} ora</strong>","two":"e <strong>{{n}} ore</strong>","few":"e <strong>{{n}} ore</strong>","many":"e <strong>{{n}} ore</strong>","other":"e <strong>{{n}} ore</strong>"}},"nRemainDays":{"_index":["plural","n"],"_":{"one":"<strong>{{n}} giorno</strong>","two":"<strong>{{n}} giorni</strong>","few":"<strong>{{n}} giorni</strong>","many":"<strong>{{n}} giorni</strong>","other":"<strong>{{n}} giorni</strong>"}},"nRemainMinutes":{"_index":["plural","n"],"_":{"one":"e <strong>{{n}} minuto</strong>","two":"e <strong>{{n}} minuti</strong>","few":"e <strong>{{n}} minuti</strong>","many":"e <strong>{{n}} minuti</strong>","other":"e <strong>{{n}} minuti</strong>"}},"nSpinnerSeconds":{"_index":["plural","n"],"_":{"zero":"zero secondi","one":"{{n}} secondo","two":"{{n}} secondi","few":"{{n}} secondi","many":"{{n}} secondi","other":"{{n}} secondi"}},"nSpinnerMinutes":{"_index":["plural","n"],"_":{"zero":"zero minuti","one":"{{n}} minuto","two":"{{n}} minuti","few":"{{n}} minuti","many":"{{n}} minuti","other":"{{n}} minuti"}},"nSpinnerHours":{"_index":["plural","n"],"_":{"zero":"zero ore","one":"{{n}} ora","two":"{{n}} ore","few":"{{n}} ore","many":"{{n}} ore","other":"{{n}} ore"}},"ac_classic_clock_alarm_opus":"Classic Buzz","ac_classic_clock_alarm_prog_opus2":"Pulse Progressive","ac_classic_clock_radio_opus":"Classic Pulse","ac_normal_gem_echoes_opus":"Gem Echoes","ac_soft_smooth_strings_opus":"Smooth Strings","ac_soft_humming_waves_opus":"Shimmering Waves","ac_normal_ringing_strings_opus":"Ringing Strings","ac_soft_into_the_void_opus":"Into the Void"}