{"weekday-0-long":"日曜日","weekday-1-long":"月曜日","weekday-2-long":"火曜日","weekday-3-long":"水曜日","weekday-4-long":"木曜日","weekday-5-long":"金曜日","weekday-6-long":"土曜日","weekday-0-short":"日","weekday-1-short":"月","weekday-2-short":"火","weekday-3-short":"水","weekday-4-short":"木","weekday-5-short":"金","weekday-6-short":"土","month-0-long":"1月","month-1-long":"2月","month-2-long":"3月","month-3-long":"4月","month-4-long":"5月","month-5-long":"6月","month-6-long":"7月","month-7-long":"8月","month-8-long":"9月","month-9-long":"10月","month-10-long":"11月","month-11-long":"12月","month-0-genitive":"1月","month-1-genitive":"2月","month-2-genitive":"3月","month-3-genitive":"4月","month-4-genitive":"5月","month-5-genitive":"6月","month-6-genitive":"7月","month-7-genitive":"8月","month-8-genitive":"9月","month-9-genitive":"10月","month-10-genitive":"11月","month-11-genitive":"12月","month-0-short":"1月","month-1-short":"2月","month-2-short":"3月","month-3-short":"4月","month-4-short":"5月","month-5-short":"6月","month-6-short":"7月","month-7-short":"8月","month-8-short":"9月","month-9-short":"10月","month-10-short":"11月","month-11-short":"12月","minutes-ago-long":{"_index":["plural","value"],"_":{"zero":"1分以内","one":"1分前","two":"{{value}}分前","few":"{{value}}分前","many":"{{value}}分前","other":"{{value}}分前"}},"hours-ago-long":{"_index":["plural","value"],"_":{"zero":"1時間以内","one":"1時間前","two":"{{value}}時間前","few":"{{value}}時間前","many":"{{value}}時間前","other":"{{value}}時間前"}},"days-ago-long":{"_index":["plural","value"],"_":{"zero":"今日","one":"昨日","two":"{{value}}日前","few":"{{value}}日前","many":"{{value}}日前","other":"{{value}}日前"}},"weeks-ago-long":{"_index":["plural","value"],"_":{"zero":"今週","one":"先週","two":"{{value}}週間前","few":"{{value}}週間前","many":"{{value}}週間前","other":"{{value}}週間前"}},"months-ago-long":{"_index":["plural","value"],"_":{"zero":"今月","one":"先月","two":"{{value}}か月前","few":"{{value}}か月前","many":"{{value}}か月前","other":"{{value}}か月前"}},"years-ago-long":{"_index":["plural","value"],"_":{"zero":"今年","one":"昨年","two":"{{value}}年前","few":"{{value}}年前","many":"{{value}}年前","other":"{{value}}年前"}},"minutes-until-long":{"_index":["plural","value"],"_":{"zero":"1分以内","one":"1分後","two":"{{value}}分後","few":"{{value}}分後","many":"{{value}}分後","other":"{{value}}分後"}},"hours-until-long":{"_index":["plural","value"],"_":{"zero":"1時間以内","one":"1時間後","two":"{{value}}時間後","few":"{{value}}時間後","many":"{{value}}時間後","other":"{{value}}時間後"}},"days-until-long":{"_index":["plural","value"],"_":{"zero":"今日","one":"明日","two":"{{value}}日後","few":"{{value}}日後","many":"{{value}}日後","other":"{{value}}日後"}},"weeks-until-long":{"_index":["plural","value"],"_":{"zero":"今週","one":"来週","two":"{{value}}週間後","few":"{{value}}週間後","many":"{{value}}週間後","other":"{{value}}週間後"}},"months-until-long":{"_index":["plural","value"],"_":{"zero":"今月","one":"来月","two":"{{value}}か月後","few":"{{value}}か月後","many":"{{value}}か月後","other":"{{value}}か月後"}},"years-until-long":{"_index":["plural","value"],"_":{"zero":"今年","one":"来年","two":"{{value}}年後","few":"{{value}}年後","many":"{{value}}年後","other":"{{value}}年後"}},"minutes-ago-short":{"_index":["plural","value"],"_":{"zero":"直前","other":"{{value}}分前"}},"hours-ago-short":{"_index":["plural","value"],"_":{"zero":"数分前","other":"{{value}}時間前"}},"days-ago-short":{"_index":["plural","value"],"_":{"zero":"今日","other":"{{value}}日前"}},"minutes-until-short":{"_index":["plural","value"],"_":{"zero":"直後","other":"{{value}}分後"}},"hours-until-short":{"_index":["plural","value"],"_":{"zero":"数分後","other":"{{value}}時間後"}},"days-until-short":{"_index":["plural","value"],"_":{"zero":"今日","other":"{{value}}日後"}},"incorrectDate":"(日付が不正です)","dateTimeFormat_%c":"%Y年%b%e日(%a) %p%I:%M:%S","dateTimeFormat_%x":"%Y/%m/%d","dateTimeFormat_%X":"%p%I:%M:%S","shortTimeFormat":"%p%I:%M","shortDateTimeFormat":"%x %p%I:%M","weekStartsOnMonday":"0","time_am":"午前","time_pm":"午後","reset":"リセット","start":"実行","stop":"停止","cancel":"キャンセル","hour":"時","hours":"時間","minute":"分","minutes":"分","alarm":"アラーム","timer":"タイマー","stopwatch":"ストップウォッチ","alarmName":{"placeholder":"アラーム名"},"newAlarm":"アラーム作成","editAlarm":"アラーム編集","pause":"一時停止","resume":"再開","lap":"Lap","lap-number":"{{n}} 周目","delete":"削除","time":"時刻","snooze-label":"スヌーズ","snooze-button":"スヌーズ","repeat":"繰り返し","vibrate":"バイブレート","close":"閉じる","save":"保存","done":"完了","closeButton":{"ariaLabel":"閉じる"},"newAlarmButton":{"ariaLabel":"新しいアラーム"},"alarm-volume-label":"システムのアラーム音量","sound":"アラーム音","noSound":"音なし","everyday":"毎日","weekdays":"終日","weekends":"週末","never":"繰り返しなし","vibrateOn":"ON","vibrateOff":"OFF","plusMinute":"+1 分","dateFormat":"%B%e日(%a)","countdown-lessThanAnHour":"アラームを <strong>{{minutes}}</strong> に設定しました。","countdown-moreThanAnHour":"アラームを <strong>{{hours}}{{minutes}}後</strong> に設定しました。","countdown-moreThanADay":"アラームを <strong>{{days}}</strong>と<strong>{{hours}}後<strong>に設定しました。","nMinutes":{"_index":["plural","n"],"_":{"zero":"1分以内","one":"1分後","two":"{{n}}分後","few":"{{n}}分後","many":"{{n}}分後","other":"{{n}}分後"}},"nHours":{"_index":["plural","n"],"_":{"one":"{{n}}時間","two":"{{n}}時間","few":"{{n}}時間","many":"{{n}}時間","other":"{{n}}時間"}},"nAndRemainHours":{"_index":["plural","n"],"_":{"one":"{{n}}時間","two":"{{n}}時間","few":"{{n}}時間","many":"{{n}}時間","other":"{{n}}時間"}},"nRemainDays":{"_index":["plural","n"],"_":{"one":"{{n}}日","two":"{{n}}日","few":"{{n}}日","many":"{{n}}日","other":"{{n}}日"}},"nRemainMinutes":{"_index":["plural","n"],"_":{"one":"{{n}}分","two":"{{n}}分","few":"{{n}}分","many":"{{n}}分","other":"{{n}}分"}},"nSpinnerSeconds":{"_index":["plural","n"],"_":{"zero":"0秒","one":"1秒","two":"{{n}}秒","few":"{{n}}秒","many":"{{n}}秒","other":"{{n}}秒"}},"nSpinnerMinutes":{"_index":["plural","n"],"_":{"zero":"0分","one":"1分","two":"{{n}}分","few":"{{n}}分","many":"{{n}}分","other":"{{n}}分"}},"nSpinnerHours":{"_index":["plural","n"],"_":{"zero":"0時間","one":"{{n}}時間","two":"{{n}}時間","few":"{{n}}時間","many":"{{n}}時間","other":"{{n}}時間"}},"ac_classic_clock_alarm_opus":"Classic Buzz","ac_classic_clock_alarm_prog_opus2":"Pulse Progressive","ac_classic_clock_radio_opus":"Classic Pulse","ac_normal_gem_echoes_opus":"Gem Echoes","ac_soft_smooth_strings_opus":"Smooth Strings","ac_soft_humming_waves_opus":"Shimmering Waves","ac_normal_ringing_strings_opus":"Ringing Strings","ac_soft_into_the_void_opus":"Into the Void"}