{"weekday-0-long":"អាទិត្យ","weekday-1-long":"ច័ន្ទ","weekday-2-long":"អង្គារ","weekday-3-long":"ពុធ","weekday-4-long":"ព្រហស្បតិ៍","weekday-5-long":"សុក្រ","weekday-6-long":"សៅរ៍","weekday-0-short":"អាទិត្យ","weekday-1-short":"ច័ន្ទ","weekday-2-short":"អង្គារ","weekday-3-short":"ពុធ","weekday-4-short":"ព្រហស្បតិ៍","weekday-5-short":"សុក្រ","weekday-6-short":"សៅរ៍","month-0-long":"មករា","month-1-long":"កុម្ភៈ","month-2-long":"មីនា","month-3-long":"មេសា","month-4-long":"ឧសភា","month-5-long":"មិថុនា","month-6-long":"កក្កដា","month-7-long":"សីហា","month-8-long":"កញ្ញា","month-9-long":"តុលា","month-10-long":"វិច្ឆិកា","month-11-long":"ធ្នូ","month-0-genitive":"មករា","month-1-genitive":"កុម្ភៈ","month-2-genitive":"មីនា","month-3-genitive":"មេសា","month-4-genitive":"ឧសភា","month-5-genitive":"មិថុនា","month-6-genitive":"កក្កដា","month-7-genitive":"សីហា","month-8-genitive":"កញ្ញា","month-9-genitive":"តុលា","month-10-genitive":"វិច្ឆិកា","month-11-genitive":"ធ្នូ","month-0-short":"មករា","month-1-short":"កុម្ភៈ","month-2-short":"មីនា","month-3-short":"មេសា","month-4-short":"ឧសភា","month-5-short":"មិថុនា","month-6-short":"កក្កដា","month-7-short":"សីហា","month-8-short":"កញ្ញា","month-9-short":"តុលា","month-10-short":"វិច្ឆិកា","month-11-short":"ធ្នូ","minutes-ago-long":{"_index":["plural","value"],"_":{"zero":"អម្បាញ់មិញនេះ","one":"មួយ​នាទី​មុន","two":"{{value}} នាទី​មុន","few":"{{value}} នាទី​មុន","many":"{{value}} នាទី​មុន","other":"{{value}} នាទី​មុន"}},"hours-ago-long":{"_index":["plural","value"],"_":{"zero":"អម្បាញ់មិញនេះ","one":"មួយ​ម៉ោង​មុន","two":"{{value}} ម៉ោង​មុន","few":"{{value}} ម៉ោង​មុន","many":"{{value}} ម៉ោង​មុន","other":"{{value}} ម៉ោង​មុន"}},"days-ago-long":{"_index":["plural","value"],"_":{"zero":"ថ្ងៃ​នេះ","one":"ម្សិលមិញ","two":"{{value}} ថ្ងៃ​មុន","few":"{{value}} ថ្ងៃ​មុន","many":"{{value}} ថ្ងៃ​មុន","other":"{{value}} ថ្ងៃ​មុន"}},"weeks-ago-long":{"_index":["plural","value"],"_":{"zero":"សប្ដាហ៍​នេះ","one":"សប្ដាហ៍​មុន","two":"{{value}} សប្ដាហ៍​មុន","few":"{{value}} សប្ដាហ៍​មុន","many":"{{value}} សប្ដាហ៍​មុន","other":"{{value}} សប្ដាហ៍​មុន"}},"months-ago-long":{"_index":["plural","value"],"_":{"zero":"ខែ​នេះ","one":"ខែ​មុន","two":"{{value}} ខែ​មុន","few":"{{value}} ខែ​មុន","many":"{{value}} ខែ​មុន","other":"{{value}} ខែ​មុន"}},"years-ago-long":{"_index":["plural","value"],"_":{"zero":"ឆ្នាំនេះ","one":"ឆ្នាំ​មុន","two":"{{value}} ឆ្នាំ​មុន","few":"{{value}} ឆ្នាំ​មុន","many":"{{value}} ឆ្នាំ​មុន","other":"{{value}} ឆ្នាំ​មុន"}},"minutes-until-long":{"_index":["plural","value"],"_":{"zero":"ឥឡូវ","one":"ក្នុង​ពេល​មួយ​នាទី","two":"ក្នុង​ពេល {{value}} នាទី","few":"ក្នុង​ពេល {{value}} នាទី","many":"ក្នុង​ពេល​ {{value}} នាទី​","other":"ក្នុង​ពេល {{value}} នាទី"}},"hours-until-long":{"_index":["plural","value"],"_":{"zero":"ឥឡូវ","one":"ក្នុង​រយៈពេល​១​ម៉ោង","two":"ក្នុង​ពេល​​ {{value}} ម៉ោង","few":"ក្នុង​ពេល​​ {{value}} ម៉ោង","many":"ក្នុង​ពេល​​ {{value}} ម៉ោង","other":"ក្នុង​ពេល​​ {{value}} ម៉ោង"}},"days-until-long":{"_index":["plural","value"],"_":{"zero":"ថ្ងៃ​នេះ","one":"ថ្ងៃស្អែក","two":"ក្នុង​ពេល​​ {{value}} ថ្ងៃ","few":"ក្នុង​ពេល​​ {{value}} ថ្ងៃ","many":"ក្នុង​ពេល​​ {{value}} ថ្ងៃ","other":"ក្នុង​ពេល​​ {{value}} ថ្ងៃ"}},"weeks-until-long":{"_index":["plural","value"],"_":{"zero":"សប្ដាហ៍​នេះ","one":"សប្ដាហ៍​ក្រោយ","two":"ក្នុង​ពេល {{value}} សប្ដាហ៍","few":"ក្នុង​ពេល {{value}} សប្ដាហ៍","many":"ក្នុង​ពេល {{value}} សប្ដាហ៍","other":"ក្នុង​ពេល {{value}} សប្ដាហ៍"}},"months-until-long":{"_index":["plural","value"],"_":{"zero":"ខែ​នេះ","one":"ខែ​ក្រោយ","two":"ក្នុង​ពេល {{value}} ខែ","few":"ក្នុង​ពេល {{value}} ខែ","many":"ក្នុង​ពេល {{value}} ខែ","other":"ក្នុង​ពេល {{value}} ខែ"}},"years-until-long":{"_index":["plural","value"],"_":{"zero":"ឆ្នាំនេះ","one":"ឆ្នាំ​ក្រោយ","two":"ក្នុង​ពេល {{value}} ឆ្នាំ","few":"ក្នុង​ពេល {{value}} ឆ្នាំ","many":"ក្នុង​ពេល {{value}} ឆ្នាំ","other":"ក្នុង​ពេល {{value}} ឆ្នាំ"}},"minutes-ago-short":{"_index":["plural","value"],"_":{"zero":"អម្បាញ់មិញនេះ","other":"{{value}}នាទី​មុន"}},"hours-ago-short":{"_index":["plural","value"],"_":{"zero":"អម្បាញ់មិញនេះ","other":"{{value}}ម៉ោង​មុន"}},"days-ago-short":{"_index":["plural","value"],"_":{"zero":"ថ្ងៃ​នេះ","other":"{{value}}ថ្ងៃ​មុន"}},"minutes-until-short":{"_index":["plural","value"],"_":{"zero":"ឥឡូវ","other":"ក្នុង​ពេល {{value}}នាទី"}},"hours-until-short":{"_index":["plural","value"],"_":{"zero":"ឥឡូវ","other":"ក្នុង​ពេល {{value}}ម៉ោង"}},"days-until-short":{"_index":["plural","value"],"_":{"zero":"ថ្ងៃ​នេះ","other":"ក្នុង​ពេល {{value}}ថ្ងៃ"}},"incorrectDate":"(កាលបរិច្ឆេទ​មិន​ត្រឹមត្រូវ)","dateTimeFormat_%c":"%a %b %e %Y %I:%M:%S %p","dateTimeFormat_%x":"%m/%d/%Y","dateTimeFormat_%X":"%I:%M:%S %p","shortTimeFormat":"%I:%M %p","shortDateTimeFormat":"%x %I:%M %p","weekStartsOnMonday":"0","time_am":"ព្រឹក","time_pm":"PM","reset":"កំណត់​ឡើង​វិញ","start":"ចាប់ផ្ដើម","stop":"ឈប់","cancel":"បោះបង់","hour":"ម៉ោង","hours":"ម៉ោង","minute":"នាទី","minutes":"នាទី","alarm":"សំឡេង​រោទ៍","timer":"កម្មវិធី​កំណត់​ពេលវេលា","stopwatch":"នាឡិកា​កំណត់​ពេល","alarmName":{"placeholder":"ឈ្មោះ​សំឡេង​រោទ៍"},"newAlarm":"សំឡេង​រោទ៍​ថ្មី","editAlarm":"កែ​សំឡេង​រោទ៍","pause":"ផ្អាក","resume":"បន្ត","lap":"សូរ​ប៉ះ","lap-number":"សូរ​ប៉ះ {{n}}","delete":"លុប","time":"ពេលវេលា","snooze-label":"ផ្អាក","snooze-button":"ផ្អាក","repeat":"ធ្វើ​​ម្ដង​​ទៀត","vibrate":"ញ័រ","close":"បិទ","save":"រក្សាទុក","done":"រួចរាល់","closeButton":{"ariaLabel":"បិទ"},"newAlarmButton":{"ariaLabel":"សំឡេង​រោទ៍​ថ្មី"},"alarm-volume-label":"កម្រិត​សំឡេង​រោទ៍​របស់​ប្រព័ន្ធ","sound":"សំឡេង","noSound":"គ្មាន​សំឡេង","everyday":"រៀងរាល់​ថ្ងៃ","weekdays":"ថ្ងៃ​ធ្វើការ","weekends":"ចុង​​សប្ដាហ៍","never":"មិនដែល","vibrateOn":"បើក","vibrateOff":"បិទ","plusMinute":"+1 Min","dateFormat":"%A, %B %e","countdown-lessThanAnHour":"បាន​កំណត់​សំឡេង​រោទ៍​ <strong>{{minutes}}</strong> ពី​ឥឡូវ។","countdown-moreThanAnHour":"បាន​កំណត់​សំឡេង​រោទ៍ {{hours}} {{minutes}} ពី​ឥឡូវ។","countdown-moreThanADay":"បាន​កំណត់​សំឡេង​រោទ៍​សម្រាប់ {{days}} {{hours}} ចាប់​ពី​​​ឥឡូវ។","nMinutes":{"_index":["plural","n"],"_":{"zero":"តិច​ជាង​មួយ​នាទី","one":"មួយ​នាទី","two":"{{n}} នាទី","few":"{{n}} នាទី","many":"{{n}} នាទី","other":"{{n}} នាទី"}},"nHours":{"_index":["plural","n"],"_":{"one":"<strong>{{n}} ម៉ោង</strong>","two":"<strong>{{n}} ម៉ោង</strong>","few":"<strong>{{n}} ម៉ោង</strong>","many":"<strong>{{n}} ម៉ោង</strong>","other":"<strong>{{n}} ម៉ោង</strong>"}},"nAndRemainHours":{"_index":["plural","n"],"_":{"one":"និង <strong>{{n}} ម៉ោង</strong>","two":"និង <strong>{{n}} ម៉ោង</strong>","few":"និង <strong>{{n}} ម៉ោង</strong>","many":"និង <strong>{{n}} ម៉ោង</strong>","other":"និង <strong>{{n}} ម៉ោង</strong>"}},"nRemainDays":{"_index":["plural","n"],"_":{"one":"<strong>{{n}} ថ្ងៃ</strong>","two":"<strong>{{n}} ថ្ងៃ</strong>","few":"<strong>{{n}} ថ្ងៃ</strong>","many":"<strong>{{n}} ថ្ងៃ</strong>","other":"<strong>{{n}} ថ្ងៃ</strong>"}},"nRemainMinutes":{"_index":["plural","n"],"_":{"one":"និង <strong>{{n}} នាទី</strong>","two":"និង <strong>{{n}} នាទី</strong>","few":"និង <strong>{{n}} នាទី</strong>","many":"និង <strong>{{n}} នាទី</strong>","other":"និង <strong>{{n}} នាទី</strong>"}},"nSpinnerSeconds":{"_index":["plural","n"],"_":{"zero":"សូន្យវិនាទី","one":"មួយវិនាទី","two":"{{n}} វិនាទី","few":"{{n}} វិនាទី","many":"{{n}} វិនាទី","other":"{{n}} វិនាទី"}},"nSpinnerMinutes":{"_index":["plural","n"],"_":{"zero":"សូន្យ​នាទី","one":"មួយ​នាទី","two":"{{n}} នាទី","few":"{{n}} នាទី","many":"{{n}} នាទី","other":"{{n}} នាទី"}},"nSpinnerHours":{"_index":["plural","n"],"_":{"zero":"សូន្យ​ម៉ោង","one":"{{n}} ម៉ោង","two":"{{n}} ម៉ោង","few":"{{n}} ម៉ោង","many":"{{n}} ម៉ោង","other":"{{n}} ម៉ោង"}},"ac_classic_clock_alarm_opus":"ការ​​ផ្ដល់​សញ្ញា​សាមញ្ញ","ac_classic_clock_alarm_prog_opus2":"Pulse Progressive","ac_classic_clock_radio_opus":"ញ័រ​សាមញ្ញ","ac_normal_gem_echoes_opus":"សូរ​ខ្ទរ​​ខ្លាំង","ac_soft_smooth_strings_opus":"ខ្សែ​រាបស្មើ","ac_soft_humming_waves_opus":"រលក​ព្រឹមៗ","ac_normal_ringing_strings_opus":"ខ្សែ​សំឡេង​រោទ៍","ac_soft_into_the_void_opus":"ក្នុង​ទី​ចំហ"}