{"weekday-0-long":"Sekmadienis","weekday-1-long":"Pirmadienis","weekday-2-long":"Antradienis","weekday-3-long":"Trečiadienis","weekday-4-long":"Ketvirtadienis","weekday-5-long":"Penktadienis","weekday-6-long":"Šeštadienis","weekday-0-short":"Sk","weekday-1-short":"Pr","weekday-2-short":"An","weekday-3-short":"Tr","weekday-4-short":"Kt","weekday-5-short":"Pn","weekday-6-short":"Št","month-0-long":"sausis","month-1-long":"vasaris","month-2-long":"kovas","month-3-long":"balandis","month-4-long":"gegužė","month-5-long":"birželis","month-6-long":"liepa","month-7-long":"rugpjūtis","month-8-long":"rugsėjis","month-9-long":"spalis","month-10-long":"lapkritis","month-11-long":"gruodis","month-0-genitive":"sausio","month-1-genitive":"vasario","month-2-genitive":"kovo","month-3-genitive":"balandžio","month-4-genitive":"gegužės","month-5-genitive":"birželio","month-6-genitive":"liepos","month-7-genitive":"rugpjūčio","month-8-genitive":"rugsėjo","month-9-genitive":"spalio","month-10-genitive":"lapkričio","month-11-genitive":"gruodžio","month-0-short":"Sau","month-1-short":"Vas","month-2-short":"Kov","month-3-short":"Bal","month-4-short":"Geg","month-5-short":"Bir","month-6-short":"Lie","month-7-short":"Rgp","month-8-short":"Rgs","month-9-short":"Spa","month-10-short":"Lap","month-11-short":"Grd","minutes-ago-long":{"_index":["plural","value"],"_":{"zero":"ką tik","one":"prieš {{value}} minutę","two":"prieš {{value}} minutes","few":"prieš {{value}} minutes","many":"prieš {{value}} minučių","other":"prieš {{value}} minučių"}},"hours-ago-long":{"_index":["plural","value"],"_":{"zero":"ką tik","one":"prieš {{value}} valandą","two":"prieš {{value}} valandas","few":"prieš {{value}} valandas","many":"prieš {{value}} valandų","other":"prieš {{value}} valandų"}},"days-ago-long":{"_index":["plural","value"],"_":{"zero":"šiandien","one":"vakar","two":"prieš {{value}} dienas","few":"prieš {{value}} dienas","many":"prieš {{value}} dienų","other":"prieš {{value}} dienų"}},"weeks-ago-long":{"_index":["plural","value"],"_":{"zero":"šią savaitę","one":"praėjusią savaitę","two":"prieš {{value}} savaites","few":"prieš {{value}} savaites","many":"prieš {{value}} savaičių","other":"prieš {{value}} savaičių"}},"months-ago-long":{"_index":["plural","value"],"_":{"zero":"šį mėnesį","one":"praėjusį mėnesį","two":"prieš {{value}} mėnesius","few":"prieš {{value}} mėnesius","many":"prieš {{value}} mėnesių","other":"prieš {{value}} mėnesių"}},"years-ago-long":{"_index":["plural","value"],"_":{"zero":"šiemet","one":"prieš {{value}} metus","two":"prieš {{value}} metus","few":"prieš {{value}} metus","many":"prieš {{value}} metų","other":"prieš {{value}} metų"}},"minutes-until-long":{"_index":["plural","value"],"_":{"zero":"dabar","one":"už {{value}} minutės","two":"už {{value}} minučių","few":"už {{value}} minučių","many":"už {{value}} minučių","other":"už {{value}} minučių"}},"hours-until-long":{"_index":["plural","value"],"_":{"zero":"dabar","one":"už {{value}} valandos","two":"už {{value}} valandų","few":"už {{value}} valandų","many":"už {{value}} valandų","other":"už {{value}} valandų"}},"days-until-long":{"_index":["plural","value"],"_":{"zero":"šiandien","one":"rytoj","two":"už {{value}} dienų","few":"už {{value}} dienų","many":"už {{value}} dienų","other":"už {{value}} dienų"}},"weeks-until-long":{"_index":["plural","value"],"_":{"zero":"šią savaitę","one":"kitą savaitę","two":"už {{value}} savaičių","few":"už {{value}} savaičių","many":"už {{value}} savaičių","other":"už {{value}} savaičių"}},"months-until-long":{"_index":["plural","value"],"_":{"zero":"šį mėnesį","one":"kitą mėnesį","two":"už {{value}} mėnesių","few":"už {{value}} mėnesių","many":"už {{value}} mėnesių","other":"už {{value}} mėnesių"}},"years-until-long":{"_index":["plural","value"],"_":{"zero":"šiemet","one":"kitais metais","two":"už {{value}} metų","few":"už {{value}} metų","many":"už {{value}} metų","other":"už {{value}} metų"}},"minutes-ago-short":{"_index":["plural","value"],"_":{"zero":"ką tik","other":"prieš {{value}} min."}},"hours-ago-short":{"_index":["plural","value"],"_":{"zero":"ką tik","other":"prieš {{value}} val."}},"days-ago-short":{"_index":["plural","value"],"_":{"zero":"šiandien","other":"prieš {{value}} d."}},"minutes-until-short":{"_index":["plural","value"],"_":{"zero":"dabar","other":"už {{value}} min."}},"hours-until-short":{"_index":["plural","value"],"_":{"zero":"dabar","other":"už {{value}} val."}},"days-until-short":{"_index":["plural","value"],"_":{"zero":"šiandien","other":"už {{value}} d."}},"incorrectDate":"(negalima data)","dateTimeFormat_%c":"%Y m. %Eb %e d. %H:%M:%S","dateTimeFormat_%x":"%Y-%m-%d","dateTimeFormat_%X":"%H:%M:%S","shortTimeFormat":"%H:%M","shortDateTimeFormat":"%x %H:%M","weekStartsOnMonday":"1","time_am":"priešpiet","time_pm":"popiet","reset":"Atstatyti","start":"Pradėti","stop":"Stabdyti","cancel":"Atsisakyti","hour":"Valanda","hours":"Valandos","minute":"Minutė","minutes":"Minutės","alarm":"Signalai","timer":"Laikmatis","stopwatch":"Chronometras","alarmName":{"placeholder":"Signalo pavadinimas"},"newAlarm":"Naujas signalas","editAlarm":"Taisyti signalą","pause":"Pristabdyti","resume":"Tęsti","lap":"Naujas etapas","lap-number":"{{n}}-asis etapas","delete":"Šalinti","time":"Laikas","snooze-label":"Atidėjimas","snooze-button":"Atidėti","repeat":"Kartojimas","vibrate":"Vibravimas","close":"Užverti","save":"Įrašyti","done":"Baigta","closeButton":{"ariaLabel":"Užverti"},"newAlarmButton":{"ariaLabel":"Naujas signalas"},"alarm-volume-label":"Sistemos signalų garsis","sound":"Garsas","noSound":"Be garso","everyday":"Kasdien","weekdays":"Darbo dienomis","weekends":"Savaitgaliais","never":"Niekada","vibrateOn":"Įjungtas","vibrateOff":"Išjungtas","plusMinute":"+1 min","dateFormat":"%A, %Eb %e d.","countdown-lessThanAnHour":"Signalas suveiks už <strong>{{minutes}}</strong>.","countdown-moreThanAnHour":"Signalas suveiks už {{hours}} {{minutes}}.","countdown-moreThanADay":"Signalas suveiks už {{days}} {{hours}}.","nMinutes":{"_index":["plural","n"],"_":{"zero":"mažiau kaip minutės","one":"{{n}} minutės","two":"{{n}} minučių","few":"{{n}} minučių","many":"{{n}} minučių","other":"{{n}} minučių"}},"nHours":{"_index":["plural","n"],"_":{"one":"<strong>{{n}} valandos</strong>","two":"<strong>{{n}} valandų</strong>","few":"<strong>{{n}} valandų</strong>","many":"<strong>{{n}} valandų</strong>","other":"<strong>{{n}} valandų</strong>"}},"nAndRemainHours":{"_index":["plural","n"],"_":{"one":"ir <strong>{{n}} valandos</strong>","two":"ir <strong>{{n}} valandų</strong>","few":"ir <strong>{{n}} valandų</strong>","many":"ir <strong>{{n}} valandų</strong>","other":"ir <strong>{{n}} valandų</strong>"}},"nRemainDays":{"_index":["plural","n"],"_":{"one":"<strong>{{n}} dienos</strong>","two":"<strong>{{n}} dienų</strong>","few":"<strong>{{n}} dienų</strong>","many":"<strong>{{n}} dienų</strong>","other":"<strong>{{n}} dienų</strong>"}},"nRemainMinutes":{"_index":["plural","n"],"_":{"one":"ir <strong>{{n}} minutės</strong>","two":"ir <strong>{{n}} minučių</strong>","few":"ir <strong>{{n}} minučių</strong>","many":"ir <strong>{{n}} minučių</strong>","other":"ir <strong>{{n}} minučių</strong>"}},"nSpinnerSeconds":{"_index":["plural","n"],"_":{"zero":"nulis sekundžių","one":"{{n}} sekundė","two":"{{n}} sekundės","few":"{{n}} sekundės","many":"{{n}} sekundžių","other":"{{n}} sekundžių"}},"nSpinnerMinutes":{"_index":["plural","n"],"_":{"zero":"nulis minučių","one":"{{n}} minutė","two":"{{n}} minutės","few":"{{n}} minutės","many":"{{n}} minučių","other":"{{n}} minučių"}},"nSpinnerHours":{"_index":["plural","n"],"_":{"zero":"nulis valandų","one":"{{n}} valanda","two":"{{n}} valandos","few":"{{n}} valandos","many":"{{n}} valandų","other":"{{n}} valandų"}},"ac_classic_clock_alarm_opus":"Klasikinis pypsėjimas","ac_classic_clock_alarm_prog_opus2":"Garsėjantis pypsėjimas","ac_classic_clock_radio_opus":"Klasikinis zyzimas","ac_normal_gem_echoes_opus":"Perlų aidas","ac_soft_smooth_strings_opus":"Ramios stygos","ac_soft_humming_waves_opus":"Mirguliuojančios bangos","ac_normal_ringing_strings_opus":"Skambios stygos","ac_soft_into_the_void_opus":"Į tuštumą"}