{"weekday-0-long":"Ahad","weekday-1-long":"Isnin","weekday-2-long":"Selasa","weekday-3-long":"Rabu","weekday-4-long":"Khamis","weekday-5-long":"Jumaat","weekday-6-long":"Sabtu","weekday-0-short":"Ahad","weekday-1-short":"Isnin","weekday-2-short":"Selasa","weekday-3-short":"Rabu","weekday-4-short":"Khamis","weekday-5-short":"Jumaat","weekday-6-short":"Sabtu","month-0-long":"Januari","month-1-long":"Februari","month-2-long":"Mac","month-3-long":"April","month-4-long":"Mei","month-5-long":"Jun","month-6-long":"Julai","month-7-long":"Ogos","month-8-long":"September","month-9-long":"Oktober","month-10-long":"November","month-11-long":"Disember","month-0-genitive":"Januari","month-1-genitive":"Februari","month-2-genitive":"Mac","month-3-genitive":"April","month-4-genitive":"Mei","month-5-genitive":"Jun","month-6-genitive":"Julai","month-7-genitive":"Ogos","month-8-genitive":"September","month-9-genitive":"Oktober","month-10-genitive":"November","month-11-genitive":"Disember","month-0-short":"Jan","month-1-short":"Feb","month-2-short":"Mac","month-3-short":"Apr","month-4-short":"Mei","month-5-short":"Jun","month-6-short":"Jul","month-7-short":"Ogos","month-8-short":"Sep","month-9-short":"Okt","month-10-short":"Nov","month-11-short":"Dis","minutes-ago-long":{"_index":["plural","value"],"_":{"zero":"sebentar tadi","one":"satu minit lalu","two":"{{value}} minit lalu","few":"{{value}} minit lalu","many":"{{value}} minit lalu","other":"{{value}} minit lalu"}},"hours-ago-long":{"_index":["plural","value"],"_":{"zero":"sebentar tadi","one":"sejam yang lalu","two":"{{value}} jam lalu","few":"{{value}} jam lalu","many":"{{value}} jam lalu","other":"{{value}} jam lalu"}},"days-ago-long":{"_index":["plural","value"],"_":{"zero":"hari ini","one":"semalam","two":"{{value}} hari lalu","few":"{{value}} hari lalu","many":"{{value}} hari lalu","other":"{{value}} hari lalu"}},"weeks-ago-long":{"_index":["plural","value"],"_":{"zero":"minggu ini","one":"minggu lalu","two":"{{value}} minggu lalu","few":"{{value}} minggu lalu","many":"{{value}} minggu lalu","other":"{{value}} minggu lalu"}},"months-ago-long":{"_index":["plural","value"],"_":{"zero":"bulan ini","one":"bulan lalu","two":"{{value}} bulan lalu","few":"{{value}} bulan lalu","many":"{{value}} minit lalu","other":"{{value}} minit lalu"}},"years-ago-long":{"_index":["plural","value"],"_":{"zero":"tahun ini","one":"tahun lalu","two":"{{value}} tahun lalu","few":"{{value}} tahun lalu","many":"{{value}} tahun lalu","other":"{{value}} tahun lalu"}},"minutes-until-long":{"_index":["plural","value"],"_":{"zero":"sekarang","one":"dalam satu minit","two":"dalam {{value}} minit","few":"dalam {{value}} minit","many":"dalam {{value}} minit","other":"dalam {{value}} minit"}},"hours-until-long":{"_index":["plural","value"],"_":{"zero":"sekarang","one":"dalam satu jam","two":"dalam {{value}} jam","few":"dalam {{value}} jam","many":"dalam {{value}} jam","other":"dalam {{value}} jam"}},"days-until-long":{"_index":["plural","value"],"_":{"zero":"hari ini","one":"esok","two":"dalam {{value}} hari","few":"dalam {{value}} hari","many":"dalam {{value}} hari","other":"dalam {{value}} hari"}},"weeks-until-long":{"_index":["plural","value"],"_":{"zero":"minggu ini","one":"minggu depan","two":"dalam {{value}} minggu","few":"dalam {{value}} minggu","many":"dalam {{value}} minggu","other":"dalam {{value}} minggu"}},"months-until-long":{"_index":["plural","value"],"_":{"zero":"bulan ini","one":"bulan depan","two":"dalam {{value}} bulan","few":"dalam {{value}} bulan","many":"dalam {{value}} bulan","other":"dalam {{value}} bulan"}},"years-until-long":{"_index":["plural","value"],"_":{"zero":"tahun ini","one":"tahun depan","two":"dalam {{value}} tahun","few":"dalam {{value}} tahun","many":"dalam {{value}} tahun","other":"dalam {{value}} tahun"}},"minutes-ago-short":{"_index":["plural","value"],"_":{"zero":"sebentar tadi","other":"{{value}} minit lalu"}},"hours-ago-short":{"_index":["plural","value"],"_":{"zero":"sebentar tadi","other":"{{value}} jam lalu"}},"days-ago-short":{"_index":["plural","value"],"_":{"zero":"hari ini","other":"{{value}} hari lalu"}},"minutes-until-short":{"_index":["plural","value"],"_":{"zero":"sekarang","other":"dalam {{value}} minit"}},"hours-until-short":{"_index":["plural","value"],"_":{"zero":"sekarang","other":"dalam {{value}} jam"}},"days-until-short":{"_index":["plural","value"],"_":{"zero":"hari ini","other":"dalam {{value}} hari"}},"incorrectDate":"(tarikh tidak betul)","dateTimeFormat_%c":"%a %b %e %Y %I:%M:%S %p","dateTimeFormat_%x":"%m/%d/%Y","dateTimeFormat_%X":"%I:%M:%S %p","shortTimeFormat":"%I:%M %p","shortDateTimeFormat":"%x %I:%M %p","weekStartsOnMonday":"0","time_am":"PG","time_pm":"PTG","reset":"Tetapan semula","start":"Mula","stop":"Henti","cancel":"Batal","hour":"Jam","hours":"Jam","minute":"Minit","minutes":"Minit","alarm":"Penggera","timer":"Pemasa","stopwatch":"Jam randik","alarmName":{"placeholder":"Nama penggera"},"newAlarm":"Penggera baru","editAlarm":"Sunting penggera","pause":"Jeda","resume":"Sambung","lap":"Pusingan","lap-number":"Pusingan {{n}}","delete":"Hapus","time":"Waktu","snooze-label":"Tunda","snooze-button":"Tunda","repeat":"Ulang","vibrate":"Getar","close":"Tutup","save":"Simpan","done":"Selesai","closeButton":{"ariaLabel":"Tutup"},"newAlarmButton":{"ariaLabel":"Penggera baru"},"alarm-volume-label":"System Alarm Volume","sound":"Bunyi","noSound":"Tiada Bunyi","everyday":"Setiap hari","weekdays":"Hari minggu","weekends":"Hujung Minggu","never":"Tidak sekali","vibrateOn":"Hidup","vibrateOff":"Mati","plusMinute":"+1 Min","dateFormat":"%A, %B %e","countdown-lessThanAnHour":"Penggera sedia ada untuk <strong>{{minutes}}</strong> dari sekarang.","countdown-moreThanAnHour":"Penggera sedia ada untuk {{hours}} {{minutes}} dari sekarang.","countdown-moreThanADay":"Penggera ditetapkan untuk {{days}} {{hours}} dari sekarang.","nMinutes":{"_index":["plural","n"],"_":{"zero":"Kurang dari seminit","one":"satu minit","two":"{{n}} minit","few":"{{n}} minit","many":"{{n}} minit","other":"{{n}} minit"}},"nHours":{"_index":["plural","n"],"_":{"one":"<strong>{{n}} jam</strong>","two":"<strong>{{n}} jam</strong>","few":"<strong>{{n}} jam</strong>","many":"<strong>{{n}} jam</strong>","other":"<strong>{{n}} jam</strong>"}},"nAndRemainHours":{"_index":["plural","n"],"_":{"one":"dan <strong>{{n}} jam</strong>","two":"dan <strong>{{n}} jam</strong>","few":"dan <strong>{{n}} jam</strong>","many":"dan <strong>{{n}} jam</strong>","other":"dan <strong>{{n}} jam</strong>"}},"nRemainDays":{"_index":["plural","n"],"_":{"one":"<strong>{{n}} hari</strong>","two":"<strong>{{n}} hari</strong>","few":"<strong>{{n}} hari</strong>","many":"<strong>{{n}} hari</strong>","other":"<strong>{{n}} hari</strong>"}},"nRemainMinutes":{"_index":["plural","n"],"_":{"one":"dan <strong>{{n}} minit</strong>","two":"dan <strong>{{n}} minit</strong>","few":"dan <strong>{{n}} minit</strong>","many":"dan <strong>{{n}} minit</strong>","other":"dan <strong>{{n}} minit</strong>"}},"nSpinnerSeconds":{"_":{"zero":"sifar saat","one":"satu saat","few":"{{n}} saat","many":"{{n}} saat","other":"{{n}} saat"}},"nSpinnerMinutes":{"_index":["plural","n"],"_":{"one":"satu minit","two":"{{n}} minit","few":"{{n}} minit","many":"{{n}} minit","other":"{{n}} minit"}},"nSpinnerHours":{"_index":["plural","n"],"_":{"one":"{{n}} jam","two":"{{n}} jam","few":"{{n}} jam","many":"{{n}} jam","other":"{{n}} jam"}},"ac_classic_clock_alarm_opus":"Klasik Buzz","ac_classic_clock_alarm_prog_opus2":"Denyut Progresif","ac_classic_clock_radio_opus":"Denyut Klasik","ac_normal_gem_echoes_opus":"Gema Gem","ac_soft_smooth_strings_opus":"String Rata","ac_soft_humming_waves_opus":"Kilauan Ombak","ac_normal_ringing_strings_opus":"String Nada","ac_soft_into_the_void_opus":"Ke dalam Lowong"}