{"weekday-0-long":"आइतबार","weekday-1-long":"सोमबार","weekday-2-long":"मंगलबार","weekday-3-long":"बुधबार","weekday-4-long":"बिहिबार","weekday-5-long":"शुक्रबार","weekday-6-long":"शनिबार","weekday-0-short":"आइत","weekday-1-short":"सोम","weekday-2-short":"मङ्गल","weekday-3-short":"बुध","weekday-4-short":"बिहि","weekday-5-short":"शुक्र","weekday-6-short":"शनि","month-0-long":"जनवरी","month-1-long":"फेब्रुअरी","month-2-long":"ंमार्च","month-3-long":"अप्रिल","month-4-long":"मे","month-5-long":"जुन","month-6-long":"जुलाई","month-7-long":"अगस्ट","month-8-long":"सेप्टेम्बर","month-9-long":"अक्टोबर","month-10-long":"नोभेम्बर","month-11-long":"डिसेम्बर","month-0-genitive":"जनवरी","month-1-genitive":"फेब्रुअरी","month-2-genitive":"ंमार्च","month-3-genitive":"अप्रिल","month-4-genitive":"मे","month-5-genitive":"जुन","month-6-genitive":"जुलाई","month-7-genitive":"अगस्ट","month-8-genitive":"सेप्टेम्बर","month-9-genitive":"अक्टोबर","month-10-genitive":"नोभेम्बर","month-11-genitive":"डिसेम्बर","month-0-short":"जन","month-1-short":"फेब","month-2-short":"मार्च","month-3-short":"अप्रिल","month-4-short":"मे","month-5-short":"जुन","month-6-short":"जुलाई","month-7-short":"अगस्ट","month-8-short":"सेप्टेम्वर","month-9-short":"अक्टुवर","month-10-short":"नोभेम्वर","month-11-short":"डिसेम्वर","minutes-ago-long":{"_index":["plural","value"],"_":{"zero":"भर्खरै","one":"एक मिनेट अगाडि","two":"{{value}} मिनेट अगाडि","few":"{{value}} मिनेट अगाडि","many":"{{value}} मिनेट अगाडि","other":"{{value}} मिनेट अगाडि"}},"hours-ago-long":{"_index":["plural","value"],"_":{"zero":"भर्खरै","one":"एक घन्टा अगाडि","two":"{{value}} घण्टा अगाडि","few":"{{value}} घण्टा अगाडि","many":"{{value}} घण्टा अगाडि","other":"{{value}} घण्टा अगाडि"}},"days-ago-long":{"_index":["plural","value"],"_":{"zero":"आज","one":"हिजो","two":"{{value}} दिन अगाडि","few":"{{value}} दिन अगाडि","many":"{{value}} दिन अगाडि","other":"{{value}} दिन अगाडि"}},"weeks-ago-long":{"_index":["plural","value"],"_":{"zero":"यो हप्ता","one":"गएको हप्ता","two":"{{value}} हप्ता अगाडि","few":"{{value}} हप्ता अगाडि","many":"{{value}} हप्ता अगाडि","other":"{{value}} हप्ता अगाडि"}},"months-ago-long":{"_index":["plural","value"],"_":{"zero":"यो महिना","one":"गएको महिना","two":"{{value}} महिना अगाडि","few":"{{value}} महिना अगाडि","many":"{{value}} महिना अगाडि","other":"{{value}} महिना अगाडि"}},"years-ago-long":{"_index":["plural","value"],"_":{"zero":"यो वर्ष","one":"अघिल्लो वर्ष","two":"{{value}} वर्ष अगाडि","few":"{{value}} वर्ष अगाडि","many":"{{value}} वर्ष अगाडि","other":"{{value}} वर्ष अगाडि"}},"minutes-until-long":{"_index":["plural","value"],"_":{"zero":"अहिले","one":"एक मिनेटमा","two":"{{value}} मिनेटमा","few":"{{value}} मिनेटमा","many":"{{value}} मिनेटमा","other":"{{value}} मिनेटमा"}},"hours-until-long":{"_index":["plural","value"],"_":{"zero":"अहिले","one":"एक घण्टामा","two":"{{value}} घण्टामा","few":"{{value}} घण्टामा","many":"{{value}} घण्टामा","other":"{{value}} घण्टामा"}},"days-until-long":{"_index":["plural","value"],"_":{"zero":"आज","one":"भोलि","two":"{{value}} दिनमा","few":"{{value}} दिनमा","many":"{{value}} दिनमा","other":"{{value}} दिनमा"}},"weeks-until-long":{"_index":["plural","value"],"_":{"zero":"यो हप्ता","one":"पछिल्लो हप्ता","two":"{{value}} हप्तामा","few":"{{value}} हप्तामा","many":"{{value}} हप्तामा","other":"{{value}} हप्तामा"}},"months-until-long":{"_index":["plural","value"],"_":{"zero":"यस महिना","one":"पछिल्लो महिना","two":"{{value}} महिनामा","few":"{{value}} महिनामा","many":"{{value}} महिनामा","other":"{{value}} महिनामा"}},"years-until-long":{"_index":["plural","value"],"_":{"zero":"यस बर्ष","one":"आर्को बर्ष","two":"{{value}} बर्षमा","few":"{{value}} बर्षमा","many":"{{value}} वर्षमा","other":"{{value}} वर्षमा"}},"minutes-ago-short":{"_index":["plural","value"],"_":{"zero":"भर्खरै","other":"{{value}}मिनेट अघि"}},"hours-ago-short":{"_index":["plural","value"],"_":{"zero":"भर्खरै","other":"{{value}}घण्टा अघि"}},"days-ago-short":{"_index":["plural","value"],"_":{"zero":"आज","other":"{{value}}दिन अघि"}},"minutes-until-short":{"_index":["plural","value"],"_":{"zero":"अहिले","other":"{{value}}मिनेटमा"}},"hours-until-short":{"_index":["plural","value"],"_":{"zero":"अहिले","other":"{{value}}घण्टामा"}},"days-until-short":{"_index":["plural","value"],"_":{"zero":"आज","other":"{{value}}दिनमा"}},"incorrectDate":"(गलत मिति)","dateTimeFormat_%c":"%a %b %e %Y %I:%M:%S %p","dateTimeFormat_%x":"%m/%d/%Y","dateTimeFormat_%X":"%I:%M:%S %p","shortTimeFormat":"%I:%M %p","shortDateTimeFormat":"%x %I:%M %p","weekStartsOnMonday":"0","time_am":"ए एम","time_pm":"पी एम","reset":"रिसेट गर्नुहोस्","start":"सुरु गर्नुहोस्","stop":"रोक्नुहोस्","cancel":"रद्द गर","hour":"घण्टा","hours":"घण्टा","minute":"मिनेट","minutes":"मिनेट","alarm":"संसूचक","timer":"समय सुचक","stopwatch":"रोमिघडी","alarmName":{"placeholder":"अलार्मको नाम "},"newAlarm":"नयाँ संसूचक","editAlarm":"संसूचक सम्पादन गर्नुहोस्","pause":"रोक्नुहोस्","resume":"सुचारू","lap":"काख","lap-number":"काख {{n}}","delete":"मेट्नुहोस्","time":"समय","snooze-label":"झपकी","snooze-button":"झपकी","repeat":"दोहोर्याउनुहोस्","vibrate":"थर्किनु","close":"बन्द गर्नुहोस्","save":"बचत गर्नुहोस्","done":"भयो","closeButton":{"ariaLabel":"बन्द गर्नुहोस्"},"newAlarmButton":{"ariaLabel":"नयाँ संसूचक"},"alarm-volume-label":"प्रणालीको संसूचक आवाज","sound":"ध्वनि","noSound":"ध्वनि छैन","everyday":"प्रतिदिन","weekdays":"हप्तादिनहरु","weekends":"सप्ताहन्त","never":"कहिले पनि होइन","vibrateOn":"चालु","vibrateOff":"बन्द","plusMinute":"थप एक मिनेट","dateFormat":"%A, %B %e","countdown-lessThanAnHour":"यो संसूचक अहिलेबाट <strong>{{minutes}}</strong>का लागि राखिएको छ।","countdown-moreThanAnHour":"यो संसूचक अहिलेबाट {{hours}} {{minutes}}का लागि राखिएको छ।","countdown-moreThanADay":"यो सचेतक अहिलेबाट {{days}} {{hours}}का लागि राखिएको छ।","nMinutes":{"_index":["plural","n"],"_":{"zero":"एक मिनेट भन्दा कम","one":"एक मिनेट","two":"{{n}} मिनेट","few":"{{n}} मिनेट","many":"{{n}} मिनेट","other":"{{n}} मिनेट"}},"nHours":{"_index":["plural","n"],"_":{"one":"<strong>{{n}} घण्टा</strong>","two":"<strong>{{n}} घण्टा</strong>","few":"<strong>{{n}} घण्टा</strong>","many":"<strong>{{n}} घण्टा</strong>","other":"<strong>{{n}} घण्टा</strong>"}},"nAndRemainHours":{"_index":["plural","n"],"_":{"one":"र <strong>{{n}} घण्टा</strong>","two":"<strong>{{n}} घण्टा</strong>","few":"र <strong>{{n}} घण्टा</strong>","many":"<strong>{{n}} घण्टा</strong>","other":"र<strong>{{n}} घण्टा</strong>"}},"nRemainDays":{"_index":["plural","n"],"_":{"one":"<strong>{{n}} घण्टा</strong>","two":"<strong>{{n}} दिनहरु</strong>","few":"<strong>{{n}} दिनहरु</strong>","many":"<strong>{{n}} घण्टा</strong>","other":"<strong>{{n}} घण्टा</strong>"}},"nRemainMinutes":{"_index":["plural","n"],"_":{"one":"र <strong>{{n}} मिनेट</strong>","two":"र <strong>{{n}} मिनेट</strong>","few":"र <strong>{{n}} मिनेट</strong>","many":"र <strong>{{n}} मिनेट</strong>","other":"र <strong>{{n}} मिनेट</strong>"}},"nSpinnerSeconds":"{[ plural(n) ]}","nSpinnerMinutes":{"_index":["plural","n"],"_":{"one":"एक मिनेट","two":"{{n}} मिनेट","few":"{{n}} मिनेट","many":"{{n}} मिनेट","other":"{{n}} मिनेट"}},"nSpinnerHours":{"_index":["plural","n"],"_":{"one":"{{n}} घण्टा","two":"{{n}} घण्टाह","few":"{{n}} घण्टाहरु","many":"{{n}} घण्टाहरु","other":"{{n}} घण्टाहरु"}},"ac_classic_clock_alarm_opus":"शास्रीय भुनभुन","ac_classic_clock_alarm_prog_opus2":"प्रगतिशील पल्स","ac_classic_clock_radio_opus":"शास्त्रीय कम्पन","ac_normal_gem_echoes_opus":"Gem Echoes","ac_soft_smooth_strings_opus":"Smooth Strings","ac_soft_humming_waves_opus":"Shimmering Waves","ac_normal_ringing_strings_opus":"Ringing Strings","ac_soft_into_the_void_opus":"Into the Void"}