{"weekday-0-long":"zondag","weekday-1-long":"maandag","weekday-2-long":"dinsdag","weekday-3-long":"woensdag","weekday-4-long":"donderdag","weekday-5-long":"vrijdag","weekday-6-long":"zaterdag","weekday-0-short":"zon","weekday-1-short":"maa","weekday-2-short":"din","weekday-3-short":"woe","weekday-4-short":"don","weekday-5-short":"vrij","weekday-6-short":"zat","month-0-long":"januari","month-1-long":"februari","month-2-long":"maart","month-3-long":"april","month-4-long":"mei","month-5-long":"juni","month-6-long":"juli","month-7-long":"augustus","month-8-long":"september","month-9-long":"oktober","month-10-long":"november","month-11-long":"december","month-0-genitive":"januari","month-1-genitive":"februari","month-2-genitive":"maart","month-3-genitive":"april","month-4-genitive":"mei","month-5-genitive":"juni","month-6-genitive":"juli","month-7-genitive":"augustus","month-8-genitive":"september","month-9-genitive":"oktober","month-10-genitive":"november","month-11-genitive":"december","month-0-short":"jan","month-1-short":"feb","month-2-short":"mrt","month-3-short":"apr","month-4-short":"mei","month-5-short":"jun","month-6-short":"jul","month-7-short":"aug","month-8-short":"sep","month-9-short":"okt","month-10-short":"nov","month-11-short":"dec","minutes-ago-long":{"_index":["plural","value"],"_":{"zero":"zojuist","one":"een minuut geleden","two":"{{value}} minuten geleden","few":"{{value}} minuten geleden","many":"{{value}} minuten geleden","other":"{{value}} minuten geleden"}},"hours-ago-long":{"_index":["plural","value"],"_":{"zero":"zojuist","one":"een uur geleden","two":"{{value}} uur geleden","few":"{{value}} uur geleden","many":"{{value}} uur geleden","other":"{{value}} uur geleden"}},"days-ago-long":{"_index":["plural","value"],"_":{"zero":"vandaag","one":"gisteren","two":"{{value}} dagen geleden","few":"{{value}} dagen geleden","many":"{{value}} dagen geleden","other":"{{value}} dagen geleden"}},"weeks-ago-long":{"_index":["plural","value"],"_":{"zero":"deze week","one":"vorige week","two":"{{value}} weken geleden","few":"{{value}} weken geleden","many":"{{value}} weken geleden","other":"{{value}} weken geleden"}},"months-ago-long":{"_index":["plural","value"],"_":{"zero":"deze maand","one":"vorige maand","two":"{{value}} maanden geleden","few":"{{value}} maanden geleden","many":"{{value}} maanden geleden","other":"{{value}} maanden geleden"}},"years-ago-long":{"_index":["plural","value"],"_":{"zero":"dit jaar","one":"vorig jaar","two":"{{value}} jaar geleden","few":"{{value}} jaar geleden","many":"{{value}} jaar geleden","other":"{{value}} jaar geleden"}},"minutes-until-long":{"_index":["plural","value"],"_":{"zero":"nu","one":"zo meteen","two":"over {{value}} minuten","few":"over {{value}} minuten","many":"over {{value}} minuten","other":"over {{value}} minuten"}},"hours-until-long":{"_index":["plural","value"],"_":{"zero":"nu","one":"over een uur","two":"over {{value}} uur","few":"over {{value}} uur","many":"over {{value}} uur","other":"over {{value}} uur"}},"days-until-long":{"_index":["plural","value"],"_":{"zero":"vandaag","one":"morgen","two":"over {{value}} dagen","few":"over {{value}} dagen","many":"over {{value}} dagen","other":"over {{value}} dagen"}},"weeks-until-long":{"_index":["plural","value"],"_":{"zero":"deze week","one":"volgende week","two":"over {{value}} weken","few":"over {{value}} weken","many":"over {{value}} weken","other":"over {{value}} weken"}},"months-until-long":{"_index":["plural","value"],"_":{"zero":"deze maand","one":"volgende maand","two":"over {{value}} maanden","few":"over {{value}} maanden","many":"over {{value}} maanden","other":"over {{value}} maanden"}},"years-until-long":{"_index":["plural","value"],"_":{"zero":"dit jaar","one":"volgend jaar","two":"over {{value}} jaar","few":"over {{value}} jaar","many":"over {{value}} jaar","other":"over {{value}} jaar"}},"minutes-ago-short":{"_index":["plural","value"],"_":{"zero":"zojuist","other":"{{value}}m geleden"}},"hours-ago-short":{"_index":["plural","value"],"_":{"zero":"zojuist","other":"{{value}}h geleden"}},"days-ago-short":{"_index":["plural","value"],"_":{"zero":"vandaag","other":"{{value}}d geleden"}},"minutes-until-short":{"_index":["plural","value"],"_":{"zero":"nu","other":"over {{value}}m"}},"hours-until-short":{"_index":["plural","value"],"_":{"zero":"nu","other":"over {{value}}h"}},"days-until-short":{"_index":["plural","value"],"_":{"zero":"vandaag","other":"over {{value}}d"}},"incorrectDate":"(onjuiste datum)","dateTimeFormat_%c":"%a %e %b %Y %H:%M:%S","dateTimeFormat_%x":"%d-%m-%Y","dateTimeFormat_%X":"%H:%M:%S","shortTimeFormat":"%H:%M","shortDateTimeFormat":"%x %H:%M","weekStartsOnMonday":"1","time_am":"AM","time_pm":"PM","reset":"Terugzetten","start":"Starten","stop":"Stoppen","cancel":"Annuleren","hour":"Uur","hours":"Uur","minute":"Minuut","minutes":"Minuten","alarm":"Alarm","timer":"Timer","stopwatch":"Stopwatch","alarmName":{"placeholder":"Alarmnaam"},"newAlarm":"Nieuw alarm","editAlarm":"Alarm bewerken","pause":"Pauzeren","resume":"Hervatten","lap":"Ronde","lap-number":"Ronde {{n}}","delete":"Verwijderen","time":"Tijd","snooze-label":"Sluimeren","snooze-button":"Sluimeren","repeat":"Herhalen","vibrate":"Trillen","close":"Sluiten","save":"Opslaan","done":"Gereed","closeButton":{"ariaLabel":"Sluiten"},"newAlarmButton":{"ariaLabel":"Nieuw alarm"},"alarm-volume-label":"Systeemalarmvolume","sound":"Geluid","noSound":"Geen geluid","everyday":"Elke dag","weekdays":"Werkdagen","weekends":"Weekenden","never":"Nooit","vibrateOn":"Aan","vibrateOff":"Uit","plusMinute":"+1 min","dateFormat":"%A %e %B","countdown-lessThanAnHour":"Het alarm is ingesteld voor <strong>{{minutes}}</strong> vanaf nu.","countdown-moreThanAnHour":"Het alarm is ingesteld voor {{hours}} {{minutes}} vanaf nu.","countdown-moreThanADay":"Het alarm is ingesteld voor {{days}} {{hours}} vanaf nu.","nMinutes":{"_index":["plural","n"],"_":{"zero":"minder dan een minuut","one":"een minuut","two":"{{n}} minuten","few":"{{n}} minuten","many":"{{n}} minuten","other":"{{n}} minuten"}},"nHours":{"_index":["plural","n"],"_":{"one":"<strong>{{n}} uur</strong>","two":"<strong>{{n}} uur</strong>","few":"<strong>{{n}} uur</strong>","many":"<strong>{{n}} uur</strong>","other":"<strong>{{n}} uur</strong>"}},"nAndRemainHours":{"_index":["plural","n"],"_":{"one":"en <strong>{{n}} uur</strong>","two":"en <strong>{{n}} uur</strong>","few":"en <strong>{{n}} uur</strong>","many":"en <strong>{{n}} uur</strong>","other":"en <strong>{{n}} uur</strong>"}},"nRemainDays":{"_index":["plural","n"],"_":{"one":"<strong>{{n}} dag</strong>","two":"<strong>{{n}} dagen</strong>","few":"<strong>{{n}} dagen</strong>","many":"<strong>{{n}} dagen</strong>","other":"<strong>{{n}} dagen</strong>"}},"nRemainMinutes":{"_index":["plural","n"],"_":{"one":"en <strong>{{n}} minuut</strong>","two":"en <strong>{{n}} minuten</strong>","few":"en <strong>{{n}} minuten</strong>","many":"en <strong>{{n}} minuten</strong>","other":"en <strong>{{n}} minuten</strong>"}},"nSpinnerSeconds":{"_index":["plural","n"],"_":{"zero":"nul seconden","one":"één seconde","two":"{{n}} seconden","few":"{{n}} seconden","many":"{{n}} seconden","other":"{{n}} seconden"}},"nSpinnerMinutes":{"_index":["plural","n"],"_":{"zero":"nul minuten","one":"één minuut","two":"{{n}} minuten","few":"{{n}} minuten","many":"{{n}} minuten","other":"{{n}} minuten"}},"nSpinnerHours":{"_index":["plural","n"],"_":{"zero":"nul uur","one":"{{n}} uur","two":"{{n}} uur","few":"{{n}} uur","many":"{{n}} uur","other":"{{n}} uur"}},"ac_classic_clock_alarm_opus":"Classic Buzz","ac_classic_clock_alarm_prog_opus2":"Pulse Progressive","ac_classic_clock_radio_opus":"Classic Pulse","ac_normal_gem_echoes_opus":"Gem Echoes","ac_soft_smooth_strings_opus":"Smooth Strings","ac_soft_humming_waves_opus":"Shimmering Waves","ac_normal_ringing_strings_opus":"Ringing Strings","ac_soft_into_the_void_opus":"Into the Void"}