{"weekday-0-long":"ਐਤਵਾਰ","weekday-1-long":"ਸੋਮਵਾਰ","weekday-2-long":"ਮੰਗਲਵਾਰ","weekday-3-long":"ਬੁੱਧਵਾਰ","weekday-4-long":"ਵੀਰਵਾਰ","weekday-5-long":"ਸ਼ੁੱਕਰਵਾਰ","weekday-6-long":"ਸ਼ਨਿੱਚਰਵਾਰ","weekday-0-short":"ਐਤ","weekday-1-short":"ਸੋਮ","weekday-2-short":"ਮੰਗਲ","weekday-3-short":"ਬੁੱਧ","weekday-4-short":"ਵੀਰ","weekday-5-short":"ਸ਼ੁੱਕਰ","weekday-6-short":"ਸ਼ਨਿੱ","month-0-long":"ਜਨਵਰੀ","month-1-long":"ਫਰਵਰੀ","month-2-long":"ਮਾਰਚ","month-3-long":"ਅਪਰੈਲ","month-4-long":"ਮਈ","month-5-long":"ਜੂਨ","month-6-long":"ਜੁਲਾਈ","month-7-long":"ਅਗਸਤ","month-8-long":"ਸਤੰਬਰ","month-9-long":"ਅਕਤੂਬਰ","month-10-long":"ਨਵੰਬਰ","month-11-long":"ਦਸੰਬਰ","month-0-genitive":"ਜਨਵਰੀ","month-1-genitive":"ਫਰਵਰੀ","month-2-genitive":"ਮਾਰਚ","month-3-genitive":"ਅਪਰੈਲ","month-4-genitive":"ਮਈ","month-5-genitive":"ਜੂਨ","month-6-genitive":"ਜੁਲਾਈ","month-7-genitive":"ਅਗਸਤ","month-8-genitive":"ਸਤੰਬਰ","month-9-genitive":"ਅਕਤੂਬਰ","month-10-genitive":"ਨਵੰਬਰ","month-11-genitive":"ਦਸੰਬਰ","month-0-short":"ਜਨ","month-1-short":"ਫਰ","month-2-short":"ਮਾਰ","month-3-short":"ਅਪ","month-4-short":"ਮਈ","month-5-short":"ਜੂਨ","month-6-short":"ਜੁਲਾ","month-7-short":"ਅਗ","month-8-short":"ਸਤੰ","month-9-short":"ਅਕਤੂ","month-10-short":"ਨਵੰ","month-11-short":"ਦਸੰ","minutes-ago-long":{"_index":["plural","value"],"_":{"zero":"ਹੁਣੇ ਹੀਂ","one":"ਮਿੰਟ ਕੁ ਪਹਿਲਾਂ","two":"{{value}} ਮਿੰਟ ਪਹਿਲਾਂ","few":"{{value}} ਮਿੰਟ ਪਹਿਲਾਂ","many":"{{value}} ਮਿੰਟ ਪਹਿਲਾਂ","other":"{{value}}  ਮਿੰਟ ਪਹਿਲਾਂ"}},"hours-ago-long":{"_index":["plural","value"],"_":{"zero":"ਹੁਣੇ ਹੀ","one":"ਘੰਟਾ ਪਹਿਲਾਂ","two":"{{value}} ਘੰਟੇ ਪਹਿਲਾਂ","few":"{{value}} ਘੰਟੇ ਪਹਿਲਾਂ","many":"{{value}} ਘੰਟੇ ਪਹਿਲਾਂ","other":"{{value}} ਘੰਟੇ ਪਹਿਲਾਂ"}},"days-ago-long":{"_index":["plural","value"],"_":{"zero":"ਅੱਜ","one":"ਕੱਲ੍ਹ","two":"{{value}} ਦਿਨ ਪਹਿਲਾਂ","few":"{{value}} ਦਿਨ ਪਹਿਲਾਂ","many":"{{value}} ਦਿਨ ਪਹਿਲਾਂ","other":"{{value}} ਦਿਨ ਪਹਿਲਾਂ"}},"weeks-ago-long":{"_index":["plural","value"],"_":{"zero":"ਇਹ ਹਫ਼ਤੇ","one":"ਪਿਛਲੇ ਹਫ਼ਤੇ","two":"{{value}} ਹਫ਼ਤੇ ਪਹਿਲਾਂ","few":"{{value}} ਹਫ਼ਤੇ ਪਹਿਲਾਂ","many":"{{value}} ਹਫ਼ਤੇ ਪਹਿਲਾਂ","other":"{{value}} ਹਫ਼ਤੇ ਪਹਿਲਾਂ"}},"months-ago-long":{"_index":["plural","value"],"_":{"zero":"ਇਹ ਮਹੀਨੇ","one":"ਪਿਛਲੇ ਮਹੀਨੇ","two":"{{value}} ਮਹੀਨੇ ਪਹਿਲਾਂ","few":"{{value}} ਮਹੀਨੇ ਪਹਿਲਾਂ","many":"{{value}} ਮਹੀਨੇ ਪਹਿਲਾਂ","other":"{{value}} ਮਹੀਨੇ ਪਹਿਲਾਂ"}},"years-ago-long":{"_index":["plural","value"],"_":{"zero":"ਇਹ ਸਾਲ","one":"ਪਿਛਲੇ ਸਾਲ","two":"{{value}} ਸਾਲ ਪਹਿਲਾਂ","few":"{{value}} ਸਾਲ ਪਹਿਲਾਂ","many":"{{value}} ਸਾਲ ਪਹਿਲਾਂ","other":"{{value}} ਸਾਲ ਪਹਿਲਾਂ"}},"minutes-until-long":{"_index":["plural","value"],"_":{"zero":"ਹੁਣ","one":"ਮਿੰਟ ਵਿੱਚ","two":"{{value}} ਮਿੰਟਾਂ ਵਿੱਚ","few":"{{value}} ਮਿੰਟਾਂ ਵਿੱਚ","many":"{{value}} ਮਿੰਟਾਂ ਵਿੱਚ","other":"{{value}} ਮਿੰਟਾਂ ਵਿੱਚ"}},"hours-until-long":{"_index":["plural","value"],"_":{"zero":"ਹੁਣ","one":"ਇੱਕ ਘੰਟੇ ਵਿੱਚ","two":"{{value}} ਘੰਟਿਆਂ ਵਿੱਚ","few":"{{value}} ਘੰਟਿਆਂ ਵਿੱਚ","many":"{{value}} ਘੰਟਿਆਂ ਵਿੱਚ","other":"{{value}} ਘੰਟਿਆਂ ਵਿੱਚ"}},"days-until-long":{"_index":["plural","value"],"_":{"zero":"ਅੱਜ","one":"ਭਲਕੇ","two":"{{value}} ਦਿਨਾਂ ਵਿੱਚ","few":"{{value}} ਦਿਨਾਂ ਵਿੱਚ","many":"{{value}} ਦਿਨਾਂ ਵਿੱਚ","other":"{{value}} ਦਿਨਾਂ ਵਿੱਚ"}},"weeks-until-long":{"_index":["plural","value"],"_":{"zero":"ਇਸ ਹਫ਼ਤੇ","one":"ਅਗਲੇ ਹਫ਼ਤੇ","two":"{{value}} ਹਫ਼ਤਿਆਂ ਵਿੱਚ","few":"{{value}} ਹਫ਼ਤਿਆਂ ਵਿੱਚ","many":"{{value}} ਹਫ਼ਤਿਆਂ ਵਿੱਚ","other":"{{value}} ਹਫ਼ਤਿਆਂ ਵਿੱਚ"}},"months-until-long":{"_index":["plural","value"],"_":{"zero":"ਇਸ ਮਹੀਨੇ","one":"ਅਗਲੇ ਮਹੀਨੇ","two":"{{value}} ਮਹੀਨਿਆਂ ਵਿੱਚ","few":"{{value}} ਮਹੀਨਿਆਂ ਵਿੱਚ","many":"{{value}} ਮਹੀਨਿਆਂ ਵਿੱਚ","other":"{{value}} ਮਹੀਨਿਆਂ ਵਿੱਚ"}},"years-until-long":{"_index":["plural","value"],"_":{"zero":"ਇਸ ਸਾਲ","one":"ਅਗਲੇ ਸਾਲ","two":"{{value}} ਸਾਲਾਂ ਵਿੱਚ","few":"{{value}} ਸਾਲਾਂ ਵਿੱਚ","many":"{{value}} ਸਾਲਾਂ ਵਿੱਚ","other":"{{value}} ਸਾਲਾਂ ਵਿੱਚ"}},"minutes-ago-short":{"_index":["plural","value"],"_":{"zero":"ਹੁਣੇ ਹੀ","other":"{{value}}ਮਿੰ ਪਹਿਲਾਂ"}},"hours-ago-short":{"_index":["plural","value"],"_":{"zero":"ਹੁਣੇ ਹੀਂ","other":"{{value}}ਘੰ ਪਹਿਲਾਂ"}},"days-ago-short":{"_index":["plural","value"],"_":{"zero":"ਅੱਜ","other":"{{value}}ਦਿ ਪਹਿਲਾਂ"}},"minutes-until-short":{"_index":["plural","value"],"_":{"zero":"ਹੁਣ","other":"{{value}}ਮਿੰ ਵਿੱਚ"}},"hours-until-short":{"_index":["plural","value"],"_":{"zero":"ਹੁਣ","other":"{{value}}ਘੰ ਵਿੱਚ"}},"days-until-short":{"_index":["plural","value"],"_":{"zero":"ਅੱਜ","other":"{{value}}ਦਿ ਵਿੱਚ"}},"incorrectDate":"(ਗਲਤ ਮਿਤੀ)","dateTimeFormat_%c":"%a %e %b  %Y %I:%M:%S %p","dateTimeFormat_%x":"%d/%m/%Y","dateTimeFormat_%X":"%I:%M:%S %p","shortTimeFormat":"%I:%M %p","shortDateTimeFormat":"%x %I:%M %p","weekStartsOnMonday":"1","time_am":"ਸਵੇਰੇ","time_pm":"ਸ਼ਾਮ","reset":"ਮੁੜ-ਸੈੱਟ","start":"ਸ਼ੁਰੂ","stop":"ਰੋਕੋ","cancel":"ਰੱਦ ਕਰੋ","hour":"ਘੰਟਾ","hours":"ਘੰਟੇ","minute":"ਮਿੰਟ","minutes":"ਮਿੰਟ","alarm":"ਅਲਾਰਮ","timer":"ਟਾਈਮਰ","stopwatch":"ਸਟਾਪ-ਵਾਚ","alarmName":{"placeholder":"ਅਲਾਰਮ ਨਾਂ"},"newAlarm":"ਨਵਾਂ ਅਲਾਰਮ","editAlarm":"ਅਲਾਰਮ ਸੋਧ","pause":"ਵਿਰਾਮ","resume":"ਮੁੜ-ਸ਼ੁਰੂ","lap":"ਚੱਕਰ","lap-number":"{{n}} ਚੱਕਰ","delete":"ਹਟਾਓ","time":"ਸਮਾਂ","snooze-label":"ਟਾਲੋ","snooze-button":"ਟਾਲੋ","repeat":"ਦੁਹਰਾਉਣਾ","vibrate":"ਕੰਪਨ","close":"ਬੰਦ ਕਰੋ","save":"ਸੰਭਾਲੋ","done":"ਮੁਕੰਮਲ","closeButton":{"ariaLabel":"ਬੰਦ ਕਰੋ"},"newAlarmButton":{"ariaLabel":"ਨਵਾਂ ਅਲਾਰਮ"},"alarm-volume-label":"ਸਿਸਟਮ ਅਲਾਰਮ ਆਵਾਜ਼","sound":"ਆਵਾਜ਼","noSound":"ਆਵਾਜ਼ ਨਹੀਂ","everyday":"ਹਰ ਦਿਨ","weekdays":"ਹਫ਼ਤੇ ਕੰਮ-ਕਾਜੀ ਦਿਨ","weekends":"ਹਫ਼ਤੇ ਦੇ ਅੰਤਲੇ ਦਿਨ","never":"ਕਦੇ ਨਹੀਂ","vibrateOn":"ਚਾਲੂ","vibrateOff":"ਬੰਦ","plusMinute":"+1 ਮਿੰਟ","dateFormat":"%A %e %B","countdown-lessThanAnHour":"ਅਲਾਰਮ ਹੁਣ ਤੋਂ <strong>{{minutes}}</strong> ਲਈ ਸੈੱਟ ਕੀਤਾ।","countdown-moreThanAnHour":"ਅਲਾਰਮ ਹੁਣ ਤੋਂ {{hours}} {{minutes}} ਲਈ ਸੈੱਟ ਕੀਤਾ।","countdown-moreThanADay":"ਅਲਾਰਮ ਹੁਣ ਤੋਂ {{days}} {{hours}} ਲਈ ਸੈੱਟ ਕੀਤਾ।","nMinutes":{"_index":["plural","n"],"_":{"zero":"ਇੱਕ ਮਿੰਟ ਤੋਂ ਘੱਟ","one":"ਇੱਕ ਮਿੰਟ","two":"{{n}} ਮਿੰਟ","few":"{{n}} ਮਿੰਟ","many":"{{n}} ਮਿੰਟ","other":"{{n}} ਮਿੰਟ"}},"nHours":{"_index":["plural","n"],"_":{"one":"<strong>{{n}}ਘੰਟਾ</strong>","two":"<strong>{{n}}ਘੰਟੇ</strong>","few":"<strong>{{n}}ਘੰਟੇ</strong>","many":"<strong>{{n}}ਘੰਟੇ</strong>","other":"<strong>{{n}}ਘੰਟੇ</strong>"}},"nAndRemainHours":{"_index":["plural","n"],"_":{"one":"ਅਤੇ <strong>{{n}}ਘੰਟਾ</strong>","two":"ਅਤੇ <strong>{{n}}ਘੰਟੇ</strong>","few":"ਅਤੇ <strong>{{n}}ਘੰਟੇ</strong>","many":"ਅਤੇ <strong>{{n}}ਘੰਟੇ</strong>","other":"ਅਤੇ <strong>{{n}}ਘੰਟੇ</strong>"}},"nRemainDays":{"_index":["plural","n"],"_":{"one":"<strong>{{n}} ਦਿਨ</strong>","two":"<strong>{{n}} ਦਿਨ</strong>","few":"<strong>{{n}} ਦਿਨ</strong>","many":"<strong>{{n}} ਦਿਨ</strong>","other":"<strong>{{n}} ਦਿਨ</strong>"}},"nRemainMinutes":{"_index":["plural","n"],"_":{"one":"ਅਤੇ <strong>{{n}} ਮਿੰਟ</strong>","two":"ਅਤੇ <strong>{{n}} ਮਿੰਟ</strong>","few":"ਅਤੇ <strong>{{n}} ਮਿੰਟ</strong>","many":"ਅਤੇ <strong>{{n}} ਮਿੰਟ</strong>","other":"ਅਤੇ <strong>{{n}} ਮਿੰਟ</strong>"}},"nSpinnerSeconds":{"_index":["plural","n"],"_":{"zero":"ਸਿਫ਼ਰ ਸਕਿੰਟ","one":"ਇੱਕ ਸਕਿੰਟ","two":"{{n}} ਸਕਿੰਟ","few":"{{n}} ਸਕਿੰਟ","many":"{{n}} ਸਕਿੰਟ","other":"{{n}} ਸਕਿੰਟ"}},"nSpinnerMinutes":{"_index":["plural","n"],"_":{"zero":"ਸਿਫ਼ਰ ਮਿੰਟ","one":"ਇੱਕ ਮਿੰਟ","two":"{{n}} ਮਿੰਟ","few":"{{n}} ਮਿੰਟ","many":"{{n}} ਮਿੰਟ","other":"{{n}} ਮਿੰਟ"}},"nSpinnerHours":{"_index":["plural","n"],"_":{"zero":"ਸਿਫ਼ਰ ਘੰਟੇ","one":"{{n}} ਘੰਟਾ","two":"{{n}} ਘੰਟੇ","few":"{{n}} ਘੰਟੇ","many":"{{n}} ਘੰਟੇ","other":"{{n}} ਘੰਟੇ"}},"ac_classic_clock_alarm_opus":"ਟਕਸਾਲੀ ਬੱਜ਼","ac_classic_clock_alarm_prog_opus2":"ਤਰੰਗ ਸਿਲਸਿਲੇਵਾਰ","ac_classic_clock_radio_opus":"ਟਕਸਾਲੀ ਤਰੰਗ","ac_normal_gem_echoes_opus":"ਕਲੀ ਗੂੰਜ","ac_soft_smooth_strings_opus":"ਰਵਾਂ ਲੜੀਆਂ","ac_soft_humming_waves_opus":"ਝਿਲਮਿਲ ਤਰੰਗਾਂ","ac_normal_ringing_strings_opus":"ਟੁਣਕਾਰ ਲੜੀਆਂ","ac_soft_into_the_void_opus":"ਖ਼ਲਾਅ ਵਿੱਚ"}