{"weekday-0-long":"Domingo","weekday-1-long":"Segunda-feira","weekday-2-long":"Terça-feira","weekday-3-long":"Quarta-feira","weekday-4-long":"Quinta-feira","weekday-5-long":"Sexta-feira","weekday-6-long":"Sábado","weekday-0-short":"Dom","weekday-1-short":"Seg","weekday-2-short":"Ter","weekday-3-short":"Qua","weekday-4-short":"Qui","weekday-5-short":"Sex","weekday-6-short":"Sáb","month-0-long":"Janeiro","month-1-long":"Fevereiro","month-2-long":"Março","month-3-long":"Abril","month-4-long":"Maio","month-5-long":"Junho","month-6-long":"Julho","month-7-long":"Agosto","month-8-long":"Setembro","month-9-long":"Outubro","month-10-long":"Novembro","month-11-long":"Dezembro","month-0-genitive":"Janeiro","month-1-genitive":"Fevereiro","month-2-genitive":"Março","month-3-genitive":"Abril","month-4-genitive":"Maio","month-5-genitive":"Junho","month-6-genitive":"Julho","month-7-genitive":"Agosto","month-8-genitive":"Setembro","month-9-genitive":"Outubro","month-10-genitive":"Novembro","month-11-genitive":"Dezembro","month-0-short":"Jan","month-1-short":"Fev","month-2-short":"Mar","month-3-short":"Abr","month-4-short":"Mai","month-5-short":"Jun","month-6-short":"Jul","month-7-short":"Ago","month-8-short":"Set","month-9-short":"Out","month-10-short":"Nov","month-11-short":"Dez","minutes-ago-long":{"_index":["plural","value"],"_":{"zero":"há pouco","one":"um minuto atrás","two":"{{value}} minutos atrás","few":"{{value}} minutos atrás","many":"{{value}} minutos atrás","other":"{{value}} minutos atrás"}},"hours-ago-long":{"_index":["plural","value"],"_":{"zero":"há pouco","one":"uma hora atrás","two":"{{value}} horas atrás","few":"{{value}} horas atrás","many":"{{value}} horas atrás","other":"{{value}} horas atrás"}},"days-ago-long":{"_index":["plural","value"],"_":{"zero":"hoje","one":"ontem","two":"{{value}} dias atrás","few":"{{value}} dias atrás","many":"{{value}} dias atrás","other":"{{value}} dias atrás"}},"weeks-ago-long":{"_index":["plural","value"],"_":{"zero":"esta semana","one":"semana passada","two":"{{value}} semanas atrás","few":"{{value}} semanas atrás","many":"{{value}} semanas atrás","other":"{{value}} semanas atrás"}},"months-ago-long":{"_index":["plural","value"],"_":{"zero":"este mês","one":"mês passado","two":"{{value}} meses atrás","few":"{{value}} meses atrás","many":"{{value}} meses atrás","other":"{{value}} meses atrás"}},"years-ago-long":{"_index":["plural","value"],"_":{"zero":"este ano","one":"ano passado","two":"{{value}} anos atrás","few":"{{value}} anos atrás","many":"{{value}} anos atrás","other":"{{value}} anos atrás"}},"minutes-until-long":{"_index":["plural","value"],"_":{"zero":"agora","one":"em um minuto","two":"em {{value}} minutos","few":"em {{value}} minutos","many":"em {{value}} minutos","other":"em {{value}} minutos"}},"hours-until-long":{"_index":["plural","value"],"_":{"zero":"agora","one":"em uma hora","two":"em {{value}} horas","few":"em {{value}} horas","many":"em {{value}} horas","other":"em {{value}} horas"}},"days-until-long":{"_index":["plural","value"],"_":{"zero":"hoje","one":"amanhã","two":"em {{value}} dias","few":"em {{value}} dias","many":"em {{value}} dias","other":"em {{value}} dias"}},"weeks-until-long":{"_index":["plural","value"],"_":{"zero":"esta semana","one":"semana que vem","two":"em {{value}} semanas","few":"em {{value}} semanas","many":"em {{value}} semanas","other":"em {{value}} semanas"}},"months-until-long":{"_index":["plural","value"],"_":{"zero":"este mês","one":"mês que vem","two":"em {{value}} meses","few":"em {{value}} meses","many":"em {{value}} meses","other":"em {{value}} meses"}},"years-until-long":{"_index":["plural","value"],"_":{"zero":"este ano","one":"ano que vem","two":"em {{value}} anos","few":"em {{value}} anos","many":"em {{value}} anos","other":"em {{value}} anos"}},"minutes-ago-short":{"_index":["plural","value"],"_":{"zero":"há pouco","other":"{{value}}min atrás"}},"hours-ago-short":{"_index":["plural","value"],"_":{"zero":"há pouco","other":"{{value}}h atrás"}},"days-ago-short":{"_index":["plural","value"],"_":{"zero":"hoje","other":"{{value}}d atrás"}},"minutes-until-short":{"_index":["plural","value"],"_":{"zero":"agora","other":"em {{value}}min"}},"hours-until-short":{"_index":["plural","value"],"_":{"zero":"agora","other":"em {{value}}h"}},"days-until-short":{"_index":["plural","value"],"_":{"zero":"hoje","other":"em {{value}}d"}},"incorrectDate":"(data incorreta)","dateTimeFormat_%c":"%A, %e de %B de %Y %Hh %Mmin %Ss","dateTimeFormat_%x":"%d/%m/%Y","dateTimeFormat_%X":"%Hh %Mmin %Ss","shortTimeFormat":"%Hh%M","shortDateTimeFormat":"%x %Hh%M","weekStartsOnMonday":"0","time_am":"AM","time_pm":"PM","reset":"Redefinir","start":"Iniciar","stop":"Parar","cancel":"Cancelar","hour":"Hora","hours":"Horas","minute":"Minuto","minutes":"Minutos","alarm":"Alarme","timer":"Temporizador","stopwatch":"Cronômetro","alarmName":{"placeholder":"Nome do alarme"},"newAlarm":"Novo alarme","editAlarm":"Editar alarme","pause":"Pausar","resume":"Continuar","lap":"Volta","lap-number":"Volta {{n}}","delete":"Apagar","time":"Horário","snooze-label":"Soneca","snooze-button":"Soneca","repeat":"Repetir","vibrate":"Vibração","close":"Fechar","save":"Salvar","done":"Concluído","closeButton":{"ariaLabel":"Fechar"},"newAlarmButton":{"ariaLabel":"Novo alarme"},"alarm-volume-label":"Volume global do alarme","sound":"Som","noSound":"Sem som","everyday":"Todos os dias","weekdays":"Dias úteis","weekends":"Finais de semana","never":"Nunca","vibrateOn":"Ativada","vibrateOff":"Desativada","plusMinute":"+1 min","dateFormat":"%a, %e de %B","countdown-lessThanAnHour":"Alarme ajustado para daqui a <strong>{{minutes}}</strong>.","countdown-moreThanAnHour":"Alarme ajustado para daqui a {{hours}} {{minutes}}.","countdown-moreThanADay":"Alarme ajustado para daqui a {{days}} {{hours}}.","nMinutes":{"_index":["plural","n"],"_":{"zero":"menos de um minuto","one":"um minuto","two":"{{n}} minutos","few":"{{n}} minutos","many":"{{n}} minutos","other":"{{n}} minutos"}},"nHours":{"_index":["plural","n"],"_":{"one":"<strong>{{n}} hora</strong>","two":"<strong>{{n}} horas</strong>","few":"<strong>{{n}} horas</strong>","many":"<strong>{{n}} horas</strong>","other":"<strong>{{n}} horas</strong>"}},"nAndRemainHours":{"_index":["plural","n"],"_":{"one":"e <strong>{{n}} hora</strong>","two":"e <strong>{{n}} horas</strong>","few":"e <strong>{{n}} horas</strong>","many":"e <strong>{{n}} horas</strong>","other":"e <strong>{{n}} horas</strong>"}},"nRemainDays":{"_index":["plural","n"],"_":{"one":"<strong>{{n}} dia</strong>","two":"<strong>{{n}} dias</strong>","few":"<strong>{{n}} dias</strong>","many":"<strong>{{n}} dias</strong>","other":"<strong>{{n}} dias</strong>"}},"nRemainMinutes":{"_index":["plural","n"],"_":{"one":"e <strong>{{n}} minuto</strong>","two":"e <strong>{{n}} minutos</strong>","few":"e <strong>{{n}} minutos</strong>","many":"e <strong>{{n}} minutos</strong>","other":"e <strong>{{n}} minutos</strong>"}},"nSpinnerSeconds":{"_index":["plural","n"],"_":{"zero":"zero segundos","one":"um segundo","two":"{{n}} segundos","few":"{{n}} segundos","many":"{{n}} segundos","other":"{{n}} segundos"}},"nSpinnerMinutes":{"_index":["plural","n"],"_":{"zero":"zero minutos","one":"um minuto","two":"{{n}} minutos","few":"{{n}} minutos","many":"{{n}} minutos","other":"{{n}} minutos"}},"nSpinnerHours":{"_index":["plural","n"],"_":{"zero":"zero horas","one":"{{n}} hora","two":"{{n}} horas","few":"{{n}} horas","many":"{{n}} horas","other":"{{n}} horas"}},"ac_classic_clock_alarm_opus":"Zunido clássico","ac_classic_clock_alarm_prog_opus2":"Pulso progressivo","ac_classic_clock_radio_opus":"Pulso clássico","ac_normal_gem_echoes_opus":"Ecos de Cristal","ac_soft_smooth_strings_opus":"Acordes suaves","ac_soft_humming_waves_opus":"Ondas Cintilantes","ac_normal_ringing_strings_opus":"Acordes de violão","ac_soft_into_the_void_opus":"No Vazio"}