{"weekday-0-long":"duminică","weekday-1-long":"luni","weekday-2-long":"marți","weekday-3-long":"miercuri","weekday-4-long":"joi","weekday-5-long":"vineri","weekday-6-long":"sâmbătă","weekday-0-short":"dum","weekday-1-short":"lun","weekday-2-short":"mar","weekday-3-short":"mie","weekday-4-short":"joi","weekday-5-short":"vin","weekday-6-short":"sâm","month-0-long":"ianuarie","month-1-long":"februarie","month-2-long":"martie","month-3-long":"aprilie","month-4-long":"mai","month-5-long":"iunie","month-6-long":"iulie","month-7-long":"august","month-8-long":"septembrie","month-9-long":"octombrie","month-10-long":"noiembrie","month-11-long":"decembrie","month-0-genitive":"ianuarie","month-1-genitive":"februarie","month-2-genitive":"martie","month-3-genitive":"aprilie","month-4-genitive":"mai","month-5-genitive":"iunie","month-6-genitive":"iulie","month-7-genitive":"august","month-8-genitive":"septembrie","month-9-genitive":"octombrie","month-10-genitive":"noiembrie","month-11-genitive":"decembrie","month-0-short":"ian","month-1-short":"feb","month-2-short":"mar","month-3-short":"apr","month-4-short":"mai","month-5-short":"iun","month-6-short":"iul","month-7-short":"aug","month-8-short":"sep","month-9-short":"oct","month-10-short":"noi","month-11-short":"dec","minutes-ago-long":{"_index":["plural","value"],"_":{"zero":"chiar acum","one":"acum un minut","two":"acum {{value}} minute","few":"acum {{value}} minute","many":"acum {{value}} minute","other":"acum {{value}} minute"}},"hours-ago-long":{"_index":["plural","value"],"_":{"zero":"chiar acum","one":"acum cu o oră","two":"acum {{value}} ore","few":"acum {{value}} ore","many":"acum {{value}} ore","other":"acum {{value}} ore"}},"days-ago-long":{"_index":["plural","value"],"_":{"zero":"astăzi","one":"ieri","two":"acum {{value}} zile","few":"acum {{value}} zile","many":"acum {{value}} zile","other":"acum {{value}} zile"}},"weeks-ago-long":{"_index":["plural","value"],"_":{"zero":"săptămâna aceasta","one":"săptămâna trecută","two":"acum {{value}} săptămâni","few":"acum {{value}} săptămâni","many":"acum {{value}} săptămâni","other":"acum {{value}} săptămâni"}},"months-ago-long":{"_index":["plural","value"],"_":{"zero":"luna aceasta","one":"luna trecută","two":"acum {{value}} luni","few":"acum {{value}} luni","many":"acum {{value}} luni","other":"acum {{value}} luni"}},"years-ago-long":{"_index":["plural","value"],"_":{"zero":"anul acesta","one":"anul trecut","two":"acum {{value}} ani","few":"acum {{value}} ani","many":"acum {{value}} ani","other":"acum {{value}} ani"}},"minutes-until-long":{"_index":["plural","value"],"_":{"zero":"acum","one":"într-un minut","two":"în {{value}} minute","few":"în {{value}} minute","many":"în {{value}} minute","other":"în {{value}} minute"}},"hours-until-long":{"_index":["plural","value"],"_":{"zero":"acum","one":"într-o oră","two":"în {{value}} ore","few":"în {{value}} ore","many":"în {{value}} ore","other":"în {{value}} ore"}},"days-until-long":{"_index":["plural","value"],"_":{"zero":"astăzi","one":"mâine","two":"în {{value}} zile","few":"în {{value}} zile","many":"în {{value}} zile","other":"în {{value}} zile"}},"weeks-until-long":{"_index":["plural","value"],"_":{"zero":"săptămâna aceasta","one":"săptămâna următoare","two":"în {{value}} săptămâni","few":"în {{value}} săptămâni","many":"în {{value}} săptămâni","other":"în {{value}} săptămâni"}},"months-until-long":{"_index":["plural","value"],"_":{"zero":"luna aceasta","one":"luna următoare","two":"în {{value}} luni","few":"în {{value}} luni","many":"în {{value}} luni","other":"în {{value}} luni"}},"years-until-long":{"_index":["plural","value"],"_":{"zero":"anul acesta","one":"anul următor","two":"în {{value}} ani","few":"în {{value}} ani","many":"în {{value}} ani","other":"în {{value}} ani"}},"minutes-ago-short":{"_index":["plural","value"],"_":{"zero":"chiar acum","other":"acum {{value}} min."}},"hours-ago-short":{"_index":["plural","value"],"_":{"zero":"chiar acum","other":"acum {{value}}h"}},"days-ago-short":{"_index":["plural","value"],"_":{"zero":"astăzi","other":"acum {{value}}z"}},"minutes-until-short":{"_index":["plural","value"],"_":{"zero":"acum","other":"în {{value}}m"}},"hours-until-short":{"_index":["plural","value"],"_":{"zero":"acum","other":"în {{value}}h"}},"days-until-short":{"_index":["plural","value"],"_":{"zero":"astăzi","other":"în {{value}}z"}},"incorrectDate":"(dată incorectă)","dateTimeFormat_%c":"%a, %e %b %Y %H:%M:%S","dateTimeFormat_%x":"%d/%m/%Y","dateTimeFormat_%X":"%H:%M:%S","shortTimeFormat":"%H:%M","shortDateTimeFormat":"%x %H:%M","weekStartsOnMonday":"0","time_am":"AM","time_pm":"PM","reset":"Resetează","start":"Start","stop":"Stop","cancel":"Renunță","hour":"Oră","hours":"Ore","minute":"Minut","minutes":"Minute","alarm":"Alarmă","timer":"Temporizator","stopwatch":"Cronometru","alarmName":{"placeholder":"Numele alarmei"},"newAlarm":"Alarmă nouă","editAlarm":"Editează alarma","pause":"Pauză","resume":"Reia","lap":"Tur","lap-number":"Tur {{n}}","delete":"Șterge","time":"Oră","snooze-label":"Amână","snooze-button":"Amână","repeat":"Repetă","vibrate":"Vibrații","close":"Închide","save":"Salvează","done":"Gata","closeButton":{"ariaLabel":"Close"},"newAlarmButton":{"ariaLabel":"New alarm"},"alarm-volume-label":"System Alarm Volume","sound":"Sunet","noSound":"Fără sunet","everyday":"În fiecare zi","weekdays":"Zilele săptămânii","weekends":"Weekenduri","never":"Niciodată","vibrateOn":"Activat","vibrateOff":"Dezactivat","plusMinute":"+1 min","dateFormat":"%A, %e %B","countdown-lessThanAnHour":"Alarma e setată peste <strong>{{minutes}}</strong> din acest moment.","countdown-moreThanAnHour":"Alarma e setată peste {{hours}} {{minutes}} din acest moment.","countdown-moreThanADay":"Alarma e setată peste {{days}} {{hours}} din acest moment.","nMinutes":{"_index":["plural","n"],"_":{"zero":"mai puțin de un minut","one":"un minut","two":"{{n}} minute","few":"{{n}} minute","many":"{{n}} minute","other":"{{n}} minute"}},"nHours":{"_index":["plural","n"],"_":{"one":"<strong>{{n}} oră</strong>","two":"<strong>{{n}} ore</strong>","few":"<strong>{{n}} ore</strong>","many":"<strong>{{n}} ore</strong>","other":"<strong>{{n}} ore</strong>"}},"nAndRemainHours":{"_index":["plural","n"],"_":{"one":"și <strong>{{n}} oră</strong>","two":"și <strong>{{n}} ore</strong>","few":"și <strong>{{n}} ore</strong>","many":"și <strong>{{n}} ore</strong>","other":"și <strong>{{n}} ore</strong>"}},"nRemainDays":{"_index":["plural","n"],"_":{"one":"<strong>{{n}} zi</strong>","two":"<strong>{{n}} zile</strong>","few":"<strong>{{n}} zile</strong>","many":"<strong>{{n}} zile</strong>","other":"<strong>{{n}} zile</strong>"}},"nRemainMinutes":{"_index":["plural","n"],"_":{"one":"și <strong>{{n}} minut</strong>","two":"și <strong>{{n}} minute</strong>","few":"și <strong>{{n}} minute</strong>","many":"și <strong>{{n}} minute</strong>","other":"și <strong>{{n}} minute</strong>"}},"nSpinnerSeconds":{"_index":["plural","n"],"_":{"zero":"zero seconds","one":"one second","two":"{{n}} seconds","few":"{{n}} seconds","many":"{{n}} seconds","other":"{{n}} seconds"}},"nSpinnerMinutes":{"_index":["plural","n"],"_":{"zero":"zero minutes","one":"one minute","two":"{{n}} minutes","few":"{{n}} minutes","many":"{{n}} minutes","other":"{{n}} minutes"}},"nSpinnerHours":{"_index":["plural","n"],"_":{"zero":"zero hours","one":"{{n}} hour","two":"{{n}} hours","few":"{{n}} hours","many":"{{n}} hours","other":"{{n}} hours"}},"ac_classic_clock_alarm_opus":"Classic Buzz","ac_classic_clock_alarm_prog_opus2":"Pulse Progressive","ac_classic_clock_radio_opus":"Classic Pulse","ac_normal_gem_echoes_opus":"Gem Echoes","ac_soft_smooth_strings_opus":"Smooth Strings","ac_soft_humming_waves_opus":"Shimmering Waves","ac_normal_ringing_strings_opus":"Ringing Strings","ac_soft_into_the_void_opus":"Into the Void"}