{"weekday-0-long":"Nedelja","weekday-1-long":"Ponedeljak","weekday-2-long":"Utorak","weekday-3-long":"Sreda","weekday-4-long":"Četvrtak","weekday-5-long":"Petak","weekday-6-long":"Subota","weekday-0-short":"Ned","weekday-1-short":"Pon","weekday-2-short":"Uto","weekday-3-short":"Sre","weekday-4-short":"Čet","weekday-5-short":"Pet","weekday-6-short":"Sub","month-0-long":"januar","month-1-long":"februar","month-2-long":"mart","month-3-long":"april","month-4-long":"maj","month-5-long":"jun","month-6-long":"jul","month-7-long":"avgust","month-8-long":"septembar","month-9-long":"oktobar","month-10-long":"novembar","month-11-long":"decembar","month-0-genitive":"januara","month-1-genitive":"februara","month-2-genitive":"marta","month-3-genitive":"aprila","month-4-genitive":"maja","month-5-genitive":"juna","month-6-genitive":"jula","month-7-genitive":"avgusta","month-8-genitive":"septembra","month-9-genitive":"oktobra","month-10-genitive":"novembra","month-11-genitive":"decembra","month-0-short":"jan","month-1-short":"feb","month-2-short":"mar","month-3-short":"apr","month-4-short":"maj","month-5-short":"jun","month-6-short":"jul","month-7-short":"avg","month-8-short":"sep","month-9-short":"okt","month-10-short":"nov","month-11-short":"dec","minutes-ago-long":{"_index":["plural","value"],"_":{"zero":"upravo","one":"pre minut","two":"pre {{value}} minuta","few":"pre {{value}} minuta","many":"pre {{value}} minuta","other":"pre {{value}} minuta"}},"hours-ago-long":{"_index":["plural","value"],"_":{"zero":"upravo","one":"pre sat vremena","two":"pre {{value}} sata","few":"pre {{value}} sati","many":"pre {{value}} sati","other":"pre {{value}} sati"}},"days-ago-long":{"_index":["plural","value"],"_":{"zero":"danas","one":"juče","two":"pre {{value}} dana","few":"pre {{value}} dana","many":"pre {{value}} dana","other":"pre {{value}} dana"}},"weeks-ago-long":{"_index":["plural","value"],"_":{"zero":"ove nedelje","one":"prošle nedelje","two":"pre {{value}} nedelje","few":"pre {{value}} nedelja","many":"pre {{value}} nedelja","other":"pre {{value}} nedelja"}},"months-ago-long":{"_index":["plural","value"],"_":{"zero":"ovog meseca","one":"prošlog meseca","two":"pre {{value}} meseca","few":"pre {{value}} meseci","many":"pre {{value}} meseci","other":"pre {{value}} meseci"}},"years-ago-long":{"_index":["plural","value"],"_":{"zero":"ove godine","one":"prošle godine","two":"pre {{value}} godine","few":"pre {{value}} godina","many":"pre {{value}} godina","other":"pre {{value}} godina"}},"minutes-until-long":{"_index":["plural","value"],"_":{"zero":"upravo","one":"za jedan minut","two":"za {{value}} minuta","few":"za {{value}} minuta","many":"za {{value}} minuta","other":"za {{value}} minuta"}},"hours-until-long":{"_index":["plural","value"],"_":{"zero":"upravo","one":"za sat vremena","two":"za {{value}} sata","few":"za {{value}} sati","many":"za {{value}} sati","other":"za {{value}} sati"}},"days-until-long":{"_index":["plural","value"],"_":{"zero":"danas","one":"sutra","two":"za {{value}} dana","few":"za {{value}} dana","many":"za {{value}} dana","other":"za {{value}} dana"}},"weeks-until-long":{"_index":["plural","value"],"_":{"zero":"ove nedelje","one":"sledeće nedelje","two":"za {{value}} nedelje","few":"za {{value}} nedelja","many":"za {{value}} nedelja","other":"za {{value}} nedelja"}},"months-until-long":{"_index":["plural","value"],"_":{"zero":"ovog meseca","one":"sledećeg meseca","two":"za {{value}} meseca","few":"za {{value}} meseci","many":"za {{value}} meseci","other":"za {{value}} meseci"}},"years-until-long":{"_index":["plural","value"],"_":{"zero":"ove godine","one":"sledeće godine","two":"za {{value}} godine","few":"za {{value}} godina","many":"za {{value}} godina","other":"za {{value}} godina"}},"minutes-ago-short":{"_index":["plural","value"],"_":{"zero":"upravo","other":"pre {{value}}m"}},"hours-ago-short":{"_index":["plural","value"],"_":{"zero":"upravo","other":"pre {{value}}s"}},"days-ago-short":{"_index":["plural","value"],"_":{"zero":"danas","other":"pre {{value}}d"}},"minutes-until-short":{"_index":["plural","value"],"_":{"zero":"upravo","other":"za {{value}}m"}},"hours-until-short":{"_index":["plural","value"],"_":{"zero":"upravo","other":"za {{value}}s"}},"days-until-short":{"_index":["plural","value"],"_":{"zero":"danas","other":"za {{value}}d"}},"incorrectDate":"(netačan datum)","dateTimeFormat_%c":"%a %e %b %Y %H:%M:%S","dateTimeFormat_%x":"%d.%m.%Y","dateTimeFormat_%X":"%H:%M:%S","shortTimeFormat":"%H:%M","shortDateTimeFormat":"%x %H:%M","weekStartsOnMonday":"1","time_am":"AM","time_pm":"PM","reset":"Poništi","start":"Počni","stop":"Zaustavi","cancel":"Otkaži","hour":"Sat","hours":"Sata","minute":"Minut","minutes":"Minuta","alarm":"Budilnik","timer":"Tajmer","stopwatch":"Štoperica","alarmName":{"placeholder":"Budilnik"},"newAlarm":"Novi budilnik","editAlarm":"Izmena","pause":"Pauziraj","resume":"Nastavi","lap":"Krug","lap-number":"Krug {{n}}","delete":"Obriši","time":"Vreme","snooze-label":"Odloži","snooze-button":"Odloži","repeat":"Ponovi","vibrate":"Vibracija","close":"Zatvori","save":"Snimi","done":"Završeno","closeButton":{"ariaLabel":"Zatvori"},"newAlarmButton":{"ariaLabel":"Novi budilnik"},"alarm-volume-label":"Sistemski alarmi","sound":"Zvuk","noSound":"Bez zvuka","everyday":"Svaki dan","weekdays":"Radnim danima","weekends":"Vikendom","never":"Nikada","vibrateOn":"Uključena","vibrateOff":"Isključena","plusMinute":"+1 min","dateFormat":"%A, %e %B ","countdown-lessThanAnHour":"Budilnik će se aktivirati za <strong>{{minutes}}</strong> od ovog trenutka.","countdown-moreThanAnHour":"Budilnik će se aktivirati za {{hours}} {{minutes}} od ovog trenutka.","countdown-moreThanADay":"Budilnik će se aktivirati za {{days}} {{hours}} od ovog trenutka.","nMinutes":{"_index":["plural","n"],"_":{"zero":"manje od minuta","one":"jedan minut","two":"{{n}} minuta","few":"{{n}} minuta","many":"{{n}} minuta","other":"{{n}} minuta"}},"nHours":{"_index":["plural","n"],"_":{"one":"<strong>{{n}} sat</strong>","two":"<strong>{{n}} sata</strong>","few":"<strong>{{n}} sati</strong>","many":"<strong>{{n}} sati</strong>","other":"<strong>{{n}} sati</strong>"}},"nAndRemainHours":{"_index":["plural","n"],"_":{"one":"i <strong>{{n}} sat</strong>","two":"i <strong>{{n}} sata</strong>","few":"i <strong>{{n}} sati</strong>","many":"i <strong>{{n}} sati</strong>","other":"i <strong>{{n}} sati</strong>"}},"nRemainDays":{"_index":["plural","n"],"_":{"one":"<strong>{{n}} dan</strong>","two":"<strong>{{n}} dana</strong>","few":"<strong>{{n}} dana</strong>","many":"<strong>{{n}} dana</strong>","other":"<strong>{{n}} dana</strong>"}},"nRemainMinutes":{"_index":["plural","n"],"_":{"one":"i <strong>{{n}} minut</strong>","two":"i <strong>{{n}} minuta</strong>","few":"i <strong>{{n}} minuta</strong>","many":"i <strong>{{n}} minuta</strong>","other":"i <strong>{{n}} minuta</strong>"}},"nSpinnerSeconds":{"_index":["plural","n"],"_":{"zero":"nula sekundi","one":"1 sekund","two":"{{n}} sekunde","few":"{{n}} sekundi","many":"{{n}} sekundi","other":"{{n}} sekundi"}},"nSpinnerMinutes":{"_index":["plural","n"],"_":{"zero":"nula minuta","one":"1 minut","two":"{{n}} minuta","few":"{{n}} minuta","many":"{{n}} minuta","other":"{{n}} minuta"}},"nSpinnerHours":{"_index":["plural","n"],"_":{"zero":"nula sata","one":"{{n}} sat","two":"{{n}} sata","few":"{{n}} sati","many":"{{n}} sati","other":"{{n}} sati"}},"ac_classic_clock_alarm_opus":"Classic Buzz","ac_classic_clock_alarm_prog_opus2":"Pulse Progressive","ac_classic_clock_radio_opus":"Classic Pulse","ac_normal_gem_echoes_opus":"Gem Echoes","ac_soft_smooth_strings_opus":"Smooth Strings","ac_soft_humming_waves_opus":"Shimmering Waves","ac_normal_ringing_strings_opus":"Ringing Strings","ac_soft_into_the_void_opus":"Into the Void"}